fam,Instance,Plan,N,fb_tau_saving,v2_lsm_saving,v2_act_saving,dp_n_saving,dp_xl_saving,dp_xl3_saving,oracle_saving
Dethloff,CON3-0,Det,100,13.07123572588072,17.122316240390283,21.507630984456817,15.175053400611521,18.783366233832698,24.702755546145404,25.852286786421864
Dethloff,CON3-0,Det,250,13.88791737218716,18.036933859366062,21.497332454673657,14.647391783830383,18.783366233832698,24.702755546145404,25.852286786421864
Dethloff,CON3-0,Det,500,16.46434841681759,18.3889320952714,22.340572689401885,16.786703721133556,18.783366233832698,24.702755546145404,25.852286786421864
Dethloff,CON3-0,Det,1000,15.874648325543662,18.614620505970755,22.328833908855827,17.546287690207077,18.783366233832698,24.702755546145404,25.852286786421864
Dethloff,CON3-0,Det,2000,15.88759161558078,18.782193175367077,22.027012899292956,18.025818737223215,18.783366233832698,24.702755546145404,25.852286786421864
Dethloff,CON3-0,Det,5000,15.93979927937533,18.621150769160483,22.155530291446293,18.405804071856345,18.783366233832698,24.702755546145404,25.852286786421864
Dethloff,CON3-0,Det,20000,16.216763399764158,18.773325440724115,22.39554273297592,18.85040289698018,18.783366233832698,24.702755546145404,25.852286786421864
Dethloff,CON3-0,SAA,100,-4.26007405629899,25.617983691360564,62.07610242789174,0.0,33.41324012283706,69.3577092095534,44.94421214215102
Dethloff,CON3-0,SAA,250,18.40053092389049,28.267790107118817,65.42295861184596,-6.974665269432346,33.41324012283706,69.3577092095534,44.94421214215102
Dethloff,CON3-0,SAA,500,20.585684663317675,29.643049879794027,68.05739490264274,9.65545382386439,33.41324012283706,69.3577092095534,44.94421214215102
Dethloff,CON3-0,SAA,1000,26.599440544344542,31.324055423014432,67.99682060394377,21.53485480484913,33.41324012283706,69.3577092095534,44.94421214215102
Dethloff,CON3-0,SAA,2000,27.34556578135372,31.648370553620236,68.71162193598694,28.52419255995247,33.41324012283706,69.3577092095534,44.94421214215102
Dethloff,CON3-0,SAA,5000,27.642157870644063,32.61767277753719,69.50546019424615,30.754093532473092,33.41324012283706,69.3577092095534,44.94421214215102
Dethloff,CON3-0,SAA,20000,29.50576917712489,33.16586996852766,69.2850630456252,33.27503912421618,33.41324012283706,69.3577092095534,44.94421214215102
Dethloff,CON3-1,Det,100,30.39351134050557,30.503347412870564,31.280934388329733,29.197167365987646,32.444972119453304,34.42844947218706,43.32922346829582
Dethloff,CON3-1,Det,250,30.606602058144063,31.558299615608224,32.226379289388504,30.371492450714594,32.444972119453304,34.42844947218706,43.32922346829582
Dethloff,CON3-1,Det,500,30.121544629400912,31.65468053671678,32.68406541888497,31.80888613318529,32.444972119453304,34.42844947218706,43.32922346829582
Dethloff,CON3-1,Det,1000,30.407959169822902,32.00339496717651,32.94443761977995,31.76806696925176,32.444972119453304,34.42844947218706,43.32922346829582
Dethloff,CON3-1,Det,2000,30.78503257660743,32.14679643905208,32.98585400617298,31.721349488884538,32.444972119453304,34.42844947218706,43.32922346829582
Dethloff,CON3-1,Det,5000,30.712160727337874,32.34626090857904,33.19840960282457,32.10746341395351,32.444972119453304,34.42844947218706,43.32922346829582
Dethloff,CON3-1,Det,20000,30.629194004518656,32.760539822421244,34.137499938008396,32.16085077342556,32.444972119453304,34.42844947218706,43.32922346829582
Dethloff,CON3-1,SAA,100,23.710028754075825,13.334235388973793,39.9318832865738,0.0,34.46197334344681,69.81784881828924,45.52111965342365
Dethloff,CON3-1,SAA,250,11.600385028166828,27.530943778133878,65.40087988264808,0.0,34.46197334344681,69.81784881828924,45.52111965342365
Dethloff,CON3-1,SAA,500,26.816288658651857,28.93587843651054,66.30975980847212,0.0,34.46197334344681,69.81784881828924,45.52111965342365
Dethloff,CON3-1,SAA,1000,28.798084549825273,33.481233509667156,68.7185144548734,14.036924906355402,34.46197334344681,69.81784881828924,45.52111965342365
Dethloff,CON3-1,SAA,2000,28.57161480701275,33.80213031533751,69.52150795850743,26.26440420235966,34.46197334344681,69.81784881828924,45.52111965342365
Dethloff,CON3-1,SAA,5000,28.050574875078286,33.86238633939476,69.09798534999732,34.935232433148606,34.46197334344681,69.81784881828924,45.52111965342365
Dethloff,CON3-1,SAA,20000,30.43368887780417,34.036512220174416,71.50803433942671,34.16550552271225,34.46197334344681,69.81784881828924,45.52111965342365
Dethloff,CON3-2,Det,100,26.41492706593064,28.454523791305416,28.698060303520858,26.485334025545352,31.326388592771394,31.897505114353798,43.37156448506258
Dethloff,CON3-2,Det,250,28.86963496438012,30.446906957957985,30.67882243631933,29.472230064434907,31.326388592771394,31.897505114353798,43.37156448506258
Dethloff,CON3-2,Det,500,30.22383505671753,30.855499713448356,31.070613200451376,30.534397448452278,31.326388592771394,31.897505114353798,43.37156448506258
Dethloff,CON3-2,Det,1000,30.181894327527907,31.110880542085436,31.281973727242868,30.62608550729154,31.326388592771394,31.897505114353798,43.37156448506258
Dethloff,CON3-2,Det,2000,30.82719734160166,31.66148613087103,31.80936512914851,30.49126095413875,31.326388592771394,31.897505114353798,43.37156448506258
Dethloff,CON3-2,Det,5000,30.19170482205015,31.572863176980093,31.668243341538677,30.273532263269583,31.326388592771394,31.897505114353798,43.37156448506258
Dethloff,CON3-2,Det,20000,30.132838178602388,31.555339987927184,31.699541311788344,31.83524371189806,31.326388592771394,31.897505114353798,43.37156448506258
Dethloff,CON3-2,SAA,100,-18.503187553873765,3.5105618627529074,22.449564403671676,0.0,31.88265006088699,70.7046515659355,44.51015289908215
Dethloff,CON3-2,SAA,250,5.52976236341788,18.866068317491994,52.38911629013644,0.0,31.88265006088699,70.7046515659355,44.51015289908215
Dethloff,CON3-2,SAA,500,14.748271677018977,26.689817979298898,59.824544677346886,0.0,31.88265006088699,70.7046515659355,44.51015289908215
Dethloff,CON3-2,SAA,1000,23.25687473828019,27.684037071486685,63.520785033255045,8.809403438984695,31.88265006088699,70.7046515659355,44.51015289908215
Dethloff,CON3-2,SAA,2000,22.728720642914336,31.00779474899936,66.2247972880071,24.028207557948527,31.88265006088699,70.7046515659355,44.51015289908215
Dethloff,CON3-2,SAA,5000,25.327609387661695,32.40568552964692,68.87469638823464,28.98727753552554,31.88265006088699,70.7046515659355,44.51015289908215
Dethloff,CON3-2,SAA,20000,26.21526324558901,32.70023243080848,70.36275440280662,32.206378679111765,31.88265006088699,70.7046515659355,44.51015289908215
Dethloff,CON3-3,Det,100,38.373880503584175,40.261426748275085,40.72853069660003,38.80284519963277,42.52305930024494,45.06242173844179,52.31923348624581
Dethloff,CON3-3,Det,250,38.063017031974795,42.040278535421606,42.550737034916395,40.873104387954946,42.52305930024494,45.06242173844179,52.31923348624581
Dethloff,CON3-3,Det,500,38.438202024217745,42.040115452819286,42.58543243802217,41.51879948357045,42.52305930024494,45.06242173844179,52.31923348624581
Dethloff,CON3-3,Det,1000,39.43310192290281,42.34776786054429,42.82552719292842,42.06380624184821,42.52305930024494,45.06242173844179,52.31923348624581
Dethloff,CON3-3,Det,2000,38.85728938729329,42.60359818534806,42.989736012750136,41.87848100792499,42.52305930024494,45.06242173844179,52.31923348624581
Dethloff,CON3-3,Det,5000,39.17686855465261,42.75896708475199,43.162584181304915,42.180357445817,42.52305930024494,45.06242173844179,52.31923348624581
Dethloff,CON3-3,Det,20000,39.703647696860344,42.512203416888596,43.02088436274447,42.45043684451323,42.52305930024494,45.06242173844179,52.31923348624581
Dethloff,CON3-3,SAA,100,-9.701798116021944,19.416812149213953,49.213689905720756,0.0,30.203999514649393,70.4267753963273,44.416028871069855
Dethloff,CON3-3,SAA,250,7.641706914804307,24.45968241134216,63.097839635371855,0.0,30.203999514649393,70.4267753963273,44.416028871069855
Dethloff,CON3-3,SAA,500,16.995766903221227,26.688332688911544,66.0864020022094,8.949383847018467,30.203999514649393,70.4267753963273,44.416028871069855
Dethloff,CON3-3,SAA,1000,20.94795334750204,28.32495275837813,70.18058072721973,23.835614179304777,30.203999514649393,70.4267753963273,44.416028871069855
Dethloff,CON3-3,SAA,2000,22.47276449315008,30.901215784761902,69.93466829884888,28.871992624530716,30.203999514649393,70.4267753963273,44.416028871069855
Dethloff,CON3-3,SAA,5000,24.39686994688281,30.397003054961562,69.02539680963105,30.583818901513947,30.203999514649393,70.4267753963273,44.416028871069855
Dethloff,CON3-3,SAA,20000,23.407227622002296,30.980564023436983,70.14861843205037,30.868712594619957,30.203999514649393,70.4267753963273,44.416028871069855
Dethloff,CON3-4,Det,100,37.686549532370044,38.085021525027244,38.061951319886894,37.32812732492421,40.06137531372017,40.52374010920003,54.44417794385066
Dethloff,CON3-4,Det,250,38.365390436815126,38.74361831926872,38.74361831926872,37.987387094168604,40.06137531372017,40.52374010920003,54.44417794385066
Dethloff,CON3-4,Det,500,38.48592081443968,39.95538405586439,39.95538405586439,38.75334089379411,40.06137531372017,40.52374010920003,54.44417794385066
Dethloff,CON3-4,Det,1000,38.92484148566384,39.551733274790266,39.531691971725635,39.42253203658563,40.06137531372017,40.52374010920003,54.44417794385066
Dethloff,CON3-4,Det,2000,38.92502887366185,39.72039408927342,39.860790807677,39.50254502530761,40.06137531372017,40.52374010920003,54.44417794385066
Dethloff,CON3-4,Det,5000,38.63558744631989,40.05018459379503,40.04780044575731,39.26176117256341,40.06137531372017,40.52374010920003,54.44417794385066
Dethloff,CON3-4,Det,20000,39.04484553971153,40.17417777331712,40.14376406196967,39.469377722501015,40.06137531372017,40.52374010920003,54.44417794385066
Dethloff,CON3-4,SAA,100,-36.74081548463057,11.976145039058927,51.93409533936985,0.0,25.941411025749716,72.40504650639566,43.6665963053955
Dethloff,CON3-4,SAA,250,3.901390451379239,20.910689899617864,64.20095670944825,0.0,25.941411025749716,72.40504650639566,43.6665963053955
Dethloff,CON3-4,SAA,500,17.020228093432596,24.49270916801137,67.48526134598384,2.9281136182259893,25.941411025749716,72.40504650639566,43.6665963053955
Dethloff,CON3-4,SAA,1000,19.57238321632545,24.775937891668352,68.8886629768652,13.41258535438898,25.941411025749716,72.40504650639566,43.6665963053955
Dethloff,CON3-4,SAA,2000,17.719067028707705,24.789610815630173,71.46629587393609,22.235109126950505,25.941411025749716,72.40504650639566,43.6665963053955
Dethloff,CON3-4,SAA,5000,18.275607705123704,26.189139811946994,71.84368586624907,24.788283252421532,25.941411025749716,72.40504650639566,43.6665963053955
Dethloff,CON3-4,SAA,20000,19.815962860185376,25.42754390797509,72.79598905357071,25.379828499512776,25.941411025749716,72.40504650639566,43.6665963053955
Dethloff,CON3-5,Det,100,24.879840366599876,25.110220924290292,25.32280059226774,24.874948103350793,27.058841730879777,27.412195269195706,43.37855378306425
Dethloff,CON3-5,Det,250,26.926164256731603,27.091534224018567,27.321614694151975,26.02147650782197,27.058841730879777,27.412195269195706,43.37855378306425
Dethloff,CON3-5,Det,500,25.973898985277405,26.73875768092237,27.23625278207601,26.51549346466885,27.058841730879777,27.412195269195706,43.37855378306425
Dethloff,CON3-5,Det,1000,26.905213239434048,27.408019647648498,27.757094513017996,26.66363469039042,27.058841730879777,27.412195269195706,43.37855378306425
Dethloff,CON3-5,Det,2000,27.091085815856765,27.471323652177954,27.89588899845925,26.71917317531952,27.058841730879777,27.412195269195706,43.37855378306425
Dethloff,CON3-5,Det,5000,26.787735293172773,27.576361829471523,27.98202632425867,26.405506362709307,27.058841730879777,27.412195269195706,43.37855378306425
Dethloff,CON3-5,Det,20000,26.77453293787781,27.485797633192963,27.889167016178007,27.054135907115356,27.058841730879777,27.412195269195706,43.37855378306425
Dethloff,CON3-5,SAA,100,6.4118124252088915,20.501500479666245,50.14463248927327,0.0,30.614815607870245,67.84667741517718,45.724649574928044
Dethloff,CON3-5,SAA,250,5.532284400559747,24.77540654752074,57.81643107309197,0.0,30.614815607870245,67.84667741517718,45.724649574928044
Dethloff,CON3-5,SAA,500,12.773122963939464,28.028202481678463,59.59505323410112,0.0,30.614815607870245,67.84667741517718,45.724649574928044
Dethloff,CON3-5,SAA,1000,15.986946876981388,27.15467287573958,63.48298572113554,12.043038698406054,30.614815607870245,67.84667741517718,45.724649574928044
Dethloff,CON3-5,SAA,2000,23.434363007414586,28.870249356425752,67.92159031416041,24.495564483505696,30.614815607870245,67.84667741517718,45.724649574928044
Dethloff,CON3-5,SAA,5000,28.017972161539152,32.473657380197444,68.30106098644968,30.44876920963504,30.614815607870245,67.84667741517718,45.724649574928044
Dethloff,CON3-5,SAA,20000,27.56266883574808,31.0610552480568,68.15937654296019,28.97461834859864,30.614815607870245,67.84667741517718,45.724649574928044
Dethloff,CON3-6,Det,100,31.905168368692205,32.70041141418416,33.97347766242727,30.492627280629993,34.519347943731276,36.28033988739471,45.92983914641643
Dethloff,CON3-6,Det,250,32.73100924933135,33.73715271729479,35.084881364322634,32.21932544774087,34.519347943731276,36.28033988739471,45.92983914641643
Dethloff,CON3-6,Det,500,32.67009240577655,34.14649665902291,35.05680615541557,33.188672688232494,34.519347943731276,36.28033988739471,45.92983914641643
Dethloff,CON3-6,Det,1000,32.89329937639214,34.035175201826895,35.295589617012176,34.18430951209982,34.519347943731276,36.28033988739471,45.92983914641643
Dethloff,CON3-6,Det,2000,32.86196200614322,34.305657441693796,35.518749986109036,33.920188986369375,34.519347943731276,36.28033988739471,45.92983914641643
Dethloff,CON3-6,Det,5000,32.446792664689475,34.6197151205788,35.945547439483065,33.692343704623106,34.519347943731276,36.28033988739471,45.92983914641643
Dethloff,CON3-6,Det,20000,32.49049805139052,34.657930015150434,35.72649700729399,34.168410805963966,34.519347943731276,36.28033988739471,45.92983914641643
Dethloff,CON3-6,SAA,100,10.202905400016972,12.911134890691867,33.99667690384156,0.0,32.17295623164272,70.72422011648531,45.086794466067865
Dethloff,CON3-6,SAA,250,5.78213905289255,21.429913682803086,58.42309579970181,0.0,32.17295623164272,70.72422011648531,45.086794466067865
Dethloff,CON3-6,SAA,500,11.58816052274872,27.90361113960874,60.0185253868904,2.842897135725955,32.17295623164272,70.72422011648531,45.086794466067865
Dethloff,CON3-6,SAA,1000,22.094268493662387,29.46295158664733,64.4790833606074,15.093844418003279,32.17295623164272,70.72422011648531,45.086794466067865
Dethloff,CON3-6,SAA,2000,25.071319006796404,31.376290747084845,66.81941786699944,24.30464373248471,32.17295623164272,70.72422011648531,45.086794466067865
Dethloff,CON3-6,SAA,5000,22.75012354242922,31.075634993049526,68.00733243330161,29.592137268303134,32.17295623164272,70.72422011648531,45.086794466067865
Dethloff,CON3-6,SAA,20000,26.668377796680396,33.0197765955647,70.65239337060845,31.645913260890392,32.17295623164272,70.72422011648531,45.086794466067865
Dethloff,CON3-7,Det,100,34.994171146033196,37.74947079322307,38.399318596780326,36.969551691042255,39.84907567405933,40.25038894435922,52.965720243816534
Dethloff,CON3-7,Det,250,35.90126231280523,38.78693313098187,38.96754457705896,37.783744048083,39.84907567405933,40.25038894435922,52.965720243816534
Dethloff,CON3-7,Det,500,36.7505951671963,39.05463334280295,39.26421332926776,38.8543758382157,39.84907567405933,40.25038894435922,52.965720243816534
Dethloff,CON3-7,Det,1000,36.545277978360886,39.528838357579716,39.528838357579716,38.971924122684044,39.84907567405933,40.25038894435922,52.965720243816534
Dethloff,CON3-7,Det,2000,36.69550219743293,39.410917352320006,39.410917352320006,38.95877873034475,39.84907567405933,40.25038894435922,52.965720243816534
Dethloff,CON3-7,Det,5000,37.14975858833087,39.59773132718243,39.85303970684763,38.99166534598333,39.84907567405933,40.25038894435922,52.965720243816534
Dethloff,CON3-7,Det,20000,36.528571706459616,39.97774912179994,40.228371822818296,39.319365289535604,39.84907567405933,40.25038894435922,52.965720243816534
Dethloff,CON3-7,SAA,100,-63.71656378486295,3.7654496213095623,33.22100234667398,0.0,29.4468049047976,69.49151129724198,45.072711846890456
Dethloff,CON3-7,SAA,250,-10.658365108377355,21.87711445322065,67.43872222532885,0.0,29.4468049047976,69.49151129724198,45.072711846890456
Dethloff,CON3-7,SAA,500,11.096035745438005,26.34996980707871,65.87873263991612,3.7399871826440783,29.4468049047976,69.49151129724198,45.072711846890456
Dethloff,CON3-7,SAA,1000,20.85844827586855,25.28389078294114,68.66524827487774,3.425390547754103,29.4468049047976,69.49151129724198,45.072711846890456
Dethloff,CON3-7,SAA,2000,26.75865037752546,27.849722589912922,66.58265709394928,23.881694910044878,29.4468049047976,69.49151129724198,45.072711846890456
Dethloff,CON3-7,SAA,5000,24.93743969816996,27.84801171270558,67.50022419700305,28.443296604429108,29.4468049047976,69.49151129724198,45.072711846890456
Dethloff,CON3-7,SAA,20000,25.183639365253544,30.11183182520914,69.0317574611027,30.18164431372385,29.4468049047976,69.49151129724198,45.072711846890456
Dethloff,CON3-8,Det,100,35.82323711250271,36.096292273090796,37.25354722670706,35.67332278729757,38.703456515045076,40.21326356760531,50.14160677741393
Dethloff,CON3-8,Det,250,36.6981207588832,37.15622911670159,38.254807678802386,35.09663451915728,38.703456515045076,40.21326356760531,50.14160677741393
Dethloff,CON3-8,Det,500,37.699381007398884,38.388189637862055,39.431623699108385,37.22518532635865,38.703456515045076,40.21326356760531,50.14160677741393
Dethloff,CON3-8,Det,1000,38.13291502489905,38.403226200484745,40.03517863330676,38.02196202688406,38.703456515045076,40.21326356760531,50.14160677741393
Dethloff,CON3-8,Det,2000,38.35572843328295,38.82602512605356,40.01223006235875,38.13709131682971,38.703456515045076,40.21326356760531,50.14160677741393
Dethloff,CON3-8,Det,5000,38.03876270706742,38.92587759528397,40.48511816903618,37.79862068604295,38.703456515045076,40.21326356760531,50.14160677741393
Dethloff,CON3-8,Det,20000,37.80551513998332,38.86752502884056,40.13296495231635,38.75601855060351,38.703456515045076,40.21326356760531,50.14160677741393
Dethloff,CON3-8,SAA,100,6.007121292297376,27.428387101100366,56.688006581893504,0.0,34.33643430366118,67.29856331584736,45.062570790538516
Dethloff,CON3-8,SAA,250,17.389066274869585,29.36269495522266,59.829664415004444,0.0,34.33643430366118,67.29856331584736,45.062570790538516
Dethloff,CON3-8,SAA,500,18.96157653674152,32.26020266964328,63.20615091488696,10.670225393826392,34.33643430366118,67.29856331584736,45.062570790538516
Dethloff,CON3-8,SAA,1000,23.009307458020512,31.796309975492736,66.2184361124359,21.17347478876146,34.33643430366118,67.29856331584736,45.062570790538516
Dethloff,CON3-8,SAA,2000,26.51114242916214,31.551694036384106,65.52346551868584,26.638949540801676,34.33643430366118,67.29856331584736,45.062570790538516
Dethloff,CON3-8,SAA,5000,26.01110696358041,32.15303077483489,67.3401705595135,32.061101953869354,34.33643430366118,67.29856331584736,45.062570790538516
Dethloff,CON3-8,SAA,20000,26.470597441276198,33.93232688781522,68.39758384985082,32.65096112954732,34.33643430366118,67.29856331584736,45.062570790538516
Dethloff,CON3-9,Det,100,28.653879362423886,34.154677868556945,36.606364418058305,29.117706006977674,37.47920002653753,48.09878152437132,51.11235865435166
Dethloff,CON3-9,Det,250,33.049319918289974,35.4026178424999,37.49078425455188,26.73584635611096,37.47920002653753,48.09878152437132,51.11235865435166
Dethloff,CON3-9,Det,500,34.34576983353498,37.01815183845846,38.81341757313661,35.969984047656006,37.47920002653753,48.09878152437132,51.11235865435166
Dethloff,CON3-9,Det,1000,33.77554838881805,36.80842354044512,40.787511846303374,36.00922876152207,37.47920002653753,48.09878152437132,51.11235865435166
Dethloff,CON3-9,Det,2000,34.50737219213356,37.110115720839744,40.01428766905192,37.21728741804026,37.47920002653753,48.09878152437132,51.11235865435166
Dethloff,CON3-9,Det,5000,35.19412645310185,37.60620827468695,40.008614367148006,36.929084758574305,37.47920002653753,48.09878152437132,51.11235865435166
Dethloff,CON3-9,Det,20000,34.52219111711133,38.220676050582284,39.9321484455235,37.85052805407619,37.47920002653753,48.09878152437132,51.11235865435166
Dethloff,CON3-9,SAA,100,9.928041584600189,29.84805971697156,62.719845184149115,4.538701137896904,34.56155097090199,74.02634342353153,44.46924360547808
Dethloff,CON3-9,SAA,250,16.319666819683448,32.12942002076617,66.11693080633987,0.0,34.56155097090199,74.02634342353153,44.46924360547808
Dethloff,CON3-9,SAA,500,17.037250352574635,32.37565506120228,71.7672496392181,3.0947871186320617,34.56155097090199,74.02634342353153,44.46924360547808
Dethloff,CON3-9,SAA,1000,22.267142003078078,32.76325075460097,72.93246719566078,21.610768460988627,34.56155097090199,74.02634342353153,44.46924360547808
Dethloff,CON3-9,SAA,2000,26.430562194286164,32.70621527485775,71.76432045990812,26.628166783522783,34.56155097090199,74.02634342353153,44.46924360547808
Dethloff,CON3-9,SAA,5000,27.943612586712348,33.14693009589054,72.9674705201702,31.223309668804525,34.56155097090199,74.02634342353153,44.46924360547808
Dethloff,CON3-9,SAA,20000,29.340188998404916,34.36148783575535,73.91113196299301,33.577954321047066,34.56155097090199,74.02634342353153,44.46924360547808
Dethloff,CON8-0,Det,100,18.83789027997307,18.824361892514936,20.482007858526995,17.913625894327588,20.44291541616155,22.89755572200317,36.046362352678806
Dethloff,CON8-0,Det,250,19.321884046039596,19.742714707289146,21.596274115216005,19.200064245951378,20.44291541616155,22.89755572200317,36.046362352678806
Dethloff,CON8-0,Det,500,19.30505839132954,19.9195279135396,21.750146826053545,19.613861207722863,20.44291541616155,22.89755572200317,36.046362352678806
Dethloff,CON8-0,Det,1000,19.832406031600573,20.57232603867199,22.521284047903986,20.150203981895462,20.44291541616155,22.89755572200317,36.046362352678806
Dethloff,CON8-0,Det,2000,19.910297220629936,20.588203298142613,22.407812447579662,20.2258112341972,20.44291541616155,22.89755572200317,36.046362352678806
Dethloff,CON8-0,Det,5000,19.79378926328702,20.66807191491432,22.781181579433284,19.63936548579234,20.44291541616155,22.89755572200317,36.046362352678806
Dethloff,CON8-0,Det,20000,19.932659550829868,20.61548091947216,22.550297918780064,20.358180649489455,20.44291541616155,22.89755572200317,36.046362352678806
Dethloff,CON8-0,SAA,100,-1.8854195166267003,6.8519892738637,33.754465998393215,0.0,11.16204474407837,42.31295949804573,42.584253532662345
Dethloff,CON8-0,SAA,250,2.6554311461383517,9.835737218035915,36.70619637534838,0.0,11.16204474407837,42.31295949804573,42.584253532662345
Dethloff,CON8-0,SAA,500,5.959648936281031,9.758211532527588,38.51896629617588,0.0,11.16204474407837,42.31295949804573,42.584253532662345
Dethloff,CON8-0,SAA,1000,8.69391418857232,10.694078065647966,39.7123092784397,3.8654381911785887,11.16204474407837,42.31295949804573,42.584253532662345
Dethloff,CON8-0,SAA,2000,10.794571530895238,11.285439642463288,39.870771444877306,8.777310634451611,11.16204474407837,42.31295949804573,42.584253532662345
Dethloff,CON8-0,SAA,5000,11.107858529696315,11.187308910914512,40.72576718591855,11.288804317130104,11.16204474407837,42.31295949804573,42.584253532662345
Dethloff,CON8-0,SAA,20000,11.25424973373174,11.219240345082488,39.97671930864134,10.58709615241699,11.16204474407837,42.31295949804573,42.584253532662345
Dethloff,CON8-1,Det,100,15.868931092440981,15.8775355522737,17.950741811802526,15.057675521046633,18.18853036478064,21.319103322752834,35.89923779009085
Dethloff,CON8-1,Det,250,16.66454876861453,17.205450966506422,19.609386025557452,16.95599735980086,18.18853036478064,21.319103322752834,35.89923779009085
Dethloff,CON8-1,Det,500,17.390276293562632,17.50338902516528,19.934985013026136,16.661335023014537,18.18853036478064,21.319103322752834,35.89923779009085
Dethloff,CON8-1,Det,1000,17.850901902677936,17.820830187805914,20.147455969079232,17.403839113350745,18.18853036478064,21.319103322752834,35.89923779009085
Dethloff,CON8-1,Det,2000,17.722621963033916,18.13186297907633,20.29625877876829,17.75001945749104,18.18853036478064,21.319103322752834,35.89923779009085
Dethloff,CON8-1,Det,5000,17.60079800474154,17.942653022434875,20.155871700077224,17.51921666501545,18.18853036478064,21.319103322752834,35.89923779009085
Dethloff,CON8-1,Det,20000,17.77731484758137,18.06298488952482,20.21993918940306,17.888511141588797,18.18853036478064,21.319103322752834,35.89923779009085
Dethloff,CON8-1,SAA,100,-1.1572336861681483,4.495156653047132,39.300271042421635,0.0,13.663307942247185,50.78043055603037,42.73670317276495
Dethloff,CON8-1,SAA,250,6.627651067530416,9.459954704552286,45.12780099037795,0.0,13.663307942247185,50.78043055603037,42.73670317276495
Dethloff,CON8-1,SAA,500,8.362333481798686,10.560383814762904,47.78680024193215,0.8007174656132413,13.663307942247185,50.78043055603037,42.73670317276495
Dethloff,CON8-1,SAA,1000,10.575769646173692,12.17281439938984,47.483692897326264,5.172415024313869,13.663307942247185,50.78043055603037,42.73670317276495
Dethloff,CON8-1,SAA,2000,12.250391325409776,13.445946850918046,48.61799401747734,12.01921594333889,13.663307942247185,50.78043055603037,42.73670317276495
Dethloff,CON8-1,SAA,5000,13.33936307144215,14.085635268302223,50.350780270201184,13.199783547398447,13.663307942247185,50.78043055603037,42.73670317276495
Dethloff,CON8-1,SAA,20000,13.788509786677002,14.515242852400073,50.58076655371617,13.75099049225577,13.663307942247185,50.78043055603037,42.73670317276495
Dethloff,CON8-2,Det,100,11.814764120496365,13.25986755187973,14.363095718016151,13.053383974120784,15.122150028525255,17.350833375505154,30.373425771954018
Dethloff,CON8-2,Det,250,13.531906427373483,14.29787704857245,15.671570193204133,14.017277840190474,15.122150028525255,17.350833375505154,30.373425771954018
Dethloff,CON8-2,Det,500,14.18603897931052,14.734373191680822,16.11339410501873,14.69594316705184,15.122150028525255,17.350833375505154,30.373425771954018
Dethloff,CON8-2,Det,1000,14.233434923313265,14.672915113971914,16.003588281740022,14.669371279076236,15.122150028525255,17.350833375505154,30.373425771954018
Dethloff,CON8-2,Det,2000,14.36340386951184,14.873458608572793,16.327769412485765,14.462749628352995,15.122150028525255,17.350833375505154,30.373425771954018
Dethloff,CON8-2,Det,5000,14.558549667038111,14.810151569768568,16.12071504430905,14.381439439739077,15.122150028525255,17.350833375505154,30.373425771954018
Dethloff,CON8-2,Det,20000,14.617721533352713,14.926391510383521,16.417805083892034,14.9256667089456,15.122150028525255,17.350833375505154,30.373425771954018
Dethloff,CON8-2,SAA,100,7.194163376030303,9.620184051724186,38.528551205719225,0.36069361578419307,15.234227774642667,52.06404960897969,42.3194719616918
Dethloff,CON8-2,SAA,250,8.19125873922287,11.341098164068606,46.97169478118657,-1.4257677246873874,15.234227774642667,52.06404960897969,42.3194719616918
Dethloff,CON8-2,SAA,500,9.469413100825285,10.540881642067204,49.27233591643351,2.170772288293673,15.234227774642667,52.06404960897969,42.3194719616918
Dethloff,CON8-2,SAA,1000,11.654965339891206,12.994570529997906,49.427072907545046,11.166211663760789,15.234227774642667,52.06404960897969,42.3194719616918
Dethloff,CON8-2,SAA,2000,12.636257659522743,13.502404204627828,52.00445285113522,12.136558414354694,15.234227774642667,52.06404960897969,42.3194719616918
Dethloff,CON8-2,SAA,5000,14.331379191646096,14.81988981989831,52.79213918815067,14.289129389943039,15.234227774642667,52.06404960897969,42.3194719616918
Dethloff,CON8-2,SAA,20000,14.823611922801339,14.97537433622654,51.978928467295226,14.874101204187516,15.234227774642667,52.06404960897969,42.3194719616918
Dethloff,CON8-3,Det,100,16.231235575179973,16.99876390944981,21.252908599395123,15.695675805307246,18.640452152144437,23.50326013701987,32.647109788269375
Dethloff,CON8-3,Det,250,17.220081340124597,17.919880181029296,21.588118226166564,16.87020766295185,18.640452152144437,23.50326013701987,32.647109788269375
Dethloff,CON8-3,Det,500,17.48151482312784,17.888634154861307,21.56244591664472,18.29982670953452,18.640452152144437,23.50326013701987,32.647109788269375
Dethloff,CON8-3,Det,1000,17.619026278201314,18.10646935368746,22.133540945988937,17.884938136534313,18.640452152144437,23.50326013701987,32.647109788269375
Dethloff,CON8-3,Det,2000,18.083937427378384,18.55912967170818,22.17699855002472,18.023659707841418,18.640452152144437,23.50326013701987,32.647109788269375
Dethloff,CON8-3,Det,5000,17.9190257944682,18.758100189846502,22.501222663461768,17.841997573886776,18.640452152144437,23.50326013701987,32.647109788269375
Dethloff,CON8-3,Det,20000,17.743901454873956,18.708642410621604,22.7328449348735,18.344194688252824,18.640452152144437,23.50326013701987,32.647109788269375
Dethloff,CON8-3,SAA,100,3.56067136940269,7.047781542468716,43.92050367844504,-3.772418055757873,14.064320077574513,52.54636775308531,42.36289654249211
Dethloff,CON8-3,SAA,250,6.489382000748231,9.586896281147606,47.441323678968715,-3.287421231044483,14.064320077574513,52.54636775308531,42.36289654249211
Dethloff,CON8-3,SAA,500,8.907741781366559,10.500622638536445,49.60396730570612,3.6114617573563694,14.064320077574513,52.54636775308531,42.36289654249211
Dethloff,CON8-3,SAA,1000,11.113601348689452,12.076417384740118,50.22157256164932,8.293915332201594,14.064320077574513,52.54636775308531,42.36289654249211
Dethloff,CON8-3,SAA,2000,12.223896800507799,13.32432908509563,51.08035883324447,12.06122599051153,14.064320077574513,52.54636775308531,42.36289654249211
Dethloff,CON8-3,SAA,5000,12.622658866909353,13.639802656800095,51.49703743427319,12.54710521959519,14.064320077574513,52.54636775308531,42.36289654249211
Dethloff,CON8-3,SAA,20000,13.94504415838598,14.499488432883131,52.169151362388256,14.72102900682452,14.064320077574513,52.54636775308531,42.36289654249211
Dethloff,CON8-4,Det,100,20.568611205652786,21.304543421306757,22.8758428482897,18.941887637137775,22.972361821942854,26.15881014190279,41.05096657216066
Dethloff,CON8-4,Det,250,21.69560853337151,22.147916543614304,24.188702699235655,21.639586247076497,22.972361821942854,26.15881014190279,41.05096657216066
Dethloff,CON8-4,Det,500,21.398464510575906,22.480994560324266,24.20562340728269,21.948008556489086,22.972361821942854,26.15881014190279,41.05096657216066
Dethloff,CON8-4,Det,1000,21.843773010121346,22.40091615892048,24.58016306936088,22.175424065829308,22.972361821942854,26.15881014190279,41.05096657216066
Dethloff,CON8-4,Det,2000,21.835300761454047,22.628549436651582,24.790444427484818,22.093353184862565,22.972361821942854,26.15881014190279,41.05096657216066
Dethloff,CON8-4,Det,5000,22.101506796361516,22.93820826674608,25.083717064986356,22.123273463485425,22.972361821942854,26.15881014190279,41.05096657216066
Dethloff,CON8-4,Det,20000,21.899499797023445,23.041213689871352,25.067284008624437,22.54252511511465,22.972361821942854,26.15881014190279,41.05096657216066
Dethloff,CON8-4,SAA,100,-5.164723282165012,7.329206427519298,35.01849995313933,0.0,15.534685652348724,53.4524434871284,40.21663925824216
Dethloff,CON8-4,SAA,250,6.518245490118175,12.824038457453575,48.15050354920596,0.0,15.534685652348724,53.4524434871284,40.21663925824216
Dethloff,CON8-4,SAA,500,9.033430277780155,12.231865961526136,48.51104641161429,1.3449190894586687,15.534685652348724,53.4524434871284,40.21663925824216
Dethloff,CON8-4,SAA,1000,10.679855422693972,14.348319167970356,51.75051788743629,8.997411897214612,15.534685652348724,53.4524434871284,40.21663925824216
Dethloff,CON8-4,SAA,2000,13.67874819706764,14.574856224326938,51.478567930970264,11.827699476582112,15.534685652348724,53.4524434871284,40.21663925824216
Dethloff,CON8-4,SAA,5000,13.772565962855445,15.406003372564228,51.765624395542574,14.66896072467157,15.534685652348724,53.4524434871284,40.21663925824216
Dethloff,CON8-4,SAA,20000,13.937809069725498,15.513596405703312,52.80706599048808,15.175217775958904,15.534685652348724,53.4524434871284,40.21663925824216
Dethloff,CON8-5,Det,100,17.95183677186173,18.218605866735192,21.053959544323916,16.58630335052325,19.884508033369578,22.251889129660785,36.64234190588806
Dethloff,CON8-5,Det,250,18.97797360803254,18.78241240331729,20.889344967680866,17.497583987748815,19.884508033369578,22.251889129660785,36.64234190588806
Dethloff,CON8-5,Det,500,18.7848072036356,19.06342949619018,21.360430969622335,18.672192094028837,19.884508033369578,22.251889129660785,36.64234190588806
Dethloff,CON8-5,Det,1000,19.447350762661646,19.68940429320416,21.88705120055999,19.11490928012293,19.884508033369578,22.251889129660785,36.64234190588806
Dethloff,CON8-5,Det,2000,19.541639574555134,19.593238206789017,21.9721991115946,19.31513841076719,19.884508033369578,22.251889129660785,36.64234190588806
Dethloff,CON8-5,Det,5000,19.377010416954143,19.814144614947445,22.387367671996696,19.6542734598589,19.884508033369578,22.251889129660785,36.64234190588806
Dethloff,CON8-5,Det,20000,19.610162693570565,19.89228422312551,22.53080008079543,19.331610496335568,19.884508033369578,22.251889129660785,36.64234190588806
Dethloff,CON8-5,SAA,100,-5.209366279778167,2.6639299294978716,21.79612078280855,-7.035333135058241,11.818155570150823,40.86050662872356,42.81082327211673
Dethloff,CON8-5,SAA,250,4.965808617105598,6.705596576369447,35.62634164193188,0.0,11.818155570150823,40.86050662872356,42.81082327211673
Dethloff,CON8-5,SAA,500,6.517174046973148,6.696096254986908,35.120068192731445,0.5397949040187093,11.818155570150823,40.86050662872356,42.81082327211673
Dethloff,CON8-5,SAA,1000,9.205431588156275,8.673916649406669,35.20200919416587,1.0658903041355061,11.818155570150823,40.86050662872356,42.81082327211673
Dethloff,CON8-5,SAA,2000,9.676981187981358,9.743040435970304,38.647412718823794,5.943264605530348,11.818155570150823,40.86050662872356,42.81082327211673
Dethloff,CON8-5,SAA,5000,10.590029842219293,11.1324214415078,40.97580629617561,10.465756454515343,11.818155570150823,40.86050662872356,42.81082327211673
Dethloff,CON8-5,SAA,20000,12.519298222418882,12.021716779532797,41.602246328138925,11.979318169968584,11.818155570150823,40.86050662872356,42.81082327211673
Dethloff,CON8-6,Det,100,11.413651542221888,11.263411888954229,11.794418390013448,10.89705330389962,13.077596066322403,13.959935056975892,28.835685932320533
Dethloff,CON8-6,Det,250,11.848702720076535,12.20679411905993,12.937952550550047,11.38807400388179,13.077596066322403,13.959935056975892,28.835685932320533
Dethloff,CON8-6,Det,500,12.326291969785318,12.474129040220891,13.07302212684136,12.098560304344433,13.077596066322403,13.959935056975892,28.835685932320533
Dethloff,CON8-6,Det,1000,12.4723154450031,12.758233062288458,13.504971673517568,12.746840132768432,13.077596066322403,13.959935056975892,28.835685932320533
Dethloff,CON8-6,Det,2000,12.697565979079258,12.869866487221934,13.588613659321288,12.586907691721692,13.077596066322403,13.959935056975892,28.835685932320533
Dethloff,CON8-6,Det,5000,12.712856887861879,12.983934896446788,13.8477130442504,12.343364253854944,13.077596066322403,13.959935056975892,28.835685932320533
Dethloff,CON8-6,Det,20000,12.59607589360406,13.236025432972262,14.051270486184134,12.955544279812951,13.077596066322403,13.959935056975892,28.835685932320533
Dethloff,CON8-6,SAA,100,6.728466884603772,6.54676887631778,38.81481032853908,-3.548281797321814,14.17130821339741,50.333608910545685,41.91165420198384
Dethloff,CON8-6,SAA,250,9.259374477704533,9.650553813796964,42.592301825385185,0.0,14.17130821339741,50.333608910545685,41.91165420198384
Dethloff,CON8-6,SAA,500,7.586215514803276,8.21772191038918,45.45555123354022,-1.3208427831151428,14.17130821339741,50.333608910545685,41.91165420198384
Dethloff,CON8-6,SAA,1000,11.164327226290133,10.205785708672572,45.937386753766425,7.517200859128134,14.17130821339741,50.333608910545685,41.91165420198384
Dethloff,CON8-6,SAA,2000,13.087135491247624,13.31054346204218,50.078488547578196,10.659815493081243,14.17130821339741,50.333608910545685,41.91165420198384
Dethloff,CON8-6,SAA,5000,13.26576808678298,14.397508667983866,50.19877455111227,14.285604514179024,14.17130821339741,50.333608910545685,41.91165420198384
Dethloff,CON8-6,SAA,20000,13.80819034431661,14.156041530981573,50.58389121452437,14.003216906141418,14.17130821339741,50.333608910545685,41.91165420198384
Dethloff,CON8-7,Det,100,14.842598275959874,15.957274489025357,18.012830363116898,12.852477411787866,17.481683184782206,20.789974192431607,34.8111422386836
Dethloff,CON8-7,Det,250,16.20947805046927,17.041232333471346,20.359477363379742,16.131609419762185,17.481683184782206,20.789974192431607,34.8111422386836
Dethloff,CON8-7,Det,500,17.0286309401475,17.278841687056016,20.596861135877777,16.93767878612856,17.481683184782206,20.789974192431607,34.8111422386836
Dethloff,CON8-7,Det,1000,16.691689428473463,17.245850222168674,20.7689543695604,16.939600973806872,17.481683184782206,20.789974192431607,34.8111422386836
Dethloff,CON8-7,Det,2000,17.29716971589311,17.263101188054865,20.807850432062054,16.45740767813629,17.481683184782206,20.789974192431607,34.8111422386836
Dethloff,CON8-7,Det,5000,17.23779870768242,17.5040394475897,20.88755679854066,17.106732559222632,17.481683184782206,20.789974192431607,34.8111422386836
Dethloff,CON8-7,Det,20000,17.106125265959964,17.6622509597557,21.01483039905922,17.435104044529012,17.481683184782206,20.789974192431607,34.8111422386836
Dethloff,CON8-7,SAA,100,-5.613787091056146,5.62788445260182,39.985975335666126,-13.38659714214598,12.426016486567574,45.15830519934795,41.41562875390896
Dethloff,CON8-7,SAA,250,-4.181277843252668,4.109424192700971,38.690412745884444,0.0,12.426016486567574,45.15830519934795,41.41562875390896
Dethloff,CON8-7,SAA,500,7.11779492973243,11.15719932265583,42.03378541317523,-4.106940383649349,12.426016486567574,45.15830519934795,41.41562875390896
Dethloff,CON8-7,SAA,1000,9.651530780030418,11.784169379482826,41.548737737730676,6.515251472624728,12.426016486567574,45.15830519934795,41.41562875390896
Dethloff,CON8-7,SAA,2000,11.204060808694988,11.417481073863033,44.45413531665988,9.892303130288782,12.426016486567574,45.15830519934795,41.41562875390896
Dethloff,CON8-7,SAA,5000,11.6543640244842,13.165588815252987,43.15992517167674,11.883588445500399,12.426016486567574,45.15830519934795,41.41562875390896
Dethloff,CON8-7,SAA,20000,12.622953647033968,13.76027866387605,45.220653788266375,12.176858514165463,12.426016486567574,45.15830519934795,41.41562875390896
Dethloff,CON8-8,Det,100,11.072375937150568,11.212366202188575,11.546834466623435,10.639570565038262,12.65712413619765,13.891317888529356,25.093785629364884
Dethloff,CON8-8,Det,250,11.451104396144514,11.280040105396392,11.378088290868131,11.62166113485936,12.65712413619765,13.891317888529356,25.093785629364884
Dethloff,CON8-8,Det,500,12.14783467432288,12.321666413337585,12.944125279405052,11.852638170724845,12.65712413619765,13.891317888529356,25.093785629364884
Dethloff,CON8-8,Det,1000,11.823883951936322,12.208727825952279,12.994962259097637,11.808306569981648,12.65712413619765,13.891317888529356,25.093785629364884
Dethloff,CON8-8,Det,2000,12.135616304381633,12.502955999486325,13.160433284222286,12.097580467703782,12.65712413619765,13.891317888529356,25.093785629364884
Dethloff,CON8-8,Det,5000,12.158915655244664,12.636394311133277,13.35550293790396,12.008190420222684,12.65712413619765,13.891317888529356,25.093785629364884
Dethloff,CON8-8,Det,20000,12.280826703826422,12.710069190847689,13.512404535107576,12.355666903720033,12.65712413619765,13.891317888529356,25.093785629364884
Dethloff,CON8-8,SAA,100,4.7618444360760614,8.228045170481485,42.3054665910436,0.0,14.17877739690839,51.011673417660894,42.62214921571221
Dethloff,CON8-8,SAA,250,6.366785570655714,10.79466158211747,43.961407026602934,0.0,14.17877739690839,51.011673417660894,42.62214921571221
Dethloff,CON8-8,SAA,500,7.465719166312626,11.11410119353354,47.88608266913748,-0.7613011321398746,14.17877739690839,51.011673417660894,42.62214921571221
Dethloff,CON8-8,SAA,1000,11.310768202344846,11.703723933650986,49.260156574032294,8.111306735861424,14.17877739690839,51.011673417660894,42.62214921571221
Dethloff,CON8-8,SAA,2000,11.543031359629428,12.37267833053341,49.87665770272661,10.972427247036594,14.17877739690839,51.011673417660894,42.62214921571221
Dethloff,CON8-8,SAA,5000,13.204237371925993,14.009545384501362,50.008613492883114,13.57486697981344,14.17877739690839,51.011673417660894,42.62214921571221
Dethloff,CON8-8,SAA,20000,13.82783119403131,14.741388296715824,50.961228698708176,13.923927381641658,14.17877739690839,51.011673417660894,42.62214921571221
Dethloff,CON8-9,Det,100,16.198110338776125,17.840047762005614,19.71724927860504,17.04412894530906,19.970286237584407,23.002365151276578,36.81213994050129
Dethloff,CON8-9,Det,250,18.672590530579047,19.3279388728429,21.444839991842063,18.855834157747022,19.970286237584407,23.002365151276578,36.81213994050129
Dethloff,CON8-9,Det,500,18.523645203454183,19.061454829371673,21.26038702706451,19.165185715717314,19.970286237584407,23.002365151276578,36.81213994050129
Dethloff,CON8-9,Det,1000,19.1546018335899,19.630462208638257,21.84551870471438,19.41023453025493,19.970286237584407,23.002365151276578,36.81213994050129
Dethloff,CON8-9,Det,2000,19.27830319307389,19.7352236968484,21.965874911546326,19.483042626977436,19.970286237584407,23.002365151276578,36.81213994050129
Dethloff,CON8-9,Det,5000,19.290644400194186,19.806173843345665,22.02123943876405,19.047823634172346,19.970286237584407,23.002365151276578,36.81213994050129
Dethloff,CON8-9,Det,20000,19.28776698297222,20.103560353003218,22.003251982743482,20.035001830462473,19.970286237584407,23.002365151276578,36.81213994050129
Dethloff,CON8-9,SAA,100,-8.984576329425469,0.884739016046966,40.275451124979455,0.0,14.266772865939712,47.728345613602585,42.79555476278322
Dethloff,CON8-9,SAA,250,8.329818542347965,10.958798427405345,39.10155294995088,0.0,14.266772865939712,47.728345613602585,42.79555476278322
Dethloff,CON8-9,SAA,500,11.32490400607054,11.654466915850163,44.13906998691968,3.379312499572505,14.266772865939712,47.728345613602585,42.79555476278322
Dethloff,CON8-9,SAA,1000,11.40861941310149,13.331035679981337,43.20264384382776,11.412161846364054,14.266772865939712,47.728345613602585,42.79555476278322
Dethloff,CON8-9,SAA,2000,12.487511841838385,13.341429958841623,46.06347440401276,13.037635636134917,14.266772865939712,47.728345613602585,42.79555476278322
Dethloff,CON8-9,SAA,5000,13.44350479998844,14.276907058484728,47.370794319251424,14.07396487210779,14.266772865939712,47.728345613602585,42.79555476278322
Dethloff,CON8-9,SAA,20000,13.583114955006712,14.884237721413532,47.440205818054274,14.521994586200314,14.266772865939712,47.728345613602585,42.79555476278322
Dethloff,SCA3-0,Det,100,31.897618896758487,37.19192370584254,41.80447651490534,33.35102498406622,41.28366505491325,49.38222510024179,50.097827065896645
Dethloff,SCA3-0,Det,250,33.69188661795393,38.88447126076409,43.61636223287108,33.436424118162456,41.28366505491325,49.38222510024179,50.097827065896645
Dethloff,SCA3-0,Det,500,35.88687454497425,39.61282605133551,45.063148623137224,38.79469323003447,41.28366505491325,49.38222510024179,50.097827065896645
Dethloff,SCA3-0,Det,1000,35.19985435034826,41.06019775268384,45.097215597201455,40.255705240133686,41.28366505491325,49.38222510024179,50.097827065896645
Dethloff,SCA3-0,Det,2000,36.334048806142846,41.02478547228158,45.99976044661196,40.29684599654089,41.28366505491325,49.38222510024179,50.097827065896645
Dethloff,SCA3-0,Det,5000,36.635269687391165,40.800316206563615,45.50947013819171,40.48116146366386,41.28366505491325,49.38222510024179,50.097827065896645
Dethloff,SCA3-0,Det,20000,35.66013477345584,41.456975215653856,46.429887422494446,41.28543861452321,41.28366505491325,49.38222510024179,50.097827065896645
Dethloff,SCA3-0,SAA,100,13.628147984001256,23.464139532041553,50.60201657130957,3.007691404465506,34.09953056741377,62.41999689715697,46.873044608551616
Dethloff,SCA3-0,SAA,250,14.449535266840803,29.140765379535743,62.13764833036272,-0.8657623858086051,34.09953056741377,62.41999689715697,46.873044608551616
Dethloff,SCA3-0,SAA,500,26.475897989862275,30.109883205976974,60.20249031164937,20.318019456446375,34.09953056741377,62.41999689715697,46.873044608551616
Dethloff,SCA3-0,SAA,1000,28.21825301513578,31.670996648800475,61.46289817536378,25.205332840066735,34.09953056741377,62.41999689715697,46.873044608551616
Dethloff,SCA3-0,SAA,2000,30.26265814925521,33.50341550273198,62.46757028643,30.880750917850566,34.09953056741377,62.41999689715697,46.873044608551616
Dethloff,SCA3-0,SAA,5000,28.77876016799455,33.635718169535465,62.49856130604588,33.642444442495155,34.09953056741377,62.41999689715697,46.873044608551616
Dethloff,SCA3-0,SAA,20000,30.04002698502723,33.87375624211378,62.769609361370186,34.330764271947054,34.09953056741377,62.41999689715697,46.873044608551616
Dethloff,SCA3-1,Det,100,24.381816791685285,25.84518927534445,26.75553134110542,22.77287673567258,27.696702803164026,29.280777902345495,40.71522616385876
Dethloff,SCA3-1,Det,250,24.84490948762381,26.01575020614278,27.357671259516916,24.085826257070437,27.696702803164026,29.280777902345495,40.71522616385876
Dethloff,SCA3-1,Det,500,25.45572820222755,27.410727904215463,29.050406322677475,26.486078692043137,27.696702803164026,29.280777902345495,40.71522616385876
Dethloff,SCA3-1,Det,1000,26.922396484210207,27.45957338549999,29.11735422714974,26.970290520810767,27.696702803164026,29.280777902345495,40.71522616385876
Dethloff,SCA3-1,Det,2000,26.296116976598093,27.654706216949112,29.14658471483595,26.8487991874758,27.696702803164026,29.280777902345495,40.71522616385876
Dethloff,SCA3-1,Det,5000,26.4788094718251,27.40207338794642,28.982648124966513,26.891735597041187,27.696702803164026,29.280777902345495,40.71522616385876
Dethloff,SCA3-1,Det,20000,26.686948431424103,27.735100774879246,29.143020316103488,27.75673201488986,27.696702803164026,29.280777902345495,40.71522616385876
Dethloff,SCA3-1,SAA,100,10.526001868010248,28.893063182961225,57.06946684634303,-2.22887234316226,32.1394980536696,67.73475943757738,44.81137116374568
Dethloff,SCA3-1,SAA,250,14.634096127904028,30.173295458059055,61.74931522529214,0.0,32.1394980536696,67.73475943757738,44.81137116374568
Dethloff,SCA3-1,SAA,500,22.043082978888116,31.219723544206197,64.17698032801538,7.968175326302584,32.1394980536696,67.73475943757738,44.81137116374568
Dethloff,SCA3-1,SAA,1000,25.541881178796935,30.625382636017616,65.02885189378577,18.14408264082262,32.1394980536696,67.73475943757738,44.81137116374568
Dethloff,SCA3-1,SAA,2000,23.848000615395147,31.755528965766747,64.56612481700263,27.20008206392126,32.1394980536696,67.73475943757738,44.81137116374568
Dethloff,SCA3-1,SAA,5000,25.870981652955777,32.02719035636662,67.05805896744646,31.04484408098205,32.1394980536696,67.73475943757738,44.81137116374568
Dethloff,SCA3-1,SAA,20000,27.17063086522112,32.17697495958762,66.75231370584955,31.601945212885656,32.1394980536696,67.73475943757738,44.81137116374568
Dethloff,SCA3-2,Det,100,34.19541246452293,36.18252567005192,38.99039430221989,33.95423965592292,41.60689704477307,50.866538099506194,50.033180208693004
Dethloff,SCA3-2,Det,250,35.72229668435511,38.63773509411443,41.92268111671227,35.323049374790315,41.60689704477307,50.866538099506194,50.033180208693004
Dethloff,SCA3-2,Det,500,37.82450635328452,40.95949094430118,45.5521016097232,38.34281903505907,41.60689704477307,50.866538099506194,50.033180208693004
Dethloff,SCA3-2,Det,1000,38.13386480675328,40.85853658416212,45.909765122801744,40.49985844437642,41.60689704477307,50.866538099506194,50.033180208693004
Dethloff,SCA3-2,Det,2000,37.497448589210144,41.446882957323275,45.455054340268795,40.85238214862785,41.60689704477307,50.866538099506194,50.033180208693004
Dethloff,SCA3-2,Det,5000,37.93414054083017,41.41918526956977,46.40081965002913,40.72368265722454,41.60689704477307,50.866538099506194,50.033180208693004
Dethloff,SCA3-2,Det,20000,37.73395830861934,41.378314858994024,46.039562058193304,41.00107047099616,41.60689704477307,50.866538099506194,50.033180208693004
Dethloff,SCA3-2,SAA,100,-3.753366535509022,26.73942198122656,56.55948307545257,-7.502533105386705,32.93904193016682,65.5798056204187,45.123765263396855
Dethloff,SCA3-2,SAA,250,14.524955221104968,28.366468073351825,56.002314278562906,0.0,32.93904193016682,65.5798056204187,45.123765263396855
Dethloff,SCA3-2,SAA,500,24.622702426638543,31.48315119114116,63.744761922233266,8.388490175965813,32.93904193016682,65.5798056204187,45.123765263396855
Dethloff,SCA3-2,SAA,1000,26.22800702492392,31.547789036957653,64.43778837288644,26.251833543997826,32.93904193016682,65.5798056204187,45.123765263396855
Dethloff,SCA3-2,SAA,2000,26.14451001773972,33.226268756016516,64.75102058970165,29.605014025360912,32.93904193016682,65.5798056204187,45.123765263396855
Dethloff,SCA3-2,SAA,5000,28.36548510715936,32.238163589500054,65.30126423718832,31.68434858091793,32.93904193016682,65.5798056204187,45.123765263396855
Dethloff,SCA3-2,SAA,20000,28.41613374009172,32.93093922973703,65.85545959014155,32.91117323334727,32.93904193016682,65.5798056204187,45.123765263396855
Dethloff,SCA3-3,Det,100,33.30011973536732,34.372272073388956,34.61892791827746,33.31601761149336,37.92146728057548,40.98527718188671,52.15846815223922
Dethloff,SCA3-3,Det,250,35.09266717893347,36.24247263200005,36.36285689119207,33.44620451021733,37.92146728057548,40.98527718188671,52.15846815223922
Dethloff,SCA3-3,Det,500,36.24504993215706,36.940962532279336,37.89401564217307,36.67060814866486,37.92146728057548,40.98527718188671,52.15846815223922
Dethloff,SCA3-3,Det,1000,36.76882232563187,37.80413769404315,37.887259075277306,37.64355270189617,37.92146728057548,40.98527718188671,52.15846815223922
Dethloff,SCA3-3,Det,2000,36.864701822655476,37.65085402731711,38.36531134028535,37.04010924882087,37.92146728057548,40.98527718188671,52.15846815223922
Dethloff,SCA3-3,Det,5000,37.099495142573254,38.33201752261518,38.84384097309213,37.7207423684285,37.92146728057548,40.98527718188671,52.15846815223922
Dethloff,SCA3-3,Det,20000,37.35015385771691,38.3475094802847,38.87696499685253,37.880349509555145,37.92146728057548,40.98527718188671,52.15846815223922
Dethloff,SCA3-3,SAA,100,-4.402140595296712,20.827341124976687,55.7323945232424,0.0,28.914375929534778,67.6464626532137,43.82055506465657
Dethloff,SCA3-3,SAA,250,10.390120113115696,24.639371941070273,64.34668149988167,0.0,28.914375929534778,67.6464626532137,43.82055506465657
Dethloff,SCA3-3,SAA,500,14.233418804394256,26.256862363083503,66.43698049444772,-6.488192074356832,28.914375929534778,67.6464626532137,43.82055506465657
Dethloff,SCA3-3,SAA,1000,20.136542385701798,26.93564657935528,64.30005038511659,14.95837128641548,28.914375929534778,67.6464626532137,43.82055506465657
Dethloff,SCA3-3,SAA,2000,20.910649851011456,28.580591471488304,67.06725919884107,24.350442808636682,28.914375929534778,67.6464626532137,43.82055506465657
Dethloff,SCA3-3,SAA,5000,22.138296857863214,28.986613063551577,66.89350901083175,26.776336439876896,28.914375929534778,67.6464626532137,43.82055506465657
Dethloff,SCA3-3,SAA,20000,24.35664815484191,29.16777624465606,66.91779573077285,28.856419049419895,28.914375929534778,67.6464626532137,43.82055506465657
Dethloff,SCA3-4,Det,100,27.99097083250107,28.748628459286493,28.748628459286493,25.296115712197867,31.04168005947408,34.2380706856087,43.73248518473743
Dethloff,SCA3-4,Det,250,26.46547262603268,30.051801446536444,30.051801446536444,27.925624242821954,31.04168005947408,34.2380706856087,43.73248518473743
Dethloff,SCA3-4,Det,500,28.6432093033756,30.45387547641883,31.289094242113382,29.091643741897173,31.04168005947408,34.2380706856087,43.73248518473743
Dethloff,SCA3-4,Det,1000,28.42020231897332,30.896412240518856,31.43165958006907,30.44925096351203,31.04168005947408,34.2380706856087,43.73248518473743
Dethloff,SCA3-4,Det,2000,28.502904648931363,30.955914465793143,31.971424238045344,29.705349018776726,31.04168005947408,34.2380706856087,43.73248518473743
Dethloff,SCA3-4,Det,5000,28.96577239531434,31.17941289641308,32.24308454463203,30.52549495704695,31.04168005947408,34.2380706856087,43.73248518473743
Dethloff,SCA3-4,Det,20000,28.645105686255647,31.150607110194755,32.44780933041795,30.78116352668716,31.04168005947408,34.2380706856087,43.73248518473743
Dethloff,SCA3-4,SAA,100,-20.960489067746003,18.49154377666755,55.70868404924091,0.0,31.667539279808594,66.62291593316988,45.525432863830886
Dethloff,SCA3-4,SAA,250,8.327460824483529,24.164753346798598,59.11931538009968,0.0,31.667539279808594,66.62291593316988,45.525432863830886
Dethloff,SCA3-4,SAA,500,17.57050427870159,28.14648317179408,64.70866649481131,2.7374116525509984,31.667539279808594,66.62291593316988,45.525432863830886
Dethloff,SCA3-4,SAA,1000,20.68653024762875,28.728162920516308,62.12143709843908,22.018354072425677,31.667539279808594,66.62291593316988,45.525432863830886
Dethloff,SCA3-4,SAA,2000,25.338133346942882,29.687239514358424,65.13050258131265,28.653013825355075,31.667539279808594,66.62291593316988,45.525432863830886
Dethloff,SCA3-4,SAA,5000,26.38947391813504,31.260705319413074,66.35341328070315,29.52969261538341,31.667539279808594,66.62291593316988,45.525432863830886
Dethloff,SCA3-4,SAA,20000,26.505820530735186,32.630121587321014,66.59990391301835,31.015015912820672,31.667539279808594,66.62291593316988,45.525432863830886
Dethloff,SCA3-5,Det,100,30.873854471150775,30.361016273964605,31.74916334639125,30.033306514796013,34.22816344984616,34.98869717056876,46.53494009020863
Dethloff,SCA3-5,Det,250,31.69456840135656,33.58350147111285,34.158145160350045,32.99827447437885,34.22816344984616,34.98869717056876,46.53494009020863
Dethloff,SCA3-5,Det,500,31.42883833596702,33.75624727791266,34.86518964553911,33.782368930084886,34.22816344984616,34.98869717056876,46.53494009020863
Dethloff,SCA3-5,Det,1000,31.99223706729991,34.13471103579836,33.68839787242433,33.85781961923654,34.22816344984616,34.98869717056876,46.53494009020863
Dethloff,SCA3-5,Det,2000,31.935024204957763,34.55554571718722,33.965228860737575,33.79140618101611,34.22816344984616,34.98869717056876,46.53494009020863
Dethloff,SCA3-5,Det,5000,32.205148014635625,34.34790159723437,34.27630654519728,33.95272709377829,34.22816344984616,34.98869717056876,46.53494009020863
Dethloff,SCA3-5,Det,20000,32.087481694203625,34.464906445554874,34.913380128212964,34.19394629008209,34.22816344984616,34.98869717056876,46.53494009020863
Dethloff,SCA3-5,SAA,100,11.155879339756194,20.43554903506824,40.353120495150215,0.0,31.257407152531112,63.23004184128458,45.258619824562
Dethloff,SCA3-5,SAA,250,19.29576296099877,24.997270001777565,53.9450728638589,0.0,31.257407152531112,63.23004184128458,45.258619824562
Dethloff,SCA3-5,SAA,500,23.26348194526436,27.61022136646597,56.698393094677925,9.522538205131061,31.257407152531112,63.23004184128458,45.258619824562
Dethloff,SCA3-5,SAA,1000,26.334477167855404,30.46346190883682,59.99081785783384,19.999679011526812,31.257407152531112,63.23004184128458,45.258619824562
Dethloff,SCA3-5,SAA,2000,26.633490570649407,30.820591516077403,61.49050389696154,28.280597406509,31.257407152531112,63.23004184128458,45.258619824562
Dethloff,SCA3-5,SAA,5000,27.97438149136322,30.50193418644465,63.62892009589815,29.543316405060185,31.257407152531112,63.23004184128458,45.258619824562
Dethloff,SCA3-5,SAA,20000,29.619850152625027,32.062520610601986,64.80618628567791,31.37481867622384,31.257407152531112,63.23004184128458,45.258619824562
Dethloff,SCA3-6,Det,100,35.21172154730836,35.066347410474854,37.09934885285038,33.1374629402504,39.2720801636912,46.77842268312739,51.24243110365981
Dethloff,SCA3-6,Det,250,34.82755683198866,36.626528989797016,39.648415536470445,32.22044746307525,39.2720801636912,46.77842268312739,51.24243110365981
Dethloff,SCA3-6,Det,500,35.36781081926512,38.09522753142725,41.304048910483715,37.45749409614588,39.2720801636912,46.77842268312739,51.24243110365981
Dethloff,SCA3-6,Det,1000,36.27582577775202,38.83334816531396,40.71177089896015,37.321368020487334,39.2720801636912,46.77842268312739,51.24243110365981
Dethloff,SCA3-6,Det,2000,37.611846450216326,38.79280372690277,40.708838887742566,38.04626713825937,39.2720801636912,46.77842268312739,51.24243110365981
Dethloff,SCA3-6,Det,5000,36.953868802961345,38.728806409203656,40.34850679804125,38.124374226271364,39.2720801636912,46.77842268312739,51.24243110365981
Dethloff,SCA3-6,Det,20000,36.918349201776266,39.06088236810402,40.75540554615804,38.93298375936424,39.2720801636912,46.77842268312739,51.24243110365981
Dethloff,SCA3-6,SAA,100,-24.842784160096844,17.244099144995133,48.272424597388515,-12.901661819275015,29.556584090254123,64.04193800572567,45.21075796428564
Dethloff,SCA3-6,SAA,250,-7.001125492294661,20.75043448190098,58.50668992966656,0.0,29.556584090254123,64.04193800572567,45.21075796428564
Dethloff,SCA3-6,SAA,500,11.55461492650921,24.842179230277807,62.79352371161392,6.796472210925368,29.556584090254123,64.04193800572567,45.21075796428564
Dethloff,SCA3-6,SAA,1000,16.855367066879534,27.14445627641254,62.86081201839395,13.74754538981421,29.556584090254123,64.04193800572567,45.21075796428564
Dethloff,SCA3-6,SAA,2000,19.64733530134402,29.442741560092596,63.522850089164095,23.654699893062034,29.556584090254123,64.04193800572567,45.21075796428564
Dethloff,SCA3-6,SAA,5000,26.060730828983036,28.774606571732296,62.262482349775574,26.888924300186765,29.556584090254123,64.04193800572567,45.21075796428564
Dethloff,SCA3-6,SAA,20000,24.25903581834355,30.27713441548949,64.05490786575358,29.031091419927648,29.556584090254123,64.04193800572567,45.21075796428564
Dethloff,SCA3-7,Det,100,21.827754890432992,25.453072374831706,26.95144486384609,25.640548806331932,27.63962046813855,30.578955579943834,39.2642763964072
Dethloff,SCA3-7,Det,250,24.46800893843238,25.425331126942673,26.52755300995574,24.82575862171742,27.63962046813855,30.578955579943834,39.2642763964072
Dethloff,SCA3-7,Det,500,24.67919736699834,26.688478660390675,28.064630673397605,26.4475281574091,27.63962046813855,30.578955579943834,39.2642763964072
Dethloff,SCA3-7,Det,1000,25.47280446940421,26.98305665490879,28.328541377234064,26.13603748050809,27.63962046813855,30.578955579943834,39.2642763964072
Dethloff,SCA3-7,Det,2000,25.796390637002645,27.080113349503485,28.865698106485755,26.757128413245066,27.63962046813855,30.578955579943834,39.2642763964072
Dethloff,SCA3-7,Det,5000,25.97892691437027,27.58171143339334,29.394126414318887,27.29060265589168,27.63962046813855,30.578955579943834,39.2642763964072
Dethloff,SCA3-7,Det,20000,26.061281273715473,27.688745878075522,29.379547675313457,27.522276724651903,27.63962046813855,30.578955579943834,39.2642763964072
Dethloff,SCA3-7,SAA,100,6.679861153076518,23.605584824102277,54.93320253945668,-0.561002178245156,30.844632330179948,65.95723040729035,45.4659050682288
Dethloff,SCA3-7,SAA,250,21.84965189319491,29.605452234545353,61.56760752731327,0.0,30.844632330179948,65.95723040729035,45.4659050682288
Dethloff,SCA3-7,SAA,500,22.70630431416859,29.24361853586823,61.38606902079161,1.7330495422344956,30.844632330179948,65.95723040729035,45.4659050682288
Dethloff,SCA3-7,SAA,1000,26.50779379890518,30.506601814573546,63.454248575033915,22.052989472400416,30.844632330179948,65.95723040729035,45.4659050682288
Dethloff,SCA3-7,SAA,2000,26.298398081718357,30.488969739806958,63.310744224271374,27.953946572427647,30.844632330179948,65.95723040729035,45.4659050682288
Dethloff,SCA3-7,SAA,5000,26.026750540535698,30.654178021315857,65.34075116096845,29.292033881206173,30.844632330179948,65.95723040729035,45.4659050682288
Dethloff,SCA3-7,SAA,20000,26.856220727258115,30.885625547811483,65.06538988014903,31.582101380955013,30.844632330179948,65.95723040729035,45.4659050682288
Dethloff,SCA3-8,Det,100,24.16345414908402,28.290613357284474,30.551560383635856,26.052629932206166,30.636191981194166,32.54186462555745,42.40875190928368
Dethloff,SCA3-8,Det,250,28.114292699514472,29.386739702998277,31.309906021018413,28.09189338854128,30.636191981194166,32.54186462555745,42.40875190928368
Dethloff,SCA3-8,Det,500,28.72309344172236,29.679739775526354,31.84473855693887,29.038467360634403,30.636191981194166,32.54186462555745,42.40875190928368
Dethloff,SCA3-8,Det,1000,28.0562060632013,30.03439026122988,32.35166940131877,29.512187876097624,30.636191981194166,32.54186462555745,42.40875190928368
Dethloff,SCA3-8,Det,2000,28.1665435872771,30.180887663645144,32.09412748243731,29.630587592333622,30.636191981194166,32.54186462555745,42.40875190928368
Dethloff,SCA3-8,Det,5000,27.306938078462196,30.191864414240477,32.109971543737025,29.897081995699832,30.636191981194166,32.54186462555745,42.40875190928368
Dethloff,SCA3-8,Det,20000,27.580177209209083,30.3881279774412,32.36393127962166,30.5981216815294,30.636191981194166,32.54186462555745,42.40875190928368
Dethloff,SCA3-8,SAA,100,-7.265606309150003,22.46824441709493,47.470249920987726,0.0,27.827746534954667,64.88032761151723,44.749652379486115
Dethloff,SCA3-8,SAA,250,2.542086552416235,27.764900381524413,59.05319252726376,0.0,27.827746534954667,64.88032761151723,44.749652379486115
Dethloff,SCA3-8,SAA,500,11.670402244775373,28.611349401032644,58.67833598822633,-11.55142863539037,27.827746534954667,64.88032761151723,44.749652379486115
Dethloff,SCA3-8,SAA,1000,21.266898327584972,29.62699841769896,60.42669449221524,14.292637208458329,27.827746534954667,64.88032761151723,44.749652379486115
Dethloff,SCA3-8,SAA,2000,24.41219337773213,29.212888658975416,63.17053480309354,23.981658709583918,27.827746534954667,64.88032761151723,44.749652379486115
Dethloff,SCA3-8,SAA,5000,25.91719911402582,29.690641567192525,63.41723949842696,27.762603100802423,27.827746534954667,64.88032761151723,44.749652379486115
Dethloff,SCA3-8,SAA,20000,26.71719430246513,29.745118850866337,64.54962611429879,28.325427004339208,27.827746534954667,64.88032761151723,44.749652379486115
Dethloff,SCA3-9,Det,100,30.072466033426696,30.80147306902878,30.80147306902878,30.70161787551833,32.49324136750661,36.45014671569656,45.87199118538298
Dethloff,SCA3-9,Det,250,29.309517124701664,30.993011697094815,30.980971720257823,30.589218630799568,32.49324136750661,36.45014671569656,45.87199118538298
Dethloff,SCA3-9,Det,500,28.56906341828169,32.299791460485444,32.47812913322289,30.867073975299803,32.49324136750661,36.45014671569656,45.87199118538298
Dethloff,SCA3-9,Det,1000,30.01917927399164,32.35931397594468,32.844903217241885,31.32514005810724,32.49324136750661,36.45014671569656,45.87199118538298
Dethloff,SCA3-9,Det,2000,29.829162799473682,32.31621818754254,32.596351891078996,31.814900577443595,32.49324136750661,36.45014671569656,45.87199118538298
Dethloff,SCA3-9,Det,5000,29.600244826492858,32.48655890303956,33.05416118883895,31.843222271917124,32.49324136750661,36.45014671569656,45.87199118538298
Dethloff,SCA3-9,Det,20000,29.625907937927607,32.617521456258515,33.09269542778491,32.163749217058815,32.49324136750661,36.45014671569656,45.87199118538298
Dethloff,SCA3-9,SAA,100,6.71285255487398,19.654888292534125,53.53273434901052,1.0029986543790077,29.301703692152024,66.23171984779869,43.78651032071559
Dethloff,SCA3-9,SAA,250,16.99667809301929,24.68486023230338,54.8629075035651,-0.5017202475153363,29.301703692152024,66.23171984779869,43.78651032071559
Dethloff,SCA3-9,SAA,500,18.253615630313483,25.641038814389212,59.17000398284616,11.256742106893375,29.301703692152024,66.23171984779869,43.78651032071559
Dethloff,SCA3-9,SAA,1000,21.659679773651,28.257797894389473,64.88046990138872,18.978262767646395,29.301703692152024,66.23171984779869,43.78651032071559
Dethloff,SCA3-9,SAA,2000,25.016572665172482,28.098657935960716,65.13901779684075,25.184095008648434,29.301703692152024,66.23171984779869,43.78651032071559
Dethloff,SCA3-9,SAA,5000,25.038686494401883,29.65160497582099,65.89092109831022,28.81678579713303,29.301703692152024,66.23171984779869,43.78651032071559
Dethloff,SCA3-9,SAA,20000,24.175233637130184,30.00161860546024,67.99625154613156,29.94033162793648,29.301703692152024,66.23171984779869,43.78651032071559
Dethloff,SCA8-0,Det,100,13.435547595527106,13.680033261332778,14.720715257029426,11.065265593027027,14.614232505506946,16.422266696904316,28.684348020626388
Dethloff,SCA8-0,Det,250,13.312371259013764,13.901405519224967,14.99329593119387,12.949177589706942,14.614232505506946,16.422266696904316,28.684348020626388
Dethloff,SCA8-0,Det,500,13.449632433106004,14.104731984573965,15.608946802101553,13.733781742866752,14.614232505506946,16.422266696904316,28.684348020626388
Dethloff,SCA8-0,Det,1000,13.793596384444776,14.231571987475935,15.568579805501118,13.80351719783256,14.614232505506946,16.422266696904316,28.684348020626388
Dethloff,SCA8-0,Det,2000,13.767943154555564,14.15529615401819,15.545589575239173,13.79722350722781,14.614232505506946,16.422266696904316,28.684348020626388
Dethloff,SCA8-0,Det,5000,13.912003698213564,14.369714093034858,15.654980339983833,13.659822186799214,14.614232505506946,16.422266696904316,28.684348020626388
Dethloff,SCA8-0,Det,20000,13.894821442841652,14.62945447650632,15.997268309087598,14.503105872889817,14.614232505506946,16.422266696904316,28.684348020626388
Dethloff,SCA8-0,SAA,100,-1.4971145440467089,7.255395025620089,34.82262959456265,-5.303384911136435,12.590542674094971,42.00058822262319,40.5960054613294
Dethloff,SCA8-0,SAA,250,8.680213206025911,10.057799964040788,36.179175953073894,0.0,12.590542674094971,42.00058822262319,40.5960054613294
Dethloff,SCA8-0,SAA,500,10.112868569353967,11.192742869688251,39.31944529834251,2.8789790894968372,12.590542674094971,42.00058822262319,40.5960054613294
Dethloff,SCA8-0,SAA,1000,10.430037380241071,11.462263233169864,39.295493408879096,8.617013883100299,12.590542674094971,42.00058822262319,40.5960054613294
Dethloff,SCA8-0,SAA,2000,11.330498199105618,12.131164276645045,40.96120699178887,10.878575094333437,12.590542674094971,42.00058822262319,40.5960054613294
Dethloff,SCA8-0,SAA,5000,11.446376423608992,12.639508009644793,42.10397786573232,11.922882353824683,12.590542674094971,42.00058822262319,40.5960054613294
Dethloff,SCA8-0,SAA,20000,11.399554522139631,12.485484476420142,41.85285123894479,12.871868229777744,12.590542674094971,42.00058822262319,40.5960054613294
Dethloff,SCA8-1,Det,100,13.962012571247545,14.757637631353042,16.702196789417517,12.52570003825292,16.05443970549827,18.896929619835397,33.37599590867793
Dethloff,SCA8-1,Det,250,14.985610907911362,15.3598961286639,17.415239386962373,14.269955853447042,16.05443970549827,18.896929619835397,33.37599590867793
Dethloff,SCA8-1,Det,500,15.116924546435461,15.72015903381801,18.12017274091176,14.977710499584036,16.05443970549827,18.896929619835397,33.37599590867793
Dethloff,SCA8-1,Det,1000,15.457298830904614,15.885072789196546,18.21640993037793,15.41555592030856,16.05443970549827,18.896929619835397,33.37599590867793
Dethloff,SCA8-1,Det,2000,15.694659937267911,16.07589168243873,18.055533411194613,15.362599770583065,16.05443970549827,18.896929619835397,33.37599590867793
Dethloff,SCA8-1,Det,5000,15.804563625354096,16.13925611344159,18.577251247727293,15.646584263790249,16.05443970549827,18.896929619835397,33.37599590867793
Dethloff,SCA8-1,Det,20000,15.996892767814542,16.32607070868034,18.801376450384236,15.828671934688856,16.05443970549827,18.896929619835397,33.37599590867793
Dethloff,SCA8-1,SAA,100,1.9356407514448724,7.387267191978979,34.36474899159967,0.0,12.545367775187664,40.76005360835387,38.82315837853966
Dethloff,SCA8-1,SAA,250,3.802440589484661,8.623867931770102,33.13753328703692,0.0,12.545367775187664,40.76005360835387,38.82315837853966
Dethloff,SCA8-1,SAA,500,5.3603133424169345,8.73632394194092,34.98566568733708,1.4974278890070196,12.545367775187664,40.76005360835387,38.82315837853966
Dethloff,SCA8-1,SAA,1000,8.707755906500019,10.828222497989676,40.4389113315804,4.354653204736037,12.545367775187664,40.76005360835387,38.82315837853966
Dethloff,SCA8-1,SAA,2000,10.048316788707783,11.772604536126876,40.6013915499494,9.621323239635903,12.545367775187664,40.76005360835387,38.82315837853966
Dethloff,SCA8-1,SAA,5000,10.350126627801506,11.797637499213625,40.06785203154541,11.26968163884131,12.545367775187664,40.76005360835387,38.82315837853966
Dethloff,SCA8-1,SAA,20000,11.502004697134069,12.448344661891332,40.65444053802569,12.314739525226106,12.545367775187664,40.76005360835387,38.82315837853966
Dethloff,SCA8-2,Det,100,20.86194077887875,21.300317627044073,25.845794142451577,18.941276731611957,22.835882106144652,28.687578182905106,43.07325501698121
Dethloff,SCA8-2,Det,250,21.218960880150668,21.882735796200613,26.4204845217506,20.427983303059396,22.835882106144652,28.687578182905106,43.07325501698121
Dethloff,SCA8-2,Det,500,21.77124373721935,22.198001894876526,26.974674587244323,21.87154202795829,22.835882106144652,28.687578182905106,43.07325501698121
Dethloff,SCA8-2,Det,1000,21.870803094764486,22.418244182541894,26.477688383381352,22.05678692523013,22.835882106144652,28.687578182905106,43.07325501698121
Dethloff,SCA8-2,Det,2000,22.029862759963592,22.696130779064383,27.343825034758193,21.93950812480193,22.835882106144652,28.687578182905106,43.07325501698121
Dethloff,SCA8-2,Det,5000,22.2265938886941,22.618495737502027,27.166922240811072,22.362264809637836,22.835882106144652,28.687578182905106,43.07325501698121
Dethloff,SCA8-2,Det,20000,22.31198683778639,22.964924555314745,27.24182361697184,22.65491086354558,22.835882106144652,28.687578182905106,43.07325501698121
Dethloff,SCA8-2,SAA,100,2.0056192174855036,7.429565287821328,35.44272747042201,0.0,15.324856618783087,45.59734922413257,42.02644174303229
Dethloff,SCA8-2,SAA,250,6.466700606253127,7.15564138182424,38.56068235514992,0.0,15.324856618783087,45.59734922413257,42.02644174303229
Dethloff,SCA8-2,SAA,500,12.350322149563363,11.375600669403696,40.610370092912255,-1.1076596260242475,15.324856618783087,45.59734922413257,42.02644174303229
Dethloff,SCA8-2,SAA,1000,13.66777538446505,15.457058626818746,43.86324764207524,8.870058035716518,15.324856618783087,45.59734922413257,42.02644174303229
Dethloff,SCA8-2,SAA,2000,14.957501448893032,15.294302998735178,42.93030381382517,12.203081292608497,15.324856618783087,45.59734922413257,42.02644174303229
Dethloff,SCA8-2,SAA,5000,15.648128276979232,16.351196641941762,44.71915813809116,15.5510626062389,15.324856618783087,45.59734922413257,42.02644174303229
Dethloff,SCA8-2,SAA,20000,14.643625568545344,15.504358049916332,44.82167628070218,14.655386886037569,15.324856618783087,45.59734922413257,42.02644174303229
Dethloff,SCA8-3,Det,100,16.742714223950976,17.254843224518872,19.816848459742836,16.08007815564391,18.477937002845255,22.201632123074006,35.03904859525307
Dethloff,SCA8-3,Det,250,16.88769438962299,17.254122590401728,20.391361622943556,16.639584132708425,18.477937002845255,22.201632123074006,35.03904859525307
Dethloff,SCA8-3,Det,500,16.96470823720061,17.63245714201985,21.20731426218754,17.35287630197089,18.477937002845255,22.201632123074006,35.03904859525307
Dethloff,SCA8-3,Det,1000,17.258891913172448,18.02670982326852,21.403969720439324,17.357177523918136,18.477937002845255,22.201632123074006,35.03904859525307
Dethloff,SCA8-3,Det,2000,17.600611123422592,18.311855359175468,21.822614049011314,17.508342561911856,18.477937002845255,22.201632123074006,35.03904859525307
Dethloff,SCA8-3,Det,5000,17.809776194059395,18.436730838961967,21.939275242073403,17.681041518674498,18.477937002845255,22.201632123074006,35.03904859525307
Dethloff,SCA8-3,Det,20000,17.643992440308846,18.470405512048895,22.03451473733087,18.038665209328624,18.477937002845255,22.201632123074006,35.03904859525307
Dethloff,SCA8-3,SAA,100,1.9529050600304902,7.137316248438536,34.819886259322715,0.0,12.667630563990274,45.38519638550564,40.82078195880033
Dethloff,SCA8-3,SAA,250,5.318715768633983,7.4484336441964905,39.847572282362094,0.0,12.667630563990274,45.38519638550564,40.82078195880033
Dethloff,SCA8-3,SAA,500,8.235276114960824,9.2284225382637,42.698547744009865,-0.2690208100737533,12.667630563990274,45.38519638550564,40.82078195880033
Dethloff,SCA8-3,SAA,1000,9.883986631883808,10.624694727039772,43.91709580678264,4.342678225168551,12.667630563990274,45.38519638550564,40.82078195880033
Dethloff,SCA8-3,SAA,2000,10.459405251741996,10.696142435563383,45.61096739098113,9.299851305805126,12.667630563990274,45.38519638550564,40.82078195880033
Dethloff,SCA8-3,SAA,5000,11.66024739818491,11.994389636666332,45.48457051715246,12.15903629234393,12.667630563990274,45.38519638550564,40.82078195880033
Dethloff,SCA8-3,SAA,20000,11.985254216370947,12.665871628209052,45.6241307589485,12.82589144587338,12.667630563990274,45.38519638550564,40.82078195880033
Dethloff,SCA8-4,Det,100,18.124867158252837,17.806997383859827,19.73441671235832,16.770631688383727,20.252080318305346,23.391346436269824,36.85643276122448
Dethloff,SCA8-4,Det,250,18.714783751611158,19.361298166903453,22.38738562267125,19.008673510770773,20.252080318305346,23.391346436269824,36.85643276122448
Dethloff,SCA8-4,Det,500,19.340660562548596,19.54606930372051,21.67980437057959,19.703072736313903,20.252080318305346,23.391346436269824,36.85643276122448
Dethloff,SCA8-4,Det,1000,19.604282566864416,19.785328244632424,21.971935811505105,19.55073819504494,20.252080318305346,23.391346436269824,36.85643276122448
Dethloff,SCA8-4,Det,2000,19.687118666339597,20.130740757005533,22.689933562235662,19.96205006089507,20.252080318305346,23.391346436269824,36.85643276122448
Dethloff,SCA8-4,Det,5000,19.60101911962395,20.273302170962232,22.61520402215357,19.886385000671183,20.252080318305346,23.391346436269824,36.85643276122448
Dethloff,SCA8-4,Det,20000,20.021924659166302,20.432670462261076,22.723580072768353,20.22775941796687,20.252080318305346,23.391346436269824,36.85643276122448
Dethloff,SCA8-4,SAA,100,1.5268602179540995,5.486045890705989,37.805637960116286,0.0,12.985954705094032,47.3721913592666,43.518719145408824
Dethloff,SCA8-4,SAA,250,8.363713840193984,10.583220710618306,42.14773686526831,0.0,12.985954705094032,47.3721913592666,43.518719145408824
Dethloff,SCA8-4,SAA,500,10.10366478481889,11.790840905514651,42.094642770064986,2.443786569153369,12.985954705094032,47.3721913592666,43.518719145408824
Dethloff,SCA8-4,SAA,1000,10.297614420412495,11.74880375533409,46.07420466163913,10.958764706577536,12.985954705094032,47.3721913592666,43.518719145408824
Dethloff,SCA8-4,SAA,2000,12.32705090959966,12.680143027023162,46.57644870293129,11.36924128558817,12.985954705094032,47.3721913592666,43.518719145408824
Dethloff,SCA8-4,SAA,5000,11.957912971566385,12.488294844913419,46.042662077634,11.963631501948248,12.985954705094032,47.3721913592666,43.518719145408824
Dethloff,SCA8-4,SAA,20000,12.193806153240878,12.522303009609658,47.75232871088803,12.471943285749102,12.985954705094032,47.3721913592666,43.518719145408824
Dethloff,SCA8-5,Det,100,20.08207692100127,21.23570139858303,22.385140889488778,20.680906772067708,22.859005319388814,24.622036564257474,43.29396621997517
Dethloff,SCA8-5,Det,250,20.389524546592344,21.766167126101614,22.59135896885083,21.25981415919497,22.859005319388814,24.622036564257474,43.29396621997517
Dethloff,SCA8-5,Det,500,21.128893778527978,22.553195245609434,23.376612478910314,21.919896570743283,22.859005319388814,24.622036564257474,43.29396621997517
Dethloff,SCA8-5,Det,1000,21.2520030845254,22.927119250766314,23.752892198148125,22.29772569427043,22.859005319388814,24.622036564257474,43.29396621997517
Dethloff,SCA8-5,Det,2000,21.61446449302933,22.69112834816024,23.468922901759896,21.952431097770614,22.859005319388814,24.622036564257474,43.29396621997517
Dethloff,SCA8-5,Det,5000,21.744390976323636,23.00745452189977,23.768161648869476,21.99010680328402,22.859005319388814,24.622036564257474,43.29396621997517
Dethloff,SCA8-5,Det,20000,21.799559843761003,23.026534952213957,23.869146514002924,22.515196083293308,22.859005319388814,24.622036564257474,43.29396621997517
Dethloff,SCA8-5,SAA,100,3.3113708580772157,3.6025731348175527,27.924499375937902,0.0,10.606559102947154,38.45931713163011,40.063739017629146
Dethloff,SCA8-5,SAA,250,0.6839115445477678,5.263214721784111,34.21731991096297,0.0,10.606559102947154,38.45931713163011,40.063739017629146
Dethloff,SCA8-5,SAA,500,7.428491059078967,8.848232944387467,33.33309813396646,0.19003078763632975,10.606559102947154,38.45931713163011,40.063739017629146
Dethloff,SCA8-5,SAA,1000,9.065495718897793,9.430659417766943,35.23097547406763,4.957786649333383,10.606559102947154,38.45931713163011,40.063739017629146
Dethloff,SCA8-5,SAA,2000,9.54671254676218,10.043836436692672,35.60491872792984,9.211158613496156,10.606559102947154,38.45931713163011,40.063739017629146
Dethloff,SCA8-5,SAA,5000,9.085081893280696,9.70007451333603,36.83315437353499,10.417708755495566,10.606559102947154,38.45931713163011,40.063739017629146
Dethloff,SCA8-5,SAA,20000,9.71572050596699,10.649117074194011,37.60886034368441,10.738975213734937,10.606559102947154,38.45931713163011,40.063739017629146
Dethloff,SCA8-6,Det,100,16.582811111635305,17.450559656973628,17.216576820702723,17.388310251342716,18.941598522107363,19.484001984728383,36.422785664897916
Dethloff,SCA8-6,Det,250,17.58615748158741,18.12681291696358,18.350106157861504,18.03457243638438,18.941598522107363,19.484001984728383,36.422785664897916
Dethloff,SCA8-6,Det,500,18.19420003769486,18.31985620489688,18.43664105190648,18.20194589609456,18.941598522107363,19.484001984728383,36.422785664897916
Dethloff,SCA8-6,Det,1000,18.183698235723764,18.571887932460523,18.946817688030908,18.388605315666453,18.941598522107363,19.484001984728383,36.422785664897916
Dethloff,SCA8-6,Det,2000,18.65937918222443,18.96284160277952,19.186843310023548,18.379231772498223,18.941598522107363,19.484001984728383,36.422785664897916
Dethloff,SCA8-6,Det,5000,18.63434172674876,19.0830987919922,19.267890036353798,18.569569977604427,18.941598522107363,19.484001984728383,36.422785664897916
Dethloff,SCA8-6,Det,20000,18.49634497249056,19.13779729419666,19.403621786693567,18.986827313269664,18.941598522107363,19.484001984728383,36.422785664897916
Dethloff,SCA8-6,SAA,100,9.147738323506278,10.081810844395854,31.713723564037306,0.0,13.174445309228183,37.82660091491575,43.10456527760963
Dethloff,SCA8-6,SAA,250,8.726466905211845,9.37220884969962,29.271986973542422,0.0,13.174445309228183,37.82660091491575,43.10456527760963
Dethloff,SCA8-6,SAA,500,8.98428081329932,9.257958246197273,34.18016251923282,0.12230784164187251,13.174445309228183,37.82660091491575,43.10456527760963
Dethloff,SCA8-6,SAA,1000,11.195144610841242,12.207214321572822,34.6691458184711,8.56611872706672,13.174445309228183,37.82660091491575,43.10456527760963
Dethloff,SCA8-6,SAA,2000,11.52192981154731,12.389478434741054,34.49795115733815,11.786828490790548,13.174445309228183,37.82660091491575,43.10456527760963
Dethloff,SCA8-6,SAA,5000,12.269034254947043,13.424763065487648,36.82883871703208,12.647424122915092,13.174445309228183,37.82660091491575,43.10456527760963
Dethloff,SCA8-6,SAA,20000,12.208886129638401,13.195650414681202,36.58749604280544,13.471382337040936,13.174445309228183,37.82660091491575,43.10456527760963
Dethloff,SCA8-7,Det,100,21.799048369087103,22.79955296167867,25.763792339897925,21.6979724430609,24.37015362929731,28.610923117946562,44.96386946087756
Dethloff,SCA8-7,Det,250,22.38217800676796,23.628498867123277,25.91206599395677,21.96751614460846,24.37015362929731,28.610923117946562,44.96386946087756
Dethloff,SCA8-7,Det,500,22.875759728988875,23.773682001699132,26.199786784153158,23.320977073780636,24.37015362929731,28.610923117946562,44.96386946087756
Dethloff,SCA8-7,Det,1000,22.765746731735117,24.09262875178492,26.336906543918424,23.384003814140446,24.37015362929731,28.610923117946562,44.96386946087756
Dethloff,SCA8-7,Det,2000,23.02117577669723,24.272936557127853,26.454003876030274,23.829112690448724,24.37015362929731,28.610923117946562,44.96386946087756
Dethloff,SCA8-7,Det,5000,23.068695673533746,24.35395768620508,26.229573034468142,23.690946384932158,24.37015362929731,28.610923117946562,44.96386946087756
Dethloff,SCA8-7,Det,20000,22.882328836971897,24.336497539252747,26.50151683318318,23.95973493450011,24.37015362929731,28.610923117946562,44.96386946087756
Dethloff,SCA8-7,SAA,100,-6.937183679174611,4.0655053441632765,36.529262926742646,-16.621551834331186,15.813332011203588,47.3457388115464,43.77860370858416
Dethloff,SCA8-7,SAA,250,5.814003993079633,8.999790291185345,39.012732507644294,-5.0437150088518,15.813332011203588,47.3457388115464,43.77860370858416
Dethloff,SCA8-7,SAA,500,8.871927219371418,10.295468393546546,40.991002500110966,-0.3493372833060918,15.813332011203588,47.3457388115464,43.77860370858416
Dethloff,SCA8-7,SAA,1000,10.934577024306495,12.05370552921968,40.43966534597905,7.664306122350747,15.813332011203588,47.3457388115464,43.77860370858416
Dethloff,SCA8-7,SAA,2000,12.033495898394227,13.443205771083798,43.44220296535926,12.371100375257367,15.813332011203588,47.3457388115464,43.77860370858416
Dethloff,SCA8-7,SAA,5000,13.545926781379489,14.24681925027543,46.17371815436205,14.360110938459588,15.813332011203588,47.3457388115464,43.77860370858416
Dethloff,SCA8-7,SAA,20000,14.807944848167542,15.256726532012486,45.64158786192662,16.139441451099447,15.813332011203588,47.3457388115464,43.77860370858416
Dethloff,SCA8-8,Det,100,14.085272445842984,14.22850404717047,15.816394476374535,11.93436448417599,16.08510709925596,17.71721568413746,32.9780326245116
Dethloff,SCA8-8,Det,250,15.475119593753552,15.188797292985331,16.419681278136395,13.411675389681916,16.08510709925596,17.71721568413746,32.9780326245116
Dethloff,SCA8-8,Det,500,15.389941281884608,15.618544257690834,16.89174657865314,15.259884049370052,16.08510709925596,17.71721568413746,32.9780326245116
Dethloff,SCA8-8,Det,1000,15.405395744437493,15.88887700462003,17.072467488259107,15.5728729367571,16.08510709925596,17.71721568413746,32.9780326245116
Dethloff,SCA8-8,Det,2000,15.694648391655223,16.068262795354883,17.299092032316565,15.498127884597354,16.08510709925596,17.71721568413746,32.9780326245116
Dethloff,SCA8-8,Det,5000,15.798406052238592,15.942206130430577,17.233742263039648,15.678466947595695,16.08510709925596,17.71721568413746,32.9780326245116
Dethloff,SCA8-8,Det,20000,15.866295228010069,16.123932058920175,17.262814412735516,16.044860266168136,16.08510709925596,17.71721568413746,32.9780326245116
Dethloff,SCA8-8,SAA,100,-4.9074407586898285,2.5308909536873636,14.166312804618846,0.0,7.820348559318683,35.96849349189241,42.707794312096155
Dethloff,SCA8-8,SAA,250,-5.164504086623022,2.1083816399490187,32.67258807719107,0.0,7.820348559318683,35.96849349189241,42.707794312096155
Dethloff,SCA8-8,SAA,500,3.267291240825166,4.957113036023305,29.191860288503168,0.0,7.820348559318683,35.96849349189241,42.707794312096155
Dethloff,SCA8-8,SAA,1000,6.4595956022611025,7.690542676917004,32.18685457233655,1.0226434077120536,7.820348559318683,35.96849349189241,42.707794312096155
Dethloff,SCA8-8,SAA,2000,8.397067156252435,8.674680544356622,33.679156224052285,5.562121699017398,7.820348559318683,35.96849349189241,42.707794312096155
Dethloff,SCA8-8,SAA,5000,8.413679874653692,8.8192782513363,32.922638567807134,6.866430940751104,7.820348559318683,35.96849349189241,42.707794312096155
Dethloff,SCA8-8,SAA,20000,8.817992096521532,8.5039166619469,34.85016910870445,7.7903436513782225,7.820348559318683,35.96849349189241,42.707794312096155
Dethloff,SCA8-9,Det,100,14.274320454051585,15.681647418025733,17.035544637716896,13.635401043882364,17.79341221419863,19.63247207535964,29.806705249847504
Dethloff,SCA8-9,Det,250,15.43412677377856,16.678503977111085,18.25451145980427,15.848069597814899,17.79341221419863,19.63247207535964,29.806705249847504
Dethloff,SCA8-9,Det,500,16.200788509387767,16.999845715697088,18.416504364800367,16.96944258476318,17.79341221419863,19.63247207535964,29.806705249847504
Dethloff,SCA8-9,Det,1000,16.356052993046294,17.49098873772794,18.993948056291384,16.79889005571235,17.79341221419863,19.63247207535964,29.806705249847504
Dethloff,SCA8-9,Det,2000,15.873098630620493,17.606512324360292,19.201857767361552,16.919247698878632,17.79341221419863,19.63247207535964,29.806705249847504
Dethloff,SCA8-9,Det,5000,16.04509858309072,17.755514737871,19.28952858286351,16.852880967689497,17.79341221419863,19.63247207535964,29.806705249847504
Dethloff,SCA8-9,Det,20000,16.26629439144446,17.670330309427516,19.204554956920113,17.413893096803562,17.79341221419863,19.63247207535964,29.806705249847504
Dethloff,SCA8-9,SAA,100,-7.648032879270046,0.8381071545105641,23.72494859740034,0.0,10.385802495823095,32.97107247719966,42.16499154050094
Dethloff,SCA8-9,SAA,250,1.9840207264533052,3.7108547641244107,26.37587539831085,0.0,10.385802495823095,32.97107247719966,42.16499154050094
Dethloff,SCA8-9,SAA,500,4.12411562960267,5.544650638737785,26.235832294815697,-0.6982289211464227,10.385802495823095,32.97107247719966,42.16499154050094
Dethloff,SCA8-9,SAA,1000,6.1971970136475525,7.760284531515595,29.651598629537524,0.7443124293896214,10.385802495823095,32.97107247719966,42.16499154050094
Dethloff,SCA8-9,SAA,2000,7.261360019838249,8.360802258103991,31.71448063825305,7.4635339147407525,10.385802495823095,32.97107247719966,42.16499154050094
Dethloff,SCA8-9,SAA,5000,8.292888131831575,9.561922893546335,31.499886893250473,8.205605255827537,10.385802495823095,32.97107247719966,42.16499154050094
Dethloff,SCA8-9,SAA,20000,10.02441744792246,9.872818468630575,33.39804741208025,10.782745649437866,10.385802495823095,32.97107247719966,42.16499154050094
City,HANOI-100-1,Det,100,9.417465945768317,6.4709997529652785,6.344655211846287,2.336033393761476,12.050125227500398,13.273525443509278,42.257291386663276
City,HANOI-100-1,Det,250,6.722923522852977,6.877596236696711,6.751251695577718,0.0,12.050125227500398,13.273525443509278,42.257291386663276
City,HANOI-100-1,Det,500,9.410545702301434,8.169241157472346,8.169241157472346,4.89069550141089,12.050125227500398,13.273525443509278,42.257291386663276
City,HANOI-100-1,Det,1000,9.394631020615899,10.43327689099844,10.268206306597786,5.105459999586337,12.050125227500398,13.273525443509278,42.257291386663276
City,HANOI-100-1,Det,2000,9.735863519560398,9.586708737437089,9.586708737437089,6.007937494434893,12.050125227500398,13.273525443509278,42.257291386663276
City,HANOI-100-1,Det,5000,10.900461809517264,11.088059615444608,11.088059615444608,9.842932280485766,12.050125227500398,13.273525443509278,42.257291386663276
City,HANOI-100-1,Det,20000,12.571153206734593,12.202326517535356,12.202326517535356,11.498871493327508,12.050125227500398,13.273525443509278,42.257291386663276
City,HANOI-100-2,Det,100,-3.2996416675810383,-0.6942694441752169,-0.6942694441752169,0.0,2.6489336800718575,3.4616705233412217,12.80887785874257
City,HANOI-100-2,Det,250,-0.011269857788511516,0.5527521910355535,1.3459099316588117,0.0,2.6489336800718575,3.4616705233412217,12.80887785874257
City,HANOI-100-2,Det,500,-1.643205996668199,-0.18366225851888196,0.16537848178217812,-0.8912418833481874,2.6489336800718575,3.4616705233412217,12.80887785874257
City,HANOI-100-2,Det,1000,0.03161780962378995,0.6072906142277066,1.239666233760229,-0.4035068578800889,2.6489336800718575,3.4616705233412217,12.80887785874257
City,HANOI-100-2,Det,2000,1.9640689993458615,2.1420185754105003,2.6660566945042325,1.6079733236949272,2.6489336800718575,3.4616705233412217,12.80887785874257
City,HANOI-100-2,Det,5000,1.5170492126986563,1.8752383481032415,2.351288462089348,1.8813447904974918,2.6489336800718575,3.4616705233412217,12.80887785874257
City,HANOI-100-2,Det,20000,2.7534474073692876,2.905490765805623,3.330450117100004,2.7036284623825266,2.6489336800718575,3.4616705233412217,12.80887785874257
City,HANOI-100-3,Det,100,10.611798953859473,14.427527794541637,15.877969831583256,2.624098702913463,20.820314519817703,23.859974072726352,48.879314994656156
City,HANOI-100-3,Det,250,17.27392847428004,15.54920509159708,19.062463176629596,0.0,20.820314519817703,23.859974072726352,48.879314994656156
City,HANOI-100-3,Det,500,20.2911813333673,17.645267604874764,21.02781290046157,9.17435085875561,20.820314519817703,23.859974072726352,48.879314994656156
City,HANOI-100-3,Det,1000,20.824562385991573,20.094095442925212,23.821298677746977,14.599796520649392,20.820314519817703,23.859974072726352,48.879314994656156
City,HANOI-100-3,Det,2000,20.97947610169207,21.529487954152486,24.551381995032987,17.257497559997443,20.820314519817703,23.859974072726352,48.879314994656156
City,HANOI-100-3,Det,5000,21.703055640674297,22.231263042794186,24.840134373520083,20.470354474463026,20.820314519817703,23.859974072726352,48.879314994656156
City,HANOI-100-3,Det,20000,22.881256398333157,21.853864611071995,24.854117888199987,21.51347888319454,20.820314519817703,23.859974072726352,48.879314994656156
City,HANOI-200-1,Det,100,9.441181940818613,9.660701244494687,9.660701244494687,2.218621269761285,18.18650531670071,19.413969726393706,43.65643175385763
City,HANOI-200-1,Det,250,13.793719683002335,13.98792012639785,13.893545708588501,2.465436262890729,18.18650531670071,19.413969726393706,43.65643175385763
City,HANOI-200-1,Det,500,13.994713380921898,15.604168647869102,15.604168647869102,7.7213320675168164,18.18650531670071,19.413969726393706,43.65643175385763
City,HANOI-200-1,Det,1000,15.414212143828733,16.796081264823123,16.796081264823123,10.951174426249471,18.18650531670071,19.413969726393706,43.65643175385763
City,HANOI-200-1,Det,2000,16.574792429970664,17.277396794752356,17.277396794752356,13.886217043502564,18.18650531670071,19.413969726393706,43.65643175385763
City,HANOI-200-1,Det,5000,17.529747342592767,18.612015420530426,18.612015420530426,16.885014177928237,18.18650531670071,19.413969726393706,43.65643175385763
City,HANOI-200-1,Det,20000,17.875712952941615,18.58137109206915,18.58137109206915,18.11264195950657,18.18650531670071,19.413969726393706,43.65643175385763
City,HANOI-400-1,Det,100,2.2562442015792596,8.217076726814604,8.113737310886023,-6.131219742999962,15.110139898235545,14.352920459926757,46.661873015393006
City,HANOI-400-1,Det,250,8.229370811841887,10.366119281487624,10.366119281487624,-0.9287977634630096,15.110139898235545,14.352920459926757,46.661873015393006
City,HANOI-400-1,Det,500,9.934613033980378,11.726640823906594,11.62503746734565,4.26501670064463,15.110139898235545,14.352920459926757,46.661873015393006
City,HANOI-400-1,Det,1000,12.004633780363456,12.675957561108985,12.5312140398431,8.046122210663794,15.110139898235545,14.352920459926757,46.661873015393006
City,HANOI-400-1,Det,2000,12.26507317961794,12.973160941920195,12.797562183602096,10.338488418890519,15.110139898235545,14.352920459926757,46.661873015393006
City,HANOI-400-1,Det,5000,13.27345469901889,14.115527383644741,14.115527383644741,12.101879567987604,15.110139898235545,14.352920459926757,46.661873015393006
City,HANOI-400-1,Det,20000,13.486453802881996,14.824568281727789,14.824568281727789,13.788056685986698,15.110139898235545,14.352920459926757,46.661873015393006
City,HCMC-100-1,Det,100,0.7017953459580106,2.3095579558203863,2.3095579558203863,2.0440931558806814,5.893321093290426,6.642669853876428,20.684007230993842
City,HCMC-100-1,Det,250,0.7298873087555303,2.183641988911874,2.539942630244444,1.6642135567518506,5.893321093290426,6.642669853876428,20.684007230993842
City,HCMC-100-1,Det,500,2.5365027255075523,2.8334496783326855,3.1165580196045206,0.3834556211320813,5.893321093290426,6.642669853876428,20.684007230993842
City,HCMC-100-1,Det,1000,3.879972816946836,3.2782043241553365,3.465805219409326,2.989467026994605,5.893321093290426,6.642669853876428,20.684007230993842
City,HCMC-100-1,Det,2000,4.388992236985721,3.804251898173443,4.2988606674464895,3.5884105362470864,5.893321093290426,6.642669853876428,20.684007230993842
City,HCMC-100-1,Det,5000,5.003623506378453,5.152565393033673,5.770222661419444,5.054016946954612,5.893321093290426,6.642669853876428,20.684007230993842
City,HCMC-100-1,Det,20000,5.599101910011831,6.03524165749674,6.768712881528788,6.139901608317442,5.893321093290426,6.642669853876428,20.684007230993842
City,HCMC-100-2,Det,100,-0.38015151903273015,7.987738595317717,7.968711815462305,3.221610933007235,12.107000057370641,11.87809005509777,50.70160674262152
City,HCMC-100-2,Det,250,6.469454042773472,10.741805492659457,10.827142656268729,0.4775330658008949,12.107000057370641,11.87809005509777,50.70160674262152
City,HCMC-100-2,Det,500,8.790377497470875,9.141904570206421,9.170813372229675,3.180960050433081,12.107000057370641,11.87809005509777,50.70160674262152
City,HCMC-100-2,Det,1000,8.471867262976701,10.748575267002895,10.748575267002895,7.884665930188036,12.107000057370641,11.87809005509777,50.70160674262152
City,HCMC-100-2,Det,2000,9.884290590882957,10.46657303028745,10.46657303028745,9.31424670285908,12.107000057370641,11.87809005509777,50.70160674262152
City,HCMC-100-2,Det,5000,11.038357960815087,11.577017478256552,11.577017478256552,10.78135171955946,12.107000057370641,11.87809005509777,50.70160674262152
City,HCMC-100-2,Det,20000,12.385595227839255,12.428737889292409,12.420093967306824,11.558793706739742,12.107000057370641,11.87809005509777,50.70160674262152
City,HCMC-100-3,Det,100,-2.480685339336675,1.3117602522971115,1.3117602522971115,-2.4782793537811645,6.27978401859684,6.342004377916099,29.434028648558876
City,HCMC-100-3,Det,250,5.164034239929809,5.720340929666777,5.720340929666777,-4.948279190656002,6.27978401859684,6.342004377916099,29.434028648558876
City,HCMC-100-3,Det,500,2.68802899565643,5.841065957836403,5.8669472558147255,1.1265818257086821,6.27978401859684,6.342004377916099,29.434028648558876
City,HCMC-100-3,Det,1000,5.905903104757762,5.707850849612259,5.622664582044385,2.1849678421346646,6.27978401859684,6.342004377916099,29.434028648558876
City,HCMC-100-3,Det,2000,5.477593731388682,5.936809294414163,5.936809294414163,5.846668957455849,6.27978401859684,6.342004377916099,29.434028648558876
City,HCMC-100-3,Det,5000,5.424664202872744,5.84325514874725,5.646904311839893,5.778192999766232,6.27978401859684,6.342004377916099,29.434028648558876
City,HCMC-100-3,Det,20000,6.403520014362255,6.480664702280616,6.480664702280616,6.951917259756939,6.27978401859684,6.342004377916099,29.434028648558876
City,HCMC-200-1,Det,100,1.98637926994929,6.1162063519203524,6.1162063519203524,0.5384669530035151,9.301200123764708,9.072081771665072,30.89075626732263
City,HCMC-200-1,Det,250,6.193940813003078,6.391545458351612,6.391545458351612,1.9402245083180423,9.301200123764708,9.072081771665072,30.89075626732263
City,HCMC-200-1,Det,500,6.923010517578636,7.638377998373232,7.638377998373232,4.5636652875006725,9.301200123764708,9.072081771665072,30.89075626732263
City,HCMC-200-1,Det,1000,8.379108510801599,8.636098313757353,8.545479576539869,6.071020045158578,9.301200123764708,9.072081771665072,30.89075626732263
City,HCMC-200-1,Det,2000,9.02418009924413,9.000369994850608,9.000369994850608,7.757933517653081,9.301200123764708,9.072081771665072,30.89075626732263
City,HCMC-200-1,Det,5000,8.664576000026168,9.605868617774084,9.60972543602617,7.958912847624783,9.301200123764708,9.072081771665072,30.89075626732263
City,HCMC-200-1,Det,20000,9.311182384982287,9.809028641569604,9.661975956148137,9.386926608961767,9.301200123764708,9.072081771665072,30.89075626732263
City,HCMC-400-1,Det,100,5.9293193792867775,5.962445458411474,5.87799536463066,0.4596251838068832,11.205195454410497,11.086915316610122,36.3684429480461
City,HCMC-400-1,Det,250,8.645862798364782,8.144469066648627,8.028800545972038,3.7283991489793555,11.205195454410497,11.086915316610122,36.3684429480461
City,HCMC-400-1,Det,500,9.086521417875147,8.51223179242792,8.399524589445653,4.702079692586522,11.205195454410497,11.086915316610122,36.3684429480461
City,HCMC-400-1,Det,1000,9.848455526914101,10.071535621296563,9.986745598259757,7.715140030942952,11.205195454410497,11.086915316610122,36.3684429480461
City,HCMC-400-1,Det,2000,10.577952635155581,10.958935738302358,10.954113246464763,9.8641175348738,11.205195454410497,11.086915316610122,36.3684429480461
City,HCMC-400-1,Det,5000,10.716936347408993,11.08259290236151,11.090745676996626,10.337089931481481,11.205195454410497,11.086915316610122,36.3684429480461
City,HCMC-400-1,Det,20000,10.993336788186504,11.766176555705044,11.787085714204082,11.161040814227201,11.205195454410497,11.086915316610122,36.3684429480461
City,NYC-100-1,Det,100,3.1391831127213576,9.819842839271999,8.92753928119841,-9.448213090450972,13.488081931563984,13.10458680896774,45.1466589883828
City,NYC-100-1,Det,250,8.02271022468602,9.012235309061708,8.650934960963847,-1.2430087261966403,13.488081931563984,13.10458680896774,45.1466589883828
City,NYC-100-1,Det,500,9.90054868736368,9.645124882666078,9.399703617932373,4.962960021198441,13.488081931563984,13.10458680896774,45.1466589883828
City,NYC-100-1,Det,1000,10.464459990732783,10.784335207261732,10.53891394252804,9.597336670026305,13.488081931563984,13.10458680896774,45.1466589883828
City,NYC-100-1,Det,2000,11.859196311753474,12.26379795865211,12.3076716795186,10.730201036344543,13.488081931563984,13.10458680896774,45.1466589883828
City,NYC-100-1,Det,5000,13.727404508025513,13.139797309390316,13.192416839137072,11.304022460752662,13.488081931563984,13.10458680896774,45.1466589883828
City,NYC-100-1,Det,20000,13.069707808053785,13.558163394656098,13.58377804333953,11.701008677642932,13.488081931563984,13.10458680896774,45.1466589883828
City,NYC-100-2,Det,100,9.36915245361109,9.393897199704602,9.511608762296392,7.304116558364507,14.136480459096731,14.512540471237715,42.797147896568795
City,NYC-100-2,Det,250,10.44115743824684,11.398167875426996,11.211141096987825,9.322309870401929,14.136480459096731,14.512540471237715,42.797147896568795
City,NYC-100-2,Det,500,11.566601163335749,12.097134758320307,12.031196507740352,10.415359445494111,14.136480459096731,14.512540471237715,42.797147896568795
City,NYC-100-2,Det,1000,11.531819774470323,11.976759593388184,12.300868900271626,13.762604126485677,14.136480459096731,14.512540471237715,42.797147896568795
City,NYC-100-2,Det,2000,13.07611231716984,13.742818994562208,14.28437396746453,13.29742886097451,14.136480459096731,14.512540471237715,42.797147896568795
City,NYC-100-2,Det,5000,13.495740657723156,14.376162091427554,14.832252543963238,14.148076032735089,14.136480459096731,14.512540471237715,42.797147896568795
City,NYC-100-2,Det,20000,14.49766804422704,14.516985984939968,15.024049138323837,13.672357429214326,14.136480459096731,14.512540471237715,42.797147896568795
City,NYC-100-3,Det,100,-0.853643205949361,-0.6409167713670784,-1.8126804089256023,1.275902035785221,9.959446401591485,9.76073883203072,31.744266095561137
City,NYC-100-3,Det,250,2.962965049370866,7.215361599100278,7.70002561291968,0.0,9.959446401591485,9.76073883203072,31.744266095561137
City,NYC-100-3,Det,500,7.936207906198196,8.654506762205088,7.244526541166116,-0.45960438645325263,9.959446401591485,9.76073883203072,31.744266095561137
City,NYC-100-3,Det,1000,9.726363708855187,7.950632275123872,7.950632275123872,4.682500321237892,9.959446401591485,9.76073883203072,31.744266095561137
City,NYC-100-3,Det,2000,10.091709472817772,10.102691111902647,10.102691111902647,6.831134556891711,9.959446401591485,9.76073883203072,31.744266095561137
City,NYC-100-3,Det,5000,10.989636697913744,10.55580756200246,10.55580756200246,9.197085579560861,9.959446401591485,9.76073883203072,31.744266095561137
City,NYC-100-3,Det,20000,11.03925489070436,12.02538605065898,12.02538605065898,10.598687921973807,9.959446401591485,9.76073883203072,31.744266095561137
City,PARIS-100-1,Det,100,8.544428075337454,7.630989293877764,7.630989293877764,5.0599526162288555,16.51830520407336,16.765042913567832,44.4479752424827
City,PARIS-100-1,Det,250,10.3460753635824,9.468712232360568,9.741303566584062,6.239098514185858,16.51830520407336,16.765042913567832,44.4479752424827
City,PARIS-100-1,Det,500,11.418679226112717,14.168682475269938,14.396250830834708,10.88748428703848,16.51830520407336,16.765042913567832,44.4479752424827
City,PARIS-100-1,Det,1000,13.253965453797564,13.049454909183826,13.149408595218505,12.087917310387938,16.51830520407336,16.765042913567832,44.4479752424827
City,PARIS-100-1,Det,2000,12.95176683167656,15.2023831974127,15.2023831974127,12.362069602146402,16.51830520407336,16.765042913567832,44.4479752424827
City,PARIS-100-1,Det,5000,14.381803983028309,15.145174772579875,15.145174772579875,12.767825077900154,16.51830520407336,16.765042913567832,44.4479752424827
City,PARIS-100-1,Det,20000,16.614598114553452,16.79466957207841,16.673696217353275,15.479822389061711,16.51830520407336,16.765042913567832,44.4479752424827
City,PARIS-100-2,Det,100,-1.7359380475564925,1.1590720112829305,1.1590720112829305,0.0,3.5498227608367454,3.415232642211987,13.976293868441521
City,PARIS-100-2,Det,250,1.6812996682971526,3.241508492068033,3.241508492068033,0.0,3.5498227608367454,3.415232642211987,13.976293868441521
City,PARIS-100-2,Det,500,3.2756592489750425,3.5630690649088677,3.5630690649088677,0.7854641395182245,3.5498227608367454,3.415232642211987,13.976293868441521
City,PARIS-100-2,Det,1000,3.695325404182216,3.3628532192098306,3.3628532192098306,2.0333888809131033,3.5498227608367454,3.415232642211987,13.976293868441521
City,PARIS-100-2,Det,2000,3.7795744061341123,3.3348720475330733,3.3348720475330733,2.8398209596676365,3.5498227608367454,3.415232642211987,13.976293868441521
City,PARIS-100-2,Det,5000,3.8232443622813252,3.6674512789083082,3.6674512789083082,2.937134436139574,3.5498227608367454,3.415232642211987,13.976293868441521
City,PARIS-100-2,Det,20000,3.0079268790044322,3.6497046119953467,3.6497046119953467,3.413951261003522,3.5498227608367454,3.415232642211987,13.976293868441521
City,PARIS-100-3,Det,100,-46.798922239666474,-23.65321402604688,-23.15286854920233,0.0,37.49096587477313,35.437976831951474,57.65784740922653
City,PARIS-100-3,Det,250,-18.98143975494008,11.808953051624309,11.808953051624309,0.0,37.49096587477313,35.437976831951474,57.65784740922653
City,PARIS-100-3,Det,500,20.03883167427247,24.303339155622428,24.303339155622428,-10.699561994239673,37.49096587477313,35.437976831951474,57.65784740922653
City,PARIS-100-3,Det,1000,26.82681632587019,27.922610687637007,27.922610687637007,11.027318525889596,37.49096587477313,35.437976831951474,57.65784740922653
City,PARIS-100-3,Det,2000,30.287682227205156,32.81430475025298,33.16784508390782,26.35076556803887,37.49096587477313,35.437976831951474,57.65784740922653
City,PARIS-100-3,Det,5000,33.493719052606856,32.783942393233914,32.783942393233914,26.660751396832467,37.49096587477313,35.437976831951474,57.65784740922653
City,PARIS-100-3,Det,20000,31.39102656340288,38.753665310109184,38.753665310109184,36.47833384277812,37.49096587477313,35.437976831951474,57.65784740922653
City,SHANGHAI-100-1,Det,100,1.335490763351326,3.30940022308309,3.130344408990979,-0.7445975458859558,6.412912038307733,6.060620545312564,31.694994934085482
City,SHANGHAI-100-1,Det,250,3.520951873246585,3.9306671632249053,3.9306671632249053,2.6636067282505556,6.412912038307733,6.060620545312564,31.694994934085482
City,SHANGHAI-100-1,Det,500,3.7795393397525165,4.21091515525465,4.168618706194738,2.1303079977871717,6.412912038307733,6.060620545312564,31.694994934085482
City,SHANGHAI-100-1,Det,1000,5.5562704147588855,5.3783992214005,5.3783992214005,3.3085524238381856,6.412912038307733,6.060620545312564,31.694994934085482
City,SHANGHAI-100-1,Det,2000,6.200430553626223,6.133327306928094,6.133327306928094,4.901123431080725,6.412912038307733,6.060620545312564,31.694994934085482
City,SHANGHAI-100-1,Det,5000,6.233936575069363,6.273442642794631,6.273442642794631,5.552035058806572,6.412912038307733,6.060620545312564,31.694994934085482
City,SHANGHAI-100-1,Det,20000,6.297244140862348,5.926042399392927,5.9604108238546365,5.1820243474015335,6.412912038307733,6.060620545312564,31.694994934085482
City,SHANGHAI-100-2,Det,100,2.2760561155546495,3.5080326761423763,3.5080326761423763,-6.376875124746139,14.029453505201396,13.74327470565652,50.45782355394141
City,SHANGHAI-100-2,Det,250,9.923112715673152,11.224343181288177,10.769461167276214,-1.320073639367538,14.029453505201396,13.74327470565652,50.45782355394141
City,SHANGHAI-100-2,Det,500,10.721136919337743,13.419966473373542,13.08866788944157,5.905669112557561,14.029453505201396,13.74327470565652,50.45782355394141
City,SHANGHAI-100-2,Det,1000,12.109067679409344,12.967405371067422,12.967405371067422,10.007942364717755,14.029453505201396,13.74327470565652,50.45782355394141
City,SHANGHAI-100-2,Det,2000,13.649264586009195,14.14419242451758,14.153254277764953,12.598352098589821,14.029453505201396,13.74327470565652,50.45782355394141
City,SHANGHAI-100-2,Det,5000,13.228191815286191,14.592379352251521,14.592379352251521,12.61962481523516,14.029453505201396,13.74327470565652,50.45782355394141
City,SHANGHAI-100-2,Det,20000,14.073639897024329,14.747359130514008,14.747359130514008,14.484173800363585,14.029453505201396,13.74327470565652,50.45782355394141
City,SHANGHAI-100-3,Det,100,-2.331370151631013,0.5778149645875529,0.225391928574796,-7.356281042840901,2.1330577044372743,2.445209032201828,23.104425067167416
City,SHANGHAI-100-3,Det,250,1.704483680987729,2.392828124646753,2.392828124646753,-0.9586474181210114,2.1330577044372743,2.445209032201828,23.104425067167416
City,SHANGHAI-100-3,Det,500,2.345072457652478,2.5014093186945603,2.5014093186945603,0.5669296204673483,2.1330577044372743,2.445209032201828,23.104425067167416
City,SHANGHAI-100-3,Det,1000,2.342757403723617,2.2229090112949517,2.2229090112949517,0.9248893310372812,2.1330577044372743,2.445209032201828,23.104425067167416
City,SHANGHAI-100-3,Det,2000,2.8405793456491106,2.9236501148575025,2.9236501148575025,2.362972423000457,2.1330577044372743,2.445209032201828,23.104425067167416
City,SHANGHAI-100-3,Det,5000,2.626937329249747,2.7416377728598635,2.802801609698355,0.8478592866723177,2.1330577044372743,2.445209032201828,23.104425067167416
City,SHANGHAI-100-3,Det,20000,3.267652105614571,3.489531667915685,3.5647391758065625,2.4822916500917156,2.1330577044372743,2.445209032201828,23.104425067167416
