Instance,Plan,train,test,n_train,none_rec,fb_tau_rec,thr_k_rec,thr2_rec,dp3_n_rec,ro_theta_rec,pi3_rec,restock_rec,v2_lsm_rec,v2_act_rec,v2_cf_rec,dp_n_rec,dp_xl_rec,dp_xl3_rec,oracle_rec,oracle3_rec
CON3-0,Det,mix,normal,1000,101.64851411250001,85.875139634,82.8073727945,80.290199951,79.401053524,84.37476505600002,87.101499222,91.779972605,82.414437253,79.27683264650001,76.68456119150001,83.76040823849999,82.55550143550002,76.53853015500002,75.37004873000001,66.844071188
CON3-0,Det,mix,promo,1000,164.95491692500002,136.0310099755,132.4960394715,136.23009533400003,131.36810828100002,134.62565331000002,139.70140700750002,151.46571059500002,132.341700022,135.903021603,124.85157450800001,133.15009593550002,131.08074095300003,123.58524749350002,122.35903281300003,110.30639875600002
CON3-0,Det,normal,normal,800,101.64851411250001,85.80633233100001,83.324682596,80.3036766385,79.83844204600001,84.38194627850001,87.866076881,91.72387262,82.867790439,79.0785258835,77.020894191,84.3200616055,82.55550143550002,76.53853015500002,75.37004873000001,66.844071188
CON3-0,Det,promo,promo,200,164.95491692500002,138.1188309375,132.10374094300002,136.18145963000003,131.9135175,134.53469309300004,137.96867205900003,150.9348661225,131.93017663450001,128.08653538800002,125.38699268850002,134.47837026550002,131.08074095300003,123.58524749350002,122.35903281300003,110.30639875600002
CON3-0,Det,normal,promo,800,164.95491692500002,136.0928612435,134.18941511000003,136.24976629100001,132.1828389115,135.24887665750003,140.7499530115,151.4191335425,133.96797005300002,136.4000313525,127.21493002600002,137.449716165,131.08074095300003,123.58524749350002,122.35903281300003,110.30639875600002
CON3-0,SAA,mix,normal,1000,12.6039346125,9.093862482000002,8.7891162475,6.3780982029999995,7.700197277500001,9.1070941445,9.527608924499999,6.2866230825,8.7374420275,3.842048965,3.8842362935,9.333627605,8.392551675500002,3.8621342949999997,6.9391955020000005,2.3347875300000003
CON3-0,SAA,mix,promo,1000,53.8214533375,38.51373880599999,36.729112668499994,27.5117366715,35.288926974999995,38.45351205349999,38.983564627,29.3725908725,36.6267045825,20.619018094999998,20.022261018500004,38.470295720500005,35.5190852595,18.2867285385,29.159121318,11.06521269
CON3-0,SAA,normal,normal,800,12.6039346125,9.1763646745,8.806755765,6.367415257499999,7.07315554,9.025287849,10.48116139,6.2866230825,8.7648594785,4.25385806,4.4214211925,10.671883113,8.392551675500002,3.8621342949999997,6.9391955020000005,2.3347875300000003
CON3-0,SAA,promo,promo,200,53.8214533375,39.386992916500006,37.920980751500004,28.117503075500004,28.318355544999996,38.332660295,37.562373640000004,28.752294055,37.39617064,23.8682970725,21.35286558,43.123836276,35.5190852595,18.2867285385,29.159121318,11.06521269
CON3-0,SAA,normal,promo,800,53.8214533375,38.797162621,37.75648320500001,28.121457499999998,30.7730990425,38.223748667,42.7465284725,29.3725908725,37.754648182500006,22.074099482500003,22.010511237499998,44.2417986495,35.5190852595,18.2867285385,29.159121318,11.06521269
CON3-1,Det,mix,normal,1000,126.3351684125,86.7316511235,85.34905212000001,85.79103240200001,84.746598253,87.059048214,88.91950561799999,124.32383669250001,85.0547612765,83.8329326365,83.1771395415,85.5923042205,85.345758244,82.83992879,71.59512097199999,66.630743572
CON3-1,Det,mix,promo,1000,195.35841058749998,133.88003807950003,133.33825555500002,133.617185716,134.09010790399998,133.1794601095,138.3940697225,196.6942122675,133.41338585749997,132.8275540965,132.628787806,133.47902610749998,130.9342472515,130.6401561305,116.498798932,113.186757032
CON3-1,Det,normal,normal,806,126.3351684125,86.91265661,85.76333907650002,86.12679596650001,85.24903997300001,87.017773834,91.004995115,124.35590831249999,85.4013055085,84.1815617615,83.55328722550001,86.23468955250001,85.345758244,82.83992879,71.59512097199999,66.630743572
CON3-1,Det,promo,promo,194,195.35841058749998,133.43888682850002,133.2209855005,133.858007063,134.68676941750002,133.2776581545,134.70018718949999,195.60102995,132.60515728299998,132.370712367,132.210127553,132.361219392,130.9342472515,130.6401561305,116.498798932,113.186757032
CON3-1,Det,normal,promo,806,195.35841058749998,134.214026932,134.852686229,133.83953787350003,133.5171271255,134.5453007145,143.895822847,197.5294211975,134.827077195,134.2987694015,134.0460438845,133.693541456,130.9342472515,130.6401561305,116.498798932,113.186757032
CON3-1,SAA,mix,normal,1000,11.492509849999998,8.3707646485,7.634598453500001,4.77790266,6.477369555,8.080551269499999,9.259648304499999,4.5865197024999995,7.668791363,3.4368845175,3.3744976975000003,8.3799887615,7.531964169,3.4686866975,6.26099069,2.19476634
CON3-1,SAA,mix,promo,1000,53.105594462499994,37.273972339500006,35.473694946500004,22.506757985,27.3127549475,36.5365538505,42.368163166500004,22.76868114,35.482868334500004,18.986961065,18.5993680815,38.35245795,33.755408468,17.22467383,28.675767856,11.066039211
CON3-1,SAA,normal,normal,806,11.492509849999998,8.452801333,7.890092962500001,4.7921558824999995,6.928587290000001,8.260651234500001,9.800161667000001,4.65461253,7.853191629,3.9479377975000003,3.941457218,9.8343640965,7.531964169,3.4686866975,6.26099069,2.19476634
CON3-1,SAA,promo,promo,194,53.105594462499994,39.8757826165,36.52614197,22.2787172875,24.0185762025,38.00270924749999,36.149781637000004,23.3411028475,36.294847175,19.3002122025,18.795211447,40.712076341499994,33.755408468,17.22467383,28.675767856,11.066039211
CON3-1,SAA,normal,promo,806,53.105594462499994,38.096310241999994,36.706552142,22.751407390000004,28.126267417500003,36.138221436500004,44.8951726035,22.9519522625,36.5783969915,21.292505379999998,21.160397966999998,45.0775310975,33.755408468,17.22467383,28.675767856,11.066039211
CON3-2,Det,mix,normal,1000,114.435265975,79.8456585075,79.099976967,80.7763104325,79.5840420985,80.2449998955,91.97678949850001,113.41758686999998,79.0210209965,78.698653486,78.539445707,80.34394828250001,78.58682986849999,77.933271158,64.802900799,61.735662723999994
CON3-2,Det,mix,promo,1000,176.8575028125,123.71222520949999,122.7372212375,123.38781081650001,122.5018765315,124.53425636100002,143.682606571,176.4146037375,122.5956745805,122.494626783,122.07176516649999,122.76509953499999,121.637433147,121.97848216150001,106.253871204,103.51140154400001
CON3-2,Det,normal,normal,817,114.435265975,79.5720617475,79.0419003545,80.4685162255,80.28851122949999,80.318400492,92.247207904,113.41758686999998,78.7909609125,78.32618828649998,78.119733926,79.4484116395,78.58682986849999,77.933271158,64.802900799,61.735662723999994
CON3-2,Det,promo,promo,183,176.8575028125,124.9785181095,122.7535376335,124.991067295,126.3810251395,124.9583189905,128.22765694650002,176.8575028125,122.53049956550001,122.233928445,122.88914048,124.2663852005,121.637433147,121.97848216150001,106.253871204,103.51140154400001
CON3-2,Det,normal,promo,817,176.8575028125,124.54142519549998,123.82171315549999,124.39272798900001,124.832565818,124.84753965499999,148.8205816935,176.4146037375,123.0878784,122.9651100415,122.70074049550001,123.34300697500001,121.637433147,121.97848216150001,106.253871204,103.51140154400001
CON3-2,SAA,mix,normal,1000,7.299731525,5.595002170999999,5.0103078795,3.0984820749999997,4.26223315,5.490805236,5.794409315999999,3.0070859375,5.0141152935,2.45512216,2.415868574,5.4258522639999995,4.972383667500001,2.138481785,4.050609861999999,1.3315697850000001
CON3-2,SAA,mix,promo,1000,40.76422008749999,28.502670094499997,26.5257278085,16.27282091,25.0356095325,28.037374479500002,32.2150395775,18.279654790000002,26.4956299905,15.413501912500001,15.176108716000002,30.981621679999996,26.087604746999997,13.374901954000002,21.989258089999996,8.456640114999999
CON3-2,SAA,normal,normal,817,7.299731525,5.648662389,5.14179638,3.45580086,5.0956843175,5.4720100899999995,6.0109971525,3.2334351775,5.1212149855,2.4871990075,2.584661285,6.733302932,4.972383667500001,2.138481785,4.050609861999999,1.3315697850000001
CON3-2,SAA,promo,promo,183,40.76422008749999,30.264599438,27.357542781499998,16.27282091,20.405847247500002,29.320522415,29.015065014500003,18.19143783,27.3690629285,15.65700356,15.497094197000001,34.158950631500005,26.087604746999997,13.374901954000002,21.989258089999996,8.456640114999999
CON3-2,SAA,normal,promo,817,40.76422008749999,28.595444786999998,28.118427762499998,20.080622697499997,26.459219767500002,28.100020567,33.049339753000005,18.9391193775,28.168761387500002,17.699081937499997,17.723064694999998,36.01775802899999,26.087604746999997,13.374901954000002,21.989258089999996,8.456640114999999
CON3-3,Det,mix,normal,1000,130.5473404125,78.716757065,75.61328931150001,76.59745070849999,73.2789132095,77.39679086999999,78.066664232,124.85470728500002,75.5403211015,74.89115086,72.16001115399999,75.712073363,75.034617434,71.7195473075,62.245972572,53.668380858
CON3-3,Det,mix,promo,1000,194.42656393750002,115.2489312365,112.7526541135,113.144420717,113.74680640099999,113.6001440255,114.00639156049999,191.9260706325,112.3478536835,111.959234918,110.8305115385,113.292478253,109.4559735215,108.3947978135,95.10056655199999,87.91886450499999
CON3-3,Det,normal,normal,787,130.5473404125,79.276777373,76.03432934599999,77.278036343,74.291271166,77.66892144,80.964418013,125.4307354225,75.818610829,75.178230464,72.582764297,75.9781433555,75.034617434,71.7195473075,62.245972572,53.668380858
CON3-3,Det,promo,promo,213,194.42656393750002,115.59251505099999,113.18320659849999,114.93678957999998,113.90428479799999,114.29314193,114.992819713,192.3093967075,112.37861937099998,111.24200029400001,110.670396652,112.05788964999999,109.4559735215,108.3947978135,95.10056655199999,87.91886450499999
CON3-3,Det,normal,promo,787,194.42656393750002,115.071981296,113.78822693949999,114.23911700949999,115.904047289,114.34238152000002,118.874842895,193.42005228,113.41136345449999,113.37648861299999,112.3410452565,113.11339882850001,109.4559735215,108.3947978135,95.10056655199999,87.91886450499999
CON3-3,SAA,mix,normal,1000,16.4310087,12.754144054,11.620996444,5.936955305,7.092723469999999,11.997046627500001,12.0778539435,6.47381746,11.570549089,4.84168472,4.82865535,12.258705365,11.468186912,4.8591791075,9.133007132,2.8173259900000005
CON3-3,SAA,mix,promo,1000,63.07196886249999,46.4173119175,41.7108620985,23.92199409,30.322476397499997,43.4420632835,42.8483568205,27.772798872499997,41.7188041835,21.821077735,22.151680077,44.735734892,40.662896057999994,20.1689041125,34.754955362000004,12.186302117000002
CON3-3,SAA,normal,normal,787,16.4310087,12.9211830875,11.768770641000001,6.3677107875,6.7615790350000005,12.078543297499998,12.255223045000001,6.47381746,11.7501184975,5.5019578675,5.4693880335,12.5507224175,11.468186912,4.8591791075,9.133007132,2.8173259900000005
CON3-3,SAA,promo,promo,213,63.07196886249999,48.195371951,41.984040928,23.83548593,28.039762972499997,43.21257893,42.5831207125,28.445643124999997,41.821731520499995,22.253850955,22.635362649,48.20195431,40.662896057999994,20.1689041125,34.754955362000004,12.186302117000002
CON3-3,SAA,normal,promo,787,63.07196886249999,46.538706919,44.310666914,25.4690360775,27.44031518,43.476866384000004,43.272244121499995,27.772798872499997,44.483587175,25.204756220000004,25.374267205,46.575475766500006,40.662896057999994,20.1689041125,34.754955362000004,12.186302117000002
CON3-4,Det,mix,normal,1000,159.18201973749999,97.350577171,96.09517918399999,96.89585593200002,95.983768973,96.92131433949999,126.01158406549999,157.2792086525,95.86689542599999,95.110837688,95.50430361299999,96.8014579035,95.41151337849999,94.67551175850001,72.516677657,66.96657004
CON3-4,Det,mix,promo,1000,229.083175775,137.8936732185,136.613409656,136.120252283,136.882813586,137.3870087565,182.408440402,229.204629775,136.857266359,136.1462385205,136.0086840145,137.797010892,135.0192528305,134.1853931005,110.71704262749999,106.4959738895
CON3-4,Det,normal,normal,807,159.18201973749999,97.9477959115,96.76649122250001,97.25228601399999,95.9330421915,96.5609466395,136.027988532,157.2792086525,96.201570203,96.33718208699999,95.48012178599998,96.49486519549998,95.41151337849999,94.67551175850001,72.516677657,66.96657004
CON3-4,Det,promo,promo,193,229.083175775,138.43694335400002,137.6651391975,138.2752351675,141.785945874,137.617956598,137.65119489249997,229.204629775,137.35155789750002,136.9564928705,136.662291816,138.29072765549998,135.0192528305,134.1853931005,110.71704262749999,106.4959738895
CON3-4,Det,normal,promo,807,229.083175775,139.6391138465,137.2994380665,139.0133135995,137.8697745965,136.34011776850002,196.21665574550002,229.204629775,136.9947562125,138.0072081595,137.4440357205,137.532422525,135.0192528305,134.1853931005,110.71704262749999,106.4959738895
CON3-4,SAA,mix,normal,1000,8.19271725,6.896894253999999,6.077581845000001,3.7372591600000002,5.517789392499999,6.627537824,6.932578641499999,3.475838675,6.100612308,2.3613066750000002,2.371221744,7.114061689500001,6.067410794000001,2.260776515,4.615236481999999,1.3419703600000001
CON3-4,SAA,mix,promo,1000,45.187457362500005,33.253242023999995,30.7562451995,18.9557259525,30.088534940000002,31.8910816425,37.8564617405,20.164169415,30.673911147000002,16.3340068625,16.3191028755,33.556644547,29.325552767,13.901344496,24.689414442,8.965390959
CON3-4,SAA,normal,normal,807,8.19271725,6.920480760999999,6.308995694,4.04536837,6.335455435000001,6.597478304999999,7.347307659,3.9811904975,6.3188730914999995,2.7780051200000004,2.7782050600000003,7.819839346499999,6.067410794000001,2.260776515,4.615236481999999,1.3419703600000001
CON3-4,SAA,promo,promo,193,45.187457362500005,34.3334934135,30.717161058000002,18.735905365,25.4008820325,32.678092207999995,32.0610944735,20.3279010275,30.4827718035,16.1532115075,16.287390084,37.909249647500005,29.325552767,13.901344496,24.689414442,8.965390959
CON3-4,SAA,normal,promo,807,45.187457362500005,34.3269617365,32.0593626295,21.3216722775,29.4808349375,33.297963868000004,41.735273571,21.8339779425,32.176309463,18.23152749,18.295571905000003,43.499825341,29.325552767,13.901344496,24.689414442,8.965390959
CON3-5,Det,mix,normal,1000,152.3497023875,113.01376889349999,110.74710485,112.892056111,111.8860718,112.646049863,134.2379941685,149.873792205,110.5555894245,109.98017467049999,110.1295601535,112.21942617799999,111.125637541,110.58730447699999,86.262604799,80.97875302
CON3-5,Det,mix,promo,1000,224.36908574999998,168.6814927085,167.7375190785,168.736490295,168.76133657900002,168.4922871265,195.538908005,223.318162875,167.75423215,167.464161637,167.3911297375,167.979042028,166.1279262825,166.05530383949997,143.174203559,138.94924095300001
CON3-5,Det,normal,normal,802,152.3497023875,113.5406845325,112.5112968875,113.52600598549999,112.565214296,113.42168615650002,141.08484067,149.6819902575,111.83406444100001,111.299919381,111.296666083,112.87213135399999,111.125637541,110.58730447699999,86.262604799,80.97875302
CON3-5,Det,promo,promo,198,224.36908574999998,166.820742293,167.2962021365,166.7887545925,170.08283593000002,166.784533054,168.96025414399998,222.9466847175,166.6857581125,166.3673681165,166.310342159,167.2597218205,166.1279262825,166.05530383949997,143.174203559,138.94924095300001
CON3-5,Det,normal,promo,802,224.36908574999998,171.08282282249996,170.598909112,171.2197543515,169.28020059949998,170.901470309,202.5174348715,223.28261454,169.8539513125,169.6314001285,169.720863388,169.529465998,166.1279262825,166.05530383949997,143.174203559,138.94924095300001
CON3-5,SAA,mix,normal,1000,6.8500886625,5.283526868499999,4.9185437805,3.1368271935000003,4.488652715000001,5.165950705,5.5362522929999995,3.2971243925,4.881791902,2.3347486025000004,2.3541733225000003,5.6328093265,4.7529466495,2.202531105,3.7179096259999995,1.25580933
CON3-5,SAA,mix,promo,1000,35.857520199999996,26.037292581499997,24.483838693499997,18.5105975245,23.8728008725,25.1709747615,29.94547273,20.908244515,24.600578872499995,14.237584714999999,14.407061212999999,26.753960239500003,23.2030152065,11.976973591,19.082469575999998,7.375857700999999
CON3-5,SAA,normal,normal,802,6.8500886625,5.5606217165,5.0406532335000005,3.6213084415,4.802680262500001,5.180524425,5.7535388995,3.3065905125,4.977484196500001,2.554978255,2.55425115,6.421597588999999,4.7529466495,2.202531105,3.7179096259999995,1.25580933
CON3-5,SAA,promo,promo,198,35.857520199999996,26.837558814999998,24.874231258499996,19.1922363775,21.80422619,25.735385626,25.644009356,18.78227587,24.7499954055,14.2983145025,14.3792986245,30.41152265,23.2030152065,11.976973591,19.082469575999998,7.375857700999999
CON3-5,SAA,normal,promo,802,35.857520199999996,26.913711805000002,26.112808907499996,21.3426687855,24.8060646275,25.4454917765,30.952389297499998,21.011450812499998,25.8738259105,15.87204754,15.7072024125,33.4893966135,23.2030152065,11.976973591,19.082469575999998,7.375857700999999
CON3-6,Det,mix,normal,1000,117.20755349999999,79.3305789625,77.31966187399999,78.2280950905,76.5854719175,79.2392941205,85.359889773,113.79164383999999,77.2001723455,75.988444372,75.301600951,77.7149891305,76.74827029100001,74.68425471649999,63.37431271000001,58.870096653999994
CON3-6,Det,mix,promo,1000,177.0098787625,117.956193875,117.683578184,117.6023234915,117.17383722849999,117.91678379700001,129.067194623,175.33152147750002,117.59804255700001,118.95120962700003,115.82956633400002,117.288790223,115.60499755149999,113.82705746949999,100.40949232599999,95.255702428
CON3-6,Det,normal,normal,803,117.20755349999999,79.1647770145,77.3417802605,78.3640986915,76.88330214599999,78.998502848,99.3700326775,114.05682807749997,77.166279831,75.8488281415,75.164165527,77.91690066250001,76.74827029100001,74.68425471649999,63.37431271000001,58.870096653999994
CON3-6,Det,promo,promo,197,177.0098787625,118.88968560250001,120.23343203249999,117.47483224950001,119.92158346199999,120.152717513,127.23545113750001,173.882446345,119.540053011,119.540053011,118.61026418,118.3792510525,115.60499755149999,113.82705746949999,100.40949232599999,95.255702428
CON3-6,Det,normal,promo,803,177.0098787625,118.28765170800001,117.96138941500001,117.64416835199998,121.680406785,118.3477339945,146.6023372765,175.82496758,118.15392322399998,120.15812895099998,116.64706158799999,117.0023184115,115.60499755149999,113.82705746949999,100.40949232599999,95.255702428
CON3-6,SAA,mix,normal,1000,7.5648352625,5.683949286500001,5.1823659685,4.1135918385,4.83335217,5.491818009,6.5567011695,4.146901,5.11545332,2.3637845125,2.4067124375,6.375864529,5.1310041245,2.2146645200000004,4.1540935359999995,1.4087135750000002
CON3-6,SAA,mix,promo,1000,35.330366725000005,25.845565878000002,24.483668135499997,19.314478092999998,22.428650554999997,24.933451494,29.8237646445,19.60119841,24.2275486955,13.29398081,13.0879131035,26.9019844855,23.241496516999998,11.686529297,19.032967534,7.369551499
CON3-6,SAA,normal,normal,803,7.5648352625,5.828001193,5.386814325,4.1022946775,5.253216685000001,5.4379843144999995,6.678277671500001,4.0245938975,5.3140514475,2.6958867775,2.7152129250000003,6.5429145025,5.1310041245,2.2146645200000004,4.1540935359999995,1.4087135750000002
CON3-6,SAA,promo,promo,197,35.330366725000005,26.9687241905,24.626595046500004,19.340354650000002,21.061225049999997,24.9572501215,27.408311624,19.7984513125,24.398800133,13.518789815000002,13.321000097500002,28.645972385,23.241496516999998,11.686529297,19.032967534,7.369551499
CON3-6,SAA,normal,promo,803,35.330366725000005,26.9753679445,25.9006350525,20.7681262,23.1082600025,25.1490626195,31.769749796,19.5572276125,25.569396266000002,15.764172957499998,15.894583805,30.1058606335,23.241496516999998,11.686529297,19.032967534,7.369551499
CON3-7,Det,mix,normal,1000,118.733515875,75.6132900115,72.017931123,75.7765317555,73.1617880415,74.9473700245,99.1783050145,118.733515875,71.713821728,71.4434784065,71.292161045,72.031361688,71.4193072835,70.94281392799999,55.84545402100001,53.467361602
CON3-7,Det,mix,promo,1000,180.94101581249998,107.697383123,108.13007692600002,108.29732658799999,109.0350328655,107.65455311600002,150.12178456,180.94101581249998,107.300864053,107.10866492800001,107.01639488600001,106.9256433625,104.68061213150001,104.2158836105,86.42188900549999,84.71849592749999
CON3-7,Det,normal,normal,810,118.733515875,75.349162439,72.28111299950001,75.890732357,73.9229663845,74.914346163,99.766472117,119.17122217000001,72.1745654865,72.1636143585,71.563928388,72.231587292,71.4193072835,70.94281392799999,55.84545402100001,53.467361602
CON3-7,Det,promo,promo,190,180.94101581249998,106.845883356,106.62205724500001,106.932982719,109.02408275850001,106.5418429125,125.10806415250002,180.94101581249998,106.6693342035,106.6254794945,106.5789419195,106.29871473600001,104.68061213150001,104.2158836105,86.42188900549999,84.71849592749999
CON3-7,Det,normal,promo,810,180.94101581249998,108.13870081499999,108.68113901200002,111.1427077285,110.541729186,108.28908175650001,148.9061210335,183.0833755425,108.597207421,108.611752368,108.113442243,108.05981550450001,104.68061213150001,104.2158836105,86.42188900549999,84.71849592749999
CON3-7,SAA,mix,normal,1000,5.984970725,4.556042815500001,4.281624974,2.558916335,4.0225399500000005,4.5082273855,5.231687779,2.4685969875,4.255507225000001,1.8881698875000001,1.8881698875000001,4.8568551365,4.222588072,1.8259241175,3.287382116,1.1119068250000002
CON3-7,SAA,mix,promo,1000,33.7626703375,24.150174083499998,23.757663517,15.632137177499999,22.3271343275,23.734026553,28.3138576365,16.636485497499997,23.712836704000004,13.903083350000003,13.903083350000003,26.3327230045,21.7953276325,11.827936199499998,17.9586133,7.6275800899999995
CON3-7,SAA,normal,normal,810,5.984970725,5.0327783555,4.382006712499999,2.5983672275,4.190267400000001,4.686166535,5.367366671999999,2.5645367075000003,4.3717927225,2.0552131725000002,2.0552131725000002,5.412560566,4.222588072,1.8259241175,3.287382116,1.1119068250000002
CON3-7,SAA,promo,promo,190,33.7626703375,24.635082337,24.788053281000003,15.632137177499999,22.3425040375,23.403957923,26.530784259,16.63465935,24.646108056000003,15.339094039999999,15.3289360075,29.900369381,21.7953276325,11.827936199499998,17.9586133,7.6275800899999995
CON3-7,SAA,normal,promo,810,33.7626703375,26.555985853499998,24.950761877000005,15.9398164425,24.322955955,24.901166942499998,29.1336010395,16.610413270000002,24.7548473035,15.042785645,15.566773130000001,29.5239527675,21.7953276325,11.827936199499998,17.9586133,7.6275800899999995
CON3-8,Det,mix,normal,1000,101.18889125000001,62.564149133499996,62.641757100499994,61.160059654,62.87832999400001,62.713893981,83.5119217795,99.408271475,62.439048060999994,61.365400009999995,60.7153703515,62.188873302999994,62.02529272700001,60.4975357105,50.451155297,45.12653315200001
CON3-8,Det,mix,promo,1000,160.4313038875,105.180579402,104.496420634,100.654035745,103.004327397,104.99279127500002,136.33142496700003,154.2224053875,104.3059755365,99.93520960250002,100.17717071900002,104.65651333550001,102.695581144,98.63610824549998,90.13555600000001,82.716422421
CON3-8,Det,normal,normal,805,101.18889125000001,62.4620448,62.331653736999996,61.26208520899999,62.582027495,62.594061154,83.40205714000001,99.408271475,62.327171861,61.0755330195,60.801849,62.628939312499995,62.02529272700001,60.4975357105,50.451155297,45.12653315200001
CON3-8,Det,promo,promo,195,160.4313038875,103.52990566250001,104.01326567449999,99.94440779749999,105.4887304765,103.23805376700001,104.04819138,154.7804015275,103.5536801765,99.852816674,100.0570348525,104.39217564799999,102.695581144,98.63610824549998,90.13555600000001,82.716422421
CON3-8,Det,normal,promo,805,160.4313038875,105.2720868255,105.868079909,101.2859876815,103.4249769045,105.13553012999999,136.425215769,154.956438225,105.183199388,101.5422169095,101.576611535,106.47322534300001,102.695581144,98.63610824549998,90.13555600000001,82.716422421
CON3-8,SAA,mix,normal,1000,9.566669525,7.0765427765,6.550586428499999,4.172007836000001,5.4248992000000005,6.9542297285000005,7.790351826,4.3254331875,6.596217703499999,3.28966543,3.2220149475000004,7.326903552499999,6.2818163285,3.1284383775,5.255682298,1.89576193
CON3-8,SAA,mix,promo,1000,48.2941976375,33.8985589925,31.472158493,23.9941098515,28.097782342499997,33.196124034,38.87771486849999,24.869588487499996,31.579376788999994,18.966634782499998,18.642087667499997,34.7953029015,30.853493594,17.180198415,25.906164966,11.067440757
CON3-8,SAA,normal,normal,805,9.566669525,7.515749053999999,6.7924954705000005,4.679128075,5.743927489999999,6.993865557,7.954547981999999,4.3424003725,6.589987091499999,3.2147399250000004,3.1831375475000003,7.6567346915000005,6.2818163285,3.1284383775,5.255682298,1.89576193
CON3-8,SAA,promo,promo,195,48.2941976375,34.746599427,32.8773648105,23.3060899545,25.752675965,33.442835323,36.561173032999996,24.78357715,32.928215477500004,20.1420388075,19.97825107,37.986292537000004,30.853493594,17.180198415,25.906164966,11.067440757
CON3-8,SAA,normal,promo,805,48.2941976375,35.1316790085,33.0241414505,25.580883855,31.732330652499996,33.2914007495,39.073371981,25.7420792925,32.799924547,19.8263870525,19.884452832999997,40.0933330265,30.853493594,17.180198415,25.906164966,11.067440757
CON3-9,Det,mix,normal,1000,63.61557275,42.226967081999994,39.712024314999994,41.67039524249999,34.1196621175,42.0016635705,51.2935142065,50.748374935,39.65050793,38.4978953585,33.008885154,40.11815687600001,39.772964991,33.0172573975,31.100153045999996,20.847760987
CON3-9,Det,mix,promo,1000,135.1482216625,82.1458815085,80.982912893,80.7479395395,78.4235371015,81.700546977,107.83831433900001,115.75780576500001,80.8103718295,79.0343385815,73.33195078700001,82.40601518849999,79.3909094155,71.5262310975,64.91896502899999,49.255770671
CON3-9,Det,normal,normal,799,63.61557275,41.873255513500006,40.3625837175,41.156459107,36.2283119465,41.6404288585,52.4629174775,50.748374935,39.8365923395,38.77122765199999,33.517586634000004,40.1043205325,39.772964991,33.0172573975,31.100153045999996,20.847760987
CON3-9,Det,promo,promo,201,135.1482216625,83.38246811049999,81.12214422299999,82.622343492,80.61199232050001,81.8454601395,91.41615521549998,116.0081362125,80.97792150999999,76.5703510615,74.1370762305,82.974307167,79.3909094155,71.5262310975,64.91896502899999,49.255770671
CON3-9,Det,normal,promo,799,135.1482216625,83.06040138,83.77680656049999,81.50425640750001,81.02007502000001,83.09002634349999,114.851456031,115.75780576500001,83.859445498,88.692961134,76.5429307335,83.20131682050001,79.3909094155,71.5262310975,64.91896502899999,49.255770671
CON3-9,SAA,mix,normal,1000,9.029320912500001,6.686923150000001,5.986143480500001,3.2146209399999996,4.33489355,6.4160802085,6.847193324500001,3.0726997625,5.9420060265,2.489796235,2.4296997885000002,7.0025677575,5.908647563000001,2.345244805,5.0140502,1.450278935
CON3-9,SAA,mix,promo,1000,40.703333400000005,29.2109512745,27.0688806565,17.261843992499998,23.396862315,28.432938066,30.9247157215,19.220656885000004,27.002331624,15.69196237,15.429117346999998,30.524056328999997,26.7277617365,13.737226643999998,22.165483012000003,8.371539232
CON3-9,SAA,normal,normal,799,9.029320912500001,6.810569285,6.162931233,3.1612993824999998,4.6834709475,6.444882233999999,6.984462001500001,3.0726997625,6.043098799000001,2.6084521875,2.6084521875,7.169803631500001,5.908647563000001,2.345244805,5.0140502,1.450278935
CON3-9,SAA,promo,promo,201,40.703333400000005,30.333736136,28.2744903725,20.177293651,18.7505801225,28.614057160999998,29.684677470000004,19.0968485675,27.864135579499997,16.043018070000002,15.713703123499998,31.815346757,26.7277617365,13.737226643999998,22.165483012000003,8.371539232
CON3-9,SAA,normal,promo,799,40.703333400000005,29.258250922500004,30.812180020000003,18.048714562500003,23.663718875,29.7312973275,33.560061874,19.220656885000004,30.764818998,19.14187949,19.14187949,34.9312574955,26.7277617365,13.737226643999998,22.165483012000003,8.371539232
CON8-0,Det,mix,normal,1000,281.286207375,227.507968941,224.45736912849998,223.1385990945,220.763717386,227.297387429,237.20415759050002,270.1948780825,224.36669202550002,219.127230445,218.0009910555,226.23216951450001,223.78310592399998,216.878541303,179.89276181649998,161.6976174555
CON8-0,Det,mix,promo,1000,412.98402324999995,323.532080524,324.1205988995,322.690650126,321.5602955005,325.3990715685,338.8812139864999,408.436872725,323.74470765699994,321.2039131855,320.28258535450004,323.12787644850005,319.985405053,317.7393875775,275.144480875,261.55651728
CON8-0,Det,normal,normal,801,281.286207375,227.4597797685,224.3736166155,223.25781780949998,223.71243433000004,227.0257415975,247.93014308350004,270.813760315,224.52254799000002,219.10846555100002,217.63234341050003,226.81625338450002,223.78310592399998,216.878541303,179.89276181649998,161.6976174555
CON8-0,Det,promo,promo,199,412.98402324999995,324.78661083899993,324.2626752005,324.18693669149997,329.022055395,325.04365446599996,327.8155221345,408.5481958175,323.74408612099995,321.772560964,322.0799659805,323.69567131350004,319.985405053,317.7393875775,275.144480875,261.55651728
CON8-0,Det,normal,promo,801,412.98402324999995,325.96336651850004,325.14081202200003,325.94919982400006,325.315073863,325.94271916499997,360.17854355699995,407.95717239,324.91147935999993,322.13384437750005,321.6215744195,325.19449474050003,319.985405053,317.7393875775,275.144480875,261.55651728
CON8-0,SAA,mix,normal,1000,18.548048825,16.628853299,16.633704387500003,11.8045350195,15.481602912499998,16.701739156,16.913654184499997,12.288811959999999,16.491435922500003,11.018979683,10.833624324,17.116100046,16.477707315999996,10.699820438000003,10.649500688,4.290416086
CON8-0,SAA,mix,promo,1000,91.91519977499999,78.870212925,78.61198192250001,59.51573370099999,77.32432464,78.9906172835,81.9926466695,61.9866890175,78.6509304455,57.628697323500006,56.061404697,81.8708491085,77.05618626050001,53.74926775699999,52.79512815599999,25.723768666999998
CON8-0,SAA,normal,normal,801,18.548048825,17.454092734499998,17.379172738499996,11.858262284,15.192724902499997,17.297064254,17.417229386,11.94929537,17.264830128,11.2286964885,10.98857513,18.351821538,16.477707315999996,10.699820438000003,10.649500688,4.290416086
CON8-0,SAA,promo,promo,199,91.91519977499999,79.961524232,79.01745821399999,60.200886282499994,59.818757855,79.2118425215,80.448919023,61.2213469775,79.147313305,56.93504362600001,56.441480628,82.425672736,77.05618626050001,53.74926775699999,52.79512815599999,25.723768666999998
CON8-0,SAA,normal,promo,801,91.91519977499999,82.607946447,82.52497215999998,62.175839697499995,73.72688123,82.23901961499999,84.062011908,62.95245887749999,82.01990246550001,60.17698159950002,59.17747247500001,89.86397069149999,77.05618626050001,53.74926775699999,52.79512815599999,25.723768666999998
CON8-1,Det,mix,normal,1000,273.480467775,226.5010463025,225.31012459899995,218.52880295749998,219.8310306645,226.5235648015,238.67248227899998,258.60559745750004,225.6417574725,221.43594272500002,215.9397886265,227.30097247150002,223.738389852,215.1768842825,175.30306433899997,158.961005537
CON8-1,Det,mix,promo,1000,395.9154486874999,317.1526398495,317.0039826455,312.20970287449995,314.34105480750003,316.8624904725,339.73696741949993,384.1765981075,316.90227297399997,314.4344333304999,311.16171573299994,318.3232997435,315.4487765605,310.1341149105,263.64040871,249.784174947
CON8-1,Det,normal,normal,796,273.480467775,225.0918254015,225.07977543049998,218.46646405799999,218.74039375999996,224.8625347055,238.4977073255,258.50636118499995,225.03494073049998,219.89976633250004,216.596129361,225.9358620325,223.738389852,215.1768842825,175.30306433899997,158.961005537
CON8-1,Det,promo,promo,204,395.9154486874999,317.39128552999995,317.43696450550004,312.422847764,318.10813032500005,317.364502563,326.21136390299995,384.71912787,316.8673819125,310.42736116049997,310.479092641,318.11041299499993,315.4487765605,310.1341149105,263.64040871,249.784174947
CON8-1,Det,normal,promo,796,395.9154486874999,319.18413163899993,318.12366220699994,313.6263678474999,315.8702174575,319.140854318,345.3999984785,384.28445858,318.01078552399997,318.8098431295,314.01920377849996,319.2100267945,315.4487765605,310.1341149105,263.64040871,249.784174947
CON8-1,SAA,mix,normal,1000,27.702623837500003,24.5736521765,24.5001544015,16.2339950195,18.741747424999996,24.1542362715,25.744241605999996,16.699814775,24.408396847000002,14.869295339999999,14.1061848105,24.693736263,23.917529034500003,13.635112177499998,15.863435717,5.400177498000001
CON8-1,SAA,mix,promo,1000,114.56017058750001,96.11736208049999,95.63399935,67.562941406,80.82494045,95.82737146599999,100.31921103049999,70.5547851825,95.69414359900001,62.107075058999996,60.257973166,96.04038220499999,94.0642891435,58.584061599,66.48779319599998,28.907361045000002
CON8-1,SAA,normal,normal,796,27.702623837500003,24.6621306845,24.452801849999997,16.4551784755,18.732175477499997,24.3545956505,25.535290672999995,16.5579152825,24.30662738,14.397420658000001,14.103880043500002,26.8772349395,23.917529034500003,13.635112177499998,15.863435717,5.400177498000001
CON8-1,SAA,promo,promo,204,114.56017058750001,96.7966138565,96.7642022025,67.071773916,64.10146166000001,96.2418430135,98.045991234,68.95201339249999,96.3802385675,62.28667362699999,60.694422935999995,98.8018368075,94.0642891435,58.584061599,66.48779319599998,28.907361045000002
CON8-1,SAA,normal,promo,796,114.56017058750001,98.20392885449998,96.7270873465,70.62925364249999,77.80592235499999,96.67298520749999,103.4892282255,73.80085758499999,96.561411336,62.82608376200002,62.38892925450001,105.9634699305,94.0642891435,58.584061599,66.48779319599998,28.907361045000002
CON8-2,Det,mix,normal,1000,235.9886322625,202.368701775,201.02917474900002,197.9314629545,198.59103235749998,202.5759269165,210.5809301435,226.41549096750003,201.03183043049998,197.4045038915,195.77558377100002,201.9485430145,200.3020772415,195.04263789350003,164.31080021200003,150.384316828
CON8-2,Det,mix,promo,1000,361.9179685000001,306.616442652,305.4852855825,304.2530342715,303.2869038,306.405147405,319.275727387,355.07868253250007,305.4649296265,307.9750609275,301.27583915950004,304.481588701,301.0080969655,296.30610812,261.83708047050004,248.56647097750002
CON8-2,Det,normal,normal,807,235.9886322625,202.412254505,201.02100794300003,198.51822765300003,196.875071037,202.14703322699998,212.44476805349998,226.03263409000004,200.992525275,198.12418561249999,195.88169718950002,201.77736653899998,200.3020772415,195.04263789350003,164.31080021200003,150.384316828
CON8-2,Det,promo,promo,193,361.9179685000001,305.246692722,302.2336856045,301.25810473,308.2579550095,304.912941339,305.2512678169999,356.3471730600001,302.238166922,301.71302816549996,297.990786749,304.67673731199994,301.0080969655,296.30610812,261.83708047050004,248.56647097750002
CON8-2,Det,normal,promo,807,361.9179685000001,307.535438594,306.28160083299997,304.355592432,302.8735097345,307.2004882075,324.16440094800004,355.18418940500004,305.94901208350007,307.87153429000006,302.2790220385,306.05584274100005,301.0080969655,296.30610812,261.83708047050004,248.56647097750002
CON8-2,SAA,mix,normal,1000,22.0927664125,19.182704010500004,19.212047639500003,12.525411649,14.344670032500003,19.3281202985,19.672167025000004,12.414418000000001,19.160084345500003,11.066303184999999,10.913162498000002,19.728329425,18.7271040555,10.5903775475,12.743224325,4.486105332999999
CON8-2,SAA,mix,promo,1000,93.83712023749999,77.94491211550002,77.407827741,56.16187869,61.844770635,77.83030484800003,80.8916932075,57.323820649999995,77.30991031500001,50.82650704750001,50.7608847955,79.353862092,75.9970077345,48.6901101755,56.0326764645,26.452594947500003
CON8-2,SAA,normal,normal,807,22.0927664125,19.1265715175,19.1875616945,12.5248036805,14.789197855000003,19.068120288,19.949524424000003,12.256575325000002,19.1225680125,10.614178275000002,10.918760975499998,20.255759516500003,18.7271040555,10.5903775475,12.743224325,4.486105332999999
CON8-2,SAA,promo,promo,193,93.83712023749999,80.069295112,78.933187569,58.381894179,54.06514940250001,79.58045422049999,79.826700372,56.95740654750001,77.60738864900001,52.821425165,51.18411101950001,84.80566035300002,75.9970077345,48.6901101755,56.0326764645,26.452594947500003
CON8-2,SAA,normal,promo,807,93.83712023749999,78.335198085,77.7533032315,57.145193320500006,62.7975213275,78.322901013,82.77306790300001,58.285065,77.576343848,51.586679895,51.805517794000004,83.29637838,75.9970077345,48.6901101755,56.0326764645,26.452594947500003
CON8-3,Det,mix,normal,1000,263.053119325,217.2493335675,215.95615962400004,206.97326974150002,203.748564934,217.4988719255,221.82544461399996,243.9560960525,215.690235296,204.99199518100002,201.62981054749997,218.67594225449997,214.01882848249997,201.22706039149998,177.1738786575,155.3192084105
CON8-3,Det,mix,promo,1000,395.5250147125,317.46409338499996,316.77265184749996,306.63420763899995,307.670386873,316.5754204685,327.71950242750006,377.74370159500006,316.1311749839999,308.0147334165,304.517251996,316.44320897549994,312.803954522,300.210803641,271.4680860585,250.17980629350004
CON8-3,Det,normal,normal,784,263.053119325,216.97277823200002,215.7573954605,205.67777397499998,204.26446517699995,216.20639116650003,228.11554834299997,243.9560960525,215.5804627665,204.603438418,201.2590288255,215.32136215849997,214.01882848249997,201.22706039149998,177.1738786575,155.3192084105
CON8-3,Det,promo,promo,216,395.5250147125,316.2034757,314.77706789749993,306.2331207440001,309.148017798,315.81831218299993,318.4417318825,377.82049635000004,315.15675536149996,304.2285925875,302.711393037,315.7971770854999,312.803954522,300.210803641,271.4680860585,250.17980629350004
CON8-3,Det,normal,promo,784,395.5250147125,320.13982752949994,320.44463925750006,310.9064696185,309.5949783915,319.769103757,341.22252565499997,377.74370159500006,319.9804817265,310.6914604185,309.62712137949995,317.6730064475,312.803954522,300.210803641,271.4680860585,250.17980629350004
CON8-3,SAA,mix,normal,1000,27.412092249999997,24.910071526,24.241568816999997,15.926120928,18.039635735,24.407773941,24.247189274500005,16.475763062499997,24.226764279500003,13.506907377500001,13.144044941499997,24.6049262025,23.556767856,13.0080334475,15.79953597,4.9575243559999995
CON8-3,SAA,mix,promo,1000,123.6077253,104.637563997,103.945256567,72.290617366,77.74265564999999,104.136596901,105.27480267600001,73.56878276500001,103.50965319699999,61.979107830000004,61.50603450499999,105.87030774499999,101.7520782925,59.30656955999999,72.346432741,29.693733191
CON8-3,SAA,normal,normal,784,27.412092249999997,24.614176073499998,24.385433967999997,16.4601211925,18.487302465,24.594586321500003,24.915871343000006,16.50832028,24.343183938,13.999146900000003,14.05708624,25.864618651500006,23.556767856,13.0080334475,15.79953597,4.9575243559999995
CON8-3,SAA,promo,promo,216,123.6077253,106.33295667849998,105.39182032250001,73.7883747555,71.26215181,105.729487429,103.408730957,72.03253382999999,104.8506773775,61.987463354999996,62.684111568999995,108.02016183400002,101.7520782925,59.30656955999999,72.346432741,29.693733191
CON8-3,SAA,normal,promo,784,123.6077253,106.06807417300001,105.961644773,75.22486132949999,79.90785579000001,106.573473944,108.10682807100001,76.1081958925,106.03744005500002,67.4762099475,67.57327456750001,114.39615266149998,101.7520782925,59.30656955999999,72.346432741,29.693733191
CON8-4,Det,mix,normal,1000,263.84775019999995,206.65865963550002,204.659513718,201.38712868350004,198.6297441725,206.36630088500004,215.096747943,253.3576121225,204.39705582650004,200.827400081,195.99294702900002,207.53644131050004,203.235690365,194.82831816150002,155.535698464,137.228738815
CON8-4,Det,mix,promo,1000,387.22659867500005,298.999207838,298.79049672450003,295.96673057,294.8481946965,300.587730425,314.90394998,379.952768475,298.3892153265,300.6890132065,292.6519061445,298.67067717350005,294.51919107649996,288.58431799249996,244.406460605,224.49092123399998
CON8-4,Det,normal,normal,831,263.84775019999995,206.195031481,204.69571868450004,201.89258919000002,198.79730942249998,206.28498359300002,219.4095327675,253.11722970999998,204.284980762,200.07692044700002,195.76722868800002,205.2008064575,203.235690365,194.82831816150002,155.535698464,137.228738815
CON8-4,Det,promo,promo,169,387.22659867500005,299.5733360685,297.4600177805,296.167212942,298.0947086365,299.453246878,300.161079558,379.5996720975,296.8487482035,293.9963623645,292.521724554,296.9568940015,294.51919107649996,288.58431799249996,244.406460605,224.49092123399998
CON8-4,Det,normal,promo,831,387.22659867500005,301.165991434,300.3735785985,300.7231976205,296.2738984255,300.4888011105,325.8222800965,381.12254207500007,299.378774763,305.29135978400006,294.86719981699997,298.7817414695,294.51919107649996,288.58431799249996,244.406460605,224.49092123399998
CON8-4,SAA,mix,normal,1000,26.622532300000003,23.224557521999998,22.721930229999998,13.884655645,16.2427238125,22.7411596225,23.564372732500004,13.515860245000002,22.673493051999998,13.4124221975,12.741687120999998,24.034724071500005,22.486805594499998,12.392138267499998,15.915844523500002,6.0218974695
CON8-4,SAA,mix,promo,1000,109.9736744,94.06547005,92.1943884745,59.981668629999994,69.84045828500001,91.9683097025,96.4521343255,61.10853609,92.10387169850001,57.6941504025,56.7703764585,97.70277084449998,90.028377911,52.540376521499994,67.2562180295,30.641081267500006
CON8-4,SAA,normal,normal,831,26.622532300000003,23.062012509,23.06650373,14.135097127500002,16.27779732,22.8367371115,23.6407403885,14.020342915000002,22.8724199375,13.304800259999999,12.9787833285,25.3115022035,22.486805594499998,12.392138267499998,15.915844523500002,6.0218974695
CON8-4,SAA,promo,promo,169,109.9736744,94.40264576900002,92.76950149700001,59.80882127,62.73356022500001,91.46575006500001,93.61389558449999,61.722881150000006,92.5352851635,56.5720911875,56.382395639,99.60658769799998,90.028377911,52.540376521499994,67.2562180295,30.641081267500006
CON8-4,SAA,normal,promo,831,109.9736744,93.873770897,93.56058082049998,60.635906815,71.63664061749999,92.41055447800001,96.529875938,62.9842856375,92.94649259799999,58.51305033250001,58.72875849850001,102.900216577,90.028377911,52.540376521499994,67.2562180295,30.641081267500006
CON8-5,Det,mix,normal,1000,227.3204558375,184.309883835,183.16804997449998,179.79481206449998,179.37608589400003,184.22223904299997,198.1755902415,218.4386578625,183.2862319375,177.56458096,177.30152699300004,183.67202860349997,182.11890153499996,176.7373600355,144.02491718749997,131.72223964350002
CON8-5,Det,mix,promo,1000,353.17067362499995,279.20236886699996,277.77374359849995,275.295319664,275.86823768549993,279.47535413849994,304.8918547525,345.53734396,277.9279450825,275.117121097,273.157728825,277.93550752249996,275.064643845,270.6626270795,235.129104861,222.32137403799996
CON8-5,Det,normal,normal,792,227.3204558375,184.49997840899997,183.68155654549997,178.9501800875,181.54594869849998,184.33678470549998,197.4608738665,218.39364761250002,183.56197785549998,177.579353434,177.445283897,183.94328800600002,182.11890153499996,176.7373600355,144.02491718749997,131.72223964350002
CON8-5,Det,promo,promo,208,353.17067362499995,278.3336085385,280.48739044499996,274.539456111,280.320829501,279.64216254249993,283.604308789,346.8617654875,279.388494837,276.88446172700003,275.06638111850003,280.494705691,275.064643845,270.6626270795,235.129104861,222.32137403799996
CON8-5,Det,normal,promo,792,353.17067362499995,279.4244531285,279.0307752815,276.87920418899995,280.95291906499995,279.44099416399996,306.8687538475,345.6112290525,279.1890624105,275.5474768715,274.48930615899997,279.952139484,275.064643845,270.6626270795,235.129104861,222.32137403799996
CON8-5,SAA,mix,normal,1000,16.6550155125,15.1479339755,15.149628871,11.516324454000001,14.0551539075,15.159505497000003,15.561514254999999,11.396004817500001,14.9939598415,10.537105116500001,10.559320213000001,16.367914308,14.686699868999998,9.849691795,9.5248662555,3.9212962454999993
CON8-5,SAA,mix,promo,1000,87.13751615,74.88447826049999,74.90351543499999,58.402111811,67.59272916249999,74.905594321,80.468360917,59.20212958749999,74.6635374285,55.096277588499994,54.00606815799999,79.603856631,72.8930615395,50.8919193925,50.606525024499994,25.103424335499994
CON8-5,SAA,normal,normal,792,16.6550155125,15.076210003,15.177044649000003,11.482453544500002,15.07519178,15.077771921000004,15.6712628985,11.4390394675,15.209479170500002,10.9627995875,10.932836224999997,16.3129982225,14.686699868999998,9.849691795,9.5248662555,3.9212962454999993
CON8-5,SAA,promo,promo,208,87.13751615,76.47004086849999,76.3772740135,60.694545654,60.4428082425,76.52323203549999,77.61350391500001,59.56817088999999,76.15959366349999,56.166727813499996,55.142970534000014,85.16467942949998,72.8930615395,50.8919193925,50.606525024499994,25.103424335499994
CON8-5,SAA,normal,promo,792,87.13751615,76.78174107699999,76.8280043615,60.3131474035,71.5071899525,77.1631378845,81.791190235,60.312223464999995,76.553470595,58.09906585249999,57.64389335899999,85.696176595,72.8930615395,50.8919193925,50.606525024499994,25.103424335499994
CON8-6,Det,mix,normal,1000,217.59668096250002,190.97119247200004,190.613730551,190.03343341750005,189.7509256235,190.683245692,200.19378147150002,213.97907089999998,190.415516233,188.65861360350002,187.9016072555,191.1648935295,189.1402659725,187.220325614,154.851185441,148.604789381
CON8-6,Det,mix,promo,1000,338.83098953750005,288.38693944700003,286.1500271745,283.86101175650003,283.40479042450005,287.54737360049995,299.1954634845,331.3627332025,286.2019700025,282.3282471895,281.883510236,287.0257372455,282.562859388,278.757888835,243.31566792300003,235.65546945200003
CON8-6,Det,normal,normal,823,217.59668096250002,190.96311365799997,189.77956546749996,189.101477323,191.13629580499997,190.49395740450004,197.69783535750003,213.9191444975,190.1026482105,188.163606466,187.3261294325,191.03135652950004,189.1402659725,187.220325614,154.851185441,148.604789381
CON8-6,Det,promo,promo,177,338.83098953750005,286.219513009,286.745621381,282.3932793655,283.87130980200004,285.71193270300006,291.500988388,331.3434029925,285.72453804699995,281.59786850049994,281.19522827099996,285.9502151705,282.562859388,278.757888835,243.31566792300003,235.65546945200003
CON8-6,Det,normal,promo,823,338.83098953750005,288.69002299150003,287.057417695,284.4363354615,286.74451703200003,288.777979954,303.56687826650005,331.3822254,286.6790470785,283.12512602499993,283.11405943,287.1161496355,282.562859388,278.757888835,243.31566792300003,235.65546945200003
CON8-6,SAA,mix,normal,1000,17.31329655,15.231796973000002,14.996058609999999,9.947672762,11.384855557500002,15.2189686945,15.716701072000001,9.5603453025,15.005733943000003,8.7887455725,8.529918772499999,15.6220570775,14.859775934,8.598889575000001,10.057007569000001,3.2187420799999997
CON8-6,SAA,mix,promo,1000,84.6838424625,70.4837858065,69.7292202575,49.161730609500005,57.621262845000004,70.4732003245,73.4818918415,50.677116850000004,69.6792396055,46.227659742499995,44.702200511499996,71.411656305,68.53068074049999,43.5239690995,50.1486362525,22.2307899255
CON8-6,SAA,normal,normal,823,17.31329655,15.646096986499998,15.206879795,10.2862229995,11.16271552,15.338170557000002,15.8775105285,9.701525375000001,15.071365622000002,9.69162418,9.2821097265,16.303104883499998,14.859775934,8.598889575000001,10.057007569000001,3.2187420799999997
CON8-6,SAA,promo,promo,177,84.6838424625,70.84077403750001,70.48393776,48.4422228075,52.1291993325,70.7930009115,71.19396348650001,50.06905659499999,69.8467831895,45.10769358500001,44.42203964150001,72.64794609,68.53068074049999,43.5239690995,50.1486362525,22.2307899255
CON8-6,SAA,normal,promo,823,84.6838424625,72.139870872,70.620482349,52.407089642500004,54.98062268500001,71.4215877035,75.26242435750001,51.29811496250001,70.70651261649999,49.68560759,48.4322896975,77.8203450875,68.53068074049999,43.5239690995,50.1486362525,22.2307899255
CON8-7,Det,mix,normal,1000,229.2541487875,190.4982718635,190.305917784,187.602117689,183.0669025285,190.5698360925,209.13301112599999,218.20258798,190.109562674,182.12813329449997,182.15949270400003,191.633894703,189.17666480850002,181.59227041949998,149.44816096500003,136.334876708
CON8-7,Det,mix,promo,1000,362.5750161875,290.9297118265,290.77810971400004,286.56640427900004,285.10586234749996,290.97248525050003,327.67086904250004,348.18835564750003,290.666899523,284.25977360149994,284.122348166,291.53298379750004,287.572646772,280.7703906835,247.01535535300002,232.64344216900002
CON8-7,Det,normal,normal,798,229.2541487875,190.9306300705,190.31291534550002,188.05986418249998,183.06772225150002,191.427699377,212.09740689049997,218.13364993000002,190.17566100449997,181.60013109400003,181.298482001,191.727332971,189.17666480850002,181.59227041949998,149.44816096500003,136.334876708
CON8-7,Det,promo,promo,202,362.5750161875,290.0993012385,290.10772199800005,285.7569759945,292.32694155800004,290.0325347595,314.6509128615,347.91496692500004,289.29277583050003,284.5887662635,282.570554717,291.378656791,287.572646772,280.7703906835,247.01535535300002,232.64344216900002
CON8-7,Det,normal,promo,798,362.5750161875,292.21186759750003,294.2489389505,290.2295188525,286.2686958345,293.856565255,335.2920399815,348.460565825,294.2158741575,286.644016087,285.38573286449997,293.4264646710001,287.572646772,280.7703906835,247.01535535300002,232.64344216900002
CON8-7,SAA,mix,normal,1000,16.1931932625,14.350182034499998,14.6615638895,11.420886291500004,11.8974387475,14.352297266499999,14.7832547945,11.233742005,14.577201802500001,9.430668862500001,9.165495143000003,14.8630247105,14.181024398,8.8806216275,9.4866804575,3.8326705125
CON8-7,SAA,mix,promo,1000,81.8424126875,68.4913638085,67.67412057550001,53.718539368,56.18300668999999,68.67738555750002,71.20120478700001,54.473990047499996,67.51814510800001,47.5014186925,46.8973474205,69.119692822,66.5852682805,45.10629825449999,48.38772513,23.800365195
CON8-7,SAA,normal,normal,798,16.1931932625,14.6477348065,14.666266824000001,10.907836967000001,11.661107762499999,14.4342071695,14.816485548500003,11.228137199999999,14.523564629500003,9.2384517325,9.264959374500002,15.286207724,14.181024398,8.8806216275,9.4866804575,3.8326705125
CON8-7,SAA,promo,promo,202,81.8424126875,69.72097945450001,68.55837560900001,54.52007181449999,54.4308379025,70.09783754200001,69.673869259,55.338200307499996,67.942702022,49.502246725,48.549147464,73.15215130200001,66.5852682805,45.10629825449999,48.38772513,23.800365195
CON8-7,SAA,normal,promo,798,81.8424126875,70.223913412,69.96147796450002,54.52686124950001,54.673119744999994,69.51890813600001,72.917579136,55.0235109075,69.41183533150001,48.88689615999999,48.239443967,73.621765854,66.5852682805,45.10629825449999,48.38772513,23.800365195
CON8-8,Det,mix,normal,1000,265.0820826,233.1468440885,232.08961031749996,230.91608966999996,231.2196516595,233.0445816105,238.026126791,258.33057304749997,231.9895177125,228.81779455249998,228.24928824449995,234.1508118505,231.5303143425,228.25868784050002,198.56295305050003,184.6475296015
CON8-8,Det,mix,promo,1000,398.41158820000004,348.05452257900004,347.5713788085,348.3210841655,349.5173636065,348.14074058849997,356.1939237105,395.34004832500005,347.7088726415,345.64147581749995,345.31246347100006,348.8181659845,345.36254593800004,343.911955638,311.69038011949993,300.36196489250005
CON8-8,Det,normal,normal,797,265.0820826,232.79793892799998,232.90498390399998,230.62010484200002,232.2579494915,232.87901774449998,238.0430953555,258.3216762575,232.31774635949998,230.40140819599998,227.61795330349997,233.68908426049998,231.5303143425,228.25868784050002,198.56295305050003,184.6475296015
CON8-8,Det,promo,promo,203,398.41158820000004,349.1886785965,348.7335377719999,349.35692716299997,358.817107159,348.81611911249996,349.678185611,395.8400850475,348.816079273,346.751291427,346.72491989100007,349.20188375649997,345.36254593800004,343.911955638,311.69038011949993,300.36196489250005
CON8-8,Det,normal,promo,797,398.41158820000004,348.74034955250005,348.64205253949996,348.8939191935,350.85860056,348.8580990565,355.92851681849993,394.7607672375,348.515236523,349.0515037519999,346.944569544,349.2121207185,345.36254593800004,343.911955638,311.69038011949993,300.36196489250005
CON8-8,SAA,mix,normal,1000,23.4968848,20.505079317,20.136078704500004,13.278513586,16.0608187825,20.497324172000003,21.449262754000003,12.4792553875,20.164975244,11.8013173745,11.944167311000003,21.1905512385,20.165313808999997,11.510730662499999,13.482007499499998,4.6728063915
CON8-8,SAA,mix,promo,1000,109.92906394999997,90.3119017635,89.5727781735,60.8556465265,80.88827286249999,89.89689909350001,96.81513231099999,61.688083230000004,89.49729851600001,58.6098886575,59.216802658999995,92.76146575199999,88.5153174415,56.24941142,63.59443384950001,27.4916687695
CON8-8,SAA,normal,normal,797,23.4968848,20.5306156955,20.42098951,13.4064507095,14.5221520875,20.4048463695,22.051139040499997,12.8447668675,20.573825019499996,12.451118262,12.438344987,21.802911721,20.165313808999997,11.510730662499999,13.482007499499998,4.6728063915
CON8-8,SAA,promo,promo,203,109.92906394999997,92.8620986855,90.7779534485,61.3916227885,67.7109370555,92.8317546875,92.37161028950001,61.33097042500001,90.2194413935,59.831829381000006,59.72294388900001,96.2903981125,88.5153174415,56.24941142,63.59443384950001,27.4916687695
CON8-8,SAA,normal,promo,797,109.92906394999997,91.13300235299998,91.35673800249998,63.494340699,71.0363712375,90.52925019099999,99.00833410299998,64.09215423,91.92815935900002,62.303245880000006,62.0607017115,99.36365629,88.5153174415,56.24941142,63.59443384950001,27.4916687695
CON8-9,Det,mix,normal,1000,224.70854941250002,182.710821184,180.9903939595,176.45704741800003,175.0178808125,182.44852187150002,187.7882154595,211.38423097749998,181.476746152,175.9461649445,174.0089758115,181.44983065250003,179.83360889449997,173.0202683505,141.98852374450001,125.3596044035
CON8-9,Det,mix,promo,1000,352.16105123750003,282.97510284400005,281.9854447194999,278.42219846,280.5125696005,282.765406183,290.477790466,343.62495047000004,282.06789147300003,281.7716200945,278.254626462,281.7193917685,277.7022433295,273.12912575750005,235.168329107,219.439700107
CON8-9,Det,normal,normal,804,224.70854941250002,181.9522660085,180.13934189550002,174.697940318,175.80220606549997,181.9544216775,187.88168818150004,210.833146895,180.5326618025,175.84857353799998,172.876827597,180.7331082795,179.83360889449997,173.0202683505,141.98852374450001,125.3596044035
CON8-9,Det,promo,promo,196,352.16105123750003,280.747146014,280.089810376,278.2363487315,280.0387890355,280.8172588155,286.13103906749996,344.37323948249997,279.8264126895,277.74815879249996,275.7193796855,279.890174547,277.7022433295,273.12912575750005,235.168329107,219.439700107
CON8-9,Det,normal,promo,804,352.16105123750003,285.67911558,283.49166454799996,280.1122331965,280.956354561,284.944651153,294.22154518800005,344.93841518,283.3801992585,285.3976261705,279.668874269,282.694050875,277.7022433295,273.12912575750005,235.168329107,219.439700107
CON8-9,SAA,mix,normal,1000,24.78811695,21.7555883565,21.3110442015,15.988754436999999,15.399836155,21.753834329,22.024368586999998,15.950276152500003,21.3584109855,13.707014748499997,13.5677151475,22.2420322695,21.251652606999997,12.957158820999997,14.179904786,5.372985889000001
CON8-9,SAA,mix,promo,1000,104.28377822499999,86.3436778045,85.91725765400001,68.685229071,67.95607094,86.22526524849998,88.7551396895,73.09646379000002,85.623960029,61.907146729999994,59.824850680000004,87.06726110849998,83.83799807299998,57.590841843999996,59.90314533450002,28.6670757135
CON8-9,SAA,normal,normal,804,24.78811695,21.9705490275,21.514577295000002,16.201377518,16.722557375,21.889244016499998,22.726713613500003,15.9716422275,21.471729154000002,13.130685897500005,13.452876632500002,23.520787121500003,21.251652606999997,12.957158820999997,14.179904786,5.372985889000001
CON8-9,SAA,promo,promo,196,104.28377822499999,87.618203674,87.08677924749998,69.42249769749999,65.54022625750001,87.351166741,88.01957234,70.8627300025,86.707854534,61.537455051,60.19713248700002,93.127593648,83.83799807299998,57.590841843999996,59.90314533450002,28.6670757135
CON8-9,SAA,normal,promo,804,104.28377822499999,86.23492170649999,86.960147869,70.8565226815,72.66783454,85.99637319600001,90.3895199715,74.14773980250001,86.4299747115,61.850161351500006,61.4875923215,95.9371043845,83.83799807299998,57.590841843999996,59.90314533450002,28.6670757135
SCA3-0,Det,mix,normal,1000,62.426376525,39.853171393,37.0283965415,38.41014453,34.626614502,39.2752446995,40.913340837999996,53.8994363525,37.0128061245,33.994619072,32.261016561999995,37.3787498825,36.65448033450001,31.598842747500004,31.15211837,22.666233509000005
SCA3-0,Det,mix,promo,1000,121.22839499999999,75.4584875875,72.6226128925,72.9257012885,72.2449570675,74.96548847449999,80.699439966,111.12208085499998,72.4807517305,72.8287423045,67.0369948535,73.45971971950001,71.0893937225,64.580758199,59.343715374,47.874383641
SCA3-0,Det,normal,normal,820,62.426376525,39.81151609999999,37.39312004700001,38.833186130499996,35.897047979,39.018965969499995,42.9255099625,53.8994363525,37.37848812600001,35.0410703,33.26675384,37.511305796500004,36.65448033450001,31.598842747500004,31.15211837,22.666233509000005
SCA3-0,Det,promo,promo,180,121.22839499999999,77.9802935525,73.66676177,75.6952566065,71.83550433750001,75.269733715,75.50471763300001,111.2250021025,73.218200647,74.445253844,68.052470083,74.5374983425,71.0893937225,64.580758199,59.343715374,47.874383641
SCA3-0,Det,normal,promo,820,121.22839499999999,75.5909157165,73.927716161,74.1078182835,72.7059638885,74.924558933,83.517802731,111.12208085499998,73.80911610000001,75.1423223095,69.641930886,73.97943882749999,71.0893937225,64.580758199,59.343715374,47.874383641
SCA3-0,SAA,mix,normal,1000,12.416274287499999,8.9371283675,8.339005822999999,7.5939759095,7.2270698525,8.683165273,11.392870241,7.669697645,8.3470620775,5.0230726400000005,4.9286182835,9.1488887875,8.1823830415,4.666036262500001,6.596388502,2.89021405
SCA3-0,SAA,mix,promo,1000,51.6075713625,36.865528421,34.930322922500004,32.1385683395,27.920777542500005,35.4457907495,45.916667273,33.9369589925,35.033544334000005,23.2382163075,22.94463545,37.501985491,33.64162437,20.9443613835,27.270447348,13.404502484
SCA3-0,SAA,normal,normal,820,12.416274287499999,8.9262325485,8.367125975999999,7.84399268,8.255026315,8.629679574999999,11.3982172505,7.74494386,8.2840651835,5.2145183825000005,5.024627087500001,9.852152000499999,8.1823830415,4.666036262500001,6.596388502,2.89021405
SCA3-0,SAA,promo,promo,180,51.6075713625,38.277512025,35.963564186,31.1955339125,27.097673927500004,37.3089133155,41.1528867035,32.8656941175,35.828340813,23.419507575,23.407154691,39.466373584500005,33.64162437,20.9443613835,27.270447348,13.404502484
SCA3-0,SAA,normal,promo,820,51.6075713625,36.529332869,35.483078268499995,32.987683712999996,33.03222272,35.169414937,46.387664314000006,36.27479847000001,35.570670981000006,25.517476969999997,24.608707452500003,40.8262765515,33.64162437,20.9443613835,27.270447348,13.404502484
SCA3-1,Det,mix,normal,1000,120.55845382499999,88.63099868799999,88.1508928215,87.63757063899999,87.80471186700001,88.0006125975,95.2256174315,115.005707245,87.95819456699999,86.06897187099999,85.65736829,88.2110617635,87.167737165,85.25800071799999,71.47280669050001,66.6453897345
SCA3-1,Det,mix,promo,1000,190.37698732500004,141.66064849850002,141.334713888,140.0410427355,143.94865127000003,142.06863366800002,155.5876900775,180.0080464075,140.95968241,141.351829366,137.8806130515,140.66145204100005,139.54981067,137.065614035,123.234148637,117.23246248200002
SCA3-1,Det,normal,normal,813,120.55845382499999,88.37376874750001,88.292338717,87.82564298449999,87.64196763499999,88.37495442149998,113.2197852185,115.34029199,88.10453314899999,86.2361951745,85.9248710255,88.737452451,87.167737165,85.25800071799999,71.47280669050001,66.6453897345
SCA3-1,Det,promo,promo,187,190.37698732500004,142.19603655400002,142.594454665,140.9833653645,142.5208775215,142.54995376600002,148.86950066900002,180.6813990125,142.237975372,142.068923289,138.7246408905,143.504689732,139.54981067,137.065614035,123.234148637,117.23246248200002
SCA3-1,Det,normal,promo,813,190.37698732500004,141.4176525125,141.72781299100004,140.834553289,144.5133993155,141.847565522,182.84510144350003,180.79876903250002,141.39515880950003,142.14626182550003,139.09921950100002,141.55418482400003,139.54981067,137.065614035,123.234148637,117.23246248200002
SCA3-1,SAA,mix,normal,1000,12.4617491375,9.783468397499998,8.8367506555,6.538633365499999,7.48130856,9.5430563065,10.3248587165,6.6430838575,8.6419258245,4.3685430300000005,4.2822779955,9.562547924,8.456605516,4.0208133375,6.877468477999999,2.57105007
SCA3-1,SAA,mix,promo,1000,54.0979021625,39.203234333,35.969208096,29.493967542999997,36.844917255000006,38.563345687500004,45.129712363500005,31.794261635,35.934857727499995,22.73730735,22.292890812,39.8713053635,34.9477158965,20.897263479000003,28.73729476,13.428949664000001
SCA3-1,SAA,normal,normal,813,12.4617491375,9.979691224,8.988627712,6.796194798000001,8.74170325,9.523311479499998,10.575514469,6.788448695,8.930684827,4.7688979775,4.637834125,11.079951424499999,8.456605516,4.0208133375,6.877468477999999,2.57105007
SCA3-1,SAA,promo,promo,187,54.0979021625,39.804717749,36.996150616499996,29.8970029415,27.673895055,38.2261640905,41.815559180499996,31.2663773125,36.4149452,23.4758685425,22.439781462,42.379339525499994,34.9477158965,20.897263479000003,28.73729476,13.428949664000001
SCA3-1,SAA,normal,promo,813,54.0979021625,40.652317282000006,40.2035594535,31.817250804,38.632775370000005,38.9072265565,47.0782642825,32.07085883,39.9795987355,27.471543762499998,26.492317975,47.46243102249999,34.9477158965,20.897263479000003,28.73729476,13.428949664000001
SCA3-2,Det,mix,normal,1000,76.18639392499999,47.28959305749999,44.5996070815,42.143563723,40.681779695,47.4772487405,46.425201681,61.1982700125,44.66992543449999,40.55357671350001,37.984884167000004,45.552539500500004,44.4875994425,37.4330128325,38.067918158000005,27.334888096000004
SCA3-2,Det,mix,promo,1000,136.997076475,82.143724306,77.857802064,75.50126203849999,75.23376098349999,81.267055406,82.7711809445,120.05639946000001,77.6033372805,71.3379788625,68.7319281105,78.66127534299999,76.83246701850001,68.122515389,67.404602876,52.922435406
SCA3-2,Det,normal,normal,783,76.18639392499999,48.049929563000006,45.010635651,43.0967179715,40.452051126,46.910861556,47.2751226135,61.18866752,44.981422959,41.033309542999994,38.25496510200001,45.3613021895,44.4875994425,37.4330128325,38.067918158000005,27.334888096000004
SCA3-2,Det,promo,promo,217,136.997076475,83.413529237,78.436014933,76.4220404205,73.4273212745,82.503000389,80.57192970150001,119.6091363125,77.77044921399998,71.629336569,69.44668025349999,79.7752093055,76.83246701850001,68.122515389,67.404602876,52.922435406
SCA3-2,Det,normal,promo,783,136.997076475,82.7394058915,79.3703505765,74.8301645725,73.83137135300001,80.79212422299999,84.1592504745,120.17074302,78.96010960749999,72.93310146249999,69.945966186,79.86623707300001,76.83246701850001,68.122515389,67.404602876,52.922435406
SCA3-2,SAA,mix,normal,1000,15.410245149999998,11.1114534405,10.524809781,7.4722576575,8.5100819325,11.120026903499998,10.947139674,7.732284717500001,10.465949503000001,5.404987145000001,5.518503367999999,10.8153391,10.3342580385,5.304236335,8.456562302,3.4482389180000004
SCA3-2,SAA,mix,promo,1000,59.97285425,42.318102916,39.5198208065,28.7718162875,31.126878415,41.5806814435,40.491330126,31.0419197175,39.332802205499995,24.356198624999998,24.694935639500002,40.899364803,38.180161543,22.2165233655,32.51358797,14.938851129
SCA3-2,SAA,normal,normal,783,15.410245149999998,11.1975862655,10.607239046,7.55859816,9.785290620000001,10.522247574,11.202844307500001,7.732284717500001,10.525295482,5.47714134,5.730499763499999,11.724760432499998,10.3342580385,5.304236335,8.456562302,3.4482389180000004
SCA3-2,SAA,promo,promo,217,59.97285425,43.4177871905,40.222067498499996,28.455565519999997,27.340751615,42.72533069800001,39.459546187499996,31.747218415,40.117137567499995,24.63709698,24.27539259,43.31056477799999,38.180161543,22.2165233655,32.51358797,14.938851129
SCA3-2,SAA,normal,promo,783,59.97285425,42.305819142,40.48631093,29.067658644999998,31.7090023525,40.229752722499995,41.399107188,31.0419197175,40.359046679,24.6616096775,25.0431074385,44.581646522499994,38.180161543,22.2165233655,32.51358797,14.938851129
SCA3-3,Det,mix,normal,1000,116.92409950000001,73.8259971815,73.428230548,73.6613819735,71.74718458550001,74.13962723099999,94.1459328165,108.04416244000001,73.10294918849999,72.605504399,69.2171852665,74.02039128749999,72.584765365,69.00243322749999,55.9382803,46.767008828
SCA3-3,Det,mix,promo,1000,190.14246605,116.91017258799998,116.82048420150001,117.092404397,118.514471617,117.0974594205,148.84718775200002,186.1027760025,116.682566987,116.879280173,115.13396596450002,116.41468775499999,114.98135310350001,113.84452585449999,95.63661955699999,87.53696541199999
SCA3-3,Det,normal,normal,808,116.92409950000001,73.879562467,73.7659253825,74.732152087,71.3736045665,74.1490750245,109.34993297650001,108.04416244000001,73.1262683635,72.3999412565,69.01051089399999,73.592998684,72.584765365,69.00243322749999,55.9382803,46.767008828
SCA3-3,Det,promo,promo,192,190.14246605,116.689868574,116.875884759,116.7505126995,120.58055734550001,116.99101378999998,118.58376348849997,186.49931558250003,116.404196638,115.36271666050001,114.87791554500001,116.97129328899999,114.98135310350001,113.84452585449999,95.63661955699999,87.53696541199999
SCA3-3,Det,normal,promo,808,190.14246605,117.01697112400001,117.50210738700001,118.743333132,116.39733952750001,117.09981022600002,174.19056327200002,186.1027760025,116.995991685,117.25775905699999,115.72539566850001,116.78023990850001,114.98135310350001,113.84452585449999,95.63661955699999,87.53696541199999
SCA3-3,SAA,mix,normal,1000,9.8125951375,7.716831117,7.0922920875,4.3300410825,6.94423701,7.340226336,7.525821338500001,4.100960745,7.0304365,3.3134551150000005,3.308053299,7.775977333999999,6.975344491,3.1747216325,5.512661482,1.75097866
SCA3-3,SAA,mix,promo,1000,47.514912325,36.0085983735,32.3154850005,21.506628085,27.147157222500002,34.057560891,35.881767937,23.089422617500002,32.0787064575,17.63125673,17.3015768625,34.146999232,31.325497352,15.797887586000002,26.218139269999998,9.87531662
SCA3-3,SAA,normal,normal,808,9.8125951375,7.650583673999999,7.053906389,4.3300410825,6.76881196,7.285178442000001,7.4583247675,4.2216138675,7.055345642,3.400323565,3.3583231525,8.52655929,6.975344491,3.1747216325,5.512661482,1.75097866
SCA3-3,SAA,promo,promo,192,47.514912325,37.309476345,32.709606113999996,21.172289695,22.417633835,33.997952407999996,34.702684394500004,23.25031318,32.857634437,18.4476697925,17.917889729000002,38.6100083965,31.325497352,15.797887586000002,26.218139269999998,9.87531662
SCA3-3,SAA,normal,promo,808,47.514912325,36.414078922,32.5224436245,21.506628085,29.2311370575,33.6738546825,36.882942016,22.69882822,32.475499348,17.7243498075,17.27840129,38.275938877,31.325497352,15.797887586000002,26.218139269999998,9.87531662
SCA3-4,Det,mix,normal,1000,107.40758216249999,77.02010195950001,75.52188277399999,74.702016752,72.961146508,76.6414219265,84.5594686275,99.6884712875,75.430014167,75.430014167,72.310905345,75.3507472055,74.066464148,70.63329826,60.435577206000005,53.347936214
SCA3-4,Det,mix,promo,1000,179.64325246250002,126.7619607255,126.81428856649998,125.14752026650001,123.8566924525,127.03460537500001,138.14630096049999,172.37636036249998,126.40070609099999,126.40070609099999,123.633656999,124.98536292,123.8630290175,120.7322033225,108.37936541150002,100.77816602050001
SCA3-4,Det,normal,normal,801,107.40758216249999,76.89381180950001,75.3138609865,74.9340552225,75.466814304,76.787734148,89.60639118699999,99.24284573249999,75.1358163565,75.1383656025,72.23396525300001,74.89454178950001,74.066464148,70.63329826,60.435577206000005,53.347936214
SCA3-4,Det,promo,promo,199,179.64325246250002,127.3412238885,126.1643816195,126.06204303349998,124.69057126749999,128.30853449449998,127.32823840899998,173.29416505499998,124.9695878295,123.68202247099998,122.77590092749998,125.47563115,123.8630290175,120.7322033225,108.37936541150002,100.77816602050001
SCA3-4,Det,normal,promo,801,179.64325246250002,127.49530762450001,127.01629837800002,125.79540910200001,126.06130387699999,127.18445161300001,147.35972267,172.12985066749997,126.99275817000002,126.989608106,124.286332409,125.27018347249998,123.8630290175,120.7322033225,108.37936541150002,100.77816602050001
SCA3-4,SAA,mix,normal,1000,11.213693899999999,8.363644956,7.7241556744999995,5.426009606,6.6898514025,8.255339089500001,8.68827003,5.647029497499999,7.703421779,4.02925885,3.9897087940000002,8.8027277395,7.662592979499999,3.74280404,6.1086112120000005,2.33042878
SCA3-4,SAA,mix,promo,1000,55.5759847,38.1658534005,37.3984293505,26.52257051,31.238710572499997,37.830575337,42.261880717,29.7776483675,37.4119610355,23.034216072499998,22.2632422045,39.936802343500005,35.15720336449999,19.1767186065,29.91553942,12.860296646
SCA3-4,SAA,normal,normal,801,11.213693899999999,8.5496264845,7.9201925275,5.198148108,6.91407615,8.388295742499999,8.638103581,5.46472739,7.823443588999999,4.1311385125,4.214344785,9.472947564,7.662592979499999,3.74280404,6.1086112120000005,2.33042878
SCA3-4,SAA,promo,promo,199,55.5759847,40.408414754000006,38.9638119945,26.991782676,25.228868777499997,37.6939996095,37.1950072425,30.103242284999997,37.498672031999995,23.2983521675,22.362567537,40.960368356,35.15720336449999,19.1767186065,29.91553942,12.860296646
SCA3-4,SAA,normal,promo,801,55.5759847,39.9314380755,37.309697176499995,27.278511281,29.444186057499998,38.781317873999996,42.79427677649999,30.537734674999996,37.089947869,22.91307018,22.799102132999998,41.143906176,35.15720336449999,19.1767186065,29.91553942,12.860296646
SCA3-5,Det,mix,normal,1000,138.253220975,94.9175757935,92.19900494299999,93.498955898,90.936121086,93.3183695405,101.07492530299999,135.5753892775,91.58883012000001,90.103041174,89.38194723400001,92.5171681925,90.93168252500001,89.8802201595,73.9171674215,68.02908309150001
SCA3-5,Det,mix,promo,1000,201.4284212875,133.86678177250002,132.8260304405,133.639805215,131.3159262175,134.4716893585,143.18944893000003,200.80791338749998,133.349514751,132.845902299,132.73530098100002,132.4189391705,129.49391814650002,129.706677785,111.4659384505,107.4385230965
SCA3-5,Det,normal,normal,804,138.253220975,94.64006464549999,92.3025198365,93.43895497950001,91.06152569000001,95.03385353350001,103.484443361,135.5753892775,91.4349487275,90.067853449,89.669463859,91.94200621099999,90.93168252500001,89.8802201595,73.9171674215,68.02908309150001
SCA3-5,Det,promo,promo,196,201.4284212875,134.72894650400002,131.457206652,134.6291878685,132.0937643665,133.5015830865,133.384890748,200.88600616,131.416610682,131.12542044550003,130.9476163255,131.8863241675,129.49391814650002,129.706677785,111.4659384505,107.4385230965
SCA3-5,Det,normal,promo,804,201.4284212875,133.6658849295,133.084926983,133.643026778,132.2418936175,134.024980677,148.7144954075,200.80791338749998,133.48581013400002,133.07070872050002,133.1670732395,132.0385543155,129.49391814650002,129.706677785,111.4659384505,107.4385230965
SCA3-5,SAA,mix,normal,1000,12.153863225,9.0063580425,8.4427316105,6.2167321825,8.89268828,8.705102363,9.518788663499999,6.412952915,8.440524223499999,4.803352842500001,4.898283877,9.055689232499999,8.354880712000002,4.4689704225,6.653192474,2.6690364909999995
SCA3-5,SAA,mix,promo,1000,52.339269875,37.3222077315,34.172890623,26.616250492499997,35.81255491500001,36.382622960999996,39.464028011,27.805641865000002,34.226033907,23.1667189875,22.527620866499998,36.651440646,33.3304179095,19.7844294095,28.12585244,12.682192829000002
SCA3-5,SAA,normal,normal,804,12.153863225,9.141276751,8.689452013,6.216402044500001,7.722954187500001,8.689889111,9.760589588500002,6.35480072,8.588891282499999,5.0248740425,4.941488537,9.495000466499999,8.354880712000002,4.4689704225,6.653192474,2.6690364909999995
SCA3-5,SAA,promo,promo,196,52.339269875,39.8878963935,35.0025445765,27.1719877825,27.59970901,37.6850797635,35.602024737,28.0278612675,34.914277431,22.852808589999995,22.379147286999995,42.871842131,33.3304179095,19.7844294095,28.12585244,12.682192829000002
SCA3-5,SAA,normal,promo,804,52.339269875,38.107303621,36.68839174,26.633976282499997,30.6239405975,36.41845537,42.604325372000005,28.437077040000002,36.8281989355,24.3946617625,24.061570077499997,39.849816424,33.3304179095,19.7844294095,28.12585244,12.682192829000002
SCA3-6,Det,mix,normal,1000,69.00896176250001,44.12069319849999,42.576889131,40.925471390999995,39.098713285,44.0972600455,54.5026092385,55.72486703,42.4983849735,39.6973161935,37.1144246665,42.826336156500005,41.907706979,36.72765794,33.647092076,24.197422680000003
SCA3-6,Det,mix,promo,1000,131.468081025,78.9524685385,77.181445045,75.76698085550001,77.78526014350001,78.9335547435,100.62852388499999,118.77630563,77.03436781549999,73.36282570350001,71.04115632149998,77.73462752600001,75.5561731965,69.34680988150001,63.863338971999994,51.482564710000005
SCA3-6,Det,normal,normal,799,69.00896176250001,43.543787275,42.7627010465,41.248943607499996,39.101486928499995,44.5706866995,57.579602917,55.718167865,42.8587151185,40.275542441499994,37.4099151005,43.4309632005,41.907706979,36.72765794,33.647092076,24.197422680000003
SCA3-6,Det,promo,promo,201,131.468081025,79.89631965950001,77.86731915749999,77.121681152,78.4267036985,79.054759115,80.06453256249999,118.55060736,77.3000990065,72.503750746,70.93152634,79.123713838,75.5561731965,69.34680988150001,63.863338971999994,51.482564710000005
SCA3-6,Det,normal,promo,799,131.468081025,78.599087433,78.074278852,75.116412501,77.0050712725,78.689377596,109.2157403375,118.779077855,78.4225657875,74.8403990015,71.9025580915,78.68631169600002,75.5561731965,69.34680988150001,63.863338971999994,51.482564710000005
SCA3-6,SAA,mix,normal,1000,6.3020533625,4.828950118999999,4.591525760999999,3.459709231,5.145943399999999,4.9900059415,4.9799078475,3.3916743625000003,4.569714075499999,2.3388507299999994,2.3325618899999996,5.004009672,4.439381661,2.266096255,3.45284727,1.302208145
SCA3-6,SAA,mix,promo,1000,41.20392819999999,28.6871496725,27.616500479,22.8721413375,28.421790875,28.473332132000003,32.317358676,22.624251577499997,27.4829493625,17.14116741,17.395405941,29.649627594,26.3010480105,15.227884150999998,22.061811618000007,10.171832380000001
SCA3-6,SAA,normal,normal,799,6.3020533625,5.0782017145,4.611817197499999,3.319792489,5.291116387500001,4.914106518500001,5.233912088,3.24600126,4.651095,2.7430006650000003,2.6106949850000003,5.720448405,4.439381661,2.266096255,3.45284727,1.302208145
SCA3-6,SAA,promo,promo,201,41.20392819999999,29.308261225000003,28.2472341045,21.844921078499997,20.8129351775,28.659713173500002,27.8789112015,22.855275822499998,28.133086671499996,17.127758857499998,17.09287732,31.65733904449999,26.3010480105,15.227884150999998,22.061811618000007,10.171832380000001
SCA3-6,SAA,normal,promo,799,41.20392819999999,29.127126104000002,28.178635643499995,25.5343630775,32.8173068,29.0752020375,35.16530893349999,25.6573740525,28.320785614499997,20.395304,18.8485946275,34.154124737,26.3010480105,15.227884150999998,22.061811618000007,10.171832380000001
SCA3-7,Det,mix,normal,1000,137.18903941250002,102.3172942555,99.4450211255,101.79186306900002,96.30745093950001,103.83969158800001,101.20792334800001,127.02045614500003,99.47261441650001,99.3078625035,95.58275214599999,101.1084760225,99.27050959500001,95.23806399,83.32275579200001,76.05838621699999
SCA3-7,Det,mix,promo,1000,204.94823465,145.70796916350002,144.5248782635,144.08232311100002,144.5692484345,145.5781289985,145.15583728300004,198.907522685,144.43430130500002,144.265602885,141.4153810735,145.54124771050002,143.54429588850002,140.448569767,126.21758417450002,119.67861441950001
SCA3-7,Det,normal,normal,803,137.18903941250002,101.22489591200002,99.89692216450001,100.387330687,96.508797315,101.3880848885,101.02377104,127.02045614500003,100.0319581585,97.61003294300001,95.899300293,101.64304145200002,99.27050959500001,95.23806399,83.32275579200001,76.05838621699999
SCA3-7,Det,promo,promo,197,204.94823465,145.75132180100002,145.73449633550004,144.55760543250003,143.52266656900002,145.25548386500003,146.184610631,198.502302535,144.74667942050002,141.7281961795,141.6852096655,145.25431841250003,143.54429588850002,140.448569767,126.21758417450002,119.67861441950001
SCA3-7,Det,normal,promo,803,204.94823465,145.2513099255,146.7050073785,145.6993654725,142.85539215350002,145.84930960050002,145.00820543900002,198.93088950000003,147.02580689400003,154.131408528,144.26019049250002,147.84195720300002,143.54429588850002,140.448569767,126.21758417450002,119.67861441950001
SCA3-7,SAA,mix,normal,1000,13.108309887499999,9.7357625,9.1696979165,6.7730347,6.207176412499999,9.3703917545,10.370715593000002,6.7233184375,9.1583493875,4.756745575,4.6839491585,9.516876213000002,9.065099898,4.4624317325,7.148498158000001,2.77094097
SCA3-7,SAA,mix,promo,1000,70.3775170125,48.522698167499996,45.753793773,36.909166226,33.3750738975,47.32440906750001,51.1142408395,38.906219485,45.782769501000004,29.8030242025,28.410277002,47.1793106245,45.192386695,26.897973639499998,37.71420774,17.574512982999998
SCA3-7,SAA,normal,normal,803,13.108309887499999,9.917062568,9.335675719000001,6.61726089,6.6849402125,9.5083917525,10.6842412235,6.376961282499999,9.295894276,4.874166847500001,4.940148235500001,10.307605499000001,9.065099898,4.4624317325,7.148498158000001,2.77094097
SCA3-7,SAA,promo,promo,197,70.3775170125,50.7622441275,46.645352733,35.826660202,34.2215593,48.541988518,48.133148077499996,38.7142315875,46.2467894225,28.726598265,27.9783498865,50.942736009,45.192386695,26.897973639499998,37.71420774,17.574512982999998
SCA3-7,SAA,normal,promo,803,70.3775170125,49.88337124,47.3829680915,38.08371522,34.45491099750001,48.0020413485,54.781145602,38.81714248,47.5500609265,30.390622475000004,30.744997759500002,50.551003215,45.192386695,26.897973639499998,37.71420774,17.574512982999998
SCA3-8,Det,mix,normal,1000,88.45420523749999,64.45223643899999,61.64669764,62.2807948645,62.5583690995,63.765433595000005,64.5797306315,86.3191473825,61.446134656,59.980175397500005,59.776825233,62.05692906099999,61.35520510549999,59.669557513499996,50.94188078500001,47.353330715000006
SCA3-8,Det,mix,promo,1000,142.8402970875,108.022754929,105.35934717099998,105.68800637500001,109.63480228899998,106.814394659,108.5151914185,140.3943341025,105.00915015449999,102.84058464099999,102.5538501365,106.16556726,104.32985978849999,102.58500842549999,92.35281980499998,87.882727405
SCA3-8,Det,normal,normal,788,88.45420523749999,64.725770907,62.59027264,62.91382279049999,62.39846248249999,64.10958729750001,68.4924182245,86.33003385500001,61.883401303999996,60.434959426,60.177544026,62.014440119,61.35520510549999,59.669557513499996,50.94188078500001,47.353330715000006
SCA3-8,Det,promo,promo,212,142.8402970875,107.1917562875,105.9187266565,104.63547664749998,105.85915039049999,106.437039465,111.0521114475,139.02666293250002,105.53100381449997,104.04200535149997,103.65078633999998,106.68706095,104.32985978849999,102.58500842549999,92.35281980499998,87.882727405
SCA3-8,Det,normal,promo,788,142.8402970875,108.3216379655,106.29139299949999,105.63294202,107.57361429050002,106.95370363849999,117.047552511,140.448909705,105.880045751,103.48077561849999,103.82211836399999,107.2628015685,104.32985978849999,102.58500842549999,92.35281980499998,87.882727405
SCA3-8,SAA,mix,normal,1000,6.9935728125,5.258401361499999,5.046442408,3.7147581575,6.2850411775,5.211589108,6.240829646999999,3.700571155,4.983795074500001,2.4866619075000003,2.48963518,5.4603952315,5.0474190965,2.4561198600000003,3.86397329,1.5413972500000002
SCA3-8,SAA,mix,promo,1000,34.0147372375,25.126019606,23.663223701,19.635500009999998,29.514395377499998,24.4816261905,29.254260563,20.225424375,23.4914200105,15.328221815,14.733555195,25.429346453,22.570456905500002,13.483787953499998,18.481803974,8.500637821000002
SCA3-8,SAA,normal,normal,788,6.9935728125,5.508463674,5.393196211,3.907324528,6.3260308825000005,5.381842809,6.6052003645,3.3514024075,5.2186741275,2.8391340025,2.7928889125,6.9935728125,5.0474190965,2.4561198600000003,3.86397329,1.5413972500000002
SCA3-8,SAA,promo,promo,212,34.0147372375,25.853062939999997,23.672979258999998,18.553520544999998,20.545128955000003,24.338780662,24.647590033999997,20.7250205775,23.503169816499998,15.29227304,15.1221706175,28.711831534,22.570456905500002,13.483787953499998,18.481803974,8.500637821000002
SCA3-8,SAA,normal,promo,788,34.0147372375,26.038182471,25.611395767000005,21.567719248,30.5741468075,25.058718239999997,32.061580725,19.196404047499996,24.8233277395,16.5409247925,16.5748422925,34.0147372375,22.570456905500002,13.483787953499998,18.481803974,8.500637821000002
SCA3-9,Det,mix,normal,1000,100.8717223,71.2801504555,68.85845318100002,68.063733389,65.32687538900001,70.903692535,70.52175738900002,89.828438275,68.69769663999999,68.639566064,64.27208447900001,69.3618409535,68.09523010150001,64.103831527,54.599854738000005,47.250406876
SCA3-9,Det,mix,promo,1000,172.90557077500003,116.3350151595,114.804309751,114.8875585655,111.69472084050001,116.39021436050001,116.26985683550001,163.07163291,114.661198135,114.6678537235,111.60683172750001,114.44277216300001,112.031176617,108.7811335605,96.136940524,87.99259756699999
SCA3-9,Det,normal,normal,813,100.8717223,71.4615482585,68.98034989250002,68.1054901225,66.23713338750001,70.90054994500001,73.9229911365,89.828438275,68.7270590785,68.485075556,64.3153348695,69.8638998615,68.09523010150001,64.103831527,54.599854738000005,47.250406876
SCA3-9,Det,promo,promo,187,172.90557077500003,118.11575918999999,114.5627375155,116.361044134,114.61854938600001,115.65625478800001,116.17998880300001,163.00021039,113.4002476785,111.01887912000001,110.84273860900001,113.73849699850001,112.031176617,108.7811335605,96.136940524,87.99259756699999
SCA3-9,Det,normal,promo,813,172.90557077500003,116.88283676950002,115.42441708300001,116.11312883850002,115.39387781200001,116.72967188550001,122.90146308750002,163.07163291,115.112353565,120.8427270615,111.721975835,115.17822526,112.031176617,108.7811335605,96.136940524,87.99259756699999
SCA3-9,SAA,mix,normal,1000,13.084581462500001,10.033560792000001,9.5785743815,7.099397135,8.3511855625,9.8427334145,10.582878597499999,6.801340785000001,9.592747524,4.744630870000001,4.70882503,10.165396214000001,9.250576172999999,4.418438125,7.355299849999999,2.6441236609999996
SCA3-9,SAA,mix,promo,1000,57.898385125,40.291594221500006,38.921855365499994,27.992151917500003,33.1013859275,39.504656527,45.1822622015,29.293913219999997,38.908923824,23.161824335000002,23.060459813,40.764795374,37.594715728,21.0744794285,31.793713125999997,13.523465645000002
SCA3-9,SAA,normal,normal,813,13.084581462500001,10.1667417055,9.714297975,7.099397135,7.729480924999999,9.6763418725,10.609549223000002,6.9350675325000015,9.704875897,4.991819892500001,4.9371079175,11.0131662315,9.250576172999999,4.418438125,7.355299849999999,2.6441236609999996
SCA3-9,SAA,promo,promo,187,57.898385125,41.5364414885,40.12944070649999,28.957611200000002,25.2529841075,40.8287759895,40.3955270595,29.856019755000002,39.5054204755,23.200724590000004,22.9020474965,44.277545362,37.594715728,21.0744794285,31.793713125999997,13.523465645000002
SCA3-9,SAA,normal,promo,813,57.898385125,41.0444961235,40.458586224,27.992151917500003,35.976312387499995,39.752654888,45.3866384265,29.562798762499998,40.4432860605,24.5299266725,24.387511745,46.353292269499995,37.594715728,21.0744794285,31.793713125999997,13.523465645000002
SCA8-0,Det,mix,normal,1000,268.2028726875,232.14965811899998,230.46412372649996,228.32845768800001,227.5080278915,231.3627681935,239.3822772375,259.04710368249994,230.36661168900005,224.64531700700005,224.53291572400002,231.67152366649998,229.00708128649998,224.15788164600002,191.2706272845,178.5579073675
SCA8-0,Det,mix,promo,1000,409.72173042500003,347.0498762785,344.3669413815,346.8808313530001,345.24305584900003,346.333756123,362.475964151,404.13791123749996,345.0924039715,342.247480986,342.184606942,344.2024972175,341.7512129065,340.1877704175,301.02425835749995,290.6158434265
SCA8-0,Det,normal,normal,787,268.2028726875,231.8232391565,229.865423145,227.68533677250002,229.65740482950002,231.55826868100002,239.6992274945,259.201039905,230.4799970045,226.7745787105,225.2606231035,231.79942591250003,229.00708128649998,224.15788164600002,191.2706272845,178.5579073675
SCA8-0,Det,promo,promo,213,409.72173042500003,346.4637075340001,344.5235365015,345.754121875,348.3045766350001,345.4998032235,351.6189707145,404.2837717725,343.70140670300003,343.16887364800004,342.39775516099996,343.51915585,341.7512129065,340.1877704175,301.02425835749995,290.6158434265
SCA8-0,Det,normal,promo,787,409.72173042500003,347.017081976,345.22699573049994,347.3150736465,346.42180361450005,345.95865510299996,364.4398885245,404.83802834500005,345.27865228150006,343.0441118930001,342.7082289775001,346.32284988799995,341.7512129065,340.1877704175,301.02425835749995,290.6158434265
SCA8-0,SAA,mix,normal,1000,26.512198587499995,24.2533569925,23.708695004000003,18.2056652025,19.073030476000003,23.970786052,24.094477705,17.99685859,23.702075595500002,16.6855367265,15.9429391525,24.110828801,23.174168910500004,15.376919229999999,15.749305001000002,7.679327541
SCA8-0,SAA,mix,promo,1000,120.84807608750002,104.128659639,103.7478640945,85.52925322750002,89.59725354199999,103.63060287350001,106.9597232385,90.009289955,103.549829462,84.00600168899999,81.0516928745,106.3588553195,101.712769138,79.0638659745,75.647361723,47.535155056
SCA8-0,SAA,normal,normal,787,26.512198587499995,23.823764531000002,23.76055415,18.2826443,18.622044022500003,23.8728206965,24.174558202500002,18.568529362499998,23.706017432499998,16.8181389175,16.348579691,24.644128041,23.174168910500004,15.376919229999999,15.749305001000002,7.679327541
SCA8-0,SAA,promo,promo,213,120.84807608750002,106.30528564950001,105.80278798200001,85.7842113235,88.289153527,105.49400307800002,106.18759543549999,90.00478389749999,104.7233833455,85.09818926049999,81.295591144,108.95197765549999,101.712769138,79.0638659745,75.647361723,47.535155056
SCA8-0,SAA,normal,promo,787,120.84807608750002,105.23328551700001,104.64330931500001,88.369131966,89.224859485,105.0878290665,109.398629676,91.5430945225,104.3268936,85.507824391,83.20766864000001,110.88445225950001,101.712769138,79.0638659745,75.647361723,47.535155056
SCA8-1,Det,mix,normal,1000,263.17322014999996,223.180833662,222.53473189199997,219.89205206100002,215.87303707450002,222.893776027,230.21118270199997,253.96348558499994,222.9662742055,215.781846127,214.7671366345,224.473483059,220.9222342,213.44156196,175.33653696000002,159.40057019
SCA8-1,Det,mix,promo,1000,412.48706405,339.5110351165,339.6759936095,339.9246303225,336.174305146,339.521886928,357.82093475799996,403.872582985,339.4655188885,340.554863026,335.738846342,340.087706305,335.66830891250004,331.995639149,288.092833025,273.05917492000003
SCA8-1,Det,normal,normal,803,263.17322014999996,222.6076317595,221.9582578285,220.86208947849997,217.036104542,222.39735416950003,236.3469126485,254.28808855,221.993039745,216.082437279,214.81187966299998,222.94753846799998,220.9222342,213.44156196,175.33653696000002,159.40057019
SCA8-1,Det,promo,promo,197,412.48706405,337.28818283149997,337.465749035,338.8353660595,346.20064306499995,336.8577610525,347.421609369,405.4768179325,336.73747610600003,337.4391838825,333.8540228685,341.71977924699996,335.66830891250004,331.995639149,288.092833025,273.05917492000003
SCA8-1,Det,normal,promo,803,412.48706405,340.7954298295,341.00216022549995,340.167321417,337.590849289,340.907079582,364.18881568949996,404.29172075249994,340.2675513525,341.82734340499997,337.6146957435,340.3984428945,335.66830891250004,331.995639149,288.092833025,273.05917492000003
SCA8-1,SAA,mix,normal,1000,26.4706038875,23.976380282999997,23.824260928999998,16.3093810805,19.37802994,23.977089995999997,24.8532760215,16.299846212499997,23.846630665,16.2897685,15.910461214500002,24.351350194000002,23.149769277500003,15.681171552499999,16.1938794165,7.7222980935
SCA8-1,SAA,mix,promo,1000,122.40033095,106.5695416475,105.45351851199999,77.0808389865,84.9989822175,106.414071339,112.81444433349999,78.05800592499999,105.28535035650002,76.04356582949998,73.728937601,108.16160294399998,103.7733600975,72.49071837499999,76.10341750900001,42.205369444999995
SCA8-1,SAA,normal,normal,803,26.4706038875,24.07893286,24.127514021,16.070569587999998,19.503034559999996,24.0835626225,25.3631730315,16.628913542499998,24.114552590499997,16.214535248,15.992618629,25.487765483500002,23.149769277500003,15.681171552499999,16.1938794165,7.7222980935
SCA8-1,SAA,promo,promo,197,122.40033095,108.17421399800001,107.41466076099998,79.1908009605,87.5444354275,108.27027432150001,108.84904094550001,80.0080584,106.8784616425,77.5499480675,77.29337382550001,111.930854365,103.7733600975,72.49071837499999,76.10341750900001,42.205369444999995
SCA8-1,SAA,normal,promo,803,122.40033095,107.798948924,107.63771099749998,76.56218575300001,83.1068848675,107.57321970999999,115.014046871,79.15339138499999,107.5993066945,77.1210379725,75.412748991,114.74038111699998,103.7733600975,72.49071837499999,76.10341750900001,42.205369444999995
SCA8-2,Det,mix,normal,1000,217.00216115000003,169.26285213399998,169.260882435,160.87080612800003,158.365895397,168.76481928949997,181.74326786950004,196.90750139000002,169.0091547135,160.6458101685,155.556402566,170.155654014,167.447803462,154.74949651150004,123.53226688550001,99.2419870495
SCA8-2,Det,mix,promo,1000,375.03661253750005,280.33532033150004,279.113132544,271.1764024895,271.04661920949997,279.7225248435,304.4647644245,355.27486156,279.7340765455,270.951262825,268.8031876745,279.833827736,275.10703038799994,264.33139476850005,226.06451253699998,197.61070722600002
SCA8-2,Det,normal,normal,805,217.00216115000003,169.09796053299996,168.516912633,160.16910033349998,158.66408636350002,168.583360091,179.2021889565,196.90750139000002,168.65642073499998,159.93400337549997,155.2923240405,168.81065167299997,167.447803462,154.74949651150004,123.53226688550001,99.2419870495
SCA8-2,Det,promo,promo,195,375.03661253750005,278.1988313334999,277.6423141755,272.82485459400004,276.67854112299995,278.267383267,289.898735974,354.7260670725,277.48118086849996,267.7346563645,265.514164335,278.539192121,275.10703038799994,264.33139476850005,226.06451253699998,197.61070722600002
SCA8-2,Det,normal,promo,805,375.03661253750005,281.1103385555,280.21048633799995,274.41080230150004,275.62092221399996,281.2352160065,296.5054379575,355.27486156,280.16233493149997,271.9988521155,269.53480076799997,279.1045648375,275.10703038799994,264.33139476850005,226.06451253699998,197.61070722600002
SCA8-2,SAA,mix,normal,1000,23.967047075,20.573186610000004,20.245761560500007,15.924953916000002,15.660223372499999,20.5400164255,22.070211985500002,16.20451386,20.1793414775,13.521055779000001,13.486871345,21.0097693825,20.294131475000004,13.0387089215,13.8945499985,6.442173111500001
SCA8-2,SAA,mix,promo,1000,118.59703747500001,100.338083729,99.12121081250001,77.0568701,72.514626365,100.09636901600001,106.678837936,79.22323098,98.818602616,68.2614079315,68.0735745335,102.8191299665,97.54847532700002,65.9852830685,70.945731741,37.177307267
SCA8-2,SAA,normal,normal,805,23.967047075,20.5338857825,20.430317462,16.553377754,16.913414452500003,20.5824704345,22.063265911000006,16.093480595000003,20.387476267999997,13.966630883499999,13.698720786999997,22.0416092605,20.294131475000004,13.0387089215,13.8945499985,6.442173111500001
SCA8-2,SAA,promo,promo,195,118.59703747500001,100.643812182,99.88012077299999,77.0897727715,75.06894063749999,100.8479616195,101.2968596215,76.74709213749999,99.583642617,69.27861645,68.42472159800002,106.08973085000001,97.54847532700002,65.9852830685,70.945731741,37.177307267
SCA8-2,SAA,normal,promo,805,118.59703747500001,100.21585713399998,100.20198470499999,79.61155916199998,75.5305363025,99.95823681499999,107.340350353,79.22451834750001,99.9823803645,68.8914287465,68.771653762,107.852290529,97.54847532700002,65.9852830685,70.945731741,37.177307267
SCA8-3,Det,mix,normal,1000,247.75762866250003,205.45144063200001,204.05666346450002,198.44434732,197.17220642349997,204.90856697300003,211.58647595349998,233.3015650725,203.57330102400002,194.71064822350002,193.17771073350002,205.6385626755,201.97713011849999,192.75139139,160.945712757,145.694566751
SCA8-3,Det,mix,promo,1000,379.12322935000003,309.12708818799996,308.92742101199997,303.74702111350007,303.48946012150003,309.774722204,319.1040575745,365.75948279500005,307.69821164049995,311.3205722765,300.7817881995,308.01332228399997,303.885668708,298.16368268950004,257.246441551,241.47393055499998
SCA8-3,Det,normal,normal,802,247.75762866250003,205.187178448,203.908818884,198.47001507999997,197.94260366150002,204.49448844900004,223.64731493349996,233.5884171225,203.5123996205,194.6236223625,193.28552010049998,204.15513068050004,201.97713011849999,192.75139139,160.945712757,145.694566751
SCA8-3,Det,promo,promo,198,379.12322935000003,307.962986627,307.18685473650004,302.49419094850003,308.3537598600001,307.531777094,309.09072821449996,366.47973446000003,306.3180143205,304.946272683,299.67540927249996,308.43056382950004,303.885668708,298.16368268950004,257.246441551,241.47393055499998
SCA8-3,Det,normal,promo,802,379.12322935000003,310.44531995200003,310.433592969,305.27603618100005,304.0416538545,307.99062255949997,337.18530342549997,366.5747825,310.004786404,313.063051046,302.374042774,310.030225711,303.885668708,298.16368268950004,257.246441551,241.47393055499998
SCA8-3,SAA,mix,normal,1000,25.217805262499997,22.667135167,22.546653533500006,15.763539843499998,18.076756600000003,22.681892318500005,23.1553846615,16.299584005,22.530018991500004,14.504725174999997,14.511279784,23.089095925,22.0233068555,13.77265482,14.923699961499997,5.7474149565
SCA8-3,SAA,mix,promo,1000,116.47475865000001,99.5634097645,98.9949600975,72.125319651,82.52328123499998,99.4894757125,105.72412707199999,74.135300905,99.0223166785,68.01030259000001,67.9737179335,104.518680269,96.672425246,63.491896419499994,71.15028867999999,34.773997828999995
SCA8-3,SAA,normal,normal,802,25.217805262499997,23.2236948935,22.999666415500002,15.816494738000001,17.0654700925,23.013354259000003,23.3451138655,16.327198665,22.939507547,14.739912372500001,14.686110569999999,24.570414441999997,22.0233068555,13.77265482,14.923699961499997,5.7474149565
SCA8-3,SAA,promo,promo,198,116.47475865000001,99.4780915535,99.25708857199999,75.09721410050001,73.63071637250002,99.42353909049999,101.89944313700002,76.20398487500002,99.1977778305,71.97727662049999,69.0789272905,107.84404991699999,96.672425246,63.491896419499994,71.15028867999999,34.773997828999995
SCA8-3,SAA,normal,promo,802,116.47475865000001,100.4244942905,100.24483867299999,72.54309527900001,77.37836427499998,100.24078226499999,107.06373693850001,75.79723647499999,100.10937281800001,68.0246798325,68.61701555500001,110.72088050599999,96.672425246,63.491896419499994,71.15028867999999,34.773997828999995
SCA8-4,Det,mix,normal,1000,262.5271643375,211.01135180050002,210.1474516355,203.35064060450003,203.4499915755,210.620608908,214.68523232399997,248.03868552249997,210.831151831,202.69661140750003,201.60206134299997,212.10913949800002,209.35995215850002,201.11852583799995,165.7690165335,147.80204837550002
SCA8-4,Det,mix,promo,1000,399.06804311249994,321.4165946985,320.1723246895,316.858524122,317.877343348,320.81394751199997,322.57338998,390.73022062999996,319.69109632,315.884084558,313.910807601,319.639020311,315.646366666,309.507163924,269.03670304099995,252.145237462
SCA8-4,Det,normal,normal,775,262.5271643375,211.35331614849997,210.1967714735,203.26098741199996,203.957389644,210.612658841,218.68538746599998,247.8993321475,210.21475146199998,204.2994397035,200.93747688800002,212.70425929149997,209.35995215850002,201.11852583799995,165.7690165335,147.80204837550002
SCA8-4,Det,promo,promo,225,399.06804311249994,318.2668431515,318.10679127049997,316.254535817,317.614968395,318.6205779235,322.357563807,390.46200086,317.9218984255,315.075077592,312.7198220145,318.866216405,315.646366666,309.507163924,269.03670304099995,252.145237462
SCA8-4,Det,normal,promo,775,399.06804311249994,321.4110784065,321.0078883775,319.4654109935,319.0697798705,320.91240595150003,336.97534355350007,390.53362072999994,320.4539230175,320.621393252,315.76543365050003,321.20484894199996,315.646366666,309.507163924,269.03670304099995,252.145237462
SCA8-4,SAA,mix,normal,1000,19.423294549999998,17.231502749999997,17.250077715,12.571696941499999,12.488864504999999,17.2755348255,17.608080221,12.537225482500002,17.2597266155,11.370578803999999,11.109584870499999,17.588773095,16.9009943175,10.222054287499999,10.970525546,4.052579356
SCA8-4,SAA,mix,promo,1000,101.60124423750001,85.22347115500003,85.630857961,65.503967825,67.93129515000001,85.32869004500002,87.80525563650001,65.92441111250001,85.44930906150002,58.55763708800001,57.52767846850001,87.6924525415,82.9897401015,55.40685989449999,58.37206234549999,27.6373835645
SCA8-4,SAA,normal,normal,775,19.423294549999998,17.669636813,17.441774112500003,12.792554439000002,13.415335360000002,17.610697105,18.131448282500003,12.230132672500002,17.4118786555,11.1758287675,10.787593909999998,17.957703578500002,16.9009943175,10.222054287499999,10.970525546,4.052579356
SCA8-4,SAA,promo,promo,225,101.60124423750001,86.93194091900001,85.9153422965,66.89496693950001,62.636414172500004,86.5349900595,85.54375741300001,66.89397981750001,85.4051768055,59.70033910149999,58.047972959499994,90.96977625299999,82.9897401015,55.40685989449999,58.37206234549999,27.6373835645
SCA8-4,SAA,normal,promo,775,101.60124423750001,86.4181132785,86.2198771865,64.98568565800002,72.57548075,86.47413309550001,89.8713592375,67.15679413000001,85.9849533295,59.923891225000006,60.37989907450001,90.856683644,82.9897401015,55.40685989449999,58.37206234549999,27.6373835645
SCA8-5,Det,mix,normal,1000,240.9511852875,189.03568081849997,187.201957809,184.68519281,184.947855102,189.0496824435,192.170211374,231.25470203,187.39116026000002,185.1258164115,182.2986770775,189.1636004745,185.87214102549999,181.62409634399998,136.6338605225,123.7459246975
SCA8-5,Det,mix,promo,1000,369.99372068750006,285.2129717875,282.72498632549997,282.62069062,282.110537905,285.1297138005,284.432087727,362.17391128500003,282.46354427849997,279.4616386695001,278.3242116,282.22910335399996,277.194878153,274.52082741299995,225.12396708650002,211.0942073615
SCA8-5,Det,normal,normal,809,240.9511852875,189.5393141115,186.72085158449997,184.94658020549997,186.01546154949997,189.28686353899997,200.343850041,231.451732415,186.46974828649996,184.346470209,181.61536604149998,188.67729451,185.87214102549999,181.62409634399998,136.6338605225,123.7459246975
SCA8-5,Det,promo,promo,191,369.99372068750006,283.3008036365,279.87775868499995,281.63609711550004,285.697788583,282.19586104649994,289.41225234850003,363.53510553250004,279.4887944469999,276.07330033599993,275.474889574,281.01489750599995,277.194878153,274.52082741299995,225.12396708650002,211.0942073615
SCA8-5,Det,normal,promo,809,369.99372068750006,285.2229097805,284.56521103,284.258398835,283.17222082999996,285.41627504099995,307.847767986,362.4844871900001,283.268870693,280.520318413,279.4601059315,282.4890185525,277.194878153,274.52082741299995,225.12396708650002,211.0942073615
SCA8-5,SAA,mix,normal,1000,24.7035812375,22.6886451435,22.404699695,17.638010873000002,17.974510487499998,22.602481051500003,22.422603167499997,17.813991945,22.3258119895,15.638097206000001,15.572449588000001,22.5619718395,22.083381293,15.2027525865,14.8064029225,6.8611242665
SCA8-5,SAA,mix,promo,1000,124.50142598750001,106.79453140049998,105.8138806145,88.468345854,89.54783034500001,106.47779489,110.2892728385,88.4028216625,105.7334081485,81.91817959800002,80.953759392,106.9362298625,104.1541300285,80.0571804975,76.8675669405,44.9806995315
SCA8-5,SAA,normal,normal,809,24.7035812375,22.711319637499997,22.228085081499998,17.825468857999997,18.577963484999998,22.5054780545,23.194686545500005,17.8293475675,22.1802938835,15.654228400500001,15.7713247675,23.545236450999997,22.083381293,15.2027525865,14.8064029225,6.8611242665
SCA8-5,SAA,promo,promo,191,124.50142598750001,108.13237265500001,106.86521848999999,88.51271915499998,89.4630379925,107.99990199650001,108.38418529249999,88.91256381250001,106.59574506550001,81.9730489645,82.015618136,111.9290564645,104.1541300285,80.0571804975,76.8675669405,44.9806995315
SCA8-5,SAA,normal,promo,809,124.50142598750001,107.59383713649999,105.99360227049999,90.80885379949999,91.28724141750001,107.43370044049999,112.4136860195,89.85929994499999,106.06934150900001,83.8784719945,83.42705180850001,114.74834240599999,104.1541300285,80.0571804975,76.8675669405,44.9806995315
SCA8-6,Det,mix,normal,1000,266.0519459125,217.0758325315,216.076042774,215.397223835,215.16575013700003,217.0457836805,231.95311807000002,261.80829838000005,216.20827386149998,214.86192480600002,213.896897161,218.9885570865,215.65745445750002,214.21437949050002,169.1484158955,160.64633397449998
SCA8-6,Det,mix,promo,1000,385.1756927125,306.721557426,306.57352967400004,304.362052102,308.1415604145,306.500269289,329.316084865,382.363388085,304.9528904345,306.82590811549994,303.7813488175,304.81104941899997,301.5209019175,299.89580108300004,254.44624951299997,247.02832003899996
SCA8-6,Det,normal,normal,810,266.0519459125,216.79831063100002,216.44136373700002,215.23575913850001,215.6238857235,217.155743895,229.25077874350004,261.620932775,215.7158135225,214.82269018550002,213.82165071750003,218.02515057050005,215.65745445750002,214.21437949050002,169.1484158955,160.64633397449998
SCA8-6,Det,promo,promo,190,385.1756927125,304.83390715449997,304.3837708885,303.2355356285,311.6655259285,304.7341870135,316.44274218450005,382.9080256925,303.3847449855,301.857300124,301.7474945345,305.044503627,301.5209019175,299.89580108300004,254.44624951299997,247.02832003899996
SCA8-6,Det,normal,promo,810,385.1756927125,308.0971716395,307.0822390415,306.4625350985,307.21719243449996,306.6520139355,328.1876295595,382.53009746249995,306.4712556075,307.884550189,305.1305505935,307.21188298,301.5209019175,299.89580108300004,254.44624951299997,247.02832003899996
SCA8-6,SAA,mix,normal,1000,23.9239484625,21.4162875665,21.474705995,17.8958561605,17.87195892,21.181821118,21.596499196,17.6757669025,21.410821083,15.697828584500002,15.408953825000005,21.6021992755,20.7721009565,14.874331954500002,13.611634480500001,6.255057426499999
SCA8-6,SAA,mix,promo,1000,105.3640929125,89.57152384100002,88.98251494249999,78.18405894600001,76.68571857,89.081856002,90.9135714985,80.60066330250001,88.4464121915,71.48943165450001,69.317586749,88.52338022500001,87.25691455249999,67.0749315775,60.12522731250001,32.2726800355
SCA8-6,SAA,normal,normal,810,23.9239484625,21.326287046500003,21.239532654500003,17.642144399499998,19.74538424,21.401869051000002,21.909846631999997,18.2236184425,21.476716593000003,15.844119984500002,15.735909502500002,22.815603847000002,20.7721009565,14.874331954500002,13.611634480500001,6.255057426499999
SCA8-6,SAA,promo,promo,190,105.3640929125,91.025700724,90.8017197815,78.2826255275,79.25158737650001,90.82523936700001,89.545047538,80.92672786500002,88.64049305099999,72.521693903,71.18727608350001,94.2435297295,87.25691455249999,67.0749315775,60.12522731250001,32.2726800355
SCA8-6,SAA,normal,promo,810,105.3640929125,89.74662393750002,89.711753615,79.57530659250001,82.3639597225,89.89084265100001,93.5189546935,83.563536845,90.05890999900002,72.99133209050001,71.2100969945,101.2559225235,87.25691455249999,67.0749315775,60.12522731250001,32.2726800355
SCA8-7,Det,mix,normal,1000,229.63582786249998,179.67524305749998,175.5478540795,173.04149287949997,169.7801827345,179.355742429,185.74037620250002,212.848579625,175.6268007565,168.064942284,166.04346104900003,177.71652165700002,173.6732238245,163.9348977015,126.38267398699999,105.03901477299999
SCA8-7,Det,mix,promo,1000,394.96859815,283.630791865,282.44120277800005,281.6473115235,277.265002519,284.5833902145,300.39874297550006,379.87658477,282.18249983100003,282.189443478,272.2734172715,282.322587493,279.1692493045,269.3822911335,222.069390828,197.613575631
SCA8-7,Det,normal,normal,799,229.63582786249998,178.63375134300003,175.605358134,172.0235945335,170.6785528435,179.123798697,187.70069502050004,212.83954475500002,175.42984856249998,169.871634127,165.516422664,176.79228251850003,173.6732238245,163.9348977015,126.38267398699999,105.03901477299999
SCA8-7,Det,promo,promo,201,394.96859815,284.471616595,282.8972762925,278.8943509795,283.29181754650006,285.68279298000004,291.39943000400007,378.39811634,284.2323622185,275.05226779000003,274.892312579,283.7830798135,279.1692493045,269.3822911335,222.069390828,197.613575631
SCA8-7,Det,normal,promo,799,394.96859815,287.558882223,285.50922229,287.061000082,279.69935609050003,285.4615627635,312.59831644150006,379.950951895,285.483047299,285.235691274,275.410444749,287.16222714,279.1692493045,269.3822911335,222.069390828,197.613575631
SCA8-7,SAA,mix,normal,1000,24.593148400000004,21.288327019,21.348078790999995,15.230098532499998,17.920889250000002,21.435991763000004,21.653950355,15.083661170000001,21.204247335999998,13.723092803999998,13.416123407999997,21.9052724405,20.7041521915,12.949340593,13.826611422499997,5.8217593695000005
SCA8-7,SAA,mix,promo,1000,127.9201122625,106.03269087800001,105.782373645,86.2385139535,102.29940912749998,106.188875964,110.45058777849998,89.1124525225,105.735573554,78.184344859,76.98346787050001,110.42979457200002,104.098375915,75.26079589199999,74.485997273,40.50592118899999
SCA8-7,SAA,normal,normal,799,24.593148400000004,21.384194943999997,21.3482276265,15.219999515000001,18.559033290000002,21.2892671915,22.262009391,15.199818650000003,21.306112890500003,13.212895818999998,13.1985620455,23.388054554,20.7041521915,12.949340593,13.826611422499997,5.8217593695000005
SCA8-7,SAA,promo,promo,201,127.9201122625,106.84527962050001,106.72510050700001,86.4122257215,80.72995700450001,106.744248718,108.36502176499998,88.9105471575,106.172318092,78.629866432,77.524468071,112.16618660849998,104.098375915,75.26079589199999,74.485997273,40.50592118899999
SCA8-7,SAA,normal,promo,799,127.9201122625,106.759423865,107.64080491800001,87.99837963399999,101.17147419,106.86564605049999,115.58493520050001,89.88671304,107.4034129585,79.032714422,79.181069212,120.075762064,104.098375915,75.26079589199999,74.485997273,40.50592118899999
SCA8-8,Det,mix,normal,1000,221.684043575,187.67829496,186.6143469455,184.19521681999998,184.528217676,188.10974655200002,196.5046083815,212.1987439225,186.9372056995,184.43143180599998,182.05448905799997,189.03448286699998,186.025927744,182.40780343749998,148.5770073615,135.4351140535
SCA8-8,Det,mix,promo,1000,344.631486525,288.45716135550003,288.6862691115,288.742843363,291.26856059100004,289.3196947995,303.40080264249997,338.63941002250004,288.25891154550004,287.979026022,285.5625768384999,288.088164063,284.78725120449997,282.29951628649997,243.5868715,230.16976245199996
SCA8-8,Det,normal,normal,814,221.684043575,188.58561539149997,186.68472246750002,185.0010927065,185.4978037305,187.67771129250002,199.49320473549997,211.9795050625,186.79494970849998,184.637998489,182.3231329665,188.6256509655,186.025927744,182.40780343749998,148.5770073615,135.4351140535
SCA8-8,Det,promo,promo,186,344.631486525,288.705997791,288.701521946,288.711813008,295.1463728655,289.059185972,296.46633974049996,339.19301648749996,287.868053016,286.79024478599996,284.7444127035,288.1105814915,284.78725120449997,282.29951628649997,243.5868715,230.16976245199996
SCA8-8,Det,normal,promo,814,344.631486525,289.63338652849995,288.7949880135,288.586445643,290.056050557,289.28400914850005,314.02412458849994,338.81577570250005,288.578494302,295.250300296,287.2541158605,288.75065164800003,284.78725120449997,282.29951628649997,243.5868715,230.16976245199996
SCA8-8,SAA,mix,normal,1000,13.886119925000003,13.169756604500003,13.113480915000002,9.798280728499998,11.714988135,13.164116784500003,13.3580457635,9.5269123025,13.179523060000001,9.2278464075,9.139054051999999,13.749173862500001,12.8001769455,8.891491783500001,7.9556643895,3.5993097325
SCA8-8,SAA,mix,promo,1000,77.3948625375,68.73491649249999,68.40353044800001,52.8023861075,64.72682329999999,68.70983893499998,73.14077021099999,53.8026802425,68.10390866249999,48.272617475500006,48.641488234,71.7517814795,66.40648142799999,47.735424617,45.58655385150001,24.263872490500002
SCA8-8,SAA,normal,normal,814,13.886119925000003,13.308827374500002,13.327362390000001,9.550714371,11.963444045000001,13.2092737985,13.437557773999998,9.7232809375,13.1487695165,9.4547301375,9.767947796,13.886119925000003,12.8001769455,8.891491783500001,7.9556643895,3.5993097325
SCA8-8,SAA,promo,promo,186,77.3948625375,69.0066493775,68.584619305,52.463842920000005,51.303350519999995,68.9093897375,69.2569885995,54.04712338,68.0784014535,48.271646478,48.64332969750001,73.05645197749999,66.40648142799999,47.735424617,45.58655385150001,24.263872490500002
SCA8-8,SAA,normal,promo,814,77.3948625375,69.1513239825,69.07490311699999,54.035013995499995,64.671607325,68.9842712695,73.3929521415,55.04992215250001,68.61778516999999,50.8477781905,52.465579232,77.3948625375,66.40648142799999,47.735424617,45.58655385150001,24.263872490500002
SCA8-9,Det,mix,normal,1000,268.4854305875,224.792366455,221.504507571,220.713142322,218.67424657499996,225.08083243599998,227.237948121,259.923360425,221.41716979999995,217.73838076999996,216.70370324499996,222.9438182505,220.712711188,215.77510340099997,188.45876965349996,174.3717863575
SCA8-9,Det,mix,promo,1000,416.208272875,348.764313576,346.8858100394999,346.5531304155,346.503880162,347.15040675849997,352.1735933745,409.37337734749997,346.8886330375,344.570010314,344.085862746,345.74232291749996,342.70940887399996,340.415196397,307.7626937905,295.3226004095
SCA8-9,Det,normal,normal,811,268.4854305875,225.04514903999996,221.57866771100004,220.37789308299998,218.878993428,225.17311296699998,227.24330085149998,260.1450169475,221.41460604899999,217.770367931,216.7380768055,222.9354155295,220.712711188,215.77510340099997,188.45876965349996,174.3717863575
SCA8-9,Det,promo,promo,189,416.208272875,347.8137289435,345.123453346,346.17836641099996,350.0957023855,347.9164550895,351.55183486249996,409.6604997875,344.9949342514999,343.603129944,342.009209695,345.9372760524999,342.70940887399996,340.415196397,307.7626937905,295.3226004095
SCA8-9,Det,normal,promo,811,416.208272875,348.751247245,346.9425157385,345.59245805949996,346.1003220135,348.0080748245,354.66612855249997,409.3937521475,347.075017325,344.6909105955,344.8468582495,346.28848191199995,342.70940887399996,340.415196397,307.7626937905,295.3226004095
SCA8-9,SAA,mix,normal,1000,23.6058525375,22.021087067499998,21.892838197,18.6812532215,18.698584013000005,22.003240172499996,22.683122417,18.509592695000002,21.792721783999998,16.2479945245,16.5232488205,22.3957709235,21.154195315500004,15.8227497885,13.652446811999997,6.579954540999999
SCA8-9,SAA,mix,promo,1000,134.84774330000002,113.47184465,113.7522252965,98.92169238999998,96.71022150450001,113.388927947,120.3778706905,104.47327068249999,113.37951315699999,87.32002574600001,87.55064981150001,114.56335662050002,111.070813095,85.816061227,79.05682604799999,45.723401839000005
SCA8-9,SAA,normal,normal,811,23.6058525375,22.2670758805,22.3361764,18.430158401,20.6808343825,22.259990863,22.655703841499996,18.377707795000003,22.3112923135,16.553798237,16.3885490725,23.940701158000003,21.154195315500004,15.8227497885,13.652446811999997,6.579954540999999
SCA8-9,SAA,promo,promo,189,134.84774330000002,115.65975471150001,115.72298750149999,99.31638161200001,99.7717915035,115.5807771755,115.00603126299998,105.08660831500002,114.596884597,89.5829726225,87.91817367350002,117.1166751285,111.070813095,85.816061227,79.05682604799999,45.723401839000005
SCA8-9,SAA,normal,promo,811,134.84774330000002,115.09499361850001,115.03148773749999,99.4342880145,101.85374792750001,115.1028815575,121.4358836215,105.76731828500002,115.11203233399999,89.893349223,90.1196376515,120.777807543,111.070813095,85.816061227,79.05682604799999,45.723401839000005
