Instance,Plan,cfg,none_rec,fb_tau_saving,fb_tau_cvar95,thr_k_saving,thr_k_cvar95,thr2_saving,thr2_cvar95,dp3_n_saving,dp3_n_cvar95,ro_theta_saving,ro_theta_cvar95,pi3_saving,pi3_cvar95,restock_saving,restock_cvar95,v2_lsm_saving,v2_lsm_cvar95,v2_act_saving,v2_act_cvar95,v2_cf_saving,v2_cf_cvar95,dp_n_saving,dp_n_cvar95,dp_xl_saving,dp_xl_cvar95,dp_xl3_saving,dp_xl3_cvar95,oracle_saving,oracle_cvar95,oracle3_saving,oracle3_cvar95,none_cvar95
CON3-0,Det,rho0,102.75877915,9.282178937798314,194.04778129999994,9.612256629753848,194.09332832999996,16.381394939431786,179.19465739999995,15.166335986972445,181.68725311999995,9.65474407302745,194.2847928,6.86086234024707,195.35642874999996,9.054824942419508,193.88681694999997,9.744201899171742,194.15090711999997,16.967298074891527,181.53923759999998,16.977778079703857,181.53923759999998,9.576854643859397,193.68594997999998,9.826658913745955,194.36408962,17.076988522201614,175.99299779999993,25.402158180467246,172.60417675999994,33.7203057739909,153.20512767999998,205.58956899999998
CON3-0,SAA,rho0,0.043908924999999994,0.0,0.8781785,0.0,0.8781785,0.0,0.8781785,0.0,0.8781785,0.0,0.8781785,0.0,0.8781785,0.0,0.8781785,0.0,0.8781785,0.0,0.8781785,0.0,0.8781785,0.0,0.8781785,0.0,0.8781785,0.0,0.8781785,47.09246013196633,0.46462264000000003,79.51711411746017,0.1798763,0.8781785
CON3-0,Det,rho03,102.49296296250002,12.751638445931025,209.07919240000004,14.85507413428046,208.3185668,19.26665267763309,221.63319317000003,18.946577756372367,219.95036038999996,13.351384857521188,207.87186233,10.827267706720738,210.65101791,9.47306482499916,228.00478015000002,15.120518386877167,208.65279678,20.488853903739066,224.48777618,20.87194978676438,212.43641096999997,13.674452468144503,209.40608726,15.430329241029341,207.1422911,21.071425841598316,209.59551372000004,25.753166746830647,186.01389064,34.241405071234524,174.05304938,236.94106875
CON3-0,SAA,rho03,3.8737318125,5.057378659199578,73.55645053000002,18.591654155717322,63.07081981999999,31.858353178134475,52.24958680999998,0.0,77.47463625000002,16.109807885674318,64.99362119,7.902004044581741,71.35258736,30.586474550888905,53.20196715,17.165343696595922,64.17584865999999,43.81936998123048,43.52573874999999,42.5961569584007,44.47341859,0.0,77.47463625000002,20.043750808833266,61.94581322,56.157240880237104,32.51865895,44.191025640343035,43.237799880000004,81.94947227002953,13.984580699999997,77.47463625000002
CON3-0,Det,rho06,101.64851411250001,15.568217176284321,234.2024995,18.39974651503541,231.09205138999997,21.325237806239958,244.95991769999998,22.46510989646808,235.34070139,16.86862520245284,234.33951863000001,13.68722733526815,250.83955815999997,10.421955945440871,250.22104560000002,18.41292201063114,229.99980749,22.150134687734933,246.1366511,24.24868817090649,216.56445668,16.9230865460183,251.27293994,18.783366233832698,226.50071580999997,24.702755546145404,210.23607483,25.852286786421864,213.56354792,34.23999182711123,190.20921646,290.88978775000004
CON3-0,SAA,rho06,12.6039346125,26.26450649559016,153.95423595,32.49167664229662,146.28816254,52.25506331148463,98.80736082,49.06008207046306,82.77513025,27.425805153509557,152.59395108,18.68954564921185,179.83399334000006,46.41660671738113,112.32110964999998,30.29181618979142,150.17406731,65.74903022173228,73.9088708,65.74903022173228,73.9088708,20.27133157265101,172.31011474000002,33.41324012283706,144.39970136,69.3577092095534,63.6550592,44.94421214215102,123.77102815999999,81.4757248289398,42.3450306,225.60492549999998
CON3-0,Det,rho09,101.25692595000001,16.882368429732086,258.47772527,22.187423860856416,247.01414905999994,23.188307188581003,269.44557270000007,26.24520086420815,227.787508,20.766479987140087,256.77707315,15.45023217989565,296.4463412399999,12.62176980744101,280.64363685,22.42022681313683,246.93435241999995,24.291747165172563,217.89659022000004,28.695308931112177,221.01850965000003,21.546065567182083,249.96325279999994,22.572406859147808,246.44179587999994,29.214919744954,217.58899333000002,25.71246021615966,242.10951632000004,34.4574384504115,204.21107032,342.91154999999986
CON3-0,SAA,rho09,21.2457901875,31.075382916962166,201.90693523999994,38.90462211597608,188.63772282999997,55.59719230612401,110.29037330000001,61.328942369326974,95.69733254999997,37.25710811950472,192.38361535999996,25.070791086103497,229.3630116,52.12231353727332,124.49310025000001,39.19301889933529,187.98209205,70.50967324723798,99.56954484999999,73.39918118778608,87.29156896,32.32285310828475,194.30402200999998,40.930419079523354,182.17664993,74.00136209219542,85.24737223,45.45189691829625,174.77659163999996,80.61537614438517,64.75670575999999,324.02313350000003
CON3-0,Det,dayfac,100.634901825,8.561953423955655,198.38672425999994,8.85509716847185,194.98682409999998,15.240801846929207,195.70850177999992,14.392874827053074,194.10705656000005,8.773711570121066,197.90750900999996,5.959951185156327,198.28214731,8.001243138789137,206.1460789,8.799386858248152,195.00845334999997,15.807171108153454,195.86433821000006,15.70130931610317,196.25570845000001,7.8067794562584805,199.05434391999998,9.313736149709808,197.91365330999997,15.640679970922209,192.0120472,25.696981117912454,175.26545143999996,33.687737765127984,158.74168058,214.38502524999996
CON3-0,SAA,dayfac,0.4825923875,-70.52435581570377,16.458751200000002,-29.40402328662922,12.489879310000001,-5.606841860927598,10.193011590000003,0.0,9.65184775,-13.085915181370313,10.91488036,0.0,9.65184775,4.217878384996291,9.24474455,-10.461126886300097,10.66153979,26.576594103445125,7.08671535,26.576594103445125,7.08671535,0.0,9.65184775,0.0,9.65184775,34.52616210196644,6.31943515,46.325983436694806,5.180534359999999,81.92985690227034,1.7441027,9.65184775
CON3-1,Det,rho0,128.0982447,18.118107157014002,229.13157468999998,18.474582271539905,226.15628532,19.146646920837938,230.77692273,19.15309579413776,230.52609844000003,18.12580457513484,226.69979641999998,16.31333700117438,236.00714960000005,6.414403682301207,265.6704876,19.215653387481588,223.21655755999996,21.595471388219572,227.39104680999998,21.106494616549565,226.14707313000002,18.32068289613339,222.93489719999997,19.561965103960553,227.1742215,21.56352014751689,228.8594432,41.37557272047461,187.07632642999997,48.291054294594865,173.31186399999999,274.33797925
CON3-1,SAA,rho0,0.059806637499999996,-157.1949284057309,3.07639277,-30.271148415591853,1.55821587,-157.1949284057309,3.07639277,0.0,1.19613275,-30.271148415591853,1.55821587,0.0,1.19613275,-74.70036248066951,2.08964825,-30.271148415591853,1.55821587,-14.07702447742529,1.36451265,-14.07702447742529,1.36451265,0.0,1.19613275,0.0,1.19613275,0.0,1.19613275,45.21853866136513,0.655259,81.03807457826065,0.2268098,1.19613275
CON3-1,Det,rho03,127.37298795000001,24.256633366117082,239.15581444,25.928280912640705,235.66938137999998,24.767182090353096,236.87916262000002,26.74222863867426,236.77219794999996,24.979838157278632,241.46611381000002,23.719577531116563,254.36200414999996,2.1020474773277775,332.74252679999995,26.177716301268568,236.41245045,27.04952734132669,240.01895472999996,27.12970974471044,239.03501237999993,25.246418786315367,240.03110779,26.420280218055446,235.60580775999998,27.724736265402186,237.85493563,42.84511791026097,216.13814740000007,47.14409167395214,215.83596328000004,316.41810675
CON3-1,SAA,rho03,3.4866293500000003,9.539334257023924,63.08056244,15.181217842957702,59.14633106,36.429378892826705,41.746409269999994,-3.2051600208092026,58.4226292,17.478848318075446,57.544133890000005,8.508463826245265,63.79941506000001,28.554850331309233,49.82055115,17.56211521307823,57.48606973,49.39890914989287,34.6487116,49.39890914989287,34.6487116,0.0,69.732587,15.280849239108258,59.07685551,49.26819515530093,34.78583055000001,45.61983498475398,37.920695880000004,80.80376854511364,13.386028799999998,69.732587
CON3-1,Det,rho06,126.3351684125,30.909691293161934,233.38132356999995,31.756855485404497,239.43329543999997,31.728260327418038,233.31726704999997,33.29641549386493,235.32901264,30.809294356905955,235.95427801999998,28.430468869700892,279.2352583,1.4325869848770558,336.88396394999995,32.11657494650985,238.65684093,33.088609237064915,238.8892056,33.61750722002268,239.55514871999995,31.958420991035144,237.28539311,32.444972119453304,233.32963030999997,34.42844947218706,235.32061849,43.32922346829582,225.75330388000003,47.2587527216156,225.75330388000003,325.95091849999994
CON3-1,SAA,rho06,11.492509849999998,27.76712099141685,140.62385444,30.747225807250434,137.02606568,58.69684401445172,71.7216889,47.421961008804345,81.48211140000001,28.863121444268312,138.24114228,16.80743743282499,168.36125479999998,59.513754691278336,66.81475359999999,30.99036426755813,137.19624044999998,68.64606407102622,59.3529948,68.13142820582398,60.53588635000001,17.5465482850989,163.72140787999996,34.46197334344681,130.03661884000002,69.81784881828924,57.62387245,45.52111965342365,111.21029367999999,80.90263685960642,40.1848753,204.79690300000001
CON3-1,Det,rho09,125.87834381249999,36.81463087687857,240.24669669,38.41470101523386,242.38487207000003,36.84990837192263,240.38506221,39.141772561681314,242.55534393,36.975619485691105,241.93477371,33.832746735559525,311.41895475000007,1.373954720977385,338.3694439999999,38.45047915477395,242.38487207000003,39.37925519645866,242.52138279,39.91432884383939,243.87764557000003,38.11380362333284,240.74533722999996,38.963660209937984,239.74000960999993,40.623431184214596,241.25528997999993,43.09141873823539,238.80090931999993,46.30883326986654,238.80090931999993,332.25803825
CON3-1,SAA,rho09,20.228372750000002,30.908590499450842,200.35119429999997,38.63609053526068,183.86792285000004,60.60262641492012,113.85803354999999,56.8064438104642,117.90506870000002,36.62500704116203,186.13229923999998,17.166936443268785,248.99335157999997,59.915342819654136,113.01368740000004,39.23198441654187,183.95775828,67.72891539187205,105.93534480000002,67.58721791153468,106.50860669000002,32.282331575583605,191.99797952999995,42.53877797708666,171.27791465999996,71.48675191631517,89.92929620999998,46.06323318814659,165.26931671999998,79.28090405591324,66.67243376,308.57591699999995
CON3-1,Det,dayfac,124.55642057499999,17.269586778585854,232.01953146,17.621740931679778,227.94305645999998,19.3507569005541,232.61374565999998,17.135784666072798,229.15924454,17.372561175977737,228.35244512999998,16.04774129083469,231.06901519999997,6.395673306702999,264.2826981,17.95064552536415,227.54510963999996,20.459471325812043,228.66707766,20.448797219299813,227.78359702999998,15.455651015122294,223.65309866999996,18.361253623396355,225.66655599999999,20.85239949141015,225.73873549,41.341020293284856,186.17973403999997,48.16035890448516,175.09656749,272.614049
CON3-1,SAA,dayfac,0.4235854,-30.167625347804705,11.027421129999999,-43.701997755352274,12.174013639999998,-54.349568587585885,13.076044750000001,0.0,8.471708000000001,-15.482268274591151,9.78332056,-0.8072930511769277,8.54009951,8.858518848855516,7.721240150000001,-23.66417256118836,10.4764676,3.6102188602345606,8.1658608,3.6102188602345606,8.1658608,0.0,8.471708000000001,0.0,8.471708000000001,24.424914078719432,6.4025006,44.98729276315946,4.66051592,82.72196704607855,1.4637445000000002,8.471708000000001
CON3-2,Det,rho0,101.79056241250001,11.755658193053222,240.8100794,11.93474989240081,243.03685647999995,13.505965724786847,235.81196177,13.108372414161524,236.32395830000004,12.115017929683457,242.48998550999997,11.998892680742424,244.37733636999997,2.6907953817962804,260.12499130000003,12.06444098691015,242.24853532999998,14.909206248413822,234.4562955,15.04384729297804,235.51391002999998,11.357259369637159,243.81124216999996,13.395122407561837,238.97764201,15.539420992586605,236.81738882,41.68402823638344,166.61637686000003,47.117656826218976,157.49020905999998,274.5173157500001
CON3-2,SAA,rho0,0.0,0.0,0.0,0.0,0.0,0.0,0.0,0.0,0.0,0.0,0.0,0.0,0.0,0.0,0.0,0.0,0.0,0.0,0.0,0.0,0.0,0.0,0.0,0.0,0.0,0.0,0.0,0.0,0.0,0.0,0.0,0.0
CON3-2,Det,rho03,112.8497159,22.453963697572764,267.0574458600001,23.33371235319167,268.95720198000004,22.25627143071967,266.31215935000006,23.383446245787148,261.85303175000007,22.452583333441957,260.06732865000004,17.663457843494676,280.11199418000007,0.7040277803659144,332.88859705000004,23.411666598178826,269.56641844000006,23.74861837246327,269.56641844000006,23.62830966462364,270.93006261000005,22.857473167550967,267.28676746,24.270946303286173,258.45467605000005,24.23031592275369,262.56214093,42.55297121310698,202.30324118000001,45.89191772169982,201.87095340000005,321.55224475
CON3-2,SAA,rho03,2.2257669124999997,-16.12611444101517,51.69393264,1.46578066269102,43.86284103,32.52184347942138,29.250901019999993,0.0,44.51533824999999,6.427946753835998,41.65391601,6.3163220825352235,41.70360610999999,31.519776893978776,30.484202950000004,-0.05954614980378694,44.54184542,50.57819716780429,22.000282700000003,51.510837840258354,21.58511455,0.0,44.51533824999999,13.953557344922556,38.303865,52.21062607560888,21.273601449999997,43.49158625117264,25.15491152,81.62861606471114,8.178083700000002,44.51533824999999
CON3-2,Det,rho06,114.435265975,30.357647067984633,242.98298693000004,31.22895353064259,249.55702403000004,30.129889346377247,242.74296666000006,29.520834026706595,249.16321886999998,29.721682474553266,245.23329650000008,20.190478163914623,280.6104628,0.8812200888494486,335.40980385,31.426279142267703,249.90921993000003,31.541691239993646,249.90921993000003,32.00293377655165,249.90921993000003,30.984722025941007,245.25402747000007,31.326388592771394,246.26771283000005,31.897505114353798,247.95086691000003,43.37156448506258,207.63346470000005,46.05189038710582,207.63346470000005,326.67821424999994
CON3-2,SAA,rho06,7.299731525,17.821388376334845,105.58090939,29.123276393373942,93.19824929999999,56.63277174430056,48.65607005000001,24.71414888782502,68.68984255000001,24.771391773891303,97.15234069,20.10451290535648,108.77984268999998,56.26316476070673,50.186482100000006,28.78151037890396,93.69720932999999,68.2110000271551,42.80774065,67.09163838734466,44.44194853999999,18.710227024411022,103.25789321,31.88265006088699,91.31480991000001,70.7046515659355,38.2975198,44.51015289908215,76.49695448,81.75864714421809,25.455471700000004,137.8097015
CON3-2,Det,rho09,115.02310363749999,38.366731546454695,230.59232462000008,38.98196073095854,240.17449615,38.725566088774805,230.62541243000007,39.044947641595485,233.05119492000006,38.68226081363896,214.88994477,23.609485519608626,289.4748474,1.2508920095170466,342.7343273,39.24139178529736,239.61875319000004,39.5506251286446,239.62406583,39.938673461879176,242.18390751000004,39.31564524247163,231.97787224000004,40.43287134693318,216.98893218000003,41.24179023720442,215.51067396000002,44.244774075899834,208.07812772,46.631819365212344,208.07812772,328.18760299999997
CON3-2,SAA,rho09,11.914971512500001,28.773966046861762,142.23909398,37.36686560122399,125.53039322,62.28016029845292,56.83436520000001,42.856357060048,82.55162184999999,33.855470722427384,133.72099513,21.902586613507022,160.51916165999998,59.48040234561158,66.73620955,37.85762715225795,125.052185,73.0800907779342,56.512942100000004,73.12796194987965,56.398865369999996,25.73269664374282,146.78587689999998,37.886171018237256,123.23539424999998,74.72294915400873,51.064101150000006,44.755695579343495,111.9180098,81.19897984942833,38.7940174,205.94942099999997
CON3-2,Det,dayfac,99.19499591249999,10.478413781748225,240.50769712000002,11.086552655035874,239.76089044,11.052996538425544,238.87306851999998,11.245703027539793,246.16193739000005,11.04888173257022,240.10240994,10.708745400695562,251.37786872,2.2796196463324208,267.33475360000006,11.570750117903529,240.23890245,12.80563165979151,245.27362424999998,12.746777742350442,243.21664207999999,10.022098623068985,242.64148658000002,12.539664745762183,243.28758459,13.935459028289607,244.04565419000002,40.98224204763258,169.45507968,46.322326082388294,162.10121434,276.30109375000006
CON3-2,SAA,dayfac,0.4963686,-14.785330397611762,11.395166750000001,0.0,9.927371999999998,4.480092515924653,9.482616549999998,0.0,9.927371999999998,-1.009387177190489,10.027577619999997,0.0,9.927371999999998,4.480092515924653,9.482616549999998,0.0,9.927371999999998,3.5508833556353148,9.5748626,3.5508833556353148,9.5748626,0.0,9.927371999999998,0.0,9.927371999999998,1.9682404366432622,9.731977449999999,44.567870731549085,5.502953679999999,81.81717376965425,1.8050768,9.927371999999998
CON3-3,Det,rho0,125.098046425,21.992644439891002,207.17817141999996,24.037254882335795,202.95841840999998,27.836339190858002,205.91839352,29.352244902972316,204.13024566999997,22.37407583721187,205.38340543999996,18.8487658979044,214.16629451999998,15.12506537729492,259.08638305,24.15611618133231,203.10689651999996,31.872899170655472,203.16466782,31.347178664384963,202.27731465999994,23.90183519286721,198.13386650999996,24.64224233428112,197.52318749999998,30.636002912305283,202.70156864999998,51.0623954705774,131.20850069000002,64.6537965075181,111.85911434999998,269.11544375
CON3-3,SAA,rho0,0.11033286249999999,-16.48165341491073,2.5703508499999996,-30.373168284290653,2.87688897,7.2595007675070375,2.04646495,0.0,2.20665725,-16.48165341491073,2.5703508499999996,0.0,2.20665725,-21.26502881224532,2.6759035500000006,-16.48165341491073,2.5703508499999996,-38.37992964244903,3.0535707499999996,-38.37992964244903,3.0535707499999996,0.0,2.20665725,0.0,2.20665725,0.0,2.20665725,43.45193572767134,1.24782196,85.65582398444525,0.31652680000000005,2.20665725
CON3-3,Det,rho03,127.97121781250002,32.93154020753843,211.62326939999994,34.93628680708935,216.77806445,35.10785373889873,210.63083425999997,36.76238222287568,221.44125060000002,32.94313193789278,209.17280324999996,30.833789627846908,222.51291488000004,6.413251014790573,328.21891990000006,34.59218877432296,217.4012305,35.42320211402419,233.78158950999998,37.05872366119474,220.57852460999996,34.09725353120603,217.51316188,35.25107063417632,215.17077826999997,37.45597569113547,217.09876206999996,51.83780339513209,154.20776189000003,59.944834949055945,152.77899446,314.07384299999995
CON3-3,SAA,rho03,6.4570475375,11.562273440982851,96.46437414,17.99086517101549,91.79135833999999,51.78760576067697,51.913138999999994,32.420219192168226,50.25234085,16.787157322364678,93.59013981999999,17.091272359244265,95.08285697,52.6987026228007,51.43291154999999,18.202012718262413,91.85639486999997,59.83124144685763,46.9007657,58.932522649094714,47.9873624,3.0012762082750863,102.0094946,20.101108927293534,89.91282933000001,63.40687851099781,39.055219900000004,44.20109216982825,64.12301439999999,83.94578971302795,19.293159799999998,115.15952975
CON3-3,Det,rho06,130.5473404125,40.600157552060686,204.17364628000004,42.14856073332264,206.29720950000004,40.79611227522218,193.08105351000006,43.5953737557342,211.96042522,40.95578133040276,198.59129983000003,38.204982834506204,215.36899953000002,3.9007276872967998,337.0112232,42.32130721615975,206.17171944,42.90111582322007,206.86216453999998,44.53598267401624,208.73945488000004,42.47110519318639,203.56043646,42.52305930024494,203.10080526,45.06242173844179,203.30038980999998,52.31923348624581,158.48093424,58.88971717966824,158.39920816000003,322.93715325
CON3-3,SAA,rho06,16.4310087,22.318877744858106,174.38933863999998,29.59500583186958,160.72628355999998,63.06801514261264,72.3007679,61.23392244932595,81.66611100000001,26.19120000831111,166.03893304000005,26.87711998472741,167.62324570999996,60.8664812221784,84.8028918,29.715846739220577,160.16561049999999,68.2068849644027,76.92769694999998,68.32019360442553,76.5077281,25.827979559769805,168.89878677999997,30.203999514649393,157.48768698,70.4267753963273,69.14240025,44.416028871069855,134.5925226,82.8536029562202,42.9677285,243.087091
CON3-3,Det,rho09,136.20603210000002,44.57798510195351,177.98326171000008,49.00011693351429,177.14194044999988,43.95337700979839,178.33837105000006,50.56127596091981,191.3932507800001,45.88799900698378,169.40413409,43.73775419671742,208.02474021000006,4.824669923704508,337.95733215000007,49.01891918852837,176.32479038999992,49.273330893103676,176.34585154999994,52.28559789790691,182.1224775899999,48.89984766687878,177.06879936000004,49.146613608385124,175.74371286999994,52.41886648241918,183.42470981999992,52.620770430988884,159.19688726999996,58.624048205791624,159.19688726999996,326.58133650000013
CON3-3,SAA,rho09,27.733462962500003,26.289883217464425,213.76681148,36.36956223836376,182.86678229,68.35499376919904,97.55801855,68.27226407175368,104.22253585,35.2539897910342,184.56836609000004,32.59686409780065,189.69127787999997,66.47149231751841,114.91576619999998,36.59540659860357,182.41843401999998,72.67845050491682,98.5514167,72.96594491774155,96.95677357000001,35.222437579138294,187.33894186,38.59423935616278,172.26967455000002,76.22336951603832,79.66877008,44.568953589435836,164.49599648,82.5240883132645,58.346210899999996,300.3906765
CON3-3,Det,dayfac,121.3544247875,21.593569020978286,215.61000842999994,22.53442861138822,223.45000628000003,25.619845571714563,221.17331414,25.758235583281152,225.04985678,22.04552659851236,216.80128247000002,17.58141141936975,235.31905973999994,14.723373759372322,272.56526855000004,22.588609244780976,222.03923471999994,28.203177632733006,224.91779379,28.068635304518857,222.65017500000002,21.381611420791565,222.14656512000002,22.67261754746834,214.17054186999997,28.372399176042705,220.1071223499999,50.82955142345472,140.57828628000001,63.76066666501153,126.42607681000003,277.13306124999997
CON3-3,SAA,dayfac,0.9608546624999998,0.5429424140406922,19.1127555,7.976047001801373,17.68432886,14.431793684510527,16.443721999999998,-59.399282459120094,21.764546249999995,5.45938148059929,18.16795882,4.390719600634694,18.37332457,14.766885205180547,16.029873849999998,0.7681290197204946,19.069481179999997,30.79419620342425,13.299343849999998,30.79419620342425,13.299343849999998,0.0,19.21709325,-1.813955916564032,19.565682849999998,34.23512112062004,12.6380981,43.656725920294924,10.827539520000002,83.05204924787468,3.256903500000001,19.21709325
CON3-4,Det,rho0,175.239553425,21.878292866632254,243.92440981000004,22.860257284977155,247.63109967000003,23.036158554111537,234.91673895,22.499094854104566,245.80217235,21.887259526380525,241.82112235,10.468362086617192,294.09254317999995,4.17372364403468,334.59902324999996,22.996846451818683,246.4684891,24.272660510804435,247.99398000000002,24.16919642638035,247.04786999000004,21.155370499655227,248.2625149,23.165331242626102,230.67378300000004,23.49134824354509,236.91896424999996,53.47771555929483,157.70829311,59.93982076823477,152.82678051999997,331.4566607499999
CON3-4,SAA,rho0,0.0286640875,0.0,0.57328175,0.0,0.57328175,0.0,0.57328175,0.0,0.57328175,0.0,0.57328175,0.0,0.57328175,0.0,0.57328175,0.0,0.57328175,0.0,0.57328175,0.0,0.57328175,0.0,0.57328175,0.0,0.57328175,0.0,0.57328175,42.74293224928231,0.32824432000000003,82.81183728594186,0.0985366,0.57328175
CON3-4,Det,rho03,167.21056436249998,31.54966172031599,248.98295077999998,32.35992760941542,242.13065247000003,31.629359757941828,249.00018888000002,31.224496003919466,243.56730410000003,31.833133676652686,250.19480815999998,16.68703054192767,295.46174535,1.8089925292892375,357.7339556999999,32.369111155059535,242.66963440000004,32.13453645250088,248.11170087000002,32.79865060236558,245.68971527000002,30.38159174253292,250.63148298,32.17329558039873,252.09215813000003,32.42031096670206,255.76550643000002,54.30210334626637,169.00742936999998,58.38328880187294,167.72806795999998,345.1680632500001
CON3-4,SAA,rho03,1.6837234374999999,6.76902052092506,31.395037049999996,12.419625179684523,29.492225950000005,24.206030035737374,25.523216729999994,-3.6404795547071527,32.0533925,12.329528316612256,29.52256559,5.475215017311897,31.830719180000003,27.100686480762967,24.54845655,14.793822990897201,28.692727450000007,40.35799762988095,20.08412745,40.35799762988095,20.08412745,0.0,33.67446875,13.542826239834875,29.11399396,57.585255595160646,14.282939850000002,43.39078623177982,19.062852000000003,84.08868825881625,5.3580497000000005,33.67446875
CON3-4,Det,rho06,159.18201973749999,38.31068229757703,246.52092746000002,39.73914332021623,244.52265696000003,38.67245292559749,247.65478216000002,37.92428571867052,241.13872625,38.3637802386255,246.83350954000002,20.604286233826045,295.63623624999997,1.0999885369512605,358.9467912499999,39.684070753826774,245.22214971000005,39.68912580402231,245.30073931000007,40.42058422025555,246.92387336000004,39.03216042362035,234.45256718000002,40.06137531372017,235.72054448000003,40.52374010920003,239.10115407000004,54.44417794385066,172.85311805999999,57.93082023306929,172.3724195,347.2704750000001
CON3-4,SAA,rho06,8.19271725,15.320468816374676,117.32334345000002,23.359694758170747,109.48347743000004,54.60628987287459,63.70142369999999,33.25505829582975,86.79281105,23.05181341391952,110.07117257,12.039105438430692,130.29689033000002,53.864627086941155,63.26763129999999,23.60656648439808,108.88024595,65.94786763207286,49.12223165000001,65.94786763207286,49.12223165000001,10.593438574973387,126.96179680000002,25.941411025749716,107.64628053999999,72.40504650639566,38.1259161,43.6665963053955,83.12580460000001,83.6199600321859,24.712850100000004,147.80119200000001
CON3-4,Det,rho09,152.4947269625,47.117336369715275,243.39137770000002,48.53846881748372,224.71328413999998,47.42424937767461,241.31530023000002,49.36578880462678,218.65110422,47.149210765616154,231.23989790000005,22.709775562938763,295.48211673,0.8203386437798861,357.5636836,48.44029739445687,224.89032596,48.57433234902305,224.61805693999997,49.502830763822786,221.50583317000002,48.52510336747376,220.03487379,48.78695305890486,217.47020078999998,49.92569131601654,216.67785522000003,54.70053516933257,171.60910334000005,57.663967119416526,171.60910334000005,348.092938
CON3-4,SAA,rho09,17.457175262499998,20.95075792334244,197.65184313,35.064891896625056,169.19372138999998,62.5152784937849,88.9342526,48.5640085811105,112.89663329999999,34.86713606567938,170.94728948000002,13.50271183083964,239.82376822000003,61.77344968670298,93.616265,34.9627689830842,169.49965852000003,70.81886017697876,84.33375474999998,71.52689196701017,81.86170773999999,26.53708779822705,186.66046016,38.75326713098008,159.92296668999998,75.70595273445946,67.45757289,44.44437066039336,152.12862856,82.01143697201854,51.86607419999999,275.87891349999995
CON3-4,Det,dayfac,171.2281623,20.18617698205595,252.82286254999997,20.367280254925674,268.03734015,20.813171186793735,256.29713683,21.054484930952274,255.32776438000002,20.625107435378933,251.68154718999997,9.13553250171161,292.5349568,3.456727528343052,338.8675933500001,20.57922883284954,267.58281415,21.875441165089242,270.56430716,21.82144359497107,269.40736807,19.978407970100598,255.71118052000003,21.060826228349942,244.9647109,22.07607212899463,251.54253197000003,52.94436649834909,170.68406728,59.088749967563025,166.90198503,334.39950875
CON3-4,SAA,dayfac,0.280002925,-10.90442037346573,6.210712420000001,-21.111125178424476,6.782293860000001,-0.5422800493959037,5.630426500000001,0.0,5.600058500000001,-10.90442037346573,6.210712420000001,0.0,5.600058500000001,3.1058604119939086,5.426128500000001,-10.55556258921223,6.191176180000001,-16.623701341691348,6.530995500000001,-16.623701341691348,6.530995500000001,0.0,5.600058500000001,0.0,5.600058500000001,-10.557382570199941,6.191278100000001,45.44969914153575,3.0548487600000005,80.36173550687016,1.0997542999999999,5.600058500000001
CON3-5,Det,rho0,174.28546718750002,13.320355689223566,305.3703621799999,14.068223881869697,299.5665966499999,14.358654547242065,310.77933965999995,13.051242412558095,305.07134944999996,13.676790558707948,298.57761868999995,2.655737810325006,330.73310424999994,3.9494241321881676,338.98038614999996,14.106558823433174,300.06106982999995,15.873192638740083,303.67421964999994,15.83143835212379,303.25015984,12.93712999503447,298.74334035999993,14.55042508376099,295.1887288699999,15.630495468215287,298.20412354,43.7395944989999,248.00209216,48.95676109684239,239.55430482,335.31938375
CON3-5,SAA,rho0,0.0,0.0,0.0,0.0,0.0,0.0,0.0,0.0,0.0,0.0,0.0,0.0,0.0,0.0,0.0,0.0,0.0,0.0,0.0,0.0,0.0,0.0,0.0,0.0,0.0,0.0,0.0,0.0,0.0,0.0,0.0,0.0
CON3-5,Det,rho03,164.90904125,20.801987947704472,298.66810549999997,21.58055627468515,294.48818144999996,20.811980577505174,298.66810549999997,20.59322053180634,298.4908233099999,20.970773241639957,297.54324647999994,5.543715870096357,338.79388424999996,2.5424881047872985,352.6318986500001,21.709399124894865,294.6849870799999,21.741986864228398,294.6849870799999,22.295866374458104,296.3382493799999,20.621089285485144,293.5164039399999,21.991555872016217,294.4643022799999,22.630857959099313,297.91768146999993,43.92935199967395,271.0997101200001,47.975278659865474,268.4224835400001,341.93020849999994
CON3-5,SAA,rho03,1.9034349250000002,-2.40397120484692,38.98385905,2.4187699245877914,37.14790427,34.73128286747182,24.24722354,0.0,38.0686985,5.195764021194481,36.09073876,7.484326079600547,35.219512970000004,35.77195225100749,23.346852050000003,11.4652857648916,33.70401343,47.00383846849926,20.174948949999997,47.00383846849926,20.174948949999997,0.0,38.0686985,12.391183586168577,33.351536180000004,51.86024707411524,18.3261774,45.15393416982723,20.87918344,82.94165769812173,6.493888900000001,38.0686985
CON3-5,Det,rho06,152.3497023875,26.145878151559984,296.80715239999995,26.630556702898307,296.7456756299999,26.70900490537396,296.79388159,26.923683670658384,295.15100133,26.758812175628403,293.87611448999996,7.438500217201495,341.41446325,1.4543012918821354,359.56607209999993,26.669126764131867,296.24760545,27.082081396888427,296.1788900699999,27.120741312580414,296.1788900699999,26.77311866829524,293.51296313,27.058841730879777,291.74960595,27.412195269195706,295.22686703999995,43.37855378306425,288.5568989200001,46.84679277283305,288.5050613200001,343.5495234999999
CON3-5,SAA,rho06,6.8500886625,16.819669835915807,101.60924911999999,27.988264327082355,89.70087917999999,49.05841718366226,60.21260298,33.30789818809882,65.8265539,25.645830806792144,92.16945732,16.823828322236697,107.24800283999997,53.20924716571142,58.2759122,29.930883701171368,87.62061110999998,63.97455928549451,45.41057749999999,64.06068430212818,45.2925847,13.308845927656632,101.43526421000004,30.614815607870245,86.62489555,67.84667741517718,40.572304,45.724649574928044,70.56710604,81.6672543689138,24.420933599999998,130.350909
CON3-5,Det,rho09,146.279936675,35.108888205635395,289.18012979,35.31654763686341,288.69295998000007,35.226529922887664,289.18012979,36.09390893694822,288.77805756000004,34.97752055374274,289.18012979,13.01374550208801,289.48936811000004,2.0552502642105717,362.8113113,35.464051294169046,288.69295998000007,35.814248372896344,288.69295998000007,35.93263437984735,288.69295998000007,35.43239392505022,288.71336478000006,36.62654672973798,288.6674644000001,37.31308718178319,288.84345059,42.80540798231105,288.65726200000006,46.12141497770442,288.65726200000006,344.0583249999999
CON3-5,SAA,rho09,12.7280229375,28.581906395546994,143.72762496,38.23397921575281,128.12611767,57.669976347023685,75.6463178,48.13132907665299,88.72545114999998,35.10679435008679,133.10399119,20.528479189818416,171.92323026000003,56.49112079548372,81.609948,38.553517534466664,128.07024776,71.44391157332481,63.01920839999999,70.53450056292374,65.33420923999999,27.42411746616168,143.48990609,40.26928212392688,126.08365517000001,74.32681050666122,57.06087035,46.0124254666869,116.90086932,81.24112451144772,42.1427922,218.3029085
CON3-5,Det,dayfac,169.3815053125,12.561152529756054,305.55448379999996,13.13455143550325,302.2121020299999,13.33971079653202,307.23191220999996,12.704480798419226,304.99279458999996,12.539332359996793,307.7405487799999,2.7153253565167104,327.98064674999995,3.956790289846014,341.9302191000001,13.271460017152801,299.9600158199999,14.632816877363584,307.60000655,14.134444086342173,307.29089215999994,12.495859620535578,301.81345931,14.03959133296536,297.59622276999994,15.246671391515948,301.98535092,43.950428329914125,248.95252696000003,49.31457219097914,240.74191712,335.61455449999994
CON3-5,SAA,dayfac,0.2217201375,-56.77649149031401,6.95210105,-40.15206038738816,6.2149068199999995,-41.400422187632834,6.270264210000001,0.0,4.43440275,-1.0689676304210263,4.48180508,0.0,4.43440275,-19.11915646362973,5.28222315,-2.610788115716377,4.55017561,8.159742594422669,4.072566899999999,8.159742594422669,4.072566899999999,0.0,4.43440275,0.0,4.43440275,4.623635054348642,4.22937215,46.615061971987096,2.36730316,81.62017872643617,0.8150353,4.43440275
CON3-6,Det,rho0,119.666704925,18.99820518016991,218.82234412000003,19.795887881969275,214.51865457000002,19.168401675199714,217.95151815000008,19.52747646861807,210.97752891,18.463924856832932,220.45434948000002,6.156210952425864,240.78413658999997,6.159817484002646,246.07154199999997,20.01962890222031,215.71614944000004,21.342152751265793,212.27785826,21.083727872604836,212.27785826,18.95695420143617,207.54226011000003,20.887683603108968,205.30451079000002,21.647663493981682,206.14706254,45.399372013334485,187.05395316000002,49.632927093818374,179.77664537999996,241.97148999999993
CON3-6,SAA,rho0,0.0346209125,0.0,0.69241825,0.0,0.69241825,0.0,0.69241825,0.0,0.69241825,0.0,0.69241825,0.0,0.69241825,0.0,0.69241825,0.0,0.69241825,0.0,0.69241825,0.0,0.69241825,0.0,0.69241825,0.0,0.69241825,0.0,0.69241825,46.25900169442387,0.37211247999999997,77.59401922176373,0.1551431,0.69241825
CON3-6,Det,rho03,119.22504878750001,25.946087187714593,245.48454550000002,27.966508935910635,242.56950695,26.654385107562906,243.44163809000003,28.61619754529053,235.33331027,25.927791022838292,245.41410870000007,6.083683746632679,305.5118145,4.29926936883537,305.88475105000003,28.2602750014832,239.2336593,29.32254636088295,240.03144722000002,29.317470593616303,239.35766505,26.53837699105836,242.52008612,28.530323864347448,238.52011357000003,29.641486238758574,232.33219413999998,45.86002879265126,212.40901063000004,49.828917586677996,199.29585233,305.5118145
CON3-6,SAA,rho03,2.296001425,8.399599839098547,42.062929860000004,13.739768105762387,39.610723070000006,30.00645757438935,32.141054630000006,-5.618260232569321,36.545085300000004,12.46216841960365,40.197397210000005,8.682419023324425,41.93305921,32.0536033639439,31.20100470000001,13.233566481780382,39.843171000000005,45.56596388000935,24.996124899999998,45.56596388000935,24.996124899999998,0.0,45.92002850000001,14.34189514930287,39.33422616000001,54.89193969032489,20.713634150000004,44.8182639520792,25.339468920000005,81.49993940008116,8.495233100000002,45.92002850000001
CON3-6,Det,rho06,117.20755349999999,32.45370193440646,233.62748880999993,34.074687750393146,232.08618831,32.53683359153127,238.4710012,34.39044433045009,237.61773563999998,32.30537522140157,232.69947578999995,6.602550847544137,317.53964475000004,2.9808238254883386,327.4547002,34.17052000705739,231.74631837,35.31505143053771,248.05964499000004,35.6672916080447,242.35867770000002,33.06983423512887,234.87989992,34.519347943731276,231.05144749,36.28033988739471,236.85453672,45.92983914641643,222.86505803999998,49.77277923133171,214.82571001999997,317.53964475000004
CON3-6,SAA,rho06,7.5648352625,23.38022654991028,99.55569844,30.27788672879907,91.91849704999997,47.939656418922574,67.75652278000001,36.77675201720892,56.71206114999999,27.234578784722082,96.90871601999999,10.888242002877313,122.09691475999998,46.9122472843803,69.32247635,30.470135878917304,91.93608565999999,64.685400113827,43.609017699999995,65.44614564235529,42.69948008,15.703027637477257,107.29014624999999,32.17295623164272,89.40326317000003,70.72422011648531,37.22834540000001,45.086794466067865,74.30413756000002,81.37813281958432,25.8982914,136.01144775
CON3-6,Det,rho09,114.13222725000003,38.0761293055376,227.23651454000003,40.473065277449955,227.13924316000004,38.49464752910096,226.27947018999998,40.55235876727361,230.73410259,38.56227287547306,227.82365001,5.816849136272345,322.74094025000005,2.8520928539927506,334.28395064999995,40.455562123011156,227.26278433000004,40.57814962075055,227.26278433000004,42.63857595576714,230.4436616,39.97633161364597,226.19518743000003,40.43091570834129,225.94959765000004,42.53612572166817,230.74827857,45.3252258182844,224.73359402999995,49.20350163717674,223.35234758999997,322.74094025000005
CON3-6,SAA,rho09,13.511176862500001,29.419558558457886,139.12291187000002,37.871218015076906,123.33070623000002,54.89730624862509,81.94145625000002,46.1842531076556,84.02763614999999,35.25816909200423,128.90449124,10.563563503941225,187.41613476999999,50.10973693410195,100.18494929999999,38.4067158642747,123.04669866000002,72.87675849931907,57.5171616,72.46951381545503,58.617632590000014,28.935142651049723,140.86975755,40.176895871049815,119.50939294,74.30831083164648,52.914365049999994,45.58249180790043,111.12511696000001,80.23482296044882,42.01192454,206.07425824999999
CON3-6,Det,dayfac,115.97309773750001,19.007988792276624,204.68988087000002,20.178706925177693,207.93318521999998,19.549019937206626,212.46136652999996,20.073941787080756,207.91150667999997,19.109579095802598,204.48635224999998,6.275621262159883,239.90017874999998,5.871502255991036,245.92134244999997,20.281759971385455,207.93318521999998,21.550606379912654,207.10165338000002,21.534525789358614,207.66842741000005,19.418532999759705,205.75477622000002,20.095765683737618,206.21396230000005,21.19607311355923,204.87138671000005,45.685809294691126,186.47354529999996,49.82276425372784,178.93046872,240.62250324999997
CON3-6,SAA,dayfac,0.31893201250000003,-98.30734112963964,12.64931188,-32.81601121806485,8.47185555,-39.47360959884827,8.8965198,0.0,6.378640250000001,-27.980258958796135,8.163400310000002,0.0,6.378640250000001,-9.074697385543882,6.95748255,-27.980258958796135,8.163400310000002,10.62945037541504,5.70062585,10.62945037541504,5.70062585,0.0,6.378640250000001,0.0,6.378640250000001,15.989115391795316,5.3587521,45.227134576213174,3.4937640400000003,79.84637399796924,1.2855273,6.378640250000001
CON3-7,Det,rho0,106.19709907500001,14.080517732353153,233.84649263000006,16.21574429338996,234.23738704999997,13.977155374100326,232.89044152000002,15.411067934578622,221.26592799000002,14.476147040648357,233.19179125000002,10.958397990966967,246.94364232999996,2.0609948026492346,269.48242610000005,17.01686044666565,226.84547317999997,17.5543937902995,228.66598036,17.47517529211755,228.60855924,15.35987369436533,223.49415931000004,17.52639171937759,224.78131592999998,18.033931592589507,223.35761773000002,51.87165492778316,137.43477608999999,56.46746670843561,131.22467945,269.45805050000007
CON3-7,SAA,rho0,0.0269337875,0.0,0.53867575,0.0,0.53867575,0.0,0.53867575,0.0,0.53867575,0.0,0.53867575,0.0,0.53867575,0.0,0.53867575,0.0,0.53867575,0.0,0.53867575,0.0,0.53867575,0.0,0.53867575,0.0,0.53867575,0.0,0.53867575,43.77827477847294,0.3028528,85.90265108462744,0.07593899999999999,0.53867575
CON3-7,Det,rho03,114.77762297499999,27.783724113145233,224.22803025000002,29.962557030380935,231.53996997000002,27.827314115449852,230.12539786000002,29.002117999734594,220.75472173999998,28.609908429757656,222.7336595,12.758618653123401,288.78401147,0.16953325696800986,328.37532755000007,30.478194330718583,229.66711048000002,30.61326653075339,229.74697392,30.707807153034484,230.94263867,29.409738483478105,226.23622001,31.231424612973427,221.58664584000002,31.434595467583982,219.33084354000002,52.660202960175475,160.02622883,55.29168906061326,158.94240947000003,318.78459375
CON3-7,SAA,rho03,1.512813175,2.035943103152847,29.64026319,5.970098323608267,28.44993482,39.40424814848668,18.33401035,0.0,30.2562635,9.375683649767256,27.41953195,13.832147284148302,26.07117257,41.8070326165688,17.60701755,10.589948524212188,27.05214077,49.22690189421439,15.362042349999998,49.22690189421439,15.362042349999998,0.0,30.2562635,14.00747729474261,26.01812426,57.898302610961856,12.738400500000001,45.00164542789627,16.640447079999998,81.89655011432592,5.477427499999999,30.2562635
CON3-7,Det,rho06,118.733515875,36.19684117772277,213.90022753000002,39.04072045824103,214.91577784000003,36.25866745605624,215.46049454000004,39.58441664860705,213.94248147,36.750779954952634,211.28932816,16.09876901196412,283.48517916000003,0.0,334.001241,39.435056085843385,214.28575700000002,39.69202270664252,214.41645428,39.540471229644695,214.41645428,39.09707384423059,207.57177153,39.84907567405933,210.93770683,40.25038894435922,210.07955477000004,52.965720243816534,168.2368341,54.96860241358536,167.84437296,334.001241
CON3-7,SAA,rho06,5.984970725,18.029666444191335,89.35017473000002,26.006900677028792,82.36282333999999,57.44915782357482,42.15494715,38.00739839876159,59.15602394999999,20.63800785759065,87.74632981,15.151689158847143,98.57902460999998,53.44709029466472,46.93893495,25.065589873875286,83.79714718000001,68.60138004267347,34.71118675,68.5912751477995,34.723282250000004,12.317352805430795,94.12789163,29.4468049047976,80.3841592,69.49151129724198,32.94299865000001,45.072711846890456,63.953257840000006,81.42168314449023,21.8353121,116.53101099999999
CON3-7,Det,rho09,120.3404196125,45.85053645829957,191.02201854999998,48.04262420404147,193.11679321999998,45.986401947240424,193.00279868,48.41772061383753,185.08601213000003,45.952024757819615,192.26622548000003,18.857291203215016,268.73827371999994,-0.15866182419408853,343.4622023,47.951062711356975,193.31469811000002,47.99472781587398,198.41785424000003,48.63621257592862,192.54967978000002,48.07203104059228,188.4366941,48.29928650794116,186.79632241,49.037121347523005,186.96759351000003,53.47172924666788,169.43636826,55.12910093560025,169.43636826,341.6236977499999
CON3-7,SAA,rho09,12.595615025,28.678554443989917,141.8841588,40.5509172506644,123.00644589,65.934501181692,62.985771650000004,45.32902915949513,81.78103374999998,34.70369293459729,135.44146196,18.75848037440316,171.99810358000002,65.17766465714921,65.63910255,40.491811296050635,123.30992710000001,73.90728909642901,56.63936149999999,74.19948104122054,55.90329405000001,31.86769303073392,134.70672512000002,40.86866979327991,123.39641926999998,74.27784911995593,55.557656420000015,46.00029359026874,113.49718388,80.16444790475803,43.1350227,212.26804424999997
CON3-7,Det,dayfac,102.8785558375,12.40559829752966,234.51750617,14.610586739030623,229.99830187000003,12.385081131120991,233.63654527999998,13.150725773085236,232.50133773999997,12.97555543896367,234.87669838000002,9.370667760176712,249.62685387999997,2.13536104498781,267.49141745000003,14.157288694842881,233.38905298,14.774150436178358,233.41306388,15.385968283324454,231.05895189000003,13.040998033828943,225.52297738000001,14.71603218887865,229.19410949999997,14.781166378851008,228.27339127999997,51.86327301559114,136.48142004,56.60168087553419,129.14717009000003,267.376815
CON3-7,SAA,dayfac,0.27065418750000003,-6.496351732965512,5.764736709999999,-6.496351732965512,5.764736709999999,0.0,5.413083750000001,0.0,5.413083750000001,-6.496351732965512,5.764736709999999,0.0,5.413083750000001,-7.069399212602238,5.79575625,-6.496351732965512,5.764736709999999,0.0,5.413083750000001,0.0,5.413083750000001,0.0,5.413083750000001,0.0,5.413083750000001,0.0,5.413083750000001,47.996652370287094,2.8149847599999998,74.87353747297925,1.3601164599999997,5.413083750000001
CON3-8,Det,rho0,102.1772627,23.434885813397305,182.05419783000002,23.21276887025082,182.48726844,24.132928702933427,181.07958126000003,24.135285088724537,186.51699786,23.519317414147157,182.22864306,11.014819997717542,217.80755927000007,10.014982332757276,235.60192085000006,23.359281234689018,183.29674683000002,25.98639719920781,185.15140766999997,25.884858894345776,185.15140766999997,23.538069403575822,182.61369966,24.00417891161613,180.04819338000001,25.78957494571833,186.45839907,49.70723737053096,143.97579778,58.61592129928922,138.97128312,226.68287300000003
CON3-8,SAA,rho0,0.0270983875,0.0,0.54196775,0.0,0.54196775,-45.73672510956601,0.78984605,0.0,0.54196775,0.0,0.54196775,0.0,0.54196775,-64.80745394905878,0.89320325,0.0,0.54196775,0.0,0.54196775,0.0,0.54196775,0.0,0.54196775,0.0,0.54196775,0.0,0.54196775,37.73526192287272,0.3374548,85.52349286465846,0.078458,0.54196775
CON3-8,Det,rho03,101.88697086250002,31.084046082536474,191.56783992,31.54621405211473,193.81823928999995,31.677205311222938,189.51926779000001,31.15267540276072,192.74261518999995,31.11937592127375,194.01903888999996,14.363890890181013,232.81650986999998,3.348845032506335,257.12533049999996,31.76067922724972,192.72887724999998,32.45053720177774,191.70439164000004,32.53980154169295,193.47281474000002,30.584532584695,191.75832409999998,31.712480158630555,190.25054017,32.403883569230224,191.07117408000002,49.37717775258391,174.68623248,54.823157974616656,173.32697466000002,239.04066549999996
CON3-8,SAA,rho03,3.09665705,10.865750971680901,55.203640130000004,12.40823660146673,54.24833033000001,50.46938673754655,26.262700449999997,12.801149307121367,44.60278155,13.059872984643238,53.84475145000001,5.5956351220746186,58.46758841,50.010633160039475,27.838276850000003,18.20335716543103,50.65923014000002,48.6255311191144,31.817822249999995,47.709968318900536,32.384859049999996,-1.906158933550618,63.113685100000005,18.818825271594108,50.27805141000002,60.806888835171456,23.212162,44.078342159329544,34.63403919999999,81.52665662476251,11.441121800000001,61.933141000000006
CON3-8,Det,rho06,101.18889125000001,38.067696263546125,200.11924060000004,38.32022267315831,203.63311105,38.88608520799461,189.49417002,38.10237795791642,187.88023780000003,37.801689148857044,200.21998026000006,17.841202450175093,247.55113125,3.018710902714837,260.99220025,38.471385507942315,203.44418136000002,39.53515815403305,195.16963916999998,40.049300561438855,196.21180063999998,37.45132154316397,201.97644738999995,38.703456515045076,201.34259834000005,40.21326356760531,192.99600413000005,50.14160677741393,189.57262634,55.40366872831013,179.08104910000003,270.08345675
CON3-8,SAA,rho06,9.566669525,24.79580275351886,118.1932431,32.771439421076906,107.28390577999998,53.80198849818635,73.34684895000001,47.596217686844376,69.72230205000001,30.25112042845443,110.48980126000001,15.227836293425208,130.93151606,53.260727902064744,75.82967750000002,32.41300460830959,107.76519831000002,65.59529116795743,57.5415619,64.99397116469328,58.74906564999999,18.92764172806523,126.91958113999999,34.33643430366118,103.40854983999998,67.29856331584736,52.638163049999996,45.062570790538516,87.32123663999997,80.18367912630492,32.7659031,160.04691025
CON3-8,Det,rho09,102.40684756250002,46.1208990049952,208.24272678999998,46.70059911893307,206.2175598,47.47375509370007,189.17437422,48.17966915433826,192.9724105,46.1033124661761,207.06977711000002,20.524214906305332,262.6147809,3.70206409555398,254.27036769999998,46.66387945916906,206.41067338000008,48.55695503921446,188.22118848999995,49.61222800164058,188.70666676999997,46.49381925162902,207.9739743,46.98670166868805,205.63395132000005,50.0884093475241,187.69677296999998,50.73942246858822,202.70528988000007,56.09445014449935,184.89778379999998,290.54851325
CON3-8,SAA,rho09,17.5630829625,29.636253752337193,159.22430307999997,40.71358229513346,137.98175873999998,61.29256747226393,89.11819475,55.693386937731944,93.59941049999999,36.11358082486197,146.32146225999998,19.958175287244938,185.49145699000002,59.70503799013755,101.04685394999998,39.89192694391682,140.34294224,69.12122361102809,83.95138560000001,71.33896193938223,76.14897094999999,32.4396941394907,156.29272928999998,42.21888120002668,133.36975274,74.3526022417717,65.15788951999998,45.445191550606154,127.36687739999998,79.47886300659499,52.12945620000001,237.65237950000002
CON3-8,Det,dayfac,98.73098312500001,21.1805662327137,191.88853912,21.36897580700557,190.94523635999997,22.00486616748658,193.11613544,22.7241124511997,193.76143989999997,21.34466865818521,194.55499425,10.191228981545711,219.43249001999996,10.195490183416535,236.98173985000008,21.98742219401961,187.76809458999998,24.027464492545025,193.00249363999998,24.249644260796995,193.13558709,20.898341713438708,190.045569,21.812906301899048,187.30087569999995,24.193393883010614,189.73421840999998,49.305927524663254,149.65501747999997,58.372740976390446,145.14127881999997,228.17044650000003
CON3-8,SAA,dayfac,0.5012596500000001,-20.838710436796553,12.114313940000002,-18.509333236776584,11.880789380000001,-6.729265960266287,10.6998149,0.0,10.025193,-15.527790637048078,11.58188398,-1.1678067444686477,10.142267879999999,23.575438896787333,7.66170975,-15.527790637048078,11.58188398,2.1065120641567843,9.814011099999998,25.823746236107382,7.436312599999999,0.0,10.025193,0.0,10.025193,25.56906585239808,7.461844799999999,46.07306652350733,5.40627916,77.54289598215217,2.2513680199999997,10.025193
CON3-9,Det,rho0,27.2819190125,5.421192190777901,132.88187473,8.501533682206555,131.6250001,8.954437486163261,132.01734742,25.510564347805513,122.31211815000002,6.76982496045741,132.70484355,6.189651714845623,136.90566294,13.112514329952152,129.07139705000003,8.526492516652475,131.6250001,28.951821099465263,119.53266625000002,28.86078787893332,119.47889070000002,5.335354757607342,129.54888847,9.51567287957473,131.59718206000002,29.22060944960442,119.7780879,49.6216506335104,67.62347052,74.53269970922284,39.9498232,140.87201575
CON3-9,SAA,rho0,0.1116219,0.0,2.232438,0.0,2.232438,0.0,2.232438,0.0,2.232438,0.0,2.232438,0.0,2.232438,0.0,2.232438,0.0,2.232438,0.0,2.232438,0.0,2.232438,0.0,2.232438,0.0,2.232438,29.024595531880383,1.5844819,44.314044107831876,1.24315444,83.71483552958694,0.3635562,2.232438
CON3-9,Det,rho03,52.31739295,22.83192017693992,197.16192738000007,26.49804057944748,188.27336144,27.096472407461572,194.23600014,33.64326049908799,192.20219024999997,23.19587613835792,196.13985534000003,13.514202794388272,242.30338277,21.221139837970455,228.67813145,27.040113740988684,187.0765173,37.99807498817656,202.1576813,39.01789636767441,186.08916435000003,26.936158297237938,182.00527490000005,27.868251630837424,184.15467127000002,39.890921085164656,185.79862786000004,50.64127864957002,127.02144764,69.6885916216129,98.07914004,266.3819045
CON3-9,SAA,rho03,2.997525725,15.019436872389129,50.94628482,16.589048239110603,50.00529472999999,50.722187713668404,29.542302000000003,9.420944002073583,41.3085348,16.335758035904753,50.15714351,13.343635574637133,51.950936320000004,49.84309325652242,27.973247050000005,18.066366152704145,49.11963503999999,53.148092999268584,28.0879593,53.148092999268584,28.0879593,5.761374841912311,56.496540640000006,21.35394959788042,47.14871185,59.03905461895577,24.135566100000002,44.48048882049211,33.2842326,83.9255556347227,9.636712099999999,59.9505145
CON3-9,Det,rho06,63.61557275,33.87438223528373,179.05298044,37.55256859414191,172.24879707999997,36.622309186864946,183.79467965,43.81746435820622,188.24706468000005,35.0008449550586,170.31747458,16.552801768966233,257.1418959,19.43759267655103,279.5912089,37.66483592572858,169.33908042,39.70332683831728,176.45710491000006,47.7632117727023,167.16215601000005,36.71729227966432,169.25567439999998,37.47920002653753,178.82765640999995,48.09878152437132,171.10540026,51.11235865435166,136.84584612,67.22852583764563,120.55591856000001,293.2523195
CON3-9,SAA,rho06,9.029320912500001,23.403880789910975,105.11869713999998,31.28614295444116,99.43854960999997,62.025942308094926,45.08445125,50.38195495634956,56.246279249999986,29.232077468262208,101.26914148000002,22.54384520968813,115.66987302,63.54101405408432,45.67581694999999,32.270666229906254,97.69862592,72.74080037300922,40.00480775,72.64103621480405,40.18496826999999,24.222449536290082,106.895412,34.56155097090199,95.05011698,74.02634342353153,37.5998931,44.46924360547808,81.6893798,83.9381172841884,24.485172900000002,147.39435125
CON3-9,Det,rho09,72.0351334625,40.597841552170074,168.33739245999996,45.61700290887415,169.09239735999995,42.57690268105958,151.36958892,53.057920964909044,167.18009154,43.142887263030595,165.20339985,17.77562913542161,276.13138131000005,20.623152069585146,311.0604275,45.622728261631565,169.50349595,46.316140260736184,159.50280093,54.857676707951995,169.87902531000003,44.84835847401898,170.07274005000002,45.95830157548658,167.17009820000004,57.37863782957656,155.00988211,51.27385642136374,150.54751751999996,66.18029358037855,134.16623424,322.50564375
CON3-9,SAA,rho09,14.211974399999997,26.44510932977756,152.03059445,38.60849399292472,131.32978242,63.04789785225055,73.23750264999998,51.729601342372234,88.04940099999997,35.53303424188548,137.62076285,19.77699406424486,183.70321744999993,63.71261699922565,75.59767295,39.32247913069699,131.42451556000003,72.59934420160508,66.57438835,74.10721854382173,62.297153339999994,31.92500272868489,144.65495029000004,40.71163375442049,128.95168717,76.62251418775423,54.82937598,44.97700971090968,121.63579759999999,81.65719138221921,43.7186688,222.20797274999998
CON3-9,Det,dayfac,28.8841829375,4.533294806480455,148.67252322000002,7.251481873425934,148.58584719,5.479455790474183,147.92073271000004,16.47385920625196,134.71593779999998,5.330238632096319,149.38628764999999,3.3916767824791743,157.29975955999998,9.377481728878843,151.8878498,7.525509917325485,146.56096561,25.7156788581221,134.35016135,24.523607663845837,136.03205301,5.133820626702988,148.33581207,8.806964444880968,144.92610933999998,25.496447107177254,137.8260327,49.80162739110889,81.51029403999999,71.64247124897575,56.214911519999994,162.35885275
CON3-9,SAA,dayfac,0.5506265749999999,-1.2205729445586604,11.14694748,-3.2271637997130918,11.367923930000002,18.668278497092135,8.956681450000001,0.0,11.0125315,-0.6522982476826772,11.084366049999998,1.6177164169746003,10.83437997,19.246622813292284,8.8929911,-0.547559387230841,11.072831649999998,23.495836992611544,8.425045050000001,23.495836992611544,8.425045050000001,0.0,11.0125315,0.0,11.0125315,27.473707566693452,7.9869808,44.951897027490894,6.06218968,79.15731491891759,2.29530726,11.0125315
CON8-0,Det,rho0,282.352046925,5.244700984205576,448.34443656,5.276692166130298,446.89492719000003,7.015427304396906,445.76854011,6.493992469220705,449.01687150000004,5.218661318723854,447.79088518000003,4.241761332858792,462.5905010400001,4.173635212083392,470.75477305000015,5.4792635939733305,445.05624134,8.677235071367457,438.86362807000006,8.664633254278653,440.96242097000004,4.34645726484137,441.91055421,5.289279553006738,444.21533959,8.190129973147524,438.63390228,36.059788960745465,323.44735139,42.99016553641017,299.28379894,490.6564995
CON8-0,SAA,rho0,5.0003093875,-2.4539938829935197,64.22009474000001,-1.0645987352917583,64.22009474000001,5.049699147241008,64.56959815,0.0,64.53512025,-0.08992400572733807,64.22009474000001,-0.24608596281583683,64.30845274,5.480225097371537,64.44986895,-0.3165774909763139,64.22009474000001,6.715315623057528,64.42483444999999,6.4606696299149675,64.42483444999999,0.0,64.53512025,0.0,64.53512025,6.13768391546351,64.39650345,42.394997973512886,37.181460640000005,67.34377648547053,28.267652600000005,64.53512025
CON8-0,Det,rho03,286.03452928750005,11.904725418228765,512.43017688,12.743320977469478,510.87873278,13.00236606980349,510.82376109000006,12.823405920735102,531.6644476800001,12.120157411713942,517.946103,8.504228676199581,569.75338474,3.591952243700323,649.9928350499999,12.983272104247638,511.0703324400001,14.827637221158914,510.93652010000005,15.131475747460204,512.01408101,11.837909206746888,520.4083304400001,13.16512620934318,518.65430106,14.979666229713647,527.3708336200001,35.99875077896753,441.21507367,42.4769071614004,430.29897868,640.718286
CON8-0,SAA,rho03,11.753707437500003,0.04216405356653145,137.35667155000002,0.8112063151733769,137.04991924,16.24850507514602,111.81262825999998,9.279063783060936,123.90327635,1.2230261452770805,136.37023413000003,1.8701899266156736,140.1756501,17.56100331300254,107.60331639999998,1.0187894171838643,138.38685359000002,21.515273103801906,105.12213164999997,19.510387477261915,109.65011375,0.0,144.75092025,3.3651921455697837,137.48491547999998,23.507700163478766,101.84415585,42.38740374892033,83.08711237,74.33646401750504,44.05389735000001,144.75092025
CON8-0,Det,rho06,281.286207375,19.63447106628686,508.62602713,20.421567055692535,508.96321595000006,20.534836135422154,514.6417076700001,21.41355121927438,517.13056468,19.704694474268123,509.62811758000004,12.634390914027653,573.4051067900001,4.014639075404483,664.1845377499999,20.309396865783672,508.29803588000004,22.442839912103963,512.10612202,22.787949112465796,511.85658733000014,19.655322075850144,511.94704163999995,20.44291541616155,508.84063112999996,22.89755572200317,514.43003536,36.046362352678806,472.8587914700001,42.51491427024329,471.52048552000014,657.1695812500001
CON8-0,SAA,rho06,18.548048825,9.687673282798768,225.57621086999998,9.800887309773398,224.81362678999997,32.2784513184502,155.94743841999997,26.967023039416656,172.48498629999995,9.176505108752313,226.96690684,6.990782762294126,230.37609676,35.78153254888254,153.07790214999997,9.286844472170484,224.52445634,38.44912579908523,145.08646640999999,39.273758090293356,141.02373028999997,3.9096260789576736,239.95012696,11.16204474407837,218.95008319000002,42.31295949804573,137.25495583,42.584253532662345,151.18642692,76.86863924890493,66.05516748,263.8328645
CON8-0,Det,rho09,272.51844379999994,27.759376529582234,496.61773992999986,28.37910738832714,497.4346853100001,29.29651008523775,498.30614004999984,31.270829641549554,499.79762964,27.756433886732747,496.7674398999999,16.477640669508318,571.3685467199999,4.732076832188328,674.48769815,28.672985978463142,497.4279769500001,30.49192261221181,498.0326800700001,31.758534157422766,498.86797814000005,28.47617655814603,497.0089901200001,28.744779198133664,498.34892338000003,31.802390634926983,499.00782849,36.02269378675352,491.01481105000005,42.23274614174938,490.94659125000004,664.2053142499999
CON8-0,SAA,rho09,28.170878400000007,22.260824470776882,315.81237102,25.010638974253663,300.69959934,48.47798014881921,217.96555983000002,44.116942249837706,225.42687939999996,23.89183823604167,308.42610009,14.775893024691769,352.25294019,47.59980747529692,225.73938294999996,25.218660254839655,300.06375843,55.46110952472112,183.29857956999996,58.00452780876015,170.20186739000002,21.725164466295134,309.29989504,26.580065526107287,292.86075989,59.62367626598396,164.81759236999997,42.67189231841632,247.13615604000003,78.21356381276348,103.06508942,431.90106975
CON8-0,Det,dayfac,274.75828252499997,5.179956510575791,465.05113543999994,5.303765288740314,463.84872543999995,6.613430421281886,465.54587712000006,6.026682204018095,465.90362271000004,5.135691739598804,465.0283780499999,4.081698446517084,476.39220225,3.371793291311263,492.0079341,5.3601860799810135,462.59720261000007,8.14383514661255,465.1798435500001,8.112264007718094,463.62592106000005,4.291861138681781,464.79814423000005,5.1936097226483335,460.9347662100001,7.60699992987408,462.63621555000003,35.97220520131433,333.98817476999994,42.73965720134936,314.59283477,501.91114
CON8-0,SAA,dayfac,9.6751005,-3.038084054010579,100.09855421,-2.7084725373136944,99.42716364,4.094042056720742,94.6100287,3.29849855306414,93.22230574999999,-2.212007777076823,99.68222476,-0.2753485764825049,98.6409317,5.745860443516831,93.8583713,-2.213333809814191,99.64054095999998,9.78219404542619,88.93285449999999,8.34289439680755,89.97850245000001,0.0,98.013564,0.1859699855314206,97.86272492,9.129592710690705,89.92100040000001,41.859322257169325,57.02346366,66.19379483448259,43.472029340000006,98.013564
CON8-1,Det,rho0,287.78972763750005,7.332191816651377,433.43675804,7.466409748844756,434.96789931000006,10.841562570746353,421.6689162799999,9.55315779378001,424.90125556,7.472067659095281,432.90466272,7.010408184170061,435.83950242,5.001827664478596,457.3703291,7.546385973982944,434.28055772000005,11.368587898040325,418.99011171999996,11.071937174434465,418.82827555999995,6.3783101339952735,433.8922431799999,7.542096762341778,432.31281441000004,10.673719440289512,420.9647903500001,36.45315723556427,314.79224736,42.487396516291525,296.88934564,476.45305024999993
CON8-1,SAA,rho0,6.379014900000001,-1.3204914837242325,67.94562556,-1.3204914837242325,67.94562556,8.42312642975644,66.3117205,-1.4403776122234508,67.43236195,-1.4728898971532272,67.94562556,-0.05958776644336891,68.26652288,12.050890255797974,65.9773656,-1.4728898971532272,67.94562556,13.947483450775469,66.15789769999998,13.993281979949606,66.15789769999998,0.0,68.68732999999999,0.5416290374239577,68.19876043,13.922197414839108,65.38088264999999,41.45655358165099,41.258754480000015,73.39121744330774,26.563409079999996,68.68732999999999
CON8-1,Det,rho03,280.7955098875,11.342555139062005,506.80226612999996,11.622839444112076,511.24620898999996,14.17149589266684,508.47389761000005,13.766275431358235,512.0635055099999,11.398133664538607,507.37150843999996,9.553197115490674,550.0678753899999,5.381865646126096,617.5516306000001,11.690196439982769,510.3785673,14.381787343992604,523.84754278,15.13194712337936,508.6098829200001,11.026364603338807,500.26482151,12.277531658113837,506.87583097999993,15.42181271589761,508.1242466,36.1564521646646,423.34957155000006,41.91249675578914,409.8060311000001,621.857866
CON8-1,SAA,rho03,15.375355825,0.39270863183421023,175.41897302,1.8497491227979492,174.45210699999998,26.4137384118068,130.72375872,21.36000141967447,132.73307780000002,1.3529376644524067,176.45822731,2.395307735910565,178.95654500999999,29.140489078729995,129.0003908,1.2596959491830013,175.54854375000002,32.729853099188354,115.09597749999999,32.85988496789796,115.62775169999999,-0.8343229285882192,181.06885840000004,5.7842333642382595,173.13399078000003,36.119458669503665,114.33416595,41.98994829441614,108.46333002,78.75645000885693,46.06835431999999,187.19730850000005
CON8-1,Det,rho06,273.480467775,17.5983407073138,508.09987256,17.683254006383873,514.13094494,20.41616579065398,506.37380093,20.681065192755337,508.2456323099999,17.632662824452066,508.05484538,13.12629957362593,567.18423197,5.3874153014911785,643.71141045,17.754756202168046,511.75560852999996,19.86393429719956,519.86355619,21.141799010146872,509.4519346999999,17.489778974581853,510.19305451,18.18853036478064,503.51945985,21.319103322752834,507.5593558400001,35.89923779009085,458.9902087300002,41.87482315271537,451.67890361000013,633.649468
CON8-1,SAA,rho06,27.702623837500003,13.299158311180681,310.56526144000003,13.223634380224807,312.45823319,41.35313315878974,207.22428441000002,42.59916563941252,186.76441715000004,13.631330375602372,311.08195584000003,6.920781001634608,339.72990072,39.65185521571626,205.53840315000002,13.772103494166023,311.08955125999995,49.201221551980005,181.56330605,50.94009057328882,174.96086337,8.407253445239679,320.65078744,13.663307942247185,313.84729354,50.78043055603037,176.57027705000002,42.73670317276495,220.14636786000003,80.50662085412291,80.63039198,385.40871250000004
CON8-1,Det,rho09,265.5616441625,26.752917390068006,476.3984893300001,27.078698573652876,479.86613644000005,29.776601987225614,481.31152488,30.141557105859743,486.59865229,26.743605030190885,475.30124841,18.468140687888372,544.9803040800001,6.656455996590866,648.44949415,27.09886198323291,479.86613644000005,28.994249613051924,479.78983485000003,30.724060286384358,486.10288737,27.11778680826121,476.93176548,27.302139522126936,479.16157706000007,31.031133624129247,484.26769870000004,35.749181537830665,464.6033896200001,41.89065397088281,464.6033896200001,637.1902715000001
CON8-1,SAA,rho09,40.815276350000005,27.85651206058783,408.53717089,29.196122425617244,397.08452640999997,55.4371679159291,243.47984303000004,61.205761945061546,202.91390250000006,29.485034426331886,399.44338319999997,16.33591859289223,504.71044771,56.426141158541974,233.6474253,29.060244652735285,399.11553065999993,63.213851598728674,224.68807646000002,67.43867299822901,194.80408545000003,26.010201476928145,414.3937085700001,30.897020180288454,391.3557721500001,68.40756762510564,183.27006218999998,42.840893087570635,341.43125443,80.92443083874893,121.76487789000002,599.4087505
CON8-1,Det,dayfac,280.641029075,6.400149439018735,453.25939089999997,6.430892429195328,450.95326099,9.705330756616137,444.25904277,8.14241536022631,445.88165819999995,6.419837265557199,452.03173921999996,6.366192930124052,453.38127221,4.618814896818215,472.81506520000005,6.460651169489028,451.68175184,10.146663878890648,444.73276507,10.132343175452348,441.88727841,5.499238555163506,452.81689400000005,6.686053366945677,455.1403349399999,9.999601518529325,443.57587019000005,36.432739212260884,322.4071637,42.30858573703724,306.93981068,488.79522525
CON8-1,SAA,dayfac,10.654179825,-5.1565439388479675,99.77567126,-5.5842954011713415,99.4772844,7.815181719067716,94.09313646000001,-0.768176423190772,89.11258989999999,-3.5131248171888263,99.61494511000001,0.200229420287654,99.26357167,10.307739643393894,92.6470334,-3.1041216915070917,99.82989343,16.16878756314777,86.82669974999999,16.216932855270255,86.82669974999999,0.0,99.23889524999998,0.8685032496154693,98.63235157999999,17.746015188926098,86.90817625000001,40.03229606648769,62.61663699999999,69.28012045263183,44.767141079999995,99.23889524999998
CON8-2,Det,rho0,243.14207224999998,3.1807378710452707,414.6311995,3.5745545925361673,405.99420626,6.152443533145038,406.34841364,5.162200797603843,407.05599531000007,3.3609698732424866,412.39255293,2.8265557716533674,416.62997937000006,3.8298885149030344,428.07832075000005,3.686348131385559,405.97959162,7.307889495870643,398.16684413999997,7.182764876266693,399.31904628000007,3.3268319481471353,408.46829482999993,4.090470010790169,406.3659503900001,6.595323929382193,402.14545334,30.315979703302855,325.45044271000006,36.19211739135778,313.46322938000003,438.62787600000013
CON8-2,SAA,rho0,5.168606625,-1.0310409142425545,69.82598207,-1.6369284439401752,70.16636739,4.088357130486777,69.15082185,1.1394806042140968,68.13919165000001,-1.0310409142425545,69.82598207,-1.0392894816211664,69.48559675000001,4.744637777497708,69.09376815,-1.262279657430896,69.82598207,5.824149414737076,68.97371745000001,5.824149414737076,68.97371745000001,0.0,69.48559675000001,0.0,69.48559675000001,9.06861406772272,68.32200465000001,35.85453436398828,47.10479229,63.69150471961097,32.98108765,69.48559675000001
CON8-2,Det,rho03,240.5666274375,9.418035901877662,505.28147508999996,9.87847913409102,508.36090811,11.446172495457152,512.20380562,11.219981069698644,519.5865124,9.475530229529545,511.2381140099999,6.692165183295239,541.7372525299999,4.421204349203927,595.62689895,9.651579629860414,507.04946001999997,11.972839981506986,517.57699334,12.55270505251001,502.1942594199999,8.584761289204765,511.55095873999994,9.818716032894756,504.79327983999997,12.448706116470975,502.32829487000004,30.509603303587273,445.34808567,36.52070108594985,425.52895280999996,604.3021385000001
CON8-2,SAA,rho03,11.8528514125,2.9038085944199326,140.97984766999997,2.3658079667165572,141.06226675,32.027416993488785,100.92137924999996,17.551350599958422,104.41476420000001,2.919370006065192,140.70392183,3.597497578095958,143.71914685,28.63097173327533,104.9062798,2.791366984075072,140.58911838999998,31.543537562253217,98.49288335,30.24194383909813,102.67817699999999,0.91679693111988,145.99035756,6.028269486669398,139.34930219,30.892319536195817,96.87251170000002,41.18949744743541,89.44357577000001,76.24973927766261,41.31122517,148.85668224999998
CON8-2,Det,rho06,235.9886322625,14.39351433683341,523.1614033899999,14.761518445410116,519.68592915,16.094906060666037,522.21856453,16.435938987457508,524.9950895900001,14.157958308277903,519.0113160799999,10.09225906483827,565.0391065599999,4.165674055250733,639.09280195,14.850368883666306,520.0243228100001,16.447398331384722,533.96751194,17.37175348785408,528.97547441,14.801771568024238,519.34478069,15.122150028525255,519.2731370500001,17.350833375505154,527.9679415999999,30.373425771954018,489.3342484800001,36.27476231112638,480.88545127000003,623.3175100000001
CON8-2,SAA,rho06,22.0927664125,11.116126283807011,261.24626201,11.873642752660402,258.92888452,42.594629820445085,168.21740278000001,37.63406742396798,151.58762695,11.504900785362425,261.33648345999995,10.65467292574171,270.79941969,45.18180143728978,157.70196249999998,12.643888580288952,256.41416379,51.028038813742654,134.79263695,52.179236184191026,135.63140633000003,9.175624150686035,262.98601586,15.234227774642667,250.11932567999997,52.06404960897969,136.0146868,42.3194719616918,177.78441544,79.694234532522,66.46743206000001,307.866281
CON8-2,Det,rho09,232.86810954999996,21.47648900257067,516.2739922399999,22.10984669776994,515.2939268000001,22.56670627530328,520.207903,24.05949357396669,518.70165712,21.790278961578817,516.9144171,15.539941277888904,568.5880721000002,4.269453862408429,645.6396097000002,22.08249706963792,515.5711560900002,22.80275192043784,549.5752386400001,24.30313819585005,526.00259955,21.866751415382865,512.87633642,22.670284918152277,511.49642627000014,24.815691647804645,519.3848507900001,30.156872852708727,506.45660484000024,36.17992609306172,506.33555832000036,629.0281497500001
CON8-2,SAA,rho09,35.5219051375,28.336027121963077,369.31200792000004,29.728970190710964,359.75631934999996,56.8910074143683,226.08435404,57.70039215425513,187.3689244,28.84189243325323,365.92548746,20.231530237980344,425.6602368100001,56.785392265477,225.39898434999998,29.627585770701405,361.63656277,65.1141352018369,183.19071915000004,66.27252530340161,176.03637904000004,26.633015020955657,376.03465993,31.070069148258387,355.5849621000001,67.65380707334253,170.01506648999995,42.42285426744026,315.19610132,80.33172303130668,113.19719724000002,546.2854714999999
CON8-2,Det,dayfac,237.48961467499998,2.6895069979126696,429.48841037000005,2.9210915321470012,425.12151445,4.996773389328826,427.0859887000001,3.91917493391754,419.83376523000004,2.8820316481487502,426.84662711,2.4281564260784565,434.62857356000006,3.320431916903571,439.5102850000001,3.00945450637104,424.97281190000007,5.96807573644693,423.14431984000004,6.025665631982848,422.7202641,2.485290662952635,421.10387887999997,3.204437987283955,422.3851424900001,5.572057425799084,422.47083356999997,30.23755726867132,341.24952110000004,35.92226295252841,327.9677166900001,448.5647492500001
CON8-2,SAA,dayfac,8.8008021625,-7.935751924704178,98.72684038000001,-7.928515828627466,98.74009818,7.965309662191839,90.50282413000001,9.353570217810242,89.33368435,-6.886167553934059,98.49332482,-0.5185324434907544,95.08673862000002,13.36547519511407,88.0097006,-5.544779634739368,97.67969635000001,13.213755729621536,89.38310475000002,13.23136560166938,89.38310475000002,0.0,95.78569275,0.6578990179635078,95.04516988000002,12.888374253350891,89.23747765,36.40634578348301,66.82079639,61.138390565429326,53.60504457,95.78569275
CON8-3,Det,rho0,265.957885625,4.21060907450956,424.84834603,4.554876416629652,418.96134323,9.56899301488797,413.47787492000003,9.6039374579834,404.66429613,4.458411455684022,425.36607504,4.198844303208842,423.72691205999996,6.625647006513725,436.5849225000001,4.5621656955147225,417.49740678,11.032806677096625,403.03320815,10.92585686065047,403.2085009599999,3.8207786893102087,417.34780501,5.102631665952896,419.2506656500001,10.778948458185987,408.75446772,32.78303255780743,315.65137037,41.39490599076688,290.66618111,458.8527435000001
CON8-3,SAA,rho0,6.61138655,-2.639274230607493,67.21436777,-3.0872807762238685,67.37168730000002,14.098910953860354,65.20993215,10.35274646738058,66.41464395,-2.6175603285516558,67.18565597000001,-0.882193977903176,66.68822318000001,13.61871629635693,65.20083170000001,-2.467104203731674,67.43725105,11.34600978670654,65.30002455,12.981930809959977,65.4553603,0.0,66.87461225,-0.011391755637095283,66.62365877,13.674104186208865,64.47703904999999,41.29086970417725,39.64386160000001,78.80310908458378,21.1499676,66.87461225
CON8-3,Det,rho03,265.292278275,11.347478141559185,486.55318283,11.606999964047498,480.90862539999995,15.028592122523571,492.06835404000003,15.084696056444244,490.14421431999995,11.463554427119513,477.37313899000003,10.056537250528095,507.29764170000004,6.591746011684755,595.6960965000001,11.570722204994043,474.95483943,15.775798686314037,500.95739022999993,16.140431429600007,480.46764691000004,10.982226427939565,472.56528980999997,12.169235531060057,475.2833664300001,16.53766144656553,478.83188842999994,32.90848326030118,411.81132894999996,40.91417440596821,391.65646585,601.7581345
CON8-3,SAA,rho03,14.141713137499998,0.17511572508376533,167.27109696,0.6220101422277082,166.38499606999997,27.45304734830962,117.72000194,25.065169035995776,111.89777345,-0.03390911308535978,167.70761563,2.5794826231674324,169.21633347,29.479860480588098,116.51458895000002,1.858261686154207,168.08668458,31.857304954471946,109.31467020000002,32.613502693460354,108.2982114,-2.186454229368297,170.20113293999998,2.50287660029972,164.62987813,32.860977943875355,102.76977160000003,42.13746108099486,101.92048899999998,81.92852381354565,36.05017474,175.99205725
CON8-3,Det,rho06,263.053119325,17.645883651982437,482.1969985799999,18.594673886405186,483.3574290699999,21.56512936401008,481.87272866,22.723685753616945,481.79786284999994,17.693992961358717,480.3732732699999,14.933232067652098,525.08085872,7.295957752467543,617.7342609,18.416702685492858,483.34576417999995,22.44835418908029,477.71691940999995,23.493813201144786,478.1339884000001,18.289148414948187,484.6248054799999,18.640452152144437,481.30829272999995,23.50326013701987,477.5412598,32.647109788269375,443.24373484999995,40.955192316649786,422.00543029,640.81465675
CON8-3,SAA,rho06,27.412092249999997,11.817679993032998,329.98069106,11.603340383476192,333.37604302,38.973114899684454,224.20507722999994,42.77316064774297,178.56625945,11.896937272272583,329.85179658,11.468900444839253,342.8697059500001,40.774908033515764,207.8375031,12.208393129860411,331.89572419,49.96355117694456,178.138501,50.4032466201116,180.11027781999994,8.392209204680452,350.28038728000007,14.064320077574513,327.7467127700001,52.54636775308531,161.12079315,42.36289654249211,233.80993267999997,81.91482681881023,76.51244786000001,405.83156974999997
CON8-3,Det,rho09,258.32892173749997,24.95365996591871,476.6704988899999,25.773849972035386,477.6794232999999,29.669644641409064,461.4053196000001,30.520141764504135,470.45973143000003,24.86412281713789,476.08432203999996,20.513627735747008,518.7225174700001,8.853992822856167,623.6055981,25.72166115976722,477.52159731999996,30.290124033038616,469.60022304,31.68087628576187,465.9433067899999,25.420637564821014,474.89215769999987,26.13595890246732,471.99025635999993,32.00224203157781,461.2938829000001,32.40084932226527,452.12981340000005,41.04782355293168,428.45910036000004,655.5383045
CON8-3,SAA,rho09,43.03577258749999,26.509751841456925,446.16422226,28.576426191712066,431.99436527,56.867473437919486,253.56594212,62.32686258382836,196.99916489999995,27.135134096307326,443.5990682700001,20.237375297009677,500.12855200999996,54.69073536938509,256.65150674999995,29.01299128559531,431.23137046000005,66.49035931519745,195.78731740000003,68.76983153916058,180.4119762,24.638184071034356,456.83658970000005,29.375726455929748,429.56521314,70.59323451607825,172.88649723000003,42.435008218730964,380.3957855399999,81.99564658622965,124.61490572000001,662.9002945
CON8-3,Det,dayfac,257.8068462125,3.5904615907175,445.37060360000004,3.6122891037671683,441.6416507799999,8.783840404817779,437.52783093000005,7.644701376842016,439.06746388999994,3.6490406931419486,441.40138726,3.700315794033197,444.5292765699999,6.477250827635434,459.40715729999994,3.602083921520668,439.13874229,9.703037628558944,435.5925062399999,9.644038004718606,435.80765289999994,2.7769315639504053,438.8220071100001,3.843728160474087,443.51498543,9.889962883485182,437.59196334,32.4926993205033,330.66608409,40.76065341022154,311.6467634299999,473.9461215
CON8-3,SAA,dayfac,11.997494225000002,-3.0115385323304826,118.81151938,0.24314566402720358,116.40460359999999,14.079335583093401,98.31281289999998,10.975293363810737,100.64170060000001,0.24952079941511016,117.36041395000001,1.568931665812093,115.90247457,14.488759297569102,98.5326612,1.278687967028389,115.80703679,16.467913678033074,95.69325095000002,16.829800870356355,95.66504760000002,0.0,117.68977975,1.2377874305665695,116.58348745999997,17.30251007893276,95.45167849999999,38.73732380979747,75.70166524000001,70.66884896125049,50.061685739999994,117.68977975
CON8-4,Det,rho0,257.041680625,8.830623341245136,404.41930347,8.784713754242329,407.87203466999995,11.96283565032422,392.75842206,11.156223767395867,393.06023937,8.83162652096047,408.7297506,6.14366984377867,420.5424492900001,4.793023688821068,435.67957285000006,8.86855490890487,407.6532564599999,12.912054087414818,390.4572216699999,12.772621294986532,391.55499232999995,7.897655179362221,404.2277703399999,9.499671092496387,396.83402559999996,12.816016140611879,379.72003750000005,41.44014423205572,290.33050048,48.749530229422504,269.62056568,453.198033
CON8-4,SAA,rho0,4.717564875000001,-12.749119470243615,60.83671844999999,-9.706831143472064,60.42360748999999,9.641959189803424,60.01258005,0.0,60.73933474999998,-9.258107171234162,60.42360748999999,-1.103031328212516,60.73933474999998,9.918942715122725,60.0754257,-6.409651483595099,60.65399167999998,9.168506824190747,60.08208105,9.168506824190747,60.08208105,0.0,60.73933474999998,-0.7083333644669783,60.73933474999998,11.10308732108321,60.18293064999999,29.566092103820832,47.289297420000004,55.851401852740814,37.49313288000001,60.73933474999998
CON8-4,Det,rho03,266.97164313749994,15.329661376778384,501.30278496000005,15.795358683948805,500.8056442699999,17.908142551070963,511.51474986999995,17.1751254910935,507.17144899,15.496736397090666,504.71762021999996,12.024973043659768,543.52841561,4.296365341540217,630.83514595,15.94928223222183,501.62189651,19.045641393386553,510.45882166,19.218215532192264,508.0146328699999,15.43150740817879,499.15111440999993,16.085072452576142,503.5586392399999,19.249791618704425,497.93737619,41.25631800388347,426.05979558,48.26631197105597,395.4289545400001,629.0975545000001
CON8-4,SAA,rho03,13.8766977,-1.6950713389108614,168.8902974,-1.8226918209798728,169.62765832999997,32.68492715669666,112.90054224999999,18.10162492766561,125.70275880000001,-0.27389588518599767,167.37830837,3.7755121306706827,168.19248063999999,31.558589836543025,115.81620265,0.16027329758720626,168.89602945,32.44041745248943,112.3847747,32.34503719498048,112.7909023,0.0,177.60217824999995,3.806749515772752,167.73386758,36.40457300586722,106.84886649999999,39.10394150908107,108.49494546,74.84364831266736,53.41784072,177.60217824999995
CON8-4,Det,rho06,263.84775019999995,21.617398591143996,509.26502701,22.414867192602635,507.72045681,23.540948783879355,509.85088443,24.63420482521892,518.90425971,21.520010449382248,505.87844081,16.144146637866598,560.3033857,3.863363288022452,664.4199569,22.55667692329633,506.60559140000004,24.622625482595446,554.0018246499999,25.467896641932384,520.5380517799999,21.546869136237184,506.87195284000006,22.972361821942854,500.97036043000014,26.15881014190279,513.10546359,41.05096657216066,478.6903007,47.989422418429236,458.00723372,644.4075247500001
CON8-4,SAA,rho06,26.622532300000003,12.419981000455012,319.73029443999997,12.53447992436092,313.24585490000004,49.00358879459413,178.6508983,43.31141714869852,199.88053355000002,13.702517141842282,318.30559361999997,10.468134148906634,337.78068816,47.55315117037157,177.10047745,12.633539995742636,314.48560820999995,49.568517473448615,171.09472119999998,51.48823644398396,167.16598584,9.425656052260681,329.68100754,15.534685652348724,308.47301376,53.4524434871284,164.96497430000002,40.21663925824216,230.63894739,77.38044825472895,95.97745659,384.9176949999999
CON8-4,Det,rho09,257.1759169875,30.28530154080705,534.32913865,31.67457938526931,536.1309126,32.18372058104607,535.89700182,35.016859164684966,537.0257326000001,30.57000590915409,534.32913865,21.70330825697528,590.3052213300001,4.20993958506084,671.1565285,31.71805474498017,536.1309126,32.32918611019909,585.1580554400002,35.37148171864841,540.26214841,31.69632471203049,535.14323083,31.812615766614165,535.26453286,35.74417693899698,536.5960065200001,41.08589272129851,533.31100345,47.987909342031614,524.61042067,656.28186675
CON8-4,SAA,rho09,39.1507506,26.03304857455275,406.7637802,30.16665100030038,391.9623852699999,62.4353907087033,225.209988,59.36427162012062,217.6118809,28.91438361209863,392.27269028,16.604270999596114,486.0150034499999,60.918834535703645,234.44704330000002,30.244486408390863,392.59803435999993,65.19652501885878,210.7602752,66.59604779071593,200.01230429999995,23.57194135378851,417.57848687999996,31.28069212547869,390.7842538,68.11057569864319,186.37725977000002,41.03221865176706,353.03112393,78.57771142451608,138.84664676,595.2555619999999
CON8-4,Det,dayfac,252.680270375,7.735260072934359,430.61784084999994,7.984686048719758,428.21225840999995,10.716318958268408,420.29234068000005,9.553856553846908,417.39210768,8.031476277463996,427.56744619,5.309463237113633,436.28972933,4.426626480730031,453.4091387000001,8.100389252047087,427.09086956,11.79834328289906,412.2359751300001,11.860435597533332,410.7893910699999,7.330684846311883,425.52325463999995,8.343759624251987,414.26208402,11.312647345626765,408.16620769,41.23380166083929,304.97095716,48.12769027594484,284.23024741000006,464.58898849999997
CON8-4,SAA,dayfac,8.319240512499999,-5.214927442572837,86.01192079,-5.109860736220684,86.5801781,5.668366839394209,81.67254877,-1.1633999804979382,83.78534610000001,-4.793648908224189,85.75640848,-1.783288585984389,83.96186456000001,6.3558693754016895,82.18771350000002,-4.15725841175458,85.42413524,6.055730589144913,82.43074340000001,5.863847598431839,82.43074340000001,0.0,83.7660905,0.4152833055864833,83.85457566000001,11.40987345628204,80.5981358,32.01069624082465,65.63308685000001,57.12712506459104,56.91938951000001,83.7660905
CON8-5,Det,rho0,233.253678525,6.253144525622866,387.3157442199999,6.202755761448499,382.9907048,8.97880499953415,383.22510825999996,7.516631046665724,387.8272560499999,6.154413768424835,387.16844495999993,3.843949028241797,401.9859391399998,3.8529555768770978,424.44555034999996,6.305245556255478,383.13284082000007,9.322534646830604,377.48442381,9.313217851641168,377.84640441000005,5.23316118450483,390.33302839000004,6.947203688692601,385.77883186999986,9.782403041954352,383.54054225999994,36.49915793841391,298.24242920999995,42.531630807000134,282.22922482,436.8042915
CON8-5,SAA,rho0,3.445111325,-1.0057678324807096,58.674550329999995,-1.5197839071281667,58.674550329999995,9.40453435129561,57.90479614,-0.9012993215828884,58.80535179999999,-1.0057678324807096,58.674550329999995,1.8303488204405074,58.47797745,10.018792571238608,58.32517135,0.316263234251229,58.674550329999995,9.328938376178598,57.90858485,10.682905870973556,56.5884561,0.0,58.4065765,1.1396411115974616,58.82831639999999,10.077330592502696,56.71941914999999,43.251699885198924,33.133964840000004,62.87751546025875,24.355695980000004,58.4065765
CON8-5,Det,rho03,230.8582611875,13.102658932544115,460.9438349899998,13.109140727444172,461.30931118999996,15.260705269232783,457.29931632,14.297497938439465,459.2948504799999,13.006038093266978,462.42104531999985,9.084709543257866,504.55822630999995,4.0737232995798065,575.0893245,13.055358105431278,461.39592052,16.043626934761594,460.86098924,15.978814059003813,459.5373326200001,12.603563203600645,464.51318126999985,13.010236037473131,460.95364136999996,15.904971496202247,460.94209044,36.92458108928855,396.81959258,42.754731909002324,379.2212924900001,576.68077375
CON8-5,SAA,rho03,7.7563999500000005,0.7912907585432185,110.98192691000003,0.049520873404688526,112.27567347,19.96354767652228,92.37672623,6.448859499567199,103.22493279999999,2.3934768603571133,111.04207010000002,3.006691848065427,112.39419550000002,22.49224661242487,91.84209005000001,1.4067125754648688,111.66690919000001,22.285784657094677,87.54325109999999,23.144556580014928,88.4482987,0.0,114.60475550000001,3.0436454994820052,110.44871322,28.16287377625493,84.69512069999999,43.04996066506345,65.74910657000001,73.29442580510563,35.05027377,114.60475550000001
CON8-5,Det,rho06,227.3204558375,18.524756434415526,478.72849915,19.143527719787894,474.70578721,20.939313183511455,479.9226117999999,21.56993465715693,474.06195197999995,18.710761475599448,476.92004133999995,12.809828422267444,529.80996712,3.901695393986111,605.14963005,19.100322353540427,474.35589429999993,21.509227641595306,478.35991457999995,21.716356353468285,473.35886252999995,18.562891472760686,478.23207302000003,19.884508033369578,477.22311714999995,22.251889129660785,476.13362771999994,36.64234190588806,442.04200704999994,42.05438346575301,429.77455205000007,613.9030197500001
CON8-5,SAA,rho06,16.6550155125,7.05829504702481,236.54285904999998,7.38247511734343,237.56291053999993,32.625403230167045,164.18559207,17.304158289957645,179.57610780000002,7.4282107186959605,234.96422317,5.8949677396765585,254.99018779999997,30.910422050560072,173.28369729999997,8.56915434229922,234.39096275,39.31372990067636,153.90420067,38.65909913844039,156.77770321000003,2.870658509090959,261.63873575,11.818155570150823,227.27785977,40.86050662872356,149.47609705000002,42.81082327211673,155.61092479,76.45576347523081,66.49286071,271.13634125
CON8-5,Det,rho09,223.18756938749996,27.50890630871246,484.8057041399999,27.829009642406447,485.5097552199999,29.082937953548658,481.09525787999996,29.095943706548102,482.51746364999997,27.61709956703893,484.75083496999986,17.91547666016179,561.74577237,4.377884876973451,631.6592542999999,27.92774861075705,485.5148556599999,29.133504706352014,493.19312797,30.366674519103313,484.19728069000007,27.967084175565148,484.8157452699999,28.15973453247345,484.7963330699999,30.690517180898294,480.09428570000006,35.91513451218639,480.8302084199999,40.7617391809345,462.49768653,638.4411459999999
CON8-5,SAA,rho09,28.579621099999997,28.448231159369698,347.56378781,29.31682091124713,341.60727941,49.35833428526454,229.36513832,47.7375904749136,224.38066735,28.245987216744446,347.38545496,12.042974539295047,448.47887997000004,45.640832192488375,262.10166649999996,29.31608176044013,341.00643702,56.102378619358255,216.84332740000002,58.99079197204612,200.94870340999998,23.48401008542412,353.60653967999997,29.989791566900774,345.57059866,61.295022212523314,188.94105132,42.698661766023214,287.97491609,76.70001638510175,120.84722367,501.0026822500001
CON8-5,Det,dayfac,227.11399404999997,5.750106908262528,400.24895613999985,5.898792243092949,399.61392799999993,8.104254323248735,395.3782212500001,6.479187869092897,399.43317628,5.675428794652902,401.35069795,3.203588396185831,418.75281999,3.2145087241487897,435.80104544999995,5.751829006901293,398.73339325999996,8.402022333462634,397.7462585199999,8.472431915738213,397.49398716999997,4.526339027676477,404.5296791299999,5.808972173945144,402.4987421499999,8.068514391704875,400.04097486,36.23195036977071,311.09992109999996,41.89533719399621,296.00106475,444.9538574999999
CON8-5,SAA,dayfac,7.1785161625,-2.803327817958387,84.86801466000001,-3.0500142584306813,84.86801466000001,7.847806346706125,80.70669206999999,-0.8417525799504169,85.3182271,-2.803327817958387,84.86801466000001,0.646005441100103,84.78476,8.13834801336634,80.0695734,-2.7682035465501453,85.11582639,7.892788386544225,79.4592728,7.9598188826951795,79.4592728,0.0,84.859719,0.19602066334416127,85.1452172,8.316134302497641,80.44324064999999,41.80185066902396,50.50921212,62.72681619110306,40.718912780000004,84.859719
CON8-6,Det,rho0,225.7570658625,4.132886705828604,387.17879204,4.38971216122903,385.02971991000004,4.638422702515917,385.85288790000004,3.036313311085865,386.01804541999996,4.172323282557612,385.7946544300001,3.5388782630023945,394.5355597000001,0.8277623516945396,410.7722204,4.319147427012919,383.89036607,5.092240624265487,383.81632558000007,5.044185662581092,383.95961672000004,4.015361922058771,383.13490558000007,4.781552186975457,378.45638352000003,5.135965998983163,380.6152199200001,29.4781211997734,299.979162,31.925551990429216,293.06543362,414.22421925000003
CON8-6,SAA,rho0,3.589732875,-9.307024314448476,59.37431325000001,-13.984253452285088,59.39809025000002,4.950436862241471,53.92143131000001,-5.742629944296324,59.41152320000001,-7.788111281121436,59.41767900000001,-0.8393043730308095,59.92424625,6.528081285156903,53.68318530000002,-5.800608353065823,59.54501700000001,1.8371557103674376,55.027283550000014,4.698987873853979,54.86458205000001,0.0,59.98413925000002,0.0,59.98413925000002,7.560017470659305,53.94715795000001,40.52207117221779,36.02340773,77.22469097369815,15.15394531,59.98413925000002
CON8-6,Det,rho03,221.87718295000002,7.888297180807533,477.70805842000004,8.178451550418886,473.61683079999995,8.335065276255822,465.81790294,6.627628747122607,475.66845682999997,7.865420357771857,473.96683151999997,6.340459678618793,507.4912268300001,0.9846516520773995,544.8281007500001,8.18233709258475,473.61203908000005,8.641194509090463,467.03304923,8.645029838116589,466.99093894,7.480298112375143,484.75134416000003,8.56249814893372,477.4714030500001,9.011527764441553,474.05147236,28.85583347046006,404.41416551,31.289634283235344,394.07312830999996,553.4682325000001
CON8-6,SAA,rho03,10.270522287499999,2.310531522713451,125.33314074,2.6974665284275012,125.85520063000001,23.808505902139583,95.96637741999997,16.813638505041787,103.20257585000002,2.3519222707299767,125.56637486,3.570625468057519,127.33127989000002,26.907439564815803,95.17742264999998,3.436031533951331,125.373578,27.149448021681227,91.82364605000001,29.062693005718284,91.63937990000001,0.0,134.3537475,4.080657718936842,124.90047014000001,33.62770174505596,86.51026039999999,41.07545092068424,80.13946632,79.53100677695208,31.99596152,134.3537475
CON8-6,Det,rho06,217.59668096250002,11.89203759797216,494.3030202799999,12.395917311876874,493.161566,12.443362511428294,485.78991815999996,12.60176909395307,489.60026841,11.808029382087879,493.28399169999994,8.399695852736782,536.03887545,1.7723029553767047,576.20528515,12.513499009524223,493.43916512,13.28974670389557,481.36114254999995,13.530776264953255,482.09537862999997,12.53961735482646,489.3443442699999,13.077596066322403,488.15416441,13.959935056975892,481.58095827,28.835685932320533,448.41599345,31.70631614247365,432.8211268099999,592.9281794999999
CON8-6,SAA,rho06,17.31329655,12.16348669889792,218.58741938000003,11.346639834457166,218.33817342999998,42.58196844956139,136.40852235999998,38.97281417789842,147.75096235,12.033045743099704,218.83014098000004,9.525396929679452,228.86492041000002,43.29686503290444,135.6234991,12.508302160976962,216.76758652,48.72174590286217,113.38123855000002,47.28421719028431,120.05972349000001,7.044083814298208,231.72190727000006,14.17130821339741,212.67029120999996,50.333608910545685,115.00050635,41.91165420198384,153.47192378,81.40884336668975,53.0649302,264.29466325
CON8-6,Det,rho09,209.22481836250003,19.343048264418364,490.69907858000005,20.075492666805122,488.61475753999997,19.881612015037895,473.5466182700002,20.88152934409745,475.23244687,19.379542955678023,492.12251111000006,11.067323305728001,547.56270206,2.0813078063976476,581.4270846500001,20.10741865437332,489.31732861000006,20.794457220232882,469.5040967,21.03334588000653,476.6114419,19.88335118419024,486.08512753,20.228621142674996,488.7297569600001,21.423374966606637,468.97097235,28.401142488290215,472.64073724,31.08354583217856,455.71514223000014,616.035442
CON8-6,SAA,rho09,24.902150175,27.200912987024818,290.78106265,27.633396634995577,289.59555463,58.78142752586625,166.43811995,57.1880830668069,156.30525150000003,27.120273000682747,291.2142957,16.752117930314423,338.09959520999996,58.50700030966301,165.55225515,28.02096220592725,288.90686697999996,65.97267184579574,136.22475805000002,65.7179385534727,137.53691168999998,25.329073488329808,294.32121531999996,28.981960576823965,282.77121128000005,68.88487497847161,119.19903590000001,42.42355832833217,242.92819684999998,82.59052389840468,76.06574007,423.1847685000001
CON8-6,Det,dayfac,219.810650575,3.745851227391107,395.86987498,3.8592425552671648,394.8905535900001,4.304590724675354,393.1696905299999,3.3685890907153926,392.59923841000005,3.24220752377436,396.3295153800001,3.0087297113219016,402.69053188000004,0.7784758611667784,413.87042160000004,3.8547026621937763,394.79649913000003,4.608809889784382,391.27158714000007,4.547715734815686,391.59583660000004,2.8930546908737,397.64973506999996,3.991010330050743,394.3785061200001,4.4392355470375895,389.74020388000014,29.6114394415076,304.90133532,32.380425285950686,296.49429518,418.82189400000004
CON8-6,SAA,dayfac,6.584287937499999,-4.131655755068503,81.97357376,-2.886258769420658,80.86230176,13.901600031597944,73.92419504,2.691412559446555,78.4376729,-2.3723238941355964,80.57561948,1.6313690488569972,81.56157686,16.678420095293703,73.93549825,-1.5837786407560328,80.52757155999998,16.55259506184072,73.56059265,16.536256544901438,73.56489574999999,0.0,82.2219995,0.0,82.2219995,16.514829246864174,73.36766865,36.030085781770225,55.66440859,65.53558199397928,38.81257525,82.2219995
CON8-7,Det,rho0,236.57916278750002,5.219657719218409,403.19479303,5.731182169529774,403.95810044000007,7.1919049560517845,400.00047127000005,7.484274751155532,406.38989827999995,5.457321507260908,401.94712473000004,2.843223297328947,422.59589466,3.6499907021634956,430.08287169999994,5.714026392147776,402.9615899100001,9.137187055402917,400.87484969999997,9.179378940065908,401.7044296400001,4.2570708154658226,407.45640199,6.14416825904332,407.6893181100001,9.038072569267605,401.67981359000004,34.6316907341465,316.65791049,40.0394729366271,303.72481459000005,443.5827695
CON8-7,SAA,rho0,3.271023149999999,-3.14389794214696,57.991206860000005,-3.14389794214696,57.991206860000005,10.363667588228461,55.48076888000001,0.4495912081820647,54.24119415,-3.14389794214696,57.991206860000005,-0.1446706361586185,57.704449999999994,11.803499770400581,55.2427614,-2.6808022285015225,57.991206860000005,5.774444610702281,53.70036340000001,5.671282470134744,51.65929055000001,0.0,57.704449999999994,0.0,57.704449999999994,15.130515890723649,48.139027750000004,39.36060677222659,35.22047189,64.96563787694379,22.072177909999997,57.704449999999994
CON8-7,Det,rho03,230.76086277499996,11.357311473589828,484.1945898700001,11.49185050493446,486.054029,12.500540630941455,489.27172168000004,12.479104578092144,492.46198810000004,11.304437326937427,482.6090907,5.559316234230092,544.0421181400001,3.7148483193436537,572.2825943500001,11.488163763648405,486.53520837,14.258130563751955,484.59231153,14.401677581221287,482.63146504,10.250346215797977,489.3815346100001,11.453904740021379,487.83942324,14.440935034547895,485.12782488000005,34.89117842136216,424.29743842999994,40.23519604059946,403.4869747100001,591.0807070000001
CON8-7,SAA,rho03,9.553623574999998,2.643392839559302,124.54608008999998,2.5266861322825234,124.08534173999999,19.018118258861776,105.40629836,8.209920600728713,112.1203995,3.118799240527932,123.99140277000001,2.9248338528975344,127.00805007000001,21.180114896875658,104.1178257,3.059131576680323,124.00254196,28.216383295172886,94.76907718999999,30.015184196745984,92.70267661,0.0,130.90722925000003,5.523552941534008,124.36002505999998,31.891087016163894,91.65550125000001,41.506943468829306,77.15826205,74.83098840326666,39.44328741,130.90722925000003
CON8-7,Det,rho06,229.2541487875,16.687914782934545,517.31234171,16.88514621097695,516.4325277300001,18.33863669942549,509.19985834000005,19.348813600366377,512.87297357,16.83558840750821,514.97310071,7.908250359868084,589.96760327,4.97327695825833,609.36782835,16.847280465925376,516.90411486,20.40228665604427,506.9793911400001,20.634505879694384,505.43618586000014,16.81531095746167,512.7336005300001,17.481683184782206,506.22875202,20.789974192431607,497.22433799000004,34.8111422386836,474.59674121000006,40.531119096836335,456.98018313000017,638.3664227500001
CON8-7,SAA,rho06,16.1931932625,10.18445878626775,203.11111208999998,11.270068873483254,201.99741372,34.13136476175616,147.65169854,28.464189136642183,146.5312839,10.480567090681332,203.73060908,7.946289086661225,215.59429354,31.605339367201896,138.3689736,11.738576275143734,201.60694148999994,40.429559391853154,130.19338520000002,41.541427694054846,128.33149676,2.5152171495612685,212.21726634999996,12.426016486567574,201.48336668000005,45.15830519934795,127.1630184,41.41562875390896,143.39272476999997,76.33159531680727,63.464227650000005,244.31564900000004
CON8-7,Det,rho09,222.66607677500002,25.730504453937833,515.6175164100001,26.018000963182434,515.7854301900002,27.46696707747751,501.2273118400002,29.438754405879802,508.8656814100001,25.759201311324237,514.4246399600001,10.795570606963198,601.81434588,7.99403511653308,618.1278465,26.153914123544876,514.9428778500002,29.358195721729068,507.65996240999993,30.78581490289969,505.8238635300002,25.701187215566605,517.6867296400002,26.18234485013643,516.3469891200002,30.76951341547703,505.40396353000006,34.565782154042715,509.77830668000024,41.319415365623335,489.62733778000023,648.70589125
CON8-7,SAA,rho09,25.510826712499995,25.42938979245751,291.87441721999994,28.006725860041033,277.45455797,49.86074443940856,178.25113930999996,47.61242914385227,171.62591368999998,26.01939316316854,289.19600813,18.55878400318617,330.67041706000003,49.04509127048149,182.70164504999997,27.702255239095088,279.20412577999997,61.538716960935105,155.25385644999997,63.681219705592085,142.44087330000002,23.466329836997026,290.72362135000003,29.17283495502478,278.40007932,65.60581540581464,136.70937247,42.168013115502035,239.12266117,79.54998822149597,90.32073165000001,414.77071800000004
CON8-7,Det,dayfac,229.3512538875,5.113779477854086,414.0749945,5.228974581007764,414.95621467000007,6.4869008310709955,412.25797471,5.9422439799195566,416.39016849,5.159378516109739,414.92511663,2.276442233693209,430.289453,3.3615616142572913,442.943693,5.103615960713925,416.67600722000003,8.057052095108304,416.726008,8.169672258775126,417.11147559999995,3.962203784356665,417.88135722,5.335153387259016,416.51739541,7.963324453616772,415.0533388,34.65403719222123,321.60936360000005,40.038443375174765,310.57257652,451.37756924999996
CON8-7,SAA,dayfac,6.1479189750000005,-0.23953085686201217,74.98048227999999,0.9497500087011184,74.82202484,9.429864574622172,73.37274775,-2.1389101016901484,75.44331340000001,0.25309511337532736,74.71238868,0.06266456203580639,74.81010125,9.597846765701705,72.97736234999999,1.041572193133855,74.3993011,2.383269820175211,74.19806990000001,2.383269820175211,74.19806990000001,0.0,74.81010125,0.5261919461129608,74.61358435999999,11.833468088281052,73.5151423,37.26195764478175,49.430309730000005,60.42123620375138,41.72027029000001,74.81010125
CON8-8,Det,rho0,273.93219693749995,4.72633671260406,428.04708616000005,4.891340655752505,427.51835519,6.88103265141213,429.81642293,5.419973068148492,431.7413215600001,4.64786757848871,429.65068605,3.8427954416040095,434.91125376,4.069902927491071,457.3528764499999,4.906088407915871,426.1298424499999,7.095363913514186,426.82214356000003,7.079917691612169,428.59110945,4.498487757834291,428.11029110999993,5.329907864876205,428.67670473,7.095838923759244,429.16485231999997,26.116528526700662,366.5037208699999,32.491575077356536,349.2249501,464.76086225
CON8-8,SAA,rho0,4.6643109125,0.15819940262185422,66.9654595,-1.7015640571322983,66.9654595,6.576207788335336,66.49617925,0.0,67.46493424999998,0.20123649936896734,66.9654595,-0.3187693161738701,67.46493424999998,2.1757706423049266,66.86153254999999,-2.7251107480712804,66.72349525999999,0.9620934011868324,66.57137334999999,0.9620934011868324,66.57137334999999,0.0,67.46493424999998,0.0,67.46493424999998,6.499211313028005,65.93384654999998,42.62842556595974,38.85658214,73.28967829607564,21.091393900000003,67.46493424999998
CON8-8,Det,rho03,274.29382108749996,8.397415798933455,531.27515918,8.38292782201059,530.71777785,9.56003115765958,543.8908556099999,8.20656188690421,537.12495652,8.305394214925734,532.7760653099999,6.9764888658923025,543.64117803,2.95219758155501,620.11913405,8.440813204506792,530.7102566499999,9.251140430686275,537.4122963799999,9.883924845813983,536.5089497699998,7.988553655756596,533.44551541,8.57612178602298,536.63694044,9.92574392782803,539.5039946699999,25.271732635525613,481.07324372999994,30.97154223386602,471.66622173999997,611.5529359999999
CON8-8,SAA,rho03,11.107011400000003,-2.854892162980929,148.51578585000004,-4.7547873183959855,148.96703874000002,25.73531735998761,95.15947966999998,13.381121180806577,102.54177645000001,-2.366847840815196,145.22447871999998,1.000453596365279,143.20213246,25.153692018358797,95.06414185000001,-3.4976915437396245,146.46516540000002,20.899309804435795,97.7716542,23.75789033132714,97.4474438,-0.8760883418198376,147.82548294,2.572666784154017,141.1739871,28.365884543883713,98.57563775,42.21811620270778,87.01594696999999,78.55551781012848,34.94958893,149.69535249999998
CON8-8,Det,rho06,265.0820826,11.883896859990935,554.5650676299999,12.270138099103654,554.9375269399999,12.996101042024922,557.21110859,13.176932717745286,558.96622889,11.839904941579775,553.4928598699998,10.282645734540482,577.4113247099999,2.388600551722101,654.6574725999999,12.269368766457688,551.72767388,12.72739063221016,551.43368717,14.062196580350832,553.6886128599998,12.107679944340381,551.78527943,12.65712413619765,549.5477948399999,13.891317888529356,553.26192927,25.093785629364884,529.02583951,30.343262814889318,526.38315628,639.42467275
CON8-8,SAA,rho06,23.4968848,11.010454356059995,289.88989194000004,12.659255540972826,286.67134497,46.446523008871374,169.83649987,42.535683240869446,172.58842060000003,11.283738068120417,289.47146076000007,7.039359506924938,315.81700983999997,46.86655721059669,168.9692465,12.993370504161469,287.99580517000004,47.314779840517396,161.76688365,46.924452298034005,164.98814773,10.224407635092122,298.0369042,14.17877739690839,285.89254488,51.011673417660894,154.2416018,42.62214921571221,204.56782955,80.11308123917772,72.43989619000001,356.446631
CON8-8,Det,rho09,252.43093411250004,17.49534129276635,563.1241094999999,17.957943771779323,563.7521669399998,19.084787208183304,563.9984029399999,19.691367642702318,561.8174849499999,17.502618105160433,563.1241094999999,14.605029377884952,605.0188647799998,3.7987491246720295,655.5753977500001,17.865130921672925,563.7521669399998,19.15084039698372,563.8830744399999,19.971612466296218,564.3882250399998,17.97850879055663,561.5957837399999,18.07311819424944,561.8855021499999,20.41716581614784,562.3910651399999,24.22895826418107,556.85360262,29.109139852587276,556.83481623,645.99643725
CON8-8,SAA,rho09,35.5297540375,26.487062031353627,375.83741846,29.146156103614437,364.04957025,61.25062150453114,189.44606209999995,59.17415038339329,204.17354515,27.34439811417171,370.97251401,16.580043021920385,446.60877689,60.938226801818445,204.6681757,28.95753115724055,365.16062979,64.28184524833554,184.50957164999997,65.3110852104643,177.19593291000004,26.302651942471954,380.50371087000013,30.23811813237069,366.46047538000005,65.71348206170367,174.26528673000004,42.72119154829936,317.95722233,80.4545258878785,112.33271575,556.77621825
CON8-8,Det,dayfac,266.73603472499997,4.236954332455157,440.69165483999996,4.340548803590206,439.57547109,6.268073078403978,447.87195703000003,4.170423825550474,447.69950859999994,4.290970957223742,440.71442836999995,3.6340940570679656,446.58761834999996,3.9198025627768738,471.56596764999995,4.285838551692524,440.03547144,7.1557868960893956,449.1016726000001,7.077010586125621,445.7857132500001,3.3295173157448086,441.24082952,4.647148924696155,443.64728967,6.864238658408739,447.93035906,25.915478619252745,375.07124017999996,32.3221809257553,362.9020069,473.5087154999999
CON8-8,SAA,dayfac,7.9450122125,-4.295356921705927,87.95285193999999,-4.523642511644522,88.3313345,4.748754506713123,84.54848358,0.7136044726375566,84.66279965,-4.002832160530168,87.95285193999999,-1.6856390955484644,87.07876605,3.6476929455695233,84.1832262,-3.229069290747803,87.87884786000001,6.458554578338857,84.59755098,6.035494876213822,84.04173660000001,0.0,86.12604574999999,-2.3810364910751223,87.31104846,8.910308644789884,82.85038049999999,40.50852282437571,53.1547861,66.41421877487139,40.7476494,86.12604574999999
CON8-9,Det,rho0,223.94084564999997,6.145347576077612,387.4690067,6.427285445726799,387.66002191,11.399465675590992,386.80555266999994,11.076830268949198,383.51983378,6.322359204014184,388.55945750000006,5.014069650138424,395.42443347,7.663122673172744,410.7006224499999,6.493885939739906,387.97376009,11.912128841021012,385.99848669999994,11.909026186174888,385.41383797,5.679001157464823,387.11398008000003,6.4546742417823,384.52247872999993,11.734755119024422,382.82093252,35.78638819367161,295.29943709,43.86888036764899,275.33702063,426.40532850000005
CON8-9,SAA,rho0,5.620848262500001,-0.3263665668114086,67.87826877000002,-0.27043579171871246,67.84683093000002,9.003277510197695,66.99249485000001,2.368836673430835,67.96457925000001,0.5594916733442022,67.55562497000001,-0.603727372012461,67.57134389000002,7.872540394876022,66.81034810000001,-0.6829083566637113,67.84683093000002,7.826825230900816,66.69505450000001,7.826825230900816,66.69505450000001,0.0,67.94310650000001,0.0,67.94310650000001,9.78038517189023,65.60748490000003,41.505483719682616,40.42195448,67.1390473690091,31.452283899999998,67.94310650000001
CON8-9,Det,rho03,222.58628584999997,11.922899825860942,504.11624323,12.282813844795532,504.9726082,15.992405930834652,508.86311807,15.205413104744522,511.09514910999997,11.786657127285888,505.1979812300001,9.955961819424019,520.5776543600001,6.907196312112754,613.2375301000001,12.420711703294712,503.01137939,15.908070459409194,507.28064140999993,16.483730869980707,502.4995944800001,11.665068068478208,505.0942931300001,12.638277474092622,498.12280775000005,16.174083391984492,504.0563611400001,36.59728583880316,427.75838313,44.11427352701836,407.33859474999997,618.2728732500001
CON8-9,SAA,rho03,12.733626574999999,0.5409800428358994,151.89316440000002,0.3534504780308293,151.72198525000002,20.662689230777907,120.44877394999997,18.32333280120555,120.87815145,0.7001874758526814,151.4877068,1.5501465967875636,151.94559445,19.8554142459608,119.41060609999998,1.6093181922134328,150.41585043999999,23.087476687685093,114.78087141,23.405794099156704,114.48219230000001,-1.1981263554526767,157.06877707,2.8966041278778363,149.65859646,25.945059783567576,107.41165594999998,42.2322722857137,91.28050764,73.00229727366573,50.74823821999999,158.06984025
CON8-9,Det,rho06,224.70854941250002,19.24025545335793,510.3530994800001,19.528809806850592,511.74140536000004,22.234761911653674,519.32410932,22.234150100708504,520.1311362800001,19.45926863589445,510.3511868500001,16.312093930931237,538.0348241400001,6.022258770474368,668.4904023500001,19.56653533408204,511.6501915600001,21.66694112342111,522.7940200900001,23.238202358577123,527.2469180500001,19.46951895016163,511.6244689400001,19.970286237584407,510.82641824000007,23.002365151276578,521.1656972700001,36.81213994050129,481.6376488200001,44.212356525262436,472.52478995000007,648.64996775
CON8-9,SAA,rho06,24.78811695,11.497280500364914,298.19248471000003,11.87709276762952,298.20499113999995,35.604565235036944,219.03389599,32.75041421611495,218.22730155000002,12.10825789451506,296.82807707,6.852648191979751,324.89748016,36.027705212597844,218.85244730000002,12.388972069538347,297.50231867,44.83813759197226,178.51839843999997,46.77796351327929,173.86056117999996,9.204270250145008,309.06114575,14.266772865939712,293.87779648,47.728345613602585,168.50915102,42.79555476278322,204.95365108,78.32434831642182,82.521351,358.75433749999996
CON8-9,Det,rho09,225.04572888750005,26.47297160626502,532.76047315,27.20776267702853,532.7288756100002,29.071009713632435,540.4762599000001,30.51640677207919,536.07082405,26.51202723084164,532.9894471,21.17400390203397,557.2037625999999,5.306388546689406,684.2938164000002,27.266609791859224,533.0273174200001,28.146955001605644,542.3603725200003,30.615226149411694,534.3825031000001,27.14951997557939,532.1904860300002,27.90827215361054,530.90136822,31.512000024204433,531.8662980299999,36.28229288293562,527.47636055,43.5432251662444,526.5798728300001,659.1261065
CON8-9,SAA,rho09,38.797453899999994,26.337958962044123,397.742998,27.15336858483901,395.10483739999995,48.588701726635726,284.46463731000006,53.998244817812626,253.87222955000001,26.986997002398635,394.24124644999995,16.37052319559556,458.13848158,47.016487775245466,284.01728949999995,27.56962808582652,393.32160884000007,60.806092474021845,224.44456241,62.00426450922337,217.30223327,25.854071250020873,392.53777196999994,29.445050619674813,378.10962774,62.86873695982405,211.33430881000004,42.90762323967862,326.1579707199999,79.18577104617681,130.78360593999997,570.68300075
CON8-9,Det,dayfac,219.203522825,5.466712682380905,395.74451777,5.765570002763943,395.77280756,10.61958097730221,398.4208860699999,8.539268955975556,395.11098368000006,5.545603609301848,399.25607622,4.628632089138507,404.40021651,6.963676944273579,417.98097275,5.795260264426365,395.55239251,10.85320698882797,397.3607508900001,11.012280165438527,397.50078243,5.239843179513908,394.62556578000004,5.823488777455058,396.87043285,10.845817043953348,396.30479698999994,35.66478404884641,301.72639809,43.531967477630786,285.64967474,430.771848
CON8-9,SAA,dayfac,8.8439859,-2.749436727392346,91.82372218,-3.9387058498137235,92.09074365999999,6.050205722286367,85.18925079,2.842563130952062,87.39739340000001,-2.7447561907578395,91.82372218,0.33362929151661674,90.05286119,9.19975186188392,85.15326930000003,-3.559925779619368,91.92133404,6.31360544118461,83.76735915,6.427070965818706,85.51911035,0.0,90.96452375000001,-0.8153047824284708,91.03770871000002,10.273560985663726,83.17595300000002,41.844725679628226,54.145064059999996,67.8402739538515,42.30875474,90.96452375000001
SCA3-0,Det,rho0,30.6009873125,8.192073899118899,101.96467834,9.95489552147761,99.59780884000001,12.868624619152143,100.09532814,18.407028037945423,95.90830874,7.6555811290541325,99.81098328,9.431164153390258,101.85087134999999,14.165812162306501,103.0750907,10.211751838554333,100.11295118,19.656246014464273,95.13981125999999,19.697979385252562,94.80362729000001,9.023326331932058,102.07286015,11.216928001201708,101.05617816000002,21.53824979793288,96.04905104000001,49.3889012277927,52.99495211999999,67.63665885069473,41.56273784000001,108.60826325
SCA3-0,SAA,rho0,0.072183625,-456.7606919159297,8.037801000000002,-276.90102152669675,5.441216399999999,-272.711805482199,5.380737839999999,0.0,1.4436725000000001,-252.09591372004382,5.083111880000001,-56.699485513508066,2.26222738,-75.6389347306955,2.535651,-201.256308477165,4.34915448,-58.50409978717473,2.2882801,-58.50409978717473,2.2882801,0.0,1.4436725000000001,0.0,1.4436725000000001,0.0,1.4436725000000001,49.84848156351251,0.72402368,72.39001227771534,0.3985978,1.4436725000000001
SCA3-0,Det,rho03,51.497075137500005,27.272505640369488,159.89660533999998,30.987888687642265,156.27571584,31.514818057466613,159.77613897,36.77315441204557,162.36178380000004,28.933414771065255,151.48771827,25.662523522382642,170.79122347999999,14.399281284812758,220.56387135,30.99764870796689,155.74014377999998,40.38302847972111,159.14036489999998,40.40658362041135,153.24948307,30.215034540222575,154.20334435999996,32.268943064494835,146.93226009999998,40.89692465983112,147.62625416,49.658534274460294,116.68823483999999,65.09776827711198,94.26553163999999,237.15906574999997
SCA3-0,SAA,rho03,4.8134286374999995,11.857058283852039,78.34518405,17.76950517841763,76.68830169,27.706842262289573,65.65565095,4.422724497076311,84.493155,12.508409562974428,79.05427402999999,5.736426678248419,90.74619665999998,29.20309073554847,63.5895252,18.664518322777354,77.06519179000001,48.63036841896049,47.390606350000006,48.63036841896049,47.390606350000006,0.3121070889668943,91.62004175,19.265563724689162,75.49753876,53.36206285451552,39.491427750000014,46.51579566499805,51.48848016,77.5962467460597,21.5677735,96.26857275
SCA3-0,Det,rho06,62.426376525,34.96362550252952,160.53352737,40.40371691587622,148.40179221,36.49119127293445,182.36755177000003,45.76756175421797,157.71768411000002,35.663997735130444,159.38803288999998,33.459414195913084,185.31552322000005,13.872867207071987,277.45687569999996,40.52116432285592,149.01678801,45.58591339047769,163.92329218999998,48.538144775014224,154.32910518,39.94932555393901,148.75807634,41.28366505491325,143.28943830999998,49.38222510024179,149.96605836,50.097827065896645,128.15169676,63.69125557059553,118.20162969999997,270.67616325
SCA3-0,SAA,rho06,12.416274287499999,26.035418758865756,142.98698043000002,31.458412818185735,132.45505088,38.16870086198955,121.38502829000001,44.36383984804105,78.80843415,27.797535058279852,139.93165617,7.960035338418732,185.48211513999996,39.970381010318825,119.23006385000001,31.862269009978146,131.75862447,61.44090796367242,75.86526309999999,61.212385088428235,76.56283674000001,23.70067855590614,140.05162387000001,34.09953056741377,129.09906180000002,62.41999689715697,72.76255205000001,46.873044608551616,108.54039515999999,76.72237272569191,48.0331718,204.61843125
SCA3-0,Det,rho09,69.35062339999999,39.36106230445218,155.24396033999994,46.399685908951746,149.37000671999996,40.465859022112255,198.17163291999998,52.450013745658694,163.40154732000002,42.54137343197984,153.34061286,37.93403598589712,195.19956115999997,12.029039435426306,308.402132,46.34152068703681,150.65933551999996,49.15021542185588,190.17405361999997,54.57319229736007,149.40442779,45.763565758372096,151.87686943999998,46.75654214883379,146.14813458999998,55.152481728808795,147.91230493,50.34834754780301,136.4228414,62.908393586264424,128.99495055999995,292.03430975
SCA3-0,SAA,rho09,19.7986248375,33.21386168722589,182.74109145999998,39.52527471341356,164.76534259,43.94084815437373,145.07188949,56.199697283647254,99.88051985,36.222498362192134,173.65261178,13.50044476542297,239.88724017000004,41.50279866628135,133.53086175,39.92234290701404,164.07292499,68.30913092955868,92.01196159999999,69.00100759333861,89.2723203,37.102036536834305,172.04615184999994,41.231066915002856,160.91128665,70.19527933413218,84.92295917,46.70222574239937,150.62140012,76.19779428279195,70.22962476000001,284.6637645
SCA3-0,Det,dayfac,30.4302475125,5.624191981340201,113.64261313000002,8.12221896481361,115.51019888,11.029221389413118,111.71823028999998,13.55469984036659,111.44115551999998,6.91703698806712,115.70681377999999,10.070858639060178,119.31106747,12.124262679705353,117.04029060000002,8.741989999940847,116.25268283,20.278682005347356,106.92836233,20.36640064775747,106.61762401000001,7.35265051354221,115.22114038999999,11.173397701097635,112.82450940999998,19.42131172962803,106.38963167,49.550753027250785,63.448468199999986,66.75702577889112,47.515265799999995,127.65048125
SCA3-0,SAA,dayfac,1.15638725,-5.786872304238887,24.466118069999997,-4.411982231730729,24.148137,-4.982548536400766,24.280096120000003,0.0,23.127745,4.5939398328717465,22.065270310000002,-1.505737416250479,23.47598811,1.5883057340869169,22.7604057,2.7316735375627985,22.495970509999996,23.208286627165773,17.76019165,24.77025775751159,17.398942950000002,0.0,23.127745,0.0,23.127745,16.902597075503895,19.21855545,48.66966355777445,11.87154932,74.20347638734343,5.9661542,23.127745
SCA3-1,Det,rho0,115.5242961875,13.614904099889122,214.82321919999995,13.928126180387853,207.89358085,13.307976451592088,213.91103155999997,13.230498465182437,212.93921644999998,13.341772177502971,209.44098793999999,4.908206991624603,234.73390708999995,1.3882636210975252,238.01100125000002,14.039334151559126,207.83789454,14.175173722696002,207.24005107999997,14.357231177656509,207.24005107999997,12.196131367147434,212.39454460999997,14.414303246628904,211.65012484,14.48805261781028,213.07072842999997,39.861209278661384,176.76745386000002,44.304755488774916,174.56682587000003,236.04494399999996
SCA3-1,SAA,rho0,0.0548016,0.0,1.0960320000000001,0.0,1.0960320000000001,0.0,1.0960320000000001,0.0,1.0960320000000001,0.0,1.0960320000000001,0.0,1.0960320000000001,0.0,1.0960320000000001,0.0,1.0960320000000001,0.0,1.0960320000000001,0.0,1.0960320000000001,0.0,1.0960320000000001,0.0,1.0960320000000001,77.23860252255409,0.2494722,40.39017838895215,0.6533427199999999,84.82573501503606,0.16631479999999998,1.0960320000000001
SCA3-1,Det,rho03,119.75810651249999,21.004998682802636,248.20525176999996,21.48815845240003,258.4900653799999,21.566280025314366,252.35629121999995,20.567825100782656,246.10428421999998,20.72934369449873,248.63951555999995,6.5178461402821615,330.964608,2.5272722391315225,307.48287355,22.27062079944974,250.04503871999998,23.677210889719888,242.00462160999996,23.695568316736907,242.00462160999996,21.456464055164357,250.07660223999994,22.296107392289954,247.76796401999994,23.25622547906014,236.29525578999994,41.14071183511691,216.65334170000003,45.14127007331845,201.93677947,333.47559425
SCA3-1,SAA,rho03,3.9885473375,5.321281923985693,69.86316534000001,9.70603976190116,68.82262598,37.00552424495325,47.62282771,10.572966403962111,64.35156975000001,9.547582547652285,69.90617064,10.213144248535569,71.30477761,42.415554883708324,43.22403765,11.799409137638204,68.76320996999999,40.97649392634292,44.6218672,40.97649392634292,44.6218672,0.0,79.77094675,14.742163468180236,65.1243097,53.990771458406954,32.857656799999994,44.27017292483118,44.456210680000005,79.95061015118264,15.993588099999997,79.77094675
SCA3-1,Det,rho06,120.55845382499999,25.312311188725538,256.62808370000005,27.19289616187976,253.26700318000002,26.028006655218896,251.79731594,26.274501288794198,273.84274595999995,26.408924461005114,258.795415,6.072258878358252,346.6080944999999,4.916546415404384,316.3218139,27.38890102425382,250.88266311000007,28.73443073995063,259.23243505000005,29.015253455204974,259.75610865999994,26.79418853727987,254.52472544000003,27.696702803164026,250.08800705000002,29.280777902345495,247.88826034000002,40.71522616385876,234.63625606000002,44.71943889456231,222.46743382,346.6080944999999
SCA3-1,SAA,rho06,12.4617491375,22.981362916237735,138.56090517999996,27.721608430588578,134.21348108,49.666049362005154,98.01411889,35.03738306977293,117.10895490000003,26.88837254729242,135.23373833,15.933173682858538,169.18807199,48.660167249334506,101.70470180000002,28.489344708573032,133.98509575999998,65.19252305884416,71.17302805,65.21272074515791,71.16285555,15.122616128814677,154.03971363000002,32.1394980536696,129.43661766,67.73475943757738,62.066023249999986,44.81137116374568,109.29714240000001,79.36846552091812,43.101715999999996,200.29224725
SCA3-1,Det,rho09,119.5704062125,34.27998028095268,249.95981796,34.6219785692024,261.82788467,34.610842600511006,246.42602756,34.71121884769603,254.69641355,34.386697557862504,250.04635876,6.400679756325785,351.69465099999996,6.115196752367971,343.3407209999999,34.62456110036359,261.82788467,34.97141695177129,299.54846333,36.70015675409864,262.80483311,34.661243244289786,251.10835655000002,35.08799406931679,247.98667368000005,37.0070450671214,252.08705639000004,40.930544779217854,245.18962302000003,44.87694533473148,241.42382832000004,351.69465099999996
SCA3-1,SAA,rho09,21.250539187500003,31.8690443275135,191.95249859000003,38.35939450795171,179.83642534999998,51.681359699146704,147.93180109000002,49.40229191302256,150.41492310000004,36.29362926488333,183.51178106,13.712802377805554,275.89364014999995,49.95774116049121,157.1970273,37.941553738282074,180.38884088000003,69.25845365682441,99.31555005,69.20987227774076,99.52202614999999,31.012496703502773,194.55384697000002,40.0451129894419,172.57909591000004,71.86530366478026,88.23897560000002,45.80872481215014,162.39230995999998,77.77780795897276,73.32850486000001,306.488131
SCA3-1,Det,dayfac,113.07812181249997,13.014570722975309,216.13774579999995,12.889308553574535,212.85980497999992,12.693204931631014,213.60429579999993,11.593832518936251,220.66121459999994,13.257922612438302,216.34668929999995,4.968298879526449,240.96119335999995,1.8078910798410497,244.121953,13.180426096670825,220.39515863999998,14.066772075393292,220.27776778999993,13.955289741782359,220.27776778999993,10.489942574982464,227.05320685999996,13.901755819366858,218.40990489999993,14.409879322207432,216.90730466999995,40.78636934028178,176.23718846000003,45.86170216683531,174.27453513,242.69697649999998
SCA3-1,SAA,dayfac,0.793496925,-5.319313871317164,16.714110339999998,-1.5028806822408318,16.108444739999996,15.707627978520517,13.377147599999999,0.0,15.869938499999998,-0.054069522701677974,15.878519299999999,1.1475612208579191,15.687821239999996,12.549175915205964,13.878391999999998,2.7354137509732457,15.43583002,12.81682503054436,13.835916249999999,12.81682503054436,13.835916249999999,0.0,15.869938499999998,0.0,15.869938499999998,18.13198204895374,12.992404099999998,46.72533028404616,8.45465732,76.89556780576055,3.666659179999999,15.869938499999998
SCA3-2,Det,rho0,53.7884878125,17.219737194113012,135.09193441999997,18.713970886463095,132.47384974000002,32.92942982565838,122.43584544,35.9340297637225,121.03857534999999,17.88143650929117,133.09467972,17.429188314755617,135.17384859,30.0476412421917,137.08821595,18.652837024297973,132.47384974000002,38.44674974799006,121.32181289999998,38.167698596704255,120.48761672,18.139010839104916,132.50918267,19.85106016871257,130.18145502000002,38.45618432164397,119.42907782,48.43607952191862,77.673977,71.54306454318485,53.067515560000004,156.838202
SCA3-2,SAA,rho0,0.0940099875,-17.575434737718684,2.21065303,-35.150869475437396,2.54110631,0.0,1.8801997499999998,0.0,1.8801997499999998,0.0,1.8801997499999998,0.0,1.8801997499999998,0.0,1.8801997499999998,0.0,1.8801997499999998,-6.211377275207045,1.9969860499999998,-6.211377275207045,1.9969860499999998,0.0,1.8801997499999998,0.0,1.8801997499999998,0.0,1.8801997499999998,45.829668363693806,1.01851044,78.91050671610822,0.39652460000000006,1.8801997499999998
SCA3-2,Det,rho03,68.26190414999999,29.616268999141294,155.97824488,32.84332766228583,151.23685381999996,35.836758556785725,148.33082134000003,39.80889067390599,156.14391667,30.532107897549757,148.59607665,30.3362881124669,160.97381421,22.11077503688416,213.5155281,32.929208162148804,151.71097152999997,38.56660211038077,178.19198834,42.10598288225454,149.11408283000003,32.29586067809681,151.97251139,33.687777698770795,144.71040987000003,43.12189002128796,142.23713184,49.653044707807204,119.86672539999998,65.73566787617952,95.02215642000002,242.48676325000005
SCA3-2,SAA,rho03,5.0783745625,16.948659958163528,74.14777124999999,21.057686634550993,71.99838170000001,42.89232810995516,48.33525955,-1.2470669349135974,67.34668675,20.733731177986527,70.63985192999999,18.217004449245955,77.38779929,42.964116286568206,48.790318899999995,21.083232416651818,72.96379533,54.48697966141798,40.521912150000006,54.48697966141798,40.521912150000006,0.0,97.063269,20.83790992523899,70.43726019,55.537070922779144,37.6963027,44.95990920716967,53.37430756,78.87754237505597,20.696004600000002,97.063269
SCA3-2,Det,rho06,76.18639392499999,37.77334834856471,168.47557679999997,40.56744233219068,163.81828480000001,43.87283054295052,148.15657539999998,48.33213249303951,152.19892568,36.80902310274293,169.24796036,38.30597644669923,181.44723552000002,19.438759999691108,254.39046259999998,41.01691196496671,163.10049845,46.334253453117476,154.08031506999998,49.868859014907095,148.71450915,40.73102686491274,163.77679493,41.60689704477307,160.15089410000004,50.866538099506194,141.54478445,50.033180208693004,144.223261,64.1210369886922,115.31233212,293.651738
SCA3-2,SAA,rho06,15.410245149999998,28.08279169718465,166.93318085,29.515396966283816,163.30665635000003,53.60135816852984,99.99864675,44.68333894415689,114.00529235,30.521204002390586,162.86694999,26.49704481502033,171.21654525999998,51.55416289727226,101.56615165000001,29.613016046016625,163.64043347000003,63.91779299500631,84.97912620000001,64.14980565705017,84.255033,20.226438824693187,177.03431622000005,32.93904193016682,156.48335485,65.5798056204187,81.8918102,45.123765263396855,132.18022155999998,77.62372444801761,55.81030496,241.75027900000003
SCA3-2,Det,rho09,81.47118458749999,41.976488968035774,179.22560128,46.43357504869789,166.48431946,45.94221053125914,161.19801639999994,54.57521973029209,157.18743656,43.7683044551816,171.69229989999997,42.96499710140537,195.19436276,18.655181438630873,290.07878875,46.458778641973176,167.42248245,52.128233310990815,169.06575484999996,55.87202283662879,156.75282201,45.848812947333904,169.631894,47.05122558495535,160.80228058,56.728774435410735,145.36762346,50.17381196120687,156.83394112000002,63.567814345301635,129.66098168,320.92915899999997
SCA3-2,SAA,rho09,24.025475699999998,31.618060059888847,209.31166376000004,40.48693280399855,182.14017227000005,54.45204417950401,127.82047325000002,55.62893756771692,123.82986695,38.45143591267165,189.19692369,34.56937362950944,196.62043617999996,52.411858300895155,144.4776717,40.825735483772334,182.24145721000002,67.42140774761017,111.91705525000002,68.45862847993473,106.94947505000002,38.035488358717494,190.4808849,41.216513881554484,181.55645430999996,70.29660326975335,100.87490436999998,45.43299078153111,174.49290884,76.2558934597911,82.12845553999999,322.65167975
SCA3-2,Det,dayfac,49.909972075,16.486924502051036,140.80827956000002,19.09678250205673,138.4550729,28.589820570441585,138.53778436000002,31.927636404112327,139.17414668,17.069798412625122,142.50289346000002,18.30542908393323,140.32062421000003,26.332173323501085,151.6129499,18.67828963015905,139.24745828,33.78742340841111,140.44680358,33.68176508141233,139.57849568,18.38369216919663,140.64154070000004,19.330390203389026,136.09197129000003,34.26922040909597,134.17728716,48.823593454194494,79.95877983999999,69.71997899880611,62.727664999999995,164.07915400000002
SCA3-2,SAA,dayfac,0.7320893749999999,-1.3870291451778054,14.844873360000001,4.029780038810134,14.05175567,15.938451162469052,12.308113350000001,0.0,14.6417875,-2.969739179727888,15.076610400000002,1.300266856078886,14.451405190000003,19.400778081228104,11.801166799999999,7.729383587898666,13.510067580000003,8.411178962951059,13.41024055,8.411178962951059,13.41024055,0.0,14.6417875,0.0,14.6417875,25.591327903099266,10.894759650000001,45.32627331191631,8.005210879999998,77.50486270887347,3.2936902,14.6417875
SCA3-3,Det,rho0,87.2363489,14.70759436609112,213.05781342999998,14.358158947433898,211.18597867999998,17.829956851277615,209.59261274000005,19.140901888432886,218.42704916,15.223193129303457,210.41673871999996,2.0063208668972616,246.56318713000002,14.40737471934706,230.3365582,14.251348194032449,211.43523560999998,21.074558127798955,208.88170802000002,21.525710863399045,209.04282526,13.124999330411004,209.44594089000003,15.772365278345587,206.28756799999996,23.309975271672563,206.1395215,50.92548720823414,127.64437194,65.26538617092444,105.53575416,253.7036935
SCA3-3,SAA,rho0,0.128110475,0.0,2.5622095000000003,0.0,2.5622095000000003,0.0,2.5622095000000003,0.0,2.5622095000000003,0.0,2.5622095000000003,0.0,2.5622095000000003,0.0,2.5622095000000003,0.0,2.5622095000000003,0.0,2.5622095000000003,0.0,2.5622095000000003,0.0,2.5622095000000003,0.0,2.5622095000000003,0.0,2.5622095000000003,45.85647738797316,1.38727048,81.47400905351417,0.4746747,2.5622095000000003
SCA3-3,Det,rho03,111.30853590000001,28.03839347463739,245.0350968,28.632000597089895,233.51921141,28.45753792769097,248.27442838,30.236769402156884,232.54764402,28.347594807416755,241.21287857,5.801142145828924,319.45175325,9.528256617289674,345.1915842,29.255251052134277,229.48573027999998,31.02207859244694,259.54500636000006,32.465923669561086,235.22970101999996,28.124079565312133,235.15601084,29.302505913205547,233.20779027000003,32.629256732501865,240.95559110000002,51.59634049233775,164.0702804,61.41820464552531,160.28263898,327.61188150000004
SCA3-3,SAA,rho03,2.7620031500000004,7.23794857004419,51.24181565,14.878524848894545,47.0211565,45.67184117802328,30.01090916,-15.72062797973274,46.1933976,14.283843756659016,47.34965871,16.556575813463496,46.094200089999994,47.089030836188584,28.7763177,14.785899501961126,47.072322799999995,54.735169744466084,25.00432075,54.735169744466084,25.00432075,-10.724210325393718,61.16412353999999,12.446062995981746,48.364849959999994,54.50450617697522,24.69794945,43.41438531668584,31.257929200000007,83.13827248893615,9.3144289,55.240063
SCA3-3,Det,rho06,116.92409950000001,36.609863533736274,225.66610038999997,38.00472449993084,219.53263637999993,36.789785232000014,225.16202355999997,39.30607426444195,226.48060589999997,37.19769665277603,219.28873444999996,12.719793099625303,301.03227751,7.516664487974108,355.5799110500001,38.21369987972412,218.83381915999996,38.8824903522135,220.34377817999996,41.26770924158369,221.00174147999994,37.53176756943936,213.80581312999996,37.92146728057548,217.35221533999996,40.98527718188671,223.73356159,52.15846815223922,166.1602533,60.002250153741834,165.57924522000002,335.48850000000004
SCA3-3,SAA,rho06,9.8125951375,21.21830548213628,128.06301658,26.23206247104781,121.20811953,56.8571765860242,65.89103015,42.88624549399432,68.64207245,22.560277510481374,125.75134018,25.269559925324103,125.7402774,57.013079940698816,66.15499255,26.36101040299341,121.31995915000002,66.35018711939597,56.767962250000004,66.37530636629714,56.718665249999994,19.008009709602675,127.92248256,28.914375929534778,118.72280135000001,67.6464626532137,53.31441545,43.82055506465657,96.20575387999997,82.15580449958212,31.390891999999997,171.71754650000003
SCA3-3,Det,rho09,119.633508225,45.33478861875114,207.79227712999997,46.82331516112321,208.58004627999998,45.76959950427802,198.83933071999996,49.733834294233745,203.98796354999996,45.53683158278878,207.13901330999997,22.157436137077713,269.72010421,7.67850881938809,366.31098979999996,47.00176825688838,207.80281911999998,48.24368071982953,208.09050735,50.69308299096317,207.33068053999995,46.73562066310457,200.71692218,47.456866695509795,195.14802304999998,51.24793090217848,203.72195273999998,52.362845218234014,171.27976451999996,59.114767848312,171.27976451999996,337.58806274999995
SCA3-3,SAA,rho09,17.6269238125,26.964552312465493,181.55486542000006,36.88368184747891,161.67828450000002,60.387614414328766,91.15193935,59.78081535717195,91.56497010000001,36.61824378524129,164.47554607,30.011941336289812,184.16392241999992,59.330371233486034,98.03346745000003,36.74650132603788,162.11749447000003,72.27055002907643,78.83908860000001,72.03576368495749,79.74226610000001,31.8285799137648,172.95777336999996,38.769182111366774,156.71814867,75.73687090559098,64.79806049999998,44.197765153868076,146.43599472000002,80.95625433168587,53.8150469,264.66463099999993
SCA3-3,Det,dayfac,85.14445242500001,13.96305457008171,223.91046570999995,14.489523585658345,224.80874829,17.17974192491849,228.34411322999998,16.778623198715128,231.76786497000003,14.807495746250323,227.02654632999997,2.4662989416130645,259.64598528,14.62225096634064,253.7873559,14.78060276103774,225.1181293,22.35156483772525,227.09830631999998,22.360725574306265,224.80538781999996,13.38873530667375,227.44647464,16.133838899369735,226.99470115999998,22.563093380537417,226.90857054,50.19535436867895,143.9427937,63.862454691216485,122.61841694,269.16131375000003
SCA3-3,SAA,dayfac,0.2272854125,-125.4633429235147,10.24890578,-129.6524995857356,10.43933262,-98.85834732134427,9.0395203,0.0,4.545708250000001,-117.2268354441797,9.87449818,-13.17877450670091,5.14477689,-27.567520418847835,5.7988473,-100.3079256131319,9.1054139,-45.55222280268426,6.6163794,-45.55222280268426,6.6163794,0.0,4.545708250000001,0.0,4.545708250000001,-14.995903003673869,5.22737825,45.894896356359865,2.45946016,80.20137786009474,0.8999876,4.545708250000001
SCA3-4,Det,rho0,86.7415849875,8.4749004736994,207.96785748,10.003989252387418,205.35176009999995,10.893540176677313,214.01693759999998,10.856531188422583,206.56154603000002,9.055883126451965,208.46214709,4.570566070554648,216.37430537,7.5778752526222,223.28817805,10.314319098837414,205.07821611999995,13.839041620267711,204.14680462999996,13.745638980678304,204.66098964999998,9.258756646719512,200.18926997999995,11.078685277522709,203.23677146999995,14.368550828643576,200.97580381999995,40.22249652750502,165.68985028000003,49.24196450832119,153.5981122,231.99950024999998
SCA3-4,SAA,rho0,0.0964418,0.0,1.928836,0.0,1.928836,0.0,1.928836,0.0,1.928836,0.0,1.928836,0.0,1.928836,0.0,1.928836,0.0,1.928836,0.0,1.928836,0.0,1.928836,0.0,1.928836,0.0,1.928836,24.210793452631528,1.4618494999999998,46.55306101711084,1.0309038,79.99796768621074,0.38580640000000005,1.928836
SCA3-4,Det,rho03,103.35543183750002,18.912181605251583,246.8316769,21.512900095525207,242.56132214999997,21.559895321258825,240.12121893000003,22.506163009480254,251.62624269,20.270539580289924,246.79440499999998,15.196188305994232,267.46401383,8.462562150339307,309.6397995,21.849031241536192,242.07257415999996,24.643528216829225,243.52712796999995,25.293371264803703,243.81409697999996,21.160069771064514,235.85654419000002,22.929573250451494,231.77222290999998,26.156221754270145,234.36935182000002,42.410209472992776,208.98718463999995,50.23980355540451,194.72126266999996,315.33606025000006
SCA3-4,SAA,rho03,3.7031062875,8.353983533884728,66.92502128,15.516586411240013,62.57021201,41.329618425109814,41.85852808,-3.516794412291095,46.533984450000005,13.783027892633768,63.8541223,14.03561254113746,63.66705273999999,44.91757799701017,39.04982205,16.769961237576265,61.641935969999984,49.2165710623017,34.968893699999995,49.31119148980139,34.8988158,-12.925138933107116,74.47159964,16.900869834943943,61.54498227999999,53.41153308713935,32.42303295,45.00672133354207,40.7291912,80.34235454010042,14.558870100000002,74.06212575
SCA3-4,Det,rho06,107.40758216249999,28.176213119864904,230.17101225,30.24588851637161,226.97832926000004,29.9750833728763,226.226665,31.743671240933924,235.3639218,28.801654163667248,233.47044873000002,18.70359246063899,269.8552989,7.301138364362067,338.91567345000004,30.406055530688857,227.14297713,31.592042136897692,255.35098736,33.82662541600809,233.25334922,30.426709317463814,226.86124934000006,31.04168005947408,227.70021779,34.2380706856087,230.69918586,43.73248518473743,215.70538271999993,50.33131261321162,213.06487275999993,328.64956450000005
SCA3-4,SAA,rho06,11.213693899999999,24.235294678410995,136.76304463999998,29.30423218971582,131.23031075,49.407899795624,91.27606984999998,44.21295918822966,76.42688665,27.16117120871294,133.82644448000002,23.585308700106392,146.18527289,48.65483253025125,94.96418135,29.76719647662221,130.83436948999997,63.76623462586221,66.14804554999999,63.76242651406776,66.15658615,20.683193929522183,138.86426554,31.667539279808594,127.74704602,66.62291593316988,61.1998014,45.525432863830886,105.21270927999998,79.21800968724499,41.3568898,194.37724699999998
SCA3-4,Det,rho09,110.224698975,34.95515679542821,221.3016058399999,38.54110931673787,225.9670728,34.512840941510035,221.31244219999994,40.22122789879908,224.88981769999992,36.50747335914873,223.6695543599999,21.872997086586057,283.00655666999995,7.459081012654668,353.27768100000003,38.519370035775594,225.9670728,38.519370035775594,225.9670728,41.48339599808827,231.56126267,38.48538642198636,223.24589354999998,38.87600286957371,222.83450671999995,42.03873074401381,231.45668416,43.93053804754108,217.89351648,49.61778965293836,217.81648909999996,334.2646995
SCA3-4,SAA,rho09,19.582579449999997,29.76120580223153,181.52818731000002,40.3095814913188,162.32559416,54.32627173127593,128.52869868,53.27285943936256,111.0019708,36.098527124831854,168.67403196999996,26.49910453701746,211.53046427000004,50.20137140309163,134.1725606,40.577186119880636,161.10330673,67.58933729233509,98.35326749999999,69.16958445430947,92.16459258,33.9633435267385,172.13669400999996,41.3993638999381,158.88305996,70.35392314979221,87.65346525999999,45.95127435063208,152.41875279999996,77.9120315939788,67.09748814000001,285.88921150000004
SCA3-4,Det,dayfac,84.50091851250001,7.561639453131868,226.48802238,8.475766679909555,223.39553760999996,9.179147060221151,225.74938701,6.572823585554771,232.43565987000002,7.905182570307639,224.67999122999998,5.222087392277577,238.19589819,6.523856579954835,238.04365374999998,9.528669406485713,222.93247297999997,12.927079335692802,227.73958673,13.26686156416352,224.19789475,7.36453005132654,225.03316062000002,9.502108014142145,221.18646372,12.584719860088777,222.73789269999995,39.47477535118823,174.27738766000002,48.16849353948613,164.66378598,245.7558125
SCA3-4,SAA,dayfac,0.6644543375,-10.456424479281827,14.678650069999998,-15.670340025434774,15.371531829999997,-10.456424479281827,14.678650069999998,0.0,13.28908675,-11.741330832985916,14.849402389999998,0.0,13.28908675,10.02765220115673,11.956503349999998,-10.456424479281827,14.678650069999998,18.691936073033773,10.80509915,18.691936073033773,10.80509915,0.0,13.28908675,-4.89764610799911,13.939939189999997,18.329259909451647,10.8532955,45.583178016352406,7.23149868,80.27328627379154,2.6215000999999996,13.28908675
SCA3-5,Det,rho0,143.03450883750003,15.9166195500867,244.13118319,17.790893681055824,241.17459956000002,17.162327505447518,248.48064638000002,18.00346602668846,243.17273955000002,16.502959378017884,241.64607085,10.891063378766868,248.83084436000001,7.034405703403313,291.78523165,18.022966244311935,240.71755508,19.49676579949127,246.08730845000005,19.381511644155022,244.39820155,17.275678677355405,240.41610459000003,18.74808203869576,241.31047688,20.184483735180155,245.1303055,45.7393491771461,203.82911171000003,53.755150412235224,188.58613936999996,295.93879849999996
SCA3-5,SAA,rho0,0.0,0.0,0.0,0.0,0.0,0.0,0.0,0.0,0.0,0.0,0.0,0.0,0.0,0.0,0.0,0.0,0.0,0.0,0.0,0.0,0.0,0.0,0.0,0.0,0.0,0.0,0.0,0.0,0.0,0.0,0.0,0.0
SCA3-5,Det,rho03,141.82226547500002,26.38929931992755,247.39621717999998,27.54900474346693,250.9865331,26.530953041102524,247.76444224,26.846729482481507,258.16199897,26.275935874165686,247.55233781000004,19.521420131932924,273.96359228,2.5919208825838322,342.29016824999997,27.782521667901054,250.19011122000003,28.224555026274174,262.79416397,28.607297927173388,255.38082076000003,26.378304269222518,248.16405896000003,28.202109569706842,249.18844769,28.678612460304873,251.41346643,46.68715305860897,229.75372940999995,51.754339636774866,229.20924850999995,334.40498675
SCA3-5,SAA,rho03,3.9089371,0.6521412815775532,75.19289967,10.667979244281012,67.79137335,22.373920496188077,57.25592011999999,11.783099873876198,61.394423749999994,10.527814453704059,69.9482291,12.38346261698608,68.49750671,35.05300769613305,46.57879495,13.049440204601902,67.97685381000001,44.806370637173984,40.534942900000004,47.38500416136142,38.75514285,3.4993413171063983,75.44300098,14.930028805017107,66.50663329999999,48.140128808928644,37.456485199999996,44.35496160836152,43.502591,79.21774553496908,16.247305100000002,78.178742
SCA3-5,Det,rho06,138.253220975,31.6285191224638,247.89166515999995,33.8334310807546,248.16034327,32.0763469055228,247.63763215,34.20602906101661,249.93127387,31.837287731950433,246.85167922999995,24.441101283354747,262.05425204000005,1.9090962357956536,351.14092750000003,34.33565478455211,247.98564778,34.72365254888413,248.49988773,35.2533017616373,248.41650408,33.41022106627993,246.71264863,34.22816344984616,247.70146214,34.98869717056876,249.90457254000003,46.53494009020863,234.47794359,50.793853038836936,234.47794359,342.379118
SCA3-5,SAA,rho06,12.153863225,27.245771202102688,144.76442212999999,29.599172649073484,139.42808873,48.93095582371917,97.50267545000003,35.43454762302543,109.12710745000003,29.467973801391864,141.25505845,20.633982076921043,163.13404824999998,47.892883622606334,96.94729970000002,29.611502457071637,139.75468712999998,62.093050314872215,78.65922385,62.617185919500095,77.38516936,24.304209931570963,146.08421285999998,31.257407152531112,137.59307248999997,63.23004184128458,74.93935975000001,45.258619824562,114.77338136,78.03960402063846,47.307539619999986,211.19536375000004
SCA3-5,Det,rho09,133.15174447500002,38.65409595640974,240.52615585999985,41.27002200359269,242.8750619199999,39.14557534639466,240.52615585999985,42.181191810855545,241.08906729999995,39.35749245428728,239.92079630999987,30.0510494115327,245.0983913500001,1.277434517817645,358.98392524999997,41.471078511756026,242.8750619199999,42.44137547564039,242.8750619199999,43.25574203409249,242.8750619199999,41.20734818784281,241.52970376999997,41.7464562440912,239.4016180699999,43.04583498285406,240.50771217999997,46.6080361291489,237.54835287000003,50.300958133579115,237.54835287000003,345.0497132500001
SCA3-5,SAA,rho09,20.874909887500003,31.43040656395266,200.85502828999995,40.98644039475978,173.69357258000002,53.642632829784475,133.62402325,53.0989102575114,121.50509695000001,36.269215109444154,185.7613632,21.937893299564553,243.83020117000004,51.34983307841118,146.93903355,41.07957636327307,174.70796538,69.58403234208932,97.76067560000001,70.74634298825546,92.9080496,36.83933338608047,188.59103237,41.75626994547907,173.01456983000003,71.64586428205726,89.28634381,45.911803448018595,166.72638708,76.95527769017778,75.89477192,313.10208725
SCA3-5,Det,dayfac,140.37595316250002,15.723740060342765,258.89490628,17.50688131645407,247.69781693000002,16.770058246905485,259.66411281000006,17.827754947836326,253.09921183000003,16.490411807714036,254.87424784000004,10.829911230523523,260.0565309400001,6.419994888346373,298.9876053,17.575821073100254,247.77684370000003,19.187993020299942,254.65919018000005,19.276981720063503,252.34200691,16.603474736174622,243.21874103,17.901647351530247,249.02328058,19.1886571942407,260.23315561000004,45.33869119437048,202.71374925,53.040504320073396,191.52096041000001,298.6127055
SCA3-5,SAA,dayfac,0.4399372625,-5.952992445144383,9.32253389,-5.704810694456704,9.30069701,-5.952992445144383,9.32253389,0.0,8.798745250000001,0.0,8.798745250000001,0.0,8.798745250000001,4.819432634442955,8.374695650000001,-5.704810694456704,9.30069701,12.986142541176525,7.656127650000001,12.986142541176525,7.656127650000001,0.0,8.798745250000001,0.0,8.798745250000001,17.171168809552707,7.287897850000002,45.14703332273429,4.826372800000001,79.01945393861699,1.8460248000000001,8.798745250000001
SCA3-6,Det,rho0,41.169360537500005,11.096445479979792,148.88285092,11.055597051001456,151.41123156,23.03988736079601,133.91401125000002,30.949238502002068,131.10642754999998,11.174631674955249,153.87080821,1.8916705757201013,163.54864880000002,23.00158407579445,133.60883575,10.866829819775651,151.45851004,31.97189165231397,129.05049755,30.85576470498999,130.5140921,9.4726837145011,149.07216321,12.708189173194544,151.87127144,32.029145984643286,124.51234110000001,50.41242855374288,87.20298869,71.99751627912931,52.15173387,174.76572025000002
SCA3-6,SAA,rho0,0.0,0.0,0.0,0.0,0.0,0.0,0.0,0.0,0.0,0.0,0.0,0.0,0.0,0.0,0.0,0.0,0.0,0.0,0.0,0.0,0.0,0.0,0.0,0.0,0.0,0.0,0.0,0.0,0.0,0.0,0.0,0.0
SCA3-6,Det,rho03,59.2044378375,25.50851575003776,152.56075420999997,28.55164122560613,152.64693856999997,31.85092928803372,160.71925933,34.24188672163912,155.82315207,26.092325184980265,157.94079874000002,11.333682881876593,203.31307824999996,18.809338956253896,222.42809724999998,29.134484595299327,150.30370008999998,33.15833009914271,167.625361,38.77673451357177,152.98151465,27.60568679641759,155.63661009999998,29.538860000665235,151.36513386999997,38.811831481398784,157.14208034,51.17213777564229,108.23123360000001,66.7226848026568,94.54640582,226.53084250000003
SCA3-6,SAA,rho03,1.7936844625000001,11.608243275397168,31.70938413,13.843228293003065,30.90761255,44.526439053100745,19.90041287,7.949781189566411,25.09751105,18.3902773534785,29.276418299999996,22.962896825561376,27.636051,42.58057512164016,20.59846605,17.551309111593536,29.577387160000004,46.16511291767964,19.312560100000002,47.76757146604319,18.7376991,0.0,35.87368925,20.632046981340245,28.47221283,57.58680548864932,15.215177599999997,44.65420006948408,19.85458028,79.69384985961543,7.284565199999999,35.87368925
SCA3-6,Det,rho06,69.00896176250001,36.66228133321717,156.00147303,38.571839461384904,155.37556879,40.710380142635906,163.19169614999998,42.95035451048677,163.34655623000003,36.82934426106815,160.14571866,15.851053751752213,226.88581604999996,19.39568851371039,253.2289995,38.490929714195616,156.38635216999998,39.90748435004758,154.78268737999997,45.391878361836135,164.14288369,37.32071207452257,156.08169016,39.2720801636912,153.93855105999998,46.77842268312739,158.35127640000002,51.24243110365981,131.62432707999997,64.93582563482491,112.24463907999998,274.4777475
SCA3-6,SAA,rho06,6.3020533625,16.61101799342308,89.86464741,26.066942233068083,78.16251953999999,41.879193648290844,58.81157092,20.07964796886468,57.68309895,23.31282812903983,86.65107327000001,15.133669260484629,89.7119728,53.727361627049376,48.409345349999995,27.13250137129412,77.49217207000001,62.80048370504416,37.45783475,63.06798166214353,37.120677470000004,19.235394581284783,87.68525286999999,29.556584090254123,78.76477410000001,64.04193800572567,38.67187920000001,45.21075796428564,62.43532732,79.33676422436038,23.798112899999996,114.27184525000001
SCA3-6,Det,rho09,74.86039643750001,44.31237115902164,156.77803580999998,47.243740365477954,148.65402065,48.32343272013279,145.41030015,51.17894030655695,161.40194133,45.77327184689477,156.84414782,20.183794229723162,242.04076399999997,21.376413229203603,275.80584660000005,47.142375461455096,149.18565173000002,49.31824471678279,139.32693127000002,55.880448040941495,147.60130840000002,46.58765434286377,155.05209685000003,47.60082784994402,146.95262414,56.045058165071524,141.86606974,51.32584314000883,140.938506,63.68405520975639,121.27966219999999,297.16046100000005
SCA3-6,SAA,rho09,12.980554349999998,29.624627676244028,138.39053951000002,38.64703762054662,123.2711351,52.30844121075614,97.32267318000002,46.25259631149728,91.19521795,35.85595903305932,128.73777804,20.152195942232623,173.01284834,51.22442332364641,97.66548870000001,38.870189353661914,122.94764146,68.9141296958554,68.0606631,69.73506540573902,65.92942298,29.325454686763802,138.83820044000004,39.4709234394138,122.17713136999998,72.15639774275125,58.788037779999996,45.65837040696185,110.27238808,78.10395983589098,45.82219028,204.53519099999997
SCA3-6,Det,dayfac,40.560669537500004,12.106995195086407,152.42214621000002,13.692452597128186,152.02530679,20.784409974312304,149.25641716,26.344708604035095,142.40587014999997,12.717568472904311,154.58030105,6.516482218214684,170.2339978,19.397003790152247,153.35190950000003,13.762908153769287,152.09990687,28.627280324514306,144.0677457,28.58990120411791,144.08474521,11.297241398501905,151.37553986,13.702122358610746,152.64206968,29.351277615112526,139.61834816,50.68180984905666,89.88840446000002,70.55230049406084,59.56161868000001,182.34391925
SCA3-6,SAA,dayfac,0.261735725,-13.56481638110349,5.9447939100000005,-11.196274409998882,5.8208075,29.613253024591884,3.6845452499999998,0.0,5.2347145,4.733307231941676,4.98693938,11.532488925613803,4.631021629999999,25.667870711955718,3.8910747499999996,3.309979942554647,5.0614465,17.820765583299718,4.3018483,17.820765583299718,4.3018483,0.0,5.2347145,0.0,5.2347145,14.01965283875558,4.5008257,46.53064345725061,2.7989681600000007,76.87685928239257,1.2104304000000001,5.2347145
SCA3-7,Det,rho0,142.9496737625,14.704130685476263,244.63573510999998,14.807588558521665,236.40410131999997,16.591365049146248,240.25648019999994,16.39079693279198,235.10602459,14.778148628795126,245.04943947000004,13.2539291212221,232.86501832999994,6.584040629317628,260.4328283,15.093752316530395,236.58210447999997,17.96398168117855,235.59329489,17.870104901702327,235.46155267999998,13.451005055070025,240.68472898,15.075578022167777,241.50527311999997,18.388289622592755,237.78120238000002,38.271169811757694,196.13988935999998,44.13807531021577,178.64703179999998,287.6536275
SCA3-7,SAA,rho0,0.154928575,-251.1545174929802,10.8807738,-14.945909752284221,3.5616811999999998,21.121862122594237,2.4440955000000004,0.0,3.0985715,-14.945909752284221,3.5616811999999998,0.0,3.0985715,21.121862122594237,2.4440955000000004,-14.945909752284221,3.5616811999999998,14.743400305592449,2.6417367,14.743400305592449,2.6417367,0.0,3.0985715,0.0,3.0985715,-8.784953001729995,3.3707795500000004,46.043084692413906,1.6718936000000002,79.51042601405196,0.6348841000000001,3.0985715
SCA3-7,Det,rho03,139.563771,20.33267775452986,248.91867204000002,21.25440418595453,252.0029363,22.097722304666025,263.17177510999994,23.472594547119243,244.41853354999995,20.606135850614123,255.20367878000002,20.28354871157788,257.11366968,7.388997197202412,318.68787784999995,21.33789686329126,251.61252943,24.308838202358412,252.67042413999997,24.629294964020424,252.60181394999992,20.132691004028555,258.04736125,21.431955497247205,252.99644145999994,24.500015722561688,254.06946062999995,38.9064316451438,212.4623102,44.68864444878034,208.55034033999996,313.7712224999999
SCA3-7,SAA,rho03,4.978432475,8.996372558010847,81.66557368000001,14.399190861778237,79.27145878000002,38.19365362588351,52.894961190000004,-0.7648551063254007,74.0735727,11.567210691152328,79.89409631000001,11.302390116278511,87.36130126,45.80670876730129,44.5308388,15.60744900933903,79.01592634000002,53.157978204776185,43.517477500000005,53.157978204776185,43.517477500000005,-6.174277406464173,94.94857052999998,19.46669508658948,76.08906418,54.63704466534921,39.756294100000005,44.90919156235016,54.85317396000001,79.97691540448182,19.93671492,99.56864949999999
SCA3-7,Det,rho06,137.18903941250002,26.328247970594788,253.24722789999996,27.161200278515,256.13242463,27.508452429299147,240.49353830999996,29.020593013112414,246.09204137,26.852006203451488,243.68911829,26.17859694972664,248.45352581999998,7.011453226287092,323.9019386499999,27.28579376406748,255.88082996,29.21158941568372,272.70875703999997,30.389704547855665,258.37969660999994,26.719713103159204,243.23088806000004,27.63962046813855,242.33221051,30.578955579943834,246.39796049999998,39.2642763964072,213.86645516000007,44.559429424746085,213.78378904000004,316.66179475
SCA3-7,SAA,rho06,13.108309887499999,23.860986872782306,154.93181861000002,28.62304267827753,151.32991717000002,49.11224782409997,105.76163172000001,40.651307668438726,101.8174888,23.973021373233074,153.19392796,15.661697099926752,187.19443381000002,49.26750941140351,107.47945220000001,29.07225788989038,151.10723212000002,60.643926091345236,84.52208995000001,60.43784027454775,85.05353450000001,20.600221685139044,157.19021279,30.844632330179948,145.14473562999999,65.95723040729035,71.84315405000001,45.4659050682288,122.68542912,78.86118810295785,49.3002934,226.16702599999996
SCA3-7,Det,rho09,135.197783225,31.258755366327122,223.15037536999992,33.8200770166511,220.38347835000002,31.0015095563709,224.99724481999993,35.83095514138745,232.75821634,32.611360149392695,222.45543375999998,31.996455988119234,230.24715238000002,6.534232231306606,331.69039404999995,33.8728917968174,220.38347835000002,34.03316298050936,220.38347835000002,36.764119635216744,222.00943150999998,33.54915546988992,221.1765738,34.22887637956683,218.44956339999996,37.34450985669998,222.28387482999997,38.81600441492741,213.97776248000005,43.448695151118294,213.97776248000005,318.10832925
SCA3-7,SAA,rho09,22.784438124999998,31.5987506472688,209.64966271,39.04519684968092,187.84444537,52.733025241104116,140.28752015,56.748574615113526,121.8102721,36.30263114289546,197.61661300999995,18.964696097810833,256.0131877,52.46735789320676,147.18513739999997,38.88906234987526,188.25157862000003,68.28017614325084,109.2178074,69.18237925167179,105.10656922,36.61996062279459,197.42747558000002,40.60637292981303,185.14615598,70.4758402463348,101.13082207000001,45.77442955486531,175.59580924000002,77.46755459215433,80.09498304,328.3089505
SCA3-7,Det,dayfac,138.9290335,13.314616274574464,240.91671829999996,13.297025186603614,240.81797501999998,14.93464044108535,236.43213229999995,14.456380581888949,239.93686836,13.453460435251637,240.86073471,12.248906858262997,244.97959503999994,6.142359519833562,273.05877664999997,13.38464019473653,236.45695261999992,16.24539324172293,237.48037833999996,16.489530618522583,238.07771960999997,12.643932717634573,240.81210360999998,14.83166099546788,243.34049494999996,17.364734143925357,240.76440025999997,38.024759642483225,197.9422038,43.712498849997395,181.86819647999997,293.14769774999996
SCA3-7,SAA,dayfac,1.2369523375,-0.7378446382538958,24.921582479999994,-6.753730921341986,26.40985539999999,-0.7378446382538958,24.921582479999994,0.0,24.739046749999993,-0.7378446382538958,24.921582479999994,3.9431411398258644,23.76355122,13.095893640283458,21.499247499999996,-0.7378446382538958,24.921582479999994,-1.310608501922176,25.0632788,-1.310608501922176,25.0632788,0.0,24.739046749999993,0.0,24.739046749999993,9.283623670746318,22.44236675,46.783720920855615,13.165200160000001,76.67372773771083,5.7706974,24.739046749999993
SCA3-8,Det,rho0,81.6894076625,11.737797082719798,184.45458284,12.510476605146739,184.59419337000003,12.387461249942833,180.49259448,13.149427328913095,180.44348999000002,12.37363027133335,182.95686005,7.889419136966686,195.78491706000005,4.669269026602307,201.22969925,12.660800003875918,183.97210499000002,14.426018702067005,182.01284005999997,14.545218195962589,181.18542320999998,11.406349681829546,185.45025162999994,12.534826312249749,184.75164033999994,14.70144486800219,178.86294289999995,41.57995799263518,156.0775642,47.89436879643379,147.65588796,205.18310749999998
SCA3-8,SAA,rho0,0.0642703625,0.0,1.28540725,0.0,1.28540725,0.0,1.28540725,0.0,1.28540725,0.0,1.28540725,0.0,1.28540725,0.0,1.28540725,0.0,1.28540725,0.0,1.28540725,0.0,1.28540725,0.0,1.28540725,0.0,1.28540725,0.0,1.28540725,44.627699898222914,0.71175956,76.92514181789468,0.2966059,1.28540725
SCA3-8,Det,rho03,88.05086599999998,21.24453424171886,193.07092723000002,23.415477769406582,191.56957839999998,22.65380821297089,191.60312040999997,23.461976844157313,194.83157072999995,21.976770473784995,190.72314604000002,20.677092971464916,198.98880972999996,2.4999599180546324,240.27709190000004,23.516637103262553,191.55828892000002,24.49219259297233,194.17758994,24.814718724628985,191.4472143,22.98093839360988,189.58726362999997,23.402864098463247,191.05961086999997,25.209203091199566,189.43349856,42.08371127093741,176.13358252000006,46.51592550605919,174.41322462000005,229.94349075000005
SCA3-8,SAA,rho03,1.6814205375,-1.3387962141505494,34.07862664000001,8.841485261089835,30.655159770000004,40.24358718765797,20.095131950000003,0.0,33.62841075,11.46908163062687,29.77154087,1.3312829539528446,33.18072144999999,34.53441640860176,22.01503535,12.271365574419848,29.501745530000004,43.89622991624722,18.86680625,43.89622991624722,18.86680625,0.0,33.62841075,13.289332978662989,29.159419269999994,43.69579686426305,18.934208700000003,44.59885880869347,18.63052332,78.38784427242075,7.2678245,33.62841075
SCA3-8,Det,rho06,88.45420523749999,27.454760202519427,205.14584886999992,29.709682677538623,204.08328789999996,29.04166354954639,196.00203008999998,30.187511791332767,204.4926068999999,27.644011393630727,207.93890282,26.536505436316794,218.61923491999997,2.2879123378772106,251.2495653,29.821198858408874,203.92888835999995,32.154744632697195,197.34099561999992,32.22402535918778,197.47648816999998,28.795782323305044,210.32825706999995,30.636191981194166,199.00024370999995,32.54186462555745,191.17696717999996,42.40875190928368,189.39563376,46.46571003848142,182.16088862,266.0313285
SCA3-8,SAA,rho06,6.9935728125,16.54142302532865,106.92145781999997,27.886922275466066,97.77451332000001,47.21609259716276,67.12352394999999,27.82553027147739,72.38247225,24.127943924227207,101.21243084,8.574958480851599,126.61986599000002,44.01836972366547,70.613581,28.668373594630392,96.65015769999998,58.697322992946226,54.953672100000006,56.0914539345121,58.6863417,11.73939681492377,106.53413781,27.827746534954667,95.75504925,64.88032761151723,46.52818590000001,44.749652379486115,76.35836392,77.95980264558088,30.6091967,138.26627775
SCA3-8,Det,rho09,88.96533508750001,34.53582191061402,227.40734413,37.95747768755911,220.74431098999997,36.137006743559304,206.59381805,37.56598778853557,211.51994952,35.572090009411454,224.64778427000002,32.47251996587947,248.57247968999997,3.09409510433773,270.397074,38.053634623758875,221.00346137999998,39.23655673040293,226.15759159,40.581610712746816,208.69060881999994,37.60823269545695,220.4804215099999,38.501426758873286,217.89833074999999,41.16610779915533,202.46135288999997,42.943219070579225,213.52564292,47.041152906734965,195.14499261999998,297.54656025
SCA3-8,SAA,rho09,13.299873674999999,30.190624021096202,155.94374559,37.57674923555241,141.36832864,54.057465793937325,99.73341755,42.331825343446354,98.74371809999998,35.60321762229068,146.50035106,11.92527304587349,207.09148556000002,52.76433896279093,100.76505124999998,36.78922382696991,143.41841501000002,63.238874579009845,89.04022845,64.57172208817991,85.49488775000002,31.70881300118815,154.40827337999997,39.54308459625274,136.39415584000002,69.27118922804354,73.21269719000001,45.21652648704575,126.84795020000003,76.63628881798383,56.55614546000001,232.9975379999999
SCA3-8,Det,dayfac,81.513624775,8.145096728708197,199.17798682999998,10.054688897865914,194.72794667999995,10.214300016693125,194.45628927,12.09943056295646,191.95058545000003,8.771731385687232,199.78162991999997,7.091153170963876,203.12307925000002,4.141431180147149,211.77779464999995,10.740434642878395,192.66300409,13.370910006866387,193.48417360000002,13.274716167227393,191.72311918,10.105338064326075,191.30888212999994,11.213695492294454,191.05324390999994,13.164473091608993,191.50486360000002,40.4272152697923,170.35397780000002,46.388841608227935,159.24047352000002,209.85640474999997
SCA3-8,SAA,dayfac,0.23686809999999997,-48.3934083990204,7.029932939999998,-67.15472682898202,7.91872451,-27.946706204845647,6.06129864,0.0,4.737361999999999,-26.952269216496433,6.01418856,0.0,4.737361999999999,-26.850774756077335,6.0093804,-29.695835994800493,6.14416125,-15.50693930503939,5.47198185,-15.50693930503939,5.47198185,0.0,4.737361999999999,0.0,4.737361999999999,0.0,4.737361999999999,45.38257452143196,2.5874251599999996,73.10722296501724,1.2740082000000001,4.737361999999999
SCA3-9,Det,rho0,87.63752867499998,12.57111615088567,192.65179676000002,12.840336490695767,193.65585211,18.01984484531106,201.03508175,18.484465864018713,188.05492968000001,12.633447531432216,192.23540635,8.412353366147668,205.67883483000003,13.747880530931672,208.59317079999997,13.1416508693557,191.8975856,21.166280161539447,182.37656430000004,21.037192773167824,182.97097959,12.128211945497327,194.39137245,13.341357806151061,189.85488347000003,21.000692382885678,186.71606798000005,44.562246021709825,157.06534052000003,55.055214923311496,140.46107634,218.10545150000002
SCA3-9,SAA,rho0,0.1520160125,-14.465040319354525,3.4801038000000006,-0.9193817657860278,3.0682723999999997,9.862054827941245,2.7404821999999998,0.0,3.0403202499999997,-1.8595064121945735,3.0968552,0.0,3.0403202499999997,9.862054827941245,2.7404821999999998,-0.9193817657860278,3.0682723999999997,-6.644152042864556,3.2423237499999997,-6.644152042864556,3.2423237499999997,0.0,3.0403202499999997,0.0,3.0403202499999997,0.0,3.0403202499999997,44.05608027641166,1.7008743199999998,79.85910530313377,0.6123476999999999,3.0403202499999997
SCA3-9,Det,rho03,99.051423475,23.49016781810566,223.97504289,25.484620161840652,220.86172474,26.99755699093955,228.89694366000003,27.90470574153452,231.28881036,23.443772803387272,223.85094443000003,19.384738105602487,245.50530734999995,11.743080255111906,290.17565555,25.43378322206391,220.61647366,27.60495586608227,223.08976751999998,29.675011012253407,228.91025316,24.488149234041092,219.11965574,25.82054733868124,218.97779968999998,29.4621900505706,230.64483677000004,45.40421856415931,198.58822224000002,53.87417575373719,184.51404882000003,290.34280325
SCA3-9,SAA,rho03,4.326840775,4.231814446650152,74.12901715999999,12.860033739050643,69.01269970999999,26.775193096861766,53.60428405,20.57661175433477,46.758709450000005,11.298894341680516,71.63273351,10.665242101496109,75.65413234,28.65427940319805,51.189440700000006,13.00032348659744,69.24197875,47.80838769136358,41.64259505000001,47.80838769136358,41.64259505000001,1.552770034621853,77.47810872,13.18573660709759,70.52058786,51.94587435448211,36.800560450000006,42.93631274194507,48.7818772,81.03913749865224,16.2828132,85.49232750000002
SCA3-9,Det,rho06,100.8717223,30.214814109503894,215.82512514000007,32.00223015821352,217.62119503000002,32.304154902885,219.54652511000006,35.052474529821716,220.91629334000004,30.4362726961191,215.53504669000006,25.64298409723891,224.85162530000002,11.248857240439916,314.4136003,32.317029874387316,216.52650251000003,32.7972212476043,242.73717307000007,36.28833700354098,218.77932656000002,31.339155955900637,213.8682071,32.49324136750661,216.25928540000004,36.45014671569656,220.36572897000002,45.87199118538298,203.55894556000007,53.15792592945546,201.03067008000005,300.0977802499999
SCA3-9,SAA,rho06,13.084581462500001,19.885397545630514,154.43545281,27.14011684422267,142.85091148999996,49.06783937568381,88.49607735,41.77698312832068,93.62433574999999,22.04244551318602,151.98182100999998,17.864774900896073,169.80475269,49.16789893844111,86.47181535,26.464198239157096,144.49743228,64.89728895292895,72.33418725,64.1796139033362,74.21228278,15.755721869349781,160.76182868,29.301703692152024,139.88336947,66.23171984779869,67.70075820000001,43.78651032071559,117.73023211999998,79.7920654277099,43.86139122,210.56706350000002
SCA3-9,Det,rho09,102.43429518749998,37.786987784364,214.86166579000005,40.33629040632286,212.82080914,37.62418624734483,211.80666530000002,43.753178896250304,213.26403592999998,38.0772635957568,212.96704261999994,36.13505450322742,214.97248304000004,11.412487339910495,324.94228434999997,40.583634850911686,211.60681636,40.6918512239507,211.36381706,44.92944756466306,211.61950580999996,40.22734802350493,212.88886696999998,40.501756753496664,209.80762868000005,45.402992186717725,210.21296404000003,46.50358970284879,206.0685406000001,53.27301143636815,205.69724646000006,306.92897550000004
SCA3-9,SAA,rho09,21.2014974,26.765452226973366,202.90411879000004,37.904218581278144,176.55625897000002,58.17270964314059,107.31114824999999,59.34540822809997,107.2515963,34.2497116854586,189.53882623,23.593569688148538,227.80138203,57.69040433436555,115.27503109999998,37.9178682846241,176.66791818000002,70.21633677157162,94.16849810000002,71.49388908964515,88.75129367,32.720618954961175,183.33516922,38.873525435519475,174.83527696000002,72.84514995624791,85.14985442,44.27318032734801,165.68778292,78.5543690796104,69.60041854,301.61740025
SCA3-9,Det,dayfac,84.2863991375,11.074144252826661,208.41932346,10.97060147736936,205.22011106999997,16.197087398085433,212.26332395999998,14.578567048468253,207.60271492999993,11.143987310072427,209.36350981999996,7.794253376256954,214.56005648000007,10.953649179434901,219.41941265000003,11.26942143951903,202.82393081,17.595350659489437,207.64808864999995,17.67285263806303,202.63690523999998,10.184751424124736,206.57344432999997,12.28177686605471,204.10603294999999,18.437978125210666,204.11155308999994,44.793654062037604,161.19515436,54.253757975116585,147.79755023000004,223.73285574999997
SCA3-9,SAA,dayfac,0.9280153875000001,-30.489789049968728,24.219306430000003,-16.470441337374893,21.617272349999997,-14.120043348957935,21.181031249999997,0.0,18.560307749999996,-4.271571466803907,19.353124559999998,4.470236976539376,17.730618009999997,1.0555832513068182,18.36438825,-2.7046456705438735,19.062298309999996,8.613157828700336,16.96167915,8.3867060340096,17.003709299999997,0.0,18.560307749999996,2.4820491998577126,18.09963178,21.56617607808793,14.5575591,44.15403742429864,10.365182519999998,78.0095067658563,4.081503219999999,18.560307749999996
SCA8-0,Det,rho0,273.7619843875,3.6118523012325947,455.44751535999995,3.5991574460364912,452.83728956999994,4.719130440044354,447.17507197,3.334993690203838,449.53261210000005,3.551573951822919,454.18953778,2.896566481552001,464.4816264099999,3.3790589380759646,467.8271720999999,3.677792456840361,452.4336781399999,5.611189424225048,451.0082204899999,5.466700088393747,448.97956571,1.7944994530527407,456.38066068,3.781040889098906,455.36377985999985,4.912082685288269,450.98417622,28.71307920505019,354.0063698199999,34.11371233717731,338.15068512,480.4404679999999
SCA8-0,SAA,rho0,8.506915975,-0.3361671207761029,75.50802205,-0.37554495770131396,75.4094023,3.764383484462459,73.06508665,1.3149152445930936,72.98403660000001,-0.3361671207761029,75.50802205,0.4957381338188121,75.13810975,4.135685024207593,72.51447730000001,-0.1420131635895303,75.50802205,2.1280775904219427,72.46588445,1.7895063022530995,72.46588445,0.0,75.13810975,1.0212592231463682,75.46920983,6.437440244024502,71.93881569999999,33.07911057038507,59.38749927,54.81944013794025,54.86841627,75.13810975
SCA8-0,Det,rho03,276.4563773375,8.467208745169643,557.19331551,9.13018194121297,547.89380486,9.814650205148112,558.02838324,7.892298436604154,563.9687132799999,8.775953613969687,548.4190830399999,6.587920580238895,582.00098818,3.6106049754150513,647.0062700499999,8.908097290494087,543.1369117999999,10.368387237819672,549.50471697,10.713849816653251,548.34604823,8.235429212835788,553.1942540599999,9.189646631658256,537.0723414199999,10.415691315866086,546.3095848199999,29.196013917220466,474.51934185,34.29605317722543,464.9093465399999,646.5650095
SCA8-0,SAA,rho03,17.266552325,-0.3899304837047034,174.55800003000002,1.4916366750708583,172.05000084000002,15.28870111595947,145.87756968000002,11.345029442639479,148.0362925,1.7351896653172778,171.03018376,2.043746750120248,173.11224734000004,16.44593388738362,145.6832527,2.4382119375994113,170.02859924000003,17.609177766181528,134.98269999000001,19.890661235406764,131.08645889000002,0.0,177.14967050000004,3.194936546199004,170.19101252000002,20.332014182223272,133.24100355000002,38.86267909016399,109.97584321999999,65.62448371695997,72.13412147999999,177.14967050000004
SCA8-0,Det,rho06,268.2028726875,14.079685849599016,546.89766399,14.381766167338192,551.3293352599999,15.303581274024499,551.0546317599998,15.049915369672815,550.8990022,14.142450156451225,550.31899613,10.373982500336124,597.38212363,3.1739224601514757,677.5781919,14.3600815869617,548.9777995199998,15.926041389485373,549.61208183,16.50741278136335,552.15875563,13.99410274111105,550.39577885,14.614232505506946,544.4174885499999,16.422266696904316,548.5353729599999,28.684348020626388,513.9911824800001,33.424312134214524,511.09340192,666.8668124999999
SCA8-0,SAA,rho06,26.512198587499995,9.902811293959772,312.4599989999999,10.952504940005445,307.70354338,35.355132233052096,212.46080780999998,30.181445084953005,222.86251825,10.475975861954694,311.19961393,9.301701487943397,317.81510381000004,34.583914116888764,224.20135745,11.517116937407192,306.65446762999994,39.47292242837269,202.91382825000005,39.55976773252208,204.47588641,6.903877963795053,313.55704009000004,12.590542674094971,299.2407045,42.00058822262319,188.12154184999997,40.5960054613294,216.58367658,71.03473891214492,111.34798751999999,361.63270525
SCA8-0,Det,rho09,255.0738682125,19.84534704838077,534.7418720500001,20.800279832977406,533.52908034,22.31176554475094,536.6387579700001,22.91882249137238,536.1066359399999,19.888969933304168,534.7418720500001,14.552226904159582,603.8382972699999,4.625706581659855,679.8934695000003,20.706006648042727,532.75008006,22.964505929788313,533.6172128399999,23.49497303877996,533.42229598,20.325803700247214,534.52122995,20.968325448941037,533.61043647,23.669385389256163,535.48521863,28.32562656665717,523.5317354,33.39273080378444,523.5317354,672.4531194999998
SCA8-0,SAA,rho09,36.1497484375,22.99581433013949,404.77003913,25.833420967357192,392.0233218899999,44.92800264455507,288.07342655,41.757111397602664,294.38569105,25.132010968783124,397.46429387000006,17.09215511881805,453.56871149000006,40.02271073203787,329.26794745,25.646244670357543,393.3080927699999,49.80633035006857,277.42970905,54.072386143420175,247.02346567999993,18.648724584226226,428.04936229,26.854436982553352,388.48012470000003,55.17548373119299,242.99795851,40.70180783121805,338.37450455,72.14698935897678,171.5511261,566.780183
SCA8-0,Det,dayfac,267.2766578375,2.8082045131540707,473.17761069999995,3.007123977652617,474.55280637000004,4.455575961571736,471.82542245000013,3.4814359438590903,470.0986107700001,3.1601739257138086,472.93064738999993,2.4498674266875407,479.2755334,3.072304840960893,486.0338660500001,2.9763744403885273,474.66089291,5.445972746654778,475.0611301700001,5.275856148303551,473.17711519000005,2.342344981283911,472.36913539,3.388160034538343,473.1394913200001,5.127310192696243,471.1195337100001,28.52658529251578,370.75442385,33.823907812018454,359.69962209,495.60655800000006
SCA8-0,SAA,dayfac,13.856574287500003,-0.6005730873544269,125.01867484999998,-0.2796821364062356,124.50151150999999,3.8699985571740636,120.37522074999998,1.2033313504508678,121.985309,-0.33448954292988037,124.50151150999999,-0.12695727410681912,125.98882954000001,3.459279707628836,120.0965213,-0.24118305005694235,124.50151150999999,3.0571112939663614,120.08355615,2.9006131613827395,119.65901845,0.0,125.86009450000002,-0.2181599569474305,125.74258416999997,4.017207543152672,118.18803455,31.757395718432914,93.71870407,47.759620532399225,85.06435655,125.86009450000002
SCA8-1,Det,rho0,267.6268052875,3.233043443725695,454.19874074,3.2747570767752743,455.44241696999995,5.242767672478499,445.1701825599999,4.081624716838575,447.63796536,3.200741400809202,456.3601387999999,2.9168930053975592,455.0358038399999,2.629312147914623,468.6345511999999,3.2778901106621556,454.82916803,6.368835181397328,446.22393034,6.2386903830742035,447.48995633,2.6382810437896955,453.61690274999995,3.6259374135096216,450.0598710499999,6.238790019581006,441.15393749,32.89323802913985,339.10013104999996,38.7983244445394,321.15425989999994,481.814479
SCA8-1,SAA,rho0,8.1304347625,-0.40515721437101254,73.82164013999999,-0.7670829398650968,74.18521895999999,6.9234904398508865,71.40252184,-2.5160407281479538,72.17271405,-0.2197684566932579,73.58885323,-0.1040080419684612,73.53773395,7.011042756644966,71.5616488,-0.30887580103128975,73.29237744,5.418616413134299,71.7027915,8.740643252901348,71.4669022,0.0,73.74870075,-0.05791907367264811,74.16146397,12.30524451305441,70.89298480000001,33.53927819551827,55.728988099999995,58.73012408295552,51.06462461999999,73.74870075
SCA8-1,Det,rho03,268.60228843749996,9.121756907034339,563.05589335,9.055116757748495,560.2460318100001,10.636538937436425,561.36010424,10.656115115214313,567.6406092000001,9.063412496079545,562.24579212,7.152798786921157,591.48234418,3.7786762164394854,654.3124325,9.20448485019247,557.0585108600001,12.34690840104914,555.1149951100001,12.41823068114378,551.62847187,8.32622908430799,561.52948544,9.367378251825492,555.31654023,12.303660378787049,552.0182150300001,33.2328999943612,473.97866522000004,39.19906919761758,455.0236081599999,670.4006507500002
SCA8-1,SAA,rho03,16.081377687499998,1.1952345174344146,178.18340012000002,0.38402280078280027,178.59142200999997,22.00626017415647,140.45943546,14.544726036240585,145.48801075,1.0349648999871903,178.69887137,1.4474695204810197,182.07674207,23.662671438640686,137.67671795,0.7270533705012036,178.32546802000002,22.190609796285205,136.1313009,22.523909533046332,136.69555430999998,-0.658942511389225,185.31080290999998,4.679832487766135,174.11763496,25.35729958428661,130.54660940000002,36.7844127471619,118.37778025,66.48645171931261,74.77990443,187.3306415
SCA8-1,Det,rho06,263.17322014999996,15.968143610906825,553.5096664,16.094125946917686,554.2605014699999,16.928837118992092,556.39337967,17.7300477379138,557.7753707899999,15.844741759717358,554.06010444,10.605026878149856,611.7525106900001,3.744715429017787,700.6892306999999,16.135248529579517,554.2356780599999,18.43325323254778,571.14298663,18.798024099983632,562.12040956,15.617564849141424,555.5150962299999,16.05443970549827,556.4289321499999,18.896929619835397,562.92324812,33.37599590867793,515.14121242,39.43131064051768,506.0918830799999,690.59712625
SCA8-1,SAA,rho06,26.4706038875,9.926532955830355,316.75209525,10.707072133848778,310.95573479,39.058150610920784,214.11592642999997,28.153657210363864,225.71599165,9.509115850540297,319.84997562,4.263968275136322,343.66699153,38.13077905361406,220.52394289999995,11.870627951498413,310.37973983000006,39.32189027208117,207.81399715,40.59300382857578,206.17440448000002,6.303155455353603,336.90277413999996,12.545367775187664,316.35724218,40.76005360835387,204.32788305000003,38.82315837853966,229.74837473,70.82689111922136,119.92170264999999,373.61756425000004
SCA8-1,Det,rho09,253.9096247,24.73120020507045,547.59641808,25.234155129685398,546.1289801199999,25.34128984989201,548.59686711,26.854228042778097,549.2198972699999,24.803072980163403,546.1373299299999,15.314171114798242,611.24295911,3.507016566631156,710.9718959000003,25.36740557436616,546.2883918599999,25.9939868476754,564.9120895499999,27.509486257966167,554.35437272,25.073796015106307,545.63062364,25.593420415149772,547.03100862,28.112761701860762,551.0236805599999,33.3529684162461,531.88803343,39.32669291602477,530.54592953,696.4774545000001
SCA8-1,SAA,rho09,36.322514225,22.894972758455832,412.40016165000003,23.613066648885038,410.07380084,52.39209241854182,257.21271501,44.267254313395476,291.39097175,22.76439760551844,414.1653064599999,12.26297126462205,496.97211572,51.265374747058836,283.74798115,23.79706244990809,409.49289421000003,53.62520059003432,262.28692055000005,56.360646335461645,244.04749137000002,20.96808811835492,425.70390160999995,25.326993671237247,404.2148178,57.06892566713559,241.93347463,40.33997139139396,346.2327826400001,73.50952095056961,166.00635311999997,576.6119377500002
SCA8-1,Det,dayfac,262.53726952500006,2.60001106618124,470.57818926,2.7575994955301635,469.3758913899999,4.437903419228841,464.67877914999997,3.5397138449385404,462.4536790800001,2.510079339372624,469.8943817,2.264886046563314,478.83906514999995,2.9053919244687245,485.74384295,2.8029583623742536,468.98802889,5.461094232617047,461.7229513799999,5.796683687628158,460.4109796099999,1.8179404633236618,469.25503679999997,2.9845618285650355,469.61605098000007,5.670837046845396,463.37888863,32.68155701940432,349.19195376999994,38.59315174539504,337.25394902,493.86227399999996
SCA8-1,SAA,dayfac,14.346548199999999,-1.8950204098571908,135.75550714000002,-2.0899530208946007,135.80343419,6.516692123196569,127.50992001,7.005363980166322,122.11624750000001,-1.190426948832199,135.83176107,0.17074116824839614,136.85485551,6.233489547680884,128.30056805,-1.1266009722115666,135.19384577,7.722751421139757,120.15915325,6.798901738607767,123.34711784999998,0.0,136.62147925,-0.5580847593709053,136.28521569,9.276309318083914,122.71998754999998,31.996906329008123,96.33155864000003,53.20450996707346,82.0756368,136.62147925
SCA8-2,Det,rho0,202.64047225000004,5.821806062732392,353.70667449000007,6.517323480280248,352.41688163,11.609789869111426,345.94928699999997,11.108861529757911,341.81315129,6.024042787681601,353.75412891,6.573476020657094,348.9550275099999,9.682627136198866,363.7725273,6.383864270480177,352.74155498999994,14.321886941565817,337.80522606,14.289527091989907,338.00024491,5.1665468742511,348.40353185,6.9465468406694315,345.67460786,13.96468849721607,335.90169643,42.509570475500134,237.82066505999995,54.58763507742467,205.09970855999993,387.9487615
SCA8-2,SAA,rho0,4.493312837500001,-3.322001414062446,67.11679541999999,-3.7061074539526464,67.11679541999999,2.0683689375990575,66.35483319999999,0.0,66.80682649999999,-3.322001414062446,67.11679541999999,-1.7637743212220522,66.78780149999999,-0.8421293234737764,66.53020029999999,-2.0480736002170175,67.00798022,1.820161603648891,66.26309309999999,2.082917067756939,66.26309309999999,0.0,66.80682649999999,0.0,66.80682649999999,8.578403650934325,65.32330255,36.144618808772194,44.10045049,59.017005890812314,32.660722109999995,66.80682649999999
SCA8-2,Det,rho03,211.01018505,14.00308621595609,455.68587559,14.711080670416184,449.94088718,19.248867743931683,448.00546998000004,18.675841207220426,445.3130203199999,14.092967851743039,454.98202984999995,11.623293524048783,492.71226210000003,9.38292373437261,584.4198681,14.73328483344694,449.40575836999994,20.729415037779006,455.8404866000001,20.988528113704923,445.5169455200001,13.807277167496128,452.11598999999995,14.859054356106308,449.14187733000006,20.851418280152824,452.10185683,43.032947298957865,359.55570574999996,54.343767799562904,319.80748177,604.0581325
SCA8-2,SAA,rho03,11.9634681375,1.2469904862485193,152.82427249,0.8724061392603024,153.83565626,16.148791636299833,125.84995221,6.8930791892619645,139.8653159,1.22747176497839,152.75238112,1.4077237057379992,157.35932664,16.233632255954152,125.40377364999999,2.7270780450139345,152.91324785999998,27.298069088036634,115.9926767,26.753553239862075,116.3547182,-2.4090658886498084,161.05957391,4.9814848307401896,153.64203604,27.612109440451132,114.99622815,40.508391624409924,99.10409356999999,69.71016656832718,56.281167730000014,163.89160725000002
SCA8-2,Det,rho06,217.00216115000003,21.74413226344959,475.93567145000003,22.22146999525403,480.26012535,26.050528990088818,477.28614084000003,26.427977830302837,478.9637392000001,21.789461998867296,475.59741828,15.855169264750906,558.59521696,9.536156038877309,674.99868605,22.22031580836174,479.45355630000006,26.820662119474946,531.41719914,28.6343559657217,468.9781259499999,21.83138711611861,475.12060085999997,22.835882106144652,475.97569193999993,28.687578182905106,470.3643005999999,43.07325501698121,426.29118704000007,54.26682088161315,395.39904106,678.6152717500003
SCA8-2,SAA,rho06,23.967047075,12.63404439238788,310.97923131,13.807830239345412,305.48155915999996,33.8849407546382,221.60816131000004,26.16742646841067,246.20234499999995,12.570297809622842,311.31053034,6.543211771531931,343.26123418000003,29.4410470256065,250.0419512,14.280343263772727,303.82248304999996,43.36025820152064,196.35709495000003,43.72334386129209,195.60439082999997,9.004457477580175,330.26755130000004,15.324856618783087,303.08016754,45.59734922413257,185.19206064999997,42.02644174303229,218.41122465999996,73.12070572840896,104.42145121000001,374.237543
SCA8-2,Det,rho09,223.25305152500002,33.45727678850369,475.95640507999997,34.4921826095967,474.90648875999983,36.332347805744064,490.7754597500001,38.73092868623893,467.0670601300001,33.390032169684574,475.92669992,22.01717343177982,564.08927562,9.940737723808812,727.8812118000002,34.39286906763817,475.6321753799999,36.686740908591055,481.8971575399999,39.67361617499844,473.6768586399999,34.13487103174771,471.5546084899999,34.43272621265462,474.9252291199999,40.214541206146244,473.59774480999994,42.929987387324694,462.05224874999993,54.00933018422715,446.14067481000006,701.4811335000002
SCA8-2,SAA,rho09,37.18946195,27.539276844794475,423.51796719,29.890384684632433,413.76946358999993,49.66987400311124,258.47775116,49.649093451054895,273.830164,27.50655675189192,424.87577595000005,13.526720519009812,527.28777044,48.87623272672813,270.95152735000005,30.31972481521745,414.7673861,61.298493799531826,230.28382374000003,62.07419668382698,224.53342922000004,23.82757871682519,446.6795829,30.91643567862912,410.43506735000005,62.30231161895044,222.83408023,42.39195683093232,359.75637725000007,75.43685527964462,157.28426481,621.9762372499999
SCA8-2,Det,dayfac,199.08622951249998,4.902074961888417,385.6633972699999,4.848895987752831,387.05286184000005,10.170327216543468,383.3650764400001,10.146724544668544,380.26087479999995,4.718844009705924,386.9735998100001,5.464774367690194,380.7494070300001,8.702872159931129,399.2825791000001,5.0797195578336085,389.29640802,12.301072503591898,375.1409143,12.250416842852859,376.20942840000004,3.8231608532834653,387.68760690000005,5.779735992879171,381.03085145,12.076484193493862,371.3340671,41.74982423321311,267.03083941999995,53.25095933033561,238.63339487999997,422.44522450000005
SCA8-2,SAA,dayfac,10.182382712499999,-5.550198415801306,108.38411143000002,-5.4392263003442025,108.08212679,-0.32427388001697355,105.14428407999998,-7.090965424169634,103.07112990000002,-5.183825086951617,108.58132768000002,-0.6577234316461571,106.03574906,2.422846837186178,104.56777565,-4.374028938759574,107.92294873,9.091268440181397,97.91228348,9.091268440181397,97.91228348,0.0,105.7584245,-1.7001627604065639,106.57097228999999,11.983369604661172,96.48649164999999,35.7654604460046,74.64916686000001,59.197019839967034,60.348489080000014,105.7584245
SCA8-3,Det,rho0,244.57355736250003,3.6218952426940656,429.27401005,3.616392917281163,426.46039899000004,8.081539280104769,417.26612008000006,7.312249094039685,410.7703170000001,3.7233545249958846,428.54954269,2.1070390699931405,440.55724394000003,5.44011798780829,434.36593485,3.612937677233495,425.58999652000006,9.11331432181946,409.29379927,9.107830510877408,409.38504251,2.941281125022794,426.17533331999994,4.112098134588455,420.31543270000003,9.29699372622626,407.4576932500001,34.45552317276833,315.20668599,40.61500815203444,297.82169577,454.98907775000015
SCA8-3,SAA,rho0,5.9113146,-1.8580382441496255,63.99936205000001,-2.4684745081914685,63.99936205000001,9.099231844300753,63.83794715000001,0.0,63.61200225,-1.8580382441496255,63.99936205000001,-0.05621534675214371,64.23562265000001,8.782649717205036,63.83671225,-1.8580382441496255,63.99936205000001,9.729551062973378,62.71984105000001,9.729551062973378,62.71984105000001,0.0,63.61200225,0.0,63.61200225,9.657010980264848,62.43271210000001,37.243568266523994,42.563758670000006,70.2449180847184,27.63984913,63.61200225
SCA8-3,Det,rho03,246.83814404999998,10.028666509089309,542.7690927799999,10.748354619627099,541.1637693700001,13.971548497388726,550.9018504800001,13.221854853149868,546.7668034300001,10.178816776353075,542.5308327099999,6.314876758408346,582.84239211,5.302298310851351,640.5857239000001,10.742119318734183,541.4161226200001,14.938407845519519,553.5452597799999,15.359016987593492,543.32811836,9.65338306208999,540.07009228,10.754020599678046,538.91488586,15.02966335887097,544.99723293,34.933649259870116,458.11093972000003,40.864634499750444,438.21621080999995,648.8164725
SCA8-3,SAA,rho03,13.952288375,-1.9462602671441747,171.02889848000007,-1.1228914016766038,169.83260083000002,23.127897788308154,127.40639115000002,12.744620808484397,135.81321540000002,-0.5901755130545081,170.29136784000002,0.4466011189365221,174.99734888999998,24.24214836012519,125.80107540000003,-1.0533516836086934,170.68816259,26.421211352005173,117.47229460000004,26.675719835098377,119.50880479000001,-5.920606797951168,180.49371916999996,1.9923552683880101,173.22993145,29.583806749550494,118.23531405,40.32297905396469,110.23327483999999,76.96791340151755,48.27808002,182.44718500000002
SCA8-3,Det,rho06,247.75762866250003,17.20355577549622,545.88573512,17.895113661422734,549.1253378900001,20.00096937721473,549.25623722,20.640155473339846,556.38291218,17.186371907847093,546.4718244700001,11.445069927847562,588.01695626,5.477001088020948,680.6118315999998,17.99658385120342,549.7856870400001,21.450205026741855,586.1729462799999,22.078866623726125,561.15627375,17.602818206017595,548.75707072,18.477937002845255,547.11008721,22.201632123074006,558.5462200999999,35.03904859525307,513.29108478,41.19472020396684,504.14938480000006,673.2816092500001
SCA8-3,SAA,rho06,25.217805262499997,10.337385057360697,315.74050774000006,11.019652097291603,313.2466212300001,38.895758690729146,212.78281264999998,35.267383808476254,206.09300425,11.183892974199281,314.31659462000005,7.423437947963646,342.8671867200001,36.91054351522593,215.15786135000002,11.512404417354864,312.08196859000003,44.30054083299906,190.60737155000004,43.784733189764424,192.63877725000003,5.928286129336987,332.64459703,12.667630563990274,316.50497910999997,45.38519638550564,185.08868320000002,40.82078195880033,226.26244172999998,77.20890102578966,95.47620303,379.79196875
SCA8-3,Det,rho09,250.41512105,26.61661932036113,553.5073416700002,27.188161883165968,553.0586589400001,28.785744234513366,554.0141449500002,30.21690079405851,556.9745830200002,26.42026208424926,552.7397677600001,17.457848696074187,598.9655406800001,6.664553817685678,694.21467715,27.255079235559606,553.0586589400001,29.089737098565674,620.0181264099999,31.23050771597964,558.0072442300001,27.008723637937038,552.8991527600001,27.40132203250593,552.9512093100001,31.456568105873984,557.3372992200001,35.08091829265354,551.5136153600001,41.54014757808093,547.0444755300001,681.4942255000003
SCA8-3,SAA,rho09,36.088446412500005,24.608193016931818,421.7421251399999,26.008587533014257,412.06497742999994,52.939738591469364,269.13122422,54.38689502078882,223.77328805000002,25.790068038995003,417.2867328399999,15.291630358431144,493.41649751,50.21535834588623,265.1360233500001,25.846371442216494,413.93461148999995,61.55678216534532,220.49015015,63.126335434626,210.63422258999998,21.629703647470663,424.14601267000006,27.630525878072106,407.1865555899999,64.1610005854391,198.69037036999998,41.30824132356242,349.30142652999996,78.9762088404226,132.89356953,593.309114
SCA8-3,Det,dayfac,239.08863655000002,3.1637010587988175,436.8187661,3.0983206416214917,436.38015977,7.385930293181054,427.49435707000004,6.559702911568613,422.82436090000004,3.1391696313138686,436.43051452,1.599659897972691,447.55571829,4.85245814477418,440.19805505,3.0909528623517586,435.72285375,7.902392151978688,423.75471877,7.726514729250529,424.73699522000004,3.019690928092337,430.82253387000003,3.7733764534699303,430.7374043500001,7.813332946124086,422.51946659000004,34.60632625473894,317.58295675,40.32752587609334,305.78337630999994,453.90747200000004
SCA8-3,SAA,dayfac,11.3134516,-1.6183843664474444,109.96091567000002,-1.7531295754162255,109.96091567000002,8.800223054827933,97.78265328000002,-5.219772209040075,101.30933385000002,-1.4193180001759949,109.93516463000002,-0.2420730557595711,108.97266117,7.403845657500322,98.27264795,-1.567202064133988,109.63425607000003,7.904973668690116,97.87910149999999,7.9402779033411965,97.87910149999999,0.0,109.57475249999999,0.2785959680067973,109.33615962000002,10.83512760597306,98.64209695000001,35.163900502301175,76.85614128,62.179364509766415,60.678556320000006,109.57475249999999
SCA8-4,Det,rho0,269.6492889125,7.186958750070581,419.89388964,7.398108432977676,418.28099017,11.610358774452065,406.41009968000003,9.996083485036213,413.70253945,7.101203569356925,417.83289672000006,7.427833405486714,422.64381456999996,6.047180147688545,446.2299901500001,7.358306908770865,417.02964517999993,12.309993059640991,405.83581183,12.24513601377029,403.82936411000003,5.515508072905066,421.15860961,7.606834517986073,417.51015882,12.099393593463919,407.0770082700001,36.850358777042466,316.19177916,44.15643691299957,289.65813074,464.3414897500001
SCA8-4,SAA,rho0,4.3257466125,-12.691068668091125,65.16008448,-13.44397527399094,65.16008448,-3.8941283341292716,63.59106353999999,-2.1189099411217467,65.7267425,-10.863080644671053,64.84378796,-12.654157964736793,66.3961375,7.873453833745555,62.621043900000004,-8.784183403206697,64.84378796,4.502308732952856,62.53872090000001,6.230803873744016,62.44525800000001,0.0,65.8162265,0.0,65.8162265,8.58137174348883,62.482115700000016,43.70004111053326,36.96843305000001,76.94521760432865,16.57561767,65.8162265
SCA8-4,Det,rho03,267.105209375,12.992783049684771,528.4533628000001,13.296317559325036,523.86788348,16.183120119463236,523.2632046199999,16.18853323927239,530.23823433,13.173803365099573,525.3442205100001,12.21715406612893,547.9268778999999,5.709857414681881,652.2957063500002,13.410619422330402,520.2747580500001,16.653085904083188,538.3522063099999,17.21844327900428,521.17749844,11.954454509223293,525.80132891,13.5776708183118,526.3927948000002,17.290041552189397,523.35448894,36.89283237739175,455.6019987600001,43.95692147514861,431.7858054799999,654.4754255
SCA8-4,SAA,rho03,10.563902525000001,0.5735887126618628,127.76369518999999,0.18777500031883332,128.06176744,21.83791096179204,102.9892531,13.00206658239685,100.45026120000003,0.2619972537090509,127.27275987999998,1.4270544634734834,126.99118514000001,19.455107997600553,105.51107504999999,0.3823190947135409,127.72221264,24.45689586671004,101.56428260000001,22.452577438942257,104.59086305000001,0.0,132.925785,4.453903563446623,124.11003708,27.287411334761458,92.85422539999999,43.39627008249019,75.33805244,78.91803982733173,30.64280665999999,132.925785
SCA8-4,Det,rho06,262.5271643375,19.65522864013554,536.78179972,19.87816481627448,541.58392271,22.567918583592075,539.0951129399999,21.691099817309766,553.8309099200001,19.648357958564162,535.9975005599999,18.417408863199103,564.98495553,5.614948033929751,700.4906087500001,19.719203788735424,541.35197189,21.619625290674218,555.7982723099999,23.242406675126716,542.33672946,19.01024132243337,541.44128139,20.252080318305346,534.8786782999999,23.391346436269824,542.52483938,36.85643276122448,506.36782384,43.700283835965834,497.3051635600001,674.605607
SCA8-4,SAA,rho06,19.423294549999998,11.268791084157233,236.94033317,12.614387251312102,233.68736152000002,37.463405231117186,155.7763624,35.493384102544,153.69349680000002,12.504118759296675,236.36717312000002,9.510562864321063,244.47822192000004,35.77800656892163,171.29967425000004,12.38533331360101,233.45872276999998,46.40864950482873,133.5821045,45.77009369659175,136.1918957,6.2626957742346345,244.16052471000003,12.985954705094032,234.93841789999996,47.3721913592666,133.9971853,43.518719145408824,158.82297724000003,79.13546877658817,61.81320461999999,281.08672875
SCA8-4,Det,rho09,263.18541475,27.839710718809897,541.85109699,28.62952793074563,538.72828559,30.980546866911816,545.4117578699999,31.537843957783384,547.6978312199999,28.37566595395841,540.54618332,25.9813664545026,576.46290667,6.514643104856936,709.1145745499999,28.59574713780754,538.6128739100001,30.46793421271838,549.01029597,32.24314769897406,544.65055472,28.396289313368943,540.0749825199999,28.763542784811563,539.1190781199999,32.54412674515429,543.23500357,37.117704347254296,537.99271285,44.15225872086439,535.81568623,682.416849
SCA8-4,SAA,rho09,28.612590900000004,26.509157213372117,325.60844594,28.842688110079543,316.16107628000003,55.58784598741109,199.80900844000004,50.489446431081504,201.89766139999995,27.03558865757944,323.83814164,20.28399768928301,365.12232198000004,51.96901951126699,216.48115105,28.641666616776057,318.69704064000007,61.83421614747934,162.98121915,63.309503360983655,154.68824425,21.17868983511033,349.65453673000013,28.941855746100938,316.78515493000003,64.89617258498602,152.69530052,43.87812653834156,266.26197422,79.48880324570676,100.28506421999998,475.3361527499999
SCA8-4,Det,dayfac,262.7716848375,6.089648553989239,443.7588039500001,6.471911846787034,441.99596417,9.458724568200887,440.2097097100001,8.08834519352553,442.6996888800001,6.602099885202012,441.66655883000004,6.520299105132077,445.06601645,4.993160621782322,468.9027820499999,6.537732218798171,441.50092724000007,10.333615376326447,435.8688370500001,10.264373607711802,434.44238797,5.13966472200075,441.73198204,7.1072755264896035,442.15015036999995,10.655023964935348,433.29870919,36.41744429472238,334.28879344,43.1152536336106,317.01800568,479.41863099999995
SCA8-4,SAA,dayfac,8.487474500000001,-6.737743972014266,96.12177292,-8.437565137898186,97.14634888,5.899350937667044,84.92693762,-3.47716782536429,86.753941,-6.526377610913562,96.12177292,-0.41093801224379745,95.36683303,9.551675412986537,85.6815887,-5.4035150974533,95.43038615000002,7.422829134862226,84.52807362,7.75969586712752,84.3060421,0.0,94.95105275000002,-0.672267910790172,96.47559726,11.399769654683517,84.0495259,40.060191744905985,59.50564817999999,67.05221660459776,42.44123068,94.95105275000002
SCA8-5,Det,rho0,242.2452939125,5.822933737608567,408.01581979,6.370137065108003,406.0587487200001,7.697565618234607,400.5352058800001,7.4536790935645465,391.88672513999995,5.773646701286159,410.21963200000005,5.936966189400902,411.54683815000004,3.2445182342072387,425.35486489999994,6.713179672903785,402.44841574,9.106339480001628,396.67033246000005,9.026657036275909,396.59618949000003,5.916135772146988,397.16550618,7.306823881950624,397.59202571000003,9.20427028462883,389.76953483000005,43.31086652023754,262.93793131,48.39774130033174,244.58226421000003,437.281343
SCA8-5,SAA,rho0,6.886523787499999,-3.151048950036036,68.55274891,-3.0321240286574707,68.71727941,3.9801540001577833,67.63493165,-5.539356673571932,70.9017723,-3.151048950036036,68.55274891,-0.9504011460586288,69.06437673,5.462758121635239,68.1981257,-3.112212120562584,68.94419623,2.732059247969295,68.6582554,2.5847024637174303,68.6582554,0.0,69.2486715,0.0,69.2486715,5.6983958396005,67.87180335,33.935398578625744,51.0830966,56.67082406052024,46.999126860000004,69.2486715
SCA8-5,Det,rho03,247.0636660625,13.876376912632429,480.0922493399999,14.67331732757869,474.33514082999994,15.388794033915943,471.76019382999993,13.920274412102273,481.41411069000003,14.298868261982008,480.39536271000003,11.11599412924299,518.6714305,3.3273328697067153,598.1501912,14.694189868783104,473.78144721999996,15.969299428884533,497.34977055,16.408428821640154,473.62260342,13.347485850735263,474.36703213999994,14.837645564089726,473.32661132999993,16.146610132429736,479.32378636,43.4468632724189,378.49863103999996,48.56705458286432,360.06542054000005,607.00331125
SCA8-5,SAA,rho03,15.396042024999998,-0.4038401161742885,175.95708335999996,-0.12794805293474662,175.00525179,15.642257673039833,140.43491724,8.347050497869764,151.71230205,-0.5165838588311,176.30424483999997,1.5163554478541377,175.86110338000003,16.669552413747695,145.21907814999997,1.285906667950898,174.17754526999997,18.68697905493017,134.76165419,21.336684640544817,133.33517852999998,0.14561812356446152,180.16103428999995,2.352901599071856,174.13136871000003,23.227584395996725,130.47089755000002,38.08774365826011,111.73741214,67.43749594305227,67.56450888,182.58357999999996
SCA8-5,Det,rho06,240.9511852875,21.6030940762508,481.1240229500001,22.792528907866345,482.53312685,23.035583161283352,479.10497481,23.558416608438577,484.29244942,21.534355043362293,484.6484611899999,15.793238240805687,546.39765217,3.705566189411553,647.5471924499999,22.681162720487006,482.86219388999996,23.442683961318682,472.91594729999997,24.713424509594734,480.3458089100001,22.52087716346053,480.91070154,22.859005319388814,475.10660487,24.622036564257474,474.34742732000007,43.29396621997517,430.47370831000006,48.642740831572226,409.47205017999994,656.62100275
SCA8-5,SAA,rho06,24.7035812375,8.45989631587317,300.67098648,8.50643447724125,298.49324053000004,28.746521837166082,233.26240561999995,27.37274816549764,222.21813704999997,8.78108634187456,300.75656911000004,4.376307218804718,329.86431916999993,28.416495031675062,231.13430640000007,8.656919423705473,298.41506254,36.994421254708975,204.25999879,38.24116997927232,199.53851101,4.324691730842016,317.22950809,10.606559102947154,298.95230970000006,38.45931713163011,198.66457087999999,40.063739017629146,208.44465561999996,72.22619586797066,103.56301183,349.7492175
SCA8-5,Det,rho09,236.6245320375,32.00747051979259,470.3389363399999,33.21152257494826,471.77513541,33.683473952467736,477.89651080000004,35.534390547965074,465.08071105999994,32.08064159339563,469.89761839,22.29601334283421,551.0668943699999,4.093370680587313,673.3922312999999,33.22986808360124,471.98844059000004,34.041613015101234,464.18284546999996,36.1272373254825,461.27885151999993,33.16865439825223,472.7207002500001,33.43447683098305,471.0976263200001,36.571491705173536,459.8175087099999,43.648087343341025,459.37798849000006,49.34969573610983,438.9272760399999,673.08440275
SCA8-5,SAA,rho09,33.51630065,23.055936590961448,399.02105293000005,23.95138012195867,390.1162143700001,44.329790326964385,287.55817828000005,48.62036108242154,246.1407128,23.092136403484623,398.6719079300001,10.92965562564256,477.10896172,44.35399795532028,269.31871359999997,24.35624030452181,388.20982290000006,56.557818301465794,230.87917588000005,56.79914281202152,229.93552498999998,22.632955822646853,400.74815737000006,24.77727507346488,392.65200248,58.14837457307508,219.81289293000006,40.43258932277182,328.36867962,74.78565088895036,145.93358130000001,549.23027325
SCA8-5,Det,dayfac,238.6125026875,5.762573058674996,418.21264007999997,5.910575362000455,413.91529989000003,7.896743397883619,416.32998089999995,5.4915155490242675,410.34690452,5.955506910344483,419.6769606799999,5.25611659918984,420.62464923999994,2.7240118138371696,436.99303244999993,6.055506248314018,414.97100359,8.47538882653838,410.72348291000003,8.287995893031644,411.75307287000004,4.472202283539047,412.99590829999994,6.315466828339615,409.33589817,7.919644546140531,414.43534549,42.76174578501885,271.0046109,47.578356962368545,257.17827896,442.20099125
SCA8-5,SAA,dayfac,13.204650212499999,-3.064618221518077,115.01152948999999,-2.6163543936435163,114.75524591,3.9544327232969265,108.51633641999999,-0.14984120882861654,109.59571304999997,-2.1034727087058145,114.03065220999999,0.36712925537481206,112.09423142,5.3069219079853704,107.41495194999997,-2.0970388010571592,113.63321366,6.071553260388936,106.97232194,6.058448422531436,106.8705703,0.0,114.35519624999999,0.15463382347432333,113.70555090999999,6.61410668548598,107.57064565,32.888776511390674,82.99718766,53.845744567843845,73.01433822,114.35519624999999
SCA8-6,Det,rho0,279.390901075,5.6468759966040585,429.6474170900001,5.922870811049726,427.9881253200001,6.573313922836016,425.6669225400001,5.121130649190039,432.3730732,5.322781606086682,429.33664783,3.795230802864819,432.86586157000005,1.9227222555676564,467.7033810499999,6.064260738380956,427.76978028999997,7.230428888977023,420.55895685000013,7.171433472030441,420.55895685000013,4.648556873014837,426.86154573,5.783706787452698,423.32442442,6.731896856387252,421.3494596100001,37.15342658515387,315.01771404000004,41.069292731082186,298.18760465,472.7870247499999
SCA8-6,SAA,rho0,5.7032386375,-5.689723780210662,68.83521166,-5.430896279938466,68.82328593999999,-1.9315807999977015,69.3497041,0.0,68.83224249999999,-4.418475992624121,68.727313,0.18904678000158734,68.61660672,-0.7938213772490074,69.11325054999999,-4.099566314175651,68.727313,1.869446585996891,68.8350103,1.869446585996891,68.8350103,0.0,68.83224249999999,0.2780248821387275,68.83224249999999,3.666374638878146,68.5123352,43.308469879891106,39.190112479999996,66.34399256276956,30.00007,68.83224249999999
SCA8-6,Det,rho03,274.396053325,11.526040479357919,495.97831643999996,12.06839351194229,497.659981,11.918809432642929,496.57788987999993,11.430591458744695,496.5116644199999,11.659723104182536,495.74543594000005,9.487119457642805,529.1825619899998,2.042919719351986,605.6415295999999,12.116062597162376,497.57645909999997,12.770714477804544,505.41444177000005,12.879048484397519,499.24190965,11.239735862370758,491.69542736999995,12.33652644191144,489.14846194000006,12.62826848878113,492.16566097,36.783014257481035,413.9987851000001,40.31966458659708,408.4472051800001,598.4849115000001
SCA8-6,SAA,rho03,13.356051875000004,0.22091654986179832,169.34667481,0.7760674896300794,167.68871745,9.748490786690681,146.70113365,5.44115191601111,143.8281077,0.23407930197188476,169.31151433,1.0679152255089783,171.5709388,9.731472291844485,147.94469185,0.1426980456378593,169.50251339,17.81035428555494,131.38743630000002,17.645031043277548,132.2836163,0.0,175.79190899999998,4.029789941198489,163.36801186,19.712043271769666,130.32552825000002,43.12924509362167,100.27647741999999,71.29146637879468,56.056488959999996,175.79190899999998
SCA8-6,Det,rho06,266.0519459125,18.344504496520933,490.4135660500001,18.816926181763332,485.38363785000007,18.94421662192096,488.69927404000015,18.644698085318314,491.6303093800001,18.430326590103782,491.8350052500001,13.976400075355711,519.35396742,1.5986261462634708,615.13200495,18.725285434440924,485.4238900000001,18.987567193405937,482.19664466999996,19.47366215657729,484.6849744399999,18.03183700459678,483.83024317000013,18.941598522107363,483.97192395000013,19.484001984728383,482.69544065,36.422785664897916,451.74355200000014,39.618433000548755,448.45992735,614.0364185
SCA8-6,SAA,rho06,23.9239484625,10.301313085350397,292.36177126999996,10.133383633558731,287.92687701,24.461673827266136,238.44637343000002,29.525123564247455,213.2670373,10.933332221894714,291.3368101,8.952189992204126,303.95065494,24.608842199389944,243.90425075,10.311141379386775,289.89316061,33.12856513181012,212.26469735000003,34.99787347027687,208.47874606000002,5.615622103959376,316.69928988,13.174445309228183,281.68348508,37.82660091491575,194.66941726999997,43.10456527760963,196.61193197,73.85441021031878,95.38317801,345.17258575000005
SCA8-6,Det,rho09,260.607367875,27.047283248265316,490.46520926000005,27.41733565386827,489.60959764000006,27.825569905906114,486.38332152000004,28.43232006684493,495.80005632000007,27.034423572127505,490.25455035,19.74047631096739,515.4136347900002,2.4982071652796645,622.72278465,27.481487604315117,489.5497379000001,27.853025521257056,484.65853023999995,29.00357436507877,485.69596006,27.341078092878917,491.8478363800001,27.7591484140997,490.03430549000007,29.089951866542183,486.39429565,36.10572367533068,482.14100963000004,39.4463627639292,477.7935643099999,624.5503832499999
SCA8-6,SAA,rho09,33.7465178875,23.434723688719707,371.60318337999996,25.65996519957246,368.0963041,41.01199557281287,286.27451566,47.03808033740794,259.57330875,23.57896592331788,373.36349476000004,17.743517034739565,423.9603126999999,35.66813204291668,326.11579994999994,26.033087568581816,366.8087103,51.05085254405271,256.55223207,55.99206922027061,223.25870397999998,22.508633985059465,369.35158929,26.1583404291611,362.1442708,55.985609847166465,218.18378663000004,43.10908384976997,302.4303748999999,75.36441006827715,138.43779017999998,532.1970295000001
SCA8-6,Det,dayfac,273.5868962,4.819771199809388,440.81386468000005,4.997067003715666,439.28404078000005,5.650976368107225,440.20305204000005,4.012273862881006,451.25261600000005,5.078494573381543,438.8350875000001,3.517747909960024,449.71301465,2.0087746183510347,474.81399394999994,5.220688952901679,440.3719732400001,6.35163104862185,440.85705752000007,6.370910648351449,440.77499323000006,4.241255128322182,436.48730756,5.075665365145522,437.13969088000005,6.362046910417787,437.56968961,37.12308889156512,321.6750170900001,41.08985952193422,308.59331540000005,479.679096
SCA8-6,SAA,dayfac,9.284324325000002,0.015402321697772598,98.89320623999998,0.15257188357647233,98.63850089999998,4.685967694261897,96.05834041999998,-2.9209186420789917,98.88815865000001,-0.12306919276003782,99.15032912999999,-0.08631730990290576,99.75351315,7.085492648383983,95.4038135,-0.2199575842585652,99.04723480000001,4.993773593750454,93.74658193,5.336043907535505,94.69265535000001,0.0,99.60833099999998,1.0160645158203396,98.85544736999998,6.7119629892937915,92.14142335000001,42.288890376521834,58.51734978,64.40572659551076,47.77790698,99.60833099999998
SCA8-7,Det,rho0,222.8014961375,8.180895090467109,382.53039819,8.43794717670917,375.86394513000005,11.446439045122542,371.89195963,10.296755150307407,378.8604411,8.563637087394165,379.6842116900001,6.351385731838549,389.8908473699999,6.169710033731859,393.4922935999999,8.66998771816092,375.75976002000004,12.444725778855858,367.26579640999995,12.387389314687264,363.6480790499999,7.898015782012646,374.4837609500001,8.727235033466751,375.82828151000007,12.657972801087164,363.01305442999995,44.90073184753729,233.04118182000002,54.854893415336186,199.66536083000003,421.56813425
SCA8-7,SAA,rho0,5.5617351125,-4.618493515138615,68.8766338,-6.837870013716875,69.23357996,3.858744756068244,68.04795,0.0,69.34669025,-4.618493515138615,68.8766338,-0.8427228293318174,69.04263434,8.088122112989254,68.10202715,-3.5840088473828855,68.53798835999999,2.7650747183979703,68.211564,5.245953539647302,68.251713,0.0,69.34669025,-0.5296953091812611,69.34669025,6.987834005731793,67.90665564999999,41.8342966077387,40.76703206,64.07896725412415,32.389366120000005,69.34669025
SCA8-7,Det,rho03,230.0532348625,14.814450102546871,472.86216210000003,15.286209630792007,469.98474125000007,17.867324986135298,465.88755515,17.230024927791728,464.92605157,14.896798802452436,473.12895226000006,13.172102252164224,488.3763349100001,6.187935768870363,607.57003575,15.28125088613152,468.17888834000007,19.127153536571587,460.92703847999996,19.817955344879074,459.64851901000003,14.160852578304826,464.77044043,15.635191325172363,466.2764826500001,19.86760470215424,461.06967513,44.97670497823818,349.75865332000006,54.61884382721282,319.26965477,623.6366065
SCA8-7,SAA,rho03,13.160048074999999,-0.7200304661501116,170.10048215999998,0.06179846345278605,168.46066568999998,18.98215557620596,133.29518305000002,3.419454149676424,147.61981015,0.46422208833761136,168.34168938,3.390190745940718,172.79125115,19.914242448540588,132.3370994,1.4249315574783818,166.85970135,25.458315717437056,122.66755045,26.04386416726671,125.64899315000001,-1.5592404741272132,179.28039298999997,6.049943350985808,162.53963043000002,30.90461324169592,120.18637795000001,43.2743964463063,103.28232449000001,74.37568660629684,50.39012263000001,181.01029124999997
SCA8-7,Det,rho06,229.63582786249998,22.41421387141711,452.31657931000007,23.873116467185387,450.8974055000001,25.436226495098488,460.18774958,26.574268412522976,451.52238148,22.71240315741562,453.48406941,19.376873687429633,500.39529317000006,7.030448175389611,666.1313802499999,23.805272628769497,449.8398849800001,25.57155319472223,462.35727924000014,28.174968436432575,443.28340021,23.08316941890242,446.62937218,24.37015362929731,449.9119323500001,28.610923117946562,442.48010710999995,44.96386946087756,386.3523820000001,54.25843791418531,360.70928448000006,669.7167304999999
SCA8-7,SAA,rho06,24.593148400000004,13.216547127817114,302.93234594,13.772220198939632,303.92098646,37.45841706668188,216.19291970999996,28.524860322479093,218.29125565,13.374278260362951,302.69131131,10.160588050206728,335.92412079,37.52808298428354,216.36468685,14.303331524645301,303.49700448,43.97159854083588,192.63496813999998,44.87123610005136,189.85102002999997,9.018909274747443,314.50753579999997,15.813332011203588,303.72441039,47.3457388115464,184.91017887000007,43.77860370858416,211.83371168999994,76.32771829449865,90.95991775000002,375.7313730000001
SCA8-7,Det,rho09,227.8022096625,33.20509248662126,420.27001705000004,34.813957607565385,416.3892661000001,35.45461295926816,447.9892072700001,38.690812874283125,410.67961384,33.35208306256698,420.9906417600001,27.54059434583602,498.84434853000005,8.415098245052565,693.7144206,34.888451994275435,415.57271737,35.615482158931755,440.40255695999986,39.79689217054326,413.15079450999997,34.58996995123144,419.03054025999995,35.17701187149257,420.28298194,39.88711599291289,417.11935463000003,44.99727244102056,404.53893296,54.34727155716445,382.4449427,691.2922929999997
SCA8-7,SAA,rho09,34.0351814125,28.02781112691976,388.54120543,29.670780813852687,380.45967963999993,47.35067983677961,276.40553945000005,46.03259259621846,242.41570153,28.88841140681845,386.39535172999996,14.726705620435313,479.56463511000004,43.54314180930767,304.77989505,30.05307205955826,379.38644597999996,56.19028036082751,235.21489655000002,58.70778592988938,225.87144416000004,26.907045010304028,384.0265577799999,31.67321455657305,370.6893656299999,60.547801604875616,216.38233621,43.949691541841744,320.06336548,76.30221609737688,137.47928854000003,570.51733875
SCA8-7,Det,dayfac,217.115828175,7.2538039786789845,409.3433607000001,7.3478229713134,408.1174854700001,10.350464082649324,400.44911508000007,6.18355190515119,404.6719897700001,7.313691806108684,406.63641820000004,5.345326967431272,422.9147425399999,6.046493611427816,424.61970765000007,7.267967463791289,405.66213456000014,10.998399758884819,397.27304708,11.225175851230867,393.8599916200001,7.191072832983701,405.8232866200001,7.505565070946957,405.97644428,11.204417405207451,395.00711244000007,44.744227128018316,248.72054022,54.587586642910125,220.00656245000002,443.945815
SCA8-7,SAA,dayfac,11.386786675,-1.0363786015162213,112.61597718000002,-2.158319546282349,113.42181661,8.295965266250132,105.52308835,0.0,113.67185649999999,-0.47965026094597824,112.57346697999999,-0.2543788763830468,113.38372233999999,8.970449470548267,104.91539370000001,-0.5822620541892365,112.55847046,9.243208554269312,104.37584704999999,9.794297248481632,104.17296914,0.0,113.67185649999999,0.3435921925708641,113.7868722,12.432366394534212,104.11057355000001,39.732464497057066,73.16447996,61.3833323350637,57.52614044,113.67185649999999
SCA8-8,Det,rho0,209.39325532499998,5.281532783056932,379.35675474000004,5.344541264774857,379.0490178499999,6.878851053795268,380.7756022699999,5.956238872232166,382.86859321000003,5.284422707085585,378.67431991000007,5.046906618170466,385.12898064000007,2.6866575531615617,407.42267555,5.220895405170566,379.72846221,7.398884935884685,372.7885165799999,7.338756657968293,373.19390544999993,5.077393771828264,380.9927663000001,5.400718722266205,382.98682213,7.735057050362511,377.9687539,32.47736057040069,295.76193933999997,38.53038965881505,281.77743141999997,410.61789899999997
SCA8-8,SAA,rho0,3.3355271625,-11.881116932742108,60.3566705,-12.027184098819337,60.3566705,-2.0017513498512742,60.44639794999999,0.0,60.48053425,-6.320304414549946,60.3566705,-0.48797138224472364,60.48053425,-2.210223644071418,60.44639794999999,-7.230964664644674,60.3566705,-1.4067899229706888,60.32435125,-1.4067899229706888,60.32435125,0.0,60.48053425,0.0,60.48053425,4.8307871484767295,59.05646859999999,40.03551518072818,36.432625699999996,67.20890202014657,20.9449413,60.48053425
SCA8-8,Det,rho03,215.5066291,9.408631928714984,514.63464792,9.43800603695675,512.53991397,10.899623900014875,507.76067622000005,10.824414885481586,506.20734367,9.428051629944036,514.63464792,7.391283980693079,552.9522563099998,3.2129215741141133,589.99726345,9.430474810391813,514.95580664,11.3666905465044,515.48865975,11.610611431302852,508.29548786000015,9.422604148560751,509.56321969,9.76463020505759,511.46781866000003,11.455750709433744,509.74991742,32.59914682573447,436.9043958799999,38.52566592741533,411.72997223000004,615.73852875
SCA8-8,SAA,rho03,6.545793325,-4.3534849841902155,103.95799984999998,-1.7701507326463013,104.23528167999999,9.437846023041082,93.11795659999999,3.68173494081407,98.9370367,-3.8117097059431027,103.95799984999998,-1.119226354431231,105.28466694000001,8.967445897781985,92.98542599999999,-0.4386932198168755,103.56180301,12.069452788596852,88.8148827,12.644890296776968,88.9228958,0.0,105.12153550000001,-1.1350052745516326,104.01137112,15.227044767717294,87.3327973,42.284557953103416,60.86395946,72.0395830859814,32.534485880000005,105.12153550000001
SCA8-8,Det,rho06,221.684043575,15.505543935944525,550.66674068,15.694875876002717,545.46404266,17.08945402612295,544.0660598699999,15.942720932931262,549.5899874199999,15.564981295474373,548.6308248199999,11.400548862665259,592.6950999700001,4.484292829419073,653.9687725,15.473567989747908,545.12797754,16.741175380962467,547.3493036199999,17.58573289863811,543.3828801399999,15.219901793736918,547.38824815,16.08510709925596,543.66516555,17.71721568413746,538.08206921,32.9780326245116,504.75714007000005,38.90624157273652,482.33104442999996,676.8061254999999
SCA8-8,SAA,rho06,13.886119925000003,4.286685029475585,213.94978486,5.1981902928870385,212.47513448999996,25.376645287038308,170.01594924999998,11.804893619338387,192.03339379999997,4.609150125858515,213.46589658000002,2.978703858486248,228.91280939999996,26.660024074363587,164.99641019999999,5.918071865564718,211.08981137999996,31.01189153816128,152.583275,28.04769793171726,158.71060035000002,1.8145623785544445,231.27687082999998,7.820348559318683,208.17613246000002,35.96849349189241,141.11998435,42.707794312096155,135.71435015,74.07980233542452,64.15418815000001,237.01325274999996
SCA8-8,Det,rho09,225.82189580000002,24.65410180056598,569.38220985,25.393708999674445,570.6594613,25.645841918177716,583.62040438,26.090013476009457,566.42135352,24.670485458523036,572.5711424799999,15.803314715817745,632.3689392800001,4.995526708132436,698.5645117,25.405610988586883,570.6594613,26.066589921215257,589.13675973,27.846300113959106,568.23418075,25.12955072357515,571.5757158499999,25.81364006089441,569.42633405,28.081981396597612,569.4990130599999,33.11062664500047,564.8736996,39.05391114248187,551.16106382,692.1600282499998
SCA8-8,SAA,rho09,23.7609402,20.86210856252227,319.3933131900001,23.125873821693308,314.3504935099999,49.64330740161536,211.07774063000005,32.66611955237361,255.58470784999994,22.08137003349724,319.3261157300001,9.493260245653078,391.9149211,47.012821550722975,225.35201315000006,24.5684014389296,310.76027711,54.78126940237827,184.11155571,55.61705915997382,180.87369181999998,17.37567381698137,343.4353116699999,26.124848498208856,312.43078312000006,57.17087177173233,178.53662312000003,42.67717953349337,251.29349344,74.43989979403256,114.7762774,438.30207775
SCA8-8,Det,dayfac,204.10088985000002,4.897253951144412,398.93588532,5.158550490023737,397.37744488,6.636560645793784,396.86094368,5.565929105869619,395.58931145,5.143335183504106,397.99392424999996,4.324139214427828,399.21428617000004,3.2164473693988724,414.89559635,5.279692983905917,396.56108273999996,7.357816190579444,395.89886727,7.3494013823379865,394.9687522999999,4.277909487272142,396.60206332999996,5.56860107952147,395.65058923000004,6.859097850474178,391.94892644999993,32.21282721124796,304.83806971,38.39247485622857,292.68424693,419.2728565
SCA8-8,SAA,dayfac,5.9560756,-5.140682834851872,74.14369212,-5.8778620355322415,74.48598491999999,-3.425596730169118,73.0255555,0.0,70.14070674999999,-5.018711674848465,73.7669888,0.34113029055574057,70.45238610999999,1.5228533197261602,70.99830225,-4.928798964539672,73.06490995,0.12274693088182291,70.93834875,0.2585962810814647,70.93834875,0.0,70.14070674999999,-0.06847270373801795,70.45238610999999,6.3325133498977175,68.49321800000001,36.435605434558276,47.70546238,61.08520575192161,37.814712099999994,70.14070674999999
SCA8-9,Det,rho0,279.2735871625,6.54112699346347,447.2627025,7.107757108068339,446.41702874000003,8.560100193825294,443.38982799000013,7.217095859399049,445.56331241,7.0286985074168005,449.94154724,6.553703258142426,446.73473588,2.8589546638200956,484.64893724999996,7.2102449764729615,446.0350573200001,9.268184997544806,442.86384562999984,9.275032377454327,442.53923317,6.834739557161754,446.86476241,7.582979441653281,445.31714066,9.712386643537974,443.07047485000004,30.023250631901764,365.69406382,35.3115870818527,350.12514637999993,492.40361549999994
SCA8-9,SAA,rho0,7.5368805750000005,-3.3764064319142992,73.09808751,-2.235500474279439,73.09808751,1.4406981962826155,72.90011235000001,0.0,72.78098575,-2.1233959316119195,73.09808751,-0.45747250015301893,72.78098575,2.491202801100506,71.99265365000001,-2.265716323891722,73.09808751,1.9358602812941743,72.3845924,2.0586596597359654,72.46336880000001,0.0,72.78098575,0.0,72.78098575,2.9585230624408596,70.41753375,38.960206165930934,47.17603517,58.95231633678897,41.94432485,72.78098575
SCA8-9,Det,rho03,276.3222001375,10.302836659824507,561.64469345,11.7283052741957,553.2529286199999,12.763302200999574,569.28343737,13.623629592652165,563.91158611,11.082377855547533,553.3065601599999,10.1709305311028,567.81279686,3.110841929538248,657.7332788000001,11.749347398741264,554.24940193,13.839094526777515,559.78160687,14.215996120815843,562.9953430300001,11.320390139820274,556.22104988,12.280474848605857,550.48800666,14.406793012718715,558.51496905,29.827297191824425,503.06562573,35.14419474102214,487.24682056000006,654.1440654999999
SCA8-9,SAA,rho03,15.494709462500001,-0.9882256770969695,182.51383556000002,-0.8841124471003611,182.03501983,13.099156985887237,160.67877249,4.490750337617048,168.37344015000002,-0.44432635324090175,182.44892811000003,1.467106637592437,190.41775379999999,11.880355481689628,161.12817725,0.2191455869642634,183.22455541000002,16.445304612951876,146.19385879,17.677719499221002,147.47792467,0.0,192.95074374999996,2.2989611509793724,185.01074233,20.41232931894996,148.01186044999997,41.70356816072504,111.84063782,68.81505182659697,63.675118389999994,192.95074374999996
SCA8-9,Det,rho06,268.4854305875,16.42386086928808,583.43198129,17.21597934154421,582.2477066399999,18.017793537677427,589.6261619300001,18.974182872801205,592.39503634,16.313689496170074,581.1526271399999,15.489594628467774,585.8901097399998,3.1083884735340113,684.6869220500001,17.201503096812797,582.7549830400001,19.011386655435306,583.46163785,19.326077419344248,588.51671063,16.696023923685875,582.8822154,17.79341221419863,578.73245117,19.63247207535964,585.0137120300001,29.806705249847504,558.7622895600001,35.053538668396435,552.14534309,680.3151555000003
SCA8-9,SAA,rho06,23.6058525375,6.797262729448224,312.05704412,5.401456636545761,312.58807837,21.274492219766532,264.36874308000006,11.829894379217146,278.24818795000004,7.000807932586623,312.40916500000003,5.483789828999305,331.46990931999994,21.1708990156611,268.65843995000006,5.789600084677731,311.94429123000003,27.631302500675464,236.44744851,29.818037314340742,229.96396837,2.09796294674492,331.70590358000004,10.385802495823095,301.82315066,32.97107247719966,214.00459468,42.16499154050094,205.2012513,72.12574919483566,102.57586926,355.3088900000001
SCA8-9,Det,rho09,261.62689745,22.183011996727714,601.6340914000002,23.476218843186082,598.9883307299999,24.405405063981508,602.3378275100002,25.898239526174525,601.9539773199999,22.3907324374763,601.5485451900001,21.14007532962855,600.0684545100002,4.41665273338661,692.1804922500004,23.487392312078192,598.9883307299999,24.714413465594536,601.30474337,26.038701857487474,600.08894656,23.3112190422453,599.31092938,23.979815590631265,596.7494478000001,26.32874772257098,598.10099432,30.13038120251579,593.1969748600001,35.61992911176496,591.80592214,690.9689515000005
SCA8-9,SAA,rho09,33.833780412500005,23.04960490498071,425.08537941,23.686461090937378,422.4835385900001,41.238089540668774,319.79849492,36.10967361036101,310.9029169,23.150317843601695,425.41179769,11.29661699313958,497.49814344999993,36.20470464179763,361.9607972,23.583272120995673,424.5708982600001,50.67342820687523,263.05264688000005,51.16404806512397,257.91364196,21.210425706223166,432.18291381,25.024107859883113,414.1475285099999,54.10074047988266,244.52646259999997,42.318415079357194,340.79872012999994,73.87235362196166,157.71906621,590.9951985
SCA8-9,Det,dayfac,274.8214533625,5.955297688100077,456.64822089,6.375043500839963,455.76248435,8.281259873289615,454.3709918699999,7.389180864535429,454.70670201,6.219700698712772,454.17954714,5.874684366509153,460.07742776999993,2.8075670059944486,481.40426785000005,6.451006640342279,454.84809835,9.33924498814336,447.54854097,9.189927612815051,447.4516671999999,5.892688393812911,452.65450457,6.714157504349278,452.70053244,9.186132072156774,446.49717838,29.83113503346556,370.20485856000005,35.066545960436265,357.0386196200001,495.59431800000004
SCA8-9,SAA,dayfac,13.919502499999998,-1.5766741411914804,122.79746783,-2.23859553170093,123.15373441,2.9718635166737983,114.207411,-1.758734732078244,121.44053399999999,-1.4433926787254157,122.79746783,-1.1252876099558822,122.53866523999996,3.8397156076519163,111.50936374999999,-1.346616903154403,122.67236187,5.246891151461776,108.9239872,5.750970661487361,108.26086634999997,0.0,121.49193099999997,1.359580588458521,119.58330102999999,6.788059630723147,107.235157,37.95222192387981,80.396577,55.51990873596237,66.31966700999999,121.49193099999997
