fam,Instance,route,m,reactive,oracle_ho,F_in,F_out,F_star,RF_in,RF_star,H_mean,bias_in,bias_out,cost_baton3,cost_baton3_Fout,cost_baton3_Fstar,cost_dp3,cost_exact_reset,cost_cf,cost_dp3cf,cost_ho,rs_baton3,rs_baton3_Fstar,rs_dp3,rs_exact_reset
SalhiNagy,CMT11X,0,22,35.7721482625,17.709777159999998,1.1719260369047617,1.1308327145009525,1.1428293420380955,35.980106513095244,35.95100981822857,41.88269485714286,0.02909669486666648,-0.01199662753714292,12.978023008500001,13.025274707500001,13.025274707500001,13.07719397,12.975837005,12.9104798415,12.809955730500002,18.29742479,0.446,0.447,0.448,0.447
SalhiNagy,CMT11X,1,28,53.543491562499995,21.264157813999997,59.15512306703704,58.04047051107924,58.11442837641629,95.59370047444446,94.55300578382369,42.244896000000004,1.0406946906207413,-0.07395786533703506,26.841115846999998,26.841115846999998,26.841115846999998,26.870672891999995,26.654173267999994,26.841115846999998,26.870672891999995,26.841115846999998,0.0,0.0,0.0,0.015
SalhiNagy,CMT11X,2,20,12.389170874999996,12.389170874999996,2.8914048500000002,2.698706965473684,2.747146970789474,36.35496590263158,36.21070802342105,42.067231789473674,0.14425787921052646,-0.04844000531578939,12.389170874999996,12.389170874999996,12.389170874999996,12.389170874999996,12.389170874999996,12.389170874999996,12.389170874999996,12.389170874999996,0.0,0.0,0.0,0.0
SalhiNagy,CMT11X,3,24,37.124838325000006,16.592377094,4.274530379782609,4.197833045691304,4.152888976813913,31.374616466739123,31.252975063770428,35.80856226086957,0.12164140296869563,0.04494406887739113,15.079608187500002,15.079608187500002,15.079608187500002,14.935924911000003,14.63620075,14.480861642500003,14.409574987,17.526751345,0.4695,0.4695,0.4665,0.4695
SalhiNagy,CMT11X,4,26,18.3883839,9.577068650000001,0.8930552496,0.848517753944,0.681254203112,24.9713104496,24.759509403112002,35.17493632,0.21180104648799997,0.16726355083199998,4.323864374999999,4.323864374999999,4.324818065,4.0255925800000005,3.8820480175,4.178572883,3.8353190600000002,10.2314929135,0.3025,0.3025,0.331,0.3025
SalhiNagy,CMT11Y,0,23,13.643300324999998,13.643300324999998,39.06050929772727,38.637507043954535,38.62981207040909,74.1394579340909,73.70876070677274,41.703633999999994,0.4306972273181799,0.0076949735454518295,13.643300324999998,13.643300324999998,13.643300324999998,13.643300324999998,13.643300324999998,13.643300324999998,13.643300324999998,13.643300324999998,0.0,0.0,0.0,0.0
SalhiNagy,CMT11Y,1,27,52.02532462500001,22.411246198,18.02241751961538,17.354041476446923,16.961519387927694,54.08171675038462,53.02081861869693,42.888919692307695,1.0608981316876922,0.3925220885192307,24.742752568,24.742752568,24.742752568,24.443121319,22.798530069,24.7169816355,24.313346341999996,25.0521142395,0.029,0.029,0.0215,0.265
SalhiNagy,CMT11Y,2,20,39.339294499999994,19.232093722,2.496107857631579,2.4552050375894736,2.4433576870210527,35.959668910263154,35.906918739652625,42.067231789473674,0.052750170610526156,0.011847350568421157,15.249006959999999,15.24955789,15.24955789,15.041994125,15.209795385,15.169479225,14.958659225,20.130938309500003,0.485,0.485,0.4815,0.485
SalhiNagy,CMT11Y,3,22,0.0974065125,0.047433161999999994,0.019786548809523807,0.019595532714285716,0.04225704595238095,20.986035120238096,21.008505617380955,33.18510685714286,-0.022470497142857142,-0.022661513238095236,0.0335777,0.0335777,0.0335777,0.0974065125,0.0335777,0.0335777,0.0974065125,0.06301923050000001,0.002,0.002,0.0,0.002
SalhiNagy,CMT11Y,4,28,60.436360625,22.645293313999996,40.8768615657037,40.819885296059255,40.8560430687437,70.36422712125926,70.34340862429926,36.90711288888889,0.02081849695999917,-0.036157772684445026,29.28137842849999,29.28137842849999,29.28137842849999,29.33649938649999,29.057237588499994,29.28137842849999,29.33649938649999,29.28137842849999,0.0,0.0,0.0,0.116
SalhiNagy,CMT12X,0,18,0.8995491750000001,0.46384747200000004,0.17400477411764706,0.10176311751764706,0.09665857812941177,19.608406538823527,19.531060342835293,33.09145882352942,0.0773461959882353,0.0051045393882353015,0.335274015,0.335274015,0.335274015,0.348958485,0.33125584,0.319279588,0.34280253,0.603469537,0.014,0.014,0.018,0.014
SalhiNagy,CMT12X,1,14,32.51277658750001,15.917058338,1.3145555053846156,1.1457036478461537,1.1763518081076922,20.398373197692308,20.26016950041538,33.619872307692305,0.13820369727692322,-0.030648160261538198,11.599494824999999,11.638927175000001,11.638927175000001,11.685450255,11.107818495,11.2699980765,11.298919254500001,17.2422538225,0.493,0.493,0.5015,0.493
SalhiNagy,CMT12X,2,13,0.0,0.0,0.0,0.0,0.0,16.691578333333332,16.691578333333332,32.023694,0.0,0.0,0.0,0.0,0.0,0.0,0.0,0.0,0.0,0.0,0.0,0.0,0.0,0.0
SalhiNagy,CMT12X,3,4,0.0,0.0,0.0,0.0,0.0,8.591926666666668,8.591926666666668,30.38372,0.0,0.0,0.0,0.0,0.0,0.0,0.0,0.0,0.0,0.0,0.0,0.0,0.0,0.0
SalhiNagy,CMT12X,4,15,31.5965123625,15.405564094,6.1849865495000005,5.806278174071429,5.852969500214286,26.242153692357142,25.910136643071432,35.35091371428571,0.3320170492857145,-0.04669132614285746,12.987774669,13.1777756825,13.105070123999997,13.087073965,12.1078138075,12.339479894,12.218478099999999,17.743459288500002,0.445,0.4455,0.481,0.4485
SalhiNagy,CMT12X,5,18,3.646603475,1.905243028,29.164412063529415,28.71105735713412,25.389586440329413,53.357865004705886,49.58303938150589,39.118883058823535,3.774825623199999,3.3214709168047034,2.2343448900000005,2.2343448900000005,2.610871572,1.9342679770000002,1.2167488350000002,1.9817191459999999,1.898271987,2.176268085,0.0315,0.0335,0.0245,0.0575
SalhiNagy,CMT12X,6,18,29.566270900000003,15.445448656,46.482423551529415,46.38245451122824,46.74688249144941,69.80408590447058,70.0685448443906,37.9331065882353,-0.26445893992000125,-0.3644279802211777,16.672334492,16.672334492,16.672334492,16.676948023000005,9.758336804999999,16.672334492,16.676948023000005,16.672334492,0.0,0.0,0.0,0.4755
SalhiNagy,CMT12Y,0,14,24.459826237500003,12.309076772,1.1622688953846154,1.1372566520923078,1.0236443722153845,20.549111972307692,20.41048744913846,33.20272369230769,0.13862452316923088,0.11361227987692309,7.952633020000001,7.952633020000001,7.952633020000001,7.9097587725,7.630196712500001,7.830887333500001,7.732059210500001,13.014212504,0.393,0.393,0.3925,0.393
SalhiNagy,CMT12Y,1,15,2.0497620625,1.1162698619999998,12.106125842142859,11.955477502035714,15.373784919782858,31.540030842142862,34.80768991978286,34.23850171428572,-3.2676590776399985,-3.4183074177471418,2.0354276175,2.0659896625000003,2.0659896625000003,2.267533974,0.7877806049999999,1.4897725220000002,1.3415501530000002,1.4897725220000002,0.038,0.0385,0.0415,0.039
SalhiNagy,CMT12Y,2,15,24.8651005,13.282210732,2.775696042857143,2.770888450442857,2.6543638418285718,19.733229614285708,19.611897413257143,35.62117428571428,0.12133220102857156,0.11652460861428571,6.0502353300000005,6.0502353300000005,6.050413795000001,5.866799059999999,5.430809905,6.057233043,5.811922081999999,14.064984046,0.432,0.432,0.4345,0.432
SalhiNagy,CMT12Y,3,14,0.8641539375,0.46215656850000003,16.50385092661539,16.81325990272308,19.788839255172306,35.58766861892308,38.87265694748,33.619872307692305,-3.2849883285569206,-2.975579352449228,1.0661137025,0.949876865,0.9236068085000001,0.8305617095,0.472602325,0.6477612375000001,0.592740053,0.6477612375000001,0.0135,0.01,0.008,0.0235
SalhiNagy,CMT12Y,4,22,31.0719073625,15.442279150000001,22.501094673428575,22.518728973080005,22.50652174321524,47.24613514961905,47.25156221940571,34.462776,-0.00542706978666659,0.012207229864762647,13.1437448005,13.1446776255,13.1446776255,12.833288012499999,8.869311554,13.13094485,12.7839629385,16.17659125,0.2235,0.2235,0.233,0.482
SalhiNagy,CMT12Y,5,20,25.3477031375,13.595662102,6.88247859763158,6.907140633350528,6.968625264593686,32.043730176578954,32.12987684354106,37.427534105263156,-0.0861466669621048,-0.06148463124315763,8.768552887500002,8.768552887500002,8.768552887500002,8.806566676500001,6.3260641375,8.5470516875,8.4098334215,14.430595191499998,0.4415,0.4415,0.445,0.4475
SalhiNagy,CMT1X,0,17,1.541376125,0.6658717399999999,15.920309571749998,15.205703392276249,15.109693632695,36.16914019675001,35.358524257694995,37.534482249999996,0.810615939055001,0.09600975958125013,2.1332336489999997,2.1332336489999997,2.1332336489999997,1.813257506,1.5254530674999998,1.5044853465,1.4760747714999998,1.5044853465,0.019,0.019,0.013,0.028
SalhiNagy,CMT1X,1,16,44.634144425,20.743290502000004,26.057302465533336,25.69044996066266,25.601998157898667,44.919978465533326,44.46467415789868,37.6660808,0.4553043076346695,0.08845180276400051,24.305359742,24.305359742,24.305359742,24.1060557045,18.0754193215,24.1281516055,23.8348727445,24.457908176,0.0095,0.0095,0.0145,0.485
SalhiNagy,CMT1X,2,17,24.9956328375,13.161466705999999,34.51969276125,34.26001660058,34.2800678123225,54.158405261249996,53.9187803123225,39.705682749999994,0.2396249489274989,-0.020051211742498944,13.375014929,13.375014929,13.375014929,13.3749470865,6.67226619,13.385250888999998,13.347683263999999,14.226833954999998,0.09,0.09,0.0865,0.3955
SalhiNagy,CMT1Y,0,15,24.742092587500004,13.709480042,15.679891710714285,14.840783486809999,14.968129397042858,33.59438028214286,32.88261796847143,36.228754,0.7117623136714285,-0.1273459102328577,12.488930215,12.5981128675,12.5981128675,12.703346847499999,5.122906722500001,11.3543034785,11.265418647999999,15.5438214785,0.479,0.4815,0.466,0.5295
SalhiNagy,CMT1Y,1,18,28.720237524999998,15.009798619999998,5.541023870588236,5.295039982411764,5.147815304341176,26.808909752941172,26.415701186694122,38.616647058823524,0.3932085662470588,0.14722467807058803,9.477484842500001,9.477484842500001,9.471733795,9.2333066575,7.521435355,9.1096191055,9.0700987135,15.950744387499999,0.4625,0.4635,0.4705,0.464
SalhiNagy,CMT1Y,2,17,27.378941675,14.734094731999999,8.636369515625002,8.436570236875,8.360624061950002,28.150650765625002,27.874905311950002,38.067145749999995,0.27574545367500064,0.0759461749250002,9.2695688025,9.2100348675,9.2112092725,9.110359657500002,6.587806455,8.671336943500002,8.628610171,16.0965191255,0.4855,0.4865,0.4975,0.496
SalhiNagy,CMT2X,0,8,0.387562275,0.18997972,1.05650735,1.152897631,0.8702628600000002,12.222530207142858,12.036285717142858,32.566936,0.18624448999999993,0.2826347709999999,0.5244268200000001,0.5244268200000001,0.5244268200000001,0.5223274225,0.349830325,0.3817956,0.34943770299999993,0.3817956,0.014,0.014,0.0125,0.0205
SalhiNagy,CMT2X,1,18,31.395066025,15.736840476000001,48.04120564358824,48.23626653655882,48.32612596022118,69.83177387888236,70.11669419551528,37.397599529411764,-0.2849203166329407,-0.08985942366235389,17.080000706,17.080000706,17.080000706,16.978185539500004,11.261666136,17.101366304,16.932876050500003,17.1599833615,0.006,0.006,0.0045,0.483
SalhiNagy,CMT2X,2,8,2.7458788000000003,1.415159384,0.9237667199999999,1.0223323022571429,1.073585573457143,14.847529577142856,14.997348430599999,35.37263714285714,-0.14981885345714277,-0.051253271199999846,2.411018175,2.411018175,2.411018175,2.4522824099999996,1.940077405,2.0987682899999998,2.1021296949999995,2.503005289,0.042,0.042,0.0505,0.042
SalhiNagy,CMT2X,3,14,37.1010017875,17.81277452,44.17038122976923,44.55654467684154,44.41120325506461,62.732155845153855,62.972977870449206,37.64210153846153,-0.24082202529538294,0.145341421776927,22.164536402000003,22.164536402000003,22.164536402000003,22.040232437500002,19.900044765500002,22.164536402000003,22.040232437500002,22.164536402000003,0.0,0.0,0.0005,0.398
SalhiNagy,CMT2X,4,15,30.496372024999996,15.237580282000003,47.379870085499995,47.563654160220004,46.175101833865725,65.07412079978573,63.869352548151426,35.97463342857143,1.2047682516342892,1.3885523263542876,17.2740779445,17.2740779445,17.2740779445,16.986485964499998,12.359525493000001,17.2740779445,16.986485964499998,17.2740779445,0.0,0.0,0.0,0.4315
SalhiNagy,CMT2X,5,12,18.8543783375,9.834427272000001,34.38354512763636,34.438346191249096,34.47247345056364,49.74061694581819,49.829545268745456,35.046558181818185,-0.0889283229272738,-0.03412725931454943,12.613036892,12.613036892,12.613036892,12.8382143005,8.763274430000001,12.571379198,12.767272435999999,12.571379198,0.003,0.003,0.004,0.296
SalhiNagy,CMT2Y,0,10,22.981838775000003,12.280121322,0.6170322894444444,0.4882282094333332,0.43285735960000005,14.18429451166667,14.000119581822224,33.067269333333336,0.18417492984444436,0.055370849833333236,6.2652447275,6.2652447275,6.2652447275,6.047875407499999,6.228421745,6.218557086999999,6.0605898175,13.675306117,0.415,0.415,0.4315,0.415
SalhiNagy,CMT2Y,1,15,34.594239050000006,18.9289551565,32.27494494942857,31.78911064909286,31.50880536237429,51.409235663714284,50.643096076660015,36.76465,0.7661395870542859,0.2803052867185712,20.744789971,20.744789971,20.744789971,20.641601493000003,13.6697674845,20.744789971,20.641601493000003,20.744789971,0.0,0.0,0.0,0.508
SalhiNagy,CMT2Y,2,18,62.284430937500005,57.23280979900001,41.8458460814706,41.42943742831765,38.64941383339765,63.19509843441177,59.99866618633882,37.00762494117647,3.196432248072941,2.780023594919998,61.31066567950001,61.31066567950001,61.31066567950001,61.49605585100001,59.92844259500001,61.31066567950001,61.532468285500016,61.31066567950001,0.0,0.0,0.0,0.084
SalhiNagy,CMT2Y,3,7,25.3367946375,14.149539231999999,1.264671515,1.0913354725833335,1.0118134347666667,13.545248181666667,13.292390101433334,33.506346,0.2528580802333334,0.07952203781666664,6.403690355,6.44579937,6.403690355,6.1924209325,6.285311405000001,6.249533595000001,6.1767201475,15.5043635,0.4725,0.4725,0.493,0.4725
SalhiNagy,CMT2Y,4,14,36.2933449875,19.761031478999996,29.503173692692307,29.168447237338462,29.040018413178455,47.82961215423077,47.366456874716924,40.03763292307691,0.46315527951384455,0.1284288241600008,28.185133325,28.269615044500004,28.2754312395,27.8506382755,17.694881132499997,23.7931426935,23.491129534,23.7931426935,0.274,0.2755,0.275,0.5225
SalhiNagy,CMT2Y,5,11,38.24496332500001,18.15192061,1.4869154505000002,1.17414035815,1.0666858679,15.3082874505,14.888057867899999,34.7025016,0.4202295826000001,0.10745449025000002,14.093686985,14.0506159175,14.05853492,13.837232672499999,12.993538597499999,13.4047077,13.1108213655,20.871645805,0.5255,0.527,0.5415,0.527
SalhiNagy,CMT3X,0,26,16.2581947125,8.178251494,50.43066711971999,49.9127229403416,45.910508587353604,78.90856791972001,74.38840938735359,43.48103632,4.520158532366396,4.002214352988,10.0937946695,10.2439857945,10.2439857945,9.934112653,6.3238736025,10.011875687,9.836621704,10.011875687,0.0025,0.02,0.0055,0.22
SalhiNagy,CMT3X,1,21,43.573879537500005,18.837453487999998,6.1108768814,5.927817486916999,5.898237530958,27.985633881400002,27.772994530958005,37.5272422,0.21263935044199989,0.0295799559589996,19.49821064,19.49821064,19.49821064,19.606343992499998,19.5231416225,19.49821064,19.516657570499998,21.700558844,0.207,0.207,0.1995,0.49
SalhiNagy,CMT3X,2,23,32.703876375,16.124610118,20.49716813222727,20.26092949821091,19.608079257438177,45.43086949586364,44.54178062107455,38.375696909090905,0.8890888747890903,0.6528502407727259,14.054189384499999,14.054189384499999,14.054189384499999,13.739104440500002,10.946944577999998,13.899277978999999,13.610894546,17.1907969355,0.255,0.255,0.3025,0.479
SalhiNagy,CMT3X,3,11,0.0,0.0,0.0,0.0,0.0,13.337817000000001,13.337817000000001,32.091946,0.0,0.0,0.0,0.0,0.0,0.0,0.0,0.0,0.0,0.0,0.0,0.0,0.0,0.0
SalhiNagy,CMT3X,4,19,36.74392720000001,15.682138799999999,8.679202314555555,8.247665854832222,8.381459685184446,30.692073981222222,30.394331351851115,35.39468333333334,0.29774262937111157,-0.13379383035222178,19.1894469005,19.1894469005,19.1894469005,19.171216661499997,18.8893224125,18.838652265,18.758323877500004,19.269181048,0.0085,0.0085,0.01,0.2905
SalhiNagy,CMT3Y,0,21,27.1264234375,14.344161132,8.84039503175,8.453083304633001,8.20146930252,31.69665403175,31.057728302519997,38.0576956,0.63892572923,0.2516140021130001,10.060008439999999,9.9411906375,10.05627224,9.626893857499999,6.852035365,8.955375544499999,8.825439097499999,15.4376941775,0.505,0.5075,0.476,0.509
SalhiNagy,CMT3Y,1,21,20.5195460375,10.452666176000001,1.3977329002499999,1.237623310305,1.2136103131499998,22.79813240025,22.61400981315,36.550502800000004,0.18412258709999996,0.02401299715499996,5.3093732175,5.3093732175,5.3093732175,5.452282405,5.122248857500001,5.3838556345,5.379703678,11.303268259500001,0.335,0.335,0.334,0.335
SalhiNagy,CMT3Y,2,21,47.39345891250001,19.896154876,24.890090965749998,24.325673052975,27.235683713349992,49.17737596575,51.52296871335,40.865135800000004,-2.345592747600001,-2.910010660375,29.820801100500002,29.820801100500002,29.820801100500002,29.9308171705,28.819236844999995,29.524944337499996,29.828069099499995,30.0856582385,0.0255,0.0255,0.029,0.441
SalhiNagy,CMT3Y,3,19,48.116616349999994,21.47183543,2.250614275,1.9441133966000004,1.6593000350000002,25.987287052777774,25.395972812777778,42.127418,0.5913142399999999,0.28481336160000004,19.229093799999998,19.229093799999998,19.229093799999998,18.65227002,18.8030004975,18.1964973475,17.8031758845,24.4644652555,0.4745,0.4745,0.5005,0.4745
SalhiNagy,CMT3Y,5,16,32.3596368,15.527707232000001,0.8226592843333334,0.7626628858200001,0.6473718016933334,19.338463284333333,19.163175801693335,35.215976000000005,0.17528748263999994,0.11529108412666658,9.688860210000001,9.688860210000001,9.688860210000001,9.332609394999999,9.6231147125,9.610143355,9.2388847625,16.905969837500002,0.448,0.448,0.4745,0.448
SalhiNagy,CMT4X,0,21,3.3856297250000003,1.6661725900000002,25.556994403149996,25.447824315392005,27.896339553751993,47.39916690315,49.738512053752,35.2318978,-2.339345150602001,-2.4485152383599997,2.0247286780000002,2.0247286780000002,2.0247286780000002,1.9057454209999998,1.13692002,2.0247286780000002,1.886318021,2.0247286780000002,0.0,0.0,0.005,0.051
SalhiNagy,CMT4X,1,24,33.553544800000004,16.700755005999998,30.080373770608684,29.90476880105478,29.270082994205215,56.09267333582608,55.28238255942259,38.550126086956524,0.8102907764034756,0.6346858068495639,15.977037011,15.982183341,15.982183341,15.76332089,10.9543528945,15.8881788145,15.755784466,17.771137394500002,0.19,0.19,0.1915,0.482
SalhiNagy,CMT4X,2,7,0.0,0.0,0.0,0.0,0.0,9.684091666666667,9.684091666666667,31.002080000000003,0.0,0.0,0.0,0.0,0.0,0.0,0.0,0.0,0.0,0.0,0.0,0.0,0.0,0.0
SalhiNagy,CMT4X,3,25,22.698343537499998,9.814422792,42.895037396750006,43.132841201705,42.45223368768166,69.76135073008334,69.318547021015,38.9210845,0.4428037090683323,0.680607514023334,12.618731539999997,12.618731539999997,12.618731539999997,12.588233243999998,10.685909271,12.618731539999997,12.588233243999998,12.618731539999997,0.0,0.0,0.0,0.224
SalhiNagy,CMT4X,4,15,29.326394875,15.578653978,1.5364289689285715,1.627309323642857,1.6486822850142857,22.127423968928575,22.239677285014288,36.91173228571429,-0.11225331608571441,-0.021372961371428623,8.1785504075,8.1785504075,8.1785504075,8.25046728,7.96481675,8.1785504075,8.183460724,17.0620361325,0.503,0.503,0.506,0.503
SalhiNagy,CMT4X,5,22,2.3555489625,1.1691656240000001,1.8102812126190477,1.653728487009524,1.7652994546285714,25.260572164999996,25.215590407009522,34.67024685714286,0.044981757990476295,-0.11157096761904765,1.27671596,1.27671596,1.27671596,1.0100765475,1.120113175,1.231158701,0.8717383885000001,1.5069957905000002,0.027,0.027,0.037,0.027
SalhiNagy,CMT4X,6,20,3.5434574000000003,1.956560549,31.947258229842106,31.802829126575794,33.005201408566315,53.156433493,54.21437667172421,35.06499684210526,-1.05794317872421,-1.202372281990524,2.2293705690000003,2.2293705690000003,2.2293705690000003,2.0710380795,1.3168556,2.2293705690000003,2.0710380795,2.2293705690000003,0.0,0.0,0.0,0.048
SalhiNagy,CMT4X,7,16,0.040873962500000006,0.019248619999999998,0.7545850850000001,0.8048079752,0.7902980151333334,22.318296418333336,22.35400934846667,37.026556799999994,-0.03571293013333333,0.01450996006666662,0.040873962500000006,0.040873962500000006,0.040873962500000006,0.040873962500000006,0.040873962500000006,0.040873962500000006,0.040873962500000006,0.040873962500000006,0.0,0.0,0.0,0.0
SalhiNagy,CMT4Y,0,18,11.232228600000001,10.30769141,19.532789832352947,19.26400480967647,19.28832460188235,41.11845571470588,40.87399048423529,36.69031529411764,0.24446523047059188,-0.024319792205880746,11.329558950000001,11.329558950000001,11.329558950000001,11.232228600000001,11.24468705,11.2644506195,11.232228600000001,11.2644506195,0.003,0.003,0.0,0.0035
SalhiNagy,CMT4Y,1,12,21.012407924999998,11.372389287999999,0.9343709827272728,0.8317550854636363,0.7798935023272726,14.48034371,14.325866229599997,32.520523272727274,0.15447748040000006,0.05186158313636368,3.6944969450000005,3.6944969450000005,3.6944969450000005,3.6516158675000003,3.642915795,3.6944969450000005,3.6520819625000005,12.143826559,0.4,0.4,0.3975,0.4
SalhiNagy,CMT4Y,2,26,31.2284319375,14.999041342,7.512675949639999,6.955550634276801,6.4981459405872,35.05233954964,34.037809540587205,37.33353616,1.0145300090527996,0.4574046936896001,11.6449777985,11.6555811585,11.8322503035,11.287888647499999,10.8691257975,11.357591217000001,11.120891322000002,15.643271076000001,0.367,0.367,0.3595,0.4385
SalhiNagy,CMT4Y,3,15,0.0,0.0,0.10621328571428572,0.14722656914285717,0.1547800069285714,20.69720828571429,20.74577500692857,36.91173228571429,-0.048566721214285694,-0.0075534377857142745,0.0,0.0,0.0,0.0,0.0,0.0,0.0,0.0,0.0,0.0,0.0,0.0
SalhiNagy,CMT4Y,4,21,29.097134425,15.151532274000001,3.45613650725,3.29647175439,3.16423655311,25.941291507249996,25.64939155311,35.404045,0.2918999541399999,0.13223520127999994,7.8950575175,7.8950575175,7.976060115,7.727538002499999,7.24118214,7.8119713415000005,7.55243016,15.944481917500001,0.4835,0.484,0.4935,0.484
SalhiNagy,CMT4Y,5,20,41.176816712500006,17.68187861,3.5776975786315792,3.417338582426316,3.3240506053578946,24.711932315473682,24.458285342200003,34.511860000000006,0.25364697327368413,0.09328797706842099,17.4345528155,17.480293030499997,21.911455890000003,21.0914389195,18.7162362,17.4345528155,17.265540805000004,20.190997879999998,0.3355,0.504,0.5045,0.5105
SalhiNagy,CMT4Y,6,22,45.077515837499995,19.164481820000002,2.4366214322380952,2.3352216729266666,2.177322266510476,26.021359527476186,25.76206036174857,35.486000571428576,0.25929916572761913,0.15789940641619046,18.597010644500003,18.597010644500003,18.597010644500003,18.519883195000002,18.667028632,18.597010644500003,18.548701542499998,22.183971957,0.3915,0.3915,0.374,0.4115
SalhiNagy,CMT4Y,7,16,30.6035118375,15.657598914,0.9703738793333333,0.8930248177933333,0.8738534749733333,22.53408521266667,22.437564808306668,37.026556799999994,0.09652040436000008,0.019171342820000124,8.74637273,8.74637273,8.74637273,8.705493109999999,8.741734605,8.7480399025,8.615371284999998,16.305068524499998,0.464,0.464,0.464,0.464
SalhiNagy,CMT5X,0,15,0.4342840625,0.195834744,1.3822762885714286,1.4408989824999998,2.2612054362571423,19.028044859999998,19.90697400768571,31.926783999999998,-0.878929147685714,-0.8203064537571426,0.39693911249999997,0.39693911249999997,0.39693911249999997,0.3962399375,0.2144799175,0.2878406185,0.34675753350000005,0.2592315335,0.0025,0.0025,0.0025,0.0045
SalhiNagy,CMT5X,1,7,0.0,0.0,0.0,0.0,0.0,9.810991666666668,9.810991666666668,30.607992,0.0,0.0,0.0,0.0,0.0,0.0,0.0,0.0,0.0,0.0,0.0,0.0,0.0,0.0
SalhiNagy,CMT5X,2,14,0.0,0.0,0.936737351923077,1.1206700843846156,1.1449710863076923,21.45107504423077,21.659308778615387,36.11476923076923,-0.20823373438461534,-0.024301001923076954,0.0,0.0,0.0,0.0,0.0,0.0,0.0,0.0,0.0,0.0,0.0,0.0
SalhiNagy,CMT5X,3,15,0.0,0.0,0.007695432142857143,0.002487413392857143,0.0030067594285714287,16.980467575,16.975778902285715,32.34670342857144,0.0046886727142857135,-0.0005193460357142855,0.0,0.0,0.0,0.0,0.0,0.0,0.0,0.0,0.0,0.0,0.0,0.0
SalhiNagy,CMT5X,4,19,3.8921179249999995,2.0071292520000004,28.300364071222223,28.029309688126666,27.01474317981333,51.10558573788889,49.81996484648,36.545494,1.285620891408891,1.0145665083133355,2.5707105775,2.5707105775,2.5707105775,2.5885025405,1.4706175275,2.4755568150000005,2.3724624135000005,2.4755568150000005,0.003,0.003,0.0055,0.068
SalhiNagy,CMT5X,5,19,30.692629125,15.994279456000001,4.699731383611111,4.428674564261112,4.315972937544444,28.247370828055555,27.863612381988887,37.11241866666667,0.3837584460666664,0.11270162671666673,9.2807234175,9.2807234175,9.2807234175,8.977626197500001,8.3507909075,8.8408957435,8.579268486,17.1047623705,0.498,0.498,0.5165,0.498
SalhiNagy,CMT5X,6,20,30.5901438375,14.06688829,15.948816207894735,15.486977872664212,16.066118319082108,37.078537786842105,37.195839898029476,33.42197894736842,-0.11730211118736768,-0.5791404464178944,14.4847446975,14.12487285,14.485458417500002,13.8835314205,11.6319135925,13.82741606,13.975338887,15.428346032500002,0.1315,0.1315,0.145,0.4255
SalhiNagy,CMT5X,7,16,33.7414301,16.114750462,2.312931154,2.2181666973800005,2.23575577448,22.453460487333338,22.376285107813334,34.073594400000005,0.07717537951999982,-0.017589077100000124,12.915670742499998,12.9960990175,12.964844127500001,12.854793310000002,12.1081735475,12.256648766,12.317387934000001,17.4882032415,0.53,0.5285,0.506,0.533
SalhiNagy,CMT5X,8,17,41.22951378750001,26.839980712,4.0774202719375,3.7731202947800004,3.8960508378750003,25.0260446469375,24.844675212875,35.266993,0.18136943406249992,-0.12293054309500004,34.904393803,34.904393803,34.904393803,34.591620677,34.814305435,34.904393803,34.62858634749999,34.939242173,0.004,0.004,0.0,0.068
SalhiNagy,CMT5X,9,23,0.9488122625000001,0.496307254,22.356057730227274,21.88156189520182,19.994289153383633,46.3663404575,44.00457188065636,35.12215218181818,2.361768576843639,1.8872727418181847,0.5188429705,0.5188429705,0.5188429705,0.5180036554999999,0.24381867250000006,0.5349715835,0.5229169495,0.5454261925,0.002,0.002,0.002,0.017
SalhiNagy,CMT5X,10,16,28.439266337500005,14.58354397,2.228166407666667,2.14055712392,2.1318784118666665,23.143441740999997,23.0471537452,35.2626752,0.09628799580000012,0.008678712053333499,7.721962207500001,7.721962207500001,7.721962207500001,7.717599235000001,7.6480034975,7.696728429500001,7.692365457,15.282739949500002,0.4475,0.4475,0.4575,0.4475
SalhiNagy,CMT5X,11,18,5.3242194875,2.539336702,0.6885326905882353,0.6525349544882353,0.6447582798588234,20.221701514117647,20.17792710338823,33.09665482352941,0.04377441072941172,0.007776674629411751,2.1340184724999998,2.1340184724999998,2.1340184724999998,2.1105595325,1.9351673225,2.1345460395,2.110328319,3.094168001,0.0905,0.0905,0.0935,0.0905
SalhiNagy,CMT5Y,0,15,26.2169851875,13.832847816000001,1.2487380417857146,1.1788941767714287,1.1225619995000002,18.894506613214283,18.768330570928573,31.926783999999998,0.1261760422857143,0.05633217727142847,6.1697182725,6.1697182725,6.1697182725,5.9333819075,5.985781247500001,6.1759104625,5.8965148605,14.653175757000001,0.4615,0.4615,0.474,0.4615
SalhiNagy,CMT5Y,1,18,6.925718225,3.95880696,27.761450605294126,27.726793122284707,28.674423509367063,48.86860001705883,49.78157292113177,33.83141552941177,-0.9129729040729392,-0.9476303870823511,5.241845617999999,5.241845617999999,4.643332034999999,4.661641243,2.5918605025000008,4.643332034999999,4.544160751,4.643332034999999,0.0125,0.0,0.0035,0.1205
SalhiNagy,CMT5Y,2,14,30.596838125,15.772605658,1.9130956392307694,1.807792420469231,1.6984903710461536,22.42743333153846,22.212828063353847,36.11476923076923,0.21460526818461562,0.10930204942307711,9.32318612,9.32318612,9.32318612,9.1402423875,9.1617334975,9.191774264000001,9.0783491775,17.036285276,0.4775,0.4775,0.4935,0.4775
SalhiNagy,CMT5Y,3,16,26.500776612499997,13.751590470000002,0.6922197200000001,0.6770360850733332,0.6369794805600001,18.41494838666667,18.35970814722667,32.5889872,0.05524023943999999,0.04005660451333333,6.3404005649999995,6.3404005649999995,6.3404005649999995,6.2454021225,6.378515559999999,6.337196035000001,6.2834246625,14.6281636975,0.4625,0.4625,0.476,0.4625
SalhiNagy,CMT5Y,4,20,14.684813162500001,13.835971285,29.005623972368415,28.998814463962102,28.959580042677896,52.16875870921052,52.122714779519995,35.26054063157894,0.04604392969052322,0.039234421284210175,14.528635163999999,14.528635163999999,14.528635163999999,14.478320452500002,14.033611285000003,14.528635163999999,14.478320452500002,14.528635163999999,0.0,0.0,0.0,0.041
SalhiNagy,CMT5Y,5,18,56.709335275,46.7867058825,5.345950081470589,5.2183666704035305,5.086646054352941,28.344073022647056,28.08476899552941,36.668353882352946,0.2593040271176478,0.13172061605058874,54.82306062000001,54.82306062000001,54.82306062000001,54.788795085000004,54.748630303,54.808933315000004,54.805383930000005,54.82306062000001,0.0,0.0,0.0,0.002
SalhiNagy,CMT5Y,6,20,28.3931864625,12.101156304,4.364289442894737,4.446066083847369,4.279859695957894,25.494011021842105,25.409581274905264,32.83788715789475,0.08442974693684223,0.16620638788947395,13.6482099275,13.6325725375,13.6482099275,13.555091825,13.3119826125,13.346672531500001,13.3103590855,14.9903526205,0.18,0.18,0.187,0.27
SalhiNagy,CMT5Y,7,19,36.4707285,15.882117996000002,1.4361285194444444,1.340322390861111,1.1820265838666666,21.638608519444446,21.384506583866667,33.80687066666667,0.25410193557777777,0.15829580699444443,16.5424867875,16.5424867875,18.4907588225,18.736022372500003,16.1821552675,16.305899722,16.233453515,18.8727805605,0.398,0.479,0.4695,0.399
SalhiNagy,CMT5Y,8,17,28.069186812500003,14.804079391999998,3.534756915625,3.43989881691875,3.3808003279125,24.483381290625,24.329424702912497,35.266993,0.15395658771249993,0.059098489006249845,6.9989946075,6.9989946075,6.9989946075,6.941221825,6.7528723274999995,6.9989946075,6.8610225835000005,15.554959455499999,0.447,0.447,0.4545,0.447
SalhiNagy,CMT5Y,9,22,26.213148725,13.275876502,3.105248727142857,3.0760304830857144,3.072523219133333,26.327825393809523,26.2950998858,33.873981142857154,0.03272550800952382,0.003507263952380952,7.689723912500001,7.689723912500001,7.689723912500001,7.3778039025,6.631938552499999,7.380847094000001,7.164669538,13.8424866305,0.441,0.441,0.443,0.4415
SalhiNagy,CMT5Y,10,20,29.877832799999997,15.168246069999999,3.5051078731578946,3.3864677044421057,3.4687520306631576,26.962983136315785,26.92662729382105,35.082421473684214,0.03635584249473693,-0.08228432622105258,9.3107551275,9.3107551275,9.3107551275,9.369254367500002,8.473259559999999,9.1655027865,8.905780668,16.114577111,0.479,0.479,0.4815,0.479
Dethloff,CON3-0,0,11,2.9699512625,1.675272536,0.28963954449999996,0.29005584744,0.27271258318,16.5740075445,16.557080583180003,44.1079924,0.01692696132000001,0.017343264259999987,1.0142763375,1.0142763375,1.0142763375,0.9754641650000001,1.0142763375,1.0142763375,0.8470923,2.016672544,0.0545,0.0545,0.053,0.0545
Dethloff,CON3-0,1,8,1.4157888374999998,0.788874222,0.016521607142857143,0.02949377581428571,0.033412221114285705,10.874593035714286,10.891483649685714,30.33423657142857,-0.01689061397142857,-0.003918445299999997,0.27536183999999997,0.27536183999999997,0.27536183999999997,0.255226045,0.27536183999999997,0.27536183999999997,0.249015985,0.91019983,0.036,0.036,0.0335,0.036
Dethloff,CON3-0,2,11,1.255025425,0.681995316,0.035350846,0.07238875040000001,0.07153590912,15.109984846,15.146169909120001,40.2409648,-0.03618506312,0.0008528412800000013,0.30795988,0.30795988,0.30795988,0.323538825,0.30084405,0.30795988,0.318606355,0.794337094,0.02,0.02,0.02,0.02
Dethloff,CON3-0,3,10,2.6992085,1.4759061820000001,0.1427971316666667,0.27865154442222223,0.26614862097777775,12.872576020555556,12.995927509866666,31.709176,-0.1233514893111111,0.012502923444444454,0.7399433550000001,0.7399433550000001,0.7399433550000001,0.70373913,0.6797494575,0.7399433550000001,0.7566499975000001,1.8815428375,0.0595,0.0595,0.0685,0.0595
Dethloff,CON3-0,4,10,4.2639605875,2.3171472460000007,0.3586929516666666,0.4999376744444445,0.44576153002222213,18.31892739611111,18.405995974466666,45.239883999999996,-0.08706857835555554,0.054176144422222246,1.9794284224999998,1.9794284224999998,1.9794284224999998,1.7183120049999998,1.9469772349999999,1.9794284224999998,1.6907696575,3.1832216015000006,0.0475,0.0475,0.0615,0.0475
Dethloff,CON3-1,0,14,1.5838944375,0.865580286,0.038859477692307694,0.038373184615384616,0.03813441949230768,19.268811016153848,19.268085957953847,43.17052092307692,0.0007250582000000041,0.00023876512307692395,0.6253563750000001,0.6253563750000001,0.6253563750000001,0.48020620500000005,0.6253563750000001,0.6253563750000001,0.46137631,1.0840408570000002,0.0205,0.0205,0.0245,0.0205
Dethloff,CON3-1,1,8,2.8166724124999996,1.57249614,0.2364040428571428,0.22464399065714288,0.2091599922,10.765468328571428,10.738224277914286,32.15007314285714,0.027244050657142835,0.015483998457142854,0.79543493,0.79543493,0.79543493,0.7620165600000001,0.7402519350000001,0.7868399475,0.75814943,2.012264124,0.085,0.085,0.0675,0.085
Dethloff,CON3-1,2,5,1.2626962,0.706637568,0.0043822425,0.029324506499999996,0.0312295066,8.5535422425,8.5803895066,30.116605,-0.0268472641,-0.0019050001000000044,0.24016160500000003,0.24016160500000003,0.24016160500000003,0.26841624999999997,0.24016160500000003,0.24016160500000003,0.25773652,0.8551026795000001,0.0265,0.0265,0.0295,0.0265
Dethloff,CON3-1,3,10,3.4967081374999998,1.8692366739999997,0.36591320055555554,0.3179100713,0.32144117624444446,17.040417645,16.99594562068889,41.38914666666667,0.04447202431111111,-0.0035311049444444196,1.2553076300000003,1.2553076300000003,1.2553076300000003,1.2851502675000002,1.2468886350000004,1.3230471900000003,1.3010329175000002,2.424072334,0.063,0.063,0.0635,0.063
Dethloff,CON3-1,4,13,2.3325386625,1.2470400220000002,0.08871002458333334,0.12195523486666666,0.11097268826666667,15.944015857916668,15.966278521600001,34.260444,-0.022262663683333322,0.010982546600000004,0.687093635,0.687093635,0.687093635,0.6516281725,0.6594408725,0.687093635,0.6903915199999999,1.5554591894999998,0.0435,0.0435,0.0495,0.0435
Dethloff,CON3-2,0,9,0.45761654999999996,0.240758648,0.027109234375000006,0.023143939187500004,0.027914038925,11.721749234375,11.722554038925,30.8258065,-0.0008048045499999949,-0.004770099737499998,0.20899203500000002,0.20899203500000002,0.20899203500000002,0.14212608,0.20899203500000002,0.20899203500000002,0.14212608,0.330157071,0.0145,0.0145,0.0115,0.0145
Dethloff,CON3-2,1,8,3.2940688,1.8954824239999999,0.4587813228571428,0.3829159562285714,0.3695841280285714,15.627459894285716,15.538262699457144,42.08454914285714,0.08919719482857144,0.013331828199999994,1.1141403399999998,1.1141403399999998,1.1141403399999998,1.0877262099999998,1.025969415,1.1958507345,1.0338709475,2.429518144,0.055,0.055,0.059,0.0555
Dethloff,CON3-2,2,13,0.6849888,0.370852178,0.040168753333333335,0.03420049055,0.033426125349999995,18.216666253333333,18.20992362535,40.808094000000004,0.0067426279833333385,0.000774365200000001,0.20153732249999998,0.20153732249999998,0.20153732249999998,0.2101087875,0.20153732249999998,0.20153732249999998,0.2101087875,0.45327517749999996,0.0135,0.0135,0.014,0.0135
Dethloff,CON3-2,3,9,1.4046024124999998,0.759009998,0.02893886375,0.036381867837500005,0.026468125825,11.245030113750001,11.242559375825001,32.030232999999996,0.0024707379249999974,0.009913742012499999,0.41416237499999997,0.41416237499999997,0.41416237499999997,0.3488466525,0.41416237499999997,0.41416237499999997,0.3488466525,1.058577806,0.028,0.028,0.0345,0.028
Dethloff,CON3-2,4,11,1.4584549625,0.784506614,0.050764915,0.06472640129,0.06229669278000001,14.379994915000003,14.391526692780001,32.90178159999999,-0.011531777780000002,0.002429708509999998,0.38167958,0.38167958,0.38167958,0.40352931750000004,0.38167958,0.38167958,0.40352931750000004,0.92723034,0.0265,0.0265,0.029,0.0265
Dethloff,CON3-3,0,7,3.5839056,1.989604544,0.14325864166666666,0.0944772758,0.06965362746666667,9.112233641666668,9.038628627466666,31.075292000000005,0.0736050142,0.02482364833333332,0.94285562,0.94285562,0.94285562,0.8354542925,0.86561492,0.94285562,0.8348398075,2.395333619,0.073,0.073,0.0865,0.073
Dethloff,CON3-3,1,10,4.8887849375,2.694632098,0.5036867316666667,0.3759052256777778,0.3585951112222222,17.421200065,17.276108444555557,41.040048,0.14509162044444449,0.017310114455555595,1.7427469249999998,1.7427469249999998,1.7427469249999998,1.7063717649999999,1.58073905,1.745127615,1.74528386,3.377649208,0.085,0.085,0.089,0.085
Dethloff,CON3-3,2,13,2.6912028375,1.4424742739999998,0.14053801708333333,0.11145860018333335,0.10307982815000001,17.998458017083333,17.960999828149998,37.92708700000001,0.03745818893333332,0.008378772033333332,0.808296245,0.808296245,0.808296245,0.7923894425,0.7777821024999999,0.7963392375000001,0.7765415425000001,1.7971712315,0.0555,0.0555,0.0565,0.0555
Dethloff,CON3-3,3,11,2.3158505999999996,1.3284478279999998,0.34808610300000004,0.28805819694,0.27922960005999997,15.974473103000003,15.905616600060004,44.4435304,0.06885650293999998,0.008828596879999987,0.7820596225,0.7820596225,0.7820596225,0.7423712800000001,0.7820596225,0.7820596225,0.7281961525,1.7593831975,0.057,0.057,0.056,0.057
Dethloff,CON3-3,4,9,2.951264725,1.677848388,0.5217606549999999,0.430350492425,0.37299645827499994,13.238475655,13.089711458274998,34.6908865,0.14876419672499996,0.05735403415,0.9479710850000002,0.9479710850000002,0.9479710850000002,0.792797505,0.86448254,0.93892965,0.7743177450000001,2.218858081,0.0665,0.0665,0.076,0.0665
Dethloff,CON3-4,0,12,2.4141245749999998,1.3745551300000003,0.040873082727272726,0.09188825522727274,0.09081716214545454,16.739748537272728,16.789692616690907,44.474613454545455,-0.04994407941818182,0.0010710930818181893,0.74882447,0.74882447,0.74882447,0.6851256,0.74882447,0.74882447,0.6851256,1.9593945444999998,0.064,0.064,0.0595,0.064
Dethloff,CON3-4,1,8,0.6895934125,0.38563822600000003,0.0022122942857142856,0.03176947141428571,0.019730569485714285,10.535415151428571,10.552933426628572,31.492522857142855,-0.0175182752,0.012038901928571422,0.27431045,0.27431045,0.27431045,0.1655748825,0.27431045,0.27431045,0.1655748825,0.5371837595,0.0125,0.0125,0.019,0.0125
Dethloff,CON3-4,2,9,1.711595,0.9972957659999999,0.03436257937500001,0.0963973417625,0.07106094104999999,16.252433829375,16.28913219105,38.681926,-0.036698361674999985,0.02533640071250001,0.6077538325,0.6077538325,0.6077538325,0.509869255,0.6077538325,0.6077538325,0.509869255,1.3636550015,0.0335,0.0335,0.0415,0.0335
Dethloff,CON3-4,3,9,1.87821485,1.0433498519999997,0.10556562062500001,0.128813529525,0.087698418775,11.787763120625,11.769895918775,31.576459,0.017867201850000004,0.04111511075000001,0.562438005,0.562438005,0.562438005,0.42651754,0.562438005,0.562438005,0.408609365,1.2543969160000001,0.033,0.033,0.0435,0.033
Dethloff,CON3-4,4,12,1.4991894124999998,0.814397508,0.01856112590909091,0.09424076250909091,0.06493759443636364,17.12036294409091,17.166739412618185,37.397872,-0.046376468527272736,0.02930316807272727,0.596468165,0.596468165,0.596468165,0.4915974125,0.596468165,0.596468165,0.4915974125,1.144067784,0.0265,0.0265,0.0315,0.0265
Dethloff,CON3-5,0,8,1.62890775,0.903216724,0.14498106714285713,0.1589320599,0.16663535842857144,11.831839638571427,11.853493929857141,32.487022857142854,-0.021654291285714295,-0.007703298528571435,0.6120140799999999,0.6120140799999999,0.6120140799999999,0.60945285,0.609625945,0.6120140799999999,0.5908511099999999,1.3005882905,0.0485,0.0485,0.0375,0.0485
Dethloff,CON3-5,1,8,1.704440025,0.9394320239999999,0.0842891592857143,0.06022148914285714,0.04651477242857143,10.731887730714286,10.694113343857142,30.999688,0.037774386857142864,0.013706716714285713,0.5599871525,0.5599871525,0.5599871525,0.38777321499999995,0.5599871525,0.5599871525,0.38250701499999995,1.1730448305,0.031,0.031,0.0395,0.031
Dethloff,CON3-5,2,10,0.5132782,0.280724576,0.035307545555555556,0.020058367055555557,0.017307529955555553,17.98851532333334,17.970515307733333,41.21012133333333,0.0180000156,0.002750837100000001,0.20337322500000002,0.20337322500000002,0.20337322500000002,0.20209221,0.19630376000000002,0.20154279000000003,0.20209221,0.367006946,0.0085,0.0085,0.0095,0.0085
Dethloff,CON3-5,3,9,0.13185585,0.073918072,0.0,0.0039965645,0.0045553402500000005,12.326708749999998,12.331264090249999,31.889159499999998,-0.0045553402500000005,-0.00055877575,0.088934275,0.088934275,0.088934275,0.10226935000000001,0.088934275,0.088934275,0.10226935000000001,0.10928850799999999,0.0015,0.0015,0.003,0.0015
Dethloff,CON3-5,4,15,2.8716068375,1.5206182299999997,0.239203555,0.29580562684285716,0.2512586308714285,20.618241412142858,20.630296488014288,45.56131428571428,-0.012055075871428567,0.044546995971428596,1.0034658975,1.0034658975,1.0034658975,0.9052354675000001,0.885942055,0.9993966925,0.92481142,1.8498680164999997,0.0425,0.0425,0.0435,0.0425
Dethloff,CON3-6,0,9,0.212979225,0.117275788,0.0120250625,0.004393114912499999,0.012638070874999999,11.8700213125,11.870634320874998,31.452787,-0.0006130083749999982,-0.008244955962499998,0.04824544,0.04824544,0.04824544,0.07290464,0.04824544,0.04824544,0.07290464,0.15979202,0.006,0.006,0.0065,0.006
Dethloff,CON3-6,1,8,1.22920745,0.6924493740000001,0.02647741,0.03681435937142857,0.04917975237142857,11.119071695714284,11.141774038085714,32.42608857142857,-0.02270234237142857,-0.012365392999999997,0.4099975975000001,0.4099975975000001,0.4099975975000001,0.3416944,0.4099975975000001,0.4099975975000001,0.335471375,0.9078336415000001,0.026,0.026,0.031,0.026
Dethloff,CON3-6,2,10,0.2903775125,0.155244932,0.0055902861111111115,0.004753848388888889,0.004780064666666667,12.318606952777778,12.317796731333335,33.443836000000005,0.0008102214444444452,-2.6216277777777835e-05,0.098145525,0.098145525,0.098145525,0.098145525,0.098145525,0.098145525,0.098145525,0.235498807,0.006,0.006,0.006,0.006
Dethloff,CON3-6,3,11,3.3677058125,1.8261126540000001,0.24680142800000002,0.21983158531,0.24234777078,18.116755427999998,18.11230177078,39.96249879999999,0.004453657220000004,-0.02251618547,1.3525088725,1.3525088725,1.3525088725,1.1344687825000002,1.3136345500000002,1.2994984565,1.1317571375,2.3150102035,0.0715,0.0715,0.062,0.0715
Dethloff,CON3-6,4,12,2.4645652625,1.363010788,0.12159387818181817,0.12432659387272728,0.10308512067272728,16.04295206,16.02444330249091,39.15643927272727,0.018508757509090906,0.0212414732,0.7625938699999999,0.7625938699999999,0.7625938699999999,0.5956182025000001,0.7591518249999999,0.75805514,0.5763858425000001,1.641685007,0.037,0.037,0.0485,0.037
Dethloff,CON3-7,0,10,1.0962960124999999,0.599697948,0.10014068222222222,0.08296594717777778,0.07936322875555554,14.10127846,14.080501006533332,33.547152,0.02077745346666667,0.0036027184222222294,0.34728009,0.34728009,0.34728009,0.37625557499999995,0.34728009,0.34728009,0.373402365,0.878602763,0.0265,0.0265,0.0365,0.0265
Dethloff,CON3-7,1,7,0.0,0.0,0.0,0.0,0.0,10.790468333333331,10.790468333333331,32.169066,0.0,0.0,0.0,0.0,0.0,0.0,0.0,0.0,0.0,0.0,0.0,0.0,0.0,0.0
Dethloff,CON3-7,2,12,0.87681715,0.4837448220000001,0.079062125,0.0886437587090909,0.07720195030909091,19.874943034090908,19.873082859400004,41.94359745454546,0.0018601746909090854,0.011441808400000001,0.30461617750000003,0.30461617750000003,0.30461617750000003,0.287501195,0.30461617750000003,0.30461617750000003,0.287501195,0.775898206,0.018,0.018,0.015,0.018
Dethloff,CON3-7,3,9,0.931919425,0.5244327820000001,0.018558527499999998,0.020407438075,0.0255055922,11.6218010275,11.6287480922,32.303128,-0.0069470647,-0.005098154125,0.3123012275,0.3123012275,0.3123012275,0.26693352249999996,0.3123012275,0.3123012275,0.26693352249999996,0.8100977109999999,0.0345,0.0345,0.0285,0.0345
Dethloff,CON3-7,4,12,3.0799381375,1.6795065639999998,0.021896453181818182,0.04889235249090909,0.03915402729090909,19.055491907727273,19.07274948183636,41.75994290909091,-0.01725757410909091,0.009738325200000002,0.9150007175000001,0.9132957974999999,0.9155551325,0.9721156075,0.9132957974999999,0.9156054925000001,0.898087035,2.020203829,0.0485,0.0485,0.0525,0.0485
Dethloff,CON3-8,0,8,0.712796325,0.39326365599999996,0.005587181428571429,0.017916829100000004,0.013324503514285716,10.211890038571429,10.219627360657142,31.025369714285713,-0.007737322085714287,0.0045923255857142865,0.25993793249999997,0.25993793249999997,0.25993793249999997,0.20450244000000004,0.25993793249999997,0.25993793249999997,0.20450244000000004,0.5724670095,0.014,0.014,0.017,0.014
Dethloff,CON3-8,1,9,3.5510556875000003,1.949084262,0.10279872000000001,0.1620649343,0.13435549385,16.57440497,16.605961743850003,38.483501499999996,-0.03155677385,0.02770944045,1.3039967175000002,1.3075881125000002,1.3075881125000002,1.2496820849999999,1.1973750675000001,1.32995533,1.2704014425,2.323785776,0.057,0.056,0.0585,0.057
Dethloff,CON3-8,2,10,3.226490975,1.776458302,0.20318208666666668,0.25411508586666665,0.1885722479333333,15.735040975555556,15.720431136822222,37.11722933333334,0.014609838733333373,0.06554283793333333,0.9548407874999999,0.9548407874999999,0.9548407874999999,0.9632468774999999,0.9455416225000001,0.9864084725,0.9587077675000001,2.146928678,0.053,0.053,0.0645,0.053
Dethloff,CON3-8,3,13,1.9978853875000002,1.09260131,0.0659157425,0.09714248228333333,0.06377932021666667,17.484569909166666,17.482433486883334,41.579496999999996,0.0021364222833333384,0.03336316206666667,0.7631201774999999,0.7631201774999999,0.7631201774999999,0.6560993075,0.736353065,0.7631201774999999,0.6531292075,1.3669794655,0.0335,0.0335,0.0425,0.0335
Dethloff,CON3-8,4,10,0.07844114999999999,0.04427476799999999,0.0,0.007364334777777777,0.003607665822222222,12.849731111111112,12.853338776933334,31.151002666666663,-0.003607665822222222,0.003756668955555555,0.00948918,0.00948918,0.00948918,0.041697519999999995,0.00948918,0.00948918,0.041697519999999995,0.055663562,0.0015,0.0015,0.004,0.0015
Dethloff,CON3-9,0,7,1.38067985,0.78432488,0.12976658333333335,0.10539722594999999,0.06997850486666667,9.937111583333333,9.877323504866666,33.072962000000004,0.059788078466666665,0.03541872108333333,0.338002065,0.338002065,0.338002065,0.32368329500000004,0.338002065,0.338002065,0.313026185,0.9570367055,0.0255,0.0255,0.0345,0.0255
Dethloff,CON3-9,1,12,2.7477894375000003,1.506401114,0.18001960863636365,0.18101352713636365,0.1706064675818182,14.135363245000002,14.125950103945456,32.52300290909091,0.009413141054545444,0.01040705955454546,0.7153971699999999,0.7153971699999999,0.7153971699999999,0.7100475300000001,0.7127777649999999,0.7153971699999999,0.66734541,1.7621459475,0.062,0.062,0.0615,0.062
Dethloff,CON3-9,2,10,4.066618975,2.252990068,0.40578593777777777,0.3901031601888889,0.361609309,17.38414149333333,17.339964864555554,35.71758533333333,0.04417662877777778,0.0284938511888889,1.1525503175,1.1525503175,1.1525503175,1.1606151275000003,1.1443698375000002,1.1615583435,1.10968872,2.651261097,0.077,0.077,0.079,0.077
Dethloff,CON3-9,3,10,0.26901915,0.14882728200000003,0.008748834444444444,0.025958138088888888,0.02119221355555555,16.41040327888889,16.422846658,39.45054,-0.01244337911111111,0.004765924533333334,0.10241655250000001,0.10241655250000001,0.10241655250000001,0.096294645,0.10241655250000001,0.10241655250000001,0.096294645,0.21348834850000004,0.0055,0.0055,0.006,0.0055
Dethloff,CON3-9,4,11,0.5652135,0.32150685599999995,0.06339321549999999,0.044202559749999995,0.030990476240000002,15.405544215499997,15.373141476239999,37.0650748,0.032402739259999994,0.013212083509999997,0.1529545075,0.1529545075,0.1529545075,0.158889845,0.1529545075,0.1529545075,0.158889845,0.5315667994999999,0.0125,0.0125,0.019,0.0125
Dethloff,CON8-0,0,4,2.6054847375,1.4317480719999998,0.05729423666666666,0.09171072603333331,0.07194711560000001,11.61656757,11.631220448933334,33.575296,-0.014652878933333354,0.01976361043333331,1.6547225624999997,1.6547225624999997,1.6547225624999997,1.5217022375,1.5322361775,1.6547225624999997,1.5217022375,2.3438554865,0.0515,0.0515,0.063,0.0515
Dethloff,CON8-0,3,5,1.8774912874999998,1.0557916639999998,0.15177615249999998,0.10614022352499998,0.10087199185,12.089188652499999,12.03828449185,34.5658,0.05090416064999999,0.005268231674999989,0.70505823,0.70505823,0.70505823,0.6880388275,0.70505823,0.70505823,0.6880388275,1.4655114599999999,0.037,0.037,0.0455,0.037
Dethloff,CON8-0,4,4,2.0441573749999997,1.1505270399999998,0.7358537033333333,0.7451836427999998,0.6599907452,11.62441037,11.548547411866666,38.986572,0.07586295813333332,0.08519289759999998,1.379593895,1.379593895,1.379593895,1.4700105549999998,1.3299795749999999,1.21284589,1.269074745,1.873335822,0.058,0.058,0.0505,0.058
Dethloff,CON8-0,5,3,0.14482409999999998,0.09178189,0.003527925,0.011010112999999998,0.006662851499999999,7.308642925,7.3117778515,37.268512,-0.003134926499999999,0.0043472615,0.0812760225,0.0812760225,0.0812760225,0.07231437249999999,0.0812760225,0.0812760225,0.07231437249999999,0.1229811995,0.003,0.003,0.0055,0.003
Dethloff,CON8-0,6,5,0.34988784999999994,0.211192592,0.16098469499999998,0.09945257149999999,0.07847915555,13.054359695,12.97185415555,37.04161,0.08250553944999998,0.020973415949999998,0.17543712,0.17543712,0.17543712,0.10366818999999998,0.17543712,0.17543712,0.10366818999999998,0.31836582199999997,0.024,0.024,0.0105,0.024
Dethloff,CON8-0,8,3,0.1066965,0.060552008,0.07814771000000001,0.0941528136,0.096644524,8.126447709999999,8.144944524,30.462106,-0.018496813999999986,-0.0024917104000000048,0.104615285,0.104615285,0.104615285,0.09940439,0.104615285,0.104615285,0.118992955,0.1066965,0.011,0.011,0.0065,0.011
Dethloff,CON8-0,9,4,0.9289492375,0.527934838,0.003925133333333334,0.009294105166666667,0.008771005,8.387045133333332,8.391891005,30.376724,-0.004845871666666666,0.0005231001666666669,0.25342006250000004,0.25342006250000004,0.25342006250000004,0.2592966875,0.25342006250000004,0.25342006250000004,0.2592966875,0.702208708,0.0325,0.0325,0.025,0.0325
Dethloff,CON8-0,10,3,0.0535845,0.030089116,0.0,0.0212066218,0.0165369764,7.003950000000001,7.020486976400001,30.583948,-0.0165369764,0.0046696453999999984,0.12893797,0.12893797,0.12893797,0.05227215000000001,0.12893797,0.12893797,0.05227215000000001,0.056881366,0.0185,0.0185,0.0075,0.0185
Dethloff,CON8-0,11,5,0.3778980875,0.22497963799999998,0.06763548500000001,0.045064454425000004,0.02194130835,12.983077985000001,12.93738380835,36.637741,0.04569417665000001,0.023123146075000003,0.23168816499999997,0.23168816499999997,0.23168816499999997,0.12432514999999998,0.23168816499999997,0.2197956925,0.12432514999999998,0.3085683125,0.0065,0.0065,0.009,0.0065
Dethloff,CON8-0,12,3,0.0268382,0.014905022,0.0,0.0,0.001073528,7.7087900000000005,7.709863528,30.152818000000003,-0.001073528,-0.001073528,0.0268382,0.0268382,0.0268382,0.0268382,0.0268382,0.0268382,0.0268382,0.0268382,0.0,0.0,0.0,0.0
Dethloff,CON8-0,13,3,3.6551965625000005,2.1422251479999996,1.5213550525000001,1.8157505055,1.8132865918999999,10.6622650525,10.9541965919,36.730726,-0.2919315393999998,0.0024639135999999784,2.3911398274999995,2.3911398274999995,2.3911398274999995,2.35065968,2.0340887149999998,2.4523714,2.3134338375,3.3551151779999997,0.1185,0.1185,0.104,0.121
Dethloff,CON8-1,0,3,1.6836368,1.0306810480000002,0.00673996,0.11139180405,0.11803797619999999,8.05912996,8.1704279762,34.212832000000006,-0.11129801619999999,-0.006646172149999994,0.69889578,0.69889578,0.69889578,0.5632898350000001,0.69889578,0.69889578,0.6627949025,1.5147969790000002,0.0595,0.0595,0.0535,0.0595
Dethloff,CON8-1,2,4,2.2335854375,1.2476005020000003,1.2151102816666666,1.1201534802,1.1048160914666667,15.713403614999999,15.603109424799998,38.058032000000004,0.11029419019999992,0.015337388733333198,1.7601056124999999,1.7601056124999999,1.7601056124999999,1.6342439,1.6093591649999999,1.5693531159999998,1.5493733174999997,2.0109779665,0.0285,0.0285,0.0445,0.0285
Dethloff,CON8-1,3,6,2.7247486875000004,1.568103858,0.28418256300000005,0.25970738558,0.24981382252000003,11.698114563,11.663745822520001,34.834936,0.03436874048000001,0.009893563059999982,0.94577791,0.94577791,0.94577791,0.957642945,0.8783051300000001,0.93313792,0.9678801875000002,2.2112939075,0.086,0.086,0.079,0.086
Dethloff,CON8-1,4,6,2.737943875,1.488294044,0.281897342,0.24093237150000002,0.21060968376,15.475051342,15.40376368376,38.012344,0.07128765823999998,0.030322687739999972,1.5975358575,1.5975358575,1.5975358575,1.4899613,1.4914126125,1.4004325125000001,1.4429133299999999,2.1556583705,0.052,0.052,0.04,0.052
Dethloff,CON8-1,5,3,0.2634692625,0.15175384200000003,0.08623377500000001,0.06418931174999999,0.050569290499999996,10.042608775,10.0069442905,33.941919999999996,0.03566448450000002,0.013620021249999994,0.150832225,0.150832225,0.150832225,0.15401085,0.150832225,0.150832225,0.15401085,0.251989754,0.01,0.01,0.004,0.01
Dethloff,CON8-1,6,4,4.4093860875,2.548768608,0.7549710183333335,0.7786222878000001,0.7920891975333334,12.138141018333334,12.175259197533334,36.799528,-0.03711817919999994,-0.013466909733333287,2.2950448375,2.2950448375,2.2013193225,2.4121339875000003,2.28702324,2.2013193225,2.3237616475,3.833627724,0.096,0.0935,0.0975,0.0975
Dethloff,CON8-1,7,4,0.22258862499999998,0.122005942,0.0,0.0051430851333333335,0.004420777333333334,8.021939999999999,8.026360777333334,30.815508000000005,-0.004420777333333334,0.0007223077999999999,0.11570657500000002,0.11570657500000002,0.11570657500000002,0.12028283499999999,0.11570657500000002,0.11570657500000002,0.14049165500000002,0.188392205,0.0095,0.0095,0.0105,0.0095
Dethloff,CON8-1,8,4,1.037671625,0.59435364,0.25304757000000005,0.23068919026666668,0.24701879293333331,8.793520903333333,8.787492126266665,31.324436000000002,0.006028777066666702,-0.01632960266666664,0.40323084500000006,0.40323084500000006,0.40323084500000006,0.47887686000000007,0.37671537,0.40323084500000006,0.42916320500000005,0.9008651609999999,0.045,0.045,0.028,0.045
Dethloff,CON8-1,10,3,0.6633918000000001,0.38179329599999995,0.21955726500000003,0.17062533270000002,0.193731753,10.017352265,9.991526753,32.416576,0.02582551200000001,-0.023106420299999993,0.47709049500000006,0.47709049500000006,0.47709049500000006,0.48181050000000003,0.42180784500000007,0.45851384000000006,0.51102516,0.6248082819999999,0.039,0.039,0.03,0.039
Dethloff,CON8-1,11,3,2.2648226499999997,1.266324576,0.259460205,0.3656473318,0.3224843326,7.229430205,7.2924543326,30.131782,-0.06302412759999998,0.043162999199999996,1.76137554,1.76137554,1.76137554,1.6899805925,1.7017744975,1.7455120015,1.6671929075,2.2348826995,0.0725,0.0725,0.07,0.0725
Dethloff,CON8-1,12,3,3.0456841249999997,1.73182492,0.2533364,0.291849563,0.22822139349999998,6.6939464,6.6688313935,31.636864,0.025115006500000037,0.0636281695,1.3757416475,1.3757416475,1.3757416475,1.2818129249999999,1.0688267599999999,1.3757416475,1.26179111,2.4833839525,0.0775,0.0775,0.0935,0.0775
Dethloff,CON8-1,13,3,3.581079325,2.127461383,0.003638885,0.0091509222,0.0064356978,7.281433885,7.2842306978,31.039564,-0.0027968128,0.0027152243999999997,1.1763877500000002,1.1763877500000002,1.1763877500000002,1.170218975,1.1763877500000002,1.1763877500000002,1.170218975,2.8898381470000003,0.1125,0.1125,0.1,0.1125
Dethloff,CON8-2,0,3,1.3089656500000002,0.734974148,0.033815225000000004,0.0479398685,0.058293841,7.784325225,7.8088038410000005,30.264796,-0.024478615999999995,-0.010353972499999996,0.46838268000000005,0.46838268000000005,0.46838268000000005,0.49627654500000007,0.46838268000000005,0.46838268000000005,0.46270211000000006,1.0693168730000002,0.043,0.043,0.0415,0.043
Dethloff,CON8-2,1,5,3.2943860750000002,2.0880625709999996,0.0,0.0006059911,0.00055966675,14.036995000000001,14.037554666750001,37.332457,-0.00055966675,4.632434999999994e-05,1.34660563,1.34660563,1.34660563,1.3315041,1.34660563,1.34660563,1.3315041,2.6224893579999997,0.059,0.059,0.0535,0.059
Dethloff,CON8-2,2,3,4.309175349999999,2.4194227959999997,0.19294814999999998,0.226392496,0.24054202700000002,14.48914315,14.536737027000001,36.930016,-0.047593877000000034,-0.01414953100000002,2.6328528750000006,2.63311761,2.63311761,2.7599447950000005,2.4399047250000003,2.637088635,2.7414208749999998,3.9510490490000003,0.1055,0.1055,0.083,0.1055
Dethloff,CON8-2,3,4,2.8409826,1.6132828479999999,0.30869310666666666,0.34943580933333335,0.3759603502666667,8.26835644,8.3356236836,30.822756,-0.06726724360000008,-0.026524540933333396,1.0364821649999998,1.0364821649999998,1.0364821649999998,1.13113761,0.9819068099999999,1.0364821649999998,1.0766705525,2.3110235285,0.076,0.076,0.077,0.076
Dethloff,CON8-2,4,3,0.36577555,0.20543168799999997,0.44415602500000007,0.2997612902,0.24247695660000002,7.693631025,7.4919519565999995,29.557888,0.20167906840000005,0.05728433359999997,0.3035005,0.3035005,0.3035005,0.33814533,0.225120025,0.315024662,0.30035097,0.372216668,0.015,0.015,0.0205,0.015
Dethloff,CON8-2,5,3,0.8023330125,0.455874972,0.34926075999999995,0.2630279671,0.28704316090000004,8.154170760000001,8.091953160900001,30.779644,0.06221759909999993,-0.02401519380000007,0.37807531000000005,0.37807531000000005,0.37807531000000005,0.4047230275,0.37807531000000005,0.37091682000000004,0.39791168250000003,0.8341609590000001,0.0265,0.0265,0.033,0.0265
Dethloff,CON8-2,6,3,0.5770709624999999,0.32267713200000003,0.0546231,0.0504451486,0.051723886299999994,8.5972031,8.5943038863,30.988594,0.002899213700000007,-0.0012787376999999905,0.3020803575,0.3020803575,0.3020803575,0.2836397225,0.29803076250000005,0.30154721749999996,0.2804462425,0.5194896735,0.0125,0.0125,0.023,0.0125
Dethloff,CON8-2,7,4,0.055473062499999996,0.0330655,0.0,0.0,0.0,9.834036666666666,9.834036666666666,34.748784,0.0,0.0,0.01119887,0.01119887,0.01119887,0.055473062499999996,0.01119887,0.01119887,0.055473062499999996,0.034574212,0.001,0.001,0.0,0.001
Dethloff,CON8-2,9,3,1.275115625,0.7281811,0.731549195,0.6566662357999999,0.6906466592,7.268249195,7.2273466592,29.57152,0.04090253580000003,-0.033980423400000015,0.8237460200000001,0.8237460200000001,0.8237460200000001,0.73036371,0.6962344575,0.8101731345000001,0.7444896049999999,1.2967374219999999,0.0305,0.0305,0.0515,0.0305
Dethloff,CON8-2,10,7,0.8080121374999999,0.4546069940000001,0.09535047333333334,0.09362271601666666,0.10544489593333335,12.357943806666668,12.368038229266666,35.675778,-0.010094422600000007,-0.011822179916666673,0.42062442499999997,0.42062442499999997,0.42062442499999997,0.4329778225,0.42062442499999997,0.42062442499999997,0.4329778225,0.7929381110000001,0.02,0.02,0.0215,0.02
Dethloff,CON8-2,11,4,1.282857075,0.763353498,0.1645908166666667,0.2770564982666666,0.31085371533333334,9.017037483333334,9.163300382000001,37.387536000000004,-0.14626289866666664,-0.033797217066666684,0.8647836500000001,0.8647836500000001,0.8647836500000001,0.8123694750000001,0.8842744975000001,0.8365067650000001,0.75177615,1.2797421345,0.0265,0.0265,0.0325,0.0265
Dethloff,CON8-2,12,3,3.224454725,1.8004384240000002,0.863374325,0.9108672651,0.8278551654,8.893579325000001,8.858060165400001,30.399231999999998,0.035519159599999996,0.08301209969999997,1.5418227700000002,1.5418227700000002,1.5418227700000002,1.3680184,1.43350627,1.2695612,1.343249315,2.6380279129999997,0.146,0.146,0.104,0.146
Dethloff,CON8-2,13,3,1.9481645875,1.123852654,0.11041829000000002,0.14319536915,0.143955755,7.36559829,7.3991357550000005,30.535882,-0.033537464999999975,-0.0007603858499999894,0.6891057400000001,0.6891057400000001,0.6891057400000001,0.6491048700000002,0.5438573,0.7408174425,0.67140506,1.5776157415,0.0565,0.0565,0.0565,0.0565
Dethloff,CON8-3,0,4,1.4789985874999998,0.81703595,0.08912148166666667,0.08824045696666667,0.09476641873333334,8.583478148333333,8.589123085399999,31.824104000000002,-0.005644937066666677,-0.006525961766666674,0.5297216450000001,0.5297216450000001,0.5297216450000001,0.5591142775,0.5202672475,0.5297216450000001,0.4806830575,1.0635895275,0.028,0.028,0.0355,0.0305
Dethloff,CON8-3,1,5,4.027483612499999,2.235333684,1.0690974374999997,1.2488383268249998,1.3451621548,13.827107437499999,14.103172154800001,39.269728,-0.2760647173,-0.09632382797499991,2.6898775974999998,2.683218415,2.683218415,2.6587337525,2.6407194599999997,2.4983899099999998,2.4180571649999996,3.2717462015,0.0655,0.065,0.071,0.0655
Dethloff,CON8-3,4,7,1.6994289625,0.9997999620000001,0.1540186175,0.1620130185166667,0.16898779376666664,16.15156528416667,16.166534460433336,37.70918,-0.014969176266666667,-0.006974775250000012,0.59929152,0.59929152,0.59929152,0.6051827550000001,0.5715506175,0.6423452350000001,0.5440890174999999,1.1797970484999998,0.03,0.03,0.0345,0.03
Dethloff,CON8-3,5,4,1.5172175124999998,0.896962574,0.05784001,0.12333985249999997,0.11464833666666668,12.079616676666667,12.136425003333335,37.906811999999995,-0.056808326666666686,0.008691515833333293,0.800077315,0.800077315,0.800077315,0.634369475,0.79521902,0.800077315,0.634369475,1.429156317,0.0345,0.0345,0.0395,0.0345
Dethloff,CON8-3,6,3,1.8576745875000003,1.059750358,0.0,0.0036475635,0.008337288000000002,7.417145,7.4254822879999995,30.188884,-0.008337288000000002,-0.004689724500000002,0.7533260024999999,0.7533260024999999,0.7533260024999999,0.6527844,0.7533260024999999,0.7533260024999999,0.6527844,1.7094210675,0.062,0.062,0.065,0.062
Dethloff,CON8-3,7,4,1.6149440125,0.9306862619999999,0.6015117516666667,0.5090987357666666,0.4936083283333334,13.219525085,13.111621661666668,36.225428,0.10790342333333329,0.015490407433333277,0.854736895,0.854736895,0.854736895,0.79842128,0.9144109324999999,0.805759277,0.7437955475000001,1.3583454560000001,0.038,0.038,0.0425,0.038
Dethloff,CON8-3,8,3,2.4180163999999995,1.3567735279999997,0.0323916,0.0639203436,0.052419927199999994,10.884836600000002,10.9048649272,35.11840599999999,-0.020028327199999994,0.011500416400000005,1.818893545,1.818893545,1.818893545,1.64845907,1.7254918149999998,1.818893545,1.64845907,2.35988763,0.0235,0.0235,0.043,0.0235
Dethloff,CON8-3,9,5,0.417105075,0.230471892,0.06911572499999999,0.11797682315000001,0.1271340976,9.133185725,9.1912040976,31.137931000000002,-0.05801837260000001,-0.009157274449999996,0.2114834375,0.2114834375,0.2114834375,0.21661497250000003,0.20978661250000002,0.20109253249999998,0.2065720725,0.413261287,0.0185,0.0185,0.017,0.0185
Dethloff,CON8-3,11,4,1.9257426,1.1115054720000002,0.58842135,0.4871415540000001,0.4837315437333333,8.450121350000002,8.345431543733335,31.801379999999998,0.10468980626666667,0.003410010266666689,1.228961875,1.228961875,1.228961875,1.264684115,0.908004775,1.26245622,1.2383287850000002,1.8569927749999997,0.05,0.05,0.0835,0.05
Dethloff,CON8-4,0,3,0.43608399999999997,0.25161217599999997,0.04424077,0.0404682896,0.043461296,6.938930770000001,6.938151296000001,29.720655999999998,0.0007794739999999953,-0.002993006400000005,0.13992358000000002,0.13992358000000002,0.13992358000000002,0.13992358000000002,0.13992358000000002,0.13992358000000002,0.13992358000000002,0.372963484,0.0115,0.0115,0.0115,0.0115
Dethloff,CON8-4,1,3,3.0088888750000002,1.782702343,0.0,0.002161108,0.002161108,8.563035,8.565196107999999,31.084114,-0.002161108,0.0,1.18614903,1.18614903,1.18614903,1.0282969349999997,1.18614903,1.18614903,1.0282969349999997,2.530671035,0.073,0.073,0.0785,0.073
Dethloff,CON8-4,2,6,1.1333343,0.629149792,0.22673717000000004,0.1655091398,0.17454758216000005,12.691333170000002,12.639143582160001,33.4125688,0.05218958784000001,-0.009038442360000015,0.439808525,0.439808525,0.439808525,0.46317147500000005,0.41249755000000005,0.439808525,0.4828948500000001,1.0179771610000001,0.039,0.039,0.028,0.039
Dethloff,CON8-4,3,3,0.23697168750000003,0.13335377399999998,0.029643947500000004,0.0319938762,0.031352711299999995,7.3405789475,7.3422877113,29.855668,-0.0017087637999999945,0.0006411649000000021,0.0660953075,0.0660953075,0.0660953075,0.11929536000000002,0.0660953075,0.0660953075,0.11929536000000002,0.18931813349999999,0.006,0.006,0.018,0.006
Dethloff,CON8-4,4,8,2.2783543,1.335137466,0.17471551285714287,0.19683854951428573,0.19375971954285717,14.436925512857144,14.455969719542859,42.55805371428571,-0.0190442066857143,0.0030788299714285517,1.1109054225,1.1109054225,1.1109054225,0.9015074825000001,1.0377385125,0.9061431275,0.9023692825,1.7989838754999998,0.063,0.063,0.0525,0.063
Dethloff,CON8-4,5,3,0.5881227,0.337043828,0.0,0.001069314,0.0,7.0712399999999995,7.0712399999999995,30.6649,0.0,0.001069314,0.20531250999999998,0.20531250999999998,0.20531250999999998,0.18163121999999998,0.20531250999999998,0.20531250999999998,0.18163121999999998,0.5463794940000001,0.0205,0.0205,0.021,0.0205
Dethloff,CON8-4,7,4,2.345740325,1.3631701980000002,0.12410289666666668,0.1376183557666667,0.1479022548,11.71965623,11.743455588133335,35.295452000000004,-0.023799358133333323,-0.010283899033333307,1.2376737775000002,1.2376737775000002,1.2376737775000002,1.27103177,1.2024265825,1.2376737775000002,1.1943680399999999,1.9900628634999997,0.051,0.051,0.0495,0.051
Dethloff,CON8-4,8,5,3.0870206374999998,1.7486874319999997,0.1176514325,0.156204323925,0.18141193125,13.112296432499999,13.17605693125,37.365238,-0.06376049874999999,-0.025207607325,1.5185598074999997,1.5185598074999997,1.5185598074999997,1.3959755,1.3313577724999999,1.4877443075,1.32642147,2.5384300570000002,0.0835,0.0835,0.0695,0.0835
Dethloff,CON8-4,9,3,2.6686584375000004,2.0006824014999998,0.0,0.0,0.0,8.242355,8.242355,30.506188,0.0,0.0,1.75279236,1.75279236,1.75279236,1.7289922825,1.75279236,1.75279236,1.7289922825,2.5974579335,0.044,0.044,0.0435,0.044
Dethloff,CON8-4,11,3,2.9973850000000004,1.6954102839999998,0.8473931500000002,0.8506066828,0.7835075948,13.712423150000001,13.6485375948,34.456096,0.06388555520000018,0.06709908800000003,2.0298139600000003,2.0298139600000003,2.0298139600000003,1.85649996,2.0115819450000005,1.789255517,1.6721153600000003,2.686786931,0.1055,0.1055,0.077,0.1055
Dethloff,CON8-4,12,3,3.2605361375000004,1.853328552,0.5044034049999999,0.3023895026,0.3039812825,6.6767534049999995,6.4763312825,30.849387999999998,0.2004221224999999,-0.001591779899999991,1.3323176875,1.3323176875,1.3323176875,1.3067906249999999,1.07199395,1.25483065,1.2583940674999998,2.6587021004999998,0.1125,0.1125,0.1125,0.1125
Dethloff,CON8-5,0,5,3.7727445,2.0594589779999994,0.46067421124999997,0.460708633425,0.45418821605000004,9.58971671125,9.58323071605,30.488686,0.006485995199999872,0.006520417374999921,2.0908855775000004,2.0908855775000004,2.0908855775000004,2.1815408374999996,1.8029072350000002,2.0787306749999996,2.2116478,3.2628786714999998,0.087,0.087,0.0885,0.087
Dethloff,CON8-5,1,4,1.0504057625,0.601165764,0.069292765,0.04711035686666667,0.05096918906666667,11.913939431666668,11.895615855733334,34.213128,0.018323575933333336,-0.0038588322000000044,0.71565652,0.71565652,0.71565652,0.6488460199999999,0.59309204,0.6959245175,0.6488460199999999,1.0798315090000001,0.021,0.021,0.018,0.021
Dethloff,CON8-5,2,4,1.5899339000000001,0.9501131009999999,0.008168799999999999,0.026125053166666665,0.028586128,13.1501888,13.170606128000001,39.072635999999996,-0.020417328000000002,-0.0024610748333333335,0.687154935,0.687154935,0.687154935,0.72295125,0.6678706099999999,0.687154935,0.72295125,1.4294294955,0.0355,0.0355,0.0365,0.036
Dethloff,CON8-5,5,4,0.98103945,0.591502642,0.05385779999999999,0.036704988,0.029840885999999997,10.028134466666666,10.004117552666667,35.071020000000004,0.024016913999999997,0.0068641019999999995,0.35636618750000004,0.35636618750000004,0.35636618750000004,0.3801954725,0.35636618750000004,0.3554732925,0.3801954725,0.779547541,0.0275,0.0275,0.0335,0.0275
Dethloff,CON8-5,6,3,0.5127760124999999,0.28728556400000005,0.026931137499999997,0.01899756485,0.019827724799999998,7.2743761375,7.2672727248,30.798778,0.0071034127,-0.0008301599499999984,0.24724813499999998,0.24724813499999998,0.24724813499999998,0.27041210250000003,0.24724813499999998,0.24728911999999997,0.27041210250000003,0.5127760124999999,0.019,0.019,0.0185,0.019
Dethloff,CON8-5,7,4,1.2946547999999998,0.7483908219999998,0.22892434166666667,0.283767597,0.26597562886666665,10.049147675,10.086198962200001,34.615435999999995,-0.037051287199999984,0.01779196813333332,0.8802633875,0.8802633875,0.8802633875,0.644849235,0.7036147625,0.909399425,0.689952815,1.2413172915,0.0205,0.0205,0.0335,0.0205
Dethloff,CON8-5,8,5,0.1615568875,0.09211929399999999,0.0,0.0022463489499999997,0.0026165409999999996,14.380472500000002,14.383089041,39.312106,-0.0026165409999999996,-0.0003701920499999999,0.1533826225,0.1533826225,0.1533826225,0.1391854625,0.1533826225,0.1533826225,0.1391854625,0.1615568875,0.0085,0.0085,0.0075,0.0085
Dethloff,CON8-5,9,5,0.6604969249999999,0.36401248399999997,0.23561471,0.32733562330000004,0.29532271649999997,13.26833971,13.3280477165,34.91649099999999,-0.05970800649999997,0.03201290680000004,0.39135807,0.391722235,0.39135807,0.435742075,0.391722235,0.386206005,0.386206005,0.6734467285000001,0.017,0.017,0.019,0.017
Dethloff,CON8-5,11,3,0.68744715,0.404419716,0.17980458,0.1393736754,0.1071698576,6.22963958,6.1570048576,30.359907999999997,0.07263472239999999,0.03220381780000002,0.40374903,0.40374903,0.40374903,0.28075243499999997,0.32341149999999996,0.41552934100000005,0.28075243499999997,0.6495257259999999,0.016,0.016,0.028,0.016
Dethloff,CON8-5,12,3,1.8671550499999998,1.0575377680000002,1.1919971425,1.36198981755,1.3674700294000002,9.0492671425,9.2247400294,31.470034,-0.17547288690000007,-0.0054802118500001384,1.9191927975,1.9191927975,1.9191927975,1.9323860400000001,1.657007795,1.8203191755,1.7365860200000003,1.7716694539999998,0.0435,0.0435,0.067,0.0435
Dethloff,CON8-5,13,4,2.3640255125000005,1.3800511940000002,0.25644057833333334,0.26518972173333333,0.24291568200000002,13.699337245,13.685812348666667,37.566308,0.013524896333333314,0.022274039733333306,1.5182177825,1.5182177825,1.5182177825,1.5186262050000001,1.5543617475,1.5755714475,1.47967592,2.1486176649999997,0.035,0.035,0.051,0.035
Dethloff,CON8-6,0,5,1.0990422,0.64085755,0.043853012499999997,0.026891210500000005,0.041156044,12.0789705125,12.076273544,35.583601,0.0026969684999999972,-0.014264833499999997,0.6081858625,0.6081858625,0.6081858625,0.6294855,0.6045103875,0.6480693625000001,0.6593652125,1.1068502310000001,0.029,0.029,0.025,0.029
Dethloff,CON8-6,1,3,2.7780434000000005,1.7780811419999998,0.15347924999999998,0.23646941909999997,0.292224492,12.754499249999999,12.893244492,39.251614,-0.138745242,-0.055755072899999994,1.686202435,1.6544215450000002,1.6544215450000002,1.57718251,1.5327231849999998,1.829631835,1.57718251,2.463641284,0.1035,0.0345,0.063,0.1035
Dethloff,CON8-6,4,4,2.2096972624999998,1.2480552459999998,0.06446702833333333,0.027541921766666668,0.031254828666666665,9.677397028333333,9.644184828666667,34.211659999999995,0.03321219966666667,-0.003712906899999998,0.5923344525,0.5923344525,0.5923344525,0.5831912125000001,0.5923344525,0.5923344525,0.5697601475000001,1.6318060055,0.0475,0.0475,0.0485,0.0475
Dethloff,CON8-6,5,5,0.170284425,0.092406828,0.1411910175,0.056607853274999995,0.059599866649999986,8.8795885175,8.79799736665,31.674883,0.08159115084999999,-0.0029920133749999946,0.08144804500000001,0.08144804500000001,0.08144804500000001,0.062957495,0.07870047,0.07179881049999999,0.05040142,0.10602383749999998,0.008,0.008,0.007,0.008
Dethloff,CON8-6,6,4,2.5325107625,1.429030482,0.47173603000000003,0.5052045574666666,0.5399249038666666,8.640462696666669,8.708651570533334,31.125792,-0.06818887386666661,-0.034720346400000025,1.197652315,1.197652315,1.197652315,1.1918910550000001,1.0424181174999998,1.230415395,1.1956224325,2.0641360945000002,0.087,0.087,0.0865,0.087
Dethloff,CON8-6,7,5,1.1625899125,0.6638908040000001,0.340902725,0.362039791375,0.38637470549999997,14.193690225000001,14.239162205500001,37.107781,-0.045471980499999995,-0.024334914125000023,0.69294826,0.69294826,0.69294826,0.7317124275000001,0.632663115,0.759980916,0.696577685,1.092406465,0.0195,0.0195,0.0265,0.0195
Dethloff,CON8-6,8,7,0.0,0.0,0.0,0.00965661375,0.009644726033333332,11.419744999999999,11.429389726033333,37.154676,-0.009644726033333332,1.1887716666667917e-05,0.0,0.0,0.0,0.01301529,0.0,0.0,0.01301529,0.0,0.0,0.0,0.001,0.0
Dethloff,CON8-6,10,4,0.8687257625,0.47841740200000005,0.0,0.0017952435000000001,8.362506666666668e-05,7.915590000000001,7.915673625066667,29.966679999999997,-8.362506666666668e-05,0.0017116184333333334,0.40848503,0.40848503,0.40848503,0.28827580750000004,0.40848503,0.40848503,0.28827580750000004,0.751558155,0.021,0.021,0.024,0.021
Dethloff,CON8-6,13,4,1.6030134,0.902183424,0.44672917333333323,0.4188099636,0.4761029712,8.870332506666665,8.899706304533334,30.551723999999997,-0.02937379786666673,-0.05729300760000002,0.8320027799999999,0.8320027799999999,0.8320027799999999,0.83047753,0.80530593,0.8320027799999999,0.76289165,1.36477685,0.093,0.093,0.058,0.093
Dethloff,CON8-7,0,7,1.7652363,0.994520468,0.5496930791666667,0.49725396595,0.4728964458333332,14.902396412500003,14.825599779166668,38.436674000000004,0.07679663333333338,0.024357520116666684,1.192725115,1.192725115,1.192725115,0.9297796025,1.10375055,1.117308175,0.93609236,1.4618626325,0.0665,0.0665,0.043,0.0665
Dethloff,CON8-7,1,4,0.27742747500000003,0.15027239199999998,0.010112659999999999,0.009406251999999999,0.008922815866666666,15.323279326666665,15.32208948253333,36.956135999999994,0.0011898441333333329,0.0004834361333333319,0.192226045,0.192226045,0.192226045,0.16960505999999997,0.15852636999999997,0.192226045,0.16960505999999997,0.271783534,0.0055,0.0055,0.004,0.0055
Dethloff,CON8-7,3,4,0.8453632999999999,0.481737158,0.09018462666666666,0.07310615456666666,0.07457344119999999,8.922881293333333,8.907270107866665,32.486184,0.015611185466666658,-0.0014672866333333286,0.3179699975,0.3179699975,0.3179699975,0.265211865,0.3179699975,0.3179699975,0.265211865,0.6464338585,0.023,0.023,0.027,0.023
Dethloff,CON8-7,5,5,1.95838665,1.128918912,1.5510845175,1.2670481097500002,1.1955789065,14.2552820175,13.899776406500001,37.306747,0.3555056110000001,0.07146920325000006,1.7424790350000001,1.7424790350000001,1.7424790350000001,1.5826416700000001,1.2380461100000002,1.7070864190000001,1.404997695,1.899198247,0.087,0.087,0.064,0.087
Dethloff,CON8-7,6,4,0.8367514000000001,0.49909898399999997,0.23851196,0.11826796333333334,0.13191883040000002,12.689608626666667,12.583015497066668,35.058896,0.10659312959999999,-0.013650867066666681,0.4629269800000001,0.4629269800000001,0.4629269800000001,0.5142628600000001,0.40757698000000003,0.449891434,0.5142628600000001,0.830471712,0.021,0.021,0.027,0.021
Dethloff,CON8-7,7,4,0.3736488875,0.22241385950000003,0.0,0.0,0.0008791913333333334,15.523746666666668,15.524625858,36.072676,-0.0008791913333333334,-0.0008791913333333334,0.2015312275,0.2015312275,0.2015312275,0.19112281250000002,0.2015312275,0.2015312275,0.19112281250000002,0.3170737195,0.0065,0.0065,0.0055,0.0065
Dethloff,CON8-7,8,4,2.5152923250000003,1.5311513559999999,0.27870250166666666,0.2233797555,0.23251346206666668,9.731005835,9.6848167954,35.608383999999994,0.04618903960000001,-0.009133706566666667,0.84129648,0.84129648,0.84129648,0.842073845,0.8884899,0.8338646100000001,0.8966418075,1.948302042,0.073,0.073,0.063,0.073
Dethloff,CON8-7,9,4,0.9776799375,0.5607048159999999,0.064708665,0.03204936419999999,0.026996019,10.257045331666667,10.219332685666666,32.650251999999995,0.03771264599999999,0.005053345199999994,0.4113413575,0.4113413575,0.4113413575,0.37413803000000007,0.37979365000000004,0.38270131,0.37510725,0.7236949525,0.021,0.021,0.021,0.021
Dethloff,CON8-7,11,4,2.9512088875,1.671893498,0.19974089666666664,0.08436555483333334,0.09814678326666666,7.714907563333334,7.613313449933334,29.945476,0.1015941134,-0.013781228433333334,1.4082858200000001,1.4082858200000001,1.4082858200000001,1.3312806675000002,1.291787515,1.5416904515,1.3351355875000002,2.6192094335,0.1035,0.1035,0.084,0.1035
Dethloff,CON8-7,12,3,0.07648822499999999,0.044989350000000004,0.0,0.0,0.0,7.203799999999999,7.203799999999999,30.366562,0.0,0.0,0.0170408,0.0170408,0.0170408,0.0340816,0.0170408,0.0170408,0.0340816,0.0599858,0.0025,0.0025,0.005,0.0025
Dethloff,CON8-8,1,4,3.078853475,1.7456591479999999,0.5159927466666666,0.4350226863333333,0.3350601122666667,8.62739608,8.446463445600001,31.061812,0.18093263439999993,0.09996257406666664,1.4729946850000002,1.4729946850000002,1.4729946850000002,1.1608457699999999,1.1976575000000003,1.450968252,1.159848235,2.656689292,0.0715,0.0715,0.099,0.0715
Dethloff,CON8-8,2,6,2.624539125,1.5679778839999998,0.26074305,0.11614595238,0.12833219684000002,12.861337049999998,12.72892619684,41.24398000000001,0.13241085316,-0.012186244459999999,1.0578757825000003,1.0578757825000003,1.0578757825000003,0.9239847375,0.9949654975000001,1.0571344275,0.9047875124999999,2.0690721155,0.054,0.054,0.06,0.054
Dethloff,CON8-8,3,4,0.4531778000000001,0.26158995199999996,0.16494402500000002,0.137014383,0.1386242686666667,11.460504024999999,11.434184268666664,34.41571199999999,0.026319756333333343,-0.0016098856666667018,0.350950515,0.350950515,0.350950515,0.18482681250000002,0.31284545249999995,0.3381246435,0.18482681250000002,0.3872519785,0.0285,0.0285,0.016,0.0285
Dethloff,CON8-8,4,3,0.0853592125,0.060956268499999994,0.0,0.0,0.0,7.732065,7.732065,31.050705999999998,0.0,0.0,0.0718780725,0.0718780725,0.0718780725,0.059737027500000005,0.0718780725,0.0718780725,0.059737027500000005,0.0853592125,0.0055,0.0055,0.0035,0.0055
Dethloff,CON8-8,5,3,2.2602299749999997,1.2791793055,0.1098006,0.053035052799999996,0.0440856224,7.9793106,7.913595622400001,31.601164,0.06571497759999999,0.008949430399999994,0.8126445474999999,0.8126445474999999,0.8126445474999999,0.7219293575000001,0.8122449375,0.8513862055,0.7328730575,1.7846113235000003,0.0795,0.0795,0.0655,0.0795
Dethloff,CON8-8,6,3,0.0,0.0,0.0,0.0,0.0,6.4227799999999995,6.4227799999999995,30.229318,0.0,0.0,0.0,0.0,0.0,0.0,0.0,0.0,0.0,0.0,0.0,0.0,0.0,0.0
Dethloff,CON8-8,8,4,2.7817899625,1.568076554,0.43087651000000005,0.28131422030000003,0.3220736492,16.447073176666667,16.338270315866666,36.5407,0.10880286080000001,-0.04075942890000001,1.3730922075,1.3730922075,1.3730922075,1.4292221374999998,1.2087059775,1.4161511179999997,1.3984142175000003,2.220176114,0.0585,0.0585,0.058,0.0585
Dethloff,CON8-8,9,5,2.190861575,1.303481768,0.2408183225,0.20514817252500003,0.22333791130000008,11.0830883225,11.0656079113,39.600393999999994,0.017480411199999945,-0.018189738775000037,1.0158401525,1.0158401525,1.0158401525,0.9302033350000002,1.0106722925,1.0160673274999998,0.88021303,2.0049980145,0.08,0.08,0.055,0.08
Dethloff,CON8-8,10,3,0.8531176,0.47940659199999996,0.6596836100000001,0.5744869613,0.5717314114,8.30520361,8.217251411400001,30.13501,0.08795219860000009,0.002755549900000015,0.5427453350000001,0.5427453350000001,0.5427453350000001,0.573042925,0.489425485,0.5427453350000001,0.5636496950000001,0.7396358969999999,0.0205,0.0205,0.0325,0.0205
Dethloff,CON8-8,11,6,0.7782052249999999,0.43800521200000003,0.053964158,0.02610959886,0.02262723432,10.218422158,10.18708523432,31.8465304,0.031336923679999996,0.003482364539999999,0.20133230500000002,0.20133230500000002,0.20133230500000002,0.1881648475,0.17461596750000002,0.20133230500000002,0.1881648475,0.528178519,0.0155,0.0155,0.019,0.0155
Dethloff,CON8-8,13,3,1.0661593875,0.6096040720000001,0.7400137575,0.6071888896,0.5758085973,7.554503757500001,7.3902985973,30.121174,0.16420516019999995,0.0313802923,0.673756515,0.673756515,0.673756515,0.6650383900000001,0.569740965,0.7147913900000001,0.655929505,1.096259951,0.051,0.051,0.041,0.051
Dethloff,CON8-9,0,3,1.06200405,0.6023601980000001,0.01374846,0.042895969799999996,0.033933547200000004,14.38766346,14.4078485472,36.593986,-0.020185087200000004,0.008962422599999994,0.58841892,0.58841892,0.58841892,0.6241495250000001,0.58841892,0.58841892,0.6241495250000001,1.00615689,0.022,0.022,0.022,0.022
Dethloff,CON8-9,2,5,1.4651233499999998,0.8686389099999999,0.16736212,0.2244066752,0.2026915068,12.77260712,12.8079365068,36.758617,-0.0353293868,0.02171516840000002,0.8650876550000001,0.8650876550000001,0.8650876550000001,0.6189207699999999,0.8310933250000001,0.835571988,0.7089301600000001,1.3029160199999998,0.0235,0.0235,0.0375,0.0235
Dethloff,CON8-9,3,3,1.849977975,1.0677384,0.11001223,0.1740665945,0.148133133,6.23017223,6.268293133,30.065284,-0.03812090299999999,0.02593346150000001,0.7262160375,0.7262160375,0.7262160375,0.6822634775,0.647813625,0.7254027974999999,0.6661706974999999,1.6099323205,0.042,0.042,0.066,0.042
Dethloff,CON8-9,4,5,1.4701621125000002,0.841802238,0.18642484625000003,0.15170964905,0.15771793355,11.593729846250001,11.56502293355,35.549457999999994,0.028706912700000035,-0.006008284499999974,0.6544098675,0.6544098675,0.6544098675,0.60846974,0.6003302425,0.6544098675,0.6620270075000001,1.3276372390000002,0.042,0.042,0.045,0.042
Dethloff,CON8-9,5,4,2.5680401625000004,1.6152660740000002,2.195616633333333,2.295096137966667,2.3428804482000003,10.4839933,10.631257114866665,43.563052,-0.14726381486666673,-0.04778431023333322,3.2174673700000005,3.2174673700000005,3.2174673700000005,3.08208383,2.9318384050000006,2.6528763930000006,2.615589046,2.6015840605000005,0.092,0.092,0.077,0.092
Dethloff,CON8-9,6,4,3.2364587124999997,1.802690192,0.07718986666666668,0.115584845,0.13356912699999998,8.878266533333333,8.934645793666666,32.113276000000006,-0.05637926033333332,-0.01798428199999998,1.6799046499999999,1.64138625,1.64138625,1.6985721974999999,1.56411985,1.64138625,1.6832865199999998,2.758179355,0.116,0.0925,0.0985,0.116
Dethloff,CON8-9,7,3,3.5945248750000003,2.010893016,0.47776281,0.535597769,0.5857802328,6.885817810000001,6.9938352328,29.906542,-0.10801742280000003,-0.05018246380000001,1.435196165,1.435196165,1.435196165,1.3780078900000003,1.2529547525,1.435196165,1.36567491,3.0388566760000004,0.0985,0.0985,0.1215,0.0985
Dethloff,CON8-9,8,3,0.2934912875,0.169957388,0.00848383,0.010126557150000002,0.0058867479,8.76096883,8.7583717479,33.485284,0.0025970820999999993,0.004239809250000001,0.19734728,0.19734728,0.19734728,0.19962352000000003,0.19734728,0.19283671,0.19962352000000003,0.2934912875,0.012,0.012,0.0085,0.012
Dethloff,CON8-9,9,5,2.4505563375,1.327907302,0.27456480375000003,0.24644560255000003,0.25250479585,15.85852480375,15.836464795850002,35.569372,0.02206000790000001,-0.006059193299999988,1.55357732,1.55357732,1.55357732,1.4151105875000003,1.1422413475000002,1.2889534349999998,1.2561571725,1.7876895819999998,0.0445,0.0445,0.0505,0.0445
Dethloff,CON8-9,10,3,0.0287006625,0.01563902,0.026224800000000003,0.00319649325,0.0042620952,8.2891048,8.2671420952,31.055338,0.021962704800000003,-0.0010656019499999995,0.0287006625,0.0287006625,0.0287006625,0.0480738225,0.0287006625,0.0287006625,0.0480738225,0.0287006625,0.0,0.0,0.003,0.0
Dethloff,CON8-9,11,3,0.0526618,0.030073252,0.0,0.016325158,0.010106673600000001,6.47855,6.4886566736,30.37093,-0.010106673600000001,0.006218484399999997,0.0526618,0.0526618,0.0526618,0.044083670000000005,0.0526618,0.0526618,0.044083670000000005,0.0526618,0.0,0.0,0.003,0.0
Dethloff,CON8-9,12,4,1.9791444624999999,1.1116247899999998,0.30953140166666665,0.3975870772999999,0.4024283921333333,8.744248068333333,8.8371450588,30.934472,-0.09289699046666668,-0.0048413148333333695,0.6649184899999999,0.6649184899999999,0.6649184899999999,0.7217622199999998,0.662732335,0.702186964,0.6983595524999998,1.657058944,0.0505,0.0505,0.056,0.0505
Dethloff,CON8-9,13,3,3.4468209499999998,1.9575782199999998,0.49398822,0.49468535020000004,0.47714031719999994,7.42705822,7.410210317200001,31.309822,0.016847902800000012,0.01754503300000005,1.53655335,1.53655335,1.53655335,1.4199091000000001,1.4298153,1.2711057000000001,1.29580583,2.949204922,0.126,0.126,0.127,0.1265
Dethloff,SCA3-0,0,13,3.978957675,2.037146724,0.17478879791666665,0.21348311485833335,0.20878584113333334,21.00167963125,21.035676674466668,38.076767,-0.03399704321666668,0.0046972737249999915,1.7179817825,1.7179817825,1.7179817825,1.7512992975000001,1.6881066949999999,1.7179817825,1.730226705,2.779341149,0.0645,0.0645,0.0665,0.0645
Dethloff,SCA3-0,1,10,0.36278612499999996,0.20634629599999998,0.01551103777777778,0.046743692899999995,0.031538351,16.051147704444446,16.067175017666667,36.73794266666666,-0.01602731322222222,0.015205341899999995,0.176830245,0.176830245,0.176830245,0.10716300499999999,0.176830245,0.176830245,0.10716300499999999,0.290583127,0.004,0.004,0.0085,0.004
Dethloff,SCA3-0,2,9,3.2842100625,1.7277225840000001,0.29223962750000004,0.32365342267499997,0.34692367635,17.3139846275,17.36866867635,39.632681500000004,-0.054684048849999965,-0.023270253674999998,1.2466179300000002,1.2466179300000002,1.2466179300000002,1.3939280175,1.236997935,1.258563227,1.3098718200000004,2.2776322430000002,0.0545,0.0545,0.0535,0.0545
Dethloff,SCA3-0,3,11,3.426335275,1.8190988279999998,0.12696371499999998,0.14168221736000003,0.11597612368000002,16.314594715000002,16.30360712368,36.387702399999995,0.01098759132,0.025706093680000004,1.2759272274999998,1.2759272274999998,1.2759272274999998,1.2309854175000001,1.01270458,1.2923559574999999,1.2057999725,2.0971322545000004,0.0585,0.0585,0.0615,0.0585
Dethloff,SCA3-0,4,7,1.36398515,0.8060740700000001,0.09106712416666667,0.1551230350666667,0.11899648680000001,13.245675457499999,13.27360482013333,36.71403,-0.02792936263333334,0.03612654826666666,0.370245445,0.370245445,0.370245445,0.3129747600000001,0.370245445,0.370245445,0.3129747600000001,1.0154787995,0.027,0.027,0.038,0.027
Dethloff,SCA3-1,0,14,2.2117968500000003,1.14350101,0.04564087846153846,0.11147636724615384,0.10345117864615386,22.65153703230769,22.70934733249231,41.35171230769231,-0.05781030018461539,0.008025188599999993,0.8493595924999999,0.8493595924999999,0.8493595924999999,0.725765855,0.8493595924999999,0.8493595924999999,0.7482082,1.4281531024999998,0.0305,0.0305,0.034,0.0305
Dethloff,SCA3-1,1,12,3.2786538375,1.785779378,0.08615370772727272,0.13557139713636362,0.12423350145454548,18.28914825318182,18.327228046909095,36.933131636363626,-0.03807979372727274,0.01133789568181816,1.1455355875,1.1455355875,1.1455355875,1.0735842275,1.1455355875,1.1455355875,1.0741382075,2.3831204870000002,0.062,0.062,0.0705,0.062
Dethloff,SCA3-1,2,7,0.6618474750000001,0.361892596,0.02497299833333334,0.023676935233333335,0.016830041400000002,12.364907998333335,12.356765041400001,37.516276,0.008142956933333336,0.00684689383333333,0.31937874,0.31937874,0.31937874,0.234225075,0.31937874,0.31937874,0.234225075,0.548824752,0.009,0.009,0.013,0.009
Dethloff,SCA3-1,3,9,4.2311981125,2.441873484,0.11905692749999999,0.180419014375,0.161713975,14.8038406775,14.846497725,39.1886905,-0.0426570475,0.018705039374999993,1.2440311299999998,1.2440311299999998,1.2440311299999998,1.1923885650000001,1.2134195300000001,1.241514145,1.181905225,3.0165735519999997,0.076,0.076,0.0865,0.076
Dethloff,SCA3-1,4,8,2.0782528624999994,1.1444220099999998,0.28596823642857144,0.3010223286142857,0.3424690014,16.892999664999998,16.949500429971426,38.77720514285715,-0.05650076497142855,-0.0414466727857143,0.7793154075,0.7793154075,0.7793154075,0.86548596,0.7736376524999999,0.7793154075,0.78233663,1.5348065754999998,0.0365,0.0365,0.0385,0.0365
Dethloff,SCA3-2,0,11,1.9666879499999999,1.0692050819999999,0.08703028400000001,0.09566021337,0.09787233244,18.727000284,18.73784233244,39.6868108,-0.010842048439999998,-0.00221211907,0.678464645,0.678464645,0.678464645,0.6313941425,0.6669403950000001,0.678464645,0.6313941425,1.4224663855,0.0375,0.0375,0.032,0.0375
Dethloff,SCA3-2,1,11,3.9230509250000005,2.1109180020000005,0.315065691,0.32333892118000007,0.29189022839999995,17.816655691,17.7934802284,37.787528800000004,0.023175462599999995,0.03144869278000001,1.5096409600000003,1.5096409600000003,1.5091900200000001,1.5276336275,1.4250047600000002,1.47561012,1.4179169274999999,2.598504572,0.0625,0.0625,0.0645,0.0625
Dethloff,SCA3-2,2,10,2.9873377124999996,1.6719645340000002,0.3867746811111112,0.43429253682222224,0.43315671673333334,17.867025792222226,17.913407827844445,39.968268,-0.046382035622222206,0.0011358200888888998,0.9041350825,0.9041350825,0.9041350825,0.9403873725,0.8371381899999999,0.9024122025000001,0.9403873725,2.002748491,0.0585,0.0585,0.0575,0.0585
Dethloff,SCA3-2,3,9,2.6949003499999997,1.52392143,0.1849726925,0.22021607491249998,0.2132575206,18.0073814425,18.0356662706,38.6424655,-0.02828482810000001,0.006958554312499992,0.8445507600000001,0.8445507600000001,0.8445507600000001,0.8606109925,0.8445507600000001,0.8445507600000001,0.8606109925,2.05204387,0.0585,0.0585,0.0545,0.0585
Dethloff,SCA3-2,4,9,3.8382682125,2.080553254,0.38215314875,0.4478766555625,0.40886103645,15.22003814875,15.24674603645,35.059318,-0.026707887699999974,0.03901561911250002,1.6235651075000002,1.6235651075000002,1.6235651075000002,1.45954542,1.6235651075000002,1.6235651075000002,1.4539269,2.7710434625,0.074,0.074,0.071,0.074
Dethloff,SCA3-3,0,10,2.079595525,1.176144816,0.15088508666666664,0.1343706545,0.1517386923555556,17.594750642222223,17.595604247911112,38.09279866666666,-0.0008536056888889069,-0.01736803785555556,0.7283491575000001,0.7283491575000001,0.7283491575000001,0.7457392899999999,0.7283491575000001,0.7283491575000001,0.7457392899999999,1.5764824104999997,0.039,0.039,0.04,0.039
Dethloff,SCA3-3,1,8,1.6879285875,0.951252496,0.10093247642857142,0.08752759957142855,0.07979832125714285,16.912923905000003,16.891789749828572,36.149832571428576,0.021134155171428554,0.00772927831428572,0.600894575,0.600894575,0.600894575,0.6147721100000001,0.600894575,0.600894575,0.6147721100000001,1.3374805525000002,0.045,0.045,0.043,0.045
Dethloff,SCA3-3,2,11,2.8799343375,1.59381941,0.07983038149999999,0.07832384392,0.0837643485,17.415781381499997,17.4197153485,40.5759748,-0.003933967000000007,-0.005440504580000008,0.969102785,0.969102785,0.969102785,0.883813805,0.8654214075000001,0.9695138849999999,0.883813805,1.9499452139999998,0.0535,0.0535,0.053,0.0535
Dethloff,SCA3-3,3,9,2.5950502125000003,1.468545714,0.095729405,0.0752722944625,0.069980351325,13.172443155,13.146694101325,33.9628675,0.025749053674999998,0.005291943137500003,0.724643535,0.724643535,0.724643535,0.74916547,0.7383445475,0.721767585,0.7554631375,1.8942689915000002,0.063,0.063,0.071,0.063
Dethloff,SCA3-3,4,12,0.5700864750000001,0.322899046,0.0774779890909091,0.05690066605454546,0.05006453138181819,20.20295708,20.17554362229091,38.08292581818181,0.027413457709090906,0.00683613467272727,0.27892985,0.27892985,0.27892985,0.17493329,0.27892985,0.27892985,0.17493329,0.467718744,0.0105,0.0105,0.0135,0.0105
Dethloff,SCA3-4,0,10,0.17116991250000002,0.093872308,0.0,0.0083956355,0.0023077406222222225,18.1563,18.158607740622223,40.584073333333336,-0.0023077406222222225,0.006087894877777777,0.17116991250000002,0.17116991250000002,0.17116991250000002,0.057876914999999994,0.17116991250000002,0.17116991250000002,0.057876914999999994,0.17116991250000002,0.0,0.0,0.0035,0.0
Dethloff,SCA3-4,1,7,1.7474024250000002,0.986000792,0.12983291666666666,0.14028172436666667,0.13798475036666666,12.246216249999998,12.254368083700001,36.785534000000006,-0.008151833700000008,0.002296973999999992,0.5268982249999999,0.5268982249999999,0.5268982249999999,0.47422501499999997,0.5222250799999999,0.5273252549999999,0.474652045,1.2343735630000001,0.038,0.038,0.0435,0.038
Dethloff,SCA3-4,2,8,3.3416803,1.845478556,0.1294605257142857,0.11706099895714285,0.12510459274285715,16.18663766857143,16.182281735599997,36.367742285714286,0.004355932971428562,-0.008043593785714285,1.1057463975000001,1.1057463975000001,1.1057463975000001,1.0072056500000002,1.1010090725,1.1057463975000001,1.0087724800000002,2.3457606694999993,0.076,0.076,0.069,0.076
Dethloff,SCA3-4,3,12,2.6361133499999996,1.446235392,0.1984660740909091,0.21153946382727273,0.20402257683636363,19.923945165000003,19.92950166774546,41.35221781818181,-0.005556502745454537,0.007516886990909099,0.8789589725000001,0.8789589725000001,0.8789589725000001,0.8138609225,0.8725116075000001,0.8789589725000001,0.8138609225,1.755646376,0.0535,0.0535,0.0555,0.0535
Dethloff,SCA3-4,4,13,3.3173279124999997,1.737024164,0.3512354141666667,0.30628033168333335,0.2999816180666667,20.574560414166665,20.523306618066666,38.654104999999994,0.0512537961,0.006298713616666669,1.3803700300000001,1.3803700300000001,1.3803700300000001,1.3876416775,1.35518903,1.3803700300000001,1.3876416775,2.3687410835000002,0.052,0.052,0.0495,0.052
Dethloff,SCA3-5,0,12,4.0581129250000005,2.2647971979999997,0.49153347545454534,0.3654119938181818,0.36835441438181815,20.130313475454546,20.00713441438182,43.77215527272727,0.12317906107272725,-0.002942420563636385,1.386150335,1.386150335,1.386150335,1.3365141800000002,1.3468391475,1.386150335,1.3573089850000002,2.8768638165,0.0785,0.0785,0.075,0.0785
Dethloff,SCA3-5,1,9,1.8886909,1.1232759500000002,0.09555666624999999,0.05333512881249999,0.057123780025,15.399697916249998,15.361265030024999,39.570529,0.038432886225,-0.003788651212500001,0.5243486549999999,0.5243486549999999,0.5243486549999999,0.58140822,0.5243486549999999,0.5243486549999999,0.5741223,1.54792679,0.041,0.041,0.0435,0.041
Dethloff,SCA3-5,2,8,0.495443475,0.27389687399999996,0.015242916428571427,0.01986673445714286,0.011833019400000002,12.310830059285712,12.307420162257143,32.77168857142857,0.003409897028571426,0.008033715057142858,0.22768988999999998,0.22768988999999998,0.22768988999999998,0.17751930500000002,0.22768988999999998,0.22768988999999998,0.17751930500000002,0.34746968400000006,0.008,0.008,0.0115,0.008
Dethloff,SCA3-5,3,13,3.4081403499999996,1.7459263839999999,0.22431229791666665,0.2018531744333333,0.19247481275,20.020174797916663,19.988337312749994,40.307722,0.031837485166666665,0.009378361683333308,1.4948351374999997,1.5085920975,1.5085920975,1.3704702549999999,1.440250595,1.4311324129999998,1.4154166949999998,2.2551973819999995,0.045,0.045,0.0465,0.045
Dethloff,SCA3-5,4,8,2.303475575,1.245296068,0.24405634928571432,0.21938445574285717,0.18933021745714282,17.560532063571426,17.505805931742856,36.19236057142858,0.054726131828571445,0.0300542382857143,0.9741348000000002,0.9741348000000002,0.9741348000000002,0.9648290275000002,0.96756724,0.9741348000000002,0.9446031375000001,1.527464045,0.034,0.034,0.0395,0.034
Dethloff,SCA3-6,0,11,3.5683459374999997,1.9409661180000002,0.2194185885,0.20505728472999998,0.21031908251999995,19.827782588500003,19.81868308252,36.6964876,0.009099505980000002,-0.0052617977900000085,1.3487101124999998,1.3487101124999998,1.3487101124999998,1.2680420625000002,1.3254033525,1.3318522485,1.2329947425,2.4760038695000004,0.0835,0.0835,0.0685,0.0835
Dethloff,SCA3-6,1,9,1.1546050125,0.63735486,0.21080718062500003,0.13875030992499998,0.13447067899999998,17.142287180625,17.065950679000004,39.096357999999995,0.07633650162500004,0.004279630925000008,0.43261386500000004,0.43261386500000004,0.43261386500000004,0.431228075,0.43261386500000004,0.43261386500000004,0.3884775975,0.917257621,0.025,0.025,0.0245,0.025
Dethloff,SCA3-6,2,12,1.07096875,0.585981714,0.14726897045454546,0.13159776325454547,0.11367156321818181,17.55064351590909,17.517046108672726,36.540504727272726,0.03359740723636362,0.017926200036363627,0.398453585,0.398453585,0.398453585,0.4442716649999999,0.398453585,0.398453585,0.39201138500000005,0.801746279,0.0285,0.0285,0.027,0.0285
Dethloff,SCA3-6,3,9,0.16016519999999998,0.09135113199999999,0.022282948750000003,0.0160072916,0.0168415454,16.242941698750002,16.2375002954,39.3486025,0.0054414033499999995,-0.0008342537999999983,0.05844627,0.05844627,0.05844627,0.08327019,0.05844627,0.05844627,0.08373135000000001,0.13221265999999998,0.004,0.004,0.005,0.004
Dethloff,SCA3-6,4,9,0.34796846249999996,0.197193446,0.02127225125,0.016442520575,0.01003818405,13.656126001250001,13.644891934050001,34.9894585,0.011234067200000001,0.006404336525,0.10610953499999999,0.10610953499999999,0.10610953499999999,0.16888118,0.10610953499999999,0.10610953499999999,0.16888118,0.26492821799999994,0.0065,0.0065,0.0145,0.0065
Dethloff,SCA3-7,0,9,2.8067015124999997,1.497798354,0.14215124125,0.17572435128750002,0.15067389264999997,19.63464749125,19.64317014265,37.1599255,-0.00852265139999999,0.025050458637500037,1.4818326925,1.4818326925,1.4818326925,1.1482279149999999,1.406082655,1.4695704475,1.1532269825,2.0358441185,0.05,0.05,0.0545,0.05
Dethloff,SCA3-7,1,7,2.5360225124999998,1.44401481,0.10125398666666667,0.1235318126,0.11453746343333332,10.17935232,10.192635796766666,36.317956,-0.013283476766666656,0.00899434916666667,0.7050632025,0.7050632025,0.7050632025,0.6626133875000001,0.6788921649999999,0.7050632025,0.6626133875000001,1.9669743610000001,0.0705,0.0705,0.07,0.0705
Dethloff,SCA3-7,2,11,2.2791103625,1.2464250120000002,0.2378877565,0.21921565389,0.21284650904000002,17.3129497565,17.28790850904,37.366924,0.025041247459999992,0.00636914484999998,0.9114315425,0.9114315425,0.9114315425,0.8173888625,0.9306144575,0.933661505,0.7918455625,1.715174878,0.0525,0.0525,0.0485,0.0525
Dethloff,SCA3-7,3,12,2.1207801374999997,1.134713178,0.22570340818181817,0.32475192614545456,0.2820463485454546,19.59139613545455,19.64773907581818,40.09125890909091,-0.056342940363636344,0.04270557760000002,0.85844395,0.85844395,0.85844395,0.7726995600000001,0.85085205,0.882426515,0.75463801,1.4241795615000001,0.0365,0.0365,0.0425,0.0365
Dethloff,SCA3-7,4,11,3.3656953625,1.825546804,0.34377239049999997,0.39140150934,0.33607756262,19.183074390500003,19.175379562619998,38.384069200000006,0.007694827880000007,0.055323946719999996,1.20214474,1.20214474,1.20214474,1.13512563,1.214627565,1.1952088250000001,1.10010779,2.1552553129999996,0.0545,0.0545,0.0615,0.0545
Dethloff,SCA3-8,0,14,2.8615123,1.5642406859999995,0.15250025615384613,0.17781805193076924,0.15149662583076923,20.787630256153843,20.786626625830767,42.667785538461544,0.00100363032307692,0.026321426099999996,1.1842238375,1.1842238375,1.1842238375,1.1249922775,1.068807295,1.3664671874999998,1.1190888075,2.002284221,0.0445,0.0445,0.0465,0.0445
Dethloff,SCA3-8,1,11,0.26572548749999997,0.15124853400000002,0.0,0.007471159260000001,0.00788812524,18.825705,18.833593125240004,39.1505668,-0.00788812524,-0.0004169659800000006,0.1345010425,0.1345010425,0.1345010425,0.09543563000000001,0.1345010425,0.1345010425,0.09543563000000001,0.223819166,0.004,0.004,0.0065,0.004
Dethloff,SCA3-8,2,8,1.6022188375000002,0.891128884,0.07400269642857145,0.08593350782857143,0.062301615942857144,13.379734125,13.368033044514286,33.53371085714285,0.011701080485714287,0.02363189188571429,0.7025041025000001,0.7025041025000001,0.7025041025000001,0.4543784350000001,0.7025041025000001,0.7025041025000001,0.41255297250000006,1.1749699394999997,0.0225,0.0225,0.0335,0.0225
Dethloff,SCA3-8,3,9,0.4909989,0.27786977600000007,0.015202818750000001,0.012126250875,0.008974010024999998,19.09699406875,19.090765260025,38.638786,0.006228808725000002,0.0031522408500000007,0.223051455,0.223051455,0.223051455,0.19094254000000002,0.223051455,0.223051455,0.19094254000000002,0.438643526,0.012,0.012,0.012,0.012
Dethloff,SCA3-8,4,8,1.7731172874999996,0.97948541,0.1334992557142857,0.1846574928,0.17536722877142857,16.236434969999998,16.27830294305714,36.03639142857143,-0.041867973057142883,0.009290264028571424,0.6442523525,0.6442523525,0.6442523525,0.669743015,0.5809424625,0.6442523525,0.6380999099999999,1.1489123785000002,0.036,0.036,0.035,0.036
Dethloff,SCA3-9,0,9,2.500674975,1.4367760359999997,0.09964050249999998,0.1015417042875,0.1032987228,16.4101067525,16.4137649728,38.486398,-0.0036582203000000285,-0.0017570185125000018,0.9021249025,0.9021249025,0.9021249025,0.85641535,0.8401622975,0.9271284349999999,0.85641535,1.954572638,0.0715,0.0715,0.0645,0.0715
Dethloff,SCA3-9,1,10,1.34056425,0.733653202,0.26234884333333336,0.19957715852222224,0.18670293655555556,19.884128843333333,19.808482936555556,39.71569600000001,0.07564590677777779,0.012874221966666675,0.49389482500000004,0.49389482500000004,0.49389482500000004,0.4540978175,0.49389482500000004,0.52271917,0.4540978175,0.962902513,0.027,0.027,0.022,0.027
Dethloff,SCA3-9,2,9,4.12046055,2.3099854079999997,0.332179084375,0.20773665512499997,0.17143390287499996,17.584660334375002,17.423915152875,38.048293,0.1607451815,0.03630275225000001,1.4945361,1.4945361,1.4945361,1.59838355,1.4275412500000002,1.500260945,1.5704949124999998,2.9287258560000002,0.072,0.072,0.0845,0.072
Dethloff,SCA3-9,3,10,2.644514875,1.452184864,0.258386655,0.2085304820888889,0.1723123874222222,17.041906655000005,16.955832387422223,36.33269333333333,0.0860742675777778,0.03621809466666669,1.1085533475,1.1085533475,1.1085533475,0.9461085975,1.0787756099999999,1.1373975065,0.8864383725,2.0183407225,0.051,0.051,0.0565,0.051
Dethloff,SCA3-9,4,12,2.4783668125000005,1.4227003399999998,0.2824264454545454,0.2024817730727273,0.19507958099999997,18.50545917272727,18.418112308272725,39.3331,0.08734686445454544,0.007402192072727288,0.5939336475,0.5939336475,0.5939336475,0.6612237025000001,0.5852698175000001,0.5994415425,0.6509916725,1.757310156,0.0525,0.0525,0.053,0.0525
Dethloff,SCA8-0,0,6,1.1849567125,0.74426034,0.18408232700000002,0.19869319032000002,0.21124709168,13.422272327000002,13.44943709168,41.2656928,-0.027164764679999998,-0.012553901359999998,0.4375377825,0.4375377825,0.4375377825,0.34891064499999996,0.4375377825,0.4268276125,0.345970545,0.9735778454999999,0.0235,0.0235,0.0285,0.0235
Dethloff,SCA8-0,1,7,1.6629496625000002,0.8758810180000001,0.13514338,0.13411135543333333,0.13347967816666664,16.502076713333334,16.5004130115,37.480626,0.0016637018333333642,0.0006316772666666951,0.8533778625000001,0.8533778625000001,0.8533778625000001,0.80403307,0.880006155,0.8776516175,0.815560955,1.3017961224999999,0.0235,0.0235,0.027,0.0235
Dethloff,SCA8-0,2,3,1.1723652750000002,0.7071073225,0.0,0.00059750175,0.004780014,10.693535,10.698315014,34.333156,-0.004780014,-0.00418251225,0.5968682875000001,0.5968682875000001,0.5968682875000001,0.55085432,0.5968682875000001,0.5968682875000001,0.55085432,1.1723652750000002,0.02,0.02,0.0295,0.02
Dethloff,SCA8-0,3,6,2.0767733500000003,1.13149917,0.255431296,0.331425825,0.33163013472,14.691601295999998,14.76780013472,36.9359032,-0.07619883872,-0.00020430971999997605,1.27230701,1.27230701,1.27230701,1.213814245,1.1114440849999998,1.2697284549999999,1.132894795,1.73784511,0.0385,0.0385,0.042,0.0385
Dethloff,SCA8-0,4,3,2.346728825,1.291577424,0.40612861999999994,0.59087935525,0.5852575924,12.825333619999999,13.0044625924,34.677694,-0.17912897240000006,0.005621762850000011,1.45565113,1.45565113,1.45565113,1.3550353475,1.45565113,1.1820254949999998,1.2518847849999999,2.0318462865,0.068,0.068,0.055,0.068
Dethloff,SCA8-0,5,4,0.0602884875,0.036459820000000004,0.0021544999999999997,0.0050748676666666674,0.009546475333333332,13.864561166666666,13.871953142,37.003852,-0.007391975333333332,-0.004471607666666664,0.043754975,0.043754975,0.043754975,0.053450225000000004,0.043754975,0.043754975,0.053450225000000004,0.08850821300000002,0.0015,0.0015,0.003,0.0015
Dethloff,SCA8-0,6,4,3.1880115249999994,1.7966793919999997,1.0327999833333332,1.3267575442666664,1.39779403,11.943499983333334,12.30849403,33.67416,-0.3649940466666668,-0.07103648573333358,2.214583235,2.20882284,2.20882284,2.204334495,1.47332034,2.131254704,2.2218439450000003,2.647251583,0.069,0.0685,0.081,0.086
Dethloff,SCA8-0,8,4,2.3922308624999995,1.436931096,0.8834031666666665,0.8544468788333334,0.874174415,9.4972665,9.488037748333333,31.991652,0.009228751666666516,-0.01972753616666667,1.1271883125,1.1271883125,1.1271883125,1.0728706499999998,1.0757424875,1.178062582,1.0894157,2.2419274975,0.071,0.071,0.104,0.071
Dethloff,SCA8-0,11,3,3.5064397250000003,2.245211432,0.0,0.00058968175,0.0011793635,10.538095,10.5392743635,36.154318,-0.0011793635,-0.00058968175,1.4499158149999998,1.4499158149999998,1.4499158149999998,1.4649344100000001,1.4499158149999998,1.4499158149999998,1.4649344100000001,2.8191469774999995,0.067,0.067,0.068,0.067
Dethloff,SCA8-1,0,3,2.0132436375,1.1606195599999998,2.04041247,2.0547557298,1.9156716789000001,15.757682470000002,15.632941678900002,34.701358,0.12474079109999991,0.1390840509000002,1.8096681975000002,1.8096681975000002,1.8096681975000002,1.7508915600000001,1.2687967725000002,1.5799640924999998,1.6802715825,1.8831830774999998,0.064,0.064,0.0565,0.064
Dethloff,SCA8-1,1,5,1.6945307375,0.9387780299999999,0.44157730124999994,0.43733195902499994,0.4366943355499999,17.794202301250003,17.78931933555,37.895359,0.004882965700000005,0.0006376234750000084,1.2369037775000002,1.2369037775000002,1.2369037775000002,1.2773606425000001,1.2239448874999999,1.2227353349999999,1.1947271225,1.412882286,0.0465,0.0465,0.036,0.0465
Dethloff,SCA8-1,2,4,3.2609649,1.8709043980000002,0.521751365,0.4118854354333333,0.38926152133333325,14.717881365000002,14.585391521333335,38.554608,0.13248984366666663,0.0226239141,1.3752590249999999,1.3752590249999999,1.3752590249999999,1.346163815,1.291865835,1.3881742285,1.3567501175,2.4452752865000003,0.052,0.052,0.067,0.052
Dethloff,SCA8-1,3,6,0.2575180125,0.149926212,0.034335735,0.01633345658,0.01035274584,13.881847735000003,13.85786474584,36.8431024,0.023982989160000003,0.005980710739999999,0.07673976250000002,0.07673976250000002,0.07673976250000002,0.105223725,0.07673976250000002,0.07673976250000002,0.105223725,0.1951977925,0.005,0.005,0.0085,0.005
Dethloff,SCA8-1,4,7,1.5053950875,0.7956332740000001,0.0,0.016847537833333332,0.01757399076666667,15.533396666666667,15.550970657433332,36.36541,-0.01757399076666667,-0.0007264529333333355,0.6893327124999999,0.6893327124999999,0.6893327124999999,0.7277458025000001,0.5998484599999999,0.6893327124999999,0.7375281775,1.1304641055000002,0.019,0.019,0.028,0.019
Dethloff,SCA8-1,7,5,3.0659758125,1.753094924,0.5798481249999999,0.516920990225,0.5452123464,12.750703125000001,12.7160673464,33.955039,0.03463577859999994,-0.028291356174999997,1.274206155,1.274206155,1.274206155,1.326961865,1.130704265,1.1556040600000002,1.2638911375,2.3841876899999996,0.092,0.092,0.092,0.092
Dethloff,SCA8-1,11,4,0.702988225,0.39199825999999993,0.17753772000000004,0.06464926463333334,0.0691051292,12.547894386666668,12.439461795866668,35.976292,0.10843259080000005,-0.00445586456666666,0.44354509500000006,0.44354509500000006,0.44354509500000006,0.5443353850000001,0.41255485750000004,0.437134545,0.508044385,0.6880687335,0.021,0.021,0.028,0.021
Dethloff,SCA8-1,12,3,3.5656916124999998,2.151741806,1.0795245625,0.8756518705,0.9149635684999999,10.4844495625,10.319888568500001,36.561808,0.16456099400000013,-0.039311697999999895,2.7307482125,2.7307482125,2.7307482125,2.6350726375,2.337513,2.8355824405000005,2.5282252374999996,3.247392549,0.102,0.102,0.0815,0.102
Dethloff,SCA8-1,13,3,1.8654545125,1.1164634540000002,0.677075425,0.6900695225000001,0.700186302,13.145660424999999,13.168771302,38.333224,-0.02311087700000003,-0.010116779499999893,1.4499432825,1.4499432825,1.4499432825,1.3929273175,1.4198282825000001,1.3646076089999999,1.2956422125000002,1.793091614,0.0345,0.0345,0.037,0.0345
Dethloff,SCA8-2,0,3,0.7114945125,0.41557145,0.032735977500000006,0.04055580645,0.0359183397,10.4174359775,10.4206183397,33.642994,-0.003182362199999997,0.004637466749999999,0.34769936,0.34769936,0.34769936,0.2741967725000001,0.34769936,0.34769936,0.2741967725000001,0.602116043,0.012,0.012,0.019,0.012
Dethloff,SCA8-2,1,3,2.73742425,1.54541646,0.882841515,0.8108650098,0.7931527623999999,12.143116514999999,12.0534277624,34.866718,0.0896887526000001,0.01771224740000006,1.408702445,1.408702445,1.408702445,1.3860562650000001,1.1348972050000001,1.408702445,1.3860562650000001,2.26847466,0.068,0.068,0.066,0.068
Dethloff,SCA8-2,2,4,2.12722105,1.1727602320000001,0.08342043333333334,0.19016543490000004,0.17492462926666666,15.479913766666668,15.571417962600002,36.676871999999996,-0.09150419593333335,0.015240805633333325,1.2256604674999998,1.2256604674999998,1.2256604674999998,1.2769169075,1.2256604674999998,1.2256604674999998,1.2112623775000002,1.848512519,0.0395,0.0395,0.0385,0.0395
Dethloff,SCA8-2,3,3,1.2025812,0.727861494,0.0,0.0,0.0,8.6105,8.6105,31.8463,0.0,0.0,0.7316774749999999,0.7316774749999999,0.7316774749999999,0.538625815,0.7316774749999999,0.7316774749999999,0.538625815,1.1104910479999999,0.016,0.016,0.03,0.016
Dethloff,SCA8-2,4,3,2.9274201875,1.8217071214999998,0.0,0.000578891,0.0,11.972315,11.972315,33.085798,0.0,0.000578891,1.7350306875000001,1.7350306875000001,1.7350306875000001,1.7992282975,1.7350306875000001,1.7350306875000001,1.7992282975,2.5720068335,0.07,0.07,0.059,0.07
Dethloff,SCA8-2,5,5,1.9959754625000001,1.152420266,0.25828584,0.263946142275,0.24581324605,12.141788340000002,12.12931574605,35.464378,0.012472593950000013,0.018132896225000014,1.01532455,1.01532455,1.01532455,1.0181474025,1.0114570250000001,1.00854129,1.0181474025,1.6363974364999998,0.04,0.04,0.041,0.04
Dethloff,SCA8-2,6,3,1.9491985500000002,1.1130890840000003,0.42760201000000003,0.528674345,0.5117749272,11.41406201,11.4982349272,33.652444,-0.08417291719999992,0.01689941780000004,0.9370770199999999,0.9370770199999999,0.9370770199999999,1.044371655,0.9370770199999999,0.9370770199999999,0.9439453250000001,1.806804322,0.039,0.039,0.048,0.039
Dethloff,SCA8-2,7,3,1.5014066,0.901998678,0.29163294999999995,0.21220392600000004,0.1977604418,14.87187295,14.7780004418,35.593834,0.09387250819999995,0.014443484200000032,0.7513094300000001,0.7513094300000001,0.7513094300000001,0.74789003,0.7513094300000001,0.7513094300000001,0.74789003,1.271607,0.027,0.027,0.0345,0.027
Dethloff,SCA8-2,8,3,0.9097266625,0.508563978,0.0,0.0,0.0,10.437565,10.437565,33.224385999999996,0.0,0.0,0.655989385,0.655989385,0.655989385,0.59433208,0.655989385,0.655989385,0.59433208,0.835669546,0.0115,0.0115,0.025,0.0115
Dethloff,SCA8-2,9,5,0.9180137375,0.507989728,0.05028387000000001,0.0639501472,0.0625325756,16.83191887,16.8441675756,37.315978,-0.012248705599999991,0.0014175716000000066,0.45568690500000003,0.45568690500000003,0.45568690500000003,0.37797260000000005,0.45568690500000003,0.45568690500000003,0.38035022,0.7524570719999999,0.0265,0.0265,0.02,0.0265
Dethloff,SCA8-2,10,5,3.9543768,2.191015864,0.01450801875,0.006758440824999999,0.0066239288,14.042975518750001,14.035091428800001,37.263859,0.007884089950000001,0.00013451202499999946,1.5184068750000002,1.5184068750000002,1.5184068750000002,1.547033835,1.5184068750000002,1.5184068750000002,1.547033835,2.8751136195,0.066,0.066,0.067,0.066
Dethloff,SCA8-2,11,4,0.5325033875,0.30612413600000005,0.020460685,0.012491389333333333,0.005403758000000001,12.147600685,12.132543757999999,33.138059999999996,0.015056926999999998,0.007087631333333334,0.28562413499999995,0.28562413499999995,0.28562413499999995,0.22494686249999998,0.2549331075,0.30351054,0.22494686249999998,0.44281851200000005,0.0095,0.0095,0.0125,0.0095
Dethloff,SCA8-2,12,3,0.450306725,0.28416758500000006,0.0,0.0,0.0,10.241635000000002,10.241635000000002,33.690988000000004,0.0,0.0,0.288131695,0.288131695,0.288131695,0.24842391000000003,0.288131695,0.288131695,0.24842391000000003,0.510387585,0.0185,0.0185,0.019,0.0185
Dethloff,SCA8-3,0,6,2.9255146,1.6564621240000001,0.28316708900000004,0.20761876182,0.21080389260000004,13.721739089,13.6493758926,34.577656,0.07236319640000001,-0.0031851307800000173,0.9377877975000001,0.9377877975000001,0.9377877975000001,0.917303915,0.88015715,0.9854859565000001,0.9176478724999999,2.022279073,0.0665,0.0665,0.0695,0.0665
Dethloff,SCA8-3,1,3,1.2857848875,0.7900135645,0.0301089625,0.0051952495,0.0036130755,11.307708962500001,11.2812130755,35.698623999999995,0.026495887,0.0015821739999999996,0.8251093125,0.8251093125,0.8251093125,0.8355143125,0.8251093125,0.8251093125,0.8355143125,1.212156878,0.043,0.043,0.0385,0.043
Dethloff,SCA8-3,2,4,0.8384844124999999,0.48531013999999995,0.08908508333333331,0.13451449233333332,0.11776311500000002,12.826041750000002,12.854719781666667,36.10556,-0.028678031666666687,0.016751377333333317,0.49113075749999996,0.49113075749999996,0.49113075749999996,0.4059345975,0.48019070750000004,0.4973266225,0.416123105,0.7304911774999999,0.013,0.013,0.019,0.013
Dethloff,SCA8-3,3,5,0.5221321124999999,0.285380624,0.04872788,0.0459220798,0.05129740519999999,14.98412038,14.986689905199999,38.345326,-0.002569525199999999,-0.005375325399999999,0.37550713,0.37550713,0.37550713,0.397211325,0.34306238,0.39978112,0.40406746499999996,0.5422963179999999,0.014,0.014,0.0135,0.014
Dethloff,SCA8-3,4,3,1.56570075,0.9354306,1.125487535,0.7961852401,0.849536152,9.661282535000002,9.385331152000001,31.522966,0.275951383,-0.05335091190000005,1.0493787525,1.0493787525,1.0493787525,0.8799435499999999,0.7915420475000001,1.0746821555000001,0.9606038924999999,1.5535621855,0.037,0.037,0.0575,0.038
Dethloff,SCA8-3,5,4,2.6262873375,1.4969593685,0.021150058333333333,0.013237718133333335,0.008000759133333335,12.018323391666668,12.005174092466667,36.855512000000004,0.013149299199999997,0.005236959,1.5775366375000004,1.5775366375000004,1.5775366375000004,1.3795915675000001,1.5182675750000003,1.6008680075000001,1.3795915675000001,2.177230637,0.041,0.041,0.0505,0.041
Dethloff,SCA8-3,6,3,1.6316489,0.9470157760000001,0.953715415,0.6748448131,0.6669796228,9.682755415,9.3960196228,34.275544,0.2867357921999999,0.007865190299999908,1.4170843825,1.4170843825,1.4170843825,1.3889292075000002,1.1257185075000002,1.432578653,1.3677808750000002,1.552585786,0.0335,0.0335,0.051,0.0335
Dethloff,SCA8-3,7,5,1.6496653,0.881142728,0.057779988750000004,0.05435318665,0.05884432345,18.215977488750003,18.21704182345,36.128584,-0.0010643346999999938,-0.004491136799999997,0.6858136675,0.6858136675,0.6858136675,0.7000241025,0.6497745675000001,0.7081725524999999,0.7191869525000001,1.144781071,0.0315,0.0315,0.0265,0.0315
Dethloff,SCA8-3,8,5,0.916085425,0.49820066799999996,0.169930155,0.0639649846,0.06898526605000001,15.380307655000001,15.279362766049998,39.065641,0.10094488894999998,-0.005020281450000006,0.7757724424999999,0.7757724424999999,0.7757724424999999,0.6778237025000001,0.6603094925,0.757352882,0.6778237025000001,0.8953887294999998,0.012,0.012,0.019,0.012
Dethloff,SCA8-3,12,4,2.718157875,1.6505999199999999,0.3549269566666666,0.35308104793333334,0.3955340854666667,9.77054029,9.8111474188,34.551595999999996,-0.04060712880000001,-0.042453037533333286,1.0277777000000001,1.0277777000000001,1.0277777000000001,1.1164634100000002,1.0707826049999998,1.011616685,1.12869486,2.4026033200000003,0.091,0.091,0.086,0.091
Dethloff,SCA8-4,1,4,3.211484712500001,1.7672979449999997,0.03224367166666667,0.02518209116666667,0.022735067733333336,13.433153671666666,13.423645067733332,36.549196,0.009508603933333332,0.002447023433333334,1.19248699,1.19248699,1.19248699,1.209689595,1.219394,1.19248699,1.209689595,2.4327118020000005,0.053,0.053,0.061,0.053
Dethloff,SCA8-4,2,3,1.5776734375,0.8854390560000001,0.2287543375,0.24662924349999996,0.2171457014,12.352869337500001,12.341260701400001,33.63496,0.011608636099999996,0.02948354209999998,0.7989161725000001,0.7989161725000001,0.7989161725000001,0.7702589525000001,0.7697281850000002,0.844284884,0.7334956000000001,1.414722778,0.0495,0.0495,0.0425,0.0495
Dethloff,SCA8-4,4,3,2.7187939374999996,1.5942373600000002,0.0860809125,0.022954910000000002,0.021807164499999997,10.2850359125,10.2207621645,32.839066,0.064273748,0.0011477455000000018,1.232998445,1.232998445,1.232998445,1.2571390524999997,1.232998445,1.2322227499999998,1.2571390524999997,2.3323264879999996,0.089,0.089,0.07,0.089
Dethloff,SCA8-4,6,3,0.37177633749999994,0.210877698,0.0,0.00491107275,0.002445691,11.1789,11.181345691,35.46085,-0.002445691,0.0024653817500000005,0.1952323675,0.1952323675,0.1952323675,0.2100281775,0.1952323675,0.1952323675,0.2100281775,0.358582931,0.008,0.008,0.0145,0.008
Dethloff,SCA8-4,7,3,0.5208143375,0.29463907,0.2757252375,0.0904037633,0.0752928851,14.588510237500001,14.3880778851,35.880610000000004,0.2004323524,0.015110878199999997,0.5384362775,0.5384362775,0.5384362775,0.414503295,0.5384362775,0.4514558575,0.414503295,0.5409507499999999,0.0285,0.0285,0.008,0.0285
Dethloff,SCA8-4,8,4,1.0012794250000001,0.5414541500000001,0.043191566666666674,0.013176104666666667,0.015477870333333333,14.3502249,14.322511203666666,35.4283,0.02771369633333334,-0.0023017656666666658,0.6591477600000001,0.6591477600000001,0.6591477600000001,0.631268245,0.6591477600000001,0.6630583350000001,0.6027851449999999,0.8810349845000001,0.011,0.011,0.0175,0.011
Dethloff,SCA8-4,9,5,0.15214231250000002,0.08528307999999998,0.08050067000000001,0.025752520174999998,0.025868075799999998,15.38210067,15.327468075799999,36.437548,0.05463259420000001,-0.0001155556250000008,0.0762638675,0.0762638675,0.0762638675,0.0828117825,0.0762638675,0.08677256850000001,0.0828117825,0.163196621,0.0035,0.0035,0.004,0.0035
Dethloff,SCA8-4,10,5,0.23770346250000002,0.13138349,0.07370589375,0.05634643747500001,0.08034875175,15.97082089375,15.97746375175,38.115037,-0.0066428580000000015,-0.024002314274999995,0.15057254250000002,0.15057254250000002,0.15057254250000002,0.15057254250000002,0.15057254250000002,0.15057254250000002,0.15057254250000002,0.21448733250000002,0.003,0.003,0.003,0.003
Dethloff,SCA8-4,12,6,0.029758549999999998,0.01697774,0.002338224,0.0020603485600000004,0.0007482316799999999,13.618066224,13.61647623168,36.493357599999996,0.00158999232,0.0013121168800000003,0.020962855000000002,0.020962855000000002,0.020962855000000002,0.05261004,0.020962855000000002,0.0155681,0.05261004,0.017697182,0.0015,0.0015,0.0045,0.0015
Dethloff,SCA8-4,13,3,1.2543028875,0.6849487320000001,0.5237920125000001,0.50371392,0.43954050600000005,15.8041920125,15.719940506,35.809714,0.08425150650000002,0.06417341399999998,0.87023685,0.9225209000000001,0.9225209000000001,0.9452438875,0.8825480375000001,0.8897399260000001,0.883547775,1.076374023,0.031,0.0315,0.02,0.0315
Dethloff,SCA8-4,14,3,2.9194000749999995,1.690826988,0.762141865,0.7232040864,0.7234242546,10.614366865000001,10.575649254600002,35.023408,0.03871761040000002,-0.0002201682000001065,1.35262401,1.35262401,1.35262401,1.393212845,1.264238685,1.365021005,1.41398894,2.4597719700000003,0.094,0.094,0.079,0.094
Dethloff,SCA8-5,0,5,1.5809793999999997,0.8828618239999998,0.745484905,0.8716825825500001,0.8921620194,15.711849905000001,15.8585270194,37.437238,-0.14667711439999992,-0.02047943684999988,1.12145384,1.12145384,1.12145384,1.052527415,1.084964185,1.07678951,1.0827929900000002,1.524511032,0.0475,0.0475,0.0515,0.0475
Dethloff,SCA8-5,1,5,3.5190880750000004,1.9120567940000002,0.229649375,0.33458791135,0.31744735675,15.688736875,15.776534856749999,37.093162,-0.08779798175000003,0.017140554599999996,1.6967774500000001,1.6967774500000001,1.6967774500000001,1.6059068200000002,1.6511158325000002,1.4611706405,1.5001121225000003,2.7934450305,0.0625,0.0625,0.0635,0.0625
Dethloff,SCA8-5,2,3,1.1067874375000002,0.6775577530000001,0.0,0.0016758749999999998,0.0022345,8.61913,8.6213645,34.443334,-0.0022345,-0.0005586250000000001,0.4510542225,0.4510542225,0.4510542225,0.37859608499999997,0.4510542225,0.4510542225,0.37859608499999997,1.0307230935,0.024,0.024,0.029,0.024
Dethloff,SCA8-5,3,3,1.5138937000000001,0.8730430599999998,0.49458145000000003,0.5302483526999999,0.5086409548,9.64954645,9.663605954800001,33.774556,-0.014059504799999976,0.021607397899999964,0.8134011600000001,0.8134011600000001,0.8134011600000001,0.814009305,0.8670584200000001,0.8134011600000001,0.8787011199999999,1.392669276,0.0515,0.0515,0.0495,0.0595
Dethloff,SCA8-5,5,5,2.0001997875,1.206620832,0.25220883625,0.257438031275,0.25184576025,12.56929883625,12.56893576025,37.288465,0.0003630760000000108,0.005592271024999998,1.0333454325,1.0333454325,1.0333454325,0.9751346750000002,0.85039124,1.0451015810000002,0.9855696924999999,1.7320284945000002,0.056,0.056,0.046,0.056
Dethloff,SCA8-5,6,7,0.6858826,0.366562548,0.056446295,0.06467886596666668,0.05443199366666668,16.147844628333335,16.145830327000002,36.31726,0.00201430133333332,0.010246872300000001,0.30886401,0.30886401,0.30886401,0.32143041000000006,0.301730245,0.30886401,0.32143041000000006,0.567590753,0.013,0.013,0.0135,0.013
Dethloff,SCA8-5,7,3,1.3301607,0.736516264,1.194695205,1.5944487143999997,1.5962780453999998,13.485280205,13.8868630454,35.624511999999996,-0.4015828403999998,-0.0018293310000001561,1.5742869449999999,1.468256355,1.468256355,1.512751765,1.257787215,1.269528119,1.311616059,1.3194122970000002,0.038,0.0255,0.027,0.038
Dethloff,SCA8-5,9,3,3.7009692874999995,2.5138208105000004,0.0,0.0,0.0,10.4466,10.4466,31.58506,0.0,0.0,2.1715293025,2.1715293025,2.1715293025,2.178812025,2.1715293025,2.1715293025,2.178812025,3.2335947865,0.0535,0.0535,0.066,0.0535
Dethloff,SCA8-5,10,3,0.8911008750000001,0.51430488,0.415847075,0.4303283252,0.42244045410000003,12.551167075,12.557760454099999,34.67845,-0.006593379100000019,0.007887871099999971,0.74551603,0.74551603,0.74551603,0.772469445,0.5672958550000001,0.86277113,0.772469445,0.8512196899999999,0.014,0.014,0.011,0.014
Dethloff,SCA8-5,11,5,2.2937763375,1.317225672,0.21825244375,0.34636774530000003,0.33872643100000005,12.566829943750001,12.687303931000002,34.960102,-0.12047398725000004,0.0076413142999999795,1.5039412700000003,1.5039412700000003,1.5039412700000003,1.517579675,1.3055488800000001,1.4972704950000002,1.516757525,2.0834030735,0.0385,0.0385,0.044,0.0385
Dethloff,SCA8-6,0,3,3.545361525,2.0797610520000003,1.0323321325,1.0095474943,1.0757841700000002,12.714852132499999,12.758304169999999,38.24506,-0.043452037500000096,-0.06623667570000008,2.345855235,2.345855235,2.345855235,2.2809366774999997,2.08438252,2.195477034,2.1010500725,3.1740350189999997,0.069,0.069,0.08,0.087
Dethloff,SCA8-6,1,4,1.9975595625,1.1282639734999997,0.02189899166666667,0.06617864776666668,0.05776410220000001,13.465725658333334,13.501590768866668,36.22184,-0.03586511053333335,0.008414545566666667,1.2700134675,1.2700134675,1.2700134675,1.2469727025000001,1.2289965000000003,1.2359132365,1.2469727025000001,1.665777952,0.045,0.045,0.0385,0.045
Dethloff,SCA8-6,2,5,2.0299529375,1.159706706,0.3555392725,0.39146937400000004,0.41759577365,11.175374272500001,11.23743077365,34.320607,-0.06205650114999997,-0.026126399649999965,1.15166046,1.15166046,1.15166046,1.173474055,1.0235377325000001,1.0631901575,1.01114711,1.9378974129999997,0.0555,0.0555,0.056,0.0555
Dethloff,SCA8-6,3,3,2.1455822500000004,1.18318592,0.337162925,0.23907916500000004,0.262374058,13.723942925000001,13.649154058,34.229038,0.07478886700000002,-0.023294892999999983,1.5587414700000004,1.5587414700000004,1.5587414700000004,1.54562159,1.3135320700000002,1.5865075180000001,1.515851775,2.00809706,0.063,0.063,0.0455,0.063
Dethloff,SCA8-6,4,3,2.979031375,1.69264711,0.344940475,0.5408693992,0.5393751419999999,12.719815475,12.914250142,36.440296000000004,-0.19443466699999998,0.0014942572000000154,2.05337577,2.0536809050000002,2.0536809050000002,2.0378589000000003,1.708435295,2.008261777,1.906153825,2.6445712069999994,0.0665,0.0665,0.075,0.0665
Dethloff,SCA8-6,5,3,3.73747015,2.1481595270000002,0.1065704925,0.16612489760000002,0.1438419398,10.9428604925,10.9801319398,33.976936,-0.03727144730000001,0.022282957800000003,1.7664317875000002,1.8591580374999999,1.8591580374999999,1.7320368925,1.58309105,1.7664317875000002,1.742290035,3.11118514,0.087,0.072,0.082,0.087
Dethloff,SCA8-6,6,3,0.79086675,0.46741308,0.21409982,0.27794116840000005,0.2560929016,7.932479820000001,7.9744729016,31.757157999999997,-0.04199308160000001,0.021848266800000016,0.558518635,0.558518635,0.558518635,0.45819940499999995,0.505794185,0.558518635,0.45819940499999995,0.7130252370000001,0.009,0.009,0.0345,0.009
Dethloff,SCA8-6,7,4,0.1757460375,0.09831912599999998,0.006082753333333334,0.0180475407,0.020406602733333334,11.392352753333334,11.406676602733334,33.694748,-0.0143238494,-0.0023590620333333334,0.1379513475,0.1379513475,0.1379513475,0.1281781325,0.1379513475,0.1379513475,0.1281781325,0.19665173650000004,0.002,0.002,0.004,0.002
Dethloff,SCA8-6,9,6,1.9312507500000002,1.0864640800000003,0.600316344,0.50692072528,0.5104828216000001,14.927836344,14.8380028216,34.7614096,0.08983352239999995,-0.003562096319999997,0.8797845,0.8797845,0.8797845,0.90482556,0.8500729499999999,0.9777777780000001,0.90482556,1.567961086,0.05,0.05,0.0445,0.05
Dethloff,SCA8-6,10,4,2.2631309,1.295427944,0.5276493933333333,0.6501272851333333,0.6028894708,13.748746060000002,13.823986137466667,36.69708,-0.07524007746666665,0.04723781433333333,2.2268360924999997,2.2268360924999997,2.2268360924999997,1.7114105424999997,1.9527551400000003,1.8982112700000002,1.7104836225,2.153120232,0.038,0.038,0.0535,0.038
Dethloff,SCA8-6,11,4,2.0027693125,1.0854069039999998,0.715451,0.8192009741666667,0.7601474115999999,15.400257666666667,15.444954078266667,35.42242,-0.044696411600000006,0.05905356256666668,2.0285802125,2.0285802125,2.0285802125,2.1306664325,2.4246105700000005,1.974335392,1.9268273995,1.974335392,0.004,0.004,0.0295,0.061
Dethloff,SCA8-6,12,3,0.2689405875,0.15540651,0.0,0.024444530099999997,0.035562319800000006,12.323485,12.359047319799998,35.292058,-0.035562319800000006,-0.011117789700000004,0.1345901775,0.1345901775,0.1345901775,0.16606599,0.1345901775,0.1345901775,0.16606599,0.2632500165,0.009,0.009,0.004,0.009
Dethloff,SCA8-6,13,3,0.056286325,0.031472548,0.0,0.0,0.0,9.497295000000001,9.497295000000001,32.701474,0.0,0.0,0.013909140000000002,0.013909140000000002,0.013909140000000002,0.056286325,0.013909140000000002,0.013909140000000002,0.056286325,0.047208822,0.0015,0.0015,0.0,0.0015
Dethloff,SCA8-7,0,5,2.563950425,1.4266426,0.5074474850000001,0.412090693075,0.37794721605000003,15.555819985,15.42631971605,37.070272,0.12950026895000002,0.03414347702499995,1.3809274274999999,1.3809274274999999,1.3809274274999999,1.4441886050000001,1.159048235,1.3729127325,1.3588101449999999,2.0707109380000004,0.0435,0.0435,0.055,0.0435
Dethloff,SCA8-7,1,3,2.933062325,1.614046922,0.25209444999999997,0.16778428660000003,0.1943006204,14.547899450000001,14.490105620400001,34.728826,0.05779382959999997,-0.026516333799999972,1.3420893,1.3420893,1.3420893,1.3151092050000002,1.23505177,1.3548299700000002,1.29914185,2.254750408,0.0715,0.0715,0.066,0.0715
Dethloff,SCA8-7,2,3,1.2506045,0.713659504,0.26892538,0.18274735844999998,0.17085055379999997,6.02577038,5.9276955538,30.561064000000002,0.09807482620000002,0.011896804650000009,0.60384862,0.60384862,0.60384862,0.6184532699999999,0.5705403800000001,0.6198863250000001,0.62358726,1.302184832,0.0565,0.0565,0.049,0.0565
Dethloff,SCA8-7,3,3,0.5888189249999999,0.3349701359999999,0.6945889574999999,0.6101256023999999,0.5988072365999999,16.871073957500002,16.775292236600002,37.568242,0.09578172090000003,0.011318365800000008,0.7233279825,0.7233279825,0.7233279825,0.6455313199999999,0.5924793325000001,0.7453453245,0.5888189249999999,0.7453453245,0.01,0.01,0.008,0.01
Dethloff,SCA8-7,4,3,1.6350481000000001,0.9235414719999999,0.23357830000000002,0.19328604325,0.19620577200000006,9.9385783,9.901205772,33.46678,0.037372527999999974,-0.0029197287500000307,0.9311109525000001,0.9311109525000001,0.9311109525000001,0.9712379575,0.8626700025,0.9316767125000001,0.9709197175,1.4431195014999998,0.051,0.051,0.037,0.056
Dethloff,SCA8-7,5,6,2.2246656,1.232015556,0.23839611500000002,0.28579458242,0.26389648592,16.063796115,16.08929648592,36.608104,-0.025500370919999977,0.021898096500000026,0.9408404125000001,0.9408404125000001,0.9408404125000001,0.894317035,0.9408404125000001,0.9408404125000001,0.880742885,1.6910725164999998,0.057,0.057,0.05,0.057
Dethloff,SCA8-7,6,4,3.845584025,2.124068148,0.17789139999999995,0.10512552933333331,0.08814864266666667,12.845608066666669,12.755865309333336,34.154052,0.0897427573333333,0.016976886666666652,1.7272358374999999,1.7272358374999999,1.7272358374999999,1.6307871875000002,1.6003336875,1.7719891525,1.6005543750000002,3.053467667,0.0835,0.0835,0.0835,0.0835
Dethloff,SCA8-7,7,3,1.1655170000000001,0.65884568,0.44723366999999997,0.3464367964,0.3603690882,10.85748367,10.7706190882,33.140206,0.08686458179999992,-0.013932291800000031,1.1925272299999998,1.1925272299999998,1.1925272299999998,0.852625585,1.007874,0.88599812,0.852625585,1.2745032230000002,0.0285,0.0285,0.0245,0.0285
Dethloff,SCA8-7,8,3,0.489903825,0.29048755,0.0,0.0023481423,0.0014869926000000001,8.657565,8.6590519926,34.093882,-0.0014869926000000001,0.0008611497000000001,0.20231865,0.20231865,0.20231865,0.163422595,0.20231865,0.20231865,0.163422595,0.444908506,0.013,0.013,0.015,0.013
Dethloff,SCA8-7,9,4,1.8089963375000002,0.9993460069999999,0.030260416666666675,0.021498792333333332,0.03099303266666667,12.510427083333335,12.511159699333335,35.756656,-0.0007326159999999972,-0.009494240333333336,0.70996785,0.70996785,0.70996785,0.6518627000000001,0.6968588000000001,0.70996785,0.654219875,1.399311353,0.0485,0.0485,0.042,0.0485
Dethloff,SCA8-7,10,3,1.446813725,0.8809091390000001,0.0,0.0,0.0,11.22016,11.22016,34.105078000000006,0.0,0.0,0.6125842175,0.6125842175,0.6125842175,0.62091762,0.6125842175,0.6125842175,0.62091762,1.1676644965,0.0255,0.0255,0.0345,0.0255
Dethloff,SCA8-7,11,4,0.6650085250000001,0.36138311400000006,0.042723566666666664,0.032989382266666666,0.02833839533333334,12.968883566666667,12.954498395333333,35.194520000000004,0.014385171333333327,0.004650986933333329,0.45629274,0.45629274,0.45629274,0.47781878499999997,0.42651415,0.47548989500000005,0.47049451999999997,0.627601231,0.0175,0.0175,0.009,0.018
Dethloff,SCA8-7,12,3,3.375817575,1.872101092,0.5232223500000001,0.5454055710000001,0.536691705,15.51291235,15.526381704999999,35.901532,-0.013469354999999905,0.008713866000000126,2.559995265,2.559995265,2.559995265,2.5268809500000002,2.43067944,2.559995265,2.4963321179999998,3.057939234,0.052,0.052,0.0555,0.052
Dethloff,SCA8-8,0,8,2.0178277,1.052475574,0.09785764071428572,0.0631753640857143,0.06581478965714285,16.678569069285714,16.64652621822857,37.38317371428571,0.032042851057142864,-0.002639425571428572,1.2846683049999998,1.2846683049999998,1.2846683049999998,1.29783603,1.14241855,1.227571805,1.275453925,1.6428611845,0.0345,0.0345,0.029,0.0345
Dethloff,SCA8-8,1,3,0.69986375,0.40097598999999995,0.0688773475,0.06455743785,0.06541318539999999,13.1276923475,13.1242281854,35.46349,0.003464162100000015,-0.0008557475499999939,0.4852454599999999,0.4852454599999999,0.4852454599999999,0.365725735,0.4852454599999999,0.4964239099999999,0.365725735,0.6250362749999999,0.007,0.007,0.012,0.007
Dethloff,SCA8-8,2,4,0.6320426499999998,0.35666853600000004,0.024764974999999998,0.023058003000000004,0.0227077784,8.232508308333335,8.230451111733332,30.484108000000003,0.002057196599999999,0.00035022460000000075,0.249382295,0.249382295,0.249382295,0.22514591,0.249382295,0.249382295,0.22514591,0.5132227484999999,0.018,0.018,0.0175,0.018
Dethloff,SCA8-8,3,4,0.7103981,0.44191799200000004,0.09423391333333332,0.06039529716666666,0.05008721713333333,13.916057246666668,13.871910550466666,40.245216,0.0441466962,0.010308080033333328,0.456601225,0.456601225,0.456601225,0.3756524925,0.4265207625,0.4572447050000001,0.39125197500000003,0.674515636,0.0125,0.0125,0.02,0.0125
Dethloff,SCA8-8,4,4,1.3986593250000001,0.8160873799999999,0.27145319500000004,0.36329110273333326,0.33075043940000004,14.199836528333334,14.259133772733334,37.639252,-0.05929724440000005,0.032540663333333275,0.9572712875,0.9572712875,0.9572712875,0.7889481375,0.9512114724999999,0.9572712875,0.7889481375,1.3001453269999999,0.02,0.02,0.0375,0.02
Dethloff,SCA8-8,6,6,0.0,0.0,0.0,0.0014743176,0.004072446,16.068844000000002,16.072916446,35.873120799999995,-0.004072446,-0.002598128400000001,0.0,0.0,0.0,0.0,0.0,0.0,0.0,0.0,0.0,0.0,0.0,0.0
Dethloff,SCA8-8,7,3,0.0275092,0.016657309999999998,0.031660415,0.0116678744,0.0125799576,10.925475415000001,10.9063949576,33.625462,0.019080457399999997,-0.0009120832000000002,0.032681444999999996,0.032681444999999996,0.032681444999999996,0.04981457999999999,0.032681444999999996,0.032681444999999996,0.04981457999999999,0.044477352,0.003,0.003,0.006,0.003
Dethloff,SCA8-8,8,4,0.9745511999999998,0.534275136,0.20119986666666667,0.15420837499999998,0.15195516333333334,17.8205932,17.771348496666665,35.919264000000005,0.049244703333333334,0.0022532116666666526,0.750764425,0.750764425,0.750764425,0.7493215,0.6791950750000001,0.8086583500000001,0.7493215,1.157498371,0.0265,0.0265,0.022,0.0265
Dethloff,SCA8-8,10,3,0.301567025,0.17080594400000002,0.0,0.010715349249999999,0.0066692203,12.036945000000001,12.0436142203,34.048294,-0.0066692203,0.004046128949999999,0.301567025,0.301567025,0.301567025,0.1739029125,0.301567025,0.301567025,0.1739029125,0.301567025,0.0,0.0,0.006,0.0
Dethloff,SCA8-8,13,3,0.43809187499999996,0.24095154,0.146030625,0.15187184999999997,0.14953536,11.783295625000001,11.78680036,32.518528,-0.003504735000000002,0.0023364899999999897,0.347278185,0.347278185,0.347278185,0.39199986499999995,0.25965981,0.42333235899999994,0.35286839499999995,0.40724689399999997,0.018,0.018,0.022,0.018
Dethloff,SCA8-9,0,5,1.8322159500000001,0.9895338360000001,0.28192961499999997,0.34876661022500005,0.35339678080000003,16.640317115000002,16.7117842808,36.537838,-0.07146716580000007,-0.004630170574999974,1.2198446474999998,1.2198446474999998,1.2198446474999998,1.1685381525,1.2121871974999998,1.2198446474999998,1.1685381525,1.766479484,0.042,0.042,0.0395,0.042
Dethloff,SCA8-9,1,3,2.6400989375,1.4872912399999998,0.5280197874999999,0.6581240577499999,0.6653384305,11.2476097875,11.3849284305,34.046338,-0.13731864300000007,-0.007214372750000031,2.4948626650000008,2.4948626650000008,2.4948626650000008,2.24206685,2.2268795075,2.310472947,2.21318523,2.6344066949999996,0.103,0.103,0.065,0.104
Dethloff,SCA8-9,2,4,1.82445775,1.12654165,0.10727983333333335,0.23879655320000004,0.18473528053333335,12.871389833333332,12.948845280533332,35.282008,-0.07745544720000001,0.05406127266666667,1.0295026750000003,1.0295026750000003,1.0295026750000003,0.8051500800000001,0.8704551375000001,0.9474563575000001,0.8089415125000001,1.5081864575,0.0405,0.0405,0.04,0.0405
Dethloff,SCA8-9,3,3,2.1580920375,1.2321033280000002,0.754031425,0.8776598222499999,0.8922888465000002,14.150846425000001,14.289103846500002,34.91518,-0.13825742150000012,-0.014629024250000205,1.4608689,1.4608689,1.4608689,1.5398663375,1.3696819125,1.4608689,1.5698709375,2.272120195,0.06,0.06,0.059,0.06
Dethloff,SCA8-9,5,4,2.2593068499999998,1.277352754,0.018503933333333333,0.0171199117,0.014453860066666666,13.132753933333335,13.128703860066667,34.64966,0.004050073266666667,0.002666051633333333,1.0879002,1.0879002,1.0879002,0.9490186700000001,1.0608248724999998,1.0879002,0.9490186700000001,1.736521279,0.0325,0.0325,0.0395,0.0325
Dethloff,SCA8-9,6,4,2.3604176000000003,1.3410745099999999,0.33348873833333337,0.4756689661333333,0.48286186886666665,15.673655405,15.823028535533332,36.195188,-0.14937313053333331,-0.007192902733333391,1.4014569675,1.4014569675,1.4014569675,1.2213737700000002,1.2990394275000001,1.3417745575,1.22100586,1.9856859935000002,0.0565,0.0565,0.064,0.0565
Dethloff,SCA8-9,7,3,2.217699525,1.247279176,1.6197110175,2.3389780063499996,2.5402389477,12.659991017500001,13.580518947700002,34.872916000000004,-0.9205279302,-0.20126094135000017,2.3846267174999998,2.3789206875,2.3789206875,2.3692708125,1.8880060275000001,2.3043926354999997,2.1766823234999997,2.5820464600000004,0.063,0.0625,0.0565,0.063
Dethloff,SCA8-9,8,4,0.9142271,0.508456908,0.0,0.005961816500000001,0.005508791666666666,11.162673333333336,11.168182125000001,33.828384,-0.005508791666666666,0.0004530248333333338,0.49262825000000005,0.49262825000000005,0.49262825000000005,0.5192388400000001,0.49262825000000005,0.49262825000000005,0.5192388400000001,0.8317592454999999,0.023,0.023,0.0315,0.023
Dethloff,SCA8-9,9,4,1.2675276625,0.773230472,0.42820733166666664,0.4983765129,0.4522029629333333,15.889797331666665,15.913792962933334,37.186232,-0.02399563126666665,0.046173549966666706,0.9221113799999999,0.9221113799999999,0.9221113799999999,0.94391699,0.8336792175000001,0.9162899149999999,0.933014185,1.256032379,0.0235,0.0235,0.0355,0.0235
Dethloff,SCA8-9,10,3,2.1156741,1.1677181760000002,2.0577077800000003,2.1976864276,2.3755485142,12.92440778,13.2422485142,33.413986,-0.31784073420000003,-0.17786208660000002,2.1364749425,2.1364749425,2.1364749425,2.2234267299999995,1.62048387,1.9992748225,2.0261838350000003,1.9992748225,0.0445,0.0445,0.0535,0.0645
Dethloff,SCA8-9,11,5,1.04129,0.557122368,0.060885212499999994,0.050625454025,0.05859026805,13.261832712500002,13.259537768050002,37.621306,0.002294944450000001,-0.007964814024999996,0.541035425,0.541035425,0.541035425,0.5238940325000001,0.5317767075000001,0.5568930620000001,0.5633730775000001,0.8496530295,0.0305,0.0305,0.027,0.0305
Dethloff,SCA8-9,13,4,0.8140232999999999,0.5158324464999999,0.0,0.0,0.0,13.304853333333334,13.304853333333334,35.912836,0.0,0.0,0.4749953525,0.4749953525,0.4749953525,0.3915860475000001,0.4749953525,0.4749953525,0.3915860475000001,0.723832427,0.0135,0.0135,0.0205,0.0135
City,HANOI-100-1,0,3,0.0,0.0,0.0,0.0,0.0,5.30057,5.30057,28.206568,0.0,0.0,0.0,0.0,0.0,0.0,0.0,0.0,0.0,0.0,0.0,0.0,0.0,0.0
City,HANOI-100-1,1,18,6.189682225,5.002167616,8.688527067235295,8.682132540307059,8.868175397479998,25.940101184882355,26.119749515127058,29.38587011764706,-0.17964833024470467,-0.18604285717294033,6.513462507500001,6.5003433525,6.5003433525,6.075873047000001,6.2762302535,6.3497879245,6.0080414485,6.3497879245,0.004,0.0035,0.0015,0.0115
City,HANOI-100-1,2,20,1.2677430875,0.664600364,0.9580605682105263,1.079498709026316,1.24108308044,19.25922793663158,19.54225044886105,28.745664210526318,-0.2830225122294736,-0.1615843714136842,1.210197432,1.210197432,1.210197432,1.161098298,0.86109292,0.9674872204999999,0.9432681509999999,0.9799938244999999,0.011,0.011,0.0105,0.0125
City,HANOI-100-1,3,17,0.38626485000000005,0.214660841,0.0632882321875,0.13662399066875003,0.1421031871375,16.787260732187498,16.8660756871375,29.448382,-0.07881495495,-0.005479196468749999,0.410730385,0.410730385,0.410730385,0.41738373,0.35091367,0.401461634,0.32512728900000004,0.401461634,0.001,0.001,0.0015,0.0015
City,HANOI-100-1,4,19,5.2628631624999995,2.998836282,1.3844051341111112,1.555916839618889,1.6809424940777782,19.034185134111112,19.33072249407778,29.031395999999997,-0.29653735996666675,-0.125025654458889,4.582927578,4.582927578,4.582927578,4.5742673510000005,4.5770841634999995,4.582927578,4.632855977999999,4.5925318345,0.0015,0.0015,0.0025,0.043
City,HANOI-100-1,5,23,6.1689751500000005,2.249947138,4.743989241590907,5.037196674762726,5.324394604659999,26.09644696886363,26.67685233193273,30.34596127272727,-0.580405363069091,-0.2871979298972727,5.314281392500001,5.314281392500001,5.3045361925000005,4.934278656,5.222413167500001,5.248924452500001,4.807693432,5.248924452500001,0.0015,0.0015,0.003,0.0015
City,HANOI-100-2,0,16,0.544319725,0.28432276,0.22099553066666672,0.2871328014733333,0.2453161546533333,15.884577530666666,15.908898154653333,29.223301600000003,-0.02432062398666666,0.04181664682000003,0.30524730499999997,0.30524730499999997,0.30524730499999997,0.207226295,0.216785785,0.26327826600000004,0.22637068200000002,0.416229962,0.0185,0.0185,0.02,0.0185
City,HANOI-100-2,1,15,2.299593,1.0545303,10.15149688635714,10.06537385628857,8.870072343074284,25.018494743500003,23.737070200217143,29.190881714285712,1.2814245432828566,1.1953015132142855,2.6095537720000004,2.3542226815000005,2.3542226815000005,2.450017089,1.6917134024999998,1.8982103205,1.715219797,1.8982103205,0.03,0.0255,0.029,0.0595
City,HANOI-100-2,2,16,1.79946655,0.756415406,1.9645372883333334,1.9692322992466664,2.5488842973333328,18.131542621666664,18.715889630666666,30.2286736,-0.584347009,-0.5796519980866663,2.4027360325,2.4027360325,2.4027360325,2.1365125625,1.71286311,1.820697776,1.6179534745,1.820697776,0.0335,0.0335,0.0255,0.0335
City,HANOI-100-2,3,16,0.681153375,0.290931556,0.2255168453333333,0.24362662038666671,0.2238026970933333,15.600066845333332,15.598352697093333,28.792831999999997,0.0017141482399999867,0.019823923293333334,0.7062222699999999,0.7062222699999999,0.7062222699999999,0.7352963475000001,0.63910703,0.6366216085,0.6016184014999999,0.6513726995000001,0.013,0.013,0.013,0.013
City,HANOI-100-2,4,7,0.0,0.0,0.0,0.0,0.0,8.448418333333334,8.448418333333334,28.322861999999997,0.0,0.0,0.0,0.0,0.0,0.0,0.0,0.0,0.0,0.0,0.0,0.0,0.0,0.0
City,HANOI-100-2,5,15,17.561246550000003,16.771908446,6.542810502499999,6.516117536442857,6.367584993785715,21.777248359642865,21.60202285092857,29.89122142857143,0.1752255087142859,0.14853254265714275,17.578478629000003,17.534929715999997,17.534929715999997,17.561246550000003,17.604967835,17.534929715999997,17.561246550000003,17.534929715999997,0.001,0.0,0.0,0.0115
City,HANOI-100-2,6,15,17.3725060875,15.943542228999998,7.580321100857143,7.9013037005171425,7.74386416524,22.305059672285715,22.468602736668572,28.862680857142863,-0.16354306438285685,0.15743953527714247,17.263917857499997,17.263917857499997,17.263917857499997,17.142267187499996,17.071398232499998,17.263917857499997,17.142267187499996,17.263917857499997,0.0,0.0,0.0,0.0225
City,HANOI-100-3,0,4,0.0,0.0,0.0,0.0,0.0,6.171876666666667,6.171876666666667,28.276464,0.0,0.0,0.0,0.0,0.0,0.0,0.0,0.0,0.0,0.0,0.0,0.0,0.0,0.0
City,HANOI-100-3,1,14,5.513616974999999,3.676104063499999,7.288030902615383,7.813922345039998,8.192670617655384,21.90657936415385,22.811219079193844,29.560687692307688,-0.9046397150399998,-0.3787482726153844,6.227770169499999,6.2168268495,6.1938379244999995,6.269909202,3.9551786399999997,4.530147616,4.5924490129999995,4.530147616,0.0495,0.049,0.049,0.067
City,HANOI-100-3,2,14,1.9106866875000001,0.995997088,0.7611971153846154,0.6733756235461537,0.6297535689692306,15.103444038461534,14.972000492046154,30.093219999999995,0.1314435464153846,0.04362205457692311,1.0188756675,1.0188756675,1.0188756675,0.8848127724999999,0.7108874,0.883313195,0.7821962685,1.2324162660000002,0.039,0.039,0.041,0.039
City,HANOI-100-3,3,19,1.1576538250000001,0.484555756,1.3222836539444445,1.2538024472122222,1.4742775452066668,19.10212754283333,19.254121434095556,29.966646666666666,-0.1519938912622223,-0.22047509799444454,1.1226312344999998,1.1226312344999998,1.3440568094999998,1.1741456680000002,0.7635036775000001,0.762012551,0.792390931,0.8082285855,0.01,0.0175,0.013,0.0215
City,HANOI-100-3,4,22,6.49260235,2.5517034845,1.7492552477142853,1.8382550914428568,1.9181149829885715,22.218586200095235,22.387445935369524,29.564308000000004,-0.16885973527428574,-0.07985989154571425,5.43508255,5.43508255,5.43508255,5.2931219574999995,5.423880499999999,5.439864252,5.2964572274999995,5.439864252,0.001,0.001,0.001,0.009
City,HANOI-100-3,5,14,0.0598505625,0.028453876,0.0,0.0007275695230769231,0.0036154268461538464,13.723314615384615,13.726930042230768,28.449844923076924,-0.0036154268461538464,-0.002887857323076923,0.0598505625,0.0598505625,0.0598505625,0.0598505625,0.0598505625,0.0598505625,0.0598505625,0.0598505625,0.0,0.0,0.0,0.0
City,HANOI-100-3,6,13,0.0,0.0,0.0,0.0,0.0,13.287146666666667,13.287146666666667,29.771316,0.0,0.0,0.0,0.0,0.0,0.0,0.0,0.0,0.0,0.0,0.0,0.0,0.0,0.0
City,HANOI-200-1,0,21,8.8603686375,3.463367464,2.4857117187499997,3.0326785004529997,3.0941540562099994,22.327485218750002,22.935927556209997,29.599098399999995,-0.6084423374600003,-0.06147555575700003,6.5453403065,6.5453403065,6.5453403065,6.346464674999999,6.4708404045000005,6.5453403065,6.346464674999999,6.5453403065,0.0,0.0,0.0,0.028
City,HANOI-200-1,1,21,0.8556851624999999,0.40303050199999996,1.1934921765000002,1.3046005686249997,1.8921151936340004,20.251483676500005,20.950106693634,29.092095399999998,-0.698623017134,-0.5875146250090001,0.7693047454999999,0.7693047454999999,0.7693047454999999,0.9989525215,0.492358923,0.6753401914999999,0.616340222,0.6753401914999999,0.0095,0.0095,0.0175,0.0095
City,HANOI-200-1,2,13,3.1524055750000004,1.4102952,6.614076816249998,7.220361134441666,7.688801432903333,19.982928482916666,21.05765309957,29.054456000000002,-1.0747246166533337,-0.46844029846166685,3.4211004515000005,3.4007989939999996,3.3441934905,3.640596195,2.973478765,2.8078788365,2.7380261650000004,2.8078788365,0.021,0.0175,0.0255,0.0585
City,HANOI-200-1,3,18,3.2803717375000003,1.503133676,4.910694748529412,5.382092173002354,5.33301273870353,21.669265336764706,22.091583326938824,28.553951764705886,-0.4223179901741176,0.0490794342988232,2.5740531054999995,2.5740531054999995,2.5740531054999995,2.3557775525,2.1481525375,2.3821551275,2.240665547,2.3821551275,0.0065,0.0065,0.004,0.0505
City,HANOI-200-1,4,14,0.0,0.0,0.0,7.72165e-05,0.0,13.76604153846154,13.76604153846154,28.440098153846154,0.0,7.72165e-05,0.0,0.0,0.0,0.0,0.0,0.0,0.0,0.0,0.0,0.0,0.0,0.0
City,HANOI-200-1,5,22,4.0302897875,1.591707303,8.542531038571427,9.010968283670476,9.659439347868572,28.735576752857146,29.85248506215429,29.083644571428575,-1.116908309297143,-0.6484710641980955,3.0610248035000005,3.0610248035000005,3.0610248035000005,2.8940207585,2.749542933,2.8828797,2.67025849,2.8828797,0.0065,0.0065,0.0065,0.0115
City,HANOI-200-1,6,16,7.148943675,7.095860868,5.298795001999999,5.701517336859999,4.864652585533333,20.851543668666668,20.4174012522,28.7069368,0.43414241646666685,0.8368647513266665,7.275775819999999,7.275775819999999,7.499084475,7.148943675,7.147573135000001,7.176332878999999,7.148943675,7.176332878999999,0.003,0.0065,0.0,0.003
City,HANOI-200-1,7,22,2.9521823375,1.2473431544999998,4.062036209857143,4.391139354632381,4.059318902205715,24.66862430509524,24.665906997443805,30.01350171428571,0.0027173076514285677,0.33182045242666663,2.5411547195,2.5411547195,2.5411547195,2.4037319325,2.5501240825,2.5354151815,2.4037319325,2.5354151815,0.001,0.001,0.0,0.026
City,HANOI-200-1,8,21,1.002801875,0.39459043,2.18372524015,2.6064424304630003,3.203649677262,21.789528240150002,22.809452677261998,29.8571644,-1.0199244371119998,-0.5972072467990002,0.9087002630000001,0.9087002630000001,0.9087002630000001,0.8558494720000001,0.8700207255,0.9087002630000001,0.8558494720000001,0.9087002630000001,0.0,0.0,0.0,0.002
City,HANOI-200-1,9,18,3.139792525,2.647608975,12.598595304705881,13.222928910817647,13.486017754254117,30.431625892941177,31.31904834248941,29.812036705882353,-0.8874224495482353,-0.26308884343647077,3.514957345,3.514957345,3.4463244849999994,3.0656371515000003,2.8435764149999994,2.9659350909999995,2.9559455674999993,2.9659350909999995,0.0165,0.016,0.0065,0.0145
City,HANOI-200-1,10,14,2.8727434625,1.256725688,0.36976253538461534,0.5066051746307692,0.4277753608307693,14.644392535384618,14.70240536083077,29.978996615384613,-0.05801282544615384,0.07882981380000001,2.4127537524999996,2.4127537524999996,2.4127537524999996,2.2861041324999998,2.0068415424999997,2.3300242495,2.0788054915,2.3200435735,0.0515,0.0515,0.0455,0.052
City,HANOI-400-1,0,14,3.9938172250000004,1.70124852,4.160624655,4.020344577493846,3.868902362599999,17.92016927038462,17.628446977984616,28.27366830769231,0.2917222924,0.1514422148938461,4.980835839499999,4.980835839499999,5.0288685375,4.7163321725000005,4.289287539999999,3.7326847655,3.570894632,3.7277594605,0.0525,0.053,0.039,0.062
City,HANOI-400-1,1,18,2.398423025,1.035498884,4.630710991529412,4.557555533934117,4.075752191317647,22.531102168,21.976143367788236,29.779405882352943,0.5549588002117644,0.4818033426164701,2.40266226,2.168259318,2.168259318,2.07966404,1.6947742125,1.8414109300000001,1.9712826645,1.8414109300000001,0.0125,0.0105,0.0085,0.027
City,HANOI-400-1,2,20,2.1452672125,0.9459508740000001,5.571979043263158,5.235249683528421,7.261398665538947,23.78716378010526,25.476583402381053,28.62967852631579,-1.6894196222757898,-2.0261489820105267,1.538874692,1.538874692,1.538874692,1.6605248529999999,1.619462475,1.505868654,1.494274789,1.549195928,0.0045,0.0045,0.0065,0.027
City,HANOI-400-1,3,21,6.4181737625,3.2744070400000003,8.66594489025,8.185054977232,10.368356508494,27.80866389025,29.511075508494002,28.907526999999998,-1.7024116182440001,-2.1833015312620003,4.9287560589999995,4.963612799000001,4.90747166,4.840568425,4.915706985000001,4.90747166,4.83023909,4.90747166,0.0005,0.0,0.001,0.0045
City,HANOI-400-1,4,11,1.7915107749999999,0.8550839395000001,0.8500768475000001,0.74297885159,1.1842245371000002,12.2091928475,12.543340537099997,28.222409199999998,-0.3341476896000001,-0.4412456855100001,1.9070508924999998,1.9160674325,1.9025212299999998,2.002968645,1.49943122,1.717353964,1.6320042039999998,1.7475413290000001,0.032,0.032,0.0315,0.0325
City,HANOI-400-1,5,18,1.866386075,0.727605928,1.5385587585294114,1.3426668003882352,1.6678978335294117,18.499251111470585,18.62859018647059,28.69722258823529,-0.12933907500000003,-0.32523103314117635,1.874414881,1.874414881,1.874414881,1.8178883615,1.8421746405000003,1.8617691185,1.8032848115000002,1.8617691185,0.0015,0.0015,0.003,0.0035
City,HANOI-400-1,6,18,1.4054449125000001,0.6130987059999999,10.878980068176471,10.879303870730588,12.964312310924708,28.105945950529406,30.191278193277647,29.65172658823529,-2.085332242748235,-2.0850084401941182,1.201705616,1.201705616,1.1758645660000002,1.196603742,1.0144870725000001,1.0967699535,1.0351081365,1.0967699535,0.0065,0.0045,0.006,0.019
City,HANOI-400-1,7,21,4.1034642875,1.491163312,1.33682045185,1.0830804799749998,1.3543985740600004,20.30620495185,20.32378307406,28.3933942,-0.017578122210000095,-0.2713180940850002,3.9920763200000002,3.9920763200000002,3.9920763200000002,3.8673728714999998,3.9615547825,3.9794691364999997,3.820576645499999,3.9794691364999997,0.0005,0.0005,0.0015,0.0005
City,HANOI-400-1,8,18,7.797545875,5.035899219,28.732163328941176,28.57311876755647,28.55737495402118,46.334770976,46.15998260108,29.813592470588237,0.1747883749199998,0.015743813535294332,7.027950443,7.019748657999999,7.019748657999999,6.887919142,7.208237348000001,7.027950443,6.8675111735,7.027950443,0.0,0.0005,0.002,0.0365
City,HANOI-400-1,9,16,2.1545161625,1.0600142080000001,8.612064403,8.330807337101334,7.979289615282666,24.94787973633333,24.315104948616,29.342268000000004,0.6327747877173339,0.3515177218186671,2.1353093544999995,2.1353093544999995,1.9017852484999997,2.09885613,1.9596092175,1.759885549,1.72038429,1.759885549,0.0095,0.0045,0.01,0.0265
City,HANOI-400-1,10,14,1.698047325,0.7731108480000001,6.477301671923077,6.076183692061539,6.7542327358000005,21.130166287307695,21.407097351184614,29.250943692307693,-0.2769310638769228,-0.6780490437384612,1.7675140999999999,1.7675140999999999,1.6948802725,1.8105380875000001,1.8134758524999997,1.666232133,1.666793475,1.666232133,0.0025,0.001,0.0035,0.0145
City,HANOI-400-1,11,17,7.894106087499999,4.8479409645,9.720451458500001,9.583732212307499,9.646145303379999,26.9313427085,26.85703655338,29.82592225,0.07430615512000033,-0.06241309107249954,7.3730848975,7.3730848975,7.3730848975,7.509356241000001,7.3058749385,7.2335083435,7.266974114500001,7.2335083435,0.0045,0.0045,0.005,0.047
City,HANOI-400-1,12,15,0.828720575,0.382245714,2.049501745,1.7987964810785715,1.3647759155857142,16.495426745,15.810700915585716,28.286592571428574,0.6847258294142856,0.4340205654928571,1.3412757675,1.3412757675,1.3412757675,1.0346984775,0.6933001475000001,0.786712492,0.6900925090000001,0.786712492,0.0235,0.0235,0.0125,0.0235
City,HANOI-400-1,13,20,1.8900442375000002,1.396348384,3.1521289792105267,2.7433391193515786,3.8251789002210526,21.96596213710526,22.63901205811579,28.780517894736846,-0.6730499210105264,-1.0818397808694742,1.6644031595000002,1.6644031595000002,1.6644031595000002,1.6802907315000002,1.698627575,1.6644031595000002,1.6802907315000002,1.6644031595000002,0.0,0.0,0.0,0.0095
City,HANOI-400-1,14,19,3.6060841499999996,1.4444790785000001,2.450616916111111,2.2951010177822226,2.470091056111111,20.02656191611111,20.04603605611111,28.46481133333333,-0.019474139999999886,-0.17499003832888882,2.9570551080000005,2.9570551080000005,2.9570551080000005,3.040725057,3.0645302675000003,2.864073978,2.7168151934999996,2.864073978,0.008,0.008,0.015,0.0265
City,HANOI-400-1,15,21,8.304407812500001,4.708206824,11.37557265085,11.136725794081,10.685933953482,31.207867650849995,30.518228953481998,29.8290622,0.689638697368001,0.4507918405990006,7.6928995715,7.6928995715,7.6928995715,7.5422001355,7.528488511000001,7.597040659,7.5422001355,7.597040659,0.003,0.003,0.0,0.0135
City,HANOI-400-1,16,15,3.7183368875,1.6258599399999998,4.441148842071429,4.4026530823985714,4.532364376425714,19.2841974135,19.375412947854283,29.225008857142857,-0.09121553435428587,-0.12971129402714313,4.107953104,4.3024612824999995,4.3024612824999995,4.045697571,2.8276067549999997,2.6523360214999996,2.7568510269999997,2.6523360214999996,0.0465,0.051,0.049,0.0705
City,HANOI-400-1,17,19,1.33506975,0.584569248,4.603968658611111,4.452862681049999,4.353579407528889,22.75671143638889,22.50632218530667,29.747551333333334,0.2503892510822219,0.09928327352111121,1.1413476894999999,1.1413476894999999,1.2862471695,1.211963106,0.81048897,0.920140776,0.9124167205,0.926299855,0.01,0.014,0.0135,0.0275
City,HANOI-400-1,18,19,1.862313725,0.8541593820000001,8.230315737777778,7.9173381883900005,9.820152747268887,27.08431018222222,28.674147191713335,29.995443999999996,-1.5898370094911114,-1.902814558878889,1.6805793275,1.6805793275,1.5331214015,1.577679247,0.9798292299999999,1.299823852,1.1964126515,1.299823852,0.016,0.0095,0.0155,0.028
City,HANOI-400-1,19,18,11.461216412499999,7.54685575,6.377464454588235,5.8365032890588235,5.680685333524707,23.82439739576471,23.127618274701177,29.3286294117647,0.6967791210635293,0.15581795553411737,10.816577754999999,10.816577754999999,10.814302811,10.751943174500001,10.783006333,10.816577754999999,10.751943174500001,10.816577754999999,0.0,0.0005,0.0,0.0125
City,HANOI-400-1,20,16,5.241963950000001,3.087940764,3.1523809270000007,2.7845736398733334,2.799274663533333,19.155120927,18.80201466353333,30.014173600000007,0.3531062634666667,-0.014701023660000125,5.674134675,6.0372810800000005,6.0372810800000005,6.0541893775,4.241628017499999,4.5890956555,4.4730212714999995,4.6241256315,0.0445,0.0575,0.0565,0.071
City,HANOI-400-1,21,16,0.2023594375,0.100248914,0.6434779093333334,0.5762373318066666,1.8962802445866669,16.012535909333334,17.265338244586662,28.864874400000005,-1.252802335253333,-1.3200429127799997,0.2328309875,0.2328309875,0.2328309875,0.3431638975,0.1720857625,0.1907243705,0.2794247655,0.22986199949999997,0.0035,0.0035,0.009,0.0035
City,HANOI-400-1,22,16,3.2057280125,1.3933701720000002,7.374352256799999,7.455209669706666,8.360835245149334,22.997718256800002,23.984201245149336,28.8361168,-0.9864829883493337,-0.9056255754426671,2.2992216685000004,2.2992216685000004,2.1956413730000004,2.4221619720000005,2.1290770949999995,2.0759887305,2.1416198905,2.0759887305,0.0075,0.0055,0.0115,0.047
City,HCMC-100-1,0,16,1.244612075,0.618633556,0.159491926,0.34455282494000006,0.35058249925333335,15.993285925999999,16.184376499253332,30.9485168,-0.1910905732533333,-0.006029674313333321,0.7939257825,0.7939257825,0.7939257825,0.7827688075000001,0.53230867,0.8170006424999999,0.612574244,0.872171876,0.0195,0.0195,0.0285,0.0195
City,HCMC-100-1,1,20,16.0416286625,15.408625662,6.5831584802105265,5.743453834470526,5.884977493210526,25.515632690736844,24.817451703736843,30.05491284210526,0.698180987,-0.1415236587399999,16.0728031905,16.0728031905,16.0728031905,16.0416286625,16.0710433025,16.0728031905,16.0416286625,16.0728031905,0.0,0.0,0.0,0.001
City,HCMC-100-1,2,3,0.0,0.0,0.0,0.0,0.0,5.34946,5.34946,28.139878,0.0,0.0,0.0,0.0,0.0,0.0,0.0,0.0,0.0,0.0,0.0,0.0,0.0,0.0
City,HCMC-100-1,3,22,15.255922212500002,10.665486024000002,4.794206028428572,4.579045878047619,3.8964524267238096,25.113865552238096,24.21611195053334,29.264966857142852,0.8977536017047621,0.6825934513238093,14.825700709000003,14.825700709000003,14.825700709000003,14.592504028499999,14.778656245000002,14.825700709000003,14.592504028499999,14.825700709000003,0.0,0.0,0.0,0.008
City,HCMC-100-1,4,21,0.6190140000000001,0.28918459,0.07279554725000001,0.124769917635,0.091600627256,19.28676904725,19.305574127256,29.205671199999994,-0.018805080006,0.033169290379,0.3817555325,0.3817555325,0.3817555325,0.293872767,0.35118052499999997,0.46672705999999997,0.306782746,0.4831811525,0.0075,0.0075,0.011,0.0075
City,HCMC-100-1,5,18,1.912992025,0.8374954959999998,6.576447312529411,6.156207081819999,7.634209140920001,23.736945547823527,24.79470737621412,29.598496,-1.0577618283905883,-1.4780020591000003,1.2096166595,1.2096166595,1.2474233019999998,1.202432541,1.1311607725,1.2096166595,1.1908180449999999,1.2096166595,0.0,0.0005,0.0045,0.0255
City,HCMC-100-2,0,21,0.6013149624999999,0.27808845200000004,0.03148934975,0.085774695175,0.07026336034,19.450652849749996,19.48942686034,29.663161600000002,-0.038774010590000005,0.015511334834999996,0.31684891,0.31684891,0.31684891,0.3913463825,0.31139815499999995,0.31521569899999996,0.307633349,0.432622657,0.0105,0.0105,0.0135,0.0105
City,HCMC-100-2,1,14,4.322023337500001,3.7758989140000003,3.9625947557692305,4.3579685423923085,5.372380552692308,17.858394755769233,19.268180552692307,29.16260430769231,-1.409785796923077,-1.0144120103000005,4.456023245,4.456023245,4.456023245,4.4660975225,4.03604037,4.140812084,4.178319157,4.140812084,0.0085,0.0085,0.012,0.011
City,HCMC-100-2,2,7,0.0,0.0,0.0,0.0,0.0,8.336936666666666,8.336936666666666,28.392800000000005,0.0,0.0,0.0,0.0,0.0,0.0,0.0,0.0,0.0,0.0,0.0,0.0,0.0,0.0
City,HCMC-100-2,3,13,1.2366796000000002,0.581972684,1.0672361100000003,1.1893664703666667,1.4607602220000002,14.361416110000002,14.754940222000002,29.028534999999994,-0.3935241120000001,-0.27139375163333335,1.17267113,1.17267113,1.17267113,1.4421392974999998,0.834108805,1.041880294,1.0006649104999998,1.088740739,0.012,0.012,0.0195,0.012
City,HCMC-100-2,4,16,10.001176474999998,4.050656982,3.351208195666667,3.6853120025333337,3.1199918114666665,19.340508862333333,19.109292478133334,30.604621600000005,0.23121638420000004,0.5653201910666664,9.3320590985,9.3320590985,9.3320590985,9.1648474225,9.3320590985,9.3320590985,9.1648474225,9.3320590985,0.0,0.0,0.0,0.0
City,HCMC-100-2,5,10,5.419152937499999,2.606847042,11.081569652222221,11.663451166266666,11.86434272968889,22.482769652222224,23.26554272968889,29.605141333333336,-0.7827730774666661,-0.20089156342222203,5.7752082829999996,5.7752082829999996,5.7752082829999996,5.8305696845,5.149719945,4.706320623,4.7601697275,4.706320623,0.0445,0.0445,0.042,0.098
City,HCMC-100-2,6,19,6.1180574624999995,2.3614044379999997,1.9063004473888887,2.103674160167778,1.88500922926,20.090018225166666,20.06872700703778,29.261246000000003,0.021291218128888963,0.21866493090777794,5.259705559,5.259705559,5.259705559,4.9967287455,5.3079275594999995,5.259705559,4.9967287455,5.259705559,0.0,0.0,0.0,0.0215
City,HCMC-100-3,0,17,14.142871287500002,12.4481078345,10.480639435,10.026378293116249,11.2101681147825,26.85832381,27.587852489782495,29.99692825,-0.7295286797824997,-1.18378982166625,14.403512126,14.403512126,14.355096867,14.169743930000001,14.151636868,14.305792664,14.09975536,14.305792664,0.0045,0.006,0.003,0.0155
City,HCMC-100-3,1,18,2.9438263875,1.2079784555000002,2.490624162058824,2.424684952952941,1.1861037254117648,20.00904533852941,18.70452490188235,29.107730588235295,1.3045204366470593,1.2385812275411767,2.5913342345,2.5913342345,2.5913342345,2.5141785795000002,2.655024727,2.5871496395,2.5141785795000002,2.5993785415,0.007,0.007,0.0,0.012
City,HCMC-100-3,3,16,2.395441625,1.02531296,3.7938917120666664,3.4202542306666666,4.445862481165334,19.2551530454,19.907123814498664,29.001653599999997,-0.6519707690986665,-1.0256082504986666,2.152953332,2.6655879815,2.152953332,2.210650264,1.97153382,1.7427279565,1.7490458905000001,1.7474058705000002,0.0175,0.0175,0.019,0.0485
City,HCMC-100-3,4,27,5.9203614,3.6782071414999997,6.293621165038463,6.126316564611538,4.754010014043076,30.413627318884615,28.87401616788923,30.134573846153845,1.5396111509953851,1.3723065505684622,5.965822586,5.965822586,5.965822586,5.850123352000001,5.965822586,5.965822586,5.850123352000001,5.965822586,0.0,0.0,0.0,0.0
City,HCMC-100-3,5,21,1.5974743625,0.6931882760000001,1.3930956875000002,1.1270835098010001,0.9248687435540003,20.698188687499997,20.229961743554,30.097642600000007,0.46822694394600006,0.20221476624700002,1.3233750279999998,1.3233750279999998,1.3233750279999998,1.2379215074999999,0.9909907305,1.1094888985,1.07453228,1.099712346,0.013,0.013,0.013,0.013
City,HCMC-200-1,0,18,4.65059685,3.3106174509999997,3.2509859479411762,3.4726553939352947,4.150900357647058,20.01698418323529,20.916898592941177,28.80375011764706,-0.8999144097058823,-0.6782449637117645,4.896992007499999,4.727822624500001,4.6769494245,4.8836307859999994,4.2237858699999995,4.293245457,4.0369019685,4.315619268000001,0.0215,0.016,0.0275,0.0215
City,HCMC-200-1,1,21,8.329348337499999,3.7295875159999996,0.6320318974999999,0.6706081435099999,0.6727946819,20.080891897500003,20.121654681900004,29.437023999999997,-0.04076278440000003,-0.0021865383900000965,7.622760172,7.622760172,7.622760172,7.594104938499998,7.622760172,7.62592174,7.594104938499998,7.62592174,0.002,0.002,0.0,0.002
City,HCMC-200-1,2,18,10.225967662499999,9.392150092,9.014653777235296,8.947020726330589,9.797295752494119,26.045799659588234,26.828441634847056,28.752080235294116,-0.7826419752588236,-0.8502750261635292,9.892750855000001,9.892750855000001,9.892750855000001,10.001274375500001,9.69982343,9.844789977,9.897905266999999,9.844789977,0.0015,0.0015,0.006,0.022
City,HCMC-200-1,3,15,5.3519817000000005,2.5203215279999998,8.497727527285715,8.131425436381429,7.9483463569342865,23.437710384428577,22.888329214077142,28.71856342857143,0.5493811703514284,0.18307907944714313,5.070454797,5.070454797,5.0855718705,5.0817747870000005,5.4084749599999995,4.731632691,4.58870114,4.731632691,0.019,0.019,0.0245,0.097
City,HCMC-200-1,4,17,0.5409955750000001,0.234633428,1.8705664896875,2.0134894190125,3.7519973692975,18.5197452396875,20.401176119297503,29.0263465,-1.8814308796100003,-1.7385079502850003,0.623359185,0.623359185,0.5582241840000001,0.6985579930000001,0.5407586575000001,0.5173145060000001,0.5692124430000001,0.5173145060000001,0.003,0.002,0.0035,0.0015
City,HCMC-200-1,5,21,0.8452634875,0.341663554,3.9919483239500004,4.030716587362,4.465823143501998,23.87166582395,24.345540643501998,29.464346800000005,-0.4738748195520001,-0.4351065561399999,0.7523429895,0.7523429895,0.7458122745,0.9287236664999999,0.6818467455,0.6481693000000001,0.678249918,0.6481693000000001,0.0065,0.006,0.007,0.014
City,HCMC-200-1,6,25,3.598171225,3.0735158635,7.202049993083333,7.3484259602025,12.846051370398333,30.032740826416667,35.67674220373166,29.946313000000004,-5.644001377315001,-5.497625410195835,3.4497822955,3.4497822955,3.3970637825,3.6007013275000004,3.2167956025000004,3.3388794645,3.2759142084999997,3.3474730024999997,0.0055,0.0025,0.0135,0.009
City,HCMC-200-1,7,19,0.7552318124999999,0.31488547800000005,2.918044633611111,2.99088651637,4.185362043144445,20.979056300277776,22.24637370981111,29.65445733333333,-1.2673174095333335,-1.1944755267744442,0.6808857855,0.6808857855,0.6442962680000001,0.9655064425000001,0.48520603000000007,0.524666762,0.6456813600000001,0.524666762,0.0035,0.003,0.007,0.0065
City,HCMC-200-1,8,17,7.071287575,6.855360513,2.0219563015625,2.48091238825,4.8395374322625,18.6110331765625,21.428614307262503,29.942014,-2.8175811307000003,-2.3586250440125003,7.139761324999999,7.139761324999999,7.139761324999999,7.113531535,7.139761324999999,7.149377765000001,7.071287575,7.149377765000001,0.0025,0.0025,0.002,0.0025
City,HCMC-200-1,9,15,0.0,0.0,0.0,0.0012674308214285714,0.0,14.351960714285712,14.351960714285712,28.466941428571428,0.0,0.0012674308214285714,0.0,0.0,0.0,0.0,0.0,0.0,0.0,0.0,0.0,0.0,0.0,0.0
City,HCMC-200-1,10,14,8.874591512499999,4.95012304,6.918636659692307,6.881685471495384,7.309951176052308,20.877128198153848,21.268442714513846,28.85847538461538,-0.3913145163600004,-0.42826570455692364,7.6400214315,7.6400214315,7.6808507015,7.513979881499999,7.452298245,7.4091898595000005,7.327351344,7.4091898595000005,0.018,0.0175,0.022,0.1355
City,HCMC-400-1,0,22,1.8385784125,0.723464086,2.55882312652381,2.6676732790180955,4.0966882706000005,22.709986936047613,24.247852080123806,28.700248,-1.5378651440761903,-1.4290149915819046,1.3417414385000002,1.3417414385000002,1.3174103975,1.1903711975,1.2808880585000002,1.2952229605,1.0968552995,1.3505335345,0.0045,0.004,0.004,0.0045
City,HCMC-400-1,1,20,1.3117517749999996,0.6350812020000001,5.2265705747894735,5.3399334791126325,4.106978293021052,24.00693320636842,22.8873409246,29.60025305263158,1.1195922817684203,1.2329551860915793,1.4353580384999998,1.3669328554999998,1.4353580384999998,1.0869223385,1.2444061199999998,1.2877863035000001,1.0869223385,1.2877863035000001,0.003,0.003,0.0,0.005
City,HCMC-400-1,2,14,1.260748175,0.554426736,3.3340027803846155,3.438143897638461,5.192641457292307,16.959819703461537,18.818458380369233,28.29543446153846,-1.8586386769076926,-1.7544975596538461,1.6320535875,1.6320535875,1.6229277324999998,1.7656847199999999,1.0114942525,1.1608742975,1.088043639,1.1608742975,0.021,0.0205,0.0165,0.0225
City,HCMC-400-1,3,17,0.060531350000000005,0.028408456000000002,0.0,0.0053115739375,0.005193492875,15.845595,15.850788492875001,28.4226235,-0.005193492875,0.00011808106249999961,0.060531350000000005,0.060531350000000005,0.060531350000000005,0.060531350000000005,0.060531350000000005,0.060531350000000005,0.060531350000000005,0.060531350000000005,0.0,0.0,0.0,0.0
City,HCMC-400-1,4,21,1.6280934625,0.632124524,3.675063690249999,3.5813624872269996,3.914971602023999,23.427844190249996,23.667752102024004,29.0450092,-0.23990791177400025,-0.33360911479699995,1.4310450699999997,1.4310450699999997,1.4310450699999997,1.2976957325,1.164010026,1.248327091,1.2476967315000003,1.248327091,0.008,0.008,0.0035,0.015
City,HCMC-400-1,5,19,4.896803124999999,4.096458017999999,6.482858185833332,6.624510766297777,7.877804149695554,24.660669296944445,26.05561526080667,29.552812666666664,-1.3949459638622228,-1.2532933833977782,4.905917929999999,4.905917929999999,4.905917929999999,4.919738666,4.611780853499999,4.7885484565,4.6706861865,4.7885484565,0.006,0.006,0.008,0.0285
City,HCMC-400-1,6,24,14.040169399999998,5.17260173,8.86422782252174,8.950305205101738,8.661948143913044,30.978825213826077,30.776545535217387,29.498015826086963,0.20227967860869522,0.28835706118869536,10.8976839205,10.8976839205,10.8976839205,10.566657139499998,10.897151052500002,10.8976839205,10.566657139499998,10.8976839205,0.0,0.0,0.0,0.002
City,HCMC-400-1,7,16,4.6851741124999995,2.1076492659999997,3.3058180536666666,3.3370216990386665,4.149499219034667,18.728814053666667,19.572495219034668,28.6372624,-0.8436811653680001,-0.8124775199959999,3.658753387,3.658753387,3.649532572,3.5662393604999996,3.8575679275000003,3.6581329985,3.4353536119999997,3.6739866385,0.0055,0.005,0.0055,0.0965
City,HCMC-400-1,8,20,7.393167837499999,5.260035578,3.8937640398947373,3.9342170205568423,4.559281423741052,23.249780882,23.915298265846314,29.92470021052632,-0.6655173838463163,-0.6250644031842106,7.0993533095,7.0993533095,7.0993533095,6.871842027,6.7806314795,7.0993533095,6.871842027,7.0993533095,0.0,0.0,0.0,0.0055
City,HCMC-400-1,9,17,4.5969747125,2.0319926459999995,6.2043528087499995,6.179904275032499,6.2830592622975,23.170471558750002,23.2491780122975,29.35516525,-0.07870645354749989,-0.10315498726500026,4.050356981,4.050356981,4.050356981,4.292374615000001,3.9583894145,3.984533547,4.202518513,3.984533547,0.001,0.001,0.003,0.024
City,HCMC-400-1,10,15,9.8331816,9.8331816,3.1807901089285715,3.0239721916428572,3.129864215928572,18.212058680357142,18.161132787357143,28.93623057142857,0.05092589300000026,-0.10589202428571438,9.8331816,9.8331816,9.8331816,9.8331816,9.8331816,9.8331816,9.8331816,9.8331816,0.0,0.0,0.0,0.0
City,HCMC-400-1,11,17,13.993751125,13.387084952,9.7187084943125,9.69461309185,8.0536847794125,26.368564119312502,24.7035404044125,29.111797000000003,1.6650237148999998,1.6409283124374998,14.392679036,14.392679036,14.41306993,14.0439510285,14.130566097500001,14.2901747125,13.950870996999999,14.2901747125,0.008,0.009,0.005,0.0295
City,HCMC-400-1,12,17,6.4240366374999995,4.11329779,3.8621694690624997,3.6144626241812503,3.2315690544874998,20.1406707190625,19.5100703044875,29.11176775,0.6306004145750002,0.38289356969375027,6.372782489000001,6.372782489000001,6.372782489000001,6.294585861,6.448465033000001,6.386245597,6.279462202,6.386245597,0.0045,0.0045,0.0055,0.015
City,HCMC-400-1,13,20,2.989938975,1.2971079255,9.702681551052631,9.879574904853683,12.61847285357263,28.887266287894732,31.803057590414728,29.70420336842106,-2.9157913025199997,-2.738897948718947,2.433636497,2.433636497,2.420916947,2.5058902909999996,2.3039607854999997,2.361711257,2.414955419,2.361711257,0.002,0.0015,0.002,0.0065
City,HCMC-400-1,14,17,2.6086581875,1.179605792,2.4308065552500002,2.6437760993187505,2.959952907065,19.42921968025,19.958366032065,29.3407525,-0.5291463518149999,-0.3161768077462499,2.539830956,2.539830956,2.539830956,2.470233608,2.6039992525000004,2.2419419295,2.417803903,2.2526186295,0.0155,0.0155,0.006,0.035
City,HCMC-400-1,15,16,4.4321648125,1.8866968865000002,4.2493015516,3.964122707069334,4.442288857522667,19.9896555516,20.18264285752267,29.015244,-0.19298730592266689,-0.47816615045333344,3.9111885859999997,3.9111885859999997,3.8016929079999997,3.8188401975,4.307300629999999,3.6359993805,3.7368838275,3.6359993805,0.009,0.0055,0.0035,0.0415
City,HCMC-400-1,16,14,2.1970308125,0.999439889,2.737812512846154,2.78380937919077,2.748029638621538,16.953331743615387,16.96354886939077,29.02390646153846,-0.010217125775384455,0.03577974056923076,2.065995083,2.065995083,2.065995083,1.9615706499999999,1.94916252,1.934540925,1.8667710655,1.934540925,0.007,0.007,0.0045,0.026
City,HCMC-400-1,17,19,9.260144124999998,3.5977921499999996,3.6461485011111114,3.674209346177778,3.7474783380266663,21.33028294555556,21.43161278247111,28.855032,-0.1013298369155557,-0.07326899184888912,6.924551566499999,6.9194539215,6.9194539215,6.557464113499999,6.758764835,6.9094727449999995,6.603995122500001,6.9094727449999995,0.0025,0.004,0.007,0.085
City,HCMC-400-1,18,12,3.142922675,2.2198661229999996,2.8502217386363635,2.7974108553363637,3.0929526704000008,15.15036810227273,15.393099034036362,28.403170545454547,-0.24273093176363625,-0.29554181506363614,3.6282013249999996,3.6282013249999996,3.625809715,3.4660767925,2.8478508599999994,3.0732507245000003,2.9362727775,3.0693376945,0.04,0.0395,0.024,0.0405
City,HCMC-400-1,19,13,13.6486803,13.6353353,4.751279169999999,4.517310938533333,6.194025194133332,17.73473667,19.17748269413333,28.451086000000004,-1.442746024133333,-1.6767142555999994,13.76152149,13.76152149,13.76152149,13.81864777,13.65146829,13.720102766,13.6486803,13.720102766,0.0045,0.0045,0.0035,0.0045
City,HCMC-400-1,20,18,3.4485579000000004,1.7421359539999999,12.221717219,12.34872212448353,10.456742914148235,29.509110748411764,27.74413644356,28.838771058823532,1.764974304851765,1.8919792103352937,3.0979648565000004,3.0979648565000004,3.0979648565000004,3.090834998,3.0073223815000003,2.9701289955,2.884390431,2.9701289955,0.0065,0.0065,0.0075,0.0315
City,HCMC-400-1,21,18,7.0252685375,2.74073322,3.381626947764706,3.2201319595670586,3.358051538127059,20.88640047717647,20.86282506753882,29.01155482352941,0.023575409637647288,-0.13791957855999998,5.8257725065,5.8257725065,5.8257725065,6.0694356135,5.934637138,5.8257725065,6.0694356135,5.8257725065,0.0,0.0,0.0,0.0285
City,HCMC-400-1,22,14,5.7068559375,2.8455721444999997,2.7174031792307694,2.822065966069231,1.9172191325384618,16.60080317923077,15.80061913253846,28.536048307692308,0.8001840466923075,0.904846833530769,5.603926636500001,5.603926636500001,5.603926636500001,5.7043580395,6.0420752625,5.6279786595,5.7043580395,5.6279786595,0.0015,0.0015,0.0,0.0845
City,NYC-100-1,0,14,0.025868224999999998,0.014077826,0.0,0.004284894115384615,0.003341692630769231,13.847748461538462,13.851090154169231,28.789958153846154,-0.003341692630769231,0.0009432014846153843,0.025868224999999998,0.025868224999999998,0.025868224999999998,0.01829814,0.025868224999999998,0.025868224999999998,0.01829814,0.025868224999999998,0.0,0.0,0.003,0.0
City,NYC-100-1,1,23,9.970693674999998,6.301307580999999,4.51653723840909,5.073033249815453,4.386244102423635,25.899394965681815,25.769101829696368,30.32708745454545,0.1302931359854546,0.6867891473918183,8.695030231499999,8.695030231499999,8.695030231499999,8.598764629,8.6062817545,8.6533912025,8.598764629,8.6533912025,0.0015,0.0015,0.0,0.008
City,NYC-100-1,2,18,2.9684666749999997,1.357477108,3.8460964100588235,4.450829981621176,5.066523022849411,21.281634057117646,22.502060669908236,29.504476705882354,-1.2204266127905883,-0.6156930412282353,3.7663264045,3.620696643,3.3126936955,3.6838309949999997,1.9724983500000002,2.109552937,2.0984148515000003,2.109552937,0.0425,0.0395,0.046,0.0465
City,NYC-100-1,3,15,3.7097418374999998,1.9581492795,2.3387960710714286,2.6699565382285715,4.141508280657144,17.5209546425,19.323666852085715,29.261070571428572,-1.8027122095857149,-1.4715517424285718,4.01768486,4.01768486,4.005247355,4.1387260575,3.4265683725,3.4864739375,3.3046112365,3.4864739375,0.0395,0.039,0.039,0.0415
City,NYC-100-1,4,18,8.461315112500001,4.1569709155,3.2864152079411766,3.4663567701258824,3.5396419661576473,20.746899325588238,21.000126083804705,29.174606588235292,-0.2532267582164708,-0.07328519603176477,7.9817249875,7.9817249875,7.9817249875,7.822016520000001,7.9817249875,7.9817249875,7.822016520000001,7.9817249875,0.0,0.0,0.0,0.0
City,NYC-100-1,5,12,0.0,0.0,0.0,0.0035956971818181817,0.003386374,12.21881909090909,12.222205464909091,28.862288363636367,-0.003386374,0.00020932318181818193,0.0,0.0,0.0,0.0,0.0,0.0,0.0,0.0,0.0,0.0,0.0,0.0
City,NYC-100-2,0,17,5.82952855,3.8270299335,2.993178775625,3.07532014225625,2.9873857165224997,19.842284400625,19.8364913415225,29.6017375,0.005793059102500185,0.08793442573375003,5.396482185499999,5.312257145499999,5.396482185499999,5.265267881,5.347009375,5.312257145499999,5.260488501,5.3162755745,0.0075,0.0075,0.004,0.0425
City,NYC-100-2,1,22,10.9880530375,4.902847336,7.452604939285713,7.481659920738094,7.3950857349523815,27.87254970119048,27.815030496857144,29.350850285714284,0.05751920433333346,0.08657418578571388,9.2968198075,9.2968198075,9.2968198075,9.376483700000001,9.2968198075,9.2968198075,9.376483700000001,9.2968198075,0.0,0.0,0.0,0.0
City,NYC-100-2,2,19,14.6881760125,9.456305981000002,3.1066256062777784,3.285406528148889,3.220543470713333,21.251526717388888,21.365444581824445,30.251529999999995,-0.11391786443555547,0.06486305743555573,13.084564186000001,13.084564186000001,13.084564186000001,13.0613224255,13.035988990500002,13.056672515,13.0721390295,13.056672515,0.0085,0.0085,0.002,0.0445
City,NYC-100-2,3,11,0.6116207875,0.303545532,0.06873236249999999,0.07050606878,0.05371638152,11.7967453625,11.78172938152,28.955933199999997,0.01501598098,0.01678968726,0.3227856375,0.3227856375,0.3227856375,0.27822513499999996,0.3186976625,0.3316056435,0.27283572999999994,0.46297803449999997,0.009,0.009,0.0155,0.009
City,NYC-100-2,4,14,0.051916775,0.028710124,0.0024115153846153846,0.00396457226923077,0.007436602846153845,14.493743823076922,14.49876891053846,29.51242923076923,-0.005025087461538461,-0.003472030576923076,0.01253988,0.01253988,0.01253988,0.051916775,0.01253988,0.01253988,0.051916775,0.0403134495,0.002,0.002,0.0,0.002
City,NYC-100-2,5,17,3.0423047750000007,1.6236005289999997,2.2120750281875,2.44525611955875,2.516291566675,18.7374687781875,19.041685316675,30.53865775,-0.3042165384874997,-0.07103544711624991,2.8060533170000004,2.805301017,2.805301017,2.48174926,2.1233147074999996,2.320612305,2.0676385105,2.320612305,0.013,0.013,0.01,0.026
City,NYC-100-3,0,18,1.0621710375,0.428236312,0.3138099332352941,0.3172699746,0.27295561683529407,17.31942522735294,17.27857091095294,28.99577694117647,0.040854316400000014,0.04431435776470593,1.140263415,1.140263415,1.140263415,1.1556199475000002,1.03664496,0.9952476400000001,0.9902580600000002,0.9884038600000001,0.019,0.019,0.0175,0.019
City,NYC-100-3,1,8,0.0,0.0,0.0,0.0,0.0,9.451017142857141,9.451017142857141,29.758913714285715,0.0,0.0,0.0,0.0,0.0,0.0,0.0,0.0,0.0,0.0,0.0,0.0,0.0,0.0
City,NYC-100-3,2,22,3.1957954999999996,2.64118421,11.34176987604762,11.289546594808574,12.084910429561905,31.642103209380952,32.38524376289524,29.31225657142857,-0.7431405535142852,-0.795363834753333,3.1360989765,3.1360989765,3.072830266,3.0274407125,2.9445349344999996,3.0014117944999996,3.0473044579999997,3.0014117944999996,0.003,0.0015,0.0005,0.0055
City,NYC-100-3,3,18,4.668659337499999,3.9576734085,8.946581750764706,8.942467896301178,9.729546334305882,26.45627645664706,27.239241040188237,29.38974894117647,-0.7829645835411766,-0.7870784380047053,4.802962330000001,4.802962330000001,4.802962330000001,4.673209524,4.6421704114999995,4.6549673885,4.673209524,4.6549673885,0.004,0.004,0.0,0.009
City,NYC-100-3,4,15,1.6190096374999998,0.7471554340000001,7.7596094974285705,7.751886671809999,8.413340029297142,23.406433068857144,24.060163600725712,29.817664,-0.6537305318685711,-0.6614533574871427,1.847001224,1.847001224,1.847001224,1.7313763735,1.1829522075,1.1674696595,1.1488840875000002,1.1674696595,0.021,0.021,0.0195,0.0265
City,NYC-100-3,5,19,2.1414186625,0.8853925735,1.3164843546111111,1.4646242687533333,1.26773607514,19.406268799055557,19.357520519584444,29.332227333333336,0.0487482794711112,0.1968881936133333,1.7678799450000002,1.7678799450000002,1.7678799450000002,1.6665700890000001,1.8806773749999999,1.7513478825,1.589047822,1.7513478825,0.0025,0.0025,0.0055,0.038
City,PARIS-100-1,0,19,9.5197588875,3.72229683,7.2954772187222225,7.186169737167778,6.869649038042223,25.3087799965,24.88295181582,30.561821333333334,0.42582818068000006,0.3165206991255554,7.253461865,7.253461865,7.253461865,7.2630414915,7.715862071,7.2653083800000005,7.235170564,7.2653083800000005,0.0005,0.0005,0.0005,0.0715
City,PARIS-100-1,1,5,0.0,0.0,0.0,0.0,0.0,7.0478275,7.0478275,28.506930999999998,0.0,0.0,0.0,0.0,0.0,0.0,0.0,0.0,0.0,0.0,0.0,0.0,0.0,0.0
City,PARIS-100-1,2,18,0.8055927125000001,0.36172302,1.061100706764706,1.0392593050470589,3.026668759868235,18.220059530294115,20.185627583397647,30.087637176470587,-1.9655680531035296,-1.9874094548211767,0.9900716525000001,0.9900716525000001,0.723123658,1.080720338,0.47864022,0.49052607549999994,0.465417053,0.4802317505,0.0125,0.0085,0.0135,0.0125
City,PARIS-100-1,3,18,0.16918872499999998,0.08674234200000001,0.15689422088235294,0.15721168294705884,0.7985395479411767,17.494791867941178,18.136437195000003,29.73097176470588,-0.6416453270588237,-0.6413278649941178,0.16252749749999998,0.16252749749999998,0.16252749749999998,0.13584446249999999,0.10655387250000001,0.12279126450000001,0.13584446249999999,0.12279126450000001,0.0015,0.0015,0.0055,0.0015
City,PARIS-100-1,4,20,0.0,0.0,0.008545105789473683,0.0065467213,0.02646179904210526,18.465613526842105,18.483530220094732,29.49381810526316,-0.017916693252631583,-0.019915077742105262,0.00919306,0.00919306,0.00919306,0.023598675,0.00919306,0.00919306,0.023598675,0.028236292,0.002,0.002,0.0025,0.002
City,PARIS-100-1,5,20,8.5575154375,6.413040542000001,8.826958013999999,8.664110651016843,6.0583162060505265,27.870914856105262,25.10227304815579,29.800449052631578,2.7686418079494737,2.6057944449663157,8.229119180500001,8.229119180500001,8.249976395500001,8.0615443155,8.137943786,8.152380906500001,7.997939683499999,8.152380906500001,0.002,0.002,0.002,0.0145
City,PARIS-100-2,0,20,1.91180545,1.1633942,7.62064829831579,7.871976327802107,10.68072715214737,26.190698298315784,29.250777152147364,30.070317052631577,-3.0600788538315795,-2.808750824345264,2.0984151845,2.0984151845,2.0984151845,1.828369175,1.715005859,1.7699328655,1.6253282999999998,1.7699328655,0.0095,0.0095,0.007,0.014
City,PARIS-100-2,1,19,7.728877075,7.5987932365,8.346142019944445,8.726577105645555,6.722609897922222,26.119540353277774,24.496008231255555,29.230226666666663,1.6235321220222223,2.0039672077233335,7.832563158999999,7.832563158999999,7.675399162999999,7.915918992500001,7.659493515,7.7268584989999995,7.728877075,7.7268584989999995,0.003,0.0005,0.0045,0.006
City,PARIS-100-2,2,8,0.0,0.0,0.0,0.0,0.0,9.21572142857143,9.21572142857143,28.676945714285715,0.0,0.0,0.0,0.0,0.0,0.0,0.0,0.0,0.0,0.0,0.0,0.0,0.0,0.0
City,PARIS-100-2,3,16,18.6373071875,17.536067071999998,9.3242463418,9.635190224081333,10.030674634216002,25.265217675133336,25.971645967549332,30.391903199999998,-0.7064282924159992,-0.39548441013466573,18.656552869500004,18.7260996995,18.712443639500002,18.651727455,18.536365429999996,18.73991287,18.6156292075,18.73991287,0.002,0.0035,0.002,0.0195
City,PARIS-100-2,4,17,0.67340785,0.301097434,2.936674062,3.3752285818525003,5.037339146412499,19.726739687,21.8274047714125,29.88906775,-2.1006650844125,-1.6621105645599996,0.781740086,0.781740086,0.781740086,1.01616498,0.5638822450000001,0.5205034310000001,0.5190953635,0.5408933570000001,0.007,0.007,0.011,0.0075
City,PARIS-100-2,5,20,3.5933672000000003,1.396860858,4.013466125368421,4.580700929765263,7.074320551183158,22.69784612536842,25.75870055118316,29.794594315789475,-3.0608544258147377,-2.493619621417895,3.1447939299999996,3.1447939299999996,3.1447939299999996,3.240501865,3.0028359245000003,3.0687370495000006,2.9443553869999994,3.0687370495000006,0.0035,0.0035,0.0045,0.0205
City,PARIS-100-3,0,12,0.0,0.0,0.007563759545454546,0.0062162044363636365,0.011637193363636363,12.293396486818182,12.297469920636365,28.840704727272726,-0.004073433818181818,-0.005420988927272728,0.005482355,0.005482355,0.005482355,0.0,0.005482355,0.005482355,0.0,0.0,0.0005,0.0005,0.0,0.0005
City,PARIS-100-3,1,10,0.0,0.0,0.0,0.0,0.0,10.84109,10.84109,28.606991999999998,0.0,0.0,0.0,0.0,0.0,0.0,0.0,0.0,0.0,0.0,0.0,0.0,0.0,0.0
City,PARIS-100-3,2,22,0.3206189,0.13549248,2.555877568857143,2.737747538230477,5.032552343638096,22.87326756885714,25.349942343638098,29.975242857142856,-2.4766747747809523,-2.2948048054076193,0.306003642,0.306003642,0.306003642,0.33078254900000004,0.225490182,0.24613347,0.207465985,0.24208095500000001,0.002,0.002,0.0045,0.0025
City,PARIS-100-3,3,11,0.0,0.0,0.0,0.0,0.0,11.924551999999998,11.924551999999998,29.782154800000008,0.0,0.0,0.0,0.0,0.0,0.0,0.0,0.0,0.0,0.0,0.0,0.0,0.0,0.0
City,PARIS-100-3,4,23,1.8885732625,0.800815618,7.749805185636363,8.309275396662727,10.971787219738184,28.913317458363636,32.135299492465464,30.056093636363638,-3.2219820341018175,-2.6625118230754543,1.5323066140000001,1.5323066140000001,1.3455118855000001,1.4220835135000003,1.2035079485000002,1.2937331320000003,1.12349898,1.291176672,0.0085,0.0055,0.0095,0.019
City,PARIS-100-3,5,22,1.85213285,0.783344336,6.303011732380954,6.381565595335239,7.469303745102857,26.466958399047616,27.633250411769524,29.85755942857143,-1.166292012721905,-1.0877381497676186,1.5647556420000002,1.5647556420000002,1.5647556420000002,1.6143854995000002,1.2466566680000002,1.264649507,1.2911086305,1.264649507,0.008,0.008,0.012,0.0215
City,SHANGHAI-100-1,0,19,9.2938801875,6.738823016,6.749009099888889,6.793188672036667,6.685120875373333,24.557115211,24.493226986484444,28.880788000000003,0.06388822451555543,0.10806779666333283,8.9780629035,8.9780629035,8.9780629035,9.004916618,8.9345466205,8.9780629035,9.004916618,8.9780629035,0.0,0.0,0.0,0.012
City,SHANGHAI-100-1,1,9,0.0,0.0,0.0,0.0,0.0,9.98402625,9.98402625,28.3653505,0.0,0.0,0.0,0.0,0.0,0.0,0.0,0.0,0.0,0.0,0.0,0.0,0.0,0.0
City,SHANGHAI-100-1,2,19,1.4042443375,0.649505424,3.2634176135555557,3.3562537119800004,4.874455762102223,21.130867613555555,22.74190576210222,29.017545333333334,-1.6110381485466665,-1.5182020501222224,1.2564579614999998,1.2564579614999998,1.2145625384999998,1.4363380024999999,0.7930144874999999,1.0297008475,0.9310970384999999,1.048756827,0.0125,0.011,0.0165,0.0195
City,SHANGHAI-100-1,3,19,13.8396528125,7.012671182,6.468301571555555,6.318815100407778,6.809719710122223,24.798912127111112,25.140330265677775,30.038988666666665,-0.3414181385666668,-0.49090460971444444,12.4572921255,12.4572921255,12.487891320500001,12.726216713999998,12.434973061500001,12.4478297505,12.674859268999999,12.4478297505,0.0005,0.001,0.0015,0.0015
City,SHANGHAI-100-1,4,17,19.354228125000002,15.9743060195,7.991346130499999,7.8795515413725,7.963895780334999,24.3144661305,24.287015780335004,29.641296999999998,0.027450350164999845,-0.08434423896250025,19.203603235,19.203603235,19.203603235,19.127437464000003,19.257594559500003,19.203603235,19.127437464000003,19.203603235,0.0,0.0,0.0,0.039
City,SHANGHAI-100-1,5,17,1.7913921499999998,0.828741412,2.074250680625,2.00075240439375,2.6954347832875,18.301256305625,18.9224404082875,29.53724725,-0.6211841026625,-0.6946823788937501,2.0132609,2.0132609,2.0132609,2.1937297774999998,1.0213366224999998,1.3189387495,1.1763898415,1.3467230105,0.032,0.032,0.0375,0.035
City,SHANGHAI-100-2,0,21,2.30238315,1.246487392,4.21774542505,4.487921208769,5.795263967926,23.594697425050004,25.172215967926,29.244412599999997,-1.577518542876,-1.3073427591569995,2.0390850504999998,2.0390850504999998,2.0390850504999998,1.915849893,1.7906870275,1.8722569865,1.8471496685,1.8722569865,0.005,0.005,0.0025,0.0085
City,SHANGHAI-100-2,1,19,2.521632275,1.6774674424999998,1.1626377644444443,1.1489397897166667,0.961165679888889,19.267844986666667,19.066372902111112,30.378746000000003,0.20147208455555554,0.18777410982777776,2.435698985,2.435698985,2.435698985,2.4541822349999998,2.3536339600000002,2.362575701,2.384236226,2.362575701,0.0155,0.0155,0.014,0.0155
City,SHANGHAI-100-2,2,20,8.671874175000001,4.8706783235,7.234512277631579,7.3945159149999995,7.319617261894736,26.29952438289474,26.38462936715789,30.332362947368427,-0.08510498426315735,0.07489865310526367,8.025342767500002,8.025342767500002,8.025342767500002,7.9639114525000005,8.025342767500002,8.025342767500002,7.9639114525000005,8.025342767500002,0.0,0.0,0.0,0.0
City,SHANGHAI-100-2,3,19,5.4518669,2.3544411760000004,5.845312260333333,5.955142560183333,5.902108916666666,23.675753927000002,23.73255058333333,30.248576666666665,-0.05679665633333307,0.053033643516667,4.01418785,4.01418785,4.033011220000001,4.167609360499999,3.928040744,4.0412827899999995,4.1088284905,4.0412827899999995,0.003,0.0035,0.0045,0.03
City,SHANGHAI-100-2,4,20,2.120032525,0.808360572,1.7738214302631576,1.7932326079042107,1.632216379216842,20.129855114473685,19.98825006342737,29.274213684210533,0.14160505104631574,0.16101622868736842,2.032634702,1.9818365070000001,1.9818365070000001,2.042458553,1.9756552470000002,2.0122671359999997,2.042458553,2.018445963,0.0115,0.0065,0.0,0.0105
City,SHANGHAI-100-3,0,20,22.495343287500003,22.470202448000002,4.89626790736842,5.144484938126315,3.1009860464210526,23.942554749473683,22.147272888526317,29.74087726315789,1.795281860947368,2.0434988917052626,22.55509227,22.55509227,22.55509227,22.495343287500003,22.5190412575,22.525414127500003,22.495343287500003,22.525414127500003,0.001,0.001,0.0,0.001
City,SHANGHAI-100-3,1,17,0.7356511875,0.33227252599999996,0.465659915625,0.41138948646250006,0.4888386289125,17.190646790625003,17.2138255039125,30.09136075,-0.023178713287499986,-0.07744914245,0.6578843400000001,0.6578843400000001,0.6578843400000001,0.7337295500000001,0.493831405,0.5453534185000001,0.6242499275,0.5532460495,0.0095,0.0095,0.018,0.01
City,SHANGHAI-100-3,2,17,8.526082825000001,5.631464611999999,6.0976847955624995,6.62280835094625,6.6807270268325,22.7109541705625,23.2939964018325,30.1537465,-0.58304223127,-0.05791867588624991,8.708507039,8.708507039,8.708507039,8.736239787499999,8.572290235,8.71230687,8.736239787499999,8.71230687,0.0005,0.0005,0.0,0.017
City,SHANGHAI-100-3,3,11,0.10381735,0.056591432,0.007065624500000001,0.00989268226,0.006832993040000001,11.5203626245,11.52012999304,28.793518,0.00023263146000000067,0.0030596892199999995,0.01874757,0.01874757,0.01874757,0.021872165000000002,0.01874757,0.01874757,0.021872165000000002,0.0825457695,0.003,0.003,0.0035,0.003
City,SHANGHAI-100-3,4,19,9.016734325000002,3.614996473,3.367654569388889,3.5518721363866668,3.6080077214977786,21.208053458277778,21.44840661038667,29.135696000000003,-0.24035315210888875,-0.056135585111110796,8.379723486000001,8.379723486000001,8.379723486000001,8.2305724245,8.341877052,8.379723486000001,8.2305724245,8.379723486000001,0.0,0.0,0.0,0.031
City,SHANGHAI-100-3,5,16,0.0,0.0,0.0,0.0017744318333333335,0.0007027148666666666,15.477718,15.478420714866665,29.178010399999998,-0.0007027148666666666,0.0010717169666666668,0.0,0.0,0.0,0.0,0.0,0.0,0.0,0.0,0.0,0.0,0.0,0.0
