fam,Instance,Plan,K,S,shadow_rec,naive_rec,ppuprice_rec,fallback_rec,lambda,denied_naive,denied_shadow,granted_shadow,ppu_rec
Dethloff,CON3-0,Det,4,0,85.69471897750002,87.41366038250001,87.29547367500001,85.69471897750002,1000000.0,0.606,0.0,0.0,79.1332313285
Dethloff,CON3-0,Det,4,1,69.673141269,70.26364518,75.1332313285,85.69471897750002,5.0,0.115,0.1315,0.5395,79.1332313285
Dethloff,CON3-0,Det,4,2,68.46618950500002,68.46618950500002,75.1332313285,85.69471897750002,0.0,0.0005,0.0005,0.6055,79.1332313285
Dethloff,CON3-0,Det,4,3,68.419867228,68.419867228,75.1332313285,85.69471897750002,0.0,0.0,0.0,0.606,79.1332313285
Dethloff,CON3-0,Det,4,4,68.419867228,68.419867228,75.1332313285,85.69471897750002,0.0,0.0,0.0,0.606,79.1332313285
Dethloff,CON3-0,SAA,5,0,4.316969835,4.316969835,4.316969835,4.316969835,0.0,0.0,0.0,0.0,4.316969835
Dethloff,CON3-0,SAA,5,1,4.316969835,4.316969835,4.316969835,4.316969835,0.0,0.0,0.0,0.0,4.316969835
Dethloff,CON3-0,SAA,5,2,4.316969835,4.316969835,4.316969835,4.316969835,0.0,0.0,0.0,0.0,4.316969835
Dethloff,CON3-0,SAA,5,3,4.316969835,4.316969835,4.316969835,4.316969835,0.0,0.0,0.0,0.0,4.316969835
Dethloff,CON3-0,SAA,5,4,4.316969835,4.316969835,4.316969835,4.316969835,0.0,0.0,0.0,0.0,4.316969835
Dethloff,CON3-0,SAA,5,5,4.316969835,4.316969835,4.316969835,4.316969835,0.0,0.0,0.0,0.0,4.316969835
Dethloff,CON3-1,Det,4,0,122.9271089225,129.762143275,129.89306804999998,122.9271089225,1000000.0,1.396,0.0,0.0,84.5326182075
Dethloff,CON3-1,Det,4,1,101.3898397255,102.8572131765,101.3898397255,122.9271089225,20.0,0.703,0.524,0.5855,84.5326182075
Dethloff,CON3-1,Det,4,2,69.93827463299999,70.139931757,70.981139461,122.9271089225,10.0,0.198,0.1535,1.072,84.5326182075
Dethloff,CON3-1,Det,4,3,59.795643376,59.75672157,62.342618207499996,122.9271089225,2.0,0.0,0.0,1.3245,84.5326182075
Dethloff,CON3-1,Det,4,4,59.795643376,59.75672157,62.342618207499996,122.9271089225,2.0,0.0,0.0,1.3245,84.5326182075
Dethloff,CON3-1,SAA,5,0,3.603354175,3.69030241,3.603354175,3.603354175,5.0,0.072,0.0,0.0,3.603354175
Dethloff,CON3-1,SAA,5,1,3.6374447245000003,3.5877873614999998,3.603354175,3.603354175,2.0,0.01,0.002,0.0605,3.603354175
Dethloff,CON3-1,SAA,5,2,3.6383243634999998,3.6383243634999998,3.603354175,3.603354175,0.0,0.0,0.0,0.072,3.603354175
Dethloff,CON3-1,SAA,5,3,3.6383243634999998,3.6383243634999998,3.603354175,3.603354175,0.0,0.0,0.0,0.072,3.603354175
Dethloff,CON3-1,SAA,5,4,3.6383243634999998,3.6383243634999998,3.603354175,3.603354175,0.0,0.0,0.0,0.072,3.603354175
Dethloff,CON3-1,SAA,5,5,3.6383243634999998,3.6383243634999998,3.603354175,3.603354175,0.0,0.0,0.0,0.072,3.603354175
Dethloff,CON3-2,Det,4,0,114.43526597500001,129.6390372825,129.772811655,114.43526597500001,1000000.0,1.165,0.0,0.0,78.34044771149999
Dethloff,CON3-2,Det,4,1,92.4199538835,94.29776033700001,93.80183402800002,114.43526597500001,40.0,0.5635,0.346,0.488,78.34044771149999
Dethloff,CON3-2,Det,4,2,65.54970597949999,65.21778688500001,65.74746286050001,114.43526597500001,10.0,0.1395,0.1055,0.9585,78.34044771149999
Dethloff,CON3-2,Det,4,3,56.534975502,56.4950668795,57.940447711500006,114.43526597500001,2.0,0.0,0.0,1.143,78.34044771149999
Dethloff,CON3-2,Det,4,4,56.534975502,56.4950668795,57.940447711500006,114.43526597500001,2.0,0.0,0.0,1.143,78.34044771149999
Dethloff,CON3-2,SAA,5,0,2.3205116525000005,2.3205116525000005,2.3205116525000005,2.3205116525000005,2.0,0.0315,0.0045,0.0,2.3205116525000005
Dethloff,CON3-2,SAA,5,1,2.3090839665000003,2.3102449005,2.3205116525000005,2.3205116525000005,2.0,0.0115,0.0,0.0045,2.3205116525000005
Dethloff,CON3-2,SAA,5,2,2.3011817765,2.3011817765,2.3205116525000005,2.3205116525000005,0.0,0.002,0.002,0.0295,2.3205116525000005
Dethloff,CON3-2,SAA,5,3,2.3011622565,2.3011622565,2.3205116525000005,2.3205116525000005,0.0,0.0,0.0,0.0315,2.3205116525000005
Dethloff,CON3-2,SAA,5,4,2.3011622565,2.3011622565,2.3205116525000005,2.3205116525000005,0.0,0.0,0.0,0.0315,2.3205116525000005
Dethloff,CON3-2,SAA,5,5,2.3011622565,2.3011622565,2.3205116525000005,2.3205116525000005,0.0,0.0,0.0,0.0315,2.3205116525000005
Dethloff,CON3-3,Det,4,0,121.163928615,128.23385407,128.4891485725,121.163928615,1000000.0,1.5905,0.0,0.0,74.54107469800002
Dethloff,CON3-3,Det,4,1,88.01398519199999,88.936296467,88.01398519199999,121.163928615,20.0,0.939,0.7605,0.599,74.54107469800002
Dethloff,CON3-3,Det,4,2,61.81124178700001,62.194827749,62.616261453999996,121.163928615,10.0,0.4015,0.3545,1.1345,74.54107469800002
Dethloff,CON3-3,Det,4,3,44.54870933299999,44.56347370299999,47.351074698,121.163928615,2.0,0.0,0.0,1.5725,74.54107469800002
Dethloff,CON3-3,Det,4,4,44.54870933299999,44.56347370299999,47.351074698,121.163928615,2.0,0.0,0.0,1.5725,74.54107469800002
Dethloff,CON3-3,SAA,5,0,5.2239294974999995,5.2211291824999995,5.2239294974999995,5.2239294974999995,5.0,0.143,0.001,0.0,5.2239294974999995
Dethloff,CON3-3,SAA,5,1,5.211829197499999,5.262249895999999,5.2239294974999995,5.2239294974999995,2.0,0.0445,0.0,0.0025,5.2239294974999995
Dethloff,CON3-3,SAA,5,2,5.199081598999999,5.199081598999999,5.2239294974999995,5.2239294974999995,0.0,0.0,0.0,0.143,5.2239294974999995
Dethloff,CON3-3,SAA,5,3,5.199081598999999,5.199081598999999,5.2239294974999995,5.2239294974999995,0.0,0.0,0.0,0.143,5.2239294974999995
Dethloff,CON3-3,SAA,5,4,5.199081598999999,5.199081598999999,5.2239294974999995,5.2239294974999995,0.0,0.0,0.0,0.143,5.2239294974999995
Dethloff,CON3-3,SAA,5,5,5.199081598999999,5.199081598999999,5.2239294974999995,5.2239294974999995,0.0,0.0,0.0,0.143,5.2239294974999995
Dethloff,CON3-4,Det,4,0,155.14803053,172.4152381525,172.58127500999998,155.14803053,1000000.0,1.8075,0.0,0.0,96.00406766649999
Dethloff,CON3-4,Det,4,1,129.4928888005,136.12980765499998,131.41665672949998,155.14803053,40.0,1.0415,0.6815,0.6115,96.00406766649999
Dethloff,CON3-4,Det,4,2,87.71539447100001,87.524694118,87.71539447100001,155.14803053,20.0,0.4305,0.331,1.1895,96.00406766649999
Dethloff,CON3-4,Det,4,3,61.594560056999995,61.667556647000005,65.59406766650001,155.14803053,5.0,0.0,0.0,1.735,96.00406766649999
Dethloff,CON3-4,Det,4,4,61.594560056999995,61.667556647000005,65.59406766650001,155.14803053,5.0,0.0,0.0,1.735,96.00406766649999
Dethloff,CON3-4,SAA,5,0,2.7897949225,2.7897949225,2.7897949225,2.7897949225,0.0,0.0085,0.0085,0.0,2.7897949225
Dethloff,CON3-4,SAA,5,1,2.7774305335,2.7774305335,2.7897949225,2.7897949225,0.0,0.0,0.0,0.0085,2.7897949225
Dethloff,CON3-4,SAA,5,2,2.7774305335,2.7774305335,2.7897949225,2.7897949225,0.0,0.0,0.0,0.0085,2.7897949225
Dethloff,CON3-4,SAA,5,3,2.7774305335,2.7774305335,2.7897949225,2.7897949225,0.0,0.0,0.0,0.0085,2.7897949225
Dethloff,CON3-4,SAA,5,4,2.7774305335,2.7774305335,2.7897949225,2.7897949225,0.0,0.0,0.0,0.0085,2.7897949225
Dethloff,CON3-4,SAA,5,5,2.7774305335,2.7774305335,2.7897949225,2.7897949225,0.0,0.0,0.0,0.0085,2.7897949225
Dethloff,CON3-5,Det,4,0,152.4768161,159.69047390749998,159.7597338575,152.4768161,1000000.0,1.5285,0.0,0.0,111.09023197900001
Dethloff,CON3-5,Det,4,1,126.9407547535,128.1752045635,126.7616648095,152.4768161,40.0,0.751,0.285,0.56,111.09023197900001
Dethloff,CON3-5,Det,4,2,99.52669461199999,101.4394236215,99.52669461199999,152.4768161,20.0,0.2265,0.1395,1.121,111.09023197900001
Dethloff,CON3-5,Det,4,3,82.724017211,82.701837489,85.880231979,152.4768161,5.0,0.0,0.0,1.497,111.09023197900001
Dethloff,CON3-5,Det,4,4,82.724017211,82.701837489,85.880231979,152.4768161,5.0,0.0,0.0,1.497,111.09023197900001
Dethloff,CON3-5,SAA,5,0,2.465944195,2.465944195,2.46777463,2.46777463,0.0,0.021,0.021,0.0,2.46777463
Dethloff,CON3-5,SAA,5,1,2.4610056439999997,2.472200954,2.46777463,2.46777463,2.0,0.0045,0.0,0.002,2.46777463
Dethloff,CON3-5,SAA,5,2,2.4666103510000004,2.4666103510000004,2.46777463,2.46777463,0.0,0.0,0.0,0.021,2.46777463
Dethloff,CON3-5,SAA,5,3,2.4666103510000004,2.4666103510000004,2.46777463,2.46777463,0.0,0.0,0.0,0.021,2.46777463
Dethloff,CON3-5,SAA,5,4,2.4666103510000004,2.4666103510000004,2.46777463,2.46777463,0.0,0.0,0.0,0.021,2.46777463
Dethloff,CON3-5,SAA,5,5,2.4666103510000004,2.4666103510000004,2.46777463,2.46777463,0.0,0.0,0.0,0.021,2.46777463
Dethloff,CON3-6,Det,4,0,113.071127995,120.4591858875,120.4706577825,113.071127995,1000000.0,1.191,0.0,0.0,75.81564570100001
Dethloff,CON3-6,Det,4,1,78.86346998350001,82.5748717535,78.86346998350001,113.071127995,20.0,0.5375,0.2455,0.5775,75.81564570100001
Dethloff,CON3-6,Det,4,2,57.481725224,57.4406152255,59.355645701,113.071127995,5.0,0.0865,0.0735,1.079,75.81564570100001
Dethloff,CON3-6,Det,4,3,54.734426453000005,54.734426453000005,59.355645701,113.071127995,0.0,0.0,0.0,1.191,75.81564570100001
Dethloff,CON3-6,Det,4,4,54.734426453000005,54.734426453000005,59.355645701,113.071127995,0.0,0.0,0.0,1.191,75.81564570100001
Dethloff,CON3-6,SAA,5,0,2.6714913050000004,2.6714913050000004,2.6714913050000004,2.6714913050000004,0.0,0.005,0.005,0.0,2.6714913050000004
Dethloff,CON3-6,SAA,5,1,2.6291465875,2.6291465875,2.6714913050000004,2.6714913050000004,0.0,0.0,0.0,0.005,2.6714913050000004
Dethloff,CON3-6,SAA,5,2,2.6291465875,2.6291465875,2.6714913050000004,2.6714913050000004,0.0,0.0,0.0,0.005,2.6714913050000004
Dethloff,CON3-6,SAA,5,3,2.6291465875,2.6291465875,2.6714913050000004,2.6714913050000004,0.0,0.0,0.0,0.005,2.6714913050000004
Dethloff,CON3-6,SAA,5,4,2.6291465875,2.6291465875,2.6714913050000004,2.6714913050000004,0.0,0.0,0.0,0.005,2.6714913050000004
Dethloff,CON3-6,SAA,5,5,2.6291465875,2.6291465875,2.6714913050000004,2.6714913050000004,0.0,0.0,0.0,0.005,2.6714913050000004
Dethloff,CON3-7,Det,3,0,118.733515875,141.99153129,141.69796721999998,118.733515875,1000000.0,1.3895,0.0,0.0,71.60578179349999
Dethloff,CON3-7,Det,3,1,102.392855047,105.49753039849999,102.48294196149999,118.733515875,40.0,0.7745,0.513,0.5015,71.60578179349999
Dethloff,CON3-7,Det,3,2,69.831060648,71.262522033,69.831060648,118.733515875,20.0,0.302,0.2465,0.9835,71.60578179349999
Dethloff,CON3-7,Det,3,3,45.0756393295,45.0411483415,47.0057817935,118.733515875,2.0,0.0,0.0,1.3815,71.60578179349999
Dethloff,CON3-7,SAA,5,0,1.8803430225000002,1.8803430225000002,1.8791982125,1.8791982125,0.0,0.0055,0.0055,0.0,1.8791982125
Dethloff,CON3-7,SAA,5,1,1.8677443885,1.8677443885,1.8791982125,1.8791982125,0.0,0.0,0.0,0.0055,1.8791982125
Dethloff,CON3-7,SAA,5,2,1.8677443885,1.8677443885,1.8791982125,1.8791982125,0.0,0.0,0.0,0.0055,1.8791982125
Dethloff,CON3-7,SAA,5,3,1.8677443885,1.8677443885,1.8791982125,1.8791982125,0.0,0.0,0.0,0.0055,1.8791982125
Dethloff,CON3-7,SAA,5,4,1.8677443885,1.8677443885,1.8791982125,1.8791982125,0.0,0.0,0.0,0.0055,1.8791982125
Dethloff,CON3-7,SAA,5,5,1.8677443885,1.8677443885,1.8791982125,1.8791982125,0.0,0.0,0.0,0.0055,1.8791982125
Dethloff,CON3-8,Det,4,0,100.01800171500001,104.37125495000001,104.35158110500002,100.01800171500001,1000000.0,1.009,0.0,0.0,61.18370306
Dethloff,CON3-8,Det,4,1,66.787222874,67.41146344750001,66.787222874,100.01800171500001,20.0,0.381,0.3325,0.5895,61.18370306
Dethloff,CON3-8,Det,4,2,42.5228875745,42.5228875745,42.74370306,100.01800171500001,0.0,0.0005,0.0005,1.0085,61.18370306
Dethloff,CON3-8,Det,4,3,42.4551333575,42.4551333575,42.74370306,100.01800171500001,0.0,0.0,0.0,1.009,61.18370306
Dethloff,CON3-8,Det,4,4,42.4551333575,42.4551333575,42.74370306,100.01800171500001,0.0,0.0,0.0,1.009,61.18370306
Dethloff,CON3-8,SAA,5,0,3.3495954725000003,3.3495954725000003,3.291384795,3.291384795,0.0,0.0605,0.0605,0.0,3.291384795
Dethloff,CON3-8,SAA,5,1,3.2905125905,3.2905125905,3.291384795,3.291384795,0.0,0.021,0.021,0.0395,3.291384795
Dethloff,CON3-8,SAA,5,2,3.2615783755,3.2615783755,3.291384795,3.291384795,0.0,0.004,0.004,0.0565,3.291384795
Dethloff,CON3-8,SAA,5,3,3.2533523965,3.2533523965,3.291384795,3.291384795,0.0,0.0,0.0,0.0605,3.291384795
Dethloff,CON3-8,SAA,5,4,3.2533523965,3.2533523965,3.291384795,3.291384795,0.0,0.0,0.0,0.0605,3.291384795
Dethloff,CON3-8,SAA,5,5,3.2533523965,3.2533523965,3.291384795,3.291384795,0.0,0.0,0.0,0.0605,3.291384795
Dethloff,CON3-9,Det,4,0,39.9181091975,39.943043097499995,40.577227965,40.23189868,10.0,0.8705,0.8075,0.0,38.358073981000004
Dethloff,CON3-9,Det,4,1,31.076743942,31.219295921500002,31.597474343500004,40.23189868,2.0,0.4255,0.4055,0.434,38.358073981000004
Dethloff,CON3-9,Det,4,2,26.108073981,25.976249956,26.108073981,40.23189868,20.0,0.132,0.0,0.6125,38.358073981000004
Dethloff,CON3-9,Det,4,3,23.507867905999998,23.507867905999998,26.108073981,40.23189868,0.0,0.005,0.005,0.8655,38.358073981000004
Dethloff,CON3-9,Det,4,4,23.493748224000004,23.493748224000004,26.108073981,40.23189868,0.0,0.0,0.0,0.8705,38.358073981000004
Dethloff,CON3-9,SAA,5,0,2.4613206125,2.4613206125,2.4613206125,2.4613206125,0.0,0.036,0.036,0.0,2.4613206125
Dethloff,CON3-9,SAA,5,1,2.4407030384999997,2.5952158814999997,2.4613206125,2.4613206125,2.0,0.0095,0.0015,0.0055,2.4613206125
Dethloff,CON3-9,SAA,5,2,2.5627292120000003,2.5627292120000003,2.4613206125,2.4613206125,0.0,0.003,0.003,0.033,2.4613206125
Dethloff,CON3-9,SAA,5,3,2.5589540729999998,2.5589540729999998,2.4613206125,2.4613206125,0.0,0.001,0.001,0.035,2.4613206125
Dethloff,CON3-9,SAA,5,4,2.5561702729999998,2.5561702729999998,2.4613206125,2.4613206125,0.0,0.0,0.0,0.036,2.4613206125
Dethloff,CON3-9,SAA,5,5,2.5561702729999998,2.5561702729999998,2.4613206125,2.4613206125,0.0,0.0,0.0,0.036,2.4613206125
Dethloff,CON8-0,Det,9,0,271.2745174675,280.096581225,280.161374875,271.2745174675,1000000.0,4.389,0.0,0.0,218.15759415899998
Dethloff,CON8-0,Det,9,1,256.0006908825,263.024465576,256.3688424715,271.2745174675,40.0,3.5185,0.6115,0.4965,218.15759415899998
Dethloff,CON8-0,Det,9,2,233.4239637415,246.08287631750002,233.4239637415,271.2745174675,20.0,2.7345,1.3135,1.292,218.15759415899998
Dethloff,CON8-0,Det,9,3,210.36183220099997,227.72934647350002,210.36183220099997,271.2745174675,20.0,2.0345,0.836,1.7695,218.15759415899998
Dethloff,CON8-0,Det,9,4,190.7406677915,209.422703317,190.7406677915,271.2745174675,20.0,1.4005,0.4425,2.163,218.15759415899998
Dethloff,CON8-0,Det,9,5,176.6122283165,188.489015148,175.90647026500002,271.2745174675,10.0,0.8545,0.4285,3.0565,218.15759415899998
Dethloff,CON8-0,Det,9,6,161.8903071915,170.48396537549996,168.33913683650002,271.2745174675,10.0,0.413,0.1335,3.3515,218.15759415899998
Dethloff,CON8-0,Det,9,7,155.607611386,157.747621239,166.15762713549998,271.2745174675,10.0,0.1345,0.0155,3.4695,218.15759415899998
Dethloff,CON8-0,Det,9,8,153.28473650599997,153.28473650599997,166.047594159,271.2745174675,0.0,0.0175,0.0175,4.3715,218.15759415899998
Dethloff,CON8-0,Det,9,9,152.73310620699996,152.73310620699996,166.047594159,271.2745174675,0.0,0.0,0.0,4.389,218.15759415899998
Dethloff,CON8-0,SAA,15,0,11.280541135,11.117271122499998,11.3531459825,11.368950794999998,2.0,0.181,0.0985,0.0,11.416486199
Dethloff,CON8-0,SAA,15,1,10.886060615,11.028137132,11.156486199,11.368950794999998,5.0,0.0675,0.0075,0.0525,11.416486199
Dethloff,CON8-0,SAA,15,2,10.564726752999999,10.601265366,11.156486199,11.368950794999998,2.0,0.025,0.007,0.0915,11.416486199
Dethloff,CON8-0,SAA,15,3,10.409175408,10.409175408,11.156486199,11.368950794999998,0.0,0.007,0.007,0.174,11.416486199
Dethloff,CON8-0,SAA,15,4,10.365949751,10.365949751,11.156486199,11.368950794999998,0.0,0.001,0.001,0.18,11.416486199
Dethloff,CON8-0,SAA,15,5,10.3437989285,10.3437989285,11.156486199,11.368950794999998,0.0,0.0,0.0,0.181,11.416486199
Dethloff,CON8-0,SAA,15,6,10.3437989285,10.3437989285,11.156486199,11.368950794999998,0.0,0.0,0.0,0.181,11.416486199
Dethloff,CON8-0,SAA,15,7,10.3437989285,10.3437989285,11.156486199,11.368950794999998,0.0,0.0,0.0,0.181,11.416486199
Dethloff,CON8-0,SAA,15,8,10.3437989285,10.3437989285,11.156486199,11.368950794999998,0.0,0.0,0.0,0.181,11.416486199
Dethloff,CON8-0,SAA,15,9,10.3437989285,10.3437989285,11.156486199,11.368950794999998,0.0,0.0,0.0,0.181,11.416486199
Dethloff,CON8-0,SAA,15,10,10.3437989285,10.3437989285,11.156486199,11.368950794999998,0.0,0.0,0.0,0.181,11.416486199
Dethloff,CON8-0,SAA,15,11,10.3437989285,10.3437989285,11.156486199,11.368950794999998,0.0,0.0,0.0,0.181,11.416486199
Dethloff,CON8-0,SAA,15,12,10.3437989285,10.3437989285,11.156486199,11.368950794999998,0.0,0.0,0.0,0.181,11.416486199
Dethloff,CON8-0,SAA,15,13,10.3437989285,10.3437989285,11.156486199,11.368950794999998,0.0,0.0,0.0,0.181,11.416486199
Dethloff,CON8-0,SAA,15,14,10.3437989285,10.3437989285,11.156486199,11.368950794999998,0.0,0.0,0.0,0.181,11.416486199
Dethloff,CON8-0,SAA,15,15,10.3437989285,10.3437989285,11.156486199,11.368950794999998,0.0,0.0,0.0,0.181,11.416486199
Dethloff,CON8-1,Det,9,0,255.09819950499997,271.13238144,271.491233805,255.09819950499997,1000000.0,4.243,0.0,0.0,219.15648734050004
Dethloff,CON8-1,Det,9,1,238.195903972,254.30073234349996,245.35555471749998,255.09819950499997,40.0,3.355,0.348,0.5085,219.15648734050004
Dethloff,CON8-1,Det,9,2,220.324293122,243.51273453999997,218.6965647405,255.09819950499997,40.0,2.5475,0.095,0.7615,219.15648734050004
Dethloff,CON8-1,Det,9,3,196.27404090250002,225.5649273915,196.27404090250002,255.09819950499997,20.0,1.8115,0.326,1.7185,219.15648734050004
Dethloff,CON8-1,Det,9,4,182.3478615925,203.43882888049998,182.3478615925,255.09819950499997,20.0,1.1525,0.0815,1.963,219.15648734050004
Dethloff,CON8-1,Det,9,5,167.95270978850002,181.0963013575,178.4424290385,255.09819950499997,5.0,0.6185,0.187,3.073,219.15648734050004
Dethloff,CON8-1,Det,9,6,160.0844771045,165.1960119595,178.2664873405,255.09819950499997,5.0,0.247,0.0395,3.2205,219.15648734050004
Dethloff,CON8-1,Det,9,7,156.2772692885,156.880426269,178.2664873405,255.09819950499997,2.0,0.0615,0.0395,3.8665,219.15648734050004
Dethloff,CON8-1,Det,9,8,154.9094716175,154.9094716175,178.2664873405,255.09819950499997,0.0,0.0065,0.0065,4.2365,219.15648734050004
Dethloff,CON8-1,Det,9,9,154.66964806899998,154.66964806899998,178.2664873405,255.09819950499997,0.0,0.0,0.0,4.243,219.15648734050004
Dethloff,CON8-1,SAA,14,0,13.92527955,13.92527955,14.0725945075,14.0725945075,0.0,0.2185,0.2185,0.0,14.0725945075
Dethloff,CON8-1,SAA,14,1,13.6715817525,13.747129406,14.0725945075,14.0725945075,2.0,0.0715,0.012,0.0495,14.0725945075
Dethloff,CON8-1,SAA,14,2,13.64754285,13.64754285,14.0725945075,14.0725945075,0.0,0.0215,0.0215,0.197,14.0725945075
Dethloff,CON8-1,SAA,14,3,13.599573302500001,13.599573302500001,14.0725945075,14.0725945075,0.0,0.005,0.005,0.2135,14.0725945075
Dethloff,CON8-1,SAA,14,4,13.574485218,13.574485218,14.0725945075,14.0725945075,0.0,0.0005,0.0005,0.218,14.0725945075
Dethloff,CON8-1,SAA,14,5,13.574496774,13.574496774,14.0725945075,14.0725945075,0.0,0.0,0.0,0.2185,14.0725945075
Dethloff,CON8-1,SAA,14,6,13.574496774,13.574496774,14.0725945075,14.0725945075,0.0,0.0,0.0,0.2185,14.0725945075
Dethloff,CON8-1,SAA,14,7,13.574496774,13.574496774,14.0725945075,14.0725945075,0.0,0.0,0.0,0.2185,14.0725945075
Dethloff,CON8-1,SAA,14,8,13.574496774,13.574496774,14.0725945075,14.0725945075,0.0,0.0,0.0,0.2185,14.0725945075
Dethloff,CON8-1,SAA,14,9,13.574496774,13.574496774,14.0725945075,14.0725945075,0.0,0.0,0.0,0.2185,14.0725945075
Dethloff,CON8-1,SAA,14,10,13.574496774,13.574496774,14.0725945075,14.0725945075,0.0,0.0,0.0,0.2185,14.0725945075
Dethloff,CON8-1,SAA,14,11,13.574496774,13.574496774,14.0725945075,14.0725945075,0.0,0.0,0.0,0.2185,14.0725945075
Dethloff,CON8-1,SAA,14,12,13.574496774,13.574496774,14.0725945075,14.0725945075,0.0,0.0,0.0,0.2185,14.0725945075
Dethloff,CON8-1,SAA,14,13,13.574496774,13.574496774,14.0725945075,14.0725945075,0.0,0.0,0.0,0.2185,14.0725945075
Dethloff,CON8-1,SAA,14,14,13.574496774,13.574496774,14.0725945075,14.0725945075,0.0,0.0,0.0,0.2185,14.0725945075
Dethloff,CON8-2,Det,9,0,221.1112922775,228.90476710250002,228.74325552000002,221.1112922775,1000000.0,3.2755,0.0,0.0,197.17464189750004
Dethloff,CON8-2,Det,9,1,201.91794218,209.85692794050001,201.91794218,221.1112922775,20.0,2.4035,1.076,0.6945,197.17464189750004
Dethloff,CON8-2,Det,9,2,182.88362356500002,188.5687744475,182.5964794075,221.1112922775,10.0,1.6465,0.736,1.362,197.17464189750004
Dethloff,CON8-2,Det,9,3,168.8669556705,175.59394935850003,170.26201544650002,221.1112922775,10.0,1.0205,0.3175,1.7805,197.17464189750004
Dethloff,CON8-2,Det,9,4,160.99201397100003,164.995767925,164.41574040100002,221.1112922775,10.0,0.5285,0.0985,1.9995,197.17464189750004
Dethloff,CON8-2,Det,9,5,155.766565681,156.14427495200002,162.267700253,221.1112922775,5.0,0.214,0.152,2.7795,197.17464189750004
Dethloff,CON8-2,Det,9,6,150.4477377805,150.6631266575,161.76464189749998,221.1112922775,2.0,0.061,0.042,3.0045,197.17464189750004
Dethloff,CON8-2,Det,9,7,148.7909425905,148.7909425905,161.76464189749998,221.1112922775,0.0,0.0105,0.0105,3.265,197.17464189750004
Dethloff,CON8-2,Det,9,8,148.348164815,148.348164815,161.76464189749998,221.1112922775,0.0,0.001,0.001,3.2745,197.17464189750004
Dethloff,CON8-2,Det,9,9,148.275648125,148.275648125,161.76464189749998,221.1112922775,0.0,0.0,0.0,3.2755,197.17464189750004
Dethloff,CON8-2,SAA,14,0,10.8192609925,11.054406064999998,10.8192609925,10.8192609925,20.0,0.15,0.0,0.0,10.8192609925
Dethloff,CON8-2,SAA,14,1,10.990375013500001,11.1489766435,10.8192609925,10.8192609925,10.0,0.0505,0.0,0.014,10.8192609925
Dethloff,CON8-2,SAA,14,2,10.924625479,11.076271653500001,10.8192609925,10.8192609925,2.0,0.02,0.004,0.0545,10.8192609925
Dethloff,CON8-2,SAA,14,3,10.914558582500002,11.084094043,10.8192609925,10.8192609925,2.0,0.007,0.0,0.0585,10.8192609925
Dethloff,CON8-2,SAA,14,4,11.0062633935,11.0062633935,10.8192609925,10.8192609925,0.0,0.0015,0.0015,0.1485,10.8192609925
Dethloff,CON8-2,SAA,14,5,11.008588180499999,11.008588180499999,10.8192609925,10.8192609925,0.0,0.0,0.0,0.15,10.8192609925
Dethloff,CON8-2,SAA,14,6,11.008588180499999,11.008588180499999,10.8192609925,10.8192609925,0.0,0.0,0.0,0.15,10.8192609925
Dethloff,CON8-2,SAA,14,7,11.008588180499999,11.008588180499999,10.8192609925,10.8192609925,0.0,0.0,0.0,0.15,10.8192609925
Dethloff,CON8-2,SAA,14,8,11.008588180499999,11.008588180499999,10.8192609925,10.8192609925,0.0,0.0,0.0,0.15,10.8192609925
Dethloff,CON8-2,SAA,14,9,11.008588180499999,11.008588180499999,10.8192609925,10.8192609925,0.0,0.0,0.0,0.15,10.8192609925
Dethloff,CON8-2,SAA,14,10,11.008588180499999,11.008588180499999,10.8192609925,10.8192609925,0.0,0.0,0.0,0.15,10.8192609925
Dethloff,CON8-2,SAA,14,11,11.008588180499999,11.008588180499999,10.8192609925,10.8192609925,0.0,0.0,0.0,0.15,10.8192609925
Dethloff,CON8-2,SAA,14,12,11.008588180499999,11.008588180499999,10.8192609925,10.8192609925,0.0,0.0,0.0,0.15,10.8192609925
Dethloff,CON8-2,SAA,14,13,11.008588180499999,11.008588180499999,10.8192609925,10.8192609925,0.0,0.0,0.0,0.15,10.8192609925
Dethloff,CON8-2,SAA,14,14,11.008588180499999,11.008588180499999,10.8192609925,10.8192609925,0.0,0.0,0.0,0.15,10.8192609925
Dethloff,CON8-3,Det,10,0,237.71140928000003,249.2748031725,249.46118583999998,237.71140928000003,1000000.0,3.5635,0.0,0.0,204.0020233935
Dethloff,CON8-3,Det,10,1,222.9713285,225.331215696,222.5865325035,237.71140928000003,40.0,2.6985,0.384,0.4755,204.0020233935
Dethloff,CON8-3,Det,10,2,200.917239544,212.286749353,200.917239544,237.71140928000003,20.0,1.924,0.7515,1.224,204.0020233935
Dethloff,CON8-3,Det,10,3,182.1736087865,196.2824099015,182.1736087865,237.71140928000003,20.0,1.252,0.352,1.6235,204.0020233935
Dethloff,CON8-3,Det,10,4,165.4609247605,177.28203037,169.6438678125,237.71140928000003,10.0,0.6785,0.2075,2.238,204.0020233935
Dethloff,CON8-3,Det,10,5,155.598769471,159.94651556550002,164.7149242895,237.71140928000003,5.0,0.2555,0.092,2.898,204.0020233935
Dethloff,CON8-3,Det,10,6,152.61260388000002,153.0936981365,164.49202339349998,237.71140928000003,5.0,0.0535,0.005,2.985,204.0020233935
Dethloff,CON8-3,Det,10,7,151.69576289399998,151.69576289399998,164.49202339349998,237.71140928000003,0.0,0.004,0.004,3.5595,204.0020233935
Dethloff,CON8-3,Det,10,8,151.54612947750002,151.54612947750002,164.49202339349998,237.71140928000003,0.0,0.0,0.0,3.5635,204.0020233935
Dethloff,CON8-3,Det,10,9,151.54612947750002,151.54612947750002,164.49202339349998,237.71140928000003,0.0,0.0,0.0,3.5635,204.0020233935
Dethloff,CON8-3,Det,10,10,151.54612947750002,151.54612947750002,164.49202339349998,237.71140928000003,0.0,0.0,0.0,3.5635,204.0020233935
Dethloff,CON8-3,SAA,14,0,13.524241327500002,13.503108965,13.71603751,13.71603751,5.0,0.142,0.0555,0.0,13.71603751
Dethloff,CON8-3,SAA,14,1,13.3189005875,13.378268522000003,13.71603751,13.71603751,5.0,0.057,0.0,0.0555,13.71603751
Dethloff,CON8-3,SAA,14,2,13.3189005875,13.159616043,13.71603751,13.71603751,5.0,0.0145,0.0,0.0555,13.71603751
Dethloff,CON8-3,SAA,14,3,13.143872652999999,13.143872652999999,13.71603751,13.71603751,0.0,0.002,0.002,0.14,13.71603751
Dethloff,CON8-3,SAA,14,4,13.075072369999997,13.075072369999997,13.71603751,13.71603751,0.0,0.0,0.0,0.142,13.71603751
Dethloff,CON8-3,SAA,14,5,13.075072369999997,13.075072369999997,13.71603751,13.71603751,0.0,0.0,0.0,0.142,13.71603751
Dethloff,CON8-3,SAA,14,6,13.075072369999997,13.075072369999997,13.71603751,13.71603751,0.0,0.0,0.0,0.142,13.71603751
Dethloff,CON8-3,SAA,14,7,13.075072369999997,13.075072369999997,13.71603751,13.71603751,0.0,0.0,0.0,0.142,13.71603751
Dethloff,CON8-3,SAA,14,8,13.075072369999997,13.075072369999997,13.71603751,13.71603751,0.0,0.0,0.0,0.142,13.71603751
Dethloff,CON8-3,SAA,14,9,13.075072369999997,13.075072369999997,13.71603751,13.71603751,0.0,0.0,0.0,0.142,13.71603751
Dethloff,CON8-3,SAA,14,10,13.075072369999997,13.075072369999997,13.71603751,13.71603751,0.0,0.0,0.0,0.142,13.71603751
Dethloff,CON8-3,SAA,14,11,13.075072369999997,13.075072369999997,13.71603751,13.71603751,0.0,0.0,0.0,0.142,13.71603751
Dethloff,CON8-3,SAA,14,12,13.075072369999997,13.075072369999997,13.71603751,13.71603751,0.0,0.0,0.0,0.142,13.71603751
Dethloff,CON8-3,SAA,14,13,13.075072369999997,13.075072369999997,13.71603751,13.71603751,0.0,0.0,0.0,0.142,13.71603751
Dethloff,CON8-3,SAA,14,14,13.075072369999997,13.075072369999997,13.71603751,13.71603751,0.0,0.0,0.0,0.142,13.71603751
Dethloff,CON8-4,Det,9,0,247.02010031999995,257.312752585,257.7442343225,247.02010031999995,1000000.0,4.5515,0.0,0.0,198.881506824
Dethloff,CON8-4,Det,9,1,224.8652229885,239.21285032249997,226.6621532055,247.02010031999995,40.0,3.646,0.534,0.5205,198.881506824
Dethloff,CON8-4,Det,9,2,198.29795690549997,218.03879232799997,198.29795690549997,247.02010031999995,20.0,2.8265,0.9085,1.392,198.881506824
Dethloff,CON8-4,Det,9,3,176.8522219265,199.745848015,176.8522219265,247.02010031999995,20.0,2.0825,0.443,1.8575,198.881506824
Dethloff,CON8-4,Det,9,4,161.582440832,182.799224339,161.582440832,247.02010031999995,20.0,1.4205,0.152,2.1485,198.881506824
Dethloff,CON8-4,Det,9,5,154.35457230199998,164.851059075,154.35457230199998,247.02010031999995,20.0,0.8635,0.024,2.2765,198.881506824
Dethloff,CON8-4,Det,9,6,141.204938301,147.760627179,152.87150682400002,247.02010031999995,10.0,0.425,0.1565,3.417,198.881506824
Dethloff,CON8-4,Det,9,7,133.78517197849996,133.9503577695,152.87150682400002,247.02010031999995,5.0,0.143,0.1065,4.0015,198.881506824
Dethloff,CON8-4,Det,9,8,127.15969933550001,127.15969933550001,152.87150682400002,247.02010031999995,0.0,0.02,0.02,4.5315,198.881506824
Dethloff,CON8-4,Det,9,9,126.06464485049999,126.06464485049999,152.87150682400002,247.02010031999995,0.0,0.0,0.0,4.5515,198.881506824
Dethloff,CON8-4,SAA,14,0,13.28480748,13.28480748,13.426137725,13.426137725,0.0,0.118,0.118,0.0,13.426137725
Dethloff,CON8-4,SAA,14,1,13.225379235,13.391992981,13.426137725,13.426137725,2.0,0.0145,0.0,0.076,13.426137725
Dethloff,CON8-4,SAA,14,2,13.210585199999999,13.210585199999999,13.426137725,13.426137725,0.0,0.0,0.0,0.118,13.426137725
Dethloff,CON8-4,SAA,14,3,13.210585199999999,13.210585199999999,13.426137725,13.426137725,0.0,0.0,0.0,0.118,13.426137725
Dethloff,CON8-4,SAA,14,4,13.210585199999999,13.210585199999999,13.426137725,13.426137725,0.0,0.0,0.0,0.118,13.426137725
Dethloff,CON8-4,SAA,14,5,13.210585199999999,13.210585199999999,13.426137725,13.426137725,0.0,0.0,0.0,0.118,13.426137725
Dethloff,CON8-4,SAA,14,6,13.210585199999999,13.210585199999999,13.426137725,13.426137725,0.0,0.0,0.0,0.118,13.426137725
Dethloff,CON8-4,SAA,14,7,13.210585199999999,13.210585199999999,13.426137725,13.426137725,0.0,0.0,0.0,0.118,13.426137725
Dethloff,CON8-4,SAA,14,8,13.210585199999999,13.210585199999999,13.426137725,13.426137725,0.0,0.0,0.0,0.118,13.426137725
Dethloff,CON8-4,SAA,14,9,13.210585199999999,13.210585199999999,13.426137725,13.426137725,0.0,0.0,0.0,0.118,13.426137725
Dethloff,CON8-4,SAA,14,10,13.210585199999999,13.210585199999999,13.426137725,13.426137725,0.0,0.0,0.0,0.118,13.426137725
Dethloff,CON8-4,SAA,14,11,13.210585199999999,13.210585199999999,13.426137725,13.426137725,0.0,0.0,0.0,0.118,13.426137725
Dethloff,CON8-4,SAA,14,12,13.210585199999999,13.210585199999999,13.426137725,13.426137725,0.0,0.0,0.0,0.118,13.426137725
Dethloff,CON8-4,SAA,14,13,13.210585199999999,13.210585199999999,13.426137725,13.426137725,0.0,0.0,0.0,0.118,13.426137725
Dethloff,CON8-4,SAA,14,14,13.210585199999999,13.210585199999999,13.426137725,13.426137725,0.0,0.0,0.0,0.118,13.426137725
Dethloff,CON8-5,Det,9,0,216.97675360250003,233.8830880775,234.339388865,216.97675360250003,1000000.0,3.4585,0.0,0.0,178.4255815155
Dethloff,CON8-5,Det,9,1,200.144773017,218.09390125599998,207.0074085945,216.97675360250003,40.0,2.638,0.576,0.498,178.4255815155
Dethloff,CON8-5,Det,9,2,180.80740039850002,193.79731898649996,180.80740039850002,216.97675360250003,20.0,1.922,0.8295,1.2755,178.4255815155
Dethloff,CON8-5,Det,9,3,160.4017445675,172.843079629,160.4017445675,216.97675360250003,20.0,1.305,0.412,1.693,178.4255815155
Dethloff,CON8-5,Det,9,4,144.93417024200002,156.421223873,144.93417024200002,216.97675360250003,20.0,0.776,0.137,1.968,178.4255815155
Dethloff,CON8-5,Det,9,5,137.33676738949998,140.0689001965,137.33676738949998,216.97675360250003,20.0,0.3635,0.018,2.087,178.4255815155
Dethloff,CON8-5,Det,9,6,128.25945771000002,127.28959660000001,136.3255815155,216.97675360250003,5.0,0.1125,0.0685,3.017,178.4255815155
Dethloff,CON8-5,Det,9,7,122.9547751075,122.9606898695,136.3255815155,216.97675360250003,2.0,0.018,0.0175,3.44,178.4255815155
Dethloff,CON8-5,Det,9,8,122.426407184,122.410640293,136.3255815155,216.97675360250003,2.0,0.002,0.002,3.4555,178.4255815155
Dethloff,CON8-5,Det,9,9,122.3449582935,122.3291914025,136.3255815155,216.97675360250003,2.0,0.0,0.0,3.4575,178.4255815155
Dethloff,CON8-5,SAA,14,0,10.131110125,10.241168707500002,10.122636257499998,10.2548310425,5.0,0.204,0.018,0.0,10.107307699
Dethloff,CON8-5,SAA,14,1,9.7465943525,9.7830931335,9.957307699,10.2548310425,2.0,0.085,0.038,0.098,10.107307699
Dethloff,CON8-5,SAA,14,2,9.447336328499999,9.447336328499999,9.957307699,10.2548310425,0.0,0.036,0.036,0.168,10.107307699
Dethloff,CON8-5,SAA,14,3,9.337136815,9.264975407,9.957307699,10.2548310425,2.0,0.014,0.003,0.133,10.107307699
Dethloff,CON8-5,SAA,14,4,9.1932618855,9.1932618855,9.957307699,10.2548310425,0.0,0.0035,0.0035,0.2005,10.107307699
Dethloff,CON8-5,SAA,14,5,9.195218689499999,9.195218689499999,9.957307699,10.2548310425,0.0,0.0,0.0,0.204,10.107307699
Dethloff,CON8-5,SAA,14,6,9.195218689499999,9.195218689499999,9.957307699,10.2548310425,0.0,0.0,0.0,0.204,10.107307699
Dethloff,CON8-5,SAA,14,7,9.195218689499999,9.195218689499999,9.957307699,10.2548310425,0.0,0.0,0.0,0.204,10.107307699
Dethloff,CON8-5,SAA,14,8,9.195218689499999,9.195218689499999,9.957307699,10.2548310425,0.0,0.0,0.0,0.204,10.107307699
Dethloff,CON8-5,SAA,14,9,9.195218689499999,9.195218689499999,9.957307699,10.2548310425,0.0,0.0,0.0,0.204,10.107307699
Dethloff,CON8-5,SAA,14,10,9.195218689499999,9.195218689499999,9.957307699,10.2548310425,0.0,0.0,0.0,0.204,10.107307699
Dethloff,CON8-5,SAA,14,11,9.195218689499999,9.195218689499999,9.957307699,10.2548310425,0.0,0.0,0.0,0.204,10.107307699
Dethloff,CON8-5,SAA,14,12,9.195218689499999,9.195218689499999,9.957307699,10.2548310425,0.0,0.0,0.0,0.204,10.107307699
Dethloff,CON8-5,SAA,14,13,9.195218689499999,9.195218689499999,9.957307699,10.2548310425,0.0,0.0,0.0,0.204,10.107307699
Dethloff,CON8-5,SAA,14,14,9.195218689499999,9.195218689499999,9.957307699,10.2548310425,0.0,0.0,0.0,0.204,10.107307699
Dethloff,CON8-6,Det,9,0,216.52139548,227.05617838,225.90159705,216.52139548,1000000.0,2.9815,0.0,0.0,188.6786332265
Dethloff,CON8-6,Det,9,1,202.33064993899998,207.710769689,204.0817517545,216.52139548,40.0,2.101,0.2875,0.4065,188.6786332265
Dethloff,CON8-6,Det,9,2,181.954861032,191.061122042,181.954861032,216.52139548,20.0,1.3725,0.6505,1.223,188.6786332265
Dethloff,CON8-6,Det,9,3,164.52434558800002,170.705937596,164.52434558800002,216.52139548,20.0,0.7885,0.2875,1.586,188.6786332265
Dethloff,CON8-6,Det,9,4,153.4612223155,153.786872256,154.802665608,216.52139548,10.0,0.3545,0.2125,2.1655,188.6786332265
Dethloff,CON8-6,Det,9,5,143.78229663200003,143.97121074050003,151.8224880555,216.52139548,5.0,0.1055,0.094,2.7835,188.6786332265
Dethloff,CON8-6,Det,9,6,140.54442184500002,140.7012517365,151.235566161,216.52139548,2.0,0.018,0.016,2.9035,188.6786332265
Dethloff,CON8-6,Det,9,7,140.07850332750002,140.07850332750002,151.2086332265,216.52139548,0.0,0.0015,0.0015,2.98,188.6786332265
Dethloff,CON8-6,Det,9,8,139.991670931,139.991670931,151.2086332265,216.52139548,0.0,0.0,0.0,2.9815,188.6786332265
Dethloff,CON8-6,Det,9,9,139.991670931,139.991670931,151.2086332265,216.52139548,0.0,0.0,0.0,2.9815,188.6786332265
Dethloff,CON8-6,SAA,13,0,8.801789077500002,8.82748793,8.7990415025,8.82748793,10.0,0.036,0.003,0.0,8.852063722499999
Dethloff,CON8-6,SAA,13,1,8.8685490015,8.8685490015,8.8020637225,8.82748793,0.0,0.007,0.007,0.029,8.852063722499999
Dethloff,CON8-6,SAA,13,2,8.850035888,8.850035888,8.8020637225,8.82748793,0.0,0.002,0.002,0.034,8.852063722499999
Dethloff,CON8-6,SAA,13,3,8.851729970000001,8.851729970000001,8.8020637225,8.82748793,0.0,0.0,0.0,0.036,8.852063722499999
Dethloff,CON8-6,SAA,13,4,8.851729970000001,8.851729970000001,8.8020637225,8.82748793,0.0,0.0,0.0,0.036,8.852063722499999
Dethloff,CON8-6,SAA,13,5,8.851729970000001,8.851729970000001,8.8020637225,8.82748793,0.0,0.0,0.0,0.036,8.852063722499999
Dethloff,CON8-6,SAA,13,6,8.851729970000001,8.851729970000001,8.8020637225,8.82748793,0.0,0.0,0.0,0.036,8.852063722499999
Dethloff,CON8-6,SAA,13,7,8.851729970000001,8.851729970000001,8.8020637225,8.82748793,0.0,0.0,0.0,0.036,8.852063722499999
Dethloff,CON8-6,SAA,13,8,8.851729970000001,8.851729970000001,8.8020637225,8.82748793,0.0,0.0,0.0,0.036,8.852063722499999
Dethloff,CON8-6,SAA,13,9,8.851729970000001,8.851729970000001,8.8020637225,8.82748793,0.0,0.0,0.0,0.036,8.852063722499999
Dethloff,CON8-6,SAA,13,10,8.851729970000001,8.851729970000001,8.8020637225,8.82748793,0.0,0.0,0.0,0.036,8.852063722499999
Dethloff,CON8-6,SAA,13,11,8.851729970000001,8.851729970000001,8.8020637225,8.82748793,0.0,0.0,0.0,0.036,8.852063722499999
Dethloff,CON8-6,SAA,13,12,8.851729970000001,8.851729970000001,8.8020637225,8.82748793,0.0,0.0,0.0,0.036,8.852063722499999
Dethloff,CON8-6,SAA,13,13,8.851729970000001,8.851729970000001,8.8020637225,8.82748793,0.0,0.0,0.0,0.036,8.852063722499999
Dethloff,CON8-7,Det,9,0,217.6680193525,227.97752453249998,228.03175905,217.6680193525,1000000.0,3.632,0.0,0.0,182.48106018100003
Dethloff,CON8-7,Det,9,1,204.7115389955,210.1504726335,203.925897535,217.6680193525,40.0,2.752,0.4345,0.489,182.48106018100003
Dethloff,CON8-7,Det,9,2,178.129196368,197.477517272,178.129196368,217.6680193525,20.0,1.9745,0.5245,1.173,182.48106018100003
Dethloff,CON8-7,Det,9,3,157.4706830715,179.3680731915,159.99182600250003,217.6680193525,10.0,1.292,0.565,1.967,182.48106018100003
Dethloff,CON8-7,Det,9,4,141.019834119,157.7338975265,150.385364908,217.6680193525,10.0,0.7245,0.2065,2.3255,182.48106018100003
Dethloff,CON8-7,Det,9,5,133.90612313249997,141.56556626699998,148.63445713449997,217.6680193525,5.0,0.3055,0.0715,2.876,182.48106018100003
Dethloff,CON8-7,Det,9,6,131.9233167365,133.383789834,148.531060181,217.6680193525,2.0,0.0895,0.0435,3.2945,182.48106018100003
Dethloff,CON8-7,Det,9,7,131.3157290315,131.697961308,148.531060181,217.6680193525,2.0,0.017,0.0055,3.3325,182.48106018100003
Dethloff,CON8-7,Det,9,8,131.3311565235,131.3311565235,148.531060181,217.6680193525,0.0,0.003,0.003,3.629,182.48106018100003
Dethloff,CON8-7,Det,9,9,131.23264507550002,131.23264507550002,148.531060181,217.6680193525,0.0,0.0,0.0,3.632,182.48106018100003
Dethloff,CON8-7,SAA,13,0,9.354087159999999,9.354087159999999,9.646356575,9.646356575,0.0,0.284,0.284,0.0,9.646356575
Dethloff,CON8-7,SAA,13,1,9.1969030355,9.5280271225,9.646356575,9.646356575,2.0,0.1335,0.023,0.084,9.646356575
Dethloff,CON8-7,SAA,13,2,8.982694339000002,9.3130579385,9.646356575,9.646356575,2.0,0.064,0.0015,0.1055,9.646356575
Dethloff,CON8-7,SAA,13,3,8.958106640000002,9.270225217,9.646356575,9.646356575,2.0,0.03,0.0,0.107,9.646356575
Dethloff,CON8-7,SAA,13,4,8.958106640000002,9.072595494000002,9.646356575,9.646356575,2.0,0.0095,0.0,0.107,9.646356575
Dethloff,CON8-7,SAA,13,5,8.9941468485,8.9941468485,9.646356575,9.646356575,0.0,0.0025,0.0025,0.2815,9.646356575
Dethloff,CON8-7,SAA,13,6,8.9830589125,8.9830589125,9.646356575,9.646356575,0.0,0.0,0.0,0.284,9.646356575
Dethloff,CON8-7,SAA,13,7,8.9830589125,8.9830589125,9.646356575,9.646356575,0.0,0.0,0.0,0.284,9.646356575
Dethloff,CON8-7,SAA,13,8,8.9830589125,8.9830589125,9.646356575,9.646356575,0.0,0.0,0.0,0.284,9.646356575
Dethloff,CON8-7,SAA,13,9,8.9830589125,8.9830589125,9.646356575,9.646356575,0.0,0.0,0.0,0.284,9.646356575
Dethloff,CON8-7,SAA,13,10,8.9830589125,8.9830589125,9.646356575,9.646356575,0.0,0.0,0.0,0.284,9.646356575
Dethloff,CON8-7,SAA,13,11,8.9830589125,8.9830589125,9.646356575,9.646356575,0.0,0.0,0.0,0.284,9.646356575
Dethloff,CON8-7,SAA,13,12,8.9830589125,8.9830589125,9.646356575,9.646356575,0.0,0.0,0.0,0.284,9.646356575
Dethloff,CON8-7,SAA,13,13,8.9830589125,8.9830589125,9.646356575,9.646356575,0.0,0.0,0.0,0.284,9.646356575
Dethloff,CON8-8,Det,9,0,257.651489405,262.9938031275,263.0148645075,257.651489405,1000000.0,3.029,0.0,0.0,231.34405045149998
Dethloff,CON8-8,Det,9,1,240.1187638055,249.67724076049998,245.33476823299998,257.651489405,40.0,2.192,0.2865,0.4755,231.34405045149998
Dethloff,CON8-8,Det,9,2,227.628871385,234.9583913125,227.4404812045,257.651489405,40.0,1.4795,0.071,0.691,231.34405045149998
Dethloff,CON8-8,Det,9,3,210.86111397899998,218.2455732935,210.86111397899998,257.651489405,20.0,0.8945,0.315,1.564,231.34405045149998
Dethloff,CON8-8,Det,9,4,197.7729152625,201.540288546,199.5177149815,257.651489405,10.0,0.4565,0.207,2.021,231.34405045149998
Dethloff,CON8-8,Det,9,5,188.02910648099999,188.94058387599998,195.01021898349998,257.651489405,5.0,0.172,0.113,2.573,231.34405045149998
Dethloff,CON8-8,Det,9,6,184.21150248,183.9025448025,193.902267697,257.651489405,5.0,0.0475,0.025,2.661,231.34405045149998
Dethloff,CON8-8,Det,9,7,182.29379288500002,182.29379288500002,193.7640504515,257.651489405,0.0,0.005,0.005,3.024,231.34405045149998
Dethloff,CON8-8,Det,9,8,182.228018261,182.228018261,193.7640504515,257.651489405,0.0,0.0,0.0,3.029,231.34405045149998
Dethloff,CON8-8,Det,9,9,182.228018261,182.228018261,193.7640504515,257.651489405,0.0,0.0,0.0,3.029,231.34405045149998
Dethloff,CON8-8,SAA,14,0,12.44740342,12.44740342,12.3793854875,12.3793854875,0.0,0.2305,0.2305,0.0,12.3793854875
Dethloff,CON8-8,SAA,14,1,12.418307307500001,12.418307307500001,12.3793854875,12.3793854875,0.0,0.109,0.109,0.1215,12.3793854875
Dethloff,CON8-8,SAA,14,2,12.637394548999998,12.455068597000002,12.3793854875,12.3793854875,5.0,0.0545,0.0115,0.1115,12.3793854875
Dethloff,CON8-8,SAA,14,3,12.372775400999998,12.328918631,12.3793854875,12.3793854875,2.0,0.0285,0.003,0.1305,12.3793854875
Dethloff,CON8-8,SAA,14,4,12.313894663000001,12.2272709765,12.3793854875,12.3793854875,2.0,0.0125,0.0,0.1335,12.3793854875
Dethloff,CON8-8,SAA,14,5,12.106991163499998,12.106991163499998,12.3793854875,12.3793854875,0.0,0.0045,0.0045,0.226,12.3793854875
Dethloff,CON8-8,SAA,14,6,12.050482309500001,12.050482309500001,12.3793854875,12.3793854875,0.0,0.0,0.0,0.2305,12.3793854875
Dethloff,CON8-8,SAA,14,7,12.050482309500001,12.050482309500001,12.3793854875,12.3793854875,0.0,0.0,0.0,0.2305,12.3793854875
Dethloff,CON8-8,SAA,14,8,12.050482309500001,12.050482309500001,12.3793854875,12.3793854875,0.0,0.0,0.0,0.2305,12.3793854875
Dethloff,CON8-8,SAA,14,9,12.050482309500001,12.050482309500001,12.3793854875,12.3793854875,0.0,0.0,0.0,0.2305,12.3793854875
Dethloff,CON8-8,SAA,14,10,12.050482309500001,12.050482309500001,12.3793854875,12.3793854875,0.0,0.0,0.0,0.2305,12.3793854875
Dethloff,CON8-8,SAA,14,11,12.050482309500001,12.050482309500001,12.3793854875,12.3793854875,0.0,0.0,0.0,0.2305,12.3793854875
Dethloff,CON8-8,SAA,14,12,12.050482309500001,12.050482309500001,12.3793854875,12.3793854875,0.0,0.0,0.0,0.2305,12.3793854875
Dethloff,CON8-8,SAA,14,13,12.050482309500001,12.050482309500001,12.3793854875,12.3793854875,0.0,0.0,0.0,0.2305,12.3793854875
Dethloff,CON8-8,SAA,14,14,12.050482309500001,12.050482309500001,12.3793854875,12.3793854875,0.0,0.0,0.0,0.2305,12.3793854875
Dethloff,CON8-9,Det,9,0,204.8086555175,215.3505173375,215.35515356500002,204.8086555175,1000000.0,3.6585,0.0,0.0,176.021080312
Dethloff,CON8-9,Det,9,1,191.6947805405,203.16629634350002,197.3920366925,204.8086555175,40.0,2.794,0.3705,0.414,176.021080312
Dethloff,CON8-9,Det,9,2,178.79370959600004,190.77423625050002,179.08756184600003,204.8086555175,10.0,2.072,1.2775,1.3405,176.021080312
Dethloff,CON8-9,Det,9,3,162.56462444049998,174.825408346,162.7435746545,204.8086555175,10.0,1.4595,0.8075,1.8105,176.021080312
Dethloff,CON8-9,Det,9,4,146.61017134550002,159.06596469599998,148.40130409900001,204.8086555175,10.0,0.946,0.4365,2.1815,176.021080312
Dethloff,CON8-9,Det,9,5,134.63580851,143.34627821150002,139.3754351495,204.8086555175,10.0,0.5255,0.188,2.43,176.021080312
Dethloff,CON8-9,Det,9,6,126.38817660400001,130.0732992925,134.7658513415,204.8086555175,5.0,0.2265,0.129,2.9935,176.021080312
Dethloff,CON8-9,Det,9,7,120.897813236,121.68710580800001,133.7628193915,204.8086555175,5.0,0.0605,0.0315,3.091,176.021080312
Dethloff,CON8-9,Det,9,8,118.849833834,118.97712189750001,133.73108031200002,204.8086555175,2.0,0.006,0.0045,3.449,176.021080312
Dethloff,CON8-9,Det,9,9,118.6017476955,118.6017476955,133.73108031200002,204.8086555175,0.0,0.0,0.0,3.6585,176.021080312
Dethloff,CON8-9,SAA,14,0,13.460480635,13.460480635,13.64561927,13.6400430675,0.0,0.044,0.044,0.0,13.6735869655
Dethloff,CON8-9,SAA,14,1,13.2829407655,13.2829407655,13.5935869655,13.6400430675,0.0,0.0075,0.0075,0.0365,13.6735869655
Dethloff,CON8-9,SAA,14,2,13.177042673,13.177042673,13.5935869655,13.6400430675,0.0,0.0015,0.0015,0.0425,13.6735869655
Dethloff,CON8-9,SAA,14,3,13.173931962000001,13.173931962000001,13.5935869655,13.6400430675,0.0,0.0,0.0,0.044,13.6735869655
Dethloff,CON8-9,SAA,14,4,13.173931962000001,13.173931962000001,13.5935869655,13.6400430675,0.0,0.0,0.0,0.044,13.6735869655
Dethloff,CON8-9,SAA,14,5,13.173931962000001,13.173931962000001,13.5935869655,13.6400430675,0.0,0.0,0.0,0.044,13.6735869655
Dethloff,CON8-9,SAA,14,6,13.173931962000001,13.173931962000001,13.5935869655,13.6400430675,0.0,0.0,0.0,0.044,13.6735869655
Dethloff,CON8-9,SAA,14,7,13.173931962000001,13.173931962000001,13.5935869655,13.6400430675,0.0,0.0,0.0,0.044,13.6735869655
Dethloff,CON8-9,SAA,14,8,13.173931962000001,13.173931962000001,13.5935869655,13.6400430675,0.0,0.0,0.0,0.044,13.6735869655
Dethloff,CON8-9,SAA,14,9,13.173931962000001,13.173931962000001,13.5935869655,13.6400430675,0.0,0.0,0.0,0.044,13.6735869655
Dethloff,CON8-9,SAA,14,10,13.173931962000001,13.173931962000001,13.5935869655,13.6400430675,0.0,0.0,0.0,0.044,13.6735869655
Dethloff,CON8-9,SAA,14,11,13.173931962000001,13.173931962000001,13.5935869655,13.6400430675,0.0,0.0,0.0,0.044,13.6735869655
Dethloff,CON8-9,SAA,14,12,13.173931962000001,13.173931962000001,13.5935869655,13.6400430675,0.0,0.0,0.0,0.044,13.6735869655
Dethloff,CON8-9,SAA,14,13,13.173931962000001,13.173931962000001,13.5935869655,13.6400430675,0.0,0.0,0.0,0.044,13.6735869655
Dethloff,CON8-9,SAA,14,14,13.173931962000001,13.173931962000001,13.5935869655,13.6400430675,0.0,0.0,0.0,0.044,13.6735869655
Dethloff,SCA3-0,Det,4,0,50.134881017500014,51.0331401075,50.552489570000006,50.134881017500014,1000000.0,0.881,0.0,0.0,33.968742589499996
Dethloff,SCA3-0,Det,4,1,29.5512748165,38.612368244500004,31.264720054,50.134881017500014,40.0,0.415,0.0,0.363,33.968742589499996
Dethloff,SCA3-0,Det,4,2,22.152684428,26.567639549,23.548742589499998,50.134881017500014,10.0,0.1485,0.0,0.629,33.968742589499996
Dethloff,SCA3-0,Det,4,3,19.218411463,19.16980238,23.548742589499998,50.134881017500014,5.0,0.0,0.0,0.8885,33.968742589499996
Dethloff,SCA3-0,Det,4,4,19.218411463,19.16980238,23.548742589499998,50.134881017500014,5.0,0.0,0.0,0.8885,33.968742589499996
Dethloff,SCA3-0,SAA,5,0,4.787602629999999,4.794634205,4.787602629999999,4.787602629999999,5.0,0.0955,0.039,0.0,4.787602629999999
Dethloff,SCA3-0,SAA,5,1,4.480688943500001,4.310094644,4.787602629999999,4.787602629999999,2.0,0.028,0.019,0.064,4.787602629999999
Dethloff,SCA3-0,SAA,5,2,4.213037424,4.213037424,4.787602629999999,4.787602629999999,0.0,0.0015,0.0015,0.094,4.787602629999999
Dethloff,SCA3-0,SAA,5,3,4.209555289,4.209555289,4.787602629999999,4.787602629999999,0.0,0.0,0.0,0.0955,4.787602629999999
Dethloff,SCA3-0,SAA,5,4,4.209555289,4.209555289,4.787602629999999,4.787602629999999,0.0,0.0,0.0,0.0955,4.787602629999999
Dethloff,SCA3-0,SAA,5,5,4.209555289,4.209555289,4.787602629999999,4.787602629999999,0.0,0.0,0.0,0.0955,4.787602629999999
Dethloff,SCA3-1,Det,4,0,112.711598535,122.614980985,122.50245545000001,112.711598535,1000000.0,1.0765,0.0,0.0,85.9166684095
Dethloff,SCA3-1,Det,4,1,85.39376307650001,87.58498749999998,85.39376307650001,112.711598535,20.0,0.4095,0.21,0.586,85.9166684095
Dethloff,SCA3-1,Det,4,2,68.78814637299999,67.899192949,69.9966684095,112.711598535,5.0,0.041,0.0,0.923,85.9166684095
Dethloff,SCA3-1,Det,4,3,67.1340043095,67.1340043095,69.9966684095,112.711598535,0.0,0.0,0.0,1.0765,85.9166684095
Dethloff,SCA3-1,Det,4,4,67.1340043095,67.1340043095,69.9966684095,112.711598535,0.0,0.0,0.0,1.0765,85.9166684095
Dethloff,SCA3-1,SAA,5,0,4.3376204575,4.369124472499999,4.3376204575,4.3376204575,5.0,0.0365,0.0,0.0,4.3376204575
Dethloff,SCA3-1,SAA,5,1,4.3142677285,4.3142677285,4.3376204575,4.3376204575,0.0,0.0065,0.0065,0.03,4.3376204575
Dethloff,SCA3-1,SAA,5,2,4.309338803500001,4.309338803500001,4.3376204575,4.3376204575,0.0,0.0,0.0,0.0365,4.3376204575
Dethloff,SCA3-1,SAA,5,3,4.309338803500001,4.309338803500001,4.3376204575,4.3376204575,0.0,0.0,0.0,0.0365,4.3376204575
Dethloff,SCA3-1,SAA,5,4,4.309338803500001,4.309338803500001,4.3376204575,4.3376204575,0.0,0.0,0.0,0.0365,4.3376204575
Dethloff,SCA3-1,SAA,5,5,4.309338803500001,4.309338803500001,4.3376204575,4.3376204575,0.0,0.0,0.0,0.0365,4.3376204575
Dethloff,SCA3-2,Det,4,0,51.938377682500004,51.938377682500004,52.0674141575,51.9868341775,0.0,0.981,0.981,0.0,40.885997067000005
Dethloff,SCA3-2,Det,4,1,38.126823123,38.1545269475,39.28233046300001,51.9868341775,5.0,0.4695,0.3505,0.493,40.885997067000005
Dethloff,SCA3-2,Det,4,2,24.613945069,24.6083751825,28.835997067,51.9868341775,2.0,0.112,0.0805,0.837,40.885997067000005
Dethloff,SCA3-2,Det,4,3,23.869671155999995,23.862321490499998,28.835997067,51.9868341775,2.0,0.0195,0.003,0.9145,40.885997067000005
Dethloff,SCA3-2,Det,4,4,23.828052561999996,23.8194932095,28.835997067,51.9868341775,2.0,0.0,0.0,0.9175,40.885997067000005
Dethloff,SCA3-2,SAA,5,0,5.560356555,5.665816805,5.560356555,5.560356555,5.0,0.126,0.0,0.0,5.560356555
Dethloff,SCA3-2,SAA,5,1,5.432204289,5.591087959,5.560356555,5.560356555,2.0,0.041,0.002,0.0275,5.560356555
Dethloff,SCA3-2,SAA,5,2,5.524047365,5.524047365,5.560356555,5.560356555,0.0,0.005,0.005,0.121,5.560356555
Dethloff,SCA3-2,SAA,5,3,5.514169561000001,5.514169561000001,5.560356555,5.560356555,0.0,0.0,0.0,0.126,5.560356555
Dethloff,SCA3-2,SAA,5,4,5.514169561000001,5.514169561000001,5.560356555,5.560356555,0.0,0.0,0.0,0.126,5.560356555
Dethloff,SCA3-2,SAA,5,5,5.514169561000001,5.514169561000001,5.560356555,5.560356555,0.0,0.0,0.0,0.126,5.560356555
Dethloff,SCA3-3,Det,4,0,102.4514206175,107.5774761225,108.02482466250001,102.4514206175,1000000.0,1.3045,0.0,0.0,71.46109779249998
Dethloff,SCA3-3,Det,4,1,81.2957171405,83.28385992,82.58289781299999,102.4514206175,40.0,0.7045,0.206,0.453,71.46109779249998
Dethloff,SCA3-3,Det,4,2,63.9691933175,63.408117541,61.9634541605,102.4514206175,40.0,0.273,0.0,0.659,71.46109779249998
Dethloff,SCA3-3,Det,4,3,46.301359280999996,46.303077869999996,49.6010977925,102.4514206175,2.0,0.0,0.0,1.251,71.46109779249998
Dethloff,SCA3-3,Det,4,4,46.301359280999996,46.303077869999996,49.6010977925,102.4514206175,2.0,0.0,0.0,1.251,71.46109779249998
Dethloff,SCA3-3,SAA,5,0,3.3019199025000003,3.3019199025000003,3.3019199025000003,3.3019199025000003,2.0,0.004,0.0,0.0,3.3019199025000003
Dethloff,SCA3-3,SAA,5,1,3.2981485435000004,3.2981485435000004,3.3019199025000003,3.3019199025000003,0.0,0.0005,0.0005,0.0035,3.3019199025000003
Dethloff,SCA3-3,SAA,5,2,3.2981104895,3.2981104895,3.3019199025000003,3.3019199025000003,0.0,0.0,0.0,0.004,3.3019199025000003
Dethloff,SCA3-3,SAA,5,3,3.2981104895,3.2981104895,3.3019199025000003,3.3019199025000003,0.0,0.0,0.0,0.004,3.3019199025000003
Dethloff,SCA3-3,SAA,5,4,3.2981104895,3.2981104895,3.3019199025000003,3.3019199025000003,0.0,0.0,0.0,0.004,3.3019199025000003
Dethloff,SCA3-3,SAA,5,5,3.2981104895,3.2981104895,3.3019199025000003,3.3019199025000003,0.0,0.0,0.0,0.004,3.3019199025000003
Dethloff,SCA3-4,Det,4,0,95.98514537499999,98.66004847750001,98.68640097250001,95.98514537499999,1000000.0,1.1895,0.0,0.0,73.47533354749999
Dethloff,SCA3-4,Det,4,1,72.29442304850001,72.7525672585,72.29442304850001,95.98514537499999,20.0,0.587,0.2635,0.566,73.47533354749999
Dethloff,SCA3-4,Det,4,2,55.274494484499996,55.151235798,56.885333547500004,95.98514537499999,5.0,0.1695,0.162,0.982,73.47533354749999
Dethloff,SCA3-4,Det,4,3,51.7864552195,51.8657464375,56.885333547500004,95.98514537499999,2.0,0.0,0.0,1.076,73.47533354749999
Dethloff,SCA3-4,Det,4,4,51.7864552195,51.8657464375,56.885333547500004,95.98514537499999,2.0,0.0,0.0,1.076,73.47533354749999
Dethloff,SCA3-4,SAA,5,0,4.0631435375,4.0631435375,4.0631435375,4.0631435375,0.0,0.014,0.014,0.0,4.0631435375
Dethloff,SCA3-4,SAA,5,1,4.043311300499999,4.043311300499999,4.0631435375,4.0631435375,0.0,0.0,0.0,0.014,4.0631435375
Dethloff,SCA3-4,SAA,5,2,4.043311300499999,4.043311300499999,4.0631435375,4.0631435375,0.0,0.0,0.0,0.014,4.0631435375
Dethloff,SCA3-4,SAA,5,3,4.043311300499999,4.043311300499999,4.0631435375,4.0631435375,0.0,0.0,0.0,0.014,4.0631435375
Dethloff,SCA3-4,SAA,5,4,4.043311300499999,4.043311300499999,4.0631435375,4.0631435375,0.0,0.0,0.0,0.014,4.0631435375
Dethloff,SCA3-4,SAA,5,5,4.043311300499999,4.043311300499999,4.0631435375,4.0631435375,0.0,0.0,0.0,0.014,4.0631435375
Dethloff,SCA3-5,Det,4,0,133.651304625,141.81479491250002,141.7413159375,133.651304625,1000000.0,1.559,0.0,0.0,90.24665288599999
Dethloff,SCA3-5,Det,4,1,111.64465869550001,112.7881925515,110.86407406900001,133.651304625,40.0,0.87,0.6105,0.6,90.24665288599999
Dethloff,SCA3-5,Det,4,2,80.255501399,81.54675404,80.14962458000001,133.651304625,10.0,0.3225,0.2775,1.1595,90.24665288599999
Dethloff,SCA3-5,Det,4,3,62.016161262,62.016161262,63.876652885999995,133.651304625,0.0,0.0,0.0,1.559,90.24665288599999
Dethloff,SCA3-5,Det,4,4,62.016161262,62.016161262,63.876652885999995,133.651304625,0.0,0.0,0.0,1.559,90.24665288599999
Dethloff,SCA3-5,SAA,5,0,4.544037092500001,4.544037092500001,4.607158817499999,4.607158817499999,0.0,0.0435,0.0435,0.0,4.607158817499999
Dethloff,SCA3-5,SAA,5,1,4.3805532785,4.3805532785,4.607158817499999,4.607158817499999,0.0,0.0115,0.0115,0.032,4.607158817499999
Dethloff,SCA3-5,SAA,5,2,4.3473737544999995,4.3473737544999995,4.607158817499999,4.607158817499999,0.0,0.0005,0.0005,0.043,4.607158817499999
Dethloff,SCA3-5,SAA,5,3,4.3471590465,4.3471590465,4.607158817499999,4.607158817499999,0.0,0.0,0.0,0.0435,4.607158817499999
Dethloff,SCA3-5,SAA,5,4,4.3471590465,4.3471590465,4.607158817499999,4.607158817499999,0.0,0.0,0.0,0.0435,4.607158817499999
Dethloff,SCA3-5,SAA,5,5,4.3471590465,4.3471590465,4.607158817499999,4.607158817499999,0.0,0.0,0.0,0.0435,4.607158817499999
Dethloff,SCA3-6,Det,4,0,48.237614667500004,47.9637647,49.13899550000001,47.95130502,10.0,0.7695,0.613,0.0,41.469221147
Dethloff,SCA3-6,Det,4,1,34.874878422,34.270713200500005,35.448120190500006,47.95130502,10.0,0.2995,0.213,0.4,41.469221147
Dethloff,SCA3-6,Det,4,2,25.9433632315,25.9433632315,27.669221147000005,47.95130502,0.0,0.021,0.021,0.7485,41.469221147
Dethloff,SCA3-6,Det,4,3,25.594778727,25.594778727,27.669221147000005,47.95130502,0.0,0.0005,0.0005,0.769,41.469221147
Dethloff,SCA3-6,Det,4,4,25.593572029000004,25.593572029000004,27.669221147000005,47.95130502,0.0,0.0,0.0,0.7695,41.469221147
Dethloff,SCA3-6,SAA,5,0,2.3443333675,2.3443333675,2.3443333675,2.3443333675,0.0,0.038,0.038,0.0,2.3443333675
Dethloff,SCA3-6,SAA,5,1,2.2781388365,2.2887192025000003,2.3443333675,2.3443333675,2.0,0.005,0.0,0.014,2.3443333675
Dethloff,SCA3-6,SAA,5,2,2.2626355444999997,2.2626355444999997,2.3443333675,2.3443333675,0.0,0.0,0.0,0.038,2.3443333675
Dethloff,SCA3-6,SAA,5,3,2.2626355444999997,2.2626355444999997,2.3443333675,2.3443333675,0.0,0.0,0.0,0.038,2.3443333675
Dethloff,SCA3-6,SAA,5,4,2.2626355444999997,2.2626355444999997,2.3443333675,2.3443333675,0.0,0.0,0.0,0.038,2.3443333675
Dethloff,SCA3-6,SAA,5,5,2.2626355444999997,2.2626355444999997,2.3443333675,2.3443333675,0.0,0.0,0.0,0.038,2.3443333675
Dethloff,SCA3-7,Det,4,0,124.67431592750002,125.5540774325,125.5467343775,124.67431592750002,1000000.0,1.2535,0.0,0.0,97.113940496
Dethloff,SCA3-7,Det,4,1,90.6619447995,91.61359639049999,91.371039499,124.67431592750002,10.0,0.531,0.3755,0.6785,97.113940496
Dethloff,SCA3-7,Det,4,2,76.8093544835,76.828187596,82.32394049599999,124.67431592750002,5.0,0.0875,0.0625,1.1195,97.113940496
Dethloff,SCA3-7,Det,4,3,74.887219913,74.93765809700001,82.32394049599999,124.67431592750002,2.0,0.0,0.0,1.252,97.113940496
Dethloff,SCA3-7,Det,4,4,74.887219913,74.93765809700001,82.32394049599999,124.67431592750002,2.0,0.0,0.0,1.252,97.113940496
Dethloff,SCA3-7,SAA,5,0,5.1523177774999995,5.1523177774999995,5.1589161275,5.1589161275,0.0,0.1795,0.1795,0.0,5.1589161275
Dethloff,SCA3-7,SAA,5,1,4.95071556,4.95071556,5.1589161275,5.1589161275,0.0,0.0925,0.0925,0.087,5.1589161275
Dethloff,SCA3-7,SAA,5,2,4.883724122499999,4.883724122499999,5.1589161275,5.1589161275,0.0,0.0425,0.0425,0.137,5.1589161275
Dethloff,SCA3-7,SAA,5,3,4.838541806,4.838541806,5.1589161275,5.1589161275,0.0,0.0135,0.0135,0.166,5.1589161275
Dethloff,SCA3-7,SAA,5,4,4.8332196199999995,4.8332196199999995,5.1589161275,5.1589161275,0.0,0.0,0.0,0.1795,5.1589161275
Dethloff,SCA3-7,SAA,5,5,4.8332196199999995,4.8332196199999995,5.1589161275,5.1589161275,0.0,0.0,0.0,0.1795,5.1589161275
Dethloff,SCA3-8,Det,4,0,86.80220239,92.4761240275,92.57576059,86.80220239,1000000.0,0.9165,0.0,0.0,60.0119814265
Dethloff,SCA3-8,Det,4,1,56.7038146535,56.795035911999996,57.1351146885,86.80220239,2.0,0.333,0.3085,0.583,60.0119814265
Dethloff,SCA3-8,Det,4,2,43.955081835499996,44.0065258035,46.3319814265,86.80220239,2.0,0.009,0.0,0.8915,60.0119814265
Dethloff,SCA3-8,Det,4,3,43.9608417225,43.9608417225,46.3319814265,86.80220239,0.0,0.0,0.0,0.9165,60.0119814265
Dethloff,SCA3-8,Det,4,4,43.9608417225,43.9608417225,46.3319814265,86.80220239,0.0,0.0,0.0,0.9165,60.0119814265
Dethloff,SCA3-8,SAA,5,0,2.8428369975000005,2.877911645,2.88853279,2.88853279,2.0,0.064,0.047,0.0,2.88853279
Dethloff,SCA3-8,SAA,5,1,2.8173296284999996,2.90716525,2.88853279,2.88853279,2.0,0.0185,0.003,0.044,2.88853279
Dethloff,SCA3-8,SAA,5,2,2.7290708194999995,2.7859426194999997,2.88853279,2.88853279,2.0,0.0045,0.0,0.047,2.88853279
Dethloff,SCA3-8,SAA,5,3,2.7290708194999995,2.7366678169999994,2.88853279,2.88853279,2.0,0.0,0.0,0.047,2.88853279
Dethloff,SCA3-8,SAA,5,4,2.7290708194999995,2.7366678169999994,2.88853279,2.88853279,2.0,0.0,0.0,0.047,2.88853279
Dethloff,SCA3-8,SAA,5,5,2.7290708194999995,2.7366678169999994,2.88853279,2.88853279,2.0,0.0,0.0,0.047,2.88853279
Dethloff,SCA3-9,Det,4,0,83.12377849250001,87.4234585425,87.74192753,83.12377849250001,1000000.0,1.1855,0.0,0.0,67.788600361
Dethloff,SCA3-9,Det,4,1,60.21055964400001,60.6125532985,60.5312274535,83.12377849250001,10.0,0.5715,0.3415,0.548,67.788600361
Dethloff,SCA3-9,Det,4,2,48.5073398325,48.067668896,51.568600361,83.12377849250001,10.0,0.16,0.0415,0.848,67.788600361
Dethloff,SCA3-9,Det,4,3,46.1025287075,46.1025287075,51.568600361,83.12377849250001,0.0,0.0,0.0,1.1855,67.788600361
Dethloff,SCA3-9,Det,4,4,46.1025287075,46.1025287075,51.568600361,83.12377849250001,0.0,0.0,0.0,1.1855,67.788600361
Dethloff,SCA3-9,SAA,5,0,4.620192960000001,4.620192960000001,4.593042822499999,4.593042822499999,0.0,0.0655,0.0655,0.0,4.593042822499999
Dethloff,SCA3-9,SAA,5,1,4.514713029,4.514713029,4.593042822499999,4.593042822499999,0.0,0.0255,0.0255,0.04,4.593042822499999
Dethloff,SCA3-9,SAA,5,2,4.4600157835,4.4600157835,4.593042822499999,4.593042822499999,0.0,0.009,0.009,0.0565,4.593042822499999
Dethloff,SCA3-9,SAA,5,3,4.422701688999999,4.422701688999999,4.593042822499999,4.593042822499999,0.0,0.0025,0.0025,0.063,4.593042822499999
Dethloff,SCA3-9,SAA,5,4,4.419776562,4.419776562,4.593042822499999,4.593042822499999,0.0,0.0005,0.0005,0.065,4.593042822499999
Dethloff,SCA3-9,SAA,5,5,4.418834048000001,4.418834048000001,4.593042822499999,4.593042822499999,0.0,0.0,0.0,0.0655,4.593042822499999
Dethloff,SCA8-0,Det,9,0,260.39995516,270.5792510175,268.6746878675,260.39995516,1000000.0,3.3855,0.0,0.0,225.4887721755
Dethloff,SCA8-0,Det,9,1,243.41104410199998,252.52819884949997,246.1978720555,260.39995516,40.0,2.5465,0.397,0.4635,225.4887721755
Dethloff,SCA8-0,Det,9,2,223.30060479200003,235.702155584,223.30060479200003,260.39995516,20.0,1.8075,0.757,1.2055,225.4887721755
Dethloff,SCA8-0,Det,9,3,204.36717826099996,215.86458305249997,204.68152909,260.39995516,10.0,1.1625,0.4725,1.727,225.4887721755
Dethloff,SCA8-0,Det,9,4,190.97179145949997,197.34543999099998,192.56071984149997,260.39995516,10.0,0.6285,0.184,2.0155,225.4887721755
Dethloff,SCA8-0,Det,9,5,181.952542123,184.70474576899997,187.3303870415,260.39995516,5.0,0.2515,0.086,2.752,225.4887721755
Dethloff,SCA8-0,Det,9,6,179.0197207435,179.3627704055,186.27559636599997,260.39995516,5.0,0.071,0.009,2.829,225.4887721755
Dethloff,SCA8-0,Det,9,7,177.33985066649998,177.33985066649998,186.2387721755,260.39995516,0.0,0.0095,0.0095,3.376,225.4887721755
Dethloff,SCA8-0,Det,9,8,177.11267947,177.11267947,186.2387721755,260.39995516,0.0,0.001,0.001,3.3845,225.4887721755
Dethloff,SCA8-0,Det,9,9,177.0880743935,177.0880743935,186.2387721755,260.39995516,0.0,0.0,0.0,3.3855,225.4887721755
Dethloff,SCA8-0,SAA,14,0,15.891077772500001,15.891077772500001,16.047059004999998,16.047059004999998,0.0,0.198,0.198,0.0,16.047059004999998
Dethloff,SCA8-0,SAA,14,1,15.395756663,15.395756663,16.047059004999998,16.047059004999998,0.0,0.086,0.086,0.112,16.047059004999998
Dethloff,SCA8-0,SAA,14,2,15.304425693,15.122904902500002,16.047059004999998,16.047059004999998,2.0,0.034,0.035,0.159,16.047059004999998
Dethloff,SCA8-0,SAA,14,3,15.024241925499998,15.024241925499998,16.047059004999998,16.047059004999998,0.0,0.01,0.01,0.188,16.047059004999998
Dethloff,SCA8-0,SAA,14,4,15.025673458500002,15.025673458500002,16.047059004999998,16.047059004999998,0.0,0.002,0.002,0.196,16.047059004999998
Dethloff,SCA8-0,SAA,14,5,15.074556378,15.025725448500001,16.047059004999998,16.047059004999998,2.0,0.0,0.0,0.194,16.047059004999998
Dethloff,SCA8-0,SAA,14,6,15.074556378,15.025725448500001,16.047059004999998,16.047059004999998,2.0,0.0,0.0,0.194,16.047059004999998
Dethloff,SCA8-0,SAA,14,7,15.074556378,15.025725448500001,16.047059004999998,16.047059004999998,2.0,0.0,0.0,0.194,16.047059004999998
Dethloff,SCA8-0,SAA,14,8,15.074556378,15.025725448500001,16.047059004999998,16.047059004999998,2.0,0.0,0.0,0.194,16.047059004999998
Dethloff,SCA8-0,SAA,14,9,15.074556378,15.025725448500001,16.047059004999998,16.047059004999998,2.0,0.0,0.0,0.194,16.047059004999998
Dethloff,SCA8-0,SAA,14,10,15.074556378,15.025725448500001,16.047059004999998,16.047059004999998,2.0,0.0,0.0,0.194,16.047059004999998
Dethloff,SCA8-0,SAA,14,11,15.074556378,15.025725448500001,16.047059004999998,16.047059004999998,2.0,0.0,0.0,0.194,16.047059004999998
Dethloff,SCA8-0,SAA,14,12,15.074556378,15.025725448500001,16.047059004999998,16.047059004999998,2.0,0.0,0.0,0.194,16.047059004999998
Dethloff,SCA8-0,SAA,14,13,15.074556378,15.025725448500001,16.047059004999998,16.047059004999998,2.0,0.0,0.0,0.194,16.047059004999998
Dethloff,SCA8-0,SAA,14,14,15.074556378,15.025725448500001,16.047059004999998,16.047059004999998,2.0,0.0,0.0,0.194,16.047059004999998
Dethloff,SCA8-1,Det,9,0,247.18067316,261.47770413750004,260.2612574,247.18067316,1000000.0,3.895,0.0,0.0,214.6618340395
Dethloff,SCA8-1,Det,9,1,233.688902805,255.2296944205,236.565738973,247.18067316,40.0,3.024,0.4205,0.4455,214.6618340395
Dethloff,SCA8-1,Det,9,2,212.45545370199997,234.5301197725,212.45545370199997,247.18067316,20.0,2.254,0.775,1.2385,214.6618340395
Dethloff,SCA8-1,Det,9,3,193.44471993699997,211.73435057249998,193.44471993699997,247.18067316,20.0,1.579,0.373,1.6405,214.6618340395
Dethloff,SCA8-1,Det,9,4,180.55550510799998,191.6999645055,180.55550510799998,247.18067316,20.0,1.009,0.122,1.8915,214.6618340395
Dethloff,SCA8-1,Det,9,5,172.2290508555,174.51762687800002,175.5494641325,247.18067316,5.0,0.5535,0.4305,3.0665,214.6618340395
Dethloff,SCA8-1,Det,9,6,163.0203536695,164.01479689599998,174.3918340395,247.18067316,5.0,0.2235,0.1545,3.3425,214.6618340395
Dethloff,SCA8-1,Det,9,7,158.385684212,158.7044338815,174.3918340395,247.18067316,2.0,0.0525,0.0275,3.634,214.6618340395
Dethloff,SCA8-1,Det,9,8,157.429137465,157.429137465,174.3918340395,247.18067316,0.0,0.0065,0.0065,3.8885,214.6618340395
Dethloff,SCA8-1,Det,9,9,157.219432123,157.219432123,174.3918340395,247.18067316,0.0,0.0,0.0,3.895,214.6618340395
Dethloff,SCA8-1,SAA,14,0,15.6752333125,15.6752333125,16.0618620725,16.0618620725,0.0,0.1555,0.1555,0.0,16.0618620725
Dethloff,SCA8-1,SAA,14,1,15.6922298725,15.6922298725,16.0618620725,16.0618620725,0.0,0.0515,0.0515,0.104,16.0618620725
Dethloff,SCA8-1,SAA,14,2,15.417514809,15.417514809,16.0618620725,16.0618620725,0.0,0.019,0.019,0.1365,16.0618620725
Dethloff,SCA8-1,SAA,14,3,15.25703675,15.25703675,16.0618620725,16.0618620725,0.0,0.006,0.006,0.1495,16.0618620725
Dethloff,SCA8-1,SAA,14,4,15.1452625965,15.1452625965,16.0618620725,16.0618620725,0.0,0.001,0.001,0.1545,16.0618620725
Dethloff,SCA8-1,SAA,14,5,15.110999186999999,15.110999186999999,16.0618620725,16.0618620725,0.0,0.0,0.0,0.1555,16.0618620725
Dethloff,SCA8-1,SAA,14,6,15.110999186999999,15.110999186999999,16.0618620725,16.0618620725,0.0,0.0,0.0,0.1555,16.0618620725
Dethloff,SCA8-1,SAA,14,7,15.110999186999999,15.110999186999999,16.0618620725,16.0618620725,0.0,0.0,0.0,0.1555,16.0618620725
Dethloff,SCA8-1,SAA,14,8,15.110999186999999,15.110999186999999,16.0618620725,16.0618620725,0.0,0.0,0.0,0.1555,16.0618620725
Dethloff,SCA8-1,SAA,14,9,15.110999186999999,15.110999186999999,16.0618620725,16.0618620725,0.0,0.0,0.0,0.1555,16.0618620725
Dethloff,SCA8-1,SAA,14,10,15.110999186999999,15.110999186999999,16.0618620725,16.0618620725,0.0,0.0,0.0,0.1555,16.0618620725
Dethloff,SCA8-1,SAA,14,11,15.110999186999999,15.110999186999999,16.0618620725,16.0618620725,0.0,0.0,0.0,0.1555,16.0618620725
Dethloff,SCA8-1,SAA,14,12,15.110999186999999,15.110999186999999,16.0618620725,16.0618620725,0.0,0.0,0.0,0.1555,16.0618620725
Dethloff,SCA8-1,SAA,14,13,15.110999186999999,15.110999186999999,16.0618620725,16.0618620725,0.0,0.0,0.0,0.1555,16.0618620725
Dethloff,SCA8-1,SAA,14,14,15.110999186999999,15.110999186999999,16.0618620725,16.0618620725,0.0,0.0,0.0,0.1555,16.0618620725
Dethloff,SCA8-2,Det,10,0,189.39571533499998,197.9985168175,197.7587723275,189.39571533499998,1000000.0,3.91,0.0,0.0,158.800744716
Dethloff,SCA8-2,Det,10,1,174.65988482,185.70865372699998,174.65988482,189.39571533499998,20.0,3.0445,1.053,0.6935,158.800744716
Dethloff,SCA8-2,Det,10,2,153.5867305445,169.5933201905,153.5867305445,189.39571533499998,20.0,2.292,0.5645,1.182,158.800744716
Dethloff,SCA8-2,Det,10,3,137.6790777395,154.821980521,137.6790777395,189.39571533499998,20.0,1.6565,0.242,1.5045,158.800744716
Dethloff,SCA8-2,Det,10,4,127.71804523099999,142.91192385199997,127.71804523099999,189.39571533499998,20.0,1.1325,0.0625,1.684,158.800744716
Dethloff,SCA8-2,Det,10,5,120.7550851,130.458475537,124.115156265,189.39571533499998,10.0,0.71,0.3205,2.729,158.800744716
Dethloff,SCA8-2,Det,10,6,110.157152997,119.25381468650001,123.87074471599999,189.39571533499998,10.0,0.3955,0.1095,2.94,158.800744716
Dethloff,SCA8-2,Det,10,7,104.473952237,109.0884251835,123.87074471599999,189.39571533499998,10.0,0.177,0.013,3.0365,158.800744716
Dethloff,SCA8-2,Det,10,8,102.899947432,102.18812514700001,123.87074471599999,189.39571533499998,5.0,0.053,0.008,3.254,158.800744716
Dethloff,SCA8-2,Det,10,9,99.77865711900002,99.373064102,123.87074471599999,189.39571533499998,2.0,0.008,0.008,3.713,158.800744716
Dethloff,SCA8-2,Det,10,10,99.28320320200001,98.877610185,123.87074471599999,189.39571533499998,2.0,0.0,0.0,3.721,158.800744716
Dethloff,SCA8-2,SAA,14,0,13.39042848,13.4411216625,13.49275083,13.49275083,5.0,0.052,0.035,0.0,13.49275083
Dethloff,SCA8-2,SAA,14,1,13.0410501135,13.0410501135,13.49275083,13.49275083,0.0,0.0055,0.0055,0.0465,13.49275083
Dethloff,SCA8-2,SAA,14,2,13.023973330999999,13.023973330999999,13.49275083,13.49275083,0.0,0.0005,0.0005,0.0515,13.49275083
Dethloff,SCA8-2,SAA,14,3,13.018595418,13.018595418,13.49275083,13.49275083,0.0,0.0,0.0,0.052,13.49275083
Dethloff,SCA8-2,SAA,14,4,13.018595418,13.018595418,13.49275083,13.49275083,0.0,0.0,0.0,0.052,13.49275083
Dethloff,SCA8-2,SAA,14,5,13.018595418,13.018595418,13.49275083,13.49275083,0.0,0.0,0.0,0.052,13.49275083
Dethloff,SCA8-2,SAA,14,6,13.018595418,13.018595418,13.49275083,13.49275083,0.0,0.0,0.0,0.052,13.49275083
Dethloff,SCA8-2,SAA,14,7,13.018595418,13.018595418,13.49275083,13.49275083,0.0,0.0,0.0,0.052,13.49275083
Dethloff,SCA8-2,SAA,14,8,13.018595418,13.018595418,13.49275083,13.49275083,0.0,0.0,0.0,0.052,13.49275083
Dethloff,SCA8-2,SAA,14,9,13.018595418,13.018595418,13.49275083,13.49275083,0.0,0.0,0.0,0.052,13.49275083
Dethloff,SCA8-2,SAA,14,10,13.018595418,13.018595418,13.49275083,13.49275083,0.0,0.0,0.0,0.052,13.49275083
Dethloff,SCA8-2,SAA,14,11,13.018595418,13.018595418,13.49275083,13.49275083,0.0,0.0,0.0,0.052,13.49275083
Dethloff,SCA8-2,SAA,14,12,13.018595418,13.018595418,13.49275083,13.49275083,0.0,0.0,0.0,0.052,13.49275083
Dethloff,SCA8-2,SAA,14,13,13.018595418,13.018595418,13.49275083,13.49275083,0.0,0.0,0.0,0.052,13.49275083
Dethloff,SCA8-2,SAA,14,14,13.018595418,13.018595418,13.49275083,13.49275083,0.0,0.0,0.0,0.052,13.49275083
Dethloff,SCA8-3,Det,9,0,228.45864651750003,243.90741934250002,241.7932865975,228.45864651750003,1000000.0,3.864,0.0,0.0,194.613109345
Dethloff,SCA8-3,Det,9,1,212.9588697245,237.1838524975,214.1671188195,228.45864651750003,40.0,3.0355,0.516,0.489,194.613109345
Dethloff,SCA8-3,Det,9,2,190.534992028,222.2972123685,190.534992028,228.45864651750003,20.0,2.3075,0.631,1.1405,194.613109345
Dethloff,SCA8-3,Det,9,3,172.6912808915,204.0530344545,172.6912808915,228.45864651750003,20.0,1.6645,0.2795,1.492,194.613109345
Dethloff,SCA8-3,Det,9,4,162.51870915999996,187.442231645,162.51870915999996,228.45864651750003,20.0,1.113,0.0685,1.703,194.613109345
Dethloff,SCA8-3,Det,9,5,158.32044734299998,169.854594578,159.49042079449998,228.45864651750003,10.0,0.655,0.287,2.67,194.613109345
Dethloff,SCA8-3,Det,9,6,148.3174760335,155.337377482,159.183109345,228.45864651750003,10.0,0.2965,0.077,2.88,194.613109345
Dethloff,SCA8-3,Det,9,7,144.1183438675,146.63624967799998,159.183109345,228.45864651750003,2.0,0.0885,0.049,3.4585,194.613109345
Dethloff,SCA8-3,Det,9,8,142.38229675099998,143.5865033925,159.183109345,228.45864651750003,2.0,0.0145,0.008,3.4995,194.613109345
Dethloff,SCA8-3,Det,9,9,141.994821849,142.940940415,159.183109345,228.45864651750003,2.0,0.0,0.0,3.5075,194.613109345
Dethloff,SCA8-3,SAA,14,0,14.042772549999999,14.042772549999999,14.046181144999998,14.046181144999998,0.0,0.1435,0.1435,0.0,14.046181144999998
Dethloff,SCA8-3,SAA,14,1,13.9280327655,13.984804074500001,14.046181144999998,14.046181144999998,2.0,0.066,0.02,0.05,14.046181144999998
Dethloff,SCA8-3,SAA,14,2,13.8138298065,13.840376543,14.046181144999998,14.046181144999998,2.0,0.036,0.0045,0.0655,14.046181144999998
Dethloff,SCA8-3,SAA,14,3,13.666171551,13.666171551,14.046181144999998,14.046181144999998,0.0,0.0175,0.0175,0.126,14.046181144999998
Dethloff,SCA8-3,SAA,14,4,13.6163351675,13.6163351675,14.046181144999998,14.046181144999998,0.0,0.006,0.006,0.1375,14.046181144999998
Dethloff,SCA8-3,SAA,14,5,13.560020346000002,13.560020346000002,14.046181144999998,14.046181144999998,0.0,0.001,0.001,0.1425,14.046181144999998
Dethloff,SCA8-3,SAA,14,6,13.5311388705,13.5311388705,14.046181144999998,14.046181144999998,0.0,0.0,0.0,0.1435,14.046181144999998
Dethloff,SCA8-3,SAA,14,7,13.5311388705,13.5311388705,14.046181144999998,14.046181144999998,0.0,0.0,0.0,0.1435,14.046181144999998
Dethloff,SCA8-3,SAA,14,8,13.5311388705,13.5311388705,14.046181144999998,14.046181144999998,0.0,0.0,0.0,0.1435,14.046181144999998
Dethloff,SCA8-3,SAA,14,9,13.5311388705,13.5311388705,14.046181144999998,14.046181144999998,0.0,0.0,0.0,0.1435,14.046181144999998
Dethloff,SCA8-3,SAA,14,10,13.5311388705,13.5311388705,14.046181144999998,14.046181144999998,0.0,0.0,0.0,0.1435,14.046181144999998
Dethloff,SCA8-3,SAA,14,11,13.5311388705,13.5311388705,14.046181144999998,14.046181144999998,0.0,0.0,0.0,0.1435,14.046181144999998
Dethloff,SCA8-3,SAA,14,12,13.5311388705,13.5311388705,14.046181144999998,14.046181144999998,0.0,0.0,0.0,0.1435,14.046181144999998
Dethloff,SCA8-3,SAA,14,13,13.5311388705,13.5311388705,14.046181144999998,14.046181144999998,0.0,0.0,0.0,0.1435,14.046181144999998
Dethloff,SCA8-3,SAA,14,14,13.5311388705,13.5311388705,14.046181144999998,14.046181144999998,0.0,0.0,0.0,0.1435,14.046181144999998
Dethloff,SCA8-4,Det,9,0,244.53840291,253.98104597500003,254.109544595,244.53840291,1000000.0,3.919,0.0,0.0,205.7697751215
Dethloff,SCA8-4,Det,9,1,225.3808042295,234.445404502,225.7893272145,244.53840291,40.0,3.0475,0.423,0.519,205.7697751215
Dethloff,SCA8-4,Det,9,2,200.32108573549996,213.20957637499998,200.32108573549996,244.53840291,20.0,2.2745,0.8225,1.282,205.7697751215
Dethloff,SCA8-4,Det,9,3,180.4222816915,192.71440279050003,180.4222816915,244.53840291,20.0,1.592,0.406,1.6985,205.7697751215
Dethloff,SCA8-4,Det,9,4,163.20433297350002,173.359473146,168.79566579,244.53840291,10.0,1.002,0.438,2.53,205.7697751215
Dethloff,SCA8-4,Det,9,5,152.082708263,158.80072955449995,164.69331522849998,244.53840291,10.0,0.53,0.142,2.826,205.7697751215
Dethloff,SCA8-4,Det,9,6,146.12699630350002,148.1033347035,163.81419961050003,244.53840291,5.0,0.2065,0.086,3.336,205.7697751215
Dethloff,SCA8-4,Det,9,7,143.4542556575,143.793242018,163.6797751215,244.53840291,2.0,0.046,0.0175,3.584,205.7697751215
Dethloff,SCA8-4,Det,9,8,143.15387440199999,142.9817676875,163.6797751215,244.53840291,2.0,0.0065,0.0,3.6015,205.7697751215
Dethloff,SCA8-4,Det,9,9,143.15387440199999,142.8648964945,163.6797751215,244.53840291,2.0,0.0,0.0,3.6015,205.7697751215
Dethloff,SCA8-4,SAA,15,0,10.39349912,10.39349912,10.40920586,10.40920586,0.0,0.158,0.158,0.0,10.40920586
Dethloff,SCA8-4,SAA,15,1,10.480344344499999,10.5086945715,10.40920586,10.40920586,5.0,0.0565,0.0135,0.0405,10.40920586
Dethloff,SCA8-4,SAA,15,2,10.493335444500001,10.5043992845,10.40920586,10.40920586,5.0,0.025,0.004,0.05,10.40920586
Dethloff,SCA8-4,SAA,15,3,10.422510764499998,10.478606597,10.40920586,10.40920586,2.0,0.0105,0.005,0.0925,10.40920586
Dethloff,SCA8-4,SAA,15,4,10.481337321,10.481337321,10.40920586,10.40920586,0.0,0.004,0.004,0.154,10.40920586
Dethloff,SCA8-4,SAA,15,5,10.483824781,10.483824781,10.40920586,10.40920586,0.0,0.001,0.001,0.157,10.40920586
Dethloff,SCA8-4,SAA,15,6,10.484842183000001,10.484842183000001,10.40920586,10.40920586,0.0,0.0,0.0,0.158,10.40920586
Dethloff,SCA8-4,SAA,15,7,10.484842183000001,10.484842183000001,10.40920586,10.40920586,0.0,0.0,0.0,0.158,10.40920586
Dethloff,SCA8-4,SAA,15,8,10.484842183000001,10.484842183000001,10.40920586,10.40920586,0.0,0.0,0.0,0.158,10.40920586
Dethloff,SCA8-4,SAA,15,9,10.484842183000001,10.484842183000001,10.40920586,10.40920586,0.0,0.0,0.0,0.158,10.40920586
Dethloff,SCA8-4,SAA,15,10,10.484842183000001,10.484842183000001,10.40920586,10.40920586,0.0,0.0,0.0,0.158,10.40920586
Dethloff,SCA8-4,SAA,15,11,10.484842183000001,10.484842183000001,10.40920586,10.40920586,0.0,0.0,0.0,0.158,10.40920586
Dethloff,SCA8-4,SAA,15,12,10.484842183000001,10.484842183000001,10.40920586,10.40920586,0.0,0.0,0.0,0.158,10.40920586
Dethloff,SCA8-4,SAA,15,13,10.484842183000001,10.484842183000001,10.40920586,10.40920586,0.0,0.0,0.0,0.158,10.40920586
Dethloff,SCA8-4,SAA,15,14,10.484842183000001,10.484842183000001,10.40920586,10.40920586,0.0,0.0,0.0,0.158,10.40920586
Dethloff,SCA8-4,SAA,15,15,10.484842183000001,10.484842183000001,10.40920586,10.40920586,0.0,0.0,0.0,0.158,10.40920586
Dethloff,SCA8-5,Det,9,0,231.4113498225,246.8160864,247.287808985,231.4113498225,1000000.0,4.189,0.0,0.0,184.46576041950001
Dethloff,SCA8-5,Det,9,1,215.442603148,225.020762391,221.1989927045,231.4113498225,40.0,3.322,0.6105,0.513,184.46576041950001
Dethloff,SCA8-5,Det,9,2,196.87549478850002,204.0677913055,197.55925638050002,231.4113498225,40.0,2.561,0.2945,0.829,184.46576041950001
Dethloff,SCA8-5,Det,9,3,176.52182372049998,182.59932068999998,176.52182372049998,231.4113498225,20.0,1.894,1.072,1.8125,184.46576041950001
Dethloff,SCA8-5,Det,9,4,156.9476405095,162.376761092,157.974603168,231.4113498225,10.0,1.301,0.91,2.5775,184.46576041950001
Dethloff,SCA8-5,Det,9,5,138.600961331,143.673572124,143.37803669700003,231.4113498225,10.0,0.7945,0.503,2.9845,184.46576041950001
Dethloff,SCA8-5,Det,9,6,125.144320768,128.056595426,133.17349926949998,231.4113498225,10.0,0.3865,0.206,3.2815,184.46576041950001
Dethloff,SCA8-5,Det,9,7,117.0993754285,117.77513703249998,128.05490357699998,231.4113498225,5.0,0.1105,0.0865,3.8445,184.46576041950001
Dethloff,SCA8-5,Det,9,8,113.21476486649999,113.21476486649999,126.7757604195,231.4113498225,0.0,0.0,0.0,4.189,184.46576041950001
Dethloff,SCA8-5,Det,9,9,113.21476486649999,113.21476486649999,126.7757604195,231.4113498225,0.0,0.0,0.0,4.189,184.46576041950001
Dethloff,SCA8-5,SAA,14,0,15.503635222500002,15.609738087500002,15.503635222500002,15.4696790725,20.0,0.2215,0.0135,0.0,15.564634329499999
Dethloff,SCA8-5,SAA,14,1,15.3269575985,15.556491761500002,15.353916906499999,15.4696790725,5.0,0.107,0.0025,0.018,15.564634329499999
Dethloff,SCA8-5,SAA,14,2,15.2134058125,15.2547295665,15.2946343295,15.4696790725,2.0,0.0545,0.01,0.086,15.564634329499999
Dethloff,SCA8-5,SAA,14,3,15.1226403795,15.061367323500003,15.2946343295,15.4696790725,2.0,0.024,0.002,0.094,15.564634329499999
Dethloff,SCA8-5,SAA,14,4,15.0914474385,14.945120354999998,15.2946343295,15.4696790725,2.0,0.01,0.0,0.096,15.564634329499999
Dethloff,SCA8-5,SAA,14,5,14.85491309,14.85491309,15.2946343295,15.4696790725,0.0,0.0025,0.0025,0.219,15.564634329499999
Dethloff,SCA8-5,SAA,14,6,14.858829834,14.858829834,15.2946343295,15.4696790725,0.0,0.0005,0.0005,0.221,15.564634329499999
Dethloff,SCA8-5,SAA,14,7,14.860162318,14.860162318,15.2946343295,15.4696790725,0.0,0.0,0.0,0.2215,15.564634329499999
Dethloff,SCA8-5,SAA,14,8,14.860162318,14.860162318,15.2946343295,15.4696790725,0.0,0.0,0.0,0.2215,15.564634329499999
Dethloff,SCA8-5,SAA,14,9,14.860162318,14.860162318,15.2946343295,15.4696790725,0.0,0.0,0.0,0.2215,15.564634329499999
Dethloff,SCA8-5,SAA,14,10,14.860162318,14.860162318,15.2946343295,15.4696790725,0.0,0.0,0.0,0.2215,15.564634329499999
Dethloff,SCA8-5,SAA,14,11,14.860162318,14.860162318,15.2946343295,15.4696790725,0.0,0.0,0.0,0.2215,15.564634329499999
Dethloff,SCA8-5,SAA,14,12,14.860162318,14.860162318,15.2946343295,15.4696790725,0.0,0.0,0.0,0.2215,15.564634329499999
Dethloff,SCA8-5,SAA,14,13,14.860162318,14.860162318,15.2946343295,15.4696790725,0.0,0.0,0.0,0.2215,15.564634329499999
Dethloff,SCA8-5,SAA,14,14,14.860162318,14.860162318,15.2946343295,15.4696790725,0.0,0.0,0.0,0.2215,15.564634329499999
Dethloff,SCA8-6,Det,9,0,262.44306979749996,278.762412855,279.1202922725,262.44306979749996,1000000.0,4.0895,0.0,0.0,215.535153913
Dethloff,SCA8-6,Det,9,1,245.07914967949998,252.39799835350001,248.9393456565,262.44306979749996,40.0,3.1885,0.7085,0.5895,215.535153913
Dethloff,SCA8-6,Det,9,2,220.9300346075,226.884835875,220.9300346075,262.44306979749996,20.0,2.3775,1.3555,1.4105,215.535153913
Dethloff,SCA8-6,Det,9,3,197.75470744899997,203.63841180999998,197.75470744899997,262.44306979749996,20.0,1.6595,0.838,1.928,215.535153913
Dethloff,SCA8-6,Det,9,4,178.90634618750002,182.228254357,179.472091863,262.44306979749996,10.0,1.0425,0.679,2.7215,215.535153913
Dethloff,SCA8-6,Det,9,5,163.245433882,164.73745096699997,167.995528194,262.44306979749996,10.0,0.5285,0.2945,3.106,215.535153913
Dethloff,SCA8-6,Det,9,6,154.3736177385,153.81221065,161.817766978,262.44306979749996,5.0,0.174,0.109,3.55,215.535153913
Dethloff,SCA8-6,Det,9,7,149.58939048850002,149.06101961,160.3149294625,262.44306979749996,2.0,0.023,0.018,3.8775,215.535153913
Dethloff,SCA8-6,Det,9,8,148.472841923,148.472841923,160.215153913,262.44306979749996,0.0,0.0,0.0,4.0895,215.535153913
Dethloff,SCA8-6,Det,9,9,148.472841923,148.472841923,160.215153913,262.44306979749996,0.0,0.0,0.0,4.0895,215.535153913
Dethloff,SCA8-6,SAA,14,0,15.95249052,15.954791080000003,15.95249052,16.126248295,10.0,0.3385,0.0225,0.0,15.998287613999999
Dethloff,SCA8-6,SAA,14,1,15.743592627499998,16.1052052295,15.612328142,16.126248295,5.0,0.1735,0.0185,0.0665,15.998287613999999
Dethloff,SCA8-6,SAA,14,2,15.579926202500001,15.845178307499998,15.548287614,16.126248295,2.0,0.098,0.0345,0.157,15.998287613999999
Dethloff,SCA8-6,SAA,14,3,15.2564451955,15.489393183,15.548287614,16.126248295,2.0,0.0545,0.0125,0.179,15.998287613999999
Dethloff,SCA8-6,SAA,14,4,15.076039581000002,15.179714470499999,15.548287614,16.126248295,2.0,0.03,0.0015,0.19,15.998287613999999
Dethloff,SCA8-6,SAA,14,5,14.787648245,14.787648245,15.548287614,16.126248295,0.0,0.0135,0.0135,0.325,15.998287613999999
Dethloff,SCA8-6,SAA,14,6,14.7049987545,14.7049987545,15.548287614,16.126248295,0.0,0.005,0.005,0.3335,15.998287613999999
Dethloff,SCA8-6,SAA,14,7,14.570840518,14.570840518,15.548287614,16.126248295,0.0,0.001,0.001,0.3375,15.998287613999999
Dethloff,SCA8-6,SAA,14,8,14.496857675,14.496857675,15.548287614,16.126248295,0.0,0.0,0.0,0.3385,15.998287613999999
Dethloff,SCA8-6,SAA,14,9,14.496857675,14.496857675,15.548287614,16.126248295,0.0,0.0,0.0,0.3385,15.998287613999999
Dethloff,SCA8-6,SAA,14,10,14.496857675,14.496857675,15.548287614,16.126248295,0.0,0.0,0.0,0.3385,15.998287613999999
Dethloff,SCA8-6,SAA,14,11,14.496857675,14.496857675,15.548287614,16.126248295,0.0,0.0,0.0,0.3385,15.998287613999999
Dethloff,SCA8-6,SAA,14,12,14.496857675,14.496857675,15.548287614,16.126248295,0.0,0.0,0.0,0.3385,15.998287613999999
Dethloff,SCA8-6,SAA,14,13,14.496857675,14.496857675,15.548287614,16.126248295,0.0,0.0,0.0,0.3385,15.998287613999999
Dethloff,SCA8-6,SAA,14,14,14.496857675,14.496857675,15.548287614,16.126248295,0.0,0.0,0.0,0.3385,15.998287613999999
Dethloff,SCA8-7,Det,10,0,217.5111849575,224.8560414925,225.71433153000004,217.5111849575,1000000.0,4.344,0.0,0.0,170.91437998650002
Dethloff,SCA8-7,Det,10,1,200.862979917,204.08819610999998,200.862979917,217.5111849575,20.0,3.4935,1.8865,0.7105,170.91437998650002
Dethloff,SCA8-7,Det,10,2,177.9712518155,188.13846394599997,177.9712518155,217.5111849575,20.0,2.7475,1.309,1.288,170.91437998650002
Dethloff,SCA8-7,Det,10,3,158.03809040250002,173.9040589055,158.03809040250002,217.5111849575,20.0,2.082,0.8455,1.7515,170.91437998650002
Dethloff,SCA8-7,Det,10,4,141.41245245750002,158.5997101045,141.41245245750002,217.5111849575,20.0,1.501,0.48,2.117,170.91437998650002
Dethloff,SCA8-7,Det,10,5,129.52973551,141.16021219450002,129.52973551,217.5111849575,20.0,0.9975,0.217,2.38,170.91437998650002
Dethloff,SCA8-7,Det,10,6,121.83482478100001,125.574654977,121.83482478100001,217.5111849575,20.0,0.5725,0.0565,2.5405,170.91437998650002
Dethloff,SCA8-7,Det,10,7,111.260427613,112.65343231249999,118.97437998649998,217.5111849575,5.0,0.254,0.165,3.5815,170.91437998650002
Dethloff,SCA8-7,Det,10,8,103.930829291,104.0982615125,118.97437998649998,217.5111849575,2.0,0.0655,0.057,4.054,170.91437998650002
Dethloff,SCA8-7,Det,10,9,101.40165547249998,101.40165547249998,118.97437998649998,217.5111849575,0.0,0.0,0.0,4.344,170.91437998650002
Dethloff,SCA8-7,Det,10,10,101.40165547249998,101.40165547249998,118.97437998649998,217.5111849575,0.0,0.0,0.0,4.344,170.91437998650002
Dethloff,SCA8-7,SAA,14,0,13.408318945,13.697844817500002,13.612949685,13.6956509,2.0,0.355,0.1935,0.0,13.717668242
Dethloff,SCA8-7,SAA,14,1,13.293853549000001,13.472921052500002,13.617668242,13.6956509,5.0,0.211,0.0125,0.0515,13.717668242
Dethloff,SCA8-7,SAA,14,2,13.149236991000002,13.297229338000001,13.617668242,13.6956509,2.0,0.126,0.0405,0.153,13.717668242
Dethloff,SCA8-7,SAA,14,3,12.862751236,13.091344803,13.617668242,13.6956509,2.0,0.073,0.0165,0.177,13.717668242
Dethloff,SCA8-7,SAA,14,4,12.809763013,12.809763013,13.617668242,13.6956509,0.0,0.0415,0.0415,0.3135,13.717668242
Dethloff,SCA8-7,SAA,14,5,12.820572411,12.820572411,13.617668242,13.6956509,0.0,0.0215,0.0215,0.3335,13.717668242
Dethloff,SCA8-7,SAA,14,6,12.760627795,12.760627795,13.617668242,13.6956509,0.0,0.01,0.01,0.345,13.717668242
Dethloff,SCA8-7,SAA,14,7,12.673749151500001,12.673749151500001,13.617668242,13.6956509,0.0,0.004,0.004,0.351,13.717668242
Dethloff,SCA8-7,SAA,14,8,12.636024103,12.636024103,13.617668242,13.6956509,0.0,0.0015,0.0015,0.3535,13.717668242
Dethloff,SCA8-7,SAA,14,9,12.637517211000002,12.637517211000002,13.617668242,13.6956509,0.0,0.0,0.0,0.355,13.717668242
Dethloff,SCA8-7,SAA,14,10,12.637517211000002,12.637517211000002,13.617668242,13.6956509,0.0,0.0,0.0,0.355,13.717668242
Dethloff,SCA8-7,SAA,14,11,12.637517211000002,12.637517211000002,13.617668242,13.6956509,0.0,0.0,0.0,0.355,13.717668242
Dethloff,SCA8-7,SAA,14,12,12.637517211000002,12.637517211000002,13.617668242,13.6956509,0.0,0.0,0.0,0.355,13.717668242
Dethloff,SCA8-7,SAA,14,13,12.637517211000002,12.637517211000002,13.617668242,13.6956509,0.0,0.0,0.0,0.355,13.717668242
Dethloff,SCA8-7,SAA,14,14,12.637517211000002,12.637517211000002,13.617668242,13.6956509,0.0,0.0,0.0,0.355,13.717668242
Dethloff,SCA8-8,Det,9,0,212.68407931500002,218.970582745,218.5509468275,212.68407931500002,1000000.0,3.016,0.0,0.0,184.5715290485
Dethloff,SCA8-8,Det,9,1,195.66996151749998,206.9455433575,200.1891318855,212.68407931500002,40.0,2.2125,0.2115,0.411,184.5715290485
Dethloff,SCA8-8,Det,9,2,179.080552927,188.85812133899998,179.080552927,212.68407931500002,20.0,1.5235,0.539,1.128,184.5715290485
Dethloff,SCA8-8,Det,9,3,162.45155782749998,169.5414631245,162.45155782749998,212.68407931500002,20.0,0.948,0.2145,1.4525,184.5715290485
Dethloff,SCA8-8,Det,9,4,149.21315698749999,153.488413829,153.6723457225,212.68407931500002,10.0,0.497,0.3155,2.223,184.5715290485
Dethloff,SCA8-8,Det,9,5,141.23965857649998,142.61038264149997,151.37856042649997,212.68407931500002,10.0,0.19,0.1045,2.434,184.5715290485
Dethloff,SCA8-8,Det,9,6,137.6641168365,137.6641168365,151.2315290485,212.68407931500002,0.0,0.0495,0.0495,2.9665,184.5715290485
Dethloff,SCA8-8,Det,9,7,136.35184095550002,136.35184095550002,151.2315290485,212.68407931500002,0.0,0.007,0.007,3.009,184.5715290485
Dethloff,SCA8-8,Det,9,8,136.13973393749998,136.13973393749998,151.2315290485,212.68407931500002,0.0,0.0,0.0,3.016,184.5715290485
Dethloff,SCA8-8,Det,9,9,136.13973393749998,136.13973393749998,151.2315290485,212.68407931500002,0.0,0.0,0.0,3.016,184.5715290485
Dethloff,SCA8-8,SAA,14,0,9.55521817,9.55521817,9.579771475000001,9.579771475000001,0.0,0.115,0.115,0.0,9.579771475000001
Dethloff,SCA8-8,SAA,14,1,9.5150690355,9.504341854999998,9.579771475000001,9.579771475000001,5.0,0.038,0.0115,0.0575,9.579771475000001
Dethloff,SCA8-8,SAA,14,2,9.391229131,9.391229131,9.579771475000001,9.579771475000001,0.0,0.012,0.012,0.103,9.579771475000001
Dethloff,SCA8-8,SAA,14,3,9.314281092000002,9.314281092000002,9.579771475000001,9.579771475000001,0.0,0.003,0.003,0.112,9.579771475000001
Dethloff,SCA8-8,SAA,14,4,9.278980897,9.278980897,9.579771475000001,9.579771475000001,0.0,0.0,0.0,0.115,9.579771475000001
Dethloff,SCA8-8,SAA,14,5,9.278980897,9.278980897,9.579771475000001,9.579771475000001,0.0,0.0,0.0,0.115,9.579771475000001
Dethloff,SCA8-8,SAA,14,6,9.278980897,9.278980897,9.579771475000001,9.579771475000001,0.0,0.0,0.0,0.115,9.579771475000001
Dethloff,SCA8-8,SAA,14,7,9.278980897,9.278980897,9.579771475000001,9.579771475000001,0.0,0.0,0.0,0.115,9.579771475000001
Dethloff,SCA8-8,SAA,14,8,9.278980897,9.278980897,9.579771475000001,9.579771475000001,0.0,0.0,0.0,0.115,9.579771475000001
Dethloff,SCA8-8,SAA,14,9,9.278980897,9.278980897,9.579771475000001,9.579771475000001,0.0,0.0,0.0,0.115,9.579771475000001
Dethloff,SCA8-8,SAA,14,10,9.278980897,9.278980897,9.579771475000001,9.579771475000001,0.0,0.0,0.0,0.115,9.579771475000001
Dethloff,SCA8-8,SAA,14,11,9.278980897,9.278980897,9.579771475000001,9.579771475000001,0.0,0.0,0.0,0.115,9.579771475000001
Dethloff,SCA8-8,SAA,14,12,9.278980897,9.278980897,9.579771475000001,9.579771475000001,0.0,0.0,0.0,0.115,9.579771475000001
Dethloff,SCA8-8,SAA,14,13,9.278980897,9.278980897,9.579771475000001,9.579771475000001,0.0,0.0,0.0,0.115,9.579771475000001
Dethloff,SCA8-8,SAA,14,14,9.278980897,9.278980897,9.579771475000001,9.579771475000001,0.0,0.0,0.0,0.115,9.579771475000001
Dethloff,SCA8-9,Det,9,0,255.98574835000002,269.31626965749996,269.5223259575,255.98574835000002,1000000.0,3.1585,0.0,0.0,217.442627265
Dethloff,SCA8-9,Det,9,1,235.667648416,253.04673844250001,245.1259822195,255.98574835000002,40.0,2.38,0.5595,0.552,217.442627265
Dethloff,SCA8-9,Det,9,2,214.1608228795,234.2281471055,221.21855530399998,255.98574835000002,40.0,1.712,0.193,0.9185,217.442627265
Dethloff,SCA8-9,Det,9,3,200.14128792099999,211.7373059825,200.14128792099999,255.98574835000002,20.0,1.1205,0.4,1.558,217.442627265
Dethloff,SCA8-9,Det,9,4,183.53554860299997,192.19090154499997,186.44150091499998,255.98574835000002,10.0,0.644,0.2815,2.201,217.442627265
Dethloff,SCA8-9,Det,9,5,174.370785232,178.091171943,180.463230164,255.98574835000002,10.0,0.2945,0.0885,2.394,217.442627265
Dethloff,SCA8-9,Det,9,6,169.31996804999997,170.05777800649997,178.50660465649997,255.98574835000002,5.0,0.0975,0.0355,2.694,217.442627265
Dethloff,SCA8-9,Det,9,7,166.82065045399997,166.82065045399997,178.282627265,255.98574835000002,0.0,0.0175,0.0175,3.141,217.442627265
Dethloff,SCA8-9,Det,9,8,166.310374353,166.310374353,178.282627265,255.98574835000002,0.0,0.001,0.001,3.1575,217.442627265
Dethloff,SCA8-9,Det,9,9,166.2838178505,166.2838178505,178.282627265,255.98574835000002,0.0,0.0,0.0,3.1585,217.442627265
Dethloff,SCA8-9,SAA,14,0,16.6992913175,16.8624008075,17.059957075,17.211330902500002,10.0,0.248,0.079,0.0,17.083248015
Dethloff,SCA8-9,SAA,14,1,16.2600078085,16.299922233,16.850155928,17.211330902500002,10.0,0.12,0.019,0.06,17.083248015
Dethloff,SCA8-9,SAA,14,2,15.804714382999999,15.826132205999999,16.793248014999996,17.211330902500002,2.0,0.063,0.01,0.128,17.083248015
Dethloff,SCA8-9,SAA,14,3,15.524369891,15.524369891,16.793248014999996,17.211330902500002,0.0,0.0345,0.0345,0.2135,17.083248015
Dethloff,SCA8-9,SAA,14,4,15.3491293795,15.3491293795,16.793248014999996,17.211330902500002,0.0,0.0175,0.0175,0.2305,17.083248015
Dethloff,SCA8-9,SAA,14,5,15.326748607,15.326748607,16.793248014999996,17.211330902500002,0.0,0.0085,0.0085,0.2395,17.083248015
Dethloff,SCA8-9,SAA,14,6,15.308232560499999,15.308232560499999,16.793248014999996,17.211330902500002,0.0,0.003,0.003,0.245,17.083248015
Dethloff,SCA8-9,SAA,14,7,15.3068733045,15.3068733045,16.793248014999996,17.211330902500002,0.0,0.0015,0.0015,0.2465,17.083248015
Dethloff,SCA8-9,SAA,14,8,15.283877834,15.283877834,16.793248014999996,17.211330902500002,0.0,0.0,0.0,0.248,17.083248015
Dethloff,SCA8-9,SAA,14,9,15.283877834,15.283877834,16.793248014999996,17.211330902500002,0.0,0.0,0.0,0.248,17.083248015
Dethloff,SCA8-9,SAA,14,10,15.283877834,15.283877834,16.793248014999996,17.211330902500002,0.0,0.0,0.0,0.248,17.083248015
Dethloff,SCA8-9,SAA,14,11,15.283877834,15.283877834,16.793248014999996,17.211330902500002,0.0,0.0,0.0,0.248,17.083248015
Dethloff,SCA8-9,SAA,14,12,15.283877834,15.283877834,16.793248014999996,17.211330902500002,0.0,0.0,0.0,0.248,17.083248015
Dethloff,SCA8-9,SAA,14,13,15.283877834,15.283877834,16.793248014999996,17.211330902500002,0.0,0.0,0.0,0.248,17.083248015
Dethloff,SCA8-9,SAA,14,14,15.283877834,15.283877834,16.793248014999996,17.211330902500002,0.0,0.0,0.0,0.248,17.083248015
City,HANOI-100-1,Det,6,0,19.434033860000003,20.752755105000002,20.661911842499997,19.434033860000003,1000000.0,0.3345,0.0,0.0,17.63805661
City,HANOI-100-1,Det,6,1,16.567082707,17.182189774999998,16.567082707,19.434033860000003,20.0,0.121,0.0615,0.1555,17.63805661
City,HANOI-100-1,Det,6,2,14.209091448999999,14.165614096499999,14.1036897975,19.434033860000003,2.0,0.0325,0.0265,0.267,17.63805661
City,HANOI-100-1,Det,6,3,12.917845815,12.730041224999999,13.341910639000002,19.434033860000003,2.0,0.0035,0.0025,0.291,17.63805661
City,HANOI-100-1,Det,6,4,12.759738965,12.4998702605,13.298056610000001,19.434033860000003,2.0,0.0,0.0,0.2935,17.63805661
City,HANOI-100-1,Det,6,5,12.759738965,12.4998702605,13.298056610000001,19.434033860000003,2.0,0.0,0.0,0.2935,17.63805661
City,HANOI-100-1,Det,6,6,12.759738965,12.4998702605,13.298056610000001,19.434033860000003,2.0,0.0,0.0,0.2935,17.63805661
City,HANOI-100-2,Det,7,0,40.044281762500006,42.6999178625,42.705526060000004,40.044281762500006,1000000.0,0.298,0.0,0.0,39.474375674499996
City,HANOI-100-2,Det,7,1,38.766437399000004,39.082704116,38.9760510565,40.044281762500006,10.0,0.0965,0.043,0.116,39.474375674499996
City,HANOI-100-2,Det,7,2,37.215270285,37.215270285,37.179889341,40.044281762500006,0.0,0.029,0.029,0.269,39.474375674499996
City,HANOI-100-2,Det,7,3,36.363289216000005,36.363289216000005,36.9843756745,40.044281762500006,0.0,0.0055,0.0055,0.2925,39.474375674499996
City,HANOI-100-2,Det,7,4,36.146377176499996,36.146377176499996,36.9843756745,40.044281762500006,0.0,0.0,0.0,0.298,39.474375674499996
City,HANOI-100-2,Det,7,5,36.146377176499996,36.146377176499996,36.9843756745,40.044281762500006,0.0,0.0,0.0,0.298,39.474375674499996
City,HANOI-100-2,Det,7,6,36.146377176499996,36.146377176499996,36.9843756745,40.044281762500006,0.0,0.0,0.0,0.298,39.474375674499996
City,HANOI-100-2,Det,7,7,36.146377176499996,36.146377176499996,36.9843756745,40.044281762500006,0.0,0.0,0.0,0.298,39.474375674499996
City,HANOI-100-3,Det,7,0,14.24259938,16.4592310175,16.739996039999998,14.24259938,1000000.0,0.2755,0.0,0.0,12.065725579999999
City,HANOI-100-3,Det,7,1,11.4234627425,11.5639352335,11.445262127499998,14.24259938,5.0,0.0935,0.081,0.1785,12.065725579999999
City,HANOI-100-3,Det,7,2,8.619777464999999,8.586181972,8.7420225045,14.24259938,5.0,0.0265,0.021,0.2385,12.065725579999999
City,HANOI-100-3,Det,7,3,7.513769444499999,7.513769444499999,7.991735024999999,14.24259938,0.0,0.0055,0.0055,0.27,12.065725579999999
City,HANOI-100-3,Det,7,4,7.3249973335,7.3249973335,7.915725579999999,14.24259938,0.0,0.0,0.0,0.2755,12.065725579999999
City,HANOI-100-3,Det,7,5,7.3249973335,7.3249973335,7.915725579999999,14.24259938,0.0,0.0,0.0,0.2755,12.065725579999999
City,HANOI-100-3,Det,7,6,7.3249973335,7.3249973335,7.915725579999999,14.24259938,0.0,0.0,0.0,0.2755,12.065725579999999
City,HANOI-100-3,Det,7,7,7.3249973335,7.3249973335,7.915725579999999,14.24259938,0.0,0.0,0.0,0.2755,12.065725579999999
City,HANOI-200-1,Det,11,0,36.848659427499996,46.747257385,46.244776547499995,36.848659427499996,1000000.0,0.662,0.0,0.0,31.292731329
City,HANOI-200-1,Det,11,1,36.11004882900001,42.156462657999995,37.889457979999996,36.848659427499996,40.0,0.4095,0.0985,0.1105,31.292731329
City,HANOI-200-1,Det,11,2,32.1224222445,36.2143081805,32.769970362,36.848659427499996,40.0,0.2615,0.052,0.157,31.292731329
City,HANOI-200-1,Det,11,3,29.582288727499996,30.774842665499996,29.049585513999997,36.848659427499996,40.0,0.1595,0.0245,0.1845,31.292731329
City,HANOI-200-1,Det,11,4,26.582037292000003,26.616282943999998,26.582037292000003,36.848659427499996,20.0,0.0915,0.0255,0.3075,31.292731329
City,HANOI-200-1,Det,11,5,25.328834379,24.0945229395,25.328834379,36.848659427499996,20.0,0.048,0.0095,0.3235,31.292731329
City,HANOI-200-1,Det,11,6,22.2449252775,22.2449252775,24.831987548500003,36.848659427499996,0.0,0.022,0.022,0.64,31.292731329
City,HANOI-200-1,Det,11,7,21.4752283675,21.461306026,24.632731329,36.848659427499996,5.0,0.008,0.0055,0.5835,31.292731329
City,HANOI-200-1,Det,11,8,21.1456602575,21.072118537,24.632731329,36.848659427499996,5.0,0.002,0.001,0.588,31.292731329
City,HANOI-200-1,Det,11,9,21.0620990095,20.924306551999997,24.632731329,36.848659427499996,5.0,0.0,0.0,0.589,31.292731329
City,HANOI-200-1,Det,11,10,21.0620990095,20.924306551999997,24.632731329,36.848659427499996,5.0,0.0,0.0,0.589,31.292731329
City,HANOI-200-1,Det,11,11,21.0620990095,20.924306551999997,24.632731329,36.848659427499996,5.0,0.0,0.0,0.589,31.292731329
City,HANOI-400-1,Det,23,0,85.35341922500001,102.09097693999999,101.6342083875,85.35341922500001,1000000.0,1.9325,0.0,0.0,74.03147519550001
City,HANOI-400-1,Det,23,1,85.35341922500001,100.196998895,94.42966337749999,85.35341922500001,1000000.0,1.4595,0.0,0.0,74.03147519550001
City,HANOI-400-1,Det,23,2,83.189221589,96.0249942555,87.3029578475,85.35341922500001,40.0,1.151,0.204,0.2355,74.03147519550001
City,HANOI-400-1,Det,23,3,79.46897460800001,90.9969248335,81.307930211,85.35341922500001,40.0,0.918,0.15,0.2895,74.03147519550001
City,HANOI-400-1,Det,23,4,76.5227479,85.0621067605,76.3670549765,85.35341922500001,40.0,0.738,0.1095,0.33,74.03147519550001
City,HANOI-400-1,Det,23,5,72.172792767,80.0066200995,72.172792767,85.35341922500001,20.0,0.5915,0.2265,0.672,74.03147519550001
City,HANOI-400-1,Det,23,6,68.9996613015,75.051520914,68.9996613015,85.35341922500001,20.0,0.475,0.178,0.7205,74.03147519550001
City,HANOI-400-1,Det,23,7,66.12735621150001,70.8093500565,66.12735621150001,85.35341922500001,20.0,0.378,0.1355,0.763,74.03147519550001
City,HANOI-400-1,Det,23,8,63.07660784549999,67.0621352375,63.815695409,85.35341922500001,10.0,0.295,0.146,1.01,74.03147519550001
City,HANOI-400-1,Det,23,9,60.421826260500005,63.507095593500004,61.62609018450001,85.35341922500001,10.0,0.2285,0.11,1.046,74.03147519550001
City,HANOI-400-1,Det,23,10,58.269933361999996,60.353149271999996,59.7376002155,85.35341922500001,10.0,0.172,0.079,1.077,74.03147519550001
City,HANOI-400-1,Det,23,11,56.3742982605,57.6270849495,58.283960388000004,85.35341922500001,10.0,0.1275,0.0545,1.1015,74.03147519550001
City,HANOI-400-1,Det,23,12,54.96808633249999,55.2330123585,57.3093890975,85.35341922500001,10.0,0.0895,0.034,1.122,74.03147519550001
City,HANOI-400-1,Det,23,13,51.758065137500004,53.197193195500006,56.653724831,85.35341922500001,5.0,0.06,0.0405,1.418,74.03147519550001
City,HANOI-400-1,Det,23,14,50.739064825499995,51.697835963,56.370241852,85.35341922500001,5.0,0.037,0.023,1.4355,74.03147519550001
City,HANOI-400-1,Det,23,15,49.776777816999996,50.4238523715,56.152072226,85.35341922500001,5.0,0.019,0.01,1.4485,74.03147519550001
City,HANOI-400-1,Det,23,16,49.4565394675,49.722243208,56.061475195499995,85.35341922500001,5.0,0.0075,0.005,1.4535,74.03147519550001
City,HANOI-400-1,Det,23,17,49.40535267,49.453860468500004,56.061475195499995,85.35341922500001,2.0,0.003,0.002,1.664,74.03147519550001
City,HANOI-400-1,Det,23,18,49.304344249,49.3428297445,56.061475195499995,85.35341922500001,2.0,0.0005,0.0005,1.6655,74.03147519550001
City,HANOI-400-1,Det,23,19,49.268896489499994,49.307381985,56.061475195499995,85.35341922500001,2.0,0.0,0.0,1.666,74.03147519550001
City,HANOI-400-1,Det,23,20,49.268896489499994,49.307381985,56.061475195499995,85.35341922500001,2.0,0.0,0.0,1.666,74.03147519550001
City,HANOI-400-1,Det,23,21,49.268896489499994,49.307381985,56.061475195499995,85.35341922500001,2.0,0.0,0.0,1.666,74.03147519550001
City,HANOI-400-1,Det,23,22,49.268896489499994,49.307381985,56.061475195499995,85.35341922500001,2.0,0.0,0.0,1.666,74.03147519550001
City,HANOI-400-1,Det,23,23,49.268896489499994,49.307381985,56.061475195499995,85.35341922500001,2.0,0.0,0.0,1.666,74.03147519550001
City,HCMC-100-1,Det,6,0,34.38622421499999,35.14219388,35.14219388,34.38622421499999,1000000.0,0.363,0.0,0.0,33.283801874
City,HCMC-100-1,Det,6,1,29.8479301095,29.8479301095,31.728653849999997,34.38622421499999,0.0,0.0435,0.0435,0.3195,33.283801874
City,HCMC-100-1,Det,6,2,28.9553254665,28.9553254665,31.423801874000002,34.38622421499999,0.0,0.01,0.01,0.353,33.283801874
City,HCMC-100-1,Det,6,3,28.675805897,28.675805897,31.423801874000002,34.38622421499999,0.0,0.0015,0.0015,0.3615,33.283801874
City,HCMC-100-1,Det,6,4,28.656971149999997,28.656971149999997,31.423801874000002,34.38622421499999,0.0,0.0,0.0,0.363,33.283801874
City,HCMC-100-1,Det,6,5,28.656971149999997,28.656971149999997,31.423801874000002,34.38622421499999,0.0,0.0,0.0,0.363,33.283801874
City,HCMC-100-1,Det,6,6,28.656971149999997,28.656971149999997,31.423801874000002,34.38622421499999,0.0,0.0,0.0,0.363,33.283801874
City,HCMC-100-2,Det,7,0,27.62693778,30.3354409375,30.10496722,27.62693778,1000000.0,0.503,0.0,0.0,24.8444870135
City,HCMC-100-2,Det,7,1,24.515074950499997,24.6252518015,24.515074950499997,27.62693778,20.0,0.207,0.05,0.1105,24.8444870135
City,HCMC-100-2,Det,7,2,20.379720987499997,20.510091155999998,22.386681348,27.62693778,10.0,0.0765,0.0355,0.2815,24.8444870135
City,HCMC-100-2,Det,7,3,18.048865763499997,18.078039727999997,21.844789794999997,27.62693778,2.0,0.0225,0.018,0.4445,24.8444870135
City,HCMC-100-2,Det,7,4,17.5326531235,17.5326531235,21.6729123425,27.62693778,0.0,0.007,0.007,0.496,24.8444870135
City,HCMC-100-2,Det,7,5,17.361901739999997,17.361901739999997,21.634487013500003,27.62693778,0.0,0.001,0.001,0.502,24.8444870135
City,HCMC-100-2,Det,7,6,17.351896464,17.351896464,21.634487013500003,27.62693778,0.0,0.0,0.0,0.503,24.8444870135
City,HCMC-100-2,Det,7,7,17.351896464,17.351896464,21.634487013500003,27.62693778,0.0,0.0,0.0,0.503,24.8444870135
City,HCMC-100-3,Det,5,0,27.104925175000005,29.001858034999998,29.042721782500003,27.104925175000005,1000000.0,0.342,0.0,0.0,25.718112008
City,HCMC-100-3,Det,5,1,24.825741977499998,25.066051664499998,24.825741977499998,27.104925175000005,20.0,0.132,0.0445,0.1155,25.718112008
City,HCMC-100-3,Det,5,2,22.863632109500003,22.560382028,23.119136424000004,27.104925175000005,10.0,0.0455,0.024,0.241,25.718112008
City,HCMC-100-3,Det,5,3,21.6652690445,21.421638938,22.5647949885,27.104925175000005,2.0,0.0095,0.0075,0.3115,25.718112008
City,HCMC-100-3,Det,5,4,21.1477393355,21.1477393355,22.518112008,27.104925175000005,0.0,0.0005,0.0005,0.3415,25.718112008
City,HCMC-100-3,Det,5,5,21.117903354499997,21.117903354499997,22.518112008,27.104925175000005,0.0,0.0,0.0,0.342,25.718112008
City,HCMC-200-1,Det,11,0,50.24343573749999,54.846324550000006,54.784677097499994,50.24343573749999,1000000.0,0.6525,0.0,0.0,46.114154871
City,HCMC-200-1,Det,11,1,47.7351311195,48.014733637,47.1368125075,50.24343573749999,40.0,0.3245,0.055,0.102,46.114154871
City,HCMC-200-1,Det,11,2,42.735401091,42.556445511999996,43.1798228715,50.24343573749999,10.0,0.1545,0.085,0.4095,46.114154871
City,HCMC-200-1,Det,11,3,39.91199194749999,38.971717961,41.3051783385,50.24343573749999,10.0,0.0615,0.034,0.4605,46.114154871
City,HCMC-200-1,Det,11,4,37.3195122655,37.380416053,40.493275716,50.24343573749999,2.0,0.0225,0.0215,0.595,46.114154871
City,HCMC-200-1,Det,11,5,36.7609785075,36.791272335,40.0689838005,50.24343573749999,2.0,0.008,0.0075,0.609,46.114154871
City,HCMC-200-1,Det,11,6,36.49441864400001,36.499639671,40.004154871,50.24343573749999,2.0,0.002,0.002,0.6145,46.114154871
City,HCMC-200-1,Det,11,7,36.371736962,36.376957989000005,40.004154871,50.24343573749999,2.0,0.0,0.0,0.6165,46.114154871
City,HCMC-200-1,Det,11,8,36.371736962,36.376957989000005,40.004154871,50.24343573749999,2.0,0.0,0.0,0.6165,46.114154871
City,HCMC-200-1,Det,11,9,36.371736962,36.376957989000005,40.004154871,50.24343573749999,2.0,0.0,0.0,0.6165,46.114154871
City,HCMC-200-1,Det,11,10,36.371736962,36.376957989000005,40.004154871,50.24343573749999,2.0,0.0,0.0,0.6165,46.114154871
City,HCMC-200-1,Det,11,11,36.371736962,36.376957989000005,40.004154871,50.24343573749999,2.0,0.0,0.0,0.6165,46.114154871
City,HCMC-400-1,Det,23,0,126.6415830725,145.41170487000002,144.78450581,126.6415830725,1000000.0,2.1485,0.0,0.0,114.4503261725
City,HCMC-400-1,Det,23,1,126.6415830725,139.498355596,134.07426627050003,126.6415830725,1000000.0,1.617,0.0,0.0,114.4503261725
City,HCMC-400-1,Det,23,2,120.374114227,132.8333400235,125.29393805400001,126.6415830725,40.0,1.2435,0.1675,0.2765,114.4503261725
City,HCMC-400-1,Det,23,3,115.90622643549999,126.249503321,118.724491882,126.6415830725,40.0,0.969,0.1125,0.3315,114.4503261725
City,HCMC-400-1,Det,23,4,112.49692496750001,120.3155675435,112.49692496750001,126.6415830725,20.0,0.749,0.2405,0.716,114.4503261725
City,HCMC-400-1,Det,23,5,108.198761042,114.287988733,108.198761042,126.6415830725,20.0,0.578,0.176,0.7805,114.4503261725
City,HCMC-400-1,Det,23,6,104.386899343,108.618268786,104.386899343,126.6415830725,20.0,0.4435,0.1235,0.833,114.4503261725
City,HCMC-400-1,Det,23,7,101.2768123235,103.678014408,101.373082804,126.6415830725,10.0,0.336,0.2335,1.3665,114.4503261725
City,HCMC-400-1,Det,23,8,97.55196615,99.58760274999999,99.22791834249999,126.6415830725,10.0,0.249,0.174,1.426,114.4503261725
City,HCMC-400-1,Det,23,9,94.4489050235,95.50430308850001,97.709869557,126.6415830725,10.0,0.1795,0.125,1.475,114.4503261725
City,HCMC-400-1,Det,23,10,92.221003169,92.65893370200001,96.6026310565,126.6415830725,10.0,0.124,0.085,1.515,114.4503261725
City,HCMC-400-1,Det,23,11,90.1946235525,90.26587587050001,95.924810144,126.6415830725,2.0,0.082,0.0725,1.9895,114.4503261725
City,HCMC-400-1,Det,23,12,88.1754733155,88.3636700285,95.540697281,126.6415830725,2.0,0.0525,0.044,2.018,114.4503261725
City,HCMC-400-1,Det,23,13,87.0578368345,87.14382001550001,95.3203261725,126.6415830725,2.0,0.0315,0.027,2.035,114.4503261725
City,HCMC-400-1,Det,23,14,86.2719097975,86.1446134555,95.3203261725,126.6415830725,2.0,0.017,0.016,2.046,114.4503261725
City,HCMC-400-1,Det,23,15,85.732467007,85.6977287135,95.3203261725,126.6415830725,2.0,0.0095,0.0075,2.0545,114.4503261725
City,HCMC-400-1,Det,23,16,85.366507384,85.3793986935,95.3203261725,126.6415830725,2.0,0.0035,0.002,2.06,114.4503261725
City,HCMC-400-1,Det,23,17,85.1961132,85.1231852475,95.3203261725,126.6415830725,2.0,0.0005,0.0,2.062,114.4503261725
City,HCMC-400-1,Det,23,18,85.1961132,85.083716335,95.3203261725,126.6415830725,2.0,0.0,0.0,2.062,114.4503261725
City,HCMC-400-1,Det,23,19,85.1961132,85.083716335,95.3203261725,126.6415830725,2.0,0.0,0.0,2.062,114.4503261725
City,HCMC-400-1,Det,23,20,85.1961132,85.083716335,95.3203261725,126.6415830725,2.0,0.0,0.0,2.062,114.4503261725
City,HCMC-400-1,Det,23,21,85.1961132,85.083716335,95.3203261725,126.6415830725,2.0,0.0,0.0,2.062,114.4503261725
City,HCMC-400-1,Det,23,22,85.1961132,85.083716335,95.3203261725,126.6415830725,2.0,0.0,0.0,2.062,114.4503261725
City,HCMC-400-1,Det,23,23,85.1961132,85.083716335,95.3203261725,126.6415830725,2.0,0.0,0.0,2.062,114.4503261725
City,NYC-100-1,Det,6,0,25.136085525000002,29.496816472499997,29.382405202500006,25.136085525000002,1000000.0,0.5605,0.0,0.0,22.298650318500002
City,NYC-100-1,Det,6,1,21.563621368,21.5044943105,21.416519479500003,25.136085525000002,2.0,0.2245,0.216,0.312,22.298650318500002
City,NYC-100-1,Det,6,2,17.7442021555,17.579174931500003,18.7403547845,25.136085525000002,2.0,0.0715,0.0705,0.4575,22.298650318500002
City,NYC-100-1,Det,6,3,15.790064367,15.666244601000002,17.8188574865,25.136085525000002,2.0,0.014,0.0145,0.5135,22.298650318500002
City,NYC-100-1,Det,6,4,15.329105025999999,15.199721162,17.6886503185,25.136085525000002,2.0,0.0,0.0,0.528,22.298650318500002
City,NYC-100-1,Det,6,5,15.329105025999999,15.199721162,17.6886503185,25.136085525000002,2.0,0.0,0.0,0.528,22.298650318500002
City,NYC-100-1,Det,6,6,15.329105025999999,15.199721162,17.6886503185,25.136085525000002,2.0,0.0,0.0,0.528,22.298650318500002
City,NYC-100-2,Det,6,0,34.883387892500004,36.86243984,36.83865079,34.883387892500004,1000000.0,0.677,0.0,0.0,30.3257057195
City,NYC-100-2,Det,6,1,28.057238326500002,28.525319403,27.902111525500004,34.883387892500004,5.0,0.2425,0.1915,0.3615,30.3257057195
City,NYC-100-2,Det,6,2,23.2579763915,23.444146436500002,25.3325236085,34.883387892500004,5.0,0.0595,0.0455,0.5075,30.3257057195
City,NYC-100-2,Det,6,3,21.659228877,21.623692805,24.4561092165,34.883387892500004,5.0,0.0075,0.0055,0.5475,30.3257057195
City,NYC-100-2,Det,6,4,21.2232741,21.2232741,24.3757057195,34.883387892500004,0.0,0.0005,0.0005,0.6765,30.3257057195
City,NYC-100-2,Det,6,5,21.221443124,21.221443124,24.3757057195,34.883387892500004,0.0,0.0,0.0,0.677,30.3257057195
City,NYC-100-2,Det,6,6,21.221443124,21.221443124,24.3757057195,34.883387892500004,0.0,0.0,0.0,0.677,30.3257057195
City,NYC-100-3,Det,6,0,12.7651465525,14.920227320000002,14.890655317499998,12.7651465525,1000000.0,0.158,0.0,0.0,11.563600585
City,NYC-100-3,Det,6,1,11.841628437499999,12.647072502499999,12.4115527245,12.7651465525,40.0,0.067,0.015,0.035,11.563600585
City,NYC-100-3,Det,6,2,10.590205913999998,10.567758098999999,10.629755529499999,12.7651465525,5.0,0.0275,0.016,0.1025,11.563600585
City,NYC-100-3,Det,6,3,9.5825820785,9.3004332655,9.760677295999999,12.7651465525,5.0,0.0065,0.003,0.1155,11.563600585
City,NYC-100-3,Det,6,4,8.9850711495,8.9545057215,9.603600585,12.7651465525,2.0,0.001,0.0005,0.1505,11.563600585
City,NYC-100-3,Det,6,5,8.981717458499999,8.9558619085,9.603600585,12.7651465525,2.0,0.0,0.0,0.151,11.563600585
City,NYC-100-3,Det,6,6,8.981717458499999,8.9558619085,9.603600585,12.7651465525,2.0,0.0,0.0,0.151,11.563600585
City,PARIS-100-1,Det,6,0,19.0612488225,22.2720394075,22.239003607500003,19.0612488225,1000000.0,0.347,0.0,0.0,16.029905361500003
City,PARIS-100-1,Det,6,1,14.950254391,14.950254391,14.894628002,19.0612488225,0.0,0.0655,0.0655,0.2815,16.029905361500003
City,PARIS-100-1,Det,6,2,11.7464958425,11.7464958425,12.696362417,19.0612488225,0.0,0.0045,0.0045,0.3425,16.029905361500003
City,PARIS-100-1,Det,6,3,11.553991392,11.553991392,12.5799053615,19.0612488225,0.0,0.0005,0.0005,0.3465,16.029905361500003
City,PARIS-100-1,Det,6,4,11.522345593500003,11.522345593500003,12.5799053615,19.0612488225,0.0,0.0,0.0,0.347,16.029905361500003
City,PARIS-100-1,Det,6,5,11.522345593500003,11.522345593500003,12.5799053615,19.0612488225,0.0,0.0,0.0,0.347,16.029905361500003
City,PARIS-100-1,Det,6,6,11.522345593500003,11.522345593500003,12.5799053615,19.0612488225,0.0,0.0,0.0,0.347,16.029905361500003
City,PARIS-100-2,Det,6,0,32.5447647625,34.402759087499994,34.3065826875,32.5447647625,1000000.0,0.1615,0.0,0.0,31.846334641000002
City,PARIS-100-2,Det,6,1,31.723924686500002,31.114472016499995,31.060564998,32.5447647625,40.0,0.0475,0.0055,0.037,31.846334641000002
City,PARIS-100-2,Det,6,2,30.2917086975,29.632614800999995,30.2917086975,32.5447647625,20.0,0.0115,0.004,0.081,31.846334641000002
City,PARIS-100-2,Det,6,3,29.236620904,29.236620904,30.141926281,32.5447647625,0.0,0.0015,0.0015,0.16,31.846334641000002
City,PARIS-100-2,Det,6,4,29.2023110035,29.2023110035,30.146334641000003,32.5447647625,0.0,0.0,0.0,0.1615,31.846334641000002
City,PARIS-100-2,Det,6,5,29.2023110035,29.2023110035,30.146334641000003,32.5447647625,0.0,0.0,0.0,0.1615,31.846334641000002
City,PARIS-100-2,Det,6,6,29.2023110035,29.2023110035,30.146334641000003,32.5447647625,0.0,0.0,0.0,0.1615,31.846334641000002
City,PARIS-100-3,Det,6,0,4.0668073675,5.98493551,5.87742686,4.0668073675,1000000.0,0.0515,0.0,0.0,2.803389489
City,PARIS-100-3,Det,6,1,3.1287012064999997,3.1287012064999997,3.0748656065,4.0668073675,0.0,0.0155,0.0155,0.036,2.803389489
City,PARIS-100-3,Det,6,2,1.9109564095,1.9109564095,1.8827102759999998,4.0668073675,0.0,0.001,0.001,0.0505,2.803389489
City,PARIS-100-3,Det,6,3,1.8660063385,1.8660063385,1.8333894890000002,4.0668073675,0.0,0.0,0.0,0.0515,2.803389489
City,PARIS-100-3,Det,6,4,1.8660063385,1.8660063385,1.8333894890000002,4.0668073675,0.0,0.0,0.0,0.0515,2.803389489
City,PARIS-100-3,Det,6,5,1.8660063385,1.8660063385,1.8333894890000002,4.0668073675,0.0,0.0,0.0,0.0515,2.803389489
City,PARIS-100-3,Det,6,6,1.8660063385,1.8660063385,1.8333894890000002,4.0668073675,0.0,0.0,0.0,0.0515,2.803389489
City,SHANGHAI-100-1,Det,6,0,45.6833976125,48.722068539999995,48.671512555,45.6833976125,1000000.0,0.6805,0.0,0.0,43.024975726499996
City,SHANGHAI-100-1,Det,6,1,40.490464368,40.222266359,40.310309295500005,45.6833976125,10.0,0.2265,0.1065,0.301,43.024975726499996
City,SHANGHAI-100-1,Det,6,2,35.508816241,35.406542002,37.83339049199999,45.6833976125,5.0,0.0405,0.034,0.571,43.024975726499996
City,SHANGHAI-100-1,Det,6,3,34.18461627,34.18461627,37.4080113805,45.6833976125,0.0,0.005,0.005,0.6755,43.024975726499996
City,SHANGHAI-100-1,Det,6,4,34.060887148,34.060887148,37.40497572649999,45.6833976125,0.0,0.0005,0.0005,0.68,43.024975726499996
City,SHANGHAI-100-1,Det,6,5,34.060472014,34.060472014,37.40497572649999,45.6833976125,0.0,0.0,0.0,0.6805,43.024975726499996
City,SHANGHAI-100-1,Det,6,6,34.060472014,34.060472014,37.40497572649999,45.6833976125,0.0,0.0,0.0,0.6805,43.024975726499996
City,SHANGHAI-100-2,Det,5,0,20.981855734999996,23.046453912500002,23.024161472499998,20.981855734999996,1000000.0,0.374,0.0,0.0,18.319904208
City,SHANGHAI-100-2,Det,5,1,17.2638173125,17.899624952,17.2638173125,20.981855734999996,20.0,0.136,0.0525,0.1355,18.319904208
City,SHANGHAI-100-2,Det,5,2,14.8961965125,15.388423628999998,15.342824087499999,20.981855734999996,5.0,0.0405,0.031,0.285,18.319904208
City,SHANGHAI-100-2,Det,5,3,13.960866817499998,13.960866817499998,14.705039101499999,20.981855734999996,0.0,0.0085,0.0085,0.3655,18.319904208
City,SHANGHAI-100-2,Det,5,4,13.502546114000001,13.502546114000001,14.59597117,20.981855734999996,0.0,0.001,0.001,0.373,18.319904208
City,SHANGHAI-100-2,Det,5,5,13.4136555545,13.4136555545,14.559904208,20.981855734999996,0.0,0.0,0.0,0.374,18.319904208
City,SHANGHAI-100-3,Det,6,0,40.7147923475,41.83122061,41.82444154,40.7147923475,1000000.0,0.436,0.0,0.0,40.189438103
City,SHANGHAI-100-3,Det,6,1,36.991503591500006,37.205343025000005,38.27713532800001,40.7147923475,5.0,0.099,0.0775,0.311,40.189438103
City,SHANGHAI-100-3,Det,6,2,35.343636270000005,35.343636270000005,37.759438103,40.7147923475,0.0,0.003,0.003,0.433,40.189438103
City,SHANGHAI-100-3,Det,6,3,35.275884635000004,35.275884635000004,37.759438103,40.7147923475,0.0,0.0,0.0,0.436,40.189438103
City,SHANGHAI-100-3,Det,6,4,35.275884635000004,35.275884635000004,37.759438103,40.7147923475,0.0,0.0,0.0,0.436,40.189438103
City,SHANGHAI-100-3,Det,6,5,35.275884635000004,35.275884635000004,37.759438103,40.7147923475,0.0,0.0,0.0,0.436,40.189438103
City,SHANGHAI-100-3,Det,6,6,35.275884635000004,35.275884635000004,37.759438103,40.7147923475,0.0,0.0,0.0,0.436,40.189438103
Metro,CON3,Det,39,0,1123.900413385,1213.9194222950002,1214.8889448925001,1123.900413385,1000000.0,12.5535,0.0,0.0,770.6048761265001
Metro,CON3,Det,39,1,1123.900413385,1147.362354086,1142.316683777,1123.900413385,1000000.0,11.5535,0.0,0.0,770.6048761265001
Metro,CON3,Det,39,2,1054.8468335835,1083.8752754115,1070.4261786104998,1123.900413385,40.0,10.554,5.7545,1.9895,770.6048761265001
Metro,CON3,Det,39,3,977.8981568465,1020.0994729035,1000.8613122295001,1123.900413385,40.0,9.5545,4.782,2.962,770.6048761265001
Metro,CON3,Det,39,4,907.45657752,958.2312429335001,931.9985765925,1123.900413385,40.0,8.5575,3.8545,3.8895,770.6048761265001
Metro,CON3,Det,39,5,846.538322471,899.629640059,868.656867018,1123.900413385,40.0,7.565,2.9885,4.7555,770.6048761265001
Metro,CON3,Det,39,6,792.4401674510001,841.610567145,811.2522800545,1123.900413385,40.0,6.5855,2.2175,5.5265,770.6048761265001
Metro,CON3,Det,39,7,746.198536793,791.0019591765,757.3780187650001,1123.900413385,40.0,5.6315,1.5675,6.1765,770.6048761265001
Metro,CON3,Det,39,8,709.193269383,745.09074346,709.0767105035001,1123.900413385,40.0,4.711,1.0475,6.6965,770.6048761265001
Metro,CON3,Det,39,9,668.236589779,702.698840539,668.236589779,1123.900413385,20.0,3.8375,1.8985,8.159,770.6048761265001
Metro,CON3,Det,39,10,636.0097770680001,663.5554773895,636.0097770680001,1123.900413385,20.0,3.04,1.3355,8.722,770.6048761265001
Metro,CON3,Det,39,11,611.5259185995,630.1749784605,611.5259185995,1123.900413385,20.0,2.32,0.8885,9.169,770.6048761265001
Metro,CON3,Det,39,12,592.6750549805,602.0314243155,595.8192836375,1123.900413385,10.0,1.6965,1.2855,10.4945,770.6048761265001
Metro,CON3,Det,39,13,575.784750071,582.0193471305,583.994627168,1123.900413385,10.0,1.1875,0.8785,10.9015,770.6048761265001
Metro,CON3,Det,39,14,563.3447730735,566.271547255,577.3259725,1123.900413385,10.0,0.7945,0.5645,11.2155,770.6048761265001
Metro,CON3,Det,39,15,555.2658909565001,556.107476635,573.4655387170001,1123.900413385,10.0,0.5055,0.3425,11.4375,770.6048761265001
Metro,CON3,Det,39,16,548.4849670780001,549.11710496,571.2741011665,1123.900413385,5.0,0.2955,0.256,11.97,770.6048761265001
Metro,CON3,Det,39,17,544.4215374664999,544.622047381,570.1925044445,1123.900413385,5.0,0.161,0.1385,12.0875,770.6048761265001
Metro,CON3,Det,39,18,541.9756591675,541.9958139055,569.6522272435,1123.900413385,2.0,0.0865,0.0765,12.2685,770.6048761265001
Metro,CON3,Det,39,19,540.6333396425,540.59072918,569.4889806505,1123.900413385,2.0,0.042,0.037,12.308,770.6048761265001
Metro,CON3,Det,39,20,539.9993044769999,539.837765944,569.4836141445,1123.900413385,2.0,0.0185,0.0155,12.3295,770.6048761265001
Metro,CON3,Det,39,21,539.7225359055,539.5174039914999,569.4548761265,1123.900413385,2.0,0.0065,0.005,12.34,770.6048761265001
Metro,CON3,Det,39,22,539.533790635,539.3453402459999,569.4548761265,1123.900413385,2.0,0.0025,0.002,12.343,770.6048761265001
Metro,CON3,Det,39,23,539.5197948004999,539.3284921685,569.4548761265,1123.900413385,2.0,0.0005,0.0005,12.3445,770.6048761265001
Metro,CON3,Det,39,24,539.5202825245,539.3289798925,569.4548761265,1123.900413385,2.0,0.0,0.0,12.345,770.6048761265001
Metro,CON3,Det,39,25,539.5202825245,539.3289798925,569.4548761265,1123.900413385,2.0,0.0,0.0,12.345,770.6048761265001
Metro,CON3,Det,39,26,539.5202825245,539.3289798925,569.4548761265,1123.900413385,2.0,0.0,0.0,12.345,770.6048761265001
Metro,CON3,Det,39,27,539.5202825245,539.3289798925,569.4548761265,1123.900413385,2.0,0.0,0.0,12.345,770.6048761265001
Metro,CON3,Det,39,28,539.5202825245,539.3289798925,569.4548761265,1123.900413385,2.0,0.0,0.0,12.345,770.6048761265001
Metro,CON3,Det,39,29,539.5202825245,539.3289798925,569.4548761265,1123.900413385,2.0,0.0,0.0,12.345,770.6048761265001
Metro,CON3,Det,39,30,539.5202825245,539.3289798925,569.4548761265,1123.900413385,2.0,0.0,0.0,12.345,770.6048761265001
Metro,CON3,Det,39,31,539.5202825245,539.3289798925,569.4548761265,1123.900413385,2.0,0.0,0.0,12.345,770.6048761265001
Metro,CON3,Det,39,32,539.5202825245,539.3289798925,569.4548761265,1123.900413385,2.0,0.0,0.0,12.345,770.6048761265001
Metro,CON3,Det,39,33,539.5202825245,539.3289798925,569.4548761265,1123.900413385,2.0,0.0,0.0,12.345,770.6048761265001
Metro,CON3,Det,39,34,539.5202825245,539.3289798925,569.4548761265,1123.900413385,2.0,0.0,0.0,12.345,770.6048761265001
Metro,CON3,Det,39,35,539.5202825245,539.3289798925,569.4548761265,1123.900413385,2.0,0.0,0.0,12.345,770.6048761265001
Metro,CON3,Det,39,36,539.5202825245,539.3289798925,569.4548761265,1123.900413385,2.0,0.0,0.0,12.345,770.6048761265001
Metro,CON3,Det,39,37,539.5202825245,539.3289798925,569.4548761265,1123.900413385,2.0,0.0,0.0,12.345,770.6048761265001
Metro,CON3,Det,39,38,539.5202825245,539.3289798925,569.4548761265,1123.900413385,2.0,0.0,0.0,12.345,770.6048761265001
Metro,CON3,Det,39,39,539.5202825245,539.3289798925,569.4548761265,1123.900413385,2.0,0.0,0.0,12.345,770.6048761265001
Metro,CON8,Det,91,0,2345.8418322075,2453.9823969799995,2454.2440474,2345.8418322075,1000000.0,36.782,0.0,0.0,1994.322659301
Metro,CON8,Det,91,1,2345.8418322075,2428.45234707,2415.029311356,2345.8418322075,1000000.0,35.782,0.0,0.0,1994.322659301
Metro,CON8,Det,91,2,2317.4767449375,2407.6357803929995,2375.2651030019997,2345.8418322075,40.0,34.782,6.5625,1.987,1994.322659301
Metro,CON8,Det,91,3,2262.587201687,2385.9498555014998,2331.7816095040002,2345.8418322075,40.0,33.782,5.5965,2.953,1994.322659301
Metro,CON8,Det,91,4,2210.352548099,2361.782007616,2288.274214478,2345.8418322075,40.0,32.782,4.669,3.8805,1994.322659301
Metro,CON8,Det,91,5,2162.0025214505,2334.5268677474996,2242.0012150705,2345.8418322075,40.0,31.782,3.8015,4.748,1994.322659301
Metro,CON8,Det,91,6,2117.3583848050002,2305.5844249059996,2198.3047401085,2345.8418322075,40.0,30.782,3.0135,5.536,1994.322659301
Metro,CON8,Det,91,7,2078.4691561905,2273.95002683,2156.5376551155,2345.8418322075,40.0,29.782,2.3225,6.227,1994.322659301
Metro,CON8,Det,91,8,2043.5223932294998,2242.3587201955,2115.1438806255,2345.8418322075,40.0,28.782,1.727,6.8225,1994.322659301
Metro,CON8,Det,91,9,2015.4619883530002,2210.5084105550004,2074.5389659245,2345.8418322075,40.0,27.782,1.2505,7.299,1994.322659301
Metro,CON8,Det,91,10,1993.2392557255002,2179.847389177,2033.708220948,2345.8418322075,40.0,26.782,0.881,7.6685,1994.322659301
Metro,CON8,Det,91,11,1976.7792990355003,2150.5841926245002,1992.552302766,2345.8418322075,40.0,25.782,0.6,7.9495,1994.322659301
Metro,CON8,Det,91,12,1952.8640192835,2123.2816021055,1952.8640192835,2345.8418322075,20.0,24.7825,8.5155,11.8505,1994.322659301
Metro,CON8,Det,91,13,1911.9383399654998,2098.9613276255,1911.9383399654998,2345.8418322075,20.0,23.783,7.601,12.765,1994.322659301
Metro,CON8,Det,91,14,1872.4780328380002,2075.346454906,1872.4780328380002,2345.8418322075,20.0,22.7845,6.7195,13.6465,1994.322659301
Metro,CON8,Det,91,15,1835.966702719,2052.4341507855,1835.966702719,2345.8418322075,20.0,21.7865,5.88,14.486,1994.322659301
Metro,CON8,Det,91,16,1800.8189044464998,2031.2319504665002,1800.8189044464998,2345.8418322075,20.0,20.7905,5.082,15.284,1994.322659301
Metro,CON8,Det,91,17,1768.5961990740002,2008.3281814145,1768.5961990740002,2345.8418322075,20.0,19.797,4.3365,16.0295,1994.322659301
Metro,CON8,Det,91,18,1737.029974169,1983.9267618535,1737.029974169,2345.8418322075,20.0,18.8045,3.646,16.72,1994.322659301
Metro,CON8,Det,91,19,1710.1958969649997,1959.1855606074998,1710.1958969649997,2345.8418322075,20.0,17.813,3.0235,17.3425,1994.322659301
Metro,CON8,Det,91,20,1687.7031926735,1934.197680985,1687.7031926735,2345.8418322075,20.0,16.8255,2.469,17.897,1994.322659301
Metro,CON8,Det,91,21,1667.0552920085001,1908.1906012215,1667.0552920085001,2345.8418322075,20.0,15.843,1.9815,18.3845,1994.322659301
Metro,CON8,Det,91,22,1649.250522269,1881.2004358135,1649.250522269,2345.8418322075,20.0,14.868,1.5605,18.8055,1994.322659301
Metro,CON8,Det,91,23,1634.7447400965002,1854.2968059304999,1634.7447400965002,2345.8418322075,20.0,13.899,1.2035,19.1625,1994.322659301
Metro,CON8,Det,91,24,1622.7208014530001,1826.4999563810002,1622.7208014530001,2345.8418322075,20.0,12.9365,0.9,19.466,1994.322659301
Metro,CON8,Det,91,25,1612.565023185,1798.2586846795,1612.565023185,2345.8418322075,20.0,11.983,0.663,19.703,1994.322659301
Metro,CON8,Det,91,26,1605.079445973,1771.3345639385,1605.3566026755002,2345.8418322075,10.0,11.0505,3.3255,23.8955,1994.322659301
Metro,CON8,Det,91,27,1583.706714079,1743.901338472,1599.5210437330002,2345.8418322075,10.0,10.1415,2.7675,24.4535,1994.322659301
Metro,CON8,Det,91,28,1564.9103368465,1716.3272138495001,1595.6037476750002,2345.8418322075,10.0,9.2535,2.274,24.947,1994.322659301
Metro,CON8,Det,91,29,1547.8564506434998,1688.7000888105,1592.5467233714999,2345.8418322075,10.0,8.39,1.846,25.375,1994.322659301
Metro,CON8,Det,91,30,1534.6761722395001,1662.045446608,1590.5781711935,2345.8418322075,10.0,7.5535,1.479,25.742,1994.322659301
Metro,CON8,Det,91,31,1522.4573153695003,1637.5249173715001,1589.2245843485002,2345.8418322075,10.0,6.7475,1.1665,26.0545,1994.322659301
Metro,CON8,Det,91,32,1512.539472875,1612.756752718,1588.3503174905,2345.8418322075,10.0,5.9785,0.9,26.321,1994.322659301
Metro,CON8,Det,91,33,1504.270542598,1589.802168829,1587.666610063,2345.8418322075,10.0,5.2545,0.678,26.543,1994.322659301
Metro,CON8,Det,91,34,1497.7947635315,1569.015145534,1587.267014823,2345.8418322075,10.0,4.579,0.5075,26.7135,1994.322659301
Metro,CON8,Det,91,35,1493.5367443835,1548.4422450905,1587.1701565215,2345.8418322075,5.0,3.9495,1.5245,30.411,1994.322659301
Metro,CON8,Det,91,36,1481.5570122015001,1531.1929139115,1587.113169642,2345.8418322075,5.0,3.373,1.2115,30.724,1994.322659301
Metro,CON8,Det,91,37,1472.6182486405,1515.5532139375,1587.085070346,2345.8418322075,5.0,2.8545,0.953,30.9825,1994.322659301
Metro,CON8,Det,91,38,1465.0158256780003,1500.4259133164999,1587.031106757,2345.8418322075,5.0,2.39,0.731,31.2045,1994.322659301
Metro,CON8,Det,91,39,1458.538487246,1487.971396653,1587.0025294250001,2345.8418322075,5.0,1.978,0.547,31.3885,1994.322659301
Metro,CON8,Det,91,40,1453.8369166609998,1475.60108769,1587.002659301,2345.8418322075,5.0,1.6135,0.401,31.5345,1994.322659301
Metro,SCA3,Det,40,0,889.4727861775,927.0562429900001,928.5783187474999,889.4727861775,1000000.0,11.1165,0.0,0.0,662.3382357225
Metro,SCA3,Det,40,1,862.8778203799999,874.5999626629999,870.0022611155,889.4727861775,40.0,10.1165,3.9425,0.996,662.3382357225
Metro,SCA3,Det,40,2,796.472793021,820.738582841,812.2432678895,889.4727861775,40.0,9.117,2.9805,1.958,662.3382357225
Metro,SCA3,Det,40,3,735.8289517485001,768.4756917550001,755.0660667105001,889.4727861775,40.0,8.1195,2.1045,2.834,662.3382357225
Metro,SCA3,Det,40,4,686.8908643509999,719.9041632275,701.2977078735,889.4727861775,40.0,7.1255,1.3675,3.571,662.3382357225
Metro,SCA3,Det,40,5,651.440762238,672.9268386580001,652.8213825985,889.4727861775,40.0,6.14,0.7995,4.139,662.3382357225
Metro,SCA3,Det,40,6,609.9882675690001,632.021449242,609.9882675690001,889.4727861775,20.0,5.1795,2.408,5.677,662.3382357225
Metro,SCA3,Det,40,7,575.0281851329999,593.9563106859999,575.0281851329999,889.4727861775,20.0,4.2585,1.708,6.377,662.3382357225
Metro,SCA3,Det,40,8,545.9546715134999,561.7818055170002,547.667908943,889.4727861775,10.0,3.3955,1.991,7.388,662.3382357225
Metro,SCA3,Det,40,9,520.8250438565,533.626431667,528.7722676085001,889.4727861775,10.0,2.623,1.379,8.0,662.3382357225
Metro,SCA3,Det,40,10,503.28921728600005,512.392231916,515.292704812,889.4727861775,10.0,1.951,0.8995,8.4795,662.3382357225
Metro,SCA3,Det,40,11,490.09333987,496.2418658005,507.4614394095,889.4727861775,10.0,1.391,0.5445,8.8345,662.3382357225
Metro,SCA3,Det,40,12,481.76597211150005,482.74832480550003,503.65340175800003,889.4727861775,10.0,0.9405,0.304,9.075,662.3382357225
Metro,SCA3,Det,40,13,473.96753144499996,474.37108831949996,501.7233360605,889.4727861775,5.0,0.6045,0.388,10.0665,662.3382357225
Metro,SCA3,Det,40,14,467.63102999250003,468.04790728849997,500.9674132325,889.4727861775,2.0,0.3635,0.275,10.4925,662.3382357225
Metro,SCA3,Det,40,15,464.198618838,464.6585079955,500.78609699049997,889.4727861775,2.0,0.2055,0.148,10.6195,662.3382357225
Metro,SCA3,Det,40,16,462.4558905235,462.8376113995001,500.6919175400001,889.4727861775,2.0,0.109,0.0795,10.688,662.3382357225
Metro,SCA3,Det,40,17,461.9081849145,461.9081849145,500.6661017585,889.4727861775,0.0,0.0555,0.0555,11.061,662.3382357225
Metro,SCA3,Det,40,18,461.34303622050004,461.34303622050004,500.66501553750004,889.4727861775,0.0,0.0255,0.0255,11.091,662.3382357225
Metro,SCA3,Det,40,19,461.187551644,461.187551644,500.63823572250004,889.4727861775,0.0,0.01,0.01,11.1065,662.3382357225
Metro,SCA3,Det,40,20,460.978944961,460.978944961,500.63823572250004,889.4727861775,0.0,0.002,0.002,11.1145,662.3382357225
Metro,SCA3,Det,40,21,460.9028860245,460.9028860245,500.63823572250004,889.4727861775,0.0,0.0,0.0,11.1165,662.3382357225
Metro,SCA3,Det,40,22,460.9028860245,460.9028860245,500.63823572250004,889.4727861775,0.0,0.0,0.0,11.1165,662.3382357225
Metro,SCA3,Det,40,23,460.9028860245,460.9028860245,500.63823572250004,889.4727861775,0.0,0.0,0.0,11.1165,662.3382357225
Metro,SCA3,Det,40,24,460.9028860245,460.9028860245,500.63823572250004,889.4727861775,0.0,0.0,0.0,11.1165,662.3382357225
Metro,SCA3,Det,40,25,460.9028860245,460.9028860245,500.63823572250004,889.4727861775,0.0,0.0,0.0,11.1165,662.3382357225
Metro,SCA3,Det,40,26,460.9028860245,460.9028860245,500.63823572250004,889.4727861775,0.0,0.0,0.0,11.1165,662.3382357225
Metro,SCA3,Det,40,27,460.9028860245,460.9028860245,500.63823572250004,889.4727861775,0.0,0.0,0.0,11.1165,662.3382357225
Metro,SCA3,Det,40,28,460.9028860245,460.9028860245,500.63823572250004,889.4727861775,0.0,0.0,0.0,11.1165,662.3382357225
Metro,SCA3,Det,40,29,460.9028860245,460.9028860245,500.63823572250004,889.4727861775,0.0,0.0,0.0,11.1165,662.3382357225
Metro,SCA3,Det,40,30,460.9028860245,460.9028860245,500.63823572250004,889.4727861775,0.0,0.0,0.0,11.1165,662.3382357225
Metro,SCA3,Det,40,31,460.9028860245,460.9028860245,500.63823572250004,889.4727861775,0.0,0.0,0.0,11.1165,662.3382357225
Metro,SCA3,Det,40,32,460.9028860245,460.9028860245,500.63823572250004,889.4727861775,0.0,0.0,0.0,11.1165,662.3382357225
Metro,SCA3,Det,40,33,460.9028860245,460.9028860245,500.63823572250004,889.4727861775,0.0,0.0,0.0,11.1165,662.3382357225
Metro,SCA3,Det,40,34,460.9028860245,460.9028860245,500.63823572250004,889.4727861775,0.0,0.0,0.0,11.1165,662.3382357225
Metro,SCA3,Det,40,35,460.9028860245,460.9028860245,500.63823572250004,889.4727861775,0.0,0.0,0.0,11.1165,662.3382357225
Metro,SCA3,Det,40,36,460.9028860245,460.9028860245,500.63823572250004,889.4727861775,0.0,0.0,0.0,11.1165,662.3382357225
Metro,SCA3,Det,40,37,460.9028860245,460.9028860245,500.63823572250004,889.4727861775,0.0,0.0,0.0,11.1165,662.3382357225
Metro,SCA3,Det,40,38,460.9028860245,460.9028860245,500.63823572250004,889.4727861775,0.0,0.0,0.0,11.1165,662.3382357225
Metro,SCA3,Det,40,39,460.9028860245,460.9028860245,500.63823572250004,889.4727861775,0.0,0.0,0.0,11.1165,662.3382357225
Metro,SCA3,Det,40,40,460.9028860245,460.9028860245,500.63823572250004,889.4727861775,0.0,0.0,0.0,11.1165,662.3382357225
Metro,SCA8,Det,92,0,2350.008825325,2466.6653304399997,2462.79325436,2350.008825325,1000000.0,37.7705,0.0,0.0,1972.26368603
Metro,SCA8,Det,92,1,2350.008825325,2436.3825994464996,2415.9795161155002,2350.008825325,1000000.0,36.7705,0.0,0.0,1972.26368603
Metro,SCA8,Det,92,2,2324.354618579,2401.8286380425,2369.411025773,2350.008825325,40.0,35.7705,7.898,1.9945,1972.26368603
Metro,SCA8,Det,92,3,2267.106376428,2371.0734924830003,2320.9970866790004,2350.008825325,40.0,34.7705,6.916,2.9765,1972.26368603
Metro,SCA8,Det,92,4,2212.0261615675,2344.0249514684997,2276.1483024035,2350.008825325,40.0,33.7705,5.9505,3.942,1972.26368603
Metro,SCA8,Det,92,5,2158.9796892625,2318.0670307139994,2230.4885308880007,2350.008825325,40.0,32.7705,5.0215,4.871,1972.26368603
Metro,SCA8,Det,92,6,2110.4968040715,2290.9613932039997,2186.5417971529996,2350.008825325,40.0,31.7705,4.1475,5.745,1972.26368603
Metro,SCA8,Det,92,7,2066.8680288590003,2262.232878077,2142.366533298,2350.008825325,40.0,30.7705,3.343,6.5495,1972.26368603
Metro,SCA8,Det,92,8,2027.9851506335,2234.1842349119997,2099.4274790594995,2350.008825325,40.0,29.7705,2.62,7.2725,1972.26368603
Metro,SCA8,Det,92,9,1995.3753152315003,2204.437471451,2055.6109810595,2350.008825325,40.0,28.7705,1.992,7.9005,1972.26368603
Metro,SCA8,Det,92,10,1968.7538324480001,2172.448904556,2011.7436963670002,2350.008825325,40.0,27.7705,1.472,8.4205,1972.26368603
Metro,SCA8,Det,92,11,1946.754163669,2141.937383208,1968.667351357,2350.008825325,40.0,26.7705,1.054,8.8385,1972.26368603
Metro,SCA8,Det,92,12,1929.5621204035,2110.6749568565,1927.890808446,2350.008825325,40.0,25.771,0.73,9.1625,1972.26368603
Metro,SCA8,Det,92,13,1887.4629069875,2079.540682837,1887.4629069875,2350.008825325,20.0,24.772,8.6345,12.8365,1972.26368603
Metro,SCA8,Det,92,14,1849.5430958489999,2049.6430057555,1849.5430958489999,2350.008825325,20.0,23.774,7.7245,13.7465,1972.26368603
Metro,SCA8,Det,92,15,1813.2816637910003,2018.668346944,1813.2816637910003,2350.008825325,20.0,22.777,6.845,14.626,1972.26368603
Metro,SCA8,Det,92,16,1779.2680885359998,1989.0625928529998,1779.2680885359998,2350.008825325,20.0,21.78,6.0105,15.4605,1972.26368603
Metro,SCA8,Det,92,17,1748.1103377554998,1958.3796764105,1748.1103377554998,2350.008825325,20.0,20.7845,5.2285,16.2425,1972.26368603
Metro,SCA8,Det,92,18,1718.6940833380002,1929.5253252085,1718.6940833380002,2350.008825325,20.0,19.79,4.492,16.979,1972.26368603
Metro,SCA8,Det,92,19,1691.8829089054998,1900.82499374,1691.8829089054998,2350.008825325,20.0,18.796,3.808,17.663,1972.26368603
Metro,SCA8,Det,92,20,1668.052941112,1871.0231746025001,1668.052941112,2350.008825325,20.0,17.8055,3.1885,18.2825,1972.26368603
Metro,SCA8,Det,92,21,1646.4598708934998,1841.2885837754998,1646.4598708934998,2350.008825325,20.0,16.819,2.635,18.836,1972.26368603
Metro,SCA8,Det,92,22,1627.552000252,1812.843192349,1627.552000252,2350.008825325,20.0,15.8395,2.1525,19.3185,1972.26368603
Metro,SCA8,Det,92,23,1610.8846655075001,1784.8684506355,1610.8846655075001,2350.008825325,20.0,14.865,1.7315,19.7395,1972.26368603
Metro,SCA8,Det,92,24,1596.4666670744998,1757.715452598,1596.4666670744998,2350.008825325,20.0,13.898,1.37,20.101,1972.26368603
Metro,SCA8,Det,92,25,1584.532758183,1729.7579791565,1584.532758183,2350.008825325,20.0,12.94,1.0705,20.4005,1972.26368603
Metro,SCA8,Det,92,26,1574.9238160589998,1702.4475096979997,1574.9238160589998,2350.008825325,20.0,11.998,0.823,20.648,1972.26368603
Metro,SCA8,Det,92,27,1567.0327883435,1677.5287399675,1567.0327883435,2350.008825325,20.0,11.074,0.6205,20.8505,1972.26368603
Metro,SCA8,Det,92,28,1544.830860744,1653.1246683200002,1560.6228065575,2350.008825325,10.0,10.1735,3.7785,25.8885,1972.26368603
Metro,SCA8,Det,92,29,1525.588480931,1630.0236405425,1555.5380037425,2350.008825325,10.0,9.292,3.2095,26.4575,1972.26368603
Metro,SCA8,Det,92,30,1508.8895603835,1606.50686633,1551.706301572,2350.008825325,10.0,8.44,2.6965,26.9705,1972.26368603
Metro,SCA8,Det,92,31,1493.5628153625,1583.747823118,1548.9231674115001,2350.008825325,10.0,7.621,2.2425,27.4245,1972.26368603
Metro,SCA8,Det,92,32,1480.249395569,1562.0765876345001,1547.0229171509998,2350.008825325,10.0,6.8345,1.845,27.822,1972.26368603
Metro,SCA8,Det,92,33,1468.938835227,1543.5418288385,1545.5583302060002,2350.008825325,10.0,6.0865,1.4955,28.1715,1972.26368603
Metro,SCA8,Det,92,34,1459.387866595,1523.8864642484998,1544.457621129,2350.008825325,10.0,5.3805,1.2015,28.4655,1972.26368603
Metro,SCA8,Det,92,35,1451.7037522355,1506.227054161,1543.841757058,2350.008825325,10.0,4.7175,0.9565,28.7105,1972.26368603
Metro,SCA8,Det,92,36,1444.9888214945001,1490.6320705065,1543.3905165690003,2350.008825325,10.0,4.1085,0.7535,28.9135,1972.26368603
Metro,SCA8,Det,92,37,1439.069432327,1476.7334497855,1543.173252646,2350.008825325,10.0,3.549,0.5855,29.0815,1972.26368603
Metro,SCA8,Det,92,38,1431.4327904814998,1462.822266694,1543.028239178,2350.008825325,5.0,3.0395,1.1725,31.9505,1972.26368603
Metro,SCA8,Det,92,39,1423.4584242925002,1451.0373612405,1542.945056883,2350.008825325,5.0,2.574,0.9305,32.1925,1972.26368603
Metro,SCA8,Det,92,40,1417.2286964660002,1440.3673600729999,1542.888538559,2350.008825325,5.0,2.154,0.7265,32.3965,1972.26368603
