fam,Instance,Plan,m,reactive,myopic,opt,regret,bound,bound_clean,p_premature,p_premature_clean,p_contained,H_spread,thr_cost,ho_cost
Dethloff,CON3-0,Det,9,1.8849307250000003,1.5756463834999999,1.1870569395,0.38858944399999995,0.485636804,0.45143924599999996,0.036,0.014,1.0,1.107849428659301,1.3742254985,1.360086925
Dethloff,CON3-0,Det,12,29.172527462500003,24.322535280999997,17.855451034999998,6.467084245999999,8.279574250499998,3.3062848679999997,0.4525,0.0675,1.0,1.8914770277238677,20.400873777499996,17.9196428245
Dethloff,CON3-0,Det,12,1.3806496750000001,1.1841554485,0.852531735,0.3316237135000001,0.42214685199999996,0.37894225,0.033,0.0115,1.0,1.1596794025450814,0.9160856544999999,0.9573671065000001
Dethloff,CON3-0,Det,17,69.21040625,64.55176832700002,62.64789363900001,1.903874688000009,5.086175819000001,4.725672086,0.2445,0.0845,1.0,1.945864538149361,63.1324677485,62.694955628
Dethloff,CON3-0,SAA,11,2.9699512625,2.3581562600000003,1.9231654619999998,0.4349907980000005,0.5622311489999999,0.35032835999999995,0.0415,0.0075,1.0,1.7581970939206102,2.316046796,2.016672544
Dethloff,CON3-0,SAA,8,1.4157888374999998,1.092443182,0.898242698,0.194200484,0.24477567799999997,0.202281404,0.0275,0.0065,1.0,1.1344104562875839,0.94644084,0.91019983
Dethloff,CON3-0,SAA,11,1.255025425,1.027898429,0.7572568829999999,0.270641546,0.320941878,0.25712789999999996,0.021,0.006,1.0,1.3444566508810591,0.8370983470000001,0.794337094
Dethloff,CON3-0,SAA,10,2.6992085,2.2671194205000003,1.7277299835,0.5393894370000003,0.6808894259999999,0.5865226619999999,0.057,0.018,1.0,1.1474900339206067,2.027958496,1.8815428375
Dethloff,CON3-0,SAA,10,4.2639605875,3.292659103,3.027693835,0.2649652680000001,0.5567964089999998,0.397102712,0.044,0.008,0.9995,1.5834778936803326,3.1660289085,3.1832216015000006
Dethloff,CON3-1,Det,20,34.103235950000006,24.2683398905,18.775324630999997,5.493015259500002,8.2397555865,4.87629372,0.436,0.0945,1.0,1.8259080885391827,19.600414368,18.766053113999998
Dethloff,CON3-1,Det,11,36.2486319125,23.497624892,21.576175787499995,1.921449104500006,4.226907493000001,3.8794751000000005,0.4475,0.1115,1.0,1.1874564441019073,22.16591988,21.935643257999995
Dethloff,CON3-1,Det,3,0.0,0.0,0.0,0.0,0.0,0.0,0.0,0.0,1.0,1.0120082684432379,0.0,0.0
Dethloff,CON3-1,Det,16,55.98330055,46.10792703250001,44.581195292500006,1.5267317400000024,3.9420237835,3.857719994,0.2055,0.074,1.0,1.7825083627618317,45.51902361350001,45.058942993500004
Dethloff,CON3-1,SAA,14,1.5838944375,1.1309081379999997,0.9487122610000001,0.18219587699999962,0.2516969924999999,0.048150634,0.0235,0.001,1.0,1.6749733003782747,1.1531708200000002,1.0840408570000002
Dethloff,CON3-1,SAA,8,2.8166724124999996,2.2619266909999998,1.9250956795000003,0.3368310114999995,0.5310879599999999,0.445696146,0.054,0.0135,1.0,1.172188320084675,2.106647611,2.012264124
Dethloff,CON3-1,SAA,5,1.2626962,0.8610094735,0.824675088,0.03633438550000001,0.06209058049999998,0.061065074,0.0145,0.002,1.0,1.0567484610261935,0.8919219330000001,0.8551026795000001
Dethloff,CON3-1,SAA,10,3.4967081374999998,2.9207847644999996,2.3362863050000002,0.5844984594999993,0.7747859379999997,0.5240189799999998,0.047,0.0115,1.0,1.6111595674891779,2.4333997934999996,2.424072334
Dethloff,CON3-1,SAA,13,2.3325386625,1.744588732,1.449968928,0.2946198039999999,0.446241762,0.25965930000000004,0.0435,0.0075,1.0,1.3249190690259167,1.7162305775,1.5554591894999998
Dethloff,CON3-2,Det,3,0.0,0.0,0.0,0.0,0.0,0.0,0.0,0.0,1.0,1.0111870829062368,0.0,0.0
Dethloff,CON3-2,Det,14,39.1356931625,28.350170686000006,23.013845783,5.336324903000005,8.230869649500002,6.4365153820000005,0.5485,0.1405,1.0,1.5815394019579967,23.735673519000002,23.045896279499996
Dethloff,CON3-2,Det,16,42.433825737499994,36.659380367,33.809718479,2.849661888,5.063540694,4.693621978,0.327,0.1195,1.0,1.3397964941493319,34.122932797999994,33.640179148499996
Dethloff,CON3-2,Det,17,32.865747075,22.504569196000002,21.4636677575,1.0409014385000006,2.293395232,2.9031249799999994,0.141,0.053,1.0,1.9041936906628465,21.836805492,21.786444424499997
Dethloff,CON3-2,SAA,9,0.45761654999999996,0.401028604,0.330338942,0.07068966199999999,0.10186844400000002,0.110393114,0.0075,0.0035,1.0,1.1134682786573356,0.32143341,0.330157071
Dethloff,CON3-2,SAA,8,3.2940688,2.8005891899999997,2.259459874,0.5411293159999997,0.752305986,0.5921192519999999,0.0505,0.0135,1.0,1.1667057983298341,2.425812874,2.429518144
Dethloff,CON3-2,SAA,13,0.6849888,0.6346068049999999,0.441722156,0.1928846489999999,0.22950045599999996,0.12437518799999998,0.012,0.003,1.0,1.7884212360923464,0.908171658,0.45327517749999996
Dethloff,CON3-2,SAA,9,1.4046024124999998,1.2026204924999997,0.9382106635,0.26440982899999965,0.395423186,0.35825335999999997,0.031,0.011,1.0,1.1587039143437396,1.3496955945,1.058577806
Dethloff,CON3-2,SAA,11,1.4584549625,1.1506467985000002,0.8618632199999999,0.28878357850000025,0.31360403249999996,0.22624410799999997,0.03,0.0065,1.0,1.262037513247567,0.9937044829999999,0.92723034
Dethloff,CON3-3,Det,3,0.0,0.0,0.0,0.0,0.0,0.0,0.0,0.0,1.0,1.0342284453674706,0.0,0.0
Dethloff,CON3-3,Det,14,46.23768795,37.401885918,27.588644941000002,9.813240976999996,13.635874192500003,7.17389759,0.591,0.122,1.0,1.914968683810549,29.215291719500005,27.612506854500005
Dethloff,CON3-3,Det,14,32.3942659375,23.4298580055,19.7260448145,3.703813191000002,6.535394400000002,4.995067368,0.5515,0.132,1.0,1.284269240638482,20.362420045,19.831492730500003
Dethloff,CON3-3,Det,19,51.915386525,30.788654245499995,27.49562872,3.2930255254999956,5.8922519845,5.6850044440000005,0.347,0.118,1.0,1.629492168335459,27.967202760499998,27.853999829
Dethloff,CON3-3,SAA,7,3.5839056,2.710965046,2.4261713224999997,0.28479372350000043,0.4999439935,0.430366848,0.067,0.0135,1.0,1.1051980830190948,2.508545118,2.395333619
Dethloff,CON3-3,SAA,10,4.8887849375,3.918248774,3.3311965080000006,0.5870522659999993,0.9165810819999999,0.41862110199999997,0.0675,0.01,1.0,1.5355605512968953,3.751046738,3.377649208
Dethloff,CON3-3,SAA,13,2.6912028375,2.3052490285,1.82629522,0.4789538085,0.850914904,0.513316918,0.055,0.013,1.0,1.4729396914289925,2.0855066745,1.7971712315
Dethloff,CON3-3,SAA,11,2.3158505999999996,2.06951573,1.6623694384999999,0.40714629150000015,0.525737618,0.19874612,0.0365,0.005,1.0,1.8081287279383593,1.9381680315,1.7593831975
Dethloff,CON3-3,SAA,9,2.951264725,2.5123144,2.1195960509999994,0.3927183490000008,0.5829339520000001,0.406447294,0.0515,0.0115,1.0,1.2200565463114343,2.4805253940000003,2.218858081
Dethloff,CON3-4,Det,13,45.4478816125,29.3565058415,26.876146264000003,2.4803595774999962,5.575560675,4.8620100520000005,0.3725,0.103,1.0,1.5360852584130218,27.735094729500002,27.009733023
Dethloff,CON3-4,Det,22,73.1098693125,45.331658260999994,43.597448273999994,1.7342099869999998,5.4159051215,5.009601008,0.207,0.077,1.0,2.190420224362553,45.0750298275,43.8697448855
Dethloff,CON3-4,Det,13,40.6242688125,25.711601938999998,25.072439801499996,0.6391621375000014,1.8969787769999997,2.87864751,0.2035,0.0795,1.0,1.2380830439648107,25.388177323999997,25.132636488999996
Dethloff,CON3-4,SAA,12,2.4141245749999998,2.3484757595000003,1.8373579979999999,0.5111177615000004,0.685163672,0.301780988,0.0345,0.0065,1.0,1.7064928985849643,2.464047671,1.9593945444999998
Dethloff,CON3-4,SAA,8,0.6895934125,0.6193806045,0.5133161105,0.10606449399999995,0.15139793800000004,0.128343274,0.014,0.004,1.0,1.1941645953912965,0.5487679565000001,0.5371837595
Dethloff,CON3-4,SAA,9,1.711595,1.498204751,1.3575158059999999,0.14068894500000018,0.2714658059999999,0.12060481199999998,0.0235,0.003,1.0,1.355291394466364,1.428623339,1.3636550015
Dethloff,CON3-4,SAA,9,1.87821485,1.4241561435,1.216849074,0.2073070695000001,0.323877334,0.270736624,0.0385,0.0085,1.0,1.114426095753008,1.2850051980000001,1.2543969160000001
Dethloff,CON3-4,SAA,12,1.4991894124999998,1.308553619,1.1399582545,0.1685953645,0.391784276,0.2466941,0.027,0.0065,1.0,1.4597934942817248,1.2111103939999999,1.144067784
Dethloff,CON3-5,Det,14,43.97525741249999,30.8961327375,27.678882062999996,3.2172506745000042,8.212850760500002,7.660499196000001,0.581,0.1725,1.0,1.5103329561449135,28.101800194999996,27.8641338525
Dethloff,CON3-5,Det,19,65.0298315125,50.146860029,48.941098108000006,1.205761920999997,3.0498299369999997,3.7933919159999996,0.131,0.0615,1.0,1.9172985852685696,50.088617370499996,49.320559328499996
Dethloff,CON3-5,Det,15,43.3446134625,34.540004071000006,34.114873257,0.4251308140000063,0.9219414219999998,1.355038352,0.07,0.0365,1.0,1.2868843629646747,34.326117271499996,34.534673952
Dethloff,CON3-5,SAA,8,1.62890775,1.4387927530000002,1.2660172244999999,0.17277552850000033,0.29069843700000003,0.251850762,0.024,0.0075,1.0,1.2166396021192247,1.4267065014999998,1.3005882905
Dethloff,CON3-5,SAA,8,1.704440025,1.491576782,1.122689517,0.36888726500000013,0.47971382299999993,0.447014534,0.041,0.014,1.0,1.1110001197566088,1.321615741,1.1730448305
Dethloff,CON3-5,SAA,10,0.5132782,0.41510511250000004,0.3653273345,0.04977777800000005,0.06955398399999999,0.042387886,0.0065,0.001,1.0,1.4892712936616082,0.7272018490000001,0.367006946
Dethloff,CON3-5,SAA,9,0.13185585,0.10270474999999998,0.09709204399999999,0.005612705999999995,0.006219336,0.0,0.0015,0.0,1.0,1.1700089075279845,0.20658978799999997,0.10928850799999999
Dethloff,CON3-5,SAA,15,2.8716068375,2.4959049464999996,1.8408192005000001,0.6550857459999995,0.8686830579999999,0.425564728,0.045,0.0085,1.0,1.9028894778417749,2.0158124865,1.8498680164999997
Dethloff,CON3-6,Det,18,64.75330518749999,49.44787362649999,47.58110082899999,1.8667727974999977,8.191641503500001,5.981980888,0.4445,0.1,1.0,1.904624296370234,48.31484268,47.908794779
Dethloff,CON3-6,Det,12,10.1618550875,8.0788281345,6.708904287,1.3699238475,2.418164792,2.060454214,0.1915,0.0565,1.0,1.2814698193428018,6.884545167500001,6.824349514
Dethloff,CON3-6,Det,17,42.292393225,26.087356347000004,22.302886671,3.784469676000004,6.195799646000001,5.803106286,0.403,0.1395,1.0,1.458265950359256,23.969975595000005,22.423978688500004
Dethloff,CON3-6,Det,3,0.0,0.0,0.0,0.0,0.0,0.0,0.0,0.0,1.0,1.0115972493860714,0.0,0.0
Dethloff,CON3-6,SAA,9,0.212979225,0.201521922,0.15898032799999998,0.042541594000000016,0.07189057399999998,0.060891056,0.005,0.002,1.0,1.2046677994288384,0.164889434,0.15979202
Dethloff,CON3-6,SAA,8,1.22920745,0.9905704590000001,0.895932673,0.09463778600000006,0.12715265399999998,0.10161848400000001,0.0135,0.003,1.0,1.1436013290737619,1.0038941415,0.9078336415000001
Dethloff,CON3-6,SAA,10,0.2903775125,0.19766942799999998,0.18117380800000002,0.01649561999999996,0.016495620000000006,0.0,0.0035,0.0,1.0,1.2824617071947684,0.268952735,0.235498807
Dethloff,CON3-6,SAA,11,3.3677058125,2.7617047335000002,2.2729234294999996,0.48878130400000064,0.7046200225,0.52516393,0.05,0.013,1.0,1.56503212721436,2.4400930195,2.3150102035
Dethloff,CON3-6,SAA,12,2.4645652625,2.0625397915000003,1.521128949,0.5414108425000004,0.6119099780000001,0.397050212,0.0425,0.0095,1.0,1.4736544595578926,1.9183303100000002,1.641685007
Dethloff,CON3-7,Det,13,24.3829275125,18.189936222999997,15.330385337,2.8595508859999974,4.597727768499999,4.253142293999999,0.3345,0.114,1.0,1.3142245911644332,15.834104595500001,15.552779585999998
Dethloff,CON3-7,Det,19,44.332329262500004,30.1503172595,26.703913534999998,3.4464037245000014,8.0612488095,6.990080302,0.404,0.133,1.0,1.795487727558707,28.1853586965,26.954031001999997
Dethloff,CON3-7,Det,17,50.0182591,33.99036743300001,29.067437703000003,4.922929730000007,8.086205797000002,5.272266510000001,0.439,0.099,1.0,1.896131140144427,31.736270417000004,29.404076709
Dethloff,CON3-7,SAA,10,1.0962960124999999,0.984383734,0.7409651039999999,0.24341863000000008,0.29221716200000003,0.24788799999999997,0.0225,0.007,1.0,1.227950858459945,0.9996866044999999,0.878602763
Dethloff,CON3-7,SAA,7,0.0,0.0,0.0,0.0,0.0,0.0,0.0,0.0,1.0,1.1245034258080868,0.0,0.0
Dethloff,CON3-7,SAA,12,0.87681715,0.704273169,0.656736655,0.04753651400000003,0.178977444,0.128519622,0.014,0.003,1.0,1.4631067856998234,0.6982143230000001,0.775898206
Dethloff,CON3-7,SAA,9,0.931919425,0.849143812,0.7630953685,0.08604844349999996,0.178075398,0.14756756999999998,0.0155,0.0045,1.0,1.1478738816323548,0.8043689439999999,0.8100977109999999
Dethloff,CON3-7,SAA,12,3.0799381375,2.563093489,2.0226403525,0.5404531365,0.767322312,0.415727346,0.0475,0.009,1.0,1.7002166068796458,2.403630595,2.020203829
Dethloff,CON3-8,Det,14,47.229977100000006,32.143847416999996,29.55344569,2.590401726999996,5.0424696319999995,4.429102402,0.341,0.097,1.0,1.5723605649181727,29.915613089500003,30.038263029
Dethloff,CON3-8,Det,8,1.8289105749999999,1.428956627,1.2557671759999998,0.17318945100000027,0.23171635550000008,0.1942323,0.028,0.006,1.0,1.1355889989910344,1.4063231335,1.297969176
Dethloff,CON3-8,Det,18,52.130003575,33.271110581,31.054372979500002,2.2167376015,5.151897942,5.214942564,0.251,0.0975,1.0,1.8506606198787243,31.3466752535,30.923890601
Dethloff,CON3-8,Det,10,0.0,0.016147045999999998,0.0,0.016147045999999998,0.016147045999999998,0.016147045999999998,0.0005,0.0005,1.0,1.1169572648539436,0.0,0.0
Dethloff,CON3-8,SAA,8,0.712796325,0.5900444095,0.530718721,0.059325688500000084,0.10888198899999998,0.126640552,0.015,0.004,1.0,1.0980880903519352,0.471589067,0.5724670095
Dethloff,CON3-8,SAA,9,3.5510556875000003,2.5900149569999997,2.2405624079999997,0.349452549,0.5425415090000001,0.313007564,0.0505,0.008,1.0,1.2845006797947458,2.4536767535,2.323785776
Dethloff,CON3-8,SAA,10,3.226490975,2.672906128,2.032850002,0.6400561260000002,0.7868144659999999,0.444582452,0.055,0.011,1.0,1.6070046797375954,2.4130453884999996,2.146928678
Dethloff,CON3-8,SAA,13,1.9978853875000002,1.8271372934999999,1.451094591,0.37604270249999994,0.6193437879999999,0.351248116,0.0335,0.0085,1.0,1.730383824060484,1.7634057385,1.3669794655
Dethloff,CON3-8,SAA,10,0.07844114999999999,0.07855859200000001,0.06722508399999999,0.01133350800000002,0.034283824000000004,0.031144131999999998,0.0025,0.001,1.0,1.1380943656215208,0.092820072,0.055663562
Dethloff,CON3-9,Det,11,24.175836725,17.7417246935,15.6143429795,2.127381714,3.4411250935000006,2.7392750699999997,0.2905,0.063,1.0,1.4849626478836242,16.1554339855,15.3983027995
Dethloff,CON3-9,Det,11,0.59975995,0.5453122329999999,0.3881467365,0.1571654964999999,0.20301740599999996,0.14144802199999998,0.0125,0.0035,1.0,1.480935273416436,0.5896044729999999,0.4046798195
Dethloff,CON3-9,Det,16,29.8620607375,20.620000206500002,18.288589783000003,2.3314104234999995,4.8545726005,3.105713636,0.2815,0.062,1.0,1.9197830882419404,19.528779245,18.4317185015
Dethloff,CON3-9,Det,12,8.9779153375,6.90722427,5.3909085585000005,1.5163157114999999,2.0818998840000003,1.7786950980000003,0.169,0.0495,1.0,1.2536515352346502,5.792372772,5.420170529999999
Dethloff,CON3-9,SAA,7,1.38067985,1.0449116625,0.9290352154999999,0.115876447,0.18489441199999998,0.171782876,0.0235,0.005,1.0,1.2188468348530108,1.1182566069999997,0.9570367055
Dethloff,CON3-9,SAA,12,2.7477894375000003,2.2573925669999997,1.7268637335000003,0.5305288334999994,0.677414828,0.5213939360000001,0.0605,0.0155,1.0,1.1962380897584677,1.9091706435,1.7621459475
Dethloff,CON3-9,SAA,10,4.066618975,3.3519000785000004,2.604331815,0.7475682635000003,1.009284333,0.6588856540000001,0.081,0.0175,1.0,1.378994394567015,3.0570052304999997,2.651261097
Dethloff,CON3-9,SAA,10,0.26901915,0.23501378000000003,0.16871214199999998,0.06630163800000005,0.083411078,0.072206564,0.0045,0.002,1.0,1.7031635069743314,0.267354264,0.21348834850000004
Dethloff,CON3-9,SAA,11,0.5652135,0.5213683914999999,0.42501243550000006,0.09635595599999985,0.131265868,0.096141706,0.0095,0.0025,1.0,1.4545901011633142,0.564322665,0.5315667994999999
Dethloff,CON8-0,Det,5,25.4157426375,18.4495558925,17.566648817500003,0.8829070749999985,2.092772633,2.272797424,0.2405,0.076,1.0,1.0381835449254244,18.009481284499998,17.6900008895
Dethloff,CON8-0,Det,4,40.315993774999995,39.484035735999996,39.484035735999996,0.0,0.0,0.0,0.0,0.0,1.0,1.1599137083304887,39.554371657999994,39.382079331
Dethloff,CON8-0,Det,7,40.793876037500006,30.073257969,28.074127632000003,1.9991303369999969,4.836896736499999,4.015817462,0.3605,0.0875,1.0,1.2936161462905138,28.729752217,28.2300036415
Dethloff,CON8-0,Det,7,32.948355587500004,25.305204594999996,24.001095936000002,1.3041086589999935,4.124701030999999,2.8428643879999997,0.368,0.062,1.0,1.4357207301203543,24.503381108499998,23.8660476615
Dethloff,CON8-0,Det,6,23.876532737499996,18.921690736500004,18.6113516665,0.3103390700000048,1.1153416280000001,1.441381876,0.1435,0.046,1.0,1.0885018680524592,19.0455202905,19.009854586000003
Dethloff,CON8-0,Det,6,20.363377212499998,15.020258706999996,14.521556159499998,0.49870254749999887,1.969392903,1.918753068,0.22,0.06,1.0,1.0835315409841733,14.757289482000001,14.7120619525
Dethloff,CON8-0,Det,4,26.370599050000003,23.571075295500002,23.571075295500002,0.0,0.0,0.0,0.0,0.0,1.0,1.0298739124242795,23.5935098535,23.6074436075
Dethloff,CON8-0,Det,6,37.641150025,29.561845949499997,29.561845949499997,0.0,0.0,0.0,0.0,0.0,1.0,1.3297960046629498,29.672485027999997,29.672485027999997
Dethloff,CON8-0,Det,5,33.5605803125,28.407323083999998,28.008587414,0.3987356699999971,2.0860637465,1.8274232259999998,0.1965,0.0445,1.0,1.2017886926510652,28.1913574525,27.988698493
Dethloff,CON8-0,SAA,4,2.6054847375,2.3468260865,2.2827293405,0.06409674600000015,0.07909163,0.08810803,0.006,0.0025,1.0,1.2001526654024133,2.3236506255,2.3438554865
Dethloff,CON8-0,SAA,5,1.8774912874999998,1.5326193915,1.3816191125000001,0.1510002789999998,0.20977753950000005,0.18348250400000002,0.0185,0.005,1.0,1.2540317259042273,1.469068803,1.4655114599999999
Dethloff,CON8-0,SAA,4,2.0441573749999997,1.825798321,1.810608153,0.015190167999999948,0.042686485999999996,0.020650496,0.0045,0.0005,1.0,1.166667269289038,1.880621412,1.873335822
Dethloff,CON8-0,SAA,3,0.14482409999999998,0.126111282,0.126111282,0.0,0.0,0.0,0.0,0.0,1.0,1.1611366536568042,0.1736957285,0.1229811995
Dethloff,CON8-0,SAA,5,0.34988784999999994,0.31739446,0.31836582199999997,-0.0009713619999999756,0.06352640399999997,0.05210554199999999,0.005,0.0015,1.0,1.2882803105139218,0.334839182,0.31836582199999997
Dethloff,CON8-0,SAA,3,0.1066965,0.13697250400000002,0.13697250400000002,0.0,0.0,0.0,0.0,0.0,1.0,1.0122936963543803,0.1066965,0.1066965
Dethloff,CON8-0,SAA,4,0.9289492375,0.60938998,0.630055649,-0.020665668999999998,0.018184010000000007,0.015124081999999999,0.0065,0.0005,1.0,1.0205886144250667,0.6188365025,0.702208708
Dethloff,CON8-0,SAA,3,0.0535845,0.0535845,0.0535845,0.0,0.0,0.0,0.0,0.0,1.0,1.0328910959032493,0.056881366,0.056881366
Dethloff,CON8-0,SAA,5,0.3778980875,0.32028689549999995,0.2814626075,0.03882428799999993,0.038824288,0.037533088,0.0015,0.001,1.0,1.1888963924151132,0.2840450075,0.3085683125
Dethloff,CON8-0,SAA,3,0.0268382,0.0268382,0.0268382,0.0,0.0,0.0,0.0,0.0,1.0,1.0229972153009905,0.0268382,0.0268382
Dethloff,CON8-0,SAA,3,3.6551965625000005,3.2429580694999998,3.1762234689999995,0.06673460050000024,0.11545243000000002,0.09364417,0.0175,0.0025,1.0,1.0403814221305183,3.3168916225,3.3551151779999997
Dethloff,CON8-1,Det,5,30.37447935,24.977577931500004,24.860283892500004,0.1172940390000008,0.153862724,0.204725534,0.011,0.0065,1.0,1.0844594792451423,24.855899762500005,24.983158434000003
Dethloff,CON8-1,Det,5,21.638352674999997,19.379218929,19.231328941,0.1478899879999993,0.46134574050000005,0.581791068,0.0575,0.018,1.0,1.0908380866883753,19.330326614999997,19.252307547999997
Dethloff,CON8-1,Det,3,16.546871125000003,14.117125534500001,14.005583396000002,0.11154213849999906,0.13447061449999995,0.28033995600000006,0.0205,0.009,1.0,1.052970185441623,14.161445672500001,14.133706406500002
Dethloff,CON8-1,Det,9,50.8702928625,35.899924704,34.48801896649999,1.4119057375000068,3.2269133584999996,3.599001602,0.2005,0.0755,1.0,1.5185980243185075,34.7136852655,34.783257039000006
Dethloff,CON8-1,Det,6,30.380648725,29.7210007985,29.696025321500002,0.024975476999998136,0.10459348300000001,0.180933496,0.016,0.0055,1.0,1.1315727529060595,29.722421696,29.732218790500003
Dethloff,CON8-1,Det,6,23.9379278625,19.9236152085,19.23457239,0.689042818499999,1.41298296,1.9854742720000003,0.105,0.0565,1.0,1.0836145833154471,19.400926678000005,19.209648825
Dethloff,CON8-1,Det,6,32.28358085,24.504113613500007,23.135829087500003,1.3682845260000036,2.511948844,2.6292618300000004,0.2485,0.066,1.0,1.372117738263758,23.497078756500002,23.292904368000002
Dethloff,CON8-1,Det,6,34.8101725875,27.711128320999997,27.499997488499996,0.2111308325000003,0.6195399849999998,0.6227922759999999,0.029,0.016,1.0,1.1837008280755439,27.764470709499996,27.609229324499996
Dethloff,CON8-1,Det,4,32.63814173749999,31.852389597999995,31.931397885,-0.07900828700000417,-0.00038759000000000476,0.08972061599999999,0.009,0.003,1.0,1.0336690569590974,31.906188132499995,31.928246725499992
Dethloff,CON8-1,SAA,3,1.6836368,1.4520350335000003,1.466310504,-0.014275470499999665,0.03879585450000002,0.08893171000000001,0.0105,0.0025,1.0,1.0827840883840674,1.4930398030000003,1.5147969790000002
Dethloff,CON8-1,SAA,4,2.2335854375,2.0858554165,1.996129519,0.08972589749999993,0.16868321800000002,0.15433711,0.0105,0.004,1.0,1.1269373129029732,2.0692173205,2.0109779665
Dethloff,CON8-1,SAA,6,2.7247486875000004,2.4143720039999996,2.2192728395,0.19509916449999976,0.4610285560000001,0.350156872,0.0405,0.01,1.0,1.2533228031880999,2.252965941,2.2112939075
Dethloff,CON8-1,SAA,6,2.737943875,2.133868414,2.1475879620000002,-0.013719548000000081,0.01944024800000001,0.09896506,0.012,0.0025,1.0,1.2636388166954473,2.1842861685,2.1556583705
Dethloff,CON8-1,SAA,3,0.2634692625,0.23864361350000002,0.23864361350000002,0.0,0.0,0.0,0.0,0.0,1.0,1.0129788872165755,0.251989754,0.251989754
Dethloff,CON8-1,SAA,4,4.4093860875,3.815113383,3.7799580434999998,0.03515533950000016,0.11090512350000001,0.096003082,0.0095,0.0025,1.0,1.1650144254026293,3.8000448230000003,3.833627724
Dethloff,CON8-1,SAA,4,0.22258862499999998,0.160360933,0.173235669,-0.012874735999999998,-0.012874736,0.0,0.0005,0.0,1.0,1.066704443822956,0.16123911100000002,0.188392205
Dethloff,CON8-1,SAA,4,1.037671625,0.9636079810000001,0.894758591,0.06884939000000012,0.08469969399999999,0.079751608,0.007,0.0025,1.0,1.06582284600689,0.966726696,0.9008651609999999
Dethloff,CON8-1,SAA,3,0.6633918000000001,0.6721510789999999,0.6538411530000001,0.01830992599999981,0.034217979999999995,0.033017043999999995,0.002,0.001,1.0,1.0377461630442038,0.6248082819999999,0.6248082819999999
Dethloff,CON8-1,SAA,3,2.2648226499999997,2.2714827475000003,2.2714827475000003,0.0,0.0,0.0,0.0,0.0,1.0,1.0265572932983367,2.2348826995,2.2348826995
Dethloff,CON8-1,SAA,3,3.0456841249999997,2.5243371244999997,2.5052159695,0.019121154999999668,0.08857854199999998,0.16091852,0.0125,0.005,1.0,1.0351778435423529,2.483258084,2.4833839525
Dethloff,CON8-1,SAA,3,3.581079325,2.8910276249999995,2.9162911169999997,-0.02526349200000011,-0.02526349199999999,0.0474927,0.006,0.0015,1.0,1.040913258390086,2.894415897,2.8898381470000003
Dethloff,CON8-2,Det,5,22.33090765,21.365511537499998,20.7841474525,0.581364084999997,1.1326373215,1.221740572,0.1045,0.0385,1.0,1.0948093439826188,20.683064341,20.967009156499998
Dethloff,CON8-2,Det,5,34.786912824999995,28.025417246999996,27.355280089,0.6701371579999957,2.860208263999999,2.4482883879999995,0.2845,0.0595,1.0,1.2088565981635164,28.033347935,27.4630747395
Dethloff,CON8-2,Det,8,35.598374475,26.619093746999994,26.368342419499996,0.25075132749999796,0.64576505,1.037548672,0.063,0.0265,1.0,1.304245253300796,26.334683347999995,26.336749641499992
Dethloff,CON8-2,Det,5,25.830446462500003,25.774431392,25.774431392,0.0,0.0,0.0,0.0,0.0,1.0,1.1243828996031577,25.722663662000002,25.660734922000003
Dethloff,CON8-2,Det,7,35.314183562500006,32.98338405,32.162101421,0.8212826289999953,1.767848787,1.848826782,0.1105,0.0405,1.0,1.386906160166392,32.50316234700001,32.2756440805
Dethloff,CON8-2,Det,5,9.45048135,8.306363745999999,7.228785764,1.0775779819999984,1.7655482424999995,1.3611635659999997,0.155,0.041,1.0,1.183283251927302,7.6770408424999985,7.278728234499999
Dethloff,CON8-2,Det,6,16.366157775,12.10195586,11.8256403385,0.2763155215000008,0.8744148869999999,1.261501908,0.122,0.0405,1.0,1.0626335643013163,11.958242324,11.8521392285
Dethloff,CON8-2,Det,5,28.471107,21.696827573000004,21.647092198,0.04973537500000447,0.5336936440000001,1.0114436800000002,0.0675,0.0325,1.0,1.045611979131669,21.236932568,21.236932568
Dethloff,CON8-2,Det,4,27.840061162500003,27.837284175,27.837284175,0.0,0.0,0.0,0.0,0.0,1.0,1.0280731627495163,27.872437277000003,27.872437277000003
Dethloff,CON8-2,SAA,3,1.3089656500000002,1.0712858820000002,1.0341208469999998,0.037165035000000346,0.078849376,0.0763549,0.007,0.0025,1.0,1.0184852208403783,1.070702693,1.0693168730000002
Dethloff,CON8-2,SAA,5,3.2943860750000002,2.5511746389999996,2.5765772095000004,-0.02540257050000072,0.07250832249999993,0.101370928,0.019,0.0025,1.0,1.275423438904184,2.616682876,2.6224893579999997
Dethloff,CON8-2,SAA,3,4.309175349999999,4.029689728,3.966506829,0.06318289900000007,0.31424999400000014,0.28311933,0.0265,0.0075,1.0,1.0453730336762523,4.018258123000001,3.9510490490000003
Dethloff,CON8-2,SAA,4,2.8409826,2.3746305305,2.2103883699999995,0.16424216050000062,0.18762521349999994,0.21656936799999998,0.0155,0.007,1.0,1.070144884930564,2.329145709,2.3110235285
Dethloff,CON8-2,SAA,3,0.36577555,0.372637676,0.372216668,0.0004210080000000005,0.015094699999999999,0.014884195999999999,0.001,0.0005,1.0,1.0143456738767584,0.480679119,0.372216668
Dethloff,CON8-2,SAA,3,0.8023330125,0.6575963535000001,0.6526791380000001,0.004917215500000016,0.016429052,0.015597668,0.0015,0.0005,1.0,1.0273806255522997,0.9231597175,0.8341609590000001
Dethloff,CON8-2,SAA,3,0.5770709624999999,0.5022429275,0.4347866255,0.06745630199999997,0.07945376200000001,0.07837252000000001,0.004,0.0025,1.0,1.0235347970398503,0.5194896735,0.5194896735
Dethloff,CON8-2,SAA,4,0.055473062499999996,0.0452333815,0.0452333815,0.0,0.0,0.0,0.0,0.0,1.0,1.2078336996781802,0.034574212,0.034574212
Dethloff,CON8-2,SAA,3,1.275115625,1.2216911044999998,1.2276720354999997,-0.005980930999999856,0.015896450000000003,0.015007898,0.0015,0.0005,1.0,1.0305058727835699,1.2976259739999998,1.2967374219999999
Dethloff,CON8-2,SAA,7,0.8080121374999999,0.7514385345000001,0.6997938025000001,0.05164473199999997,0.08427646799999997,0.056065656000000005,0.008,0.0015,1.0,1.2637359122595118,0.8379946565,0.7929381110000001
Dethloff,CON8-2,SAA,4,1.282857075,1.2986086945,1.2839834799999998,0.014625214500000094,0.023934385999999995,0.020476826,0.0015,0.0005,1.0,1.2031556472529426,1.2616827605,1.2797421345
Dethloff,CON8-2,SAA,3,3.224454725,2.67925521,2.5922121290000004,0.08704308099999958,0.12289854399999998,0.12217542399999999,0.0065,0.004,1.0,1.0095604610048161,2.675645855,2.6380279129999997
Dethloff,CON8-2,SAA,3,1.9481645875,1.4278343245,1.450002113,-0.022167788500000007,-0.0221677885,0.015403736,0.003,0.0005,1.0,1.0179478839286906,1.5712652295,1.5776157415
Dethloff,CON8-3,Det,5,26.518571212500003,19.2277000135,18.388821761500004,0.8388782519999971,1.765075382,2.2462909,0.177,0.0715,1.0,1.0560832537165927,18.542624742,18.507562919
Dethloff,CON8-3,Det,4,28.78053455,26.294003381499998,26.308025670499998,-0.014022288999999688,0.07432766699999999,0.29215221799999996,0.027,0.0095,1.0,1.0560709086790196,26.251320538,26.120235655
Dethloff,CON8-3,Det,5,33.7294863875,26.0982797745,25.085350651000002,1.0129291234999975,2.582884128,2.8409054559999998,0.195,0.076,1.0,1.1260394535059353,25.020884139499998,25.057041028499995
Dethloff,CON8-3,Det,3,25.9194427125,24.142431633499996,24.137115832999996,0.005315800500000023,0.016028815999999998,0.015540194,0.001,0.0005,1.0,1.032463187233865,24.146770189999994,24.126402817499994
Dethloff,CON8-3,Det,9,48.83214548750001,48.076809406,48.113709550500005,-0.03690014450000234,0.24635618799999995,0.285151704,0.038,0.0075,1.0,1.4085888098429382,48.146317868,48.339124836
Dethloff,CON8-3,Det,6,28.77128205,21.7161749665,20.242131799999996,1.474043166500003,3.039767713000001,2.8538642120000004,0.2675,0.0725,1.0,1.2029220704555221,21.429721025499997,20.226469317
Dethloff,CON8-3,Det,6,28.960711937499998,22.422043564999996,20.89590044,1.5261431249999973,2.5658601359999995,2.871946082,0.195,0.065,1.0,1.331094224077012,21.767651866499996,20.9713256195
Dethloff,CON8-3,Det,8,37.47092256249999,28.597444637,27.0260801125,1.571364524499998,4.467396387499999,3.389709452,0.39,0.071,0.9995,1.591814849217959,27.879142221500004,27.811757765000003
Dethloff,CON8-3,SAA,4,1.4789985874999998,1.160422732,1.0835926340000002,0.07683009799999985,0.108677166,0.097535586,0.012,0.003,1.0,1.0473512967642282,1.1787838099999999,1.0635895275
Dethloff,CON8-3,SAA,5,4.027483612499999,3.2772647134999997,3.2729556985,0.004309014999999583,0.129934171,0.063905688,0.018,0.0015,1.0,1.2414627278648247,3.3666154610000003,3.2717462015
Dethloff,CON8-3,SAA,7,1.6994289625,1.3860646905,1.1838409375,0.20222375299999995,0.260232032,0.19606814000000003,0.0255,0.005,1.0,1.192745079107617,1.2217722265,1.1797970484999998
Dethloff,CON8-3,SAA,4,1.5172175124999998,1.3461509150000002,1.284623528,0.061527387000000155,0.14071955399999997,0.11333426999999999,0.0095,0.003,1.0,1.2775150491728129,1.3216323520000002,1.429156317
Dethloff,CON8-3,SAA,3,1.8576745875000003,1.6712476239999998,1.551064519,0.12018310499999973,0.19093250400000003,0.183485112,0.0155,0.006,1.0,1.026309299928892,1.5694865500000001,1.7094210675
Dethloff,CON8-3,SAA,4,1.6149440125,1.35934448,1.3817817825,-0.022437302499999978,-0.009803916999999985,0.0,0.0035,0.0,1.0,1.1224484535304402,1.431937515,1.3583454560000001
Dethloff,CON8-3,SAA,3,2.4180163999999995,2.161643108,2.161643108,0.0,0.0,0.0,0.0,0.0,1.0,1.0431970783282818,2.330965306,2.35988763
Dethloff,CON8-3,SAA,5,0.417105075,0.33648065699999996,0.361909205,-0.02542854800000005,-0.025428548,0.0,0.001,0.0,1.0,1.060046082412673,0.416265157,0.413261287
Dethloff,CON8-3,SAA,4,1.9257426,1.8495488050000002,1.840477867,0.00907093800000025,0.024508514,0.016254728,0.006,0.0005,1.0,1.0529326624853539,1.8600164209999999,1.8569927749999997
Dethloff,CON8-4,Det,6,34.186497175,27.866758597499995,27.765699561499996,0.10105903599999877,0.2849034035000001,0.50593196,0.03,0.0125,1.0,1.2177428665470913,28.7323098445,28.674014180999997
Dethloff,CON8-4,Det,5,32.391418125,25.45633676,24.165544229500004,1.2907925304999956,2.4273753490000005,2.450525366,0.241,0.0635,1.0,1.2206074247856855,24.852206588,24.228656441
Dethloff,CON8-4,Det,9,54.747726674999996,41.282651204000004,41.30004164500001,-0.01739044100000342,0.2489806544999999,0.745051518,0.03,0.015,1.0,1.5695744873933823,41.83133166300001,41.571541870000004
Dethloff,CON8-4,Det,4,31.887785125,26.532976544500006,26.289548876000005,0.24342766850000075,0.46159080100000005,0.721085464,0.041,0.022,1.0,1.0495982892506504,26.282875276500004,26.334369146000004
Dethloff,CON8-4,Det,5,21.922267850000004,15.8623425935,15.242704906999997,0.6196376865000026,1.2287442559999997,1.6297491759999998,0.146,0.0505,1.0,1.05790423079909,15.240728317999997,15.258003387999999
Dethloff,CON8-4,Det,4,20.4579205125,16.535407071999998,15.690867955,0.8445391169999983,1.6730397719999996,1.770535914,0.178,0.0555,1.0,1.0407293651650138,15.8882658495,15.595944424999997
Dethloff,CON8-4,Det,4,10.732174299999999,8.865569317,8.789401452,0.07616786500000039,0.30934558000000006,0.378694592,0.038,0.0125,1.0,1.0445833288800062,8.937525872,8.939257880000001
Dethloff,CON8-4,Det,8,37.5387117625,29.275036945500002,28.40701187,0.8680250755000003,3.9005152409999995,3.46981213,0.3855,0.0925,0.998,1.2407464507764108,29.160922440500002,28.201377623
Dethloff,CON8-4,Det,5,19.983248675,16.069460189999997,15.377028266,0.6924319239999974,2.193431351,1.85651852,0.2535,0.056,1.0,1.097636668846287,15.884564513499997,15.529300663999999
Dethloff,CON8-4,SAA,3,0.43608399999999997,0.383713366,0.383713366,0.0,0.0,0.0,0.0,0.0,1.0,1.0091341931408644,0.372963484,0.372963484
Dethloff,CON8-4,SAA,3,3.0088888750000002,2.352089481,2.304501354,0.047588127000000036,0.124913407,0.125752432,0.0215,0.004,1.0,1.023038894739103,2.3257079820000004,2.530671035
Dethloff,CON8-4,SAA,6,1.1333343,0.9624511665,0.939681747,0.0227694195,0.0621585255,0.053950602,0.011,0.0015,1.0,1.2112933080651256,1.0300173605,1.0179771610000001
Dethloff,CON8-4,SAA,3,0.23697168750000003,0.18931813349999999,0.18931813349999999,0.0,0.0,0.0,0.0,0.0,1.0,1.0149486882913414,0.2041352195,0.18931813349999999
Dethloff,CON8-4,SAA,8,2.2783543,2.1151527655,1.7431201754999996,0.37203259000000033,0.45497312799999995,0.16705316799999997,0.029,0.004,1.0,1.539674096774226,2.169630785,1.7989838754999998
Dethloff,CON8-4,SAA,3,0.5881227,0.527658056,0.527559848,9.820800000004404e-05,0.030738556,0.030689452,0.002,0.001,1.0,1.0016025927642858,0.5503851999999999,0.5463794940000001
Dethloff,CON8-4,SAA,4,2.345740325,1.956598176,1.9885522415,-0.03195406550000013,-0.021712813999999997,0.036979252000000004,0.0045,0.001,1.0,1.0901043408373021,1.973389783,1.9900628634999997
Dethloff,CON8-4,SAA,5,3.0870206374999998,2.519377012,2.3760463769999998,0.14333063500000032,0.37121316399999993,0.28658901600000003,0.039,0.0075,1.0,1.2007658654138496,2.5946926569999995,2.5384300570000002
Dethloff,CON8-4,SAA,3,2.6686584375000004,2.462073413,2.4746351815,-0.012561768499999904,-0.012561768499999999,0.0,0.0005,0.0,1.0,1.0234808830457014,2.44194146,2.5974579335
Dethloff,CON8-4,SAA,3,2.9973850000000004,2.6646048099999997,2.667698638,-0.0030938280000003537,0.03535108200000001,0.053517948,0.006,0.0015,1.0,1.0735723768383527,2.686786931,2.686786931
Dethloff,CON8-4,SAA,3,3.2605361375000004,2.705882263,2.6201349085000003,0.0857473544999996,0.18756379999999995,0.20652959600000004,0.017,0.0065,1.0,1.0617808686465147,2.6145615735,2.6587021004999998
Dethloff,CON8-5,Det,6,29.773823612500003,21.731606778499998,20.854118009999997,0.877488768500001,3.3212008399999995,3.240614746,0.428,0.1045,1.0,1.0586245253838613,21.142815192,21.0885749195
Dethloff,CON8-5,Det,4,19.5305510375,15.440295308000001,14.868956419,0.5713388890000015,1.5831317100000002,1.49023656,0.172,0.045,1.0,1.0764117752600963,15.688868986000001,14.903438492999998
Dethloff,CON8-5,Det,5,24.5595616375,23.999847390499998,23.938755139,0.06109225149999631,0.13068462849999998,0.18821364999999998,0.015,0.0055,1.0,1.2632977465250692,24.046984227,24.064708611
Dethloff,CON8-5,Det,7,28.906644037499998,23.128194747000002,20.419281678,2.708913069000001,4.875693191500001,5.180578474,0.3725,0.1465,1.0,1.1768002772764632,21.0950049525,20.863372010000003
Dethloff,CON8-5,Det,6,22.710079887499997,17.774448513000003,17.766664165,0.007784348000001273,0.2518737435000001,0.46449101800000003,0.045,0.0145,1.0,1.0860585470723174,17.871666755,17.805877369
Dethloff,CON8-5,Det,6,31.7843199375,31.430783070500002,31.132751797999997,0.2980312725000047,0.790756051,1.130971142,0.062,0.029,1.0,1.1559067685901352,32.285790347,32.154369403
Dethloff,CON8-5,Det,3,2.074936325,1.7980682065,1.748577502,0.04949070449999993,0.1091558645,0.120614416,0.008,0.004,1.0,1.0107608527321472,1.7434079960000002,1.754828306
Dethloff,CON8-5,Det,9,48.0171699125,35.9494228485,35.714023372999996,0.23539947550000306,0.9114718395,1.28124416,0.057,0.0245,1.0,1.5578504154174038,35.805501619999994,35.77660365
Dethloff,CON8-5,Det,4,19.96336945,15.826288908,15.5984634485,0.2278254595,0.744002181,0.987043722,0.073,0.0315,1.0,1.0538877523020087,15.5298549925,15.4897432355
Dethloff,CON8-5,SAA,5,3.7727445,3.302208365,3.1779726885,0.12423567649999967,0.2833352355,0.291555584,0.026,0.0095,1.0,1.0405181388289744,3.3101134105,3.2628786714999998
Dethloff,CON8-5,SAA,4,1.0504057625,1.026947645,1.0107385,0.016209144999999925,0.08899073199999999,0.08418532,0.0045,0.0025,1.0,1.1147640617105887,0.9813127535000001,1.0798315090000001
Dethloff,CON8-5,SAA,4,1.5899339000000001,1.4350105145000003,1.3815113515,0.05349916300000035,0.11160796300000002,0.123804768,0.0115,0.003,1.0,1.1816749690426114,1.4279717955000002,1.4294294955
Dethloff,CON8-5,SAA,4,0.98103945,0.8365638540000001,0.821807995,0.014755859000000093,0.031419865000000005,0.055011594000000004,0.0055,0.0015,1.0,1.1443268803431779,0.854845524,0.779547541
Dethloff,CON8-5,SAA,3,0.5127760124999999,0.4962000725,0.4962000725,0.0,0.0,0.0,0.0,0.0,1.0,1.041349709142521,0.5127760124999999,0.5127760124999999
Dethloff,CON8-5,SAA,4,1.2946547999999998,1.0848700159999998,1.135383032,-0.050513016000000244,-0.0390196455,0.0,0.0035,0.0,1.0,1.0612723521822902,1.2181383175,1.2413172915
Dethloff,CON8-5,SAA,5,0.1615568875,0.12618182249999998,0.12618182249999998,0.0,0.0,0.0,0.0,0.0,1.0,1.2706238783393464,0.1615568875,0.1615568875
Dethloff,CON8-5,SAA,5,0.6604969249999999,0.5724927375,0.548416205,0.02407653249999997,0.037553098,0.036334858,0.0025,0.001,1.0,1.1372535344144956,0.7686770100000001,0.6734467285000001
Dethloff,CON8-5,SAA,3,0.68744715,0.62262061,0.615166078,0.007454532000000014,0.007454531999999997,0.030877911999999997,0.003,0.001,1.0,1.034716551598048,0.80702331,0.6495257259999999
Dethloff,CON8-5,SAA,3,1.8671550499999998,1.7511370885,1.7352190805,0.015918007999999872,0.015918008,0.015918008,0.0005,0.0005,1.0,1.023532753867567,1.755385464,1.7716694539999998
Dethloff,CON8-5,SAA,4,2.3640255125000005,2.1391836585,2.1530437019999997,-0.013860043499999808,-0.0138600435,0.0,0.0005,0.0,1.0,1.1716904709656297,2.1323820079999996,2.1486176649999997
Dethloff,CON8-6,Det,6,12.428047375,11.047387386499999,11.053110289000001,-0.0057229025000022915,0.162862684,0.29392211799999995,0.0225,0.007,1.0,1.269570301757006,11.0797206415,11.256241556
Dethloff,CON8-6,Det,7,32.499320175,30.183630498000003,30.23888942,-0.0552589219999966,0.5786838995000001,0.934474502,0.0655,0.0245,1.0,1.2778734017300415,30.596573563000003,30.140691040000004
Dethloff,CON8-6,Det,5,28.1277388,22.389997391000005,22.389997391000005,0.0,0.0,0.0,0.0,0.0,1.0,1.0501549322398551,22.707268248000002,22.707268248000002
Dethloff,CON8-6,Det,4,17.1962072125,14.751063857500002,14.5338096355,0.2172542220000011,1.57617844,1.440423208,0.1845,0.046,1.0,1.0438323929127977,14.7406650625,14.504402092
Dethloff,CON8-6,Det,6,34.51394115000001,25.467594577499998,25.531472514999997,-0.06387793749999915,0.03402165,0.432195632,0.0355,0.011,1.0,1.310334008423914,26.292404776999994,26.197595645999996
Dethloff,CON8-6,Det,4,23.191964362500002,22.875997861500004,22.8598492915,0.016148570000002138,0.01614857,0.01614857,0.0005,0.0005,1.0,1.0447343765385317,22.8601156675,22.8601156675
Dethloff,CON8-6,Det,8,47.2869999375,46.4353706065,46.039363653,0.3960069534999988,0.8358555150000001,0.806474514,0.0645,0.0225,1.0,1.2219025712486875,46.2365411085,46.2592089465
Dethloff,CON8-6,Det,8,20.245953812500005,17.194592107,14.57189429,2.622697816999999,5.054592888499999,3.8196442900000003,0.3825,0.1075,1.0,1.2738636270611565,15.4061036435,14.641590110500001
Dethloff,CON8-6,SAA,5,1.0990422,1.0111686835,0.9806050835,0.030563600000000024,0.065109768,0.056795514,0.004,0.0015,1.0,1.1392238264215298,1.1098595945,1.1068502310000001
Dethloff,CON8-6,SAA,3,2.7780434000000005,2.4594681859999996,2.4155841959999997,0.04388398999999987,0.10098642200000003,0.08086987999999999,0.0105,0.002,1.0,1.0621685955512368,2.460651512,2.463641284
Dethloff,CON8-6,SAA,4,2.2096972624999998,1.6444788490000002,1.5344480869999997,0.1100307620000005,0.19233154150000004,0.22529981599999996,0.0205,0.0065,1.0,1.0375680473408138,1.6362703075,1.6318060055
Dethloff,CON8-6,SAA,5,0.170284425,0.11900343699999999,0.11900343699999999,0.0,0.0,0.0,0.0,0.0,1.0,1.0907157384571617,0.12142497549999999,0.10602383749999998
Dethloff,CON8-6,SAA,4,2.5325107625,2.2123915975,2.0624788225,0.14991277499999978,0.252362189,0.266160484,0.0235,0.0085,1.0,1.040129777380129,2.0442509085,2.0641360945000002
Dethloff,CON8-6,SAA,5,1.1625899125,1.007952942,0.9915648119999998,0.016388130000000167,0.07196866199999999,0.058930908000000004,0.006,0.0015,1.0,1.1096642452143572,1.040734117,1.092406465
Dethloff,CON8-6,SAA,7,0.0,0.0,0.0,0.0,0.0,0.0,0.0,0.0,1.0,1.2575708834285522,0.0,0.0
Dethloff,CON8-6,SAA,4,0.8687257625,0.6891302539999999,0.7140213954999999,-0.024891141499999936,-0.012695020999999999,0.0,0.001,0.0,1.0,1.0466351114241934,0.751558155,0.751558155
Dethloff,CON8-6,SAA,4,1.6030134,1.472948768,1.451772546,0.021176222000000022,0.08215785399999999,0.077233792,0.0085,0.0025,1.0,1.0297799840868993,1.450827272,1.36477685
Dethloff,CON8-7,Det,4,4.282081375,3.7149627840000004,3.579814119000001,0.13514866499999956,0.4248508469999999,0.421118656,0.035,0.013,1.0,1.0537181099573896,3.636146739,3.746422697
Dethloff,CON8-7,Det,6,20.3374895,19.232731125500003,19.031953162500002,0.20077796300000017,0.43120243899999994,0.42357818399999997,0.056,0.012,1.0,1.2504779930827956,19.2661237905,19.200290706500002
Dethloff,CON8-7,Det,6,23.659854962500003,23.380813253499998,23.373605837000003,0.007207416499994679,0.0438155995,0.08401644999999999,0.009,0.0025,1.0,1.143545070599501,23.5014833865,23.5014833865
Dethloff,CON8-7,Det,4,16.9205125625,15.279109699500001,15.05075348,0.22835621950000196,0.38688665000000005,0.56050204,0.0465,0.0175,1.0,1.0423666669574,15.156080309,15.1421947125
Dethloff,CON8-7,Det,7,39.920070724999995,31.102725690499994,30.437064787999997,0.6656609024999973,2.505240358,2.5935487820000005,0.182,0.0605,1.0,1.292589050403618,30.8501460255,30.699479158499997
Dethloff,CON8-7,Det,6,29.609447825000004,21.641263342500004,21.321652307000004,0.3196110354999995,2.414383528999999,2.8454361659999994,0.264,0.0855,1.0,1.095938834367176,21.876819275000003,21.679499783000004
Dethloff,CON8-7,Det,5,27.649493075,21.288794663,21.195738599000006,0.09305606399999533,0.35857229200000007,0.348739018,0.032,0.0115,1.0,1.0398251379104575,21.294250113500002,21.160924654500004
Dethloff,CON8-7,Det,8,37.000792575,29.1283538755,29.0765043725,0.051849502999999686,0.6535494620000001,1.318020884,0.0785,0.029,1.0,1.5166911122406919,29.53858018,29.617747108000003
Dethloff,CON8-7,Det,4,29.874406187499996,25.8171913765,25.673564232,0.14362714449999814,0.6338767150000001,0.954253902,0.0855,0.0285,1.0,1.019720729127542,25.8767819825,25.883017155
Dethloff,CON8-7,SAA,7,1.7652363,1.5678272944999998,1.4069515475000003,0.1608757469999995,0.25789775600000003,0.19466439200000002,0.018,0.005,1.0,1.3767585355067933,1.4784754655,1.4618626325
Dethloff,CON8-7,SAA,4,0.27742747500000003,0.26243645600000004,0.26243645600000004,0.0,0.0,0.0,0.0,0.0,1.0,1.0613981577297151,0.271783534,0.271783534
Dethloff,CON8-7,SAA,4,0.8453632999999999,0.623431584,0.5931150540000001,0.030316529999999897,0.043169662000000004,0.033126556,0.0055,0.001,1.0,1.0902895173982203,0.62743259,0.6464338585
Dethloff,CON8-7,SAA,5,1.95838665,1.8684630240000002,1.784526396,0.08393662800000024,0.21170100599999994,0.168587514,0.0165,0.0045,1.0,1.1694556251707118,1.974544137,1.899198247
Dethloff,CON8-7,SAA,4,0.8367514000000001,0.820679512,0.78100246,0.039677052000000046,0.13928045600000002,0.123792704,0.0105,0.0035,1.0,1.1053698534551337,0.9321859039999999,0.830471712
Dethloff,CON8-7,SAA,4,0.3736488875,0.30619565750000005,0.33467494350000004,-0.028479285999999993,-0.010878061999999992,0.019042346,0.0015,0.0005,1.0,1.090286968942788,0.3170737195,0.3170737195
Dethloff,CON8-7,SAA,4,2.5152923250000003,2.0779354935,1.9776075585,0.10032793500000015,0.183737146,0.20128697199999998,0.0135,0.0055,1.0,1.1032761186237767,1.9317290429999998,1.948302042
Dethloff,CON8-7,SAA,4,0.9776799375,0.7178593619999999,0.7239085705,-0.006049208500000125,0.02424764,0.016806932,0.0065,0.0005,1.0,1.0519181639782258,0.791532056,0.7236949525
Dethloff,CON8-7,SAA,4,2.9512088875,2.6215821375000004,2.6031484145,0.018433723000000235,0.15855140700000003,0.22686535200000002,0.0265,0.0075,1.0,1.0235554748914177,2.612048723,2.6192094335
Dethloff,CON8-7,SAA,3,0.07648822499999999,0.060359461999999996,0.060359461999999996,0.0,0.0,0.0,0.0,0.0,1.0,1.024916696951612,0.0599858,0.0599858
Dethloff,CON8-8,Det,5,14.8832607125,11.669220792,10.9500966135,0.7191241785000013,1.6302240150000002,1.608625538,0.1805,0.0515,1.0,1.0567551096083523,11.291766319999999,11.045405691500001
Dethloff,CON8-8,Det,7,40.1225023375,39.531506003000004,39.5363271355,-0.004821132499998271,0.022518308,0.01860341,0.0015,0.0005,1.0,1.2421416778833079,39.650807871,39.8009642145
Dethloff,CON8-8,Det,4,31.97439005,31.127034638,31.0691335485,0.057901089499999614,0.19750170699999997,0.24815409600000002,0.02,0.0075,1.0,1.1053517089725409,31.159143709500004,31.1557268355
Dethloff,CON8-8,Det,5,29.851507912499997,22.79156531,22.4021583225,0.38940698749999925,1.5065372675000004,1.7672168839999998,0.146,0.047,1.0,1.093892284272403,22.401537062000003,22.493406536000002
Dethloff,CON8-8,Det,9,52.37451007499999,50.138511396999995,50.15763817999999,-0.01912678299999726,0.0008554680000000019,0.0,0.0005,0.0,1.0,1.5100047617371508,50.549614059999996,50.4892932625
Dethloff,CON8-8,Det,4,6.7629760249999995,5.4886849060000005,5.284314678499999,0.2043702275000019,0.3642443395,0.39468176800000004,0.0425,0.013,1.0,1.024069574894298,5.765330266,5.503046433
Dethloff,CON8-8,Det,5,21.62057375,15.991423414500002,15.9137730145,0.07765040000000134,0.21161873349999996,0.3902318779999999,0.025,0.0125,1.0,1.069520741918999,16.007452561,15.925125756500002
Dethloff,CON8-8,Det,6,37.014878275,28.400381983500004,28.3831522635,0.017229720000003113,0.086242112,0.07417748,0.005,0.002,1.0,1.2534449496735116,28.6141931595,28.6267333035
Dethloff,CON8-8,Det,5,30.477483462499997,28.260467330499996,27.547643375499995,0.7128239550000011,1.7535990784999995,1.701291296,0.1855,0.053,1.0,1.1106236575574489,28.1401563005,27.518482319
Dethloff,CON8-8,SAA,4,3.078853475,2.810664744,2.6258424,0.18482234400000008,0.427464536,0.446683346,0.037,0.014,1.0,1.064028903701565,2.681778739,2.656689292
Dethloff,CON8-8,SAA,6,2.624539125,2.266285494,1.9858022765,0.2804832174999998,0.3844101345,0.27489320599999995,0.032,0.0065,1.0,1.3018808211163877,2.0697316235000005,2.0690721155
Dethloff,CON8-8,SAA,4,0.4531778000000001,0.3741143825,0.3541598985,0.019954483999999995,0.036303855999999995,0.035274195999999994,0.002,0.001,1.0,1.1260367676507697,0.4072077645,0.3872519785
Dethloff,CON8-8,SAA,3,0.0853592125,0.0722938075,0.0722938075,0.0,0.0,0.0,0.0,0.0,1.0,1.014182245033678,0.0853592125,0.0853592125
Dethloff,CON8-8,SAA,3,2.2602299749999997,1.7352629755000002,1.7307765355000002,0.0044864399999999804,0.004486439999999998,0.0,0.0025,0.0,1.0,1.0584478650187357,1.9332421695000002,1.7846113235000003
Dethloff,CON8-8,SAA,3,0.0,0.0,0.0,0.0,0.0,0.0,0.0,0.0,1.0,1.0430269976260342,0.046298940000000004,0.0
Dethloff,CON8-8,SAA,4,2.7817899625,2.266244032,2.0755667494999996,0.19067728250000027,0.3275198305,0.314510176,0.026,0.0085,1.0,1.0702001052548595,2.2978638455,2.220176114
Dethloff,CON8-8,SAA,5,2.190861575,2.0248515940000003,1.9632980635000001,0.06155353050000012,0.22130430600000006,0.181162794,0.0165,0.0045,1.0,1.1391166074711025,2.122023915,2.0049980145
Dethloff,CON8-8,SAA,3,0.8531176,0.732293003,0.727957428,0.004335575000000036,0.016014043999999998,0.015153554,0.003,0.0005,1.0,1.0114874014915507,0.7246544409999999,0.7396358969999999
Dethloff,CON8-8,SAA,6,0.7782052249999999,0.546710156,0.5650435315,-0.018333375500000026,-0.0023494139999999924,0.0,0.005,0.0,1.0,1.0930597423331125,0.5696332605,0.528178519
Dethloff,CON8-8,SAA,3,1.0661593875,0.9913492330000001,0.9919438155000001,-0.000594582499999996,0.047680296,0.045758346000000005,0.004,0.0015,1.0,1.0258528292770328,1.096259951,1.096259951
Dethloff,CON8-9,Det,8,25.1590655625,19.791913502,19.759700163,0.03221333899999834,0.4755021644999998,0.9279234419999999,0.051,0.021,1.0,1.5092374795492791,19.977766665999997,19.939243498999996
Dethloff,CON8-9,Det,6,12.954781025,9.913471479,9.321292863499998,0.5921786155000017,1.3352502734999998,1.21814147,0.1735,0.0395,1.0,1.0740893799472753,9.597013236,9.477272217
Dethloff,CON8-9,Det,5,29.7683245,28.855645850000002,28.855645850000002,0.0,0.0,0.0,0.0,0.0,1.0,1.1649801621879292,28.954598237,28.936982685
Dethloff,CON8-9,Det,8,33.117457325,29.4078909045,27.7690983365,1.6387925679999995,3.007666212,2.557375716,0.212,0.0555,1.0,1.6543066292116242,28.0988534395,27.593635032999998
Dethloff,CON8-9,Det,4,22.164250775,16.422901526,16.0395181975,0.383383328499999,1.010813292,1.237685744,0.107,0.0395,1.0,1.0512985692914472,16.246896451,16.266646670000004
Dethloff,CON8-9,Det,5,28.274173325000007,22.91640116,20.758882333000003,2.157518826999997,4.652091356000001,4.173493292,0.432,0.107,1.0,1.047125603854429,21.33352035,21.093716673499998
Dethloff,CON8-9,Det,4,33.56623095,26.495067154000004,26.495067154000004,0.0,0.0,0.0,0.0,0.0,1.0,1.1081387964795157,26.643421922500004,26.637279409500007
Dethloff,CON8-9,Det,5,13.858892287500002,12.67792685,12.4838284565,0.1940983935000009,0.4120136255000002,0.7324326200000001,0.075,0.023,1.0,1.0974514141813538,12.6502842985,12.650783225
Dethloff,CON8-9,Det,5,25.845373662500002,18.423549045,17.989399074499996,0.43414997050000537,1.1152084009999998,1.357336092,0.127,0.0435,1.0,1.0430012779605575,17.971695879499997,18.145312281
Dethloff,CON8-9,SAA,3,1.06200405,1.0615320799999999,1.0265686219999999,0.034963458,0.04841342799999999,0.057005718,0.004,0.0015,1.0,1.080139812915812,1.053160492,1.00615689
Dethloff,CON8-9,SAA,5,1.4651233499999998,1.244750834,1.214212302,0.030538532000000007,0.064099008,0.055000914000000005,0.006,0.0015,1.0,1.2152723884540928,1.354512592,1.3029160199999998
Dethloff,CON8-9,SAA,3,1.849977975,1.5775035,1.5133420839999998,0.06416141600000014,0.09372284400000001,0.09170742,0.005,0.003,1.0,1.0340887456451697,1.6572975985000002,1.6099323205
Dethloff,CON8-9,SAA,5,1.4701621125000002,1.3295763444999997,1.2770776005,0.052498743999999764,0.11627935999999998,0.07012912399999999,0.011,0.002,1.0,1.3285765373242582,1.289920946,1.3276372390000002
Dethloff,CON8-9,SAA,4,2.5680401625000004,2.554873934,2.5528278290000004,0.0020461049999997982,0.026166968,0.02235326,0.0015,0.0005,1.0,1.1026344678864344,2.6385664120000003,2.6015840605000005
Dethloff,CON8-9,SAA,4,3.2364587124999997,2.783233735,2.696473043,0.08676069199999992,0.19683809199999996,0.181773262,0.023,0.0055,1.0,1.0637733214816156,2.7954075325000005,2.758179355
Dethloff,CON8-9,SAA,3,3.5945248750000003,3.076787675,3.0457756605,0.031012014499999907,0.20795145450000008,0.18415492800000002,0.029,0.006,1.0,1.0539787029084158,3.0507671585,3.0388566760000004
Dethloff,CON8-9,SAA,3,0.2934912875,0.308944259,0.308944259,0.0,0.0,0.0,0.0,0.0,1.0,1.0785531877913581,0.2934912875,0.2934912875
Dethloff,CON8-9,SAA,5,2.4505563375,1.7641915574999998,1.799603403,-0.035411845500000316,-0.03541184550000002,0.03701622399999999,0.0045,0.001,1.0,1.157107203483297,1.8142957905000001,1.7876895819999998
Dethloff,CON8-9,SAA,3,0.0287006625,0.0595332985,0.0595332985,0.0,0.0,0.0,0.0,0.0,1.0,1.01444586184587,0.0287006625,0.0287006625
Dethloff,CON8-9,SAA,3,0.0526618,0.067996104,0.067996104,0.0,0.0,0.0,0.0,0.0,1.0,1.0197968613437616,0.0526618,0.0526618
Dethloff,CON8-9,SAA,4,1.9791444624999999,1.5568415455000002,1.5459207445000003,0.010920800999999924,0.035798889999999986,0.031617616,0.0055,0.001,1.0,1.0432698608749846,1.654589411,1.657058944
Dethloff,CON8-9,SAA,3,3.4468209499999998,2.8738157119999994,2.864498328,0.009317383999999596,0.07474926000000003,0.08013949,0.0165,0.0025,1.0,1.0488141414654333,2.951731625,2.949204922
Dethloff,SCA3-0,Det,12,15.913638474999999,11.616388083499999,9.457873735999998,2.1585143475000006,3.2711039685000007,2.111454806,0.253,0.0515,1.0,1.4388975317376533,10.4573902595,9.539701605
Dethloff,SCA3-0,Det,17,32.6733516875,24.587547846,18.278031043000002,6.3095168029999975,8.451908484499999,5.163687786000001,0.5345,0.1215,1.0,1.4660985035634624,20.3780361405,18.589218754
Dethloff,SCA3-0,Det,10,0.36278612499999996,0.34118582599999997,0.258320587,0.08286523899999998,0.11077186399999997,0.078010142,0.007,0.002,1.0,1.440783415961764,0.35746778599999995,0.290583127
Dethloff,SCA3-0,Det,11,13.4766002375,10.150286530999997,8.4820847125,1.6682018184999965,2.3756351334999994,1.368282414,0.1725,0.03,1.0,1.4548914486258386,9.406957835999998,8.7109784265
Dethloff,SCA3-0,SAA,13,3.978957675,3.115191506,2.6315893725,0.4836021334999998,0.7567129839999999,0.5189619759999999,0.056,0.013,1.0,1.332991329055298,2.8115319425,2.779341149
Dethloff,SCA3-0,SAA,10,0.36278612499999996,0.34118582599999997,0.258320587,0.08286523899999998,0.11077186399999997,0.078010142,0.007,0.002,1.0,1.440783415961764,0.35746778599999995,0.290583127
Dethloff,SCA3-0,SAA,9,3.2842100625,2.5955963790000003,2.223597188,0.37199919100000045,0.590904004,0.530276456,0.0405,0.0125,1.0,1.3166499052952063,2.4899517435,2.2776322430000002
Dethloff,SCA3-0,SAA,11,3.426335275,2.5728137589999998,1.9982259539999998,0.574587805,0.6970236439999999,0.41493389599999997,0.053,0.011,1.0,1.4346603905840434,2.2851440414999997,2.0971322545000004
Dethloff,SCA3-0,SAA,7,1.36398515,1.151579058,1.001147127,0.15043193099999996,0.2078947165,0.15319126,0.0185,0.004,1.0,1.2763136382978915,1.239549769,1.0154787995
Dethloff,SCA3-1,Det,16,13.6538060625,9.354345414,7.673803209,1.680542205000001,2.4311643965,2.117500128,0.1415,0.042,1.0,1.5585661521368277,8.1872280215,7.7286725415
Dethloff,SCA3-1,Det,15,43.251298362499995,30.478502741999996,27.064475333999994,3.4140274080000026,7.267257438500001,5.859456013999999,0.425,0.1175,1.0,1.6209882356012801,28.014282949000002,27.089033975
Dethloff,SCA3-1,Det,15,63.653349399999996,52.7733702855,52.493276166,0.2800941194999993,1.0477363395000001,1.544269226,0.078,0.0305,1.0,1.6070792193656902,53.840811858,52.721111713999996
Dethloff,SCA3-1,Det,4,0.0,0.0,0.0,0.0,0.0,0.0,0.0,0.0,1.0,1.058463492819129,0.0,0.0
Dethloff,SCA3-1,SAA,14,2.2117968500000003,1.6073827455,1.3088909975,0.298491748,0.3750831045,0.251788096,0.033,0.0055,1.0,1.4907584182011633,1.516383184,1.4281531024999998
Dethloff,SCA3-1,SAA,12,3.2786538375,2.748177277,2.1861667945,0.5620104824999999,0.7915272224999998,0.5431317320000001,0.0575,0.014,1.0,1.3787701363408527,2.9538498790000003,2.3831204870000002
Dethloff,SCA3-1,SAA,7,0.6618474750000001,0.5924865935,0.5484256455,0.044060948000000044,0.10198125199999997,0.07978993399999999,0.008,0.002,1.0,1.252970291514203,0.5339245459999999,0.548824752
Dethloff,SCA3-1,SAA,9,4.2311981125,3.374004876,2.899109947,0.47489492899999997,0.6720373919999999,0.297960654,0.061,0.0075,1.0,1.331504543281664,2.8908585239999995,3.0165735519999997
Dethloff,SCA3-1,SAA,8,2.0782528624999994,1.7558533139999999,1.5007792679999998,0.25507404600000005,0.37830419600000004,0.254645024,0.0275,0.0065,1.0,1.3299778477674469,1.7028532095,1.5348065754999998
Dethloff,SCA3-2,Det,14,34.9942048125,26.435572615999998,20.159368043,6.276204572999998,8.90867085,6.178099071999999,0.5855,0.142,1.0,1.4146567542467834,21.5902140825,20.4490847775
Dethloff,SCA3-2,Det,12,2.3601709,1.987193858,1.6593036089999997,0.3278902490000002,0.528579056,0.32839142000000004,0.04,0.008,1.0,1.500644613695894,1.8410287629999997,1.684324903
Dethloff,SCA3-2,Det,13,32.07981815,23.044883244,18.806056923,4.238826321000001,6.610883243999999,4.583787609999999,0.4875,0.103,1.0,1.3922997912395412,19.477099447,18.730171445499998
Dethloff,SCA3-2,Det,11,6.7522000625,5.3765466989999995,4.0330160390000005,1.343530659999999,1.67257084,1.1608384,0.1275,0.0295,1.0,1.449184733817749,4.499899661,4.0735066735
Dethloff,SCA3-2,SAA,11,1.9666879499999999,1.6545408609999999,1.200927271,0.4536135899999998,0.5428742319999998,0.297789628,0.0345,0.007,1.0,1.4230188069229202,1.5566837519999999,1.4224663855
Dethloff,SCA3-2,SAA,11,3.9230509250000005,3.3136204209999995,2.5218662954999997,0.7917541254999998,1.0579531299999998,0.7316118999999999,0.068,0.0175,1.0,1.400326809278763,2.626453821,2.598504572
Dethloff,SCA3-2,SAA,10,2.9873377124999996,2.5117861730000004,1.9993792870000002,0.5124068860000002,0.693038376,0.482650944,0.0455,0.012,1.0,1.2978050448861516,2.2270304084999997,2.002748491
Dethloff,SCA3-2,SAA,9,2.6949003499999997,2.2737166485,1.8791526175,0.39456403100000026,0.5827378215000001,0.45536515,0.0435,0.0115,1.0,1.2896865146973246,1.9922972185,2.05204387
Dethloff,SCA3-2,SAA,9,3.8382682125,2.978677431,2.633642413,0.3450350179999999,0.6314155859999999,0.501371288,0.063,0.014,1.0,1.210264119118231,2.6801529045000003,2.7710434625
Dethloff,SCA3-3,Det,13,31.16840235,21.762749985,19.361034742999998,2.4017152420000016,4.989891384500001,2.9648498840000004,0.3755,0.0665,1.0,1.572029822472995,19.837958284,19.4382472035
Dethloff,SCA3-3,Det,19,42.5175945375,30.863274539999995,24.901716984500002,5.9615575554999936,9.732274774499999,8.165248878,0.4055,0.1395,1.0,1.8769049865976373,25.5628648555,24.804313495
Dethloff,SCA3-3,Det,12,43.2381026125,28.516061766,28.208759723,0.30730204299999997,1.4742319639999997,2.714939922,0.1475,0.0615,1.0,1.4705431349662825,28.7175230955,28.0005143315
Dethloff,SCA3-3,Det,6,0.0,0.0,0.0,0.0,0.0,0.0,0.0,0.0,1.0,1.0860503103560928,0.0,0.0
Dethloff,SCA3-3,SAA,10,2.079595525,1.8165625355000001,1.4777690364999998,0.33879349900000033,0.4595576440000001,0.320309974,0.031,0.0085,1.0,1.38800817809593,1.75028643,1.5764824104999997
Dethloff,SCA3-3,SAA,8,1.6879285875,1.5758813660000002,1.2755117650000003,0.3003696009999999,0.4632292880000001,0.35401108400000003,0.0305,0.0095,1.0,1.3262206567724062,1.3939941374999998,1.3374805525000002
Dethloff,SCA3-3,SAA,11,2.8799343375,2.329341758,1.814251252,0.515090506,0.684318276,0.376677798,0.0495,0.009,1.0,1.5531960639025606,2.0536752665,1.9499452139999998
Dethloff,SCA3-3,SAA,9,2.5950502125000003,2.2366807554999997,1.8914334365,0.3452473189999996,0.6013605940000001,0.450984466,0.0505,0.013,1.0,1.2573987515019984,2.0607388395,1.8942689915000002
Dethloff,SCA3-3,SAA,12,0.5700864750000001,0.485133101,0.449864332,0.03526876900000003,0.10224780900000001,0.07911520400000001,0.008,0.002,1.0,1.4198435707052364,0.47183405200000006,0.467718744
Dethloff,SCA3-4,Det,4,0.0,0.0,0.0,0.0,0.0,0.0,0.0,0.0,1.0,1.0678399555503153,0.0,0.0
Dethloff,SCA3-4,Det,16,47.35116815,39.520464474,38.060132444000004,1.4603320299999965,5.074471805499999,4.272396103999999,0.306,0.086,1.0,1.5443955488010557,38.9909050665,38.123726825999995
Dethloff,SCA3-4,Det,15,38.505614037499996,27.378015883499998,23.2031384425,4.174877441,7.4217323424999995,5.31476844,0.4625,0.111,1.0,1.4921887398909446,24.621464318499996,23.637772031499996
Dethloff,SCA3-4,Det,15,21.550799975,16.516853018,12.557814313,3.9590387049999993,5.603665917999999,3.7585927499999996,0.3255,0.0795,1.0,1.5264239159672148,13.531823520499998,12.9876742285
Dethloff,SCA3-4,SAA,10,0.17116991250000002,0.10420994800000001,0.09681298599999999,0.007396962000000021,0.01033764,0.0,0.002,0.0,1.0,1.3620828987216853,0.17116991250000002,0.17116991250000002
Dethloff,SCA3-4,SAA,7,1.7474024250000002,1.4278946080000001,1.21226844,0.21562616800000023,0.35427682800000004,0.272012106,0.0295,0.0075,1.0,1.22051052096306,1.3228144535000002,1.2343735630000001
Dethloff,SCA3-4,SAA,8,3.3416803,2.7254904019999997,2.2739210409999995,0.4515693610000002,0.6524113760000001,0.433232938,0.0575,0.0115,1.0,1.291167980754862,2.4310013179999994,2.3457606694999993
Dethloff,SCA3-4,SAA,12,2.6361133499999996,2.1909126415,1.714005399,0.4769072425000003,0.6501975179999998,0.32695120199999994,0.0415,0.0075,1.0,1.455128737922816,1.9907509110000001,1.755646376
Dethloff,SCA3-4,SAA,13,3.3173279124999997,2.8117054159999997,2.2673205035,0.5443849124999995,0.8142959439999999,0.6454412660000001,0.056,0.0155,1.0,1.3962164279061646,2.5802855439999997,2.3687410835000002
Dethloff,SCA3-5,Det,17,38.319612812500004,29.108306232000004,21.741050192499998,7.367256039500006,10.117254694000001,6.800656972,0.598,0.1465,1.0,1.442369810254598,24.231794845,21.829695789
Dethloff,SCA3-5,Det,16,52.39202675000001,41.05181627600001,39.738478908999994,1.3133373670000168,3.8124503720000003,3.6596563480000004,0.196,0.0715,1.0,1.8330890221520633,40.6249619885,39.83730249400001
Dethloff,SCA3-5,Det,13,47.541581412499994,31.015772944,29.119550746499996,1.896222197500002,3.8472694709999997,4.043252602,0.272,0.0865,1.0,1.4049159009200487,29.669017708,29.1160740095
Dethloff,SCA3-5,Det,4,0.0,0.0,0.0,0.0,0.0,0.0,0.0,0.0,1.0,1.0211721662454292,0.0,0.0
Dethloff,SCA3-5,SAA,12,4.0581129250000005,3.4773720015,2.8731820279999996,0.6041899735000005,0.9595162779999998,0.530951302,0.063,0.0115,1.0,1.6074128637472775,3.0970804705,2.8768638165
Dethloff,SCA3-5,SAA,9,1.8886909,1.569644974,1.395653319,0.17399165500000002,0.254916476,0.20031321800000002,0.0215,0.005,1.0,1.2133909060186785,1.608250908,1.54792679
Dethloff,SCA3-5,SAA,8,0.495443475,0.3429483095,0.34150291499999996,0.0014453945000000301,0.03282130399999998,0.015805351999999998,0.007,0.0005,1.0,1.1990326065162333,0.35206223350000004,0.34746968400000006
Dethloff,SCA3-5,SAA,13,3.4081403499999996,2.5374606584999997,2.098612829,0.4388478294999998,0.6340851235,0.40270761199999994,0.0515,0.0095,1.0,1.4618563467855743,2.2799632595,2.2551973819999995
Dethloff,SCA3-5,SAA,8,2.303475575,1.7377880525,1.544182986,0.19360506649999998,0.28276810649999995,0.281078988,0.0325,0.0075,1.0,1.228419388413823,1.505092587,1.527464045
Dethloff,SCA3-6,Det,13,4.21605205,3.588009309,2.8210513335,0.7669579755,1.1762292870000002,0.812556786,0.075,0.0195,1.0,1.4459979562203515,3.181809921,2.8106085684999997
Dethloff,SCA3-6,Det,11,28.383654162499997,20.670594563999998,18.5470260805,2.123568483499998,4.501001201999999,4.086459208,0.3225,0.082,1.0,1.4605015437305544,19.28185633,18.8327087055
Dethloff,SCA3-6,Det,10,0.11768328750000001,0.12999426,0.09106397,0.038930290000000006,0.054557364000000004,0.048904278,0.003,0.0015,1.0,1.3456384750767925,0.17615404,0.093147526
Dethloff,SCA3-6,Det,16,36.291572262500004,23.881507282999998,20.5579381295,3.3235691534999994,6.0816497620000005,4.831216968,0.4815,0.1065,1.0,1.510562120374337,21.068881764999997,20.710305994000002
Dethloff,SCA3-6,SAA,11,3.5683459374999997,3.0868466939999997,2.3912200395,0.6956266544999998,0.976038956,0.7628599699999999,0.068,0.02,1.0,1.2372832703314038,2.673179918,2.4760038695000004
Dethloff,SCA3-6,SAA,9,1.1546050125,1.0769029149999998,0.8414054165,0.2354974984999998,0.37930429800000004,0.31083079799999996,0.0215,0.0075,1.0,1.3290612810007814,1.1092715485,0.917257621
Dethloff,SCA3-6,SAA,12,1.07096875,0.984046699,0.745496518,0.23855018099999992,0.316263554,0.252483878,0.0185,0.0065,1.0,1.4123690239812579,0.905682123,0.801746279
Dethloff,SCA3-6,SAA,9,0.16016519999999998,0.121139394,0.11832338399999999,0.0028160100000000077,0.004166346000000004,0.0,0.001,0.0,1.0,1.334978721085978,0.136178084,0.13221265999999998
Dethloff,SCA3-6,SAA,9,0.34796846249999996,0.38634556899999994,0.265202178,0.12114339099999993,0.15499750399999995,0.12743355199999998,0.008,0.0035,1.0,1.3197996548388526,0.430906471,0.26492821799999994
Dethloff,SCA3-7,Det,5,0.0,0.016827656,0.0,0.016827656,0.016827656,0.016827656,0.0005,0.0005,1.0,1.1016671873710886,0.0,0.0
Dethloff,SCA3-7,Det,14,26.122969750000003,20.032934332000004,15.6982150555,4.334719276500003,6.272696918499999,3.347763602,0.428,0.077,1.0,1.654217030217091,16.506911217000003,15.937942578500001
Dethloff,SCA3-7,Det,16,58.93589586250001,53.59604601,52.3649496905,1.2310963195000042,3.270786615,2.933199854,0.1935,0.0605,1.0,1.644572094855887,52.757405061,52.351441774
Dethloff,SCA3-7,Det,15,52.1301738,33.12362815550001,31.129809556000005,1.9938185995000026,3.672530427,4.265189828,0.217,0.0905,0.9995,1.4800886012205734,31.8052526495,31.466536699000002
Dethloff,SCA3-7,SAA,9,2.8067015124999997,2.4080183734999996,2.0594996175,0.3485187559999994,0.6186233760000001,0.526423944,0.0425,0.0135,1.0,1.1972125066005936,2.0180202704999997,2.0358441185
Dethloff,SCA3-7,SAA,7,2.5360225124999998,2.336829808,1.9387386745,0.39809113350000014,0.5789474569999999,0.396148258,0.039,0.01,1.0,1.396887793459815,2.113637592,1.9669743610000001
Dethloff,SCA3-7,SAA,11,2.2791103625,2.0808006844999998,1.5572477100000002,0.5235529744999996,0.7279665439999999,0.542617934,0.0465,0.014,1.0,1.4211972291517854,2.0009053275,1.715174878
Dethloff,SCA3-7,SAA,12,2.1207801374999997,1.9652562130000002,1.422408375,0.5428478380000001,0.79942463,0.671877794,0.042,0.017,1.0,1.4040014373269292,1.48742121,1.4241795615000001
Dethloff,SCA3-7,SAA,11,3.3656953625,2.929966951,2.129223559,0.8007433919999998,1.0583220695,0.8332670520000001,0.0695,0.021,1.0,1.3639447627753636,2.360553386,2.1552553129999996
Dethloff,SCA3-8,Det,11,2.1753644875,1.6630416880000003,1.409404187,0.25363750100000026,0.42820243299999994,0.27568637,0.034,0.0065,1.0,1.383285739908706,1.5517681630000002,1.5691541434999998
Dethloff,SCA3-8,Det,17,52.840616600000004,43.342198982999996,40.252106194499994,3.0900927885000016,6.006306129,5.539204152,0.323,0.102,1.0,1.7423380241003374,41.1850707415,40.5835673455
Dethloff,SCA3-8,Det,15,33.438224149999996,27.871047496500005,19.324995631500002,8.546051865000003,11.246542949,7.8773260800000005,0.569,0.168,1.0,1.5163711142556509,21.432476396,19.923379306
Dethloff,SCA3-8,Det,7,0.0,0.0,0.0,0.0,0.0,0.0,0.0,0.0,1.0,1.1359571027039987,0.0,0.0
Dethloff,SCA3-8,SAA,14,2.8615123,2.2760684005000003,1.9871415669999999,0.28892683350000037,0.533150774,0.29412686,0.039,0.0065,1.0,1.74802799377474,2.453597272,2.002284221
Dethloff,SCA3-8,SAA,11,0.26572548749999997,0.20860636749999997,0.193144409,0.015461958499999984,0.045673731999999995,0.035151928,0.0035,0.001,1.0,1.3860063099688957,0.21112720200000004,0.223819166
Dethloff,SCA3-8,SAA,8,1.6022188375000002,1.1737791875,1.148051785,0.02572740250000005,0.13992094800000002,0.10143502799999998,0.019,0.003,1.0,1.1868158167259415,1.2488314255,1.1749699394999997
Dethloff,SCA3-8,SAA,9,0.4909989,0.396109947,0.339856235,0.05625371200000001,0.07474568999999999,0.054106398,0.008,0.0015,1.0,1.2948714409838218,0.3983043755,0.438643526
Dethloff,SCA3-8,SAA,8,1.7731172874999996,1.421508842,1.177359326,0.244149516,0.3373417119999999,0.264764518,0.027,0.007,1.0,1.2131853419326886,1.5248760739999998,1.1489123785000002
Dethloff,SCA3-9,Det,15,38.425645925,27.131027723499997,22.753887367,4.377140356499996,7.797470647000001,5.383099690000001,0.494,0.1135,1.0,1.5561885100448003,23.892149401500003,22.8163022575
Dethloff,SCA3-9,Det,16,45.2957261875,36.024076042,34.877893948,1.1461820939999967,1.9304006545000008,2.5679129720000002,0.1475,0.0545,1.0,1.540878712574473,35.531680627,35.047646916
Dethloff,SCA3-9,Det,13,17.1232762,13.438182384,10.1717413535,3.2664410304999993,4.4683263769999995,3.01790571,0.297,0.072,1.0,1.4080961830622054,10.942614902,10.3819545085
Dethloff,SCA3-9,Det,6,0.0270739875,0.0270739875,0.0270739875,0.0,0.0,0.0,0.0,0.0,1.0,1.2451190986269158,0.0270739875,0.0270739875
Dethloff,SCA3-9,SAA,9,2.500674975,2.2574481690000003,1.810677258,0.44677091100000044,0.5983684045,0.41429417999999996,0.042,0.0105,1.0,1.3912061071364514,2.06020173,1.954572638
Dethloff,SCA3-9,SAA,10,1.34056425,0.9531731375,0.8925832264999999,0.06058991100000011,0.11949922800000007,0.060238494000000004,0.0185,0.0015,1.0,1.222145487268539,1.009783747,0.962902513
Dethloff,SCA3-9,SAA,9,4.12046055,3.4604823774999995,2.8633894265,0.5970929509999996,0.8492290580000001,0.552004292,0.0665,0.014,1.0,1.2816149671153023,3.2318000235,2.9287258560000002
Dethloff,SCA3-9,SAA,10,2.644514875,2.2123845025,1.8364603785,0.37592412399999997,0.6136467049999998,0.49505962,0.048,0.013,1.0,1.2805150187989813,2.0343848125,2.0183407225
Dethloff,SCA3-9,SAA,12,2.4783668125000005,2.1100668635,1.743290625,0.3667762385000002,0.5571194580000001,0.2995612200000001,0.0405,0.0075,1.0,1.580267806565249,2.1464901085,1.757310156
Dethloff,SCA8-0,Det,8,29.742251887500004,23.6476103855,23.2910777555,0.3565326299999967,2.289774950499999,2.0644430439999994,0.1615,0.0475,1.0,1.3198124265025848,23.049312333499998,23.253079802
Dethloff,SCA8-0,Det,3,31.272323775,30.533280981000004,30.396786054000003,0.1364949270000011,0.323683401,0.39607238,0.0295,0.011,1.0,1.010647924744291,30.413594445,30.438591721000005
Dethloff,SCA8-0,Det,5,27.5027492875,22.422345236500004,21.257109816000003,1.1652354205000002,2.9455994625,2.9069561160000004,0.3035,0.0855,1.0,1.0429347815447503,21.582941701,21.674120675
Dethloff,SCA8-0,Det,9,34.587870949999996,25.2693757665,22.9600503265,2.309325440000002,5.321316392500001,5.332298128000001,0.471,0.1345,1.0,1.162263007257535,23.323673641000003,23.182384552
Dethloff,SCA8-0,Det,5,25.975861225,20.316669341,19.2206607085,1.096008632500002,2.3066012860000007,2.2331744400000004,0.2945,0.0615,0.999,1.1168815683246762,19.7180638685,19.328315154
Dethloff,SCA8-0,Det,3,31.845945249999996,31.855408761,31.855408761,0.0,0.0,0.0,0.0,0.0,1.0,1.0832103113774891,31.8790675385,31.8790675385
Dethloff,SCA8-0,Det,7,36.78217385,33.6018402335,32.553056367,1.0487838664999956,2.3918429515,2.1436845939999998,0.193,0.058,1.0,1.2778712724876873,33.044068962000004,32.5541292675
Dethloff,SCA8-0,Det,5,12.143233899999998,10.085597296,9.572541435000002,0.513055860999998,1.020790559,1.245728956,0.0985,0.0295,1.0,1.1792464952868928,9.9406531135,9.8408585025
Dethloff,SCA8-0,Det,5,38.3504625625,37.54643442,37.490640012499995,0.05579440750000231,0.07247677349999998,0.08564724999999998,0.005,0.0025,1.0,1.1963529100199477,37.489375170500004,37.53817413849999
Dethloff,SCA8-0,SAA,6,1.1849567125,1.0142887114999999,0.9565333945,0.05775531699999992,0.160441896,0.124857516,0.0135,0.003,1.0,1.178896834425577,1.0787273105,0.9735778454999999
Dethloff,SCA8-0,SAA,7,1.6629496625000002,1.2972821485,1.19029552,0.10698662849999985,0.137584844,0.132005678,0.006,0.0035,1.0,1.2029629996885065,1.3064066039999997,1.3017961224999999
Dethloff,SCA8-0,SAA,3,1.1723652750000002,1.0421086599999998,1.0421086599999998,0.0,0.0,0.0,0.0,0.0,1.0,1.075062364004646,1.1723652750000002,1.1723652750000002
Dethloff,SCA8-0,SAA,6,2.0767733500000003,1.8990585739999999,1.704560136,0.19449843799999988,0.371378624,0.31955809599999996,0.0255,0.0085,1.0,1.1765459636467182,1.7171867979999997,1.73784511
Dethloff,SCA8-0,SAA,3,2.346728825,2.096179052,2.00208382,0.09409523199999992,0.09409523200000001,0.09080590000000001,0.0035,0.0025,1.0,1.0995770657173785,2.0318462865,2.0318462865
Dethloff,SCA8-0,SAA,4,0.0602884875,0.054930971999999995,0.054930971999999995,0.0,0.0,0.0,0.0,0.0,1.0,1.0587753356724354,0.168631914,0.08850821300000002
Dethloff,SCA8-0,SAA,4,3.1880115249999994,2.7354799540000005,2.673853782,0.06162617200000042,0.131336996,0.12194823199999999,0.014,0.0035,1.0,1.0809882270830453,2.7220258759999996,2.647251583
Dethloff,SCA8-0,SAA,4,2.3922308624999995,2.3605458909999997,2.246011886,0.11453400499999988,0.20868528,0.19439341799999998,0.0155,0.006,1.0,1.0796421069309228,2.2846329475,2.2419274975
Dethloff,SCA8-0,SAA,3,3.5064397250000003,2.9440090135,2.7756641260000006,0.16834488749999954,0.24749398699999997,0.13719519800000002,0.024,0.0035,1.0,1.1838906230406225,2.954115055,2.8191469774999995
Dethloff,SCA8-1,Det,6,24.4943039,19.464439396,17.7339568535,1.730482542499999,3.0077306180000005,2.9252215079999995,0.23,0.0765,1.0,1.186531837886511,18.241776485499997,17.965861852499998
Dethloff,SCA8-1,Det,6,35.0762713125,34.2611581495,34.08966234350001,0.1714958059999887,0.913430302,0.861094432,0.0575,0.022,1.0,1.116914504909262,33.971176211,33.947604699
Dethloff,SCA8-1,Det,10,17.6598434625,13.9271659915,13.774723383500001,0.15244260799999942,2.3668577080000004,2.3638737100000005,0.1685,0.0535,1.0,1.312750846985111,13.921726525000002,13.742566319500002
Dethloff,SCA8-1,Det,5,33.97046305,25.816837700000004,25.473953878,0.34288382200000456,1.6872581675000005,2.3115838139999996,0.1745,0.06,1.0,1.1171013561263665,25.584773210499996,25.418627419999996
Dethloff,SCA8-1,Det,6,34.8891814875,29.8909480655,29.897026456500004,-0.006078391000002625,0.02754923400000002,0.09849413800000001,0.0055,0.0025,1.0,1.1991035428502541,29.814642670500003,29.814642670500003
Dethloff,SCA8-1,Det,3,19.0797698375,15.359725159499998,15.348677114500003,0.011048044999995454,0.0,0.0,0.0,0.0,0.998,1.0397004829262844,15.417339155999999,15.401693704
Dethloff,SCA8-1,Det,5,32.73189442499999,26.784052521,26.4982169665,0.2858355545000002,0.7122509939999998,1.302623308,0.0715,0.031,1.0,1.2291410952856667,26.472733683999998,26.477354767499996
Dethloff,SCA8-1,Det,4,26.0528944875,19.522243996499995,19.610865137499996,-0.08862114100000085,0.02961600899999995,0.25200381,0.0205,0.0075,1.0,1.0613954941157249,19.497730409999996,19.7248665625
Dethloff,SCA8-1,Det,5,39.2185981875,38.145417685,38.179895441999996,-0.034477756999997666,0.0,0.0,0.0,0.0,0.996,1.2187581147354996,38.2274440585,38.216349019999996
Dethloff,SCA8-1,SAA,3,2.0132436375,1.8739880345000002,1.8036333525,0.07035468200000028,0.10500004200000003,0.10427206800000001,0.0095,0.003,1.0,1.0032326406768468,1.9186124095000001,1.8831830774999998
Dethloff,SCA8-1,SAA,5,1.6945307375,1.4342596060000001,1.4227711145,0.011488491500000197,0.04382415400000001,0.037062868,0.0085,0.001,1.0,1.0989081543113182,1.452333604,1.412882286
Dethloff,SCA8-1,SAA,4,3.2609649,2.6446369329999997,2.4938116385000004,0.15082529449999926,0.26538028199999997,0.23635690799999998,0.0195,0.006,1.0,1.1032314277480226,2.592535141,2.4452752865000003
Dethloff,SCA8-1,SAA,6,0.2575180125,0.240047362,0.2298576425,0.0101897195,0.039969411999999996,0.038375613999999995,0.0015,0.001,1.0,1.207995116957934,0.2893431405,0.1951977925
Dethloff,SCA8-1,SAA,7,1.5053950875,1.0405049090000003,1.0024916910000001,0.038013218000000126,0.06383102199999999,0.038399038,0.013,0.001,1.0,1.1790286234722143,1.0859507440000002,1.1304641055000002
Dethloff,SCA8-1,SAA,5,3.0659758125,2.4498562635,2.4205191679999998,0.0293370955000003,0.21480646199999995,0.106520172,0.028,0.003,1.0,1.180430167563845,2.5567499454999996,2.3841876899999996
Dethloff,SCA8-1,SAA,4,0.702988225,0.7080541370000001,0.7015666065,0.0064875305000000605,0.037561941999999994,0.036610552,0.002,0.001,1.0,1.0291093281605606,0.6880687335,0.6880687335
Dethloff,SCA8-1,SAA,3,3.5656916124999998,3.2588082885,3.2588082885,0.0,0.0,0.0,0.0,0.0,1.0,1.1577076457799957,3.340478504,3.247392549
Dethloff,SCA8-1,SAA,3,1.8654545125,1.731028409,1.7322149905000002,-0.0011865815000000612,0.010883080499999998,0.020287886,0.002,0.0005,1.0,1.1242729839695993,1.793091614,1.793091614
Dethloff,SCA8-2,Det,7,24.42459455,20.0956194235,19.211057499499997,0.8845619240000033,1.9946075684999995,2.4344120000000005,0.1985,0.0635,1.0,1.2154521619204572,19.6085743535,19.318572881999998
Dethloff,SCA8-2,Det,6,31.412447625000002,23.579939452999998,23.005718064499998,0.5742213884999998,1.5425161109999999,2.113235472,0.1415,0.0615,1.0,1.1001683776141835,23.201747846000004,23.193058332
Dethloff,SCA8-2,Det,5,33.183682975,25.238014896000003,23.9857900545,1.2522248415000021,3.436635008000001,3.0500546820000003,0.376,0.078,1.0,1.1386746067630986,25.1336434805,24.154412649500003
Dethloff,SCA8-2,Det,6,14.813859012500002,11.818799668,11.708353108999999,0.11044655900000144,0.5557823464999999,0.934884748,0.0555,0.0235,1.0,1.1796910501794626,11.8569066125,11.841439643499998
Dethloff,SCA8-2,Det,5,6.670029574999999,4.9569829235,4.6637875365,0.2931953869999999,0.5119107434999999,0.5911580979999999,0.058,0.0175,1.0,1.1124538894860097,4.761382487499999,4.718262267499999
Dethloff,SCA8-2,Det,3,25.643083687500003,21.1077209655,20.818582644000003,0.28913832149999763,0.5977672005,0.8789365,0.0505,0.025,1.0,1.0126693045593111,20.826681750000002,20.7956561745
Dethloff,SCA8-2,Det,5,26.357037875000003,19.741700350500004,18.9361554615,0.8055448890000036,2.1073087319999995,2.063880914,0.1745,0.0545,1.0,1.1713056255299596,19.6516447905,19.0583387065
Dethloff,SCA8-2,Det,5,12.8941403375,10.787010428,10.531811859000001,0.25519856899999915,0.6379742889999999,0.8222669499999999,0.0715,0.0235,1.0,1.1252056039994331,10.4364525725,11.030180534500001
Dethloff,SCA8-2,Det,5,38.318375512500005,31.148820235,31.158005864499994,-0.009185629499995684,0.18631204649999988,0.6029681519999999,0.0385,0.015,1.0,1.1415935005405158,31.147706988,31.491835797499995
Dethloff,SCA8-2,Det,3,3.28491,3.1711976459999995,3.1650193439999996,0.006178301999999913,0.22670319399999994,0.222742744,0.0195,0.007,1.0,1.0100571503737545,3.1921833339999997,3.1818386440000004
Dethloff,SCA8-2,SAA,3,0.7114945125,0.6236439965,0.6508530775,-0.02720908099999997,-0.027209081000000003,0.0,0.002,0.0,1.0,1.0285166941593444,0.602116043,0.602116043
Dethloff,SCA8-2,SAA,3,2.73742425,2.1416450750000005,2.1438828759999997,-0.002237800999999262,0.01100672999999999,0.0,0.0105,0.0,1.0,1.0305236169155336,2.414430778,2.26847466
Dethloff,SCA8-2,SAA,4,2.12722105,1.8995748500000003,1.85493309,0.0446417600000002,0.061888234,0.037768834,0.0085,0.001,1.0,1.121050134653611,1.8764196205,1.848512519
Dethloff,SCA8-2,SAA,3,1.2025812,1.0192193364999997,1.0192193364999997,0.0,0.0,0.0,0.0,0.0,1.0,1.0596723750904484,1.0980800450000001,1.1104910479999999
Dethloff,SCA8-2,SAA,3,2.9274201875,2.5613945345,2.5775283234999997,-0.01613378899999951,-0.01613378899999999,0.050730126,0.004,0.0015,1.0,1.045394230724054,2.5586340505,2.5720068335
Dethloff,SCA8-2,SAA,5,1.9959754625000001,1.6392983145,1.6454187770000002,-0.006120462500000201,-0.004691598500000008,0.054634985999999996,0.0075,0.0015,1.0,1.2192757396365614,1.7361762305,1.6363974364999998
Dethloff,SCA8-2,SAA,3,1.9491985500000002,1.7726624250000003,1.7345416420000002,0.0381207830000001,0.03812078300000001,0.05138937600000001,0.0025,0.0015,1.0,1.0367459170598037,1.7726624250000003,1.806804322
Dethloff,SCA8-2,SAA,3,1.5014066,1.2448498905,1.2438891945000001,0.0009606959999999276,0.018637525999999998,0.017917004,0.002,0.0005,1.0,1.0135869383820515,1.3707015905,1.271607
Dethloff,SCA8-2,SAA,3,0.9097266625,0.7921344665,0.7921344665,0.0,0.0,0.0,0.0,0.0,1.0,1.0448327951328324,0.8851419039999999,0.835669546
Dethloff,SCA8-2,SAA,5,0.9180137375,0.7536490730000001,0.695288463,0.058360610000000035,0.12018068800000001,0.09539422,0.0105,0.0025,1.0,1.1382606417870416,0.785145053,0.7524570719999999
Dethloff,SCA8-2,SAA,5,3.9543768,2.995351675,2.7580330285,0.23731864650000034,0.346462788,0.368585648,0.027,0.0095,1.0,1.1238812969978373,2.9235715335,2.8751136195
Dethloff,SCA8-2,SAA,4,0.5325033875,0.4054891535,0.4139116075,-0.008422454000000024,0.007280346000000005,0.016989578,0.002,0.0005,1.0,1.0835463738951014,0.39395856349999997,0.44281851200000005
Dethloff,SCA8-2,SAA,3,0.450306725,0.450628033,0.450416533,0.0002114999999999756,0.016951244,0.016951244,0.0005,0.0005,1.0,1.012634601819478,0.510387585,0.510387585
Dethloff,SCA8-3,Det,9,39.2238633875,29.9951567455,29.276293117499996,0.7188636280000047,2.9303446790000005,2.96398391,0.202,0.0695,1.0,1.1919933761171857,29.685236606,29.5839858835
Dethloff,SCA8-3,Det,3,21.5710323375,20.117136496,19.933840032,0.18329646400000144,0.2949363910000001,0.45558096,0.029,0.015,1.0,1.0139760946258178,20.225755074500004,20.032422060000002
Dethloff,SCA8-3,Det,7,24.626843425000004,18.487714219,16.780402994,1.7073112250000015,2.5472700460000004,2.105539062,0.2425,0.0585,1.0,1.2001700034695661,17.362755409,16.834952575000003
Dethloff,SCA8-3,Det,6,28.474847012500003,22.825503911500004,22.627228846999998,0.19827506450000598,0.29402897000000006,0.5188281260000001,0.029,0.0125,1.0,1.2269548729492297,22.995040025,22.709442825500002
Dethloff,SCA8-3,Det,3,16.7993299625,13.1444555675,13.1444555675,0.0,0.0,0.0,0.0,0.0,1.0,1.0311226557228883,13.2173373585,13.1839417745
Dethloff,SCA8-3,Det,7,30.4821484875,26.277428573999998,25.862979709000005,0.41444886499999356,2.6222995890000003,2.3817806,0.2175,0.056,1.0,1.3464494986539515,26.30805055,25.9816170335
Dethloff,SCA8-3,Det,4,36.93824295,36.136486059,36.031469134999995,0.10501692400000451,0.5542398169999998,0.86840264,0.073,0.0245,1.0,1.1450588577365233,36.229634714,36.1904404415
Dethloff,SCA8-3,Det,6,28.2217204875,23.437434182500002,22.741649361,0.695784821500002,1.7201216079999997,2.209786186,0.118,0.0505,1.0,1.2468111039290546,23.160501960500003,23.109675170000003
Dethloff,SCA8-3,Det,5,21.4196006125,17.443455380499998,15.478290124499999,1.9651652559999988,3.7747082259999987,3.6672013719999996,0.3405,0.112,1.0,1.0693294078416138,15.95019513,15.543241508999998
Dethloff,SCA8-3,SAA,6,2.9255146,2.412124398,2.0101868255000004,0.4019375724999996,0.568091977,0.456453802,0.049,0.013,1.0,1.2457596376463544,2.1686517364999998,2.022279073
Dethloff,SCA8-3,SAA,3,1.2857848875,1.2722861735000002,1.2722861735000002,0.0,0.0,0.0,0.0,0.0,1.0,1.1176557963659628,1.283554126,1.212156878
Dethloff,SCA8-3,SAA,4,0.8384844124999999,0.7026866325,0.68966104,0.013025592500000016,0.04405746999999999,0.037098849999999996,0.004,0.001,1.0,1.1106604007505498,0.7266576924999999,0.7304911774999999
Dethloff,SCA8-3,SAA,5,0.5221321124999999,0.5018688640000001,0.49399757199999994,0.00787129200000014,0.06341646600000003,0.05712634200000001,0.005,0.0015,1.0,1.1608778454324606,0.6332773859999999,0.5422963179999999
Dethloff,SCA8-3,SAA,3,1.56570075,1.536628157,1.517276241,0.01935191599999997,0.05053293600000001,0.047797368,0.0055,0.0015,1.0,1.0219329579340253,1.5576655375,1.5535621855
Dethloff,SCA8-3,SAA,4,2.6262873375,2.157414327,2.2018526345000002,-0.04443830750000011,-0.03131213599999999,0.0,0.0015,0.0,1.0,1.174784245853787,2.177230637,2.177230637
Dethloff,SCA8-3,SAA,3,1.6316489,1.5853507895,1.560579525,0.0247712645,0.05390785199999999,0.052093643999999995,0.0035,0.0015,1.0,1.0268199460280163,1.553946442,1.552585786
Dethloff,SCA8-3,SAA,5,1.6496653,1.0994134885,1.1113708850000001,-0.011957396500000161,0.08474000150000002,0.10936936800000001,0.016,0.003,1.0,1.0543005831001293,1.1040733235000002,1.144781071
Dethloff,SCA8-3,SAA,5,0.916085425,0.8012904224999999,0.7750623085,0.026228113999999914,0.06459019800000002,0.060063744,0.0035,0.0015,1.0,1.0970773270971326,0.7982633804999999,0.8953887294999998
Dethloff,SCA8-3,SAA,4,2.718157875,2.4508648400000004,2.40135624,0.049508600000000236,0.11188731999999998,0.089181322,0.0115,0.0025,1.0,1.113850258801517,2.5499950680000003,2.4026033200000003
Dethloff,SCA8-4,Det,7,42.94170209999999,33.497829578,33.5084385165,-0.010608938499998999,0.144169046,0.13953787399999998,0.009,0.0035,1.0,1.1777551488416784,33.513218298,33.501692683
Dethloff,SCA8-4,Det,7,17.5830961375,13.62434437,11.834992844,1.789351525999999,3.0747138670000003,2.224216182,0.2565,0.0585,1.0,1.221285578485699,12.636956756,12.196786021
Dethloff,SCA8-4,Det,3,20.7921728375,17.4809183825,17.471353905,0.009564477499999668,0.06223410999999999,0.11842019,0.0095,0.0035,1.0,1.0126621907331894,17.437062865,17.437062865
Dethloff,SCA8-4,Det,5,29.46526175,21.047116817499997,20.240782982,0.8063338354999985,1.6487752299999998,2.0406931559999997,0.15,0.0555,1.0,1.1280398356190724,20.4366719305,20.3542405745
Dethloff,SCA8-4,Det,5,22.062392399999997,21.093604515,21.093604515,0.0,0.0,0.0,0.0,0.0,1.0,1.148675038703644,21.3247838385,21.268655422499997
Dethloff,SCA8-4,Det,7,36.308300662499995,31.638321322000003,30.339046391999997,1.2992749300000064,2.8661041160000003,2.925954376,0.236,0.079,1.0,1.1625643491736244,30.749324399000002,30.76003821
Dethloff,SCA8-4,Det,4,27.3492488,26.9553847685,26.4125723725,0.5428123959999986,0.9194824544999999,1.1285101199999998,0.069,0.033,1.0,1.0484062640009395,26.645752693000002,26.662474784999997
Dethloff,SCA8-4,Det,5,32.584538837500006,23.6791887655,23.659824886000003,0.019363879499998404,0.8293005535,1.2090393840000002,0.0825,0.0285,1.0,1.2610396781390871,23.774160459999997,23.818157661
Dethloff,SCA8-4,Det,7,33.440450812499996,25.742669062499996,24.586732006,1.1559370564999973,3.1913250405,3.6330014700000004,0.2475,0.0945,1.0,1.1732036530790724,24.4089187045,24.759789579000003
Dethloff,SCA8-4,SAA,4,3.211484712500001,2.3045199195,2.410184655,-0.1056647355,-0.05660608550000002,0.09353914,0.013,0.0025,1.0,1.0599275924782294,2.4369381175,2.4327118020000005
Dethloff,SCA8-4,SAA,3,1.5776734375,1.4318962375000002,1.3788881645000002,0.05300807299999999,0.11138404799999999,0.103524672,0.0075,0.003,1.0,1.053310060626898,1.4641571425000002,1.414722778
Dethloff,SCA8-4,SAA,3,2.7187939374999996,2.3223064654999996,2.3007196094999998,0.021586855999999877,0.05415568800000003,0.0662186,0.006,0.002,1.0,1.0165946387024258,2.323776618,2.3323264879999996
Dethloff,SCA8-4,SAA,3,0.37177633749999994,0.34901554999999995,0.34901554999999995,0.0,0.0,0.0,0.0,0.0,1.0,1.1124342069363862,0.3524784965,0.358582931
Dethloff,SCA8-4,SAA,3,0.5208143375,0.498232765,0.498232765,0.0,0.0,0.0,0.0,0.0,1.0,1.0702290772231937,0.5542551775000001,0.5409507499999999
Dethloff,SCA8-4,SAA,4,1.0012794250000001,0.8567892460000001,0.854509354,0.0022798920000000056,0.019686661999999997,0.018546716,0.001,0.0005,1.0,1.0789897517965599,0.8968818894999999,0.8810349845000001
Dethloff,SCA8-4,SAA,5,0.15214231250000002,0.15278698500000001,0.146140005,0.0066469800000000245,0.04076021200000001,0.036772024,0.0025,0.001,1.0,1.1606634047457012,0.2326745945,0.163196621
Dethloff,SCA8-4,SAA,5,0.23770346250000002,0.19571826250000002,0.19571826250000002,0.0,0.0,0.0,0.0,0.0,1.0,1.111167955969749,0.2344213145,0.21448733250000002
Dethloff,SCA8-4,SAA,6,0.029758549999999998,0.017890015999999998,0.01697774,0.0009122759999999966,0.0009122759999999985,0.0,0.0005,0.0,1.0,1.2043134127392692,0.017890015999999998,0.017697182
Dethloff,SCA8-4,SAA,3,1.2543028875,1.0973639195,1.0973639195,0.0,0.0,0.0,0.0,0.0,1.0,1.0389538380808332,1.0793379865000001,1.076374023
Dethloff,SCA8-4,SAA,3,2.9194000749999995,2.5621397310000003,2.510729255,0.05141047600000004,0.06380211100000001,0.071813072,0.006,0.002,1.0,1.0517352523177899,2.542880521,2.4597719700000003
Dethloff,SCA8-5,Det,7,30.7012329875,24.605542668000002,23.115514656,1.4900280120000033,3.0559024620000006,2.432925828,0.25,0.0555,1.0,1.3733058186917368,23.725314894,23.045098969999998
Dethloff,SCA8-5,Det,7,37.178384175,28.769272827499996,28.085208523999995,0.6840643035000014,3.882084333000001,3.4195945519999995,0.419,0.0845,1.0,1.2257958447472928,28.873441717000006,28.304434433999994
Dethloff,SCA8-5,Det,5,35.284398162500004,28.0803118365,28.044004357000002,0.03630747949999957,0.5582111094999997,1.285300548,0.0845,0.033,1.0,1.1244937798948103,28.294214334,28.4341383345
Dethloff,SCA8-5,Det,9,29.5736333375,23.63581354,22.7022122685,0.9336012715000024,2.0194437925,2.456752384,0.17,0.0595,1.0,1.293343620725718,22.750289504,22.761475374499998
Dethloff,SCA8-5,Det,5,19.955441075000003,16.029383806,15.141724614,0.8876591919999992,2.4918041889999993,2.4851087959999996,0.27,0.071,1.0,1.1023122609462381,15.560760564999999,15.274350757999999
Dethloff,SCA8-5,Det,3,23.336662425,18.455311696,18.207846526,0.24746516999999812,0.6132050630000003,0.681553394,0.0755,0.0185,1.0,1.1028575903550115,18.2998506095,18.2664743255
Dethloff,SCA8-5,Det,5,28.614576349999997,21.572087159499997,20.707966855499997,0.8641203040000001,1.9341263594999998,2.05081321,0.1855,0.0595,1.0,1.0978483331236315,21.4378511585,20.751664335999994
Dethloff,SCA8-5,Det,5,32.0207001375,27.244812693499995,26.198584323,1.0462283704999962,2.6454084045,2.4550493099999997,0.159,0.06,1.0,1.2047459860959482,26.642582620000002,26.237479893999996
Dethloff,SCA8-5,Det,4,4.2861566375,3.5064321415000004,3.1781966089999996,0.3282355325000008,0.52271144,0.49956508000000005,0.059,0.016,1.0,1.0434614373528868,3.3139686499999996,3.2255384489999996
Dethloff,SCA8-5,SAA,5,1.5809793999999997,1.586012448,1.4875319019999997,0.09848054600000022,0.14482046,0.131955578,0.0075,0.0035,1.0,1.2122126417825494,1.619976824,1.524511032
Dethloff,SCA8-5,SAA,5,3.5190880750000004,2.8147005504999996,2.6054764265,0.20922412399999946,0.4107637065,0.432261304,0.037,0.0115,1.0,1.0761847341455335,2.8133103725,2.7934450305
Dethloff,SCA8-5,SAA,3,1.1067874375000002,1.0252681505,1.0127042800000001,0.012563870499999963,0.040495120500000016,0.05267554800000001,0.0035,0.0015,1.0,1.0398996305438413,1.018542666,1.0307230935
Dethloff,SCA8-5,SAA,3,1.5138937000000001,1.39904955,1.346264533,0.052785016999999934,0.06482151500000001,0.069343616,0.0075,0.002,1.0,1.0545818477086808,1.4109024319999999,1.392669276
Dethloff,SCA8-5,SAA,5,2.0001997875,1.7188462105000002,1.6561861505000002,0.06266006000000002,0.117375386,0.081508736,0.0095,0.002,1.0,1.1739311631002378,1.6781809745,1.7320284945000002
Dethloff,SCA8-5,SAA,7,0.6858826,0.6183097879999999,0.5731381899999999,0.045171598000000035,0.097728598,0.10713396,0.0075,0.003,1.0,1.231785306124009,0.5450919240000001,0.567590753
Dethloff,SCA8-5,SAA,3,1.3301607,1.349030303,1.3194122970000002,0.029618005999999752,0.046357011999999996,0.037771012,0.003,0.001,1.0,1.128233420789741,1.346883803,1.3194122970000002
Dethloff,SCA8-5,SAA,3,3.7009692874999995,3.1509352515,3.1304220485,0.020513203000000146,0.02051320300000001,0.047480334,0.004,0.0015,1.0,1.0043466667242027,3.161900502,3.2335947865
Dethloff,SCA8-5,SAA,3,0.8911008750000001,0.8884911835,0.8705647715,0.017926412000000003,0.017926412,0.017534954,0.001,0.0005,1.0,1.0228341990455156,0.868363186,0.8512196899999999
Dethloff,SCA8-5,SAA,5,2.2937763375,1.9993903415,2.016208979,-0.0168186374999999,-0.007170704000000008,0.016895227999999998,0.004,0.0005,1.0,1.0978736845317596,2.1261829420000002,2.0834030735
Dethloff,SCA8-6,Det,7,39.170016649999994,29.071227268999998,28.9059723795,0.16525488949999811,0.2936138575000001,0.75505078,0.039,0.019,1.0,1.245331866901036,29.2259496465,29.2894673905
Dethloff,SCA8-6,Det,5,40.56763155,39.597329228999996,39.64390382599999,-0.046574596999995777,-0.018381597999999996,0.073127576,0.006,0.002,1.0,1.1204409359691088,39.626659492,39.633856129
Dethloff,SCA8-6,Det,6,35.776538287499996,29.812981586499994,28.420608715499995,1.3923728709999992,3.4305647005,3.522826832,0.304,0.092,1.0,1.165795784632336,28.823247484999996,28.739534570999993
Dethloff,SCA8-6,Det,6,22.326126287500003,17.157318588000003,15.393520546,1.763798042000003,3.5489130314999993,3.171845286,0.318,0.0885,1.0,1.1644262411760846,16.0852852625,15.5273317445
Dethloff,SCA8-6,Det,4,21.391477325,17.756793256,17.695117237999998,0.06167601800000355,0.4877624579999998,0.6714840240000001,0.0545,0.018,1.0,1.0727847122058651,17.609403876000005,17.626343017000003
Dethloff,SCA8-6,Det,10,36.030653525,26.116760702500002,23.946479761499997,2.170280941000005,3.988915512,4.562585276,0.314,0.122,1.0,1.2370353883819274,24.9874049025,24.2499293985
Dethloff,SCA8-6,Det,4,28.941649425,23.657854569999998,23.657854569999998,0.0,0.0,0.0,0.0,0.0,1.0,1.1605606380103979,23.580480056,23.580480056
Dethloff,SCA8-6,Det,6,41.524359800000006,37.267809594,37.23560167250001,0.032207921499988856,0.3726762170000002,0.57725948,0.0405,0.014,1.0,1.2817192680065859,36.99234832849999,37.2781973355
Dethloff,SCA8-6,SAA,3,3.545361525,3.1383080315000003,2.9746715530000003,0.16363647849999996,0.23869194799999996,0.20001542,0.016,0.005,1.0,1.0963643086821302,3.1957945850000002,3.1740350189999997
Dethloff,SCA8-6,SAA,4,1.9975595625,1.6834734165,1.6734836825000001,0.009989733999999917,0.04636609400000001,0.074949224,0.007,0.002,1.0,1.076406679184805,1.665777952,1.665777952
Dethloff,SCA8-6,SAA,5,2.0299529375,1.669851464,1.6087083269999998,0.06114313700000018,0.08875028599999998,0.07409168,0.0065,0.002,1.0,1.1943488607308288,1.7812834374999997,1.9378974129999997
Dethloff,SCA8-6,SAA,3,2.1455822500000004,1.89928239,1.889536692,0.009745697999999914,0.09425897800000003,0.08663191,0.0115,0.0025,1.0,1.0250686046027324,1.9990095270000001,2.00809706
Dethloff,SCA8-6,SAA,3,2.979031375,2.6688335050000003,2.666261992,0.0025715130000003583,0.08738175200000002,0.07449183200000001,0.01,0.002,1.0,1.04521550862424,2.647793687,2.6445712069999994
Dethloff,SCA8-6,SAA,3,3.73747015,3.082348003,3.096851065,-0.014503062000000178,-0.014503062000000014,0.035228212,0.004,0.001,1.0,1.0764706349696231,3.0842664055,3.11118514
Dethloff,SCA8-6,SAA,3,0.79086675,0.7148140949999999,0.713621523,0.0011925719999998918,0.016773008,0.016176721999999998,0.001,0.0005,1.0,1.0382714578719106,0.798679135,0.7130252370000001
Dethloff,SCA8-6,SAA,4,0.1757460375,0.2098241755,0.2085190795,0.0013050959999999778,0.01776908,0.01776908,0.0005,0.0005,1.0,1.0895221538852826,0.2369247575,0.19665173650000004
Dethloff,SCA8-6,SAA,6,1.9312507500000002,1.689086662,1.582830306,0.10625635600000005,0.21456341799999998,0.19153997800000003,0.0185,0.0055,1.0,1.1218319155107273,1.5890770860000003,1.567961086
Dethloff,SCA8-6,SAA,4,2.2631309,2.0038948939999996,2.0466914875,-0.04279659350000031,-0.028962167,0.0,0.0035,0.0,1.0,1.1271732122733402,2.174141012,2.153120232
Dethloff,SCA8-6,SAA,4,2.0027693125,1.9189427004999997,1.8992985905,0.01964410999999977,0.019867705999999995,0.018250334,0.0015,0.0005,1.0,1.0531155203305278,1.97503228,1.974335392
Dethloff,SCA8-6,SAA,3,0.2689405875,0.249877841,0.2437107925,0.006167048499999994,0.018781945999999997,0.018024667999999997,0.001,0.0005,1.0,1.0438559620185794,0.2632500165,0.2632500165
Dethloff,SCA8-6,SAA,3,0.056286325,0.032701473999999994,0.031472548,0.0012289259999999913,0.0012289259999999995,0.0,0.0005,0.0,1.0,1.0780951068848954,0.048437747999999996,0.047208822
Dethloff,SCA8-7,Det,5,21.084849675,16.448567948,15.3603270505,1.0882408975000004,1.8076328154999997,2.2984856540000003,0.1335,0.0635,1.0,1.0733223695510794,15.622460493,15.716102689
Dethloff,SCA8-7,Det,3,2.2162950625000004,1.8780745205,1.8780745205,0.0,0.0,0.0,0.0,0.0,1.0,1.0433831836945056,1.873730319,1.8687598435
Dethloff,SCA8-7,Det,4,16.70178965,13.692827796000001,13.318934182500001,0.37389361349999994,0.8818425545,1.2294207940000001,0.084,0.0325,1.0,1.1003836156549787,13.453860996,13.4601890765
Dethloff,SCA8-7,Det,5,32.740660275,24.750121016999998,23.619395360000002,1.1307256569999957,3.5195344195,3.291810834,0.4165,0.087,1.0,1.0952561783213046,24.399395151999997,23.737035927
Dethloff,SCA8-7,Det,4,30.52482445,24.3509490105,24.165946823,0.1850021875000003,0.47408178449999994,0.6402720239999999,0.0455,0.018,1.0,1.1016140433115413,24.270815254000002,24.269659654
Dethloff,SCA8-7,Det,7,21.6430124625,18.339660351,18.0549122865,0.28474806450000045,0.8903711505,1.2488525320000001,0.073,0.0325,1.0,1.1566637976345835,18.4401393505,18.2426576965
Dethloff,SCA8-7,Det,7,24.44298935,20.17697225,18.6597774445,1.5171948054999973,3.4655792125,2.9071760359999996,0.294,0.074,1.0,1.2771432564688903,19.4251806765,18.5961674375
Dethloff,SCA8-7,Det,3,13.297345612500001,11.121618694,11.121618694,0.0,0.0,0.0,0.0,0.0,1.0,1.0600907057750288,11.238400741499998,11.238400741499998
Dethloff,SCA8-7,Det,7,34.52991763749999,25.795469441499996,24.4684296225,1.327039818999996,3.6502975820000003,2.967607466,0.2565,0.0695,1.0,1.297735561831512,25.502086624499995,24.613902835999998
Dethloff,SCA8-7,Det,5,32.45414368749999,24.574073861500004,22.944703521000005,1.6293703404999995,3.6033372410000006,3.5867058700000003,0.34,0.091,1.0,1.1533296984279984,23.938692673000006,23.227517085000002
Dethloff,SCA8-7,SAA,5,2.563950425,2.0929472505000004,2.0370049225,0.05594232800000043,0.13009545899999997,0.113641734,0.0135,0.003,1.0,1.1569429703528686,2.168005973,2.0707109380000004
Dethloff,SCA8-7,SAA,3,2.933062325,2.297422181,2.28855245,0.00886973099999988,0.13598787699999998,0.14134302399999998,0.012,0.004,1.0,1.035574224832055,2.294299035,2.254750408
Dethloff,SCA8-7,SAA,3,1.2506045,1.2826952935,1.2826952935,0.0,0.0,0.0,0.0,0.0,1.0,1.0239769338240865,1.2911133065,1.302184832
Dethloff,SCA8-7,SAA,3,0.5888189249999999,0.626736505,0.6263871669999999,0.00034933800000014337,0.01895879,0.01895879,0.0005,0.0005,1.0,1.018772073460304,0.722345321,0.7453453245
Dethloff,SCA8-7,SAA,3,1.6350481000000001,1.4899568265,1.4836757985,0.006281028000000077,0.055756464000000006,0.050924904,0.0065,0.0015,1.0,1.0292967200935834,1.4474679055000002,1.4431195014999998
Dethloff,SCA8-7,SAA,6,2.2246656,1.8457721049999998,1.726643282,0.11912882299999983,0.22063378499999994,0.17046516599999997,0.025,0.0045,1.0,1.143085734511834,1.811499096,1.6910725164999998
Dethloff,SCA8-7,SAA,4,3.845584025,3.171924083,3.1232357755000004,0.04868830749999953,0.11091677850000005,0.194490316,0.018,0.0055,1.0,1.0848439455179097,3.060554135,3.053467667
Dethloff,SCA8-7,SAA,3,1.1655170000000001,1.2104661270000001,1.2225391439999997,-0.01207301699999963,0.0005937659999999951,0.0,0.0015,0.0,1.0,1.0120162888523454,1.228388297,1.2745032230000002
Dethloff,SCA8-7,SAA,3,0.489903825,0.452185361,0.452185361,0.0,0.0,0.0,0.0,0.0,1.0,1.084310893646345,0.444908506,0.444908506
Dethloff,SCA8-7,SAA,4,1.8089963375000002,1.4595237175,1.3420362715,0.11748744599999994,0.19729044699999998,0.20608926399999997,0.016,0.0055,1.0,1.1273872265884242,1.3971362159999998,1.399311353
Dethloff,SCA8-7,SAA,3,1.446813725,1.1033761915,1.173652145,-0.07027595349999993,-0.07027595349999999,0.0,0.003,0.0,1.0,1.0343069074657014,1.1873052284999999,1.1676644965
Dethloff,SCA8-7,SAA,4,0.6650085250000001,0.6392152200000001,0.614101318,0.025113902000000077,0.042342436,0.037085524,0.003,0.001,1.0,1.0894379971803387,0.6527151330000002,0.627601231
Dethloff,SCA8-7,SAA,3,3.375817575,2.931762482,2.94736881,-0.015606328000000058,-0.015606327999999997,0.0,0.0005,0.0,1.0,1.015427297264525,3.094115578,3.057939234
Dethloff,SCA8-8,Det,8,26.199731925000002,23.4007629155,23.325637032499998,0.07512588300000189,0.5828685135,0.950296728,0.0705,0.0225,1.0,1.247618978951376,23.346491145,23.3000601895
Dethloff,SCA8-8,Det,5,34.114100962500004,25.042398573000003,25.197175849,-0.15477727599999724,0.035592623999999885,0.49958990999999997,0.0345,0.0135,1.0,1.10139485304263,25.2625373105,25.6952346035
Dethloff,SCA8-8,Det,4,25.3242729,21.543320046499996,21.264792536,0.2785275104999947,0.6070181949999999,0.95256332,0.063,0.0245,1.0,1.1563244328020532,21.4555632775,21.42675378
Dethloff,SCA8-8,Det,5,17.786349174999998,14.670442886499998,14.262483350499998,0.4079595359999999,0.4781642915000001,0.807395448,0.0485,0.0255,1.0,1.0918952156381958,14.351958451499998,14.343095846
Dethloff,SCA8-8,Det,7,7.288701275,5.596624576999999,5.454437545999999,0.14218703099999974,0.5308746160000001,0.347229862,0.069,0.0085,1.0,1.2273886330921937,5.574755465,5.426595890500001
Dethloff,SCA8-8,Det,4,21.650095487500003,21.078591229500002,21.046305792500004,0.03228543699999875,0.16056806099999996,0.296410572,0.0245,0.009,1.0,1.0271772785409343,21.1525040495,21.136106170999998
Dethloff,SCA8-8,Det,7,47.77160639999999,44.36847885499999,44.144407240999996,0.2240716139999961,0.6804994910000001,0.8389700520000001,0.0455,0.0195,1.0,1.2476566183894677,44.35468747499999,44.671453461
Dethloff,SCA8-8,Det,6,35.68800102499999,26.532850005,25.927227964500002,0.6056220404999983,1.966159488,1.817632872,0.19,0.0435,1.0,1.2799240681235335,26.651722565,26.221805368000002
Dethloff,SCA8-8,Det,4,5.861184424999999,5.319990662,5.203576919500001,0.1164137424999998,0.1425905225,0.24477589600000002,0.0125,0.007,1.0,1.0634203624317655,5.1605070605000005,5.1605070605000005
Dethloff,SCA8-8,SAA,8,2.0178277,1.697005803,1.6973720065,-0.00036620350000005075,0.09611176799999997,0.062394336,0.0125,0.0015,1.0,1.2821372589270987,1.6768082690000001,1.6428611845
Dethloff,SCA8-8,SAA,3,0.69986375,0.641558465,0.641558465,0.0,0.0,0.0,0.0,0.0,1.0,1.0465341609458605,0.642364835,0.6250362749999999
Dethloff,SCA8-8,SAA,4,0.6320426499999998,0.5761749445000001,0.5139431405,0.06223180400000006,0.062231803999999995,0.061411832000000006,0.0025,0.002,1.0,1.0553088083903899,0.5589892665,0.5132227484999999
Dethloff,SCA8-8,SAA,4,0.7103981,0.6728349265,0.661593781,0.011241145499999994,0.022275391999999998,0.020990383999999997,0.001,0.0005,1.0,1.1020763389431265,0.69880182,0.674515636
Dethloff,SCA8-8,SAA,4,1.3986593250000001,1.2974211835,1.2568897775,0.04053140599999994,0.11149552600000003,0.095223346,0.0085,0.0025,1.0,1.120717455525412,1.3357839409999999,1.3001453269999999
Dethloff,SCA8-8,SAA,6,0.0,0.0,0.0,0.0,0.0,0.0,0.0,0.0,1.0,1.17250034162089,0.0,0.0
Dethloff,SCA8-8,SAA,3,0.0275092,0.044477352,0.04416651,0.0003108419999999987,0.016968152,0.016968152,0.0005,0.0005,1.0,1.0186609962833135,0.07810281399999999,0.044477352
Dethloff,SCA8-8,SAA,4,0.9745511999999998,0.9133873289999999,0.8691525489999999,0.04423477999999992,0.095144427,0.108493212,0.0065,0.003,1.0,1.0269386217792755,1.177222983,1.157498371
Dethloff,SCA8-8,SAA,3,0.301567025,0.261477952,0.261477952,0.0,0.0,0.0,0.0,0.0,1.0,1.0337162247318257,0.301567025,0.301567025
Dethloff,SCA8-8,SAA,3,0.43809187499999996,0.39702495200000004,0.39136261299999997,0.005662339000000072,0.034868464,0.032910184,0.0035,0.001,1.0,1.0243818321310585,0.40724689399999997,0.40724689399999997
Dethloff,SCA8-9,Det,5,34.6480931625,28.487028080500004,27.713856705999998,0.7731713745000057,1.583142486,1.4417120159999999,0.161,0.036,1.0,1.1726794522663253,28.2515913155,28.073377618500004
Dethloff,SCA8-9,Det,4,38.567411624999984,38.27680383999999,38.27089384149998,0.0059099985000088395,0.095816736,0.12478075400000001,0.0075,0.0035,1.0,1.046857628743205,38.32080450799999,38.344615130499996
Dethloff,SCA8-9,Det,6,29.290930325,22.0394904245,19.460273457999996,2.5792169665000024,4.641381191000001,3.594262594,0.4635,0.094,1.0,1.1215066818855357,20.279356691,19.537873861499996
Dethloff,SCA8-9,Det,5,17.333623325,15.8136231785,15.8840196955,-0.07039651699999894,0.17248205000000005,0.366166388,0.0265,0.0095,1.0,1.1169489399015822,15.931443828499999,15.953983537500001
Dethloff,SCA8-9,Det,8,35.74914294999999,24.8475445545,23.5401768035,1.307367751000001,2.2495290000000003,2.451926404,0.198,0.061,1.0,1.2387545587375317,23.8607699005,23.942881869999997
Dethloff,SCA8-9,Det,8,40.7725792625,34.515739995000004,33.4893914515,1.0263485435000064,2.7334914900000005,2.677473164,0.205,0.062,1.0,1.2653160256342504,33.876074414499996,33.852523467
Dethloff,SCA8-9,Det,5,24.9813782125,22.661286786999998,21.685379937500002,0.9759068494999958,2.1477091059999993,1.9652226659999998,0.1985,0.0555,1.0,1.1471093422944685,22.2566006225,21.7317747305
Dethloff,SCA8-9,Det,5,18.156068812500003,15.275208016,14.752570943499999,0.522637072500002,1.9116426319999995,1.5249612079999997,0.2115,0.041,1.0,1.1391428994336372,15.0924921495,14.835838988999996
Dethloff,SCA8-9,Det,4,28.9862029125,26.4385287505,25.8543702095,0.5841585410000008,1.6314245315,1.5487513039999998,0.1625,0.044,1.0,1.072123310503575,26.5206235835,26.029031726
Dethloff,SCA8-9,SAA,5,1.8322159500000001,1.756386469,1.662291833,0.0940946359999999,0.18213935799999997,0.24493112,0.011,0.0065,1.0,1.1171842058930155,1.7175969574999999,1.766479484
Dethloff,SCA8-9,SAA,3,2.6400989375,2.5337773479999997,2.5337773479999997,0.0,0.0,0.0,0.0,0.0,1.0,1.0573304616638528,2.6344066949999996,2.6344066949999996
Dethloff,SCA8-9,SAA,4,1.82445775,1.5042960695,1.5009409775000002,0.0033550919999998374,0.003698291999999995,0.0,0.003,0.0,1.0,1.0523854611190995,1.5877526095000003,1.5081864575
Dethloff,SCA8-9,SAA,3,2.1580920375,2.1035703439999995,2.0626793385,0.040891005499999356,0.07128666800000001,0.070246448,0.0045,0.002,1.0,1.011988543220622,2.157087356,2.272120195
Dethloff,SCA8-9,SAA,4,2.2593068499999998,1.7088255044999996,1.624228954,0.0845965504999997,0.09558878449999995,0.17683143199999998,0.0175,0.005,1.0,1.0579406676320082,1.746433517,1.736521279
Dethloff,SCA8-9,SAA,4,2.3604176000000003,2.188538501,1.977958561,0.21057994000000013,0.35123762199999997,0.36873937,0.0215,0.01,1.0,1.0811690029997831,1.9934472150000002,1.9856859935000002
Dethloff,SCA8-9,SAA,3,2.217699525,2.297832912,2.261868437,0.03596447500000011,0.07904717600000001,0.072071168,0.005,0.002,1.0,1.0689800917513275,2.3136747100000004,2.5820464600000004
Dethloff,SCA8-9,SAA,4,0.9142271,0.746544659,0.782819289,-0.036274629999999974,0.0,0.0,0.0,0.0,0.9985,1.0870354106038211,0.8363940930000001,0.8317592454999999
Dethloff,SCA8-9,SAA,4,1.2675276625,1.1351826695,1.1340193330000001,0.0011633364999998896,0.08458703599999998,0.074634812,0.009,0.002,1.0,1.077652537211441,1.2543935889999998,1.256032379
Dethloff,SCA8-9,SAA,3,2.1156741,2.039650542,2.0154931305,0.02415741150000006,0.037323466000000007,0.034391356000000005,0.0025,0.001,1.0,1.0602633764261968,2.023432234,1.9992748225
Dethloff,SCA8-9,SAA,5,1.04129,0.7986880580000001,0.7746190335,0.024069024500000036,0.024069024499999994,0.036175768,0.002,0.001,1.0,1.220403961033592,0.8572163595,0.8496530295
Dethloff,SCA8-9,SAA,4,0.8140232999999999,0.8095424809999999,0.7589941014999999,0.05054837950000002,0.08593561549999998,0.09309678999999998,0.006,0.0025,1.0,1.0848792529145164,0.7651979215,0.723832427
City,HANOI-100-1,Det,3,0.0,0.0,0.0,0.0,0.0,0.0,0.0,0.0,1.0,1.0014321808714448,0.0,0.0
City,HANOI-100-1,Det,18,6.189682225,6.1399547195,6.0468628980000005,0.09309182149999984,0.1393503245,0.20843408799999996,0.0125,0.007,1.0,1.047765711932751,6.039713894499999,6.3497879245
City,HANOI-100-1,Det,20,1.2677430875,1.0366442375,0.9601164329999999,0.07652780450000007,0.20184271,0.247714372,0.019,0.0085,1.0,1.0434720194754195,0.9872818015,0.9799938244999999
City,HANOI-100-1,Det,17,0.38626485000000005,0.300872367,0.275767853,0.025104513999999967,0.04073220600000001,0.062011586,0.0045,0.002,1.0,1.108192735593682,0.401461634,0.401461634
City,HANOI-100-1,Det,19,5.2628631624999995,4.773178152,4.4957645255,0.27741362649999957,0.4974072309999999,0.6950265560000001,0.0355,0.023,1.0,1.0738211153977075,4.701542426,4.5925318345
City,HANOI-100-1,Det,23,6.1689751500000005,5.077531808,4.8405689675,0.2369628404999995,0.44470511600000007,0.498747932,0.0225,0.0155,1.0,1.1494090174077893,5.2454911335,5.248924452500001
City,HANOI-100-2,Det,16,0.544319725,0.554973788,0.38623859800000004,0.16873518999999992,0.24867147800000003,0.23656736600000003,0.017,0.008,1.0,1.1013367253036963,0.40848447899999996,0.416229962
City,HANOI-100-2,Det,15,2.299593,1.934283588,1.772882482,0.16140110600000002,0.4564181654999999,0.50628131,0.036,0.017,1.0,1.0688332155165425,2.0078908085,1.8982103205
City,HANOI-100-2,Det,16,1.79946655,1.677873513,1.642661519,0.03521199399999997,0.08736465249999999,0.109667402,0.0055,0.0035,1.0,1.0867752537020725,1.8472517779999997,1.820697776
City,HANOI-100-2,Det,16,0.681153375,0.6510174234999999,0.6394469745,0.011570448999999927,0.10242678799999999,0.102069788,0.0065,0.0035,1.0,1.0384303929021315,0.6946965715,0.6513726995000001
City,HANOI-100-2,Det,7,0.0,0.0,0.0,0.0,0.0,0.0,0.0,0.0,1.0,1.0106112862914807,0.0,0.0
City,HANOI-100-2,Det,15,17.561246550000003,17.522111432000003,17.522111432000003,0.0,0.0,0.0,0.0,0.0,1.0,1.1107020999705641,17.55027566,17.534929715999997
City,HANOI-100-2,Det,15,17.3725060875,17.187626023500002,17.1728495875,0.01477643600000178,0.029463339999999998,0.029463339999999998,0.001,0.001,1.0,1.045292566843813,17.346456231499996,17.263917857499997
City,HANOI-100-3,Det,4,0.0,0.0,0.0,0.0,0.0,0.0,0.0,0.0,1.0,1.004339744275148,0.0,0.0
City,HANOI-100-3,Det,14,5.513616974999999,4.5898834074999995,4.5379664375,0.05191696999999973,0.4236216225000001,0.49980085799999996,0.0425,0.0165,1.0,1.0644383256996108,4.613826374,4.530147616
City,HANOI-100-3,Det,14,1.9106866875000001,1.502910443,1.2238463769999999,0.2790640660000001,0.44046884199999997,0.399808624,0.0405,0.013,1.0,1.107298182992761,1.2885120845000002,1.2324162660000002
City,HANOI-100-3,Det,19,1.1576538250000001,0.8279914715,0.8284017014999999,-0.0004102299999999559,0.19203429999999996,0.212712016,0.0195,0.007,1.0,1.0511834121307773,0.818987586,0.8082285855
City,HANOI-100-3,Det,22,6.49260235,5.2374997805,5.2645901525,-0.027090371999999974,0.020422494000000006,0.48157462399999995,0.0265,0.0155,1.0,1.107725691586914,5.501369396,5.439864252
City,HANOI-100-3,Det,14,0.0598505625,0.028697830000000004,0.02851744,0.0001803900000000025,0.00024395400000000223,0.0,0.001,0.0,1.0,1.023988233459025,0.045714671000000005,0.0598505625
City,HANOI-100-3,Det,13,0.0,0.0,0.0,0.0,0.0,0.0,0.0,0.0,1.0,1.044388322443944,0.0,0.0
City,HANOI-200-1,Det,21,8.8603686375,7.2527861069999995,6.537252361,0.7155337459999993,2.297341528,2.3072670040000003,0.146,0.076,1.0,1.0639067258935688,6.7261268045,6.5453403065
City,HANOI-200-1,Det,21,0.8556851624999999,0.6583892659999999,0.6091666895,0.04922257649999995,0.12956439799999997,0.176254626,0.015,0.006,1.0,1.040187259479884,0.6662561700000001,0.6753401914999999
City,HANOI-200-1,Det,13,3.1524055750000004,2.7762436740000003,2.7214084380000005,0.05483523599999973,0.17267222799999998,0.191586188,0.0145,0.0065,1.0,1.0422848300947618,2.805786724,2.8078788365
City,HANOI-200-1,Det,18,3.2803717375000003,2.9522932705000002,2.3066203914999996,0.6456728790000006,1.1126796140000002,1.125292632,0.0745,0.039,1.0,1.028946585358121,2.3844712805,2.3821551275
City,HANOI-200-1,Det,14,0.0,0.0,0.0,0.0,0.0,0.0,0.0,0.0,1.0,1.0271885925357165,0.0,0.0
City,HANOI-200-1,Det,22,4.0302897875,2.73804098,2.735514442,0.0025265380000001336,0.33731982200000005,0.549097178,0.0405,0.0185,1.0,1.0564055957252898,3.1023431675,2.8828797
City,HANOI-200-1,Det,16,7.148943675,7.1777365689999995,7.148943675,0.028792893999999514,0.028792893999999996,0.028792893999999996,0.001,0.001,1.0,1.0533582482074344,7.339083938999999,7.176332878999999
City,HANOI-200-1,Det,22,2.9521823375,2.8482399964999994,2.2893750775,0.5588649189999995,1.009051158,1.0711324119999999,0.054,0.034,1.0,1.1140281339187736,2.3379239245,2.5354151815
City,HANOI-200-1,Det,21,1.002801875,0.833606584,0.8360183730000001,-0.002411789000000164,0.07169116399999999,0.19875737599999999,0.014,0.0065,1.0,1.0829348614544652,0.8825522625,0.9087002630000001
City,HANOI-200-1,Det,18,3.139792525,3.025535174,2.8810587015,0.14447647249999962,0.263563356,0.30318735399999996,0.018,0.01,1.0,1.084418584505212,3.0299178164999994,2.9659350909999995
City,HANOI-200-1,Det,14,2.8727434625,2.2948854665,2.2471665510000003,0.047718915499999515,0.10707872600000001,0.16949343400000003,0.0135,0.0055,1.0,1.0776669874287377,2.3295504289999998,2.3200435735
City,HANOI-400-1,Det,14,3.9938172250000004,3.677108783,3.6622276615000002,0.014881121499999761,0.07529446199999999,0.15590180799999998,0.01,0.0055,0.999,1.0083176752232756,4.0127321005,3.7277594605
City,HANOI-400-1,Det,18,2.398423025,2.091236437,1.910732595,0.18050384200000003,0.3983079825,0.458192952,0.027,0.015,1.0,1.0591813779489863,1.93037579,1.8414109300000001
City,HANOI-400-1,Det,20,2.1452672125,1.850529375,1.4749230709999999,0.37560630400000017,0.63031326,0.665385272,0.0475,0.023,1.0,1.0285801182107077,1.5356562429999998,1.549195928
City,HANOI-400-1,Det,21,6.4181737625,4.810938263,4.8165976115,-0.00565934850000005,0.12838402549999997,0.204509014,0.015,0.007,1.0,1.0349725008729318,4.8165045905,4.90747166
City,HANOI-400-1,Det,11,1.7915107749999999,1.683487831,1.655271393,0.028216438000000066,0.042300564,0.042300564,0.0015,0.0015,1.0,1.0164419367397994,1.7614469510000001,1.7475413290000001
City,HANOI-400-1,Det,18,1.866386075,1.7770592385,1.7768614965000002,0.00019774199999966768,0.014444863999999998,0.01423799,0.0015,0.0005,1.0,1.0320406767587527,1.9053612905000001,1.8617691185
City,HANOI-400-1,Det,18,1.4054449125000001,1.077463269,1.059483635,0.0179796339999998,0.178914124,0.24376781,0.019,0.008,1.0,1.0889316920132068,1.1849615635,1.0967699535
City,HANOI-400-1,Det,21,4.1034642875,3.8039233384999993,3.7751493565,0.028773981999999254,0.05736535399999999,0.057222794,0.0035,0.002,1.0,1.0193805625465417,3.9641884365,3.9794691364999997
City,HANOI-400-1,Det,18,7.797545875,6.92815762,6.7194802665,0.2086773535000006,0.314299491,0.47376915799999997,0.0255,0.0155,1.0,1.0670392063411736,6.885218206,7.027950443
City,HANOI-400-1,Det,16,2.1545161625,1.8262761295,1.7154966274999996,0.11077950200000042,0.17235055500000004,0.193025846,0.014,0.0065,1.0,1.0415800227873462,1.7769559199999998,1.759885549
City,HANOI-400-1,Det,14,1.698047325,1.725741419,1.6962385389999999,0.02950288000000012,0.02950288,0.02950288,0.001,0.001,1.0,1.0453876569797427,1.725856643,1.666232133
City,HANOI-400-1,Det,17,7.894106087499999,7.389360879,7.265699283,0.12366159599999982,0.842696876,0.856353994,0.051,0.028,1.0,1.0584282533226885,7.3366291084999995,7.2335083435
City,HANOI-400-1,Det,15,0.828720575,0.6981597695,0.619467219,0.07869255050000001,0.123493439,0.142323944,0.0095,0.005,1.0,1.015276521869831,0.8403222215,0.786712492
City,HANOI-400-1,Det,20,1.8900442375000002,1.7075390845000002,1.6543863615,0.05315272300000018,0.17433005399999998,0.173895102,0.0125,0.006,1.0,1.0188150880791293,1.7012745365000002,1.6644031595000002
City,HANOI-400-1,Det,19,3.6060841499999996,2.8100297714999996,2.5964020325000003,0.2136277389999992,0.5138509765,0.532697846,0.0445,0.0185,1.0,1.0237930587923234,2.8507411089999994,2.864073978
City,HANOI-400-1,Det,21,8.304407812500001,7.5136134745,7.421899973,0.09171350149999924,0.33902781750000005,0.597533256,0.032,0.0195,1.0,1.0802653056082068,7.697418741000001,7.597040659
City,HANOI-400-1,Det,15,3.7183368875,3.002332291,2.7138867909999997,0.28844550000000035,0.730021987,0.760108536,0.062,0.0255,1.0,1.053117932476145,2.7968999365,2.6523360214999996
City,HANOI-400-1,Det,19,1.33506975,1.2955183995,0.8461543394999999,0.44936406000000007,0.6382455279999999,0.628324564,0.034,0.0205,1.0,1.0935788902138943,1.017460568,0.926299855
City,HANOI-400-1,Det,19,1.862313725,1.50476494,1.1773178734999998,0.3274470665000002,0.5060258135,0.564709898,0.0405,0.0185,1.0,1.0607993773638404,1.301023226,1.299823852
City,HANOI-400-1,Det,18,11.461216412499999,10.7283812625,10.7283812625,0.0,0.0,0.0,0.0,0.0,1.0,1.0359824371736719,10.787075547,10.816577754999999
City,HANOI-400-1,Det,16,5.241963950000001,4.579528513000001,4.379566861500001,0.19996165150000067,0.5699060175,0.6527684939999999,0.046,0.021,1.0,1.0973261045142069,4.616387498,4.6241256315
City,HANOI-400-1,Det,16,0.2023594375,0.242168672,0.167925916,0.074242756,0.117403084,0.116437306,0.0065,0.004,1.0,1.038844753840183,0.2423903025,0.22986199949999997
City,HANOI-400-1,Det,16,3.2057280125,2.2678487905,2.1033295775,0.16451921300000016,0.39957752799999996,0.5110145620000001,0.0415,0.0175,1.0,1.034974444451348,2.3905733295,2.0759887305
City,HCMC-100-1,Det,16,1.244612075,0.8988493329999999,0.837903417,0.06094591599999988,0.17369282800000002,0.17617846599999998,0.0215,0.0055,1.0,1.1277592360673667,0.9463280125,0.872171876
City,HCMC-100-1,Det,20,16.0416286625,16.0728031905,16.0728031905,0.0,0.0,0.0,0.0,0.0,1.0,1.0929438241568048,16.0728031905,16.0728031905
City,HCMC-100-1,Det,3,0.0,0.0,0.0,0.0,0.0,0.0,0.0,0.0,1.0,1.0017298606181062,0.0,0.0
City,HCMC-100-1,Det,22,15.255922212500002,14.59990578,14.5791739335,0.020731846500000373,0.044591238,0.044561814,0.002,0.0015,1.0,1.0525002015322105,14.650709413000001,14.825700709000003
City,HCMC-100-1,Det,21,0.6190140000000001,0.402621702,0.3368458145,0.06577588750000002,0.112690208,0.10445505199999999,0.0115,0.0035,1.0,1.0698787353402421,0.39835931849999995,0.4831811525
City,HCMC-100-1,Det,18,1.912992025,1.3379467435,1.1343200755,0.20362666800000007,0.3583202299999999,0.33929663,0.0295,0.011,1.0,1.102603231445158,1.17425248,1.2096166595
City,HCMC-100-2,Det,21,0.6013149624999999,0.474180278,0.341806384,0.132373894,0.179978182,0.167754142,0.013,0.0055,1.0,1.1132292685552636,0.471096398,0.432622657
City,HCMC-100-2,Det,14,4.322023337500001,4.192914189000001,4.1962690775,-0.003354888499999653,0.0259481495,0.044524692000000005,0.002,0.0015,1.0,1.0618578816927435,4.140956138,4.140812084
City,HCMC-100-2,Det,7,0.0,0.0,0.0,0.0,0.0,0.0,0.0,0.0,1.0,1.0134121844256563,0.0,0.0
City,HCMC-100-2,Det,13,1.2366796000000002,1.0005289995,0.9944869749999998,0.006042024500000132,0.0728818845,0.087972786,0.0115,0.003,1.0,1.0419194568713268,1.083379219,1.088740739
City,HCMC-100-2,Det,16,10.001176474999998,9.182409916500001,9.1667325325,0.015677384000001737,0.015677384,0.015677384,0.0005,0.0005,1.0,1.1027205967893254,9.363433138500001,9.3320590985
City,HCMC-100-2,Det,10,5.419152937499999,4.796261285999999,4.6696658535,0.12659543249999938,0.26391617399999995,0.424882322,0.0255,0.014,1.0,1.1033597249042302,4.724987454999999,4.706320623
City,HCMC-100-2,Det,19,6.1180574624999995,4.9593009025,4.9593009025,0.0,0.0,0.0,0.0,0.0,1.0,1.0616555765338351,5.2450400405,5.259705559
City,HCMC-100-3,Det,17,14.142871287500002,14.182606202999999,14.120981161,0.0616250419999993,0.10729754,0.107068874,0.0045,0.0035,1.0,1.0902115295227874,14.231207975500002,14.305792664
City,HCMC-100-3,Det,18,2.9438263875,2.5141785795000002,2.5141785795000002,0.0,0.0,0.0,0.0,0.0,1.0,1.0458538859299005,2.6429261514999998,2.5993785415
City,HCMC-100-3,Det,16,2.395441625,1.6966586399999999,1.690521208,0.006137431999999832,0.19679217599999999,0.23640237200000003,0.02,0.008,1.0,1.0480640468966138,1.7814375085,1.7474058705000002
City,HCMC-100-3,Det,27,5.9203614,5.8883833115,5.8161245655,0.07225874600000015,0.24387486999999997,0.400744652,0.018,0.0125,1.0,1.1460917241098658,5.979611139500001,5.965822586
City,HCMC-100-3,Det,21,1.5974743625,1.1211442594999999,1.0142281169999998,0.10691614250000003,0.1765522045,0.186312342,0.019,0.006,1.0,1.1255783470503022,1.0298476595,1.099712346
City,HCMC-200-1,Det,18,4.65059685,4.163654435000001,4.038125926999999,0.12552850800000126,0.412339106,0.408573188,0.031,0.014,1.0,1.0415379642037614,4.357762791,4.315619268000001
City,HCMC-200-1,Det,21,8.329348337499999,7.5729330804999995,7.5728542045,7.887599999989447e-05,0.015428888,0.015428888,0.0005,0.0005,1.0,1.1066983623009794,7.62592174,7.62592174
City,HCMC-200-1,Det,18,10.225967662499999,9.781138763,9.71769181,0.0634469529999997,0.14927652199999997,0.160116238,0.014,0.0055,1.0,1.0364807700871868,9.828577547,9.844789977
City,HCMC-200-1,Det,15,5.3519817000000005,4.7554411405,4.5522071975,0.20323394300000075,0.4533036510000001,0.607877094,0.037,0.021,1.0,1.0285955445159372,4.837334405000001,4.731632691
City,HCMC-200-1,Det,17,0.5409955750000001,0.5913913559999999,0.560067421,0.03132393499999997,0.073064984,0.08946382800000001,0.0055,0.003,1.0,1.0429128744078873,0.5846882330000001,0.5173145060000001
City,HCMC-200-1,Det,21,0.8452634875,0.7140984265000001,0.6164276935,0.09767073300000007,0.19485037400000002,0.194105552,0.0125,0.0065,1.0,1.042818664204745,0.7596733330000001,0.6481693000000001
City,HCMC-200-1,Det,25,3.598171225,3.4334900450000005,3.2430960835000002,0.19039396150000032,0.20506007399999998,0.18525555,0.018,0.006,1.0,1.1263412379633744,3.3677840685000002,3.3474730024999997
City,HCMC-200-1,Det,19,0.7552318124999999,0.635063871,0.5134955330000001,0.12156833799999989,0.13667598,0.136076652,0.0065,0.0045,1.0,1.0639420120117176,0.524666762,0.524666762
City,HCMC-200-1,Det,17,7.071287575,7.0549641085,7.0736423065,-0.018678197999999924,0.031875724,0.030263272,0.0025,0.001,1.0,1.1005748794993941,7.149377765000001,7.149377765000001
City,HCMC-200-1,Det,15,0.0,0.0,0.0,0.0,0.0,0.0,0.0,0.0,1.0,1.025810328149363,0.0,0.0
City,HCMC-200-1,Det,14,8.874591512499999,7.3358673785,7.2724875365,0.0633798419999998,0.5987138275,0.7725271,0.067,0.0265,1.0,1.0296336523219634,7.507045594,7.4091898595000005
City,HCMC-400-1,Det,22,1.8385784125,1.33917047,1.092088131,0.2470823390000001,0.48511935300000003,0.509433616,0.0295,0.0175,1.0,1.0377949016661716,1.299705504,1.3505335345
City,HCMC-400-1,Det,20,1.3117517749999996,1.0532409514999999,1.0415530264999997,0.011687925000000154,0.07719000399999999,0.07644963999999999,0.008,0.0025,1.0,1.0759982023919221,1.265635186,1.2877863035000001
City,HCMC-400-1,Det,14,1.260748175,1.1154466785,1.1009194615,0.014527216999999926,0.028713586,0.028458933999999998,0.003,0.001,1.0,1.017124001310159,1.121267037,1.1608742975
City,HCMC-400-1,Det,17,0.060531350000000005,0.04270776,0.042640937999999996,6.68220000000011e-05,0.014254628,0.014207186,0.001,0.0005,1.0,1.0215539407649472,0.060531350000000005,0.060531350000000005
City,HCMC-400-1,Det,21,1.6280934625,1.4058938905,1.187907121,0.21798676949999996,0.43306625149999994,0.45663319999999996,0.026,0.0155,1.0,1.0359463662859076,1.4167864529999998,1.248327091
City,HCMC-400-1,Det,19,4.896803124999999,4.7849120075,4.662140009499999,0.12277199800000105,0.297771484,0.31800496799999994,0.021,0.0105,1.0,1.1017402954576396,4.625064339000001,4.7885484565
City,HCMC-400-1,Det,24,14.040169399999998,10.951205967499998,10.551813184999999,0.39939278249999965,0.8200250740000001,0.986777542,0.0545,0.0325,1.0,1.061006462194256,10.908738666500001,10.8976839205
City,HCMC-400-1,Det,16,4.6851741124999995,3.608284975,3.4105951924999998,0.19768978250000036,0.590963398,0.677388052,0.05,0.0235,1.0,1.0185648333483355,3.5305553204999995,3.6739866385
City,HCMC-400-1,Det,20,7.393167837499999,6.873717109999999,6.897056234,-0.02333912400000049,-0.023339123999999996,0.0,0.001,0.0,1.0,1.0843047727670234,6.9858564945,7.0993533095
City,HCMC-400-1,Det,17,4.5969747125,3.896581026,3.989998177,-0.09341715100000014,-0.02787855499999999,0.135949446,0.01,0.0045,1.0,1.0553620419682903,4.0646124565,3.984533547
City,HCMC-400-1,Det,15,9.8331816,9.8331816,9.8331816,0.0,0.0,0.0,0.0,0.0,1.0,1.04712625346666,9.8331816,9.8331816
City,HCMC-400-1,Det,17,13.993751125,14.038712880999999,13.965302151,0.07341072999999909,0.102814214,0.102597914,0.006,0.0035,1.0,1.031225319654059,14.273359879000001,14.2901747125
City,HCMC-400-1,Det,17,6.4240366374999995,6.2593191379999995,6.2593191379999995,0.0,0.0,0.0,0.0,0.0,1.0,1.0552493236009182,6.282288899,6.386245597
City,HCMC-400-1,Det,20,2.989938975,2.4214237334999997,2.4053257169999998,0.01609801649999998,0.10046053199999999,0.19904222599999996,0.013,0.0065,1.0,1.083127825743931,2.398072854,2.361711257
City,HCMC-400-1,Det,17,2.6086581875,2.381413158,2.3261609365,0.055252221499999976,0.417887762,0.478899136,0.033,0.016,1.0,1.0490471947458218,2.217416468,2.2526186295
City,HCMC-400-1,Det,16,4.4321648125,3.8366929174999997,3.7164644979999997,0.12022841950000007,0.4428757785,0.458038418,0.0315,0.0155,1.0,1.0422745589517213,3.7110415489999995,3.6359993805
City,HCMC-400-1,Det,14,2.1970308125,1.9106976535000002,1.9106294035,6.825000000021397e-05,0.0293947,0.029258392,0.0035,0.001,1.0,1.0251895128070938,1.919921479,1.934540925
City,HCMC-400-1,Det,19,9.260144124999998,7.020938807,6.636202303,0.38473650400000015,1.276555043,1.3923561879999997,0.0905,0.0475,1.0,1.035174952502925,6.5714620985000005,6.9094727449999995
City,HCMC-400-1,Det,12,3.142922675,2.8323257655,2.8976748065,-0.06534904100000016,-0.002431447,0.028508584,0.0085,0.001,1.0,1.0138901105012192,2.9041647855,3.0693376945
City,HCMC-400-1,Det,13,13.6486803,13.692294904,13.69208755,0.00020735400000049253,0.028623004,0.028528539999999998,0.0015,0.001,1.0,1.0192693931551624,13.763362802,13.720102766
City,HCMC-400-1,Det,18,3.4485579000000004,2.933987646,2.8492296505,0.08475799549999996,0.30465915050000003,0.43633245,0.0295,0.015,1.0,1.0260168137218673,2.9388833590000005,2.9701289955
City,HCMC-400-1,Det,18,7.0252685375,5.924362634,5.8729429855,0.05141964850000047,0.166035256,0.163927456,0.0105,0.0055,1.0,1.041294600121804,5.8501720675,5.8257725065
City,HCMC-400-1,Det,14,5.7068559375,5.621594449500001,5.6000654395,0.02152901000000096,0.021529009999999984,0.14380851800000002,0.008,0.005,1.0,1.0194264109608302,5.6279963534999995,5.6279786595
City,NYC-100-1,Det,14,0.025868224999999998,0.01439456,0.01428269,0.00011187000000000002,0.0003167340000000003,0.0,0.0005,0.0,1.0,1.0435134783664044,0.025868224999999998,0.025868224999999998
City,NYC-100-1,Det,23,9.970693674999998,8.757561484,8.3850730035,0.3724884804999995,0.470711867,0.6617083479999999,0.0305,0.0205,1.0,1.1191768123210202,8.658282667,8.6533912025
City,NYC-100-1,Det,18,2.9684666749999997,2.524677454,2.1131897085,0.41148774549999967,0.8133921955000001,0.873436244,0.0645,0.029,1.0,1.0685937814723403,2.3138878995,2.109552937
City,NYC-100-1,Det,15,3.7097418374999998,3.4301654295,3.4150574035,0.015108026000000052,0.045390318,0.044614457999999996,0.0025,0.0015,1.0,1.0948832328875977,3.5898245685,3.4864739375
City,NYC-100-1,Det,18,8.461315112500001,7.805010684500001,7.837320314,-0.03230962949999938,0.06601382750000001,0.08957211600000001,0.0065,0.003,1.0,1.0431259079243322,7.975515466500001,7.9817249875
City,NYC-100-1,Det,12,0.0,0.014500028,0.0,0.014500028,0.014500028,0.014500028,0.0005,0.0005,1.0,1.034341636607515,0.0,0.0
City,NYC-100-2,Det,17,5.82952855,5.162915158,5.154120138000001,0.008795019999999099,0.1048935515,0.19559822,0.0125,0.0065,1.0,1.048662895873182,5.367312394000001,5.3162755745
City,NYC-100-2,Det,22,10.9880530375,9.3873154905,9.3873154905,0.0,0.0,0.0,0.0,0.0,1.0,1.0566798299077074,9.2968198075,9.2968198075
City,NYC-100-2,Det,19,14.6881760125,13.109407890999998,13.080015323500001,0.029392567499996858,0.2354660975,0.361887382,0.0195,0.0115,1.0,1.1166508806819433,12.897263784500002,13.056672515
City,NYC-100-2,Det,11,0.6116207875,0.476830025,0.460706812,0.01612321299999997,0.07631051800000001,0.07345341400000001,0.008,0.0025,1.0,1.0481719875361277,0.43310474899999996,0.46297803449999997
City,NYC-100-2,Det,14,0.051916775,0.0406288215,0.0403134495,0.00031537200000000126,0.00031537199999999996,0.0,0.0005,0.0,1.0,1.0808802763909797,0.043623,0.0403134495
City,NYC-100-2,Det,17,3.0423047750000007,2.2029699380000003,2.060571986,0.1423979520000005,0.28393734,0.28277981399999996,0.019,0.009,1.0,1.0730166081955028,2.3000745465,2.320612305
City,NYC-100-3,Det,18,1.0621710375,0.9920778075000001,0.9272434075,0.06483440000000007,0.11953021600000001,0.118738444,0.0075,0.004,1.0,1.0600695343597009,0.964808262,0.9884038600000001
City,NYC-100-3,Det,8,0.0,0.0,0.0,0.0,0.0,0.0,0.0,0.0,1.0,1.0905000611772373,0.0,0.0
City,NYC-100-3,Det,22,3.1957954999999996,3.040721928,2.9445410835,0.09618084450000008,0.1573947485,0.179374716,0.0115,0.006,1.0,1.0745979686957932,3.0561830385,3.0014117944999996
City,NYC-100-3,Det,18,4.668659337499999,4.6778367450000005,4.661570126,0.016266619000000482,0.0496172845,0.11935712799999999,0.006,0.004,1.0,1.045810395259986,4.6550462165,4.6549673885
City,NYC-100-3,Det,15,1.6190096374999998,1.212890854,1.104136215,0.10875463900000004,0.25412004150000006,0.32167973400000005,0.0265,0.0105,1.0,1.0806466432552513,1.1224271060000002,1.1674696595
City,NYC-100-3,Det,19,2.1414186625,1.6320749085,1.5656167799999998,0.0664581285000001,0.37173325799999996,0.36538479,0.0275,0.012,1.0,1.079170191094164,1.7355860534999998,1.7513478825
City,PARIS-100-1,Det,19,9.5197588875,7.410940243,7.226928042000001,0.18401220099999893,0.6473462489999998,0.84413264,0.0545,0.026,1.0,1.1429690727804813,7.514533505,7.2653083800000005
City,PARIS-100-1,Det,5,0.0,0.0,0.0,0.0,0.0,0.0,0.0,0.0,1.0,1.0122565876157485,0.0,0.0
City,PARIS-100-1,Det,18,0.8055927125000001,0.5639389335,0.492771798,0.07116713550000003,0.128366079,0.170239516,0.0125,0.0055,1.0,1.0952560772808346,0.497000507,0.4802317505
City,PARIS-100-1,Det,18,0.16918872499999998,0.135421044,0.100517655,0.03490338899999999,0.048678702000000004,0.045582371999999996,0.004,0.0015,1.0,1.107768350405887,0.1234608045,0.12279126450000001
City,PARIS-100-1,Det,20,0.0,0.014118146,0.014118146,0.0,0.0,0.0,0.0,0.0,1.0,1.094590182025317,0.072865492,0.028236292
City,PARIS-100-1,Det,20,8.5575154375,7.975894038500001,8.174536353,-0.1986423144999998,-0.03236246199999997,0.32457694200000003,0.0225,0.0105,1.0,1.0954816471092046,8.2299174065,8.152380906500001
City,PARIS-100-2,Det,20,1.91180545,1.5413305284999999,1.5539358384999997,-0.01260530999999987,0.10694089600000001,0.201122678,0.016,0.0065,1.0,1.115965422601632,1.7615011085,1.7699328655
City,PARIS-100-2,Det,19,7.728877075,7.654435767,7.651015569999998,0.0034201970000014015,0.031637997999999994,0.029351218000000002,0.004,0.001,1.0,1.075356835061485,7.744819094999999,7.7268584989999995
City,PARIS-100-2,Det,8,0.0,0.0,0.0,0.0,0.0,0.0,0.0,0.0,1.0,1.0276900094811028,0.0,0.0
City,PARIS-100-2,Det,16,18.6373071875,18.558124167000003,18.5963181845,-0.038194017499996846,-0.011871374000000014,0.076999348,0.005,0.0025,1.0,1.099246142147923,18.844851108,18.73991287
City,PARIS-100-2,Det,17,0.67340785,0.5743761380000001,0.5366727155000001,0.03770342250000003,0.13071855500000001,0.16902451000000002,0.0125,0.0055,1.0,1.0971889336558953,0.5625079485,0.5408933570000001
City,PARIS-100-2,Det,20,3.5933672000000003,3.1607865,2.9375944435,0.22319205649999985,0.5265905945000001,0.624871256,0.0285,0.02,1.0,1.105365328964698,3.2468690250000005,3.0687370495000006
City,PARIS-100-3,Det,12,0.0,0.014376356,0.0,0.014376356,0.014376356,0.014376356,0.0005,0.0005,1.0,1.035889280725813,0.219293016,0.0
City,PARIS-100-3,Det,10,0.0,0.0,0.0,0.0,0.0,0.0,0.0,0.0,1.0,1.0217295546128595,0.0,0.0
City,PARIS-100-3,Det,22,0.3206189,0.240961439,0.19294333100000002,0.048018107999999976,0.064766288,0.062375666,0.0045,0.002,1.0,1.1025311579220671,0.33463401499999995,0.24208095500000001
City,PARIS-100-3,Det,11,0.0,0.0,0.0,0.0,0.0,0.0,0.0,0.0,1.0,1.093618672946197,0.0,0.0
City,PARIS-100-3,Det,23,1.8885732625,1.551499133,1.070786864,0.4807122690000001,0.7022383015,0.70139628,0.045,0.0225,1.0,1.1210917055934277,1.193066957,1.291176672
City,PARIS-100-3,Det,22,1.85213285,1.6776590175000001,1.2927849919999999,0.38487402550000027,0.62232579,0.604931076,0.034,0.0195,1.0,1.1108649305376919,1.3574568275,1.264649507
City,SHANGHAI-100-1,Det,19,9.2938801875,8.931886050500001,8.9718746775,-0.03998862699999961,0.04424341500000001,0.08811636,0.0075,0.003,1.0,1.0518435275875426,9.001184985,8.9780629035
City,SHANGHAI-100-1,Det,9,0.0,0.0,0.0,0.0,0.0,0.0,0.0,0.0,1.0,1.0207888745735338,0.0,0.0
City,SHANGHAI-100-1,Det,19,1.4042443375,1.1515458199999997,0.9135109865,0.23803483349999977,0.427619729,0.4600189819999999,0.035,0.0155,1.0,1.0597599559639377,0.986988151,1.048756827
City,SHANGHAI-100-1,Det,19,13.8396528125,12.471550326000001,12.4959838725,-0.02443354649999918,0.023745423999999994,0.045346704,0.0035,0.0015,1.0,1.1175814509700448,12.3992833335,12.4478297505
City,SHANGHAI-100-1,Det,17,19.354228125000002,19.214997419,19.2199242895,-0.004926870500000291,-0.0049268705,0.015653726,0.0015,0.0005,1.0,1.1069354887296945,19.203603235,19.203603235
City,SHANGHAI-100-1,Det,17,1.7913921499999998,1.5623977089999999,1.1951860735,0.3672116354999999,0.5573377915,0.559229246,0.04,0.0185,1.0,1.085815989317573,1.3135821535,1.3467230105
City,SHANGHAI-100-2,Det,21,2.30238315,1.902354165,1.803195371,0.09915879400000005,0.21971338550000002,0.315383238,0.0235,0.0105,1.0,1.0715021511411724,2.0943146454999995,1.8722569865
City,SHANGHAI-100-2,Det,19,2.521632275,2.3960648145,2.407673598,-0.011608783500000275,0.0011643299999999997,0.0,0.0005,0.0,1.0,1.1054000703827136,2.387473761,2.362575701
City,SHANGHAI-100-2,Det,20,8.671874175000001,8.16030781,8.16030781,0.0,0.0,0.0,0.0,0.0,1.0,1.1136619870470195,8.025342767500002,8.025342767500002
City,SHANGHAI-100-2,Det,19,5.4518669,4.1271259615,3.9899508905000003,0.1371750709999997,0.31124134600000003,0.36008497,0.018,0.0115,1.0,1.1099529879751315,4.070263221,4.0412827899999995
City,SHANGHAI-100-2,Det,20,2.120032525,2.071796252,2.010427879,0.06136837300000009,0.26484979000000003,0.285032912,0.0165,0.0095,1.0,1.061971525410722,2.134565269,2.018445963
City,SHANGHAI-100-3,Det,20,22.495343287500003,22.485284602000004,22.470202448000002,0.01508215400000168,0.015082153999999999,0.015082153999999999,0.0005,0.0005,1.0,1.0822966130638305,22.571583281500004,22.525414127500003
City,SHANGHAI-100-3,Det,17,0.7356511875,0.621428424,0.5124854035,0.10894302049999993,0.142174802,0.153982328,0.0115,0.005,1.0,1.0888806221632348,0.5997388195,0.5532460495
City,SHANGHAI-100-3,Det,17,8.526082825000001,8.669931868499999,8.6544091285,0.015522739999999757,0.01552274,0.01552274,0.0005,0.0005,1.0,1.08941997783927,8.71230687,8.71230687
City,SHANGHAI-100-3,Det,11,0.10381735,0.057072385999999996,0.06839791149999999,-0.011325525499999996,0.00048095400000000056,0.0,0.001,0.0,1.0,1.0474064486218764,0.15985577799999998,0.0825457695
City,SHANGHAI-100-3,Det,19,9.016734325000002,8.1538397555,8.2033790175,-0.049539261999999695,0.003592667000000002,0.15029276,0.0095,0.005,1.0,1.055914304246118,8.5452048015,8.379723486000001
City,SHANGHAI-100-3,Det,16,0.0,0.0,0.0,0.0,0.0,0.0,0.0,0.0,1.0,1.081640967978545,0.0,0.0
