{"city": "hanoi", "centre": [21.0285, 105.8542], "nodes": [[309642117, 21.0287988, 105.8537903, "DEPOT"], [6418914735, 21.0723087, 105.8887872, "node-6418914735"], [1756928965, 21.0612326, 105.808765, "node-1756928965"], [4631390679, 21.0130335, 105.8646082, "node-4631390679"], [4901358274, 21.0552065, 105.8877563, "node-4901358274"], [5716466055, 20.9872831, 105.8742528, "node-5716466055"], [3878471568, 21.0217718, 105.9089283, "node-3878471568"], [426895039, 21.0800996, 105.8530173, "node-426895039"], [426891454, 21.0593806, 105.8933741, "node-426891454"], [5707776079, 21.0377734, 105.8066578, "node-5707776079"], [10816613659, 21.0700101, 105.8874059, "node-10816613659"], [8730634797, 21.0560568, 105.8722059, "node-8730634797"], [11046698472, 20.997704, 105.8657891, "node-11046698472"], [5707010743, 21.001482, 105.9021038, "node-5707010743"], [5681403347, 21.0702199, 105.8251314, "node-5681403347"], [11015614268, 20.9805912, 105.8614053, "node-11015614268"], [5716573200, 21.0087346, 105.8644853, "node-5716573200"], [443401722, 20.9866904, 105.8281637, "node-443401722"], [309600764, 21.0320001, 105.8467599, "node-309600764"], [13319396493, 21.0011003, 105.9004049, "node-13319396493"], [2218638319, 21.0289783, 105.8896416, "node-2218638319"], [4915979082, 21.0690863, 105.8781143, "node-4915979082"], [102987956, 21.0185353, 105.8618095, "node-102987956"], [5718946099, 21.0209986, 105.8002174, "node-5718946099"], [13043128695, 21.0475541, 105.8652837, "node-13043128695"], [2294341661, 21.042542, 105.8510793, "node-2294341661"], [6587105087, 21.0501834, 105.8403181, "node-6587105087"], [5717029441, 21.023456, 105.9005097, "node-5717029441"], [5719272601, 21.0696052, 105.9002926, "node-5719272601"], [5629422902, 20.9938994, 105.8690745, "node-5629422902"], [5724712087, 21.0085729, 105.9117986, "node-5724712087"], [312953050, 21.0094861, 105.9053384, "node-312953050"], [5721532737, 21.0532616, 105.9046749, "node-5721532737"], [426895796, 21.0814176, 105.8461162, "node-426895796"], [6624751851, 21.0453855, 105.8458428, "node-6624751851"], [426897019, 21.0710888, 105.8673314, "node-426897019"], [97983093, 21.0564841, 105.8788429, "node-97983093"], [1495013157, 20.9872725, 105.8282535, "node-1495013157"], [426894812, 21.0331813, 105.8677676, "node-426894812"], [6418804317, 21.071595, 105.9051263, "node-6418804317"], [426892898, 21.0258258, 105.8871552, "node-426892898"], [5927884978, 21.0355011, 105.8550415, "node-5927884978"], [12067360420, 21.0213318, 105.8533331, "node-12067360420"], [102983975, 21.0290243, 105.8565504, "node-102983975"], [5716343885, 20.9905692, 105.893102, "node-5716343885"], [98026475, 21.0064838, 105.8316456, "node-98026475"], [426895432, 21.0732105, 105.8717835, "node-426895432"], [5706960432, 21.0005777, 105.9021153, "node-5706960432"], [444874859, 21.0163706, 105.81468, "node-444874859"], [5721603539, 21.0616631, 105.8876896, "node-5721603539"], [8820088628, 21.0633275, 105.8214042, "node-8820088628"], [8336805250, 21.0626422, 105.8256513, "node-8336805250"], [8819685689, 21.070834, 105.8659409, "node-8819685689"], [8334365822, 21.0735156, 105.7990788, "node-8334365822"], [4960916386, 21.0309654, 105.8027947, "node-4960916386"], [5662886050, 20.992156, 105.8401212, "node-5662886050"], [8272696625, 21.0152083, 105.8522674, "node-8272696625"], [5719489056, 20.9791331, 105.8940183, "node-5719489056"], [11782600815, 20.9748767, 105.8943277, "node-11782600815"], [426895299, 21.0787453, 105.8671911, "node-426895299"], [8709007014, 21.0542768, 105.7978073, "node-8709007014"], [426897984, 21.0735773, 105.8751041, "node-426897984"], [6419958556, 21.0454999, 105.8753454, "node-6419958556"], [8273349570, 21.0456885, 105.9015468, "node-8273349570"], [5719476615, 20.9789049, 105.8785612, "node-5719476615"], [1905157916, 21.009048, 105.8366884, "node-1905157916"], [1755146781, 21.0078013, 105.8418746, "node-1755146781"], [81794511, 21.0330795, 105.8518961, "node-81794511"], [6611292145, 21.0210654, 105.9005854, "node-6611292145"], [1495094494, 21.0665087, 105.9081217, "node-1495094494"], [420456598, 21.0203349, 105.8016199, "node-420456598"], [10289107141, 21.0234009, 105.8923486, "node-10289107141"], [13824894915, 21.0420846, 105.8164235, "node-13824894915"], [6610081144, 21.0646966, 105.8057098, "node-6610081144"], [426897400, 21.0696159, 105.8835977, "node-426897400"], [426897467, 21.0772747, 105.8797118, "node-426897467"], [311719758, 21.0569821, 105.8230532, "node-311719758"], [8332847122, 21.0577003, 105.8225194, "node-8332847122"], [5687042047, 21.0733028, 105.8117453, "node-5687042047"], [6709358541, 21.0529319, 105.7974748, "node-6709358541"], [6601196045, 21.0541893, 105.8051307, "node-6601196045"], [8773386831, 21.0304946, 105.8578876, "node-8773386831"], [5718896848, 21.0781478, 105.8768937, "node-5718896848"], [6670444529, 21.0061894, 105.816321, "node-6670444529"], [426892604, 21.0720859, 105.8887277, "node-426892604"], [5703756791, 20.9821986, 105.8457052, "node-5703756791"], [8432307741, 20.9978798, 105.8414328, "node-8432307741"], [5719529384, 21.0650208, 105.8903342, "node-5719529384"], [4595872432, 21.0062229, 105.7970209, "node-4595872432"], [5681508973, 21.069454, 105.8285453, "node-5681508973"], [6597185739, 21.0725964, 105.8039618, "node-6597185739"], [5680978943, 21.0770309, 105.8226494, "node-5680978943"], [5721494390, 21.0361188, 105.8789365, "node-5721494390"], [444398148, 21.0026384, 105.8058806, "node-444398148"], [1613088455, 21.0567991, 105.9005771, "node-1613088455"], [5725065286, 21.0570369, 105.8648554, "node-5725065286"], [426896994, 21.0701052, 105.8640469, "node-426896994"], [8273782825, 21.0204088, 105.9080315, "node-8273782825"], [11370036345, 21.0783607, 105.8350216, "node-11370036345"], [4843388065, 21.0708252, 105.8090071, "node-4843388065"], [995292029, 21.0273998, 105.8951514, "node-995292029"], [4350985153, 20.9807545, 105.8135177, "node-4350985153"], [3221325531, 21.0735288, 105.8087983, "node-3221325531"], [311718737, 21.0660338, 105.8234073, "node-311718737"], [11332494712, 21.0238309, 105.8427541, "node-11332494712"], [426897940, 21.0755321, 105.8788628, "node-426897940"], [75618029, 21.0249161, 105.8551509, "node-75618029"], [426897054, 21.0696284, 105.8640434, "node-426897054"], [102989116, 21.022875, 105.8574777, "node-102989116"], [4736531778, 20.9833957, 105.89196, "node-4736531778"], [12056707718, 21.0705399, 105.8649424, "node-12056707718"], [6670813920, 21.0484372, 105.8747155, "node-6670813920"], [426895838, 21.056412, 105.8666242, "node-426895838"], [4889015516, 21.0521666, 105.9009711, "node-4889015516"], [11991567868, 21.0722029, 105.8851281, "node-11991567868"], [4802646323, 21.0425587, 105.8493427, "node-4802646323"], [4025115175, 21.0088638, 105.8143743, "node-4025115175"], [8266592535, 20.9901052, 105.8218346, "node-8266592535"], [98043906, 21.0269191, 105.8437592, "node-98043906"], [2174649956, 21.0028656, 105.8117191, "node-2174649956"], [3880274416, 21.0373093, 105.9032371, "node-3880274416"], [10748989214, 21.0123892, 105.9102377, "node-10748989214"], [5719106734, 21.067521, 105.8739598, "node-5719106734"], [8341988851, 20.9999658, 105.800892, "node-8341988851"], [5485653882, 21.0233154, 105.8067962, "node-5485653882"], [11111175323, 20.9795597, 105.8128225, "node-11111175323"], [8298863827, 21.0720615, 105.8014754, "node-8298863827"], [5598303159, 20.9861054, 105.8070013, "node-5598303159"], [6632482853, 21.0498801, 105.8918177, "node-6632482853"], [6650876737, 21.0174399, 105.8130972, "node-6650876737"], [12143798085, 20.9871467, 105.8512674, "node-12143798085"], [10100966682, 21.0077986, 105.8153637, "node-10100966682"], [610740401, 21.0375518, 105.8491471, "node-610740401"], [10314384645, 21.0624713, 105.8011825, "node-10314384645"], [5716775552, 20.9752408, 105.8949055, "node-5716775552"], [436170722, 21.0041897, 105.8412431, "node-436170722"], [103017228, 21.0400597, 105.8477713, "node-103017228"], [6661711160, 21.0656219, 105.8320305, "node-6661711160"], [8336527723, 