{"city": "hcmc", "centre": [10.7769, 106.7009], "nodes": [[1769277472, 10.7765708, 106.7012198, "DEPOT"], [5773400659, 10.8049172, 106.6960153, "node-5773400659"], [2078951000, 10.7981752, 106.6523358, "node-2078951000"], [2495883537, 10.7276, 106.651467, "node-2495883537"], [2692325235, 10.7891437, 106.7288223, "node-2692325235"], [4958074291, 10.7941422, 106.670567, "node-4958074291"], [2323997705, 10.7398687, 106.730035, "node-2323997705"], [735998196, 10.7310467, 106.7085378, "node-735998196"], [411920722, 10.7598173, 106.6902808, "node-411920722"], [4639072646, 10.7892442, 106.70797, "node-4639072646"], [8366417023, 10.7904487, 106.7411785, "node-8366417023"], [6772503853, 10.7353299, 106.7181695, "node-6772503853"], [13919166087, 10.7635382, 106.7066755, "node-13919166087"], [4608876662, 10.7667979, 106.6882721, "node-4608876662"], [3338020171, 10.7588519, 106.6923653, "node-3338020171"], [8370203497, 10.7590296, 106.7370554, "node-8370203497"], [4989081988, 10.8026642, 106.6966196, "node-4989081988"], [1833101953, 10.778266, 106.7525338, "node-1833101953"], [366449895, 10.8306766, 106.7022969, "node-366449895"], [12441617624, 10.7915638, 106.7183462, "node-12441617624"], [2156217095, 10.7482442, 106.7129369, "node-2156217095"], [2692325258, 10.7868582, 106.726919, "node-2692325258"], [366400187, 10.7757983, 106.6549425, "node-366400187"], [13507231569, 10.75515, 106.6684339, "node-13507231569"], [12185342981, 10.7813617, 106.7360632, "node-12185342981"], [2159586474, 10.7417862, 106.7227444, "node-2159586474"], [5775221654, 10.8003217, 106.7094532, "node-5775221654"], [5074799086, 10.7856127, 106.6667481, "node-5074799086"], [5721610423, 10.7977254, 106.674201, "node-5721610423"], [13916536777, 10.8042352, 106.7032356, "node-13916536777"], [5755153775, 10.73859, 106.6549586, "node-5755153775"], [366462101, 10.7485594, 106.661395, "node-366462101"], [5737751081, 10.8118585, 106.7209849, "node-5737751081"], [1393358751, 10.8205335, 106.6824862, "node-1393358751"], [5779523232, 10.8181247, 106.7197224, "node-5779523232"], [1497312735, 10.7949209, 106.7310712, "node-1497312735"], [366379977, 10.7659541, 106.6640381, "node-366379977"], [1996745093, 10.7522461, 106.6517867, "node-1996745093"], [715729851, 10.7447513, 106.7331722, "node-715729851"], [5772233419, 10.7848784, 106.6709432, "node-5772233419"], [411925958, 10.7779066, 106.7061554, "node-411925958"], [5765292374, 10.798124, 106.6563168, "node-5765292374"], [11052082820, 10.8294672, 106.7247581, "node-11052082820"], [366399131, 10.8023219, 106.7018539, "node-366399131"], [4927819022, 10.7595594, 106.6519895, "node-4927819022"], [366390322, 10.7434748, 106.7165623, "node-366390322"], [1271148448, 10.7957696, 106.7445363, "node-1271148448"], [4607339373, 10.7666312, 106.6859874, "node-4607339373"], [1833373598, 10.7839726, 106.7512194, "node-1833373598"], [5738082260, 10.8181731, 106.7043553, "node-5738082260"], [6783521801, 10.7609476, 106.6742175, "node-6783521801"], [6420478647, 10.7476623, 106.6902673, "node-6420478647"], [6773441138, 10.7459222, 106.7018479, "node-6773441138"], [6356490349, 10.7934862, 106.6743701, "node-6356490349"], [2692325523, 10.7915644, 106.7432121, "node-2692325523"], [3232854941, 10.7324458, 106.6744246, "node-3232854941"], [5818114073, 10.8272522, 106.6822141, "node-5818114073"], [5733084736, 10.8053252, 106.7403301, "node-5733084736"], [10185897735, 10.8158527, 106.7190827, "node-10185897735"], [842051629, 10.7236266, 106.7169262, "node-842051629"], [6760469900, 10.7460855, 106.650355, "node-6760469900"], [1738852187, 10.7722033, 106.6703404, "node-1738852187"], [5773400832, 10.8046454, 106.7013783, "node-5773400832"], [6049158688, 10.7891556, 106.6549166, "node-6049158688"], [5733023026, 10.8066291, 106.7043013, "node-5733023026"], [2153453415, 10.7463669, 106.7359339, "node-2153453415"], [2078950324, 10.7973117, 106.647329, "node-2078950324"], [366368626, 10.7429531, 106.7118758, "node-366368626"], [5779522936, 10.8151721, 106.7176846, "node-5779522936"], [2021899490, 10.8040811, 106.6919803, "node-2021899490"], [411919061, 10.7830427, 106.6785164, "node-411919061"], [8345479158, 10.8087892, 106.7497127, "node-8345479158"], [5742675558, 10.8290784, 106.7247152, "node-5742675558"], [5778381658, 10.7627791, 106.6512184, "node-5778381658"], [1561464717, 10.8001108, 106.6685264, "node-1561464717"], [1606180407, 10.7773673, 106.6552433, "node-1606180407"], [366454807, 10.7848379, 106.6578031, "node-366454807"], [6257994121, 10.8048294, 106.662867, "node-6257994121"], [3727363047, 10.8240101, 106.7222882, "node-3727363047"], [5789200171, 10.8194507, 106.6842835, "node-5789200171"], [5778236326, 10.8132004, 106.7178078, "node-5778236326"], [6757994560, 10.7518811, 106.6574904, "node-6757994560"], [5108956874, 10.7912085, 106.6543731, "node-5108956874"], [5786407659, 10.8178948, 106.6841525, "node-5786407659"], [411924874, 10.7736099, 106.6893259, "node-411924874"], [4535195804, 10.765014, 106.6475662, "node-4535195804"], [6727408777, 10.7640029, 106.6820569, "node-6727408777"], [5733266099, 10.799141, 106.700989, "node-5733266099"], [2495870409, 10.7329864, 106.6561255, "node-2495870409"], [3376230385, 10.8060278, 106.7355939, "node-3376230385"], [5776272464, 10.799333, 106.7160734, "node-5776272464"], [3338020159, 10.7576255, 106.6907316, "node-3338020159"], [5735511407, 10.7706718, 106.7062095, "node-5735511407"], [1833102364, 10.7827096, 106.7533022, "node-1833102364"], [2036082948, 10.7933341, 106.71767, "node-2036082948"], [5755653982, 10.8081486, 106.6495188, "node-5755653982"], [1497276495, 10.7991904, 106.6998736, "node-1497276495"], [6240862331, 10.7584524, 106.6462122, "node-6240862331"], [9479109845, 10.752792, 106.727791, "node-9479109845"], [2654785046, 10.7879131, 106.739293, "node-2654785046"], [1852879430, 10.8172772, 106.7234987, "node-1852879430"], [2413295794, 10.7487995, 106.65269, "node-2413295794"], [2302060716, 10.7507387, 106.7134189, "node-2302060716"], [366454324, 10.7520106, 106.7384951, "node-366454324"], [9404261910, 10.7675377, 106.6951078, "node-9404261910"], [1710174711, 10.7232314, 106.7101682, "node-1710174711"], [366368048, 10.755757, 106.6651815, "node-366368048"], [1497313028, 10.7989827, 106.7219224, "node-1497313028"], [366400854, 10.8151773, 106.6933544, "node-366400854"], [2495948103, 10.7230153, 106.64753, "node-2495948103"], [10973573940, 10.7949017, 106.7193108, "node-10973573940"], [5788512791, 10.7313951, 106.7155618, "node-5788512791"], [1393358784, 10.8221764, 106.6806609, "node-1393358784"], [2685998240, 10.7421065, 106.6728968, "node-2685998240"], [10536499997, 10.7841495, 106.7243085, "node-10536499997"], [2634496768, 10.8231, 106.7169173, "node-2634496768"], [2358055406, 10.7374408, 106.7122452, "node-2358055406"], [5805831181, 10.7588181, 106.6794957, "node-5805831181"], [366397015, 10.7550714, 106.6653193, "node-366397015"], [2154852035, 10.741093, 106.7123729, "node-2154852035"], [2340190511, 10.7237514, 106.7370316, "node-2340190511"], [8366122988, 10.7812693, 106.7478009, "node-8366122988"], [5420243243, 10.7740291, 106.7507955, "node-5420243243"], [6665151130, 10.7689544, 106.714141, "node-6665151130"], [3137351432, 10.8304134, 106.7042616, "node-3137351432"], [8751584189, 10.7804644, 106.7085388, "node-8751584189"], [6251135515, 10.7678486, 106.6486464, "node-6251135515"], [3191421759, 10.7828612, 106.722313, "node-3191421759"], [5780792884, 10.8176058, 106.7428333, "node-5780792884"], [5781828013, 10.8102306, 106.7465844, "node-5781828013"], [11252820363, 10.778377, 106.7486097, "node-11252820363"], [7795101428, 10.7926385, 106.734157, "node-7795101428"], [1847175987, 10.7361642, 106.7052402, "node-1847175987"], [8359584602, 10.7722592, 106.7257947, "node-8359584602"], [5060404789, 10.7766574, 106.6650025, "node-5060404789"], [1756992040, 10.7354252, 106.6780642, "node-1756992040"], [366411416, 10.7265509, 106.7123115, "node-366411416"], [5783327061, 10.7385686, 106.7313335, "node-5783327061"], 