{"city": "hcmc", "centre": [10.7769, 106.7009], "nodes": [[1769277472, 10.7765708, 106.7012198, "DEPOT"], [1276696891, 10.8115966, 106.7047902, "node-1276696891"], [9864826747, 10.7713831, 106.6934406, "node-9864826747"], [411922435, 10.7720467, 106.6822736, "node-411922435"], [8816676438, 10.8124737, 106.6666038, "node-8816676438"], [5763223044, 10.7408034, 106.6599505, "node-5763223044"], [4953829962, 10.8091415, 106.7281767, "node-4953829962"], [1833373626, 10.7847357, 106.7505788, "node-1833373626"], [2156215993, 10.7362381, 106.6934393, "node-2156215993"], [11360463236, 10.7933443, 106.6596201, "node-11360463236"], [7698985293, 10.7442971, 106.695747, "node-7698985293"], [11115825030, 10.8001644, 106.7011153, "node-11115825030"], [6356490356, 10.7933255, 106.6752258, "node-6356490356"], [6349849592, 10.7987066, 106.672081, "node-6349849592"], [1409491216, 10.8004218, 106.6608314, "node-1409491216"], [2163540451, 10.7899034, 106.6722643, "node-2163540451"], [1497276497, 10.7993854, 106.7007427, "node-1497276497"], [12323240204, 10.7554216, 106.7195124, "node-12323240204"], [9577072322, 10.804187, 106.7477124, "node-9577072322"], [2159588386, 10.7508224, 106.7047246, "node-2159588386"], [4903038634, 10.8211525, 106.6764651, "node-4903038634"], [1996655226, 10.7648501, 106.6987998, "node-1996655226"], [411919168, 10.7878126, 106.6703264, "node-411919168"], [2692325194, 10.7915829, 106.7289357, "node-2692325194"], [6013212709, 10.7920284, 106.6596729, "node-6013212709"], [2210777332, 10.7311922, 106.719216, "node-2210777332"], [2164944241, 10.7898813, 106.6730281, "node-2164944241"], [4655932102, 10.7731168, 106.6552451, "node-4655932102"], [366404424, 10.7631226, 106.661127, "node-366404424"], [2340190523, 10.7241788, 106.7369668, "node-2340190523"], [5775035039, 10.7985873, 106.7071653, "node-5775035039"], [366416507, 10.7492666, 106.6559248, "node-366416507"], [7433063734, 10.7978837, 106.7332079, "node-7433063734"], [5462344911, 10.7667446, 106.6653894, "node-5462344911"], [3789057868, 10.7788276, 106.6546913, "node-3789057868"], [5738430638, 10.7964115, 106.735855, "node-5738430638"], [5092125025, 10.7756955, 106.6502153, "node-5092125025"], [2692325481, 10.7927891, 106.7428818, "node-2692325481"], [1780010929, 10.7549175, 106.6944506, "node-1780010929"], [2634496768, 10.8231, 106.7169173, "node-2634496768"], [4200187287, 10.7366174, 106.6614518, "node-4200187287"], [6251135500, 10.76795, 106.6489468, "node-6251135500"], [2350639293, 10.7424205, 106.7218895, "node-2350639293"], [4927818795, 10.7648499, 106.6551501, "node-4927818795"], [366418404, 10.7796776, 106.66109, "node-366418404"], [11098799676, 10.8082352, 106.6952325, "node-11098799676"], [366414466, 10.7929933, 106.6800466, "node-366414466"], [5779522929, 10.8160253, 106.7186181, "node-5779522929"], [11761456398, 10.776685, 106.7488367, "node-11761456398"], [8837370430, 10.8239142, 106.7016716, "node-8837370430"], [366456302, 10.8117045, 106.7066789, "node-366456302"], [5074799082, 10.7839864, 106.666361, "node-5074799082"], [5782114420, 10.8110267, 106.6833038, "node-5782114420"], [4197274894, 10.7297148, 106.6502296, "node-4197274894"], [2154852220, 10.7432794, 106.6953147, "node-2154852220"], [5764861300, 10.7387624, 106.6484183, "node-5764861300"], [3700940781, 10.766573, 106.7228293, "node-3700940781"], [12185342979, 10.78149, 106.7363183, "node-12185342979"], [11361818116, 10.7980401, 106.6586037, "node-11361818116"], [2418561836, 10.8300762, 106.7293614, "node-2418561836"], [5786407215, 10.8163499, 106.6824855, "node-5786407215"], [6855606308, 10.7649507, 106.7267484, "node-6855606308"], [2338948225, 10.7242547, 106.7364875, "node-2338948225"], [10882802007, 10.797907, 106.7180538, "node-10882802007"], [411919358, 10.7731147, 106.7000909, "node-411919358"], [5677311092, 10.7346972, 106.6472146, "node-5677311092"], [3137343108, 10.8291337, 106.7014291, "node-3137343108"], [4440317090, 10.8277793, 106.6737015, "node-4440317090"], [1524373617, 10.7703137, 106.6685201, "node-1524373617"], [12437015526, 10.8028254, 106.711403, "node-12437015526"], [2822161253, 10.7950502, 106.6666131, "node-2822161253"], [2634496489, 10.8219425, 106.7174943, "node-2634496489"], [4901048436, 10.8296134, 106.6794888, "node-4901048436"], [5792540613, 10.8268638, 106.6956486, "node-5792540613"], [1992606694, 10.7563903, 106.7037016, "node-1992606694"], [6356490345, 10.7933124, 106.6744318, "node-6356490345"], [3216187625, 10.8280012, 106.7253537, "node-3216187625"], [411918926, 10.7709517, 106.69163, "node-411918926"], [5738429868, 10.7907997, 106.7318987, "node-5738429868"], [1497313061, 10.7998045, 106.7099003, "node-1497313061"], [2156216150, 10.7371257, 106.6901602, "node-2156216150"], [5740707074, 10.8247487, 106.7210533, "node-5740707074"], [4933402688, 10.7901039, 106.7189866, "node-4933402688"], [5738447167, 10.8209281, 106.6969316, "node-5738447167"], [366405051, 10.7270161, 106.6533883, "node-366405051"], [2937562954, 10.7347025, 106.6798035, "node-2937562954"], [2685998058, 10.7378624, 106.6732287, "node-2685998058"], [366423538, 10.7495024, 106.6672528, "node-366423538"], [4551286619, 10.7722966, 106.6551933, "node-4551286619"], [6022345276, 10.7713393, 106.6495404, "node-6022345276"], [8349461258, 10.7963976, 106.7521202, "node-8349461258"], [366471405, 10.7436639, 106.6714186, "node-366471405"], [1833101493, 10.7728661, 106.7550015, "node-1833101493"], [5773531751, 10.8031069, 106.7032852, "node-5773531751"], [5778688810, 10.7639382, 106.6616936, "node-5778688810"], [7473513186, 10.7401806, 106.6550014, "node-7473513186"], [5350664365, 10.7973405, 106.6961678, "node-5350664365"], [6270856173, 10.7768321, 106.6535857, "node-6270856173"], [8344770342, 10.8070582, 106.6463189, "node-8344770342"], [5073776292, 10.7655348, 106.6623169, "node-5073776292"], [5788625777, 10.7621436, 106.6567534, "node-5788625777"]]}