{"city": "nyc", "centre": [40.7549, -73.984], "nodes": [[42430333, 40.754842, -73.984118, "DEPOT"], [42437654, 40.7510092, -73.9906121, "node-42437654"], [4679523598, 40.7336357, -74.0026286, "node-4679523598"], [42434946, 40.7491045, -73.9840705, "node-42434946"], [4142073861, 40.7258331, -74.0111865, "node-4142073861"], [103872699, 40.757236, -74.049747, "node-103872699"], [103861407, 40.7136605, -74.0363265, "node-103861407"], [42443826, 40.7976374, -73.9312818, "node-42443826"], [42466376, 40.721292, -73.948875, "node-42466376"], [6176483595, 40.7612397, -73.9639021, "node-6176483595"], [2708237395, 40.7440628, -73.9251476, "node-2708237395"], [5631441442, 40.7712343, -74.0267298, "node-5631441442"], [596775963, 40.7660871, -73.9676144, "node-596775963"], [595245883, 40.7799016, -73.9867858, "node-595245883"], [42439170, 40.7369675, -73.9845133, "node-42439170"], [42476519, 40.7178784, -73.9475898, "node-42476519"], [42439406, 40.7752935, -73.9536366, "node-42439406"], [8574143452, 40.7336277, -74.0363318, "node-8574143452"], [4456578359, 40.7084779, -73.9684361, "node-4456578359"], [42475764, 40.706464, -73.960767, "node-42475764"], [103855254, 40.7930461, -74.0059658, "node-103855254"], [42445667, 40.7469293, -73.9712165, "node-42445667"], [42433620, 40.754707, -73.991633, "node-42433620"], [42535635, 40.7358732, -73.9551909, "node-42535635"], [371216381, 40.7895887, -73.9374595, "node-371216381"], [42476648, 40.7211437, -73.9428264, "node-42476648"], [42476536, 40.7219327, -73.9410334, "node-42476536"], [42926489, 40.7608095, -73.9391559, "node-42926489"], [42428072, 40.7843551, -73.9832997, "node-42428072"], [42495865, 40.719438, -73.940622, "node-42495865"], [103876620, 40.7894328, -74.0021076, "node-103876620"], [42428637, 40.7795842, -73.9818317, "node-42428637"], [2348991703, 40.7693487, -73.9950694, "node-2348991703"], [103864840, 40.7447632, -74.0532859, "node-103864840"], [42843268, 40.7456135, -73.9461769, "node-42843268"], [103868206, 40.787171, -74.0293899, "node-103868206"], [103863737, 40.749179, -74.039962, "node-103863737"], [42753246, 40.8035651, -73.9197909, "node-42753246"], [42442937, 40.7498334, -73.9721997, "node-42442937"], [42520106, 40.705097, -73.930632, "node-42520106"], [42860580, 40.7428834, -73.9339429, "node-42860580"], [440243717, 40.7709991, -74.0364816, "node-440243717"], [42498667, 40.728758, -73.947666, "node-42498667"], [103855595, 40.7853065, -74.0140534, "node-103855595"], [42428701, 40.7921405, -73.9737451, "node-42428701"], [5620955578, 40.7749905, -74.0398155, "node-5620955578"], [42428524, 40.7040707, -74.0132054, "node-42428524"], [103879228, 40.7845377, -74.014157, "node-103879228"], [7500756892, 40.7174266, -73.9829775, "node-7500756892"], [4069497851, 40.7728566, -74.0110455, "node-4069497851"], [42431039, 40.7895635, -73.9773679, "node-42431039"], [103863185, 40.755939, -74.0538988, "node-103863185"], [103882010, 40.7202472, -74.042851, "node-103882010"], [13165009158, 40.7300217, -74.0395633, "node-13165009158"], [42456986, 40.7304414, -74.0090905, "node-42456986"], [103872878, 40.792481, -74.021207, "node-103872878"], [42828281, 40.7069378, -73.9177411, "node-42828281"], [7748277756, 40.7654884, -74.019619, "node-7748277756"], [6177439752, 40.7635851, -73.9694394, "node-6177439752"], [42505675, 40.7234043, -73.9340271, "node-42505675"], [103885033, 40.7807449, -74.019833, "node-103885033"], [2061592973, 40.7722404, -73.9899959, "node-2061592973"], [42495896, 40.723381, -73.9412807, "node-42495896"], [5344617803, 40.803571, -74.0105264, "node-5344617803"], [42434074, 40.7553621, -73.9774077, "node-42434074"], [103865127, 40.7821764, -74.0125086, "node-103865127"], [42817812, 40.7444903, -73.9146334, "node-42817812"], [42866632, 40.7700472, -73.9144077, "node-42866632"], [42439955, 40.7522886, -73.9896878, "node-42439955"], [8314258579, 40.7387367, -73.9399264, "node-8314258579"], [42777375, 40.8026701, -73.9176135, "node-42777375"], [42518781, 40.705669, -73.9334, "node-42518781"], [103137031, 40.8078062, -73.9901033, "node-103137031"], [276318086, 40.7448287, -73.957904, "node-276318086"], [42445404, 40.7452501, -73.984794, "node-42445404"], [596775973, 40.7679632, -73.9662435, "node-596775973"], [42824101, 40.761706, -73.93158, "node-42824101"], [42433564, 40.7827163, -73.971237, "node-42433564"], [103868013, 40.8014864, -74.023319, "node-103868013"], [42439533, 40.7277329, -74.0013516, "node-42439533"], [42466383, 40.721474, -73.94698, "node-42466383"], [103869449, 40.7384089, -74.051989, "node-103869449"], [103856729, 40.7455918, -74.0261887, "node-103856729"], [103868024, 40.7997744, -74.020614, "node-103868024"], [42428201, 40.7413643, -73.9891378, "node-42428201"], [42810304, 40.7315818, -73.9248355, "node-42810304"], [42526520, 40.7121634, -73.959057, "node-42526520"], [42429557, 40.7985815, -73.9731448, "node-42429557"], [42881130, 40.772109, -73.9305988, "node-42881130"], [390519635, 40.7375568, -73.984084, "node-390519635"], [3325564426, 40.7094021, -73.9218981, "node-3325564426"], [42432095, 40.7171547, -73.9870412, "node-42432095"], [42443027, 40.7733539, -73.9550691, "node-42443027"], [103876445, 40.804664, -74.0143384, "node-103876445"], [103878611, 40.737447, -74.0308991, "node-103878611"], [2721508555, 40.7758499, -74.0120387, "node-2721508555"], [103864614, 40.7375485, -74.0346844, "node-103864614"], [589099734, 40.7443472, -73.9713203, "node-589099734"], [2987758902, 40.7206218, -73.944827, "node-2987758902"], [103862592, 40.7828466, -74.0139605, "node-103862592"], [103886604, 40.750232, -74.033756, "node-103886604"]]}