{"city": "paris", "centre": [48.8566, 2.3522], "nodes": [[25554705, 48.8572829, 2.3523538, "DEPOT"], [26401820, 48.8537421, 2.3656764, "node-26401820"], [6180929592, 48.8279971, 2.3270043, "node-6180929592"], [25183389, 48.852155, 2.3405212, "node-25183389"], [5286088486, 48.8893626, 2.3130043, "node-5286088486"], [353192571, 48.888495, 2.2896777, "node-353192571"], [265536445, 48.8245157, 2.4054811, "node-265536445"], [34817406, 48.8688839, 2.2759942, "node-34817406"], [94252127, 48.8861991, 2.3544136, "node-94252127"], [7853863147, 48.8820037, 2.4093983, "node-7853863147"], [2977216154, 48.8836885, 2.2818074, "node-2977216154"], [7022419118, 48.893735, 2.3174107, "node-7022419118"], [1756761496, 48.852902, 2.3369916, "node-1756761496"], [1673951972, 48.8907735, 2.3455484, "node-1673951972"], [27235261, 48.876553, 2.3156962, "node-27235261"], [110571874, 48.8437358, 2.3024068, "node-110571874"], [27235535, 48.8826338, 2.292587, "node-27235535"], [11128825054, 48.8459171, 2.2773047, "node-11128825054"], [5706445159, 48.8037013, 2.3381526, "node-5706445159"], [110548697, 48.8368713, 2.2957886, "node-110548697"], [256325231, 48.9065585, 2.3891942, "node-256325231"], [36466111, 48.8367133, 2.3382689, "node-36466111"], [25032968, 48.8473435, 2.3483708, "node-25032968"], [178760150, 48.8150998, 2.276505, "node-178760150"], [1037154606, 48.8223979, 2.3239111, "node-1037154606"], [116111865, 48.8411072, 2.3066782, "node-116111865"], [112014705, 48.8373633, 2.2967653, "node-112014705"], [251825979, 48.9016662, 2.2792908, "node-251825979"], [470171, 48.8510287, 2.3061301, "node-470171"], [141607249, 48.8243088, 2.3203223, "node-141607249"], [431394373, 48.8642128, 2.3711835, "node-431394373"], [14798302, 48.8456473, 2.2879873, "node-14798302"], [2829333736, 48.9062265, 2.3754964, "node-2829333736"], [271422022, 48.9000638, 2.3927554, "node-271422022"], [245091167, 48.9057508, 2.2997984, "node-245091167"], [316281971, 48.8098336, 2.3412256, "node-316281971"], [268401385, 48.82052, 2.3144559, "node-268401385"], [178889521, 48.8610027, 2.3672519, "node-178889521"], [32560667, 48.8734521, 2.3034717, "node-32560667"], [176822339, 48.8151175, 2.2807673, "node-176822339"], [247277431, 48.847214, 2.4165409, "node-247277431"], [1240970853, 48.9076206, 2.2750897, "node-1240970853"], [148942876, 48.8655142, 2.3898669, "node-148942876"], [258046144, 48.8820174, 2.3928341, "node-258046144"], [14956525, 48.8284062, 2.3785722, "node-14956525"], [6974238268, 48.8828209, 2.344621, "node-6974238268"], [7304705, 48.8249543, 2.3624501, "node-7304705"], [497110580, 48.9077713, 2.3408664, "node-497110580"], [9736235784, 48.9040239, 2.3750943, "node-9736235784"], [5303751353, 48.9045422, 2.386944, "node-5303751353"], [21660970, 48.8778465, 2.2977738, "node-21660970"], [268400741, 48.8149807, 2.3092512, "node-268400741"], [564916593, 48.8127734, 2.355595, "node-564916593"], [247276356, 48.8506868, 2.4263375, "node-247276356"], [94232105, 48.885043, 2.3472727, "node-94232105"], [357575575, 48.8469106, 2.4138799, "node-357575575"], [243894865, 48.8448598, 2.4209867, "node-243894865"], [10735397010, 48.8148233, 2.4018557, "node-10735397010"], [7890851899, 48.8956881, 2.3792665, "node-7890851899"], [159671407, 48.8397194, 2.4025135, "node-159671407"], [622455936, 48.8174676, 2.2847858, "node-622455936"], [2577631266, 48.8221144, 2.3540523, "node-2577631266"], [141604305, 48.8254284, 2.3101699, "node-141604305"], [6473992908, 48.8531246, 2.2980842, "node-6473992908"], [25033162, 48.8455995, 2.3426844, "node-25033162"], [277614019, 48.898191, 2.3860098, "node-277614019"], [209147808, 48.8998439, 2.3702734, "node-209147808"], [248578626, 48.8739316, 2.4157453, "node-248578626"], [27286623, 48.8831596, 2.2904809, "node-27286623"], [11298542970, 48.8871482, 2.2980121, "node-11298542970"], [190925882, 48.9036541, 2.3310267, "node-190925882"], [176814611, 48.8169693, 2.2856005, "node-176814611"], [255390301, 48.9035186, 2.4243625, "node-255390301"], [693492407, 48.8579114, 2.3502093, "node-693492407"], [34909009, 48.8691711, 2.3203432, "node-34909009"], [1755368761, 48.8280662, 2.3032736, "node-1755368761"], [221253488, 48.8882172, 2.2715711, "node-221253488"], [25031228, 48.8491193, 2.346632, "node-25031228"], [315125577, 48.8488877, 2.2867485, "node-315125577"], [27235938, 48.8794764, 2.2936152, "node-27235938"], [94257976, 48.849961, 2.2884178, "node-94257976"], [331814939, 48.906462, 2.4335145, "node-331814939"], [259648047, 48.8202141, 2.3660554, "node-259648047"], [317361482, 48.8077245, 2.2759746, "node-317361482"], [470186, 48.8604222, 2.2913011, "node-470186"], [203320329, 48.8843375, 2.3957215, "node-203320329"], [178697919, 48.8079242, 2.2922071, "node-178697919"], [15035503, 48.8220946, 2.3749472, "node-15035503"], [248906454, 48.8101226, 2.340693, "node-248906454"], [1055514647, 48.8201034, 2.4216544, "node-1055514647"], [3851889501, 48.813446, 2.3999958, "node-3851889501"], [24912997, 48.8307241, 2.3336052, "node-24912997"], [32565441, 48.8762835, 2.3109239, "node-32565441"], [430637190, 48.8814913, 2.3704, "node-430637190"], [489591963, 48.8893958, 2.2837616, "node-489591963"], [2879838276, 48.8728382, 2.4086339, "node-2879838276"], [270911887, 48.8125955, 2.3583715, "node-270911887"], [1491701733, 48.9083732, 2.3391302, "node-1491701733"], [3662406441, 48.9101014, 2.342377, "node-3662406441"], [268146660, 48.9047215, 2.2874141, "node-268146660"], [633528635, 48.9079288, 2.3427151, "node-633528635"]]}