{"city": "shanghai", "centre": [31.2304, 121.4737], "nodes": [[1890502815, 31.2304434, 121.473888, "DEPOT"], [475433143, 31.2568622, 121.4434515, "node-475433143"], [9850899082, 31.1992402, 121.4725967, "node-9850899082"], [267198471, 31.2324192, 121.4727022, "node-267198471"], [9778574568, 31.255623, 121.4723371, "node-9778574568"], [1867076784, 31.2575722, 121.483558, "node-1867076784"], [849138353, 31.2786701, 121.5022187, "node-849138353"], [476561951, 31.2150639, 121.4912872, "node-476561951"], [554177080, 31.2324922, 121.4351425, "node-554177080"], [10569486882, 31.1879174, 121.4237654, "node-10569486882"], [8793154622, 31.2240073, 121.5343507, "node-8793154622"], [10137858226, 31.2823965, 121.504379, "node-10137858226"], [6522645407, 31.1838801, 121.4471022, "node-6522645407"], [6522609483, 31.1831932, 121.4478753, "node-6522609483"], [475649669, 31.2682183, 121.5313774, "node-475649669"], [13871850548, 31.2049087, 121.4279451, "node-13871850548"], [475684123, 31.27137, 121.5109876, "node-475684123"], [12625591744, 31.2720652, 121.4920799, "node-12625591744"], [9808152569, 31.2248669, 121.466437, "node-9808152569"], [559817989, 31.2543191, 121.5049664, "node-559817989"], [747593408, 31.1808872, 121.5330562, "node-747593408"], [477598679, 31.224329, 121.4654727, "node-477598679"], [265970862, 31.2761648, 121.4918312, "node-265970862"], [618428081, 31.2057422, 121.514207, "node-618428081"], [4946175146, 31.2720169, 121.4444776, "node-4946175146"], [565166511, 31.2841518, 121.4782772, "node-565166511"], [564280346, 31.2811676, 121.4860669, "node-564280346"], [714016203, 31.1908612, 121.4555747, "node-714016203"], [84487663, 31.2388134, 121.4931917, "node-84487663"], [601712324, 31.2033528, 121.4435133, "node-601712324"], [1889249235, 31.2323425, 121.4769833, "node-1889249235"], [93466273, 31.2423951, 121.4926563, "node-93466273"], [8485710283, 31.2121842, 121.4171335, "node-8485710283"], [1316471746, 31.2219166, 121.4911097, "node-1316471746"], [640200256, 31.2488642, 121.4398353, "node-640200256"], [1720121384, 31.2133121, 121.510253, "node-1720121384"], [994212336, 31.2085966, 121.4247409, "node-994212336"], [618751493, 31.2230174, 121.4199837, "node-618751493"], [475977913, 31.2240584, 121.4909765, "node-475977913"], [616797446, 31.2670814, 121.4231282, "node-616797446"], [647358756, 31.2288627, 121.5259981, "node-647358756"], [5031550691, 31.225752, 121.4536375, "node-5031550691"], [602360348, 31.2399388, 121.5117452, "node-602360348"], [827637314, 31.2812287, 121.4473319, "node-827637314"], [93793803, 31.2291401, 121.5141989, "node-93793803"], [10137858231, 31.2819897, 121.5039618, "node-10137858231"], [93310009, 31.2219856, 121.4756711, "node-93310009"], [2356000366, 31.252963, 121.4290842, "node-2356000366"], [11811815956, 31.2645705, 121.5169764, "node-11811815956"], [9775024281, 31.2203597, 121.4419913, "node-9775024281"], [115548357, 31.2400481, 121.5061629, "node-115548357"], [874290376, 31.2455708, 121.4681992, "node-874290376"], [2518906077, 31.1868161, 121.5258391, "node-2518906077"], [648297112, 31.2486164, 121.4364468, "node-648297112"], [495771182, 31.2323245, 121.4993599, "node-495771182"], [1871659134, 31.2770014, 121.4720935, "node-1871659134"], [639334152, 31.258988, 121.4728046, "node-639334152"], [11863987725, 31.2465856, 121.427885, "node-11863987725"], [10578094810, 31.1873409, 121.4235575, "node-10578094810"], [603172169, 31.1898882, 121.4999157, "node-603172169"], [4149881379, 31.1858315, 121.4793762, "node-4149881379"], [8366096929, 31.212183, 121.494879, "node-8366096929"], [601716797, 31.1862096, 121.4368576, "node-601716797"], [9856086336, 31.259199, 121.4415369, "node-9856086336"], [266081859, 31.269276, 121.4779253, "node-266081859"], [1317175521, 31.2102449, 121.4314909, "node-1317175521"], [622623813, 31.1937779, 121.4531521, "node-622623813"], [648491527, 31.2630771, 121.4623288, "node-648491527"], [475859443, 31.2462799, 121.4878125, "node-475859443"], [12246203038, 31.2503589, 121.4941666, "node-12246203038"], [618751589, 31.2201073, 121.4129388, "node-618751589"], [616797076, 31.2642145, 121.4264069, "node-616797076"], [715790202, 31.1995948, 121.482459, "node-715790202"], [4402293316, 31.2335101, 121.4616078, "node-4402293316"], [477444694, 31.2147785, 121.48863, "node-477444694"], [6522645415, 31.1833885, 121.4473091, "node-6522645415"], [624449426, 31.2571761, 121.5260736, "node-624449426"], [265747574, 31.2842454, 121.4862478, "node-265747574"], [1718975209, 31.2101701, 121.5126331, "node-1718975209"], [475687402, 31.2785209, 121.5038394, "node-475687402"], [554175076, 31.2315556, 121.4358829, "node-554175076"], [1785697732, 31.2404448, 121.4963862, "node-1785697732"], [829488048, 31.2785296, 121.4859682, "node-829488048"], [1679025087, 31.1911683, 121.4223295, "node-1679025087"], [84489488, 31.2321732, 121.4995047, "node-84489488"], [618849898, 31.2004639, 121.5038153, "node-618849898"], [618403882, 31.2076625, 121.5347272, "node-618403882"], [95386508, 31.2356054, 121.4832596, "node-95386508"], [654382693, 31.2122454, 121.4982444, "node-654382693"], [4988370714, 31.2245063, 121.4661849, "node-4988370714"], [9109687086, 31.1799697, 121.480582, "node-9109687086"], [156261648, 31.2420709, 121.442703, "node-156261648"], [475979698, 31.2243115, 121.4986212, "node-475979698"], [1888322976, 31.2341956, 121.4854569, "node-1888322976"], [2298485648, 31.2383918, 121.4285706, "node-2298485648"], [8797267176, 31.252754, 121.4951381, "node-8797267176"], [1165227588, 31.2475821, 121.5349361, "node-1165227588"], [6203234770, 31.2058413, 121.5237527, "node-6203234770"], [8872744886, 31.242464, 121.4588096, "node-8872744886"], [857586231, 31.212799, 121.4297931, "node-857586231"], [4308307141, 31.2785922, 121.4725368, "node-4308307141"]]}