{"city": "hanoi", "centre": [21.0285, 105.8542], "nodes": [[309642117, 21.0287988, 105.8537903], [6418914735, 21.0723087, 105.8887872], [1756928965, 21.0612326, 105.808765], [4631390679, 21.0130335, 105.8646082], [4901358274, 21.0552065, 105.8877563], [5716466055, 20.9872831, 105.8742528], [3878471568, 21.0217718, 105.9089283], [426895039, 21.0800996, 105.8530173], [426891454, 21.0593806, 105.8933741], [5707776079, 21.0377734, 105.8066578], [10816613659, 21.0700101, 105.8874059], [8730634797, 21.0560568, 105.8722059], [11046698472, 20.997704, 105.8657891], [5707010743, 21.001482, 105.9021038], [5681403347, 21.0702199, 105.8251314], [11015614268, 20.9805912, 105.8614053], [5716573200, 21.0087346, 105.8644853], [443401722, 20.9866904, 105.8281637], [309600764, 21.0320001, 105.8467599], [13319396493, 21.0011003, 105.9004049], [2218638319, 21.0289783, 105.8896416], [4915979082, 21.0690863, 105.8781143], [102987956, 21.0185353, 105.8618095], [5718946099, 21.0209986, 105.8002174], [13043128695, 21.0475541, 105.8652837], [2294341661, 21.042542, 105.8510793], [6587105087, 21.0501834, 105.8403181], [5717029441, 21.023456, 105.9005097], [5719272601, 21.0696052, 105.9002926], [5629422902, 20.9938994, 105.8690745], [5724712087, 21.0085729, 105.9117986], [312953050, 21.0094861, 105.9053384], [5721532737, 21.0532616, 105.9046749], [426895796, 21.0814176, 105.8461162], [6624751851, 21.0453855, 105.8458428], [426897019, 21.0710888, 105.8673314], [97983093, 21.0564841, 105.8788429], [1495013157, 20.9872725, 105.8282535], [426894812, 21.0331813, 105.8677676], [6418804317, 21.071595, 105.9051263], [426892898, 21.0258258, 105.8871552], [5927884978, 21.0355011, 105.8550415], [12067360420, 21.0213318, 105.8533331], [102983975, 21.0290243, 105.8565504], [5716343885, 20.9905692, 105.893102], [98026475, 21.0064838, 105.8316456], [426895432, 21.0732105, 105.8717835], [5706960432, 21.0005777, 105.9021153], [444874859, 21.0163706, 105.81468], [5721603539, 21.0616631, 105.8876896], [8820088628, 21.0633275, 105.8214042], [8336805250, 21.0626422, 105.8256513], [8819685689, 21.070834, 105.8659409], [8334365822, 21.0735156, 105.7990788], [4960916386, 21.0309654, 105.8027947], [5662886050, 20.992156, 105.8401212], [8272696625, 21.0152083, 105.8522674], [5719489056, 20.9791331, 105.8940183], [11782600815, 20.9748767, 105.8943277], [426895299, 21.0787453, 105.8671911], [8709007014, 21.0542768, 105.7978073], [426897984, 21.0735773, 105.8751041], [6419958556, 21.0454999, 105.8753454], [8273349570, 21.0456885, 105.9015468], [5719476615, 20.9789049, 105.8785612], [1905157916, 21.009048, 105.8366884], [1755146781, 21.0078013, 105.8418746], [81794511, 21.0330795, 105.8518961], [6611292145, 21.0210654, 105.9005854], [1495094494, 21.0665087, 105.9081217], [420456598, 21.0203349, 105.8016199], [10289107141, 21.0234009, 105.8923486], [13824894915, 21.0420846, 105.8164235], [6610081144, 21.0646966, 105.8057098], [426897400, 21.0696159, 105.8835977], [426897467, 21.0772747, 105.8797118], [311719758, 21.0569821, 105.8230532], [8332847122, 21.0577003, 105.8225194], [5687042047, 21.0733028, 105.8117453], [6709358541, 21.0529319, 105.7974748], [6601196045, 21.0541893, 105.8051307], [8773386831, 21.0304946, 105.8578876], [5718896848, 21.0781478, 105.8768937], [6670444529, 21.0061894, 105.816321], [426892604, 21.0720859, 105.8887277], [5703756791, 20.9821986, 105.8457052], [8432307741, 20.9978798, 105.8414328], [5719529384, 21.0650208, 105.8903342], [4595872432, 21.0062229, 105.7970209], [5681508973, 21.069454, 105.8285453], [6597185739, 21.0725964, 105.8039618], [5680978943, 21.0770309, 105.8226494], [5721494390, 21.0361188, 105.8789365], [444398148, 21.0026384, 105.8058806], [1613088455, 21.0567991, 105.9005771], [5725065286, 21.0570369, 105.8648554], [426896994, 21.0701052, 105.8640469], [8273782825, 21.0204088, 105.9080315], [11370036345, 21.0783607, 105.8350216], [4843388065, 21.0708252, 105.8090071], [995292029, 21.0273998, 105.8951514], [4350985153, 20.9807545, 105.8135177], [3221325531, 21.0735288, 105.8087983], [311718737, 21.0660338, 105.8234073], [11332494712, 21.0238309, 105.8427541], [426897940, 21.0755321, 105.8788628], [75618029, 21.0249161, 105.8551509], [426897054, 21.0696284, 105.8640434], [102989116, 21.022875, 105.8574777], [4736531778, 20.9833957, 105.89196], [12056707718, 21.0705399, 105.8649424], [6670813920, 21.0484372, 105.8747155], [426895838, 21.056412, 105.8666242], [4889015516, 21.0521666, 105.9009711], [11991567868, 21.0722029, 105.8851281], [4802646323, 21.0425587, 105.8493427], [4025115175, 21.0088638, 105.8143743], [8266592535, 20.9901052, 105.8218346], [98043906, 21.0269191, 105.8437592], [2174649956, 21.0028656, 105.8117191], [3880274416, 21.0373093, 105.9032371], [10748989214, 21.0123892, 105.9102377], [5719106734, 21.067521, 105.8739598], [8341988851, 20.9999658, 105.800892], [5485653882, 21.0233154, 105.8067962], [11111175323, 20.9795597, 105.8128225], [8298863827, 21.0720615, 105.8014754], [5598303159, 20.9861054, 105.8070013], [6632482853, 21.0498801, 105.8918177], [6650876737, 21.0174399, 105.8130972], [12143798085, 20.9871467, 105.8512674], [10100966682, 21.0077986, 105.8153637], [610740401, 21.0375518, 105.8491471], [10314384645, 21.0624713, 105.8011825], [5716775552, 20.9752408, 105.8949055], [436170722, 21.0041897, 105.8412431], [103017228, 21.0400597, 105.8477713], [6661711160, 21.0656219, 105.8320305], [8336527723, 21.0645755, 105.884661], [103017738, 21.0421582, 105.847765], [5706960444, 21.001164, 105.899661], [5722281479, 21.0547642, 105.8927561], [6685556118, 21.018715, 105.8541891], [8341989515, 21.0651359, 105.9086575], [3880274379, 21.0369144, 105.9080865], [5683776206, 21.0637733, 105.8254174], [5301822849, 21.031784, 105.8584403], [5716383572, 20.9910899, 105.8935073], [5719683954, 21.0462827, 105.9106052], [8337011176, 21.0717836, 105.8520283], [5686521343, 21.0800845, 105.8170557], [5687042066, 21.0720245, 105.8094733], [5718937283, 20.9893363, 105.865548], [1494034249, 21.0035337, 105.8414655], [1498129113, 21.0390763, 105.7977663], [1497544764, 21.0208954, 105.830986], [7396504841, 21.0005828, 105.8512625], [6606893717, 21.0679422, 105.8979638], [443393337, 21.00379, 105.8008379], [1314209704, 21.0253066, 105.8330075], [5716660075, 20.9899685, 105.8823702], [4599745013, 20.9991174, 105.8364845], [13785056329, 21.0567036, 105.8006531], [12989943386, 20.9959335, 105.8491428], [426896837, 21.0380138, 105.8815942], [5724557582, 21.0063222, 105.9064221], [5706889040, 20.979174, 105.8429097], [12159603463, 21.0812022, 105.8581115], [6418915225, 21.0720861, 105.8878095], [426897193, 21.0520184, 105.8856983], [5689263056, 20.9976032, 105.8414266], [9605421451, 21.0027312, 105.9029492], [5468645787, 21.0472133, 105.8711895], [5348581672, 21.0725786, 105.8712365], [5719259724, 21.0368567, 105.8967431], [5689955834, 20.9951736, 105.863668], [5519637283, 21.0433171, 105.865307], [2186671583, 21.0049195, 105.8053091], [5704382356, 21.0224236, 105.8563571], [1750746607, 21.0204773, 105.7973423], [5722136243, 21.0490071, 105.8757619], [2291046229, 21.0187853, 105.8231097], [13399441468, 20.9912874, 105.8466967], [5718916294, 21.0201974, 105.8085195], [11991577413, 21.0721002, 105.8931384], [8273755748, 21.0240291, 105.892877], [5722232999, 21.04594, 105.8788825], [104790702, 20.9984753, 105.8376966], [12985622980, 20.998028, 105.8408719], [6672724028, 21.0289352, 105.8839432], [2291254028, 21.0068397, 105.8067003], [5716616430, 20.9925643, 105.8886957], [426896692, 21.0456547, 105.8806257], [4022966515, 21.0238846, 105.8568687], [8333134829, 20.9797477, 105.8364656], [10182512317, 21.0081899, 105.8035263], [426893733, 21.0588433, 105.8949436], [13026719368, 21.0275369, 105.8559552], [444398125, 21.0042358, 105.8062408], [1756929010, 21.0811399, 105.8180594], [5710263003, 20.9940025, 105.8147673]]}