plan_a,seed_a,plan_b,seed_b,K,distance_a,distance_b,relative_cost_gap,route_len_profile_gap,route_delivery_profile_gap,exact_route_len_multiset_match,delta_frac,mean_extra_units_a,mean_extra_units_b,abs_mean_extra_units_gap,p_need_two_a,p_need_two_b,abs_p_need_two_gap,p_need_at_most_one_a,p_need_at_most_one_b,abs_p_need_at_most_one_gap,p_zero_a,p_zero_b,abs_p_zero_gap,mean_absorbed_workload_frac_a,mean_absorbed_workload_frac_b,abs_mean_absorbed_workload_frac_gap,mean_residual_workload_frac_a,mean_residual_workload_frac_b,abs_mean_residual_workload_frac_gap,both_sub_mean_extra_units_a,both_sub_mean_extra_units_b,abs_both_sub_mean_extra_units_gap,both_sub_p_need_two_a,both_sub_p_need_two_b,abs_both_sub_p_need_two_gap,both_sub_p_need_at_most_one_a,both_sub_p_need_at_most_one_b,abs_both_sub_p_need_at_most_one_gap,both_sub_p_zero_a,both_sub_p_zero_b,abs_both_sub_p_zero_gap,both_sub_mean_absorbed_workload_frac_a,both_sub_mean_absorbed_workload_frac_b,abs_both_sub_mean_absorbed_workload_frac_gap,both_sub_mean_residual_workload_frac_a,both_sub_mean_residual_workload_frac_b,abs_both_sub_mean_residual_workload_frac_gap
0,0,2,1,7,1246180.0,1235689.0,0.008490000315613394,1.7142857142857142,6.085714285714297,0,0.2,1.619047619047619,1.4761904761904763,0.1428571428571428,0.6190476190476191,0.47619047619047616,0.1428571428571429,0.38095238095238093,0.5238095238095238,0.1428571428571429,0.0,0.0,0.0,0.22219633560067942,0.33647909030029094,0.11428275469961152,0.7778036643993205,0.663520909699709,0.11428275469961147,1.8666666666666667,1.6666666666666667,0.19999999999999996,0.8666666666666667,0.6666666666666666,0.20000000000000007,0.13333333333333333,0.3333333333333333,0.19999999999999998,0.0,0.0,0.0,0.18655438327923987,0.2713388066216552,0.08478442334241534,0.81344561672076,0.7286611933783448,0.0847844233424152
0,0,4,2,7,1246180.0,1245950.0,0.00018459809783699185,0.0,3.17142857142858,1,0.2,1.619047619047619,1.619047619047619,0.0,0.6190476190476191,0.6190476190476191,0.0,0.38095238095238093,0.38095238095238093,0.0,0.0,0.0,0.0,0.22219633560067942,0.23606421990940768,0.013867884308728262,0.7778036643993205,0.7639357800905925,0.013867884308727985,1.8666666666666667,1.619047619047619,0.24761904761904763,0.8666666666666667,0.6190476190476191,0.24761904761904763,0.13333333333333333,0.38095238095238093,0.2476190476190476,0.0,0.0,0.0,0.18655438327923987,0.23606421990940768,0.04950983663016781,0.81344561672076,0.7639357800905925,0.0495098366301675
0,0,6,3,7,1246180.0,1239200.0,0.0056326662362814715,1.7142857142857142,2.599999999999995,0,0.2,1.619047619047619,1.5238095238095237,0.09523809523809534,0.6190476190476191,0.5238095238095238,0.09523809523809523,0.38095238095238093,0.47619047619047616,0.09523809523809523,0.0,0.0,0.0,0.22219633560067942,0.2720193443571416,0.04982300875646217,0.7778036643993205,0.7279806556428584,0.04982300875646206,1.8666666666666667,1.7333333333333334,0.1333333333333333,0.8666666666666667,0.7333333333333333,0.13333333333333341,0.13333333333333333,0.26666666666666666,0.13333333333333333,0.0,0.0,0.0,0.18655438327923987,0.23016355562362886,0.04360917234438899,0.81344561672076,0.7698364443763713,0.04360917234438866
0,0,8,4,7,1246180.0,1229294.0,0.013736339720197121,1.7142857142857142,11.028571428571434,0,0.2,1.619047619047619,1.4761904761904763,0.1428571428571428,0.6190476190476191,0.47619047619047616,0.1428571428571429,0.38095238095238093,0.5238095238095238,0.1428571428571429,0.0,0.0,0.0,0.22219633560067942,0.26562388247676755,0.04342754687608813,0.7778036643993205,0.7343761175232325,0.043427546876087963,1.8666666666666667,2.0,0.1333333333333333,0.8666666666666667,1.0,0.1333333333333333,0.13333333333333333,0.0,0.13333333333333333,0.0,0.0,0.0,0.18655438327923987,0.16841925596839802,0.018135127310841853,0.81344561672076,0.831580744031602,0.018135127310841992
0,0,10,5,7,1246180.0,1248490.0,0.0018536647996276621,1.7142857142857142,10.800000000000008,0,0.2,1.619047619047619,1.4761904761904763,0.1428571428571428,0.6190476190476191,0.47619047619047616,0.1428571428571429,0.38095238095238093,0.5238095238095238,0.1428571428571429,0.0,0.0,0.0,0.22219633560067942,0.26841971815810495,0.04622338255742553,0.7778036643993205,0.731580281841895,0.04622338255742542,1.8666666666666667,2.0,0.1333333333333333,0.8666666666666667,1.0,0.1333333333333333,0.13333333333333333,0.0,0.13333333333333333,0.0,0.0,0.0,0.18655438327923987,0.17137003726995825,0.015184346009281618,0.81344561672076,0.8286299627300417,0.015184346009281757
0,0,12,6,7,1246180.0,1236966.0,0.007448870866297053,1.4285714285714286,7.828571428571439,0,0.2,1.619047619047619,1.4761904761904763,0.1428571428571428,0.6190476190476191,0.47619047619047616,0.1428571428571429,0.38095238095238093,0.5238095238095238,0.1428571428571429,0.0,0.0,0.0,0.22219633560067942,0.33944059475270716,0.11724425915202774,0.7778036643993205,0.6605594052472927,0.11724425915202774,1.8666666666666667,1.6666666666666667,0.19999999999999996,0.8666666666666667,0.6666666666666666,0.20000000000000007,0.13333333333333333,0.3333333333333333,0.19999999999999998,0.0,0.0,0.0,0.18655438327923987,0.2735415331178627,0.08698714983862285,0.81344561672076,0.7264584668821372,0.08698714983862277
0,0,14,7,7,1246180.0,1254971.0,0.00705435811840986,1.1428571428571428,3.4857142857142875,0,0.2,1.619047619047619,1.4761904761904763,0.1428571428571428,0.6190476190476191,0.47619047619047616,0.1428571428571429,0.38095238095238093,0.5238095238095238,0.1428571428571429,0.0,0.0,0.0,0.22219633560067942,0.28234402276803305,0.060147687167353636,0.7778036643993205,0.7176559772319668,0.060147687167353636,1.8666666666666667,1.6666666666666667,0.19999999999999996,0.8666666666666667,0.6666666666666666,0.20000000000000007,0.13333333333333333,0.3333333333333333,0.19999999999999998,0.0,0.0,0.0,0.18655438327923987,0.2398907968060476,0.053336413526807736,0.81344561672076,0.7601092031939524,0.053336413526807624
0,0,16,8,7,1246180.0,1239020.0,0.005778760633403819,1.4285714285714286,8.057142857142868,0,0.2,1.619047619047619,1.4761904761904763,0.1428571428571428,0.6190476190476191,0.47619047619047616,0.1428571428571429,0.38095238095238093,0.5238095238095238,0.1428571428571429,0.0,0.0,0.0,0.22219633560067942,0.3029177897475214,0.08072145414684201,0.7778036643993205,0.6970822102524786,0.08072145414684184,1.8666666666666667,2.0,0.1333333333333333,0.8666666666666667,1.0,0.1333333333333333,0.13333333333333333,0.0,0.13333333333333333,0.0,0.0,0.0,0.18655438327923987,0.20495250613168295,0.018398122852443077,0.81344561672076,0.795047493868317,0.018398122852443022
0,0,18,9,7,1246180.0,1247055.0,0.0007021457574347205,0.8571428571428571,3.914285714285718,0,0.2,1.619047619047619,1.619047619047619,0.0,0.6190476190476191,0.6190476190476191,0.0,0.38095238095238093,0.38095238095238093,0.0,0.0,0.0,0.0,0.22219633560067942,0.18207302402112177,0.04012331157955765,0.7778036643993205,0.8179269759788781,0.04012331157955762,1.8666666666666667,2.0,0.1333333333333333,0.8666666666666667,1.0,0.1333333333333333,0.13333333333333333,0.0,0.13333333333333333,0.0,0.0,0.0,0.18655438327923987,0.1395236820844878,0.047030701194752084,0.81344561672076,0.8604763179155122,0.04703070119475217
0,0,20,10,7,1246180.0,1249913.0,0.0029955544142900707,0.8571428571428571,6.7428571428571376,0,0.2,1.619047619047619,1.4761904761904763,0.1428571428571428,0.6190476190476191,0.47619047619047616,0.1428571428571429,0.38095238095238093,0.5238095238095238,0.1428571428571429,0.0,0.0,0.0,0.22219633560067942,0.26353269985568273,0.04133636425500331,0.7778036643993205,0.736467300144317,0.04133636425500342,1.8666666666666667,2.0,0.1333333333333333,0.8666666666666667,1.0,0.1333333333333333,0.13333333333333333,0.0,0.13333333333333333,0.0,0.0,0.0,0.18655438327923987,0.15700443418668142,0.029549949092558453,0.81344561672076,0.8429955658133185,0.02954994909255848
0,0,22,11,7,1246180.0,1240913.0,0.004244455493656687,0.5714285714285714,7.228571428571435,0,0.2,1.619047619047619,1.4761904761904763,0.1428571428571428,0.6190476190476191,0.47619047619047616,0.1428571428571429,0.38095238095238093,0.5238095238095238,0.1428571428571429,0.0,0.0,0.0,0.22219633560067942,0.2517676421994196,0.029571306598740188,0.7778036643993205,0.7482323578005803,0.029571306598740188,1.8666666666666667,2.0,0.1333333333333333,0.8666666666666667,1.0,0.1333333333333333,0.13333333333333333,0.0,0.13333333333333333,0.0,0.0,0.0,0.18655438327923987,0.1738681817602041,0.012686201519035767,0.81344561672076,0.8261318182397959,0.012686201519035878
0,0,24,12,7,1246180.0,1261586.0,0.012362580044616347,0.8571428571428571,3.3428571428571408,0,0.2,1.619047619047619,1.619047619047619,0.0,0.6190476190476191,0.6190476190476191,0.0,0.38095238095238093,0.38095238095238093,0.0,0.0,0.0,0.0,0.22219633560067942,0.20057965402799643,0.021616681572682983,0.7778036643993205,0.7994203459720035,0.02161668157268304,1.8666666666666667,1.6666666666666667,0.19999999999999996,0.8666666666666667,0.6666666666666666,0.20000000000000007,0.13333333333333333,0.3333333333333333,0.19999999999999998,0.0,0.0,0.0,0.18655438327923987,0.2005099243973597,0.013955541118119835,0.81344561672076,0.7994900756026401,0.013955541118119918
0,0,26,13,7,1246180.0,1251866.0,0.004562743744884367,1.4285714285714286,5.799999999999995,0,0.2,1.619047619047619,1.619047619047619,0.0,0.6190476190476191,0.6190476190476191,0.0,0.38095238095238093,0.38095238095238093,0.0,0.0,0.0,0.0,0.22219633560067942,0.18717126015080768,0.03502507544987174,0.7778036643993205,0.8128287398491922,0.03502507544987177,1.8666666666666667,1.6666666666666667,0.19999999999999996,0.8666666666666667,0.6666666666666666,0.20000000000000007,0.13333333333333333,0.3333333333333333,0.19999999999999998,0.0,0.0,0.0,0.18655438327923987,0.17040111015229228,0.016153273126947587,0.81344561672076,0.8295988898477077,0.016153273126947698
0,0,28,14,7,1246180.0,1244175.0,0.0016115096348986275,2.0,7.342857142857142,0,0.2,1.619047619047619,1.5238095238095237,0.09523809523809534,0.6190476190476191,0.5238095238095238,0.09523809523809523,0.38095238095238093,0.47619047619047616,0.09523809523809523,0.0,0.0,0.0,0.22219633560067942,0.32739689143498746,0.10520055583430804,0.7778036643993205,0.6726031085650126,0.10520055583430787,1.8666666666666667,1.7333333333333334,0.1333333333333333,0.8666666666666667,0.7333333333333333,0.13333333333333341,0.13333333333333333,0.26666666666666666,0.13333333333333333,0.0,0.0,0.0,0.18655438327923987,0.2732937365632947,0.08673935328405483,0.81344561672076,0.7267062634367054,0.08673935328405458
0,0,30,15,7,1246180.0,1249358.0,0.002550193391002905,0.8571428571428571,8.457142857142857,0,0.2,1.619047619047619,1.5714285714285714,0.04761904761904767,0.6190476190476191,0.5714285714285714,0.04761904761904767,0.38095238095238093,0.42857142857142855,0.047619047619047616,0.0,0.0,0.0,0.22219633560067942,0.301756512518543,0.0795601769178636,0.7778036643993205,0.698243487481457,0.07956017691786343,1.8666666666666667,1.5714285714285714,0.2952380952380953,0.8666666666666667,0.5714285714285714,0.2952380952380953,0.13333333333333333,0.42857142857142855,0.2952380952380952,0.0,0.0,0.0,0.18655438327923987,0.301756512518543,0.11520212923930315,0.81344561672076,0.698243487481457,0.11520212923930295
0,0,32,16,7,1246180.0,1244383.0,0.001444089159045085,0.5714285714285714,3.799999999999997,0,0.2,1.619047619047619,1.6666666666666667,0.04761904761904767,0.6190476190476191,0.6666666666666666,0.04761904761904756,0.38095238095238093,0.3333333333333333,0.047619047619047616,0.0,0.0,0.0,0.22219633560067942,0.15828626263374707,0.06391007296693235,0.7778036643993205,0.841713737366253,0.06391007296693252,1.8666666666666667,2.0,0.1333333333333333,0.8666666666666667,1.0,0.1333333333333333,0.13333333333333333,0.0,0.13333333333333333,0.0,0.0,0.0,0.18655438327923987,0.10967900842693548,0.07687537485230439,0.81344561672076,0.8903209915730645,0.07687537485230456
0,0,34,17,7,1246180.0,1248876.0,0.0021634113851931504,0.8571428571428571,7.314285714285701,0,0.2,1.619047619047619,1.5714285714285714,0.04761904761904767,0.6190476190476191,0.5714285714285714,0.04761904761904767,0.38095238095238093,0.42857142857142855,0.047619047619047616,0.0,0.0,0.0,0.22219633560067942,0.2404159231567015,0.01821958755602207,0.7778036643993205,0.7595840768432984,0.018219587556022043,1.8666666666666667,2.0,0.1333333333333333,0.8666666666666667,1.0,0.1333333333333333,0.13333333333333333,0.0,0.13333333333333333,0.0,0.0,0.0,0.18655438327923987,0.17701459413649215,0.009539789142747723,0.81344561672076,0.8229854058635079,0.00953978914274789
0,0,36,18,7,1246180.0,1244191.0,0.0015986291493830128,0.2857142857142857,2.0000000000000133,0,0.2,1.619047619047619,1.6666666666666667,0.04761904761904767,0.6190476190476191,0.6666666666666666,0.04761904761904756,0.38095238095238093,0.3333333333333333,0.047619047619047616,0.0,0.0,0.0,0.22219633560067942,0.204433439526499,0.017762896074180412,0.7778036643993205,0.7955665604735012,0.01776289607418069,1.8666666666666667,1.9333333333333333,0.06666666666666665,0.8666666666666667,0.9333333333333333,0.06666666666666665,0.13333333333333333,0.06666666666666667,0.06666666666666667,0.0,0.0,0.0,0.18655438327923987,0.15366199986457524,0.03289238341466463,0.81344561672076,0.8463380001354247,0.032892383414664716
0,0,38,19,7,1246180.0,1244383.0,0.001444089159045085,0.2857142857142857,0.45714285714286057,0,0.2,1.619047619047619,1.6666666666666667,0.04761904761904767,0.6190476190476191,0.6666666666666666,0.04761904761904756,0.38095238095238093,0.3333333333333333,0.047619047619047616,0.0,0.0,0.0,0.22219633560067942,0.19689298789020238,0.025303347710477042,0.7778036643993205,0.8031070121097976,0.025303347710477153,1.8666666666666667,1.9333333333333333,0.06666666666666665,0.8666666666666667,0.9333333333333333,0.06666666666666665,0.13333333333333333,0.06666666666666667,0.06666666666666667,0.0,0.0,0.0,0.18655438327923987,0.15033961183454148,0.036214771444698396,0.81344561672076,0.8496603881654585,0.036214771444698535
1,0,3,1,8,1270239.0,1279890.0,0.007597782779461188,0.75,5.400000000000004,0,0.2,1.2857142857142858,1.3214285714285714,0.03571428571428559,0.32142857142857145,0.32142857142857145,0.0,0.6785714285714286,0.6785714285714286,0.0,0.03571428571428571,0.0,0.03571428571428571,0.3248394573757018,0.33766900820184176,0.012829550826139957,0.6751605426242983,0.6623309917981581,0.012829550826140124,1.9,1.6,0.2999999999999998,0.9,0.6,0.30000000000000004,0.1,0.4,0.30000000000000004,0.0,0.0,0.0,0.16770566833941208,0.23991445288933247,0.07220878454992039,0.832294331660588,0.7600855471106676,0.07220878454992041
1,0,5,2,8,1270239.0,1261484.0,0.006940238639570538,1.0,6.42499999999999,0,0.2,1.2857142857142858,1.25,0.03571428571428581,0.32142857142857145,0.35714285714285715,0.0357142857142857,0.6785714285714286,0.6428571428571429,0.0357142857142857,0.03571428571428571,0.10714285714285714,0.07142857142857142,0.3248394573757018,0.4608620793007022,0.13602262192500042,0.6751605426242983,0.5391379206992978,0.13602262192500048,1.9,2.0,0.10000000000000009,0.9,1.0,0.09999999999999998,0.1,0.0,0.1,0.0,0.0,0.0,0.16770566833941208,0.2571885468225426,0.08948287848313052,0.832294331660588,0.7428114531774573,0.08948287848313063
1,0,7,3,8,1270239.0,1262365.0,0.006237498663223394,1.25,8.775000000000002,0,0.2,1.2857142857142858,1.2142857142857142,0.07142857142857162,0.32142857142857145,0.32142857142857145,0.0,0.6785714285714286,0.6785714285714286,0.0,0.03571428571428571,0.10714285714285714,0.07142857142857142,0.3248394573757018,0.434058623462218,0.10921916608651622,0.6751605426242983,0.565941376537782,0.10921916608651627,1.9,1.6,0.2999999999999998,0.9,0.6,0.30000000000000004,0.1,0.4,0.30000000000000004,0.0,0.0,0.0,0.16770566833941208,0.3133845424747111,0.145678874135299,0.832294331660588,0.686615457525289,0.145678874135299
1,0,9,4,8,1270239.0,1268134.0,0.001659919219893166,1.5,6.799999999999992,0,0.2,1.2857142857142858,1.2142857142857142,0.07142857142857162,0.32142857142857145,0.32142857142857145,0.0,0.6785714285714286,0.6785714285714286,0.0,0.03571428571428571,0.10714285714285714,0.07142857142857142,0.3248394573757018,0.43712092200857494,0.11228146463287314,0.6751605426242983,0.5628790779914251,0.11228146463287314,1.9,1.9,0.0,0.9,0.9,0.0,0.1,0.1,0.0,0.0,0.0,0.0,0.16770566833941208,0.2561949810380306,0.08848931269861854,0.832294331660588,0.7438050189619694,0.0884893126986186
1,0,11,5,8,1270239.0,1264368.0,0.004643426597319767,1.0,9.124999999999991,0,0.2,1.2857142857142858,1.25,0.03571428571428581,0.32142857142857145,0.35714285714285715,0.0357142857142857,0.6785714285714286,0.6428571428571429,0.0357142857142857,0.03571428571428571,0.10714285714285714,0.07142857142857142,0.3248394573757018,0.4331406337081705,0.10830117633246872,0.6751605426242983,0.5668593662918295,0.10830117633246872,1.9,1.6666666666666667,0.23333333333333317,0.9,0.6666666666666666,0.2333333333333334,0.1,0.3333333333333333,0.2333333333333333,0.0,0.0,0.0,0.16770566833941208,0.31328334467417546,0.14557767633476337,0.832294331660588,0.6867166553258245,0.14557767633476348
1,0,13,6,8,1270239.0,1273615.0,0.002657767553979999,1.0,7.1749999999999945,0,0.2,1.2857142857142858,1.25,0.03571428571428581,0.32142857142857145,0.32142857142857145,0.0,0.6785714285714286,0.6785714285714286,0.0,0.03571428571428571,0.07142857142857142,0.03571428571428571,0.3248394573757018,0.4402185814508529,0.11537912407515111,0.6751605426242983,0.5597814185491471,0.11537912407515116,1.9,1.6,0.2999999999999998,0.9,0.6,0.30000000000000004,0.1,0.4,0.30000000000000004,0.0,0.0,0.0,0.16770566833941208,0.32665915408750634,0.15895348574809426,0.832294331660588,0.6733408459124937,0.15895348574809431
1,0,15,7,8,1270239.0,1259973.0,0.008147793643197116,0.5,2.4250000000000007,0,0.2,1.2857142857142858,1.3214285714285714,0.03571428571428559,0.32142857142857145,0.35714285714285715,0.0357142857142857,0.6785714285714286,0.6428571428571429,0.0357142857142857,0.03571428571428571,0.03571428571428571,0.0,0.3248394573757018,0.3770583585631413,0.05221890118743949,0.6751605426242983,0.6229416414368586,0.05221890118743966,1.9,2.0,0.10000000000000009,0.9,1.0,0.09999999999999998,0.1,0.0,0.1,0.0,0.0,0.0,0.16770566833941208,0.19134621658578688,0.023640548246374793,0.832294331660588,0.8086537834142131,0.02364054824637485
1,0,17,8,8,1270239.0,1248724.0,0.017229587963393033,0.75,2.8999999999999986,0,0.2,1.2857142857142858,1.25,0.03571428571428581,0.32142857142857145,0.35714285714285715,0.0357142857142857,0.6785714285714286,0.6428571428571429,0.0357142857142857,0.03571428571428571,0.10714285714285714,0.07142857142857142,0.3248394573757018,0.4024240728244681,0.07758461544876633,0.6751605426242983,0.597575927175532,0.07758461544876627,1.9,2.0,0.10000000000000009,0.9,1.0,0.09999999999999998,0.1,0.0,0.1,0.0,0.0,0.0,0.16770566833941208,0.20217484582129783,0.03446917748188574,0.832294331660588,0.797825154178702,0.03446917748188594
1,0,19,9,8,1270239.0,1273033.0,0.0021995860621505086,1.5,9.100000000000001,0,0.2,1.2857142857142858,1.25,0.03571428571428581,0.32142857142857145,0.32142857142857145,0.0,0.6785714285714286,0.6785714285714286,0.0,0.03571428571428571,0.07142857142857142,0.03571428571428571,0.3248394573757018,0.4267716348423857,0.10193217746668393,0.6751605426242983,0.5732283651576144,0.10193217746668382,1.9,1.4285714285714286,0.4714285714285713,0.9,0.42857142857142855,0.4714285714285715,0.1,0.5714285714285714,0.4714285714285714,0.0,0.0,0.0,0.16770566833941208,0.37577042494183494,0.20806475660242285,0.832294331660588,0.6242295750581651,0.20806475660242285
1,0,21,10,8,1270239.0,1274465.0,0.0033269329630093237,0.75,3.8500000000000068,0,0.2,1.2857142857142858,1.25,0.03571428571428581,0.32142857142857145,0.35714285714285715,0.0357142857142857,0.6785714285714286,0.6428571428571429,0.0357142857142857,0.03571428571428571,0.10714285714285714,0.07142857142857142,0.3248394573757018,0.37365528164279693,0.04881582426709513,0.6751605426242983,0.626344718357203,0.0488158242670953,1.9,2.0,0.10000000000000009,0.9,1.0,0.09999999999999998,0.1,0.0,0.1,0.0,0.0,0.0,0.16770566833941208,0.19343594968437822,0.025730281344966133,0.832294331660588,0.806564050315622,0.02573028134496602
1,0,23,11,8,1270239.0,1271035.0,0.0006266537242204026,0.75,5.424999999999998,0,0.2,1.2857142857142858,1.25,0.03571428571428581,0.32142857142857145,0.32142857142857145,0.0,0.6785714285714286,0.6785714285714286,0.0,0.03571428571428571,0.07142857142857142,0.03571428571428571,0.3248394573757018,0.421686375269139,0.09684691789343719,0.6751605426242983,0.578313624730861,0.09684691789343725,1.9,1.6,0.2999999999999998,0.9,0.6,0.30000000000000004,0.1,0.4,0.30000000000000004,0.0,0.0,0.0,0.16770566833941208,0.3112298482778264,0.14352417993841432,0.832294331660588,0.6887701517221737,0.14352417993841426
1,0,25,12,8,1270239.0,1270292.0,4.1724431386534346e-05,1.25,7.799999999999999,0,0.2,1.2857142857142858,1.2857142857142858,0.0,0.32142857142857145,0.32142857142857145,0.0,0.6785714285714286,0.6785714285714286,0.0,0.03571428571428571,0.03571428571428571,0.0,0.3248394573757018,0.42533487350960286,0.10049541613390106,0.6751605426242983,0.574665126490397,0.10049541613390123,1.9,1.6,0.2999999999999998,0.9,0.6,0.30000000000000004,0.1,0.4,0.30000000000000004,0.0,0.0,0.0,0.16770566833941208,0.3039301020458026,0.13622443370639054,0.832294331660588,0.6960698979541974,0.1362244337063906
1,0,27,13,8,1270239.0,1270571.0,0.00026136813623263026,0.75,7.149999999999993,0,0.2,1.2857142857142858,1.25,0.03571428571428581,0.32142857142857145,0.32142857142857145,0.0,0.6785714285714286,0.6785714285714286,0.0,0.03571428571428571,0.07142857142857142,0.03571428571428571,0.3248394573757018,0.38496159354861953,0.06012213617291773,0.6751605426242983,0.6150384064513804,0.06012213617291784,1.9,1.6,0.2999999999999998,0.9,0.6,0.30000000000000004,0.1,0.4,0.30000000000000004,0.0,0.0,0.0,0.16770566833941208,0.2632366654410493,0.0955309971016372,0.832294331660588,0.7367633345589508,0.09553099710163715
1,0,29,14,8,1270239.0,1263846.0,0.005058369453240347,1.0,6.7999999999999865,0,0.2,1.2857142857142858,1.2142857142857142,0.07142857142857162,0.32142857142857145,0.32142857142857145,0.0,0.6785714285714286,0.6785714285714286,0.0,0.03571428571428571,0.10714285714285714,0.07142857142857142,0.3248394573757018,0.42722705645446774,0.10238759907876593,0.6751605426242983,0.5727729435455322,0.10238759907876605,1.9,1.9,0.0,0.9,0.9,0.0,0.1,0.1,0.0,0.0,0.0,0.0,0.16770566833941208,0.22992304296498137,0.06221737462556928,0.832294331660588,0.7700769570350186,0.06221737462556942
1,0,31,15,8,1270239.0,1266770.0,0.0027384608097760447,1.0,6.7999999999999945,0,0.2,1.2857142857142858,1.2142857142857142,0.07142857142857162,0.32142857142857145,0.32142857142857145,0.0,0.6785714285714286,0.6785714285714286,0.0,0.03571428571428571,0.10714285714285714,0.07142857142857142,0.3248394573757018,0.41825976417769367,0.09342030680199187,0.6751605426242983,0.5817402358223063,0.09342030680199198,1.9,1.9,0.0,0.9,0.9,0.0,0.1,0.1,0.0,0.0,0.0,0.0,0.16770566833941208,0.24437510360888806,0.07666943526947598,0.832294331660588,0.755624896391112,0.076669435269476
1,0,33,16,8,1270239.0,1270167.0,5.668545947107743e-05,1.25,7.300000000000003,0,0.2,1.2857142857142858,1.25,0.03571428571428581,0.32142857142857145,0.32142857142857145,0.0,0.6785714285714286,0.6785714285714286,0.0,0.03571428571428571,0.07142857142857142,0.03571428571428571,0.3248394573757018,0.4302807025779582,0.1054412452022564,0.6751605426242983,0.5697192974220419,0.1054412452022564,1.9,1.6,0.2999999999999998,0.9,0.6,0.30000000000000004,0.1,0.4,0.30000000000000004,0.0,0.0,0.0,0.16770566833941208,0.3190775776345557,0.1513719092951436,0.832294331660588,0.6809224223654443,0.15137190929514366
1,0,35,17,8,1270239.0,1266542.0,0.0029189714987738267,1.25,5.424999999999998,0,0.2,1.2857142857142858,1.25,0.03571428571428581,0.32142857142857145,0.32142857142857145,0.0,0.6785714285714286,0.6785714285714286,0.0,0.03571428571428571,0.07142857142857142,0.03571428571428571,0.3248394573757018,0.39645802347989817,0.07161856610419637,0.6751605426242983,0.6035419765201019,0.07161856610419637,1.9,1.6,0.2999999999999998,0.9,0.6,0.30000000000000004,0.1,0.4,0.30000000000000004,0.0,0.0,0.0,0.16770566833941208,0.2823573654458109,0.11465169710639883,0.832294331660588,0.7176426345541891,0.11465169710639889
1,0,37,18,8,1270239.0,1260993.0,0.007332316674240063,0.75,9.099999999999998,0,0.2,1.2857142857142858,1.2142857142857142,0.07142857142857162,0.32142857142857145,0.32142857142857145,0.0,0.6785714285714286,0.6785714285714286,0.0,0.03571428571428571,0.10714285714285714,0.07142857142857142,0.3248394573757018,0.43725873644523344,0.11241927906953164,0.6751605426242983,0.5627412635547666,0.11241927906953164,1.9,1.9,0.0,0.9,0.9,0.0,0.1,0.1,0.0,0.0,0.0,0.0,0.16770566833941208,0.265348764706907,0.09764309636749491,0.832294331660588,0.734651235293093,0.09764309636749502
2,1,4,2,7,1235689.0,1245950.0,0.008303869339291683,1.7142857142857142,6.228571428571442,0,0.2,1.4761904761904763,1.619047619047619,0.1428571428571428,0.47619047619047616,0.6190476190476191,0.1428571428571429,0.5238095238095238,0.38095238095238093,0.1428571428571429,0.0,0.0,0.0,0.33647909030029094,0.23606421990940768,0.10041487039088326,0.663520909699709,0.7639357800905925,0.10041487039088348,1.6666666666666667,1.619047619047619,0.04761904761904767,0.6666666666666666,0.6190476190476191,0.04761904761904756,0.3333333333333333,0.38095238095238093,0.047619047619047616,0.0,0.0,0.0,0.2713388066216552,0.23606421990940768,0.035274586712247535,0.7286611933783448,0.7639357800905925,0.0352745867122477
2,1,6,3,7,1235689.0,1239200.0,0.0028413298168066562,1.7142857142857142,7.800000000000006,0,0.2,1.4761904761904763,1.5238095238095237,0.04761904761904745,0.47619047619047616,0.5238095238095238,0.04761904761904767,0.5238095238095238,0.47619047619047616,0.04761904761904767,0.0,0.0,0.0,0.33647909030029094,0.2720193443571416,0.06445974594314935,0.663520909699709,0.7279806556428584,0.0644597459431494,1.6666666666666667,1.7333333333333334,0.06666666666666665,0.6666666666666666,0.7333333333333333,0.06666666666666665,0.3333333333333333,0.26666666666666666,0.06666666666666665,0.0,0.0,0.0,0.2713388066216552,0.23016355562362886,0.04117525099802635,0.7286611933783448,0.7698364443763713,0.04117525099802655
2,1,8,4,7,1235689.0,1229294.0,0.005202172954557657,0.8571428571428571,6.685714285714285,0,0.2,1.4761904761904763,1.4761904761904763,0.0,0.47619047619047616,0.47619047619047616,0.0,0.5238095238095238,0.5238095238095238,0.0,0.0,0.0,0.0,0.33647909030029094,0.26562388247676755,0.07085520782352339,0.663520909699709,0.7343761175232325,0.0708552078235235,1.6666666666666667,2.0,0.33333333333333326,0.6666666666666666,1.0,0.33333333333333337,0.3333333333333333,0.0,0.3333333333333333,0.0,0.0,0.0,0.2713388066216552,0.16841925596839802,0.1029195506532572,0.7286611933783448,0.831580744031602,0.1029195506532572
2,1,10,5,7,1235689.0,1248490.0,0.010359402729974937,1.1428571428571428,5.571428571428576,0,0.2,1.4761904761904763,1.4761904761904763,0.0,0.47619047619047616,0.47619047619047616,0.0,0.5238095238095238,0.5238095238095238,0.0,0.0,0.0,0.0,0.33647909030029094,0.26841971815810495,0.06805937214218599,0.663520909699709,0.731580281841895,0.06805937214218605,1.6666666666666667,2.0,0.33333333333333326,0.6666666666666666,1.0,0.33333333333333337,0.3333333333333333,0.0,0.3333333333333333,0.0,0.0,0.0,0.2713388066216552,0.17137003726995825,0.09996876935169696,0.7286611933783448,0.8286299627300417,0.09996876935169696
2,1,12,6,7,1235689.0,1236966.0,0.0010334315511427228,2.0,3.4285714285714355,0,0.2,1.4761904761904763,1.4761904761904763,0.0,0.47619047619047616,0.47619047619047616,0.0,0.5238095238095238,0.5238095238095238,0.0,0.0,0.0,0.0,0.33647909030029094,0.33944059475270716,0.0029615044524162193,0.663520909699709,0.6605594052472927,0.002961504452416275,1.6666666666666667,1.6666666666666667,0.0,0.6666666666666666,0.6666666666666666,0.0,0.3333333333333333,0.3333333333333333,0.0,0.0,0.0,0.0,0.2713388066216552,0.2735415331178627,0.0022027264962075077,0.7286611933783448,0.7264584668821372,0.0022027264962075632
2,1,14,7,7,1235689.0,1254971.0,0.015604249936675006,1.7142857142857142,8.200000000000008,0,0.2,1.4761904761904763,1.4761904761904763,0.0,0.47619047619047616,0.47619047619047616,0.0,0.5238095238095238,0.5238095238095238,0.0,0.0,0.0,0.0,0.33647909030029094,0.28234402276803305,0.054135067532257886,0.663520909699709,0.7176559772319668,0.05413506753225783,1.6666666666666667,1.6666666666666667,0.0,0.6666666666666666,0.6666666666666666,0.0,0.3333333333333333,0.3333333333333333,0.0,0.0,0.0,0.0,0.2713388066216552,0.2398907968060476,0.03144800981560761,0.7286611933783448,0.7601092031939524,0.03144800981560758
2,1,16,8,7,1235689.0,1239020.0,0.0026956620962070555,1.4285714285714286,3.9428571428571524,0,0.2,1.4761904761904763,1.4761904761904763,0.0,0.47619047619047616,0.47619047619047616,0.0,0.5238095238095238,0.5238095238095238,0.0,0.0,0.0,0.0,0.33647909030029094,0.3029177897475214,0.03356130055276951,0.663520909699709,0.6970822102524786,0.033561300552769624,1.6666666666666667,2.0,0.33333333333333326,0.6666666666666666,1.0,0.33333333333333337,0.3333333333333333,0.0,0.3333333333333333,0.0,0.0,0.0,0.2713388066216552,0.20495250613168295,0.06638630048997227,0.7286611933783448,0.795047493868317,0.06638630048997218
2,1,18,9,7,1235689.0,1247055.0,0.009198107290750343,1.4285714285714286,8.942857142857147,0,0.2,1.4761904761904763,1.619047619047619,0.1428571428571428,0.47619047619047616,0.6190476190476191,0.1428571428571429,0.5238095238095238,0.38095238095238093,0.1428571428571429,0.0,0.0,0.0,0.33647909030029094,0.18207302402112177,0.15440606627916917,0.663520909699709,0.8179269759788781,0.15440606627916909,1.6666666666666667,2.0,0.33333333333333326,0.6666666666666666,1.0,0.33333333333333337,0.3333333333333333,0.0,0.3333333333333333,0.0,0.0,0.0,0.2713388066216552,0.1395236820844878,0.13181512453716743,0.7286611933783448,0.8604763179155122,0.13181512453716737
2,1,20,10,7,1235689.0,1249913.0,0.011510986987826224,0.8571428571428571,6.228571428571436,0,0.2,1.4761904761904763,1.4761904761904763,0.0,0.47619047619047616,0.47619047619047616,0.0,0.5238095238095238,0.5238095238095238,0.0,0.0,0.0,0.0,0.33647909030029094,0.26353269985568273,0.07294639044460821,0.663520909699709,0.736467300144317,0.07294639044460804,1.6666666666666667,2.0,0.33333333333333326,0.6666666666666666,1.0,0.33333333333333337,0.3333333333333333,0.0,0.3333333333333333,0.0,0.0,0.0,0.2713388066216552,0.15700443418668142,0.1143343724349738,0.7286611933783448,0.8429955658133185,0.11433437243497369
2,1,22,11,7,1235689.0,1240913.0,0.004227600957846189,1.1428571428571428,2.942857142857137,0,0.2,1.4761904761904763,1.4761904761904763,0.0,0.47619047619047616,0.47619047619047616,0.0,0.5238095238095238,0.5238095238095238,0.0,0.0,0.0,0.0,0.33647909030029094,0.2517676421994196,0.08471144810087133,0.663520909699709,0.7482323578005803,0.08471144810087128,1.6666666666666667,2.0,0.33333333333333326,0.6666666666666666,1.0,0.33333333333333337,0.3333333333333333,0.0,0.3333333333333333,0.0,0.0,0.0,0.2713388066216552,0.1738681817602041,0.09747062486145111,0.7286611933783448,0.8261318182397959,0.09747062486145108
2,1,26,13,7,1235689.0,1251866.0,0.013091481756331893,1.1428571428571428,6.371428571428568,0,0.2,1.4761904761904763,1.619047619047619,0.1428571428571428,0.47619047619047616,0.6190476190476191,0.1428571428571429,0.5238095238095238,0.38095238095238093,0.1428571428571429,0.0,0.0,0.0,0.33647909030029094,0.18717126015080768,0.14930783014948326,0.663520909699709,0.8128287398491922,0.14930783014948323,1.6666666666666667,1.6666666666666667,0.0,0.6666666666666666,0.6666666666666666,0.0,0.3333333333333333,0.3333333333333333,0.0,0.0,0.0,0.0,0.2713388066216552,0.17040111015229228,0.10093769646936293,0.7286611933783448,0.8295988898477077,0.1009376964693629
2,1,28,14,7,1235689.0,1244175.0,0.0068674237611567315,1.7142857142857142,9.0,0,0.2,1.4761904761904763,1.5238095238095237,0.04761904761904745,0.47619047619047616,0.5238095238095238,0.04761904761904767,0.5238095238095238,0.47619047619047616,0.04761904761904767,0.0,0.0,0.0,0.33647909030029094,0.32739689143498746,0.009082198865303481,0.663520909699709,0.6726031085650126,0.009082198865303592,1.6666666666666667,1.7333333333333334,0.06666666666666665,0.6666666666666666,0.7333333333333333,0.06666666666666665,0.3333333333333333,0.26666666666666666,0.06666666666666665,0.0,0.0,0.0,0.2713388066216552,0.2732937365632947,0.0019549299416394827,0.7286611933783448,0.7267062634367054,0.0019549299416393717
2,1,30,15,7,1235689.0,1249358.0,0.01106184484931079,2.0,11.142857142857142,0,0.2,1.4761904761904763,1.5714285714285714,0.09523809523809512,0.47619047619047616,0.5714285714285714,0.09523809523809523,0.5238095238095238,0.42857142857142855,0.09523809523809529,0.0,0.0,0.0,0.33647909030029094,0.301756512518543,0.03472257778174792,0.663520909699709,0.698243487481457,0.03472257778174803,1.6666666666666667,1.5714285714285714,0.09523809523809534,0.6666666666666666,0.5714285714285714,0.09523809523809523,0.3333333333333333,0.42857142857142855,0.09523809523809523,0.0,0.0,0.0,0.2713388066216552,0.301756512518543,0.030417705896887803,0.7286611933783448,0.698243487481457,0.030417705896887748
2,1,32,16,7,1235689.0,1244383.0,0.007035750904960714,1.1428571428571428,8.628571428571435,0,0.2,1.4761904761904763,1.6666666666666667,0.19047619047619047,0.47619047619047616,0.6666666666666666,0.19047619047619047,0.5238095238095238,0.3333333333333333,0.19047619047619052,0.0,0.0,0.0,0.33647909030029094,0.15828626263374707,0.17819282766654387,0.663520909699709,0.841713737366253,0.17819282766654398,1.6666666666666667,2.0,0.33333333333333326,0.6666666666666666,1.0,0.33333333333333337,0.3333333333333333,0.0,0.3333333333333333,0.0,0.0,0.0,0.2713388066216552,0.10967900842693548,0.16165979819471973,0.7286611933783448,0.8903209915730645,0.16165979819471976
2,1,34,17,7,1235689.0,1248876.0,0.010671779064149636,1.7142857142857142,12.599999999999996,0,0.2,1.4761904761904763,1.5714285714285714,0.09523809523809512,0.47619047619047616,0.5714285714285714,0.09523809523809523,0.5238095238095238,0.42857142857142855,0.09523809523809529,0.0,0.0,0.0,0.33647909030029094,0.2404159231567015,0.09606316714358945,0.663520909699709,0.7595840768432984,0.09606316714358942,1.6666666666666667,2.0,0.33333333333333326,0.6666666666666666,1.0,0.33333333333333337,0.3333333333333333,0.0,0.3333333333333333,0.0,0.0,0.0,0.2713388066216552,0.17701459413649215,0.09432421248516307,0.7286611933783448,0.8229854058635079,0.0943242124851631
2,1,36,18,7,1235689.0,1244191.0,0.006880372002987807,1.7142857142857142,6.085714285714292,0,0.2,1.4761904761904763,1.6666666666666667,0.19047619047619047,0.47619047619047616,0.6666666666666666,0.19047619047619047,0.5238095238095238,0.3333333333333333,0.19047619047619052,0.0,0.0,0.0,0.33647909030029094,0.204433439526499,0.13204565077379193,0.663520909699709,0.7955665604735012,0.13204565077379216,1.6666666666666667,1.9333333333333333,0.2666666666666666,0.6666666666666666,0.9333333333333333,0.2666666666666667,0.3333333333333333,0.06666666666666667,0.26666666666666666,0.0,0.0,0.0,0.2713388066216552,0.15366199986457524,0.11767680675707998,0.7286611933783448,0.8463380001354247,0.11767680675707992
2,1,38,19,7,1235689.0,1244383.0,0.007035750904960714,1.4285714285714286,6.0857142857143005,0,0.2,1.4761904761904763,1.6666666666666667,0.19047619047619047,0.47619047619047616,0.6666666666666666,0.19047619047619047,0.5238095238095238,0.3333333333333333,0.19047619047619052,0.0,0.0,0.0,0.33647909030029094,0.19689298789020238,0.13958610241008856,0.663520909699709,0.8031070121097976,0.13958610241008862,1.6666666666666667,1.9333333333333333,0.2666666666666666,0.6666666666666666,0.9333333333333333,0.2666666666666667,0.3333333333333333,0.06666666666666667,0.26666666666666666,0.0,0.0,0.0,0.2713388066216552,0.15033961183454148,0.12099919478711374,0.7286611933783448,0.8496603881654585,0.12099919478711374
3,1,5,2,8,1279890.0,1261484.0,0.014590751844652805,1.0,5.924999999999995,0,0.2,1.3214285714285714,1.25,0.0714285714285714,0.32142857142857145,0.35714285714285715,0.0357142857142857,0.6785714285714286,0.6428571428571429,0.0357142857142857,0.0,0.10714285714285714,0.10714285714285714,0.33766900820184176,0.4608620793007022,0.12319307109886046,0.6623309917981581,0.5391379206992978,0.12319307109886035,1.6,2.0,0.3999999999999999,0.6,1.0,0.4,0.4,0.0,0.4,0.0,0.0,0.0,0.23991445288933247,0.2571885468225426,0.01727409393321014,0.7600855471106676,0.7428114531774573,0.01727409393321022
3,1,7,3,8,1279890.0,1262365.0,0.013882672602614932,1.0,6.950000000000001,0,0.2,1.3214285714285714,1.2142857142857142,0.1071428571428572,0.32142857142857145,0.32142857142857145,0.0,0.6785714285714286,0.6785714285714286,0.0,0.0,0.10714285714285714,0.10714285714285714,0.33766900820184176,0.434058623462218,0.09638961526037626,0.6623309917981581,0.565941376537782,0.09638961526037615,1.6,1.6,0.0,0.6,0.6,0.0,0.4,0.4,0.0,0.0,0.0,0.0,0.23991445288933247,0.3133845424747111,0.07347008958537862,0.7600855471106676,0.686615457525289,0.0734700895853786
3,1,9,4,8,1279890.0,1268134.0,0.009270313705018554,1.5,7.274999999999995,0,0.2,1.3214285714285714,1.2142857142857142,0.1071428571428572,0.32142857142857145,0.32142857142857145,0.0,0.6785714285714286,0.6785714285714286,0.0,0.0,0.10714285714285714,0.10714285714285714,0.33766900820184176,0.43712092200857494,0.09945191380673318,0.6623309917981581,0.5628790779914251,0.09945191380673302,1.6,1.9,0.2999999999999998,0.6,0.9,0.30000000000000004,0.4,0.1,0.30000000000000004,0.0,0.0,0.0,0.23991445288933247,0.2561949810380306,0.016280528148698153,0.7600855471106676,0.7438050189619694,0.01628052814869818
3,1,11,5,8,1279890.0,1264368.0,0.012276489123419764,1.5,6.649999999999995,0,0.2,1.3214285714285714,1.25,0.0714285714285714,0.32142857142857145,0.35714285714285715,0.0357142857142857,0.6785714285714286,0.6428571428571429,0.0357142857142857,0.0,0.10714285714285714,0.10714285714285714,0.33766900820184176,0.4331406337081705,0.09547162550632876,0.6623309917981581,0.5668593662918295,0.0954716255063286,1.6,1.6666666666666667,0.06666666666666665,0.6,0.6666666666666666,0.06666666666666665,0.4,0.3333333333333333,0.06666666666666671,0.0,0.0,0.0,0.23991445288933247,0.31328334467417546,0.07336889178484299,0.7600855471106676,0.6867166553258245,0.07336889178484307
3,1,13,6,8,1279890.0,1273615.0,0.004926920615727672,0.75,6.949999999999998,0,0.2,1.3214285714285714,1.25,0.0714285714285714,0.32142857142857145,0.32142857142857145,0.0,0.6785714285714286,0.6785714285714286,0.0,0.0,0.07142857142857142,0.07142857142857142,0.33766900820184176,0.4402185814508529,0.10254957324901115,0.6623309917981581,0.5597814185491471,0.10254957324901104,1.6,1.6,0.0,0.6,0.6,0.0,0.4,0.4,0.0,0.0,0.0,0.0,0.23991445288933247,0.32665915408750634,0.08674470119817387,0.7600855471106676,0.6733408459124937,0.0867447011981739
3,1,15,7,8,1279890.0,1259973.0,0.01580748158889119,1.0,4.8249999999999975,0,0.2,1.3214285714285714,1.3214285714285714,0.0,0.32142857142857145,0.35714285714285715,0.0357142857142857,0.6785714285714286,0.6428571428571429,0.0357142857142857,0.0,0.03571428571428571,0.03571428571428571,0.33766900820184176,0.3770583585631413,0.039389350361299535,0.6623309917981581,0.6229416414368586,0.039389350361299535,1.6,2.0,0.3999999999999999,0.6,1.0,0.4,0.4,0.0,0.4,0.0,0.0,0.0,0.23991445288933247,0.19134621658578688,0.04856823630354559,0.7600855471106676,0.8086537834142131,0.048568236303545564
3,1,19,9,8,1279890.0,1273033.0,0.005386348979170218,1.75,7.949999999999999,0,0.2,1.3214285714285714,1.25,0.0714285714285714,0.32142857142857145,0.32142857142857145,0.0,0.6785714285714286,0.6785714285714286,0.0,0.0,0.07142857142857142,0.07142857142857142,0.33766900820184176,0.4267716348423857,0.08910262664054397,0.6623309917981581,0.5732283651576144,0.08910262664054369,1.6,1.4285714285714286,0.17142857142857149,0.6,0.42857142857142855,0.17142857142857143,0.4,0.5714285714285714,0.17142857142857137,0.0,0.0,0.0,0.23991445288933247,0.37577042494183494,0.13585597205250247,0.7600855471106676,0.6242295750581651,0.13585597205250244
3,1,21,10,8,1279890.0,1274465.0,0.004256688100497071,1.5,5.45000000000001,0,0.2,1.3214285714285714,1.25,0.0714285714285714,0.32142857142857145,0.35714285714285715,0.0357142857142857,0.6785714285714286,0.6428571428571429,0.0357142857142857,0.0,0.10714285714285714,0.10714285714285714,0.33766900820184176,0.37365528164279693,0.035986273440955174,0.6623309917981581,0.626344718357203,0.035986273440955174,1.6,2.0,0.3999999999999999,0.6,1.0,0.4,0.4,0.0,0.4,0.0,0.0,0.0,0.23991445288933247,0.19343594968437822,0.04647850320495425,0.7600855471106676,0.806564050315622,0.04647850320495439
3,1,23,11,8,1279890.0,1271035.0,0.006966763307068649,1.0,6.649999999999998,0,0.2,1.3214285714285714,1.25,0.0714285714285714,0.32142857142857145,0.32142857142857145,0.0,0.6785714285714286,0.6785714285714286,0.0,0.0,0.07142857142857142,0.07142857142857142,0.33766900820184176,0.421686375269139,0.08401736706729723,0.6623309917981581,0.578313624730861,0.08401736706729712,1.6,1.6,0.0,0.6,0.6,0.0,0.4,0.4,0.0,0.0,0.0,0.0,0.23991445288933247,0.3112298482778264,0.07131539538849394,0.7600855471106676,0.6887701517221737,0.07131539538849385
3,1,25,12,8,1279890.0,1270292.0,0.0075557430889905625,0.75,9.325,0,0.2,1.3214285714285714,1.2857142857142858,0.03571428571428559,0.32142857142857145,0.32142857142857145,0.0,0.6785714285714286,0.6785714285714286,0.0,0.0,0.03571428571428571,0.03571428571428571,0.33766900820184176,0.42533487350960286,0.0876658653077611,0.6623309917981581,0.574665126490397,0.0876658653077611,1.6,1.6,0.0,0.6,0.6,0.0,0.4,0.4,0.0,0.0,0.0,0.0,0.23991445288933247,0.3039301020458026,0.06401564915647015,0.7600855471106676,0.6960698979541974,0.06401564915647018
3,1,27,13,8,1279890.0,1270571.0,0.007334497639250384,0.0,2.8499999999999943,1,0.2,1.3214285714285714,1.25,0.0714285714285714,0.32142857142857145,0.32142857142857145,0.0,0.6785714285714286,0.6785714285714286,0.0,0.0,0.07142857142857142,0.07142857142857142,0.33766900820184176,0.38496159354861953,0.04729258534677777,0.6623309917981581,0.6150384064513804,0.047292585346777716,1.6,1.6,0.0,0.6,0.6,0.0,0.4,0.4,0.0,0.0,0.0,0.0,0.23991445288933247,0.2632366654410493,0.02332221255171682,0.7600855471106676,0.7367633345589508,0.023322212551716737
3,1,29,14,8,1279890.0,1263846.0,0.012694584625025518,1.25,4.174999999999992,0,0.2,1.3214285714285714,1.2142857142857142,0.1071428571428572,0.32142857142857145,0.32142857142857145,0.0,0.6785714285714286,0.6785714285714286,0.0,0.0,0.10714285714285714,0.10714285714285714,0.33766900820184176,0.42722705645446774,0.08955804825262598,0.6623309917981581,0.5727729435455322,0.08955804825262592,1.6,1.9,0.2999999999999998,0.6,0.9,0.30000000000000004,0.4,0.1,0.30000000000000004,0.0,0.0,0.0,0.23991445288933247,0.22992304296498137,0.009991409924351102,0.7600855471106676,0.7700769570350186,0.009991409924350991
3,1,31,15,8,1279890.0,1266770.0,0.010357049819619978,1.25,4.099999999999999,0,0.2,1.3214285714285714,1.2142857142857142,0.1071428571428572,0.32142857142857145,0.32142857142857145,0.0,0.6785714285714286,0.6785714285714286,0.0,0.0,0.10714285714285714,0.10714285714285714,0.33766900820184176,0.41825976417769367,0.08059075597585191,0.6623309917981581,0.5817402358223063,0.08059075597585186,1.6,1.9,0.2999999999999998,0.6,0.9,0.30000000000000004,0.4,0.1,0.30000000000000004,0.0,0.0,0.0,0.23991445288933247,0.24437510360888806,0.004460650719555592,0.7600855471106676,0.755624896391112,0.004460650719555592
3,1,33,16,8,1279890.0,1270167.0,0.007654898922740081,0.75,5.900000000000003,0,0.2,1.3214285714285714,1.25,0.0714285714285714,0.32142857142857145,0.32142857142857145,0.0,0.6785714285714286,0.6785714285714286,0.0,0.0,0.07142857142857142,0.07142857142857142,0.33766900820184176,0.4302807025779582,0.09261169437611644,0.6623309917981581,0.5697192974220419,0.09261169437611627,1.6,1.6,0.0,0.6,0.6,0.0,0.4,0.4,0.0,0.0,0.0,0.0,0.23991445288933247,0.3190775776345557,0.07916312474522322,0.7600855471106676,0.6809224223654443,0.07916312474522325
3,1,35,17,8,1279890.0,1266542.0,0.010538931989622137,1.0,8.274999999999999,0,0.2,1.3214285714285714,1.25,0.0714285714285714,0.32142857142857145,0.32142857142857145,0.0,0.6785714285714286,0.6785714285714286,0.0,0.0,0.07142857142857142,0.07142857142857142,0.33766900820184176,0.39645802347989817,0.05878901527805641,0.6623309917981581,0.6035419765201019,0.058789015278056245,1.6,1.6,0.0,0.6,0.6,0.0,0.4,0.4,0.0,0.0,0.0,0.0,0.23991445288933247,0.2823573654458109,0.042442912556478446,0.7600855471106676,0.7176426345541891,0.042442912556478474
3,1,37,18,8,1279890.0,1260993.0,0.014985808803062349,0.75,10.250000000000005,0,0.2,1.3214285714285714,1.2142857142857142,0.1071428571428572,0.32142857142857145,0.32142857142857145,0.0,0.6785714285714286,0.6785714285714286,0.0,0.0,0.10714285714285714,0.10714285714285714,0.33766900820184176,0.43725873644523344,0.09958972824339168,0.6623309917981581,0.5627412635547666,0.09958972824339152,1.6,1.9,0.2999999999999998,0.6,0.9,0.30000000000000004,0.4,0.1,0.30000000000000004,0.0,0.0,0.0,0.23991445288933247,0.265348764706907,0.025434311817574523,0.7600855471106676,0.734651235293093,0.025434311817574606
4,2,6,3,7,1245950.0,1239200.0,0.005447062621045836,1.7142857142857142,5.457142857142855,0,0.2,1.619047619047619,1.5238095238095237,0.09523809523809534,0.6190476190476191,0.5238095238095238,0.09523809523809523,0.38095238095238093,0.47619047619047616,0.09523809523809523,0.0,0.0,0.0,0.23606421990940768,0.2720193443571416,0.03595512444773391,0.7639357800905925,0.7279806556428584,0.03595512444773408,1.619047619047619,1.7333333333333334,0.11428571428571432,0.6190476190476191,0.7333333333333333,0.11428571428571421,0.38095238095238093,0.26666666666666666,0.11428571428571427,0.0,0.0,0.0,0.23606421990940768,0.23016355562362886,0.005900664285778817,0.7639357800905925,0.7698364443763713,0.005900664285778845
4,2,8,4,7,1245950.0,1229294.0,0.013549240458344384,1.7142857142857142,11.171428571428578,0,0.2,1.619047619047619,1.4761904761904763,0.1428571428571428,0.6190476190476191,0.47619047619047616,0.1428571428571429,0.38095238095238093,0.5238095238095238,0.1428571428571429,0.0,0.0,0.0,0.23606421990940768,0.26562388247676755,0.029559662567359868,0.7639357800905925,0.7343761175232325,0.02955966256735998,1.619047619047619,2.0,0.38095238095238093,0.6190476190476191,1.0,0.38095238095238093,0.38095238095238093,0.0,0.38095238095238093,0.0,0.0,0.0,0.23606421990940768,0.16841925596839802,0.06764496394100966,0.7639357800905925,0.831580744031602,0.0676449639410095
4,2,10,5,7,1245950.0,1248490.0,0.0020386050804606926,1.7142857142857142,10.942857142857152,0,0.2,1.619047619047619,1.4761904761904763,0.1428571428571428,0.6190476190476191,0.47619047619047616,0.1428571428571429,0.38095238095238093,0.5238095238095238,0.1428571428571429,0.0,0.0,0.0,0.23606421990940768,0.26841971815810495,0.03235549824869727,0.7639357800905925,0.731580281841895,0.032355498248697434,1.619047619047619,2.0,0.38095238095238093,0.6190476190476191,1.0,0.38095238095238093,0.38095238095238093,0.0,0.38095238095238093,0.0,0.0,0.0,0.23606421990940768,0.17137003726995825,0.06469418263944943,0.7639357800905925,0.8286299627300417,0.06469418263944926
4,2,12,6,7,1245950.0,1236966.0,0.0072629320450198305,1.4285714285714286,7.828571428571442,0,0.2,1.619047619047619,1.4761904761904763,0.1428571428571428,0.6190476190476191,0.47619047619047616,0.1428571428571429,0.38095238095238093,0.5238095238095238,0.1428571428571429,0.0,0.0,0.0,0.23606421990940768,0.33944059475270716,0.10337637484329948,0.7639357800905925,0.6605594052472927,0.10337637484329976,1.619047619047619,1.6666666666666667,0.04761904761904767,0.6190476190476191,0.6666666666666666,0.04761904761904756,0.38095238095238093,0.3333333333333333,0.047619047619047616,0.0,0.0,0.0,0.23606421990940768,0.2735415331178627,0.03747731320845504,0.7639357800905925,0.7264584668821372,0.037477313208455265
4,2,14,7,7,1245950.0,1254971.0,0.007240258437336972,1.1428571428571428,6.657142857142867,0,0.2,1.619047619047619,1.4761904761904763,0.1428571428571428,0.6190476190476191,0.47619047619047616,0.1428571428571429,0.38095238095238093,0.5238095238095238,0.1428571428571429,0.0,0.0,0.0,0.23606421990940768,0.28234402276803305,0.046279802858625374,0.7639357800905925,0.7176559772319668,0.04627980285862565,1.619047619047619,1.6666666666666667,0.04761904761904767,0.6190476190476191,0.6666666666666666,0.04761904761904756,0.38095238095238093,0.3333333333333333,0.047619047619047616,0.0,0.0,0.0,0.23606421990940768,0.2398907968060476,0.003826576896639927,0.7639357800905925,0.7601092031939524,0.0038265768966401215
4,2,16,8,7,1245950.0,1239020.0,0.005593130054397831,1.4285714285714286,9.000000000000016,0,0.2,1.619047619047619,1.4761904761904763,0.1428571428571428,0.6190476190476191,0.47619047619047616,0.1428571428571429,0.38095238095238093,0.5238095238095238,0.1428571428571429,0.0,0.0,0.0,0.23606421990940768,0.3029177897475214,0.06685356983811375,0.7639357800905925,0.6970822102524786,0.06685356983811386,1.619047619047619,2.0,0.38095238095238093,0.6190476190476191,1.0,0.38095238095238093,0.38095238095238093,0.0,0.38095238095238093,0.0,0.0,0.0,0.23606421990940768,0.20495250613168295,0.03111171377772473,0.7639357800905925,0.795047493868317,0.03111171377772448
4,2,18,9,7,1245950.0,1247055.0,0.0008868734700429391,0.8571428571428571,6.371428571428564,0,0.2,1.619047619047619,1.619047619047619,0.0,0.6190476190476191,0.6190476190476191,0.0,0.38095238095238093,0.38095238095238093,0.0,0.0,0.0,0.0,0.23606421990940768,0.18207302402112177,0.05399119588828591,0.7639357800905925,0.8179269759788781,0.053991195888285604,1.619047619047619,2.0,0.38095238095238093,0.6190476190476191,1.0,0.38095238095238093,0.38095238095238093,0.0,0.38095238095238093,0.0,0.0,0.0,0.23606421990940768,0.1395236820844878,0.09654053782491989,0.7639357800905925,0.8604763179155122,0.09654053782491967
4,2,20,10,7,1245950.0,1249913.0,0.0031807054857739075,0.8571428571428571,9.914285714285716,0,0.2,1.619047619047619,1.4761904761904763,0.1428571428571428,0.6190476190476191,0.47619047619047616,0.1428571428571429,0.38095238095238093,0.5238095238095238,0.1428571428571429,0.0,0.0,0.0,0.23606421990940768,0.26353269985568273,0.02746847994627505,0.7639357800905925,0.736467300144317,0.027468479946275437,1.619047619047619,2.0,0.38095238095238093,0.6190476190476191,1.0,0.38095238095238093,0.38095238095238093,0.0,0.38095238095238093,0.0,0.0,0.0,0.23606421990940768,0.15700443418668142,0.07905978572272626,0.7639357800905925,0.8429955658133185,0.07905978572272598
4,2,22,11,7,1245950.0,1240913.0,0.0040591080921869626,0.5714285714285714,7.371428571428575,0,0.2,1.619047619047619,1.4761904761904763,0.1428571428571428,0.6190476190476191,0.47619047619047616,0.1428571428571429,0.38095238095238093,0.5238095238095238,0.1428571428571429,0.0,0.0,0.0,0.23606421990940768,0.2517676421994196,0.015703422290011926,0.7639357800905925,0.7482323578005803,0.015703422290012203,1.619047619047619,2.0,0.38095238095238093,0.6190476190476191,1.0,0.38095238095238093,0.38095238095238093,0.0,0.38095238095238093,0.0,0.0,0.0,0.23606421990940768,0.1738681817602041,0.062196038149203575,0.7639357800905925,0.8261318182397959,0.06219603814920338
4,2,24,12,7,1245950.0,1261586.0,0.012549460251213933,0.8571428571428571,4.542857142857139,0,0.2,1.619047619047619,1.619047619047619,0.0,0.6190476190476191,0.6190476190476191,0.0,0.38095238095238093,0.38095238095238093,0.0,0.0,0.0,0.0,0.23606421990940768,0.20057965402799643,0.035484565881411245,0.7639357800905925,0.7994203459720035,0.03548456588141102,1.619047619047619,1.6666666666666667,0.04761904761904767,0.6190476190476191,0.6666666666666666,0.04761904761904756,0.38095238095238093,0.3333333333333333,0.047619047619047616,0.0,0.0,0.0,0.23606421990940768,0.2005099243973597,0.03555429551204797,0.7639357800905925,0.7994900756026401,0.035554295512047585
4,2,26,13,7,1245950.0,1251866.0,0.004748184116537582,1.4285714285714286,5.142857142857131,0,0.2,1.619047619047619,1.619047619047619,0.0,0.6190476190476191,0.6190476190476191,0.0,0.38095238095238093,0.38095238095238093,0.0,0.0,0.0,0.0,0.23606421990940768,0.18717126015080768,0.0488929597586,0.7639357800905925,0.8128287398491922,0.04889295975859975,1.619047619047619,1.6666666666666667,0.04761904761904767,0.6190476190476191,0.6666666666666666,0.04761904761904756,0.38095238095238093,0.3333333333333333,0.047619047619047616,0.0,0.0,0.0,0.23606421990940768,0.17040111015229228,0.0656631097571154,0.7639357800905925,0.8295988898477077,0.0656631097571152
4,2,28,14,7,1245950.0,1244175.0,0.001426648180521229,2.0,7.485714285714287,0,0.2,1.619047619047619,1.5238095238095237,0.09523809523809534,0.6190476190476191,0.5238095238095238,0.09523809523809523,0.38095238095238093,0.47619047619047616,0.09523809523809523,0.0,0.0,0.0,0.23606421990940768,0.32739689143498746,0.09133267152557978,0.7639357800905925,0.6726031085650126,0.09133267152557989,1.619047619047619,1.7333333333333334,0.11428571428571432,0.6190476190476191,0.7333333333333333,0.11428571428571421,0.38095238095238093,0.26666666666666666,0.11428571428571427,0.0,0.0,0.0,0.23606421990940768,0.2732937365632947,0.03722951665388702,0.7639357800905925,0.7267062634367054,0.037229516653887074
4,2,30,15,7,1245950.0,1249358.0,0.002735262249688992,0.8571428571428571,5.285714285714277,0,0.2,1.619047619047619,1.5714285714285714,0.04761904761904767,0.6190476190476191,0.5714285714285714,0.04761904761904767,0.38095238095238093,0.42857142857142855,0.047619047619047616,0.0,0.0,0.0,0.23606421990940768,0.301756512518543,0.06569229260913534,0.7639357800905925,0.698243487481457,0.06569229260913545,1.619047619047619,1.5714285714285714,0.04761904761904767,0.6190476190476191,0.5714285714285714,0.04761904761904767,0.38095238095238093,0.42857142857142855,0.047619047619047616,0.0,0.0,0.0,0.23606421990940768,0.301756512518543,0.06569229260913534,0.7639357800905925,0.698243487481457,0.06569229260913545
4,2,32,16,7,1245950.0,1244383.0,0.0012592586044650241,0.5714285714285714,6.971428571428569,0,0.2,1.619047619047619,1.6666666666666667,0.04761904761904767,0.6190476190476191,0.6666666666666666,0.04761904761904756,0.38095238095238093,0.3333333333333333,0.047619047619047616,0.0,0.0,0.0,0.23606421990940768,0.15828626263374707,0.07777795727566061,0.7639357800905925,0.841713737366253,0.0777779572756605,1.619047619047619,2.0,0.38095238095238093,0.6190476190476191,1.0,0.38095238095238093,0.38095238095238093,0.0,0.38095238095238093,0.0,0.0,0.0,0.23606421990940768,0.10967900842693548,0.1263852114824722,0.7639357800905925,0.8903209915730645,0.12638521148247206
4,2,34,17,7,1245950.0,1248876.0,0.0023484088446566877,0.8571428571428571,8.085714285714273,0,0.2,1.619047619047619,1.5714285714285714,0.04761904761904767,0.6190476190476191,0.5714285714285714,0.04761904761904767,0.38095238095238093,0.42857142857142855,0.047619047619047616,0.0,0.0,0.0,0.23606421990940768,0.2404159231567015,0.004351703247293809,0.7639357800905925,0.7595840768432984,0.004351703247294059,1.619047619047619,2.0,0.38095238095238093,0.6190476190476191,1.0,0.38095238095238093,0.38095238095238093,0.0,0.38095238095238093,0.0,0.0,0.0,0.23606421990940768,0.17701459413649215,0.05904962577291553,0.7639357800905925,0.8229854058635079,0.05904962577291539
4,2,36,18,7,1245950.0,1244191.0,0.0014137700722798993,0.2857142857142857,3.6285714285714405,0,0.2,1.619047619047619,1.6666666666666667,0.04761904761904767,0.6190476190476191,0.6666666666666666,0.04761904761904756,0.38095238095238093,0.3333333333333333,0.047619047619047616,0.0,0.0,0.0,0.23606421990940768,0.204433439526499,0.031630780382908674,0.7639357800905925,0.7955665604735012,0.031630780382908674,1.619047619047619,1.9333333333333333,0.3142857142857143,0.6190476190476191,0.9333333333333333,0.3142857142857143,0.38095238095238093,0.06666666666666667,0.3142857142857143,0.0,0.0,0.0,0.23606421990940768,0.15366199986457524,0.08240222004483244,0.7639357800905925,0.8463380001354247,0.08240222004483222
4,2,38,19,7,1245950.0,1244383.0,0.0012592586044650241,0.2857142857142857,3.6285714285714326,0,0.2,1.619047619047619,1.6666666666666667,0.04761904761904767,0.6190476190476191,0.6666666666666666,0.04761904761904756,0.38095238095238093,0.3333333333333333,0.047619047619047616,0.0,0.0,0.0,0.23606421990940768,0.19689298789020238,0.039171232019205304,0.7639357800905925,0.8031070121097976,0.03917123201920514,1.619047619047619,1.9333333333333333,0.3142857142857143,0.6190476190476191,0.9333333333333333,0.3142857142857143,0.38095238095238093,0.06666666666666667,0.3142857142857143,0.0,0.0,0.0,0.23606421990940768,0.15033961183454148,0.0857246080748662,0.7639357800905925,0.8496603881654585,0.08572460807486604
5,2,7,3,8,1261484.0,1262365.0,0.0006983838082766013,1.25,9.700000000000003,0,0.2,1.25,1.2142857142857142,0.03571428571428581,0.35714285714285715,0.32142857142857145,0.0357142857142857,0.6428571428571429,0.6785714285714286,0.0357142857142857,0.10714285714285714,0.10714285714285714,0.0,0.4608620793007022,0.434058623462218,0.026803455838484203,0.5391379206992978,0.565941376537782,0.026803455838484203,2.0,1.6,0.3999999999999999,1.0,0.6,0.4,0.0,0.4,0.4,0.0,0.0,0.0,0.2571885468225426,0.3133845424747111,0.056195995652168484,0.7428114531774573,0.686615457525289,0.05619599565216837
5,2,9,4,8,1261484.0,1268134.0,0.005271569040907376,1.0,2.3250000000000046,0,0.2,1.25,1.2142857142857142,0.03571428571428581,0.35714285714285715,0.32142857142857145,0.0357142857142857,0.6428571428571429,0.6785714285714286,0.0357142857142857,0.10714285714285714,0.10714285714285714,0.0,0.4608620793007022,0.43712092200857494,0.02374115729212728,0.5391379206992978,0.5628790779914251,0.023741157292127335,2.0,1.9,0.10000000000000009,1.0,0.9,0.09999999999999998,0.0,0.1,0.1,0.0,0.0,0.0,0.2571885468225426,0.2561949810380306,0.000993565784511985,0.7428114531774573,0.7438050189619694,0.0009935657845120405
5,2,11,5,8,1261484.0,1264368.0,0.0022861962577408828,1.25,3.6249999999999947,0,0.2,1.25,1.25,0.0,0.35714285714285715,0.35714285714285715,0.0,0.6428571428571429,0.6428571428571429,0.0,0.10714285714285714,0.10714285714285714,0.0,0.4608620793007022,0.4331406337081705,0.0277214455925317,0.5391379206992978,0.5668593662918295,0.027721445592531757,2.0,1.6666666666666667,0.33333333333333326,1.0,0.6666666666666666,0.33333333333333337,0.0,0.3333333333333333,0.3333333333333333,0.0,0.0,0.0,0.2571885468225426,0.31328334467417546,0.05609479785163285,0.7428114531774573,0.6867166553258245,0.05609479785163285
5,2,13,6,8,1261484.0,1273615.0,0.009616451734623666,1.0,8.225000000000001,0,0.2,1.25,1.25,0.0,0.35714285714285715,0.32142857142857145,0.0357142857142857,0.6428571428571429,0.6785714285714286,0.0357142857142857,0.10714285714285714,0.07142857142857142,0.03571428571428571,0.4608620793007022,0.4402185814508529,0.020643497849849313,0.5391379206992978,0.5597814185491471,0.020643497849849313,2.0,1.6,0.3999999999999999,1.0,0.6,0.4,0.0,0.4,0.4,0.0,0.0,0.0,0.2571885468225426,0.32665915408750634,0.06947060726496374,0.7428114531774573,0.6733408459124937,0.06947060726496368
5,2,15,7,8,1261484.0,1259973.0,0.0011992320470359285,0.75,4.574999999999996,0,0.2,1.25,1.3214285714285714,0.0714285714285714,0.35714285714285715,0.35714285714285715,0.0,0.6428571428571429,0.6428571428571429,0.0,0.10714285714285714,0.03571428571428571,0.07142857142857142,0.4608620793007022,0.3770583585631413,0.08380372073756093,0.5391379206992978,0.6229416414368586,0.08380372073756082,2.0,2.0,0.0,1.0,1.0,0.0,0.0,0.0,0.0,0.0,0.0,0.0,0.2571885468225426,0.19134621658578688,0.06584233023675573,0.7428114531774573,0.8086537834142131,0.06584233023675579
5,2,17,8,8,1261484.0,1248724.0,0.010218430974338605,1.0,4.850000000000001,0,0.2,1.25,1.25,0.0,0.35714285714285715,0.35714285714285715,0.0,0.6428571428571429,0.6428571428571429,0.0,0.10714285714285714,0.10714285714285714,0.0,0.4608620793007022,0.4024240728244681,0.058438006476234094,0.5391379206992978,0.597575927175532,0.058438006476234206,2.0,2.0,0.0,1.0,1.0,0.0,0.0,0.0,0.0,0.0,0.0,0.0,0.2571885468225426,0.20217484582129783,0.05501370100124478,0.7428114531774573,0.797825154178702,0.0550137010012447
5,2,19,9,8,1261484.0,1273033.0,0.009155090353900644,1.0,9.225000000000005,0,0.2,1.25,1.25,0.0,0.35714285714285715,0.32142857142857145,0.0357142857142857,0.6428571428571429,0.6785714285714286,0.0357142857142857,0.10714285714285714,0.07142857142857142,0.03571428571428571,0.4608620793007022,0.4267716348423857,0.03409044445831649,0.5391379206992978,0.5732283651576144,0.03409044445831666,2.0,1.4285714285714286,0.5714285714285714,1.0,0.42857142857142855,0.5714285714285714,0.0,0.5714285714285714,0.5714285714285714,0.0,0.0,0.0,0.2571885468225426,0.37577042494183494,0.11858187811929233,0.7428114531774573,0.6242295750581651,0.11858187811929222
5,2,21,10,8,1261484.0,1274465.0,0.010290261311281,1.5,3.724999999999996,0,0.2,1.25,1.25,0.0,0.35714285714285715,0.35714285714285715,0.0,0.6428571428571429,0.6428571428571429,0.0,0.10714285714285714,0.10714285714285714,0.0,0.4608620793007022,0.37365528164279693,0.08720679765790529,0.5391379206992978,0.626344718357203,0.08720679765790518,2.0,2.0,0.0,1.0,1.0,0.0,0.0,0.0,0.0,0.0,0.0,0.0,0.2571885468225426,0.19343594968437822,0.06375259713816439,0.7428114531774573,0.806564050315622,0.06375259713816461
5,2,23,11,8,1261484.0,1271035.0,0.007571241490181405,0.75,7.900000000000007,0,0.2,1.25,1.25,0.0,0.35714285714285715,0.32142857142857145,0.0357142857142857,0.6428571428571429,0.6785714285714286,0.0357142857142857,0.10714285714285714,0.07142857142857142,0.03571428571428571,0.4608620793007022,0.421686375269139,0.03917570403156323,0.5391379206992978,0.578313624730861,0.03917570403156323,2.0,1.6,0.3999999999999999,1.0,0.6,0.4,0.0,0.4,0.4,0.0,0.0,0.0,0.2571885468225426,0.3112298482778264,0.0540413014552838,0.7428114531774573,0.6887701517221737,0.05404130145528363
5,2,25,12,8,1261484.0,1270292.0,0.006982252648467995,1.0,7.025,0,0.2,1.25,1.2857142857142858,0.03571428571428581,0.35714285714285715,0.32142857142857145,0.0357142857142857,0.6428571428571429,0.6785714285714286,0.0357142857142857,0.10714285714285714,0.03571428571428571,0.07142857142857142,0.4608620793007022,0.42533487350960286,0.03552720579109936,0.5391379206992978,0.574665126490397,0.03552720579109925,2.0,1.6,0.3999999999999999,1.0,0.6,0.4,0.0,0.4,0.4,0.0,0.0,0.0,0.2571885468225426,0.3039301020458026,0.04674155522326001,0.7428114531774573,0.6960698979541974,0.046741555223259956
5,2,27,13,8,1261484.0,1270571.0,0.007203420733041402,1.0,7.775000000000004,0,0.2,1.25,1.25,0.0,0.35714285714285715,0.32142857142857145,0.0357142857142857,0.6428571428571429,0.6785714285714286,0.0357142857142857,0.10714285714285714,0.07142857142857142,0.03571428571428571,0.4608620793007022,0.38496159354861953,0.07590048575208269,0.5391379206992978,0.6150384064513804,0.07590048575208264,2.0,1.6,0.3999999999999999,1.0,0.6,0.4,0.0,0.4,0.4,0.0,0.0,0.0,0.2571885468225426,0.2632366654410493,0.0060481186185066815,0.7428114531774573,0.7367633345589508,0.006048118618506515
5,2,29,14,8,1261484.0,1263846.0,0.001872397905958379,0.75,3.725000000000012,0,0.2,1.25,1.2142857142857142,0.03571428571428581,0.35714285714285715,0.32142857142857145,0.0357142857142857,0.6428571428571429,0.6785714285714286,0.0357142857142857,0.10714285714285714,0.10714285714285714,0.0,0.4608620793007022,0.42722705645446774,0.033635022846234486,0.5391379206992978,0.5727729435455322,0.03363502284623443,2.0,1.9,0.10000000000000009,1.0,0.9,0.09999999999999998,0.0,0.1,0.1,0.0,0.0,0.0,0.2571885468225426,0.22992304296498137,0.02726550385756124,0.7428114531774573,0.7700769570350186,0.027265503857561213
5,2,31,15,8,1261484.0,1266770.0,0.004190302849659607,0.75,5.550000000000003,0,0.2,1.25,1.2142857142857142,0.03571428571428581,0.35714285714285715,0.32142857142857145,0.0357142857142857,0.6428571428571429,0.6785714285714286,0.0357142857142857,0.10714285714285714,0.10714285714285714,0.0,0.4608620793007022,0.41825976417769367,0.04260231512300855,0.5391379206992978,0.5817402358223063,0.042602315123008494,2.0,1.9,0.10000000000000009,1.0,0.9,0.09999999999999998,0.0,0.1,0.1,0.0,0.0,0.0,0.2571885468225426,0.24437510360888806,0.012813443213654546,0.7428114531774573,0.755624896391112,0.01281344321365463
5,2,33,16,8,1261484.0,1270167.0,0.006883163004841916,1.0,9.275000000000002,0,0.2,1.25,1.25,0.0,0.35714285714285715,0.32142857142857145,0.0357142857142857,0.6428571428571429,0.6785714285714286,0.0357142857142857,0.10714285714285714,0.07142857142857142,0.03571428571428571,0.4608620793007022,0.4302807025779582,0.030581376722744025,0.5391379206992978,0.5697192974220419,0.03058137672274408,2.0,1.6,0.3999999999999999,1.0,0.6,0.4,0.0,0.4,0.4,0.0,0.0,0.0,0.2571885468225426,0.3190775776345557,0.06188903081201308,0.7428114531774573,0.6809224223654443,0.061889030812013024
5,2,35,17,8,1261484.0,1266542.0,0.00400956333968564,0.75,8.325000000000003,0,0.2,1.25,1.25,0.0,0.35714285714285715,0.32142857142857145,0.0357142857142857,0.6428571428571429,0.6785714285714286,0.0357142857142857,0.10714285714285714,0.07142857142857142,0.03571428571428571,0.4608620793007022,0.39645802347989817,0.06440405582080405,0.5391379206992978,0.6035419765201019,0.06440405582080411,2.0,1.6,0.3999999999999999,1.0,0.6,0.4,0.0,0.4,0.4,0.0,0.0,0.0,0.2571885468225426,0.2823573654458109,0.025168818623268308,0.7428114531774573,0.7176426345541891,0.025168818623268252
5,2,37,18,8,1261484.0,1260993.0,0.00038937567456758285,1.0,5.099999999999998,0,0.2,1.25,1.2142857142857142,0.03571428571428581,0.35714285714285715,0.32142857142857145,0.0357142857142857,0.6428571428571429,0.6785714285714286,0.0357142857142857,0.10714285714285714,0.10714285714285714,0.0,0.4608620793007022,0.43725873644523344,0.02360334285546878,0.5391379206992978,0.5627412635547666,0.023603342855468834,2.0,1.9,0.10000000000000009,1.0,0.9,0.09999999999999998,0.0,0.1,0.1,0.0,0.0,0.0,0.2571885468225426,0.265348764706907,0.008160217884364385,0.7428114531774573,0.734651235293093,0.008160217884364385
5,2,39,19,8,1261484.0,1244084.0,0.013986193858292527,0.25,4.274999999999995,0,0.2,1.25,1.3571428571428572,0.1071428571428572,0.35714285714285715,0.35714285714285715,0.0,0.6428571428571429,0.6428571428571429,0.0,0.10714285714285714,0.0,0.10714285714285714,0.4608620793007022,0.3579514597664952,0.10291061953420705,0.5391379206992978,0.6420485402335049,0.1029106195342071,2.0,2.0,0.0,1.0,1.0,0.0,0.0,0.0,0.0,0.0,0.0,0.0,0.2571885468225426,0.17594670063366122,0.08124184618888139,0.7428114531774573,0.8240532993663388,0.08124184618888142
6,3,8,4,7,1239200.0,1229294.0,0.008058283860492283,1.1428571428571428,11.342857142857156,0,0.2,1.5238095238095237,1.4761904761904763,0.04761904761904745,0.5238095238095238,0.47619047619047616,0.04761904761904767,0.47619047619047616,0.5238095238095238,0.04761904761904767,0.0,0.0,0.0,0.2720193443571416,0.26562388247676755,0.006395461880374043,0.7279806556428584,0.7343761175232325,0.006395461880374098,1.7333333333333334,2.0,0.2666666666666666,0.7333333333333333,1.0,0.2666666666666667,0.26666666666666666,0.0,0.26666666666666666,0.0,0.0,0.0,0.23016355562362886,0.16841925596839802,0.061744299655230844,0.7698364443763713,0.831580744031602,0.06174429965523065
6,3,10,5,7,1239200.0,1248490.0,0.0074967721110393805,1.1428571428571428,11.514285714285725,0,0.2,1.5238095238095237,1.4761904761904763,0.04761904761904745,0.5238095238095238,0.47619047619047616,0.04761904761904767,0.47619047619047616,0.5238095238095238,0.04761904761904767,0.0,0.0,0.0,0.2720193443571416,0.26841971815810495,0.003599626199036643,0.7279806556428584,0.731580281841895,0.003599626199036643,1.7333333333333334,2.0,0.2666666666666666,0.7333333333333333,1.0,0.2666666666666667,0.26666666666666666,0.0,0.26666666666666666,0.0,0.0,0.0,0.23016355562362886,0.17137003726995825,0.05879351835367061,0.7698364443763713,0.8286299627300417,0.058793518353670415
6,3,12,6,7,1239200.0,1236966.0,0.0018060318553622331,1.1428571428571428,7.48571428571429,0,0.2,1.5238095238095237,1.4761904761904763,0.04761904761904745,0.5238095238095238,0.47619047619047616,0.04761904761904767,0.47619047619047616,0.5238095238095238,0.04761904761904767,0.0,0.0,0.0,0.2720193443571416,0.33944059475270716,0.06742125039556557,0.7279806556428584,0.6605594052472927,0.06742125039556568,1.7333333333333334,1.6666666666666667,0.06666666666666665,0.7333333333333333,0.6666666666666666,0.06666666666666665,0.26666666666666666,0.3333333333333333,0.06666666666666665,0.0,0.0,0.0,0.23016355562362886,0.2735415331178627,0.04337797749423386,0.7698364443763713,0.7264584668821372,0.04337797749423411
6,3,14,7,7,1239200.0,1254971.0,0.012726759199483538,0.5714285714285714,1.200000000000013,0,0.2,1.5238095238095237,1.4761904761904763,0.04761904761904745,0.5238095238095238,0.47619047619047616,0.04761904761904767,0.47619047619047616,0.5238095238095238,0.04761904761904767,0.0,0.0,0.0,0.2720193443571416,0.28234402276803305,0.010324678410891464,0.7279806556428584,0.7176559772319668,0.010324678410891575,1.7333333333333334,1.6666666666666667,0.06666666666666665,0.7333333333333333,0.6666666666666666,0.06666666666666665,0.26666666666666666,0.3333333333333333,0.06666666666666665,0.0,0.0,0.0,0.23016355562362886,0.2398907968060476,0.009727241182418744,0.7698364443763713,0.7601092031939524,0.009727241182418966
6,3,16,8,7,1239200.0,1239020.0,0.00014527610530903456,2.0,10.057142857142862,0,0.2,1.5238095238095237,1.4761904761904763,0.04761904761904745,0.5238095238095238,0.47619047619047616,0.04761904761904767,0.47619047619047616,0.5238095238095238,0.04761904761904767,0.0,0.0,0.0,0.2720193443571416,0.3029177897475214,0.030898445390379836,0.7279806556428584,0.6970822102524786,0.03089844539037978,1.7333333333333334,2.0,0.2666666666666666,0.7333333333333333,1.0,0.2666666666666667,0.26666666666666666,0.0,0.26666666666666666,0.0,0.0,0.0,0.23016355562362886,0.20495250613168295,0.025211049491945914,0.7698364443763713,0.795047493868317,0.025211049491945636
6,3,18,9,7,1239200.0,1247055.0,0.006338766946417043,2.2857142857142856,5.2571428571428545,0,0.2,1.5238095238095237,1.619047619047619,0.09523809523809534,0.5238095238095238,0.6190476190476191,0.09523809523809523,0.47619047619047616,0.38095238095238093,0.09523809523809523,0.0,0.0,0.0,0.2720193443571416,0.18207302402112177,0.08994632033601982,0.7279806556428584,0.8179269759788781,0.08994632033601968,1.7333333333333334,2.0,0.2666666666666666,0.7333333333333333,1.0,0.2666666666666667,0.26666666666666666,0.0,0.26666666666666666,0.0,0.0,0.0,0.23016355562362886,0.1395236820844878,0.09063987353914107,0.7698364443763713,0.8604763179155122,0.09063987353914083
6,3,20,10,7,1239200.0,1249913.0,0.008645093608779858,1.1428571428571428,7.771428571428575,0,0.2,1.5238095238095237,1.4761904761904763,0.04761904761904745,0.5238095238095238,0.47619047619047616,0.04761904761904767,0.47619047619047616,0.5238095238095238,0.04761904761904767,0.0,0.0,0.0,0.2720193443571416,0.26353269985568273,0.008486644501458862,0.7279806556428584,0.736467300144317,0.00848664450145864,1.7333333333333334,2.0,0.2666666666666666,0.7333333333333333,1.0,0.2666666666666667,0.26666666666666666,0.0,0.26666666666666666,0.0,0.0,0.0,0.23016355562362886,0.15700443418668142,0.07315912143694744,0.7698364443763713,0.8429955658133185,0.07315912143694714
6,3,22,11,7,1239200.0,1240913.0,0.00138234344738541,1.4285714285714286,8.171428571428567,0,0.2,1.5238095238095237,1.4761904761904763,0.04761904761904745,0.5238095238095238,0.47619047619047616,0.04761904761904767,0.47619047619047616,0.5238095238095238,0.04761904761904767,0.0,0.0,0.0,0.2720193443571416,0.2517676421994196,0.020251702157721985,0.7279806556428584,0.7482323578005803,0.020251702157721874,1.7333333333333334,2.0,0.2666666666666666,0.7333333333333333,1.0,0.2666666666666667,0.26666666666666666,0.0,0.26666666666666666,0.0,0.0,0.0,0.23016355562362886,0.1738681817602041,0.05629537386342476,0.7698364443763713,0.8261318182397959,0.056295373863424536
6,3,24,12,7,1239200.0,1261586.0,0.018064880568108458,1.7142857142857142,4.942857142857144,0,0.2,1.5238095238095237,1.619047619047619,0.09523809523809534,0.5238095238095238,0.6190476190476191,0.09523809523809523,0.47619047619047616,0.38095238095238093,0.09523809523809523,0.0,0.0,0.0,0.2720193443571416,0.20057965402799643,0.07143969032914516,0.7279806556428584,0.7994203459720035,0.0714396903291451,1.7333333333333334,1.6666666666666667,0.06666666666666665,0.7333333333333333,0.6666666666666666,0.06666666666666665,0.26666666666666666,0.3333333333333333,0.06666666666666665,0.0,0.0,0.0,0.23016355562362886,0.2005099243973597,0.029653631226269156,0.7698364443763713,0.7994900756026401,0.02965363122626874
6,3,26,13,7,1239200.0,1251866.0,0.010221110393802453,2.0,7.085714285714277,0,0.2,1.5238095238095237,1.619047619047619,0.09523809523809534,0.5238095238095238,0.6190476190476191,0.09523809523809523,0.47619047619047616,0.38095238095238093,0.09523809523809523,0.0,0.0,0.0,0.2720193443571416,0.18717126015080768,0.08484808420633391,0.7279806556428584,0.8128287398491922,0.08484808420633383,1.7333333333333334,1.6666666666666667,0.06666666666666665,0.7333333333333333,0.6666666666666666,0.06666666666666665,0.26666666666666666,0.3333333333333333,0.06666666666666665,0.0,0.0,0.0,0.23016355562362886,0.17040111015229228,0.05976244547133658,0.7698364443763713,0.8295988898477077,0.059762445471336356
6,3,28,14,7,1239200.0,1244175.0,0.00401468689477082,0.8571428571428571,6.028571428571428,0,0.2,1.5238095238095237,1.5238095238095237,0.0,0.5238095238095238,0.5238095238095238,0.0,0.47619047619047616,0.47619047619047616,0.0,0.0,0.0,0.0,0.2720193443571416,0.32739689143498746,0.05537754707784587,0.7279806556428584,0.6726031085650126,0.05537754707784581,1.7333333333333334,1.7333333333333334,0.0,0.7333333333333333,0.7333333333333333,0.0,0.26666666666666666,0.26666666666666666,0.0,0.0,0.0,0.0,0.23016355562362886,0.2732937365632947,0.043130180939665835,0.7698364443763713,0.7267062634367054,0.04313018093966592
6,3,30,15,7,1239200.0,1249358.0,0.008197224015493868,1.4285714285714286,8.142857142857137,0,0.2,1.5238095238095237,1.5714285714285714,0.04761904761904767,0.5238095238095238,0.5714285714285714,0.04761904761904756,0.47619047619047616,0.42857142857142855,0.047619047619047616,0.0,0.0,0.0,0.2720193443571416,0.301756512518543,0.02973716816140143,0.7279806556428584,0.698243487481457,0.029737168161401373,1.7333333333333334,1.5714285714285714,0.161904761904762,0.7333333333333333,0.5714285714285714,0.16190476190476188,0.26666666666666666,0.42857142857142855,0.16190476190476188,0.0,0.0,0.0,0.23016355562362886,0.301756512518543,0.07159295689491416,0.7698364443763713,0.698243487481457,0.0715929568949143
6,3,32,16,7,1239200.0,1244383.0,0.004182537120723047,1.4285714285714286,4.942857142857143,0,0.2,1.5238095238095237,1.6666666666666667,0.14285714285714302,0.5238095238095238,0.6666666666666666,0.1428571428571428,0.47619047619047616,0.3333333333333333,0.14285714285714285,0.0,0.0,0.0,0.2720193443571416,0.15828626263374707,0.11373308172339452,0.7279806556428584,0.841713737366253,0.11373308172339458,1.7333333333333334,2.0,0.2666666666666666,0.7333333333333333,1.0,0.2666666666666667,0.26666666666666666,0.0,0.26666666666666666,0.0,0.0,0.0,0.23016355562362886,0.10967900842693548,0.12048454719669338,0.7698364443763713,0.8903209915730645,0.12048454719669321
6,3,34,17,7,1239200.0,1248876.0,0.007808263395739186,2.0,7.6571428571428495,0,0.2,1.5238095238095237,1.5714285714285714,0.04761904761904767,0.5238095238095238,0.5714285714285714,0.04761904761904756,0.47619047619047616,0.42857142857142855,0.047619047619047616,0.0,0.0,0.0,0.2720193443571416,0.2404159231567015,0.0316034212004401,0.7279806556428584,0.7595840768432984,0.03160342120044002,1.7333333333333334,2.0,0.2666666666666666,0.7333333333333333,1.0,0.2666666666666667,0.26666666666666666,0.0,0.26666666666666666,0.0,0.0,0.0,0.23016355562362886,0.17701459413649215,0.053148961487136714,0.7698364443763713,0.8229854058635079,0.05314896148713655
6,3,36,18,7,1239200.0,1244191.0,0.004027598450613299,1.4285714285714286,2.2285714285714278,0,0.2,1.5238095238095237,1.6666666666666667,0.14285714285714302,0.5238095238095238,0.6666666666666666,0.1428571428571428,0.47619047619047616,0.3333333333333333,0.14285714285714285,0.0,0.0,0.0,0.2720193443571416,0.204433439526499,0.06758590483064258,0.7279806556428584,0.7955665604735012,0.06758590483064275,1.7333333333333334,1.9333333333333333,0.19999999999999996,0.7333333333333333,0.9333333333333333,0.20000000000000007,0.26666666666666666,0.06666666666666667,0.2,0.0,0.0,0.0,0.23016355562362886,0.15366199986457524,0.07650155575905362,0.7698364443763713,0.8463380001354247,0.07650155575905337
6,3,38,19,7,1239200.0,1244383.0,0.004182537120723047,1.4285714285714286,2.5999999999999983,0,0.2,1.5238095238095237,1.6666666666666667,0.14285714285714302,0.5238095238095238,0.6666666666666666,0.1428571428571428,0.47619047619047616,0.3333333333333333,0.14285714285714285,0.0,0.0,0.0,0.2720193443571416,0.19689298789020238,0.07512635646693921,0.7279806556428584,0.8031070121097976,0.07512635646693921,1.7333333333333334,1.9333333333333333,0.19999999999999996,0.7333333333333333,0.9333333333333333,0.20000000000000007,0.26666666666666666,0.06666666666666667,0.2,0.0,0.0,0.0,0.23016355562362886,0.15033961183454148,0.07982394378908739,0.7698364443763713,0.8496603881654585,0.07982394378908719
7,3,9,4,8,1262365.0,1268134.0,0.004569993623080488,0.75,8.800000000000006,0,0.2,1.2142857142857142,1.2142857142857142,0.0,0.32142857142857145,0.32142857142857145,0.0,0.6785714285714286,0.6785714285714286,0.0,0.10714285714285714,0.10714285714285714,0.0,0.434058623462218,0.43712092200857494,0.003062298546356923,0.565941376537782,0.5628790779914251,0.0030622985463568675,1.6,1.9,0.2999999999999998,0.6,0.9,0.30000000000000004,0.4,0.1,0.30000000000000004,0.0,0.0,0.0,0.3133845424747111,0.2561949810380306,0.05718956143668047,0.686615457525289,0.7438050189619694,0.057189561436680414
7,3,11,5,8,1262365.0,1264368.0,0.0015867043208580719,1.75,9.099999999999996,0,0.2,1.2142857142857142,1.25,0.03571428571428581,0.32142857142857145,0.35714285714285715,0.0357142857142857,0.6785714285714286,0.6428571428571429,0.0357142857142857,0.10714285714285714,0.10714285714285714,0.0,0.434058623462218,0.4331406337081705,0.000917989754047499,0.565941376537782,0.5668593662918295,0.0009179897540475546,1.6,1.6666666666666667,0.06666666666666665,0.6,0.6666666666666666,0.06666666666666665,0.4,0.3333333333333333,0.06666666666666671,0.0,0.0,0.0,0.3133845424747111,0.31328334467417546,0.0001011978005356351,0.686615457525289,0.6867166553258245,0.00010119780053552407
7,3,13,6,8,1262365.0,1273615.0,0.008911844038768503,0.25,1.6000000000000094,0,0.2,1.2142857142857142,1.25,0.03571428571428581,0.32142857142857145,0.32142857142857145,0.0,0.6785714285714286,0.6785714285714286,0.0,0.10714285714285714,0.07142857142857142,0.03571428571428571,0.434058623462218,0.4402185814508529,0.00615995798863489,0.565941376537782,0.5597814185491471,0.00615995798863489,1.6,1.6,0.0,0.6,0.6,0.0,0.4,0.4,0.0,0.0,0.0,0.0,0.3133845424747111,0.32665915408750634,0.01327461161279525,0.686615457525289,0.6733408459124937,0.013274611612795306
7,3,15,7,8,1262365.0,1259973.0,0.001898453379556546,1.0,7.500000000000011,0,0.2,1.2142857142857142,1.3214285714285714,0.1071428571428572,0.32142857142857145,0.35714285714285715,0.0357142857142857,0.6785714285714286,0.6428571428571429,0.0357142857142857,0.10714285714285714,0.03571428571428571,0.07142857142857142,0.434058623462218,0.3770583585631413,0.057000264899076725,0.565941376537782,0.6229416414368586,0.057000264899076614,1.6,2.0,0.3999999999999999,0.6,1.0,0.4,0.4,0.0,0.4,0.0,0.0,0.0,0.3133845424747111,0.19134621658578688,0.12203832588892422,0.686615457525289,0.8086537834142131,0.12203832588892416
7,3,17,8,8,1262365.0,1248724.0,0.010923951169353676,1.5,8.150000000000002,0,0.2,1.2142857142857142,1.25,0.03571428571428581,0.32142857142857145,0.35714285714285715,0.0357142857142857,0.6785714285714286,0.6428571428571429,0.0357142857142857,0.10714285714285714,0.10714285714285714,0.0,0.434058623462218,0.4024240728244681,0.03163455063774989,0.565941376537782,0.597575927175532,0.03163455063775,1.6,2.0,0.3999999999999999,0.6,1.0,0.4,0.4,0.0,0.4,0.0,0.0,0.0,0.3133845424747111,0.20217484582129783,0.11120969665341326,0.686615457525289,0.797825154178702,0.11120969665341307
7,3,19,9,8,1262365.0,1273033.0,0.008450804640496211,0.75,3.3750000000000036,0,0.2,1.2142857142857142,1.25,0.03571428571428581,0.32142857142857145,0.32142857142857145,0.0,0.6785714285714286,0.6785714285714286,0.0,0.10714285714285714,0.07142857142857142,0.03571428571428571,0.434058623462218,0.4267716348423857,0.007286988619832291,0.565941376537782,0.5732283651576144,0.007286988619832457,1.6,1.4285714285714286,0.17142857142857149,0.6,0.42857142857142855,0.17142857142857143,0.4,0.5714285714285714,0.17142857142857137,0.0,0.0,0.0,0.3133845424747111,0.37577042494183494,0.06238588246712384,0.686615457525289,0.6242295750581651,0.06238588246712384
7,3,21,10,8,1262365.0,1274465.0,0.009585183366142122,1.75,9.60000000000001,0,0.2,1.2142857142857142,1.25,0.03571428571428581,0.32142857142857145,0.35714285714285715,0.0357142857142857,0.6785714285714286,0.6428571428571429,0.0357142857142857,0.10714285714285714,0.10714285714285714,0.0,0.434058623462218,0.37365528164279693,0.060403341819421086,0.565941376537782,0.626344718357203,0.060403341819420975,1.6,2.0,0.3999999999999999,0.6,1.0,0.4,0.4,0.0,0.4,0.0,0.0,0.0,0.3133845424747111,0.19343594968437822,0.11994859279033288,0.686615457525289,0.806564050315622,0.11994859279033299
7,3,23,11,8,1262365.0,1271035.0,0.006868061139210926,0.5,4.100000000000011,0,0.2,1.2142857142857142,1.25,0.03571428571428581,0.32142857142857145,0.32142857142857145,0.0,0.6785714285714286,0.6785714285714286,0.0,0.10714285714285714,0.07142857142857142,0.03571428571428571,0.434058623462218,0.421686375269139,0.012372248193079027,0.565941376537782,0.578313624730861,0.012372248193079027,1.6,1.6,0.0,0.6,0.6,0.0,0.4,0.4,0.0,0.0,0.0,0.0,0.3133845424747111,0.3112298482778264,0.0021546941968846878,0.686615457525289,0.6887701517221737,0.0021546941968847433
7,3,25,12,8,1262365.0,1270292.0,0.006279483350694926,0.25,3.350000000000003,0,0.2,1.2142857142857142,1.2857142857142858,0.07142857142857162,0.32142857142857145,0.32142857142857145,0.0,0.6785714285714286,0.6785714285714286,0.0,0.10714285714285714,0.03571428571428571,0.07142857142857142,0.434058623462218,0.42533487350960286,0.008723749952615156,0.565941376537782,0.574665126490397,0.008723749952615045,1.6,1.6,0.0,0.6,0.6,0.0,0.4,0.4,0.0,0.0,0.0,0.0,0.3133845424747111,0.3039301020458026,0.009454440428908473,0.686615457525289,0.6960698979541974,0.009454440428908417
7,3,27,13,8,1262365.0,1270571.0,0.006500497082856385,1.0,5.85000000000001,0,0.2,1.2142857142857142,1.25,0.03571428571428581,0.32142857142857145,0.32142857142857145,0.0,0.6785714285714286,0.6785714285714286,0.0,0.10714285714285714,0.07142857142857142,0.03571428571428571,0.434058623462218,0.38496159354861953,0.04909702991359849,0.565941376537782,0.6150384064513804,0.04909702991359843,1.6,1.6,0.0,0.6,0.6,0.0,0.4,0.4,0.0,0.0,0.0,0.0,0.3133845424747111,0.2632366654410493,0.0501478770336618,0.686615457525289,0.7367633345589508,0.05014787703366186
7,3,29,14,8,1262365.0,1263846.0,0.0011731947574592134,1.0,5.975000000000012,0,0.2,1.2142857142857142,1.2142857142857142,0.0,0.32142857142857145,0.32142857142857145,0.0,0.6785714285714286,0.6785714285714286,0.0,0.10714285714285714,0.10714285714285714,0.0,0.434058623462218,0.42722705645446774,0.006831567007750283,0.565941376537782,0.5727729435455322,0.006831567007750228,1.6,1.9,0.2999999999999998,0.6,0.9,0.30000000000000004,0.4,0.1,0.30000000000000004,0.0,0.0,0.0,0.3133845424747111,0.22992304296498137,0.08346149950972973,0.686615457525289,0.7700769570350186,0.08346149950972959
7,3,31,15,8,1262365.0,1266770.0,0.003489482043624467,1.0,7.25000000000001,0,0.2,1.2142857142857142,1.2142857142857142,0.0,0.32142857142857145,0.32142857142857145,0.0,0.6785714285714286,0.6785714285714286,0.0,0.10714285714285714,0.10714285714285714,0.0,0.434058623462218,0.41825976417769367,0.015798859284524347,0.565941376537782,0.5817402358223063,0.01579885928452429,1.6,1.9,0.2999999999999998,0.6,0.9,0.30000000000000004,0.4,0.1,0.30000000000000004,0.0,0.0,0.0,0.3133845424747111,0.24437510360888806,0.06900943886582303,0.686615457525289,0.755624896391112,0.069009438865823
7,3,33,16,8,1262365.0,1270167.0,0.006180462861375276,0.25,1.4749999999999988,0,0.2,1.2142857142857142,1.25,0.03571428571428581,0.32142857142857145,0.32142857142857145,0.0,0.6785714285714286,0.6785714285714286,0.0,0.10714285714285714,0.07142857142857142,0.03571428571428571,0.434058623462218,0.4302807025779582,0.003777920884259822,0.565941376537782,0.5697192974220419,0.0037779208842598777,1.6,1.6,0.0,0.6,0.6,0.0,0.4,0.4,0.0,0.0,0.0,0.0,0.3133845424747111,0.3190775776345557,0.005693035159844595,0.686615457525289,0.6809224223654443,0.0056930351598446505
7,3,35,17,8,1262365.0,1266542.0,0.003308868671105425,1.5,4.975000000000008,0,0.2,1.2142857142857142,1.25,0.03571428571428581,0.32142857142857145,0.32142857142857145,0.0,0.6785714285714286,0.6785714285714286,0.0,0.10714285714285714,0.07142857142857142,0.03571428571428571,0.434058623462218,0.39645802347989817,0.03760059998231985,0.565941376537782,0.6035419765201019,0.037600599982319904,1.6,1.6,0.0,0.6,0.6,0.0,0.4,0.4,0.0,0.0,0.0,0.0,0.3133845424747111,0.2823573654458109,0.031027177028900177,0.686615457525289,0.7176426345541891,0.03102717702890012
7,3,37,18,8,1262365.0,1260993.0,0.0010880314165106389,1.25,13.025000000000004,0,0.2,1.2142857142857142,1.2142857142857142,0.0,0.32142857142857145,0.32142857142857145,0.0,0.6785714285714286,0.6785714285714286,0.0,0.10714285714285714,0.10714285714285714,0.0,0.434058623462218,0.43725873644523344,0.003200112983015424,0.565941376537782,0.5627412635547666,0.0032001129830153685,1.6,1.9,0.2999999999999998,0.6,0.9,0.30000000000000004,0.4,0.1,0.30000000000000004,0.0,0.0,0.0,0.3133845424747111,0.265348764706907,0.0480357777678041,0.686615457525289,0.734651235293093,0.04803577776780399
7,3,39,19,8,1262365.0,1244084.0,0.014694345397899176,1.5,9.925000000000008,0,0.2,1.2142857142857142,1.3571428571428572,0.14285714285714302,0.32142857142857145,0.35714285714285715,0.0357142857142857,0.6785714285714286,0.6428571428571429,0.0357142857142857,0.10714285714285714,0.0,0.10714285714285714,0.434058623462218,0.3579514597664952,0.07610716369572285,0.565941376537782,0.6420485402335049,0.0761071636957229,1.6,2.0,0.3999999999999999,0.6,1.0,0.4,0.4,0.0,0.4,0.0,0.0,0.0,0.3133845424747111,0.17594670063366122,0.13743784184104987,0.686615457525289,0.8240532993663388,0.1374378418410498
8,4,10,5,7,1229294.0,1248490.0,0.01561546708923984,0.5714285714285714,2.6571428571428624,0,0.2,1.4761904761904763,1.4761904761904763,0.0,0.47619047619047616,0.47619047619047616,0.0,0.5238095238095238,0.5238095238095238,0.0,0.0,0.0,0.0,0.26562388247676755,0.26841971815810495,0.0027958356813373997,0.7343761175232325,0.731580281841895,0.002795835681337455,2.0,2.0,0.0,1.0,1.0,0.0,0.0,0.0,0.0,0.0,0.0,0.0,0.16841925596839802,0.17137003726995825,0.0029507813015602347,0.831580744031602,0.8286299627300417,0.0029507813015602347
8,4,12,6,7,1229294.0,1236966.0,0.006240980595366121,1.4285714285714286,8.514285714285723,0,0.2,1.4761904761904763,1.4761904761904763,0.0,0.47619047619047616,0.47619047619047616,0.0,0.5238095238095238,0.5238095238095238,0.0,0.0,0.0,0.0,0.26562388247676755,0.33944059475270716,0.07381671227593961,0.7343761175232325,0.6605594052472927,0.07381671227593978,2.0,1.6666666666666667,0.33333333333333326,1.0,0.6666666666666666,0.33333333333333337,0.0,0.3333333333333333,0.3333333333333333,0.0,0.0,0.0,0.16841925596839802,0.2735415331178627,0.1051222771494647,0.831580744031602,0.7264584668821372,0.10512227714946476
8,4,16,8,7,1229294.0,1239020.0,0.007911858351216227,1.4285714285714286,4.628571428571433,0,0.2,1.4761904761904763,1.4761904761904763,0.0,0.47619047619047616,0.47619047619047616,0.0,0.5238095238095238,0.5238095238095238,0.0,0.0,0.0,0.0,0.26562388247676755,0.3029177897475214,0.03729390727075388,0.7343761175232325,0.6970822102524786,0.03729390727075388,2.0,2.0,0.0,1.0,1.0,0.0,0.0,0.0,0.0,0.0,0.0,0.0,0.16841925596839802,0.20495250613168295,0.03653325016328493,0.831580744031602,0.795047493868317,0.036533250163285014
8,4,18,9,7,1229294.0,1247055.0,0.01444813039028906,1.4285714285714286,9.571428571428584,0,0.2,1.4761904761904763,1.619047619047619,0.1428571428571428,0.47619047619047616,0.6190476190476191,0.1428571428571429,0.5238095238095238,0.38095238095238093,0.1428571428571429,0.0,0.0,0.0,0.26562388247676755,0.18207302402112177,0.08355085845564578,0.7343761175232325,0.8179269759788781,0.08355085845564558,2.0,2.0,0.0,1.0,1.0,0.0,0.0,0.0,0.0,0.0,0.0,0.0,0.16841925596839802,0.1395236820844878,0.02889557388391023,0.831580744031602,0.8604763179155122,0.028895573883910175
8,4,20,10,7,1229294.0,1249913.0,0.016773042087572215,0.8571428571428571,5.857142857142851,0,0.2,1.4761904761904763,1.4761904761904763,0.0,0.47619047619047616,0.47619047619047616,0.0,0.5238095238095238,0.5238095238095238,0.0,0.0,0.0,0.0,0.26562388247676755,0.26353269985568273,0.0020911826210848194,0.7343761175232325,0.736467300144317,0.002091182621084542,2.0,2.0,0.0,1.0,1.0,0.0,0.0,0.0,0.0,0.0,0.0,0.0,0.16841925596839802,0.15700443418668142,0.0114148217817166,0.831580744031602,0.8429955658133185,0.011414821781716489
8,4,22,11,7,1229294.0,1240913.0,0.009451766623769415,1.1428571428571428,3.942857142857141,0,0.2,1.4761904761904763,1.4761904761904763,0.0,0.47619047619047616,0.47619047619047616,0.0,0.5238095238095238,0.5238095238095238,0.0,0.0,0.0,0.0,0.26562388247676755,0.2517676421994196,0.013856240277347942,0.7343761175232325,0.7482323578005803,0.013856240277347776,2.0,2.0,0.0,1.0,1.0,0.0,0.0,0.0,0.0,0.0,0.0,0.0,0.16841925596839802,0.1738681817602041,0.005448925791806086,0.831580744031602,0.8261318182397959,0.005448925791806114
8,4,26,13,7,1229294.0,1251866.0,0.018361758863217423,1.1428571428571428,7.51428571428571,0,0.2,1.4761904761904763,1.619047619047619,0.1428571428571428,0.47619047619047616,0.6190476190476191,0.1428571428571429,0.5238095238095238,0.38095238095238093,0.1428571428571429,0.0,0.0,0.0,0.26562388247676755,0.18717126015080768,0.07845262232595987,0.7343761175232325,0.8128287398491922,0.07845262232595973,2.0,1.6666666666666667,0.33333333333333326,1.0,0.6666666666666666,0.33333333333333337,0.0,0.3333333333333333,0.3333333333333333,0.0,0.0,0.0,0.16841925596839802,0.17040111015229228,0.001981854183894266,0.831580744031602,0.8295988898477077,0.001981854183894294
8,4,28,14,7,1229294.0,1244175.0,0.012105322241872165,2.0,13.828571428571427,0,0.2,1.4761904761904763,1.5238095238095237,0.04761904761904745,0.47619047619047616,0.5238095238095238,0.04761904761904767,0.5238095238095238,0.47619047619047616,0.04761904761904767,0.0,0.0,0.0,0.26562388247676755,0.32739689143498746,0.06177300895821991,0.7343761175232325,0.6726031085650126,0.06177300895821991,2.0,1.7333333333333334,0.2666666666666666,1.0,0.7333333333333333,0.2666666666666667,0.0,0.26666666666666666,0.26666666666666666,0.0,0.0,0.0,0.16841925596839802,0.2732937365632947,0.10487448059489668,0.831580744031602,0.7267062634367054,0.10487448059489657
8,4,30,15,7,1229294.0,1249358.0,0.016321563433971044,1.7142857142857142,14.885714285714284,0,0.2,1.4761904761904763,1.5714285714285714,0.09523809523809512,0.47619047619047616,0.5714285714285714,0.09523809523809523,0.5238095238095238,0.42857142857142855,0.09523809523809529,0.0,0.0,0.0,0.26562388247676755,0.301756512518543,0.03613263004177547,0.7343761175232325,0.698243487481457,0.03613263004177547,2.0,1.5714285714285714,0.4285714285714286,1.0,0.5714285714285714,0.4285714285714286,0.0,0.42857142857142855,0.42857142857142855,0.0,0.0,0.0,0.16841925596839802,0.301756512518543,0.133337256550145,0.831580744031602,0.698243487481457,0.13333725655014494
8,4,32,16,7,1229294.0,1244383.0,0.012274525052591162,1.1428571428571428,9.571428571428584,0,0.2,1.4761904761904763,1.6666666666666667,0.19047619047619047,0.47619047619047616,0.6666666666666666,0.19047619047619047,0.5238095238095238,0.3333333333333333,0.19047619047619052,0.0,0.0,0.0,0.26562388247676755,0.15828626263374707,0.10733761984302048,0.7343761175232325,0.841713737366253,0.10733761984302048,2.0,2.0,0.0,1.0,1.0,0.0,0.0,0.0,0.0,0.0,0.0,0.0,0.16841925596839802,0.10967900842693548,0.05874024754146254,0.831580744031602,0.8903209915730645,0.058740247541462565
8,4,34,17,7,1229294.0,1248876.0,0.01592946845913183,1.7142857142857142,14.142857142857142,0,0.2,1.4761904761904763,1.5714285714285714,0.09523809523809512,0.47619047619047616,0.5714285714285714,0.09523809523809523,0.5238095238095238,0.42857142857142855,0.09523809523809529,0.0,0.0,0.0,0.26562388247676755,0.2404159231567015,0.02520795932006606,0.7343761175232325,0.7595840768432984,0.02520795932006592,2.0,2.0,0.0,1.0,1.0,0.0,0.0,0.0,0.0,0.0,0.0,0.0,0.16841925596839802,0.17701459413649215,0.00859533816809413,0.831580744031602,0.8229854058635079,0.008595338168094102
8,4,36,18,7,1229294.0,1244191.0,0.012118337842696702,1.7142857142857142,11.028571428571427,0,0.2,1.4761904761904763,1.6666666666666667,0.19047619047619047,0.47619047619047616,0.6666666666666666,0.19047619047619047,0.5238095238095238,0.3333333333333333,0.19047619047619052,0.0,0.0,0.0,0.26562388247676755,0.204433439526499,0.06119044295026854,0.7343761175232325,0.7955665604735012,0.06119044295026865,2.0,1.9333333333333333,0.06666666666666665,1.0,0.9333333333333333,0.06666666666666665,0.0,0.06666666666666667,0.06666666666666667,0.0,0.0,0.0,0.16841925596839802,0.15366199986457524,0.01475725610382278,0.831580744031602,0.8463380001354247,0.014757256103822725
8,4,38,19,7,1229294.0,1244383.0,0.012274525052591162,1.4285714285714286,11.028571428571436,0,0.2,1.4761904761904763,1.6666666666666667,0.19047619047619047,0.47619047619047616,0.6666666666666666,0.19047619047619047,0.5238095238095238,0.3333333333333333,0.19047619047619052,0.0,0.0,0.0,0.26562388247676755,0.19689298789020238,0.06873089458656517,0.7343761175232325,0.8031070121097976,0.06873089458656512,2.0,1.9333333333333333,0.06666666666666665,1.0,0.9333333333333333,0.06666666666666665,0.0,0.06666666666666667,0.06666666666666667,0.0,0.0,0.0,0.16841925596839802,0.15033961183454148,0.018079644133856543,0.831580744031602,0.8496603881654585,0.018079644133856543
9,4,11,5,8,1268134.0,1264368.0,0.0029785632031180797,1.25,3.4499999999999993,0,0.2,1.2142857142857142,1.25,0.03571428571428581,0.32142857142857145,0.35714285714285715,0.0357142857142857,0.6785714285714286,0.6428571428571429,0.0357142857142857,0.10714285714285714,0.10714285714285714,0.0,0.43712092200857494,0.4331406337081705,0.003980288300404422,0.5628790779914251,0.5668593662918295,0.003980288300404422,1.9,1.6666666666666667,0.23333333333333317,0.9,0.6666666666666666,0.2333333333333334,0.1,0.3333333333333333,0.2333333333333333,0.0,0.0,0.0,0.2561949810380306,0.31328334467417546,0.057088363636144834,0.7438050189619694,0.6867166553258245,0.05708836363614489
9,4,13,6,8,1268134.0,1273615.0,0.0043220984533180245,1.0,7.8250000000000055,0,0.2,1.2142857142857142,1.25,0.03571428571428581,0.32142857142857145,0.32142857142857145,0.0,0.6785714285714286,0.6785714285714286,0.0,0.10714285714285714,0.07142857142857142,0.03571428571428571,0.43712092200857494,0.4402185814508529,0.003097659442277967,0.5628790779914251,0.5597814185491471,0.0030976594422780224,1.9,1.6,0.2999999999999998,0.9,0.6,0.30000000000000004,0.1,0.4,0.30000000000000004,0.0,0.0,0.0,0.2561949810380306,0.32665915408750634,0.07046417304947572,0.7438050189619694,0.6733408459124937,0.07046417304947572
9,4,15,7,8,1268134.0,1259973.0,0.006477122922475323,1.25,6.424999999999999,0,0.2,1.2142857142857142,1.3214285714285714,0.1071428571428572,0.32142857142857145,0.35714285714285715,0.0357142857142857,0.6785714285714286,0.6428571428571429,0.0357142857142857,0.10714285714285714,0.03571428571428571,0.07142857142857142,0.43712092200857494,0.3770583585631413,0.06006256344543365,0.5628790779914251,0.6229416414368586,0.06006256344543348,1.9,2.0,0.10000000000000009,0.9,1.0,0.09999999999999998,0.1,0.0,0.1,0.0,0.0,0.0,0.2561949810380306,0.19134621658578688,0.06484876445224375,0.7438050189619694,0.8086537834142131,0.06484876445224375
9,4,17,8,8,1268134.0,1248724.0,0.015543867179616953,1.5,4.100000000000007,0,0.2,1.2142857142857142,1.25,0.03571428571428581,0.32142857142857145,0.35714285714285715,0.0357142857142857,0.6785714285714286,0.6428571428571429,0.0357142857142857,0.10714285714285714,0.10714285714285714,0.0,0.43712092200857494,0.4024240728244681,0.034696849184106815,0.5628790779914251,0.597575927175532,0.03469684918410687,1.9,2.0,0.10000000000000009,0.9,1.0,0.09999999999999998,0.1,0.0,0.1,0.0,0.0,0.0,0.2561949810380306,0.20217484582129783,0.054020135216732795,0.7438050189619694,0.797825154178702,0.054020135216732657
9,4,19,9,8,1268134.0,1273033.0,0.0038631564172240474,0.5,8.124999999999998,0,0.2,1.2142857142857142,1.25,0.03571428571428581,0.32142857142857145,0.32142857142857145,0.0,0.6785714285714286,0.6785714285714286,0.0,0.10714285714285714,0.07142857142857142,0.03571428571428571,0.43712092200857494,0.4267716348423857,0.010349287166189214,0.5628790779914251,0.5732283651576144,0.010349287166189325,1.9,1.4285714285714286,0.4714285714285713,0.9,0.42857142857142855,0.4714285714285715,0.1,0.5714285714285714,0.4714285714285714,0.0,0.0,0.0,0.2561949810380306,0.37577042494183494,0.11957544390380431,0.7438050189619694,0.6242295750581651,0.11957544390380426
9,4,21,10,8,1268134.0,1274465.0,0.0049923746228710845,1.75,4.075000000000006,0,0.2,1.2142857142857142,1.25,0.03571428571428581,0.32142857142857145,0.35714285714285715,0.0357142857142857,0.6785714285714286,0.6428571428571429,0.0357142857142857,0.10714285714285714,0.10714285714285714,0.0,0.43712092200857494,0.37365528164279693,0.06346564036577801,0.5628790779914251,0.626344718357203,0.06346564036577784,1.9,2.0,0.10000000000000009,0.9,1.0,0.09999999999999998,0.1,0.0,0.1,0.0,0.0,0.0,0.2561949810380306,0.19343594968437822,0.0627590313536524,0.7438050189619694,0.806564050315622,0.06275903135365257
9,4,23,11,8,1268134.0,1271035.0,0.0022876131386746195,1.0,7.999999999999999,0,0.2,1.2142857142857142,1.25,0.03571428571428581,0.32142857142857145,0.32142857142857145,0.0,0.6785714285714286,0.6785714285714286,0.0,0.10714285714285714,0.07142857142857142,0.03571428571428571,0.43712092200857494,0.421686375269139,0.01543454673943595,0.5628790779914251,0.578313624730861,0.015434546739435895,1.9,1.6,0.2999999999999998,0.9,0.6,0.30000000000000004,0.1,0.4,0.30000000000000004,0.0,0.0,0.0,0.2561949810380306,0.3112298482778264,0.05503486723979578,0.7438050189619694,0.6887701517221737,0.05503486723979567
9,4,25,12,8,1268134.0,1270292.0,0.0017017129104652977,1.0,6.625000000000007,0,0.2,1.2142857142857142,1.2857142857142858,0.07142857142857162,0.32142857142857145,0.32142857142857145,0.0,0.6785714285714286,0.6785714285714286,0.0,0.10714285714285714,0.03571428571428571,0.07142857142857142,0.43712092200857494,0.42533487350960286,0.01178604849897208,0.5628790779914251,0.574665126490397,0.011786048498971913,1.9,1.6,0.2999999999999998,0.9,0.6,0.30000000000000004,0.1,0.4,0.30000000000000004,0.0,0.0,0.0,0.2561949810380306,0.3039301020458026,0.047735121007772,0.7438050189619694,0.6960698979541974,0.047735121007772
9,4,27,13,8,1268134.0,1270571.0,0.0019217212061185963,1.5,9.324999999999998,0,0.2,1.2142857142857142,1.25,0.03571428571428581,0.32142857142857145,0.32142857142857145,0.0,0.6785714285714286,0.6785714285714286,0.0,0.10714285714285714,0.07142857142857142,0.03571428571428571,0.43712092200857494,0.38496159354861953,0.05215932845995541,0.5628790779914251,0.6150384064513804,0.0521593284599553,1.9,1.6,0.2999999999999998,0.9,0.6,0.30000000000000004,0.1,0.4,0.30000000000000004,0.0,0.0,0.0,0.2561949810380306,0.2632366654410493,0.0070416844030186665,0.7438050189619694,0.7367633345589508,0.0070416844030185555
9,4,29,14,8,1268134.0,1263846.0,0.003392818428827563,0.75,3.299999999999999,0,0.2,1.2142857142857142,1.2142857142857142,0.0,0.32142857142857145,0.32142857142857145,0.0,0.6785714285714286,0.6785714285714286,0.0,0.10714285714285714,0.10714285714285714,0.0,0.43712092200857494,0.42722705645446774,0.009893865554107206,0.5628790779914251,0.5727729435455322,0.009893865554107095,1.9,1.9,0.0,0.9,0.9,0.0,0.1,0.1,0.0,0.0,0.0,0.0,0.2561949810380306,0.22992304296498137,0.026271938073049256,0.7438050189619694,0.7700769570350186,0.026271938073049173
9,4,31,15,8,1268134.0,1266770.0,0.0010767542647836623,0.5,3.6499999999999977,0,0.2,1.2142857142857142,1.2142857142857142,0.0,0.32142857142857145,0.32142857142857145,0.0,0.6785714285714286,0.6785714285714286,0.0,0.10714285714285714,0.10714285714285714,0.0,0.43712092200857494,0.41825976417769367,0.01886115783088127,0.5628790779914251,0.5817402358223063,0.01886115783088116,1.9,1.9,0.0,0.9,0.9,0.0,0.1,0.1,0.0,0.0,0.0,0.0,0.2561949810380306,0.24437510360888806,0.011819877429142561,0.7438050189619694,0.755624896391112,0.011819877429142589
9,4,33,16,8,1268134.0,1270167.0,0.0016031428855310243,1.0,8.875000000000004,0,0.2,1.2142857142857142,1.25,0.03571428571428581,0.32142857142857145,0.32142857142857145,0.0,0.6785714285714286,0.6785714285714286,0.0,0.10714285714285714,0.07142857142857142,0.03571428571428571,0.43712092200857494,0.4302807025779582,0.006840219430616745,0.5628790779914251,0.5697192974220419,0.006840219430616745,1.9,1.6,0.2999999999999998,0.9,0.6,0.30000000000000004,0.1,0.4,0.30000000000000004,0.0,0.0,0.0,0.2561949810380306,0.3190775776345557,0.06288259659652506,0.7438050189619694,0.6809224223654443,0.06288259659652506
9,4,35,17,8,1268134.0,1266542.0,0.0012569658171620048,1.0,7.7250000000000005,0,0.2,1.2142857142857142,1.25,0.03571428571428581,0.32142857142857145,0.32142857142857145,0.0,0.6785714285714286,0.6785714285714286,0.0,0.10714285714285714,0.07142857142857142,0.03571428571428571,0.43712092200857494,0.39645802347989817,0.04066289852867677,0.5628790779914251,0.6035419765201019,0.04066289852867677,1.9,1.6,0.2999999999999998,0.9,0.6,0.30000000000000004,0.1,0.4,0.30000000000000004,0.0,0.0,0.0,0.2561949810380306,0.2823573654458109,0.026162384407780293,0.7438050189619694,0.7176426345541891,0.026162384407780293
9,4,37,18,8,1268134.0,1260993.0,0.005662997336226291,0.75,4.42500000000001,0,0.2,1.2142857142857142,1.2142857142857142,0.0,0.32142857142857145,0.32142857142857145,0.0,0.6785714285714286,0.6785714285714286,0.0,0.10714285714285714,0.10714285714285714,0.0,0.43712092200857494,0.43725873644523344,0.00013781443665850102,0.5628790779914251,0.5627412635547666,0.00013781443665850102,1.9,1.9,0.0,0.9,0.9,0.0,0.1,0.1,0.0,0.0,0.0,0.0,0.2561949810380306,0.265348764706907,0.00915378366887637,0.7438050189619694,0.734651235293093,0.009153783668876425
9,4,39,19,8,1268134.0,1244084.0,0.019331492085743408,1.0,3.8249999999999975,0,0.2,1.2142857142857142,1.3571428571428572,0.14285714285714302,0.32142857142857145,0.35714285714285715,0.0357142857142857,0.6785714285714286,0.6428571428571429,0.0357142857142857,0.10714285714285714,0.0,0.10714285714285714,0.43712092200857494,0.3579514597664952,0.07916946224207977,0.5628790779914251,0.6420485402335049,0.07916946224207977,1.9,2.0,0.10000000000000009,0.9,1.0,0.09999999999999998,0.1,0.0,0.1,0.0,0.0,0.0,0.2561949810380306,0.17594670063366122,0.0802482804043694,0.7438050189619694,0.8240532993663388,0.08024828040436938
10,5,12,6,7,1248490.0,1236966.0,0.009316343375646541,1.7142857142857142,7.2,0,0.2,1.4761904761904763,1.4761904761904763,0.0,0.47619047619047616,0.47619047619047616,0.0,0.5238095238095238,0.5238095238095238,0.0,0.0,0.0,0.0,0.26841971815810495,0.33944059475270716,0.07102087659460221,0.731580281841895,0.6605594052472927,0.07102087659460232,2.0,1.6666666666666667,0.33333333333333326,1.0,0.6666666666666666,0.33333333333333337,0.0,0.3333333333333333,0.3333333333333333,0.0,0.0,0.0,0.17137003726995825,0.2735415331178627,0.10217149584790447,0.8286299627300417,0.7264584668821372,0.10217149584790453
10,5,14,7,7,1248490.0,1254971.0,0.00519107081354276,1.1428571428571428,11.514285714285718,0,0.2,1.4761904761904763,1.4761904761904763,0.0,0.47619047619047616,0.47619047619047616,0.0,0.5238095238095238,0.5238095238095238,0.0,0.0,0.0,0.0,0.26841971815810495,0.28234402276803305,0.013924304609928106,0.731580281841895,0.7176559772319668,0.013924304609928218,2.0,1.6666666666666667,0.33333333333333326,1.0,0.6666666666666666,0.33333333333333337,0.0,0.3333333333333333,0.3333333333333333,0.0,0.0,0.0,0.17137003726995825,0.2398907968060476,0.06852075953608935,0.8286299627300417,0.7601092031939524,0.06852075953608938
10,5,16,8,7,1248490.0,1239020.0,0.007643137318203096,1.7142857142857142,2.7428571428571393,0,0.2,1.4761904761904763,1.4761904761904763,0.0,0.47619047619047616,0.47619047619047616,0.0,0.5238095238095238,0.5238095238095238,0.0,0.0,0.0,0.0,0.26841971815810495,0.3029177897475214,0.03449807158941648,0.731580281841895,0.6970822102524786,0.034498071589416424,2.0,2.0,0.0,1.0,1.0,0.0,0.0,0.0,0.0,0.0,0.0,0.0,0.17137003726995825,0.20495250613168295,0.033582468861724696,0.8286299627300417,0.795047493868317,0.03358246886172478
10,5,18,9,7,1248490.0,1247055.0,0.0011507110752933913,1.1428571428571428,9.57142857142858,0,0.2,1.4761904761904763,1.619047619047619,0.1428571428571428,0.47619047619047616,0.6190476190476191,0.1428571428571429,0.5238095238095238,0.38095238095238093,0.1428571428571429,0.0,0.0,0.0,0.26841971815810495,0.18207302402112177,0.08634669413698318,0.731580281841895,0.8179269759788781,0.08634669413698304,2.0,2.0,0.0,1.0,1.0,0.0,0.0,0.0,0.0,0.0,0.0,0.0,0.17137003726995825,0.1395236820844878,0.031846355185470465,0.8286299627300417,0.8604763179155122,0.03184635518547041
10,5,20,10,7,1248490.0,1249913.0,0.0011397768504353258,0.8571428571428571,5.685714285714296,0,0.2,1.4761904761904763,1.4761904761904763,0.0,0.47619047619047616,0.47619047619047616,0.0,0.5238095238095238,0.5238095238095238,0.0,0.0,0.0,0.0,0.26841971815810495,0.26353269985568273,0.004887018302422219,0.731580281841895,0.736467300144317,0.004887018302421997,2.0,2.0,0.0,1.0,1.0,0.0,0.0,0.0,0.0,0.0,0.0,0.0,0.17137003726995825,0.15700443418668142,0.014365603083276834,0.8286299627300417,0.8429955658133185,0.014365603083276723
10,5,22,11,7,1248490.0,1240913.0,0.006105988091026526,1.4285714285714286,3.7142857142857153,0,0.2,1.4761904761904763,1.4761904761904763,0.0,0.47619047619047616,0.47619047619047616,0.0,0.5238095238095238,0.5238095238095238,0.0,0.0,0.0,0.0,0.26841971815810495,0.2517676421994196,0.016652075958685342,0.731580281841895,0.7482323578005803,0.01665207595868523,2.0,2.0,0.0,1.0,1.0,0.0,0.0,0.0,0.0,0.0,0.0,0.0,0.17137003726995825,0.1738681817602041,0.0024981444902458516,0.8286299627300417,0.8261318182397959,0.0024981444902458794
10,5,24,12,7,1248490.0,1261586.0,0.01048947128130782,1.4285714285714286,9.60000000000001,0,0.2,1.4761904761904763,1.619047619047619,0.1428571428571428,0.47619047619047616,0.6190476190476191,0.1428571428571429,0.5238095238095238,0.38095238095238093,0.1428571428571429,0.0,0.0,0.0,0.26841971815810495,0.20057965402799643,0.06784006413010851,0.731580281841895,0.7994203459720035,0.06784006413010846,2.0,1.6666666666666667,0.33333333333333326,1.0,0.6666666666666666,0.33333333333333337,0.0,0.3333333333333333,0.3333333333333333,0.0,0.0,0.0,0.17137003726995825,0.2005099243973597,0.029139887127401454,0.8286299627300417,0.7994900756026401,0.029139887127401676
10,5,26,13,7,1248490.0,1251866.0,0.002704066512346915,1.4285714285714286,7.285714285714284,0,0.2,1.4761904761904763,1.619047619047619,0.1428571428571428,0.47619047619047616,0.6190476190476191,0.1428571428571429,0.5238095238095238,0.38095238095238093,0.1428571428571429,0.0,0.0,0.0,0.26841971815810495,0.18717126015080768,0.08124845800729727,0.731580281841895,0.8128287398491922,0.08124845800729719,2.0,1.6666666666666667,0.33333333333333326,1.0,0.6666666666666666,0.33333333333333337,0.0,0.3333333333333333,0.3333333333333333,0.0,0.0,0.0,0.17137003726995825,0.17040111015229228,0.0009689271176659686,0.8286299627300417,0.8295988898477077,0.0009689271176659409
10,5,28,14,7,1248490.0,1244175.0,0.003468161633210762,2.0,11.171428571428565,0,0.2,1.4761904761904763,1.5238095238095237,0.04761904761904745,0.47619047619047616,0.5238095238095238,0.04761904761904767,0.5238095238095238,0.47619047619047616,0.04761904761904767,0.0,0.0,0.0,0.26841971815810495,0.32739689143498746,0.05897717327688251,0.731580281841895,0.6726031085650126,0.058977173276882455,2.0,1.7333333333333334,0.2666666666666666,1.0,0.7333333333333333,0.2666666666666667,0.0,0.26666666666666666,0.26666666666666666,0.0,0.0,0.0,0.17137003726995825,0.2732937365632947,0.10192369929333644,0.8286299627300417,0.7267062634367054,0.10192369929333633
10,5,30,15,7,1248490.0,1249358.0,0.0006952398497384841,1.7142857142857142,14.657142857142857,0,0.2,1.4761904761904763,1.5714285714285714,0.09523809523809512,0.47619047619047616,0.5714285714285714,0.09523809523809523,0.5238095238095238,0.42857142857142855,0.09523809523809529,0.0,0.0,0.0,0.26841971815810495,0.301756512518543,0.03333679436043807,0.731580281841895,0.698243487481457,0.033336794360438016,2.0,1.5714285714285714,0.4285714285714286,1.0,0.5714285714285714,0.4285714285714286,0.0,0.42857142857142855,0.42857142857142855,0.0,0.0,0.0,0.17137003726995825,0.301756512518543,0.13038647524858477,0.8286299627300417,0.698243487481457,0.1303864752485847
10,5,32,16,7,1248490.0,1244383.0,0.003300430815914393,1.1428571428571428,9.571428571428582,0,0.2,1.4761904761904763,1.6666666666666667,0.19047619047619047,0.47619047619047616,0.6666666666666666,0.19047619047619047,0.5238095238095238,0.3333333333333333,0.19047619047619052,0.0,0.0,0.0,0.26841971815810495,0.15828626263374707,0.11013345552435788,0.731580281841895,0.841713737366253,0.11013345552435794,2.0,2.0,0.0,1.0,1.0,0.0,0.0,0.0,0.0,0.0,0.0,0.0,0.17137003726995825,0.10967900842693548,0.06169102884302277,0.8286299627300417,0.8903209915730645,0.0616910288430228
10,5,34,17,7,1248490.0,1248876.0,0.0003091734815657314,1.1428571428571428,14.14285714285714,0,0.2,1.4761904761904763,1.5714285714285714,0.09523809523809512,0.47619047619047616,0.5714285714285714,0.09523809523809523,0.5238095238095238,0.42857142857142855,0.09523809523809529,0.0,0.0,0.0,0.26841971815810495,0.2404159231567015,0.02800379500140346,0.731580281841895,0.7595840768432984,0.028003795001403375,2.0,2.0,0.0,1.0,1.0,0.0,0.0,0.0,0.0,0.0,0.0,0.0,0.17137003726995825,0.17701459413649215,0.005644556866533895,0.8286299627300417,0.8229854058635079,0.0056445568665338675
10,5,36,18,7,1248490.0,1244191.0,0.0034552572715925447,1.7142857142857142,10.800000000000002,0,0.2,1.4761904761904763,1.6666666666666667,0.19047619047619047,0.47619047619047616,0.6666666666666666,0.19047619047619047,0.5238095238095238,0.3333333333333333,0.19047619047619052,0.0,0.0,0.0,0.26841971815810495,0.204433439526499,0.06398627863160594,0.731580281841895,0.7955665604735012,0.06398627863160611,2.0,1.9333333333333333,0.06666666666666665,1.0,0.9333333333333333,0.06666666666666665,0.0,0.06666666666666667,0.06666666666666667,0.0,0.0,0.0,0.17137003726995825,0.15366199986457524,0.017708037405383015,0.8286299627300417,0.8463380001354247,0.01770803740538296
10,5,38,19,7,1248490.0,1244383.0,0.003300430815914393,1.4285714285714286,10.800000000000011,0,0.2,1.4761904761904763,1.6666666666666667,0.19047619047619047,0.47619047619047616,0.6666666666666666,0.19047619047619047,0.5238095238095238,0.3333333333333333,0.19047619047619052,0.0,0.0,0.0,0.26841971815810495,0.19689298789020238,0.07152673026790257,0.731580281841895,0.8031070121097976,0.07152673026790257,2.0,1.9333333333333333,0.06666666666666665,1.0,0.9333333333333333,0.06666666666666665,0.0,0.06666666666666667,0.06666666666666667,0.0,0.0,0.0,0.17137003726995825,0.15033961183454148,0.021030425435416777,0.8286299627300417,0.8496603881654585,0.021030425435416777
11,5,13,6,8,1264368.0,1273615.0,0.007313535299849411,1.5,7.974999999999997,0,0.2,1.25,1.25,0.0,0.35714285714285715,0.32142857142857145,0.0357142857142857,0.6428571428571429,0.6785714285714286,0.0357142857142857,0.10714285714285714,0.07142857142857142,0.03571428571428571,0.4331406337081705,0.4402185814508529,0.007077947742682389,0.5668593662918295,0.5597814185491471,0.007077947742682444,1.6666666666666667,1.6,0.06666666666666665,0.6666666666666666,0.6,0.06666666666666665,0.3333333333333333,0.4,0.06666666666666671,0.0,0.0,0.0,0.31328334467417546,0.32665915408750634,0.013375809413330886,0.6867166553258245,0.6733408459124937,0.01337580941333083
11,5,15,7,8,1264368.0,1259973.0,0.003488169984594908,1.0,7.299999999999995,0,0.2,1.25,1.3214285714285714,0.0714285714285714,0.35714285714285715,0.35714285714285715,0.0,0.6428571428571429,0.6428571428571429,0.0,0.10714285714285714,0.03571428571428571,0.07142857142857142,0.4331406337081705,0.3770583585631413,0.056082275145029226,0.5668593662918295,0.6229416414368586,0.05608227514502906,1.6666666666666667,2.0,0.33333333333333326,0.6666666666666666,1.0,0.33333333333333337,0.3333333333333333,0.0,0.3333333333333333,0.0,0.0,0.0,0.31328334467417546,0.19134621658578688,0.12193712808838858,0.6867166553258245,0.8086537834142131,0.12193712808838864
11,5,17,8,8,1264368.0,1248724.0,0.012527988570733005,1.25,7.174999999999995,0,0.2,1.25,1.25,0.0,0.35714285714285715,0.35714285714285715,0.0,0.6428571428571429,0.6428571428571429,0.0,0.10714285714285714,0.10714285714285714,0.0,0.4331406337081705,0.4024240728244681,0.030716560883702393,0.5668593662918295,0.597575927175532,0.03071656088370245,1.6666666666666667,2.0,0.33333333333333326,0.6666666666666666,1.0,0.33333333333333337,0.3333333333333333,0.0,0.3333333333333333,0.0,0.0,0.0,0.31328334467417546,0.20217484582129783,0.11110849885287763,0.6867166553258245,0.797825154178702,0.11110849885287755
11,5,19,9,8,1264368.0,1273033.0,0.00685322627589436,1.75,8.624999999999998,0,0.2,1.25,1.25,0.0,0.35714285714285715,0.32142857142857145,0.0357142857142857,0.6428571428571429,0.6785714285714286,0.0357142857142857,0.10714285714285714,0.07142857142857142,0.03571428571428571,0.4331406337081705,0.4267716348423857,0.006368998865784792,0.5668593662918295,0.5732283651576144,0.006368998865784903,1.6666666666666667,1.4285714285714286,0.23809523809523814,0.6666666666666666,0.42857142857142855,0.23809523809523808,0.3333333333333333,0.5714285714285714,0.23809523809523808,0.0,0.0,0.0,0.31328334467417546,0.37577042494183494,0.06248708026765948,0.6867166553258245,0.6242295750581651,0.06248708026765937
11,5,21,10,8,1264368.0,1274465.0,0.007985807929337028,0.75,6.349999999999994,0,0.2,1.25,1.25,0.0,0.35714285714285715,0.35714285714285715,0.0,0.6428571428571429,0.6428571428571429,0.0,0.10714285714285714,0.10714285714285714,0.0,0.4331406337081705,0.37365528164279693,0.05948535206537359,0.5668593662918295,0.626344718357203,0.05948535206537342,1.6666666666666667,2.0,0.33333333333333326,0.6666666666666666,1.0,0.33333333333333337,0.3333333333333333,0.0,0.3333333333333333,0.0,0.0,0.0,0.31328334467417546,0.19343594968437822,0.11984739498979724,0.6867166553258245,0.806564050315622,0.11984739498979746
11,5,23,11,8,1264368.0,1271035.0,0.005272990142110525,1.25,8.375000000000004,0,0.2,1.25,1.25,0.0,0.35714285714285715,0.32142857142857145,0.0357142857142857,0.6428571428571429,0.6785714285714286,0.0357142857142857,0.10714285714285714,0.07142857142857142,0.03571428571428571,0.4331406337081705,0.421686375269139,0.011454258439031528,0.5668593662918295,0.578313624730861,0.011454258439031473,1.6666666666666667,1.6,0.06666666666666665,0.6666666666666666,0.6,0.06666666666666665,0.3333333333333333,0.4,0.06666666666666671,0.0,0.0,0.0,0.31328334467417546,0.3112298482778264,0.0020534963963490527,0.6867166553258245,0.6887701517221737,0.002053496396349219
11,5,25,12,8,1264368.0,1270292.0,0.00468534477304076,1.75,7.974999999999994,0,0.2,1.25,1.2857142857142858,0.03571428571428581,0.35714285714285715,0.32142857142857145,0.0357142857142857,0.6428571428571429,0.6785714285714286,0.0357142857142857,0.10714285714285714,0.03571428571428571,0.07142857142857142,0.4331406337081705,0.42533487350960286,0.007805760198567657,0.5668593662918295,0.574665126490397,0.007805760198567491,1.6666666666666667,1.6,0.06666666666666665,0.6666666666666666,0.6,0.06666666666666665,0.3333333333333333,0.4,0.06666666666666671,0.0,0.0,0.0,0.31328334467417546,0.3039301020458026,0.009353242628372838,0.6867166553258245,0.6960698979541974,0.009353242628372893
11,5,27,13,8,1264368.0,1270571.0,0.004906008377307872,1.5,8.625000000000004,0,0.2,1.25,1.25,0.0,0.35714285714285715,0.32142857142857145,0.0357142857142857,0.6428571428571429,0.6785714285714286,0.0357142857142857,0.10714285714285714,0.07142857142857142,0.03571428571428571,0.4331406337081705,0.38496159354861953,0.04817904015955099,0.5668593662918295,0.6150384064513804,0.04817904015955088,1.6666666666666667,1.6,0.06666666666666665,0.6666666666666666,0.6,0.06666666666666665,0.3333333333333333,0.4,0.06666666666666671,0.0,0.0,0.0,0.31328334467417546,0.2632366654410493,0.05004667923312617,0.6867166553258245,0.7367633345589508,0.050046679233126334
11,5,29,14,8,1264368.0,1263846.0,0.0004130250046287285,1.0,4.100000000000007,0,0.2,1.25,1.2142857142857142,0.03571428571428581,0.35714285714285715,0.32142857142857145,0.0357142857142857,0.6428571428571429,0.6785714285714286,0.0357142857142857,0.10714285714285714,0.10714285714285714,0.0,0.4331406337081705,0.42722705645446774,0.005913577253702784,0.5668593662918295,0.5727729435455322,0.005913577253702673,1.6666666666666667,1.9,0.23333333333333317,0.6666666666666666,0.9,0.2333333333333334,0.3333333333333333,0.1,0.2333333333333333,0.0,0.0,0.0,0.31328334467417546,0.22992304296498137,0.08336030170919409,0.6867166553258245,0.7700769570350186,0.08336030170919406
11,5,31,15,8,1264368.0,1266770.0,0.0018997633600344203,0.75,5.850000000000002,0,0.2,1.25,1.2142857142857142,0.03571428571428581,0.35714285714285715,0.32142857142857145,0.0357142857142857,0.6428571428571429,0.6785714285714286,0.0357142857142857,0.10714285714285714,0.10714285714285714,0.0,0.4331406337081705,0.41825976417769367,0.014880869530476848,0.5668593662918295,0.5817402358223063,0.014880869530476737,1.6666666666666667,1.9,0.23333333333333317,0.6666666666666666,0.9,0.2333333333333334,0.3333333333333333,0.1,0.2333333333333333,0.0,0.0,0.0,0.31328334467417546,0.24437510360888806,0.0689082410652874,0.6867166553258245,0.755624896391112,0.06890824106528748
11,5,33,16,8,1264368.0,1270167.0,0.004586481151057287,1.75,8.674999999999994,0,0.2,1.25,1.25,0.0,0.35714285714285715,0.32142857142857145,0.0357142857142857,0.6428571428571429,0.6785714285714286,0.0357142857142857,0.10714285714285714,0.07142857142857142,0.03571428571428571,0.4331406337081705,0.4302807025779582,0.002859931130212323,0.5668593662918295,0.5697192974220419,0.002859931130212323,1.6666666666666667,1.6,0.06666666666666665,0.6666666666666666,0.6,0.06666666666666665,0.3333333333333333,0.4,0.06666666666666671,0.0,0.0,0.0,0.31328334467417546,0.3190775776345557,0.00579423296038023,0.6867166553258245,0.6809224223654443,0.0057942329603801745
11,5,35,17,8,1264368.0,1266542.0,0.0017194361135365653,1.5,9.875,0,0.2,1.25,1.25,0.0,0.35714285714285715,0.32142857142857145,0.0357142857142857,0.6428571428571429,0.6785714285714286,0.0357142857142857,0.10714285714285714,0.07142857142857142,0.03571428571428571,0.4331406337081705,0.39645802347989817,0.03668261022827235,0.5668593662918295,0.6035419765201019,0.03668261022827235,1.6666666666666667,1.6,0.06666666666666665,0.6666666666666666,0.6,0.06666666666666665,0.3333333333333333,0.4,0.06666666666666671,0.0,0.0,0.0,0.31328334467417546,0.2823573654458109,0.030925979228364542,0.6867166553258245,0.7176426345541891,0.030925979228364597
11,5,37,18,8,1264368.0,1260993.0,0.0026764621215185176,0.75,5.225000000000003,0,0.2,1.25,1.2142857142857142,0.03571428571428581,0.35714285714285715,0.32142857142857145,0.0357142857142857,0.6428571428571429,0.6785714285714286,0.0357142857142857,0.10714285714285714,0.10714285714285714,0.0,0.4331406337081705,0.43725873644523344,0.004118102737062923,0.5668593662918295,0.5627412635547666,0.004118102737062923,1.6666666666666667,1.9,0.23333333333333317,0.6666666666666666,0.9,0.2333333333333334,0.3333333333333333,0.1,0.2333333333333333,0.0,0.0,0.0,0.31328334467417546,0.265348764706907,0.047934579967268465,0.6867166553258245,0.734651235293093,0.047934579967268465
11,5,39,19,8,1264368.0,1244084.0,0.016304365300092275,1.0,7.099999999999996,0,0.2,1.25,1.3571428571428572,0.1071428571428572,0.35714285714285715,0.35714285714285715,0.0,0.6428571428571429,0.6428571428571429,0.0,0.10714285714285714,0.0,0.10714285714285714,0.4331406337081705,0.3579514597664952,0.07518917394167535,0.5668593662918295,0.6420485402335049,0.07518917394167535,1.6666666666666667,2.0,0.33333333333333326,0.6666666666666666,1.0,0.33333333333333337,0.3333333333333333,0.0,0.3333333333333333,0.0,0.0,0.0,0.31328334467417546,0.17594670063366122,0.13733664404051424,0.6867166553258245,0.8240532993663388,0.13733664404051427
12,6,14,7,7,1236966.0,1254971.0,0.014555775987375563,0.5714285714285714,7.485714285714282,0,0.2,1.4761904761904763,1.4761904761904763,0.0,0.47619047619047616,0.47619047619047616,0.0,0.5238095238095238,0.5238095238095238,0.0,0.0,0.0,0.0,0.33944059475270716,0.28234402276803305,0.057096571984674105,0.6605594052472927,0.7176559772319668,0.057096571984674105,1.6666666666666667,1.6666666666666667,0.0,0.6666666666666666,0.6666666666666666,0.0,0.3333333333333333,0.3333333333333333,0.0,0.0,0.0,0.0,0.2735415331178627,0.2398907968060476,0.033650736311815116,0.7264584668821372,0.7601092031939524,0.033650736311815144
12,6,16,8,7,1236966.0,1239020.0,0.0016605145169713638,0.8571428571428571,5.54285714285715,0,0.2,1.4761904761904763,1.4761904761904763,0.0,0.47619047619047616,0.47619047619047616,0.0,0.5238095238095238,0.5238095238095238,0.0,0.0,0.0,0.0,0.33944059475270716,0.3029177897475214,0.03652280500518573,0.6605594052472927,0.6970822102524786,0.0365228050051859,1.6666666666666667,2.0,0.33333333333333326,0.6666666666666666,1.0,0.33333333333333337,0.3333333333333333,0.0,0.3333333333333333,0.0,0.0,0.0,0.2735415331178627,0.20495250613168295,0.06858902698617977,0.7264584668821372,0.795047493868317,0.06858902698617975
12,6,18,9,7,1236966.0,1247055.0,0.008156246816808222,1.7142857142857142,11.485714285714291,0,0.2,1.4761904761904763,1.619047619047619,0.1428571428571428,0.47619047619047616,0.6190476190476191,0.1428571428571429,0.5238095238095238,0.38095238095238093,0.1428571428571429,0.0,0.0,0.0,0.33944059475270716,0.18207302402112177,0.1573675707315854,0.6605594052472927,0.8179269759788781,0.15736757073158536,1.6666666666666667,2.0,0.33333333333333326,0.6666666666666666,1.0,0.33333333333333337,0.3333333333333333,0.0,0.3333333333333333,0.0,0.0,0.0,0.2735415331178627,0.1395236820844878,0.13401785103337494,0.7264584668821372,0.8604763179155122,0.13401785103337494
12,6,20,10,7,1236966.0,1249913.0,0.010466738778592137,1.4285714285714286,8.77142857142858,0,0.2,1.4761904761904763,1.4761904761904763,0.0,0.47619047619047616,0.47619047619047616,0.0,0.5238095238095238,0.5238095238095238,0.0,0.0,0.0,0.0,0.33944059475270716,0.26353269985568273,0.07590789489702443,0.6605594052472927,0.736467300144317,0.07590789489702432,1.6666666666666667,2.0,0.33333333333333326,0.6666666666666666,1.0,0.33333333333333337,0.3333333333333333,0.0,0.3333333333333333,0.0,0.0,0.0,0.2735415331178627,0.15700443418668142,0.1165370989311813,0.7264584668821372,0.8429955658133185,0.11653709893118125
12,6,22,11,7,1236966.0,1240913.0,0.003190871859048672,0.8571428571428571,5.371428571428573,0,0.2,1.4761904761904763,1.4761904761904763,0.0,0.47619047619047616,0.47619047619047616,0.0,0.5238095238095238,0.5238095238095238,0.0,0.0,0.0,0.0,0.33944059475270716,0.2517676421994196,0.08767295255328755,0.6605594052472927,0.7482323578005803,0.08767295255328755,1.6666666666666667,2.0,0.33333333333333326,0.6666666666666666,1.0,0.33333333333333337,0.3333333333333333,0.0,0.3333333333333333,0.0,0.0,0.0,0.2735415331178627,0.1738681817602041,0.09967335135765862,0.7264584668821372,0.8261318182397959,0.09967335135765865
12,6,24,12,7,1236966.0,1261586.0,0.019903538173240008,1.4285714285714286,11.17142857142858,0,0.2,1.4761904761904763,1.619047619047619,0.1428571428571428,0.47619047619047616,0.6190476190476191,0.1428571428571429,0.5238095238095238,0.38095238095238093,0.1428571428571429,0.0,0.0,0.0,0.33944059475270716,0.20057965402799643,0.13886094072471072,0.6605594052472927,0.7994203459720035,0.13886094072471078,1.6666666666666667,1.6666666666666667,0.0,0.6666666666666666,0.6666666666666666,0.0,0.3333333333333333,0.3333333333333333,0.0,0.0,0.0,0.0,0.2735415331178627,0.2005099243973597,0.07303160872050302,0.7264584668821372,0.7994900756026401,0.07303160872050285
12,6,26,13,7,1236966.0,1251866.0,0.012045601900133068,1.4285714285714286,8.914285714285713,0,0.2,1.4761904761904763,1.619047619047619,0.1428571428571428,0.47619047619047616,0.6190476190476191,0.1428571428571429,0.5238095238095238,0.38095238095238093,0.1428571428571429,0.0,0.0,0.0,0.33944059475270716,0.18717126015080768,0.15226933460189948,0.6605594052472927,0.8128287398491922,0.1522693346018995,1.6666666666666667,1.6666666666666667,0.0,0.6666666666666666,0.6666666666666666,0.0,0.3333333333333333,0.3333333333333333,0.0,0.0,0.0,0.0,0.2735415331178627,0.17040111015229228,0.10314042296557044,0.7264584668821372,0.8295988898477077,0.10314042296557047
12,6,28,14,7,1236966.0,1244175.0,0.005827969402554314,1.7142857142857142,8.371428571428556,0,0.2,1.4761904761904763,1.5238095238095237,0.04761904761904745,0.47619047619047616,0.5238095238095238,0.04761904761904767,0.5238095238095238,0.47619047619047616,0.04761904761904767,0.0,0.0,0.0,0.33944059475270716,0.32739689143498746,0.0120437033177197,0.6605594052472927,0.6726031085650126,0.012043703317719867,1.6666666666666667,1.7333333333333334,0.06666666666666665,0.6666666666666666,0.7333333333333333,0.06666666666666665,0.3333333333333333,0.26666666666666666,0.06666666666666665,0.0,0.0,0.0,0.2735415331178627,0.2732937365632947,0.00024779655456802496,0.7264584668821372,0.7267062634367054,0.0002477965545681915
12,6,30,15,7,1236966.0,1249358.0,0.010018060318553621,0.5714285714285714,9.228571428571426,0,0.2,1.4761904761904763,1.5714285714285714,0.09523809523809512,0.47619047619047616,0.5714285714285714,0.09523809523809523,0.5238095238095238,0.42857142857142855,0.09523809523809529,0.0,0.0,0.0,0.33944059475270716,0.301756512518543,0.03768408223416414,0.6605594052472927,0.698243487481457,0.03768408223416431,1.6666666666666667,1.5714285714285714,0.09523809523809534,0.6666666666666666,0.5714285714285714,0.09523809523809523,0.3333333333333333,0.42857142857142855,0.09523809523809523,0.0,0.0,0.0,0.2735415331178627,0.301756512518543,0.028214979400680296,0.7264584668821372,0.698243487481457,0.028214979400680185
12,6,32,16,7,1236966.0,1244383.0,0.005996122771361541,1.7142857142857142,11.171428571428578,0,0.2,1.4761904761904763,1.6666666666666667,0.19047619047619047,0.47619047619047616,0.6666666666666666,0.19047619047619047,0.5238095238095238,0.3333333333333333,0.19047619047619052,0.0,0.0,0.0,0.33944059475270716,0.15828626263374707,0.1811543321189601,0.6605594052472927,0.841713737366253,0.18115433211896026,1.6666666666666667,2.0,0.33333333333333326,0.6666666666666666,1.0,0.33333333333333337,0.3333333333333333,0.0,0.3333333333333333,0.0,0.0,0.0,0.2735415331178627,0.10967900842693548,0.16386252469092724,0.7264584668821372,0.8903209915730645,0.16386252469092732
12,6,34,17,7,1236966.0,1248876.0,0.009628397223529183,2.0,15.14285714285714,0,0.2,1.4761904761904763,1.5714285714285714,0.09523809523809512,0.47619047619047616,0.5714285714285714,0.09523809523809523,0.5238095238095238,0.42857142857142855,0.09523809523809529,0.0,0.0,0.0,0.33944059475270716,0.2404159231567015,0.09902467159600567,0.6605594052472927,0.7595840768432984,0.0990246715960057,1.6666666666666667,2.0,0.33333333333333326,0.6666666666666666,1.0,0.33333333333333337,0.3333333333333333,0.0,0.3333333333333333,0.0,0.0,0.0,0.2735415331178627,0.17701459413649215,0.09652693898137057,0.7264584668821372,0.8229854058635079,0.09652693898137066
12,6,36,18,7,1236966.0,1244191.0,0.0058409042770779475,1.1428571428571428,6.228571428571432,0,0.2,1.4761904761904763,1.6666666666666667,0.19047619047619047,0.47619047619047616,0.6666666666666666,0.19047619047619047,0.5238095238095238,0.3333333333333333,0.19047619047619052,0.0,0.0,0.0,0.33944059475270716,0.204433439526499,0.13500715522620815,0.6605594052472927,0.7955665604735012,0.13500715522620843,1.6666666666666667,1.9333333333333333,0.2666666666666666,0.6666666666666666,0.9333333333333333,0.2666666666666667,0.3333333333333333,0.06666666666666667,0.26666666666666666,0.0,0.0,0.0,0.2735415331178627,0.15366199986457524,0.11987953325328748,0.7264584668821372,0.8463380001354247,0.11987953325328748
12,6,38,19,7,1236966.0,1244383.0,0.005996122771361541,1.4285714285714286,7.8285714285714425,0,0.2,1.4761904761904763,1.6666666666666667,0.19047619047619047,0.47619047619047616,0.6666666666666666,0.19047619047619047,0.5238095238095238,0.3333333333333333,0.19047619047619052,0.0,0.0,0.0,0.33944059475270716,0.19689298789020238,0.14254760686250478,0.6605594052472927,0.8031070121097976,0.1425476068625049,1.6666666666666667,1.9333333333333333,0.2666666666666666,0.6666666666666666,0.9333333333333333,0.2666666666666667,0.3333333333333333,0.06666666666666667,0.26666666666666666,0.0,0.0,0.0,0.2735415331178627,0.15033961183454148,0.12320192128332125,0.7264584668821372,0.8496603881654585,0.1232019212833213
13,6,15,7,8,1273615.0,1259973.0,0.01082721613875853,1.0,5.90000000000001,0,0.2,1.25,1.3214285714285714,0.0714285714285714,0.32142857142857145,0.35714285714285715,0.0357142857142857,0.6785714285714286,0.6428571428571429,0.0357142857142857,0.07142857142857142,0.03571428571428571,0.03571428571428571,0.4402185814508529,0.3770583585631413,0.06316022288771161,0.5597814185491471,0.6229416414368586,0.0631602228877115,1.6,2.0,0.3999999999999999,0.6,1.0,0.4,0.4,0.0,0.4,0.0,0.0,0.0,0.32665915408750634,0.19134621658578688,0.13531293750171947,0.6733408459124937,0.8086537834142131,0.13531293750171947
13,6,17,8,8,1273615.0,1248724.0,0.019933147757230582,1.25,7.175000000000002,0,0.2,1.25,1.25,0.0,0.32142857142857145,0.35714285714285715,0.0357142857142857,0.6785714285714286,0.6428571428571429,0.0357142857142857,0.07142857142857142,0.10714285714285714,0.03571428571428571,0.4402185814508529,0.4024240728244681,0.03779450862638478,0.5597814185491471,0.597575927175532,0.03779450862638489,1.6,2.0,0.3999999999999999,0.6,1.0,0.4,0.4,0.0,0.4,0.0,0.0,0.0,0.32665915408750634,0.20217484582129783,0.12448430826620852,0.6733408459124937,0.797825154178702,0.12448430826620838
13,6,19,9,8,1273615.0,1273033.0,0.0004571758941048661,1.0,4.500000000000008,0,0.2,1.25,1.25,0.0,0.32142857142857145,0.32142857142857145,0.0,0.6785714285714286,0.6785714285714286,0.0,0.07142857142857142,0.07142857142857142,0.0,0.4402185814508529,0.4267716348423857,0.01344694660846718,0.5597814185491471,0.5732283651576144,0.013446946608467347,1.6,1.4285714285714286,0.17142857142857149,0.6,0.42857142857142855,0.17142857142857143,0.4,0.5714285714285714,0.17142857142857137,0.0,0.0,0.0,0.32665915408750634,0.37577042494183494,0.04911127085432859,0.6733408459124937,0.6242295750581651,0.04911127085432854
13,6,21,10,8,1273615.0,1274465.0,0.0006673916371902027,1.5,8.125000000000004,0,0.2,1.25,1.25,0.0,0.32142857142857145,0.35714285714285715,0.0357142857142857,0.6785714285714286,0.6428571428571429,0.0357142857142857,0.07142857142857142,0.10714285714285714,0.03571428571428571,0.4402185814508529,0.37365528164279693,0.06656329980805598,0.5597814185491471,0.626344718357203,0.06656329980805586,1.6,2.0,0.3999999999999999,0.6,1.0,0.4,0.4,0.0,0.4,0.0,0.0,0.0,0.32665915408750634,0.19343594968437822,0.13322320440312813,0.6733408459124937,0.806564050315622,0.1332232044031283
13,6,23,11,8,1273615.0,1271035.0,0.0020298418218223733,0.25,2.500000000000007,0,0.2,1.25,1.25,0.0,0.32142857142857145,0.32142857142857145,0.0,0.6785714285714286,0.6785714285714286,0.0,0.07142857142857142,0.07142857142857142,0.0,0.4402185814508529,0.421686375269139,0.018532206181713917,0.5597814185491471,0.578313624730861,0.018532206181713917,1.6,1.6,0.0,0.6,0.6,0.0,0.4,0.4,0.0,0.0,0.0,0.0,0.32665915408750634,0.3112298482778264,0.015429305809679938,0.6733408459124937,0.6887701517221737,0.01542930580968005
13,6,25,12,8,1273615.0,1270292.0,0.002615933974235845,0.25,2.3750000000000027,0,0.2,1.25,1.2857142857142858,0.03571428571428581,0.32142857142857145,0.32142857142857145,0.0,0.6785714285714286,0.6785714285714286,0.0,0.07142857142857142,0.03571428571428571,0.03571428571428571,0.4402185814508529,0.42533487350960286,0.014883707941250046,0.5597814185491471,0.574665126490397,0.014883707941249935,1.6,1.6,0.0,0.6,0.6,0.0,0.4,0.4,0.0,0.0,0.0,0.0,0.32665915408750634,0.3039301020458026,0.022729052041703723,0.6733408459124937,0.6960698979541974,0.022729052041703723
13,6,27,13,8,1273615.0,1270571.0,0.0023957732389610657,0.75,5.975000000000009,0,0.2,1.25,1.25,0.0,0.32142857142857145,0.32142857142857145,0.0,0.6785714285714286,0.6785714285714286,0.0,0.07142857142857142,0.07142857142857142,0.0,0.4402185814508529,0.38496159354861953,0.05525698790223338,0.5597814185491471,0.6150384064513804,0.05525698790223332,1.6,1.6,0.0,0.6,0.6,0.0,0.4,0.4,0.0,0.0,0.0,0.0,0.32665915408750634,0.2632366654410493,0.06342248864645705,0.6733408459124937,0.7367633345589508,0.06342248864645716
13,6,29,14,8,1273615.0,1263846.0,0.007729580977429212,1.0,6.200000000000007,0,0.2,1.25,1.2142857142857142,0.03571428571428581,0.32142857142857145,0.32142857142857145,0.0,0.6785714285714286,0.6785714285714286,0.0,0.07142857142857142,0.10714285714285714,0.03571428571428571,0.4402185814508529,0.42722705645446774,0.012991524996385173,0.5597814185491471,0.5727729435455322,0.012991524996385118,1.6,1.9,0.2999999999999998,0.6,0.9,0.30000000000000004,0.4,0.1,0.30000000000000004,0.0,0.0,0.0,0.32665915408750634,0.22992304296498137,0.09673611112252498,0.6733408459124937,0.7700769570350186,0.09673611112252489
13,6,31,15,8,1273615.0,1266770.0,0.005403506556044112,0.75,7.875000000000007,0,0.2,1.25,1.2142857142857142,0.03571428571428581,0.32142857142857145,0.32142857142857145,0.0,0.6785714285714286,0.6785714285714286,0.0,0.07142857142857142,0.10714285714285714,0.03571428571428571,0.4402185814508529,0.41825976417769367,0.021958817273159237,0.5597814185491471,0.5817402358223063,0.02195881727315918,1.6,1.9,0.2999999999999998,0.6,0.9,0.30000000000000004,0.4,0.1,0.30000000000000004,0.0,0.0,0.0,0.32665915408750634,0.24437510360888806,0.08228405047861828,0.6733408459124937,0.755624896391112,0.08228405047861831
13,6,33,16,8,1273615.0,1270167.0,0.0027146036702260412,0.25,1.1750000000000007,0,0.2,1.25,1.25,0.0,0.32142857142857145,0.32142857142857145,0.0,0.6785714285714286,0.6785714285714286,0.0,0.07142857142857142,0.07142857142857142,0.0,0.4402185814508529,0.4302807025779582,0.009937878872894712,0.5597814185491471,0.5697192974220419,0.009937878872894768,1.6,1.6,0.0,0.6,0.6,0.0,0.4,0.4,0.0,0.0,0.0,0.0,0.32665915408750634,0.3190775776345557,0.007581576452950656,0.6733408459124937,0.6809224223654443,0.007581576452950656
13,6,35,17,8,1273615.0,1266542.0,0.005584497000494259,1.5,4.0000000000000036,0,0.2,1.25,1.25,0.0,0.32142857142857145,0.32142857142857145,0.0,0.6785714285714286,0.6785714285714286,0.0,0.07142857142857142,0.07142857142857142,0.0,0.4402185814508529,0.39645802347989817,0.04376055797095474,0.5597814185491471,0.6035419765201019,0.043760557970954794,1.6,1.6,0.0,0.6,0.6,0.0,0.4,0.4,0.0,0.0,0.0,0.0,0.32665915408750634,0.2823573654458109,0.04430178864169543,0.6733408459124937,0.7176426345541891,0.04430178864169543
13,6,37,18,8,1273615.0,1260993.0,0.010009571821572364,1.0,11.650000000000006,0,0.2,1.25,1.2142857142857142,0.03571428571428581,0.32142857142857145,0.32142857142857145,0.0,0.6785714285714286,0.6785714285714286,0.0,0.07142857142857142,0.10714285714285714,0.03571428571428571,0.4402185814508529,0.43725873644523344,0.002959845005619466,0.5597814185491471,0.5627412635547666,0.0029598450056195214,1.6,1.9,0.2999999999999998,0.6,0.9,0.30000000000000004,0.4,0.1,0.30000000000000004,0.0,0.0,0.0,0.32665915408750634,0.265348764706907,0.06131038938059935,0.6733408459124937,0.734651235293093,0.061310389380599295
14,7,16,8,7,1254971.0,1239020.0,0.012873884198802279,1.4285714285714286,10.057142857142853,0,0.2,1.4761904761904763,1.4761904761904763,0.0,0.47619047619047616,0.47619047619047616,0.0,0.5238095238095238,0.5238095238095238,0.0,0.0,0.0,0.0,0.28234402276803305,0.3029177897475214,0.020573766979488373,0.7176559772319668,0.6970822102524786,0.020573766979488206,1.6666666666666667,2.0,0.33333333333333326,0.6666666666666666,1.0,0.33333333333333337,0.3333333333333333,0.0,0.3333333333333333,0.0,0.0,0.0,0.2398907968060476,0.20495250613168295,0.03493829067436466,0.7601092031939524,0.795047493868317,0.0349382906743646
14,7,18,9,7,1254971.0,1247055.0,0.006347755311513927,1.7142857142857142,6.400000000000014,0,0.2,1.4761904761904763,1.619047619047619,0.1428571428571428,0.47619047619047616,0.6190476190476191,0.1428571428571429,0.5238095238095238,0.38095238095238093,0.1428571428571429,0.0,0.0,0.0,0.28234402276803305,0.18207302402112177,0.10027099874691128,0.7176559772319668,0.8179269759788781,0.10027099874691126,1.6666666666666667,2.0,0.33333333333333326,0.6666666666666666,1.0,0.33333333333333337,0.3333333333333333,0.0,0.3333333333333333,0.0,0.0,0.0,0.2398907968060476,0.1395236820844878,0.10036711472155982,0.7601092031939524,0.8604763179155122,0.10036711472155979
14,7,20,10,7,1254971.0,1249913.0,0.004046681649042773,0.8571428571428571,7.142857142857158,0,0.2,1.4761904761904763,1.4761904761904763,0.0,0.47619047619047616,0.47619047619047616,0.0,0.5238095238095238,0.5238095238095238,0.0,0.0,0.0,0.0,0.28234402276803305,0.26353269985568273,0.018811322912350326,0.7176559772319668,0.736467300144317,0.018811322912350215,1.6666666666666667,2.0,0.33333333333333326,0.6666666666666666,1.0,0.33333333333333337,0.3333333333333333,0.0,0.3333333333333333,0.0,0.0,0.0,0.2398907968060476,0.15700443418668142,0.08288636261936619,0.7601092031939524,0.8429955658133185,0.0828863626193661
14,7,22,11,7,1254971.0,1240913.0,0.011328755521136453,0.8571428571428571,9.371428571428565,0,0.2,1.4761904761904763,1.4761904761904763,0.0,0.47619047619047616,0.47619047619047616,0.0,0.5238095238095238,0.5238095238095238,0.0,0.0,0.0,0.0,0.28234402276803305,0.2517676421994196,0.030576380568613448,0.7176559772319668,0.7482323578005803,0.030576380568613448,1.6666666666666667,2.0,0.33333333333333326,0.6666666666666666,1.0,0.33333333333333337,0.3333333333333333,0.0,0.3333333333333333,0.0,0.0,0.0,0.2398907968060476,0.1738681817602041,0.0660226150458435,0.7601092031939524,0.8261318182397959,0.0660226150458435
14,7,24,12,7,1254971.0,1261586.0,0.005271038135542574,1.1428571428571428,5.657142857142874,0,0.2,1.4761904761904763,1.619047619047619,0.1428571428571428,0.47619047619047616,0.6190476190476191,0.1428571428571429,0.5238095238095238,0.38095238095238093,0.1428571428571429,0.0,0.0,0.0,0.28234402276803305,0.20057965402799643,0.08176436874003662,0.7176559772319668,0.7994203459720035,0.08176436874003667,1.6666666666666667,1.6666666666666667,0.0,0.6666666666666666,0.6666666666666666,0.0,0.3333333333333333,0.3333333333333333,0.0,0.0,0.0,0.0,0.2398907968060476,0.2005099243973597,0.0393808724086879,0.7601092031939524,0.7994900756026401,0.039380872408687706
14,7,26,13,7,1254971.0,1251866.0,0.0024802974120233315,1.4285714285714286,8.28571428571429,0,0.2,1.4761904761904763,1.619047619047619,0.1428571428571428,0.47619047619047616,0.6190476190476191,0.1428571428571429,0.5238095238095238,0.38095238095238093,0.1428571428571429,0.0,0.0,0.0,0.28234402276803305,0.18717126015080768,0.09517276261722538,0.7176559772319668,0.8128287398491922,0.0951727626172254,1.6666666666666667,1.6666666666666667,0.0,0.6666666666666666,0.6666666666666666,0.0,0.3333333333333333,0.3333333333333333,0.0,0.0,0.0,0.0,0.2398907968060476,0.17040111015229228,0.06948968665375532,0.7601092031939524,0.8295988898477077,0.06948968665375532
14,7,28,14,7,1254971.0,1244175.0,0.008677235919384331,1.1428571428571428,6.02857142857142,0,0.2,1.4761904761904763,1.5238095238095237,0.04761904761904745,0.47619047619047616,0.5238095238095238,0.04761904761904767,0.5238095238095238,0.47619047619047616,0.04761904761904767,0.0,0.0,0.0,0.28234402276803305,0.32739689143498746,0.045052868666954404,0.7176559772319668,0.6726031085650126,0.04505286866695424,1.6666666666666667,1.7333333333333334,0.06666666666666665,0.6666666666666666,0.7333333333333333,0.06666666666666665,0.3333333333333333,0.26666666666666666,0.06666666666666665,0.0,0.0,0.0,0.2398907968060476,0.2732937365632947,0.03340293975724709,0.7601092031939524,0.7267062634367054,0.03340293975724695
14,7,30,15,7,1254971.0,1249358.0,0.004492707454548656,0.8571428571428571,9.34285714285715,0,0.2,1.4761904761904763,1.5714285714285714,0.09523809523809512,0.47619047619047616,0.5714285714285714,0.09523809523809523,0.5238095238095238,0.42857142857142855,0.09523809523809529,0.0,0.0,0.0,0.28234402276803305,0.301756512518543,0.019412489750509965,0.7176559772319668,0.698243487481457,0.019412489750509798,1.6666666666666667,1.5714285714285714,0.09523809523809534,0.6666666666666666,0.5714285714285714,0.09523809523809523,0.3333333333333333,0.42857142857142855,0.09523809523809523,0.0,0.0,0.0,0.2398907968060476,0.301756512518543,0.06186571571249541,0.7601092031939524,0.698243487481457,0.06186571571249533
14,7,32,16,7,1254971.0,1244383.0,0.008508634399537763,1.1428571428571428,4.942857142857159,0,0.2,1.4761904761904763,1.6666666666666667,0.19047619047619047,0.47619047619047616,0.6666666666666666,0.19047619047619047,0.5238095238095238,0.3333333333333333,0.19047619047619052,0.0,0.0,0.0,0.28234402276803305,0.15828626263374707,0.12405776013428599,0.7176559772319668,0.841713737366253,0.12405776013428615,1.6666666666666667,2.0,0.33333333333333326,0.6666666666666666,1.0,0.33333333333333337,0.3333333333333333,0.0,0.3333333333333333,0.0,0.0,0.0,0.2398907968060476,0.10967900842693548,0.13021178837911213,0.7601092031939524,0.8903209915730645,0.13021178837911218
14,7,34,17,7,1254971.0,1248876.0,0.004880388445290005,1.4285714285714286,7.6571428571428575,0,0.2,1.4761904761904763,1.5714285714285714,0.09523809523809512,0.47619047619047616,0.5714285714285714,0.09523809523809523,0.5238095238095238,0.42857142857142855,0.09523809523809529,0.0,0.0,0.0,0.28234402276803305,0.2404159231567015,0.041928099611331565,0.7176559772319668,0.7595840768432984,0.04192809961133159,1.6666666666666667,2.0,0.33333333333333326,0.6666666666666666,1.0,0.33333333333333337,0.3333333333333333,0.0,0.3333333333333333,0.0,0.0,0.0,0.2398907968060476,0.17701459413649215,0.06287620266955546,0.7601092031939524,0.8229854058635079,0.06287620266955551
14,7,36,18,7,1254971.0,1244191.0,0.00866426457031115,0.8571428571428571,3.4285714285714244,0,0.2,1.4761904761904763,1.6666666666666667,0.19047619047619047,0.47619047619047616,0.6666666666666666,0.19047619047619047,0.5238095238095238,0.3333333333333333,0.19047619047619052,0.0,0.0,0.0,0.28234402276803305,0.204433439526499,0.07791058324153405,0.7176559772319668,0.7955665604735012,0.07791058324153433,1.6666666666666667,1.9333333333333333,0.2666666666666666,0.6666666666666666,0.9333333333333333,0.2666666666666667,0.3333333333333333,0.06666666666666667,0.26666666666666666,0.0,0.0,0.0,0.2398907968060476,0.15366199986457524,0.08622879694147237,0.7601092031939524,0.8463380001354247,0.08622879694147234
14,7,38,19,7,1254971.0,1244383.0,0.008508634399537763,0.8571428571428571,3.028571428571435,0,0.2,1.4761904761904763,1.6666666666666667,0.19047619047619047,0.47619047619047616,0.6666666666666666,0.19047619047619047,0.5238095238095238,0.3333333333333333,0.19047619047619052,0.0,0.0,0.0,0.28234402276803305,0.19689298789020238,0.08545103487783068,0.7176559772319668,0.8031070121097976,0.08545103487783079,1.6666666666666667,1.9333333333333333,0.2666666666666666,0.6666666666666666,0.9333333333333333,0.2666666666666667,0.3333333333333333,0.06666666666666667,0.26666666666666666,0.0,0.0,0.0,0.2398907968060476,0.15033961183454148,0.08955118497150613,0.7601092031939524,0.8496603881654585,0.08955118497150616
15,7,17,8,8,1259973.0,1248724.0,0.009008395770402427,0.75,3.7750000000000092,0,0.2,1.3214285714285714,1.25,0.0714285714285714,0.35714285714285715,0.35714285714285715,0.0,0.6428571428571429,0.6428571428571429,0.0,0.03571428571428571,0.10714285714285714,0.07142857142857142,0.3770583585631413,0.4024240728244681,0.025365714261326833,0.6229416414368586,0.597575927175532,0.02536571426132661,2.0,2.0,0.0,1.0,1.0,0.0,0.0,0.0,0.0,0.0,0.0,0.0,0.19134621658578688,0.20217484582129783,0.01082862923551095,0.8086537834142131,0.797825154178702,0.01082862923551109
15,7,19,9,8,1259973.0,1273033.0,0.01036530147868248,1.25,7.475000000000001,0,0.2,1.3214285714285714,1.25,0.0714285714285714,0.35714285714285715,0.32142857142857145,0.0357142857142857,0.6428571428571429,0.6785714285714286,0.0357142857142857,0.03571428571428571,0.07142857142857142,0.03571428571428571,0.3770583585631413,0.4267716348423857,0.049713276279244434,0.6229416414368586,0.5732283651576144,0.049713276279244156,2.0,1.4285714285714286,0.5714285714285714,1.0,0.42857142857142855,0.5714285714285714,0.0,0.5714285714285714,0.5714285714285714,0.0,0.0,0.0,0.19134621658578688,0.37577042494183494,0.18442420835604806,0.8086537834142131,0.6242295750581651,0.184424208356048
15,7,21,10,8,1259973.0,1274465.0,0.01150183376945379,1.0,5.55000000000001,0,0.2,1.3214285714285714,1.25,0.0714285714285714,0.35714285714285715,0.35714285714285715,0.0,0.6428571428571429,0.6428571428571429,0.0,0.03571428571428571,0.10714285714285714,0.07142857142857142,0.3770583585631413,0.37365528164279693,0.003403076920344361,0.6229416414368586,0.626344718357203,0.003403076920344361,2.0,2.0,0.0,1.0,1.0,0.0,0.0,0.0,0.0,0.0,0.0,0.0,0.19134621658578688,0.19343594968437822,0.00208973309859134,0.8086537834142131,0.806564050315622,0.0020897330985911733
15,7,23,11,8,1259973.0,1271035.0,0.008779553212648207,0.75,4.950000000000004,0,0.2,1.3214285714285714,1.25,0.0714285714285714,0.35714285714285715,0.32142857142857145,0.0357142857142857,0.6428571428571429,0.6785714285714286,0.0357142857142857,0.03571428571428571,0.07142857142857142,0.03571428571428571,0.3770583585631413,0.421686375269139,0.0446280167059977,0.6229416414368586,0.578313624730861,0.044628016705997586,2.0,1.6,0.3999999999999999,1.0,0.6,0.4,0.0,0.4,0.4,0.0,0.0,0.0,0.19134621658578688,0.3112298482778264,0.11988363169203953,0.8086537834142131,0.6887701517221737,0.11988363169203942
15,7,25,12,8,1259973.0,1270292.0,0.008189858036640468,0.75,6.175000000000006,0,0.2,1.3214285714285714,1.2857142857142858,0.03571428571428559,0.35714285714285715,0.32142857142857145,0.0357142857142857,0.6428571428571429,0.6785714285714286,0.0357142857142857,0.03571428571428571,0.03571428571428571,0.0,0.3770583585631413,0.42533487350960286,0.04827651494646157,0.6229416414368586,0.574665126490397,0.04827651494646157,2.0,1.6,0.3999999999999999,1.0,0.6,0.4,0.0,0.4,0.4,0.0,0.0,0.0,0.19134621658578688,0.3039301020458026,0.11258388546001574,0.8086537834142131,0.6960698979541974,0.11258388546001574
15,7,27,13,8,1259973.0,1270571.0,0.008411291353068676,1.0,6.424999999999995,0,0.2,1.3214285714285714,1.25,0.0714285714285714,0.35714285714285715,0.32142857142857145,0.0357142857142857,0.6428571428571429,0.6785714285714286,0.0357142857142857,0.03571428571428571,0.07142857142857142,0.03571428571428571,0.3770583585631413,0.38496159354861953,0.007903234985478236,0.6229416414368586,0.6150384064513804,0.00790323498547818,2.0,1.6,0.3999999999999999,1.0,0.6,0.4,0.0,0.4,0.4,0.0,0.0,0.0,0.19134621658578688,0.2632366654410493,0.07189044885526241,0.8086537834142131,0.7367633345589508,0.0718904488552623
15,7,29,14,8,1259973.0,1263846.0,0.003073875392567936,1.0,5.850000000000001,0,0.2,1.3214285714285714,1.2142857142857142,0.1071428571428572,0.35714285714285715,0.32142857142857145,0.0357142857142857,0.6428571428571429,0.6785714285714286,0.0357142857142857,0.03571428571428571,0.10714285714285714,0.07142857142857142,0.3770583585631413,0.42722705645446774,0.05016869789132644,0.6229416414368586,0.5727729435455322,0.050168697891326386,2.0,1.9,0.10000000000000009,1.0,0.9,0.09999999999999998,0.0,0.1,0.1,0.0,0.0,0.0,0.19134621658578688,0.22992304296498137,0.03857682637919449,0.8086537834142131,0.7700769570350186,0.03857682637919457
15,7,31,15,8,1259973.0,1266770.0,0.005394560042159634,1.0,7.824999999999998,0,0.2,1.3214285714285714,1.2142857142857142,0.1071428571428572,0.35714285714285715,0.32142857142857145,0.0357142857142857,0.6428571428571429,0.6785714285714286,0.0357142857142857,0.03571428571428571,0.10714285714285714,0.07142857142857142,0.3770583585631413,0.41825976417769367,0.04120140561455238,0.6229416414368586,0.5817402358223063,0.04120140561455232,2.0,1.9,0.10000000000000009,1.0,0.9,0.09999999999999998,0.0,0.1,0.1,0.0,0.0,0.0,0.19134621658578688,0.24437510360888806,0.053028887023101184,0.8086537834142131,0.755624896391112,0.05302888702310116
15,7,33,16,8,1259973.0,1270167.0,0.008090649561538224,0.75,7.075000000000009,0,0.2,1.3214285714285714,1.25,0.0714285714285714,0.35714285714285715,0.32142857142857145,0.0357142857142857,0.6428571428571429,0.6785714285714286,0.0357142857142857,0.03571428571428571,0.07142857142857142,0.03571428571428571,0.3770583585631413,0.4302807025779582,0.0532223440148169,0.6229416414368586,0.5697192974220419,0.053222344014816736,2.0,1.6,0.3999999999999999,1.0,0.6,0.4,0.0,0.4,0.4,0.0,0.0,0.0,0.19134621658578688,0.3190775776345557,0.1277313610487688,0.8086537834142131,0.6809224223654443,0.1277313610487688
15,7,35,17,8,1259973.0,1266542.0,0.00521360378357314,1.0,4.450000000000004,0,0.2,1.3214285714285714,1.25,0.0714285714285714,0.35714285714285715,0.32142857142857145,0.0357142857142857,0.6428571428571429,0.6785714285714286,0.0357142857142857,0.03571428571428571,0.07142857142857142,0.03571428571428571,0.3770583585631413,0.39645802347989817,0.019399664916756876,0.6229416414368586,0.6035419765201019,0.01939966491675671,2.0,1.6,0.3999999999999999,1.0,0.6,0.4,0.0,0.4,0.4,0.0,0.0,0.0,0.19134621658578688,0.2823573654458109,0.09101114886002404,0.8086537834142131,0.7176426345541891,0.09101114886002404
15,7,37,18,8,1259973.0,1260993.0,0.0008095411568343131,1.0,9.400000000000002,0,0.2,1.3214285714285714,1.2142857142857142,0.1071428571428572,0.35714285714285715,0.32142857142857145,0.0357142857142857,0.6428571428571429,0.6785714285714286,0.0357142857142857,0.03571428571428571,0.10714285714285714,0.07142857142857142,0.3770583585631413,0.43725873644523344,0.06020037788209215,0.6229416414368586,0.5627412635547666,0.06020037788209198,2.0,1.9,0.10000000000000009,1.0,0.9,0.09999999999999998,0.0,0.1,0.1,0.0,0.0,0.0,0.19134621658578688,0.265348764706907,0.07400254812112012,0.8086537834142131,0.734651235293093,0.07400254812112017
15,7,39,19,8,1259973.0,1244084.0,0.01277164564450632,0.75,4.175000000000008,0,0.2,1.3214285714285714,1.3571428571428572,0.03571428571428581,0.35714285714285715,0.35714285714285715,0.0,0.6428571428571429,0.6428571428571429,0.0,0.03571428571428571,0.0,0.03571428571428571,0.3770583585631413,0.3579514597664952,0.01910689879664612,0.6229416414368586,0.6420485402335049,0.019106898796646288,2.0,2.0,0.0,1.0,1.0,0.0,0.0,0.0,0.0,0.0,0.0,0.0,0.19134621658578688,0.17594670063366122,0.015399515952125659,0.8086537834142131,0.8240532993663388,0.01539951595212563
16,8,18,9,7,1239020.0,1247055.0,0.006484963923100515,1.4285714285714286,8.057142857142866,0,0.2,1.4761904761904763,1.619047619047619,0.1428571428571428,0.47619047619047616,0.6190476190476191,0.1428571428571429,0.5238095238095238,0.38095238095238093,0.1428571428571429,0.0,0.0,0.0,0.3029177897475214,0.18207302402112177,0.12084476572639966,0.6970822102524786,0.8179269759788781,0.12084476572639946,2.0,2.0,0.0,1.0,1.0,0.0,0.0,0.0,0.0,0.0,0.0,0.0,0.20495250613168295,0.1395236820844878,0.06542882404719516,0.795047493868317,0.8604763179155122,0.06542882404719519
16,8,20,10,7,1239020.0,1249913.0,0.008791625639618408,1.1428571428571428,5.342857142857154,0,0.2,1.4761904761904763,1.4761904761904763,0.0,0.47619047619047616,0.47619047619047616,0.0,0.5238095238095238,0.5238095238095238,0.0,0.0,0.0,0.0,0.3029177897475214,0.26353269985568273,0.0393850898918387,0.6970822102524786,0.736467300144317,0.03938508989183842,2.0,2.0,0.0,1.0,1.0,0.0,0.0,0.0,0.0,0.0,0.0,0.0,0.20495250613168295,0.15700443418668142,0.04794807194500153,0.795047493868317,0.8429955658133185,0.0479480719450015
16,8,22,11,7,1239020.0,1240913.0,0.00152782037416668,0.8571428571428571,2.9428571428571453,0,0.2,1.4761904761904763,1.4761904761904763,0.0,0.47619047619047616,0.47619047619047616,0.0,0.5238095238095238,0.5238095238095238,0.0,0.0,0.0,0.0,0.3029177897475214,0.2517676421994196,0.05115014754810182,0.6970822102524786,0.7482323578005803,0.051150147548101654,2.0,2.0,0.0,1.0,1.0,0.0,0.0,0.0,0.0,0.0,0.0,0.0,0.20495250613168295,0.1738681817602041,0.031084324371478844,0.795047493868317,0.8261318182397959,0.0310843243714789
16,8,24,12,7,1239020.0,1261586.0,0.0182127810689093,1.1428571428571428,8.057142857142868,0,0.2,1.4761904761904763,1.619047619047619,0.1428571428571428,0.47619047619047616,0.6190476190476191,0.1428571428571429,0.5238095238095238,0.38095238095238093,0.1428571428571429,0.0,0.0,0.0,0.3029177897475214,0.20057965402799643,0.10233813571952499,0.6970822102524786,0.7994203459720035,0.10233813571952488,2.0,1.6666666666666667,0.33333333333333326,1.0,0.6666666666666666,0.33333333333333337,0.0,0.3333333333333333,0.3333333333333333,0.0,0.0,0.0,0.20495250613168295,0.2005099243973597,0.004442581734323242,0.795047493868317,0.7994900756026401,0.004442581734323103
16,8,26,13,7,1239020.0,1251866.0,0.010367871382221432,1.1428571428571428,5.9142857142857155,0,0.2,1.4761904761904763,1.619047619047619,0.1428571428571428,0.47619047619047616,0.6190476190476191,0.1428571428571429,0.5238095238095238,0.38095238095238093,0.1428571428571429,0.0,0.0,0.0,0.3029177897475214,0.18717126015080768,0.11574652959671375,0.6970822102524786,0.8128287398491922,0.11574652959671361,2.0,1.6666666666666667,0.33333333333333326,1.0,0.6666666666666666,0.33333333333333337,0.0,0.3333333333333333,0.3333333333333333,0.0,0.0,0.0,0.20495250613168295,0.17040111015229228,0.034551395979390664,0.795047493868317,0.8295988898477077,0.03455139597939072
16,8,28,14,7,1239020.0,1244175.0,0.004160546238155962,2.2857142857142856,11.285714285714276,0,0.2,1.4761904761904763,1.5238095238095237,0.04761904761904745,0.47619047619047616,0.5238095238095238,0.04761904761904767,0.5238095238095238,0.47619047619047616,0.04761904761904767,0.0,0.0,0.0,0.3029177897475214,0.32739689143498746,0.02447910168746603,0.6970822102524786,0.6726031085650126,0.02447910168746603,2.0,1.7333333333333334,0.2666666666666666,1.0,0.7333333333333333,0.2666666666666667,0.0,0.26666666666666666,0.26666666666666666,0.0,0.0,0.0,0.20495250613168295,0.2732937365632947,0.06834123043161175,0.795047493868317,0.7267062634367054,0.06834123043161155
16,8,30,15,7,1239020.0,1249358.0,0.008343690981582217,0.8571428571428571,13.91428571428572,0,0.2,1.4761904761904763,1.5714285714285714,0.09523809523809512,0.47619047619047616,0.5714285714285714,0.09523809523809523,0.5238095238095238,0.42857142857142855,0.09523809523809529,0.0,0.0,0.0,0.3029177897475214,0.301756512518543,0.001161277228978408,0.6970822102524786,0.698243487481457,0.001161277228978408,2.0,1.5714285714285714,0.4285714285714286,1.0,0.5714285714285714,0.4285714285714286,0.0,0.42857142857142855,0.42857142857142855,0.0,0.0,0.0,0.20495250613168295,0.301756512518543,0.09680400638686007,0.795047493868317,0.698243487481457,0.09680400638685993
16,8,32,16,7,1239020.0,1244383.0,0.004328420848735291,1.4285714285714286,8.342857142857152,0,0.2,1.4761904761904763,1.6666666666666667,0.19047619047619047,0.47619047619047616,0.6666666666666666,0.19047619047619047,0.5238095238095238,0.3333333333333333,0.19047619047619052,0.0,0.0,0.0,0.3029177897475214,0.15828626263374707,0.14463152711377436,0.6970822102524786,0.841713737366253,0.14463152711377436,2.0,2.0,0.0,1.0,1.0,0.0,0.0,0.0,0.0,0.0,0.0,0.0,0.20495250613168295,0.10967900842693548,0.09527349770474747,0.795047493868317,0.8903209915730645,0.09527349770474758
16,8,34,17,7,1239020.0,1248876.0,0.007954673855143582,1.7142857142857142,12.628571428571425,0,0.2,1.4761904761904763,1.5714285714285714,0.09523809523809512,0.47619047619047616,0.5714285714285714,0.09523809523809523,0.5238095238095238,0.42857142857142855,0.09523809523809529,0.0,0.0,0.0,0.3029177897475214,0.2404159231567015,0.06250186659081994,0.6970822102524786,0.7595840768432984,0.0625018665908198,2.0,2.0,0.0,1.0,1.0,0.0,0.0,0.0,0.0,0.0,0.0,0.0,0.20495250613168295,0.17701459413649215,0.0279379119951908,0.795047493868317,0.8229854058635079,0.02793791199519091
16,8,36,18,7,1239020.0,1244191.0,0.004173459669738987,1.4285714285714286,8.342857142857149,0,0.2,1.4761904761904763,1.6666666666666667,0.19047619047619047,0.47619047619047616,0.6666666666666666,0.19047619047619047,0.5238095238095238,0.3333333333333333,0.19047619047619052,0.0,0.0,0.0,0.3029177897475214,0.204433439526499,0.09848435022102242,0.6970822102524786,0.7955665604735012,0.09848435022102253,2.0,1.9333333333333333,0.06666666666666665,1.0,0.9333333333333333,0.06666666666666665,0.0,0.06666666666666667,0.06666666666666667,0.0,0.0,0.0,0.20495250613168295,0.15366199986457524,0.05129050626710771,0.795047493868317,0.8463380001354247,0.05129050626710774
16,8,38,19,7,1239020.0,1244383.0,0.004328420848735291,1.4285714285714286,8.342857142857158,0,0.2,1.4761904761904763,1.6666666666666667,0.19047619047619047,0.47619047619047616,0.6666666666666666,0.19047619047619047,0.5238095238095238,0.3333333333333333,0.19047619047619052,0.0,0.0,0.0,0.3029177897475214,0.19689298789020238,0.10602480185731905,0.6970822102524786,0.8031070121097976,0.106024801857319,2.0,1.9333333333333333,0.06666666666666665,1.0,0.9333333333333333,0.06666666666666665,0.0,0.06666666666666667,0.06666666666666667,0.0,0.0,0.0,0.20495250613168295,0.15033961183454148,0.05461289429714147,0.795047493868317,0.8496603881654585,0.054612894297141557
17,8,19,9,8,1248724.0,1273033.0,0.019467071987084417,1.5,8.675000000000004,0,0.2,1.25,1.25,0.0,0.35714285714285715,0.32142857142857145,0.0357142857142857,0.6428571428571429,0.6785714285714286,0.0357142857142857,0.10714285714285714,0.07142857142857142,0.03571428571428571,0.4024240728244681,0.4267716348423857,0.0243475620179176,0.597575927175532,0.5732283651576144,0.024347562017917546,2.0,1.4285714285714286,0.5714285714285714,1.0,0.42857142857142855,0.5714285714285714,0.0,0.5714285714285714,0.5714285714285714,0.0,0.0,0.0,0.20217484582129783,0.37577042494183494,0.1735955791205371,0.797825154178702,0.6242295750581651,0.1735955791205369
17,8,23,11,8,1248724.0,1271035.0,0.017867038673077477,1.0,6.475000000000009,0,0.2,1.25,1.25,0.0,0.35714285714285715,0.32142857142857145,0.0357142857142857,0.6428571428571429,0.6785714285714286,0.0357142857142857,0.10714285714285714,0.07142857142857142,0.03571428571428571,0.4024240728244681,0.421686375269139,0.019262302444670865,0.597575927175532,0.578313624730861,0.019262302444670976,2.0,1.6,0.3999999999999999,1.0,0.6,0.4,0.0,0.4,0.4,0.0,0.0,0.0,0.20217484582129783,0.3112298482778264,0.10905500245652858,0.797825154178702,0.6887701517221737,0.10905500245652833
17,8,25,12,8,1248724.0,1270292.0,0.017272031289540364,1.25,6.850000000000003,0,0.2,1.25,1.2857142857142858,0.03571428571428581,0.35714285714285715,0.32142857142857145,0.0357142857142857,0.6428571428571429,0.6785714285714286,0.0357142857142857,0.10714285714285714,0.03571428571428571,0.07142857142857142,0.4024240728244681,0.42533487350960286,0.022910800685134736,0.597575927175532,0.574665126490397,0.022910800685134958,2.0,1.6,0.3999999999999999,1.0,0.6,0.4,0.0,0.4,0.4,0.0,0.0,0.0,0.20217484582129783,0.3039301020458026,0.10175525622450479,0.797825154178702,0.6960698979541974,0.10175525622450465
17,8,27,13,8,1248724.0,1270571.0,0.01749545936491971,1.0,8.100000000000009,0,0.2,1.25,1.25,0.0,0.35714285714285715,0.32142857142857145,0.0357142857142857,0.6428571428571429,0.6785714285714286,0.0357142857142857,0.10714285714285714,0.07142857142857142,0.03571428571428571,0.4024240728244681,0.38496159354861953,0.017462479275848597,0.597575927175532,0.6150384064513804,0.01746247927584843,2.0,1.6,0.3999999999999999,1.0,0.6,0.4,0.0,0.4,0.4,0.0,0.0,0.0,0.20217484582129783,0.2632366654410493,0.06106181961975146,0.797825154178702,0.7367633345589508,0.06106181961975121
17,8,29,14,8,1248724.0,1263846.0,0.012109961849055516,1.25,4.625000000000007,0,0.2,1.25,1.2142857142857142,0.03571428571428581,0.35714285714285715,0.32142857142857145,0.0357142857142857,0.6428571428571429,0.6785714285714286,0.0357142857142857,0.10714285714285714,0.10714285714285714,0.0,0.4024240728244681,0.42722705645446774,0.02480298362999961,0.597575927175532,0.5727729435455322,0.024802983629999775,2.0,1.9,0.10000000000000009,1.0,0.9,0.09999999999999998,0.0,0.1,0.1,0.0,0.0,0.0,0.20217484582129783,0.22992304296498137,0.02774819714368354,0.797825154178702,0.7700769570350186,0.027748197143683484
17,8,31,15,8,1248724.0,1266770.0,0.014451552144429032,1.0,5.275000000000007,0,0.2,1.25,1.2142857142857142,0.03571428571428581,0.35714285714285715,0.32142857142857145,0.0357142857142857,0.6428571428571429,0.6785714285714286,0.0357142857142857,0.10714285714285714,0.10714285714285714,0.0,0.4024240728244681,0.41825976417769367,0.015835691353225545,0.597575927175532,0.5817402358223063,0.01583569135322571,2.0,1.9,0.10000000000000009,1.0,0.9,0.09999999999999998,0.0,0.1,0.1,0.0,0.0,0.0,0.20217484582129783,0.24437510360888806,0.042200257787590234,0.797825154178702,0.755624896391112,0.04220025778759007
17,8,33,16,8,1248724.0,1270167.0,0.01717192910523062,1.25,8.224999999999998,0,0.2,1.25,1.25,0.0,0.35714285714285715,0.32142857142857145,0.0357142857142857,0.6428571428571429,0.6785714285714286,0.0357142857142857,0.10714285714285714,0.07142857142857142,0.03571428571428571,0.4024240728244681,0.4302807025779582,0.02785662975349007,0.597575927175532,0.5697192974220419,0.027856629753490125,2.0,1.6,0.3999999999999999,1.0,0.6,0.4,0.0,0.4,0.4,0.0,0.0,0.0,0.20217484582129783,0.3190775776345557,0.11690273181325786,0.797825154178702,0.6809224223654443,0.11690273181325772
17,8,35,17,8,1248724.0,1266542.0,0.01426896576024806,1.0,5.625000000000004,0,0.2,1.25,1.25,0.0,0.35714285714285715,0.32142857142857145,0.0357142857142857,0.6428571428571429,0.6785714285714286,0.0357142857142857,0.10714285714285714,0.07142857142857142,0.03571428571428571,0.4024240728244681,0.39645802347989817,0.005966049344569957,0.597575927175532,0.6035419765201019,0.0059660493445699014,2.0,1.6,0.3999999999999999,1.0,0.6,0.4,0.0,0.4,0.4,0.0,0.0,0.0,0.20217484582129783,0.2823573654458109,0.08018251962451309,0.797825154178702,0.7176426345541891,0.08018251962451295
17,8,37,18,8,1248724.0,1260993.0,0.009825229594369933,0.75,6.924999999999997,0,0.2,1.25,1.2142857142857142,0.03571428571428581,0.35714285714285715,0.32142857142857145,0.0357142857142857,0.6428571428571429,0.6785714285714286,0.0357142857142857,0.10714285714285714,0.10714285714285714,0.0,0.4024240728244681,0.43725873644523344,0.034834663620765316,0.597575927175532,0.5627412635547666,0.03483466362076537,2.0,1.9,0.10000000000000009,1.0,0.9,0.09999999999999998,0.0,0.1,0.1,0.0,0.0,0.0,0.20217484582129783,0.265348764706907,0.06317391888560916,0.797825154178702,0.734651235293093,0.06317391888560908
17,8,39,19,8,1248724.0,1244084.0,0.003729651695544674,0.75,1.7750000000000092,0,0.2,1.25,1.3571428571428572,0.1071428571428572,0.35714285714285715,0.35714285714285715,0.0,0.6428571428571429,0.6428571428571429,0.0,0.10714285714285714,0.0,0.10714285714285714,0.4024240728244681,0.3579514597664952,0.044472613057972954,0.597575927175532,0.6420485402335049,0.0444726130579729,2.0,2.0,0.0,1.0,1.0,0.0,0.0,0.0,0.0,0.0,0.0,0.0,0.20217484582129783,0.17594670063366122,0.02622814518763661,0.797825154178702,0.8240532993663388,0.02622814518763672
18,9,20,10,7,1247055.0,1249913.0,0.002291799479573876,1.1428571428571428,5.74285714285715,0,0.2,1.619047619047619,1.4761904761904763,0.1428571428571428,0.6190476190476191,0.47619047619047616,0.1428571428571429,0.38095238095238093,0.5238095238095238,0.1428571428571429,0.0,0.0,0.0,0.18207302402112177,0.26353269985568273,0.08145967583456096,0.8179269759788781,0.736467300144317,0.08145967583456104,2.0,2.0,0.0,1.0,1.0,0.0,0.0,0.0,0.0,0.0,0.0,0.0,0.1395236820844878,0.15700443418668142,0.01748075210219363,0.8604763179155122,0.8429955658133185,0.017480752102193686
18,9,22,11,7,1247055.0,1240913.0,0.0049495814775088985,0.8571428571428571,6.200000000000005,0,0.2,1.619047619047619,1.4761904761904763,0.1428571428571428,0.6190476190476191,0.47619047619047616,0.1428571428571429,0.38095238095238093,0.5238095238095238,0.1428571428571429,0.0,0.0,0.0,0.18207302402112177,0.2517676421994196,0.06969461817829783,0.8179269759788781,0.7482323578005803,0.0696946181782978,2.0,2.0,0.0,1.0,1.0,0.0,0.0,0.0,0.0,0.0,0.0,0.0,0.1395236820844878,0.1738681817602041,0.03434449967571632,0.8604763179155122,0.8261318182397959,0.03434449967571629
18,9,24,12,7,1247055.0,1261586.0,0.011652252707378585,0.8571428571428571,2.2571428571428527,0,0.2,1.619047619047619,1.619047619047619,0.0,0.6190476190476191,0.6190476190476191,0.0,0.38095238095238093,0.38095238095238093,0.0,0.0,0.0,0.0,0.18207302402112177,0.20057965402799643,0.018506630006874664,0.8179269759788781,0.7994203459720035,0.01850663000687458,2.0,1.6666666666666667,0.33333333333333326,1.0,0.6666666666666666,0.33333333333333337,0.0,0.3333333333333333,0.3333333333333333,0.0,0.0,0.0,0.1395236820844878,0.2005099243973597,0.06098624231287192,0.8604763179155122,0.7994900756026401,0.060986242312872085
18,9,26,13,7,1247055.0,1251866.0,0.0038578891869243937,1.1428571428571428,3.6571428571428575,0,0.2,1.619047619047619,1.619047619047619,0.0,0.6190476190476191,0.6190476190476191,0.0,0.38095238095238093,0.38095238095238093,0.0,0.0,0.0,0.0,0.18207302402112177,0.18717126015080768,0.005098236129685907,0.8179269759788781,0.8128287398491922,0.005098236129685851,2.0,1.6666666666666667,0.33333333333333326,1.0,0.6666666666666666,0.33333333333333337,0.0,0.3333333333333333,0.3333333333333333,0.0,0.0,0.0,0.1395236820844878,0.17040111015229228,0.030877428067804497,0.8604763179155122,0.8295988898477077,0.03087742806780447
18,9,28,14,7,1247055.0,1244175.0,0.0023147869069865576,2.5714285714285716,10.0,0,0.2,1.619047619047619,1.5238095238095237,0.09523809523809534,0.6190476190476191,0.5238095238095238,0.09523809523809523,0.38095238095238093,0.47619047619047616,0.09523809523809523,0.0,0.0,0.0,0.18207302402112177,0.32739689143498746,0.1453238674138657,0.8179269759788781,0.6726031085650126,0.1453238674138655,2.0,1.7333333333333334,0.2666666666666666,1.0,0.7333333333333333,0.2666666666666667,0.0,0.26666666666666666,0.26666666666666666,0.0,0.0,0.0,0.1395236820844878,0.2732937365632947,0.1337700544788069,0.8604763179155122,0.7267062634367054,0.13377005447880674
18,9,30,15,7,1247055.0,1249358.0,0.0018467509452269547,1.7142857142857142,10.000000000000004,0,0.2,1.619047619047619,1.5714285714285714,0.04761904761904767,0.6190476190476191,0.5714285714285714,0.04761904761904767,0.38095238095238093,0.42857142857142855,0.047619047619047616,0.0,0.0,0.0,0.18207302402112177,0.301756512518543,0.11968348849742125,0.8179269759788781,0.698243487481457,0.11968348849742105,2.0,1.5714285714285714,0.4285714285714286,1.0,0.5714285714285714,0.4285714285714286,0.0,0.42857142857142855,0.42857142857142855,0.0,0.0,0.0,0.1395236820844878,0.301756512518543,0.16223283043405523,0.8604763179155122,0.698243487481457,0.16223283043405512
18,9,32,16,7,1247055.0,1244383.0,0.0021472488775561866,0.8571428571428571,1.4571428571428544,0,0.2,1.619047619047619,1.6666666666666667,0.04761904761904767,0.6190476190476191,0.6666666666666666,0.04761904761904756,0.38095238095238093,0.3333333333333333,0.047619047619047616,0.0,0.0,0.0,0.18207302402112177,0.15828626263374707,0.023786761387374705,0.8179269759788781,0.841713737366253,0.0237867613873749,2.0,2.0,0.0,1.0,1.0,0.0,0.0,0.0,0.0,0.0,0.0,0.0,0.1395236820844878,0.10967900842693548,0.029844673657552306,0.8604763179155122,0.8903209915730645,0.02984467365755239
18,9,34,17,7,1247055.0,1248876.0,0.0014602403262085474,0.5714285714285714,5.114285714285713,0,0.2,1.619047619047619,1.5714285714285714,0.04761904761904767,0.6190476190476191,0.5714285714285714,0.04761904761904767,0.38095238095238093,0.42857142857142855,0.047619047619047616,0.0,0.0,0.0,0.18207302402112177,0.2404159231567015,0.05834289913557972,0.8179269759788781,0.7595840768432984,0.05834289913557966,2.0,2.0,0.0,1.0,1.0,0.0,0.0,0.0,0.0,0.0,0.0,0.0,0.1395236820844878,0.17701459413649215,0.03749091205200436,0.8604763179155122,0.8229854058635079,0.03749091205200428
18,9,36,18,7,1247055.0,1244191.0,0.002301897377492684,0.8571428571428571,5.657142857142857,0,0.2,1.619047619047619,1.6666666666666667,0.04761904761904767,0.6190476190476191,0.6666666666666666,0.04761904761904756,0.38095238095238093,0.3333333333333333,0.047619047619047616,0.0,0.0,0.0,0.18207302402112177,0.204433439526499,0.022360415505377235,0.8179269759788781,0.7955665604735012,0.02236041550537693,2.0,1.9333333333333333,0.06666666666666665,1.0,0.9333333333333333,0.06666666666666665,0.0,0.06666666666666667,0.06666666666666667,0.0,0.0,0.0,0.1395236820844878,0.15366199986457524,0.01413831778008745,0.8604763179155122,0.8463380001354247,0.01413831778008745
18,9,38,19,7,1247055.0,1244383.0,0.0021472488775561866,0.8571428571428571,4.371428571428571,0,0.2,1.619047619047619,1.6666666666666667,0.04761904761904767,0.6190476190476191,0.6666666666666666,0.04761904761904756,0.38095238095238093,0.3333333333333333,0.047619047619047616,0.0,0.0,0.0,0.18207302402112177,0.19689298789020238,0.014819963869080605,0.8179269759788781,0.8031070121097976,0.014819963869080466,2.0,1.9333333333333333,0.06666666666666665,1.0,0.9333333333333333,0.06666666666666665,0.0,0.06666666666666667,0.06666666666666667,0.0,0.0,0.0,0.1395236820844878,0.15033961183454148,0.010815929750053688,0.8604763179155122,0.8496603881654585,0.010815929750053632
19,9,21,10,8,1273033.0,1274465.0,0.0011248726466635192,1.75,10.42500000000001,0,0.2,1.25,1.25,0.0,0.32142857142857145,0.35714285714285715,0.0357142857142857,0.6785714285714286,0.6428571428571429,0.0357142857142857,0.07142857142857142,0.10714285714285714,0.03571428571428571,0.4267716348423857,0.37365528164279693,0.053116353199588795,0.5732283651576144,0.626344718357203,0.05311635319958852,1.4285714285714286,2.0,0.5714285714285714,0.42857142857142855,1.0,0.5714285714285714,0.5714285714285714,0.0,0.5714285714285714,0.0,0.0,0.0,0.37577042494183494,0.19343594968437822,0.18233447525745672,0.6242295750581651,0.806564050315622,0.18233447525745683
19,9,23,11,8,1273033.0,1271035.0,0.0015719472713182565,1.0,5.249999999999996,0,0.2,1.25,1.25,0.0,0.32142857142857145,0.32142857142857145,0.0,0.6785714285714286,0.6785714285714286,0.0,0.07142857142857142,0.07142857142857142,0.0,0.4267716348423857,0.421686375269139,0.0050852595732467365,0.5732283651576144,0.578313624730861,0.00508525957324657,1.4285714285714286,1.6,0.17142857142857149,0.42857142857142855,0.6,0.17142857142857143,0.5714285714285714,0.4,0.17142857142857137,0.0,0.0,0.0,0.37577042494183494,0.3112298482778264,0.06454057666400853,0.6242295750581651,0.6887701517221737,0.06454057666400859
19,9,25,12,8,1273033.0,1270292.0,0.002157771598970945,1.0,4.925000000000006,0,0.2,1.25,1.2857142857142858,0.03571428571428581,0.32142857142857145,0.32142857142857145,0.0,0.6785714285714286,0.6785714285714286,0.0,0.07142857142857142,0.03571428571428571,0.03571428571428571,0.4267716348423857,0.42533487350960286,0.0014367613327828654,0.5732283651576144,0.574665126490397,0.0014367613327825879,1.4285714285714286,1.6,0.17142857142857149,0.42857142857142855,0.6,0.17142857142857143,0.5714285714285714,0.4,0.17142857142857137,0.0,0.0,0.0,0.37577042494183494,0.3039301020458026,0.07184032289603232,0.6242295750581651,0.6960698979541974,0.07184032289603226
19,9,27,13,8,1273033.0,1270571.0,0.0019377114698824387,1.75,9.225,0,0.2,1.25,1.25,0.0,0.32142857142857145,0.32142857142857145,0.0,0.6785714285714286,0.6785714285714286,0.0,0.07142857142857142,0.07142857142857142,0.0,0.4267716348423857,0.38496159354861953,0.0418100412937662,0.5732283651576144,0.6150384064513804,0.041810041293765976,1.4285714285714286,1.6,0.17142857142857149,0.42857142857142855,0.6,0.17142857142857143,0.5714285714285714,0.4,0.17142857142857137,0.0,0.0,0.0,0.37577042494183494,0.2632366654410493,0.11253375950078565,0.6242295750581651,0.7367633345589508,0.1125337595007857
19,9,29,14,8,1273033.0,1263846.0,0.007269081834337411,1.25,7.299999999999997,0,0.2,1.25,1.2142857142857142,0.03571428571428581,0.32142857142857145,0.32142857142857145,0.0,0.6785714285714286,0.6785714285714286,0.0,0.07142857142857142,0.10714285714285714,0.03571428571428571,0.4267716348423857,0.42722705645446774,0.0004554216120820076,0.5732283651576144,0.5727729435455322,0.00045542161208222964,1.4285714285714286,1.9,0.4714285714285713,0.42857142857142855,0.9,0.4714285714285715,0.5714285714285714,0.1,0.4714285714285714,0.0,0.0,0.0,0.37577042494183494,0.22992304296498137,0.14584738197685357,0.6242295750581651,0.7700769570350186,0.14584738197685343
19,9,31,15,8,1273033.0,1266770.0,0.004944070352155482,1.0,8.575,0,0.2,1.25,1.2142857142857142,0.03571428571428581,0.32142857142857145,0.32142857142857145,0.0,0.6785714285714286,0.6785714285714286,0.0,0.07142857142857142,0.10714285714285714,0.03571428571428571,0.4267716348423857,0.41825976417769367,0.008511870664692056,0.5732283651576144,0.5817402358223063,0.008511870664691834,1.4285714285714286,1.9,0.4714285714285713,0.42857142857142855,0.9,0.4714285714285715,0.5714285714285714,0.1,0.4714285714285714,0.0,0.0,0.0,0.37577042494183494,0.24437510360888806,0.13139532133294687,0.6242295750581651,0.755624896391112,0.13139532133294685
19,9,33,16,8,1273033.0,1270167.0,0.0022563962061681654,1.0,4.425000000000002,0,0.2,1.25,1.25,0.0,0.32142857142857145,0.32142857142857145,0.0,0.6785714285714286,0.6785714285714286,0.0,0.07142857142857142,0.07142857142857142,0.0,0.4267716348423857,0.4302807025779582,0.0035090677355724686,0.5732283651576144,0.5697192974220419,0.0035090677355725797,1.4285714285714286,1.6,0.17142857142857149,0.42857142857142855,0.6,0.17142857142857143,0.5714285714285714,0.4,0.17142857142857137,0.0,0.0,0.0,0.37577042494183494,0.3190775776345557,0.05669284730727925,0.6242295750581651,0.6809224223654443,0.05669284730727919
19,9,35,17,8,1273033.0,1266542.0,0.005124978089948853,1.0,4.9750000000000005,0,0.2,1.25,1.25,0.0,0.32142857142857145,0.32142857142857145,0.0,0.6785714285714286,0.6785714285714286,0.0,0.07142857142857142,0.07142857142857142,0.0,0.4267716348423857,0.39645802347989817,0.030313611362487558,0.5732283651576144,0.6035419765201019,0.030313611362487447,1.4285714285714286,1.6,0.17142857142857149,0.42857142857142855,0.6,0.17142857142857143,0.5714285714285714,0.4,0.17142857142857137,0.0,0.0,0.0,0.37577042494183494,0.2823573654458109,0.09341305949602402,0.6242295750581651,0.7176426345541891,0.09341305949602396
19,9,37,18,8,1273033.0,1260993.0,0.009548030797950503,1.25,12.550000000000008,0,0.2,1.25,1.2142857142857142,0.03571428571428581,0.32142857142857145,0.32142857142857145,0.0,0.6785714285714286,0.6785714285714286,0.0,0.07142857142857142,0.10714285714285714,0.03571428571428571,0.4267716348423857,0.43725873644523344,0.010487101602847715,0.5732283651576144,0.5627412635547666,0.010487101602847826,1.4285714285714286,1.9,0.4714285714285713,0.42857142857142855,0.9,0.4714285714285715,0.5714285714285714,0.1,0.4714285714285714,0.0,0.0,0.0,0.37577042494183494,0.265348764706907,0.11042166023492794,0.6242295750581651,0.734651235293093,0.11042166023492783
20,10,22,11,7,1249913.0,1240913.0,0.0072527244053370386,0.5714285714285714,4.285714285714266,0,0.2,1.4761904761904763,1.4761904761904763,0.0,0.47619047619047616,0.47619047619047616,0.0,0.5238095238095238,0.5238095238095238,0.0,0.0,0.0,0.0,0.26353269985568273,0.2517676421994196,0.011765057656263123,0.736467300144317,0.7482323578005803,0.011765057656263234,2.0,2.0,0.0,1.0,1.0,0.0,0.0,0.0,0.0,0.0,0.0,0.0,0.15700443418668142,0.1738681817602041,0.016863747573522686,0.8429955658133185,0.8261318182397959,0.016863747573522603
20,10,24,12,7,1249913.0,1261586.0,0.009339049997879852,0.8571428571428571,5.371428571428578,0,0.2,1.4761904761904763,1.619047619047619,0.1428571428571428,0.47619047619047616,0.6190476190476191,0.1428571428571429,0.5238095238095238,0.38095238095238093,0.1428571428571429,0.0,0.0,0.0,0.26353269985568273,0.20057965402799643,0.0629530458276863,0.736467300144317,0.7994203459720035,0.06295304582768646,2.0,1.6666666666666667,0.33333333333333326,1.0,0.6666666666666666,0.33333333333333337,0.0,0.3333333333333333,0.3333333333333333,0.0,0.0,0.0,0.15700443418668142,0.2005099243973597,0.04350549021067829,0.8429955658133185,0.7994900756026401,0.0435054902106784
20,10,26,13,7,1249913.0,1251866.0,0.0015625087506090424,1.1428571428571428,5.628571428571419,0,0.2,1.4761904761904763,1.619047619047619,0.1428571428571428,0.47619047619047616,0.6190476190476191,0.1428571428571429,0.5238095238095238,0.38095238095238093,0.1428571428571429,0.0,0.0,0.0,0.26353269985568273,0.18717126015080768,0.07636143970487505,0.736467300144317,0.8128287398491922,0.07636143970487519,2.0,1.6666666666666667,0.33333333333333326,1.0,0.6666666666666666,0.33333333333333337,0.0,0.3333333333333333,0.3333333333333333,0.0,0.0,0.0,0.15700443418668142,0.17040111015229228,0.013396675965610866,0.8429955658133185,0.8295988898477077,0.013396675965610783
20,10,28,14,7,1249913.0,1244175.0,0.004611891413989189,1.4285714285714286,11.885714285714297,0,0.2,1.4761904761904763,1.5238095238095237,0.04761904761904745,0.47619047619047616,0.5238095238095238,0.04761904761904767,0.5238095238095238,0.47619047619047616,0.04761904761904767,0.0,0.0,0.0,0.26353269985568273,0.32739689143498746,0.06386419157930473,0.736467300144317,0.6726031085650126,0.06386419157930445,2.0,1.7333333333333334,0.2666666666666666,1.0,0.7333333333333333,0.2666666666666667,0.0,0.26666666666666666,0.26666666666666666,0.0,0.0,0.0,0.15700443418668142,0.2732937365632947,0.11628930237661328,0.8429955658133185,0.7267062634367054,0.11628930237661306
20,10,30,15,7,1249913.0,1249358.0,0.00044422815558070627,1.1428571428571428,13.628571428571421,0,0.2,1.4761904761904763,1.5714285714285714,0.09523809523809512,0.47619047619047616,0.5714285714285714,0.09523809523809523,0.5238095238095238,0.42857142857142855,0.09523809523809529,0.0,0.0,0.0,0.26353269985568273,0.301756512518543,0.03822381266286029,0.736467300144317,0.698243487481457,0.03822381266286001,2.0,1.5714285714285714,0.4285714285714286,1.0,0.5714285714285714,0.4285714285714286,0.0,0.42857142857142855,0.42857142857142855,0.0,0.0,0.0,0.15700443418668142,0.301756512518543,0.1447520783318616,0.8429955658133185,0.698243487481457,0.14475207833186143
20,10,32,16,7,1249913.0,1244383.0,0.004443969420990161,0.2857142857142857,4.6000000000000085,0,0.2,1.4761904761904763,1.6666666666666667,0.19047619047619047,0.47619047619047616,0.6666666666666666,0.19047619047619047,0.5238095238095238,0.3333333333333333,0.19047619047619052,0.0,0.0,0.0,0.26353269985568273,0.15828626263374707,0.10524643722193566,0.736467300144317,0.841713737366253,0.10524643722193594,2.0,2.0,0.0,1.0,1.0,0.0,0.0,0.0,0.0,0.0,0.0,0.0,0.15700443418668142,0.10967900842693548,0.04732542575974594,0.8429955658133185,0.8903209915730645,0.047325425759746076
20,10,34,17,7,1249913.0,1248876.0,0.0008303466477056169,0.8571428571428571,9.17142857142856,0,0.2,1.4761904761904763,1.5714285714285714,0.09523809523809512,0.47619047619047616,0.5714285714285714,0.09523809523809523,0.5238095238095238,0.42857142857142855,0.09523809523809529,0.0,0.0,0.0,0.26353269985568273,0.2404159231567015,0.02311677669898124,0.736467300144317,0.7595840768432984,0.02311677669898138,2.0,2.0,0.0,1.0,1.0,0.0,0.0,0.0,0.0,0.0,0.0,0.0,0.15700443418668142,0.17701459413649215,0.02001015994981073,0.8429955658133185,0.8229854058635079,0.02001015994981059
20,10,36,18,7,1249913.0,1244191.0,0.0045989723442783305,0.8571428571428571,8.285714285714276,0,0.2,1.4761904761904763,1.6666666666666667,0.19047619047619047,0.47619047619047616,0.6666666666666666,0.19047619047619047,0.5238095238095238,0.3333333333333333,0.19047619047619052,0.0,0.0,0.0,0.26353269985568273,0.204433439526499,0.05909926032918372,0.736467300144317,0.7955665604735012,0.05909926032918411,2.0,1.9333333333333333,0.06666666666666665,1.0,0.9333333333333333,0.06666666666666665,0.0,0.06666666666666667,0.06666666666666667,0.0,0.0,0.0,0.15700443418668142,0.15366199986457524,0.0033424343221061803,0.8429955658133185,0.8463380001354247,0.003342434322106236
20,10,38,19,7,1249913.0,1244383.0,0.004443969420990161,0.5714285714285714,6.285714285714285,0,0.2,1.4761904761904763,1.6666666666666667,0.19047619047619047,0.47619047619047616,0.6666666666666666,0.19047619047619047,0.5238095238095238,0.3333333333333333,0.19047619047619052,0.0,0.0,0.0,0.26353269985568273,0.19689298789020238,0.06663971196548035,0.736467300144317,0.8031070121097976,0.06663971196548057,2.0,1.9333333333333333,0.06666666666666665,1.0,0.9333333333333333,0.06666666666666665,0.0,0.06666666666666667,0.06666666666666667,0.0,0.0,0.0,0.15700443418668142,0.15033961183454148,0.006664822352139943,0.8429955658133185,0.8496603881654585,0.006664822352140054
21,10,23,11,8,1274465.0,1271035.0,0.002698588158469279,1.25,6.799999999999996,0,0.2,1.25,1.25,0.0,0.35714285714285715,0.32142857142857145,0.0357142857142857,0.6428571428571429,0.6785714285714286,0.0357142857142857,0.10714285714285714,0.07142857142857142,0.03571428571428571,0.37365528164279693,0.421686375269139,0.04803109362634206,0.626344718357203,0.578313624730861,0.04803109362634195,2.0,1.6,0.3999999999999999,1.0,0.6,0.4,0.0,0.4,0.4,0.0,0.0,0.0,0.19343594968437822,0.3112298482778264,0.11779389859344819,0.806564050315622,0.6887701517221737,0.11779389859344824
21,10,25,12,8,1274465.0,1270292.0,0.0032850714638838945,1.75,9.350000000000005,0,0.2,1.25,1.2857142857142858,0.03571428571428581,0.35714285714285715,0.32142857142857145,0.0357142857142857,0.6428571428571429,0.6785714285714286,0.0357142857142857,0.10714285714285714,0.03571428571428571,0.07142857142857142,0.37365528164279693,0.42533487350960286,0.05167959186680593,0.626344718357203,0.574665126490397,0.05167959186680593,2.0,1.6,0.3999999999999999,1.0,0.6,0.4,0.0,0.4,0.4,0.0,0.0,0.0,0.19343594968437822,0.3039301020458026,0.1104941523614244,0.806564050315622,0.6960698979541974,0.11049415236142457
21,10,27,13,8,1274465.0,1270571.0,0.003064763795175555,1.5,7.324999999999996,0,0.2,1.25,1.25,0.0,0.35714285714285715,0.32142857142857145,0.0357142857142857,0.6428571428571429,0.6785714285714286,0.0357142857142857,0.10714285714285714,0.07142857142857142,0.03571428571428571,0.37365528164279693,0.38496159354861953,0.011306311905822597,0.626344718357203,0.6150384064513804,0.011306311905822541,2.0,1.6,0.3999999999999999,1.0,0.6,0.4,0.0,0.4,0.4,0.0,0.0,0.0,0.19343594968437822,0.2632366654410493,0.06980071575667107,0.806564050315622,0.7367633345589508,0.06980071575667113
21,10,29,14,8,1274465.0,1263846.0,0.008402131272322736,1.5,3.8999999999999897,0,0.2,1.25,1.2142857142857142,0.03571428571428581,0.35714285714285715,0.32142857142857145,0.0357142857142857,0.6428571428571429,0.6785714285714286,0.0357142857142857,0.10714285714285714,0.10714285714285714,0.0,0.37365528164279693,0.42722705645446774,0.0535717748116708,0.626344718357203,0.5727729435455322,0.05357177481167075,2.0,1.9,0.10000000000000009,1.0,0.9,0.09999999999999998,0.0,0.1,0.1,0.0,0.0,0.0,0.19343594968437822,0.22992304296498137,0.03648709328060315,0.806564050315622,0.7700769570350186,0.0364870932806034
21,10,31,15,8,1274465.0,1266770.0,0.006074504448321322,1.25,3.8999999999999906,0,0.2,1.25,1.2142857142857142,0.03571428571428581,0.35714285714285715,0.32142857142857145,0.0357142857142857,0.6428571428571429,0.6785714285714286,0.0357142857142857,0.10714285714285714,0.10714285714285714,0.0,0.37365528164279693,0.41825976417769367,0.04460448253489674,0.626344718357203,0.5817402358223063,0.04460448253489668,2.0,1.9,0.10000000000000009,1.0,0.9,0.09999999999999998,0.0,0.1,0.1,0.0,0.0,0.0,0.19343594968437822,0.24437510360888806,0.050939153924509845,0.806564050315622,0.755624896391112,0.05093915392450998
21,10,33,16,8,1274465.0,1270167.0,0.0033838070112040385,1.75,8.12500000000001,0,0.2,1.25,1.25,0.0,0.35714285714285715,0.32142857142857145,0.0357142857142857,0.6428571428571429,0.6785714285714286,0.0357142857142857,0.10714285714285714,0.07142857142857142,0.03571428571428571,0.37365528164279693,0.4302807025779582,0.056625420935161264,0.626344718357203,0.5697192974220419,0.0566254209351611,2.0,1.6,0.3999999999999999,1.0,0.6,0.4,0.0,0.4,0.4,0.0,0.0,0.0,0.19343594968437822,0.3190775776345557,0.12564162795017747,0.806564050315622,0.6809224223654443,0.12564162795017764
21,10,35,17,8,1274465.0,1266542.0,0.0062556156842805055,1.5,7.950000000000009,0,0.2,1.25,1.25,0.0,0.35714285714285715,0.32142857142857145,0.0357142857142857,0.6428571428571429,0.6785714285714286,0.0357142857142857,0.10714285714285714,0.07142857142857142,0.03571428571428571,0.37365528164279693,0.39645802347989817,0.022802741837101237,0.626344718357203,0.6035419765201019,0.02280274183710107,2.0,1.6,0.3999999999999999,1.0,0.6,0.4,0.0,0.4,0.4,0.0,0.0,0.0,0.19343594968437822,0.2823573654458109,0.0889214157614327,0.806564050315622,0.7176426345541891,0.08892141576143286
21,10,37,18,8,1274465.0,1260993.0,0.010683643763288139,1.0,5.249999999999998,0,0.2,1.25,1.2142857142857142,0.03571428571428581,0.35714285714285715,0.32142857142857145,0.0357142857142857,0.6428571428571429,0.6785714285714286,0.0357142857142857,0.10714285714285714,0.10714285714285714,0.0,0.37365528164279693,0.43725873644523344,0.06360345480243651,0.626344718357203,0.5627412635547666,0.06360345480243634,2.0,1.9,0.10000000000000009,1.0,0.9,0.09999999999999998,0.0,0.1,0.1,0.0,0.0,0.0,0.19343594968437822,0.265348764706907,0.07191281502252878,0.806564050315622,0.734651235293093,0.071912815022529
22,11,24,12,7,1240913.0,1261586.0,0.016659507959059176,0.8571428571428571,6.342857142857142,0,0.2,1.4761904761904763,1.619047619047619,0.1428571428571428,0.47619047619047616,0.6190476190476191,0.1428571428571429,0.5238095238095238,0.38095238095238093,0.1428571428571429,0.0,0.0,0.0,0.2517676421994196,0.20057965402799643,0.05118798817142317,0.7482323578005803,0.7994203459720035,0.05118798817142323,2.0,1.6666666666666667,0.33333333333333326,1.0,0.6666666666666666,0.33333333333333337,0.0,0.3333333333333333,0.3333333333333333,0.0,0.0,0.0,0.1738681817602041,0.2005099243973597,0.026641742637155602,0.8261318182397959,0.7994900756026401,0.026641742637155796
22,11,26,13,7,1240913.0,1251866.0,0.008826565601295175,1.1428571428571428,3.8857142857142812,0,0.2,1.4761904761904763,1.619047619047619,0.1428571428571428,0.47619047619047616,0.6190476190476191,0.1428571428571429,0.5238095238095238,0.38095238095238093,0.1428571428571429,0.0,0.0,0.0,0.2517676421994196,0.18717126015080768,0.06459638204861193,0.7482323578005803,0.8128287398491922,0.06459638204861196,2.0,1.6666666666666667,0.33333333333333326,1.0,0.6666666666666666,0.33333333333333337,0.0,0.3333333333333333,0.3333333333333333,0.0,0.0,0.0,0.1738681817602041,0.17040111015229228,0.0034670716079118202,0.8261318182397959,0.8295988898477077,0.0034670716079118202
22,11,28,14,7,1240913.0,1244175.0,0.0026287096678010466,1.7142857142857142,10.199999999999989,0,0.2,1.4761904761904763,1.5238095238095237,0.04761904761904745,0.47619047619047616,0.5238095238095238,0.04761904761904767,0.5238095238095238,0.47619047619047616,0.04761904761904767,0.0,0.0,0.0,0.2517676421994196,0.32739689143498746,0.07562924923556785,0.7482323578005803,0.6726031085650126,0.07562924923556769,2.0,1.7333333333333334,0.2666666666666666,1.0,0.7333333333333333,0.2666666666666667,0.0,0.26666666666666666,0.26666666666666666,0.0,0.0,0.0,0.1738681817602041,0.2732937365632947,0.0994255548030906,0.8261318182397959,0.7267062634367054,0.09942555480309045
22,11,30,15,7,1240913.0,1249358.0,0.006805473067007921,0.8571428571428571,11.31428571428572,0,0.2,1.4761904761904763,1.5714285714285714,0.09523809523809512,0.47619047619047616,0.5714285714285714,0.09523809523809523,0.5238095238095238,0.42857142857142855,0.09523809523809529,0.0,0.0,0.0,0.2517676421994196,0.301756512518543,0.04998887031912341,0.7482323578005803,0.698243487481457,0.049988870319123246,2.0,1.5714285714285714,0.4285714285714286,1.0,0.5714285714285714,0.4285714285714286,0.0,0.42857142857142855,0.42857142857142855,0.0,0.0,0.0,0.1738681817602041,0.301756512518543,0.12788833075833891,0.8261318182397959,0.698243487481457,0.12788833075833883
22,11,32,16,7,1240913.0,1244383.0,0.0027963281873910582,0.8571428571428571,6.342857142857141,0,0.2,1.4761904761904763,1.6666666666666667,0.19047619047619047,0.47619047619047616,0.6666666666666666,0.19047619047619047,0.5238095238095238,0.3333333333333333,0.19047619047619052,0.0,0.0,0.0,0.2517676421994196,0.15828626263374707,0.09348137956567254,0.7482323578005803,0.841713737366253,0.0934813795656727,2.0,2.0,0.0,1.0,1.0,0.0,0.0,0.0,0.0,0.0,0.0,0.0,0.1738681817602041,0.10967900842693548,0.06418917333326862,0.8261318182397959,0.8903209915730645,0.06418917333326868
22,11,34,17,7,1240913.0,1248876.0,0.006417049382188759,1.1428571428571428,10.771428571428563,0,0.2,1.4761904761904763,1.5714285714285714,0.09523809523809512,0.47619047619047616,0.5714285714285714,0.09523809523809523,0.5238095238095238,0.42857142857142855,0.09523809523809529,0.0,0.0,0.0,0.2517676421994196,0.2404159231567015,0.011351719042718117,0.7482323578005803,0.7595840768432984,0.011351719042718145,2.0,2.0,0.0,1.0,1.0,0.0,0.0,0.0,0.0,0.0,0.0,0.0,0.1738681817602041,0.17701459413649215,0.0031464123762880436,0.8261318182397959,0.8229854058635079,0.003146412376287988
22,11,36,18,7,1240913.0,1244191.0,0.002641603400077201,0.5714285714285714,7.2285714285714215,0,0.2,1.4761904761904763,1.6666666666666667,0.19047619047619047,0.47619047619047616,0.6666666666666666,0.19047619047619047,0.5238095238095238,0.3333333333333333,0.19047619047619052,0.0,0.0,0.0,0.2517676421994196,0.204433439526499,0.0473342026729206,0.7482323578005803,0.7955665604735012,0.04733420267292088,2.0,1.9333333333333333,0.06666666666666665,1.0,0.9333333333333333,0.06666666666666665,0.0,0.06666666666666667,0.06666666666666667,0.0,0.0,0.0,0.1738681817602041,0.15366199986457524,0.020206181895628866,0.8261318182397959,0.8463380001354247,0.02020618189562884
22,11,38,19,7,1240913.0,1244383.0,0.0027963281873910582,0.5714285714285714,7.2285714285714295,0,0.2,1.4761904761904763,1.6666666666666667,0.19047619047619047,0.47619047619047616,0.6666666666666666,0.19047619047619047,0.5238095238095238,0.3333333333333333,0.19047619047619052,0.0,0.0,0.0,0.2517676421994196,0.19689298789020238,0.05487465430921723,0.7482323578005803,0.8031070121097976,0.05487465430921734,2.0,1.9333333333333333,0.06666666666666665,1.0,0.9333333333333333,0.06666666666666665,0.0,0.06666666666666667,0.06666666666666667,0.0,0.0,0.0,0.1738681817602041,0.15033961183454148,0.02352856992566263,0.8261318182397959,0.8496603881654585,0.023528569925662657
23,11,25,12,8,1271035.0,1270292.0,0.0005849048880100008,0.5,3.4250000000000123,0,0.2,1.25,1.2857142857142858,0.03571428571428581,0.32142857142857145,0.32142857142857145,0.0,0.6785714285714286,0.6785714285714286,0.0,0.07142857142857142,0.03571428571428571,0.03571428571428571,0.421686375269139,0.42533487350960286,0.003648498240463871,0.578313624730861,0.574665126490397,0.003648498240463982,1.6,1.6,0.0,0.6,0.6,0.0,0.4,0.4,0.0,0.0,0.0,0.0,0.3112298482778264,0.3039301020458026,0.007299746232023785,0.6887701517221737,0.6960698979541974,0.007299746232023674
23,11,27,13,8,1271035.0,1270571.0,0.00036519013892179187,1.0,7.425000000000002,0,0.2,1.25,1.25,0.0,0.32142857142857145,0.32142857142857145,0.0,0.6785714285714286,0.6785714285714286,0.0,0.07142857142857142,0.07142857142857142,0.0,0.421686375269139,0.38496159354861953,0.03672478172051946,0.578313624730861,0.6150384064513804,0.036724781720519406,1.6,1.6,0.0,0.6,0.6,0.0,0.4,0.4,0.0,0.0,0.0,0.0,0.3112298482778264,0.2632366654410493,0.047993182836777115,0.6887701517221737,0.7367633345589508,0.047993182836777115
23,11,29,14,8,1271035.0,1263846.0,0.005688193023517106,0.75,6.949999999999997,0,0.2,1.25,1.2142857142857142,0.03571428571428581,0.32142857142857145,0.32142857142857145,0.0,0.6785714285714286,0.6785714285714286,0.0,0.07142857142857142,0.10714285714285714,0.03571428571428571,0.421686375269139,0.42722705645446774,0.005540681185328744,0.578313624730861,0.5727729435455322,0.0055406811853288,1.6,1.9,0.2999999999999998,0.6,0.9,0.30000000000000004,0.4,0.1,0.30000000000000004,0.0,0.0,0.0,0.3112298482778264,0.22992304296498137,0.08130680531284504,0.6887701517221737,0.7700769570350186,0.08130680531284484
23,11,31,15,8,1271035.0,1266770.0,0.0033668306006615248,0.5,7.574999999999999,0,0.2,1.25,1.2142857142857142,0.03571428571428581,0.32142857142857145,0.32142857142857145,0.0,0.6785714285714286,0.6785714285714286,0.0,0.07142857142857142,0.10714285714285714,0.03571428571428571,0.421686375269139,0.41825976417769367,0.0034266110914453196,0.578313624730861,0.5817402358223063,0.003426611091445264,1.6,1.9,0.2999999999999998,0.6,0.9,0.30000000000000004,0.4,0.1,0.30000000000000004,0.0,0.0,0.0,0.3112298482778264,0.24437510360888806,0.06685474466893834,0.6887701517221737,0.755624896391112,0.06685474466893826
23,11,33,16,8,1271035.0,1270167.0,0.0006833747058457668,0.5,2.6250000000000124,0,0.2,1.25,1.25,0.0,0.32142857142857145,0.32142857142857145,0.0,0.6785714285714286,0.6785714285714286,0.0,0.07142857142857142,0.07142857142857142,0.0,0.421686375269139,0.4302807025779582,0.008594327308819205,0.578313624730861,0.5697192974220419,0.00859432730881915,1.6,1.6,0.0,0.6,0.6,0.0,0.4,0.4,0.0,0.0,0.0,0.0,0.3112298482778264,0.3190775776345557,0.007847729356729283,0.6887701517221737,0.6809224223654443,0.007847729356729394
23,11,35,17,8,1271035.0,1266542.0,0.003547454407354829,1.5,2.9999999999999982,0,0.2,1.25,1.25,0.0,0.32142857142857145,0.32142857142857145,0.0,0.6785714285714286,0.6785714285714286,0.0,0.07142857142857142,0.07142857142857142,0.0,0.421686375269139,0.39645802347989817,0.02522835178924082,0.578313624730861,0.6035419765201019,0.025228351789240877,1.6,1.6,0.0,0.6,0.6,0.0,0.4,0.4,0.0,0.0,0.0,0.0,0.3112298482778264,0.2823573654458109,0.02887248283201549,0.6887701517221737,0.7176426345541891,0.028872482832015378
23,11,37,18,8,1271035.0,1260993.0,0.007963565222011542,1.0,11.825000000000006,0,0.2,1.25,1.2142857142857142,0.03571428571428581,0.32142857142857145,0.32142857142857145,0.0,0.6785714285714286,0.6785714285714286,0.0,0.07142857142857142,0.10714285714285714,0.03571428571428571,0.421686375269139,0.43725873644523344,0.015572361176094451,0.578313624730861,0.5627412635547666,0.015572361176094396,1.6,1.9,0.2999999999999998,0.6,0.9,0.30000000000000004,0.4,0.1,0.30000000000000004,0.0,0.0,0.0,0.3112298482778264,0.265348764706907,0.04588108357091941,0.6887701517221737,0.734651235293093,0.045881083570919245
24,12,26,13,7,1261586.0,1251866.0,0.007764409289812168,0.5714285714285714,3.171428571428559,0,0.2,1.619047619047619,1.619047619047619,0.0,0.6190476190476191,0.6190476190476191,0.0,0.38095238095238093,0.38095238095238093,0.0,0.0,0.0,0.0,0.20057965402799643,0.18717126015080768,0.013408393877188757,0.7994203459720035,0.8128287398491922,0.013408393877188729,1.6666666666666667,1.6666666666666667,0.0,0.6666666666666666,0.6666666666666666,0.0,0.3333333333333333,0.3333333333333333,0.0,0.0,0.0,0.0,0.2005099243973597,0.17040111015229228,0.030108814245067422,0.7994900756026401,0.8295988898477077,0.030108814245067617
24,12,28,14,7,1261586.0,1244175.0,0.01399401209636908,2.2857142857142856,9.685714285714292,0,0.2,1.619047619047619,1.5238095238095237,0.09523809523809534,0.6190476190476191,0.5238095238095238,0.09523809523809523,0.38095238095238093,0.47619047619047616,0.09523809523809523,0.0,0.0,0.0,0.20057965402799643,0.32739689143498746,0.12681723740699102,0.7994203459720035,0.6726031085650126,0.1268172374069909,1.6666666666666667,1.7333333333333334,0.06666666666666665,0.6666666666666666,0.7333333333333333,0.06666666666666665,0.3333333333333333,0.26666666666666666,0.06666666666666665,0.0,0.0,0.0,0.2005099243973597,0.2732937365632947,0.07278381216593499,0.7994900756026401,0.7267062634367054,0.07278381216593466
24,12,30,15,7,1261586.0,1249358.0,0.009787426822415993,1.7142857142857142,8.62857142857142,0,0.2,1.619047619047619,1.5714285714285714,0.04761904761904767,0.6190476190476191,0.5714285714285714,0.04761904761904767,0.38095238095238093,0.42857142857142855,0.047619047619047616,0.0,0.0,0.0,0.20057965402799643,0.301756512518543,0.10117685849054658,0.7994203459720035,0.698243487481457,0.10117685849054647,1.6666666666666667,1.5714285714285714,0.09523809523809534,0.6666666666666666,0.5714285714285714,0.09523809523809523,0.3333333333333333,0.42857142857142855,0.09523809523809523,0.0,0.0,0.0,0.2005099243973597,0.301756512518543,0.10124658812118331,0.7994900756026401,0.698243487481457,0.10124658812118303
24,12,32,16,7,1261586.0,1244383.0,0.01382452187148169,0.5714285714285714,2.4285714285714297,0,0.2,1.619047619047619,1.6666666666666667,0.04761904761904767,0.6190476190476191,0.6666666666666666,0.04761904761904756,0.38095238095238093,0.3333333333333333,0.047619047619047616,0.0,0.0,0.0,0.20057965402799643,0.15828626263374707,0.04229339139424937,0.7994203459720035,0.841713737366253,0.04229339139424948,1.6666666666666667,2.0,0.33333333333333326,0.6666666666666666,1.0,0.33333333333333337,0.3333333333333333,0.0,0.3333333333333333,0.0,0.0,0.0,0.2005099243973597,0.10967900842693548,0.09083091597042423,0.7994900756026401,0.8903209915730645,0.09083091597042448
24,12,34,17,7,1261586.0,1248876.0,0.010177151294443965,0.8571428571428571,4.571428571428558,0,0.2,1.619047619047619,1.5714285714285714,0.04761904761904767,0.6190476190476191,0.5714285714285714,0.04761904761904767,0.38095238095238093,0.42857142857142855,0.047619047619047616,0.0,0.0,0.0,0.20057965402799643,0.2404159231567015,0.039836269128705054,0.7994203459720035,0.7595840768432984,0.03983626912870508,1.6666666666666667,2.0,0.33333333333333326,0.6666666666666666,1.0,0.33333333333333337,0.3333333333333333,0.0,0.3333333333333333,0.0,0.0,0.0,0.2005099243973597,0.17701459413649215,0.02349533026086756,0.7994900756026401,0.8229854058635079,0.02349533026086781
24,12,36,18,7,1261586.0,1244191.0,0.013980972374820265,0.8571428571428571,5.342857142857146,0,0.2,1.619047619047619,1.6666666666666667,0.04761904761904767,0.6190476190476191,0.6666666666666666,0.04761904761904756,0.38095238095238093,0.3333333333333333,0.047619047619047616,0.0,0.0,0.0,0.20057965402799643,0.204433439526499,0.003853785498502571,0.7994203459720035,0.7955665604735012,0.003853785498502349,1.6666666666666667,1.9333333333333333,0.2666666666666666,0.6666666666666666,0.9333333333333333,0.2666666666666667,0.3333333333333333,0.06666666666666667,0.26666666666666666,0.0,0.0,0.0,0.2005099243973597,0.15366199986457524,0.04684792453278447,0.7994900756026401,0.8463380001354247,0.046847924532784635
24,12,38,19,7,1261586.0,1244383.0,0.01382452187148169,0.5714285714285714,3.6285714285714312,0,0.2,1.619047619047619,1.6666666666666667,0.04761904761904767,0.6190476190476191,0.6666666666666666,0.04761904761904756,0.38095238095238093,0.3333333333333333,0.047619047619047616,0.0,0.0,0.0,0.20057965402799643,0.19689298789020238,0.003686666137794059,0.7994203459720035,0.8031070121097976,0.0036866661377941146,1.6666666666666667,1.9333333333333333,0.2666666666666666,0.6666666666666666,0.9333333333333333,0.2666666666666667,0.3333333333333333,0.06666666666666667,0.26666666666666666,0.0,0.0,0.0,0.2005099243973597,0.15033961183454148,0.05017031256281823,0.7994900756026401,0.8496603881654585,0.05017031256281845
25,12,27,13,8,1270292.0,1270571.0,0.00021963454071977152,0.75,8.225000000000009,0,0.2,1.2857142857142858,1.25,0.03571428571428581,0.32142857142857145,0.32142857142857145,0.0,0.6785714285714286,0.6785714285714286,0.0,0.03571428571428571,0.07142857142857142,0.03571428571428571,0.42533487350960286,0.38496159354861953,0.04037327996098333,0.574665126490397,0.6150384064513804,0.04037327996098339,1.6,1.6,0.0,0.6,0.6,0.0,0.4,0.4,0.0,0.0,0.0,0.0,0.3039301020458026,0.2632366654410493,0.04069343660475333,0.6960698979541974,0.7367633345589508,0.04069343660475344
25,12,29,14,8,1270292.0,1263846.0,0.005100304942216061,1.25,8.350000000000007,0,0.2,1.2857142857142858,1.2142857142857142,0.07142857142857162,0.32142857142857145,0.32142857142857145,0.0,0.6785714285714286,0.6785714285714286,0.0,0.03571428571428571,0.10714285714285714,0.07142857142857142,0.42533487350960286,0.42722705645446774,0.001892182944864873,0.574665126490397,0.5727729435455322,0.0018921829448648175,1.6,1.9,0.2999999999999998,0.6,0.9,0.30000000000000004,0.4,0.1,0.30000000000000004,0.0,0.0,0.0,0.3039301020458026,0.22992304296498137,0.07400705908082125,0.6960698979541974,0.7700769570350186,0.07400705908082117
25,12,31,15,8,1270292.0,1266770.0,0.002780299501882741,1.0,9.625000000000007,0,0.2,1.2857142857142858,1.2142857142857142,0.07142857142857162,0.32142857142857145,0.32142857142857145,0.0,0.6785714285714286,0.6785714285714286,0.0,0.03571428571428571,0.10714285714285714,0.07142857142857142,0.42533487350960286,0.41825976417769367,0.007075109331909191,0.574665126490397,0.5817402358223063,0.007075109331909246,1.6,1.9,0.2999999999999998,0.6,0.9,0.30000000000000004,0.4,0.1,0.30000000000000004,0.0,0.0,0.0,0.3039301020458026,0.24437510360888806,0.05955499843691456,0.6960698979541974,0.755624896391112,0.059554998436914586
25,12,33,16,8,1270292.0,1270167.0,9.841225602617608e-05,0.0,3.425,1,0.2,1.2857142857142858,1.25,0.03571428571428581,0.32142857142857145,0.32142857142857145,0.0,0.6785714285714286,0.6785714285714286,0.0,0.03571428571428571,0.07142857142857142,0.03571428571428571,0.42533487350960286,0.4302807025779582,0.004945829068355334,0.574665126490397,0.5697192974220419,0.0049458290683551676,1.6,1.6,0.0,0.6,0.6,0.0,0.4,0.4,0.0,0.0,0.0,0.0,0.3039301020458026,0.3190775776345557,0.015147475588753068,0.6960698979541974,0.6809224223654443,0.015147475588753068
25,12,35,17,8,1270292.0,1266542.0,0.002960817722586381,1.25,4.000000000000008,0,0.2,1.2857142857142858,1.25,0.03571428571428581,0.32142857142857145,0.32142857142857145,0.0,0.6785714285714286,0.6785714285714286,0.0,0.03571428571428571,0.07142857142857142,0.03571428571428571,0.42533487350960286,0.39645802347989817,0.028876850029704693,0.574665126490397,0.6035419765201019,0.02887685002970486,1.6,1.6,0.0,0.6,0.6,0.0,0.4,0.4,0.0,0.0,0.0,0.0,0.3039301020458026,0.2823573654458109,0.021572736599991704,0.6960698979541974,0.7176426345541891,0.021572736599991704
25,12,37,18,8,1270292.0,1260993.0,0.0073743470423705765,1.25,10.849999999999996,0,0.2,1.2857142857142858,1.2142857142857142,0.07142857142857162,0.32142857142857145,0.32142857142857145,0.0,0.6785714285714286,0.6785714285714286,0.0,0.03571428571428571,0.10714285714285714,0.07142857142857142,0.42533487350960286,0.43725873644523344,0.01192386293563058,0.574665126490397,0.5627412635547666,0.011923862935630414,1.6,1.9,0.2999999999999998,0.6,0.9,0.30000000000000004,0.4,0.1,0.30000000000000004,0.0,0.0,0.0,0.3039301020458026,0.265348764706907,0.03858133733889563,0.6960698979541974,0.734651235293093,0.03858133733889557
26,13,28,14,7,1251866.0,1244175.0,0.006181606285289449,2.5714285714285716,9.742857142857138,0,0.2,1.619047619047619,1.5238095238095237,0.09523809523809534,0.6190476190476191,0.5238095238095238,0.09523809523809523,0.38095238095238093,0.47619047619047616,0.09523809523809523,0.0,0.0,0.0,0.18717126015080768,0.32739689143498746,0.14022563128417978,0.8128287398491922,0.6726031085650126,0.14022563128417964,1.6666666666666667,1.7333333333333334,0.06666666666666665,0.6666666666666666,0.7333333333333333,0.06666666666666665,0.3333333333333333,0.26666666666666666,0.06666666666666665,0.0,0.0,0.0,0.17040111015229228,0.2732937365632947,0.10289262641100241,0.8295988898477077,0.7267062634367054,0.10289262641100227
26,13,30,15,7,1251866.0,1249358.0,0.0020074310165701104,1.7142857142857142,8.399999999999997,0,0.2,1.619047619047619,1.5714285714285714,0.04761904761904767,0.6190476190476191,0.5714285714285714,0.04761904761904767,0.38095238095238093,0.42857142857142855,0.047619047619047616,0.0,0.0,0.0,0.18717126015080768,0.301756512518543,0.11458525236773534,0.8128287398491922,0.698243487481457,0.1145852523677352,1.6666666666666667,1.5714285714285714,0.09523809523809534,0.6666666666666666,0.5714285714285714,0.09523809523809523,0.3333333333333333,0.42857142857142855,0.09523809523809523,0.0,0.0,0.0,0.17040111015229228,0.301756512518543,0.13135540236625073,0.8295988898477077,0.698243487481457,0.13135540236625065
26,13,32,16,7,1251866.0,1244383.0,0.00601342191270694,1.1428571428571428,4.714285714285714,0,0.2,1.619047619047619,1.6666666666666667,0.04761904761904767,0.6190476190476191,0.6666666666666666,0.04761904761904756,0.38095238095238093,0.3333333333333333,0.047619047619047616,0.0,0.0,0.0,0.18717126015080768,0.15828626263374707,0.028884997517060612,0.8128287398491922,0.841713737366253,0.02888499751706075,1.6666666666666667,2.0,0.33333333333333326,0.6666666666666666,1.0,0.33333333333333337,0.3333333333333333,0.0,0.3333333333333333,0.0,0.0,0.0,0.17040111015229228,0.10967900842693548,0.0607221017253568,0.8295988898477077,0.8903209915730645,0.06072210172535686
26,13,34,17,7,1251866.0,1248876.0,0.002394152822217738,1.4285714285714286,6.885714285714284,0,0.2,1.619047619047619,1.5714285714285714,0.04761904761904767,0.6190476190476191,0.5714285714285714,0.04761904761904767,0.38095238095238093,0.42857142857142855,0.047619047619047616,0.0,0.0,0.0,0.18717126015080768,0.2404159231567015,0.05324466300589381,0.8128287398491922,0.7595840768432984,0.05324466300589381,1.6666666666666667,2.0,0.33333333333333326,0.6666666666666666,1.0,0.33333333333333337,0.3333333333333333,0.0,0.3333333333333333,0.0,0.0,0.0,0.17040111015229228,0.17701459413649215,0.006613483984199864,0.8295988898477077,0.8229854058635079,0.006613483984199808
26,13,36,18,7,1251866.0,1244191.0,0.0061686670294191165,1.4285714285714286,6.257142857142855,0,0.2,1.619047619047619,1.6666666666666667,0.04761904761904767,0.6190476190476191,0.6666666666666666,0.04761904761904756,0.38095238095238093,0.3333333333333333,0.047619047619047616,0.0,0.0,0.0,0.18717126015080768,0.204433439526499,0.017262179375691328,0.8128287398491922,0.7955665604735012,0.017262179375691078,1.6666666666666667,1.9333333333333333,0.2666666666666666,0.6666666666666666,0.9333333333333333,0.2666666666666667,0.3333333333333333,0.06666666666666667,0.26666666666666666,0.0,0.0,0.0,0.17040111015229228,0.15366199986457524,0.016739110287717046,0.8295988898477077,0.8463380001354247,0.01673911028771702
26,13,38,19,7,1251866.0,1244383.0,0.00601342191270694,1.1428571428571428,6.257142857142847,0,0.2,1.619047619047619,1.6666666666666667,0.04761904761904767,0.6190476190476191,0.6666666666666666,0.04761904761904756,0.38095238095238093,0.3333333333333333,0.047619047619047616,0.0,0.0,0.0,0.18717126015080768,0.19689298789020238,0.009721727739394698,0.8128287398491922,0.8031070121097976,0.009721727739394614,1.6666666666666667,1.9333333333333333,0.2666666666666666,0.6666666666666666,0.9333333333333333,0.2666666666666667,0.3333333333333333,0.06666666666666667,0.26666666666666666,0.0,0.0,0.0,0.17040111015229228,0.15033961183454148,0.02006149831775081,0.8295988898477077,0.8496603881654585,0.020061498317750837
27,13,29,14,8,1270571.0,1263846.0,0.005321059686069347,1.25,6.024999999999999,0,0.2,1.25,1.2142857142857142,0.03571428571428581,0.32142857142857145,0.32142857142857145,0.0,0.6785714285714286,0.6785714285714286,0.0,0.07142857142857142,0.10714285714285714,0.03571428571428571,0.38496159354861953,0.42722705645446774,0.042265462905848206,0.6150384064513804,0.5727729435455322,0.042265462905848206,1.6,1.9,0.2999999999999998,0.6,0.9,0.30000000000000004,0.4,0.1,0.30000000000000004,0.0,0.0,0.0,0.2632366654410493,0.22992304296498137,0.03331362247606792,0.7367633345589508,0.7700769570350186,0.03331362247606773
27,13,31,15,8,1270571.0,1266770.0,0.003000544692406672,1.25,5.899999999999998,0,0.2,1.25,1.2142857142857142,0.03571428571428581,0.32142857142857145,0.32142857142857145,0.0,0.6785714285714286,0.6785714285714286,0.0,0.07142857142857142,0.10714285714285714,0.03571428571428571,0.38496159354861953,0.41825976417769367,0.03329817062907414,0.6150384064513804,0.5817402358223063,0.03329817062907414,1.6,1.9,0.2999999999999998,0.6,0.9,0.30000000000000004,0.4,0.1,0.30000000000000004,0.0,0.0,0.0,0.2632366654410493,0.24437510360888806,0.018861561832161228,0.7367633345589508,0.755624896391112,0.018861561832161144
27,13,33,16,8,1270571.0,1270167.0,0.00031806841147660113,0.75,4.800000000000012,0,0.2,1.25,1.25,0.0,0.32142857142857145,0.32142857142857145,0.0,0.6785714285714286,0.6785714285714286,0.0,0.07142857142857142,0.07142857142857142,0.0,0.38496159354861953,0.4302807025779582,0.04531910902933867,0.6150384064513804,0.5697192974220419,0.045319109029338556,1.6,1.6,0.0,0.6,0.6,0.0,0.4,0.4,0.0,0.0,0.0,0.0,0.2632366654410493,0.3190775776345557,0.0558409121935064,0.7367633345589508,0.6809224223654443,0.05584091219350651
27,13,35,17,8,1270571.0,1266542.0,0.0031811025611468077,1.0,9.549999999999997,0,0.2,1.25,1.25,0.0,0.32142857142857145,0.32142857142857145,0.0,0.6785714285714286,0.6785714285714286,0.0,0.07142857142857142,0.07142857142857142,0.0,0.38496159354861953,0.39645802347989817,0.01149642993127864,0.6150384064513804,0.6035419765201019,0.011496429931278529,1.6,1.6,0.0,0.6,0.6,0.0,0.4,0.4,0.0,0.0,0.0,0.0,0.2632366654410493,0.2823573654458109,0.019120700004761626,0.7367633345589508,0.7176426345541891,0.019120700004761737
27,13,37,18,8,1270571.0,1260993.0,0.007595601244416107,0.75,11.825000000000014,0,0.2,1.25,1.2142857142857142,0.03571428571428581,0.32142857142857145,0.32142857142857145,0.0,0.6785714285714286,0.6785714285714286,0.0,0.07142857142857142,0.10714285714285714,0.03571428571428571,0.38496159354861953,0.43725873644523344,0.05229714289661391,0.6150384064513804,0.5627412635547666,0.0522971428966138,1.6,1.9,0.2999999999999998,0.6,0.9,0.30000000000000004,0.4,0.1,0.30000000000000004,0.0,0.0,0.0,0.2632366654410493,0.265348764706907,0.002112099265857703,0.7367633345589508,0.734651235293093,0.0021120992658578697
28,14,30,15,7,1244175.0,1249358.0,0.004165812687121988,1.7142857142857142,9.771428571428572,0,0.2,1.5238095238095237,1.5714285714285714,0.04761904761904767,0.5238095238095238,0.5714285714285714,0.04761904761904756,0.47619047619047616,0.42857142857142855,0.047619047619047616,0.0,0.0,0.0,0.32739689143498746,0.301756512518543,0.02564037891644444,0.6726031085650126,0.698243487481457,0.02564037891644444,1.7333333333333334,1.5714285714285714,0.161904761904762,0.7333333333333333,0.5714285714285714,0.16190476190476188,0.26666666666666666,0.42857142857142855,0.16190476190476188,0.0,0.0,0.0,0.2732937365632947,0.301756512518543,0.02846277595524832,0.7267062634367054,0.698243487481457,0.028462775955248376
28,14,32,16,7,1244175.0,1244383.0,0.00016717905439347358,1.7142857142857142,9.685714285714289,0,0.2,1.5238095238095237,1.6666666666666667,0.14285714285714302,0.5238095238095238,0.6666666666666666,0.1428571428571428,0.47619047619047616,0.3333333333333333,0.14285714285714285,0.0,0.0,0.0,0.32739689143498746,0.15828626263374707,0.1691106288012404,0.6726031085650126,0.841713737366253,0.1691106288012404,1.7333333333333334,2.0,0.2666666666666666,0.7333333333333333,1.0,0.2666666666666667,0.26666666666666666,0.0,0.26666666666666666,0.0,0.0,0.0,0.2732937365632947,0.10967900842693548,0.16361472813635922,0.7267062634367054,0.8903209915730645,0.16361472813635913
28,14,34,17,7,1244175.0,1248876.0,0.003778407378383266,2.2857142857142856,13.228571428571422,0,0.2,1.5238095238095237,1.5714285714285714,0.04761904761904767,0.5238095238095238,0.5714285714285714,0.04761904761904756,0.47619047619047616,0.42857142857142855,0.047619047619047616,0.0,0.0,0.0,0.32739689143498746,0.2404159231567015,0.08698096827828597,0.6726031085650126,0.7595840768432984,0.08698096827828583,1.7333333333333334,2.0,0.2666666666666666,0.7333333333333333,1.0,0.2666666666666667,0.26666666666666666,0.0,0.26666666666666666,0.0,0.0,0.0,0.2732937365632947,0.17701459413649215,0.09627914242680255,0.7267062634367054,0.8229854058635079,0.09627914242680247
28,14,36,18,7,1244175.0,1244191.0,1.285992726103643e-05,1.7142857142857142,5.342857142857136,0,0.2,1.5238095238095237,1.6666666666666667,0.14285714285714302,0.5238095238095238,0.6666666666666666,0.1428571428571428,0.47619047619047616,0.3333333333333333,0.14285714285714285,0.0,0.0,0.0,0.32739689143498746,0.204433439526499,0.12296345190848845,0.6726031085650126,0.7955665604735012,0.12296345190848856,1.7333333333333334,1.9333333333333333,0.19999999999999996,0.7333333333333333,0.9333333333333333,0.20000000000000007,0.26666666666666666,0.06666666666666667,0.2,0.0,0.0,0.0,0.2732937365632947,0.15366199986457524,0.11963173669871946,0.7267062634367054,0.8463380001354247,0.1196317366987193
28,14,38,19,7,1244175.0,1244383.0,0.00016717905439347358,1.7142857142857142,7.342857142857144,0,0.2,1.5238095238095237,1.6666666666666667,0.14285714285714302,0.5238095238095238,0.6666666666666666,0.1428571428571428,0.47619047619047616,0.3333333333333333,0.14285714285714285,0.0,0.0,0.0,0.32739689143498746,0.19689298789020238,0.13050390354478508,0.6726031085650126,0.8031070121097976,0.13050390354478503,1.7333333333333334,1.9333333333333333,0.19999999999999996,0.7333333333333333,0.9333333333333333,0.20000000000000007,0.26666666666666666,0.06666666666666667,0.2,0.0,0.0,0.0,0.2732937365632947,0.15033961183454148,0.12295412472875322,0.7267062634367054,0.8496603881654585,0.12295412472875311
29,14,31,15,8,1263846.0,1266770.0,0.0023135730144337205,0.5,1.974999999999997,0,0.2,1.2142857142857142,1.2142857142857142,0.0,0.32142857142857145,0.32142857142857145,0.0,0.6785714285714286,0.6785714285714286,0.0,0.10714285714285714,0.10714285714285714,0.0,0.42722705645446774,0.41825976417769367,0.008967292276774064,0.5727729435455322,0.5817402358223063,0.008967292276774064,1.9,1.9,0.0,0.9,0.9,0.0,0.1,0.1,0.0,0.0,0.0,0.0,0.22992304296498137,0.24437510360888806,0.014452060643906695,0.7700769570350186,0.755624896391112,0.014452060643906584
29,14,33,16,8,1263846.0,1270167.0,0.00500140048708466,1.25,6.075,0,0.2,1.2142857142857142,1.25,0.03571428571428581,0.32142857142857145,0.32142857142857145,0.0,0.6785714285714286,0.6785714285714286,0.0,0.10714285714285714,0.07142857142857142,0.03571428571428571,0.42722705645446774,0.4302807025779582,0.003053646123490461,0.5727729435455322,0.5697192974220419,0.00305364612349035,1.9,1.6,0.2999999999999998,0.9,0.6,0.30000000000000004,0.1,0.4,0.30000000000000004,0.0,0.0,0.0,0.22992304296498137,0.3190775776345557,0.08915453466957432,0.7700769570350186,0.6809224223654443,0.08915453466957424
29,14,35,17,8,1263846.0,1266542.0,0.0021331712882740462,1.5,7.274999999999992,0,0.2,1.2142857142857142,1.25,0.03571428571428581,0.32142857142857145,0.32142857142857145,0.0,0.6785714285714286,0.6785714285714286,0.0,0.10714285714285714,0.07142857142857142,0.03571428571428571,0.42722705645446774,0.39645802347989817,0.030769032974569566,0.5727729435455322,0.6035419765201019,0.030769032974569677,1.9,1.6,0.2999999999999998,0.9,0.6,0.30000000000000004,0.1,0.4,0.30000000000000004,0.0,0.0,0.0,0.22992304296498137,0.2823573654458109,0.05243432248082955,0.7700769570350186,0.7176426345541891,0.052434322480829465
29,14,37,18,8,1263846.0,1260993.0,0.0022625026467236534,0.75,7.050000000000015,0,0.2,1.2142857142857142,1.2142857142857142,0.0,0.32142857142857145,0.32142857142857145,0.0,0.6785714285714286,0.6785714285714286,0.0,0.10714285714285714,0.10714285714285714,0.0,0.42722705645446774,0.43725873644523344,0.010031679990765707,0.5727729435455322,0.5627412635547666,0.010031679990765596,1.9,1.9,0.0,0.9,0.9,0.0,0.1,0.1,0.0,0.0,0.0,0.0,0.22992304296498137,0.265348764706907,0.035425721741925625,0.7700769570350186,0.734651235293093,0.0354257217419256
29,14,39,19,8,1263846.0,1244084.0,0.0158847794843435,1.0,6.324999999999999,0,0.2,1.2142857142857142,1.3571428571428572,0.14285714285714302,0.32142857142857145,0.35714285714285715,0.0357142857142857,0.6785714285714286,0.6428571428571429,0.0357142857142857,0.10714285714285714,0.0,0.10714285714285714,0.42722705645446774,0.3579514597664952,0.06927559668797256,0.5727729435455322,0.6420485402335049,0.06927559668797267,1.9,2.0,0.10000000000000009,0.9,1.0,0.09999999999999998,0.1,0.0,0.1,0.0,0.0,0.0,0.22992304296498137,0.17594670063366122,0.05397634233132015,0.7700769570350186,0.8240532993663388,0.053976342331320204
30,15,32,16,7,1249358.0,1244383.0,0.003997965256677406,1.4285714285714286,10.714285714285719,0,0.2,1.5714285714285714,1.6666666666666667,0.09523809523809534,0.5714285714285714,0.6666666666666666,0.09523809523809523,0.42857142857142855,0.3333333333333333,0.09523809523809523,0.0,0.0,0.0,0.301756512518543,0.15828626263374707,0.14347024988479595,0.698243487481457,0.841713737366253,0.14347024988479595,1.5714285714285714,2.0,0.4285714285714286,0.5714285714285714,1.0,0.4285714285714286,0.42857142857142855,0.0,0.42857142857142855,0.0,0.0,0.0,0.301756512518543,0.10967900842693548,0.19207750409160754,0.698243487481457,0.8903209915730645,0.1920775040916075
30,15,34,17,7,1249358.0,1248876.0,0.00038594704358158857,1.7142857142857142,11.714285714285714,0,0.2,1.5714285714285714,1.5714285714285714,0.0,0.5714285714285714,0.5714285714285714,0.0,0.42857142857142855,0.42857142857142855,0.0,0.0,0.0,0.0,0.301756512518543,0.2404159231567015,0.06134058936184153,0.698243487481457,0.7595840768432984,0.06134058936184139,1.5714285714285714,2.0,0.4285714285714286,0.5714285714285714,1.0,0.4285714285714286,0.42857142857142855,0.0,0.42857142857142855,0.0,0.0,0.0,0.301756512518543,0.17701459413649215,0.12474191838205087,0.698243487481457,0.8229854058635079,0.12474191838205084
30,15,36,18,7,1249358.0,1244191.0,0.004152899353877339,0.8571428571428571,6.914285714285717,0,0.2,1.5714285714285714,1.6666666666666667,0.09523809523809534,0.5714285714285714,0.6666666666666666,0.09523809523809523,0.42857142857142855,0.3333333333333333,0.09523809523809523,0.0,0.0,0.0,0.301756512518543,0.204433439526499,0.09732307299204401,0.698243487481457,0.7955665604735012,0.09732307299204412,1.5714285714285714,1.9333333333333333,0.36190476190476195,0.5714285714285714,0.9333333333333333,0.36190476190476195,0.42857142857142855,0.06666666666666667,0.3619047619047619,0.0,0.0,0.0,0.301756512518543,0.15366199986457524,0.14809451265396778,0.698243487481457,0.8463380001354247,0.14809451265396767
30,15,38,19,7,1249358.0,1244383.0,0.003997965256677406,1.1428571428571428,8.91428571428571,0,0.2,1.5714285714285714,1.6666666666666667,0.09523809523809534,0.5714285714285714,0.6666666666666666,0.09523809523809523,0.42857142857142855,0.3333333333333333,0.09523809523809523,0.0,0.0,0.0,0.301756512518543,0.19689298789020238,0.10486352462834064,0.698243487481457,0.8031070121097976,0.10486352462834059,1.5714285714285714,1.9333333333333333,0.36190476190476195,0.5714285714285714,0.9333333333333333,0.36190476190476195,0.42857142857142855,0.06666666666666667,0.3619047619047619,0.0,0.0,0.0,0.301756512518543,0.15033961183454148,0.15141690068400154,0.698243487481457,0.8496603881654585,0.1514169006840015
31,15,33,16,8,1266770.0,1270167.0,0.00268162334125374,1.0,6.70000000000001,0,0.2,1.2142857142857142,1.25,0.03571428571428581,0.32142857142857145,0.32142857142857145,0.0,0.6785714285714286,0.6785714285714286,0.0,0.10714285714285714,0.07142857142857142,0.03571428571428571,0.41825976417769367,0.4302807025779582,0.012020938400264525,0.5817402358223063,0.5697192974220419,0.012020938400264414,1.9,1.6,0.2999999999999998,0.9,0.6,0.30000000000000004,0.1,0.4,0.30000000000000004,0.0,0.0,0.0,0.24437510360888806,0.3190775776345557,0.07470247402566763,0.755624896391112,0.6809224223654443,0.07470247402566765
31,15,35,17,8,1266770.0,1266542.0,0.00018001771753325195,1.25,8.249999999999996,0,0.2,1.2142857142857142,1.25,0.03571428571428581,0.32142857142857145,0.32142857142857145,0.0,0.6785714285714286,0.6785714285714286,0.0,0.10714285714285714,0.07142857142857142,0.03571428571428571,0.41825976417769367,0.39645802347989817,0.021801740697795502,0.5817402358223063,0.6035419765201019,0.021801740697795613,1.9,1.6,0.2999999999999998,0.9,0.6,0.30000000000000004,0.1,0.4,0.30000000000000004,0.0,0.0,0.0,0.24437510360888806,0.2823573654458109,0.037982261836922854,0.755624896391112,0.7176426345541891,0.03798226183692288
31,15,37,18,8,1266770.0,1260993.0,0.0045813101262259185,0.5,7.8750000000000115,0,0.2,1.2142857142857142,1.2142857142857142,0.0,0.32142857142857145,0.32142857142857145,0.0,0.6785714285714286,0.6785714285714286,0.0,0.10714285714285714,0.10714285714285714,0.0,0.41825976417769367,0.43725873644523344,0.01899897226753977,0.5817402358223063,0.5627412635547666,0.01899897226753966,1.9,1.9,0.0,0.9,0.9,0.0,0.1,0.1,0.0,0.0,0.0,0.0,0.24437510360888806,0.265348764706907,0.02097366109801893,0.755624896391112,0.734651235293093,0.020973661098019014
31,15,39,19,8,1266770.0,1244084.0,0.018235103095932428,0.75,6.974999999999999,0,0.2,1.2142857142857142,1.3571428571428572,0.14285714285714302,0.32142857142857145,0.35714285714285715,0.0357142857142857,0.6785714285714286,0.6428571428571429,0.0357142857142857,0.10714285714285714,0.0,0.10714285714285714,0.41825976417769367,0.3579514597664952,0.0603083044111985,0.5817402358223063,0.6420485402335049,0.06030830441119861,1.9,2.0,0.10000000000000009,0.9,1.0,0.09999999999999998,0.1,0.0,0.1,0.0,0.0,0.0,0.24437510360888806,0.17594670063366122,0.06842840297522684,0.755624896391112,0.8240532993663388,0.06842840297522679
32,16,34,17,7,1244383.0,1248876.0,0.0036106247031661475,0.5714285714285714,4.971428571428577,0,0.2,1.6666666666666667,1.5714285714285714,0.09523809523809534,0.6666666666666666,0.5714285714285714,0.09523809523809523,0.3333333333333333,0.42857142857142855,0.09523809523809523,0.0,0.0,0.0,0.15828626263374707,0.2404159231567015,0.08212966052295442,0.841713737366253,0.7595840768432984,0.08212966052295456,2.0,2.0,0.0,1.0,1.0,0.0,0.0,0.0,0.0,0.0,0.0,0.0,0.10967900842693548,0.17701459413649215,0.06733558570955667,0.8903209915730645,0.8229854058635079,0.06733558570955667
32,16,36,18,7,1244383.0,1244191.0,0.00015431714262520787,0.5714285714285714,5.342857142857144,0,0.2,1.6666666666666667,1.6666666666666667,0.0,0.6666666666666666,0.6666666666666666,0.0,0.3333333333333333,0.3333333333333333,0.0,0.0,0.0,0.0,0.15828626263374707,0.204433439526499,0.04614717689275194,0.841713737366253,0.7955665604735012,0.04614717689275183,2.0,1.9333333333333333,0.06666666666666665,1.0,0.9333333333333333,0.06666666666666665,0.0,0.06666666666666667,0.06666666666666667,0.0,0.0,0.0,0.10967900842693548,0.15366199986457524,0.04398299143763976,0.8903209915730645,0.8463380001354247,0.04398299143763984
32,16,38,19,7,1244383.0,1244383.0,0.0,0.2857142857142857,3.3428571428571368,0,0.2,1.6666666666666667,1.6666666666666667,0.0,0.6666666666666666,0.6666666666666666,0.0,0.3333333333333333,0.3333333333333333,0.0,0.0,0.0,0.0,0.15828626263374707,0.19689298789020238,0.03860672525645531,0.841713737366253,0.8031070121097976,0.038606725256455365,2.0,1.9333333333333333,0.06666666666666665,1.0,0.9333333333333333,0.06666666666666665,0.0,0.06666666666666667,0.06666666666666667,0.0,0.0,0.0,0.10967900842693548,0.15033961183454148,0.040660603407605994,0.8903209915730645,0.8496603881654585,0.04066060340760602
33,16,35,17,8,1270167.0,1266542.0,0.002862123798500168,1.25,4.75,0,0.2,1.25,1.25,0.0,0.32142857142857145,0.32142857142857145,0.0,0.6785714285714286,0.6785714285714286,0.0,0.07142857142857142,0.07142857142857142,0.0,0.4302807025779582,0.39645802347989817,0.03382267909806003,0.5697192974220419,0.6035419765201019,0.03382267909806003,1.6,1.6,0.0,0.6,0.6,0.0,0.4,0.4,0.0,0.0,0.0,0.0,0.3190775776345557,0.2823573654458109,0.03672021218874477,0.6809224223654443,0.7176426345541891,0.03672021218874477
33,16,37,18,8,1270167.0,1260993.0,0.007275218815647668,1.25,12.700000000000003,0,0.2,1.25,1.2142857142857142,0.03571428571428581,0.32142857142857145,0.32142857142857145,0.0,0.6785714285714286,0.6785714285714286,0.0,0.07142857142857142,0.10714285714285714,0.03571428571428571,0.4302807025779582,0.43725873644523344,0.006978033867275246,0.5697192974220419,0.5627412635547666,0.006978033867275246,1.6,1.9,0.2999999999999998,0.6,0.9,0.30000000000000004,0.4,0.1,0.30000000000000004,0.0,0.0,0.0,0.3190775776345557,0.265348764706907,0.053728812927648695,0.6809224223654443,0.734651235293093,0.05372881292764864
34,17,36,18,7,1248876.0,1244191.0,0.00376549902707864,0.8571428571428571,9.314285714285704,0,0.2,1.5714285714285714,1.6666666666666667,0.09523809523809534,0.5714285714285714,0.6666666666666666,0.09523809523809523,0.42857142857142855,0.3333333333333333,0.09523809523809523,0.0,0.0,0.0,0.2404159231567015,0.204433439526499,0.03598248363020248,0.7595840768432984,0.7955665604735012,0.03598248363020273,2.0,1.9333333333333333,0.06666666666666665,1.0,0.9333333333333333,0.06666666666666665,0.0,0.06666666666666667,0.06666666666666667,0.0,0.0,0.0,0.17701459413649215,0.15366199986457524,0.02335259427191691,0.8229854058635079,0.8463380001354247,0.023352594271916827
34,17,38,19,7,1248876.0,1244383.0,0.0036106247031661475,0.5714285714285714,7.314285714285697,0,0.2,1.5714285714285714,1.6666666666666667,0.09523809523809534,0.5714285714285714,0.6666666666666666,0.09523809523809523,0.42857142857142855,0.3333333333333333,0.09523809523809523,0.0,0.0,0.0,0.2404159231567015,0.19689298789020238,0.04352293526649911,0.7595840768432984,0.8031070121097976,0.043522935266499196,2.0,1.9333333333333333,0.06666666666666665,1.0,0.9333333333333333,0.06666666666666665,0.0,0.06666666666666667,0.06666666666666667,0.0,0.0,0.0,0.17701459413649215,0.15033961183454148,0.026674982301950673,0.8229854058635079,0.8496603881654585,0.026674982301950645
35,17,37,18,8,1266542.0,1260993.0,0.004400500240683334,0.75,12.150000000000002,0,0.2,1.25,1.2142857142857142,0.03571428571428581,0.32142857142857145,0.32142857142857145,0.0,0.6785714285714286,0.6785714285714286,0.0,0.07142857142857142,0.10714285714285714,0.03571428571428571,0.39645802347989817,0.43725873644523344,0.04080071296533527,0.6035419765201019,0.5627412635547666,0.04080071296533527,1.6,1.9,0.2999999999999998,0.6,0.9,0.30000000000000004,0.4,0.1,0.30000000000000004,0.0,0.0,0.0,0.2823573654458109,0.265348764706907,0.017008600738903923,0.7176426345541891,0.734651235293093,0.017008600738903867
35,17,39,19,8,1266542.0,1244084.0,0.018051835728134114,0.5,6.8750000000000115,0,0.2,1.25,1.3571428571428572,0.1071428571428572,0.32142857142857145,0.35714285714285715,0.0357142857142857,0.6785714285714286,0.6428571428571429,0.0357142857142857,0.07142857142857142,0.0,0.07142857142857142,0.39645802347989817,0.3579514597664952,0.038506563713403,0.6035419765201019,0.6420485402335049,0.038506563713403,1.6,2.0,0.3999999999999999,0.6,1.0,0.4,0.4,0.0,0.4,0.0,0.0,0.0,0.2823573654458109,0.17594670063366122,0.1064106648121497,0.7176426345541891,0.8240532993663388,0.10641066481214967
36,18,38,19,7,1244191.0,1244383.0,0.00015431714262520787,0.2857142857142857,2.000000000000008,0,0.2,1.6666666666666667,1.6666666666666667,0.0,0.6666666666666666,0.6666666666666666,0.0,0.3333333333333333,0.3333333333333333,0.0,0.0,0.0,0.0,0.204433439526499,0.19689298789020238,0.00754045163629663,0.7955665604735012,0.8031070121097976,0.0075404516362964635,1.9333333333333333,1.9333333333333333,0.0,0.9333333333333333,0.9333333333333333,0.0,0.06666666666666667,0.06666666666666667,0.0,0.0,0.0,0.0,0.15366199986457524,0.15033961183454148,0.0033223880300337627,0.8463380001354247,0.8496603881654585,0.0033223880300338182
37,18,39,19,8,1260993.0,1244084.0,0.013591525974130365,0.75,6.850000000000001,0,0.2,1.2142857142857142,1.3571428571428572,0.14285714285714302,0.32142857142857145,0.35714285714285715,0.0357142857142857,0.6785714285714286,0.6428571428571429,0.0357142857142857,0.10714285714285714,0.0,0.10714285714285714,0.43725873644523344,0.3579514597664952,0.07930727667873827,0.5627412635547666,0.6420485402335049,0.07930727667873827,1.9,2.0,0.10000000000000009,0.9,1.0,0.09999999999999998,0.1,0.0,0.1,0.0,0.0,0.0,0.265348764706907,0.17594670063366122,0.08940206407324577,0.734651235293093,0.8240532993663388,0.0894020640732458
