{"city": "hanoi", "centre": [21.0285, 105.8542], "nodes": [[309642117, 21.0287988, 105.8537903], [426895592, 21.048989, 105.8733058], [11950483417, 21.0090127, 105.8241564], [426892204, 21.0412459, 105.8989577], [11161241451, 21.0103202, 105.9102386], [5831397268, 20.9807098, 105.8143642], [5716500739, 20.9855154, 105.8780309], [445252557, 21.0371042, 105.8195728], [2188552980, 21.0659131, 105.9068903], [12159655151, 21.0807082, 105.8582453], [9700014259, 20.9820823, 105.8580461], [12113834384, 21.0247528, 105.876256], [8336801251, 21.0511449, 105.8718173], [8333630196, 20.9957021, 105.8398057], [426896842, 21.0450265, 105.8743622], [2297880903, 21.0473112, 105.8855916], [426897009, 21.0636817, 105.8667468], [13261999654, 21.0649374, 105.8057772], [11482888607, 21.0237242, 105.9104062], [2297862696, 21.0386747, 105.867853], [5710678265, 21.0106615, 105.8281982], [1494239717, 21.0750893, 105.8006421], [420458778, 21.0267344, 105.8119126], [4903130475, 21.0473397, 105.884609], [8273349440, 21.0357172, 105.8981029], [2297919522, 21.0595474, 105.9067006], [2297911477, 21.0597038, 105.8936827], [5709987279, 21.0169836, 105.8632869], [102999740, 21.0133873, 105.8491504], [3880274505, 21.0380918, 105.9045096], [6586971723, 20.9750001, 105.870531], [103060023, 21.0277838, 105.8404146], [9597337532, 21.0484083, 105.8859374], [5719116992, 21.0728149, 105.887782], [5689431218, 20.9982791, 105.861793], [5721658490, 21.0521317, 105.8939408], [5718896841, 21.0788984, 105.8771851], [4955948038, 20.9927108, 105.8736989], [443393388, 21.0048089, 105.8038097], [4843387391, 21.0567021, 105.7973703], [5698397972, 20.9857278, 105.8282884], [8299226664, 21.0690809, 105.8291647], [4019474754, 21.0171211, 105.801049], [5716343882, 20.9873232, 105.8945351], [104782500, 21.0034138, 105.8360473], [12113807478, 21.0337724, 105.8682308], [103039350, 21.0210682, 105.8447516], [6617015129, 21.0664303, 105.9112577], [12922499392, 21.0298517, 105.8109116], [11166349751, 21.0377073, 105.8770986], [311720219, 21.0754282, 105.809762], [5717029455, 21.025226, 105.898974], [6650876738, 21.0176638, 105.8126358], [5698262829, 20.9890314, 105.8254248], [2186606089, 21.0535755, 105.9106763], [5843519948, 21.0383437, 105.9050914], [5686598647, 21.0783518, 105.8139256], [13100746133, 21.0596848, 105.8734494], [12164621353, 21.0698252, 105.8646819], [4442186740, 21.0786486, 105.879295], [6676496647, 21.0183814, 105.8588915], [9347909163, 21.0696034, 105.8879331], [3880274476, 21.0378158, 105.9061975], [12011879335, 20.9837702, 105.8701285], [421501191, 21.0124731, 105.8471404], [5719236746, 21.0675289, 105.9048175], [5485678285, 20.9760554, 105.8342253], [5701138626, 20.9853066, 105.8338102], [426897308, 21.0543269, 105.8817076], [13261999657, 21.0619905, 105.8043299], [5000023769, 21.0269326, 105.8949912], [4802646327, 21.0427059, 105.8499464], [5710538395, 20.9789299, 105.8122624], [7119439368, 21.0480831, 105.901627], [1388478374, 21.0349375, 105.8367257], [8336801250, 21.0516541, 105.8728613], [5645750064, 21.0003156, 105.8158904], [419040075, 21.03192, 105.8107903], [5721658469, 21.0560375, 105.8890767], [426897103, 21.0784959, 105.8830577], [2188568670, 21.0642319, 105.9016961], [5722232974, 21.046868, 105.8816636], [5716440296, 21.0192514, 105.9096758], [5721658488, 21.0514173, 105.8927278], [103001091, 21.0136489, 105.8523728], [5273743206, 20.9844708, 105.863778], [4886319526, 21.0374694, 105.8815535], [106094000, 21.0370748, 105.8151156], [5704192895, 20.9764822, 105.8236814], [8273349569, 21.0460275, 105.9022326], [10538639547, 21.0028296, 105.7997997], [317910544, 20.9992158, 105.862124], [443400688, 20.9828719, 105.8346006], [6420060216, 21.0265898, 105.8858805], [6606656305, 21.0585973, 105.838927], [9700014250, 20.9789874, 105.8605628], [5719104241, 20.983634, 105.8669782], [8333134381, 21.0266851, 105.8118975], [10254829752, 21.0039385, 105.8539016], [5716800193, 21.0246137, 105.8894326], [6685052836, 21.0108009, 105.8368691]]}