{"city": "hanoi", "centre": [21.0285, 105.8542], "nodes": [[309642117, 21.0287988, 105.8537903, "DEPOT"], [103010884, 21.029779, 105.8491746, "Rose Travel Agency"], [420456583, 21.0240783, 105.7983321, "Si\u00eau th\u1ecb \u0111i\u1ec7n m\u00e1y Tr\u1ea7n Anh"], [8342080927, 21.0650611, 105.9082583, "WinMart+"], [5629422897, 20.9956375, 105.8685924, "Oppo"], [4022966515, 21.0238846, 105.8568687, "Hanoi City Tour"], [104766978, 21.0323719, 105.8485186, "C\u00e0 Ph\u00ea H\u01b0\u01a1ng Mai"], [103010886, 21.0305684, 105.8488561, "Yves Rocher"], [309600684, 21.0315, 105.8469374, "shop"], [10685723750, 21.0079916, 105.8335192, "M2"], [6406043738, 21.0049339, 105.8511028, "WinMart+"], [2274017724, 21.0194987, 105.8170904, "Si\u00eau th\u1ecb Thu\u1ed1c Vi\u1ec7t"], [1497570487, 21.0330415, 105.8544595, "ph\u01b0\u01a1ng anh"], [5710691057, 20.9822248, 105.8098715, "shop b\u00e1n t\u00fai x\u00e1ch si\u00eau c\u1ea5p"], [103001090, 21.0135674, 105.8510471, "Alkan Authentic"], [2218271412, 21.0291861, 105.8450687, "Beard papa's"], [98009137, 21.0247186, 105.8513222, "Runway"], [103012716, 21.0301487, 105.8439386, "shop"], [4624735250, 21.0466978, 105.8118943, "KAIO"], [1495094449, 21.0634156, 105.9115629, "shop"], [6662577050, 21.0262025, 105.8986336, "IVY Moda"], [445371197, 21.0249399, 105.8592416, "shop"], [317969208, 21.0018287, 105.8462568, "t\u1ea1p h\u00f3a"], [12459907882, 20.9898233, 105.8721359, "WinMart+"], [6644523689, 21.0259447, 105.8516786, "7 eleven"], [103001089, 21.0134998, 105.8504595, "Hi\u1ebfu Nguy\u1ec5n"], [317156881, 21.0360548, 105.8527928, "Inkonic"], [5710231829, 21.0008709, 105.8164931, "Shiseido"], [5722388619, 21.0543887, 105.8873484, "BMW Cars & Motorcycles"], [6684804424, 21.0082579, 105.83372, "D\u0169ng Ph\u01b0\u01a1ng"], [5828999547, 21.0228278, 105.8093012, "Levi's"], [13904103201, 21.0299832, 105.8447427, "C\u1eeda H\u00e0ng B\u00e1nh M\u00ec Ph\u00e1p Anh Hoa"], [102999142, 21.0151728, 105.8509409, "Made in Vietnam"], [102999741, 21.0169984, 105.8492523, "Trang Hoangg"], [318258667, 21.0142191, 105.8293572, "Phong Thanh"], [102999144, 21.0151848, 105.850418, "Duong Beauty Salon"], [103003909, 21.0168556, 105.8508468, "C's Clinic"], [1497544668, 21.0146277, 105.8343608, "Nh\u1eadt Quang"], [84786853, 21.0355166, 105.8533831, "shop"], [2188036136, 21.0096309, 105.8116969, "WinMart+"], [6676496647, 21.0183814, 105.8588915, "C\u1eeda H\u00e0ng Xe \u0110\u1ea1p Nam Anh"], [5698121968, 20.9920637, 105.8426659, "WinMart+"], [6685434573, 21.0098977, 105.8156305, "X\u01b0\u1edfng In Thun Vi\u1ec7t - ThunVietJSC"], [318397553, 21.0002549, 105.8222007, "Vinamilk"], [102999740, 21.0133873, 105.8491504, "shop"], [317129446, 21.0455385, 105.8152353, "C\u1eeda H\u00e0ng Xe \u0110\u1ea1p L\u00e2m V\u00e9lo"], [426896589, 21.0460193, 105.8766637, "QC Auto"], [1905157877, 21.005915, 105.8327861, "Th\u00e0nh C\u00f4ng Decal"], [92383654, 21.0321081, 105.830216, "Hugo Boss"], [322505298, 21.0321878, 105.8504709, "Tanmy Design"], [1729980594, 21.0366779, 105.801661, "nh\u00e0 s\u00e1ch Minh Tr\u00ed"], [98044064, 21.02649, 105.841517, "shop"], [3794437927, 21.0672268, 105.822773, "WinMart+"], [104769393, 21.0313985, 105.8539092, "shop"], [103020400, 21.0406891, 105.8452169, "shop"], [98009579, 21.0263959, 105.8500986, "Barber Shop Nam"], [1905193224, 20.9988078, 105.8502943, "AEG Lab"], [102999145, 21.0152015, 105.8498884, "Peony Nailroom"], [103011363, 21.029196, 105.8505926, "Chan Con C\u00f4ng"], [98022250, 21.0028, 105.8549249, "Thanh dung"], [2176926218, 21.0139023, 105.8187277, "Tr\u1ea7n Anh"], [4890123992, 21.0262886, 105.898224, "Thefaceshop"], [443067050, 21.0429701, 105.8074656, "WinMart+"], [5831398986, 21.0026156, 105.8162024, "Casio"], [5721905512, 21.0515061, 105.8780216, "shop"], [98010335, 21.0205574, 105.8537007, "Vietjet Air Booking Office"], [1756928984, 21.0486522, 105.8065021, "C\u1eeda h\u00e0ng B\u00e1nh truy\u1ec1n th\u1ed1ng Ba Th\u1ec3"], [10981322925, 20.9918182, 105.827045, "C\u1eeda H\u00e0ng M\u00e1y T\u00ednh Hi\u1ebfu Computer"], [7985603138, 21.0004617, 105.8292945, "FPT Shop"], [1683247845, 20.9805491, 105.844749, "Pizza Hut"], [98025738, 21.009999, 105.8358306, "JM Dress Design"], [426894274, 21.0635197, 105.860864, "WinMart+"], [6601254175, 21.0031431, 105.85238, "T\u1ea1p h\u00f3a"], [4025155719, 20.9974402, 105.8234955, "\u0110\u1ea1i L\u00fd 169"], [13290222759, 21.0752984, 105.8112423, "Adidas"], [321984066, 21.0286721, 105.842234, "shop"], [2291064326, 21.0143481, 105.8341558, "Caraluna"], [1495111461, 21.0499036, 105.8840137, "shop"], [81794512, 21.0347124, 105.8521568, "shop h\u1ed3ng anh"], [1613087588, 21.0151535, 105.8092376, "WinMart+"], [317129440, 21.0755613, 105.8161346, "Trung T\u00e2m H\u1ed9i Ngh\u1ecb Ti\u1ec7c C\u01b0\u1edbi Forevermark"], [422793580, 21.0461361, 105.8025166, "TOTO Hi\u1ec1n Hu\u1ec7"], [317968616, 21.0366534, 105.8526035, "Rental Motorbike Vietnam"], [103015876, 21.0398976, 105.8471764, "Xuan Fashion"], [98009663, 21.0270442, 105.8477905, "Xe Dap Thong Nhat"], [440059875, 21.0174645, 105.8414099, "Vespa"], [6668103970, 21.0363753, 105.8496421, "Patagonia bags"], [6684667793, 21.0087754, 105.8518424, "Th\u1ebf Gi\u1edbi Di \u0110\u1ed9ng"], [102999146, 21.0152083, 105.8491983, "Better Shoes"], [428392072, 21.0459144, 105.811321, "WinMart+"], [426896842, 21.0450265, 105.8743622, "WinMart+"], [4939810074, 21.0791529, 105.8164598, "MediaMart"], [4889641208, 21.0290842, 105.8982024, "ANTA"], [103017743, 21.0433331, 105.842816, "Je t'aime"], [2188036124, 21.0033662, 105.8106647, "Hair Salon H\u01b0\u01a1ng Tr\u1ea7n"], [4538405006, 20.9920855, 105.8037806, "C\u1eeda H\u00e0ng Th\u1eddi Trang Baza"], [5301822846, 21.0318528, 105.8578463, "C\u1eeda H\u00e0ng Xe M\u00e1y Hanoi Motorcycle"], [426894948, 21.0410703, 105.8746363, "Th\u00e1i tuy\u1ebft"], [2366811247, 21.0124376, 105.8491179, "Anh Th\u1ecf L\u00fa Hair Shop"], [283141507, 21.0155057, 105.8094024, "Circle K"], [445255301, 21.0461308, 105.8050187, "Showroom Cao Minh"]]}