{"city": "hanoi", "centre": [21.0285, 105.8542], "nodes": [[309642117, 21.0287988, 105.8537903, "DEPOT"], [5629422891, 20.9950763, 105.8695578, "Genviet"], [103010884, 21.029779, 105.8491746, "shop"], [97995408, 21.0378597, 105.8687567, "shop"], [8299226854, 21.0688853, 105.800092, "Hanoi Tigit motorbikes"], [8273172793, 21.0534317, 105.8770746, "shop"], [103001090, 21.0135674, 105.8510471, "Jing Herbal Spirits"], [5686426690, 21.0019292, 105.8295337, "K\u00ednh m\u1eaft Quang H\u01b0ng"], [9885522674, 20.9986578, 105.8684402, "C\u1eeda h\u00e0ng Xe m\u00e1y \u0111i\u1ec7n VinFast Tr\u00e0ng An 4"], [421501432, 21.0227009, 105.8488361, "t\u1ea1p h\u00f3a m\u01b0\u1eddng thanh"], [103011372, 21.0313156, 105.8491377, "C\u1eeda H\u00e0ng Kh\u1ea3i Silk"], [5707161159, 21.0192337, 105.8295311, "Neko Nuru Massage"], [81794516, 21.0348609, 105.853446, "Sinh Cafe Tourist"], [4624735234, 21.0464801, 105.8116618, "shop"], [8299226674, 21.069944, 105.8244109, "Hi bakery"], [5629422902, 20.9938994, 105.8690745, "Fitflop"], [103001089, 21.0134998, 105.8504595, "June"], [322505394, 21.0281196, 105.8477912, "Xuong Cham Bi"], [5710231829, 21.0008709, 105.8164931, "VinFast"], [98012401, 21.0243922, 105.8469014, "shop"], [5831398986, 21.0026156, 105.8162024, "Pedro"], [2291064326, 21.0143481, 105.8341558, "An Nhi\u00ean"], [103063759, 21.0296129, 105.8415837, "shop"], [11627183405, 21.0272184, 105.9092926, "\u0110\u1ea1i L\u00fd Nga Ki\u00ean"], [98009137, 21.0247186, 105.8513222, "Brooks Brothers"], [5721905512, 21.0515061, 105.8780216, "shop"], [428392072, 21.0459144, 105.811321, "Vinamilk"], [4955947857, 20.9983386, 105.867527, "WinMart+"], [309597639, 21.0254087, 105.8553119, "Dior"], [2290021877, 21.0375308, 105.8454918, "C\u1eeda H\u00e0ng M\u00e1y T\u00ednh Tony"], [426892421, 21.0269667, 105.9014118, "Daiso Japan"], [8299226314, 21.0567613, 105.8359815, "Golden Ring - Russian Food"], [102990800, 21.0185114, 105.8505078, "Vietnam Insolite"], [5722232942, 21.0469646, 105.878591, "shop"], [6662577050, 21.0262025, 105.8986336, "Lemino"], [106080712, 21.0225723, 105.8001907, "C\u1eeda H\u00e0ng Th\u1eddi Trang Jasmine"], [98023545, 21.0117844, 105.8479992, "Family"], [5707263059, 21.0180745, 105.8368257, "shop"], [1961611485, 21.0308374, 105.8403743, "shop"], [98025738, 21.009999, 105.8358306, "Yame"], [1905193237, 20.9990684, 105.8529679, "Si\u00eau th\u1ecb gia \u0111\u00ecnh"], [104833241, 21.0342652, 105.8336204, "Qu\u00e0 t\u1eb7ng Th\u00e1ng N\u0103m"], [5707599741, 21.0179396, 105.8644489, "WinMart+"], [103017743, 21.0433331, 105.842816, "Washi N\u00e0"], [309814374, 21.0301796, 105.8369887, "shop"], [5710482879, 21.0080729, 105.8334359, "Mymy Shoes"], [426896945, 21.0486173, 105.886343, "WinMart+"], [1652413401, 21.0680456, 105.8254108, "shop"], [11043816804, 21.0032161, 105.8167167, "WinMart"], [8921284420, 20.984614, 105.8383112, "WinMart+"], [10858085483, 21.0481672, 105.8067947, "shop"], [9247782155, 21.0276316, 105.8415518, "shop"], [81794512, 21.0347124, 105.8521568, "The Sinh Tourist"], [4023258092, 21.0329804, 105.8499725, "shop"], [92383654, 21.0321081, 105.830216, "Levi's"], [318395878, 20.9918938, 105.817237, "WinMart+"], [2065785179, 21.0436361, 105.8360875, "C\u1eeda H\u00e0ng Th\u1eddi Trang Adam"], [4023180359, 21.0375461, 105.8480787, "WinMart+"], [102989116, 21.022875, 105.8574777, "shop"], [103013117, 21.0323602, 105.8432902, "shop"], [1813639973, 21.0269885, 105.8561178, "Hop On Hop Off"], [5831398994, 21.0017673, 105.814378, "Rabity"], [309600764, 21.0320001, 105.8467599, "Whacky Drank"], [1954877847, 21.0386835, 105.8471313, "Fresh Garden"], [440059875, 21.0174645, 105.8414099, "Beo Coffee"], [426897901, 21.0596817, 105.8963343, "shop"], [11332494712, 21.0238309, 105.8427541, "t\u1ea1p h\u00f3a"], [422793580, 21.0461361, 105.8025166, "H\u00f3a ch\u1ea5t - Thi\u1ebft b\u1ecb th\u00ed nghi\u1ec7m"], [84782320, 21.034437, 105.8469984, "shop"], [1221180540, 20.9951087, 105.8006622, "Pharmacity"], [1755146855, 21.0079814, 105.8449471, "Climbing Rose Box"], [81817652, 21.0245179, 105.8571697, "Prada"], [2188036124, 21.0033662, 105.8106647, "Beauty Mi Lan Hair Salon"], [427850859, 21.0045017, 105.8472066, "Si\u00eau th\u1ecb mini Nam Phong"], [8705127083, 21.0746862, 105.8115159, "Uniqlo"], [104809359, 21.0512202, 105.841027, "NIRVANA STREETWEAR"], [1497544668, 21.0146277, 105.8343608, "Tuy\u1ebft Nhung Bridal"], [6684871868, 20.9930959, 105.8688103, "Annam Gourmet"], [5689491713, 20.9961007, 105.8284396, "B\u00e1ch H\u00f3a An"], [104766978, 21.0323719, 105.8485186, "shop"], [426896589, 21.0460193, 105.8766637, "Format"], [1495013137, 20.9856709, 105.8289467, "WinMart+"], [309635879, 21.0324584, 105.8452826, "shop"], [445255284, 21.0463168, 105.8045398, "\u0110\u1ea1i l\u00fd Nam S\u01a1n"], [12143798085, 20.9871467, 105.8512674, "TH true mart"], [310725765, 21.0395817, 105.8286655, "shop"], [102991304, 21.0169953, 105.8540474, "Si\u00eau Th\u1ecb Aki"], [1758644520, 21.0041199, 105.8255086, "WinMart+"], [12450478646, 21.0321628, 105.8545334, "Du L\u1ecbch Daiichi"], [1819499870, 21.0408157, 105.8410772, "shop"], [103004895, 21.0169606, 105.8498371, "Gi\u1ea5c m\u01a1 s\u1eefa Vi\u1ec7t"], [4388563982, 20.9908378, 105.8068554, "WinMart+"], [84797193, 21.0338854, 105.8553304, "Phuong Min"], [104768131, 21.0314328, 105.8545682, "7-Eleven"], [2491211044, 20.9977613, 105.8227404, "vinamart"], [4670387294, 21.0030043, 105.8458635, "Renewal Barbershop"], [103020400, 21.0406891, 105.8452169, "shop"], [103011356, 21.0291543, 105.8477951, "shop"], [5722233123, 21.0464868, 105.8775939, "shop"], [1494041345, 21.0030372, 105.8209319, "C\u1eeda H\u00e0ng B\u00e1nh M\u00ec Anh H\u00f2a"], [5698184788, 20.9930515, 105.8495471, "t\u1ea1p h\u00f3a"]]}