{"city": "hanoi", "centre": [21.0285, 105.8542], "nodes": [[309642117, 21.0287988, 105.8537903, "DEPOT"], [103003909, 21.0168556, 105.8508468, "Nh\u00e0 may Y\u1ebfn Minh"], [2291064326, 21.0143481, 105.8341558, "B\u1ebfp NK"], [283142163, 21.0173283, 105.7983806, "Lamson Mart 10K"], [103019804, 21.0434219, 105.8456115, "C\u1eeda h\u00e0ng Xe m\u00e1y \u0111i\u1ec7n VinFast B\u00e1ch H\u00f3a Xe Taya"], [5629422897, 20.9956375, 105.8685924, "Seoul Made"], [311718963, 21.0663962, 105.8265473, "Sedona MiniMart"], [103010881, 21.0288634, 105.8495754, "shop"], [103011356, 21.0291543, 105.8477951, "Street Barber"], [84782320, 21.034437, 105.8469984, "Gi\u1eb7t l\u00e0 cao c\u1ea5p"], [319490613, 21.0170993, 105.8309465, "King of Fruits"], [81795093, 21.0353227, 105.850024, "shop"], [5831398994, 21.0017673, 105.814378, "Rabity"], [444504947, 21.0061208, 105.845651, "Trung Barber Shop"], [311928798, 21.0426739, 105.8351095, "shop"], [103012338, 21.0347159, 105.8457273, "shop"], [1497970357, 21.0086164, 105.8341507, "Y\u1ebfn s\u00e0o S\u00e0i G\u00f2n"], [102999146, 21.0152083, 105.8491983, "Luca"], [5831398986, 21.0026156, 105.8162024, "WinMart+"], [1613087519, 21.0099789, 105.8046479, "Circle K"], [4889641208, 21.0290842, 105.8982024, "Ding Tea"], [102999145, 21.0152015, 105.8498884, "Beautyfulls.com"], [104766947, 21.0331052, 105.8502615, "Vie Nail"], [103011372, 21.0313156, 105.8491377, "shop"], [8272837261, 21.0746839, 105.8885196, "T\u1ea1p h\u00f3a Thanh B\u00ecnh"], [6601195623, 21.0028119, 105.8547012, "WinMart+"], [103004291, 21.0169123, 105.8503544, "V\u00e0ng B\u1ea1c \u0110\u00e1 Qu\u00fd Th\u1ecbnh M\u00e3i"], [6651770209, 21.0127721, 105.8081266, "WinMart+"], [5710482879, 21.0080729, 105.8334359, "Mymy Shoes"], [98009342, 21.0187503, 105.8493412, "Vi\u1ec7n th\u1ea9m m\u1ef9 Thi\u00ean H\u00e0"], [442982542, 21.0193064, 105.8338068, "Brgmart"], [103013117, 21.0323602, 105.8432902, "shop"], [102994445, 21.0188761, 105.8440234, "shop"], [1750746597, 21.0177831, 105.7968966, "C\u1eeda H\u00e0ng Hoa C\u00e2y C\u1ea3nh"], [5721658488, 21.0514173, 105.8927278, "Yves Rocher"], [5360525391, 21.0021463, 105.8353723, "WinMart+"], [81794512, 21.0347124, 105.8521568, "shop"], [97133282, 21.0474515, 105.8729485, "shop"], [2564039259, 21.0360089, 105.8260021, "Du L\u1ecbch Hanoi Travel"], [13388817945, 21.0342419, 105.7973167, "Trung t\u00e2m b\u1ea3o h\u00e0nh Acer"], [13713020898, 21.0410105, 105.8502071, "shop"], [104809359, 21.0512202, 105.841027, "shop"], [13904103201, 21.0299832, 105.8447427, "C\u1eeda H\u00e0ng B\u00e1nh M\u00ec Ph\u00e1p Anh Hoa"], [1497570400, 21.0262615, 105.850573, "shop"], [5701182789, 21.0303509, 105.8259543, "WinMart+"], [309672901, 21.0356251, 105.8509481, "Du L\u1ecbch Friends"], [4023155512, 21.033787, 105.8537816, "shop"], [319490478, 21.0251668, 105.8566915, "Hugo Boss"], [322505330, 21.0291799, 105.8494419, "shop"], [5719623124, 21.0314836, 105.8128886, "\u0110\u1ed3 D\u00f9ng Nh\u00e0 B\u1ebfp Moriitali"], [283143459, 21.0137068, 105.8006269, "Hyundai"], [98010040, 21.0242509, 105.8529328, "Media Mart"], [5710482886, 21.0091608, 105.8348066, "Oyster"], [1683247868, 20.9810106, 105.8436869, "WinMart+"], [10858085483, 21.0481672, 105.8067947, "shop"], [445255284, 21.0463168, 105.8045398, "Home Cooking Group"], [283137352, 21.0105372, 105.8329664, "B\u1ee5i store"], [6018047256, 21.0010885, 105.8605877, "T\u1ea1p h\u00f3a"], [6662577050, 21.0262025, 105.8986336, "Giordano"], [1676958228, 20.9808795, 105.8497952, "K-Mart"], [8298863908, 21.0727443, 105.8144379, "ridebikes.cc"], [10964875589, 21.0188454, 105.8412242, "\u0110\u1ea1i L\u00fd Honda Motorrad"], [5710231829, 21.0008709, 105.8164931, "JM Dress Design"], [84782318, 21.0365581, 105.8470901, "Tara Spa"], [443400260, 20.9833117, 105.8359169, "C\u1eeda h\u00e0ng Xe m\u00e1y \u0111i\u1ec7n VinFast V\u0129nh Th\u00e0nh 2"], [98012404, 21.0249069, 105.8451257, "Photocen"], [4624735234, 21.0464801, 105.8116618, "shop"], [6684804424, 21.0082579, 105.83372, "D\u0169ng Ph\u01b0\u01a1ng"], [4890123992, 21.0262886, 105.898224, "Club Cilo"], [5716461666, 21.0002179, 105.7994357, "WinMart+"], [4961055415, 21.028736, 105.8975674, "Yves Rocher"], [610740401, 21.0375518, 105.8491471, "V\u00e2n"], [444874857, 21.0109719, 105.8109915, "VeTrek"], [104768132, 21.0348592, 105.8543533, "GS25"], [98012401, 21.0243922, 105.8469014, "shop"], [84782084, 21.0337194, 105.8469859, "shop"], [4666455112, 21.004206, 105.8457779, "In Tu\u00e2n H\u1ed3ng"], [98044324, 21.0257694, 105.8454267, "S\u1ee3i bien"], [104763597, 21.0278726, 105.8511636, "shop"], [8034817846, 21.0185706, 105.8236582, "Th\u1ea9m m\u1ef9 Huy Ho\u00e0ng"], [325117084, 21.0632504, 105.8245416, "shop"], [2064569620, 21.0612589, 105.8318571, "Oc sen"], [5689491713, 20.9961007, 105.8284396, "wold mart 31/69a"], [444881604, 20.9973946, 105.8040869, "WinMart+"], [102999740, 21.0133873, 105.8491504, "Dieu An"], [5707250545, 20.99933, 105.8807143, "Qmart V\u0129nh H\u01b0ng"], [283141487, 21.0185426, 105.8038896, "WinMart+"], [317156881, 21.0360548, 105.8527928, "M\u1ef9 Ph\u1ea9m Thanh H\u1eb1ng"], [317806969, 21.033042, 105.8530192, "shop"], [5485795535, 21.0304337, 105.8163595, "PNJ"], [2105753374, 21.0334056, 105.8271908, "C\u1eeda H\u00e0ng M\u0169 B\u1ea3o Hi\u1ec3m Jokers"], [2053897915, 21.0275753, 105.8239567, "WinMart+"], [106098001, 21.0331702, 105.8169747, "Caf\u00e9 de M\u0103ng \u0110en V\u1ea1n Ph\u00fac"], [6872692091, 21.0502862, 105.799073, "WinMart+"], [98029773, 20.9995983, 105.8278668, "Circle K"], [84787075, 21.0338031, 105.8544138, "Toread"], [1954877847, 21.0386835, 105.8471313, "Yen Closet"], [13206202825, 20.994364, 105.8070072, "s\u00e1o tr\u00fac m\u00e3o m\u00e8o"], [8333961702, 21.0120182, 105.8141601, "Wakanda Store"], [5845486385, 20.9975854, 105.8710072, "Trung D\u0169ng"], [104769393, 21.0313985, 105.8539092, "shop"], [421501417, 21.0216627, 105.8499598, "Maison Marou Hanoi"], [104833240, 21.0344357, 105.8317055, "shop"], [324286144, 21.0279427, 105.8361111, "Nh\u00e0 thu\u1ed1c Ph\u01b0\u1ee3ng"], [317968546, 21.0392503, 105.8481044, "Quang L\u1ee3i"], [6648227224, 21.0122771, 105.8121063, "POS365 - Ph\u1ea7n m\u1ec1m qu\u1ea3n l\u00fd b\u00e1n h\u00e0ng"], [4802622932, 21.0315576, 105.8298109, "Skechers"], [5629422898, 20.995638, 105.8690626, "LYN"], [103001090, 21.0135674, 105.8510471, "nh\u1eadt to\u00e0n"], [1104490487, 21.0172221, 105.8310576, "Lyly \u0110\u1eb7ng"], [13290222759, 21.0752984, 105.8112423, "Adidas"], [103019051, 21.0420858, 105.8438164, "Amand"], [5683792697, 21.0045071, 105.8274316, "WinMart+"], [309600764, 21.0320001, 105.8467599, "Phuong Linh"], [103020400, 21.0406891, 105.8452169, "shop"], [426892421, 21.0269667, 105.9014118, "Green Smoothies"], [1497544721, 21.0184174, 105.828623, "G.garage"], [1404880868, 21.0487561, 105.8822713, "Thaco auto; Peugeot"], [6684722073, 21.0096526, 105.835409, "Hanosimex"], [4022961195, 21.0247221, 105.8558566, "Ph\u00fa H\u01b0ng"], [422793580, 21.0461361, 105.8025166, "TH True Mart"], [1497544668, 21.0146277, 105.8343608, "shop"], [4538405005, 20.9917608, 105.8039616, "Van Export clothing"], [2064569709, 21.0521616, 105.837166, "Bike Plus"], [97983564, 21.0547189, 105.8791578, "shop"], [5721658501, 21.049252, 105.893261, "Skechers"], [103004895, 21.0169606, 105.8498371, "December Chris"], [10284859757, 20.9967141, 105.845124, "Th\u1ebf gi\u1edbi di \u0111\u1ed9ng"], [7370530948, 21.0049515, 105.8697744, "Suzuki"], [317807041, 21.0291195, 105.8464, "Paris kitchen"], [5710673979, 21.0149442, 105.8041872, "Fresh Garden"], [102999142, 21.0151728, 105.8509409, "Paris Mode"], [5629422891, 20.9950763, 105.8695578, "WinMart+"], [1756929020, 21.0523332, 105.8091207, "FujiMart"], [5686586933, 21.0012654, 105.8493685, "T\u1ea1p h\u00f3a @"], [13108988546, 21.0246672, 105.8464187, "shop"], [13045693890, 21.0278514, 105.8426514, "Circle K"], [322505394, 21.0281196, 105.8477912, "thanh h\u01b0\u01a1ng"], [1652413401, 21.0680456, 105.8254108, "shop"], 