{"city": "hanoi", "centre": [21.0285, 105.8542], "nodes": [[309642117, 21.0287988, 105.8537903, "DEPOT"], [5710297030, 21.0090523, 105.8233738, "shop"], [12450416485, 21.0325231, 105.8555118, "K-Mart"], [6419958562, 21.0528812, 105.8780821, "shop"], [6684722073, 21.0096526, 105.835409, "Shop Mai H\u01b0\u1eddng"], [642960803, 21.0018106, 105.8449863, "PNJ"], [421501191, 21.0124731, 105.8471404, "Hi\u1ec7u S\u00e1ch Thu\u1ef7"], [310728788, 21.0650398, 105.8276535, "Trung T\u00e2m Mua S\u1eafm Syrena"], [310725747, 21.0412791, 105.8233287, "Zara"], [11140852870, 21.0259209, 105.8965238, "Media Mart"], [12922499392, 21.0298517, 105.8109116, "Spa July"], [6601195623, 21.0028119, 105.8547012, "WinMart+"], [2084132002, 21.0157267, 105.8053895, "C\u1eeda H\u00e0ng Th\u1eddi Trang An Ph\u01b0\u1edbc"], [4023205757, 21.0317598, 105.8508766, "Circle K"], [426892421, 21.0269667, 105.9014118, "shop"], [103011356, 21.0291543, 105.8477951, "Shop & Go"], [8298863908, 21.0727443, 105.8144379, "shop"], [81794512, 21.0347124, 105.8521568, "Circle K"], [12450568022, 21.0321934, 105.8538277, "Design & Couture"], [104791990, 21.0006347, 105.8505715, "WinMart+"], [322505330, 21.0291799, 105.8494419, "Zo\u00e9 Boutique"], [84783146, 21.0324873, 105.8476925, "shop"], [103001089, 21.0134998, 105.8504595, "Vinataba"], [1905193237, 20.9990684, 105.8529679, "WinMart+"], [13206202825, 20.994364, 105.8070072, "s\u00e1o tr\u00fac m\u00e3o m\u00e8o"], [5716281502, 21.0103583, 105.8644658, "T\u1ea1p H\u00f3a Green Land"], [426894948, 21.0410703, 105.8746363, "Ph\u00fac h\u01b0ng"], [84782624, 21.0354757, 105.847583, "\u0110i\u1ebfu C\u00e0y Ngh\u0129a D\u0169ng"], [5710482854, 21.0089868, 105.8346042, "Triumph"], [419039200, 21.0475741, 105.8061187, "shop"], [84783149, 21.0361504, 105.848386, "Stainless Rack Welding Shop"], [11278791052, 21.0140474, 105.8338904, "ShopDunk Care"], [11083578273, 21.0140641, 105.8036091, "Tous Les Jours"], [309600650, 21.0312626, 105.8467276, "shop"], [5831398986, 21.0026156, 105.8162024, "Lacoste"], [2500340336, 21.0397493, 105.849651, "shop"], [13886629287, 21.0330019, 105.8462065, "C\u1eeda H\u00e0ng M\u1ef9 Ph\u1ea9m Nail Kitchen"], [84786853, 21.0355166, 105.8533831, "T\u1ea1p ph\u1ea9m 39 m\u00e3 m\u00e2y"], [98025738, 21.009999, 105.8358306, "Moonchic"], [5689804626, 20.9969696, 105.8513194, "Trung t\u00e2m th\u01b0\u01a1ng m\u1ea1i Ch\u1ee3 M\u01a1"], [1495094468, 21.0643152, 105.9106991, "WinMart+"], [308714573, 21.0455598, 105.8433281, "Vietnam Airlines"], [5450253624, 21.0680283, 105.9004996, "WinMart+"], [104824957, 21.0363358, 105.8508355, "C\u1eeda H\u00e0ng \u00c1o D\u00e0i Kengin"], [610740401, 21.0375518, 105.8491471, "V\u00e2n"], [84782320, 21.034437, 105.8469984, "Gi\u1eb7t l\u00e0 cao c\u1ea5p"], [98012401, 21.0243922, 105.8469014, "shop"], [318393883, 20.9838963, 105.8155582, "Th\u1ebf Gi\u1edbi Di \u0110\u1ed9ng"], [5710231829, 21.0008709, 105.8164931, "Geox"], [103010886, 21.0305684, 105.8488561, "Truong Nguyen Legend"], [2275188545, 21.0273746, 105.8402245, "shop"], [9970440452, 21.0005568, 105.8162504, "Casio"], [426894837, 21.0556635, 105.8771317, "shop"], [103001090, 21.0135674, 105.8510471, "The Rose"], [2187307882, 21.0588976, 105.9076699, "WinMart+"], [6662577050, 21.0262025, 105.8986336, "shop"], [13016543336, 21.0107444, 105.8282988, "Kiot HVNH"], [5629422895, 20.996589, 105.8685923, "Top & Top"], [1497970357, 21.0086164, 105.8341507, "Kate by Linh Nguyen"], [102999741, 21.0169984, 105.8492523, "D.Chic"], [12107792645, 21.0437749, 105.8782, "WinMart+"], [103010881, 21.0288634, 105.8495754, "shop"], [103003909, 21.0168556, 105.8508468, "Oanh Oanh"], [5629422898, 20.995638, 105.8690626, "Beverly Hills"], [445971215, 21.0207171, 105.8088205, "Yamaha Town H\u00e0 N\u1ed9i"], [426893716, 21.0622858, 105.8981871, "Si\u00eau Th\u1ecb Happy Mart"], [445255284, 21.0463168, 105.8045398, "\u0110\u1ea1i l\u00fd Song S\u01a1n"], [103004291, 21.0169123, 105.8503544, "Swizz Clinic"], [1497603115, 21.0356567, 105.8542072, "shop"], [3396416183, 21.0622978, 105.8242865, "C\u1eeda H\u00e0ng M\u1ef9 Ph\u1ea9m Body And Soul"], [443077219, 21.0022022, 105.8507893, "C\u1eeda H\u00e0ng \u0110\u1ed3 C\u01b0\u1edbi Muacuoi"], [1745068349, 21.0404656, 105.7977193, "shop"], [98009137, 21.0247186, 105.8513222, "Vinatex"], [5629422901, 20.9938961, 105.8685826, "Kagoo"], [4539675829, 20.9932596, 105.8016301, "PNJ"], [309818629, 21.0347458, 105.8271558, "shop"], [1495094410, 21.0606847, 105.9072749, "Poeme - Japanese Bakery"], [5718946084, 21.0203137, 105.8018031, "FPT Shop"], [1497544668, 21.0146277, 105.8343608, "Samsung"], [5689804625, 20.996569, 105.8517109, "Ph\u00fa Thanh"], [102999146, 21.0152083, 105.8491983, "Oyster"], [5686639650, 21.0554078, 105.8395775, "shop"], [283140585, 21.0165211, 105.8108098, "Circle K"], [103055868, 21.0105215, 105.8515543, "\u0110\u1ea1i l\u00fd qu\u1ea1t Thanh Huy\u1ec1n"], [4491335818, 21.0361005, 105.8489899, "Moc"], [1008752808, 21.0195834, 105.8496135, "C\u1eeda H\u00e0ng Artbook H\u00e0 N\u1ed9i"], [103000207, 21.0133237, 105.8482749, "Minnie Perfume"], [283142444, 21.0153138, 105.798618, "C\u1eeda H\u00e0ng Th\u1eddi Trang Davi"], [84782621, 21.0353124, 105.8493948, "Ch\u00e8 B\u1ed1n M\u00f9a"], [75617751, 21.0254707, 105.85322, "Jaguar Land Rover Studio Hanoi"], [104766006, 21.0310279, 105.846286, "shop"], [317807041, 21.0291195, 105.8464, "Yves Rocher"], [1495094449, 21.0634156, 105.9115629, "shop"], [440059875, 21.0174645, 105.8414099, "shop"], [5710482886, 21.0091608, 105.8348066, "Oyster"], [103015876, 21.0398976, 105.8471764, "D\u00e2y l\u01b0ng, v\u00ed da"], [102999145, 21.0152015, 105.8498884, "Menard Shop & Spa"], [4023180359, 21.0375461, 105.8480787, "Style"], [317968546, 21.0392503, 105.8481044, "shop"], [103018604, 21.0423547, 105.8425574, "An c\u01b0 furnitures & decor"], [5831398994, 21.0017673, 105.814378, "MamaBebe"]]}