plan_a,seed_a,plan_b,seed_b,K,distance_a,distance_b,relative_cost_gap,route_len_profile_gap,route_delivery_profile_gap,exact_route_len_multiset_match,delta_frac,recovery_rate_a,recovery_rate_b,abs_recovery_rate_gap,mean_absorbed_customer_frac_a,mean_absorbed_customer_frac_b,abs_mean_absorbed_customer_frac_gap,mean_absorbed_workload_frac_a,mean_absorbed_workload_frac_b,abs_mean_absorbed_workload_frac_gap,recovery_rate_sub_len_a,recovery_rate_sub_len_b,abs_recovery_rate_sub_len_gap,mean_absorbed_customer_frac_sub_len_a,mean_absorbed_customer_frac_sub_len_b,abs_mean_absorbed_customer_frac_sub_len_gap,mean_absorbed_workload_frac_sub_len_a,mean_absorbed_workload_frac_sub_len_b,abs_mean_absorbed_workload_frac_sub_len_gap,recovery_rate_sub_work_a,recovery_rate_sub_work_b,abs_recovery_rate_sub_work_gap,mean_absorbed_customer_frac_sub_work_a,mean_absorbed_customer_frac_sub_work_b,abs_mean_absorbed_customer_frac_sub_work_gap,mean_absorbed_workload_frac_sub_work_a,mean_absorbed_workload_frac_sub_work_b,abs_mean_absorbed_workload_frac_sub_work_gap,recovery_rate_sub_either_a,recovery_rate_sub_either_b,abs_recovery_rate_sub_either_gap,mean_absorbed_customer_frac_sub_either_a,mean_absorbed_customer_frac_sub_either_b,abs_mean_absorbed_customer_frac_sub_either_gap,mean_absorbed_workload_frac_sub_either_a,mean_absorbed_workload_frac_sub_either_b,abs_mean_absorbed_workload_frac_sub_either_gap
0,0,2,1,7,1246180.0,1235689.0,0.008490000315613394,0.12,0.05657370517928297,0,0.05,0.0,0.14285714285714285,0.14285714285714285,0.21482796016957506,0.33198279311724693,0.11715483294767187,0.17898268618914176,0.30946517379820415,0.1304824876090624,0.0,0.0,0.0,0.13647342995169082,0.13144257703081233,0.005030852920878487,0.09806609882904965,0.08775416729409392,0.010311931534955729,0.0,0.0,0.0,0.15539452495974235,0.22064659197012138,0.06525206701037903,0.1138050823575414,0.19437603609790477,0.08057095374036337,0.0,0.0,0.0,0.15539452495974235,0.22064659197012138,0.06525206701037903,0.1138050823575414,0.19437603609790477,0.08057095374036337
0,0,2,1,7,1246180.0,1235689.0,0.008490000315613394,0.12,0.05657370517928297,0,0.1,0.0,0.2857142857142857,0.2857142857142857,0.3174110223799665,0.45308123249299725,0.13567021011303076,0.27384621605980325,0.43335189592789963,0.15950567986809638,0.0,0.0,0.0,0.1729468599033816,0.23431372549019608,0.06136686558681448,0.12134082164636535,0.20669265429905953,0.08535183265269418,0.0,0.16666666666666666,0.16666666666666666,0.22745571658615135,0.36192810457516345,0.1344723879890121,0.17965901803863782,0.33891054524921627,0.15925152721057845,0.0,0.16666666666666666,0.16666666666666666,0.22745571658615135,0.36192810457516345,0.1344723879890121,0.17965901803863782,0.33891054524921627,0.15925152721057845
0,0,2,1,7,1246180.0,1235689.0,0.008490000315613394,0.12,0.05657370517928297,0,0.2,0.14285714285714285,0.2857142857142857,0.14285714285714285,0.43900966183574885,0.5632002801120448,0.12419061827629596,0.4058094335996777,0.526878918133626,0.12106948453394828,0.0,0.0,0.0,0.2896135265700483,0.38848039215686275,0.09886686558681446,0.24013320703954877,0.3376304853870764,0.09749727834752764,0.0,0.16666666666666666,0.16666666666666666,0.345511272141707,0.4904003267973856,0.14488905465567858,0.3067776725329573,0.4480254044892303,0.141247731956273,0.0,0.16666666666666666,0.16666666666666666,0.345511272141707,0.4904003267973856,0.14488905465567858,0.3067776725329573,0.4480254044892303,0.141247731956273
0,0,2,1,7,1246180.0,1235689.0,0.008490000315613394,0.12,0.05657370517928297,0,0.4,0.2857142857142857,0.2857142857142857,0.0,0.6330474218672977,0.6648101548311632,0.03176273296386556,0.6006072510375002,0.638134779217668,0.0375275281801678,0.0,0.0,0.0,0.4862663906142167,0.5307342167636285,0.044467826149411804,0.44085015145250034,0.49338869090473514,0.0525385394522348,0.16666666666666666,0.16666666666666666,0.0,0.5718886588451807,0.6089451806363572,0.03705652179117647,0.5340417928770836,0.5778239090872793,0.043782116210195676,0.16666666666666666,0.16666666666666666,0.0,0.5718886588451807,0.6089451806363572,0.03705652179117647,0.5340417928770836,0.5778239090872793,0.043782116210195676
0,0,4,2,7,1246180.0,1245950.0,0.00018459809783699185,0.0,0.02948207171314749,1,0.05,0.0,0.0,0.0,0.21482796016957506,0.20349009168884943,0.011337868480725627,0.17898268618914176,0.16928798951645577,0.009694696672685993,0.0,0.0,0.0,0.13647342995169082,0.09202898550724639,0.044444444444444425,0.09806609882904965,0.07369926375441059,0.024366835074639062,0.0,0.0,0.0,0.15539452495974235,0.20349009168884943,0.048095566729107087,0.1138050823575414,0.16928798951645577,0.055482907158914366,0.0,0.0,0.0,0.15539452495974235,0.20349009168884943,0.048095566729107087,0.1138050823575414,0.16928798951645577,0.055482907158914366
0,0,4,2,7,1246180.0,1245950.0,0.00018459809783699185,0.0,0.02948207171314749,1,0.1,0.0,0.0,0.0,0.3174110223799665,0.34320467317361725,0.025793650793650758,0.27384621605980325,0.30468017156485444,0.03083395550505119,0.0,0.0,0.0,0.1729468599033816,0.18405797101449275,0.011111111111111155,0.12134082164636535,0.15173851470060018,0.03039769305423483,0.0,0.0,0.0,0.22745571658615135,0.34320467317361725,0.1157489565874659,0.17965901803863782,0.30468017156485444,0.12502115352621662,0.0,0.0,0.0,0.22745571658615135,0.34320467317361725,0.1157489565874659,0.17965901803863782,0.30468017156485444,0.12502115352621662
0,0,4,2,7,1246180.0,1245950.0,0.00018459809783699185,0.0,0.02948207171314749,1,0.2,0.14285714285714285,0.14285714285714285,0.0,0.43900966183574885,0.44297791580400275,0.003968253968253899,0.4058094335996777,0.41378662695868945,0.007977193359011758,0.0,0.0,0.0,0.2896135265700483,0.29516908212560383,0.005555555555555536,0.24013320703954877,0.2513012777421653,0.01116807070261655,0.0,0.14285714285714285,0.14285714285714285,0.345511272141707,0.44297791580400275,0.09746664366229574,0.3067776725329573,0.41378662695868945,0.10700895442573216,0.0,0.14285714285714285,0.14285714285714285,0.345511272141707,0.44297791580400275,0.09746664366229574,0.3067776725329573,0.41378662695868945,0.10700895442573216
0,0,4,2,7,1246180.0,1245950.0,0.00018459809783699185,0.0,0.02948207171314749,1,0.4,0.2857142857142857,0.2857142857142857,0.0,0.6330474218672977,0.6710292812777284,0.03798185941043075,0.6006072510375002,0.6367266990402134,0.03611944800271316,0.0,0.0,0.0,0.4862663906142167,0.5394409937888198,0.0531746031746031,0.44085015145250034,0.4914173786562987,0.05056722720379836,0.16666666666666666,0.2857142857142857,0.11904761904761904,0.5718886588451807,0.6710292812777284,0.09914062243254773,0.5340417928770836,0.6367266990402134,0.10268490616312975,0.16666666666666666,0.2857142857142857,0.11904761904761904,0.5718886588451807,0.6710292812777284,0.09914062243254773,0.5340417928770836,0.6367266990402134,0.10268490616312975
0,0,6,3,7,1246180.0,1239200.0,0.0056326662362814715,0.12,0.024169986719787474,0,0.05,0.0,0.14285714285714285,0.14285714285714285,0.21482796016957506,0.26433235501558483,0.04950439484600977,0.17898268618914176,0.22750953073531824,0.04852684454617648,0.0,0.0,0.0,0.13647342995169082,0.1417210808515156,0.005247650899824791,0.09806609882904965,0.0987611191912046,0.0006950203621549494,0.0,0.0,0.0,0.15539452495974235,0.1417210808515156,0.01367344410822674,0.1138050823575414,0.0987611191912046,0.015043963166336799,0.0,0.0,0.0,0.15539452495974235,0.1417210808515156,0.01367344410822674,0.1138050823575414,0.0987611191912046,0.015043963166336799
0,0,6,3,7,1246180.0,1239200.0,0.0056326662362814715,0.12,0.024169986719787474,0,0.1,0.0,0.14285714285714285,0.14285714285714285,0.3174110223799665,0.3895024230427957,0.07209140066282921,0.27384621605980325,0.3575737912268759,0.08372757516707263,0.0,0.0,0.0,0.1729468599033816,0.28775282688326165,0.11480596697988005,0.12134082164636535,0.2505027564313552,0.12916193478498988,0.0,0.0,0.0,0.22745571658615135,0.28775282688326165,0.060297110297110296,0.17965901803863782,0.2505027564313552,0.0708437383927174,0.0,0.0,0.0,0.22745571658615135,0.28775282688326165,0.060297110297110296,0.17965901803863782,0.2505027564313552,0.0708437383927174
0,0,6,3,7,1246180.0,1239200.0,0.0056326662362814715,0.12,0.024169986719787474,0,0.2,0.14285714285714285,0.14285714285714285,0.0,0.43900966183574885,0.5158601233135395,0.07685046147779062,0.4058094335996777,0.4798227662052489,0.07401333260557119,0.0,0.0,0.0,0.2896135265700483,0.43517014386579606,0.14555661729574776,0.24013320703954877,0.39312656057279033,0.15299335353324156,0.0,0.0,0.0,0.345511272141707,0.43517014386579606,0.08965887172408904,0.3067776725329573,0.39312656057279033,0.08634888803983304,0.0,0.0,0.0,0.345511272141707,0.43517014386579606,0.08965887172408904,0.3067776725329573,0.39312656057279033,0.08634888803983304
0,0,6,3,7,1246180.0,1239200.0,0.0056326662362814715,0.12,0.024169986719787474,0,0.4,0.2857142857142857,0.2857142857142857,0.0,0.6330474218672977,0.6497736218233114,0.016726199956013765,0.6006072510375002,0.6070536412370584,0.006446390199558172,0.0,0.16666666666666666,0.16666666666666666,0.4862663906142167,0.5914025587938632,0.10513616817964644,0.44085015145250034,0.5415625814432348,0.10071242999073443,0.16666666666666666,0.16666666666666666,0.0,0.5718886588451807,0.5914025587938632,0.019513899948682467,0.5340417928770836,0.5415625814432348,0.0075207885661511265,0.16666666666666666,0.16666666666666666,0.0,0.5718886588451807,0.5914025587938632,0.019513899948682467,0.5340417928770836,0.5415625814432348,0.0075207885661511265
0,0,8,4,7,1246180.0,1229294.0,0.013736339720197121,0.12,0.10252324037184599,0,0.05,0.0,0.14285714285714285,0.14285714285714285,0.21482796016957506,0.25063758705063055,0.03580962688105549,0.17898268618914176,0.21865805341471103,0.039675367225569275,0.0,0.0,0.0,0.13647342995169082,0.07089262187088274,0.06558080808080807,0.09806609882904965,0.0394546081139288,0.058611490715120854,0.0,0.0,0.0,0.15539452495974235,0.07089262187088274,0.0845019030888596,0.1138050823575414,0.0394546081139288,0.0743504742436126,0.0,0.0,0.0,0.15539452495974235,0.07089262187088274,0.0845019030888596,0.1138050823575414,0.0394546081139288,0.0743504742436126
0,0,8,4,7,1246180.0,1229294.0,0.013736339720197121,0.12,0.10252324037184599,0,0.1,0.0,0.2857142857142857,0.2857142857142857,0.3174110223799665,0.4072816676077546,0.08987064522778809,0.27384621605980325,0.37844034137333066,0.10459412531352741,0.0,0.0,0.0,0.1729468599033816,0.17019433465085637,0.0027525252525252286,0.12134082164636535,0.12981647792266288,0.008475656276297525,0.0,0.0,0.0,0.22745571658615135,0.17019433465085637,0.05726138193529498,0.17965901803863782,0.12981647792266288,0.04984254011597494,0.0,0.0,0.0,0.22745571658615135,0.17019433465085637,0.05726138193529498,0.17965901803863782,0.12981647792266288,0.04984254011597494
0,0,8,4,7,1246180.0,1229294.0,0.013736339720197121,0.12,0.10252324037184599,0,0.2,0.14285714285714285,0.2857142857142857,0.14285714285714285,0.43900966183574885,0.4916431394692264,0.05263347763347753,0.4058094335996777,0.467322792761038,0.061513359161360304,0.0,0.0,0.0,0.2896135265700483,0.288300395256917,0.0013131313131313216,0.24013320703954877,0.2542519098654533,0.01411870282590455,0.0,0.0,0.0,0.345511272141707,0.288300395256917,0.05721087688479004,0.3067776725329573,0.2542519098654533,0.05252576266750397,0.0,0.0,0.0,0.345511272141707,0.288300395256917,0.05721087688479004,0.3067776725329573,0.2542519098654533,0.05252576266750397
0,0,8,4,7,1246180.0,1229294.0,0.013736339720197121,0.12,0.10252324037184599,0,0.4,0.2857142857142857,0.2857142857142857,0.0,0.6330474218672977,0.6349368023281067,0.0018893804608089981,0.6006072510375002,0.5982466680577675,0.0023605829797327393,0.0,0.0,0.0,0.4862663906142167,0.48891152325934933,0.0026451326451326085,0.44085015145250034,0.4375453352808744,0.003304816171625924,0.16666666666666666,0.0,0.16666666666666666,0.5718886588451807,0.48891152325934933,0.08297713558583136,0.5340417928770836,0.4375453352808744,0.09649645759620923,0.16666666666666666,0.0,0.16666666666666666,0.5718886588451807,0.48891152325934933,0.08297713558583136,0.5340417928770836,0.4375453352808744,0.09649645759620923
0,0,10,5,7,1246180.0,1248490.0,0.0018536647996276621,0.12,0.10039840637450206,0,0.05,0.0,0.14285714285714285,0.14285714285714285,0.21482796016957506,0.30556122448979595,0.09073326432022089,0.17898268618914176,0.2669763864855229,0.08799370029638115,0.0,0.0,0.0,0.13647342995169082,0.10778571428571429,0.028687715665976526,0.09806609882904965,0.06841577051117023,0.02965032831787942,0.0,0.0,0.0,0.15539452495974235,0.10778571428571429,0.04760881067402806,0.1138050823575414,0.06841577051117023,0.04538931184637117,0.0,0.0,0.0,0.15539452495974235,0.10778571428571429,0.04760881067402806,0.1138050823575414,0.06841577051117023,0.04538931184637117
0,0,10,5,7,1246180.0,1248490.0,0.0018536647996276621,0.12,0.10039840637450206,0,0.1,0.0,0.2857142857142857,0.2857142857142857,0.3174110223799665,0.42576530612244895,0.10835428374248246,0.27384621605980325,0.4039479396754655,0.13010172361566225,0.0,0.0,0.0,0.1729468599033816,0.1960714285714286,0.02312456866804699,0.12134082164636535,0.16552711554565167,0.044186293899286314,0.0,0.0,0.0,0.22745571658615135,0.1960714285714286,0.03138428801472276,0.17965901803863782,0.16552711554565167,0.014131902492986154,0.0,0.0,0.0,0.22745571658615135,0.1960714285714286,0.03138428801472276,0.17965901803863782,0.16552711554565167,0.014131902492986154
0,0,10,5,7,1246180.0,1248490.0,0.0018536647996276621,0.12,0.10039840637450206,0,0.2,0.14285714285714285,0.2857142857142857,0.14285714285714285,0.43900966183574885,0.5266156462585034,0.08760598442275458,0.4058094335996777,0.4764159154682641,0.07060648186858642,0.0,0.0,0.0,0.2896135265700483,0.33726190476190476,0.047648378191856466,0.24013320703954877,0.2669822816555697,0.02684907461602093,0.0,0.0,0.0,0.345511272141707,0.33726190476190476,0.008249367379802253,0.3067776725329573,0.2669822816555697,0.03979539087738759,0.0,0.0,0.0,0.345511272141707,0.33726190476190476,0.008249367379802253,0.3067776725329573,0.2669822816555697,0.03979539087738759
0,0,10,5,7,1246180.0,1248490.0,0.0018536647996276621,0.12,0.10039840637450206,0,0.4,0.2857142857142857,0.2857142857142857,0.0,0.6330474218672977,0.6624228152799583,0.0293753934126606,0.6006072510375002,0.6232993709347887,0.022692119897288476,0.0,0.0,0.0,0.4862663906142167,0.5273919413919415,0.04112555077772473,0.44085015145250034,0.47261911930870404,0.0317689678562037,0.16666666666666666,0.0,0.16666666666666666,0.5718886588451807,0.5273919413919415,0.04449671745323924,0.5340417928770836,0.47261911930870404,0.061422673568379604,0.16666666666666666,0.0,0.16666666666666666,0.5718886588451807,0.5273919413919415,0.04449671745323924,0.5340417928770836,0.47261911930870404,0.061422673568379604
0,0,12,6,7,1246180.0,1236966.0,0.007448870866297053,0.1,0.07277556440903064,0,0.05,0.0,0.14285714285714285,0.14285714285714285,0.21482796016957506,0.319435165370496,0.10460720520092093,0.17898268618914176,0.2739600093575434,0.09497732316840163,0.0,0.0,0.0,0.13647342995169082,0.20600769293224533,0.06953426298055451,0.09806609882904965,0.1529533442504673,0.05488724542141765,0.0,0.0,0.0,0.15539452495974235,0.20600769293224533,0.05061316797250298,0.1138050823575414,0.1529533442504673,0.039148261892925904,0.0,0.0,0.0,0.15539452495974235,0.20600769293224533,0.05061316797250298,0.1138050823575414,0.1529533442504673,0.039148261892925904
0,0,12,6,7,1246180.0,1236966.0,0.007448870866297053,0.1,0.07277556440903064,0,0.1,0.0,0.14285714285714285,0.14285714285714285,0.3174110223799665,0.4351664578875028,0.11775543550753631,0.27384621605980325,0.3908575187256052,0.11701130266580195,0.0,0.0,0.0,0.1729468599033816,0.3410275342020866,0.168080674298705,0.12134082164636535,0.2893337718465394,0.16799295020017407,0.0,0.0,0.0,0.22745571658615135,0.3410275342020866,0.11357181761593524,0.17965901803863782,0.2893337718465394,0.10967475380790159,0.0,0.0,0.0,0.22745571658615135,0.3410275342020866,0.11357181761593524,0.17965901803863782,0.2893337718465394,0.10967475380790159
0,0,12,6,7,1246180.0,1236966.0,0.007448870866297053,0.1,0.07277556440903064,0,0.2,0.14285714285714285,0.2857142857142857,0.14285714285714285,0.43900966183574885,0.5484604711449798,0.1094508093092309,0.4058094335996777,0.5117396519174608,0.10593021831778315,0.0,0.16666666666666666,0.16666666666666666,0.2896135265700483,0.47320388300247634,0.18359035643242805,0.24013320703954877,0.4303629272370377,0.1902297201974889,0.0,0.16666666666666666,0.16666666666666666,0.345511272141707,0.47320388300247634,0.12769261086076933,0.3067776725329573,0.4303629272370377,0.12358525470408038,0.0,0.16666666666666666,0.16666666666666666,0.345511272141707,0.47320388300247634,0.12769261086076933,0.3067776725329573,0.4303629272370377,0.12358525470408038
0,0,12,6,7,1246180.0,1236966.0,0.007448870866297053,0.1,0.07277556440903064,0,0.4,0.2857142857142857,0.2857142857142857,0.0,0.6330474218672977,0.7041049028306975,0.07105748096339981,0.6006072510375002,0.6498552014590968,0.049247950421596576,0.0,0.16666666666666666,0.16666666666666666,0.4862663906142167,0.6547890533024804,0.16852266268826366,0.44085015145250034,0.591497735035613,0.15064758358311264,0.16666666666666666,0.16666666666666666,0.0,0.5718886588451807,0.6547890533024804,0.08290039445729969,0.5340417928770836,0.591497735035613,0.05745594215852934,0.16666666666666666,0.16666666666666666,0.0,0.5718886588451807,0.6547890533024804,0.08290039445729969,0.5340417928770836,0.591497735035613,0.05745594215852934
0,0,14,7,7,1246180.0,1254971.0,0.00705435811840986,0.08,0.03240371845949537,0,0.05,0.0,0.14285714285714285,0.14285714285714285,0.21482796016957506,0.3068225089719042,0.09199454880232916,0.17898268618914176,0.25704302532630857,0.07806033913716681,0.0,0.0,0.0,0.13647342995169082,0.19129292713388824,0.05481949718219742,0.09806609882904965,0.13321686288069332,0.03515076405164366,0.0,0.0,0.0,0.15539452495974235,0.19129292713388824,0.03589840217414589,0.1138050823575414,0.13321686288069332,0.019411780523151914,0.0,0.0,0.0,0.15539452495974235,0.19129292713388824,0.03589840217414589,0.1138050823575414,0.13321686288069332,0.019411780523151914
0,0,14,7,7,1246180.0,1254971.0,0.00705435811840986,0.08,0.03240371845949537,0,0.1,0.0,0.14285714285714285,0.14285714285714285,0.3174110223799665,0.4015727775003682,0.0841617551204017,0.27384621605980325,0.347156201055317,0.07330998499551378,0.0,0.0,0.0,0.1729468599033816,0.3018349070837629,0.12888804718038133,0.12134082164636535,0.23834890123120323,0.11700807958483787,0.0,0.0,0.0,0.22745571658615135,0.3018349070837629,0.07437919049761157,0.17965901803863782,0.23834890123120323,0.058689883192565406,0.0,0.0,0.0,0.22745571658615135,0.3018349070837629,0.07437919049761157,0.17965901803863782,0.23834890123120323,0.058689883192565406
0,0,14,7,7,1246180.0,1254971.0,0.00705435811840986,0.08,0.03240371845949537,0,0.2,0.14285714285714285,0.2857142857142857,0.14285714285714285,0.43900966183574885,0.5375286490234185,0.0985189871876696,0.4058094335996777,0.48923619717388167,0.08342676357420398,0.0,0.16666666666666666,0.16666666666666666,0.2896135265700483,0.4604500905273216,0.1708365639572733,0.24013320703954877,0.40410889670286193,0.16397568966331316,0.0,0.16666666666666666,0.16666666666666666,0.345511272141707,0.4604500905273216,0.1149388183856146,0.3067776725329573,0.40410889670286193,0.09733122416990464,0.0,0.16666666666666666,0.16666666666666666,0.345511272141707,0.4604500905273216,0.1149388183856146,0.3067776725329573,0.40410889670286193,0.09733122416990464
0,0,14,7,7,1246180.0,1254971.0,0.00705435811840986,0.08,0.03240371845949537,0,0.4,0.2857142857142857,0.2857142857142857,0.0,0.6330474218672977,0.6786307024129842,0.0455832805456865,0.6006072510375002,0.6110873884072682,0.010480137369767939,0.0,0.16666666666666666,0.16666666666666666,0.4862663906142167,0.6250691528151483,0.13880276220093157,0.44085015145250034,0.5462686198084795,0.10541846835597918,0.16666666666666666,0.16666666666666666,0.0,0.5718886588451807,0.6250691528151483,0.0531804939699676,0.5340417928770836,0.5462686198084795,0.012226826931395873,0.16666666666666666,0.16666666666666666,0.0,0.5718886588451807,0.6250691528151483,0.0531804939699676,0.5340417928770836,0.5462686198084795,0.012226826931395873
0,0,16,8,7,1246180.0,1239020.0,0.005778760633403819,0.1,0.07490039840637461,0,0.05,0.0,0.0,0.0,0.21482796016957506,0.3041290429215164,0.08930108275194132,0.17898268618914176,0.26612951940625534,0.08714683321711358,0.0,0.0,0.0,0.13647342995169082,0.1543520886615516,0.017878658709860773,0.09806609882904965,0.1078725893046798,0.009806490475630147,0.0,0.0,0.0,0.15539452495974235,0.1543520886615516,0.0010424362981907576,0.1138050823575414,0.1078725893046798,0.005932493052861601,0.0,0.0,0.0,0.15539452495974235,0.1543520886615516,0.0010424362981907576,0.1138050823575414,0.1078725893046798,0.005932493052861601
0,0,16,8,7,1246180.0,1239020.0,0.005778760633403819,0.1,0.07490039840637461,0,0.1,0.0,0.2857142857142857,0.2857142857142857,0.3174110223799665,0.4507276823772987,0.13331665999733222,0.27384621605980325,0.40906622727337083,0.13522001121356758,0.0,0.0,0.0,0.1729468599033816,0.23101875532821822,0.05807189542483662,0.12134082164636535,0.17269271818271922,0.05135189653635387,0.0,0.0,0.0,0.22745571658615135,0.23101875532821822,0.0035630387420668708,0.17965901803863782,0.17269271818271922,0.006966299855918595,0.0,0.0,0.0,0.22745571658615135,0.23101875532821822,0.0035630387420668708,0.17965901803863782,0.17269271818271922,0.006966299855918595
0,0,16,8,7,1246180.0,1239020.0,0.005778760633403819,0.1,0.07490039840637461,0,0.2,0.14285714285714285,0.2857142857142857,0.14285714285714285,0.43900966183574885,0.5459094507368164,0.10689978890106755,0.4058094335996777,0.4975592189587562,0.09174978535907852,0.0,0.0,0.0,0.2896135265700483,0.3642732310315431,0.07465970446149478,0.24013320703954877,0.2965829065422586,0.05644969950270984,0.0,0.0,0.0,0.345511272141707,0.3642732310315431,0.01876195888983606,0.3067776725329573,0.2965829065422586,0.010194765990698684,0.0,0.0,0.0,0.345511272141707,0.3642732310315431,0.01876195888983606,0.3067776725329573,0.2965829065422586,0.010194765990698684
0,0,16,8,7,1246180.0,1239020.0,0.005778760633403819,0.1,0.07490039840637461,0,0.4,0.2857142857142857,0.2857142857142857,0.0,0.6330474218672977,0.6631485202776763,0.03010109841037867,0.6006072510375002,0.6112171867334701,0.010609935695969908,0.0,0.0,0.0,0.4862663906142167,0.5284079283887468,0.04214153777453011,0.44085015145250034,0.455704061426858,0.014853909974357649,0.16666666666666666,0.0,0.16666666666666666,0.5718886588451807,0.5284079283887468,0.04348073045643386,0.5340417928770836,0.455704061426858,0.07833773145022566,0.16666666666666666,0.0,0.16666666666666666,0.5718886588451807,0.5284079283887468,0.04348073045643386,0.5340417928770836,0.455704061426858,0.07833773145022566
0,0,18,9,7,1246180.0,1247055.0,0.0007021457574347205,0.06,0.03638778220451531,0,0.05,0.0,0.0,0.0,0.21482796016957506,0.1695238095238095,0.04530415064576557,0.17898268618914176,0.13247154038291487,0.046511145806226895,0.0,0.0,0.0,0.13647342995169082,0.07066666666666667,0.06580676328502415,0.09806609882904965,0.04048454292709241,0.057581555901957245,0.0,0.0,0.0,0.15539452495974235,0.07066666666666667,0.08472785829307568,0.1138050823575414,0.04048454292709241,0.073320539430449,0.0,0.0,0.0,0.15539452495974235,0.07066666666666667,0.08472785829307568,0.1138050823575414,0.04048454292709241,0.073320539430449
0,0,18,9,7,1246180.0,1247055.0,0.0007021457574347205,0.06,0.03638778220451531,0,0.1,0.0,0.0,0.0,0.3174110223799665,0.23079365079365077,0.08661737158631572,0.27384621605980325,0.1894732566751293,0.08437295938467396,0.0,0.0,0.0,0.1729468599033816,0.1231111111111111,0.0498357487922705,0.12134082164636535,0.07994474641940644,0.041396075226958914,0.0,0.0,0.0,0.22745571658615135,0.1231111111111111,0.10434460547504025,0.17965901803863782,0.07994474641940644,0.09971427161923138,0.0,0.0,0.0,0.22745571658615135,0.1231111111111111,0.10434460547504025,0.17965901803863782,0.07994474641940644,0.09971427161923138
0,0,18,9,7,1246180.0,1247055.0,0.0007021457574347205,0.06,0.03638778220451531,0,0.2,0.14285714285714285,0.14285714285714285,0.0,0.43900966183574885,0.3696825396825397,0.06932712215320913,0.4058094335996777,0.3483044457082734,0.05750498789140429,0.0,0.0,0.0,0.2896135265700483,0.21755555555555556,0.07205797101449274,0.24013320703954877,0.18239746582164798,0.05773574121790079,0.0,0.0,0.0,0.345511272141707,0.21755555555555556,0.12795571658615146,0.3067776725329573,0.18239746582164798,0.12438020671130931,0.0,0.0,0.0,0.345511272141707,0.21755555555555556,0.12795571658615146,0.3067776725329573,0.18239746582164798,0.12438020671130931
0,0,18,9,7,1246180.0,1247055.0,0.0007021457574347205,0.06,0.03638778220451531,0,0.4,0.2857142857142857,0.14285714285714285,0.14285714285714285,0.6330474218672977,0.566984126984127,0.06606329488317064,0.6006072510375002,0.5326727809092908,0.06793447012820941,0.0,0.0,0.0,0.4862663906142167,0.4271111111111111,0.05915527950310562,0.44085015145250034,0.36959810242333396,0.07125204902916638,0.16666666666666666,0.0,0.16666666666666666,0.5718886588451807,0.4271111111111111,0.1447775477340696,0.5340417928770836,0.36959810242333396,0.16444369045374968,0.16666666666666666,0.0,0.16666666666666666,0.5718886588451807,0.4271111111111111,0.1447775477340696,0.5340417928770836,0.36959810242333396,0.16444369045374968
0,0,20,10,7,1246180.0,1249913.0,0.0029955544142900707,0.06,0.0626826029216467,0,0.05,0.0,0.14285714285714285,0.14285714285714285,0.21482796016957506,0.33440499945797714,0.11957703928840208,0.17898268618914176,0.3010360875363176,0.12205340134717585,0.0,0.0,0.0,0.13647342995169082,0.1253098563840252,0.011163573567665619,0.09806609882904965,0.08811718921751129,0.009948909611538367,0.0,0.0,0.0,0.15539452495974235,0.1253098563840252,0.03008466857571715,0.1138050823575414,0.08811718921751129,0.025687893140030116,0.0,0.0,0.0,0.15539452495974235,0.1253098563840252,0.03008466857571715,0.1138050823575414,0.08811718921751129,0.025687893140030116
0,0,20,10,7,1246180.0,1249913.0,0.0029955544142900707,0.06,0.0626826029216467,0,0.1,0.0,0.2857142857142857,0.2857142857142857,0.3174110223799665,0.42609960372108713,0.10868858134112064,0.27384621605980325,0.3928143541846994,0.11896813812489615,0.0,0.0,0.0,0.1729468599033816,0.19653944520952193,0.023592585306140335,0.12134082164636535,0.14994009585857912,0.02859927421221377,0.0,0.0,0.0,0.22745571658615135,0.19653944520952193,0.030916271376629417,0.17965901803863782,0.14994009585857912,0.0297189221800587,0.0,0.0,0.0,0.22745571658615135,0.19653944520952193,0.030916271376629417,0.17965901803863782,0.14994009585857912,0.0297189221800587
0,0,20,10,7,1246180.0,1249913.0,0.0029955544142900707,0.06,0.0626826029216467,0,0.2,0.14285714285714285,0.2857142857142857,0.14285714285714285,0.43900966183574885,0.5080703184283747,0.06906065659262584,0.4058094335996777,0.4474958245762248,0.04168639097654708,0.0,0.0,0.0,0.2896135265700483,0.31129844579972454,0.021684919229676247,0.24013320703954877,0.22649415440671467,0.013639052632834103,0.0,0.0,0.0,0.345511272141707,0.31129844579972454,0.03421282634198247,0.3067776725329573,0.22649415440671467,0.08028351812624263,0.0,0.0,0.0,0.345511272141707,0.31129844579972454,0.03421282634198247,0.3067776725329573,0.22649415440671467,0.08028351812624263
0,0,20,10,7,1246180.0,1249913.0,0.0029955544142900707,0.06,0.0626826029216467,0,0.4,0.2857142857142857,0.2857142857142857,0.0,0.6330474218672977,0.6210082026121485,0.01203921925514917,0.6006072510375002,0.5772111809886449,0.023396070048855355,0.0,0.0,0.0,0.4862663906142167,0.4694114836570079,0.016854906957208815,0.44085015145250034,0.40809565338410286,0.032754498068397475,0.16666666666666666,0.0,0.16666666666666666,0.5718886588451807,0.4694114836570079,0.10247717518817279,0.5340417928770836,0.40809565338410286,0.12594613949298078,0.16666666666666666,0.0,0.16666666666666666,0.5718886588451807,0.4694114836570079,0.10247717518817279,0.5340417928770836,0.40809565338410286,0.12594613949298078
0,0,22,11,7,1246180.0,1240913.0,0.004244455493656687,0.04,0.06719787516600272,0,0.05,0.0,0.0,0.0,0.21482796016957506,0.21421771607193602,0.0006102440976390455,0.17898268618914176,0.1570493160788305,0.021933370110311268,0.0,0.0,0.0,0.13647342995169082,0.05823813583404376,0.07823529411764706,0.09806609882904965,0.023959829955086092,0.07410626887396356,0.0,0.0,0.0,0.15539452495974235,0.05823813583404376,0.09715638912569859,0.1138050823575414,0.023959829955086092,0.0898452524024553,0.0,0.0,0.0,0.15539452495974235,0.05823813583404376,0.09715638912569859,0.1138050823575414,0.023959829955086092,0.0898452524024553
0,0,22,11,7,1246180.0,1240913.0,0.004244455493656687,0.04,0.06719787516600272,0,0.1,0.0,0.14285714285714285,0.14285714285714285,0.3174110223799665,0.3554895871392035,0.03807856475923699,0.27384621605980325,0.3148167550003292,0.040970538940525936,0.0,0.0,0.0,0.1729468599033816,0.17268542199488493,0.00026143790849667004,0.12134082164636535,0.14059078524473562,0.019249963598370265,0.0,0.0,0.0,0.22745571658615135,0.17268542199488493,0.05477029459126642,0.17965901803863782,0.14059078524473562,0.0390682327939022,0.0,0.0,0.0,0.22745571658615135,0.17268542199488493,0.05477029459126642,0.17965901803863782,0.14059078524473562,0.0390682327939022
0,0,22,11,7,1246180.0,1240913.0,0.004244455493656687,0.04,0.06719787516600272,0,0.2,0.14285714285714285,0.2857142857142857,0.14285714285714285,0.43900966183574885,0.4950554134697357,0.05604575163398684,0.4058094335996777,0.4721655009233193,0.06635606732364163,0.0,0.0,0.0,0.2896135265700483,0.29307757885763,0.003464052287581676,0.24013320703954877,0.261031701292647,0.020898494253098254,0.0,0.0,0.0,0.345511272141707,0.29307757885763,0.05243369328407704,0.3067776725329573,0.261031701292647,0.04574597124031027,0.0,0.0,0.0,0.345511272141707,0.29307757885763,0.05243369328407704,0.3067776725329573,0.261031701292647,0.04574597124031027
0,0,22,11,7,1246180.0,1240913.0,0.004244455493656687,0.04,0.06719787516600272,0,0.4,0.2857142857142857,0.2857142857142857,0.0,0.6330474218672977,0.6232327490639511,0.00981467280334658,0.6006072510375002,0.5675919502035075,0.03301530083399273,0.0,0.0,0.0,0.4862663906142167,0.4725258486895316,0.013740541924685101,0.44085015145250034,0.3946287302849104,0.04622142116758993,0.16666666666666666,0.0,0.16666666666666666,0.5718886588451807,0.4725258486895316,0.09936281015564907,0.5340417928770836,0.3946287302849104,0.13941306259217323,0.16666666666666666,0.0,0.16666666666666666,0.5718886588451807,0.4725258486895316,0.09936281015564907,0.5340417928770836,0.3946287302849104,0.13941306259217323
0,0,24,12,7,1246180.0,1261586.0,0.012362580044616347,0.06,0.031075697211155356,0,0.05,0.0,0.0,0.0,0.21482796016957506,0.24473308011228903,0.02990511994271397,0.17898268618914176,0.17021920508419347,0.00876348110494829,0.0,0.0,0.0,0.13647342995169082,0.1369120264429189,0.00043859649122807154,0.09806609882904965,0.06175214589570027,0.03631395293334938,0.0,0.0,0.0,0.15539452495974235,0.2140933553690991,0.05869883040935675,0.1138050823575414,0.12749902520486073,0.013693942847319326,0.0,0.0,0.0,0.15539452495974235,0.2140933553690991,0.05869883040935675,0.1138050823575414,0.12749902520486073,0.013693942847319326
0,0,24,12,7,1246180.0,1261586.0,0.012362580044616347,0.06,0.031075697211155356,0,0.1,0.0,0.0,0.0,0.3174110223799665,0.2943265254232891,0.023084496956677414,0.27384621605980325,0.2175496056390654,0.05629661042073786,0.0,0.0,0.0,0.1729468599033816,0.17777142130689044,0.0048245614035088424,0.12134082164636535,0.1049499357404515,0.016390885905913852,0.0,0.0,0.0,0.22745571658615135,0.24814285108907538,0.02068713450292403,0.17965901803863782,0.1634971834088201,0.016161834629817712,0.0,0.0,0.0,0.22745571658615135,0.24814285108907538,0.02068713450292403,0.17965901803863782,0.1634971834088201,0.016161834629817712
0,0,24,12,7,1246180.0,1261586.0,0.012362580044616347,0.06,0.031075697211155356,0,0.2,0.14285714285714285,0.14285714285714285,0.0,0.43900966183574885,0.44602123839619756,0.007011576560448707,0.4058094335996777,0.3807026506516532,0.025106782948024486,0.0,0.0,0.0,0.2896135265700483,0.2815725908975336,0.008040935672514682,0.24013320703954877,0.20818118326618476,0.03195202377336401,0.0,0.16666666666666666,0.16666666666666666,0.345511272141707,0.4013104924146114,0.055799220272904404,0.3067776725329573,0.340150986055154,0.03337331352219669,0.0,0.16666666666666666,0.16666666666666666,0.345511272141707,0.4013104924146114,0.055799220272904404,0.3067776725329573,0.340150986055154,0.03337331352219669
0,0,24,12,7,1246180.0,1261586.0,0.012362580044616347,0.06,0.031075697211155356,0,0.4,0.2857142857142857,0.2857142857142857,0.0,0.6330474218672977,0.6322940503432495,0.0007533715240481964,0.6006072510375002,0.5736923221914199,0.026914928846080377,0.0,0.0,0.0,0.4862663906142167,0.4852116704805492,0.0010547201336675305,0.44085015145250034,0.40316925106798784,0.037680900384512495,0.16666666666666666,0.16666666666666666,0.0,0.5718886588451807,0.5710097254004577,0.0008789334447230068,0.5340417928770836,0.5026410425566565,0.03140075032042711,0.16666666666666666,0.16666666666666666,0.0,0.5718886588451807,0.5710097254004577,0.0008789334447230068,0.5340417928770836,0.5026410425566565,0.03140075032042711
0,0,26,13,7,1246180.0,1251866.0,0.004562743744884367,0.1,0.053917662682602875,0,0.05,0.0,0.0,0.0,0.21482796016957506,0.1910504781622794,0.023777482007295653,0.17898268618914176,0.14453492693156825,0.03444775925757351,0.0,0.0,0.0,0.13647342995169082,0.10747066942719115,0.02900276052449967,0.09806609882904965,0.05332786669654591,0.04473823213250374,0.0,0.0,0.0,0.15539452495974235,0.18955889118932598,0.03416436622958363,0.1138050823575414,0.12909948219407116,0.015294399836529762,0.0,0.0,0.0,0.15539452495974235,0.18955889118932598,0.03416436622958363,0.1138050823575414,0.12909948219407116,0.015294399836529762
0,0,26,13,7,1246180.0,1251866.0,0.004562743744884367,0.1,0.053917662682602875,0,0.1,0.0,0.0,0.0,0.3174110223799665,0.2968268237882491,0.020584198591717395,0.27384621605980325,0.23778113844146698,0.03606507761833627,0.0,0.0,0.0,0.1729468599033816,0.17555755330354872,0.002610693400167119,0.12134082164636535,0.12019097077060317,0.001149850875762179,0.0,0.0,0.0,0.22745571658615135,0.24629796108629062,0.01884224450013927,0.17965901803863782,0.18481873558911888,0.005159717550481058,0.0,0.0,0.0,0.22745571658615135,0.24629796108629062,0.01884224450013927,0.17965901803863782,0.18481873558911888,0.005159717550481058
0,0,26,13,7,1246180.0,1251866.0,0.004562743744884367,0.1,0.053917662682602875,0,0.2,0.14285714285714285,0.14285714285714285,0.0,0.43900966183574885,0.42276589506893536,0.016243766766813494,0.4058094335996777,0.3866463274961372,0.019163106103540495,0.0,0.0,0.0,0.2896135265700483,0.23187225309650938,0.05774127347353891,0.24013320703954877,0.1860809778975771,0.054052229141971664,0.0,0.16666666666666666,0.16666666666666666,0.345511272141707,0.3598935442470912,0.014382272105384175,0.3067776725329573,0.3217341482479809,0.01495647571502362,0.0,0.16666666666666666,0.16666666666666666,0.345511272141707,0.3598935442470912,0.014382272105384175,0.3067776725329573,0.3217341482479809,0.01495647571502362
0,0,26,13,7,1246180.0,1251866.0,0.004562743744884367,0.1,0.053917662682602875,0,0.4,0.2857142857142857,0.2857142857142857,0.0,0.6330474218672977,0.6125549380698122,0.020492483797485472,0.6006072510375002,0.5683847348384609,0.032222516199039375,0.0,0.0,0.0,0.4862663906142167,0.4575769132977371,0.02868947731647964,0.44085015145250034,0.39573862877384497,0.04511152267865537,0.16666666666666666,0.16666666666666666,0.0,0.5718886588451807,0.5479807610814477,0.023907897763733033,0.5340417928770836,0.4964488573115375,0.03759293556554616,0.16666666666666666,0.16666666666666666,0.0,0.5718886588451807,0.5479807610814477,0.023907897763733033,0.5340417928770836,0.4964488573115375,0.03759293556554616
0,0,28,14,7,1246180.0,1244175.0,0.0016115096348986275,0.14,0.06826029216467462,0,0.05,0.0,0.0,0.0,0.21482796016957506,0.26122448979591834,0.046396529626343275,0.17898268618914176,0.2100630221129912,0.031080335923849428,0.0,0.0,0.0,0.13647342995169082,0.1658730158730159,0.029399585921325078,0.09806609882904965,0.12125605223143356,0.023189953402383903,0.0,0.0,0.0,0.15539452495974235,0.1658730158730159,0.010478490913273547,0.1138050823575414,0.12125605223143356,0.007450969873892155,0.0,0.0,0.0,0.15539452495974235,0.1658730158730159,0.010478490913273547,0.1138050823575414,0.12125605223143356,0.007450969873892155
0,0,28,14,7,1246180.0,1244175.0,0.0016115096348986275,0.14,0.06826029216467462,0,0.1,0.0,0.14285714285714285,0.14285714285714285,0.3174110223799665,0.42176870748299317,0.10435768510302668,0.27384621605980325,0.3817466584346825,0.10790044237487922,0.0,0.0,0.0,0.1729468599033816,0.3253968253968254,0.1524499654934438,0.12134082164636535,0.278704434840463,0.15736361319409764,0.0,0.0,0.0,0.22745571658615135,0.3253968253968254,0.09794110881067405,0.17965901803863782,0.278704434840463,0.09904541680182516,0.0,0.0,0.0,0.22745571658615135,0.3253968253968254,0.09794110881067405,0.17965901803863782,0.278704434840463,0.09904541680182516
0,0,28,14,7,1246180.0,1244175.0,0.0016115096348986275,0.14,0.06826029216467462,0,0.2,0.14285714285714285,0.14285714285714285,0.0,0.43900966183574885,0.5608843537414966,0.12187469190574773,0.4058094335996777,0.512041625463797,0.10623219186411925,0.0,0.0,0.0,0.2896135265700483,0.48769841269841274,0.19808488612836445,0.24013320703954877,0.43071522970776316,0.1905820226682144,0.0,0.0,0.0,0.345511272141707,0.48769841269841274,0.14218714055670573,0.3067776725329573,0.43071522970776316,0.12393755717480587,0.0,0.0,0.0,0.345511272141707,0.48769841269841274,0.14218714055670573,0.3067776725329573,0.43071522970776316,0.12393755717480587
0,0,28,14,7,1246180.0,1244175.0,0.0016115096348986275,0.14,0.06826029216467462,0,0.4,0.2857142857142857,0.2857142857142857,0.0,0.6330474218672977,0.7291208791208791,0.0960734572535814,0.6006072510375002,0.6692697687766197,0.06866251773911947,0.0,0.16666666666666666,0.16666666666666666,0.4862663906142167,0.6839743589743589,0.19770796836014215,0.44085015145250034,0.6141480635727229,0.17329791212022255,0.16666666666666666,0.16666666666666666,0.0,0.5718886588451807,0.6839743589743589,0.11208570012917818,0.5340417928770836,0.6141480635727229,0.08010627069563925,0.16666666666666666,0.16666666666666666,0.0,0.5718886588451807,0.6839743589743589,0.11208570012917818,0.5340417928770836,0.6141480635727229,0.08010627069563925
0,0,30,15,7,1246180.0,1249358.0,0.002550193391002905,0.06,0.07861885790172642,0,0.05,0.0,0.0,0.0,0.21482796016957506,0.2510170734960651,0.03618911332649005,0.17898268618914176,0.2286107924347721,0.04962810624563033,0.0,0.0,0.0,0.13647342995169082,0.18634453781512605,0.04987110786343524,0.09806609882904965,0.1468992381566004,0.048833139327550734,0.0,0.0,0.0,0.15539452495974235,0.2510170734960651,0.09562254853632277,0.1138050823575414,0.2286107924347721,0.11480571007723069,0.0,0.0,0.0,0.15539452495974235,0.2510170734960651,0.09562254853632277,0.1138050823575414,0.2286107924347721,0.11480571007723069
0,0,30,15,7,1246180.0,1249358.0,0.002550193391002905,0.06,0.07861885790172642,0,0.1,0.0,0.14285714285714285,0.14285714285714285,0.3174110223799665,0.41696751164233803,0.09955648926237154,0.27384621605980325,0.37429022335789913,0.10044400729809588,0.0,0.0,0.0,0.1729468599033816,0.2726434051881622,0.09969654528478061,0.12134082164636535,0.21632996415334102,0.09498914250697567,0.0,0.14285714285714285,0.14285714285714285,0.22745571658615135,0.41696751164233803,0.18951179505618668,0.17965901803863782,0.37429022335789913,0.1946312053192613,0.0,0.14285714285714285,0.14285714285714285,0.22745571658615135,0.41696751164233803,0.18951179505618668,0.17965901803863782,0.37429022335789913,0.1946312053192613
0,0,30,15,7,1246180.0,1249358.0,0.002550193391002905,0.06,0.07861885790172642,0,0.2,0.14285714285714285,0.14285714285714285,0.0,0.43900966183574885,0.5603933602426477,0.12138369840689889,0.4058094335996777,0.5259105677046857,0.120101134105008,0.0,0.0,0.0,0.2896135265700483,0.4067729265619291,0.1171593999918808,0.24013320703954877,0.36739512673676733,0.12726191969721856,0.0,0.14285714285714285,0.14285714285714285,0.345511272141707,0.5603933602426477,0.21488208810094073,0.3067776725329573,0.5259105677046857,0.2191328951717284,0.0,0.14285714285714285,0.14285714285714285,0.345511272141707,0.5603933602426477,0.21488208810094073,0.3067776725329573,0.5259105677046857,0.2191328951717284
0,0,30,15,7,1246180.0,1249358.0,0.002550193391002905,0.06,0.07861885790172642,0,0.4,0.2857142857142857,0.42857142857142855,0.14285714285714285,0.6330474218672977,0.6793086799937367,0.046261258126439,0.6006072510375002,0.6537509342583513,0.05314368322085106,0.0,0.2,0.2,0.4862663906142167,0.5510321519912313,0.06476576137701462,0.44085015145250034,0.5152513079616918,0.07440115650919149,0.16666666666666666,0.42857142857142855,0.26190476190476186,0.5718886588451807,0.6793086799937367,0.10742002114855598,0.5340417928770836,0.6537509342583513,0.11970914138126765,0.16666666666666666,0.42857142857142855,0.26190476190476186,0.5718886588451807,0.6793086799937367,0.10742002114855598,0.5340417928770836,0.6537509342583513,0.11970914138126765
0,0,32,16,7,1246180.0,1244383.0,0.001444089159045085,0.04,0.03532536520584327,0,0.05,0.0,0.0,0.0,0.21482796016957506,0.15598442275460908,0.05884353741496598,0.17898268618914176,0.10298641414709411,0.07599627204204765,0.0,0.0,0.0,0.13647342995169082,0.08980676328502415,0.04666666666666666,0.09806609882904965,0.07043405562740361,0.027632043201646042,0.0,0.0,0.0,0.15539452495974235,0.08980676328502415,0.06558776167471819,0.1138050823575414,0.07043405562740361,0.04337102673013779,0.0,0.0,0.0,0.15539452495974235,0.08980676328502415,0.06558776167471819,0.1138050823575414,0.07043405562740361,0.04337102673013779
0,0,32,16,7,1246180.0,1244383.0,0.001444089159045085,0.04,0.03532536520584327,0,0.1,0.0,0.0,0.0,0.3174110223799665,0.26809129448881003,0.04931972789115646,0.27384621605980325,0.19360626694676794,0.08023994911303531,0.0,0.0,0.0,0.1729468599033816,0.15628019323671496,0.016666666666666635,0.12134082164636535,0.10640891846380943,0.014931903182555925,0.0,0.0,0.0,0.22745571658615135,0.15628019323671496,0.07117552334943639,0.17965901803863782,0.10640891846380943,0.07325009957482839,0.0,0.0,0.0,0.22745571658615135,0.15628019323671496,0.07117552334943639,0.17965901803863782,0.10640891846380943,0.07325009957482839
0,0,32,16,7,1246180.0,1244383.0,0.001444089159045085,0.04,0.03532536520584327,0,0.2,0.14285714285714285,0.14285714285714285,0.0,0.43900966183574885,0.3601547865523021,0.07885487528344676,0.4058094335996777,0.31215424873584746,0.09365518486383023,0.0,0.0,0.0,0.2896135265700483,0.21850241545893717,0.07111111111111112,0.24013320703954877,0.15170789135814855,0.08842531568140022,0.0,0.0,0.0,0.345511272141707,0.21850241545893717,0.12700885668276984,0.3067776725329573,0.15170789135814855,0.15506978117480874,0.0,0.0,0.0,0.345511272141707,0.21850241545893717,0.12700885668276984,0.3067776725329573,0.15170789135814855,0.15506978117480874
0,0,32,16,7,1246180.0,1244383.0,0.001444089159045085,0.04,0.03532536520584327,0,0.4,0.2857142857142857,0.14285714285714285,0.14285714285714285,0.6330474218672977,0.5086315685694568,0.12441585329784088,0.6006072510375002,0.49182462696238755,0.10878262407511269,0.0,0.0,0.0,0.4862663906142167,0.36922705314009663,0.1170393374741201,0.44085015145250034,0.33752762150721616,0.10332252994528418,0.16666666666666666,0.0,0.16666666666666666,0.5718886588451807,0.36922705314009663,0.20266160570508407,0.5340417928770836,0.33752762150721616,0.19651417136986749,0.16666666666666666,0.0,0.16666666666666666,0.5718886588451807,0.36922705314009663,0.20266160570508407,0.5340417928770836,0.33752762150721616,0.19651417136986749
0,0,34,17,7,1246180.0,1248876.0,0.0021634113851931504,0.06,0.06799468791500651,0,0.05,0.0,0.0,0.0,0.21482796016957506,0.14531306621532183,0.06951489395425323,0.17898268618914176,0.12772046049300237,0.05126222569613939,0.0,0.0,0.0,0.13647342995169082,0.05581924508240297,0.08065418486928785,0.09806609882904965,0.03722847202554136,0.06083762680350829,0.0,0.0,0.0,0.15539452495974235,0.05581924508240297,0.09957527987733938,0.1138050823575414,0.03722847202554136,0.07657661033200004,0.0,0.0,0.0,0.15539452495974235,0.05581924508240297,0.09957527987733938,0.1138050823575414,0.03722847202554136,0.07657661033200004
0,0,34,17,7,1246180.0,1248876.0,0.0021634113851931504,0.06,0.06799468791500651,0,0.1,0.0,0.0,0.0,0.3174110223799665,0.27845284206186466,0.03895818031810183,0.27384621605980325,0.2797967972989716,0.005950581239168362,0.0,0.0,0.0,0.1729468599033816,0.1469768360294676,0.025970023873914005,0.12134082164636535,0.14713311249365965,0.0257922908472943,0.0,0.0,0.0,0.22745571658615135,0.1469768360294676,0.08047888055668376,0.17965901803863782,0.14713311249365965,0.03252590554497817,0.0,0.0,0.0,0.22745571658615135,0.1469768360294676,0.08047888055668376,0.17965901803863782,0.14713311249365965,0.03252590554497817
0,0,34,17,7,1246180.0,1248876.0,0.0021634113851931504,0.06,0.06799468791500651,0,0.2,0.14285714285714285,0.14285714285714285,0.0,0.43900966183574885,0.4905922815697252,0.05158261973397632,0.4058094335996777,0.4364429876620713,0.030633554062393598,0.0,0.0,0.0,0.2896135265700483,0.32016252753094854,0.03054900096090024,0.24013320703954877,0.25096101112926655,0.010827804089717785,0.0,0.0,0.0,0.345511272141707,0.32016252753094854,0.025348744610758478,0.3067776725329573,0.25096101112926655,0.05581666140369074,0.0,0.0,0.0,0.345511272141707,0.32016252753094854,0.025348744610758478,0.3067776725329573,0.25096101112926655,0.05581666140369074
0,0,34,17,7,1246180.0,1248876.0,0.0021634113851931504,0.06,0.06799468791500651,0,0.4,0.2857142857142857,0.2857142857142857,0.0,0.6330474218672977,0.6200106326422116,0.01303678922508611,0.6006072510375002,0.570943451262581,0.029663799774919286,0.0,0.0,0.0,0.4862663906142167,0.4680148856990963,0.018251504915120453,0.44085015145250034,0.39932083176761335,0.04152931968488699,0.16666666666666666,0.0,0.16666666666666666,0.5718886588451807,0.4680148856990963,0.10387377314608442,0.5340417928770836,0.39932083176761335,0.1347209611094703,0.16666666666666666,0.0,0.16666666666666666,0.5718886588451807,0.4680148856990963,0.10387377314608442,0.5340417928770836,0.39932083176761335,0.1347209611094703
0,0,36,18,7,1246180.0,1244191.0,0.0015986291493830128,0.02,0.01859229747675975,0,0.05,0.0,0.14285714285714285,0.14285714285714285,0.21482796016957506,0.24033816425120774,0.02551020408163268,0.17898268618914176,0.22052798593664075,0.04154529974749899,0.0,0.0,0.0,0.13647342995169082,0.09202898550724638,0.04444444444444444,0.09806609882904965,0.07265557195046093,0.02541052687858872,0.0,0.0,0.0,0.15539452495974235,0.11372785829307568,0.04166666666666667,0.1138050823575414,0.09061598359274751,0.023189098764793886,0.0,0.0,0.0,0.15539452495974235,0.11372785829307568,0.04166666666666667,0.1138050823575414,0.09061598359274751,0.023189098764793886
0,0,36,18,7,1246180.0,1244191.0,0.0015986291493830128,0.02,0.01859229747675975,0,0.1,0.0,0.14285714285714285,0.14285714285714285,0.3174110223799665,0.3219461697722567,0.0045351473922902175,0.27384621605980325,0.2895204008467262,0.01567418478692295,0.0,0.0,0.0,0.1729468599033816,0.16183574879227053,0.011111111111111072,0.12134082164636535,0.1087389022195201,0.012601919426845257,0.0,0.0,0.0,0.22745571658615135,0.20893719806763286,0.01851851851851849,0.17965901803863782,0.1711071343211806,0.008551883717457215,0.0,0.0,0.0,0.22745571658615135,0.20893719806763286,0.01851851851851849,0.17965901803863782,0.1711071343211806,0.008551883717457215
0,0,36,18,7,1246180.0,1244191.0,0.0015986291493830128,0.02,0.01859229747675975,0,0.2,0.14285714285714285,0.14285714285714285,0.0,0.43900966183574885,0.42908902691511386,0.009920634920634996,0.4058094335996777,0.3755464001056278,0.030263033494049907,0.0,0.0,0.0,0.2896135265700483,0.2896135265700483,0.0,0.24013320703954877,0.20519290294215833,0.034940304097390434,0.0,0.0,0.0,0.345511272141707,0.33393719806763283,0.011574074074074181,0.3067776725329573,0.27147080012323244,0.035306872409724854,0.0,0.0,0.0,0.345511272141707,0.33393719806763283,0.011574074074074181,0.3067776725329573,0.27147080012323244,0.035306872409724854
0,0,36,18,7,1246180.0,1244191.0,0.0015986291493830128,0.02,0.01859229747675975,0,0.4,0.2857142857142857,0.14285714285714285,0.14285714285714285,0.6330474218672977,0.597333136153012,0.0357142857142857,0.6006072510375002,0.5621981992088065,0.0384090518286937,0.0,0.0,0.0,0.4862663906142167,0.4807108350586612,0.005555555555555536,0.44085015145250034,0.43724249539397925,0.0036076560585210915,0.16666666666666666,0.0,0.16666666666666666,0.5718886588451807,0.530221992178514,0.04166666666666674,0.5340417928770836,0.4892312324102743,0.04481056046680937,0.16666666666666666,0.0,0.16666666666666666,0.5718886588451807,0.530221992178514,0.04166666666666674,0.5340417928770836,0.4892312324102743,0.04481056046680937
0,0,38,19,7,1246180.0,1244383.0,0.001444089159045085,0.02,0.004249667994687947,0,0.05,0.0,0.0,0.0,0.21482796016957506,0.1958519487123606,0.018976011457214448,0.17898268618914176,0.15229308170999137,0.02668960447915039,0.0,0.0,0.0,0.13647342995169082,0.09085939486397152,0.0456140350877193,0.09806609882904965,0.07170947966944699,0.026356619159602662,0.0,0.0,0.0,0.15539452495974235,0.1173828290533096,0.038011695906432746,0.1138050823575414,0.09392456639120582,0.019880515966335582,0.0,0.0,0.0,0.15539452495974235,0.1173828290533096,0.038011695906432746,0.1138050823575414,0.09392456639120582,0.019880515966335582
0,0,38,19,7,1246180.0,1244383.0,0.001444089159045085,0.02,0.004249667994687947,0,0.1,0.0,0.0,0.0,0.3174110223799665,0.31588936108386906,0.0015216612960974318,0.27384621605980325,0.24271973169343378,0.031126484366369472,0.0,0.0,0.0,0.1729468599033816,0.17557843885075006,0.002631578947368457,0.12134082164636535,0.13278341735912116,0.011442595712755813,0.0,0.0,0.0,0.22745571658615135,0.2296486990422917,0.0021929824561403577,0.17965901803863782,0.18773618113260096,0.008077163093963141,0.0,0.0,0.0,0.22745571658615135,0.2296486990422917,0.0021929824561403577,0.17965901803863782,0.18773618113260096,0.008077163093963141
0,0,38,19,7,1246180.0,1244383.0,0.001444089159045085,0.02,0.004249667994687947,0,0.2,0.14285714285714285,0.14285714285714285,0.0,0.43900966183574885,0.4249119174748465,0.014097744360902331,0.4058094335996777,0.36676333583209153,0.03904609776758616,0.0,0.0,0.0,0.2896135265700483,0.2948766844647851,0.005263157894736803,0.24013320703954877,0.22096867016492813,0.019164536874620636,0.0,0.0,0.0,0.345511272141707,0.32906390372065425,0.016447368421052766,0.3067776725329573,0.26122389180410677,0.045553780728850524,0.0,0.0,0.0,0.345511272141707,0.32906390372065425,0.016447368421052766,0.3067776725329573,0.26122389180410677,0.045553780728850524
0,0,38,19,7,1246180.0,1244383.0,0.001444089159045085,0.02,0.004249667994687947,0,0.4,0.2857142857142857,0.14285714285714285,0.14285714285714285,0.6330474218672977,0.5994216908731457,0.033625730994152,0.6006072510375002,0.5617980526409383,0.03880919839656194,0.0,0.0,0.0,0.4862663906142167,0.48919036722240383,0.0029239766081871066,0.44085015145250034,0.42526727369731354,0.015582877755186797,0.16666666666666666,0.0,0.16666666666666666,0.5718886588451807,0.5326586393520032,0.039230019493177504,0.5340417928770836,0.48876439474776134,0.0452773981293223,0.16666666666666666,0.0,0.16666666666666666,0.5718886588451807,0.5326586393520032,0.039230019493177504,0.5340417928770836,0.48876439474776134,0.0452773981293223
1,0,3,1,8,1270239.0,1279890.0,0.007597782779461188,0.06,0.057370517928286895,0,0.05,0.0,0.0,0.0,0.2601064997804128,0.25997538089929395,0.0001311188811188302,0.23460388351548406,0.2368993336975581,0.0022954501820740547,0.0,0.0,0.0,0.10617039964866053,0.21330050786572527,0.10713010821706474,0.07847593529229041,0.20595470847822617,0.12747877318593576,0.0,0.0,0.0,0.10617039964866053,0.21330050786572527,0.10713010821706474,0.07847593529229041,0.20595470847822617,0.12747877318593576,0.0,0.0,0.0,0.10617039964866053,0.21330050786572527,0.10713010821706474,0.07847593529229041,0.20595470847822617,0.12747877318593576
1,0,3,1,8,1270239.0,1279890.0,0.007597782779461188,0.06,0.057370517928286895,0,0.1,0.25,0.25,0.0,0.46353686319718923,0.48106187290969904,0.01752500971250981,0.4328334393924395,0.4451465053056567,0.01231306591321718,0.0,0.16666666666666666,0.16666666666666666,0.18165898111550285,0.34141583054626534,0.1597568494307625,0.13820977797247094,0.29825890286134865,0.1600491248888777,0.0,0.16666666666666666,0.16666666666666666,0.18165898111550285,0.34141583054626534,0.1597568494307625,0.13820977797247094,0.29825890286134865,0.1600491248888777,0.0,0.16666666666666666,0.16666666666666666,0.18165898111550285,0.34141583054626534,0.1597568494307625,0.13820977797247094,0.29825890286134865,0.1600491248888777
1,0,3,1,8,1270239.0,1279890.0,0.007597782779461188,0.06,0.057370517928286895,0,0.2,0.375,0.375,0.0,0.5521416611769873,0.5442563173541435,0.007885343822843782,0.5258564407435486,0.5134956211893329,0.012360819554215752,0.0,0.16666666666666666,0.16666666666666666,0.2834266578831796,0.3923417564721912,0.1089150985890116,0.24137030518967778,0.3513274949191105,0.10995718972943269,0.0,0.16666666666666666,0.16666666666666666,0.2834266578831796,0.3923417564721912,0.1089150985890116,0.24137030518967778,0.3513274949191105,0.10995718972943269,0.0,0.16666666666666666,0.16666666666666666,0.2834266578831796,0.3923417564721912,0.1089150985890116,0.24137030518967778,0.3513274949191105,0.10995718972943269
1,0,3,1,8,1270239.0,1279890.0,0.007597782779461188,0.06,0.057370517928286895,0,0.4,0.375,0.375,0.0,0.7146758736432648,0.7056474624409407,0.009028411202324116,0.6788390676987827,0.6782295570823876,0.0006095106163950259,0.0,0.16666666666666666,0.16666666666666666,0.5434813978292239,0.6075299499212542,0.06404855209203031,0.4861425083180523,0.5709727427765169,0.0848302344584646,0.0,0.16666666666666666,0.16666666666666666,0.5434813978292239,0.6075299499212542,0.06404855209203031,0.4861425083180523,0.5709727427765169,0.0848302344584646,0.0,0.16666666666666666,0.16666666666666666,0.5434813978292239,0.6075299499212542,0.06404855209203031,0.4861425083180523,0.5709727427765169,0.0848302344584646
1,0,5,2,8,1270239.0,1261484.0,0.006940238639570538,0.08,0.06826029216467452,0,0.05,0.0,0.125,0.125,0.2601064997804128,0.3729166666666667,0.1128101668862539,0.23460388351548406,0.36062526221708224,0.12602137870159819,0.0,0.0,0.0,0.10617039964866053,0.11166666666666666,0.005496267018006137,0.07847593529229041,0.07040158781565649,0.008074347476633922,0.0,0.0,0.0,0.10617039964866053,0.11166666666666666,0.005496267018006137,0.07847593529229041,0.07040158781565649,0.008074347476633922,0.0,0.0,0.0,0.10617039964866053,0.11166666666666666,0.005496267018006137,0.07847593529229041,0.07040158781565649,0.008074347476633922
1,0,5,2,8,1270239.0,1261484.0,0.006940238639570538,0.08,0.06826029216467452,0,0.1,0.25,0.375,0.125,0.46353686319718923,0.5264583333333333,0.06292147013614402,0.4328334393924395,0.4990734611066621,0.06624002171422261,0.0,0.0,0.0,0.18165898111550285,0.24233333333333335,0.06067435221783049,0.13820977797247094,0.19851753777065936,0.06030775979818842,0.0,0.0,0.0,0.18165898111550285,0.24233333333333335,0.06067435221783049,0.13820977797247094,0.19851753777065936,0.06030775979818842,0.0,0.0,0.0,0.18165898111550285,0.24233333333333335,0.06067435221783049,0.13820977797247094,0.19851753777065936,0.06030775979818842
1,0,5,2,8,1270239.0,1261484.0,0.006940238639570538,0.08,0.06826029216467452,0,0.2,0.375,0.375,0.0,0.5521416611769873,0.6451041666666667,0.09296250548967944,0.5258564407435486,0.6316324766978404,0.10577603595429175,0.0,0.0,0.0,0.2834266578831796,0.43216666666666664,0.14874000878348703,0.24137030518967778,0.41061196271654454,0.16924165752686676,0.0,0.0,0.0,0.2834266578831796,0.43216666666666664,0.14874000878348703,0.24137030518967778,0.41061196271654454,0.16924165752686676,0.0,0.0,0.0,0.2834266578831796,0.43216666666666664,0.14874000878348703,0.24137030518967778,0.41061196271654454,0.16924165752686676
1,0,5,2,8,1270239.0,1261484.0,0.006940238639570538,0.08,0.06826029216467452,0,0.4,0.375,0.375,0.0,0.7146758736432648,0.7820032051282051,0.0673273314849403,0.6788390676987827,0.7294132501336205,0.0505741824348378,0.0,0.0,0.0,0.5434813978292239,0.6512051282051281,0.10772373037590421,0.4861425083180523,0.5670612002137928,0.08091869189574052,0.0,0.0,0.0,0.5434813978292239,0.6512051282051281,0.10772373037590421,0.4861425083180523,0.5670612002137928,0.08091869189574052,0.0,0.0,0.0,0.5434813978292239,0.6512051282051281,0.10772373037590421,0.4861425083180523,0.5670612002137928,0.08091869189574052
1,0,7,3,8,1270239.0,1262365.0,0.006237498663223394,0.1,0.09322709163346615,0,0.05,0.0,0.125,0.125,0.2601064997804128,0.31685253152644455,0.056746031746031766,0.23460388351548406,0.2762593746849481,0.04165549116946404,0.0,0.0,0.0,0.10617039964866053,0.1605652801304975,0.05439488048183698,0.07847593529229041,0.11697971269468489,0.03850377740239448,0.0,0.0,0.0,0.10617039964866053,0.1605652801304975,0.05439488048183698,0.07847593529229041,0.11697971269468489,0.03850377740239448,0.0,0.0,0.0,0.10617039964866053,0.1605652801304975,0.05439488048183698,0.07847593529229041,0.11697971269468489,0.03850377740239448
1,0,7,3,8,1270239.0,1262365.0,0.006237498663223394,0.1,0.09322709163346615,0,0.1,0.25,0.125,0.125,0.46353686319718923,0.44912714097496703,0.014409722222222199,0.4328334393924395,0.44746512576587943,0.014631686373439923,0.0,0.0,0.0,0.18165898111550285,0.31312190225233705,0.1314629211368342,0.13820977797247094,0.30700268134904146,0.16879290337657052,0.0,0.0,0.0,0.18165898111550285,0.31312190225233705,0.1314629211368342,0.13820977797247094,0.30700268134904146,0.16879290337657052,0.0,0.0,0.0,0.18165898111550285,0.31312190225233705,0.1314629211368342,0.13820977797247094,0.30700268134904146,0.16879290337657052
1,0,7,3,8,1270239.0,1262365.0,0.006237498663223394,0.1,0.09322709163346615,0,0.2,0.375,0.375,0.0,0.5521416611769873,0.6083498023715415,0.056208141194554195,0.5258564407435486,0.5860023983592157,0.0601459576156671,0.0,0.16666666666666666,0.16666666666666666,0.2834266578831796,0.4777997364953887,0.1943730786122091,0.24137030518967778,0.44800319781228776,0.20663289262260998,0.0,0.16666666666666666,0.16666666666666666,0.2834266578831796,0.4777997364953887,0.1943730786122091,0.24137030518967778,0.44800319781228776,0.20663289262260998,0.0,0.16666666666666666,0.16666666666666666,0.2834266578831796,0.4777997364953887,0.1943730786122091,0.24137030518967778,0.44800319781228776,0.20663289262260998
1,0,7,3,8,1270239.0,1262365.0,0.006237498663223394,0.1,0.09322709163346615,0,0.4,0.375,0.5,0.125,0.7146758736432648,0.7595496894409938,0.04487381579772898,0.6788390676987827,0.7385573654465916,0.0597182977478089,0.0,0.3333333333333333,0.3333333333333333,0.5434813978292239,0.679399585921325,0.1359181880921011,0.4861425083180523,0.6514098205954555,0.1652673122774032,0.0,0.3333333333333333,0.3333333333333333,0.5434813978292239,0.679399585921325,0.1359181880921011,0.4861425083180523,0.6514098205954555,0.1652673122774032,0.0,0.3333333333333333,0.3333333333333333,0.5434813978292239,0.679399585921325,0.1359181880921011,0.4861425083180523,0.6514098205954555,0.1652673122774032
1,0,9,4,8,1270239.0,1268134.0,0.001659919219893166,0.12,0.07224435590969447,0,0.05,0.0,0.125,0.125,0.2601064997804128,0.3053571428571428,0.045250643076730046,0.23460388351548406,0.27704936504348326,0.04244548152799921,0.0,0.0,0.0,0.10617039964866053,0.06,0.04617039964866053,0.07847593529229041,0.04328980482377974,0.03518613046851067,0.0,0.0,0.0,0.10617039964866053,0.06,0.04617039964866053,0.07847593529229041,0.04328980482377974,0.03518613046851067,0.0,0.0,0.0,0.10617039964866053,0.06,0.04617039964866053,0.07847593529229041,0.04328980482377974,0.03518613046851067
1,0,9,4,8,1270239.0,1268134.0,0.001659919219893166,0.12,0.07224435590969447,0,0.1,0.25,0.25,0.0,0.46353686319718923,0.47321428571428575,0.009677422517096523,0.4328334393924395,0.48236128640502896,0.04952784701258944,0.0,0.0,0.0,0.18165898111550285,0.21428571428571427,0.03262673317021142,0.13820977797247094,0.22423707464148893,0.08602729666901798,0.0,0.0,0.0,0.18165898111550285,0.21428571428571427,0.03262673317021142,0.13820977797247094,0.22423707464148893,0.08602729666901798,0.0,0.0,0.0,0.18165898111550285,0.21428571428571427,0.03262673317021142,0.13820977797247094,0.22423707464148893,0.08602729666901798
1,0,9,4,8,1270239.0,1268134.0,0.001659919219893166,0.12,0.07224435590969447,0,0.2,0.375,0.375,0.0,0.5521416611769873,0.6105654761904762,0.05842381501348892,0.5258564407435486,0.5961035194689666,0.07024707872541791,0.0,0.0,0.0,0.2834266578831796,0.3769047619047619,0.0934781040215823,0.24137030518967778,0.35376563115034637,0.11239532596066859,0.0,0.0,0.0,0.2834266578831796,0.3769047619047619,0.0934781040215823,0.24137030518967778,0.35376563115034637,0.11239532596066859,0.0,0.0,0.0,0.2834266578831796,0.3769047619047619,0.0934781040215823,0.24137030518967778,0.35376563115034637,0.11239532596066859
1,0,9,4,8,1270239.0,1268134.0,0.001659919219893166,0.12,0.07224435590969447,0,0.4,0.375,0.5,0.125,0.7146758736432648,0.7855998168498168,0.07092394320655204,0.6788390676987827,0.7660444979254766,0.08720543022669391,0.0,0.2,0.2,0.5434813978292239,0.656959706959707,0.11347830913048307,0.4861425083180523,0.6256711966807624,0.13952868836271015,0.0,0.2,0.2,0.5434813978292239,0.656959706959707,0.11347830913048307,0.4861425083180523,0.6256711966807624,0.13952868836271015,0.0,0.2,0.2,0.5434813978292239,0.656959706959707,0.11347830913048307,0.4861425083180523,0.6256711966807624,0.13952868836271015
1,0,11,5,8,1270239.0,1264368.0,0.004643426597319767,0.08,0.09694555112881796,0,0.05,0.0,0.0,0.0,0.2601064997804128,0.274452906162465,0.014346406382052201,0.23460388351548406,0.23861036755107876,0.0040064840355946985,0.0,0.0,0.0,0.10617039964866053,0.12769607843137254,0.021525678782712013,0.07847593529229041,0.0894241825730955,0.010948247280805096,0.0,0.0,0.0,0.10617039964866053,0.24927054154995332,0.14310014190129278,0.07847593529229041,0.23466250089869467,0.15618656560640426,0.0,0.0,0.0,0.10617039964866053,0.24927054154995332,0.14310014190129278,0.07847593529229041,0.23466250089869467,0.15618656560640426
1,0,11,5,8,1270239.0,1264368.0,0.004643426597319767,0.08,0.09694555112881796,0,0.1,0.25,0.375,0.125,0.46353686319718923,0.517953431372549,0.05441656817535978,0.4328334393924395,0.507737064556183,0.07490362516374344,0.0,0.0,0.0,0.18165898111550285,0.2287254901960784,0.04706650908057555,0.13820977797247094,0.21237930328989257,0.07416952531742163,0.0,0.16666666666666666,0.16666666666666666,0.18165898111550285,0.35727124183006537,0.1756122607145625,0.13820977797247094,0.3436494194082438,0.20543964143577284,0.0,0.16666666666666666,0.16666666666666666,0.18165898111550285,0.35727124183006537,0.1756122607145625,0.13820977797247094,0.3436494194082438,0.20543964143577284
1,0,11,5,8,1270239.0,1264368.0,0.004643426597319767,0.08,0.09694555112881796,0,0.2,0.375,0.375,0.0,0.5521416611769873,0.6076461834733894,0.055504522296402126,0.5258564407435486,0.5854563868026953,0.05959994605914665,0.0,0.0,0.0,0.2834266578831796,0.3722338935574229,0.08880723567424331,0.24137030518967778,0.3367302188843124,0.09535991369463465,0.0,0.16666666666666666,0.16666666666666666,0.2834266578831796,0.4768615779645191,0.1934349200813395,0.24137030518967778,0.4472751824035937,0.20590487721391593,0.0,0.16666666666666666,0.16666666666666666,0.2834266578831796,0.4768615779645191,0.1934349200813395,0.24137030518967778,0.4472751824035937,0.20590487721391593
1,0,11,5,8,1270239.0,1264368.0,0.004643426597319767,0.08,0.09694555112881796,0,0.4,0.375,0.375,0.0,0.7146758736432648,0.7675107062055592,0.052834832562294376,0.6788390676987827,0.7354576101225517,0.05661854242376907,0.0,0.0,0.0,0.5434813978292239,0.6280171299288947,0.0845357320996708,0.4861425083180523,0.576732176196083,0.09058966787803069,0.0,0.16666666666666666,0.16666666666666666,0.5434813978292239,0.6900142749407455,0.14653287711152163,0.4861425083180523,0.6472768134967358,0.16113430517868355,0.0,0.16666666666666666,0.16666666666666666,0.5434813978292239,0.6900142749407455,0.14653287711152163,0.4861425083180523,0.6472768134967358,0.16113430517868355
1,0,13,6,8,1270239.0,1273615.0,0.002657767553979999,0.08,0.07622841965471441,0,0.05,0.0,0.125,0.125,0.2601064997804128,0.3147691981931112,0.05466269841269844,0.23460388351548406,0.28881167879263336,0.05420779527714931,0.0,0.0,0.0,0.10617039964866053,0.15778750235271974,0.05161710270405921,0.07847593529229041,0.13371611817159856,0.05524018287930815,0.0,0.0,0.0,0.10617039964866053,0.15778750235271974,0.05161710270405921,0.07847593529229041,0.13371611817159856,0.05524018287930815,0.0,0.0,0.0,0.10617039964866053,0.15778750235271974,0.05161710270405921,0.07847593529229041,0.13371611817159856,0.05524018287930815
1,0,13,6,8,1270239.0,1273615.0,0.002657767553979999,0.08,0.07622841965471441,0,0.1,0.25,0.25,0.0,0.46353686319718923,0.4824604743083004,0.018923611111111183,0.4328334393924395,0.471357516114907,0.03852407672246749,0.0,0.16666666666666666,0.16666666666666666,0.18165898111550285,0.3575663466967815,0.17590736558127865,0.13820977797247094,0.3388592018144116,0.20064942384194065,0.0,0.16666666666666666,0.16666666666666666,0.18165898111550285,0.3575663466967815,0.17590736558127865,0.13820977797247094,0.3388592018144116,0.20064942384194065,0.0,0.16666666666666666,0.16666666666666666,0.18165898111550285,0.3575663466967815,0.17590736558127865,0.13820977797247094,0.3388592018144116,0.20064942384194065
1,0,13,6,8,1270239.0,1273615.0,0.002657767553979999,0.08,0.07622841965471441,0,0.2,0.375,0.375,0.0,0.5521416611769873,0.6192873023715415,0.06714564119455424,0.5258564407435486,0.593059496978379,0.06720305623483036,0.0,0.16666666666666666,0.16666666666666666,0.2834266578831796,0.492383069828722,0.20895641194554238,0.24137030518967778,0.4574126626378386,0.2160423574481608,0.0,0.16666666666666666,0.16666666666666666,0.2834266578831796,0.492383069828722,0.20895641194554238,0.24137030518967778,0.4574126626378386,0.2160423574481608,0.0,0.16666666666666666,0.16666666666666666,0.2834266578831796,0.492383069828722,0.20895641194554238,0.24137030518967778,0.4574126626378386,0.2160423574481608
1,0,13,6,8,1270239.0,1273615.0,0.002657767553979999,0.08,0.07622841965471441,0,0.4,0.375,0.5,0.125,0.7146758736432648,0.7611121894409938,0.046436315797729,0.6788390676987827,0.7360701598017646,0.05723109210298194,0.0,0.3333333333333333,0.3333333333333333,0.5434813978292239,0.6814829192546584,0.13800152142543454,0.4861425083180523,0.6480935464023528,0.16195103808430056,0.0,0.3333333333333333,0.3333333333333333,0.5434813978292239,0.6814829192546584,0.13800152142543454,0.4861425083180523,0.6480935464023528,0.16195103808430056,0.0,0.3333333333333333,0.3333333333333333,0.5434813978292239,0.6814829192546584,0.13800152142543454,0.4861425083180523,0.6480935464023528,0.16195103808430056
1,0,15,7,8,1270239.0,1259973.0,0.008147793643197116,0.04,0.02576361221779549,0,0.05,0.0,0.125,0.125,0.2601064997804128,0.2772084253661939,0.017101925585781108,0.23460388351548406,0.27364625284286065,0.03904236932737659,0.0,0.0,0.0,0.10617039964866053,0.06853348058591024,0.03763691906275028,0.07847593529229041,0.0643263964797123,0.014149538812578105,0.0,0.0,0.0,0.10617039964866053,0.06853348058591024,0.03763691906275028,0.07847593529229041,0.0643263964797123,0.014149538812578105,0.0,0.0,0.0,0.10617039964866053,0.06853348058591024,0.03763691906275028,0.07847593529229041,0.0643263964797123,0.014149538812578105
1,0,15,7,8,1270239.0,1259973.0,0.008147793643197116,0.04,0.02576361221779549,0,0.1,0.25,0.25,0.0,0.46353686319718923,0.468054304231574,0.004517441034384784,0.4328334393924395,0.45906802972838523,0.026234590335945718,0.0,0.0,0.0,0.18165898111550285,0.1738868867705185,0.007772094344984354,0.13820977797247094,0.17189202513550975,0.0336822471630388,0.0,0.0,0.0,0.18165898111550285,0.1738868867705185,0.007772094344984354,0.13820977797247094,0.17189202513550975,0.0336822471630388,0.0,0.0,0.0,0.18165898111550285,0.1738868867705185,0.007772094344984354,0.13820977797247094,0.17189202513550975,0.0336822471630388
1,0,15,7,8,1270239.0,1259973.0,0.008147793643197116,0.04,0.02576361221779549,0,0.2,0.375,0.375,0.0,0.5521416611769873,0.5795708846779819,0.027429223500994637,0.5258564407435486,0.5671966871597768,0.04134024641622813,0.0,0.0,0.0,0.2834266578831796,0.32731341548477094,0.04388675760159133,0.24137030518967778,0.30751469945564275,0.06614439426596497,0.0,0.0,0.0,0.2834266578831796,0.32731341548477094,0.04388675760159133,0.24137030518967778,0.30751469945564275,0.06614439426596497,0.0,0.0,0.0,0.2834266578831796,0.32731341548477094,0.04388675760159133,0.24137030518967778,0.30751469945564275,0.06614439426596497
1,0,15,7,8,1270239.0,1259973.0,0.008147793643197116,0.04,0.02576361221779549,0,0.4,0.375,0.375,0.0,0.7146758736432648,0.6825458748412714,0.03212999880199341,0.6788390676987827,0.6617450946965574,0.01709397300222526,0.0,0.0,0.0,0.5434813978292239,0.49207339974603403,0.051407998083189854,0.4861425083180523,0.45879215151449165,0.027350356803560627,0.0,0.0,0.0,0.5434813978292239,0.49207339974603403,0.051407998083189854,0.4861425083180523,0.45879215151449165,0.027350356803560627,0.0,0.0,0.0,0.5434813978292239,0.49207339974603403,0.051407998083189854,0.4861425083180523,0.45879215151449165,0.027350356803560627
1,0,17,8,8,1270239.0,1248724.0,0.017229587963393033,0.06,0.03081009296148737,0,0.05,0.0,0.125,0.125,0.2601064997804128,0.33435794278185577,0.07425144300144298,0.23460388351548406,0.3256277493350766,0.09102386581959254,0.0,0.0,0.0,0.10617039964866053,0.0835441370223979,0.022626262626262633,0.07847593529229041,0.047486341712736996,0.030989593579553415,0.0,0.0,0.0,0.10617039964866053,0.0835441370223979,0.022626262626262633,0.07847593529229041,0.047486341712736996,0.030989593579553415,0.0,0.0,0.0,0.10617039964866053,0.0835441370223979,0.022626262626262633,0.07847593529229041,0.047486341712736996,0.030989593579553415
1,0,17,8,8,1270239.0,1248724.0,0.017229587963393033,0.06,0.03081009296148737,0,0.1,0.25,0.375,0.125,0.46353686319718923,0.5021574440052701,0.03862058080808084,0.4328334393924395,0.48653981379514566,0.05370637440270615,0.0,0.0,0.0,0.18165898111550285,0.20345191040843216,0.02179292929292931,0.13820977797247094,0.178463702072233,0.040253924099762056,0.0,0.0,0.0,0.18165898111550285,0.20345191040843216,0.02179292929292931,0.13820977797247094,0.178463702072233,0.040253924099762056,0.0,0.0,0.0,0.18165898111550285,0.20345191040843216,0.02179292929292931,0.13820977797247094,0.178463702072233,0.040253924099762056
1,0,17,8,8,1270239.0,1248724.0,0.017229587963393033,0.06,0.03081009296148737,0,0.2,0.375,0.375,0.0,0.5521416611769873,0.5865694993412385,0.03442783816425121,0.5258564407435486,0.5726924893167527,0.046836048573204,0.0,0.0,0.0,0.2834266578831796,0.3385111989459816,0.05508454106280197,0.24137030518967778,0.31630798290680434,0.07493767771712656,0.0,0.0,0.0,0.2834266578831796,0.3385111989459816,0.05508454106280197,0.24137030518967778,0.31630798290680434,0.07493767771712656,0.0,0.0,0.0,0.2834266578831796,0.3385111989459816,0.05508454106280197,0.24137030518967778,0.31630798290680434,0.07493767771712656
1,0,17,8,8,1270239.0,1248724.0,0.017229587963393033,0.06,0.03081009296148737,0,0.4,0.375,0.375,0.0,0.7146758736432648,0.7349998733150908,0.020323999671825965,0.6788390676987827,0.7115496306575512,0.03271056295876851,0.0,0.0,0.0,0.5434813978292239,0.5759997973041451,0.03251839947492119,0.4861425083180523,0.5384794090520817,0.05233690073402941,0.0,0.0,0.0,0.5434813978292239,0.5759997973041451,0.03251839947492119,0.4861425083180523,0.5384794090520817,0.05233690073402941,0.0,0.0,0.0,0.5434813978292239,0.5759997973041451,0.03251839947492119,0.4861425083180523,0.5384794090520817,0.05233690073402941
1,0,19,9,8,1270239.0,1273033.0,0.0021995860621505086,0.12,0.09667994687915007,0,0.05,0.0,0.125,0.125,0.2601064997804128,0.2969588744588745,0.0368523746784617,0.23460388351548406,0.28923059670126805,0.05462671318578399,0.0,0.0,0.0,0.10617039964866053,0.13227705627705627,0.026106656628395744,0.07847593529229041,0.10049962890670756,0.022023693614417153,0.0,0.14285714285714285,0.14285714285714285,0.10617039964866053,0.2781570810142239,0.17198668136556333,0.07847593529229041,0.26341420263126974,0.18493826733897933,0.0,0.14285714285714285,0.14285714285714285,0.10617039964866053,0.2781570810142239,0.17198668136556333,0.07847593529229041,0.26341420263126974,0.18493826733897933
1,0,19,9,8,1270239.0,1273033.0,0.0021995860621505086,0.12,0.09667994687915007,0,0.1,0.25,0.25,0.0,0.46353686319718923,0.4343939393939394,0.029142923803249843,0.4328334393924395,0.4416894583294871,0.008856018937047572,0.0,0.0,0.0,0.18165898111550285,0.18074458874458874,0.0009143923709141188,0.13820977797247094,0.16681242294466575,0.028602644972194807,0.0,0.2857142857142857,0.2857142857142857,0.18165898111550285,0.414817563388992,0.23315858227348915,0.13820977797247094,0.40486601638904685,0.26665623841657593,0.0,0.2857142857142857,0.2857142857142857,0.18165898111550285,0.414817563388992,0.23315858227348915,0.13820977797247094,0.40486601638904685,0.26665623841657593
1,0,19,9,8,1270239.0,1273033.0,0.0021995860621505086,0.12,0.09667994687915007,0,0.2,0.375,0.375,0.0,0.5521416611769873,0.6009199134199135,0.0487782522429262,0.5258564407435486,0.581061464335781,0.05520502359223234,0.0,0.0,0.0,0.2834266578831796,0.36147186147186144,0.07804520358868183,0.24137030518967778,0.3296983429372497,0.08832803774757192,0.0,0.2857142857142857,0.2857142857142857,0.2834266578831796,0.543908472479901,0.26048181459672143,0.24137030518967778,0.5212131020980354,0.2798427969083576,0.0,0.2857142857142857,0.2857142857142857,0.2834266578831796,0.543908472479901,0.26048181459672143,0.24137030518967778,0.5212131020980354,0.2798427969083576
1,0,19,9,8,1270239.0,1273033.0,0.0021995860621505086,0.12,0.09667994687915007,0,0.4,0.375,0.5,0.125,0.7146758736432648,0.7797619047619048,0.06508603111863998,0.6788390676987827,0.743000143338576,0.06416107563979334,0.0,0.2,0.2,0.5434813978292239,0.6476190476190476,0.10413764978982376,0.4861425083180523,0.5888002293417217,0.10265772102366943,0.0,0.42857142857142855,0.42857142857142855,0.5434813978292239,0.7482993197278912,0.20481792189866732,0.4861425083180523,0.7062858781012297,0.2201433697831774,0.0,0.42857142857142855,0.42857142857142855,0.5434813978292239,0.7482993197278912,0.20481792189866732,0.4861425083180523,0.7062858781012297,0.2201433697831774
1,0,21,10,8,1270239.0,1274465.0,0.0033269329630093237,0.06,0.040903054448871254,0,0.05,0.0,0.25,0.25,0.2601064997804128,0.3905924570785252,0.1304859572981124,0.23460388351548406,0.36847697577646626,0.1338730922609822,0.0,0.0,0.0,0.10617039964866053,0.14494793132564032,0.038777531676979796,0.07847593529229041,0.10862670639284769,0.030150771100557278,0.0,0.0,0.0,0.10617039964866053,0.14494793132564032,0.038777531676979796,0.07847593529229041,0.10862670639284769,0.030150771100557278,0.0,0.0,0.0,0.10617039964866053,0.14494793132564032,0.038777531676979796,0.07847593529229041,0.10862670639284769,0.030150771100557278
1,0,21,10,8,1270239.0,1274465.0,0.0033269329630093237,0.06,0.040903054448871254,0,0.1,0.25,0.375,0.125,0.46353686319718923,0.5235364480720518,0.059999584874862566,0.4328334393924395,0.4948960681868569,0.062062628794417374,0.0,0.0,0.0,0.18165898111550285,0.23765831691528283,0.055999335799779976,0.13820977797247094,0.191833709098971,0.053623931126500046,0.0,0.0,0.0,0.18165898111550285,0.23765831691528283,0.055999335799779976,0.13820977797247094,0.191833709098971,0.053623931126500046,0.0,0.0,0.0,0.18165898111550285,0.23765831691528283,0.055999335799779976,0.13820977797247094,0.191833709098971,0.053623931126500046
1,0,21,10,8,1270239.0,1274465.0,0.0033269329630093237,0.06,0.040903054448871254,0,0.2,0.375,0.375,0.0,0.5521416611769873,0.5752951898462735,0.023153528669286216,0.5258564407435486,0.5534733800481877,0.027616939304639043,0.0,0.0,0.0,0.2834266578831796,0.3204723037540375,0.0370456458708579,0.24137030518967778,0.28555740807710017,0.04418710288742239,0.0,0.0,0.0,0.2834266578831796,0.3204723037540375,0.0370456458708579,0.24137030518967778,0.28555740807710017,0.04418710288742239,0.0,0.0,0.0,0.2834266578831796,0.3204723037540375,0.0370456458708579,0.24137030518967778,0.28555740807710017,0.04418710288742239
1,0,21,10,8,1270239.0,1274465.0,0.0033269329630093237,0.06,0.040903054448871254,0,0.4,0.375,0.375,0.0,0.7146758736432648,0.7296407797568788,0.014964906113614007,0.6788390676987827,0.7046773764002755,0.02583830870149284,0.0,0.0,0.0,0.5434813978292239,0.5674252476110061,0.02394384978178221,0.4861425083180523,0.5274838022404407,0.04134129392238839,0.0,0.0,0.0,0.5434813978292239,0.5674252476110061,0.02394384978178221,0.4861425083180523,0.5274838022404407,0.04134129392238839,0.0,0.0,0.0,0.5434813978292239,0.5674252476110061,0.02394384978178221,0.4861425083180523,0.5274838022404407,0.04134129392238839
1,0,23,11,8,1270239.0,1271035.0,0.0006266537242204026,0.06,0.05763612217795483,0,0.05,0.0,0.125,0.125,0.2601064997804128,0.3429934045423176,0.0828869047619048,0.23460388351548406,0.2996828476204132,0.06507896410492914,0.0,0.0,0.0,0.10617039964866053,0.12339262187088273,0.017222222222222208,0.07847593529229041,0.07712328492306665,0.0013526503692237596,0.0,0.0,0.0,0.10617039964866053,0.19541977748499487,0.08924937783633434,0.07847593529229041,0.1482110099419716,0.06973507464968118,0.0,0.0,0.0,0.10617039964866053,0.19541977748499487,0.08924937783633434,0.07847593529229041,0.1482110099419716,0.06973507464968118
1,0,23,11,8,1270239.0,1271035.0,0.0006266537242204026,0.06,0.05763612217795483,0,0.1,0.25,0.25,0.0,0.46353686319718923,0.4755408314511575,0.012003968253968267,0.4328334393924395,0.4437907548076897,0.01095731541525019,0.0,0.0,0.0,0.18165898111550285,0.2180081874647092,0.03634920634920635,0.13820977797247094,0.16252422408574602,0.024314446113275073,0.0,0.16666666666666666,0.16666666666666666,0.18165898111550285,0.348340156220591,0.16668117510508815,0.13820977797247094,0.302103520071455,0.16389374209898408,0.0,0.16666666666666666,0.16666666666666666,0.18165898111550285,0.348340156220591,0.16668117510508815,0.13820977797247094,0.302103520071455,0.16389374209898408
1,0,23,11,8,1270239.0,1271035.0,0.0006266537242204026,0.06,0.05763612217795483,0,0.2,0.375,0.375,0.0,0.5521416611769873,0.6139301595143986,0.06178849833741129,0.5258564407435486,0.5900094344624447,0.06415299371889605,0.0,0.0,0.0,0.2834266578831796,0.3822882552230378,0.09886159733985816,0.24137030518967778,0.34401509513991146,0.10264478995023368,0.0,0.16666666666666666,0.16666666666666666,0.2834266578831796,0.4852402126858648,0.2018135548026852,0.24137030518967778,0.4533459126165929,0.21197560742691512,0.0,0.16666666666666666,0.16666666666666666,0.2834266578831796,0.4852402126858648,0.2018135548026852,0.24137030518967778,0.4533459126165929,0.21197560742691512
1,0,23,11,8,1270239.0,1271035.0,0.0006266537242204026,0.06,0.05763612217795483,0,0.4,0.375,0.5,0.125,0.7146758736432648,0.7640139751552795,0.049338101512014676,0.6788390676987827,0.7324174003530438,0.05357833265426115,0.0,0.2,0.2,0.5434813978292239,0.6224223602484471,0.07894096241922322,0.4861425083180523,0.5718678405648701,0.08572533224681778,0.0,0.3333333333333333,0.3333333333333333,0.5434813978292239,0.6853519668737059,0.14187056904448203,0.4861425083180523,0.6432232004707251,0.15708069215267284,0.0,0.3333333333333333,0.3333333333333333,0.5434813978292239,0.6853519668737059,0.14187056904448203,0.4861425083180523,0.6432232004707251,0.15708069215267284
1,0,25,12,8,1270239.0,1270292.0,4.1724431386534346e-05,0.1,0.08286852589641433,0,0.05,0.0,0.125,0.125,0.2601064997804128,0.2824031267645398,0.022296626984127044,0.23460388351548406,0.250603671020914,0.015999787505429963,0.0,0.0,0.0,0.10617039964866053,0.11463274044795783,0.008462340799297308,0.07847593529229041,0.08277210780930609,0.004296172517015681,0.0,0.0,0.0,0.10617039964866053,0.11463274044795783,0.008462340799297308,0.07847593529229041,0.08277210780930609,0.004296172517015681,0.0,0.0,0.0,0.10617039964866053,0.11463274044795783,0.008462340799297308,0.07847593529229041,0.08277210780930609,0.004296172517015681
1,0,25,12,8,1270239.0,1270292.0,4.1724431386534346e-05,0.1,0.08286852589641433,0,0.1,0.25,0.25,0.0,0.46353686319718923,0.457906902879729,0.005629960317460214,0.4328334393924395,0.45094771172479353,0.01811427233235402,0.0,0.16666666666666666,0.16666666666666666,0.18165898111550285,0.3248282514586862,0.14316927034318336,0.13820977797247094,0.3116461292942604,0.17343635132178944,0.0,0.16666666666666666,0.16666666666666666,0.18165898111550285,0.3248282514586862,0.14316927034318336,0.13820977797247094,0.3116461292942604,0.17343635132178944,0.0,0.16666666666666666,0.16666666666666666,0.18165898111550285,0.3248282514586862,0.14316927034318336,0.13820977797247094,0.3116461292942604,0.17343635132178944
1,0,25,12,8,1270239.0,1270292.0,4.1724431386534346e-05,0.1,0.08286852589641433,0,0.2,0.375,0.375,0.0,0.5521416611769873,0.6114748023715415,0.05933314119455424,0.5258564407435486,0.5825611901493726,0.05670474940582393,0.0,0.16666666666666666,0.16666666666666666,0.2834266578831796,0.48196640316205525,0.19853974527887563,0.24137030518967778,0.44341492019916345,0.20204461500948567,0.0,0.16666666666666666,0.16666666666666666,0.2834266578831796,0.48196640316205525,0.19853974527887563,0.24137030518967778,0.44341492019916345,0.20204461500948567,0.0,0.16666666666666666,0.16666666666666666,0.2834266578831796,0.48196640316205525,0.19853974527887563,0.24137030518967778,0.44341492019916345,0.20204461500948567
1,0,25,12,8,1270239.0,1270292.0,4.1724431386534346e-05,0.1,0.08286852589641433,0,0.4,0.375,0.5,0.125,0.7146758736432648,0.7757330984233157,0.061057224780050934,0.6788390676987827,0.7480972901616527,0.06925822246287006,0.0,0.3333333333333333,0.3333333333333333,0.5434813978292239,0.700977464564421,0.15749606673519712,0.4861425083180523,0.664129720215537,0.17798721189748468,0.0,0.3333333333333333,0.3333333333333333,0.5434813978292239,0.700977464564421,0.15749606673519712,0.4861425083180523,0.664129720215537,0.17798721189748468,0.0,0.3333333333333333,0.3333333333333333,0.5434813978292239,0.700977464564421,0.15749606673519712,0.4861425083180523,0.664129720215537,0.17798721189748468
1,0,27,13,8,1270239.0,1270571.0,0.00026136813623263026,0.06,0.0759628154050464,0,0.05,0.0,0.25,0.25,0.2601064997804128,0.3772233503211764,0.1171168505407636,0.23460388351548406,0.3367609885725343,0.10215710505705022,0.0,0.0,0.0,0.10617039964866053,0.16963113376156855,0.06346073411290802,0.07847593529229041,0.11568131809671232,0.03720538280442191,0.0,0.0,0.0,0.10617039964866053,0.16963113376156855,0.06346073411290802,0.07847593529229041,0.11568131809671232,0.03720538280442191,0.0,0.0,0.0,0.10617039964866053,0.16963113376156855,0.06346073411290802,0.07847593529229041,0.11568131809671232,0.03720538280442191
1,0,27,13,8,1270239.0,1270571.0,0.00026136813623263026,0.06,0.0759628154050464,0,0.1,0.25,0.25,0.0,0.46353686319718923,0.4749416042894304,0.011404741092241155,0.4328334393924395,0.4387617940645224,0.005928354672082914,0.0,0.0,0.0,0.18165898111550285,0.2999221390525738,0.11826315793707096,0.13820977797247094,0.2516823920860299,0.11347261411355894,0.0,0.0,0.0,0.18165898111550285,0.2999221390525738,0.11826315793707096,0.13820977797247094,0.2516823920860299,0.11347261411355894,0.0,0.0,0.0,0.18165898111550285,0.2999221390525738,0.11826315793707096,0.13820977797247094,0.2516823920860299,0.11347261411355894
1,0,27,13,8,1270239.0,1270571.0,0.00026136813623263026,0.06,0.0759628154050464,0,0.2,0.375,0.375,0.0,0.5521416611769873,0.5708296836014227,0.018688022424435458,0.5258564407435486,0.5370916019956608,0.011235161252112102,0.0,0.16666666666666666,0.16666666666666666,0.2834266578831796,0.4277729114685636,0.144346253585384,0.24137030518967778,0.38278880266088083,0.14141849747120305,0.0,0.16666666666666666,0.16666666666666666,0.2834266578831796,0.4277729114685636,0.144346253585384,0.24137030518967778,0.38278880266088083,0.14141849747120305,0.0,0.16666666666666666,0.16666666666666666,0.2834266578831796,0.4277729114685636,0.144346253585384,0.24137030518967778,0.38278880266088083,0.14141849747120305
1,0,27,13,8,1270239.0,1270571.0,0.00026136813623263026,0.06,0.0759628154050464,0,0.4,0.375,0.375,0.0,0.7146758736432648,0.7173183097096141,0.002642436066349285,0.6788390676987827,0.682732518996695,0.003893451297912298,0.0,0.16666666666666666,0.16666666666666666,0.5434813978292239,0.6230910796128187,0.07960968178359484,0.4861425083180523,0.5769766919955933,0.09083418367754104,0.0,0.16666666666666666,0.16666666666666666,0.5434813978292239,0.6230910796128187,0.07960968178359484,0.4861425083180523,0.5769766919955933,0.09083418367754104,0.0,0.16666666666666666,0.16666666666666666,0.5434813978292239,0.6230910796128187,0.07960968178359484,0.4861425083180523,0.5769766919955933,0.09083418367754104
1,0,29,14,8,1270239.0,1263846.0,0.005058369453240347,0.08,0.07224435590969441,0,0.05,0.0,0.25,0.25,0.2601064997804128,0.3857919254658385,0.12568542568542573,0.23460388351548406,0.35523987740303314,0.12063599388754909,0.0,0.0,0.0,0.10617039964866053,0.11726708074534162,0.01109668109668109,0.07847593529229041,0.0886596659138186,0.010183730621528192,0.0,0.0,0.0,0.10617039964866053,0.11726708074534162,0.01109668109668109,0.07847593529229041,0.0886596659138186,0.010183730621528192,0.0,0.0,0.0,0.10617039964866053,0.11726708074534162,0.01109668109668109,0.07847593529229041,0.0886596659138186,0.010183730621528192
1,0,29,14,8,1270239.0,1263846.0,0.005058369453240347,0.08,0.07224435590969441,0,0.1,0.25,0.375,0.125,0.46353686319718923,0.5055124223602484,0.04197555916305917,0.4328334393924395,0.4917625715970936,0.05892913220465407,0.0,0.0,0.0,0.18165898111550285,0.2088198757763975,0.027160894660894636,0.13820977797247094,0.1868201145553498,0.04861033658287886,0.0,0.0,0.0,0.18165898111550285,0.2088198757763975,0.027160894660894636,0.13820977797247094,0.1868201145553498,0.04861033658287886,0.0,0.0,0.0,0.18165898111550285,0.2088198757763975,0.027160894660894636,0.13820977797247094,0.1868201145553498,0.04861033658287886
1,0,29,14,8,1270239.0,1263846.0,0.005058369453240347,0.08,0.07224435590969441,0,0.2,0.375,0.375,0.0,0.5521416611769873,0.6121376811594204,0.05999601998243309,0.5258564407435486,0.5880851740487746,0.062228733305225936,0.0,0.0,0.0,0.2834266578831796,0.37942028985507237,0.09599363197189276,0.24137030518967778,0.3409362784780394,0.09956597328836164,0.0,0.0,0.0,0.2834266578831796,0.37942028985507237,0.09599363197189276,0.24137030518967778,0.3409362784780394,0.09956597328836164,0.0,0.0,0.0,0.2834266578831796,0.37942028985507237,0.09599363197189276,0.24137030518967778,0.3409362784780394,0.09956597328836164
1,0,29,14,8,1270239.0,1263846.0,0.005058369453240347,0.08,0.07224435590969441,0,0.4,0.375,0.375,0.0,0.7146758736432648,0.7518115942028986,0.03713572055963377,0.6788390676987827,0.7286411367655309,0.04980206906674822,0.0,0.0,0.0,0.5434813978292239,0.6028985507246377,0.05941715289541383,0.4861425083180523,0.5658258188248493,0.079683310506797,0.0,0.0,0.0,0.5434813978292239,0.6028985507246377,0.05941715289541383,0.4861425083180523,0.5658258188248493,0.079683310506797,0.0,0.0,0.0,0.5434813978292239,0.6028985507246377,0.05941715289541383,0.4861425083180523,0.5658258188248493,0.079683310506797
1,0,31,15,8,1270239.0,1266770.0,0.0027384608097760447,0.08,0.0722443559096945,0,0.05,0.0,0.125,0.125,0.2601064997804128,0.33619828993470297,0.07609179015429018,0.23460388351548406,0.3100361554827992,0.07543227196731517,0.0,0.0,0.0,0.10617039964866053,0.10363154960981047,0.0025388500388500573,0.07847593529229041,0.05965147942057801,0.0188244558717124,0.0,0.0,0.0,0.10617039964866053,0.10363154960981047,0.0025388500388500573,0.07847593529229041,0.05965147942057801,0.0188244558717124,0.0,0.0,0.0,0.10617039964866053,0.10363154960981047,0.0025388500388500573,0.07847593529229041,0.05965147942057801,0.0188244558717124
1,0,31,15,8,1270239.0,1266770.0,0.0027384608097760447,0.08,0.0722443559096945,0,0.1,0.25,0.25,0.0,0.46353686319718923,0.4895268454371715,0.02598998223998228,0.4328334393924395,0.48026978533377257,0.04743634594133306,0.0,0.0,0.0,0.18165898111550285,0.24038580984233157,0.05872682872682872,0.13820977797247094,0.22089067292747888,0.08268089495500794,0.0,0.0,0.0,0.18165898111550285,0.24038580984233157,0.05872682872682872,0.13820977797247094,0.22089067292747888,0.08268089495500794,0.0,0.0,0.0,0.18165898111550285,0.24038580984233157,0.05872682872682872,0.13820977797247094,0.22089067292747888,0.08268089495500794
1,0,31,15,8,1270239.0,1266770.0,0.0027384608097760447,0.08,0.0722443559096945,0,0.2,0.375,0.375,0.0,0.5521416611769873,0.6100257306099697,0.05788406943298241,0.5258564407435486,0.5932797632389352,0.06742332249538652,0.0,0.0,0.0,0.2834266578831796,0.3760411689759516,0.09261451109277197,0.24137030518967778,0.34924762118229624,0.10787731599261846,0.0,0.0,0.0,0.2834266578831796,0.3760411689759516,0.09261451109277197,0.24137030518967778,0.34924762118229624,0.10787731599261846,0.0,0.0,0.0,0.2834266578831796,0.3760411689759516,0.09261451109277197,0.24137030518967778,0.34924762118229624,0.10787731599261846
1,0,31,15,8,1270239.0,1266770.0,0.0027384608097760447,0.08,0.0722443559096945,0,0.4,0.375,0.5,0.125,0.7146758736432648,0.7823436753463927,0.06766780170312792,0.6788390676987827,0.7369928006182584,0.05815373291947579,0.0,0.2,0.2,0.5434813978292239,0.6517498805542283,0.10826848272500444,0.4861425083180523,0.5791884809892136,0.09304597267116133,0.0,0.2,0.2,0.5434813978292239,0.6517498805542283,0.10826848272500444,0.4861425083180523,0.5791884809892136,0.09304597267116133,0.0,0.2,0.2,0.5434813978292239,0.6517498805542283,0.10826848272500444,0.4861425083180523,0.5791884809892136,0.09304597267116133
1,0,33,16,8,1270239.0,1270167.0,5.668545947107743e-05,0.1,0.07755644090305448,0,0.05,0.0,0.125,0.125,0.2601064997804128,0.33937428061069363,0.07926778083028085,0.23460388351548406,0.29578977859750427,0.061185895082020214,0.0,0.0,0.0,0.10617039964866053,0.19059427890949632,0.08442387926083579,0.07847593529229041,0.1430202512447598,0.0645443159524694,0.0,0.0,0.0,0.10617039964866053,0.19059427890949632,0.08442387926083579,0.07847593529229041,0.1430202512447598,0.0645443159524694,0.0,0.0,0.0,0.10617039964866053,0.19059427890949632,0.08442387926083579,0.07847593529229041,0.1430202512447598,0.0645443159524694
1,0,33,16,8,1270239.0,1270167.0,5.668545947107743e-05,0.1,0.07755644090305448,0,0.1,0.25,0.25,0.0,0.46353686319718923,0.47361775452808064,0.010080891330891406,0.4328334393924395,0.456041120201753,0.023207680809313513,0.0,0.16666666666666666,0.16666666666666666,0.18165898111550285,0.34577605365648845,0.1641170725409856,0.13820977797247094,0.31843734059687295,0.180227562624402,0.0,0.16666666666666666,0.16666666666666666,0.18165898111550285,0.34577605365648845,0.1641170725409856,0.13820977797247094,0.31843734059687295,0.180227562624402,0.0,0.16666666666666666,0.16666666666666666,0.18165898111550285,0.34577605365648845,0.1641170725409856,0.13820977797247094,0.31843734059687295,0.180227562624402
1,0,33,16,8,1270239.0,1270167.0,5.668545947107743e-05,0.1,0.07755644090305448,0,0.2,0.375,0.375,0.0,0.5521416611769873,0.606237851822091,0.05409619064510374,0.5258564407435486,0.5856574333042726,0.05980099256072391,0.0,0.16666666666666666,0.16666666666666666,0.2834266578831796,0.4749838024294546,0.19155714454627498,0.24137030518967778,0.44754324440569676,0.20617293921601898,0.0,0.16666666666666666,0.16666666666666666,0.2834266578831796,0.4749838024294546,0.19155714454627498,0.24137030518967778,0.44754324440569676,0.20617293921601898,0.0,0.16666666666666666,0.16666666666666666,0.2834266578831796,0.4749838024294546,0.19155714454627498,0.24137030518967778,0.44754324440569676,0.20617293921601898
1,0,33,16,8,1270239.0,1270167.0,5.668545947107743e-05,0.1,0.07755644090305448,0,0.4,0.375,0.375,0.0,0.7146758736432648,0.7566166849454893,0.04194081130222449,0.6788390676987827,0.72682406348904,0.04798499579025739,0.0,0.16666666666666666,0.16666666666666666,0.5434813978292239,0.6754889132606524,0.13200751543142852,0.4861425083180523,0.6357654179853868,0.1496229096673345,0.0,0.16666666666666666,0.16666666666666666,0.5434813978292239,0.6754889132606524,0.13200751543142852,0.4861425083180523,0.6357654179853868,0.1496229096673345,0.0,0.16666666666666666,0.16666666666666666,0.5434813978292239,0.6754889132606524,0.13200751543142852,0.4861425083180523,0.6357654179853868,0.1496229096673345
1,0,35,17,8,1270239.0,1266542.0,0.0029189714987738267,0.1,0.05763612217795483,0,0.05,0.0,0.0,0.0,0.2601064997804128,0.2545833333333334,0.005523166447079397,0.23460388351548406,0.27400509287599784,0.03940120936051378,0.0,0.0,0.0,0.10617039964866053,0.074,0.03217039964866053,0.07847593529229041,0.05608374384236453,0.02239219144992588,0.0,0.0,0.0,0.10617039964866053,0.145,0.03882960035133946,0.07847593529229041,0.13764554411106134,0.059169608818770925,0.0,0.0,0.0,0.10617039964866053,0.145,0.03882960035133946,0.07847593529229041,0.13764554411106134,0.059169608818770925
1,0,35,17,8,1270239.0,1266542.0,0.0029189714987738267,0.1,0.05763612217795483,0,0.1,0.25,0.25,0.0,0.46353686319718923,0.4808134920634921,0.01727662886630288,0.4328334393924395,0.45866962255695815,0.025836183164518634,0.0,0.0,0.0,0.18165898111550285,0.20263492063492064,0.020975939519417786,0.13820977797247094,0.1762956385153754,0.03808586054290447,0.0,0.0,0.0,0.18165898111550285,0.3077513227513227,0.12609234163581987,0.13820977797247094,0.27822616340927747,0.14001638543680653,0.0,0.0,0.0,0.18165898111550285,0.3077513227513227,0.12609234163581987,0.13820977797247094,0.27822616340927747,0.14001638543680653
1,0,35,17,8,1270239.0,1266542.0,0.0029189714987738267,0.1,0.05763612217795483,0,0.2,0.375,0.375,0.0,0.5521416611769873,0.6028769841269841,0.05073532294999683,0.5258564407435486,0.5727264219457388,0.0468699812021901,0.0,0.0,0.0,0.2834266578831796,0.3646031746031746,0.08117651671999498,0.24137030518967778,0.31636227511318193,0.07499196992350415,0.0,0.16666666666666666,0.16666666666666666,0.2834266578831796,0.4705026455026455,0.18707598761946587,0.24137030518967778,0.4303018959276516,0.18893159073797383,0.0,0.16666666666666666,0.16666666666666666,0.2834266578831796,0.4705026455026455,0.18707598761946587,0.24137030518967778,0.4303018959276516,0.18893159073797383
1,0,35,17,8,1270239.0,1266542.0,0.0029189714987738267,0.1,0.05763612217795483,0,0.4,0.375,0.375,0.0,0.7146758736432648,0.7585241147741147,0.04384824113084995,0.6788390676987827,0.7185510942236335,0.03971202652485084,0.0,0.0,0.0,0.5434813978292239,0.6136385836385836,0.0701571858093597,0.4861425083180523,0.5496817507578136,0.06353924243976128,0.0,0.16666666666666666,0.16666666666666666,0.5434813978292239,0.678032153032153,0.13455075520292914,0.4861425083180523,0.624734792298178,0.13859228398012569,0.0,0.16666666666666666,0.16666666666666666,0.5434813978292239,0.678032153032153,0.13455075520292914,0.4861425083180523,0.624734792298178,0.13859228398012569
1,0,37,18,8,1270239.0,1260993.0,0.007332316674240063,0.06,0.09667994687915005,0,0.05,0.0,0.125,0.125,0.2601064997804128,0.36733954451345757,0.10723304473304479,0.23460388351548406,0.3347609522488807,0.10015706873339664,0.0,0.0,0.0,0.10617039964866053,0.08488612836438922,0.02128427128427131,0.07847593529229041,0.07402887405388438,0.004447061238406033,0.0,0.0,0.0,0.10617039964866053,0.08488612836438922,0.02128427128427131,0.07847593529229041,0.07402887405388438,0.004447061238406033,0.0,0.0,0.0,0.10617039964866053,0.08488612836438922,0.02128427128427131,0.07847593529229041,0.07402887405388438,0.004447061238406033
1,0,37,18,8,1270239.0,1260993.0,0.007332316674240063,0.06,0.09667994687915005,0,0.1,0.25,0.375,0.125,0.46353686319718923,0.5237663906142167,0.06022952741702747,0.4328334393924395,0.5088889949632731,0.0760555555708336,0.0,0.0,0.0,0.18165898111550285,0.23802622498274673,0.05636724386724387,0.13820977797247094,0.214222391941237,0.07601261396876605,0.0,0.0,0.0,0.18165898111550285,0.23802622498274673,0.05636724386724387,0.13820977797247094,0.214222391941237,0.07601261396876605,0.0,0.0,0.0,0.18165898111550285,0.23802622498274673,0.05636724386724387,0.13820977797247094,0.214222391941237,0.07601261396876605
1,0,37,18,8,1270239.0,1260993.0,0.007332316674240063,0.06,0.09667994687915005,0,0.2,0.375,0.375,0.0,0.5521416611769873,0.6244392684610076,0.07229760728402035,0.5258564407435486,0.6033066655151165,0.07745022477156782,0.0,0.0,0.0,0.2834266578831796,0.39910282953761217,0.11567617165443256,0.24137030518967778,0.3652906648241863,0.12392035963450854,0.0,0.0,0.0,0.2834266578831796,0.39910282953761217,0.11567617165443256,0.24137030518967778,0.3652906648241863,0.12392035963450854,0.0,0.0,0.0,0.2834266578831796,0.39910282953761217,0.11567617165443256,0.24137030518967778,0.3652906648241863,0.12392035963450854
1,0,37,18,8,1270239.0,1260993.0,0.007332316674240063,0.06,0.09667994687915005,0,0.4,0.375,0.375,0.0,0.7146758736432648,0.7541772840685884,0.039501410425323624,0.6788390676987827,0.7397688295083228,0.06092976180954013,0.0,0.0,0.0,0.5434813978292239,0.6066836545097415,0.0632022566805176,0.4861425083180523,0.5836301272133164,0.09748761889526414,0.0,0.0,0.0,0.5434813978292239,0.6066836545097415,0.0632022566805176,0.4861425083180523,0.5836301272133164,0.09748761889526414,0.0,0.0,0.0,0.5434813978292239,0.6066836545097415,0.0632022566805176,0.4861425083180523,0.5836301272133164,0.09748761889526414
2,1,4,2,7,1235689.0,1245950.0,0.008303869339291683,0.12,0.057901726427622965,0,0.05,0.14285714285714285,0.0,0.14285714285714285,0.33198279311724693,0.20349009168884943,0.1284927014283975,0.30946517379820415,0.16928798951645577,0.14017718428174838,0.0,0.0,0.0,0.13144257703081233,0.09202898550724639,0.03941359152356594,0.08775416729409392,0.07369926375441059,0.014054903539683333,0.0,0.0,0.0,0.22064659197012138,0.20349009168884943,0.01715650028127194,0.19437603609790477,0.16928798951645577,0.025088046581449003,0.0,0.0,0.0,0.22064659197012138,0.20349009168884943,0.01715650028127194,0.19437603609790477,0.16928798951645577,0.025088046581449003
2,1,4,2,7,1235689.0,1245950.0,0.008303869339291683,0.12,0.057901726427622965,0,0.1,0.2857142857142857,0.0,0.2857142857142857,0.45308123249299725,0.34320467317361725,0.10987655931938001,0.43335189592789963,0.30468017156485444,0.1286717243630452,0.0,0.0,0.0,0.23431372549019608,0.18405797101449275,0.050255754475703324,0.20669265429905953,0.15173851470060018,0.05495413959845935,0.16666666666666666,0.0,0.16666666666666666,0.36192810457516345,0.34320467317361725,0.018723431401546198,0.33891054524921627,0.30468017156485444,0.034230373684361826,0.16666666666666666,0.0,0.16666666666666666,0.36192810457516345,0.34320467317361725,0.018723431401546198,0.33891054524921627,0.30468017156485444,0.034230373684361826
2,1,4,2,7,1235689.0,1245950.0,0.008303869339291683,0.12,0.057901726427622965,0,0.2,0.2857142857142857,0.14285714285714285,0.14285714285714285,0.5632002801120448,0.44297791580400275,0.12022236430804206,0.526878918133626,0.41378662695868945,0.11309229117493652,0.0,0.0,0.0,0.38848039215686275,0.29516908212560383,0.09331131003125892,0.3376304853870764,0.2513012777421653,0.08632920764491109,0.16666666666666666,0.14285714285714285,0.023809523809523808,0.4904003267973856,0.44297791580400275,0.047422410993382846,0.4480254044892303,0.41378662695868945,0.03423877753054083,0.16666666666666666,0.14285714285714285,0.023809523809523808,0.4904003267973856,0.44297791580400275,0.047422410993382846,0.4480254044892303,0.41378662695868945,0.03423877753054083
2,1,4,2,7,1235689.0,1245950.0,0.008303869339291683,0.12,0.057901726427622965,0,0.4,0.2857142857142857,0.2857142857142857,0.0,0.6648101548311632,0.6710292812777284,0.006219126446565193,0.638134779217668,0.6367266990402134,0.0014080801774546403,0.0,0.0,0.0,0.5307342167636285,0.5394409937888198,0.008706777025191292,0.49338869090473514,0.4914173786562987,0.001971312248436441,0.16666666666666666,0.2857142857142857,0.11904761904761904,0.6089451806363572,0.6710292812777284,0.062084100641371265,0.5778239090872793,0.6367266990402134,0.058902789952934076,0.16666666666666666,0.2857142857142857,0.11904761904761904,0.6089451806363572,0.6710292812777284,0.062084100641371265,0.5778239090872793,0.6367266990402134,0.058902789952934076
2,1,6,3,7,1235689.0,1239200.0,0.0028413298168066562,0.12,0.0725099601593626,0,0.05,0.14285714285714285,0.14285714285714285,0.0,0.33198279311724693,0.26433235501558483,0.0676504381016621,0.30946517379820415,0.22750953073531824,0.08195564306288591,0.0,0.0,0.0,0.13144257703081233,0.1417210808515156,0.010278503820703278,0.08775416729409392,0.0987611191912046,0.011006951897110678,0.0,0.0,0.0,0.22064659197012138,0.1417210808515156,0.07892551111860577,0.19437603609790477,0.0987611191912046,0.09561491690670017,0.0,0.0,0.0,0.22064659197012138,0.1417210808515156,0.07892551111860577,0.19437603609790477,0.0987611191912046,0.09561491690670017
2,1,6,3,7,1235689.0,1239200.0,0.0028413298168066562,0.12,0.0725099601593626,0,0.1,0.2857142857142857,0.14285714285714285,0.14285714285714285,0.45308123249299725,0.3895024230427957,0.06357880945020156,0.43335189592789963,0.3575737912268759,0.07577810470102375,0.0,0.0,0.0,0.23431372549019608,0.28775282688326165,0.05343910139306557,0.20669265429905953,0.2505027564313552,0.04381010213229569,0.16666666666666666,0.0,0.16666666666666666,0.36192810457516345,0.28775282688326165,0.0741752776919018,0.33891054524921627,0.2505027564313552,0.08840778881786104,0.16666666666666666,0.0,0.16666666666666666,0.36192810457516345,0.28775282688326165,0.0741752776919018,0.33891054524921627,0.2505027564313552,0.08840778881786104
2,1,6,3,7,1235689.0,1239200.0,0.0028413298168066562,0.12,0.0725099601593626,0,0.2,0.2857142857142857,0.14285714285714285,0.14285714285714285,0.5632002801120448,0.5158601233135395,0.04734015679850534,0.526878918133626,0.4798227662052489,0.04705615192837709,0.0,0.0,0.0,0.38848039215686275,0.43517014386579606,0.0466897517089333,0.3376304853870764,0.39312656057279033,0.05549607518571392,0.16666666666666666,0.0,0.16666666666666666,0.4904003267973856,0.43517014386579606,0.055230182931589544,0.4480254044892303,0.39312656057279033,0.054898843916439954,0.16666666666666666,0.0,0.16666666666666666,0.4904003267973856,0.43517014386579606,0.055230182931589544,0.4480254044892303,0.39312656057279033,0.054898843916439954
2,1,6,3,7,1235689.0,1239200.0,0.0028413298168066562,0.12,0.0725099601593626,0,0.4,0.2857142857142857,0.2857142857142857,0.0,0.6648101548311632,0.6497736218233114,0.015036533007851793,0.638134779217668,0.6070536412370584,0.03108113798060963,0.0,0.16666666666666666,0.16666666666666666,0.5307342167636285,0.5914025587938632,0.060668342030234634,0.49338869090473514,0.5415625814432348,0.04817389053849963,0.16666666666666666,0.16666666666666666,0.0,0.6089451806363572,0.5914025587938632,0.017542621842494,0.5778239090872793,0.5415625814432348,0.03626132764404455,0.16666666666666666,0.16666666666666666,0.0,0.6089451806363572,0.5914025587938632,0.017542621842494,0.5778239090872793,0.5415625814432348,0.03626132764404455
2,1,8,4,7,1235689.0,1229294.0,0.005202172954557657,0.06,0.062151394422310755,0,0.05,0.14285714285714285,0.14285714285714285,0.0,0.33198279311724693,0.25063758705063055,0.08134520606661638,0.30946517379820415,0.21865805341471103,0.09080712038349312,0.0,0.0,0.0,0.13144257703081233,0.07089262187088274,0.060549955159929586,0.08775416729409392,0.0394546081139288,0.048299559180165125,0.0,0.0,0.0,0.22064659197012138,0.07089262187088274,0.14975397009923863,0.19437603609790477,0.0394546081139288,0.15492142798397596,0.0,0.0,0.0,0.22064659197012138,0.07089262187088274,0.14975397009923863,0.19437603609790477,0.0394546081139288,0.15492142798397596
2,1,8,4,7,1235689.0,1229294.0,0.005202172954557657,0.06,0.062151394422310755,0,0.1,0.2857142857142857,0.2857142857142857,0.0,0.45308123249299725,0.4072816676077546,0.04579956488524267,0.43335189592789963,0.37844034137333066,0.054911554554568975,0.0,0.0,0.0,0.23431372549019608,0.17019433465085637,0.06411939083933971,0.20669265429905953,0.12981647792266288,0.07687617637639665,0.16666666666666666,0.0,0.16666666666666666,0.36192810457516345,0.17019433465085637,0.19173376992430707,0.33891054524921627,0.12981647792266288,0.2090940673265534,0.16666666666666666,0.0,0.16666666666666666,0.36192810457516345,0.17019433465085637,0.19173376992430707,0.33891054524921627,0.12981647792266288,0.2090940673265534
2,1,8,4,7,1235689.0,1229294.0,0.005202172954557657,0.06,0.062151394422310755,0,0.2,0.2857142857142857,0.2857142857142857,0.0,0.5632002801120448,0.4916431394692264,0.07155714064281843,0.526878918133626,0.467322792761038,0.059556125372587976,0.0,0.0,0.0,0.38848039215686275,0.288300395256917,0.10017999689994578,0.3376304853870764,0.2542519098654533,0.08337857552162309,0.16666666666666666,0.0,0.16666666666666666,0.4904003267973856,0.288300395256917,0.20209993154046862,0.4480254044892303,0.2542519098654533,0.19377349462377697,0.16666666666666666,0.0,0.16666666666666666,0.4904003267973856,0.288300395256917,0.20209993154046862,0.4480254044892303,0.2542519098654533,0.19377349462377697
2,1,8,4,7,1235689.0,1229294.0,0.005202172954557657,0.06,0.062151394422310755,0,0.4,0.2857142857142857,0.2857142857142857,0.0,0.6648101548311632,0.6349368023281067,0.02987335250305656,0.638134779217668,0.5982466680577675,0.03988811115990054,0.0,0.0,0.0,0.5307342167636285,0.48891152325934933,0.041822693504279196,0.49338869090473514,0.4375453352808744,0.055843355623860724,0.16666666666666666,0.0,0.16666666666666666,0.6089451806363572,0.48891152325934933,0.12003365737700783,0.5778239090872793,0.4375453352808744,0.1402785738064049,0.16666666666666666,0.0,0.16666666666666666,0.6089451806363572,0.48891152325934933,0.12003365737700783,0.5778239090872793,0.4375453352808744,0.1402785738064049
2,1,10,5,7,1235689.0,1248490.0,0.010359402729974937,0.08,0.051792828685259,0,0.05,0.14285714285714285,0.14285714285714285,0.0,0.33198279311724693,0.30556122448979595,0.026421568627450986,0.30946517379820415,0.2669763864855229,0.04248878731268124,0.0,0.0,0.0,0.13144257703081233,0.10778571428571429,0.02365686274509804,0.08775416729409392,0.06841577051117023,0.019338396782923692,0.0,0.0,0.0,0.22064659197012138,0.10778571428571429,0.11286087768440708,0.19437603609790477,0.06841577051117023,0.12596026558673454,0.0,0.0,0.0,0.22064659197012138,0.10778571428571429,0.11286087768440708,0.19437603609790477,0.06841577051117023,0.12596026558673454
2,1,10,5,7,1235689.0,1248490.0,0.010359402729974937,0.08,0.051792828685259,0,0.1,0.2857142857142857,0.2857142857142857,0.0,0.45308123249299725,0.42576530612244895,0.027315926370548305,0.43335189592789963,0.4039479396754655,0.029403956252434138,0.0,0.0,0.0,0.23431372549019608,0.1960714285714286,0.03824229691876749,0.20669265429905953,0.16552711554565167,0.041165538753407865,0.16666666666666666,0.0,0.16666666666666666,0.36192810457516345,0.1960714285714286,0.16585667600373485,0.33891054524921627,0.16552711554565167,0.1733834297035646,0.16666666666666666,0.0,0.16666666666666666,0.36192810457516345,0.1960714285714286,0.16585667600373485,0.33891054524921627,0.16552711554565167,0.1733834297035646
2,1,10,5,7,1235689.0,1248490.0,0.010359402729974937,0.08,0.051792828685259,0,0.2,0.2857142857142857,0.2857142857142857,0.0,0.5632002801120448,0.5266156462585034,0.03658463385354138,0.526878918133626,0.4764159154682641,0.050463002665361856,0.0,0.0,0.0,0.38848039215686275,0.33726190476190476,0.05121848739495799,0.3376304853870764,0.2669822816555697,0.07064820373150671,0.16666666666666666,0.0,0.16666666666666666,0.4904003267973856,0.33726190476190476,0.15313842203548084,0.4480254044892303,0.2669822816555697,0.18104312283366059,0.16666666666666666,0.0,0.16666666666666666,0.4904003267973856,0.33726190476190476,0.15313842203548084,0.4480254044892303,0.2669822816555697,0.18104312283366059
2,1,10,5,7,1235689.0,1248490.0,0.010359402729974937,0.08,0.051792828685259,0,0.4,0.2857142857142857,0.2857142857142857,0.0,0.6648101548311632,0.6624228152799583,0.002387339551204959,0.638134779217668,0.6232993709347887,0.014835408282879325,0.0,0.0,0.0,0.5307342167636285,0.5273919413919415,0.0033422753716870757,0.49338869090473514,0.47261911930870404,0.0207695715960311,0.16666666666666666,0.0,0.16666666666666666,0.6089451806363572,0.5273919413919415,0.08155323924441571,0.5778239090872793,0.47261911930870404,0.10520478977857528,0.16666666666666666,0.0,0.16666666666666666,0.6089451806363572,0.5273919413919415,0.08155323924441571,0.5778239090872793,0.47261911930870404,0.10520478977857528
2,1,12,6,7,1235689.0,1236966.0,0.0010334315511427228,0.14,0.03187250996015943,0,0.05,0.14285714285714285,0.14285714285714285,0.0,0.33198279311724693,0.319435165370496,0.012547627746750944,0.30946517379820415,0.2739600093575434,0.035505164440660764,0.0,0.0,0.0,0.13144257703081233,0.20600769293224533,0.074565115901433,0.08775416729409392,0.1529533442504673,0.06519917695637338,0.0,0.0,0.0,0.22064659197012138,0.20600769293224533,0.014638899037876046,0.19437603609790477,0.1529533442504673,0.041422691847437465,0.0,0.0,0.0,0.22064659197012138,0.20600769293224533,0.014638899037876046,0.19437603609790477,0.1529533442504673,0.041422691847437465
2,1,12,6,7,1235689.0,1236966.0,0.0010334315511427228,0.14,0.03187250996015943,0,0.1,0.2857142857142857,0.14285714285714285,0.14285714285714285,0.45308123249299725,0.4351664578875028,0.017914774605494455,0.43335189592789963,0.3908575187256052,0.04249437720229443,0.0,0.0,0.0,0.23431372549019608,0.3410275342020866,0.10671380871189051,0.20669265429905953,0.2893337718465394,0.08264111754747988,0.16666666666666666,0.0,0.16666666666666666,0.36192810457516345,0.3410275342020866,0.020900570373076854,0.33891054524921627,0.2893337718465394,0.049576773402676855,0.16666666666666666,0.0,0.16666666666666666,0.36192810457516345,0.3410275342020866,0.020900570373076854,0.33891054524921627,0.2893337718465394,0.049576773402676855
2,1,12,6,7,1235689.0,1236966.0,0.0010334315511427228,0.14,0.03187250996015943,0,0.2,0.2857142857142857,0.2857142857142857,0.0,0.5632002801120448,0.5484604711449798,0.01473980896706506,0.526878918133626,0.5117396519174608,0.015139266216165126,0.0,0.16666666666666666,0.16666666666666666,0.38848039215686275,0.47320388300247634,0.08472349084561359,0.3376304853870764,0.4303629272370377,0.09273244184996127,0.16666666666666666,0.16666666666666666,0.0,0.4904003267973856,0.47320388300247634,0.017196443794909255,0.4480254044892303,0.4303629272370377,0.01766247725219261,0.16666666666666666,0.16666666666666666,0.0,0.4904003267973856,0.47320388300247634,0.017196443794909255,0.4480254044892303,0.4303629272370377,0.01766247725219261
2,1,12,6,7,1235689.0,1236966.0,0.0010334315511427228,0.14,0.03187250996015943,0,0.4,0.2857142857142857,0.2857142857142857,0.0,0.6648101548311632,0.7041049028306975,0.03929474799953425,0.638134779217668,0.6498552014590968,0.011720422241428774,0.0,0.16666666666666666,0.16666666666666666,0.5307342167636285,0.6547890533024804,0.12405483653885185,0.49338869090473514,0.591497735035613,0.09810904413087784,0.16666666666666666,0.16666666666666666,0.0,0.6089451806363572,0.6547890533024804,0.04584387266612322,0.5778239090872793,0.591497735035613,0.013673825948333662,0.16666666666666666,0.16666666666666666,0.0,0.6089451806363572,0.6547890533024804,0.04584387266612322,0.5778239090872793,0.591497735035613,0.013673825948333662
2,1,14,7,7,1235689.0,1254971.0,0.015604249936675006,0.12,0.07622841965471455,0,0.05,0.14285714285714285,0.14285714285714285,0.0,0.33198279311724693,0.3068225089719042,0.025160284145342715,0.30946517379820415,0.25704302532630857,0.05242214847189558,0.0,0.0,0.0,0.13144257703081233,0.19129292713388824,0.059850350103075906,0.08775416729409392,0.13321686288069332,0.04546269558659939,0.0,0.0,0.0,0.22064659197012138,0.19129292713388824,0.02935366483623314,0.19437603609790477,0.13321686288069332,0.061159173217211454,0.0,0.0,0.0,0.22064659197012138,0.19129292713388824,0.02935366483623314,0.19437603609790477,0.13321686288069332,0.061159173217211454
2,1,14,7,7,1235689.0,1254971.0,0.015604249936675006,0.12,0.07622841965471455,0,0.1,0.2857142857142857,0.14285714285714285,0.14285714285714285,0.45308123249299725,0.4015727775003682,0.05150845499262907,0.43335189592789963,0.347156201055317,0.0861956948725826,0.0,0.0,0.0,0.23431372549019608,0.3018349070837629,0.06752118159356685,0.20669265429905953,0.23834890123120323,0.031656246932143695,0.16666666666666666,0.0,0.16666666666666666,0.36192810457516345,0.3018349070837629,0.06009319749140052,0.33891054524921627,0.23834890123120323,0.10056164401801304,0.16666666666666666,0.0,0.16666666666666666,0.36192810457516345,0.3018349070837629,0.06009319749140052,0.33891054524921627,0.23834890123120323,0.10056164401801304
2,1,14,7,7,1235689.0,1254971.0,0.015604249936675006,0.12,0.07622841965471455,0,0.2,0.2857142857142857,0.2857142857142857,0.0,0.5632002801120448,0.5375286490234185,0.025671631088626357,0.526878918133626,0.48923619717388167,0.0376427209597443,0.0,0.16666666666666666,0.16666666666666666,0.38848039215686275,0.4604500905273216,0.07196969837045886,0.3376304853870764,0.40410889670286193,0.06647841131578552,0.16666666666666666,0.16666666666666666,0.0,0.4904003267973856,0.4604500905273216,0.02995023627006399,0.4480254044892303,0.40410889670286193,0.04391650778636835,0.16666666666666666,0.16666666666666666,0.0,0.4904003267973856,0.4604500905273216,0.02995023627006399,0.4480254044892303,0.40410889670286193,0.04391650778636835
2,1,14,7,7,1235689.0,1254971.0,0.015604249936675006,0.12,0.07622841965471455,0,0.4,0.2857142857142857,0.2857142857142857,0.0,0.6648101548311632,0.6786307024129842,0.013820547581820941,0.638134779217668,0.6110873884072682,0.027047390810399863,0.0,0.16666666666666666,0.16666666666666666,0.5307342167636285,0.6250691528151483,0.09433493605151977,0.49338869090473514,0.5462686198084795,0.05287992890374438,0.16666666666666666,0.16666666666666666,0.0,0.6089451806363572,0.6250691528151483,0.016123972178791135,0.5778239090872793,0.5462686198084795,0.0315552892787998,0.16666666666666666,0.16666666666666666,0.0,0.6089451806363572,0.6250691528151483,0.016123972178791135,0.5778239090872793,0.5462686198084795,0.0315552892787998
2,1,16,8,7,1235689.0,1239020.0,0.0026956620962070555,0.1,0.036653386454183354,0,0.05,0.14285714285714285,0.0,0.14285714285714285,0.33198279311724693,0.3041290429215164,0.027853750195730553,0.30946517379820415,0.26612951940625534,0.04333565439194881,0.0,0.0,0.0,0.13144257703081233,0.1543520886615516,0.02290951163073926,0.08775416729409392,0.1078725893046798,0.020118422010585876,0.0,0.0,0.0,0.22064659197012138,0.1543520886615516,0.06629450330856979,0.19437603609790477,0.1078725893046798,0.08650344679322497,0.0,0.0,0.0,0.22064659197012138,0.1543520886615516,0.06629450330856979,0.19437603609790477,0.1078725893046798,0.08650344679322497
2,1,16,8,7,1235689.0,1239020.0,0.0026956620962070555,0.1,0.036653386454183354,0,0.1,0.2857142857142857,0.2857142857142857,0.0,0.45308123249299725,0.4507276823772987,0.002353550115698544,0.43335189592789963,0.40906622727337083,0.024285668654528803,0.0,0.0,0.0,0.23431372549019608,0.23101875532821822,0.003294970161977856,0.20669265429905953,0.17269271818271922,0.03399993611634031,0.16666666666666666,0.0,0.16666666666666666,0.36192810457516345,0.23101875532821822,0.13090934924694522,0.33891054524921627,0.17269271818271922,0.16621782706649704,0.16666666666666666,0.0,0.16666666666666666,0.36192810457516345,0.23101875532821822,0.13090934924694522,0.33891054524921627,0.17269271818271922,0.16621782706649704
2,1,16,8,7,1235689.0,1239020.0,0.0026956620962070555,0.1,0.036653386454183354,0,0.2,0.2857142857142857,0.2857142857142857,0.0,0.5632002801120448,0.5459094507368164,0.01729082937522841,0.526878918133626,0.4975592189587562,0.029319699174869762,0.0,0.0,0.0,0.38848039215686275,0.3642732310315431,0.024207161125319676,0.3376304853870764,0.2965829065422586,0.0410475788448178,0.16666666666666666,0.0,0.16666666666666666,0.4904003267973856,0.3642732310315431,0.12612709576584252,0.4480254044892303,0.2965829065422586,0.15144249794697168,0.16666666666666666,0.0,0.16666666666666666,0.4904003267973856,0.3642732310315431,0.12612709576584252,0.4480254044892303,0.2965829065422586,0.15144249794697168
2,1,16,8,7,1235689.0,1239020.0,0.0026956620962070555,0.1,0.036653386454183354,0,0.4,0.2857142857142857,0.2857142857142857,0.0,0.6648101548311632,0.6631485202776763,0.0016616345534868904,0.638134779217668,0.6112171867334701,0.026917592484197894,0.0,0.0,0.0,0.5307342167636285,0.5284079283887468,0.002326288374881691,0.49338869090473514,0.455704061426858,0.03768462947787715,0.16666666666666666,0.0,0.16666666666666666,0.6089451806363572,0.5284079283887468,0.08053725224761032,0.5778239090872793,0.455704061426858,0.12211984766042133,0.16666666666666666,0.0,0.16666666666666666,0.6089451806363572,0.5284079283887468,0.08053725224761032,0.5778239090872793,0.455704061426858,0.12211984766042133
2,1,18,9,7,1235689.0,1247055.0,0.009198107290750343,0.1,0.08313413014608238,0,0.05,0.14285714285714285,0.0,0.14285714285714285,0.33198279311724693,0.1695238095238095,0.16245898359343744,0.30946517379820415,0.13247154038291487,0.1769936334152893,0.0,0.0,0.0,0.13144257703081233,0.07066666666666667,0.06077591036414566,0.08775416729409392,0.04048454292709241,0.047269624367001516,0.0,0.0,0.0,0.22064659197012138,0.07066666666666667,0.14997992530345472,0.19437603609790477,0.04048454292709241,0.15389149317081235,0.0,0.0,0.0,0.22064659197012138,0.07066666666666667,0.14997992530345472,0.19437603609790477,0.04048454292709241,0.15389149317081235
2,1,18,9,7,1235689.0,1247055.0,0.009198107290750343,0.1,0.08313413014608238,0,0.1,0.2857142857142857,0.0,0.2857142857142857,0.45308123249299725,0.23079365079365077,0.22228758169934648,0.43335189592789963,0.1894732566751293,0.24387863925277034,0.0,0.0,0.0,0.23431372549019608,0.1231111111111111,0.11120261437908498,0.20669265429905953,0.07994474641940644,0.1267479078796531,0.16666666666666666,0.0,0.16666666666666666,0.36192810457516345,0.1231111111111111,0.23881699346405233,0.33891054524921627,0.07994474641940644,0.25896579882980986,0.16666666666666666,0.0,0.16666666666666666,0.36192810457516345,0.1231111111111111,0.23881699346405233,0.33891054524921627,0.07994474641940644,0.25896579882980986
2,1,18,9,7,1235689.0,1247055.0,0.009198107290750343,0.1,0.08313413014608238,0,0.2,0.2857142857142857,0.14285714285714285,0.14285714285714285,0.5632002801120448,0.3696825396825397,0.1935177404295051,0.526878918133626,0.3483044457082734,0.17857447242535257,0.0,0.0,0.0,0.38848039215686275,0.21755555555555556,0.1709248366013072,0.3376304853870764,0.18239746582164798,0.15523301956542843,0.16666666666666666,0.0,0.16666666666666666,0.4904003267973856,0.21755555555555556,0.27284477124183004,0.4480254044892303,0.18239746582164798,0.2656279386675823,0.16666666666666666,0.0,0.16666666666666666,0.4904003267973856,0.21755555555555556,0.27284477124183004,0.4480254044892303,0.18239746582164798,0.2656279386675823
2,1,18,9,7,1235689.0,1247055.0,0.009198107290750343,0.1,0.08313413014608238,0,0.4,0.2857142857142857,0.14285714285714285,0.14285714285714285,0.6648101548311632,0.566984126984127,0.0978260278470362,0.638134779217668,0.5326727809092908,0.10546199830837721,0.0,0.0,0.0,0.5307342167636285,0.4271111111111111,0.10362310565251742,0.49338869090473514,0.36959810242333396,0.12379058848140118,0.16666666666666666,0.0,0.16666666666666666,0.6089451806363572,0.4271111111111111,0.18183406952524606,0.5778239090872793,0.36959810242333396,0.20822580666394536,0.16666666666666666,0.0,0.16666666666666666,0.6089451806363572,0.4271111111111111,0.18183406952524606,0.5778239090872793,0.36959810242333396,0.20822580666394536
2,1,20,10,7,1235689.0,1249913.0,0.011510986987826224,0.06,0.05790172642762291,0,0.05,0.14285714285714285,0.14285714285714285,0.0,0.33198279311724693,0.33440499945797714,0.002422206340730204,0.30946517379820415,0.3010360875363176,0.008429086261886543,0.0,0.0,0.0,0.13144257703081233,0.1253098563840252,0.006132720646787132,0.08775416729409392,0.08811718921751129,0.0003630219234173615,0.0,0.0,0.0,0.22064659197012138,0.1253098563840252,0.09533673558609618,0.19437603609790477,0.08811718921751129,0.10625884688039348,0.0,0.0,0.0,0.22064659197012138,0.1253098563840252,0.09533673558609618,0.19437603609790477,0.08811718921751129,0.10625884688039348
2,1,20,10,7,1235689.0,1249913.0,0.011510986987826224,0.06,0.05790172642762291,0,0.1,0.2857142857142857,0.2857142857142857,0.0,0.45308123249299725,0.42609960372108713,0.026981628771910127,0.43335189592789963,0.3928143541846994,0.040537541743200234,0.0,0.0,0.0,0.23431372549019608,0.19653944520952193,0.037774280280674144,0.20669265429905953,0.14994009585857912,0.05675255844048041,0.16666666666666666,0.0,0.16666666666666666,0.36192810457516345,0.19653944520952193,0.1653886593656415,0.33891054524921627,0.14994009585857912,0.18897044939063715,0.16666666666666666,0.0,0.16666666666666666,0.36192810457516345,0.19653944520952193,0.1653886593656415,0.33891054524921627,0.14994009585857912,0.18897044939063715
2,1,20,10,7,1235689.0,1249913.0,0.011510986987826224,0.06,0.05790172642762291,0,0.2,0.2857142857142857,0.2857142857142857,0.0,0.5632002801120448,0.5080703184283747,0.055129961683670126,0.526878918133626,0.4474958245762248,0.0793830935574012,0.0,0.0,0.0,0.38848039215686275,0.31129844579972454,0.07718194635713821,0.3376304853870764,0.22649415440671467,0.11113633098036174,0.16666666666666666,0.0,0.16666666666666666,0.4904003267973856,0.31129844579972454,0.17910188099766106,0.4480254044892303,0.22649415440671467,0.22153125008251562,0.16666666666666666,0.0,0.16666666666666666,0.4904003267973856,0.31129844579972454,0.17910188099766106,0.4480254044892303,0.22649415440671467,0.22153125008251562
2,1,20,10,7,1235689.0,1249913.0,0.011510986987826224,0.06,0.05790172642762291,0,0.4,0.2857142857142857,0.2857142857142857,0.0,0.6648101548311632,0.6210082026121485,0.04380195221901473,0.638134779217668,0.5772111809886449,0.06092359822902316,0.0,0.0,0.0,0.5307342167636285,0.4694114836570079,0.06132273310662062,0.49338869090473514,0.40809565338410286,0.08529303752063228,0.16666666666666666,0.0,0.16666666666666666,0.6089451806363572,0.4694114836570079,0.13953369697934925,0.5778239090872793,0.40809565338410286,0.16972825570317646,0.16666666666666666,0.0,0.16666666666666666,0.6089451806363572,0.4694114836570079,0.13953369697934925,0.5778239090872793,0.40809565338410286,0.16972825570317646
2,1,22,11,7,1235689.0,1240913.0,0.004227600957846189,0.08,0.0273572377158034,0,0.05,0.14285714285714285,0.0,0.14285714285714285,0.33198279311724693,0.21421771607193602,0.11776507704531092,0.30946517379820415,0.1570493160788305,0.15241585771937366,0.0,0.0,0.0,0.13144257703081233,0.05823813583404376,0.07320444119676857,0.08775416729409392,0.023959829955086092,0.06379433733900783,0.0,0.0,0.0,0.22064659197012138,0.05823813583404376,0.16240845613607763,0.19437603609790477,0.023959829955086092,0.1704162061428187,0.0,0.0,0.0,0.22064659197012138,0.05823813583404376,0.16240845613607763,0.19437603609790477,0.023959829955086092,0.1704162061428187
2,1,22,11,7,1235689.0,1240913.0,0.004227600957846189,0.08,0.0273572377158034,0,0.1,0.2857142857142857,0.14285714285714285,0.14285714285714285,0.45308123249299725,0.3554895871392035,0.09759164535379378,0.43335189592789963,0.3148167550003292,0.11853514092757045,0.0,0.0,0.0,0.23431372549019608,0.17268542199488493,0.06162830349531115,0.20669265429905953,0.14059078524473562,0.06610186905432391,0.16666666666666666,0.0,0.16666666666666666,0.36192810457516345,0.17268542199488493,0.18924268258027852,0.33891054524921627,0.14059078524473562,0.19831976000448065,0.16666666666666666,0.0,0.16666666666666666,0.36192810457516345,0.17268542199488493,0.18924268258027852,0.33891054524921627,0.14059078524473562,0.19831976000448065
2,1,22,11,7,1235689.0,1240913.0,0.004227600957846189,0.08,0.0273572377158034,0,0.2,0.2857142857142857,0.2857142857142857,0.0,0.5632002801120448,0.4950554134697357,0.06814486664230912,0.526878918133626,0.4721655009233193,0.05471341721030665,0.0,0.0,0.0,0.38848039215686275,0.29307757885763,0.09540281329923278,0.3376304853870764,0.261031701292647,0.07659878409442938,0.16666666666666666,0.0,0.16666666666666666,0.4904003267973856,0.29307757885763,0.19732274793975563,0.4480254044892303,0.261031701292647,0.18699370319658326,0.16666666666666666,0.0,0.16666666666666666,0.4904003267973856,0.29307757885763,0.19732274793975563,0.4480254044892303,0.261031701292647,0.18699370319658326
2,1,22,11,7,1235689.0,1240913.0,0.004227600957846189,0.08,0.0273572377158034,0,0.4,0.2857142857142857,0.2857142857142857,0.0,0.6648101548311632,0.6232327490639511,0.04157740576721214,0.638134779217668,0.5675919502035075,0.07054282901416054,0.0,0.0,0.0,0.5307342167636285,0.4725258486895316,0.058208368074096906,0.49338869090473514,0.3946287302849104,0.09875996061982473,0.16666666666666666,0.0,0.16666666666666666,0.6089451806363572,0.4725258486895316,0.13641933194682554,0.5778239090872793,0.3946287302849104,0.1831951788023689,0.16666666666666666,0.0,0.16666666666666666,0.6089451806363572,0.4725258486895316,0.13641933194682554,0.5778239090872793,0.3946287302849104,0.1831951788023689
2,1,26,13,7,1235689.0,1251866.0,0.013091481756331893,0.08,0.05922974767596279,0,0.05,0.14285714285714285,0.0,0.14285714285714285,0.33198279311724693,0.1910504781622794,0.14093231495496752,0.30946517379820415,0.14453492693156825,0.1649302468666359,0.0,0.0,0.0,0.13144257703081233,0.10747066942719115,0.02397190760362118,0.08775416729409392,0.05332786669654591,0.03442630059754801,0.0,0.0,0.0,0.22064659197012138,0.18955889118932598,0.031087700780795396,0.19437603609790477,0.12909948219407116,0.0652765539038336,0.0,0.0,0.0,0.22064659197012138,0.18955889118932598,0.031087700780795396,0.19437603609790477,0.12909948219407116,0.0652765539038336
2,1,26,13,7,1235689.0,1251866.0,0.013091481756331893,0.08,0.05922974767596279,0,0.1,0.2857142857142857,0.0,0.2857142857142857,0.45308123249299725,0.2968268237882491,0.15625440870474816,0.43335189592789963,0.23778113844146698,0.19557075748643266,0.0,0.0,0.0,0.23431372549019608,0.17555755330354872,0.05875617218664736,0.20669265429905953,0.12019097077060317,0.08650168352845636,0.16666666666666666,0.0,0.16666666666666666,0.36192810457516345,0.24629796108629062,0.11563014348887282,0.33891054524921627,0.18481873558911888,0.1540918096600974,0.16666666666666666,0.0,0.16666666666666666,0.36192810457516345,0.24629796108629062,0.11563014348887282,0.33891054524921627,0.18481873558911888,0.1540918096600974
2,1,26,13,7,1235689.0,1251866.0,0.013091481756331893,0.08,0.05922974767596279,0,0.2,0.2857142857142857,0.14285714285714285,0.14285714285714285,0.5632002801120448,0.42276589506893536,0.14043438504310946,0.526878918133626,0.3866463274961372,0.14023259063748877,0.0,0.0,0.0,0.38848039215686275,0.23187225309650938,0.15660813906035337,0.3376304853870764,0.1860809778975771,0.1515495074894993,0.16666666666666666,0.16666666666666666,0.0,0.4904003267973856,0.3598935442470912,0.1305067825502944,0.4480254044892303,0.3217341482479809,0.12629125624124937,0.16666666666666666,0.16666666666666666,0.0,0.4904003267973856,0.3598935442470912,0.1305067825502944,0.4480254044892303,0.3217341482479809,0.12629125624124937
2,1,26,13,7,1235689.0,1251866.0,0.013091481756331893,0.08,0.05922974767596279,0,0.4,0.2857142857142857,0.2857142857142857,0.0,0.6648101548311632,0.6125549380698122,0.05225521676135103,0.638134779217668,0.5683847348384609,0.06975004437920718,0.0,0.0,0.0,0.5307342167636285,0.4575769132977371,0.07315730346589144,0.49338869090473514,0.39573862877384497,0.09765006213089017,0.16666666666666666,0.16666666666666666,0.0,0.6089451806363572,0.5479807610814477,0.0609644195549095,0.5778239090872793,0.4964488573115375,0.08137505177574184,0.16666666666666666,0.16666666666666666,0.0,0.6089451806363572,0.5479807610814477,0.0609644195549095,0.5778239090872793,0.4964488573115375,0.08137505177574184
2,1,28,14,7,1235689.0,1244175.0,0.0068674237611567315,0.12,0.08366533864541832,0,0.05,0.14285714285714285,0.0,0.14285714285714285,0.33198279311724693,0.26122448979591834,0.0707583033213286,0.30946517379820415,0.2100630221129912,0.09940215168521296,0.0,0.0,0.0,0.13144257703081233,0.1658730158730159,0.034430438842203565,0.08775416729409392,0.12125605223143356,0.03350188493733963,0.0,0.0,0.0,0.22064659197012138,0.1658730158730159,0.05477357609710548,0.19437603609790477,0.12125605223143356,0.07311998386647121,0.0,0.0,0.0,0.22064659197012138,0.1658730158730159,0.05477357609710548,0.19437603609790477,0.12125605223143356,0.07311998386647121
2,1,28,14,7,1235689.0,1244175.0,0.0068674237611567315,0.12,0.08366533864541832,0,0.1,0.2857142857142857,0.14285714285714285,0.14285714285714285,0.45308123249299725,0.42176870748299317,0.03131252501000409,0.43335189592789963,0.3817466584346825,0.05160523749321716,0.0,0.0,0.0,0.23431372549019608,0.3253968253968254,0.09108309990662933,0.20669265429905953,0.278704434840463,0.07201178054140345,0.16666666666666666,0.0,0.16666666666666666,0.36192810457516345,0.3253968253968254,0.03653127917833804,0.33891054524921627,0.278704434840463,0.06020611040875329,0.16666666666666666,0.0,0.16666666666666666,0.36192810457516345,0.3253968253968254,0.03653127917833804,0.33891054524921627,0.278704434840463,0.06020611040875329
2,1,28,14,7,1235689.0,1244175.0,0.0068674237611567315,0.12,0.08366533864541832,0,0.2,0.2857142857142857,0.14285714285714285,0.14285714285714285,0.5632002801120448,0.5608843537414966,0.002315926370548227,0.526878918133626,0.512041625463797,0.014837292669829028,0.0,0.0,0.0,0.38848039215686275,0.48769841269841274,0.09921802054154999,0.3376304853870764,0.43071522970776316,0.09308474432068675,0.16666666666666666,0.0,0.16666666666666666,0.4904003267973856,0.48769841269841274,0.0027019140989728574,0.4480254044892303,0.43071522970776316,0.017310174781467125,0.16666666666666666,0.0,0.16666666666666666,0.4904003267973856,0.48769841269841274,0.0027019140989728574,0.4480254044892303,0.43071522970776316,0.017310174781467125
2,1,28,14,7,1235689.0,1244175.0,0.0068674237611567315,0.12,0.08366533864541832,0,0.4,0.2857142857142857,0.2857142857142857,0.0,0.6648101548311632,0.7291208791208791,0.06431072428971585,0.638134779217668,0.6692697687766197,0.031134989558951665,0.0,0.16666666666666666,0.16666666666666666,0.5307342167636285,0.6839743589743589,0.15324014221073035,0.49338869090473514,0.6141480635727229,0.12075937266798775,0.16666666666666666,0.16666666666666666,0.0,0.6089451806363572,0.6839743589743589,0.07502917833800171,0.5778239090872793,0.6141480635727229,0.03632415448544357,0.16666666666666666,0.16666666666666666,0.0,0.6089451806363572,0.6839743589743589,0.07502917833800171,0.5778239090872793,0.6141480635727229,0.03632415448544357
2,1,30,15,7,1235689.0,1249358.0,0.01106184484931079,0.14,0.10358565737051793,0,0.05,0.14285714285714285,0.0,0.14285714285714285,0.33198279311724693,0.2510170734960651,0.08096571962118182,0.30946517379820415,0.2286107924347721,0.08085438136343207,0.0,0.0,0.0,0.13144257703081233,0.18634453781512605,0.054901960784313725,0.08775416729409392,0.1468992381566004,0.05914507086250646,0.0,0.0,0.0,0.22064659197012138,0.2510170734960651,0.030370481525943738,0.19437603609790477,0.2286107924347721,0.03423475633686732,0.0,0.0,0.0,0.22064659197012138,0.2510170734960651,0.030370481525943738,0.19437603609790477,0.2286107924347721,0.03423475633686732
2,1,30,15,7,1235689.0,1249358.0,0.01106184484931079,0.14,0.10358565737051793,0,0.1,0.2857142857142857,0.14285714285714285,0.14285714285714285,0.45308123249299725,0.41696751164233803,0.036113720850659226,0.43335189592789963,0.37429022335789913,0.0590616725700005,0.0,0.0,0.0,0.23431372549019608,0.2726434051881622,0.038329679697966135,0.20669265429905953,0.21632996415334102,0.00963730985428149,0.16666666666666666,0.14285714285714285,0.023809523809523808,0.36192810457516345,0.41696751164233803,0.055039407067174584,0.33891054524921627,0.37429022335789913,0.035379678108682866,0.16666666666666666,0.14285714285714285,0.023809523809523808,0.36192810457516345,0.41696751164233803,0.055039407067174584,0.33891054524921627,0.37429022335789913,0.035379678108682866
2,1,30,15,7,1235689.0,1249358.0,0.01106184484931079,0.14,0.10358565737051793,0,0.2,0.2857142857142857,0.14285714285714285,0.14285714285714285,0.5632002801120448,0.5603933602426477,0.002806919869397073,0.526878918133626,0.5259105677046857,0.0009683504289402789,0.0,0.0,0.0,0.38848039215686275,0.4067729265619291,0.01829253440506634,0.3376304853870764,0.36739512673676733,0.029764641349690923,0.16666666666666666,0.14285714285714285,0.023809523809523808,0.4904003267973856,0.5603933602426477,0.06999303344526214,0.4480254044892303,0.5259105677046857,0.07788516321545541,0.16666666666666666,0.14285714285714285,0.023809523809523808,0.4904003267973856,0.5603933602426477,0.06999303344526214,0.4480254044892303,0.5259105677046857,0.07788516321545541
2,1,30,15,7,1235689.0,1249358.0,0.01106184484931079,0.14,0.10358565737051793,0,0.4,0.2857142857142857,0.42857142857142855,0.14285714285714285,0.6648101548311632,0.6793086799937367,0.014498525162573439,0.638134779217668,0.6537509342583513,0.015616155040683255,0.0,0.2,0.2,0.5307342167636285,0.5510321519912313,0.020297935227602815,0.49338869090473514,0.5152513079616918,0.02186261705695669,0.16666666666666666,0.42857142857142855,0.26190476190476186,0.6089451806363572,0.6793086799937367,0.07036349935737951,0.5778239090872793,0.6537509342583513,0.07592702517107197,0.16666666666666666,0.42857142857142855,0.26190476190476186,0.6089451806363572,0.6793086799937367,0.07036349935737951,0.5778239090872793,0.6537509342583513,0.07592702517107197
2,1,32,16,7,1235689.0,1244383.0,0.007035750904960714,0.08,0.08021248339973445,0,0.05,0.14285714285714285,0.0,0.14285714285714285,0.33198279311724693,0.15598442275460908,0.17599837036263785,0.30946517379820415,0.10298641414709411,0.20647875965111004,0.0,0.0,0.0,0.13144257703081233,0.08980676328502415,0.041635813745788175,0.08775416729409392,0.07043405562740361,0.017320111666690313,0.0,0.0,0.0,0.22064659197012138,0.08980676328502415,0.13083982868509722,0.19437603609790477,0.07043405562740361,0.12394198047050116,0.0,0.0,0.0,0.22064659197012138,0.08980676328502415,0.13083982868509722,0.19437603609790477,0.07043405562740361,0.12394198047050116
2,1,32,16,7,1235689.0,1244383.0,0.007035750904960714,0.08,0.08021248339973445,0,0.1,0.2857142857142857,0.0,0.2857142857142857,0.45308123249299725,0.26809129448881003,0.18498993800418723,0.43335189592789963,0.19360626694676794,0.2397456289811317,0.0,0.0,0.0,0.23431372549019608,0.15628019323671496,0.07803353225348111,0.20669265429905953,0.10640891846380943,0.1002837358352501,0.16666666666666666,0.0,0.16666666666666666,0.36192810457516345,0.15628019323671496,0.20564791133844848,0.33891054524921627,0.10640891846380943,0.23250162678540684,0.16666666666666666,0.0,0.16666666666666666,0.36192810457516345,0.15628019323671496,0.20564791133844848,0.33891054524921627,0.10640891846380943,0.23250162678540684
2,1,32,16,7,1235689.0,1244383.0,0.007035750904960714,0.08,0.08021248339973445,0,0.2,0.2857142857142857,0.14285714285714285,0.14285714285714285,0.5632002801120448,0.3601547865523021,0.20304549355974272,0.526878918133626,0.31215424873584746,0.2147246693977785,0.0,0.0,0.0,0.38848039215686275,0.21850241545893717,0.16997797669792558,0.3376304853870764,0.15170789135814855,0.18592259402892786,0.16666666666666666,0.0,0.16666666666666666,0.4904003267973856,0.21850241545893717,0.27189791133844843,0.4480254044892303,0.15170789135814855,0.29631751313108173,0.16666666666666666,0.0,0.16666666666666666,0.4904003267973856,0.21850241545893717,0.27189791133844843,0.4480254044892303,0.15170789135814855,0.29631751313108173
2,1,32,16,7,1235689.0,1244383.0,0.007035750904960714,0.08,0.08021248339973445,0,0.4,0.2857142857142857,0.14285714285714285,0.14285714285714285,0.6648101548311632,0.5086315685694568,0.15617858626170644,0.638134779217668,0.49182462696238755,0.1463101522552805,0.0,0.0,0.0,0.5307342167636285,0.36922705314009663,0.1615071636235319,0.49338869090473514,0.33752762150721616,0.15586106939751898,0.16666666666666666,0.0,0.16666666666666666,0.6089451806363572,0.36922705314009663,0.23971812749626054,0.5778239090872793,0.33752762150721616,0.24029628758006316,0.16666666666666666,0.0,0.16666666666666666,0.6089451806363572,0.36922705314009663,0.23971812749626054,0.5778239090872793,0.33752762150721616,0.24029628758006316
2,1,34,17,7,1235689.0,1248876.0,0.010671779064149636,0.12,0.11713147410358563,0,0.05,0.14285714285714285,0.0,0.14285714285714285,0.33198279311724693,0.14531306621532183,0.1866697269019251,0.30946517379820415,0.12772046049300237,0.18174471330520178,0.0,0.0,0.0,0.13144257703081233,0.05581924508240297,0.07562333194840937,0.08775416729409392,0.03722847202554136,0.050525695268552565,0.0,0.0,0.0,0.22064659197012138,0.05581924508240297,0.1648273468877184,0.19437603609790477,0.03722847202554136,0.1571475640723634,0.0,0.0,0.0,0.22064659197012138,0.05581924508240297,0.1648273468877184,0.19437603609790477,0.03722847202554136,0.1571475640723634
2,1,34,17,7,1235689.0,1248876.0,0.010671779064149636,0.12,0.11713147410358563,0,0.1,0.2857142857142857,0.0,0.2857142857142857,0.45308123249299725,0.27845284206186466,0.1746283904311326,0.43335189592789963,0.2797967972989716,0.15355509862892802,0.0,0.0,0.0,0.23431372549019608,0.1469768360294676,0.08733688946072848,0.20669265429905953,0.14713311249365965,0.05955954180539988,0.16666666666666666,0.0,0.16666666666666666,0.36192810457516345,0.1469768360294676,0.21495126854569585,0.33891054524921627,0.14713311249365965,0.19177743275555661,0.16666666666666666,0.0,0.16666666666666666,0.36192810457516345,0.1469768360294676,0.21495126854569585,0.33891054524921627,0.14713311249365965,0.19177743275555661
2,1,34,17,7,1235689.0,1248876.0,0.010671779064149636,0.12,0.11713147410358563,0,0.2,0.2857142857142857,0.14285714285714285,0.14285714285714285,0.5632002801120448,0.4905922815697252,0.07260799854231964,0.526878918133626,0.4364429876620713,0.09043593047155468,0.0,0.0,0.0,0.38848039215686275,0.32016252753094854,0.06831786462591422,0.3376304853870764,0.25096101112926655,0.08666947425780985,0.16666666666666666,0.0,0.16666666666666666,0.4904003267973856,0.32016252753094854,0.17023779926643706,0.4480254044892303,0.25096101112926655,0.19706439335996373,0.16666666666666666,0.0,0.16666666666666666,0.4904003267973856,0.32016252753094854,0.17023779926643706,0.4480254044892303,0.25096101112926655,0.19706439335996373
2,1,34,17,7,1235689.0,1248876.0,0.010671779064149636,0.12,0.11713147410358563,0,0.4,0.2857142857142857,0.2857142857142857,0.0,0.6648101548311632,0.6200106326422116,0.04479952218895167,0.638134779217668,0.570943451262581,0.06719132795508709,0.0,0.0,0.0,0.5307342167636285,0.4680148856990963,0.06271933106453226,0.49338869090473514,0.39932083176761335,0.09406785913712179,0.16666666666666666,0.0,0.16666666666666666,0.6089451806363572,0.4680148856990963,0.1409302949372609,0.5778239090872793,0.39932083176761335,0.17850307731966597,0.16666666666666666,0.0,0.16666666666666666,0.6089451806363572,0.4680148856990963,0.1409302949372609,0.5778239090872793,0.39932083176761335,0.17850307731966597
2,1,36,18,7,1235689.0,1244191.0,0.006880372002987807,0.12,0.056573705179282924,0,0.05,0.14285714285714285,0.14285714285714285,0.0,0.33198279311724693,0.24033816425120774,0.09164462886603919,0.30946517379820415,0.22052798593664075,0.0889371878615634,0.0,0.0,0.0,0.13144257703081233,0.09202898550724638,0.03941359152356595,0.08775416729409392,0.07265557195046093,0.01509859534363299,0.0,0.0,0.0,0.22064659197012138,0.11372785829307568,0.1069187336770457,0.19437603609790477,0.09061598359274751,0.10376005250515725,0.0,0.0,0.0,0.22064659197012138,0.11372785829307568,0.1069187336770457,0.19437603609790477,0.09061598359274751,0.10376005250515725
2,1,36,18,7,1235689.0,1244191.0,0.006880372002987807,0.12,0.056573705179282924,0,0.1,0.2857142857142857,0.14285714285714285,0.14285714285714285,0.45308123249299725,0.3219461697722567,0.13113506272074055,0.43335189592789963,0.2895204008467262,0.14383149508117343,0.0,0.0,0.0,0.23431372549019608,0.16183574879227053,0.07247797669792555,0.20669265429905953,0.1087389022195201,0.09795375207953944,0.16666666666666666,0.0,0.16666666666666666,0.36192810457516345,0.20893719806763286,0.15299090650753058,0.33891054524921627,0.1711071343211806,0.16780341092803566,0.16666666666666666,0.0,0.16666666666666666,0.36192810457516345,0.20893719806763286,0.15299090650753058,0.33891054524921627,0.1711071343211806,0.16780341092803566
2,1,36,18,7,1235689.0,1244191.0,0.006880372002987807,0.12,0.056573705179282924,0,0.2,0.2857142857142857,0.14285714285714285,0.14285714285714285,0.5632002801120448,0.42908902691511386,0.13411125319693096,0.526878918133626,0.3755464001056278,0.1513325180279982,0.0,0.0,0.0,0.38848039215686275,0.2896135265700483,0.09886686558681446,0.3376304853870764,0.20519290294215833,0.13243758244491807,0.16666666666666666,0.0,0.16666666666666666,0.4904003267973856,0.33393719806763283,0.15646312872975277,0.4480254044892303,0.27147080012323244,0.17655460436599785,0.16666666666666666,0.0,0.16666666666666666,0.4904003267973856,0.33393719806763283,0.15646312872975277,0.4480254044892303,0.27147080012323244,0.17655460436599785
2,1,36,18,7,1235689.0,1244191.0,0.006880372002987807,0.12,0.056573705179282924,0,0.4,0.2857142857142857,0.14285714285714285,0.14285714285714285,0.6648101548311632,0.597333136153012,0.06747701867815126,0.638134779217668,0.5621981992088065,0.0759365800088615,0.0,0.0,0.0,0.5307342167636285,0.4807108350586612,0.05002338170496734,0.49338869090473514,0.43724249539397925,0.05614619551075589,0.16666666666666666,0.0,0.16666666666666666,0.6089451806363572,0.530221992178514,0.07872318845784321,0.5778239090872793,0.4892312324102743,0.08859267667700504,0.16666666666666666,0.0,0.16666666666666666,0.6089451806363572,0.530221992178514,0.07872318845784321,0.5778239090872793,0.4892312324102743,0.08859267667700504
2,1,38,19,7,1235689.0,1244383.0,0.007035750904960714,0.1,0.056573705179283,0,0.05,0.14285714285714285,0.0,0.14285714285714285,0.33198279311724693,0.1958519487123606,0.13613084440488632,0.30946517379820415,0.15229308170999137,0.15717209208821278,0.0,0.0,0.0,0.13144257703081233,0.09085939486397152,0.040583182166840814,0.08775416729409392,0.07170947966944699,0.016044687624646933,0.0,0.0,0.0,0.22064659197012138,0.1173828290533096,0.10326376291681177,0.19437603609790477,0.09392456639120582,0.10045146970669895,0.0,0.0,0.0,0.22064659197012138,0.1173828290533096,0.10326376291681177,0.19437603609790477,0.09392456639120582,0.10045146970669895
2,1,38,19,7,1235689.0,1244383.0,0.007035750904960714,0.1,0.056573705179283,0,0.1,0.2857142857142857,0.0,0.2857142857142857,0.45308123249299725,0.31588936108386906,0.1371918714091282,0.43335189592789963,0.24271973169343378,0.19063216423446586,0.0,0.0,0.0,0.23431372549019608,0.17557843885075006,0.05873528663944602,0.20669265429905953,0.13278341735912116,0.07390923693993837,0.16666666666666666,0.0,0.16666666666666666,0.36192810457516345,0.2296486990422917,0.13227940553287174,0.33891054524921627,0.18773618113260096,0.1511743641166153,0.16666666666666666,0.0,0.16666666666666666,0.36192810457516345,0.2296486990422917,0.13227940553287174,0.33891054524921627,0.18773618113260096,0.1511743641166153
2,1,38,19,7,1235689.0,1244383.0,0.007035750904960714,0.1,0.056573705179283,0,0.2,0.2857142857142857,0.14285714285714285,0.14285714285714285,0.5632002801120448,0.4249119174748465,0.1382883626371983,0.526878918133626,0.36676333583209153,0.16011558230153444,0.0,0.0,0.0,0.38848039215686275,0.2948766844647851,0.09360370769207765,0.3376304853870764,0.22096867016492813,0.11666181522214827,0.16666666666666666,0.0,0.16666666666666666,0.4904003267973856,0.32906390372065425,0.16133642307673135,0.4480254044892303,0.26122389180410677,0.18680151268512352,0.16666666666666666,0.0,0.16666666666666666,0.4904003267973856,0.32906390372065425,0.16133642307673135,0.4480254044892303,0.26122389180410677,0.18680151268512352
2,1,38,19,7,1235689.0,1244383.0,0.007035750904960714,0.1,0.056573705179283,0,0.4,0.2857142857142857,0.14285714285714285,0.14285714285714285,0.6648101548311632,0.5994216908731457,0.06538846395801756,0.638134779217668,0.5617980526409383,0.07633672657672974,0.0,0.0,0.0,0.5307342167636285,0.48919036722240383,0.0415438495412247,0.49338869090473514,0.42526727369731354,0.0681214172074216,0.16666666666666666,0.0,0.16666666666666666,0.6089451806363572,0.5326586393520032,0.07628654128435397,0.5778239090872793,0.48876439474776134,0.08905951433951798,0.16666666666666666,0.0,0.16666666666666666,0.6089451806363572,0.5326586393520032,0.07628654128435397,0.5778239090872793,0.48876439474776134,0.08905951433951798
3,1,5,2,8,1279890.0,1261484.0,0.014590751844652805,0.08,0.06294820717131469,0,0.05,0.0,0.125,0.125,0.25997538089929395,0.3729166666666667,0.11294128576737272,0.2368993336975581,0.36062526221708224,0.12372592851952413,0.0,0.0,0.0,0.21330050786572527,0.11166666666666666,0.1016338411990586,0.20595470847822617,0.07040158781565649,0.1355531206625697,0.0,0.0,0.0,0.21330050786572527,0.11166666666666666,0.1016338411990586,0.20595470847822617,0.07040158781565649,0.1355531206625697,0.0,0.0,0.0,0.21330050786572527,0.11166666666666666,0.1016338411990586,0.20595470847822617,0.07040158781565649,0.1355531206625697
3,1,5,2,8,1279890.0,1261484.0,0.014590751844652805,0.08,0.06294820717131469,0,0.1,0.25,0.375,0.125,0.48106187290969904,0.5264583333333333,0.04539646042363421,0.4451465053056567,0.4990734611066621,0.05392695580100543,0.16666666666666666,0.0,0.16666666666666666,0.34141583054626534,0.24233333333333335,0.099082497212932,0.29825890286134865,0.19851753777065936,0.09974136509068929,0.16666666666666666,0.0,0.16666666666666666,0.34141583054626534,0.24233333333333335,0.099082497212932,0.29825890286134865,0.19851753777065936,0.09974136509068929,0.16666666666666666,0.0,0.16666666666666666,0.34141583054626534,0.24233333333333335,0.099082497212932,0.29825890286134865,0.19851753777065936,0.09974136509068929
3,1,5,2,8,1279890.0,1261484.0,0.014590751844652805,0.08,0.06294820717131469,0,0.2,0.375,0.375,0.0,0.5442563173541435,0.6451041666666667,0.10084784931252322,0.5134956211893329,0.6316324766978404,0.1181368555085075,0.16666666666666666,0.0,0.16666666666666666,0.3923417564721912,0.43216666666666664,0.03982491019447543,0.3513274949191105,0.41061196271654454,0.05928446779743407,0.16666666666666666,0.0,0.16666666666666666,0.3923417564721912,0.43216666666666664,0.03982491019447543,0.3513274949191105,0.41061196271654454,0.05928446779743407,0.16666666666666666,0.0,0.16666666666666666,0.3923417564721912,0.43216666666666664,0.03982491019447543,0.3513274949191105,0.41061196271654454,0.05928446779743407
3,1,5,2,8,1279890.0,1261484.0,0.014590751844652805,0.08,0.06294820717131469,0,0.4,0.375,0.375,0.0,0.7056474624409407,0.7820032051282051,0.07635574268726442,0.6782295570823876,0.7294132501336205,0.051183693051232826,0.16666666666666666,0.0,0.16666666666666666,0.6075299499212542,0.6512051282051281,0.043675178283873906,0.5709727427765169,0.5670612002137928,0.00391154256272408,0.16666666666666666,0.0,0.16666666666666666,0.6075299499212542,0.6512051282051281,0.043675178283873906,0.5709727427765169,0.5670612002137928,0.00391154256272408,0.16666666666666666,0.0,0.16666666666666666,0.6075299499212542,0.6512051282051281,0.043675178283873906,0.5709727427765169,0.5670612002137928,0.00391154256272408
3,1,7,3,8,1279890.0,1262365.0,0.013882672602614932,0.08,0.07383798140770254,0,0.05,0.0,0.125,0.125,0.25997538089929395,0.31685253152644455,0.0568771506271506,0.2368993336975581,0.2762593746849481,0.03936004098738999,0.0,0.0,0.0,0.21330050786572527,0.1605652801304975,0.05273522773522776,0.20595470847822617,0.11697971269468489,0.08897499578354127,0.0,0.0,0.0,0.21330050786572527,0.1605652801304975,0.05273522773522776,0.20595470847822617,0.11697971269468489,0.08897499578354127,0.0,0.0,0.0,0.21330050786572527,0.1605652801304975,0.05273522773522776,0.20595470847822617,0.11697971269468489,0.08897499578354127
3,1,7,3,8,1279890.0,1262365.0,0.013882672602614932,0.08,0.07383798140770254,0,0.1,0.25,0.125,0.125,0.48106187290969904,0.44912714097496703,0.03193473193473201,0.4451465053056567,0.44746512576587943,0.0023186204602227423,0.16666666666666666,0.0,0.16666666666666666,0.34141583054626534,0.31312190225233705,0.028293928293928294,0.29825890286134865,0.30700268134904146,0.00874377848769281,0.16666666666666666,0.0,0.16666666666666666,0.34141583054626534,0.31312190225233705,0.028293928293928294,0.29825890286134865,0.30700268134904146,0.00874377848769281,0.16666666666666666,0.0,0.16666666666666666,0.34141583054626534,0.31312190225233705,0.028293928293928294,0.29825890286134865,0.30700268134904146,0.00874377848769281
3,1,7,3,8,1279890.0,1262365.0,0.013882672602614932,0.08,0.07383798140770254,0,0.2,0.375,0.375,0.0,0.5442563173541435,0.6083498023715415,0.06409348501739798,0.5134956211893329,0.5860023983592157,0.07250677716988285,0.16666666666666666,0.16666666666666666,0.0,0.3923417564721912,0.4777997364953887,0.08545798002319749,0.3513274949191105,0.44800319781228776,0.09667570289317728,0.16666666666666666,0.16666666666666666,0.0,0.3923417564721912,0.4777997364953887,0.08545798002319749,0.3513274949191105,0.44800319781228776,0.09667570289317728,0.16666666666666666,0.16666666666666666,0.0,0.3923417564721912,0.4777997364953887,0.08545798002319749,0.3513274949191105,0.44800319781228776,0.09667570289317728
3,1,7,3,8,1279890.0,1262365.0,0.013882672602614932,0.08,0.07383798140770254,0,0.4,0.375,0.5,0.125,0.7056474624409407,0.7595496894409938,0.05390222700005309,0.6782295570823876,0.7385573654465916,0.06032780836420393,0.16666666666666666,0.3333333333333333,0.16666666666666666,0.6075299499212542,0.679399585921325,0.07186963600007079,0.5709727427765169,0.6514098205954555,0.08043707781893861,0.16666666666666666,0.3333333333333333,0.16666666666666666,0.6075299499212542,0.679399585921325,0.07186963600007079,0.5709727427765169,0.6514098205954555,0.08043707781893861,0.16666666666666666,0.3333333333333333,0.16666666666666666,0.6075299499212542,0.679399585921325,0.07186963600007079,0.5709727427765169,0.6514098205954555,0.08043707781893861
3,1,9,4,8,1279890.0,1268134.0,0.009270313705018554,0.12,0.0772908366533864,0,0.05,0.0,0.125,0.125,0.25997538089929395,0.3053571428571428,0.045381761957848876,0.2368993336975581,0.27704936504348326,0.04015003134592515,0.0,0.0,0.0,0.21330050786572527,0.06,0.15330050786572527,0.20595470847822617,0.04328980482377974,0.1626649036544464,0.0,0.0,0.0,0.21330050786572527,0.06,0.15330050786572527,0.20595470847822617,0.04328980482377974,0.1626649036544464,0.0,0.0,0.0,0.21330050786572527,0.06,0.15330050786572527,0.20595470847822617,0.04328980482377974,0.1626649036544464
3,1,9,4,8,1279890.0,1268134.0,0.009270313705018554,0.12,0.0772908366533864,0,0.1,0.25,0.25,0.0,0.48106187290969904,0.47321428571428575,0.007847587195413286,0.4451465053056567,0.48236128640502896,0.03721478109937226,0.16666666666666666,0.0,0.16666666666666666,0.34141583054626534,0.21428571428571427,0.12713011626055107,0.29825890286134865,0.22423707464148893,0.07402182821985973,0.16666666666666666,0.0,0.16666666666666666,0.34141583054626534,0.21428571428571427,0.12713011626055107,0.29825890286134865,0.22423707464148893,0.07402182821985973,0.16666666666666666,0.0,0.16666666666666666,0.34141583054626534,0.21428571428571427,0.12713011626055107,0.29825890286134865,0.22423707464148893,0.07402182821985973
3,1,9,4,8,1279890.0,1268134.0,0.009270313705018554,0.12,0.0772908366533864,0,0.2,0.375,0.375,0.0,0.5442563173541435,0.6105654761904762,0.0663091588363327,0.5134956211893329,0.5961035194689666,0.08260789827963366,0.16666666666666666,0.0,0.16666666666666666,0.3923417564721912,0.3769047619047619,0.015436994567429307,0.3513274949191105,0.35376563115034637,0.002438136231235899,0.16666666666666666,0.0,0.16666666666666666,0.3923417564721912,0.3769047619047619,0.015436994567429307,0.3513274949191105,0.35376563115034637,0.002438136231235899,0.16666666666666666,0.0,0.16666666666666666,0.3923417564721912,0.3769047619047619,0.015436994567429307,0.3513274949191105,0.35376563115034637,0.002438136231235899
3,1,9,4,8,1279890.0,1268134.0,0.009270313705018554,0.12,0.0772908366533864,0,0.4,0.375,0.5,0.125,0.7056474624409407,0.7855998168498168,0.07995235440887616,0.6782295570823876,0.7660444979254766,0.08781494084308894,0.16666666666666666,0.2,0.033333333333333354,0.6075299499212542,0.656959706959707,0.04942975703845276,0.5709727427765169,0.6256711966807624,0.05469845390424555,0.16666666666666666,0.2,0.033333333333333354,0.6075299499212542,0.656959706959707,0.04942975703845276,0.5709727427765169,0.6256711966807624,0.05469845390424555,0.16666666666666666,0.2,0.033333333333333354,0.6075299499212542,0.656959706959707,0.04942975703845276,0.5709727427765169,0.6256711966807624,0.05469845390424555
3,1,11,5,8,1279890.0,1264368.0,0.012276489123419764,0.12,0.07065073041168654,0,0.05,0.0,0.0,0.0,0.25997538089929395,0.274452906162465,0.014477525263171032,0.2368993336975581,0.23861036755107876,0.0017110338535206437,0.0,0.0,0.0,0.21330050786572527,0.12769607843137254,0.08560442943435273,0.20595470847822617,0.0894241825730955,0.11653052590513066,0.0,0.0,0.0,0.21330050786572527,0.24927054154995332,0.03597003368422805,0.20595470847822617,0.23466250089869467,0.028707792420468503,0.0,0.0,0.0,0.21330050786572527,0.24927054154995332,0.03597003368422805,0.20595470847822617,0.23466250089869467,0.028707792420468503
3,1,11,5,8,1279890.0,1264368.0,0.012276489123419764,0.12,0.07065073041168654,0,0.1,0.25,0.375,0.125,0.48106187290969904,0.517953431372549,0.03689155846284997,0.4451465053056567,0.507737064556183,0.06259055925052626,0.16666666666666666,0.0,0.16666666666666666,0.34141583054626534,0.2287254901960784,0.11269034035018693,0.29825890286134865,0.21237930328989257,0.08587959957145608,0.16666666666666666,0.16666666666666666,0.0,0.34141583054626534,0.35727124183006537,0.015855411283800025,0.29825890286134865,0.3436494194082438,0.04539051654689513,0.16666666666666666,0.16666666666666666,0.0,0.34141583054626534,0.35727124183006537,0.015855411283800025,0.29825890286134865,0.3436494194082438,0.04539051654689513
3,1,11,5,8,1279890.0,1264368.0,0.012276489123419764,0.12,0.07065073041168654,0,0.2,0.375,0.375,0.0,0.5442563173541435,0.6076461834733894,0.06338986611924591,0.5134956211893329,0.5854563868026953,0.0719607656133624,0.16666666666666666,0.0,0.16666666666666666,0.3923417564721912,0.3722338935574229,0.020107862914768293,0.3513274949191105,0.3367302188843124,0.014597276034798046,0.16666666666666666,0.16666666666666666,0.0,0.3923417564721912,0.4768615779645191,0.0845198214923279,0.3513274949191105,0.4472751824035937,0.09594768748448324,0.16666666666666666,0.16666666666666666,0.0,0.3923417564721912,0.4768615779645191,0.0845198214923279,0.3513274949191105,0.4472751824035937,0.09594768748448324
3,1,11,5,8,1279890.0,1264368.0,0.012276489123419764,0.12,0.07065073041168654,0,0.4,0.375,0.375,0.0,0.7056474624409407,0.7675107062055592,0.06186324376461849,0.6782295570823876,0.7354576101225517,0.057228053040164095,0.16666666666666666,0.0,0.16666666666666666,0.6075299499212542,0.6280171299288947,0.020487180007640493,0.5709727427765169,0.576732176196083,0.005759433419566085,0.16666666666666666,0.16666666666666666,0.0,0.6075299499212542,0.6900142749407455,0.08248432501949132,0.5709727427765169,0.6472768134967358,0.07630407072021894,0.16666666666666666,0.16666666666666666,0.0,0.6075299499212542,0.6900142749407455,0.08248432501949132,0.5709727427765169,0.6472768134967358,0.07630407072021894
3,1,13,6,8,1279890.0,1273615.0,0.004926920615727672,0.06,0.07383798140770251,0,0.05,0.0,0.125,0.125,0.25997538089929395,0.3147691981931112,0.05479381729381727,0.2368993336975581,0.28881167879263336,0.05191234509507525,0.0,0.0,0.0,0.21330050786572527,0.15778750235271974,0.05551300551300553,0.20595470847822617,0.13371611817159856,0.0722385903066276,0.0,0.0,0.0,0.21330050786572527,0.15778750235271974,0.05551300551300553,0.20595470847822617,0.13371611817159856,0.0722385903066276,0.0,0.0,0.0,0.21330050786572527,0.15778750235271974,0.05551300551300553,0.20595470847822617,0.13371611817159856,0.0722385903066276
3,1,13,6,8,1279890.0,1273615.0,0.004926920615727672,0.06,0.07383798140770251,0,0.1,0.25,0.25,0.0,0.48106187290969904,0.4824604743083004,0.0013986013986013734,0.4451465053056567,0.471357516114907,0.026211010809250312,0.16666666666666666,0.16666666666666666,0.0,0.34141583054626534,0.3575663466967815,0.01615051615051616,0.29825890286134865,0.3388592018144116,0.04060029895306294,0.16666666666666666,0.16666666666666666,0.0,0.34141583054626534,0.3575663466967815,0.01615051615051616,0.29825890286134865,0.3388592018144116,0.04060029895306294,0.16666666666666666,0.16666666666666666,0.0,0.34141583054626534,0.3575663466967815,0.01615051615051616,0.29825890286134865,0.3388592018144116,0.04060029895306294
3,1,13,6,8,1279890.0,1273615.0,0.004926920615727672,0.06,0.07383798140770251,0,0.2,0.375,0.375,0.0,0.5442563173541435,0.6192873023715415,0.07503098501739802,0.5134956211893329,0.593059496978379,0.07956387578904611,0.16666666666666666,0.16666666666666666,0.0,0.3923417564721912,0.492383069828722,0.10004131335653077,0.3513274949191105,0.4574126626378386,0.10608516771872811,0.16666666666666666,0.16666666666666666,0.0,0.3923417564721912,0.492383069828722,0.10004131335653077,0.3513274949191105,0.4574126626378386,0.10608516771872811,0.16666666666666666,0.16666666666666666,0.0,0.3923417564721912,0.492383069828722,0.10004131335653077,0.3513274949191105,0.4574126626378386,0.10608516771872811
3,1,13,6,8,1279890.0,1273615.0,0.004926920615727672,0.06,0.07383798140770251,0,0.4,0.375,0.5,0.125,0.7056474624409407,0.7611121894409938,0.055464727000053116,0.6782295570823876,0.7360701598017646,0.057840602719376966,0.16666666666666666,0.3333333333333333,0.16666666666666666,0.6075299499212542,0.6814829192546584,0.07395296933340423,0.5709727427765169,0.6480935464023528,0.07712080362583595,0.16666666666666666,0.3333333333333333,0.16666666666666666,0.6075299499212542,0.6814829192546584,0.07395296933340423,0.5709727427765169,0.6480935464023528,0.07712080362583595,0.16666666666666666,0.3333333333333333,0.16666666666666666,0.6075299499212542,0.6814829192546584,0.07395296933340423,0.5709727427765169,0.6480935464023528,0.07712080362583595
3,1,15,7,8,1279890.0,1259973.0,0.01580748158889119,0.08,0.05126162018592295,0,0.05,0.0,0.125,0.125,0.25997538089929395,0.2772084253661939,0.01723304446689994,0.2368993336975581,0.27364625284286065,0.03674691914530254,0.0,0.0,0.0,0.21330050786572527,0.06853348058591024,0.14476702727981502,0.20595470847822617,0.0643263964797123,0.14162831199851386,0.0,0.0,0.0,0.21330050786572527,0.06853348058591024,0.14476702727981502,0.20595470847822617,0.0643263964797123,0.14162831199851386,0.0,0.0,0.0,0.21330050786572527,0.06853348058591024,0.14476702727981502,0.20595470847822617,0.0643263964797123,0.14162831199851386
3,1,15,7,8,1279890.0,1259973.0,0.01580748158889119,0.08,0.05126162018592295,0,0.1,0.25,0.25,0.0,0.48106187290969904,0.468054304231574,0.013007568678125025,0.4451465053056567,0.45906802972838523,0.013921524422728537,0.16666666666666666,0.0,0.16666666666666666,0.34141583054626534,0.1738868867705185,0.16752894377574684,0.29825890286134865,0.17189202513550975,0.1263668777258389,0.16666666666666666,0.0,0.16666666666666666,0.34141583054626534,0.1738868867705185,0.16752894377574684,0.29825890286134865,0.17189202513550975,0.1263668777258389,0.16666666666666666,0.0,0.16666666666666666,0.34141583054626534,0.1738868867705185,0.16752894377574684,0.29825890286134865,0.17189202513550975,0.1263668777258389
3,1,15,7,8,1279890.0,1259973.0,0.01580748158889119,0.08,0.05126162018592295,0,0.2,0.375,0.375,0.0,0.5442563173541435,0.5795708846779819,0.03531456732383842,0.5134956211893329,0.5671966871597768,0.053701065970443884,0.16666666666666666,0.0,0.16666666666666666,0.3923417564721912,0.32731341548477094,0.06502834098742027,0.3513274949191105,0.30751469945564275,0.043812795463467724,0.16666666666666666,0.0,0.16666666666666666,0.3923417564721912,0.32731341548477094,0.06502834098742027,0.3513274949191105,0.30751469945564275,0.043812795463467724,0.16666666666666666,0.0,0.16666666666666666,0.3923417564721912,0.32731341548477094,0.06502834098742027,0.3513274949191105,0.30751469945564275,0.043812795463467724
3,1,15,7,8,1279890.0,1259973.0,0.01580748158889119,0.08,0.05126162018592295,0,0.4,0.375,0.375,0.0,0.7056474624409407,0.6825458748412714,0.023101587599669293,0.6782295570823876,0.6617450946965574,0.016484462385830234,0.16666666666666666,0.0,0.16666666666666666,0.6075299499212542,0.49207339974603403,0.11545655017522016,0.5709727427765169,0.45879215151449165,0.11218059126202523,0.16666666666666666,0.0,0.16666666666666666,0.6075299499212542,0.49207339974603403,0.11545655017522016,0.5709727427765169,0.45879215151449165,0.11218059126202523,0.16666666666666666,0.0,0.16666666666666666,0.6075299499212542,0.49207339974603403,0.11545655017522016,0.5709727427765169,0.45879215151449165,0.11218059126202523
3,1,19,9,8,1279890.0,1273033.0,0.005386348979170218,0.14,0.0844621513944223,0,0.05,0.0,0.125,0.125,0.25997538089929395,0.2969588744588745,0.03698349355958053,0.2368993336975581,0.28923059670126805,0.05233126300370994,0.0,0.0,0.0,0.21330050786572527,0.13227705627705627,0.081023451588669,0.20595470847822617,0.10049962890670756,0.1054550795715186,0.0,0.14285714285714285,0.14285714285714285,0.21330050786572527,0.2781570810142239,0.0648565731484986,0.20595470847822617,0.26341420263126974,0.05745949415304358,0.0,0.14285714285714285,0.14285714285714285,0.21330050786572527,0.2781570810142239,0.0648565731484986,0.20595470847822617,0.26341420263126974,0.05745949415304358
3,1,19,9,8,1279890.0,1273033.0,0.005386348979170218,0.14,0.0844621513944223,0,0.1,0.25,0.25,0.0,0.48106187290969904,0.4343939393939394,0.04666793351575965,0.4451465053056567,0.4416894583294871,0.0034570469761696088,0.16666666666666666,0.0,0.16666666666666666,0.34141583054626534,0.18074458874458874,0.1606712418016766,0.29825890286134865,0.16681242294466575,0.1314464799166829,0.16666666666666666,0.2857142857142857,0.11904761904761904,0.34141583054626534,0.414817563388992,0.07340173284272666,0.29825890286134865,0.40486601638904685,0.1066071135276982,0.16666666666666666,0.2857142857142857,0.11904761904761904,0.34141583054626534,0.414817563388992,0.07340173284272666,0.29825890286134865,0.40486601638904685,0.1066071135276982
3,1,19,9,8,1279890.0,1273033.0,0.005386348979170218,0.14,0.0844621513944223,0,0.2,0.375,0.375,0.0,0.5442563173541435,0.6009199134199135,0.05666359606576998,0.5134956211893329,0.581061464335781,0.06756584314644809,0.16666666666666666,0.0,0.16666666666666666,0.3923417564721912,0.36147186147186144,0.030869895000329772,0.3513274949191105,0.3296983429372497,0.021629151981860772,0.16666666666666666,0.2857142857142857,0.11904761904761904,0.3923417564721912,0.543908472479901,0.15156671600770982,0.3513274949191105,0.5212131020980354,0.16988560717892492,0.16666666666666666,0.2857142857142857,0.11904761904761904,0.3923417564721912,0.543908472479901,0.15156671600770982,0.3513274949191105,0.5212131020980354,0.16988560717892492
3,1,19,9,8,1279890.0,1273033.0,0.005386348979170218,0.14,0.0844621513944223,0,0.4,0.375,0.5,0.125,0.7056474624409407,0.7797619047619048,0.07411444232096409,0.6782295570823876,0.743000143338576,0.06477058625618837,0.16666666666666666,0.2,0.033333333333333354,0.6075299499212542,0.6476190476190476,0.04008909769779345,0.5709727427765169,0.5888002293417217,0.01782748656520483,0.16666666666666666,0.42857142857142855,0.26190476190476186,0.6075299499212542,0.7482993197278912,0.140769369806637,0.5709727427765169,0.7062858781012297,0.13531313532471279,0.16666666666666666,0.42857142857142855,0.26190476190476186,0.6075299499212542,0.7482993197278912,0.140769369806637,0.5709727427765169,0.7062858781012297,0.13531313532471279
3,1,21,10,8,1279890.0,1274465.0,0.004256688100497071,0.12,0.057901726427622945,0,0.05,0.0,0.25,0.25,0.25997538089929395,0.3905924570785252,0.13061707617923124,0.2368993336975581,0.36847697577646626,0.13157764207890815,0.0,0.0,0.0,0.21330050786572527,0.14494793132564032,0.06835257654008495,0.20595470847822617,0.10862670639284769,0.09732800208537848,0.0,0.0,0.0,0.21330050786572527,0.14494793132564032,0.06835257654008495,0.20595470847822617,0.10862670639284769,0.09732800208537848,0.0,0.0,0.0,0.21330050786572527,0.14494793132564032,0.06835257654008495,0.20595470847822617,0.10862670639284769,0.09732800208537848
3,1,21,10,8,1279890.0,1274465.0,0.004256688100497071,0.12,0.057901726427622945,0,0.1,0.25,0.375,0.125,0.48106187290969904,0.5235364480720518,0.04247457516235276,0.4451465053056567,0.4948960681868569,0.04974956288120019,0.16666666666666666,0.0,0.16666666666666666,0.34141583054626534,0.23765831691528283,0.10375751363098251,0.29825890286134865,0.191833709098971,0.10642519376237766,0.16666666666666666,0.0,0.16666666666666666,0.34141583054626534,0.23765831691528283,0.10375751363098251,0.29825890286134865,0.191833709098971,0.10642519376237766,0.16666666666666666,0.0,0.16666666666666666,0.34141583054626534,0.23765831691528283,0.10375751363098251,0.29825890286134865,0.191833709098971,0.10642519376237766
3,1,21,10,8,1279890.0,1274465.0,0.004256688100497071,0.12,0.057901726427622945,0,0.2,0.375,0.375,0.0,0.5442563173541435,0.5752951898462735,0.03103887249213,0.5134956211893329,0.5534733800481877,0.039977758858854795,0.16666666666666666,0.0,0.16666666666666666,0.3923417564721912,0.3204723037540375,0.0718694527181537,0.3513274949191105,0.28555740807710017,0.0657700868420103,0.16666666666666666,0.0,0.16666666666666666,0.3923417564721912,0.3204723037540375,0.0718694527181537,0.3513274949191105,0.28555740807710017,0.0657700868420103,0.16666666666666666,0.0,0.16666666666666666,0.3923417564721912,0.3204723037540375,0.0718694527181537,0.3513274949191105,0.28555740807710017,0.0657700868420103
3,1,21,10,8,1279890.0,1274465.0,0.004256688100497071,0.12,0.057901726427622945,0,0.4,0.375,0.375,0.0,0.7056474624409407,0.7296407797568788,0.023993317315938123,0.6782295570823876,0.7046773764002755,0.026447819317887866,0.16666666666666666,0.0,0.16666666666666666,0.6075299499212542,0.5674252476110061,0.0401047023102481,0.5709727427765169,0.5274838022404407,0.043488940536076215,0.16666666666666666,0.0,0.16666666666666666,0.6075299499212542,0.5674252476110061,0.0401047023102481,0.5709727427765169,0.5274838022404407,0.043488940536076215,0.16666666666666666,0.0,0.16666666666666666,0.6075299499212542,0.5674252476110061,0.0401047023102481,0.5709727427765169,0.5274838022404407,0.043488940536076215
3,1,23,11,8,1279890.0,1271035.0,0.006966763307068649,0.08,0.07065073041168657,0,0.05,0.0,0.125,0.125,0.25997538089929395,0.3429934045423176,0.08301802364302363,0.2368993336975581,0.2996828476204132,0.06278351392285508,0.0,0.0,0.0,0.21330050786572527,0.12339262187088273,0.08990788599484253,0.20595470847822617,0.07712328492306665,0.12883142355515953,0.0,0.0,0.0,0.21330050786572527,0.19541977748499487,0.017880730380730403,0.20595470847822617,0.1482110099419716,0.05774369853625458,0.0,0.0,0.0,0.21330050786572527,0.19541977748499487,0.017880730380730403,0.20595470847822617,0.1482110099419716,0.05774369853625458
3,1,23,11,8,1279890.0,1271035.0,0.006966763307068649,0.08,0.07065073041168657,0,0.1,0.25,0.25,0.0,0.48106187290969904,0.4755408314511575,0.005521041458541542,0.4451465053056567,0.4437907548076897,0.0013557504979669899,0.16666666666666666,0.0,0.16666666666666666,0.34141583054626534,0.2180081874647092,0.12340764308155613,0.29825890286134865,0.16252422408574602,0.13573467877560264,0.16666666666666666,0.16666666666666666,0.0,0.34141583054626534,0.348340156220591,0.00692432567432566,0.29825890286134865,0.302103520071455,0.0038446172101063714,0.16666666666666666,0.16666666666666666,0.0,0.34141583054626534,0.348340156220591,0.00692432567432566,0.29825890286134865,0.302103520071455,0.0038446172101063714
3,1,23,11,8,1279890.0,1271035.0,0.006966763307068649,0.08,0.07065073041168657,0,0.2,0.375,0.375,0.0,0.5442563173541435,0.6139301595143986,0.06967384216025507,0.5134956211893329,0.5900094344624447,0.0765138132731118,0.16666666666666666,0.0,0.16666666666666666,0.3923417564721912,0.3822882552230378,0.01005350124915344,0.3513274949191105,0.34401509513991146,0.007312399779199008,0.16666666666666666,0.16666666666666666,0.0,0.3923417564721912,0.4852402126858648,0.0928984562136736,0.3513274949191105,0.4533459126165929,0.10201841769748243,0.16666666666666666,0.16666666666666666,0.0,0.3923417564721912,0.4852402126858648,0.0928984562136736,0.3513274949191105,0.4533459126165929,0.10201841769748243
3,1,23,11,8,1279890.0,1271035.0,0.006966763307068649,0.08,0.07065073041168657,0,0.4,0.375,0.5,0.125,0.7056474624409407,0.7640139751552795,0.05836651271433879,0.6782295570823876,0.7324174003530438,0.05418784327065618,0.16666666666666666,0.2,0.033333333333333354,0.6075299499212542,0.6224223602484471,0.014892410327192906,0.5709727427765169,0.5718678405648701,0.0008950977883531719,0.16666666666666666,0.3333333333333333,0.16666666666666666,0.6075299499212542,0.6853519668737059,0.07782201695245172,0.5709727427765169,0.6432232004707251,0.07225045769420824,0.16666666666666666,0.3333333333333333,0.16666666666666666,0.6075299499212542,0.6853519668737059,0.07782201695245172,0.5709727427765169,0.6432232004707251,0.07225045769420824
3,1,25,12,8,1279890.0,1270292.0,0.0075557430889905625,0.06,0.09907038512616201,0,0.05,0.0,0.125,0.125,0.25997538089929395,0.2824031267645398,0.022427745865245874,0.2368993336975581,0.250603671020914,0.013704337323355908,0.0,0.0,0.0,0.21330050786572527,0.11463274044795783,0.09866776741776744,0.20595470847822617,0.08277210780930609,0.12318260066892008,0.0,0.0,0.0,0.21330050786572527,0.11463274044795783,0.09866776741776744,0.20595470847822617,0.08277210780930609,0.12318260066892008,0.0,0.0,0.0,0.21330050786572527,0.11463274044795783,0.09866776741776744,0.20595470847822617,0.08277210780930609,0.12318260066892008
3,1,25,12,8,1279890.0,1270292.0,0.0075557430889905625,0.06,0.09907038512616201,0,0.1,0.25,0.25,0.0,0.48106187290969904,0.457906902879729,0.023154970029970023,0.4451465053056567,0.45094771172479353,0.0058012064191368395,0.16666666666666666,0.16666666666666666,0.0,0.34141583054626534,0.3248282514586862,0.01658757908757913,0.29825890286134865,0.3116461292942604,0.013387226432911736,0.16666666666666666,0.16666666666666666,0.0,0.34141583054626534,0.3248282514586862,0.01658757908757913,0.29825890286134865,0.3116461292942604,0.013387226432911736,0.16666666666666666,0.16666666666666666,0.0,0.34141583054626534,0.3248282514586862,0.01658757908757913,0.29825890286134865,0.3116461292942604,0.013387226432911736
3,1,25,12,8,1279890.0,1270292.0,0.0075557430889905625,0.06,0.09907038512616201,0,0.2,0.375,0.375,0.0,0.5442563173541435,0.6114748023715415,0.06721848501739802,0.5134956211893329,0.5825611901493726,0.06906556896003968,0.16666666666666666,0.16666666666666666,0.0,0.3923417564721912,0.48196640316205525,0.08962464668986403,0.3513274949191105,0.44341492019916345,0.09208742528005298,0.16666666666666666,0.16666666666666666,0.0,0.3923417564721912,0.48196640316205525,0.08962464668986403,0.3513274949191105,0.44341492019916345,0.09208742528005298,0.16666666666666666,0.16666666666666666,0.0,0.3923417564721912,0.48196640316205525,0.08962464668986403,0.3513274949191105,0.44341492019916345,0.09208742528005298
3,1,25,12,8,1279890.0,1270292.0,0.0075557430889905625,0.06,0.09907038512616201,0,0.4,0.375,0.5,0.125,0.7056474624409407,0.7757330984233157,0.07008563598237505,0.6782295570823876,0.7480972901616527,0.06986773307926508,0.16666666666666666,0.3333333333333333,0.16666666666666666,0.6075299499212542,0.700977464564421,0.0934475146431668,0.5709727427765169,0.664129720215537,0.09315697743902007,0.16666666666666666,0.3333333333333333,0.16666666666666666,0.6075299499212542,0.700977464564421,0.0934475146431668,0.5709727427765169,0.664129720215537,0.09315697743902007,0.16666666666666666,0.3333333333333333,0.16666666666666666,0.6075299499212542,0.700977464564421,0.0934475146431668,0.5709727427765169,0.664129720215537,0.09315697743902007
3,1,27,13,8,1279890.0,1270571.0,0.007334497639250384,0.0,0.030278884462151334,1,0.05,0.0,0.25,0.25,0.25997538089929395,0.3772233503211764,0.11724796942188243,0.2368993336975581,0.3367609885725343,0.09986165487497617,0.0,0.0,0.0,0.21330050786572527,0.16963113376156855,0.04366937410415672,0.20595470847822617,0.11568131809671232,0.09027339038151384,0.0,0.0,0.0,0.21330050786572527,0.16963113376156855,0.04366937410415672,0.20595470847822617,0.11568131809671232,0.09027339038151384,0.0,0.0,0.0,0.21330050786572527,0.16963113376156855,0.04366937410415672,0.20595470847822617,0.11568131809671232,0.09027339038151384
3,1,27,13,8,1279890.0,1270571.0,0.007334497639250384,0.0,0.030278884462151334,1,0.1,0.25,0.25,0.0,0.48106187290969904,0.4749416042894304,0.006120268620268654,0.4451465053056567,0.4387617940645224,0.006384711241134267,0.16666666666666666,0.0,0.16666666666666666,0.34141583054626534,0.2999221390525738,0.04149369149369153,0.29825890286134865,0.2516823920860299,0.04657651077531877,0.16666666666666666,0.0,0.16666666666666666,0.34141583054626534,0.2999221390525738,0.04149369149369153,0.29825890286134865,0.2516823920860299,0.04657651077531877,0.16666666666666666,0.0,0.16666666666666666,0.34141583054626534,0.2999221390525738,0.04149369149369153,0.29825890286134865,0.2516823920860299,0.04657651077531877
3,1,27,13,8,1279890.0,1270571.0,0.007334497639250384,0.0,0.030278884462151334,1,0.2,0.375,0.375,0.0,0.5442563173541435,0.5708296836014227,0.02657336624727924,0.5134956211893329,0.5370916019956608,0.023595980806327854,0.16666666666666666,0.16666666666666666,0.0,0.3923417564721912,0.4277729114685636,0.035431154996372394,0.3513274949191105,0.38278880266088083,0.03146130774177036,0.16666666666666666,0.16666666666666666,0.0,0.3923417564721912,0.4277729114685636,0.035431154996372394,0.3513274949191105,0.38278880266088083,0.03146130774177036,0.16666666666666666,0.16666666666666666,0.0,0.3923417564721912,0.4277729114685636,0.035431154996372394,0.3513274949191105,0.38278880266088083,0.03146130774177036
3,1,27,13,8,1279890.0,1270571.0,0.007334497639250384,0.0,0.030278884462151334,1,0.4,0.375,0.375,0.0,0.7056474624409407,0.7173183097096141,0.011670847268673401,0.6782295570823876,0.682732518996695,0.004502961914307324,0.16666666666666666,0.16666666666666666,0.0,0.6075299499212542,0.6230910796128187,0.015561129691564535,0.5709727427765169,0.5769766919955933,0.006003949219076432,0.16666666666666666,0.16666666666666666,0.0,0.6075299499212542,0.6230910796128187,0.015561129691564535,0.5709727427765169,0.5769766919955933,0.006003949219076432,0.16666666666666666,0.16666666666666666,0.0,0.6075299499212542,0.6230910796128187,0.015561129691564535,0.5709727427765169,0.5769766919955933,0.006003949219076432
3,1,29,14,8,1279890.0,1263846.0,0.012694584625025518,0.1,0.044355909694555024,0,0.05,0.0,0.25,0.25,0.25997538089929395,0.3857919254658385,0.12581654456654456,0.2368993336975581,0.35523987740303314,0.11834054370547503,0.0,0.0,0.0,0.21330050786572527,0.11726708074534162,0.09603342712038365,0.20595470847822617,0.0886596659138186,0.11729504256440756,0.0,0.0,0.0,0.21330050786572527,0.11726708074534162,0.09603342712038365,0.20595470847822617,0.0886596659138186,0.11729504256440756,0.0,0.0,0.0,0.21330050786572527,0.11726708074534162,0.09603342712038365,0.20595470847822617,0.0886596659138186,0.11729504256440756
3,1,29,14,8,1279890.0,1263846.0,0.012694584625025518,0.1,0.044355909694555024,0,0.1,0.25,0.375,0.125,0.48106187290969904,0.5055124223602484,0.024450549450549364,0.4451465053056567,0.4917625715970936,0.046616066291436886,0.16666666666666666,0.0,0.16666666666666666,0.34141583054626534,0.2088198757763975,0.13259595476986785,0.29825890286134865,0.1868201145553498,0.11143878830599885,0.16666666666666666,0.0,0.16666666666666666,0.34141583054626534,0.2088198757763975,0.13259595476986785,0.29825890286134865,0.1868201145553498,0.11143878830599885,0.16666666666666666,0.0,0.16666666666666666,0.34141583054626534,0.2088198757763975,0.13259595476986785,0.29825890286134865,0.1868201145553498,0.11143878830599885
3,1,29,14,8,1279890.0,1263846.0,0.012694584625025518,0.1,0.044355909694555024,0,0.2,0.375,0.375,0.0,0.5442563173541435,0.6121376811594204,0.06788136380527687,0.5134956211893329,0.5880851740487746,0.07458955285944169,0.16666666666666666,0.0,0.16666666666666666,0.3923417564721912,0.37942028985507237,0.012921466617118849,0.3513274949191105,0.3409362784780394,0.01039121644107105,0.16666666666666666,0.0,0.16666666666666666,0.3923417564721912,0.37942028985507237,0.012921466617118849,0.3513274949191105,0.3409362784780394,0.01039121644107105,0.16666666666666666,0.0,0.16666666666666666,0.3923417564721912,0.37942028985507237,0.012921466617118849,0.3513274949191105,0.3409362784780394,0.01039121644107105
3,1,29,14,8,1279890.0,1263846.0,0.012694584625025518,0.1,0.044355909694555024,0,0.4,0.375,0.375,0.0,0.7056474624409407,0.7518115942028986,0.04616413176195788,0.6782295570823876,0.7286411367655309,0.05041157968314325,0.16666666666666666,0.0,0.16666666666666666,0.6075299499212542,0.6028985507246377,0.004631399196616481,0.5709727427765169,0.5658258188248493,0.0051469239516676035,0.16666666666666666,0.0,0.16666666666666666,0.6075299499212542,0.6028985507246377,0.004631399196616481,0.5709727427765169,0.5658258188248493,0.0051469239516676035,0.16666666666666666,0.0,0.16666666666666666,0.6075299499212542,0.6028985507246377,0.004631399196616481,0.5709727427765169,0.5658258188248493,0.0051469239516676035
3,1,31,15,8,1279890.0,1266770.0,0.010357049819619978,0.1,0.043559096945551115,0,0.05,0.0,0.125,0.125,0.25997538089929395,0.33619828993470297,0.07622290903540901,0.2368993336975581,0.3100361554827992,0.07313682178524111,0.0,0.0,0.0,0.21330050786572527,0.10363154960981047,0.1096689582559148,0.20595470847822617,0.05965147942057801,0.14630322905764814,0.0,0.0,0.0,0.21330050786572527,0.10363154960981047,0.1096689582559148,0.20595470847822617,0.05965147942057801,0.14630322905764814,0.0,0.0,0.0,0.21330050786572527,0.10363154960981047,0.1096689582559148,0.20595470847822617,0.05965147942057801,0.14630322905764814
3,1,31,15,8,1279890.0,1266770.0,0.010357049819619978,0.1,0.043559096945551115,0,0.1,0.25,0.25,0.0,0.48106187290969904,0.4895268454371715,0.00846497252747247,0.4451465053056567,0.48026978533377257,0.03512328002811588,0.16666666666666666,0.0,0.16666666666666666,0.34141583054626534,0.24038580984233157,0.10103002070393377,0.29825890286134865,0.22089067292747888,0.07736822993386977,0.16666666666666666,0.0,0.16666666666666666,0.34141583054626534,0.24038580984233157,0.10103002070393377,0.29825890286134865,0.22089067292747888,0.07736822993386977,0.16666666666666666,0.0,0.16666666666666666,0.34141583054626534,0.24038580984233157,0.10103002070393377,0.29825890286134865,0.22089067292747888,0.07736822993386977
3,1,31,15,8,1279890.0,1266770.0,0.010357049819619978,0.1,0.043559096945551115,0,0.2,0.375,0.375,0.0,0.5442563173541435,0.6100257306099697,0.06576941325582619,0.5134956211893329,0.5932797632389352,0.07978414204960227,0.16666666666666666,0.0,0.16666666666666666,0.3923417564721912,0.3760411689759516,0.016300587496239638,0.3513274949191105,0.34924762118229624,0.0020798737368142306,0.16666666666666666,0.0,0.16666666666666666,0.3923417564721912,0.3760411689759516,0.016300587496239638,0.3513274949191105,0.34924762118229624,0.0020798737368142306,0.16666666666666666,0.0,0.16666666666666666,0.3923417564721912,0.3760411689759516,0.016300587496239638,0.3513274949191105,0.34924762118229624,0.0020798737368142306
3,1,31,15,8,1279890.0,1266770.0,0.010357049819619978,0.1,0.043559096945551115,0,0.4,0.375,0.5,0.125,0.7056474624409407,0.7823436753463927,0.07669621290545203,0.6782295570823876,0.7369928006182584,0.05876324353587081,0.16666666666666666,0.2,0.033333333333333354,0.6075299499212542,0.6517498805542283,0.044219930632974136,0.5709727427765169,0.5791884809892136,0.008215738212696722,0.16666666666666666,0.2,0.033333333333333354,0.6075299499212542,0.6517498805542283,0.044219930632974136,0.5709727427765169,0.5791884809892136,0.008215738212696722,0.16666666666666666,0.2,0.033333333333333354,0.6075299499212542,0.6517498805542283,0.044219930632974136,0.5709727427765169,0.5791884809892136,0.008215738212696722
3,1,33,16,8,1279890.0,1270167.0,0.007654898922740081,0.06,0.06268260292164678,0,0.05,0.0,0.125,0.125,0.25997538089929395,0.33937428061069363,0.07939889971139968,0.2368993336975581,0.29578977859750427,0.05889044489994616,0.0,0.0,0.0,0.21330050786572527,0.19059427890949632,0.022706228956228952,0.20595470847822617,0.1430202512447598,0.06293445723346636,0.0,0.0,0.0,0.21330050786572527,0.19059427890949632,0.022706228956228952,0.20595470847822617,0.1430202512447598,0.06293445723346636,0.0,0.0,0.0,0.21330050786572527,0.19059427890949632,0.022706228956228952,0.20595470847822617,0.1430202512447598,0.06293445723346636
3,1,33,16,8,1279890.0,1270167.0,0.007654898922740081,0.06,0.06268260292164678,0,0.1,0.25,0.25,0.0,0.48106187290969904,0.47361775452808064,0.007444118381618403,0.4451465053056567,0.456041120201753,0.010894614896096333,0.16666666666666666,0.16666666666666666,0.0,0.34141583054626534,0.34577605365648845,0.004360223110223105,0.29825890286134865,0.31843734059687295,0.0201784377355243,0.16666666666666666,0.16666666666666666,0.0,0.34141583054626534,0.34577605365648845,0.004360223110223105,0.29825890286134865,0.31843734059687295,0.0201784377355243,0.16666666666666666,0.16666666666666666,0.0,0.34141583054626534,0.34577605365648845,0.004360223110223105,0.29825890286134865,0.31843734059687295,0.0201784377355243
3,1,33,16,8,1279890.0,1270167.0,0.007654898922740081,0.06,0.06268260292164678,0,0.2,0.375,0.375,0.0,0.5442563173541435,0.606237851822091,0.06198153446794752,0.5134956211893329,0.5856574333042726,0.07216181211493966,0.16666666666666666,0.16666666666666666,0.0,0.3923417564721912,0.4749838024294546,0.08264204595726338,0.3513274949191105,0.44754324440569676,0.09621574948658629,0.16666666666666666,0.16666666666666666,0.0,0.3923417564721912,0.4749838024294546,0.08264204595726338,0.3513274949191105,0.44754324440569676,0.09621574948658629,0.16666666666666666,0.16666666666666666,0.0,0.3923417564721912,0.4749838024294546,0.08264204595726338,0.3513274949191105,0.44754324440569676,0.09621574948658629
3,1,33,16,8,1279890.0,1270167.0,0.007654898922740081,0.06,0.06268260292164678,0,0.4,0.375,0.375,0.0,0.7056474624409407,0.7566166849454893,0.050969222504548606,0.6782295570823876,0.72682406348904,0.048594506406652416,0.16666666666666666,0.16666666666666666,0.0,0.6075299499212542,0.6754889132606524,0.06795896333939822,0.5709727427765169,0.6357654179853868,0.06479267520886989,0.16666666666666666,0.16666666666666666,0.0,0.6075299499212542,0.6754889132606524,0.06795896333939822,0.5709727427765169,0.6357654179853868,0.06479267520886989,0.16666666666666666,0.16666666666666666,0.0,0.6075299499212542,0.6754889132606524,0.06795896333939822,0.5709727427765169,0.6357654179853868,0.06479267520886989
3,1,35,17,8,1279890.0,1266542.0,0.010538931989622137,0.08,0.08791500664010622,0,0.05,0.0,0.0,0.0,0.25997538089929395,0.2545833333333334,0.005392047565960567,0.2368993336975581,0.27400509287599784,0.03710575917843972,0.0,0.0,0.0,0.21330050786572527,0.074,0.1393005078657253,0.20595470847822617,0.05608374384236453,0.14987096463586164,0.0,0.0,0.0,0.21330050786572527,0.145,0.06830050786572528,0.20595470847822617,0.13764554411106134,0.06830916436716483,0.0,0.0,0.0,0.21330050786572527,0.145,0.06830050786572528,0.20595470847822617,0.13764554411106134,0.06830916436716483
3,1,35,17,8,1279890.0,1266542.0,0.010538931989622137,0.08,0.08791500664010622,0,0.1,0.25,0.25,0.0,0.48106187290969904,0.4808134920634921,0.00024838084620693035,0.4451465053056567,0.45866962255695815,0.013523117251301453,0.16666666666666666,0.0,0.16666666666666666,0.34141583054626534,0.20263492063492064,0.1387809099113447,0.29825890286134865,0.1762956385153754,0.12196326434597324,0.16666666666666666,0.0,0.16666666666666666,0.34141583054626534,0.3077513227513227,0.03366450779494262,0.29825890286134865,0.27822616340927747,0.02003273945207118,0.16666666666666666,0.0,0.16666666666666666,0.34141583054626534,0.3077513227513227,0.03366450779494262,0.29825890286134865,0.27822616340927747,0.02003273945207118
3,1,35,17,8,1279890.0,1266542.0,0.010538931989622137,0.08,0.08791500664010622,0,0.2,0.375,0.375,0.0,0.5442563173541435,0.6028769841269841,0.05862066677284061,0.5134956211893329,0.5727264219457388,0.059230800756405855,0.16666666666666666,0.0,0.16666666666666666,0.3923417564721912,0.3646031746031746,0.02773858186901662,0.3513274949191105,0.31636227511318193,0.03496521980592854,0.16666666666666666,0.16666666666666666,0.0,0.3923417564721912,0.4705026455026455,0.07816088903045426,0.3513274949191105,0.4303018959276516,0.07897440100854114,0.16666666666666666,0.16666666666666666,0.0,0.3923417564721912,0.4705026455026455,0.07816088903045426,0.3513274949191105,0.4303018959276516,0.07897440100854114
3,1,35,17,8,1279890.0,1266542.0,0.010538931989622137,0.08,0.08791500664010622,0,0.4,0.375,0.375,0.0,0.7056474624409407,0.7585241147741147,0.05287665233317407,0.6782295570823876,0.7185510942236335,0.04032153714124587,0.16666666666666666,0.0,0.16666666666666666,0.6075299499212542,0.6136385836385836,0.0061086337173293925,0.5709727427765169,0.5496817507578136,0.021290992018703325,0.16666666666666666,0.16666666666666666,0.0,0.6075299499212542,0.678032153032153,0.07050220311089883,0.5709727427765169,0.624734792298178,0.05376204952166108,0.16666666666666666,0.16666666666666666,0.0,0.6075299499212542,0.678032153032153,0.07050220311089883,0.5709727427765169,0.624734792298178,0.05376204952166108
3,1,37,18,8,1279890.0,1260993.0,0.014985808803062349,0.06,0.10889774236387788,0,0.05,0.0,0.125,0.125,0.25997538089929395,0.36733954451345757,0.10736416361416362,0.2368993336975581,0.3347609522488807,0.09786161855132258,0.0,0.0,0.0,0.21330050786572527,0.08488612836438922,0.12841437950133605,0.20595470847822617,0.07402887405388438,0.1319258344243418,0.0,0.0,0.0,0.21330050786572527,0.08488612836438922,0.12841437950133605,0.20595470847822617,0.07402887405388438,0.1319258344243418,0.0,0.0,0.0,0.21330050786572527,0.08488612836438922,0.12841437950133605,0.20595470847822617,0.07402887405388438,0.1319258344243418
3,1,37,18,8,1279890.0,1260993.0,0.014985808803062349,0.06,0.10889774236387788,0,0.1,0.25,0.375,0.125,0.48106187290969904,0.5237663906142167,0.042704517704517664,0.4451465053056567,0.5088889949632731,0.06374248965761642,0.16666666666666666,0.0,0.16666666666666666,0.34141583054626534,0.23802622498274673,0.10338960556351862,0.29825890286134865,0.214222391941237,0.08403651092011166,0.16666666666666666,0.0,0.16666666666666666,0.34141583054626534,0.23802622498274673,0.10338960556351862,0.29825890286134865,0.214222391941237,0.08403651092011166,0.16666666666666666,0.0,0.16666666666666666,0.34141583054626534,0.23802622498274673,0.10338960556351862,0.29825890286134865,0.214222391941237,0.08403651092011166
3,1,37,18,8,1279890.0,1260993.0,0.014985808803062349,0.06,0.10889774236387788,0,0.2,0.375,0.375,0.0,0.5442563173541435,0.6244392684610076,0.08018295110686413,0.5134956211893329,0.6033066655151165,0.08981104432578357,0.16666666666666666,0.0,0.16666666666666666,0.3923417564721912,0.39910282953761217,0.006761073065420953,0.3513274949191105,0.3652906648241863,0.013963169905075845,0.16666666666666666,0.0,0.16666666666666666,0.3923417564721912,0.39910282953761217,0.006761073065420953,0.3513274949191105,0.3652906648241863,0.013963169905075845,0.16666666666666666,0.0,0.16666666666666666,0.3923417564721912,0.39910282953761217,0.006761073065420953,0.3513274949191105,0.3652906648241863,0.013963169905075845
3,1,37,18,8,1279890.0,1260993.0,0.014985808803062349,0.06,0.10889774236387788,0,0.4,0.375,0.375,0.0,0.7056474624409407,0.7541772840685884,0.04852982162764774,0.6782295570823876,0.7397688295083228,0.061539272425935154,0.16666666666666666,0.0,0.16666666666666666,0.6075299499212542,0.6066836545097415,0.0008462954115127097,0.5709727427765169,0.5836301272133164,0.012657384436799535,0.16666666666666666,0.0,0.16666666666666666,0.6075299499212542,0.6066836545097415,0.0008462954115127097,0.5709727427765169,0.5836301272133164,0.012657384436799535,0.16666666666666666,0.0,0.16666666666666666,0.6075299499212542,0.6066836545097415,0.0008462954115127097,0.5709727427765169,0.5836301272133164,0.012657384436799535
4,2,6,3,7,1245950.0,1239200.0,0.005447062621045836,0.12,0.050730411686586964,0,0.05,0.0,0.14285714285714285,0.14285714285714285,0.20349009168884943,0.26433235501558483,0.060842263326735396,0.16928798951645577,0.22750953073531824,0.05822154121886247,0.0,0.0,0.0,0.09202898550724639,0.1417210808515156,0.049692095344269216,0.07369926375441059,0.0987611191912046,0.02506185543679401,0.0,0.0,0.0,0.20349009168884943,0.1417210808515156,0.061769010837333826,0.16928798951645577,0.0987611191912046,0.07052687032525116,0.0,0.0,0.0,0.20349009168884943,0.1417210808515156,0.061769010837333826,0.16928798951645577,0.0987611191912046,0.07052687032525116
4,2,6,3,7,1245950.0,1239200.0,0.005447062621045836,0.12,0.050730411686586964,0,0.1,0.0,0.14285714285714285,0.14285714285714285,0.34320467317361725,0.3895024230427957,0.04629774986917845,0.30468017156485444,0.3575737912268759,0.05289361966202144,0.0,0.0,0.0,0.18405797101449275,0.28775282688326165,0.10369485586876889,0.15173851470060018,0.2505027564313552,0.09876424173075504,0.0,0.0,0.0,0.34320467317361725,0.28775282688326165,0.0554518462903556,0.30468017156485444,0.2505027564313552,0.05417741513349922,0.0,0.0,0.0,0.34320467317361725,0.28775282688326165,0.0554518462903556,0.30468017156485444,0.2505027564313552,0.05417741513349922
4,2,6,3,7,1245950.0,1239200.0,0.005447062621045836,0.12,0.050730411686586964,0,0.2,0.14285714285714285,0.14285714285714285,0.0,0.44297791580400275,0.5158601233135395,0.07288220750953672,0.41378662695868945,0.4798227662052489,0.06603613924655943,0.0,0.0,0.0,0.29516908212560383,0.43517014386579606,0.14000106174019222,0.2513012777421653,0.39312656057279033,0.141825282830625,0.14285714285714285,0.0,0.14285714285714285,0.44297791580400275,0.43517014386579606,0.007807771938206698,0.41378662695868945,0.39312656057279033,0.020660066385899123,0.14285714285714285,0.0,0.14285714285714285,0.44297791580400275,0.43517014386579606,0.007807771938206698,0.41378662695868945,0.39312656057279033,0.020660066385899123
4,2,6,3,7,1245950.0,1239200.0,0.005447062621045836,0.12,0.050730411686586964,0,0.4,0.2857142857142857,0.2857142857142857,0.0,0.6710292812777284,0.6497736218233114,0.021255659454416986,0.6367266990402134,0.6070536412370584,0.02967305780315499,0.0,0.16666666666666666,0.16666666666666666,0.5394409937888198,0.5914025587938632,0.05196156500504334,0.4914173786562987,0.5415625814432348,0.05014520278693607,0.2857142857142857,0.16666666666666666,0.11904761904761904,0.6710292812777284,0.5914025587938632,0.07962672248386526,0.6367266990402134,0.5415625814432348,0.09516411759697863,0.2857142857142857,0.16666666666666666,0.11904761904761904,0.6710292812777284,0.5914025587938632,0.07962672248386526,0.6367266990402134,0.5415625814432348,0.09516411759697863
4,2,8,4,7,1245950.0,1229294.0,0.013549240458344384,0.12,0.10385126162018599,0,0.05,0.0,0.14285714285714285,0.14285714285714285,0.20349009168884943,0.25063758705063055,0.04714749536178112,0.16928798951645577,0.21865805341471103,0.04937006389825527,0.0,0.0,0.0,0.09202898550724639,0.07089262187088274,0.021136363636363648,0.07369926375441059,0.0394546081139288,0.03424465564048179,0.0,0.0,0.0,0.20349009168884943,0.07089262187088274,0.1325974698179667,0.16928798951645577,0.0394546081139288,0.12983338140252698,0.0,0.0,0.0,0.20349009168884943,0.07089262187088274,0.1325974698179667,0.16928798951645577,0.0394546081139288,0.12983338140252698
4,2,8,4,7,1245950.0,1229294.0,0.013549240458344384,0.12,0.10385126162018599,0,0.1,0.0,0.2857142857142857,0.2857142857142857,0.34320467317361725,0.4072816676077546,0.06407699443413734,0.30468017156485444,0.37844034137333066,0.07376016980847622,0.0,0.0,0.0,0.18405797101449275,0.17019433465085637,0.013863636363636384,0.15173851470060018,0.12981647792266288,0.021922036777937304,0.0,0.0,0.0,0.34320467317361725,0.17019433465085637,0.17301033852276088,0.30468017156485444,0.12981647792266288,0.17486369364219156,0.0,0.0,0.0,0.34320467317361725,0.17019433465085637,0.17301033852276088,0.30468017156485444,0.12981647792266288,0.17486369364219156
4,2,8,4,7,1245950.0,1229294.0,0.013549240458344384,0.12,0.10385126162018599,0,0.2,0.14285714285714285,0.2857142857142857,0.14285714285714285,0.44297791580400275,0.4916431394692264,0.048665223665223634,0.41378662695868945,0.467322792761038,0.053536165802348545,0.0,0.0,0.0,0.29516908212560383,0.288300395256917,0.006868686868686857,0.2513012777421653,0.2542519098654533,0.0029506321232879995,0.14285714285714285,0.0,0.14285714285714285,0.44297791580400275,0.288300395256917,0.15467752054708578,0.41378662695868945,0.2542519098654533,0.15953471709323613,0.14285714285714285,0.0,0.14285714285714285,0.44297791580400275,0.288300395256917,0.15467752054708578,0.41378662695868945,0.2542519098654533,0.15953471709323613
4,2,8,4,7,1245950.0,1229294.0,0.013549240458344384,0.12,0.10385126162018599,0,0.4,0.2857142857142857,0.2857142857142857,0.0,0.6710292812777284,0.6349368023281067,0.036092478949621754,0.6367266990402134,0.5982466680577675,0.0384800309824459,0.0,0.0,0.0,0.5394409937888198,0.48891152325934933,0.05052947052947049,0.4914173786562987,0.4375453352808744,0.05387204337542428,0.2857142857142857,0.0,0.2857142857142857,0.6710292812777284,0.48891152325934933,0.1821177580183791,0.6367266990402134,0.4375453352808744,0.19918136375933898,0.2857142857142857,0.0,0.2857142857142857,0.6710292812777284,0.48891152325934933,0.1821177580183791,0.6367266990402134,0.4375453352808744,0.19918136375933898
4,2,10,5,7,1245950.0,1248490.0,0.0020386050804606926,0.12,0.10172642762284205,0,0.05,0.0,0.14285714285714285,0.14285714285714285,0.20349009168884943,0.30556122448979595,0.10207113280094651,0.16928798951645577,0.2669763864855229,0.09768839696906714,0.0,0.0,0.0,0.09202898550724639,0.10778571428571429,0.0157567287784679,0.07369926375441059,0.06841577051117023,0.005283493243240359,0.0,0.0,0.0,0.20349009168884943,0.10778571428571429,0.09570437740313514,0.16928798951645577,0.06841577051117023,0.10087221900528553,0.0,0.0,0.0,0.20349009168884943,0.10778571428571429,0.09570437740313514,0.16928798951645577,0.06841577051117023,0.10087221900528553
4,2,10,5,7,1245950.0,1248490.0,0.0020386050804606926,0.12,0.10172642762284205,0,0.1,0.0,0.2857142857142857,0.2857142857142857,0.34320467317361725,0.42576530612244895,0.0825606329488317,0.30468017156485444,0.4039479396754655,0.09926776811061105,0.0,0.0,0.0,0.18405797101449275,0.1960714285714286,0.012013457556935836,0.15173851470060018,0.16552711554565167,0.013788600845051485,0.0,0.0,0.0,0.34320467317361725,0.1960714285714286,0.14713324460218866,0.30468017156485444,0.16552711554565167,0.13915305601920278,0.0,0.0,0.0,0.34320467317361725,0.1960714285714286,0.14713324460218866,0.30468017156485444,0.16552711554565167,0.13915305601920278
4,2,10,5,7,1245950.0,1248490.0,0.0020386050804606926,0.12,0.10172642762284205,0,0.2,0.14285714285714285,0.2857142857142857,0.14285714285714285,0.44297791580400275,0.5266156462585034,0.08363773045450068,0.41378662695868945,0.4764159154682641,0.06262928850957467,0.0,0.0,0.0,0.29516908212560383,0.33726190476190476,0.04209282263630093,0.2513012777421653,0.2669822816555697,0.01568100391340438,0.14285714285714285,0.0,0.14285714285714285,0.44297791580400275,0.33726190476190476,0.10571601104209799,0.41378662695868945,0.2669822816555697,0.14680434530311975,0.14285714285714285,0.0,0.14285714285714285,0.44297791580400275,0.33726190476190476,0.10571601104209799,0.41378662695868945,0.2669822816555697,0.14680434530311975
4,2,10,5,7,1245950.0,1248490.0,0.0020386050804606926,0.12,0.10172642762284205,0,0.4,0.2857142857142857,0.2857142857142857,0.0,0.6710292812777284,0.6624228152799583,0.008606465997770152,0.6367266990402134,0.6232993709347887,0.013427328105424685,0.0,0.0,0.0,0.5394409937888198,0.5273919413919415,0.012049052396878368,0.4914173786562987,0.47261911930870404,0.01879825934759466,0.2857142857142857,0.0,0.2857142857142857,0.6710292812777284,0.5273919413919415,0.14363733988578697,0.6367266990402134,0.47261911930870404,0.16410757973150936,0.2857142857142857,0.0,0.2857142857142857,0.6710292812777284,0.5273919413919415,0.14363733988578697,0.6367266990402134,0.47261911930870404,0.16410757973150936
4,2,12,6,7,1245950.0,1236966.0,0.0072629320450198305,0.1,0.07277556440903066,0,0.05,0.0,0.14285714285714285,0.14285714285714285,0.20349009168884943,0.319435165370496,0.11594507368164655,0.16928798951645577,0.2739600093575434,0.10467201984108762,0.0,0.0,0.0,0.09202898550724639,0.20600769293224533,0.11397870742499894,0.07369926375441059,0.1529533442504673,0.07925408049605671,0.0,0.0,0.0,0.20349009168884943,0.20600769293224533,0.002517601243395895,0.16928798951645577,0.1529533442504673,0.016334645265988462,0.0,0.0,0.0,0.20349009168884943,0.20600769293224533,0.002517601243395895,0.16928798951645577,0.1529533442504673,0.016334645265988462
4,2,12,6,7,1245950.0,1236966.0,0.0072629320450198305,0.1,0.07277556440903066,0,0.1,0.0,0.14285714285714285,0.14285714285714285,0.34320467317361725,0.4351664578875028,0.09196178471388555,0.30468017156485444,0.3908575187256052,0.08617734716075076,0.0,0.0,0.0,0.18405797101449275,0.3410275342020866,0.15696956318759384,0.15173851470060018,0.2893337718465394,0.13759525714593923,0.0,0.0,0.0,0.34320467317361725,0.3410275342020866,0.0021771389715306566,0.30468017156485444,0.2893337718465394,0.01534639971831503,0.0,0.0,0.0,0.34320467317361725,0.3410275342020866,0.0021771389715306566,0.30468017156485444,0.2893337718465394,0.01534639971831503
4,2,12,6,7,1245950.0,1236966.0,0.0072629320450198305,0.1,0.07277556440903066,0,0.2,0.14285714285714285,0.2857142857142857,0.14285714285714285,0.44297791580400275,0.5484604711449798,0.105482555340977,0.41378662695868945,0.5117396519174608,0.0979530249587714,0.0,0.16666666666666666,0.16666666666666666,0.29516908212560383,0.47320388300247634,0.1780348008768725,0.2513012777421653,0.4303629272370377,0.17906164949487235,0.14285714285714285,0.16666666666666666,0.023809523809523808,0.44297791580400275,0.47320388300247634,0.03022596719847359,0.41378662695868945,0.4303629272370377,0.01657630027834822,0.14285714285714285,0.16666666666666666,0.023809523809523808,0.44297791580400275,0.47320388300247634,0.03022596719847359,0.41378662695868945,0.4303629272370377,0.01657630027834822
4,2,12,6,7,1245950.0,1236966.0,0.0072629320450198305,0.1,0.07277556440903066,0,0.4,0.2857142857142857,0.2857142857142857,0.0,0.6710292812777284,0.7041049028306975,0.03307562155296906,0.6367266990402134,0.6498552014590968,0.013128502418883414,0.0,0.16666666666666666,0.16666666666666666,0.5394409937888198,0.6547890533024804,0.11534805951366056,0.4914173786562987,0.591497735035613,0.10008035637931428,0.2857142857142857,0.16666666666666666,0.11904761904761904,0.6710292812777284,0.6547890533024804,0.016240227975248045,0.6367266990402134,0.591497735035613,0.045228964004600414,0.2857142857142857,0.16666666666666666,0.11904761904761904,0.6710292812777284,0.6547890533024804,0.016240227975248045,0.6367266990402134,0.591497735035613,0.045228964004600414
4,2,14,7,7,1245950.0,1254971.0,0.007240258437336972,0.08,0.06188579017264286,0,0.05,0.0,0.14285714285714285,0.14285714285714285,0.20349009168884943,0.3068225089719042,0.10333241728305478,0.16928798951645577,0.25704302532630857,0.0877550358098528,0.0,0.0,0.0,0.09202898550724639,0.19129292713388824,0.09926394162664184,0.07369926375441059,0.13321686288069332,0.059517599126282725,0.0,0.0,0.0,0.20349009168884943,0.19129292713388824,0.012197164554961198,0.16928798951645577,0.13321686288069332,0.03607112663576245,0.0,0.0,0.0,0.20349009168884943,0.19129292713388824,0.012197164554961198,0.16928798951645577,0.13321686288069332,0.03607112663576245
4,2,14,7,7,1245950.0,1254971.0,0.007240258437336972,0.08,0.06188579017264286,0,0.1,0.0,0.14285714285714285,0.14285714285714285,0.34320467317361725,0.4015727775003682,0.058368104326750936,0.30468017156485444,0.347156201055317,0.042476029490462586,0.0,0.0,0.0,0.18405797101449275,0.3018349070837629,0.11777693606927017,0.15173851470060018,0.23834890123120323,0.08661038653060305,0.0,0.0,0.0,0.34320467317361725,0.3018349070837629,0.04136976608985432,0.30468017156485444,0.23834890123120323,0.06633127033365122,0.0,0.0,0.0,0.34320467317361725,0.3018349070837629,0.04136976608985432,0.30468017156485444,0.23834890123120323,0.06633127033365122
4,2,14,7,7,1245950.0,1254971.0,0.007240258437336972,0.08,0.06188579017264286,0,0.2,0.14285714285714285,0.2857142857142857,0.14285714285714285,0.44297791580400275,0.5375286490234185,0.0945507332194157,0.41378662695868945,0.48923619717388167,0.07544957021519222,0.0,0.16666666666666666,0.16666666666666666,0.29516908212560383,0.4604500905273216,0.16528100840171778,0.2513012777421653,0.40410889670286193,0.1528076189606966,0.14285714285714285,0.16666666666666666,0.023809523809523808,0.44297791580400275,0.4604500905273216,0.017472174723318856,0.41378662695868945,0.40410889670286193,0.009677730255827521,0.14285714285714285,0.16666666666666666,0.023809523809523808,0.44297791580400275,0.4604500905273216,0.017472174723318856,0.41378662695868945,0.40410889670286193,0.009677730255827521
4,2,14,7,7,1245950.0,1254971.0,0.007240258437336972,0.08,0.06188579017264286,0,0.4,0.2857142857142857,0.2857142857142857,0.0,0.6710292812777284,0.6786307024129842,0.007601421135255748,0.6367266990402134,0.6110873884072682,0.025639310632945223,0.0,0.16666666666666666,0.16666666666666666,0.5394409937888198,0.6250691528151483,0.08562815902632848,0.4914173786562987,0.5462686198084795,0.05485124115218082,0.2857142857142857,0.16666666666666666,0.11904761904761904,0.6710292812777284,0.6250691528151483,0.04596012846258013,0.6367266990402134,0.5462686198084795,0.09045807923173388,0.2857142857142857,0.16666666666666666,0.11904761904761904,0.6710292812777284,0.6250691528151483,0.04596012846258013,0.6367266990402134,0.5462686198084795,0.09045807923173388
4,2,16,8,7,1245950.0,1239020.0,0.005593130054397831,0.1,0.08366533864541847,0,0.05,0.0,0.0,0.0,0.20349009168884943,0.3041290429215164,0.10063895123266695,0.16928798951645577,0.26612951940625534,0.09684152988979958,0.0,0.0,0.0,0.09202898550724639,0.1543520886615516,0.0623231031543052,0.07369926375441059,0.1078725893046798,0.03417332555026921,0.0,0.0,0.0,0.20349009168884943,0.1543520886615516,0.049138003027297844,0.16928798951645577,0.1078725893046798,0.06141540021177597,0.0,0.0,0.0,0.20349009168884943,0.1543520886615516,0.049138003027297844,0.16928798951645577,0.1078725893046798,0.06141540021177597
4,2,16,8,7,1245950.0,1239020.0,0.005593130054397831,0.1,0.08366533864541847,0,0.1,0.0,0.2857142857142857,0.2857142857142857,0.34320467317361725,0.4507276823772987,0.10752300920368146,0.30468017156485444,0.40906622727337083,0.10438605570851639,0.0,0.0,0.0,0.18405797101449275,0.23101875532821822,0.04696078431372547,0.15173851470060018,0.17269271818271922,0.020954203482119044,0.0,0.0,0.0,0.34320467317361725,0.23101875532821822,0.11218591784539902,0.30468017156485444,0.17269271818271922,0.13198745338213522,0.0,0.0,0.0,0.34320467317361725,0.23101875532821822,0.11218591784539902,0.30468017156485444,0.17269271818271922,0.13198745338213522
4,2,16,8,7,1245950.0,1239020.0,0.005593130054397831,0.1,0.08366533864541847,0,0.2,0.14285714285714285,0.2857142857142857,0.14285714285714285,0.44297791580400275,0.5459094507368164,0.10293153493281365,0.41378662695868945,0.4975592189587562,0.08377259200006676,0.0,0.0,0.0,0.29516908212560383,0.3642732310315431,0.06910414890593924,0.2513012777421653,0.2965829065422586,0.04528162880009329,0.14285714285714285,0.0,0.14285714285714285,0.44297791580400275,0.3642732310315431,0.07870468477245968,0.41378662695868945,0.2965829065422586,0.11720372041643085,0.14285714285714285,0.0,0.14285714285714285,0.44297791580400275,0.3642732310315431,0.07870468477245968,0.41378662695868945,0.2965829065422586,0.11720372041643085
4,2,16,8,7,1245950.0,1239020.0,0.005593130054397831,0.1,0.08366533864541847,0,0.4,0.2857142857142857,0.2857142857142857,0.0,0.6710292812777284,0.6631485202776763,0.007880761000052083,0.6367266990402134,0.6112171867334701,0.025509512306743254,0.0,0.0,0.0,0.5394409937888198,0.5284079283887468,0.011033065400072983,0.4914173786562987,0.455704061426858,0.03571331722944071,0.2857142857142857,0.0,0.2857142857142857,0.6710292812777284,0.5284079283887468,0.1426213528889816,0.6367266990402134,0.455704061426858,0.1810226376133554,0.2857142857142857,0.0,0.2857142857142857,0.6710292812777284,0.5284079283887468,0.1426213528889816,0.6367266990402134,0.455704061426858,0.1810226376133554
4,2,18,9,7,1245950.0,1247055.0,0.0008868734700429391,0.06,0.05922974767596274,0,0.05,0.0,0.0,0.0,0.20349009168884943,0.1695238095238095,0.03396628216503994,0.16928798951645577,0.13247154038291487,0.0368164491335409,0.0,0.0,0.0,0.09202898550724639,0.07066666666666667,0.021362318840579722,0.07369926375441059,0.04048454292709241,0.03321472082731818,0.0,0.0,0.0,0.20349009168884943,0.07066666666666667,0.13282342502218275,0.16928798951645577,0.04048454292709241,0.12880344658936335,0.0,0.0,0.0,0.20349009168884943,0.07066666666666667,0.13282342502218275,0.16928798951645577,0.04048454292709241,0.12880344658936335
4,2,18,9,7,1245950.0,1247055.0,0.0008868734700429391,0.06,0.05922974767596274,0,0.1,0.0,0.0,0.0,0.34320467317361725,0.23079365079365077,0.11241102237996647,0.30468017156485444,0.1894732566751293,0.11520691488972515,0.0,0.0,0.0,0.18405797101449275,0.1231111111111111,0.06094685990338165,0.15173851470060018,0.07994474641940644,0.07179376828119374,0.0,0.0,0.0,0.34320467317361725,0.1231111111111111,0.22009356206250613,0.30468017156485444,0.07994474641940644,0.224735425145448,0.0,0.0,0.0,0.34320467317361725,0.1231111111111111,0.22009356206250613,0.30468017156485444,0.07994474641940644,0.224735425145448
4,2,18,9,7,1245950.0,1247055.0,0.0008868734700429391,0.06,0.05922974767596274,0,0.2,0.14285714285714285,0.14285714285714285,0.0,0.44297791580400275,0.3696825396825397,0.07329537612146303,0.41378662695868945,0.3483044457082734,0.06548218125041605,0.0,0.0,0.0,0.29516908212560383,0.21755555555555556,0.07761352657004827,0.2513012777421653,0.18239746582164798,0.06890381192051734,0.14285714285714285,0.0,0.14285714285714285,0.44297791580400275,0.21755555555555556,0.2254223602484472,0.41378662695868945,0.18239746582164798,0.23138916113704147,0.14285714285714285,0.0,0.14285714285714285,0.44297791580400275,0.21755555555555556,0.2254223602484472,0.41378662695868945,0.18239746582164798,0.23138916113704147
4,2,18,9,7,1245950.0,1247055.0,0.0008868734700429391,0.06,0.05922974767596274,0,0.4,0.2857142857142857,0.14285714285714285,0.14285714285714285,0.6710292812777284,0.566984126984127,0.1040451542936014,0.6367266990402134,0.5326727809092908,0.10405391813092257,0.0,0.0,0.0,0.5394409937888198,0.4271111111111111,0.11232988267770871,0.4914173786562987,0.36959810242333396,0.12181927623296473,0.2857142857142857,0.0,0.2857142857142857,0.6710292812777284,0.4271111111111111,0.24391817016661732,0.6367266990402134,0.36959810242333396,0.26712859661687943,0.2857142857142857,0.0,0.2857142857142857,0.6710292812777284,0.4271111111111111,0.24391817016661732,0.6367266990402134,0.36959810242333396,0.26712859661687943
4,2,20,10,7,1245950.0,1249913.0,0.0031807054857739075,0.06,0.09216467463479418,0,0.05,0.0,0.14285714285714285,0.14285714285714285,0.20349009168884943,0.33440499945797714,0.1309149077691277,0.16928798951645577,0.3010360875363176,0.13174809801986184,0.0,0.0,0.0,0.09202898550724639,0.1253098563840252,0.033280870876778806,0.07369926375441059,0.08811718921751129,0.014417925463100695,0.0,0.0,0.0,0.20349009168884943,0.1253098563840252,0.07818023530482424,0.16928798951645577,0.08811718921751129,0.08117080029894448,0.0,0.0,0.0,0.20349009168884943,0.1253098563840252,0.07818023530482424,0.16928798951645577,0.08811718921751129,0.08117080029894448
4,2,20,10,7,1245950.0,1249913.0,0.0031807054857739075,0.06,0.09216467463479418,0,0.1,0.0,0.2857142857142857,0.2857142857142857,0.34320467317361725,0.42609960372108713,0.08289493054746988,0.30468017156485444,0.3928143541846994,0.08813418261984496,0.0,0.0,0.0,0.18405797101449275,0.19653944520952193,0.01248147419502918,0.15173851470060018,0.14994009585857912,0.00179841884202106,0.0,0.0,0.0,0.34320467317361725,0.19653944520952193,0.1466652279640953,0.30468017156485444,0.14994009585857912,0.15474007570627532,0.0,0.0,0.0,0.34320467317361725,0.19653944520952193,0.1466652279640953,0.30468017156485444,0.14994009585857912,0.15474007570627532
4,2,20,10,7,1245950.0,1249913.0,0.0031807054857739075,0.06,0.09216467463479418,0,0.2,0.14285714285714285,0.2857142857142857,0.14285714285714285,0.44297791580400275,0.5080703184283747,0.06509240262437194,0.41378662695868945,0.4474958245762248,0.033709197617535325,0.0,0.0,0.0,0.29516908212560383,0.31129844579972454,0.01612936367412071,0.2513012777421653,0.22649415440671467,0.024807123335450654,0.14285714285714285,0.0,0.14285714285714285,0.44297791580400275,0.31129844579972454,0.1316794700042782,0.41378662695868945,0.22649415440671467,0.1872924725519748,0.14285714285714285,0.0,0.14285714285714285,0.44297791580400275,0.31129844579972454,0.1316794700042782,0.41378662695868945,0.22649415440671467,0.1872924725519748
4,2,20,10,7,1245950.0,1249913.0,0.0031807054857739075,0.06,0.09216467463479418,0,0.4,0.2857142857142857,0.2857142857142857,0.0,0.6710292812777284,0.6210082026121485,0.05002107866557992,0.6367266990402134,0.5772111809886449,0.05951551805156852,0.0,0.0,0.0,0.5394409937888198,0.4694114836570079,0.07002951013181191,0.4914173786562987,0.40809565338410286,0.08332172527219583,0.2857142857142857,0.0,0.2857142857142857,0.6710292812777284,0.4694114836570079,0.20161779762072052,0.6367266990402134,0.40809565338410286,0.22863104565611053,0.2857142857142857,0.0,0.2857142857142857,0.6710292812777284,0.4694114836570079,0.20161779762072052,0.6367266990402134,0.40809565338410286,0.22863104565611053
4,2,22,11,7,1245950.0,1240913.0,0.0040591080921869626,0.04,0.06852589641434267,0,0.05,0.0,0.0,0.0,0.20349009168884943,0.21421771607193602,0.010727624383086581,0.16928798951645577,0.1570493160788305,0.012238673437625275,0.0,0.0,0.0,0.09202898550724639,0.05823813583404376,0.03379084967320263,0.07369926375441059,0.023959829955086092,0.049739433799324495,0.0,0.0,0.0,0.20349009168884943,0.05823813583404376,0.14525195585480566,0.16928798951645577,0.023959829955086092,0.14532815956136969,0.0,0.0,0.0,0.20349009168884943,0.05823813583404376,0.14525195585480566,0.16928798951645577,0.023959829955086092,0.14532815956136969
4,2,22,11,7,1245950.0,1240913.0,0.0040591080921869626,0.04,0.06852589641434267,0,0.1,0.0,0.14285714285714285,0.14285714285714285,0.34320467317361725,0.3554895871392035,0.01228491396558623,0.30468017156485444,0.3148167550003292,0.010136583435474744,0.0,0.0,0.0,0.18405797101449275,0.17268542199488493,0.011372549019607825,0.15173851470060018,0.14059078524473562,0.011147729455864563,0.0,0.0,0.0,0.34320467317361725,0.17268542199488493,0.17051925117873232,0.30468017156485444,0.14059078524473562,0.16408938632011882,0.0,0.0,0.0,0.34320467317361725,0.17268542199488493,0.17051925117873232,0.30468017156485444,0.14059078524473562,0.16408938632011882
4,2,22,11,7,1245950.0,1240913.0,0.0040591080921869626,0.04,0.06852589641434267,0,0.2,0.14285714285714285,0.2857142857142857,0.14285714285714285,0.44297791580400275,0.4950554134697357,0.05207749766573294,0.41378662695868945,0.4721655009233193,0.058378873964629874,0.0,0.0,0.0,0.29516908212560383,0.29307757885763,0.00209150326797386,0.2513012777421653,0.261031701292647,0.009730423550481704,0.14285714285714285,0.0,0.14285714285714285,0.44297791580400275,0.29307757885763,0.14990033694637278,0.41378662695868945,0.261031701292647,0.15275492566604243,0.14285714285714285,0.0,0.14285714285714285,0.44297791580400275,0.29307757885763,0.14990033694637278,0.41378662695868945,0.261031701292647,0.15275492566604243
4,2,22,11,7,1245950.0,1240913.0,0.0040591080921869626,0.04,0.06852589641434267,0,0.4,0.2857142857142857,0.2857142857142857,0.0,0.6710292812777284,0.6232327490639511,0.04779653221377733,0.6367266990402134,0.5675919502035075,0.0691347488367059,0.0,0.0,0.0,0.5394409937888198,0.4725258486895316,0.0669151450992882,0.4914173786562987,0.3946287302849104,0.09678864837138829,0.2857142857142857,0.0,0.2857142857142857,0.6710292812777284,0.4725258486895316,0.1985034325881968,0.6367266990402134,0.3946287302849104,0.24209796875530298,0.2857142857142857,0.0,0.2857142857142857,0.6710292812777284,0.4725258486895316,0.1985034325881968,0.6367266990402134,0.3946287302849104,0.24209796875530298
4,2,24,12,7,1245950.0,1261586.0,0.012549460251213933,0.06,0.04223107569721112,0,0.05,0.0,0.0,0.0,0.20349009168884943,0.24473308011228903,0.0412429884234396,0.16928798951645577,0.17021920508419347,0.0009312155677377032,0.0,0.0,0.0,0.09202898550724639,0.1369120264429189,0.0448830409356725,0.07369926375441059,0.06175214589570027,0.011947117858710318,0.0,0.0,0.0,0.20349009168884943,0.2140933553690991,0.010603263680249664,0.16928798951645577,0.12749902520486073,0.04178896431159504,0.0,0.0,0.0,0.20349009168884943,0.2140933553690991,0.010603263680249664,0.16928798951645577,0.12749902520486073,0.04178896431159504
4,2,24,12,7,1245950.0,1261586.0,0.012549460251213933,0.06,0.04223107569721112,0,0.1,0.0,0.0,0.0,0.34320467317361725,0.2943265254232891,0.04887814775032817,0.30468017156485444,0.2175496056390654,0.08713056592578905,0.0,0.0,0.0,0.18405797101449275,0.17777142130689044,0.0062865497076023125,0.15173851470060018,0.1049499357404515,0.04678857896014868,0.0,0.0,0.0,0.34320467317361725,0.24814285108907538,0.09506182208454186,0.30468017156485444,0.1634971834088201,0.14118298815603433,0.0,0.0,0.0,0.34320467317361725,0.24814285108907538,0.09506182208454186,0.30468017156485444,0.1634971834088201,0.14118298815603433
4,2,24,12,7,1245950.0,1261586.0,0.012549460251213933,0.06,0.04223107569721112,0,0.2,0.14285714285714285,0.14285714285714285,0.0,0.44297791580400275,0.44602123839619756,0.003043322592194808,0.41378662695868945,0.3807026506516532,0.033083976307036245,0.0,0.0,0.0,0.29516908212560383,0.2815725908975336,0.013596491228070218,0.2513012777421653,0.20818118326618476,0.04312009447598056,0.14285714285714285,0.16666666666666666,0.023809523809523808,0.44297791580400275,0.4013104924146114,0.041667423389391334,0.41378662695868945,0.340150986055154,0.07363564090353547,0.14285714285714285,0.16666666666666666,0.023809523809523808,0.44297791580400275,0.4013104924146114,0.041667423389391334,0.41378662695868945,0.340150986055154,0.07363564090353547
4,2,24,12,7,1245950.0,1261586.0,0.012549460251213933,0.06,0.04223107569721112,0,0.4,0.2857142857142857,0.2857142857142857,0.0,0.6710292812777284,0.6322940503432495,0.03873523093447895,0.6367266990402134,0.5736923221914199,0.06303437684879354,0.0,0.0,0.0,0.5394409937888198,0.4852116704805492,0.05422932330827063,0.4914173786562987,0.40316925106798784,0.08824812758831085,0.2857142857142857,0.16666666666666666,0.11904761904761904,0.6710292812777284,0.5710097254004577,0.10001955587727074,0.6367266990402134,0.5026410425566565,0.13408565648355686,0.2857142857142857,0.16666666666666666,0.11904761904761904,0.6710292812777284,0.5710097254004577,0.10001955587727074,0.6367266990402134,0.5026410425566565,0.13408565648355686
4,2,26,13,7,1245950.0,1251866.0,0.004748184116537582,0.1,0.04780876494023893,0,0.05,0.0,0.0,0.0,0.20349009168884943,0.1910504781622794,0.012439613526570026,0.16928798951645577,0.14453492693156825,0.02475306258488752,0.0,0.0,0.0,0.09202898550724639,0.10747066942719115,0.015441683919944757,0.07369926375441059,0.05332786669654591,0.020371397057864678,0.0,0.0,0.0,0.20349009168884943,0.18955889118932598,0.013931200499523455,0.16928798951645577,0.12909948219407116,0.0401885073223846,0.0,0.0,0.0,0.20349009168884943,0.18955889118932598,0.013931200499523455,0.16928798951645577,0.12909948219407116,0.0401885073223846
4,2,26,13,7,1245950.0,1251866.0,0.004748184116537582,0.1,0.04780876494023893,0,0.1,0.0,0.0,0.0,0.34320467317361725,0.2968268237882491,0.04637784938536815,0.30468017156485444,0.23778113844146698,0.06689903312338746,0.0,0.0,0.0,0.18405797101449275,0.17555755330354872,0.008500417710944036,0.15173851470060018,0.12019097077060317,0.03154754392999701,0.0,0.0,0.0,0.34320467317361725,0.24629796108629062,0.09690671208732662,0.30468017156485444,0.18481873558911888,0.11986143597573556,0.0,0.0,0.0,0.34320467317361725,0.24629796108629062,0.09690671208732662,0.30468017156485444,0.18481873558911888,0.11986143597573556
4,2,26,13,7,1245950.0,1251866.0,0.004748184116537582,0.1,0.04780876494023893,0,0.2,0.14285714285714285,0.14285714285714285,0.0,0.44297791580400275,0.42276589506893536,0.020212020735067393,0.41378662695868945,0.3866463274961372,0.027140299462552253,0.0,0.0,0.0,0.29516908212560383,0.23187225309650938,0.06329682902909445,0.2513012777421653,0.1860809778975771,0.06522029984458821,0.14285714285714285,0.16666666666666666,0.023809523809523808,0.44297791580400275,0.3598935442470912,0.08308437155691156,0.41378662695868945,0.3217341482479809,0.09205247871070854,0.14285714285714285,0.16666666666666666,0.023809523809523808,0.44297791580400275,0.3598935442470912,0.08308437155691156,0.41378662695868945,0.3217341482479809,0.09205247871070854
4,2,26,13,7,1245950.0,1251866.0,0.004748184116537582,0.1,0.04780876494023893,0,0.4,0.2857142857142857,0.2857142857142857,0.0,0.6710292812777284,0.6125549380698122,0.058474343207916224,0.6367266990402134,0.5683847348384609,0.06834196420175254,0.0,0.0,0.0,0.5394409937888198,0.4575769132977371,0.08186408049108274,0.4914173786562987,0.39573862877384497,0.09567874988245373,0.2857142857142857,0.16666666666666666,0.11904761904761904,0.6710292812777284,0.5479807610814477,0.12304852019628076,0.6367266990402134,0.4964488573115375,0.1402778417286759,0.2857142857142857,0.16666666666666666,0.11904761904761904,0.6710292812777284,0.5479807610814477,0.12304852019628076,0.6367266990402134,0.4964488573115375,0.1402778417286759
4,2,28,14,7,1245950.0,1244175.0,0.001426648180521229,0.14,0.06958831341301462,0,0.05,0.0,0.0,0.0,0.20349009168884943,0.26122448979591834,0.0577343981070689,0.16928798951645577,0.2100630221129912,0.04077503259653542,0.0,0.0,0.0,0.09202898550724639,0.1658730158730159,0.0738440303657695,0.07369926375441059,0.12125605223143356,0.047556788477022965,0.0,0.0,0.0,0.20349009168884943,0.1658730158730159,0.03761707581583354,0.16928798951645577,0.12125605223143356,0.04803193728502221,0.0,0.0,0.0,0.20349009168884943,0.1658730158730159,0.03761707581583354,0.16928798951645577,0.12125605223143356,0.04803193728502221
4,2,28,14,7,1245950.0,1244175.0,0.001426648180521229,0.14,0.06958831341301462,0,0.1,0.0,0.14285714285714285,0.14285714285714285,0.34320467317361725,0.42176870748299317,0.07856403430937592,0.30468017156485444,0.3817466584346825,0.07706648686982803,0.0,0.0,0.0,0.18405797101449275,0.3253968253968254,0.14133885438233265,0.15173851470060018,0.278704434840463,0.1269659201398628,0.0,0.0,0.0,0.34320467317361725,0.3253968253968254,0.01780784777679184,0.30468017156485444,0.278704434840463,0.025975736724391463,0.0,0.0,0.0,0.34320467317361725,0.3253968253968254,0.01780784777679184,0.30468017156485444,0.278704434840463,0.025975736724391463
4,2,28,14,7,1245950.0,1244175.0,0.001426648180521229,0.14,0.06958831341301462,0,0.2,0.14285714285714285,0.14285714285714285,0.0,0.44297791580400275,0.5608843537414966,0.11790643793749384,0.41378662695868945,0.512041625463797,0.0982549985051075,0.0,0.0,0.0,0.29516908212560383,0.48769841269841274,0.1925293305728089,0.2513012777421653,0.43071522970776316,0.17941395196559784,0.14285714285714285,0.0,0.14285714285714285,0.44297791580400275,0.48769841269841274,0.04472049689440999,0.41378662695868945,0.43071522970776316,0.016928602749073707,0.14285714285714285,0.0,0.14285714285714285,0.44297791580400275,0.48769841269841274,0.04472049689440999,0.41378662695868945,0.43071522970776316,0.016928602749073707
4,2,28,14,7,1245950.0,1244175.0,0.001426648180521229,0.14,0.06958831341301462,0,0.4,0.2857142857142857,0.2857142857142857,0.0,0.6710292812777284,0.7291208791208791,0.058091597843150655,0.6367266990402134,0.6692697687766197,0.032543069736406305,0.0,0.16666666666666666,0.16666666666666666,0.5394409937888198,0.6839743589743589,0.14453336518553905,0.4914173786562987,0.6141480635727229,0.1227306849164242,0.2857142857142857,0.16666666666666666,0.11904761904761904,0.6710292812777284,0.6839743589743589,0.012945077696630447,0.6367266990402134,0.6141480635727229,0.022578635467490504,0.2857142857142857,0.16666666666666666,0.11904761904761904,0.6710292812777284,0.6839743589743589,0.012945077696630447,0.6367266990402134,0.6141480635727229,0.022578635467490504
4,2,30,15,7,1245950.0,1249358.0,0.002735262249688992,0.06,0.04913678618857893,0,0.05,0.0,0.0,0.0,0.20349009168884943,0.2510170734960651,0.04752698180721568,0.16928798951645577,0.2286107924347721,0.05932280291831632,0.0,0.0,0.0,0.09202898550724639,0.18634453781512605,0.09431555230787966,0.07369926375441059,0.1468992381566004,0.0731999744021898,0.0,0.0,0.0,0.20349009168884943,0.2510170734960651,0.04752698180721568,0.16928798951645577,0.2286107924347721,0.05932280291831632,0.0,0.0,0.0,0.20349009168884943,0.2510170734960651,0.04752698180721568,0.16928798951645577,0.2286107924347721,0.05932280291831632
4,2,30,15,7,1245950.0,1249358.0,0.002735262249688992,0.06,0.04913678618857893,0,0.1,0.0,0.14285714285714285,0.14285714285714285,0.34320467317361725,0.41696751164233803,0.07376283846872078,0.30468017156485444,0.37429022335789913,0.06961005179304469,0.0,0.0,0.0,0.18405797101449275,0.2726434051881622,0.08858543417366946,0.15173851470060018,0.21632996415334102,0.06459144945274084,0.0,0.14285714285714285,0.14285714285714285,0.34320467317361725,0.41696751164233803,0.07376283846872078,0.30468017156485444,0.37429022335789913,0.06961005179304469,0.0,0.14285714285714285,0.14285714285714285,0.34320467317361725,0.41696751164233803,0.07376283846872078,0.30468017156485444,0.37429022335789913,0.06961005179304469
4,2,30,15,7,1245950.0,1249358.0,0.002735262249688992,0.06,0.04913678618857893,0,0.2,0.14285714285714285,0.14285714285714285,0.0,0.44297791580400275,0.5603933602426477,0.11741544443864499,0.41378662695868945,0.5259105677046857,0.11212394074599624,0.0,0.0,0.0,0.29516908212560383,0.4067729265619291,0.11160384443632526,0.2513012777421653,0.36739512673676733,0.11609384899460201,0.14285714285714285,0.14285714285714285,0.0,0.44297791580400275,0.5603933602426477,0.11741544443864499,0.41378662695868945,0.5259105677046857,0.11212394074599624,0.14285714285714285,0.14285714285714285,0.0,0.44297791580400275,0.5603933602426477,0.11741544443864499,0.41378662695868945,0.5259105677046857,0.11212394074599624
4,2,30,15,7,1245950.0,1249358.0,0.002735262249688992,0.06,0.04913678618857893,0,0.4,0.2857142857142857,0.42857142857142855,0.14285714285714285,0.6710292812777284,0.6793086799937367,0.008279398716008246,0.6367266990402134,0.6537509342583513,0.017024235218137895,0.0,0.2,0.2,0.5394409937888198,0.5510321519912313,0.011591158202411522,0.4914173786562987,0.5152513079616918,0.02383392930539313,0.2857142857142857,0.42857142857142855,0.14285714285714285,0.6710292812777284,0.6793086799937367,0.008279398716008246,0.6367266990402134,0.6537509342583513,0.017024235218137895,0.2857142857142857,0.42857142857142855,0.14285714285714285,0.6710292812777284,0.6793086799937367,0.008279398716008246,0.6367266990402134,0.6537509342583513,0.017024235218137895
4,2,32,16,7,1245950.0,1244383.0,0.0012592586044650241,0.04,0.06480743691899069,0,0.05,0.0,0.0,0.0,0.20349009168884943,0.15598442275460908,0.04750566893424035,0.16928798951645577,0.10298641414709411,0.06630157536936165,0.0,0.0,0.0,0.09202898550724639,0.08980676328502415,0.0022222222222222365,0.07369926375441059,0.07043405562740361,0.00326520812700698,0.0,0.0,0.0,0.20349009168884943,0.08980676328502415,0.11368332840382528,0.16928798951645577,0.07043405562740361,0.09885393388905216,0.0,0.0,0.0,0.20349009168884943,0.08980676328502415,0.11368332840382528,0.16928798951645577,0.07043405562740361,0.09885393388905216
4,2,32,16,7,1245950.0,1244383.0,0.0012592586044650241,0.04,0.06480743691899069,0,0.1,0.0,0.0,0.0,0.34320467317361725,0.26809129448881003,0.07511337868480722,0.30468017156485444,0.19360626694676794,0.1110739046180865,0.0,0.0,0.0,0.18405797101449275,0.15628019323671496,0.02777777777777779,0.15173851470060018,0.10640891846380943,0.04532959623679075,0.0,0.0,0.0,0.34320467317361725,0.15628019323671496,0.18692447993690228,0.30468017156485444,0.10640891846380943,0.19827125310104501,0.0,0.0,0.0,0.34320467317361725,0.15628019323671496,0.18692447993690228,0.30468017156485444,0.10640891846380943,0.19827125310104501
4,2,32,16,7,1245950.0,1244383.0,0.0012592586044650241,0.04,0.06480743691899069,0,0.2,0.14285714285714285,0.14285714285714285,0.0,0.44297791580400275,0.3601547865523021,0.08282312925170066,0.41378662695868945,0.31215424873584746,0.10163237822284199,0.0,0.0,0.0,0.29516908212560383,0.21850241545893717,0.07666666666666666,0.2513012777421653,0.15170789135814855,0.09959338638401677,0.14285714285714285,0.0,0.14285714285714285,0.44297791580400275,0.21850241545893717,0.22447550034506558,0.41378662695868945,0.15170789135814855,0.2620787356005409,0.14285714285714285,0.0,0.14285714285714285,0.44297791580400275,0.21850241545893717,0.22447550034506558,0.41378662695868945,0.15170789135814855,0.2620787356005409
4,2,32,16,7,1245950.0,1244383.0,0.0012592586044650241,0.04,0.06480743691899069,0,0.4,0.2857142857142857,0.14285714285714285,0.14285714285714285,0.6710292812777284,0.5086315685694568,0.16239771270827164,0.6367266990402134,0.49182462696238755,0.14490207207782585,0.0,0.0,0.0,0.5394409937888198,0.36922705314009663,0.1702139406487232,0.4914173786562987,0.33752762150721616,0.15388975714908254,0.2857142857142857,0.0,0.2857142857142857,0.6710292812777284,0.36922705314009663,0.3018022281376318,0.6367266990402134,0.33752762150721616,0.29919907753299724,0.2857142857142857,0.0,0.2857142857142857,0.6710292812777284,0.36922705314009663,0.3018022281376318,0.6367266990402134,0.33752762150721616,0.29919907753299724
4,2,34,17,7,1245950.0,1248876.0,0.0023484088446566877,0.06,0.07516600265604238,0,0.05,0.0,0.0,0.0,0.20349009168884943,0.14531306621532183,0.0581770254735276,0.16928798951645577,0.12772046049300237,0.0415675290234534,0.0,0.0,0.0,0.09202898550724639,0.05581924508240297,0.03620974042484342,0.07369926375441059,0.03722847202554136,0.03647079172886923,0.0,0.0,0.0,0.20349009168884943,0.05581924508240297,0.14767084660644647,0.16928798951645577,0.03722847202554136,0.1320595174909144,0.0,0.0,0.0,0.20349009168884943,0.05581924508240297,0.14767084660644647,0.16928798951645577,0.03722847202554136,0.1320595174909144
4,2,34,17,7,1245950.0,1248876.0,0.0023484088446566877,0.06,0.07516600265604238,0,0.1,0.0,0.0,0.0,0.34320467317361725,0.27845284206186466,0.06475183111175259,0.30468017156485444,0.2797967972989716,0.02488337426588283,0.0,0.0,0.0,0.18405797101449275,0.1469768360294676,0.03708113498502516,0.15173851470060018,0.14713311249365965,0.004605402206940529,0.0,0.0,0.0,0.34320467317361725,0.1469768360294676,0.19622783714414965,0.30468017156485444,0.14713311249365965,0.1575470590711948,0.0,0.0,0.0,0.34320467317361725,0.1469768360294676,0.19622783714414965,0.30468017156485444,0.14713311249365965,0.1575470590711948
4,2,34,17,7,1245950.0,1248876.0,0.0023484088446566877,0.06,0.07516600265604238,0,0.2,0.14285714285714285,0.14285714285714285,0.0,0.44297791580400275,0.4905922815697252,0.04761436576572242,0.41378662695868945,0.4364429876620713,0.02265636070338184,0.0,0.0,0.0,0.29516908212560383,0.32016252753094854,0.024993445405344705,0.2513012777421653,0.25096101112926655,0.00034026661289876525,0.14285714285714285,0.0,0.14285714285714285,0.44297791580400275,0.32016252753094854,0.12281538827305422,0.41378662695868945,0.25096101112926655,0.1628256158294229,0.14285714285714285,0.0,0.14285714285714285,0.44297791580400275,0.32016252753094854,0.12281538827305422,0.41378662695868945,0.25096101112926655,0.1628256158294229
4,2,34,17,7,1245950.0,1248876.0,0.0023484088446566877,0.06,0.07516600265604238,0,0.4,0.2857142857142857,0.2857142857142857,0.0,0.6710292812777284,0.6200106326422116,0.05101864863551686,0.6367266990402134,0.570943451262581,0.06578324777763245,0.0,0.0,0.0,0.5394409937888198,0.4680148856990963,0.07142610808972355,0.4914173786562987,0.39932083176761335,0.09209654688868535,0.2857142857142857,0.0,0.2857142857142857,0.6710292812777284,0.4680148856990963,0.20301439557863216,0.6367266990402134,0.39932083176761335,0.23740586727260005,0.2857142857142857,0.0,0.2857142857142857,0.6710292812777284,0.4680148856990963,0.20301439557863216,0.6367266990402134,0.39932083176761335,0.23740586727260005
4,2,36,18,7,1245950.0,1244191.0,0.0014137700722798993,0.02,0.03373173970783544,0,0.05,0.0,0.14285714285714285,0.14285714285714285,0.20349009168884943,0.24033816425120774,0.03684807256235831,0.16928798951645577,0.22052798593664075,0.05123999642018498,0.0,0.0,0.0,0.09202898550724639,0.09202898550724638,1.3877787807814457e-17,0.07369926375441059,0.07265557195046093,0.0010436918039496562,0.0,0.0,0.0,0.20349009168884943,0.11372785829307568,0.08976223339577376,0.16928798951645577,0.09061598359274751,0.07867200592370825,0.0,0.0,0.0,0.20349009168884943,0.11372785829307568,0.08976223339577376,0.16928798951645577,0.09061598359274751,0.07867200592370825
4,2,36,18,7,1245950.0,1244191.0,0.0014137700722798993,0.02,0.03373173970783544,0,0.1,0.0,0.14285714285714285,0.14285714285714285,0.34320467317361725,0.3219461697722567,0.02125850340136054,0.30468017156485444,0.2895204008467262,0.01515977071812824,0.0,0.0,0.0,0.18405797101449275,0.16183574879227053,0.022222222222222227,0.15173851470060018,0.1087389022195201,0.042999612481080085,0.0,0.0,0.0,0.34320467317361725,0.20893719806763286,0.13426747510598439,0.30468017156485444,0.1711071343211806,0.13357303724367384,0.0,0.0,0.0,0.34320467317361725,0.20893719806763286,0.13426747510598439,0.30468017156485444,0.1711071343211806,0.13357303724367384
4,2,36,18,7,1245950.0,1244191.0,0.0014137700722798993,0.02,0.03373173970783544,0,0.2,0.14285714285714285,0.14285714285714285,0.0,0.44297791580400275,0.42908902691511386,0.013888888888888895,0.41378662695868945,0.3755464001056278,0.038240226853061665,0.0,0.0,0.0,0.29516908212560383,0.2896135265700483,0.005555555555555536,0.2513012777421653,0.20519290294215833,0.046108374800006985,0.14285714285714285,0.0,0.14285714285714285,0.44297791580400275,0.33393719806763283,0.10904071773636992,0.41378662695868945,0.27147080012323244,0.14231582683545702,0.14285714285714285,0.0,0.14285714285714285,0.44297791580400275,0.33393719806763283,0.10904071773636992,0.41378662695868945,0.27147080012323244,0.14231582683545702
4,2,36,18,7,1245950.0,1244191.0,0.0014137700722798993,0.02,0.03373173970783544,0,0.4,0.2857142857142857,0.14285714285714285,0.14285714285714285,0.6710292812777284,0.597333136153012,0.07369614512471645,0.6367266990402134,0.5621981992088065,0.07452849983140686,0.0,0.0,0.0,0.5394409937888198,0.4807108350586612,0.05873015873015863,0.4914173786562987,0.43724249539397925,0.05417488326231945,0.2857142857142857,0.0,0.2857142857142857,0.6710292812777284,0.530221992178514,0.14080728909921447,0.6367266990402134,0.4892312324102743,0.14749546662993912,0.2857142857142857,0.0,0.2857142857142857,0.6710292812777284,0.530221992178514,0.14080728909921447,0.6367266990402134,0.4892312324102743,0.14749546662993912
4,2,38,19,7,1245950.0,1244383.0,0.0012592586044650241,0.02,0.03373173970783536,0,0.05,0.0,0.0,0.0,0.20349009168884943,0.1958519487123606,0.007638142976488821,0.16928798951645577,0.15229308170999137,0.0169949078064644,0.0,0.0,0.0,0.09202898550724639,0.09085939486397152,0.001169590643274876,0.07369926375441059,0.07170947966944699,0.0019897840849636,0.0,0.0,0.0,0.20349009168884943,0.1173828290533096,0.08610726263553983,0.16928798951645577,0.09392456639120582,0.07536342312524995,0.0,0.0,0.0,0.20349009168884943,0.1173828290533096,0.08610726263553983,0.16928798951645577,0.09392456639120582,0.07536342312524995
4,2,38,19,7,1245950.0,1244383.0,0.0012592586044650241,0.02,0.03373173970783536,0,0.1,0.0,0.0,0.0,0.34320467317361725,0.31588936108386906,0.02731531208974819,0.30468017156485444,0.24271973169343378,0.061960439871420664,0.0,0.0,0.0,0.18405797101449275,0.17557843885075006,0.008479532163742698,0.15173851470060018,0.13278341735912116,0.018955097341479016,0.0,0.0,0.0,0.34320467317361725,0.2296486990422917,0.11355597413132554,0.30468017156485444,0.18773618113260096,0.11694399043225348,0.0,0.0,0.0,0.34320467317361725,0.2296486990422917,0.11355597413132554,0.30468017156485444,0.18773618113260096,0.11694399043225348
4,2,38,19,7,1245950.0,1244383.0,0.0012592586044650241,0.02,0.03373173970783536,0,0.2,0.14285714285714285,0.14285714285714285,0.0,0.44297791580400275,0.4249119174748465,0.01806599832915623,0.41378662695868945,0.36676333583209153,0.04702329112659792,0.0,0.0,0.0,0.29516908212560383,0.2948766844647851,0.00029239766081873286,0.2513012777421653,0.22096867016492813,0.030332607577237186,0.14285714285714285,0.0,0.14285714285714285,0.44297791580400275,0.32906390372065425,0.1139140120833485,0.41378662695868945,0.26122389180410677,0.15256273515458268,0.14285714285714285,0.0,0.14285714285714285,0.44297791580400275,0.32906390372065425,0.1139140120833485,0.41378662695868945,0.26122389180410677,0.15256273515458268
4,2,38,19,7,1245950.0,1244383.0,0.0012592586044650241,0.02,0.03373173970783536,0,0.4,0.2857142857142857,0.14285714285714285,0.14285714285714285,0.6710292812777284,0.5994216908731457,0.07160759040458275,0.6367266990402134,0.5617980526409383,0.0749286463992751,0.0,0.0,0.0,0.5394409937888198,0.48919036722240383,0.05025062656641599,0.4914173786562987,0.42526727369731354,0.06615010495898516,0.2857142857142857,0.0,0.2857142857142857,0.6710292812777284,0.5326586393520032,0.13837064192572524,0.6367266990402134,0.48876439474776134,0.14796230429245205,0.2857142857142857,0.0,0.2857142857142857,0.6710292812777284,0.5326586393520032,0.13837064192572524,0.6367266990402134,0.48876439474776134,0.14796230429245205
5,2,7,3,8,1261484.0,1262365.0,0.0006983838082766013,0.1,0.10305444887118197,0,0.05,0.125,0.125,0.0,0.3729166666666667,0.31685253152644455,0.05606413514022213,0.36062526221708224,0.2762593746849481,0.08436588753213414,0.0,0.0,0.0,0.11166666666666666,0.1605652801304975,0.04889861346383084,0.07040158781565649,0.11697971269468489,0.046578124879028404,0.0,0.0,0.0,0.11166666666666666,0.1605652801304975,0.04889861346383084,0.07040158781565649,0.11697971269468489,0.046578124879028404,0.0,0.0,0.0,0.11166666666666666,0.1605652801304975,0.04889861346383084,0.07040158781565649,0.11697971269468489,0.046578124879028404
5,2,7,3,8,1261484.0,1262365.0,0.0006983838082766013,0.1,0.10305444887118197,0,0.1,0.375,0.125,0.25,0.5264583333333333,0.44912714097496703,0.07733119235836622,0.4990734611066621,0.44746512576587943,0.051608335340782685,0.0,0.0,0.0,0.24233333333333335,0.31312190225233705,0.0707885689190037,0.19851753777065936,0.30700268134904146,0.1084851435783821,0.0,0.0,0.0,0.24233333333333335,0.31312190225233705,0.0707885689190037,0.19851753777065936,0.30700268134904146,0.1084851435783821,0.0,0.0,0.0,0.24233333333333335,0.31312190225233705,0.0707885689190037,0.19851753777065936,0.30700268134904146,0.1084851435783821
5,2,7,3,8,1261484.0,1262365.0,0.0006983838082766013,0.1,0.10305444887118197,0,0.2,0.375,0.375,0.0,0.6451041666666667,0.6083498023715415,0.03675436429512524,0.6316324766978404,0.5860023983592157,0.04563007833862465,0.0,0.16666666666666666,0.16666666666666666,0.43216666666666664,0.4777997364953887,0.04563306982872206,0.41061196271654454,0.44800319781228776,0.037391235095743214,0.0,0.16666666666666666,0.16666666666666666,0.43216666666666664,0.4777997364953887,0.04563306982872206,0.41061196271654454,0.44800319781228776,0.037391235095743214,0.0,0.16666666666666666,0.16666666666666666,0.43216666666666664,0.4777997364953887,0.04563306982872206,0.41061196271654454,0.44800319781228776,0.037391235095743214
5,2,7,3,8,1261484.0,1262365.0,0.0006983838082766013,0.1,0.10305444887118197,0,0.4,0.375,0.5,0.125,0.7820032051282051,0.7595496894409938,0.022453515687211323,0.7294132501336205,0.7385573654465916,0.009144115312971102,0.0,0.3333333333333333,0.3333333333333333,0.6512051282051281,0.679399585921325,0.028194457716196886,0.5670612002137928,0.6514098205954555,0.08434862038166269,0.0,0.3333333333333333,0.3333333333333333,0.6512051282051281,0.679399585921325,0.028194457716196886,0.5670612002137928,0.6514098205954555,0.08434862038166269,0.0,0.3333333333333333,0.3333333333333333,0.6512051282051281,0.679399585921325,0.028194457716196886,0.5670612002137928,0.6514098205954555,0.08434862038166269
5,2,9,4,8,1261484.0,1268134.0,0.005271569040907376,0.08,0.024701195219123555,0,0.05,0.125,0.125,0.0,0.3729166666666667,0.3053571428571428,0.06755952380952385,0.36062526221708224,0.27704936504348326,0.08357589717359898,0.0,0.0,0.0,0.11166666666666666,0.06,0.051666666666666666,0.07040158781565649,0.04328980482377974,0.02711178299187675,0.0,0.0,0.0,0.11166666666666666,0.06,0.051666666666666666,0.07040158781565649,0.04328980482377974,0.02711178299187675,0.0,0.0,0.0,0.11166666666666666,0.06,0.051666666666666666,0.07040158781565649,0.04328980482377974,0.02711178299187675
5,2,9,4,8,1261484.0,1268134.0,0.005271569040907376,0.08,0.024701195219123555,0,0.1,0.375,0.25,0.125,0.5264583333333333,0.47321428571428575,0.053244047619047497,0.4990734611066621,0.48236128640502896,0.016712174701633165,0.0,0.0,0.0,0.24233333333333335,0.21428571428571427,0.02804761904761907,0.19851753777065936,0.22423707464148893,0.025719536870829562,0.0,0.0,0.0,0.24233333333333335,0.21428571428571427,0.02804761904761907,0.19851753777065936,0.22423707464148893,0.025719536870829562,0.0,0.0,0.0,0.24233333333333335,0.21428571428571427,0.02804761904761907,0.19851753777065936,0.22423707464148893,0.025719536870829562
5,2,9,4,8,1261484.0,1268134.0,0.005271569040907376,0.08,0.024701195219123555,0,0.2,0.375,0.375,0.0,0.6451041666666667,0.6105654761904762,0.034538690476190514,0.6316324766978404,0.5961035194689666,0.035528957228873836,0.0,0.0,0.0,0.43216666666666664,0.3769047619047619,0.055261904761904734,0.41061196271654454,0.35376563115034637,0.05684633156619817,0.0,0.0,0.0,0.43216666666666664,0.3769047619047619,0.055261904761904734,0.41061196271654454,0.35376563115034637,0.05684633156619817,0.0,0.0,0.0,0.43216666666666664,0.3769047619047619,0.055261904761904734,0.41061196271654454,0.35376563115034637,0.05684633156619817
5,2,9,4,8,1261484.0,1268134.0,0.005271569040907376,0.08,0.024701195219123555,0,0.4,0.375,0.5,0.125,0.7820032051282051,0.7855998168498168,0.003596611721611742,0.7294132501336205,0.7660444979254766,0.036631247791856114,0.0,0.2,0.2,0.6512051282051281,0.656959706959707,0.005754578754578854,0.5670612002137928,0.6256711966807624,0.05860999646696963,0.0,0.2,0.2,0.6512051282051281,0.656959706959707,0.005754578754578854,0.5670612002137928,0.6256711966807624,0.05860999646696963,0.0,0.2,0.2,0.6512051282051281,0.656959706959707,0.005754578754578854,0.5670612002137928,0.6256711966807624,0.05860999646696963
5,2,11,5,8,1261484.0,1264368.0,0.0022861962577408828,0.1,0.038512616201859175,0,0.05,0.125,0.0,0.125,0.3729166666666667,0.274452906162465,0.09846376050420169,0.36062526221708224,0.23861036755107876,0.12201489466600349,0.0,0.0,0.0,0.11166666666666666,0.12769607843137254,0.016029411764705875,0.07040158781565649,0.0894241825730955,0.019022594757439018,0.0,0.0,0.0,0.11166666666666666,0.24927054154995332,0.13760387488328665,0.07040158781565649,0.23466250089869467,0.1642609130830382,0.0,0.0,0.0,0.11166666666666666,0.24927054154995332,0.13760387488328665,0.07040158781565649,0.23466250089869467,0.1642609130830382
5,2,11,5,8,1261484.0,1264368.0,0.0022861962577408828,0.1,0.038512616201859175,0,0.1,0.375,0.375,0.0,0.5264583333333333,0.517953431372549,0.008504901960784239,0.4990734611066621,0.507737064556183,0.00866360344952083,0.0,0.0,0.0,0.24233333333333335,0.2287254901960784,0.013607843137254938,0.19851753777065936,0.21237930328989257,0.01386176551923321,0.0,0.16666666666666666,0.16666666666666666,0.24233333333333335,0.35727124183006537,0.11493790849673202,0.19851753777065936,0.3436494194082438,0.14513188163758442,0.0,0.16666666666666666,0.16666666666666666,0.24233333333333335,0.35727124183006537,0.11493790849673202,0.19851753777065936,0.3436494194082438,0.14513188163758442
5,2,11,5,8,1261484.0,1264368.0,0.0022861962577408828,0.1,0.038512616201859175,0,0.2,0.375,0.375,0.0,0.6451041666666667,0.6076461834733894,0.03745798319327731,0.6316324766978404,0.5854563868026953,0.0461760898951451,0.0,0.0,0.0,0.43216666666666664,0.3722338935574229,0.05993277310924372,0.41061196271654454,0.3367302188843124,0.07388174383223212,0.0,0.16666666666666666,0.16666666666666666,0.43216666666666664,0.4768615779645191,0.04469491129785247,0.41061196271654454,0.4472751824035937,0.036663219687049164,0.0,0.16666666666666666,0.16666666666666666,0.43216666666666664,0.4768615779645191,0.04469491129785247,0.41061196271654454,0.4472751824035937,0.036663219687049164
5,2,11,5,8,1261484.0,1264368.0,0.0022861962577408828,0.1,0.038512616201859175,0,0.4,0.375,0.375,0.0,0.7820032051282051,0.7675107062055592,0.014492498922645924,0.7294132501336205,0.7354576101225517,0.006044359988931269,0.0,0.0,0.0,0.6512051282051281,0.6280171299288947,0.023187998276233412,0.5670612002137928,0.576732176196083,0.009670975982290164,0.0,0.16666666666666666,0.16666666666666666,0.6512051282051281,0.6900142749407455,0.03880914673561742,0.5670612002137928,0.6472768134967358,0.08021561328294302,0.0,0.16666666666666666,0.16666666666666666,0.6512051282051281,0.6900142749407455,0.03880914673561742,0.5670612002137928,0.6472768134967358,0.08021561328294302
5,2,13,6,8,1261484.0,1273615.0,0.009616451734623666,0.08,0.08738379814077027,0,0.05,0.125,0.125,0.0,0.3729166666666667,0.3147691981931112,0.05814746847355545,0.36062526221708224,0.28881167879263336,0.07181358342444888,0.0,0.0,0.0,0.11166666666666666,0.15778750235271974,0.046120835686053074,0.07040158781565649,0.13371611817159856,0.06331453035594208,0.0,0.0,0.0,0.11166666666666666,0.15778750235271974,0.046120835686053074,0.07040158781565649,0.13371611817159856,0.06331453035594208,0.0,0.0,0.0,0.11166666666666666,0.15778750235271974,0.046120835686053074,0.07040158781565649,0.13371611817159856,0.06331453035594208
5,2,13,6,8,1261484.0,1273615.0,0.009616451734623666,0.08,0.08738379814077027,0,0.1,0.375,0.25,0.125,0.5264583333333333,0.4824604743083004,0.04399785902503284,0.4990734611066621,0.471357516114907,0.027715944991755115,0.0,0.16666666666666666,0.16666666666666666,0.24233333333333335,0.3575663466967815,0.11523301336344816,0.19851753777065936,0.3388592018144116,0.14034166404375223,0.0,0.16666666666666666,0.16666666666666666,0.24233333333333335,0.3575663466967815,0.11523301336344816,0.19851753777065936,0.3388592018144116,0.14034166404375223,0.0,0.16666666666666666,0.16666666666666666,0.24233333333333335,0.3575663466967815,0.11523301336344816,0.19851753777065936,0.3388592018144116,0.14034166404375223
5,2,13,6,8,1261484.0,1273615.0,0.009616451734623666,0.08,0.08738379814077027,0,0.2,0.375,0.375,0.0,0.6451041666666667,0.6192873023715415,0.025816864295125197,0.6316324766978404,0.593059496978379,0.03857297971946139,0.0,0.16666666666666666,0.16666666666666666,0.43216666666666664,0.492383069828722,0.06021640316205534,0.41061196271654454,0.4574126626378386,0.04680069992129404,0.0,0.16666666666666666,0.16666666666666666,0.43216666666666664,0.492383069828722,0.06021640316205534,0.41061196271654454,0.4574126626378386,0.04680069992129404,0.0,0.16666666666666666,0.16666666666666666,0.43216666666666664,0.492383069828722,0.06021640316205534,0.41061196271654454,0.4574126626378386,0.04680069992129404
5,2,13,6,8,1261484.0,1273615.0,0.009616451734623666,0.08,0.08738379814077027,0,0.4,0.375,0.5,0.125,0.7820032051282051,0.7611121894409938,0.0208910156872113,0.7294132501336205,0.7360701598017646,0.00665690966814414,0.0,0.3333333333333333,0.3333333333333333,0.6512051282051281,0.6814829192546584,0.030277791049530323,0.5670612002137928,0.6480935464023528,0.08103234618856003,0.0,0.3333333333333333,0.3333333333333333,0.6512051282051281,0.6814829192546584,0.030277791049530323,0.5670612002137928,0.6480935464023528,0.08103234618856003,0.0,0.3333333333333333,0.3333333333333333,0.6512051282051281,0.6814829192546584,0.030277791049530323,0.5670612002137928,0.6480935464023528,0.08103234618856003
5,2,15,7,8,1261484.0,1259973.0,0.0011992320470359285,0.06,0.04860557768924298,0,0.05,0.125,0.125,0.0,0.3729166666666667,0.2772084253661939,0.09570824130047278,0.36062526221708224,0.27364625284286065,0.0869790093742216,0.0,0.0,0.0,0.11166666666666666,0.06853348058591024,0.04313318608075642,0.07040158781565649,0.0643263964797123,0.006075191335944183,0.0,0.0,0.0,0.11166666666666666,0.06853348058591024,0.04313318608075642,0.07040158781565649,0.0643263964797123,0.006075191335944183,0.0,0.0,0.0,0.11166666666666666,0.06853348058591024,0.04313318608075642,0.07040158781565649,0.0643263964797123,0.006075191335944183
5,2,15,7,8,1261484.0,1259973.0,0.0011992320470359285,0.06,0.04860557768924298,0,0.1,0.375,0.25,0.125,0.5264583333333333,0.468054304231574,0.058404029101759236,0.4990734611066621,0.45906802972838523,0.04000543137827689,0.0,0.0,0.0,0.24233333333333335,0.1738868867705185,0.06844644656281484,0.19851753777065936,0.17189202513550975,0.026625512635149617,0.0,0.0,0.0,0.24233333333333335,0.1738868867705185,0.06844644656281484,0.19851753777065936,0.17189202513550975,0.026625512635149617,0.0,0.0,0.0,0.24233333333333335,0.1738868867705185,0.06844644656281484,0.19851753777065936,0.17189202513550975,0.026625512635149617
5,2,15,7,8,1261484.0,1259973.0,0.0011992320470359285,0.06,0.04860557768924298,0,0.2,0.375,0.375,0.0,0.6451041666666667,0.5795708846779819,0.0655332819886848,0.6316324766978404,0.5671966871597768,0.06443578953806361,0.0,0.0,0.0,0.43216666666666664,0.32731341548477094,0.1048532511818957,0.41061196271654454,0.30751469945564275,0.1030972632609018,0.0,0.0,0.0,0.43216666666666664,0.32731341548477094,0.1048532511818957,0.41061196271654454,0.30751469945564275,0.1030972632609018,0.0,0.0,0.0,0.43216666666666664,0.32731341548477094,0.1048532511818957,0.41061196271654454,0.30751469945564275,0.1030972632609018
5,2,15,7,8,1261484.0,1259973.0,0.0011992320470359285,0.06,0.04860557768924298,0,0.4,0.375,0.375,0.0,0.7820032051282051,0.6825458748412714,0.09945733028693371,0.7294132501336205,0.6617450946965574,0.06766815543706306,0.0,0.0,0.0,0.6512051282051281,0.49207339974603403,0.15913172845909407,0.5670612002137928,0.45879215151449165,0.10826904869930115,0.0,0.0,0.0,0.6512051282051281,0.49207339974603403,0.15913172845909407,0.5670612002137928,0.45879215151449165,0.10826904869930115,0.0,0.0,0.0,0.6512051282051281,0.49207339974603403,0.15913172845909407,0.5670612002137928,0.45879215151449165,0.10826904869930115
5,2,17,8,8,1261484.0,1248724.0,0.010218430974338605,0.08,0.05152722443559098,0,0.05,0.125,0.125,0.0,0.3729166666666667,0.33435794278185577,0.03855872388481091,0.36062526221708224,0.3256277493350766,0.034997512882005644,0.0,0.0,0.0,0.11166666666666666,0.0835441370223979,0.02812252964426877,0.07040158781565649,0.047486341712736996,0.022915246102919493,0.0,0.0,0.0,0.11166666666666666,0.0835441370223979,0.02812252964426877,0.07040158781565649,0.047486341712736996,0.022915246102919493,0.0,0.0,0.0,0.11166666666666666,0.0835441370223979,0.02812252964426877,0.07040158781565649,0.047486341712736996,0.022915246102919493
5,2,17,8,8,1261484.0,1248724.0,0.010218430974338605,0.08,0.05152722443559098,0,0.1,0.375,0.375,0.0,0.5264583333333333,0.5021574440052701,0.02430088932806318,0.4990734611066621,0.48653981379514566,0.01253364731151646,0.0,0.0,0.0,0.24233333333333335,0.20345191040843216,0.03888142292490118,0.19851753777065936,0.178463702072233,0.020053835698426364,0.0,0.0,0.0,0.24233333333333335,0.20345191040843216,0.03888142292490118,0.19851753777065936,0.178463702072233,0.020053835698426364,0.0,0.0,0.0,0.24233333333333335,0.20345191040843216,0.03888142292490118,0.19851753777065936,0.178463702072233,0.020053835698426364
5,2,17,8,8,1261484.0,1248724.0,0.010218430974338605,0.08,0.05152722443559098,0,0.2,0.375,0.375,0.0,0.6451041666666667,0.5865694993412385,0.058534667325428225,0.6316324766978404,0.5726924893167527,0.058939987381087744,0.0,0.0,0.0,0.43216666666666664,0.3385111989459816,0.09365546772068506,0.41061196271654454,0.31630798290680434,0.0943039798097402,0.0,0.0,0.0,0.43216666666666664,0.3385111989459816,0.09365546772068506,0.41061196271654454,0.31630798290680434,0.0943039798097402,0.0,0.0,0.0,0.43216666666666664,0.3385111989459816,0.09365546772068506,0.41061196271654454,0.31630798290680434,0.0943039798097402
5,2,17,8,8,1261484.0,1248724.0,0.010218430974338605,0.08,0.05152722443559098,0,0.4,0.375,0.375,0.0,0.7820032051282051,0.7349998733150908,0.047003331813114335,0.7294132501336205,0.7115496306575512,0.017863619476069292,0.0,0.0,0.0,0.6512051282051281,0.5759997973041451,0.07520533090098303,0.5670612002137928,0.5384794090520817,0.028581791161711112,0.0,0.0,0.0,0.6512051282051281,0.5759997973041451,0.07520533090098303,0.5670612002137928,0.5384794090520817,0.028581791161711112,0.0,0.0,0.0,0.6512051282051281,0.5759997973041451,0.07520533090098303,0.5670612002137928,0.5384794090520817,0.028581791161711112
5,2,19,9,8,1261484.0,1273033.0,0.009155090353900644,0.08,0.09800796812749009,0,0.05,0.125,0.125,0.0,0.3729166666666667,0.2969588744588745,0.0759577922077922,0.36062526221708224,0.28923059670126805,0.07139466551581419,0.0,0.0,0.0,0.11166666666666666,0.13227705627705627,0.020610389610389607,0.07040158781565649,0.10049962890670756,0.030098041091051075,0.0,0.14285714285714285,0.14285714285714285,0.11166666666666666,0.2781570810142239,0.1664904143475572,0.07040158781565649,0.26341420263126974,0.19301261481561327,0.0,0.14285714285714285,0.14285714285714285,0.11166666666666666,0.2781570810142239,0.1664904143475572,0.07040158781565649,0.26341420263126974,0.19301261481561327
5,2,19,9,8,1261484.0,1273033.0,0.009155090353900644,0.08,0.09800796812749009,0,0.1,0.375,0.25,0.125,0.5264583333333333,0.4343939393939394,0.09206439393939386,0.4990734611066621,0.4416894583294871,0.057384002777175036,0.0,0.0,0.0,0.24233333333333335,0.18074458874458874,0.06158874458874461,0.19851753777065936,0.16681242294466575,0.03170511482599361,0.0,0.2857142857142857,0.2857142857142857,0.24233333333333335,0.414817563388992,0.17248423005565866,0.19851753777065936,0.40486601638904685,0.20634847861838748,0.0,0.2857142857142857,0.2857142857142857,0.24233333333333335,0.414817563388992,0.17248423005565866,0.19851753777065936,0.40486601638904685,0.20634847861838748
5,2,19,9,8,1261484.0,1273033.0,0.009155090353900644,0.08,0.09800796812749009,0,0.2,0.375,0.375,0.0,0.6451041666666667,0.6009199134199135,0.044184253246753236,0.6316324766978404,0.581061464335781,0.05057101236205941,0.0,0.0,0.0,0.43216666666666664,0.36147186147186144,0.0706948051948052,0.41061196271654454,0.3296983429372497,0.08091361977929484,0.0,0.2857142857142857,0.2857142857142857,0.43216666666666664,0.543908472479901,0.1117418058132344,0.41061196271654454,0.5212131020980354,0.11060113938149085,0.0,0.2857142857142857,0.2857142857142857,0.43216666666666664,0.543908472479901,0.1117418058132344,0.41061196271654454,0.5212131020980354,0.11060113938149085
5,2,19,9,8,1261484.0,1273033.0,0.009155090353900644,0.08,0.09800796812749009,0,0.4,0.375,0.5,0.125,0.7820032051282051,0.7797619047619048,0.002241300366300325,0.7294132501336205,0.743000143338576,0.013586893204955541,0.0,0.2,0.2,0.6512051282051281,0.6476190476190476,0.0035860805860804534,0.5670612002137928,0.5888002293417217,0.02173902912792891,0.0,0.42857142857142855,0.42857142857142855,0.6512051282051281,0.7482993197278912,0.0970941915227631,0.5670612002137928,0.7062858781012297,0.13922467788743687,0.0,0.42857142857142855,0.42857142857142855,0.6512051282051281,0.7482993197278912,0.0970941915227631,0.5670612002137928,0.7062858781012297,0.13922467788743687
5,2,21,10,8,1261484.0,1274465.0,0.010290261311281,0.12,0.039575033200531164,0,0.05,0.125,0.25,0.125,0.3729166666666667,0.3905924570785252,0.017675790411858516,0.36062526221708224,0.36847697577646626,0.007851713559384021,0.0,0.0,0.0,0.11166666666666666,0.14494793132564032,0.03328126465897366,0.07040158781565649,0.10862670639284769,0.0382251185771912,0.0,0.0,0.0,0.11166666666666666,0.14494793132564032,0.03328126465897366,0.07040158781565649,0.10862670639284769,0.0382251185771912,0.0,0.0,0.0,0.11166666666666666,0.14494793132564032,0.03328126465897366,0.07040158781565649,0.10862670639284769,0.0382251185771912
5,2,21,10,8,1261484.0,1274465.0,0.010290261311281,0.12,0.039575033200531164,0,0.1,0.375,0.375,0.0,0.5264583333333333,0.5235364480720518,0.002921885261281454,0.4990734611066621,0.4948960681868569,0.004177392919805234,0.0,0.0,0.0,0.24233333333333335,0.23765831691528283,0.004675016418050515,0.19851753777065936,0.191833709098971,0.006683828671688374,0.0,0.0,0.0,0.24233333333333335,0.23765831691528283,0.004675016418050515,0.19851753777065936,0.191833709098971,0.006683828671688374,0.0,0.0,0.0,0.24233333333333335,0.23765831691528283,0.004675016418050515,0.19851753777065936,0.191833709098971,0.006683828671688374
5,2,21,10,8,1261484.0,1274465.0,0.010290261311281,0.12,0.039575033200531164,0,0.2,0.375,0.375,0.0,0.6451041666666667,0.5752951898462735,0.06980897682039322,0.6316324766978404,0.5534733800481877,0.0781590966496527,0.0,0.0,0.0,0.43216666666666664,0.3204723037540375,0.11169436291262913,0.41061196271654454,0.28555740807710017,0.12505455463944437,0.0,0.0,0.0,0.43216666666666664,0.3204723037540375,0.11169436291262913,0.41061196271654454,0.28555740807710017,0.12505455463944437,0.0,0.0,0.0,0.43216666666666664,0.3204723037540375,0.11169436291262913,0.41061196271654454,0.28555740807710017,0.12505455463944437
5,2,21,10,8,1261484.0,1274465.0,0.010290261311281,0.12,0.039575033200531164,0,0.4,0.375,0.375,0.0,0.7820032051282051,0.7296407797568788,0.05236242537132629,0.7294132501336205,0.7046773764002755,0.02473587373334496,0.0,0.0,0.0,0.6512051282051281,0.5674252476110061,0.083779880594122,0.5670612002137928,0.5274838022404407,0.039577397973352135,0.0,0.0,0.0,0.6512051282051281,0.5674252476110061,0.083779880594122,0.5670612002137928,0.5274838022404407,0.039577397973352135,0.0,0.0,0.0,0.6512051282051281,0.5674252476110061,0.083779880594122,0.5670612002137928,0.5274838022404407,0.039577397973352135
5,2,23,11,8,1261484.0,1271035.0,0.007571241490181405,0.06,0.08393094289508639,0,0.05,0.125,0.125,0.0,0.3729166666666667,0.3429934045423176,0.029923262124349093,0.36062526221708224,0.2996828476204132,0.06094241459666905,0.0,0.0,0.0,0.11166666666666666,0.12339262187088273,0.01172595520421607,0.07040158781565649,0.07712328492306665,0.006721697107410163,0.0,0.0,0.0,0.11166666666666666,0.19541977748499487,0.0837531108183282,0.07040158781565649,0.1482110099419716,0.0778094221263151,0.0,0.0,0.0,0.11166666666666666,0.19541977748499487,0.0837531108183282,0.07040158781565649,0.1482110099419716,0.0778094221263151
5,2,23,11,8,1261484.0,1271035.0,0.007571241490181405,0.06,0.08393094289508639,0,0.1,0.375,0.25,0.125,0.5264583333333333,0.4755408314511575,0.05091750188217575,0.4990734611066621,0.4437907548076897,0.05528270629897242,0.0,0.0,0.0,0.24233333333333335,0.2180081874647092,0.024325145868624137,0.19851753777065936,0.16252422408574602,0.03599331368491335,0.0,0.16666666666666666,0.16666666666666666,0.24233333333333335,0.348340156220591,0.10600682288725766,0.19851753777065936,0.302103520071455,0.10358598230079566,0.0,0.16666666666666666,0.16666666666666666,0.24233333333333335,0.348340156220591,0.10600682288725766,0.19851753777065936,0.302103520071455,0.10358598230079566
5,2,23,11,8,1261484.0,1271035.0,0.007571241490181405,0.06,0.08393094289508639,0,0.2,0.375,0.375,0.0,0.6451041666666667,0.6139301595143986,0.031174007152268146,0.6316324766978404,0.5900094344624447,0.0416230422353957,0.0,0.0,0.0,0.43216666666666664,0.3822882552230378,0.04987841144362887,0.41061196271654454,0.34401509513991146,0.06659686757663308,0.0,0.16666666666666666,0.16666666666666666,0.43216666666666664,0.4852402126858648,0.05307354601919817,0.41061196271654454,0.4533459126165929,0.04273394990004836,0.0,0.16666666666666666,0.16666666666666666,0.43216666666666664,0.4852402126858648,0.05307354601919817,0.41061196271654454,0.4533459126165929,0.04273394990004836
5,2,23,11,8,1261484.0,1271035.0,0.007571241490181405,0.06,0.08393094289508639,0,0.4,0.375,0.5,0.125,0.7820032051282051,0.7640139751552795,0.017989229972925624,0.7294132501336205,0.7324174003530438,0.0030041502194233516,0.0,0.2,0.2,0.6512051282051281,0.6224223602484471,0.028782767956681,0.5670612002137928,0.5718678405648701,0.0048066403510772515,0.0,0.3333333333333333,0.3333333333333333,0.6512051282051281,0.6853519668737059,0.03414683866857782,0.5670612002137928,0.6432232004707251,0.07616200025693232,0.0,0.3333333333333333,0.3333333333333333,0.6512051282051281,0.6853519668737059,0.03414683866857782,0.5670612002137928,0.6432232004707251,0.07616200025693232
5,2,25,12,8,1261484.0,1270292.0,0.006982252648467995,0.08,0.07463479415670651,0,0.05,0.125,0.125,0.0,0.3729166666666667,0.2824031267645398,0.09051353990212685,0.36062526221708224,0.250603671020914,0.11002159119616822,0.0,0.0,0.0,0.11166666666666666,0.11463274044795783,0.0029660737812911703,0.07040158781565649,0.08277210780930609,0.012370519993649604,0.0,0.0,0.0,0.11166666666666666,0.11463274044795783,0.0029660737812911703,0.07040158781565649,0.08277210780930609,0.012370519993649604,0.0,0.0,0.0,0.11166666666666666,0.11463274044795783,0.0029660737812911703,0.07040158781565649,0.08277210780930609,0.012370519993649604
5,2,25,12,8,1261484.0,1270292.0,0.006982252648467995,0.08,0.07463479415670651,0,0.1,0.375,0.25,0.125,0.5264583333333333,0.457906902879729,0.06855143045360423,0.4990734611066621,0.45094771172479353,0.04812574938186859,0.0,0.16666666666666666,0.16666666666666666,0.24233333333333335,0.3248282514586862,0.08249491812535287,0.19851753777065936,0.3116461292942604,0.11312859152360102,0.0,0.16666666666666666,0.16666666666666666,0.24233333333333335,0.3248282514586862,0.08249491812535287,0.19851753777065936,0.3116461292942604,0.11312859152360102,0.0,0.16666666666666666,0.16666666666666666,0.24233333333333335,0.3248282514586862,0.08249491812535287,0.19851753777065936,0.3116461292942604,0.11312859152360102
5,2,25,12,8,1261484.0,1270292.0,0.006982252648467995,0.08,0.07463479415670651,0,0.2,0.375,0.375,0.0,0.6451041666666667,0.6114748023715415,0.0336293642951252,0.6316324766978404,0.5825611901493726,0.04907128654846782,0.0,0.16666666666666666,0.16666666666666666,0.43216666666666664,0.48196640316205525,0.0497997364953886,0.41061196271654454,0.44341492019916345,0.03280295748261891,0.0,0.16666666666666666,0.16666666666666666,0.43216666666666664,0.48196640316205525,0.0497997364953886,0.41061196271654454,0.44341492019916345,0.03280295748261891,0.0,0.16666666666666666,0.16666666666666666,0.43216666666666664,0.48196640316205525,0.0497997364953886,0.41061196271654454,0.44341492019916345,0.03280295748261891
5,2,25,12,8,1261484.0,1270292.0,0.006982252648467995,0.08,0.07463479415670651,0,0.4,0.375,0.5,0.125,0.7820032051282051,0.7757330984233157,0.006270106704889367,0.7294132501336205,0.7480972901616527,0.018684040028032256,0.0,0.3333333333333333,0.3333333333333333,0.6512051282051281,0.700977464564421,0.0497723363592929,0.5670612002137928,0.664129720215537,0.09706852000174415,0.0,0.3333333333333333,0.3333333333333333,0.6512051282051281,0.700977464564421,0.0497723363592929,0.5670612002137928,0.664129720215537,0.09706852000174415,0.0,0.3333333333333333,0.3333333333333333,0.6512051282051281,0.700977464564421,0.0497723363592929,0.5670612002137928,0.664129720215537,0.09706852000174415
5,2,27,13,8,1261484.0,1270571.0,0.007203420733041402,0.08,0.08260292164674639,0,0.05,0.125,0.25,0.125,0.3729166666666667,0.3772233503211764,0.004306683654509702,0.36062526221708224,0.3367609885725343,0.023864273644547962,0.0,0.0,0.0,0.11166666666666666,0.16963113376156855,0.057964467094901884,0.07040158781565649,0.11568131809671232,0.045279730281055836,0.0,0.0,0.0,0.11166666666666666,0.16963113376156855,0.057964467094901884,0.07040158781565649,0.11568131809671232,0.045279730281055836,0.0,0.0,0.0,0.11166666666666666,0.16963113376156855,0.057964467094901884,0.07040158781565649,0.11568131809671232,0.045279730281055836
5,2,27,13,8,1261484.0,1270571.0,0.007203420733041402,0.08,0.08260292164674639,0,0.1,0.375,0.25,0.125,0.5264583333333333,0.4749416042894304,0.051516729043902865,0.4990734611066621,0.4387617940645224,0.060311667042139694,0.0,0.0,0.0,0.24233333333333335,0.2999221390525738,0.057588805719240466,0.19851753777065936,0.2516823920860299,0.05316485431537052,0.0,0.0,0.0,0.24233333333333335,0.2999221390525738,0.057588805719240466,0.19851753777065936,0.2516823920860299,0.05316485431537052,0.0,0.0,0.0,0.24233333333333335,0.2999221390525738,0.057588805719240466,0.19851753777065936,0.2516823920860299,0.05316485431537052
5,2,27,13,8,1261484.0,1270571.0,0.007203420733041402,0.08,0.08260292164674639,0,0.2,0.375,0.375,0.0,0.6451041666666667,0.5708296836014227,0.07427448306524398,0.6316324766978404,0.5370916019956608,0.09454087470217964,0.0,0.16666666666666666,0.16666666666666666,0.43216666666666664,0.4277729114685636,0.004393755198103033,0.41061196271654454,0.38278880266088083,0.02782316005566371,0.0,0.16666666666666666,0.16666666666666666,0.43216666666666664,0.4277729114685636,0.004393755198103033,0.41061196271654454,0.38278880266088083,0.02782316005566371,0.0,0.16666666666666666,0.16666666666666666,0.43216666666666664,0.4277729114685636,0.004393755198103033,0.41061196271654454,0.38278880266088083,0.02782316005566371
5,2,27,13,8,1261484.0,1270571.0,0.007203420733041402,0.08,0.08260292164674639,0,0.4,0.375,0.375,0.0,0.7820032051282051,0.7173183097096141,0.06468489541859102,0.7294132501336205,0.682732518996695,0.0466807311369255,0.0,0.16666666666666666,0.16666666666666666,0.6512051282051281,0.6230910796128187,0.02811404859230937,0.5670612002137928,0.5769766919955933,0.009915491781800512,0.0,0.16666666666666666,0.16666666666666666,0.6512051282051281,0.6230910796128187,0.02811404859230937,0.5670612002137928,0.5769766919955933,0.009915491781800512,0.0,0.16666666666666666,0.16666666666666666,0.6512051282051281,0.6230910796128187,0.02811404859230937,0.5670612002137928,0.5769766919955933,0.009915491781800512
5,2,29,14,8,1261484.0,1263846.0,0.001872397905958379,0.06,0.03957503320053134,0,0.05,0.125,0.25,0.125,0.3729166666666667,0.3857919254658385,0.01287525879917184,0.36062526221708224,0.35523987740303314,0.005385384814049099,0.0,0.0,0.0,0.11166666666666666,0.11726708074534162,0.0056004140786749534,0.07040158781565649,0.0886596659138186,0.018258078098162114,0.0,0.0,0.0,0.11166666666666666,0.11726708074534162,0.0056004140786749534,0.07040158781565649,0.0886596659138186,0.018258078098162114,0.0,0.0,0.0,0.11166666666666666,0.11726708074534162,0.0056004140786749534,0.07040158781565649,0.0886596659138186,0.018258078098162114
5,2,29,14,8,1261484.0,1263846.0,0.001872397905958379,0.06,0.03957503320053134,0,0.1,0.375,0.375,0.0,0.5264583333333333,0.5055124223602484,0.020945910973084847,0.4990734611066621,0.4917625715970936,0.007310889509568541,0.0,0.0,0.0,0.24233333333333335,0.2088198757763975,0.033513457556935855,0.19851753777065936,0.1868201145553498,0.01169742321530956,0.0,0.0,0.0,0.24233333333333335,0.2088198757763975,0.033513457556935855,0.19851753777065936,0.1868201145553498,0.01169742321530956,0.0,0.0,0.0,0.24233333333333335,0.2088198757763975,0.033513457556935855,0.19851753777065936,0.1868201145553498,0.01169742321530956
5,2,29,14,8,1261484.0,1263846.0,0.001872397905958379,0.06,0.03957503320053134,0,0.2,0.375,0.375,0.0,0.6451041666666667,0.6121376811594204,0.032966485507246346,0.6316324766978404,0.5880851740487746,0.04354730264906581,0.0,0.0,0.0,0.43216666666666664,0.37942028985507237,0.052746376811594275,0.41061196271654454,0.3409362784780394,0.06967568423850512,0.0,0.0,0.0,0.43216666666666664,0.37942028985507237,0.052746376811594275,0.41061196271654454,0.3409362784780394,0.06967568423850512,0.0,0.0,0.0,0.43216666666666664,0.37942028985507237,0.052746376811594275,0.41061196271654454,0.3409362784780394,0.06967568423850512
5,2,29,14,8,1261484.0,1263846.0,0.001872397905958379,0.06,0.03957503320053134,0,0.4,0.375,0.375,0.0,0.7820032051282051,0.7518115942028986,0.030191610925306533,0.7294132501336205,0.7286411367655309,0.0007721133680895775,0.0,0.0,0.0,0.6512051282051281,0.6028985507246377,0.04830657748049039,0.5670612002137928,0.5658258188248493,0.001235381388943524,0.0,0.0,0.0,0.6512051282051281,0.6028985507246377,0.04830657748049039,0.5670612002137928,0.5658258188248493,0.001235381388943524,0.0,0.0,0.0,0.6512051282051281,0.6028985507246377,0.04830657748049039,0.5670612002137928,0.5658258188248493,0.001235381388943524
5,2,31,15,8,1261484.0,1266770.0,0.004190302849659607,0.06,0.05896414342629486,0,0.05,0.125,0.125,0.0,0.3729166666666667,0.33619828993470297,0.03671837673196371,0.36062526221708224,0.3100361554827992,0.05058910673428302,0.0,0.0,0.0,0.11166666666666666,0.10363154960981047,0.008035117056856195,0.07040158781565649,0.05965147942057801,0.010750108395078478,0.0,0.0,0.0,0.11166666666666666,0.10363154960981047,0.008035117056856195,0.07040158781565649,0.05965147942057801,0.010750108395078478,0.0,0.0,0.0,0.11166666666666666,0.10363154960981047,0.008035117056856195,0.07040158781565649,0.05965147942057801,0.010750108395078478
5,2,31,15,8,1261484.0,1266770.0,0.004190302849659607,0.06,0.05896414342629486,0,0.1,0.375,0.25,0.125,0.5264583333333333,0.4895268454371715,0.03693148789616174,0.4990734611066621,0.48026978533377257,0.01880367577288955,0.0,0.0,0.0,0.24233333333333335,0.24038580984233157,0.0019475234910017736,0.19851753777065936,0.22089067292747888,0.022373135156819518,0.0,0.0,0.0,0.24233333333333335,0.24038580984233157,0.0019475234910017736,0.19851753777065936,0.22089067292747888,0.022373135156819518,0.0,0.0,0.0,0.24233333333333335,0.24038580984233157,0.0019475234910017736,0.19851753777065936,0.22089067292747888,0.022373135156819518
5,2,31,15,8,1261484.0,1266770.0,0.004190302849659607,0.06,0.05896414342629486,0,0.2,0.375,0.375,0.0,0.6451041666666667,0.6100257306099697,0.03507843605669703,0.6316324766978404,0.5932797632389352,0.03835271345890523,0.0,0.0,0.0,0.43216666666666664,0.3760411689759516,0.056125497690715065,0.41061196271654454,0.34924762118229624,0.0613643415342483,0.0,0.0,0.0,0.43216666666666664,0.3760411689759516,0.056125497690715065,0.41061196271654454,0.34924762118229624,0.0613643415342483,0.0,0.0,0.0,0.43216666666666664,0.3760411689759516,0.056125497690715065,0.41061196271654454,0.34924762118229624,0.0613643415342483
5,2,31,15,8,1261484.0,1266770.0,0.004190302849659607,0.06,0.05896414342629486,0,0.4,0.375,0.5,0.125,0.7820032051282051,0.7823436753463927,0.00034047021818761625,0.7294132501336205,0.7369928006182584,0.007579550484637987,0.0,0.2,0.2,0.6512051282051281,0.6517498805542283,0.0005447523491002304,0.5670612002137928,0.5791884809892136,0.012127280775420801,0.0,0.2,0.2,0.6512051282051281,0.6517498805542283,0.0005447523491002304,0.5670612002137928,0.5791884809892136,0.012127280775420801,0.0,0.2,0.2,0.6512051282051281,0.6517498805542283,0.0005447523491002304,0.5670612002137928,0.5791884809892136,0.012127280775420801
5,2,33,16,8,1261484.0,1270167.0,0.006883163004841916,0.08,0.09853917662682606,0,0.05,0.125,0.125,0.0,0.3729166666666667,0.33937428061069363,0.03354238605597304,0.36062526221708224,0.29578977859750427,0.06483548361957797,0.0,0.0,0.0,0.11166666666666666,0.19059427890949632,0.07892761224282965,0.07040158781565649,0.1430202512447598,0.07261866342910332,0.0,0.0,0.0,0.11166666666666666,0.19059427890949632,0.07892761224282965,0.07040158781565649,0.1430202512447598,0.07261866342910332,0.0,0.0,0.0,0.11166666666666666,0.19059427890949632,0.07892761224282965,0.07040158781565649,0.1430202512447598,0.07261866342910332
5,2,33,16,8,1261484.0,1270167.0,0.006883163004841916,0.08,0.09853917662682606,0,0.1,0.375,0.25,0.125,0.5264583333333333,0.47361775452808064,0.052840578805252614,0.4990734611066621,0.456041120201753,0.043032340904909094,0.0,0.16666666666666666,0.16666666666666666,0.24233333333333335,0.34577605365648845,0.1034427203231551,0.19851753777065936,0.31843734059687295,0.11991980282621359,0.0,0.16666666666666666,0.16666666666666666,0.24233333333333335,0.34577605365648845,0.1034427203231551,0.19851753777065936,0.31843734059687295,0.11991980282621359,0.0,0.16666666666666666,0.16666666666666666,0.24233333333333335,0.34577605365648845,0.1034427203231551,0.19851753777065936,0.31843734059687295,0.11991980282621359
5,2,33,16,8,1261484.0,1270167.0,0.006883163004841916,0.08,0.09853917662682606,0,0.2,0.375,0.375,0.0,0.6451041666666667,0.606237851822091,0.0388663148445757,0.6316324766978404,0.5856574333042726,0.04597504339356784,0.0,0.16666666666666666,0.16666666666666666,0.43216666666666664,0.4749838024294546,0.04281713576278795,0.41061196271654454,0.44754324440569676,0.03693128168915222,0.0,0.16666666666666666,0.16666666666666666,0.43216666666666664,0.4749838024294546,0.04281713576278795,0.41061196271654454,0.44754324440569676,0.03693128168915222,0.0,0.16666666666666666,0.16666666666666666,0.43216666666666664,0.4749838024294546,0.04281713576278795,0.41061196271654454,0.44754324440569676,0.03693128168915222
5,2,33,16,8,1261484.0,1270167.0,0.006883163004841916,0.08,0.09853917662682606,0,0.4,0.375,0.375,0.0,0.7820032051282051,0.7566166849454893,0.02538652018271581,0.7294132501336205,0.72682406348904,0.00258918664458041,0.0,0.16666666666666666,0.16666666666666666,0.6512051282051281,0.6754889132606524,0.02428378505552431,0.5670612002137928,0.6357654179853868,0.06870421777159397,0.0,0.16666666666666666,0.16666666666666666,0.6512051282051281,0.6754889132606524,0.02428378505552431,0.5670612002137928,0.6357654179853868,0.06870421777159397,0.0,0.16666666666666666,0.16666666666666666,0.6512051282051281,0.6754889132606524,0.02428378505552431,0.5670612002137928,0.6357654179853868,0.06870421777159397
5,2,35,17,8,1261484.0,1266542.0,0.00400956333968564,0.06,0.08844621513944226,0,0.05,0.125,0.0,0.125,0.3729166666666667,0.2545833333333334,0.11833333333333329,0.36062526221708224,0.27400509287599784,0.08662016934108441,0.0,0.0,0.0,0.11166666666666666,0.074,0.03766666666666667,0.07040158781565649,0.05608374384236453,0.014317843973291958,0.0,0.0,0.0,0.11166666666666666,0.145,0.033333333333333326,0.07040158781565649,0.13764554411106134,0.06724395629540485,0.0,0.0,0.0,0.11166666666666666,0.145,0.033333333333333326,0.07040158781565649,0.13764554411106134,0.06724395629540485
5,2,35,17,8,1261484.0,1266542.0,0.00400956333968564,0.06,0.08844621513944226,0,0.1,0.375,0.25,0.125,0.5264583333333333,0.4808134920634921,0.04564484126984114,0.4990734611066621,0.45866962255695815,0.040403838549703974,0.0,0.0,0.0,0.24233333333333335,0.20263492063492064,0.039698412698412705,0.19851753777065936,0.1762956385153754,0.02222189925528395,0.0,0.0,0.0,0.24233333333333335,0.3077513227513227,0.06541798941798938,0.19851753777065936,0.27822616340927747,0.07970862563861811,0.0,0.0,0.0,0.24233333333333335,0.3077513227513227,0.06541798941798938,0.19851753777065936,0.27822616340927747,0.07970862563861811
5,2,35,17,8,1261484.0,1266542.0,0.00400956333968564,0.06,0.08844621513944226,0,0.2,0.375,0.375,0.0,0.6451041666666667,0.6028769841269841,0.042227182539682606,0.6316324766978404,0.5727264219457388,0.058906054752101644,0.0,0.0,0.0,0.43216666666666664,0.3646031746031746,0.06756349206349205,0.41061196271654454,0.31636227511318193,0.09424968760336261,0.0,0.16666666666666666,0.16666666666666666,0.43216666666666664,0.4705026455026455,0.038335978835978834,0.41061196271654454,0.4303018959276516,0.01968993321110707,0.0,0.16666666666666666,0.16666666666666666,0.43216666666666664,0.4705026455026455,0.038335978835978834,0.41061196271654454,0.4303018959276516,0.01968993321110707
5,2,35,17,8,1261484.0,1266542.0,0.00400956333968564,0.06,0.08844621513944226,0,0.4,0.375,0.375,0.0,0.7820032051282051,0.7585241147741147,0.02347909035409035,0.7294132501336205,0.7185510942236335,0.010862155909986959,0.0,0.0,0.0,0.6512051282051281,0.6136385836385836,0.03756654456654451,0.5670612002137928,0.5496817507578136,0.017379449455979246,0.0,0.16666666666666666,0.16666666666666666,0.6512051282051281,0.678032153032153,0.026827024827024926,0.5670612002137928,0.624734792298178,0.05767359208438516,0.0,0.16666666666666666,0.16666666666666666,0.6512051282051281,0.678032153032153,0.026827024827024926,0.5670612002137928,0.624734792298178,0.05767359208438516
5,2,37,18,8,1261484.0,1260993.0,0.00038937567456758285,0.08,0.05418326693227089,0,0.05,0.125,0.125,0.0,0.3729166666666667,0.36733954451345757,0.005577122153209102,0.36062526221708224,0.3347609522488807,0.02586430996820155,0.0,0.0,0.0,0.11166666666666666,0.08488612836438922,0.026780538302277446,0.07040158781565649,0.07402887405388438,0.003627286238227889,0.0,0.0,0.0,0.11166666666666666,0.08488612836438922,0.026780538302277446,0.07040158781565649,0.07402887405388438,0.003627286238227889,0.0,0.0,0.0,0.11166666666666666,0.08488612836438922,0.026780538302277446,0.07040158781565649,0.07402887405388438,0.003627286238227889
5,2,37,18,8,1261484.0,1260993.0,0.00038937567456758285,0.08,0.05418326693227089,0,0.1,0.375,0.375,0.0,0.5264583333333333,0.5237663906142167,0.002691942719116547,0.4990734611066621,0.5088889949632731,0.009815533856610992,0.0,0.0,0.0,0.24233333333333335,0.23802622498274673,0.004307108350586619,0.19851753777065936,0.214222391941237,0.015704854170577626,0.0,0.0,0.0,0.24233333333333335,0.23802622498274673,0.004307108350586619,0.19851753777065936,0.214222391941237,0.015704854170577626,0.0,0.0,0.0,0.24233333333333335,0.23802622498274673,0.004307108350586619,0.19851753777065936,0.214222391941237,0.015704854170577626
5,2,37,18,8,1261484.0,1260993.0,0.00038937567456758285,0.08,0.05418326693227089,0,0.2,0.375,0.375,0.0,0.6451041666666667,0.6244392684610076,0.020664898205659088,0.6316324766978404,0.6033066655151165,0.028325811182723926,0.0,0.0,0.0,0.43216666666666664,0.39910282953761217,0.033063837129054474,0.41061196271654454,0.3652906648241863,0.045321297892358225,0.0,0.0,0.0,0.43216666666666664,0.39910282953761217,0.033063837129054474,0.41061196271654454,0.3652906648241863,0.045321297892358225,0.0,0.0,0.0,0.43216666666666664,0.39910282953761217,0.033063837129054474,0.41061196271654454,0.3652906648241863,0.045321297892358225
5,2,37,18,8,1261484.0,1260993.0,0.00038937567456758285,0.08,0.05418326693227089,0,0.4,0.375,0.375,0.0,0.7820032051282051,0.7541772840685884,0.027825921059616676,0.7294132501336205,0.7397688295083228,0.010355579374702328,0.0,0.0,0.0,0.6512051282051281,0.6066836545097415,0.044521473695386615,0.5670612002137928,0.5836301272133164,0.016568926999523614,0.0,0.0,0.0,0.6512051282051281,0.6066836545097415,0.044521473695386615,0.5670612002137928,0.5836301272133164,0.016568926999523614,0.0,0.0,0.0,0.6512051282051281,0.6066836545097415,0.044521473695386615,0.5670612002137928,0.5836301272133164,0.016568926999523614
5,2,39,19,8,1261484.0,1244084.0,0.013986193858292527,0.02,0.04541832669322704,0,0.05,0.125,0.125,0.0,0.3729166666666667,0.3312219887955182,0.0416946778711485,0.36062526221708224,0.30819532772486313,0.05242993449221911,0.0,0.0,0.0,0.11166666666666666,0.10709803921568628,0.004568627450980384,0.07040158781565649,0.08214322015089484,0.011741632335238353,0.0,0.0,0.0,0.11166666666666666,0.10709803921568628,0.004568627450980384,0.07040158781565649,0.08214322015089484,0.011741632335238353,0.0,0.0,0.0,0.11166666666666666,0.10709803921568628,0.004568627450980384,0.07040158781565649,0.08214322015089484,0.011741632335238353
5,2,39,19,8,1261484.0,1244084.0,0.013986193858292527,0.02,0.04541832669322704,0,0.1,0.375,0.375,0.0,0.5264583333333333,0.5159313725490196,0.0105269607843137,0.4990734611066621,0.5075784532608311,0.008504992154168944,0.0,0.0,0.0,0.24233333333333335,0.22549019607843138,0.01684313725490197,0.19851753777065936,0.2121255252173298,0.013607987446670439,0.0,0.0,0.0,0.24233333333333335,0.22549019607843138,0.01684313725490197,0.19851753777065936,0.2121255252173298,0.013607987446670439,0.0,0.0,0.0,0.24233333333333335,0.22549019607843138,0.01684313725490197,0.19851753777065936,0.2121255252173298,0.013607987446670439
5,2,39,19,8,1261484.0,1244084.0,0.013986193858292527,0.02,0.04541832669322704,0,0.2,0.375,0.375,0.0,0.6451041666666667,0.6034313725490196,0.04167279411764713,0.6316324766978404,0.5708604539807385,0.060772022717101915,0.0,0.0,0.0,0.43216666666666664,0.36549019607843136,0.06667647058823528,0.41061196271654454,0.3133767263691815,0.09723523634736303,0.0,0.0,0.0,0.43216666666666664,0.36549019607843136,0.06667647058823528,0.41061196271654454,0.3133767263691815,0.09723523634736303,0.0,0.0,0.0,0.43216666666666664,0.36549019607843136,0.06667647058823528,0.41061196271654454,0.3133767263691815,0.09723523634736303
5,2,39,19,8,1261484.0,1244084.0,0.013986193858292527,0.02,0.04541832669322704,0,0.4,0.375,0.375,0.0,0.7820032051282051,0.7014196832579186,0.0805835218702865,0.7294132501336205,0.664669529600296,0.06474372053332444,0.0,0.0,0.0,0.6512051282051281,0.5222714932126697,0.12893363499245836,0.5670612002137928,0.46347124736047374,0.10358995285331907,0.0,0.0,0.0,0.6512051282051281,0.5222714932126697,0.12893363499245836,0.5670612002137928,0.46347124736047374,0.10358995285331907,0.0,0.0,0.0,0.6512051282051281,0.5222714932126697,0.12893363499245836,0.5670612002137928,0.46347124736047374,0.10358995285331907
6,3,8,4,7,1239200.0,1229294.0,0.008058283860492283,0.08,0.10544488711819401,0,0.05,0.14285714285714285,0.14285714285714285,0.0,0.26433235501558483,0.25063758705063055,0.01369476796495428,0.22750953073531824,0.21865805341471103,0.008851477320607204,0.0,0.0,0.0,0.1417210808515156,0.07089262187088274,0.07082845898063286,0.0987611191912046,0.0394546081139288,0.0593065110772758,0.0,0.0,0.0,0.1417210808515156,0.07089262187088274,0.07082845898063286,0.0987611191912046,0.0394546081139288,0.0593065110772758,0.0,0.0,0.0,0.1417210808515156,0.07089262187088274,0.07082845898063286,0.0987611191912046,0.0394546081139288,0.0593065110772758
6,3,8,4,7,1239200.0,1229294.0,0.008058283860492283,0.08,0.10544488711819401,0,0.1,0.14285714285714285,0.2857142857142857,0.14285714285714285,0.3895024230427957,0.4072816676077546,0.017779244564958885,0.3575737912268759,0.37844034137333066,0.020866550146454776,0.0,0.0,0.0,0.28775282688326165,0.17019433465085637,0.11755849223240528,0.2505027564313552,0.12981647792266288,0.12068627850869235,0.0,0.0,0.0,0.28775282688326165,0.17019433465085637,0.11755849223240528,0.2505027564313552,0.12981647792266288,0.12068627850869235,0.0,0.0,0.0,0.28775282688326165,0.17019433465085637,0.11755849223240528,0.2505027564313552,0.12981647792266288,0.12068627850869235
6,3,8,4,7,1239200.0,1229294.0,0.008058283860492283,0.08,0.10544488711819401,0,0.2,0.14285714285714285,0.2857142857142857,0.14285714285714285,0.5158601233135395,0.4916431394692264,0.02421698384431309,0.4798227662052489,0.467322792761038,0.012499973444210888,0.0,0.0,0.0,0.43517014386579606,0.288300395256917,0.14686974860887908,0.39312656057279033,0.2542519098654533,0.138874650707337,0.0,0.0,0.0,0.43517014386579606,0.288300395256917,0.14686974860887908,0.39312656057279033,0.2542519098654533,0.138874650707337,0.0,0.0,0.0,0.43517014386579606,0.288300395256917,0.14686974860887908,0.39312656057279033,0.2542519098654533,0.138874650707337
6,3,8,4,7,1239200.0,1229294.0,0.008058283860492283,0.08,0.10544488711819401,0,0.4,0.2857142857142857,0.2857142857142857,0.0,0.6497736218233114,0.6349368023281067,0.014836819495204767,0.6070536412370584,0.5982466680577675,0.008806973179290911,0.16666666666666666,0.0,0.16666666666666666,0.5914025587938632,0.48891152325934933,0.10249103553451383,0.5415625814432348,0.4375453352808744,0.10401724616236036,0.16666666666666666,0.0,0.16666666666666666,0.5914025587938632,0.48891152325934933,0.10249103553451383,0.5415625814432348,0.4375453352808744,0.10401724616236036,0.16666666666666666,0.0,0.16666666666666666,0.5914025587938632,0.48891152325934933,0.10249103553451383,0.5415625814432348,0.4375453352808744,0.10401724616236036
6,3,10,5,7,1239200.0,1248490.0,0.0074967721110393805,0.08,0.10703851261620197,0,0.05,0.14285714285714285,0.14285714285714285,0.0,0.26433235501558483,0.30556122448979595,0.041228869474211116,0.22750953073531824,0.2669763864855229,0.03946685575020467,0.0,0.0,0.0,0.1417210808515156,0.10778571428571429,0.03393536656580132,0.0987611191912046,0.06841577051117023,0.03034534868003437,0.0,0.0,0.0,0.1417210808515156,0.10778571428571429,0.03393536656580132,0.0987611191912046,0.06841577051117023,0.03034534868003437,0.0,0.0,0.0,0.1417210808515156,0.10778571428571429,0.03393536656580132,0.0987611191912046,0.06841577051117023,0.03034534868003437
6,3,10,5,7,1239200.0,1248490.0,0.0074967721110393805,0.08,0.10703851261620197,0,0.1,0.14285714285714285,0.2857142857142857,0.14285714285714285,0.3895024230427957,0.42576530612244895,0.03626288307965325,0.3575737912268759,0.4039479396754655,0.046374148448589614,0.0,0.0,0.0,0.28775282688326165,0.1960714285714286,0.09168139831183306,0.2505027564313552,0.16552711554565167,0.08497564088570356,0.0,0.0,0.0,0.28775282688326165,0.1960714285714286,0.09168139831183306,0.2505027564313552,0.16552711554565167,0.08497564088570356,0.0,0.0,0.0,0.28775282688326165,0.1960714285714286,0.09168139831183306,0.2505027564313552,0.16552711554565167,0.08497564088570356
6,3,10,5,7,1239200.0,1248490.0,0.0074967721110393805,0.08,0.10703851261620197,0,0.2,0.14285714285714285,0.2857142857142857,0.14285714285714285,0.5158601233135395,0.5266156462585034,0.010755522944963958,0.4798227662052489,0.4764159154682641,0.003406850736984768,0.0,0.0,0.0,0.43517014386579606,0.33726190476190476,0.09790823910389129,0.39312656057279033,0.2669822816555697,0.12614427891722063,0.0,0.0,0.0,0.43517014386579606,0.33726190476190476,0.09790823910389129,0.39312656057279033,0.2669822816555697,0.12614427891722063,0.0,0.0,0.0,0.43517014386579606,0.33726190476190476,0.09790823910389129,0.39312656057279033,0.2669822816555697,0.12614427891722063
6,3,10,5,7,1239200.0,1248490.0,0.0074967721110393805,0.08,0.10703851261620197,0,0.4,0.2857142857142857,0.2857142857142857,0.0,0.6497736218233114,0.6624228152799583,0.012649193456646834,0.6070536412370584,0.6232993709347887,0.016245729697730305,0.16666666666666666,0.0,0.16666666666666666,0.5914025587938632,0.5273919413919415,0.06401061740192171,0.5415625814432348,0.47261911930870404,0.06894346213453073,0.16666666666666666,0.0,0.16666666666666666,0.5914025587938632,0.5273919413919415,0.06401061740192171,0.5415625814432348,0.47261911930870404,0.06894346213453073,0.16666666666666666,0.0,0.16666666666666666,0.5914025587938632,0.5273919413919415,0.06401061740192171,0.5415625814432348,0.47261911930870404,0.06894346213453073
6,3,12,6,7,1239200.0,1236966.0,0.0018060318553622331,0.08,0.06958831341301465,0,0.05,0.14285714285714285,0.14285714285714285,0.0,0.26433235501558483,0.319435165370496,0.05510281035491116,0.22750953073531824,0.2739600093575434,0.04645047862222515,0.0,0.0,0.0,0.1417210808515156,0.20600769293224533,0.06428661208072972,0.0987611191912046,0.1529533442504673,0.0541922250592627,0.0,0.0,0.0,0.1417210808515156,0.20600769293224533,0.06428661208072972,0.0987611191912046,0.1529533442504673,0.0541922250592627,0.0,0.0,0.0,0.1417210808515156,0.20600769293224533,0.06428661208072972,0.0987611191912046,0.1529533442504673,0.0541922250592627
6,3,12,6,7,1239200.0,1236966.0,0.0018060318553622331,0.08,0.06958831341301465,0,0.1,0.14285714285714285,0.14285714285714285,0.0,0.3895024230427957,0.4351664578875028,0.0456640348447071,0.3575737912268759,0.3908575187256052,0.03328372749872932,0.0,0.0,0.0,0.28775282688326165,0.3410275342020866,0.05327470731882494,0.2505027564313552,0.2893337718465394,0.03883101541518419,0.0,0.0,0.0,0.28775282688326165,0.3410275342020866,0.05327470731882494,0.2505027564313552,0.2893337718465394,0.03883101541518419,0.0,0.0,0.0,0.28775282688326165,0.3410275342020866,0.05327470731882494,0.2505027564313552,0.2893337718465394,0.03883101541518419
6,3,12,6,7,1239200.0,1236966.0,0.0018060318553622331,0.08,0.06958831341301465,0,0.2,0.14285714285714285,0.2857142857142857,0.14285714285714285,0.5158601233135395,0.5484604711449798,0.03260034783144028,0.4798227662052489,0.5117396519174608,0.03191688571221196,0.0,0.16666666666666666,0.16666666666666666,0.43517014386579606,0.47320388300247634,0.03803373913668029,0.39312656057279033,0.4303629272370377,0.037236366664247345,0.0,0.16666666666666666,0.16666666666666666,0.43517014386579606,0.47320388300247634,0.03803373913668029,0.39312656057279033,0.4303629272370377,0.037236366664247345,0.0,0.16666666666666666,0.16666666666666666,0.43517014386579606,0.47320388300247634,0.03803373913668029,0.39312656057279033,0.4303629272370377,0.037236366664247345
6,3,12,6,7,1239200.0,1236966.0,0.0018060318553622331,0.08,0.06958831341301465,0,0.4,0.2857142857142857,0.2857142857142857,0.0,0.6497736218233114,0.7041049028306975,0.054331281007386045,0.6070536412370584,0.6498552014590968,0.042801560222038404,0.16666666666666666,0.16666666666666666,0.0,0.5914025587938632,0.6547890533024804,0.06338649450861722,0.5415625814432348,0.591497735035613,0.04993515359237821,0.16666666666666666,0.16666666666666666,0.0,0.5914025587938632,0.6547890533024804,0.06338649450861722,0.5415625814432348,0.591497735035613,0.04993515359237821,0.16666666666666666,0.16666666666666666,0.0,0.5914025587938632,0.6547890533024804,0.06338649450861722,0.5415625814432348,0.591497735035613,0.04993515359237821
6,3,14,7,7,1239200.0,1254971.0,0.012726759199483538,0.04,0.011155378486055897,0,0.05,0.14285714285714285,0.14285714285714285,0.0,0.26433235501558483,0.3068225089719042,0.04249015395631939,0.22750953073531824,0.25704302532630857,0.029533494590990333,0.0,0.0,0.0,0.1417210808515156,0.19129292713388824,0.04957184628237263,0.0987611191912046,0.13321686288069332,0.03445574368948871,0.0,0.0,0.0,0.1417210808515156,0.19129292713388824,0.04957184628237263,0.0987611191912046,0.13321686288069332,0.03445574368948871,0.0,0.0,0.0,0.1417210808515156,0.19129292713388824,0.04957184628237263,0.0987611191912046,0.13321686288069332,0.03445574368948871
6,3,14,7,7,1239200.0,1254971.0,0.012726759199483538,0.04,0.011155378486055897,0,0.1,0.14285714285714285,0.14285714285714285,0.0,0.3895024230427957,0.4015727775003682,0.012070354457572485,0.3575737912268759,0.347156201055317,0.010417590171558855,0.0,0.0,0.0,0.28775282688326165,0.3018349070837629,0.014082080200501279,0.2505027564313552,0.23834890123120323,0.012153855200151997,0.0,0.0,0.0,0.28775282688326165,0.3018349070837629,0.014082080200501279,0.2505027564313552,0.23834890123120323,0.012153855200151997,0.0,0.0,0.0,0.28775282688326165,0.3018349070837629,0.014082080200501279,0.2505027564313552,0.23834890123120323,0.012153855200151997
6,3,14,7,7,1239200.0,1254971.0,0.012726759199483538,0.04,0.011155378486055897,0,0.2,0.14285714285714285,0.2857142857142857,0.14285714285714285,0.5158601233135395,0.5375286490234185,0.021668525709878983,0.4798227662052489,0.48923619717388167,0.009413430968632786,0.0,0.16666666666666666,0.16666666666666666,0.43517014386579606,0.4604500905273216,0.025279946661525554,0.39312656057279033,0.40410889670286193,0.010982336130071602,0.0,0.16666666666666666,0.16666666666666666,0.43517014386579606,0.4604500905273216,0.025279946661525554,0.39312656057279033,0.40410889670286193,0.010982336130071602,0.0,0.16666666666666666,0.16666666666666666,0.43517014386579606,0.4604500905273216,0.025279946661525554,0.39312656057279033,0.40410889670286193,0.010982336130071602
6,3,14,7,7,1239200.0,1254971.0,0.012726759199483538,0.04,0.011155378486055897,0,0.4,0.2857142857142857,0.2857142857142857,0.0,0.6497736218233114,0.6786307024129842,0.028857080589672734,0.6070536412370584,0.6110873884072682,0.004033747170209767,0.16666666666666666,0.16666666666666666,0.0,0.5914025587938632,0.6250691528151483,0.033666594021285134,0.5415625814432348,0.5462686198084795,0.004706038365244747,0.16666666666666666,0.16666666666666666,0.0,0.5914025587938632,0.6250691528151483,0.033666594021285134,0.5415625814432348,0.5462686198084795,0.004706038365244747,0.16666666666666666,0.16666666666666666,0.0,0.5914025587938632,0.6250691528151483,0.033666594021285134,0.5415625814432348,0.5462686198084795,0.004706038365244747
6,3,16,8,7,1239200.0,1239020.0,0.00014527610530903456,0.14,0.09349269588313418,0,0.05,0.14285714285714285,0.0,0.14285714285714285,0.26433235501558483,0.3041290429215164,0.03979668790593155,0.22750953073531824,0.26612951940625534,0.038619988670937105,0.0,0.0,0.0,0.1417210808515156,0.1543520886615516,0.012631007810035982,0.0987611191912046,0.1078725893046798,0.009111470113475198,0.0,0.0,0.0,0.1417210808515156,0.1543520886615516,0.012631007810035982,0.0987611191912046,0.1078725893046798,0.009111470113475198,0.0,0.0,0.0,0.1417210808515156,0.1543520886615516,0.012631007810035982,0.0987611191912046,0.1078725893046798,0.009111470113475198
6,3,16,8,7,1239200.0,1239020.0,0.00014527610530903456,0.14,0.09349269588313418,0,0.1,0.14285714285714285,0.2857142857142857,0.14285714285714285,0.3895024230427957,0.4507276823772987,0.06122525933450301,0.3575737912268759,0.40906622727337083,0.05149243604649495,0.0,0.0,0.0,0.28775282688326165,0.23101875532821822,0.056734071555043425,0.2505027564313552,0.17269271818271922,0.077810038248636,0.0,0.0,0.0,0.28775282688326165,0.23101875532821822,0.056734071555043425,0.2505027564313552,0.17269271818271922,0.077810038248636,0.0,0.0,0.0,0.28775282688326165,0.23101875532821822,0.056734071555043425,0.2505027564313552,0.17269271818271922,0.077810038248636
6,3,16,8,7,1239200.0,1239020.0,0.00014527610530903456,0.14,0.09349269588313418,0,0.2,0.14285714285714285,0.2857142857142857,0.14285714285714285,0.5158601233135395,0.5459094507368164,0.030049327423276928,0.4798227662052489,0.4975592189587562,0.017736452753507326,0.0,0.0,0.0,0.43517014386579606,0.3642732310315431,0.07089691283425298,0.39312656057279033,0.2965829065422586,0.09654365403053172,0.0,0.0,0.0,0.43517014386579606,0.3642732310315431,0.07089691283425298,0.39312656057279033,0.2965829065422586,0.09654365403053172,0.0,0.0,0.0,0.43517014386579606,0.3642732310315431,0.07089691283425298,0.39312656057279033,0.2965829065422586,0.09654365403053172
6,3,16,8,7,1239200.0,1239020.0,0.00014527610530903456,0.14,0.09349269588313418,0,0.4,0.2857142857142857,0.2857142857142857,0.0,0.6497736218233114,0.6631485202776763,0.013374898454364903,0.6070536412370584,0.6112171867334701,0.004163545496411736,0.16666666666666666,0.0,0.16666666666666666,0.5914025587938632,0.5284079283887468,0.06299463040511633,0.5415625814432348,0.455704061426858,0.08585852001637678,0.16666666666666666,0.0,0.16666666666666666,0.5914025587938632,0.5284079283887468,0.06299463040511633,0.5415625814432348,0.455704061426858,0.08585852001637678,0.16666666666666666,0.0,0.16666666666666666,0.5914025587938632,0.5284079283887468,0.06299463040511633,0.5415625814432348,0.455704061426858,0.08585852001637678
6,3,18,9,7,1239200.0,1247055.0,0.006338766946417043,0.16,0.048871181938911,0,0.05,0.14285714285714285,0.0,0.14285714285714285,0.26433235501558483,0.1695238095238095,0.09480854549177534,0.22750953073531824,0.13247154038291487,0.09503799035240337,0.0,0.0,0.0,0.1417210808515156,0.07066666666666667,0.07105441418484894,0.0987611191912046,0.04048454292709241,0.058276576264112194,0.0,0.0,0.0,0.1417210808515156,0.07066666666666667,0.07105441418484894,0.0987611191912046,0.04048454292709241,0.058276576264112194,0.0,0.0,0.0,0.1417210808515156,0.07066666666666667,0.07105441418484894,0.0987611191912046,0.04048454292709241,0.058276576264112194
6,3,18,9,7,1239200.0,1247055.0,0.006338766946417043,0.16,0.048871181938911,0,0.1,0.14285714285714285,0.0,0.14285714285714285,0.3895024230427957,0.23079365079365077,0.15870877224914492,0.3575737912268759,0.1894732566751293,0.1681005345517466,0.0,0.0,0.0,0.28775282688326165,0.1231111111111111,0.16464171577215053,0.2505027564313552,0.07994474641940644,0.17055801001194879,0.0,0.0,0.0,0.28775282688326165,0.1231111111111111,0.16464171577215053,0.2505027564313552,0.07994474641940644,0.17055801001194879,0.0,0.0,0.0,0.28775282688326165,0.1231111111111111,0.16464171577215053,0.2505027564313552,0.07994474641940644,0.17055801001194879
6,3,18,9,7,1239200.0,1247055.0,0.006338766946417043,0.16,0.048871181938911,0,0.2,0.14285714285714285,0.14285714285714285,0.0,0.5158601233135395,0.3696825396825397,0.14617758363099975,0.4798227662052489,0.3483044457082734,0.13151832049697548,0.0,0.0,0.0,0.43517014386579606,0.21755555555555556,0.2176145883102405,0.39312656057279033,0.18239746582164798,0.21072909475114235,0.0,0.0,0.0,0.43517014386579606,0.21755555555555556,0.2176145883102405,0.39312656057279033,0.18239746582164798,0.21072909475114235,0.0,0.0,0.0,0.43517014386579606,0.21755555555555556,0.2176145883102405,0.39312656057279033,0.18239746582164798,0.21072909475114235
6,3,18,9,7,1239200.0,1247055.0,0.006338766946417043,0.16,0.048871181938911,0,0.4,0.2857142857142857,0.14285714285714285,0.14285714285714285,0.6497736218233114,0.566984126984127,0.08278949483918441,0.6070536412370584,0.5326727809092908,0.07438086032776758,0.16666666666666666,0.0,0.16666666666666666,0.5914025587938632,0.4271111111111111,0.16429144768275206,0.5415625814432348,0.36959810242333396,0.1719644790199008,0.16666666666666666,0.0,0.16666666666666666,0.5914025587938632,0.4271111111111111,0.16429144768275206,0.5415625814432348,0.36959810242333396,0.1719644790199008,0.16666666666666666,0.0,0.16666666666666666,0.5914025587938632,0.4271111111111111,0.16429144768275206,0.5415625814432348,0.36959810242333396,0.1719644790199008
6,3,20,10,7,1239200.0,1249913.0,0.008645093608779858,0.08,0.0722443559096946,0,0.05,0.14285714285714285,0.14285714285714285,0.0,0.26433235501558483,0.33440499945797714,0.0700726444423923,0.22750953073531824,0.3010360875363176,0.07352655680099937,0.0,0.0,0.0,0.1417210808515156,0.1253098563840252,0.01641122446749041,0.0987611191912046,0.08811718921751129,0.010643929973693317,0.0,0.0,0.0,0.1417210808515156,0.1253098563840252,0.01641122446749041,0.0987611191912046,0.08811718921751129,0.010643929973693317,0.0,0.0,0.0,0.1417210808515156,0.1253098563840252,0.01641122446749041,0.0987611191912046,0.08811718921751129,0.010643929973693317
6,3,20,10,7,1239200.0,1249913.0,0.008645093608779858,0.08,0.0722443559096946,0,0.1,0.14285714285714285,0.2857142857142857,0.14285714285714285,0.3895024230427957,0.42609960372108713,0.03659718067829143,0.3575737912268759,0.3928143541846994,0.03524056295782352,0.0,0.0,0.0,0.28775282688326165,0.19653944520952193,0.09121338167373971,0.2505027564313552,0.14994009585857912,0.1005626605727761,0.0,0.0,0.0,0.28775282688326165,0.19653944520952193,0.09121338167373971,0.2505027564313552,0.14994009585857912,0.1005626605727761,0.0,0.0,0.0,0.28775282688326165,0.19653944520952193,0.09121338167373971,0.2505027564313552,0.14994009585857912,0.1005626605727761
6,3,20,10,7,1239200.0,1249913.0,0.008645093608779858,0.08,0.0722443559096946,0,0.2,0.14285714285714285,0.2857142857142857,0.14285714285714285,0.5158601233135395,0.5080703184283747,0.007789804885164786,0.4798227662052489,0.4474958245762248,0.03232694162902411,0.0,0.0,0.0,0.43517014386579606,0.31129844579972454,0.12387169806607151,0.39312656057279033,0.22649415440671467,0.16663240616607566,0.0,0.0,0.0,0.43517014386579606,0.31129844579972454,0.12387169806607151,0.39312656057279033,0.22649415440671467,0.16663240616607566,0.0,0.0,0.0,0.43517014386579606,0.31129844579972454,0.12387169806607151,0.39312656057279033,0.22649415440671467,0.16663240616607566
6,3,20,10,7,1239200.0,1249913.0,0.008645093608779858,0.08,0.0722443559096946,0,0.4,0.2857142857142857,0.2857142857142857,0.0,0.6497736218233114,0.6210082026121485,0.028765419211162935,0.6070536412370584,0.5772111809886449,0.029842460248413527,0.16666666666666666,0.0,0.16666666666666666,0.5914025587938632,0.4694114836570079,0.12199107513685525,0.5415625814432348,0.40809565338410286,0.1334669280591319,0.16666666666666666,0.0,0.16666666666666666,0.5914025587938632,0.4694114836570079,0.12199107513685525,0.5415625814432348,0.40809565338410286,0.1334669280591319,0.16666666666666666,0.0,0.16666666666666666,0.5914025587938632,0.4694114836570079,0.12199107513685525,0.5415625814432348,0.40809565338410286,0.1334669280591319
6,3,22,11,7,1239200.0,1240913.0,0.00138234344738541,0.1,0.07596281540504644,0,0.05,0.14285714285714285,0.0,0.14285714285714285,0.26433235501558483,0.21421771607193602,0.050114638943648815,0.22750953073531824,0.1570493160788305,0.07046021465648775,0.0,0.0,0.0,0.1417210808515156,0.05823813583404376,0.08348294501747185,0.0987611191912046,0.023959829955086092,0.0748012892361185,0.0,0.0,0.0,0.1417210808515156,0.05823813583404376,0.08348294501747185,0.0987611191912046,0.023959829955086092,0.0748012892361185,0.0,0.0,0.0,0.1417210808515156,0.05823813583404376,0.08348294501747185,0.0987611191912046,0.023959829955086092,0.0748012892361185
6,3,22,11,7,1239200.0,1240913.0,0.00138234344738541,0.1,0.07596281540504644,0,0.1,0.14285714285714285,0.14285714285714285,0.0,0.3895024230427957,0.3554895871392035,0.03401283590359222,0.3575737912268759,0.3148167550003292,0.042757036226546696,0.0,0.0,0.0,0.28775282688326165,0.17268542199488493,0.11506740488837672,0.2505027564313552,0.14059078524473562,0.1099119711866196,0.0,0.0,0.0,0.28775282688326165,0.17268542199488493,0.11506740488837672,0.2505027564313552,0.14059078524473562,0.1099119711866196,0.0,0.0,0.0,0.28775282688326165,0.17268542199488493,0.11506740488837672,0.2505027564313552,0.14059078524473562,0.1099119711866196
6,3,22,11,7,1239200.0,1240913.0,0.00138234344738541,0.1,0.07596281540504644,0,0.2,0.14285714285714285,0.2857142857142857,0.14285714285714285,0.5158601233135395,0.4950554134697357,0.02080470984380378,0.4798227662052489,0.4721655009233193,0.0076572652819295595,0.0,0.0,0.0,0.43517014386579606,0.29307757885763,0.14209256500816608,0.39312656057279033,0.261031701292647,0.1320948592801433,0.0,0.0,0.0,0.43517014386579606,0.29307757885763,0.14209256500816608,0.39312656057279033,0.261031701292647,0.1320948592801433,0.0,0.0,0.0,0.43517014386579606,0.29307757885763,0.14209256500816608,0.39312656057279033,0.261031701292647,0.1320948592801433
6,3,22,11,7,1239200.0,1240913.0,0.00138234344738541,0.1,0.07596281540504644,0,0.4,0.2857142857142857,0.2857142857142857,0.0,0.6497736218233114,0.6232327490639511,0.026540872759360346,0.6070536412370584,0.5675919502035075,0.039461691033550905,0.16666666666666666,0.0,0.16666666666666666,0.5914025587938632,0.4725258486895316,0.11887671010433154,0.5415625814432348,0.3946287302849104,0.14693385115832436,0.16666666666666666,0.0,0.16666666666666666,0.5914025587938632,0.4725258486895316,0.11887671010433154,0.5415625814432348,0.3946287302849104,0.14693385115832436,0.16666666666666666,0.0,0.16666666666666666,0.5914025587938632,0.4725258486895316,0.11887671010433154,0.5415625814432348,0.3946287302849104,0.14693385115832436
6,3,24,12,7,1239200.0,1261586.0,0.018064880568108458,0.12,0.04594953519256309,0,0.05,0.14285714285714285,0.0,0.14285714285714285,0.26433235501558483,0.24473308011228903,0.0195992749032958,0.22750953073531824,0.17021920508419347,0.05729032565112477,0.0,0.0,0.0,0.1417210808515156,0.1369120264429189,0.004809054408596719,0.0987611191912046,0.06175214589570027,0.03700897329550433,0.0,0.0,0.0,0.1417210808515156,0.2140933553690991,0.07237227451758349,0.0987611191912046,0.12749902520486073,0.028737906013656125,0.0,0.0,0.0,0.1417210808515156,0.2140933553690991,0.07237227451758349,0.0987611191912046,0.12749902520486073,0.028737906013656125
6,3,24,12,7,1239200.0,1261586.0,0.018064880568108458,0.12,0.04594953519256309,0,0.1,0.14285714285714285,0.0,0.14285714285714285,0.3895024230427957,0.2943265254232891,0.09517589761950662,0.3575737912268759,0.2175496056390654,0.1400241855878105,0.0,0.0,0.0,0.28775282688326165,0.17777142130689044,0.1099814055763712,0.2505027564313552,0.1049499357404515,0.14555282069090372,0.0,0.0,0.0,0.28775282688326165,0.24814285108907538,0.039609975794186264,0.2505027564313552,0.1634971834088201,0.08700557302253512,0.0,0.0,0.0,0.28775282688326165,0.24814285108907538,0.039609975794186264,0.2505027564313552,0.1634971834088201,0.08700557302253512
6,3,24,12,7,1239200.0,1261586.0,0.018064880568108458,0.12,0.04594953519256309,0,0.2,0.14285714285714285,0.14285714285714285,0.0,0.5158601233135395,0.44602123839619756,0.06983888491734191,0.4798227662052489,0.3807026506516532,0.09912011555359568,0.0,0.0,0.0,0.43517014386579606,0.2815725908975336,0.15359755296826244,0.39312656057279033,0.20818118326618476,0.18494537730660557,0.0,0.16666666666666666,0.16666666666666666,0.43517014386579606,0.4013104924146114,0.033859651451184636,0.39312656057279033,0.340150986055154,0.05297557451763635,0.0,0.16666666666666666,0.16666666666666666,0.43517014386579606,0.4013104924146114,0.033859651451184636,0.39312656057279033,0.340150986055154,0.05297557451763635
6,3,24,12,7,1239200.0,1261586.0,0.018064880568108458,0.12,0.04594953519256309,0,0.4,0.2857142857142857,0.2857142857142857,0.0,0.6497736218233114,0.6322940503432495,0.01747957148006196,0.6070536412370584,0.5736923221914199,0.03336131904563855,0.16666666666666666,0.0,0.16666666666666666,0.5914025587938632,0.4852116704805492,0.10619088831331397,0.5415625814432348,0.40316925106798784,0.13839333037524693,0.16666666666666666,0.16666666666666666,0.0,0.5914025587938632,0.5710097254004577,0.020392833393405474,0.5415625814432348,0.5026410425566565,0.03892153888657823,0.16666666666666666,0.16666666666666666,0.0,0.5914025587938632,0.5710097254004577,0.020392833393405474,0.5415625814432348,0.5026410425566565,0.03892153888657823
6,3,26,13,7,1239200.0,1251866.0,0.010221110393802453,0.14,0.0658698539176626,0,0.05,0.14285714285714285,0.0,0.14285714285714285,0.26433235501558483,0.1910504781622794,0.07328187685330542,0.22750953073531824,0.14453492693156825,0.08297460380374999,0.0,0.0,0.0,0.1417210808515156,0.10747066942719115,0.03425041142432446,0.0987611191912046,0.05332786669654591,0.04543325249465869,0.0,0.0,0.0,0.1417210808515156,0.18955889118932598,0.04783781033781037,0.0987611191912046,0.12909948219407116,0.03033836300286656,0.0,0.0,0.0,0.1417210808515156,0.18955889118932598,0.04783781033781037,0.0987611191912046,0.12909948219407116,0.03033836300286656
6,3,26,13,7,1239200.0,1251866.0,0.010221110393802453,0.14,0.0658698539176626,0,0.1,0.14285714285714285,0.0,0.14285714285714285,0.3895024230427957,0.2968268237882491,0.0926755992545466,0.3575737912268759,0.23778113844146698,0.1197926527854089,0.0,0.0,0.0,0.28775282688326165,0.17555755330354872,0.11219527357971293,0.2505027564313552,0.12019097077060317,0.13031178566075205,0.0,0.0,0.0,0.28775282688326165,0.24629796108629062,0.041454865796971024,0.2505027564313552,0.18481873558911888,0.06568402084223635,0.0,0.0,0.0,0.28775282688326165,0.24629796108629062,0.041454865796971024,0.2505027564313552,0.18481873558911888,0.06568402084223635
6,3,26,13,7,1239200.0,1251866.0,0.010221110393802453,0.14,0.0658698539176626,0,0.2,0.14285714285714285,0.14285714285714285,0.0,0.5158601233135395,0.42276589506893536,0.09309422824460412,0.4798227662052489,0.3866463274961372,0.09317643870911169,0.0,0.0,0.0,0.43517014386579606,0.23187225309650938,0.20329789076928667,0.39312656057279033,0.1860809778975771,0.20704558267521322,0.0,0.16666666666666666,0.16666666666666666,0.43517014386579606,0.3598935442470912,0.07527659961870486,0.39312656057279033,0.3217341482479809,0.07139241232480942,0.0,0.16666666666666666,0.16666666666666666,0.43517014386579606,0.3598935442470912,0.07527659961870486,0.39312656057279033,0.3217341482479809,0.07139241232480942
6,3,26,13,7,1239200.0,1251866.0,0.010221110393802453,0.14,0.0658698539176626,0,0.4,0.2857142857142857,0.2857142857142857,0.0,0.6497736218233114,0.6125549380698122,0.03721868375349924,0.6070536412370584,0.5683847348384609,0.03866890639859755,0.16666666666666666,0.0,0.16666666666666666,0.5914025587938632,0.4575769132977371,0.13382564549612608,0.5415625814432348,0.39573862877384497,0.1458239526693898,0.16666666666666666,0.16666666666666666,0.0,0.5914025587938632,0.5479807610814477,0.0434217977124155,0.5415625814432348,0.4964488573115375,0.045113724131697286,0.16666666666666666,0.16666666666666666,0.0,0.5914025587938632,0.5479807610814477,0.0434217977124155,0.5415625814432348,0.4964488573115375,0.045113724131697286
6,3,28,14,7,1239200.0,1244175.0,0.00401468689477082,0.06,0.056042496679946874,0,0.05,0.14285714285714285,0.0,0.14285714285714285,0.26433235501558483,0.26122448979591834,0.0031078652196664946,0.22750953073531824,0.2100630221129912,0.01744650862232705,0.0,0.0,0.0,0.1417210808515156,0.1658730158730159,0.024151935021500287,0.0987611191912046,0.12125605223143356,0.022494933040228954,0.0,0.0,0.0,0.1417210808515156,0.1658730158730159,0.024151935021500287,0.0987611191912046,0.12125605223143356,0.022494933040228954,0.0,0.0,0.0,0.1417210808515156,0.1658730158730159,0.024151935021500287,0.0987611191912046,0.12125605223143356,0.022494933040228954
6,3,28,14,7,1239200.0,1244175.0,0.00401468689477082,0.06,0.056042496679946874,0,0.1,0.14285714285714285,0.14285714285714285,0.0,0.3895024230427957,0.42176870748299317,0.03226628444019747,0.3575737912268759,0.3817466584346825,0.024172867207806592,0.0,0.0,0.0,0.28775282688326165,0.3253968253968254,0.03764399851356376,0.2505027564313552,0.278704434840463,0.028201678409107755,0.0,0.0,0.0,0.28775282688326165,0.3253968253968254,0.03764399851356376,0.2505027564313552,0.278704434840463,0.028201678409107755,0.0,0.0,0.0,0.28775282688326165,0.3253968253968254,0.03764399851356376,0.2505027564313552,0.278704434840463,0.028201678409107755
6,3,28,14,7,1239200.0,1244175.0,0.00401468689477082,0.06,0.056042496679946874,0,0.2,0.14285714285714285,0.14285714285714285,0.0,0.5158601233135395,0.5608843537414966,0.04502423042795711,0.4798227662052489,0.512041625463797,0.03221885925854806,0.0,0.0,0.0,0.43517014386579606,0.48769841269841274,0.05252826883261669,0.39312656057279033,0.43071522970776316,0.03758866913497283,0.0,0.0,0.0,0.43517014386579606,0.48769841269841274,0.05252826883261669,0.39312656057279033,0.43071522970776316,0.03758866913497283,0.0,0.0,0.0,0.43517014386579606,0.48769841269841274,0.05252826883261669,0.39312656057279033,0.43071522970776316,0.03758866913497283
6,3,28,14,7,1239200.0,1244175.0,0.00401468689477082,0.06,0.056042496679946874,0,0.4,0.2857142857142857,0.2857142857142857,0.0,0.6497736218233114,0.7291208791208791,0.07934725729756764,0.6070536412370584,0.6692697687766197,0.062216127539561294,0.16666666666666666,0.16666666666666666,0.0,0.5914025587938632,0.6839743589743589,0.09257180018049571,0.5415625814432348,0.6141480635727229,0.07258548212948812,0.16666666666666666,0.16666666666666666,0.0,0.5914025587938632,0.6839743589743589,0.09257180018049571,0.5415625814432348,0.6141480635727229,0.07258548212948812,0.16666666666666666,0.16666666666666666,0.0,0.5914025587938632,0.6839743589743589,0.09257180018049571,0.5415625814432348,0.6141480635727229,0.07258548212948812
6,3,30,15,7,1239200.0,1249358.0,0.008197224015493868,0.1,0.07569721115537843,0,0.05,0.14285714285714285,0.0,0.14285714285714285,0.26433235501558483,0.2510170734960651,0.013315281519519717,0.22750953073531824,0.2286107924347721,0.0011012616994538482,0.0,0.0,0.0,0.1417210808515156,0.18634453781512605,0.04462345696361045,0.0987611191912046,0.1468992381566004,0.048138118965395785,0.0,0.0,0.0,0.1417210808515156,0.2510170734960651,0.1092959926445495,0.0987611191912046,0.2286107924347721,0.1298496732435675,0.0,0.0,0.0,0.1417210808515156,0.2510170734960651,0.1092959926445495,0.0987611191912046,0.2286107924347721,0.1298496732435675
6,3,30,15,7,1239200.0,1249358.0,0.008197224015493868,0.1,0.07569721115537843,0,0.1,0.14285714285714285,0.14285714285714285,0.0,0.3895024230427957,0.41696751164233803,0.02746508859954233,0.3575737912268759,0.37429022335789913,0.01671643213102325,0.0,0.0,0.0,0.28775282688326165,0.2726434051881622,0.015109421695099434,0.2505027564313552,0.21632996415334102,0.0341727922780142,0.0,0.14285714285714285,0.14285714285714285,0.28775282688326165,0.41696751164233803,0.12921468475907638,0.2505027564313552,0.37429022335789913,0.12378746692654391,0.0,0.14285714285714285,0.14285714285714285,0.28775282688326165,0.41696751164233803,0.12921468475907638,0.2505027564313552,0.37429022335789913,0.12378746692654391
6,3,30,15,7,1239200.0,1249358.0,0.008197224015493868,0.1,0.07569721115537843,0,0.2,0.14285714285714285,0.14285714285714285,0.0,0.5158601233135395,0.5603933602426477,0.044533236929108266,0.4798227662052489,0.5259105677046857,0.04608780149943681,0.0,0.0,0.0,0.43517014386579606,0.4067729265619291,0.028397217303866962,0.39312656057279033,0.36739512673676733,0.025731433836023,0.0,0.14285714285714285,0.14285714285714285,0.43517014386579606,0.5603933602426477,0.1252232163768517,0.39312656057279033,0.5259105677046857,0.13278400713189537,0.0,0.14285714285714285,0.14285714285714285,0.43517014386579606,0.5603933602426477,0.1252232163768517,0.39312656057279033,0.5259105677046857,0.13278400713189537
6,3,30,15,7,1239200.0,1249358.0,0.008197224015493868,0.1,0.07569721115537843,0,0.4,0.2857142857142857,0.42857142857142855,0.14285714285714285,0.6497736218233114,0.6793086799937367,0.029535058170425232,0.6070536412370584,0.6537509342583513,0.046697293021292885,0.16666666666666666,0.2,0.033333333333333354,0.5914025587938632,0.5510321519912313,0.04037040680263182,0.5415625814432348,0.5152513079616918,0.02631127348154294,0.16666666666666666,0.42857142857142855,0.26190476190476186,0.5914025587938632,0.6793086799937367,0.08790612119987351,0.5415625814432348,0.6537509342583513,0.11218835281511652,0.16666666666666666,0.42857142857142855,0.26190476190476186,0.5914025587938632,0.6793086799937367,0.08790612119987351,0.5415625814432348,0.6537509342583513,0.11218835281511652
6,3,32,16,7,1239200.0,1244383.0,0.004182537120723047,0.1,0.04594953519256308,0,0.05,0.14285714285714285,0.0,0.14285714285714285,0.26433235501558483,0.15598442275460908,0.10834793226097575,0.22750953073531824,0.10298641414709411,0.12452311658822413,0.0,0.0,0.0,0.1417210808515156,0.08980676328502415,0.05191431756649145,0.0987611191912046,0.07043405562740361,0.02832706356380099,0.0,0.0,0.0,0.1417210808515156,0.08980676328502415,0.05191431756649145,0.0987611191912046,0.07043405562740361,0.02832706356380099,0.0,0.0,0.0,0.1417210808515156,0.08980676328502415,0.05191431756649145,0.0987611191912046,0.07043405562740361,0.02832706356380099
6,3,32,16,7,1239200.0,1244383.0,0.004182537120723047,0.1,0.04594953519256308,0,0.1,0.14285714285714285,0.0,0.14285714285714285,0.3895024230427957,0.26809129448881003,0.12141112855398567,0.3575737912268759,0.19360626694676794,0.16396752428010794,0.0,0.0,0.0,0.28775282688326165,0.15628019323671496,0.13147263364654668,0.2505027564313552,0.10640891846380943,0.1440938379675458,0.0,0.0,0.0,0.28775282688326165,0.15628019323671496,0.13147263364654668,0.2505027564313552,0.10640891846380943,0.1440938379675458,0.0,0.0,0.0,0.28775282688326165,0.15628019323671496,0.13147263364654668,0.2505027564313552,0.10640891846380943,0.1440938379675458
6,3,32,16,7,1239200.0,1244383.0,0.004182537120723047,0.1,0.04594953519256308,0,0.2,0.14285714285714285,0.14285714285714285,0.0,0.5158601233135395,0.3601547865523021,0.15570533676123738,0.4798227662052489,0.31215424873584746,0.16766851746940142,0.0,0.0,0.0,0.43517014386579606,0.21850241545893717,0.21666772840685888,0.39312656057279033,0.15170789135814855,0.24141866921464178,0.0,0.0,0.0,0.43517014386579606,0.21850241545893717,0.21666772840685888,0.39312656057279033,0.15170789135814855,0.24141866921464178,0.0,0.0,0.0,0.43517014386579606,0.21850241545893717,0.21666772840685888,0.39312656057279033,0.15170789135814855,0.24141866921464178
6,3,32,16,7,1239200.0,1244383.0,0.004182537120723047,0.1,0.04594953519256308,0,0.4,0.2857142857142857,0.14285714285714285,0.14285714285714285,0.6497736218233114,0.5086315685694568,0.14114205325385465,0.6070536412370584,0.49182462696238755,0.11522901427467086,0.16666666666666666,0.0,0.16666666666666666,0.5914025587938632,0.36922705314009663,0.22217550565376654,0.5415625814432348,0.33752762150721616,0.2040349599360186,0.16666666666666666,0.0,0.16666666666666666,0.5914025587938632,0.36922705314009663,0.22217550565376654,0.5415625814432348,0.33752762150721616,0.2040349599360186,0.16666666666666666,0.0,0.16666666666666666,0.5914025587938632,0.36922705314009663,0.22217550565376654,0.5415625814432348,0.33752762150721616,0.2040349599360186
6,3,34,17,7,1239200.0,1248876.0,0.007808263395739186,0.14,0.07118193891102251,0,0.05,0.14285714285714285,0.0,0.14285714285714285,0.26433235501558483,0.14531306621532183,0.119019288800263,0.22750953073531824,0.12772046049300237,0.09978907024231587,0.0,0.0,0.0,0.1417210808515156,0.05581924508240297,0.08590183576911264,0.0987611191912046,0.03722847202554136,0.06153264716566324,0.0,0.0,0.0,0.1417210808515156,0.05581924508240297,0.08590183576911264,0.0987611191912046,0.03722847202554136,0.06153264716566324,0.0,0.0,0.0,0.1417210808515156,0.05581924508240297,0.08590183576911264,0.0987611191912046,0.03722847202554136,0.06153264716566324
6,3,34,17,7,1239200.0,1248876.0,0.007808263395739186,0.14,0.07118193891102251,0,0.1,0.14285714285714285,0.0,0.14285714285714285,0.3895024230427957,0.27845284206186466,0.11104958098093104,0.3575737912268759,0.2797967972989716,0.07777699392790427,0.0,0.0,0.0,0.28775282688326165,0.1469768360294676,0.14077599085379405,0.2505027564313552,0.14713311249365965,0.10336964393769557,0.0,0.0,0.0,0.28775282688326165,0.1469768360294676,0.14077599085379405,0.2505027564313552,0.14713311249365965,0.10336964393769557,0.0,0.0,0.0,0.28775282688326165,0.1469768360294676,0.14077599085379405,0.2505027564313552,0.14713311249365965,0.10336964393769557
6,3,34,17,7,1239200.0,1248876.0,0.007808263395739186,0.14,0.07118193891102251,0,0.2,0.14285714285714285,0.14285714285714285,0.0,0.5158601233135395,0.4905922815697252,0.0252678417438143,0.4798227662052489,0.4364429876620713,0.043379778543177594,0.0,0.0,0.0,0.43517014386579606,0.32016252753094854,0.11500761633484752,0.39312656057279033,0.25096101112926655,0.14216554944352378,0.0,0.0,0.0,0.43517014386579606,0.32016252753094854,0.11500761633484752,0.39312656057279033,0.25096101112926655,0.14216554944352378,0.0,0.0,0.0,0.43517014386579606,0.32016252753094854,0.11500761633484752,0.39312656057279033,0.25096101112926655,0.14216554944352378
6,3,34,17,7,1239200.0,1248876.0,0.007808263395739186,0.14,0.07118193891102251,0,0.4,0.2857142857142857,0.2857142857142857,0.0,0.6497736218233114,0.6200106326422116,0.029762989181099875,0.6070536412370584,0.570943451262581,0.03611018997447746,0.16666666666666666,0.0,0.16666666666666666,0.5914025587938632,0.4680148856990963,0.12338767309476689,0.5415625814432348,0.39932083176761335,0.14224174967562142,0.16666666666666666,0.0,0.16666666666666666,0.5914025587938632,0.4680148856990963,0.12338767309476689,0.5415625814432348,0.39932083176761335,0.14224174967562142,0.16666666666666666,0.0,0.16666666666666666,0.5914025587938632,0.4680148856990963,0.12338767309476689,0.5415625814432348,0.39932083176761335,0.14224174967562142
6,3,36,18,7,1239200.0,1244191.0,0.004027598450613299,0.1,0.02071713147410358,0,0.05,0.14285714285714285,0.14285714285714285,0.0,0.26433235501558483,0.24033816425120774,0.023994190764377088,0.22750953073531824,0.22052798593664075,0.0069815447986774914,0.0,0.0,0.0,0.1417210808515156,0.09202898550724638,0.04969209534426923,0.0987611191912046,0.07265557195046093,0.026105547240743668,0.0,0.0,0.0,0.1417210808515156,0.11372785829307568,0.02799322255843993,0.0987611191912046,0.09061598359274751,0.008145135598457087,0.0,0.0,0.0,0.1417210808515156,0.11372785829307568,0.02799322255843993,0.0987611191912046,0.09061598359274751,0.008145135598457087
6,3,36,18,7,1239200.0,1244191.0,0.004027598450613299,0.1,0.02071713147410358,0,0.1,0.14285714285714285,0.14285714285714285,0.0,0.3895024230427957,0.3219461697722567,0.06755625327053899,0.3575737912268759,0.2895204008467262,0.06805339038014968,0.0,0.0,0.0,0.28775282688326165,0.16183574879227053,0.12591707809099112,0.2505027564313552,0.1087389022195201,0.14176385421183513,0.0,0.0,0.0,0.28775282688326165,0.20893719806763286,0.07881562881562879,0.2505027564313552,0.1711071343211806,0.07939562211017462,0.0,0.0,0.0,0.28775282688326165,0.20893719806763286,0.07881562881562879,0.2505027564313552,0.1711071343211806,0.07939562211017462
6,3,36,18,7,1239200.0,1244191.0,0.004027598450613299,0.1,0.02071713147410358,0,0.2,0.14285714285714285,0.14285714285714285,0.0,0.5158601233135395,0.42908902691511386,0.08677109639842562,0.4798227662052489,0.3755464001056278,0.1042763660996211,0.0,0.0,0.0,0.43517014386579606,0.2896135265700483,0.14555661729574776,0.39312656057279033,0.20519290294215833,0.187933657630632,0.0,0.0,0.0,0.43517014386579606,0.33393719806763283,0.10123294579816322,0.39312656057279033,0.27147080012323244,0.12165576044955789,0.0,0.0,0.0,0.43517014386579606,0.33393719806763283,0.10123294579816322,0.39312656057279033,0.27147080012323244,0.12165576044955789
6,3,36,18,7,1239200.0,1244191.0,0.004027598450613299,0.1,0.02071713147410358,0,0.4,0.2857142857142857,0.14285714285714285,0.14285714285714285,0.6497736218233114,0.597333136153012,0.052440485670299464,0.6070536412370584,0.5621981992088065,0.04485544202825187,0.16666666666666666,0.0,0.16666666666666666,0.5914025587938632,0.4807108350586612,0.11069172373520197,0.5415625814432348,0.43724249539397925,0.10432008604925552,0.16666666666666666,0.0,0.16666666666666666,0.5914025587938632,0.530221992178514,0.06118056661534921,0.5415625814432348,0.4892312324102743,0.052331349032960495,0.16666666666666666,0.0,0.16666666666666666,0.5914025587938632,0.530221992178514,0.06118056661534921,0.5415625814432348,0.4892312324102743,0.052331349032960495
6,3,38,19,7,1239200.0,1244383.0,0.004182537120723047,0.1,0.0241699867197875,0,0.05,0.14285714285714285,0.0,0.14285714285714285,0.26433235501558483,0.1958519487123606,0.06848040630322422,0.22750953073531824,0.15229308170999137,0.07521644902532687,0.0,0.0,0.0,0.1417210808515156,0.09085939486397152,0.05086168598754409,0.0987611191912046,0.07170947966944699,0.02705163952175761,0.0,0.0,0.0,0.1417210808515156,0.1173828290533096,0.024338251798206006,0.0987611191912046,0.09392456639120582,0.004836552799998783,0.0,0.0,0.0,0.1417210808515156,0.1173828290533096,0.024338251798206006,0.0987611191912046,0.09392456639120582,0.004836552799998783
6,3,38,19,7,1239200.0,1244383.0,0.004182537120723047,0.1,0.0241699867197875,0,0.1,0.14285714285714285,0.0,0.14285714285714285,0.3895024230427957,0.31588936108386906,0.07361306195892664,0.3575737912268759,0.24271973169343378,0.1148540595334421,0.0,0.0,0.0,0.28775282688326165,0.17557843885075006,0.11217438803251159,0.2505027564313552,0.13278341735912116,0.11771933907223406,0.0,0.0,0.0,0.28775282688326165,0.2296486990422917,0.05810412784096994,0.2505027564313552,0.18773618113260096,0.06276657529875426,0.0,0.0,0.0,0.28775282688326165,0.2296486990422917,0.05810412784096994,0.2505027564313552,0.18773618113260096,0.06276657529875426
6,3,38,19,7,1239200.0,1244383.0,0.004182537120723047,0.1,0.0241699867197875,0,0.2,0.14285714285714285,0.14285714285714285,0.0,0.5158601233135395,0.4249119174748465,0.09094820583869295,0.4798227662052489,0.36676333583209153,0.11305943037315735,0.0,0.0,0.0,0.43517014386579606,0.2948766844647851,0.14029345940101096,0.39312656057279033,0.22096867016492813,0.1721578904078622,0.0,0.0,0.0,0.43517014386579606,0.32906390372065425,0.1061062401451418,0.39312656057279033,0.26122389180410677,0.13190266876868356,0.0,0.0,0.0,0.43517014386579606,0.32906390372065425,0.1061062401451418,0.39312656057279033,0.26122389180410677,0.13190266876868356
6,3,38,19,7,1239200.0,1244383.0,0.004182537120723047,0.1,0.0241699867197875,0,0.4,0.2857142857142857,0.14285714285714285,0.14285714285714285,0.6497736218233114,0.5994216908731457,0.05035193095016577,0.6070536412370584,0.5617980526409383,0.04525558859612011,0.16666666666666666,0.0,0.16666666666666666,0.5914025587938632,0.48919036722240383,0.10221219157145933,0.5415625814432348,0.42526727369731354,0.11629530774592123,0.16666666666666666,0.0,0.16666666666666666,0.5914025587938632,0.5326586393520032,0.05874391944185997,0.5415625814432348,0.48876439474776134,0.052798186695473426,0.16666666666666666,0.0,0.16666666666666666,0.5914025587938632,0.5326586393520032,0.05874391944185997,0.5415625814432348,0.48876439474776134,0.052798186695473426
7,3,9,4,8,1262365.0,1268134.0,0.004569993623080488,0.06,0.09349269588313419,0,0.05,0.125,0.125,0.0,0.31685253152644455,0.3053571428571428,0.01149538866930172,0.2762593746849481,0.27704936504348326,0.0007899903585351642,0.0,0.0,0.0,0.1605652801304975,0.06,0.10056528013049751,0.11697971269468489,0.04328980482377974,0.07368990787090515,0.0,0.0,0.0,0.1605652801304975,0.06,0.10056528013049751,0.11697971269468489,0.04328980482377974,0.07368990787090515,0.0,0.0,0.0,0.1605652801304975,0.06,0.10056528013049751,0.11697971269468489,0.04328980482377974,0.07368990787090515
7,3,9,4,8,1262365.0,1268134.0,0.004569993623080488,0.06,0.09349269588313419,0,0.1,0.125,0.25,0.125,0.44912714097496703,0.47321428571428575,0.024087144739318722,0.44746512576587943,0.48236128640502896,0.03489616063914952,0.0,0.0,0.0,0.31312190225233705,0.21428571428571427,0.09883618796662277,0.30700268134904146,0.22423707464148893,0.08276560670755254,0.0,0.0,0.0,0.31312190225233705,0.21428571428571427,0.09883618796662277,0.30700268134904146,0.22423707464148893,0.08276560670755254,0.0,0.0,0.0,0.31312190225233705,0.21428571428571427,0.09883618796662277,0.30700268134904146,0.22423707464148893,0.08276560670755254
7,3,9,4,8,1262365.0,1268134.0,0.004569993623080488,0.06,0.09349269588313419,0,0.2,0.375,0.375,0.0,0.6083498023715415,0.6105654761904762,0.002215673818934727,0.5860023983592157,0.5961035194689666,0.01010112110975081,0.16666666666666666,0.0,0.16666666666666666,0.4777997364953887,0.3769047619047619,0.1008949745906268,0.44800319781228776,0.35376563115034637,0.09423756666194139,0.16666666666666666,0.0,0.16666666666666666,0.4777997364953887,0.3769047619047619,0.1008949745906268,0.44800319781228776,0.35376563115034637,0.09423756666194139,0.16666666666666666,0.0,0.16666666666666666,0.4777997364953887,0.3769047619047619,0.1008949745906268,0.44800319781228776,0.35376563115034637,0.09423756666194139
7,3,9,4,8,1262365.0,1268134.0,0.004569993623080488,0.06,0.09349269588313419,0,0.4,0.5,0.5,0.0,0.7595496894409938,0.7855998168498168,0.026050127408823065,0.7385573654465916,0.7660444979254766,0.027487132478885012,0.3333333333333333,0.2,0.1333333333333333,0.679399585921325,0.656959706959707,0.02243987896161803,0.6514098205954555,0.6256711966807624,0.02573862391469306,0.3333333333333333,0.2,0.1333333333333333,0.679399585921325,0.656959706959707,0.02243987896161803,0.6514098205954555,0.6256711966807624,0.02573862391469306,0.3333333333333333,0.2,0.1333333333333333,0.679399585921325,0.656959706959707,0.02243987896161803,0.6514098205954555,0.6256711966807624,0.02573862391469306
7,3,11,5,8,1262365.0,1264368.0,0.0015867043208580719,0.14,0.09667994687915002,0,0.05,0.125,0.0,0.125,0.31685253152644455,0.274452906162465,0.042399625363979565,0.2762593746849481,0.23861036755107876,0.037649007133869344,0.0,0.0,0.0,0.1605652801304975,0.12769607843137254,0.03286920169912497,0.11697971269468489,0.0894241825730955,0.027555530121589386,0.0,0.0,0.0,0.1605652801304975,0.24927054154995332,0.08870526141945581,0.11697971269468489,0.23466250089869467,0.11768278820400978,0.0,0.0,0.0,0.1605652801304975,0.24927054154995332,0.08870526141945581,0.11697971269468489,0.23466250089869467,0.11768278820400978
7,3,11,5,8,1262365.0,1264368.0,0.0015867043208580719,0.14,0.09667994687915002,0,0.1,0.125,0.375,0.25,0.44912714097496703,0.517953431372549,0.06882629039758198,0.44746512576587943,0.507737064556183,0.060271938790303514,0.0,0.0,0.0,0.31312190225233705,0.2287254901960784,0.08439641205625864,0.30700268134904146,0.21237930328989257,0.09462337805914889,0.0,0.16666666666666666,0.16666666666666666,0.31312190225233705,0.35727124183006537,0.04414933957772832,0.30700268134904146,0.3436494194082438,0.03664673805920232,0.0,0.16666666666666666,0.16666666666666666,0.31312190225233705,0.35727124183006537,0.04414933957772832,0.30700268134904146,0.3436494194082438,0.03664673805920232
7,3,11,5,8,1262365.0,1264368.0,0.0015867043208580719,0.14,0.09667994687915002,0,0.2,0.375,0.375,0.0,0.6083498023715415,0.6076461834733894,0.0007036188981520697,0.5860023983592157,0.5854563868026953,0.0005460115565204537,0.16666666666666666,0.0,0.16666666666666666,0.4777997364953887,0.3722338935574229,0.10556584293796578,0.44800319781228776,0.3367302188843124,0.11127297892797533,0.16666666666666666,0.16666666666666666,0.0,0.4777997364953887,0.4768615779645191,0.0009381585308695928,0.44800319781228776,0.4472751824035937,0.0007280154086940493,0.16666666666666666,0.16666666666666666,0.0,0.4777997364953887,0.4768615779645191,0.0009381585308695928,0.44800319781228776,0.4472751824035937,0.0007280154086940493
7,3,11,5,8,1262365.0,1264368.0,0.0015867043208580719,0.14,0.09667994687915002,0,0.4,0.5,0.375,0.125,0.7595496894409938,0.7675107062055592,0.007961016764565398,0.7385573654465916,0.7354576101225517,0.0030997553240398323,0.3333333333333333,0.0,0.3333333333333333,0.679399585921325,0.6280171299288947,0.0513824559924303,0.6514098205954555,0.576732176196083,0.07467764439937252,0.3333333333333333,0.16666666666666666,0.16666666666666666,0.679399585921325,0.6900142749407455,0.010614689019420531,0.6514098205954555,0.6472768134967358,0.004133007098719665,0.3333333333333333,0.16666666666666666,0.16666666666666666,0.679399585921325,0.6900142749407455,0.010614689019420531,0.6514098205954555,0.6472768134967358,0.004133007098719665
7,3,13,6,8,1262365.0,1273615.0,0.008911844038768503,0.02,0.01699867197875176,0,0.05,0.125,0.125,0.0,0.31685253152644455,0.3147691981931112,0.002083333333333326,0.2762593746849481,0.28881167879263336,0.012552304107685264,0.0,0.0,0.0,0.1605652801304975,0.15778750235271974,0.002777777777777768,0.11697971269468489,0.13371611817159856,0.01673640547691367,0.0,0.0,0.0,0.1605652801304975,0.15778750235271974,0.002777777777777768,0.11697971269468489,0.13371611817159856,0.01673640547691367,0.0,0.0,0.0,0.1605652801304975,0.15778750235271974,0.002777777777777768,0.11697971269468489,0.13371611817159856,0.01673640547691367
7,3,13,6,8,1262365.0,1273615.0,0.008911844038768503,0.02,0.01699867197875176,0,0.1,0.125,0.25,0.125,0.44912714097496703,0.4824604743083004,0.03333333333333338,0.44746512576587943,0.471357516114907,0.02389239034902757,0.0,0.16666666666666666,0.16666666666666666,0.31312190225233705,0.3575663466967815,0.04444444444444445,0.30700268134904146,0.3388592018144116,0.03185652046537013,0.0,0.16666666666666666,0.16666666666666666,0.31312190225233705,0.3575663466967815,0.04444444444444445,0.30700268134904146,0.3388592018144116,0.03185652046537013,0.0,0.16666666666666666,0.16666666666666666,0.31312190225233705,0.3575663466967815,0.04444444444444445,0.30700268134904146,0.3388592018144116,0.03185652046537013
7,3,13,6,8,1262365.0,1273615.0,0.008911844038768503,0.02,0.01699867197875176,0,0.2,0.375,0.375,0.0,0.6083498023715415,0.6192873023715415,0.010937500000000044,0.5860023983592157,0.593059496978379,0.00705709861916326,0.16666666666666666,0.16666666666666666,0.0,0.4777997364953887,0.492383069828722,0.014583333333333282,0.44800319781228776,0.4574126626378386,0.009409464825550828,0.16666666666666666,0.16666666666666666,0.0,0.4777997364953887,0.492383069828722,0.014583333333333282,0.44800319781228776,0.4574126626378386,0.009409464825550828,0.16666666666666666,0.16666666666666666,0.0,0.4777997364953887,0.492383069828722,0.014583333333333282,0.44800319781228776,0.4574126626378386,0.009409464825550828
7,3,13,6,8,1262365.0,1273615.0,0.008911844038768503,0.02,0.01699867197875176,0,0.4,0.5,0.5,0.0,0.7595496894409938,0.7611121894409938,0.0015625000000000222,0.7385573654465916,0.7360701598017646,0.002487205644826962,0.3333333333333333,0.3333333333333333,0.0,0.679399585921325,0.6814829192546584,0.002083333333333437,0.6514098205954555,0.6480935464023528,0.003316274193102653,0.3333333333333333,0.3333333333333333,0.0,0.679399585921325,0.6814829192546584,0.002083333333333437,0.6514098205954555,0.6480935464023528,0.003316274193102653,0.3333333333333333,0.3333333333333333,0.0,0.679399585921325,0.6814829192546584,0.002083333333333437,0.6514098205954555,0.6480935464023528,0.003316274193102653
7,3,15,7,8,1262365.0,1259973.0,0.001898453379556546,0.08,0.07968127490039852,0,0.05,0.125,0.125,0.0,0.31685253152644455,0.2772084253661939,0.03964410616025066,0.2762593746849481,0.27364625284286065,0.0026131218420874514,0.0,0.0,0.0,0.1605652801304975,0.06853348058591024,0.09203179954458726,0.11697971269468489,0.0643263964797123,0.05265331621497259,0.0,0.0,0.0,0.1605652801304975,0.06853348058591024,0.09203179954458726,0.11697971269468489,0.0643263964797123,0.05265331621497259,0.0,0.0,0.0,0.1605652801304975,0.06853348058591024,0.09203179954458726,0.11697971269468489,0.0643263964797123,0.05265331621497259
7,3,15,7,8,1262365.0,1259973.0,0.001898453379556546,0.08,0.07968127490039852,0,0.1,0.125,0.25,0.125,0.44912714097496703,0.468054304231574,0.018927163256606983,0.44746512576587943,0.45906802972838523,0.011602903962505795,0.0,0.0,0.0,0.31312190225233705,0.1738868867705185,0.13923501548181855,0.30700268134904146,0.17189202513550975,0.13511065621353172,0.0,0.0,0.0,0.31312190225233705,0.1738868867705185,0.13923501548181855,0.30700268134904146,0.17189202513550975,0.13511065621353172,0.0,0.0,0.0,0.31312190225233705,0.1738868867705185,0.13923501548181855,0.30700268134904146,0.17189202513550975,0.13511065621353172
7,3,15,7,8,1262365.0,1259973.0,0.001898453379556546,0.08,0.07968127490039852,0,0.2,0.375,0.375,0.0,0.6083498023715415,0.5795708846779819,0.028778917693559558,0.5860023983592157,0.5671966871597768,0.018805711199438968,0.16666666666666666,0.0,0.16666666666666666,0.4777997364953887,0.32731341548477094,0.15048632101061776,0.44800319781228776,0.30751469945564275,0.140488498356645,0.16666666666666666,0.0,0.16666666666666666,0.4777997364953887,0.32731341548477094,0.15048632101061776,0.44800319781228776,0.30751469945564275,0.140488498356645,0.16666666666666666,0.0,0.16666666666666666,0.4777997364953887,0.32731341548477094,0.15048632101061776,0.44800319781228776,0.30751469945564275,0.140488498356645
7,3,15,7,8,1262365.0,1259973.0,0.001898453379556546,0.08,0.07968127490039852,0,0.4,0.5,0.375,0.125,0.7595496894409938,0.6825458748412714,0.07700381459972239,0.7385573654465916,0.6617450946965574,0.07681227075003416,0.3333333333333333,0.0,0.3333333333333333,0.679399585921325,0.49207339974603403,0.18732618617529095,0.6514098205954555,0.45879215151449165,0.19261766908096384,0.3333333333333333,0.0,0.3333333333333333,0.679399585921325,0.49207339974603403,0.18732618617529095,0.6514098205954555,0.45879215151449165,0.19261766908096384,0.3333333333333333,0.0,0.3333333333333333,0.679399585921325,0.49207339974603403,0.18732618617529095,0.6514098205954555,0.45879215151449165,0.19261766908096384
7,3,17,8,8,1262365.0,1248724.0,0.010923951169353676,0.12,0.08658698539176629,0,0.05,0.125,0.125,0.0,0.31685253152644455,0.33435794278185577,0.01750541125541122,0.2762593746849481,0.3256277493350766,0.0493683746501285,0.0,0.0,0.0,0.1605652801304975,0.0835441370223979,0.07702114310809961,0.11697971269468489,0.047486341712736996,0.0694933709819479,0.0,0.0,0.0,0.1605652801304975,0.0835441370223979,0.07702114310809961,0.11697971269468489,0.047486341712736996,0.0694933709819479,0.0,0.0,0.0,0.1605652801304975,0.0835441370223979,0.07702114310809961,0.11697971269468489,0.047486341712736996,0.0694933709819479
7,3,17,8,8,1262365.0,1248724.0,0.010923951169353676,0.12,0.08658698539176629,0,0.1,0.125,0.375,0.25,0.44912714097496703,0.5021574440052701,0.05303030303030304,0.44746512576587943,0.48653981379514566,0.039074688029266225,0.0,0.0,0.0,0.31312190225233705,0.20345191040843216,0.10966999184390488,0.30700268134904146,0.178463702072233,0.12853897927680846,0.0,0.0,0.0,0.31312190225233705,0.20345191040843216,0.10966999184390488,0.30700268134904146,0.178463702072233,0.12853897927680846,0.0,0.0,0.0,0.31312190225233705,0.20345191040843216,0.10966999184390488,0.30700268134904146,0.178463702072233,0.12853897927680846
7,3,17,8,8,1262365.0,1248724.0,0.010923951169353676,0.12,0.08658698539176629,0,0.2,0.375,0.375,0.0,0.6083498023715415,0.5865694993412385,0.021780303030302983,0.5860023983592157,0.5726924893167527,0.013309909042463097,0.16666666666666666,0.0,0.16666666666666666,0.4777997364953887,0.3385111989459816,0.13928853754940712,0.44800319781228776,0.31630798290680434,0.13169521490548342,0.16666666666666666,0.0,0.16666666666666666,0.4777997364953887,0.3385111989459816,0.13928853754940712,0.44800319781228776,0.31630798290680434,0.13169521490548342,0.16666666666666666,0.0,0.16666666666666666,0.4777997364953887,0.3385111989459816,0.13928853754940712,0.44800319781228776,0.31630798290680434,0.13169521490548342
7,3,17,8,8,1262365.0,1248724.0,0.010923951169353676,0.12,0.08658698539176629,0,0.4,0.5,0.375,0.125,0.7595496894409938,0.7349998733150908,0.024549816125903012,0.7385573654465916,0.7115496306575512,0.027007734789040394,0.3333333333333333,0.0,0.3333333333333333,0.679399585921325,0.5759997973041451,0.10339978861717991,0.6514098205954555,0.5384794090520817,0.1129304115433738,0.3333333333333333,0.0,0.3333333333333333,0.679399585921325,0.5759997973041451,0.10339978861717991,0.6514098205954555,0.5384794090520817,0.1129304115433738,0.3333333333333333,0.0,0.3333333333333333,0.679399585921325,0.5759997973041451,0.10339978861717991,0.6514098205954555,0.5384794090520817,0.1129304115433738
7,3,19,9,8,1262365.0,1273033.0,0.008450804640496211,0.06,0.03585657370517932,0,0.05,0.125,0.125,0.0,0.31685253152644455,0.2969588744588745,0.01989365706757007,0.2762593746849481,0.28923059670126805,0.01297122201631995,0.0,0.0,0.0,0.1605652801304975,0.13227705627705627,0.028288223853441236,0.11697971269468489,0.10049962890670756,0.01648008378797733,0.0,0.14285714285714285,0.14285714285714285,0.1605652801304975,0.2781570810142239,0.11759180088372637,0.11697971269468489,0.26341420263126974,0.14643448993658487,0.0,0.14285714285714285,0.14285714285714285,0.1605652801304975,0.2781570810142239,0.11759180088372637,0.11697971269468489,0.26341420263126974,0.14643448993658487
7,3,19,9,8,1262365.0,1273033.0,0.008450804640496211,0.06,0.03585657370517932,0,0.1,0.125,0.25,0.125,0.44912714097496703,0.4343939393939394,0.014733201581027644,0.44746512576587943,0.4416894583294871,0.005775667436392351,0.0,0.0,0.0,0.31312190225233705,0.18074458874458874,0.1323773135077483,0.30700268134904146,0.16681242294466575,0.1401902584043757,0.0,0.2857142857142857,0.2857142857142857,0.31312190225233705,0.414817563388992,0.10169566113665496,0.30700268134904146,0.40486601638904685,0.09786333504000538,0.0,0.2857142857142857,0.2857142857142857,0.31312190225233705,0.414817563388992,0.10169566113665496,0.30700268134904146,0.40486601638904685,0.09786333504000538
7,3,19,9,8,1262365.0,1273033.0,0.008450804640496211,0.06,0.03585657370517932,0,0.2,0.375,0.375,0.0,0.6083498023715415,0.6009199134199135,0.007429888951627994,0.5860023983592157,0.581061464335781,0.004940934023434762,0.16666666666666666,0.0,0.16666666666666666,0.4777997364953887,0.36147186147186144,0.11632787502352726,0.44800319781228776,0.3296983429372497,0.11830485487503806,0.16666666666666666,0.2857142857142857,0.11904761904761904,0.4777997364953887,0.543908472479901,0.06610873598451233,0.44800319781228776,0.5212131020980354,0.07320990428574764,0.16666666666666666,0.2857142857142857,0.11904761904761904,0.4777997364953887,0.543908472479901,0.06610873598451233,0.44800319781228776,0.5212131020980354,0.07320990428574764
7,3,19,9,8,1262365.0,1273033.0,0.008450804640496211,0.06,0.03585657370517932,0,0.4,0.5,0.5,0.0,0.7595496894409938,0.7797619047619048,0.020212215320910998,0.7385573654465916,0.743000143338576,0.00444277789198444,0.3333333333333333,0.2,0.1333333333333333,0.679399585921325,0.6476190476190476,0.03178053830227734,0.6514098205954555,0.5888002293417217,0.06260959125373378,0.3333333333333333,0.42857142857142855,0.09523809523809523,0.679399585921325,0.7482993197278912,0.06889973380656622,0.6514098205954555,0.7062858781012297,0.05487605750577418,0.3333333333333333,0.42857142857142855,0.09523809523809523,0.679399585921325,0.7482993197278912,0.06889973380656622,0.6514098205954555,0.7062858781012297,0.05487605750577418
7,3,21,10,8,1262365.0,1274465.0,0.009585183366142122,0.14,0.10199203187251007,0,0.05,0.125,0.25,0.125,0.31685253152644455,0.3905924570785252,0.07373992555208064,0.2762593746849481,0.36847697577646626,0.09221760109151816,0.0,0.0,0.0,0.1605652801304975,0.14494793132564032,0.015617348804857184,0.11697971269468489,0.10862670639284769,0.008353006301837204,0.0,0.0,0.0,0.1605652801304975,0.14494793132564032,0.015617348804857184,0.11697971269468489,0.10862670639284769,0.008353006301837204,0.0,0.0,0.0,0.1605652801304975,0.14494793132564032,0.015617348804857184,0.11697971269468489,0.10862670639284769,0.008353006301837204
7,3,21,10,8,1262365.0,1274465.0,0.009585183366142122,0.14,0.10199203187251007,0,0.1,0.125,0.375,0.25,0.44912714097496703,0.5235364480720518,0.07440930709708476,0.44746512576587943,0.4948960681868569,0.04743094242097745,0.0,0.0,0.0,0.31312190225233705,0.23765831691528283,0.07546358533705422,0.30700268134904146,0.191833709098971,0.11516897225007047,0.0,0.0,0.0,0.31312190225233705,0.23765831691528283,0.07546358533705422,0.30700268134904146,0.191833709098971,0.11516897225007047,0.0,0.0,0.0,0.31312190225233705,0.23765831691528283,0.07546358533705422,0.30700268134904146,0.191833709098971,0.11516897225007047
7,3,21,10,8,1262365.0,1274465.0,0.009585183366142122,0.14,0.10199203187251007,0,0.2,0.375,0.375,0.0,0.6083498023715415,0.5752951898462735,0.03305461252526798,0.5860023983592157,0.5534733800481877,0.03252901831102806,0.16666666666666666,0.0,0.16666666666666666,0.4777997364953887,0.3204723037540375,0.1573274327413512,0.44800319781228776,0.28555740807710017,0.16244578973518758,0.16666666666666666,0.0,0.16666666666666666,0.4777997364953887,0.3204723037540375,0.1573274327413512,0.44800319781228776,0.28555740807710017,0.16244578973518758,0.16666666666666666,0.0,0.16666666666666666,0.4777997364953887,0.3204723037540375,0.1573274327413512,0.44800319781228776,0.28555740807710017,0.16244578973518758
7,3,21,10,8,1262365.0,1274465.0,0.009585183366142122,0.14,0.10199203187251007,0,0.4,0.5,0.375,0.125,0.7595496894409938,0.7296407797568788,0.02990890968411497,0.7385573654465916,0.7046773764002755,0.03387998904631606,0.3333333333333333,0.0,0.3333333333333333,0.679399585921325,0.5674252476110061,0.11197433831031889,0.6514098205954555,0.5274838022404407,0.12392601835501482,0.3333333333333333,0.0,0.3333333333333333,0.679399585921325,0.5674252476110061,0.11197433831031889,0.6514098205954555,0.5274838022404407,0.12392601835501482,0.3333333333333333,0.0,0.3333333333333333,0.679399585921325,0.5674252476110061,0.11197433831031889,0.6514098205954555,0.5274838022404407,0.12392601835501482
7,3,23,11,8,1262365.0,1271035.0,0.006868061139210926,0.04,0.04355909694555125,0,0.05,0.125,0.125,0.0,0.31685253152644455,0.3429934045423176,0.026140873015873034,0.2762593746849481,0.2996828476204132,0.023423472935465095,0.0,0.0,0.0,0.1605652801304975,0.12339262187088273,0.03717265825961477,0.11697971269468489,0.07712328492306665,0.03985642777161824,0.0,0.0,0.0,0.1605652801304975,0.19541977748499487,0.03485449735449736,0.11697971269468489,0.1482110099419716,0.031231297247286696,0.0,0.0,0.0,0.1605652801304975,0.19541977748499487,0.03485449735449736,0.11697971269468489,0.1482110099419716,0.031231297247286696
7,3,23,11,8,1262365.0,1271035.0,0.006868061139210926,0.04,0.04355909694555125,0,0.1,0.125,0.25,0.125,0.44912714097496703,0.4755408314511575,0.026413690476190466,0.44746512576587943,0.4437907548076897,0.003674370958189732,0.0,0.0,0.0,0.31312190225233705,0.2180081874647092,0.09511371478762784,0.30700268134904146,0.16252422408574602,0.14447845726329545,0.0,0.16666666666666666,0.16666666666666666,0.31312190225233705,0.348340156220591,0.035218253968253954,0.30700268134904146,0.302103520071455,0.004899161277586439,0.0,0.16666666666666666,0.16666666666666666,0.31312190225233705,0.348340156220591,0.035218253968253954,0.30700268134904146,0.302103520071455,0.004899161277586439
7,3,23,11,8,1262365.0,1271035.0,0.006868061139210926,0.04,0.04355909694555125,0,0.2,0.375,0.375,0.0,0.6083498023715415,0.6139301595143986,0.005580357142857095,0.5860023983592157,0.5900094344624447,0.004007036103228945,0.16666666666666666,0.0,0.16666666666666666,0.4777997364953887,0.3822882552230378,0.09551148127235093,0.44800319781228776,0.34401509513991146,0.10398810267237629,0.16666666666666666,0.16666666666666666,0.0,0.4777997364953887,0.4852402126858648,0.0074404761904761085,0.44800319781228776,0.4533459126165929,0.005342714804305149,0.16666666666666666,0.16666666666666666,0.0,0.4777997364953887,0.4852402126858648,0.0074404761904761085,0.44800319781228776,0.4533459126165929,0.005342714804305149
7,3,23,11,8,1262365.0,1271035.0,0.006868061139210926,0.04,0.04355909694555125,0,0.4,0.5,0.5,0.0,0.7595496894409938,0.7640139751552795,0.004464285714285698,0.7385573654465916,0.7324174003530438,0.00613996509354775,0.3333333333333333,0.2,0.1333333333333333,0.679399585921325,0.6224223602484471,0.056977225672877885,0.6514098205954555,0.5718678405648701,0.07954198003058544,0.3333333333333333,0.3333333333333333,0.0,0.679399585921325,0.6853519668737059,0.005952380952380931,0.6514098205954555,0.6432232004707251,0.00818662012473037,0.3333333333333333,0.3333333333333333,0.0,0.679399585921325,0.6853519668737059,0.005952380952380931,0.6514098205954555,0.6432232004707251,0.00818662012473037
7,3,25,12,8,1262365.0,1270292.0,0.006279483350694926,0.02,0.03559096945551132,0,0.05,0.125,0.125,0.0,0.31685253152644455,0.2824031267645398,0.03444940476190472,0.2762593746849481,0.250603671020914,0.02565570366403408,0.0,0.0,0.0,0.1605652801304975,0.11463274044795783,0.04593253968253967,0.11697971269468489,0.08277210780930609,0.0342076048853788,0.0,0.0,0.0,0.1605652801304975,0.11463274044795783,0.04593253968253967,0.11697971269468489,0.08277210780930609,0.0342076048853788,0.0,0.0,0.0,0.1605652801304975,0.11463274044795783,0.04593253968253967,0.11697971269468489,0.08277210780930609,0.0342076048853788
7,3,25,12,8,1262365.0,1270292.0,0.006279483350694926,0.02,0.03559096945551132,0,0.1,0.125,0.25,0.125,0.44912714097496703,0.457906902879729,0.008779761904761985,0.44746512576587943,0.45094771172479353,0.0034825859589140973,0.0,0.16666666666666666,0.16666666666666666,0.31312190225233705,0.3248282514586862,0.011706349206349165,0.30700268134904146,0.3116461292942604,0.004643447945218926,0.0,0.16666666666666666,0.16666666666666666,0.31312190225233705,0.3248282514586862,0.011706349206349165,0.30700268134904146,0.3116461292942604,0.004643447945218926,0.0,0.16666666666666666,0.16666666666666666,0.31312190225233705,0.3248282514586862,0.011706349206349165,0.30700268134904146,0.3116461292942604,0.004643447945218926
7,3,25,12,8,1262365.0,1270292.0,0.006279483350694926,0.02,0.03559096945551132,0,0.2,0.375,0.375,0.0,0.6083498023715415,0.6114748023715415,0.0031250000000000444,0.5860023983592157,0.5825611901493726,0.0034412082098431718,0.16666666666666666,0.16666666666666666,0.0,0.4777997364953887,0.48196640316205525,0.004166666666666541,0.44800319781228776,0.44341492019916345,0.004588277613124303,0.16666666666666666,0.16666666666666666,0.0,0.4777997364953887,0.48196640316205525,0.004166666666666541,0.44800319781228776,0.44341492019916345,0.004588277613124303,0.16666666666666666,0.16666666666666666,0.0,0.4777997364953887,0.48196640316205525,0.004166666666666541,0.44800319781228776,0.44341492019916345,0.004588277613124303
7,3,25,12,8,1262365.0,1270292.0,0.006279483350694926,0.02,0.03559096945551132,0,0.4,0.5,0.5,0.0,0.7595496894409938,0.7757330984233157,0.016183408982321956,0.7385573654465916,0.7480972901616527,0.009539924715061154,0.3333333333333333,0.3333333333333333,0.0,0.679399585921325,0.700977464564421,0.021577878643096016,0.6514098205954555,0.664129720215537,0.012719899620081465,0.3333333333333333,0.3333333333333333,0.0,0.679399585921325,0.700977464564421,0.021577878643096016,0.6514098205954555,0.664129720215537,0.012719899620081465,0.3333333333333333,0.3333333333333333,0.0,0.679399585921325,0.700977464564421,0.021577878643096016,0.6514098205954555,0.664129720215537,0.012719899620081465
7,3,27,13,8,1262365.0,1270571.0,0.006500497082856385,0.08,0.062151394422310866,0,0.05,0.125,0.25,0.125,0.31685253152644455,0.3772233503211764,0.06037081879473183,0.2762593746849481,0.3367609885725343,0.06050161388758618,0.0,0.0,0.0,0.1605652801304975,0.16963113376156855,0.009065853631071041,0.11697971269468489,0.11568131809671232,0.0012983945979725686,0.0,0.0,0.0,0.1605652801304975,0.16963113376156855,0.009065853631071041,0.11697971269468489,0.11568131809671232,0.0012983945979725686,0.0,0.0,0.0,0.1605652801304975,0.16963113376156855,0.009065853631071041,0.11697971269468489,0.11568131809671232,0.0012983945979725686
7,3,27,13,8,1262365.0,1270571.0,0.006500497082856385,0.08,0.062151394422310866,0,0.1,0.125,0.25,0.125,0.44912714097496703,0.4749416042894304,0.025814463314463354,0.44746512576587943,0.4387617940645224,0.008703331701357009,0.0,0.0,0.0,0.31312190225233705,0.2999221390525738,0.013199763199763237,0.30700268134904146,0.2516823920860299,0.05532028926301158,0.0,0.0,0.0,0.31312190225233705,0.2999221390525738,0.013199763199763237,0.30700268134904146,0.2516823920860299,0.05532028926301158,0.0,0.0,0.0,0.31312190225233705,0.2999221390525738,0.013199763199763237,0.30700268134904146,0.2516823920860299,0.05532028926301158
7,3,27,13,8,1262365.0,1270571.0,0.006500497082856385,0.08,0.062151394422310866,0,0.2,0.375,0.375,0.0,0.6083498023715415,0.5708296836014227,0.03752011877011874,0.5860023983592157,0.5370916019956608,0.048910796363555,0.16666666666666666,0.16666666666666666,0.0,0.4777997364953887,0.4277729114685636,0.050026825026825095,0.44800319781228776,0.38278880266088083,0.06521439515140692,0.16666666666666666,0.16666666666666666,0.0,0.4777997364953887,0.4277729114685636,0.050026825026825095,0.44800319781228776,0.38278880266088083,0.06521439515140692,0.16666666666666666,0.16666666666666666,0.0,0.4777997364953887,0.4277729114685636,0.050026825026825095,0.44800319781228776,0.38278880266088083,0.06521439515140692
7,3,27,13,8,1262365.0,1270571.0,0.006500497082856385,0.08,0.062151394422310866,0,0.4,0.5,0.375,0.125,0.7595496894409938,0.7173183097096141,0.04223137973137969,0.7385573654465916,0.682732518996695,0.055824846449896603,0.3333333333333333,0.16666666666666666,0.16666666666666666,0.679399585921325,0.6230910796128187,0.056308506308506256,0.6514098205954555,0.5769766919955933,0.07443312859986218,0.3333333333333333,0.16666666666666666,0.16666666666666666,0.679399585921325,0.6230910796128187,0.056308506308506256,0.6514098205954555,0.5769766919955933,0.07443312859986218,0.3333333333333333,0.16666666666666666,0.16666666666666666,0.679399585921325,0.6230910796128187,0.056308506308506256,0.6514098205954555,0.5769766919955933,0.07443312859986218
7,3,29,14,8,1262365.0,1263846.0,0.0011731947574592134,0.08,0.06347941567065087,0,0.05,0.125,0.25,0.125,0.31685253152644455,0.3857919254658385,0.06893939393939397,0.2762593746849481,0.35523987740303314,0.07898050271808504,0.0,0.0,0.0,0.1605652801304975,0.11726708074534162,0.04329819938515589,0.11697971269468489,0.0886596659138186,0.02832004678086629,0.0,0.0,0.0,0.1605652801304975,0.11726708074534162,0.04329819938515589,0.11697971269468489,0.0886596659138186,0.02832004678086629,0.0,0.0,0.0,0.1605652801304975,0.11726708074534162,0.04329819938515589,0.11697971269468489,0.0886596659138186,0.02832004678086629
7,3,29,14,8,1262365.0,1263846.0,0.0011731947574592134,0.08,0.06347941567065087,0,0.1,0.125,0.375,0.25,0.44912714097496703,0.5055124223602484,0.05638528138528137,0.44746512576587943,0.4917625715970936,0.044297445831214144,0.0,0.0,0.0,0.31312190225233705,0.2088198757763975,0.10430202647593956,0.30700268134904146,0.1868201145553498,0.12018256679369166,0.0,0.0,0.0,0.31312190225233705,0.2088198757763975,0.10430202647593956,0.30700268134904146,0.1868201145553498,0.12018256679369166,0.0,0.0,0.0,0.31312190225233705,0.2088198757763975,0.10430202647593956,0.30700268134904146,0.1868201145553498,0.12018256679369166
7,3,29,14,8,1262365.0,1263846.0,0.0011731947574592134,0.08,0.06347941567065087,0,0.2,0.375,0.375,0.0,0.6083498023715415,0.6121376811594204,0.0037878787878788955,0.5860023983592157,0.5880851740487746,0.0020827756895588356,0.16666666666666666,0.0,0.16666666666666666,0.4777997364953887,0.37942028985507237,0.09837944664031634,0.44800319781228776,0.3409362784780394,0.10706691933424833,0.16666666666666666,0.0,0.16666666666666666,0.4777997364953887,0.37942028985507237,0.09837944664031634,0.44800319781228776,0.3409362784780394,0.10706691933424833,0.16666666666666666,0.0,0.16666666666666666,0.4777997364953887,0.37942028985507237,0.09837944664031634,0.44800319781228776,0.3409362784780394,0.10706691933424833
7,3,29,14,8,1262365.0,1263846.0,0.0011731947574592134,0.08,0.06347941567065087,0,0.4,0.5,0.375,0.125,0.7595496894409938,0.7518115942028986,0.007738095238095211,0.7385573654465916,0.7286411367655309,0.00991622868106068,0.3333333333333333,0.0,0.3333333333333333,0.679399585921325,0.6028985507246377,0.07650103519668727,0.6514098205954555,0.5658258188248493,0.08558400177060621,0.3333333333333333,0.0,0.3333333333333333,0.679399585921325,0.6028985507246377,0.07650103519668727,0.6514098205954555,0.5658258188248493,0.08558400177060621,0.3333333333333333,0.0,0.3333333333333333,0.679399585921325,0.6028985507246377,0.07650103519668727,0.6514098205954555,0.5658258188248493,0.08558400177060621
7,3,31,15,8,1262365.0,1266770.0,0.003489482043624467,0.08,0.07702523240371856,0,0.05,0.125,0.125,0.0,0.31685253152644455,0.33619828993470297,0.019345758408258418,0.2762593746849481,0.3100361554827992,0.033776780797851125,0.0,0.0,0.0,0.1605652801304975,0.10363154960981047,0.05693373052068704,0.11697971269468489,0.05965147942057801,0.05732823327410688,0.0,0.0,0.0,0.1605652801304975,0.10363154960981047,0.05693373052068704,0.11697971269468489,0.05965147942057801,0.05732823327410688,0.0,0.0,0.0,0.1605652801304975,0.10363154960981047,0.05693373052068704,0.11697971269468489,0.05965147942057801,0.05732823327410688
7,3,31,15,8,1262365.0,1266770.0,0.003489482043624467,0.08,0.07702523240371856,0,0.1,0.125,0.25,0.125,0.44912714097496703,0.4895268454371715,0.04039970446220448,0.44746512576587943,0.48026978533377257,0.032804659567893135,0.0,0.0,0.0,0.31312190225233705,0.24038580984233157,0.07273609241000548,0.30700268134904146,0.22089067292747888,0.08611200842156258,0.0,0.0,0.0,0.31312190225233705,0.24038580984233157,0.07273609241000548,0.30700268134904146,0.22089067292747888,0.08611200842156258,0.0,0.0,0.0,0.31312190225233705,0.24038580984233157,0.07273609241000548,0.30700268134904146,0.22089067292747888,0.08611200842156258
7,3,31,15,8,1262365.0,1266770.0,0.003489482043624467,0.08,0.07702523240371856,0,0.2,0.375,0.375,0.0,0.6083498023715415,0.6100257306099697,0.0016759282384282148,0.5860023983592157,0.5932797632389352,0.007277364879719417,0.16666666666666666,0.0,0.16666666666666666,0.4777997364953887,0.3760411689759516,0.10175856751943713,0.44800319781228776,0.34924762118229624,0.09875557662999151,0.16666666666666666,0.0,0.16666666666666666,0.4777997364953887,0.3760411689759516,0.10175856751943713,0.44800319781228776,0.34924762118229624,0.09875557662999151,0.16666666666666666,0.0,0.16666666666666666,0.4777997364953887,0.3760411689759516,0.10175856751943713,0.44800319781228776,0.34924762118229624,0.09875557662999151
7,3,31,15,8,1262365.0,1266770.0,0.003489482043624467,0.08,0.07702523240371856,0,0.4,0.5,0.5,0.0,0.7595496894409938,0.7823436753463927,0.02279398590539894,0.7385573654465916,0.7369928006182584,0.0015645648283331148,0.3333333333333333,0.2,0.1333333333333333,0.679399585921325,0.6517498805542283,0.027649705367096655,0.6514098205954555,0.5791884809892136,0.07222133960624189,0.3333333333333333,0.2,0.1333333333333333,0.679399585921325,0.6517498805542283,0.027649705367096655,0.6514098205954555,0.5791884809892136,0.07222133960624189,0.3333333333333333,0.2,0.1333333333333333,0.679399585921325,0.6517498805542283,0.027649705367096655,0.6514098205954555,0.5791884809892136,0.07222133960624189
7,3,33,16,8,1262365.0,1270167.0,0.006180462861375276,0.02,0.015670650730411673,0,0.05,0.125,0.125,0.0,0.31685253152644455,0.33937428061069363,0.022521749084249088,0.2762593746849481,0.29578977859750427,0.01953040391255617,0.0,0.0,0.0,0.1605652801304975,0.19059427890949632,0.03002899877899881,0.11697971269468489,0.1430202512447598,0.026040538550074918,0.0,0.0,0.0,0.1605652801304975,0.19059427890949632,0.03002899877899881,0.11697971269468489,0.1430202512447598,0.026040538550074918,0.0,0.0,0.0,0.1605652801304975,0.19059427890949632,0.03002899877899881,0.11697971269468489,0.1430202512447598,0.026040538550074918
7,3,33,16,8,1262365.0,1270167.0,0.006180462861375276,0.02,0.015670650730411673,0,0.1,0.125,0.25,0.125,0.44912714097496703,0.47361775452808064,0.024490613553113605,0.44746512576587943,0.456041120201753,0.00857599443587359,0.0,0.16666666666666666,0.16666666666666666,0.31312190225233705,0.34577605365648845,0.0326541514041514,0.30700268134904146,0.31843734059687295,0.011434659247831491,0.0,0.16666666666666666,0.16666666666666666,0.31312190225233705,0.34577605365648845,0.0326541514041514,0.30700268134904146,0.31843734059687295,0.011434659247831491,0.0,0.16666666666666666,0.16666666666666666,0.31312190225233705,0.34577605365648845,0.0326541514041514,0.30700268134904146,0.31843734059687295,0.011434659247831491
7,3,33,16,8,1262365.0,1270167.0,0.006180462861375276,0.02,0.015670650730411673,0,0.2,0.375,0.375,0.0,0.6083498023715415,0.606237851822091,0.0021119505494504587,0.5860023983592157,0.5856574333042726,0.0003449650549431915,0.16666666666666666,0.16666666666666666,0.0,0.4777997364953887,0.4749838024294546,0.0028159340659341114,0.44800319781228776,0.44754324440569676,0.00045995340659099604,0.16666666666666666,0.16666666666666666,0.0,0.4777997364953887,0.4749838024294546,0.0028159340659341114,0.44800319781228776,0.44754324440569676,0.00045995340659099604,0.16666666666666666,0.16666666666666666,0.0,0.4777997364953887,0.4749838024294546,0.0028159340659341114,0.44800319781228776,0.44754324440569676,0.00045995340659099604
7,3,33,16,8,1262365.0,1270167.0,0.006180462861375276,0.02,0.015670650730411673,0,0.4,0.5,0.375,0.125,0.7595496894409938,0.7566166849454893,0.0029330044955044876,0.7385573654465916,0.72682406348904,0.011733301957551512,0.3333333333333333,0.16666666666666666,0.16666666666666666,0.679399585921325,0.6754889132606524,0.003910672660672576,0.6514098205954555,0.6357654179853868,0.01564440261006872,0.3333333333333333,0.16666666666666666,0.16666666666666666,0.679399585921325,0.6754889132606524,0.003910672660672576,0.6514098205954555,0.6357654179853868,0.01564440261006872,0.3333333333333333,0.16666666666666666,0.16666666666666666,0.679399585921325,0.6754889132606524,0.003910672660672576,0.6514098205954555,0.6357654179853868,0.01564440261006872
7,3,35,17,8,1262365.0,1266542.0,0.003308868671105425,0.12,0.052855245683931025,0,0.05,0.125,0.0,0.125,0.31685253152644455,0.2545833333333334,0.062269198193111164,0.2762593746849481,0.27400509287599784,0.0022542818089502648,0.0,0.0,0.0,0.1605652801304975,0.074,0.08656528013049751,0.11697971269468489,0.05608374384236453,0.06089596885232036,0.0,0.0,0.0,0.1605652801304975,0.145,0.015565280130497516,0.11697971269468489,0.13764554411106134,0.020665831416376443,0.0,0.0,0.0,0.1605652801304975,0.145,0.015565280130497516,0.11697971269468489,0.13764554411106134,0.020665831416376443
7,3,35,17,8,1262365.0,1266542.0,0.003308868671105425,0.12,0.052855245683931025,0,0.1,0.125,0.25,0.125,0.44912714097496703,0.4808134920634921,0.03168635108852508,0.44746512576587943,0.45866962255695815,0.01120449679107871,0.0,0.0,0.0,0.31312190225233705,0.20263492063492064,0.11048698161741641,0.30700268134904146,0.1762956385153754,0.13070704283366605,0.0,0.0,0.0,0.31312190225233705,0.3077513227513227,0.005370579501014328,0.30700268134904146,0.27822616340927747,0.02877651793976399,0.0,0.0,0.0,0.31312190225233705,0.3077513227513227,0.005370579501014328,0.30700268134904146,0.27822616340927747,0.02877651793976399
7,3,35,17,8,1262365.0,1266542.0,0.003308868671105425,0.12,0.052855245683931025,0,0.2,0.375,0.375,0.0,0.6083498023715415,0.6028769841269841,0.005472818244557365,0.5860023983592157,0.5727264219457388,0.013275976413476998,0.16666666666666666,0.0,0.16666666666666666,0.4777997364953887,0.3646031746031746,0.11319656189221411,0.44800319781228776,0.31636227511318193,0.13164092269910582,0.16666666666666666,0.16666666666666666,0.0,0.4777997364953887,0.4705026455026455,0.007297090992743227,0.44800319781228776,0.4303018959276516,0.017701301884636145,0.16666666666666666,0.16666666666666666,0.0,0.4777997364953887,0.4705026455026455,0.007297090992743227,0.44800319781228776,0.4303018959276516,0.017701301884636145
7,3,35,17,8,1262365.0,1266542.0,0.003308868671105425,0.12,0.052855245683931025,0,0.4,0.5,0.375,0.125,0.7595496894409938,0.7585241147741147,0.0010255746668790255,0.7385573654465916,0.7185510942236335,0.02000627122295806,0.3333333333333333,0.0,0.3333333333333333,0.679399585921325,0.6136385836385836,0.0657610022827414,0.6514098205954555,0.5496817507578136,0.10172806983764193,0.3333333333333333,0.16666666666666666,0.16666666666666666,0.679399585921325,0.678032153032153,0.00136743288917196,0.6514098205954555,0.624734792298178,0.026675028297277525,0.3333333333333333,0.16666666666666666,0.16666666666666666,0.679399585921325,0.678032153032153,0.00136743288917196,0.6514098205954555,0.624734792298178,0.026675028297277525
7,3,37,18,8,1262365.0,1260993.0,0.0010880314165106389,0.1,0.13837981407702526,0,0.05,0.125,0.125,0.0,0.31685253152644455,0.36733954451345757,0.050487012987013025,0.2762593746849481,0.3347609522488807,0.058501577563932594,0.0,0.0,0.0,0.1605652801304975,0.08488612836438922,0.07567915176610829,0.11697971269468489,0.07402887405388438,0.042950838640800515,0.0,0.0,0.0,0.1605652801304975,0.08488612836438922,0.07567915176610829,0.11697971269468489,0.07402887405388438,0.042950838640800515,0.0,0.0,0.0,0.1605652801304975,0.08488612836438922,0.07567915176610829,0.11697971269468489,0.07402887405388438,0.042950838640800515
7,3,37,18,8,1262365.0,1260993.0,0.0010880314165106389,0.1,0.13837981407702526,0,0.1,0.125,0.375,0.25,0.44912714097496703,0.5237663906142167,0.07463924963924967,0.44746512576587943,0.5088889949632731,0.06142386919739368,0.0,0.0,0.0,0.31312190225233705,0.23802622498274673,0.07509567726959032,0.30700268134904146,0.214222391941237,0.09278028940780447,0.0,0.0,0.0,0.31312190225233705,0.23802622498274673,0.07509567726959032,0.30700268134904146,0.214222391941237,0.09278028940780447,0.0,0.0,0.0,0.31312190225233705,0.23802622498274673,0.07509567726959032,0.30700268134904146,0.214222391941237,0.09278028940780447
7,3,37,18,8,1262365.0,1260993.0,0.0010880314165106389,0.1,0.13837981407702526,0,0.2,0.375,0.375,0.0,0.6083498023715415,0.6244392684610076,0.016089466089466153,0.5860023983592157,0.6033066655151165,0.01730426715590072,0.16666666666666666,0.0,0.16666666666666666,0.4777997364953887,0.39910282953761217,0.07869690695777654,0.44800319781228776,0.3652906648241863,0.08271253298810144,0.16666666666666666,0.0,0.16666666666666666,0.4777997364953887,0.39910282953761217,0.07869690695777654,0.44800319781228776,0.3652906648241863,0.08271253298810144,0.16666666666666666,0.0,0.16666666666666666,0.4777997364953887,0.39910282953761217,0.07869690695777654,0.44800319781228776,0.3652906648241863,0.08271253298810144
7,3,37,18,8,1262365.0,1260993.0,0.0010880314165106389,0.1,0.13837981407702526,0,0.4,0.5,0.375,0.125,0.7595496894409938,0.7541772840685884,0.005372405372405353,0.7385573654465916,0.7397688295083228,0.0012114640617312267,0.3333333333333333,0.0,0.3333333333333333,0.679399585921325,0.6066836545097415,0.0727159314115835,0.6514098205954555,0.5836301272133164,0.06777969338213907,0.3333333333333333,0.0,0.3333333333333333,0.679399585921325,0.6066836545097415,0.0727159314115835,0.6514098205954555,0.5836301272133164,0.06777969338213907,0.3333333333333333,0.0,0.3333333333333333,0.679399585921325,0.6066836545097415,0.0727159314115835,0.6514098205954555,0.5836301272133164,0.06777969338213907
7,3,39,19,8,1262365.0,1244084.0,0.014694345397899176,0.12,0.10544488711819397,0,0.05,0.125,0.125,0.0,0.31685253152644455,0.3312219887955182,0.014369457269073627,0.2762593746849481,0.30819532772486313,0.03193595303991503,0.0,0.0,0.0,0.1605652801304975,0.10709803921568628,0.053467240914811226,0.11697971269468489,0.08214322015089484,0.03483649254379005,0.0,0.0,0.0,0.1605652801304975,0.10709803921568628,0.053467240914811226,0.11697971269468489,0.08214322015089484,0.03483649254379005,0.0,0.0,0.0,0.1605652801304975,0.10709803921568628,0.053467240914811226,0.11697971269468489,0.08214322015089484,0.03483649254379005
7,3,39,19,8,1262365.0,1244084.0,0.014694345397899176,0.12,0.10544488711819397,0,0.1,0.125,0.375,0.25,0.44912714097496703,0.5159313725490196,0.06680423157405252,0.44746512576587943,0.5075784532608311,0.06011332749495163,0.0,0.0,0.0,0.31312190225233705,0.22549019607843138,0.08763170617390567,0.30700268134904146,0.2121255252173298,0.09487715613171166,0.0,0.0,0.0,0.31312190225233705,0.22549019607843138,0.08763170617390567,0.30700268134904146,0.2121255252173298,0.09487715613171166,0.0,0.0,0.0,0.31312190225233705,0.22549019607843138,0.08763170617390567,0.30700268134904146,0.2121255252173298,0.09487715613171166
7,3,39,19,8,1262365.0,1244084.0,0.014694345397899176,0.12,0.10544488711819397,0,0.2,0.375,0.375,0.0,0.6083498023715415,0.6034313725490196,0.004918429822521886,0.5860023983592157,0.5708604539807385,0.015141944378477268,0.16666666666666666,0.0,0.16666666666666666,0.4777997364953887,0.36549019607843136,0.11230954041695734,0.44800319781228776,0.3133767263691815,0.13462647144310624,0.16666666666666666,0.0,0.16666666666666666,0.4777997364953887,0.36549019607843136,0.11230954041695734,0.44800319781228776,0.3133767263691815,0.13462647144310624,0.16666666666666666,0.0,0.16666666666666666,0.4777997364953887,0.36549019607843136,0.11230954041695734,0.44800319781228776,0.3133767263691815,0.13462647144310624
7,3,39,19,8,1262365.0,1244084.0,0.014694345397899176,0.12,0.10544488711819397,0,0.4,0.5,0.375,0.125,0.7595496894409938,0.7014196832579186,0.05813000618307518,0.7385573654465916,0.664669529600296,0.07388783584629555,0.3333333333333333,0.0,0.3333333333333333,0.679399585921325,0.5222714932126697,0.15712809270865524,0.6514098205954555,0.46347124736047374,0.18793857323498175,0.3333333333333333,0.0,0.3333333333333333,0.679399585921325,0.5222714932126697,0.15712809270865524,0.6514098205954555,0.46347124736047374,0.18793857323498175,0.3333333333333333,0.0,0.3333333333333333,0.679399585921325,0.5222714932126697,0.15712809270865524,0.6514098205954555,0.46347124736047374,0.18793857323498175
8,4,10,5,7,1229294.0,1248490.0,0.01561546708923984,0.04,0.024701195219123555,0,0.05,0.14285714285714285,0.14285714285714285,0.0,0.25063758705063055,0.30556122448979595,0.054923637439165396,0.21865805341471103,0.2669763864855229,0.048318333070811875,0.0,0.0,0.0,0.07089262187088274,0.10778571428571429,0.036893092414831546,0.0394546081139288,0.06841577051117023,0.028961162397241433,0.0,0.0,0.0,0.07089262187088274,0.10778571428571429,0.036893092414831546,0.0394546081139288,0.06841577051117023,0.028961162397241433,0.0,0.0,0.0,0.07089262187088274,0.10778571428571429,0.036893092414831546,0.0394546081139288,0.06841577051117023,0.028961162397241433
8,4,10,5,7,1229294.0,1248490.0,0.01561546708923984,0.04,0.024701195219123555,0,0.1,0.2857142857142857,0.2857142857142857,0.0,0.4072816676077546,0.42576530612244895,0.018483638514694367,0.37844034137333066,0.4039479396754655,0.025507598302134837,0.0,0.0,0.0,0.17019433465085637,0.1960714285714286,0.02587709392057222,0.12981647792266288,0.16552711554565167,0.03571063762298879,0.0,0.0,0.0,0.17019433465085637,0.1960714285714286,0.02587709392057222,0.12981647792266288,0.16552711554565167,0.03571063762298879,0.0,0.0,0.0,0.17019433465085637,0.1960714285714286,0.02587709392057222,0.12981647792266288,0.16552711554565167,0.03571063762298879
8,4,10,5,7,1229294.0,1248490.0,0.01561546708923984,0.04,0.024701195219123555,0,0.2,0.2857142857142857,0.2857142857142857,0.0,0.4916431394692264,0.5266156462585034,0.03497250678927705,0.467322792761038,0.4764159154682641,0.00909312270722612,0.0,0.0,0.0,0.288300395256917,0.33726190476190476,0.04896150950498779,0.2542519098654533,0.2669822816555697,0.01273037179011638,0.0,0.0,0.0,0.288300395256917,0.33726190476190476,0.04896150950498779,0.2542519098654533,0.2669822816555697,0.01273037179011638,0.0,0.0,0.0,0.288300395256917,0.33726190476190476,0.04896150950498779,0.2542519098654533,0.2669822816555697,0.01273037179011638
8,4,10,5,7,1229294.0,1248490.0,0.01561546708923984,0.04,0.024701195219123555,0,0.4,0.2857142857142857,0.2857142857142857,0.0,0.6349368023281067,0.6624228152799583,0.0274860129518516,0.5982466680577675,0.6232993709347887,0.025052702877021216,0.0,0.0,0.0,0.48891152325934933,0.5273919413919415,0.03848041813259212,0.4375453352808744,0.47261911930870404,0.035073784027829624,0.0,0.0,0.0,0.48891152325934933,0.5273919413919415,0.03848041813259212,0.4375453352808744,0.47261911930870404,0.035073784027829624,0.0,0.0,0.0,0.48891152325934933,0.5273919413919415,0.03848041813259212,0.4375453352808744,0.47261911930870404,0.035073784027829624
8,4,12,6,7,1229294.0,1236966.0,0.006240980595366121,0.1,0.0791500664010625,0,0.05,0.14285714285714285,0.14285714285714285,0.0,0.25063758705063055,0.319435165370496,0.06879757831986544,0.21865805341471103,0.2739600093575434,0.055301955942832354,0.0,0.0,0.0,0.07089262187088274,0.20600769293224533,0.13511507106136258,0.0394546081139288,0.1529533442504673,0.1134987361365385,0.0,0.0,0.0,0.07089262187088274,0.20600769293224533,0.13511507106136258,0.0394546081139288,0.1529533442504673,0.1134987361365385,0.0,0.0,0.0,0.07089262187088274,0.20600769293224533,0.13511507106136258,0.0394546081139288,0.1529533442504673,0.1134987361365385
8,4,12,6,7,1229294.0,1236966.0,0.006240980595366121,0.1,0.0791500664010625,0,0.1,0.2857142857142857,0.14285714285714285,0.14285714285714285,0.4072816676077546,0.4351664578875028,0.027884790279748217,0.37844034137333066,0.3908575187256052,0.012417177352274544,0.0,0.0,0.0,0.17019433465085637,0.3410275342020866,0.17083319955123022,0.12981647792266288,0.2893337718465394,0.15951729392387654,0.0,0.0,0.0,0.17019433465085637,0.3410275342020866,0.17083319955123022,0.12981647792266288,0.2893337718465394,0.15951729392387654,0.0,0.0,0.0,0.17019433465085637,0.3410275342020866,0.17083319955123022,0.12981647792266288,0.2893337718465394,0.15951729392387654
8,4,12,6,7,1229294.0,1236966.0,0.006240980595366121,0.1,0.0791500664010625,0,0.2,0.2857142857142857,0.2857142857142857,0.0,0.4916431394692264,0.5484604711449798,0.05681733167575337,0.467322792761038,0.5117396519174608,0.04441685915642285,0.0,0.16666666666666666,0.16666666666666666,0.288300395256917,0.47320388300247634,0.18490348774555937,0.2542519098654533,0.4303629272370377,0.17611101737158436,0.0,0.16666666666666666,0.16666666666666666,0.288300395256917,0.47320388300247634,0.18490348774555937,0.2542519098654533,0.4303629272370377,0.17611101737158436,0.0,0.16666666666666666,0.16666666666666666,0.288300395256917,0.47320388300247634,0.18490348774555937,0.2542519098654533,0.4303629272370377,0.17611101737158436
8,4,12,6,7,1229294.0,1236966.0,0.006240980595366121,0.1,0.0791500664010625,0,0.4,0.2857142857142857,0.2857142857142857,0.0,0.6349368023281067,0.7041049028306975,0.06916810050259081,0.5982466680577675,0.6498552014590968,0.051608533401329315,0.0,0.16666666666666666,0.16666666666666666,0.48891152325934933,0.6547890533024804,0.16587753004313105,0.4375453352808744,0.591497735035613,0.15395239975473857,0.0,0.16666666666666666,0.16666666666666666,0.48891152325934933,0.6547890533024804,0.16587753004313105,0.4375453352808744,0.591497735035613,0.15395239975473857,0.0,0.16666666666666666,0.16666666666666666,0.48891152325934933,0.6547890533024804,0.16587753004313105,0.4375453352808744,0.591497735035613,0.15395239975473857
8,4,16,8,7,1229294.0,1239020.0,0.007911858351216227,0.1,0.04302788844621518,0,0.05,0.14285714285714285,0.0,0.14285714285714285,0.25063758705063055,0.3041290429215164,0.05349145587088583,0.21865805341471103,0.26612951940625534,0.04747146599154431,0.0,0.0,0.0,0.07089262187088274,0.1543520886615516,0.08345946679066885,0.0394546081139288,0.1078725893046798,0.068417981190751,0.0,0.0,0.0,0.07089262187088274,0.1543520886615516,0.08345946679066885,0.0394546081139288,0.1078725893046798,0.068417981190751,0.0,0.0,0.0,0.07089262187088274,0.1543520886615516,0.08345946679066885,0.0394546081139288,0.1078725893046798,0.068417981190751
8,4,16,8,7,1229294.0,1239020.0,0.007911858351216227,0.1,0.04302788844621518,0,0.1,0.2857142857142857,0.2857142857142857,0.0,0.4072816676077546,0.4507276823772987,0.04344601476954413,0.37844034137333066,0.40906622727337083,0.030625885900040173,0.0,0.0,0.0,0.17019433465085637,0.23101875532821822,0.06082442067736185,0.12981647792266288,0.17269271818271922,0.04287624026005635,0.0,0.0,0.0,0.17019433465085637,0.23101875532821822,0.06082442067736185,0.12981647792266288,0.17269271818271922,0.04287624026005635,0.0,0.0,0.0,0.17019433465085637,0.23101875532821822,0.06082442067736185,0.12981647792266288,0.17269271818271922,0.04287624026005635
8,4,16,8,7,1229294.0,1239020.0,0.007911858351216227,0.1,0.04302788844621518,0,0.2,0.2857142857142857,0.2857142857142857,0.0,0.4916431394692264,0.5459094507368164,0.05426631126759002,0.467322792761038,0.4975592189587562,0.030236426197718214,0.0,0.0,0.0,0.288300395256917,0.3642732310315431,0.0759728357746261,0.2542519098654533,0.2965829065422586,0.04233099667680529,0.0,0.0,0.0,0.288300395256917,0.3642732310315431,0.0759728357746261,0.2542519098654533,0.2965829065422586,0.04233099667680529,0.0,0.0,0.0,0.288300395256917,0.3642732310315431,0.0759728357746261,0.2542519098654533,0.2965829065422586,0.04233099667680529
8,4,16,8,7,1229294.0,1239020.0,0.007911858351216227,0.1,0.04302788844621518,0,0.4,0.2857142857142857,0.2857142857142857,0.0,0.6349368023281067,0.6631485202776763,0.02821171794956967,0.5982466680577675,0.6112171867334701,0.012970518675702647,0.0,0.0,0.0,0.48891152325934933,0.5284079283887468,0.039496405129397505,0.4375453352808744,0.455704061426858,0.018158726145983572,0.0,0.0,0.0,0.48891152325934933,0.5284079283887468,0.039496405129397505,0.4375453352808744,0.455704061426858,0.018158726145983572,0.0,0.0,0.0,0.48891152325934933,0.5284079283887468,0.039496405129397505,0.4375453352808744,0.455704061426858,0.018158726145983572
8,4,18,9,7,1229294.0,1247055.0,0.01444813039028906,0.1,0.08897742363877834,0,0.05,0.14285714285714285,0.0,0.14285714285714285,0.25063758705063055,0.1695238095238095,0.08111377752682106,0.21865805341471103,0.13247154038291487,0.08618651303179617,0.0,0.0,0.0,0.07089262187088274,0.07066666666666667,0.0002259552042160745,0.0394546081139288,0.04048454292709241,0.001029934813163609,0.0,0.0,0.0,0.07089262187088274,0.07066666666666667,0.0002259552042160745,0.0394546081139288,0.04048454292709241,0.001029934813163609,0.0,0.0,0.0,0.07089262187088274,0.07066666666666667,0.0002259552042160745,0.0394546081139288,0.04048454292709241,0.001029934813163609
8,4,18,9,7,1229294.0,1247055.0,0.01444813039028906,0.1,0.08897742363877834,0,0.1,0.2857142857142857,0.0,0.2857142857142857,0.4072816676077546,0.23079365079365077,0.1764880168141038,0.37844034137333066,0.1894732566751293,0.18896708469820137,0.0,0.0,0.0,0.17019433465085637,0.1231111111111111,0.04708322353974527,0.12981647792266288,0.07994474641940644,0.04987173150325644,0.0,0.0,0.0,0.17019433465085637,0.1231111111111111,0.04708322353974527,0.12981647792266288,0.07994474641940644,0.04987173150325644,0.0,0.0,0.0,0.17019433465085637,0.1231111111111111,0.04708322353974527,0.12981647792266288,0.07994474641940644,0.04987173150325644
8,4,18,9,7,1229294.0,1247055.0,0.01444813039028906,0.1,0.08897742363877834,0,0.2,0.2857142857142857,0.14285714285714285,0.14285714285714285,0.4916431394692264,0.3696825396825397,0.12196059978668666,0.467322792761038,0.3483044457082734,0.1190183470527646,0.0,0.0,0.0,0.288300395256917,0.21755555555555556,0.07074483970136142,0.2542519098654533,0.18239746582164798,0.07185444404380534,0.0,0.0,0.0,0.288300395256917,0.21755555555555556,0.07074483970136142,0.2542519098654533,0.18239746582164798,0.07185444404380534,0.0,0.0,0.0,0.288300395256917,0.21755555555555556,0.07074483970136142,0.2542519098654533,0.18239746582164798,0.07185444404380534
8,4,18,9,7,1229294.0,1247055.0,0.01444813039028906,0.1,0.08897742363877834,0,0.4,0.2857142857142857,0.14285714285714285,0.14285714285714285,0.6349368023281067,0.566984126984127,0.06795267534397964,0.5982466680577675,0.5326727809092908,0.06557388714847667,0.0,0.0,0.0,0.48891152325934933,0.4271111111111111,0.061800412148238226,0.4375453352808744,0.36959810242333396,0.06794723285754045,0.0,0.0,0.0,0.48891152325934933,0.4271111111111111,0.061800412148238226,0.4375453352808744,0.36959810242333396,0.06794723285754045,0.0,0.0,0.0,0.48891152325934933,0.4271111111111111,0.061800412148238226,0.4375453352808744,0.36959810242333396,0.06794723285754045
8,4,20,10,7,1229294.0,1249913.0,0.016773042087572215,0.06,0.054448871181938856,0,0.05,0.14285714285714285,0.14285714285714285,0.0,0.25063758705063055,0.33440499945797714,0.08376741240734659,0.21865805341471103,0.3010360875363176,0.08237803412160657,0.0,0.0,0.0,0.07089262187088274,0.1253098563840252,0.054417234513142454,0.0394546081139288,0.08811718921751129,0.048662581103582486,0.0,0.0,0.0,0.07089262187088274,0.1253098563840252,0.054417234513142454,0.0394546081139288,0.08811718921751129,0.048662581103582486,0.0,0.0,0.0,0.07089262187088274,0.1253098563840252,0.054417234513142454,0.0394546081139288,0.08811718921751129,0.048662581103582486
8,4,20,10,7,1229294.0,1249913.0,0.016773042087572215,0.06,0.054448871181938856,0,0.1,0.2857142857142857,0.2857142857142857,0.0,0.4072816676077546,0.42609960372108713,0.018817936113332545,0.37844034137333066,0.3928143541846994,0.014374012811368742,0.0,0.0,0.0,0.17019433465085637,0.19653944520952193,0.026345110558665563,0.12981647792266288,0.14994009585857912,0.020123617935916244,0.0,0.0,0.0,0.17019433465085637,0.19653944520952193,0.026345110558665563,0.12981647792266288,0.14994009585857912,0.020123617935916244,0.0,0.0,0.0,0.17019433465085637,0.19653944520952193,0.026345110558665563,0.12981647792266288,0.14994009585857912,0.020123617935916244
8,4,20,10,7,1229294.0,1249913.0,0.016773042087572215,0.06,0.054448871181938856,0,0.2,0.2857142857142857,0.2857142857142857,0.0,0.4916431394692264,0.5080703184283747,0.016427178959148303,0.467322792761038,0.4474958245762248,0.01982696818481322,0.0,0.0,0.0,0.288300395256917,0.31129844579972454,0.02299805054280757,0.2542519098654533,0.22649415440671467,0.027757755458738653,0.0,0.0,0.0,0.288300395256917,0.31129844579972454,0.02299805054280757,0.2542519098654533,0.22649415440671467,0.027757755458738653,0.0,0.0,0.0,0.288300395256917,0.31129844579972454,0.02299805054280757,0.2542519098654533,0.22649415440671467,0.027757755458738653
8,4,20,10,7,1229294.0,1249913.0,0.016773042087572215,0.06,0.054448871181938856,0,0.4,0.2857142857142857,0.2857142857142857,0.0,0.6349368023281067,0.6210082026121485,0.013928599715958168,0.5982466680577675,0.5772111809886449,0.021035487069122616,0.0,0.0,0.0,0.48891152325934933,0.4694114836570079,0.019500039602341424,0.4375453352808744,0.40809565338410286,0.02944968189677155,0.0,0.0,0.0,0.48891152325934933,0.4694114836570079,0.019500039602341424,0.4375453352808744,0.40809565338410286,0.02944968189677155,0.0,0.0,0.0,0.48891152325934933,0.4694114836570079,0.019500039602341424,0.4375453352808744,0.40809565338410286,0.02944968189677155
8,4,22,11,7,1229294.0,1240913.0,0.009451766623769415,0.08,0.03665338645418325,0,0.05,0.14285714285714285,0.0,0.14285714285714285,0.25063758705063055,0.21421771607193602,0.036419870978694535,0.21865805341471103,0.1570493160788305,0.06160873733588054,0.0,0.0,0.0,0.07089262187088274,0.05823813583404376,0.012654486036838983,0.0394546081139288,0.023959829955086092,0.015494778158842707,0.0,0.0,0.0,0.07089262187088274,0.05823813583404376,0.012654486036838983,0.0394546081139288,0.023959829955086092,0.015494778158842707,0.0,0.0,0.0,0.07089262187088274,0.05823813583404376,0.012654486036838983,0.0394546081139288,0.023959829955086092,0.015494778158842707
8,4,22,11,7,1229294.0,1240913.0,0.009451766623769415,0.08,0.03665338645418325,0,0.1,0.2857142857142857,0.14285714285714285,0.14285714285714285,0.4072816676077546,0.3554895871392035,0.051792080468551105,0.37844034137333066,0.3148167550003292,0.06362358637300147,0.0,0.0,0.0,0.17019433465085637,0.17268542199488493,0.0024910873440285586,0.12981647792266288,0.14059078524473562,0.01077430732207274,0.0,0.0,0.0,0.17019433465085637,0.17268542199488493,0.0024910873440285586,0.12981647792266288,0.14059078524473562,0.01077430732207274,0.0,0.0,0.0,0.17019433465085637,0.17268542199488493,0.0024910873440285586,0.12981647792266288,0.14059078524473562,0.01077430732207274
8,4,22,11,7,1229294.0,1240913.0,0.009451766623769415,0.08,0.03665338645418325,0,0.2,0.2857142857142857,0.2857142857142857,0.0,0.4916431394692264,0.4950554134697357,0.0034122740005093077,0.467322792761038,0.4721655009233193,0.004842708162281328,0.0,0.0,0.0,0.288300395256917,0.29307757885763,0.0047771836007129975,0.2542519098654533,0.261031701292647,0.006779791427193704,0.0,0.0,0.0,0.288300395256917,0.29307757885763,0.0047771836007129975,0.2542519098654533,0.261031701292647,0.006779791427193704,0.0,0.0,0.0,0.288300395256917,0.29307757885763,0.0047771836007129975,0.2542519098654533,0.261031701292647,0.006779791427193704
8,4,22,11,7,1229294.0,1240913.0,0.009451766623769415,0.08,0.03665338645418325,0,0.4,0.2857142857142857,0.2857142857142857,0.0,0.6349368023281067,0.6232327490639511,0.011704053264155578,0.5982466680577675,0.5675919502035075,0.030654717854259994,0.0,0.0,0.0,0.48891152325934933,0.4725258486895316,0.01638567456981771,0.4375453352808744,0.3946287302849104,0.042916604995964,0.0,0.0,0.0,0.48891152325934933,0.4725258486895316,0.01638567456981771,0.4375453352808744,0.3946287302849104,0.042916604995964,0.0,0.0,0.0,0.48891152325934933,0.4725258486895316,0.01638567456981771,0.4375453352808744,0.3946287302849104,0.042916604995964
8,4,26,13,7,1229294.0,1251866.0,0.018361758863217423,0.08,0.06985391766268256,0,0.05,0.14285714285714285,0.0,0.14285714285714285,0.25063758705063055,0.1910504781622794,0.05958710888835114,0.21865805341471103,0.14453492693156825,0.07412312648314279,0.0,0.0,0.0,0.07089262187088274,0.10747066942719115,0.036578047556308405,0.0394546081139288,0.05332786669654591,0.013873258582617114,0.0,0.0,0.0,0.07089262187088274,0.18955889118932598,0.11866626931844323,0.0394546081139288,0.12909948219407116,0.08964487408014236,0.0,0.0,0.0,0.07089262187088274,0.18955889118932598,0.11866626931844323,0.0394546081139288,0.12909948219407116,0.08964487408014236
8,4,26,13,7,1229294.0,1251866.0,0.018361758863217423,0.08,0.06985391766268256,0,0.1,0.2857142857142857,0.0,0.2857142857142857,0.4072816676077546,0.2968268237882491,0.11045484381950549,0.37844034137333066,0.23778113844146698,0.14065920293186368,0.0,0.0,0.0,0.17019433465085637,0.17555755330354872,0.0053632186526923475,0.12981647792266288,0.12019097077060317,0.009625507152059704,0.0,0.0,0.0,0.17019433465085637,0.24629796108629062,0.07610362643543425,0.12981647792266288,0.18481873558911888,0.055002257666456,0.0,0.0,0.0,0.17019433465085637,0.24629796108629062,0.07610362643543425,0.12981647792266288,0.18481873558911888,0.055002257666456
8,4,26,13,7,1229294.0,1251866.0,0.018361758863217423,0.08,0.06985391766268256,0,0.2,0.2857142857142857,0.14285714285714285,0.14285714285714285,0.4916431394692264,0.42276589506893536,0.06887724440029103,0.467322792761038,0.3866463274961372,0.0806764652649008,0.0,0.0,0.0,0.288300395256917,0.23187225309650938,0.05642814216040759,0.2542519098654533,0.1860809778975771,0.06817093196787621,0.0,0.16666666666666666,0.16666666666666666,0.288300395256917,0.3598935442470912,0.07159314899017422,0.2542519098654533,0.3217341482479809,0.06748223838252759,0.0,0.16666666666666666,0.16666666666666666,0.288300395256917,0.3598935442470912,0.07159314899017422,0.2542519098654533,0.3217341482479809,0.06748223838252759
8,4,26,13,7,1229294.0,1251866.0,0.018361758863217423,0.08,0.06985391766268256,0,0.4,0.2857142857142857,0.2857142857142857,0.0,0.6349368023281067,0.6125549380698122,0.02238186425829447,0.5982466680577675,0.5683847348384609,0.029861933219306636,0.0,0.0,0.0,0.48891152325934933,0.4575769132977371,0.03133460996161225,0.4375453352808744,0.39573862877384497,0.041806706507029445,0.0,0.16666666666666666,0.16666666666666666,0.48891152325934933,0.5479807610814477,0.05906923782209833,0.4375453352808744,0.4964488573115375,0.05890352203066307,0.0,0.16666666666666666,0.16666666666666666,0.48891152325934933,0.5479807610814477,0.05906923782209833,0.4375453352808744,0.4964488573115375,0.05890352203066307
8,4,28,14,7,1229294.0,1244175.0,0.012105322241872165,0.14,0.12855245683930944,0,0.05,0.14285714285714285,0.0,0.14285714285714285,0.25063758705063055,0.26122448979591834,0.010586902745287785,0.21865805341471103,0.2100630221129912,0.008595031301719847,0.0,0.0,0.0,0.07089262187088274,0.1658730158730159,0.09498039400213315,0.0394546081139288,0.12125605223143356,0.08180144411750476,0.0,0.0,0.0,0.07089262187088274,0.1658730158730159,0.09498039400213315,0.0394546081139288,0.12125605223143356,0.08180144411750476,0.0,0.0,0.0,0.07089262187088274,0.1658730158730159,0.09498039400213315,0.0394546081139288,0.12125605223143356,0.08180144411750476
8,4,28,14,7,1229294.0,1244175.0,0.012105322241872165,0.14,0.12855245683930944,0,0.1,0.2857142857142857,0.14285714285714285,0.14285714285714285,0.4072816676077546,0.42176870748299317,0.014487039875238583,0.37844034137333066,0.3817466584346825,0.0033063170613518156,0.0,0.0,0.0,0.17019433465085637,0.3253968253968254,0.15520249074596904,0.12981647792266288,0.278704434840463,0.1488879569178001,0.0,0.0,0.0,0.17019433465085637,0.3253968253968254,0.15520249074596904,0.12981647792266288,0.278704434840463,0.1488879569178001,0.0,0.0,0.0,0.17019433465085637,0.3253968253968254,0.15520249074596904,0.12981647792266288,0.278704434840463,0.1488879569178001
8,4,28,14,7,1229294.0,1244175.0,0.012105322241872165,0.14,0.12855245683930944,0,0.2,0.2857142857142857,0.14285714285714285,0.14285714285714285,0.4916431394692264,0.5608843537414966,0.0692412142722702,0.467322792761038,0.512041625463797,0.04471883270275895,0.0,0.0,0.0,0.288300395256917,0.48769841269841274,0.19939801744149577,0.2542519098654533,0.43071522970776316,0.17646331984230984,0.0,0.0,0.0,0.288300395256917,0.48769841269841274,0.19939801744149577,0.2542519098654533,0.43071522970776316,0.17646331984230984,0.0,0.0,0.0,0.288300395256917,0.48769841269841274,0.19939801744149577,0.2542519098654533,0.43071522970776316,0.17646331984230984
8,4,28,14,7,1229294.0,1244175.0,0.012105322241872165,0.14,0.12855245683930944,0,0.4,0.2857142857142857,0.2857142857142857,0.0,0.6349368023281067,0.7291208791208791,0.09418407679277241,0.5982466680577675,0.6692697687766197,0.0710231007188522,0.0,0.16666666666666666,0.16666666666666666,0.48891152325934933,0.6839743589743589,0.19506283571500954,0.4375453352808744,0.6141480635727229,0.17660272829184848,0.0,0.16666666666666666,0.16666666666666666,0.48891152325934933,0.6839743589743589,0.19506283571500954,0.4375453352808744,0.6141480635727229,0.17660272829184848,0.0,0.16666666666666666,0.16666666666666666,0.48891152325934933,0.6839743589743589,0.19506283571500954,0.4375453352808744,0.6141480635727229,0.17660272829184848
8,4,30,15,7,1229294.0,1249358.0,0.016321563433971044,0.12,0.1383798140770252,0,0.05,0.14285714285714285,0.0,0.14285714285714285,0.25063758705063055,0.2510170734960651,0.00037948644543456256,0.21865805341471103,0.2286107924347721,0.009952739020061052,0.0,0.0,0.0,0.07089262187088274,0.18634453781512605,0.11545191594424331,0.0394546081139288,0.1468992381566004,0.10744463004267159,0.0,0.0,0.0,0.07089262187088274,0.2510170734960651,0.18012445162518237,0.0394546081139288,0.2286107924347721,0.1891561843208433,0.0,0.0,0.0,0.07089262187088274,0.2510170734960651,0.18012445162518237,0.0394546081139288,0.2286107924347721,0.1891561843208433
8,4,30,15,7,1229294.0,1249358.0,0.016321563433971044,0.12,0.1383798140770252,0,0.1,0.2857142857142857,0.14285714285714285,0.14285714285714285,0.4072816676077546,0.41696751164233803,0.009685844034583446,0.37844034137333066,0.37429022335789913,0.004150118015431525,0.0,0.0,0.0,0.17019433465085637,0.2726434051881622,0.10244907053730584,0.12981647792266288,0.21632996415334102,0.08651348623067814,0.0,0.14285714285714285,0.14285714285714285,0.17019433465085637,0.41696751164233803,0.24677317699148166,0.12981647792266288,0.37429022335789913,0.24447374543523626,0.0,0.14285714285714285,0.14285714285714285,0.17019433465085637,0.41696751164233803,0.24677317699148166,0.12981647792266288,0.37429022335789913,0.24447374543523626
8,4,30,15,7,1229294.0,1249358.0,0.016321563433971044,0.12,0.1383798140770252,0,0.2,0.2857142857142857,0.14285714285714285,0.14285714285714285,0.4916431394692264,0.5603933602426477,0.06875022077342136,0.467322792761038,0.5259105677046857,0.0585877749436477,0.0,0.0,0.0,0.288300395256917,0.4067729265619291,0.11847253130501212,0.2542519098654533,0.36739512673676733,0.11314321687131401,0.0,0.14285714285714285,0.14285714285714285,0.288300395256917,0.5603933602426477,0.27209296498573077,0.2542519098654533,0.5259105677046857,0.2716586578392324,0.0,0.14285714285714285,0.14285714285714285,0.288300395256917,0.5603933602426477,0.27209296498573077,0.2542519098654533,0.5259105677046857,0.2716586578392324
8,4,30,15,7,1229294.0,1249358.0,0.016321563433971044,0.12,0.1383798140770252,0,0.4,0.2857142857142857,0.42857142857142855,0.14285714285714285,0.6349368023281067,0.6793086799937367,0.04437187766563,0.5982466680577675,0.6537509342583513,0.055504266200583796,0.0,0.2,0.2,0.48891152325934933,0.5510321519912313,0.06212062873188201,0.4375453352808744,0.5152513079616918,0.07770597268081741,0.0,0.42857142857142855,0.42857142857142855,0.48891152325934933,0.6793086799937367,0.19039715673438734,0.4375453352808744,0.6537509342583513,0.21620559897747688,0.0,0.42857142857142855,0.42857142857142855,0.48891152325934933,0.6793086799937367,0.19039715673438734,0.4375453352808744,0.6537509342583513,0.21620559897747688
8,4,32,16,7,1229294.0,1244383.0,0.012274525052591162,0.08,0.08897742363877834,0,0.05,0.14285714285714285,0.0,0.14285714285714285,0.25063758705063055,0.15598442275460908,0.09465316429602147,0.21865805341471103,0.10298641414709411,0.11567163926761692,0.0,0.0,0.0,0.07089262187088274,0.08980676328502415,0.01891414141414141,0.0394546081139288,0.07043405562740361,0.03097944751347481,0.0,0.0,0.0,0.07089262187088274,0.08980676328502415,0.01891414141414141,0.0394546081139288,0.07043405562740361,0.03097944751347481,0.0,0.0,0.0,0.07089262187088274,0.08980676328502415,0.01891414141414141,0.0394546081139288,0.07043405562740361,0.03097944751347481
8,4,32,16,7,1229294.0,1244383.0,0.012274525052591162,0.08,0.08897742363877834,0,0.1,0.2857142857142857,0.0,0.2857142857142857,0.4072816676077546,0.26809129448881003,0.13919037311894455,0.37844034137333066,0.19360626694676794,0.18483407442656272,0.0,0.0,0.0,0.17019433465085637,0.15628019323671496,0.013914141414141407,0.12981647792266288,0.10640891846380943,0.02340755945885345,0.0,0.0,0.0,0.17019433465085637,0.15628019323671496,0.013914141414141407,0.12981647792266288,0.10640891846380943,0.02340755945885345,0.0,0.0,0.0,0.17019433465085637,0.15628019323671496,0.013914141414141407,0.12981647792266288,0.10640891846380943,0.02340755945885345
8,4,32,16,7,1229294.0,1244383.0,0.012274525052591162,0.08,0.08897742363877834,0,0.2,0.2857142857142857,0.14285714285714285,0.14285714285714285,0.4916431394692264,0.3601547865523021,0.1314883529169243,0.467322792761038,0.31215424873584746,0.15516854402519054,0.0,0.0,0.0,0.288300395256917,0.21850241545893717,0.0697979797979798,0.2542519098654533,0.15170789135814855,0.10254401850730477,0.0,0.0,0.0,0.288300395256917,0.21850241545893717,0.0697979797979798,0.2542519098654533,0.15170789135814855,0.10254401850730477,0.0,0.0,0.0,0.288300395256917,0.21850241545893717,0.0697979797979798,0.2542519098654533,0.15170789135814855,0.10254401850730477
8,4,32,16,7,1229294.0,1244383.0,0.012274525052591162,0.08,0.08897742363877834,0,0.4,0.2857142857142857,0.14285714285714285,0.14285714285714285,0.6349368023281067,0.5086315685694568,0.12630523375864988,0.5982466680577675,0.49182462696238755,0.10642204109537995,0.0,0.0,0.0,0.48891152325934933,0.36922705314009663,0.1196844701192527,0.4375453352808744,0.33752762150721616,0.10001771377365826,0.0,0.0,0.0,0.48891152325934933,0.36922705314009663,0.1196844701192527,0.4375453352808744,0.33752762150721616,0.10001771377365826,0.0,0.0,0.0,0.48891152325934933,0.36922705314009663,0.1196844701192527,0.4375453352808744,0.33752762150721616,0.10001771377365826
8,4,34,17,7,1229294.0,1248876.0,0.01592946845913183,0.12,0.13147410358565736,0,0.05,0.14285714285714285,0.0,0.14285714285714285,0.25063758705063055,0.14531306621532183,0.10532452083530872,0.21865805341471103,0.12772046049300237,0.09093759292170867,0.0,0.0,0.0,0.07089262187088274,0.05581924508240297,0.015073376788479774,0.0394546081139288,0.03722847202554136,0.00222613608838744,0.0,0.0,0.0,0.07089262187088274,0.05581924508240297,0.015073376788479774,0.0394546081139288,0.03722847202554136,0.00222613608838744,0.0,0.0,0.0,0.07089262187088274,0.05581924508240297,0.015073376788479774,0.0394546081139288,0.03722847202554136,0.00222613608838744
8,4,34,17,7,1229294.0,1248876.0,0.01592946845913183,0.12,0.13147410358565736,0,0.1,0.2857142857142857,0.0,0.2857142857142857,0.4072816676077546,0.27845284206186466,0.12882882554588992,0.37844034137333066,0.2797967972989716,0.09864354407435905,0.0,0.0,0.0,0.17019433465085637,0.1469768360294676,0.023217498621388777,0.12981647792266288,0.14713311249365965,0.017316634570996775,0.0,0.0,0.0,0.17019433465085637,0.1469768360294676,0.023217498621388777,0.12981647792266288,0.14713311249365965,0.017316634570996775,0.0,0.0,0.0,0.17019433465085637,0.1469768360294676,0.023217498621388777,0.12981647792266288,0.14713311249365965,0.017316634570996775
8,4,34,17,7,1229294.0,1248876.0,0.01592946845913183,0.12,0.13147410358565736,0,0.2,0.2857142857142857,0.14285714285714285,0.14285714285714285,0.4916431394692264,0.4905922815697252,0.0010508578995012119,0.467322792761038,0.4364429876620713,0.030879805098966706,0.0,0.0,0.0,0.288300395256917,0.32016252753094854,0.03186213227403156,0.2542519098654533,0.25096101112926655,0.0032908987361867648,0.0,0.0,0.0,0.288300395256917,0.32016252753094854,0.03186213227403156,0.2542519098654533,0.25096101112926655,0.0032908987361867648,0.0,0.0,0.0,0.288300395256917,0.32016252753094854,0.03186213227403156,0.2542519098654533,0.25096101112926655,0.0032908987361867648
8,4,34,17,7,1229294.0,1248876.0,0.01592946845913183,0.12,0.13147410358565736,0,0.4,0.2857142857142857,0.2857142857142857,0.0,0.6349368023281067,0.6200106326422116,0.014926169685895108,0.5982466680577675,0.570943451262581,0.027303216795186547,0.0,0.0,0.0,0.48891152325934933,0.4680148856990963,0.020896637560253062,0.4375453352808744,0.39932083176761335,0.038224503513261066,0.0,0.0,0.0,0.48891152325934933,0.4680148856990963,0.020896637560253062,0.4375453352808744,0.39932083176761335,0.038224503513261066,0.0,0.0,0.0,0.48891152325934933,0.4680148856990963,0.020896637560253062,0.4375453352808744,0.39932083176761335,0.038224503513261066
8,4,36,18,7,1229294.0,1244191.0,0.012118337842696702,0.12,0.10252324037184593,0,0.05,0.14285714285714285,0.14285714285714285,0.0,0.25063758705063055,0.24033816425120774,0.010299422799422808,0.21865805341471103,0.22052798593664075,0.0018699325219297125,0.0,0.0,0.0,0.07089262187088274,0.09202898550724638,0.021136363636363634,0.0394546081139288,0.07265557195046093,0.033200963836532135,0.0,0.0,0.0,0.07089262187088274,0.11372785829307568,0.04283523642219293,0.0394546081139288,0.09061598359274751,0.051161375478818716,0.0,0.0,0.0,0.07089262187088274,0.11372785829307568,0.04283523642219293,0.0394546081139288,0.09061598359274751,0.051161375478818716
8,4,36,18,7,1229294.0,1244191.0,0.012118337842696702,0.12,0.10252324037184593,0,0.1,0.2857142857142857,0.14285714285714285,0.14285714285714285,0.4072816676077546,0.3219461697722567,0.08533549783549788,0.37844034137333066,0.2895204008467262,0.08891994052660446,0.0,0.0,0.0,0.17019433465085637,0.16183574879227053,0.008358585858585843,0.12981647792266288,0.1087389022195201,0.02107757570314278,0.0,0.0,0.0,0.17019433465085637,0.20893719806763286,0.03874286341677649,0.12981647792266288,0.1711071343211806,0.04129065639851773,0.0,0.0,0.0,0.17019433465085637,0.20893719806763286,0.03874286341677649,0.12981647792266288,0.1711071343211806,0.04129065639851773
8,4,36,18,7,1229294.0,1244191.0,0.012118337842696702,0.12,0.10252324037184593,0,0.2,0.2857142857142857,0.14285714285714285,0.14285714285714285,0.4916431394692264,0.42908902691511386,0.06255411255411253,0.467322792761038,0.3755464001056278,0.09177639265541021,0.0,0.0,0.0,0.288300395256917,0.2896135265700483,0.0013131313131313216,0.2542519098654533,0.20519290294215833,0.049059006923294984,0.0,0.0,0.0,0.288300395256917,0.33393719806763283,0.04563680281071586,0.2542519098654533,0.27147080012323244,0.017218890257779118,0.0,0.0,0.0,0.288300395256917,0.33393719806763283,0.04563680281071586,0.2542519098654533,0.27147080012323244,0.017218890257779118
8,4,36,18,7,1229294.0,1244191.0,0.012118337842696702,0.12,0.10252324037184593,0,0.4,0.2857142857142857,0.14285714285714285,0.14285714285714285,0.6349368023281067,0.597333136153012,0.0376036661750947,0.5982466680577675,0.5621981992088065,0.03604846884896096,0.0,0.0,0.0,0.48891152325934933,0.4807108350586612,0.008200688200688144,0.4375453352808744,0.43724249539397925,0.0003028398868951676,0.0,0.0,0.0,0.48891152325934933,0.530221992178514,0.04131046891916462,0.4375453352808744,0.4892312324102743,0.05168589712939986,0.0,0.0,0.0,0.48891152325934933,0.530221992178514,0.04131046891916462,0.4375453352808744,0.4892312324102743,0.05168589712939986
8,4,38,19,7,1229294.0,1244383.0,0.012274525052591162,0.1,0.10252324037184601,0,0.05,0.14285714285714285,0.0,0.14285714285714285,0.25063758705063055,0.1958519487123606,0.05478563833826994,0.21865805341471103,0.15229308170999137,0.06636497170471967,0.0,0.0,0.0,0.07089262187088274,0.09085939486397152,0.01996677299308877,0.0394546081139288,0.07170947966944699,0.03225487155551819,0.0,0.0,0.0,0.07089262187088274,0.1173828290533096,0.04649020718242686,0.0394546081139288,0.09392456639120582,0.05446995827727702,0.0,0.0,0.0,0.07089262187088274,0.1173828290533096,0.04649020718242686,0.0394546081139288,0.09392456639120582,0.05446995827727702
8,4,38,19,7,1229294.0,1244383.0,0.012274525052591162,0.1,0.10252324037184601,0,0.1,0.2857142857142857,0.0,0.2857142857142857,0.4072816676077546,0.31588936108386906,0.09139230652388552,0.37844034137333066,0.24271973169343378,0.13572060967989688,0.0,0.0,0.0,0.17019433465085637,0.17557843885075006,0.005384104199893686,0.12981647792266288,0.13278341735912116,0.002966939436458288,0.0,0.0,0.0,0.17019433465085637,0.2296486990422917,0.05945436439143534,0.12981647792266288,0.18773618113260096,0.057919703209938084,0.0,0.0,0.0,0.17019433465085637,0.2296486990422917,0.05945436439143534,0.12981647792266288,0.18773618113260096,0.057919703209938084
8,4,38,19,7,1229294.0,1244383.0,0.012274525052591162,0.1,0.10252324037184601,0,0.2,0.2857142857142857,0.14285714285714285,0.14285714285714285,0.4916431394692264,0.4249119174748465,0.06673122199437986,0.467322792761038,0.36676333583209153,0.10055945692894647,0.0,0.0,0.0,0.288300395256917,0.2948766844647851,0.0065762892078681245,0.2542519098654533,0.22096867016492813,0.033283239700525186,0.0,0.0,0.0,0.288300395256917,0.32906390372065425,0.040763508463737275,0.2542519098654533,0.26122389180410677,0.006971981938653449,0.0,0.0,0.0,0.288300395256917,0.32906390372065425,0.040763508463737275,0.2542519098654533,0.26122389180410677,0.006971981938653449
8,4,38,19,7,1229294.0,1244383.0,0.012274525052591162,0.1,0.10252324037184601,0,0.4,0.2857142857142857,0.14285714285714285,0.14285714285714285,0.6349368023281067,0.5994216908731457,0.035515111454961,0.5982466680577675,0.5617980526409383,0.0364486154168292,0.0,0.0,0.0,0.48891152325934933,0.48919036722240383,0.0002788439630544981,0.4375453352808744,0.42526727369731354,0.012278061583560873,0.0,0.0,0.0,0.48891152325934933,0.5326586393520032,0.04374711609265386,0.4375453352808744,0.48876439474776134,0.05121905946688693,0.0,0.0,0.0,0.48891152325934933,0.5326586393520032,0.04374711609265386,0.4375453352808744,0.48876439474776134,0.05121905946688693
9,4,11,5,8,1268134.0,1264368.0,0.0029785632031180797,0.1,0.03665338645418326,0,0.05,0.125,0.0,0.125,0.3053571428571428,0.274452906162465,0.030904236694677845,0.27704936504348326,0.23861036755107876,0.03843899749240451,0.0,0.0,0.0,0.06,0.12769607843137254,0.06769607843137254,0.04328980482377974,0.0894241825730955,0.046134377749315766,0.0,0.0,0.0,0.06,0.24927054154995332,0.18927054154995332,0.04328980482377974,0.23466250089869467,0.19137269607491492,0.0,0.0,0.0,0.06,0.24927054154995332,0.18927054154995332,0.04328980482377974,0.23466250089869467,0.19137269607491492
9,4,11,5,8,1268134.0,1264368.0,0.0029785632031180797,0.1,0.03665338645418326,0,0.1,0.25,0.375,0.125,0.47321428571428575,0.517953431372549,0.04473914565826326,0.48236128640502896,0.507737064556183,0.025375778151153994,0.0,0.0,0.0,0.21428571428571427,0.2287254901960784,0.014439775910364133,0.22423707464148893,0.21237930328989257,0.011857771351596352,0.0,0.16666666666666666,0.16666666666666666,0.21428571428571427,0.35727124183006537,0.1429855275443511,0.22423707464148893,0.3436494194082438,0.11941234476675486,0.0,0.16666666666666666,0.16666666666666666,0.21428571428571427,0.35727124183006537,0.1429855275443511,0.22423707464148893,0.3436494194082438,0.11941234476675486
9,4,11,5,8,1268134.0,1264368.0,0.0029785632031180797,0.1,0.03665338645418326,0,0.2,0.375,0.375,0.0,0.6105654761904762,0.6076461834733894,0.0029192927170867966,0.5961035194689666,0.5854563868026953,0.010647132666271264,0.0,0.0,0.0,0.3769047619047619,0.3722338935574229,0.004670868347338986,0.35376563115034637,0.3367302188843124,0.017035412266033945,0.0,0.16666666666666666,0.16666666666666666,0.3769047619047619,0.4768615779645191,0.0999568160597572,0.35376563115034637,0.4472751824035937,0.09350955125324734,0.0,0.16666666666666666,0.16666666666666666,0.3769047619047619,0.4768615779645191,0.0999568160597572,0.35376563115034637,0.4472751824035937,0.09350955125324734
9,4,11,5,8,1268134.0,1264368.0,0.0029785632031180797,0.1,0.03665338645418326,0,0.4,0.5,0.375,0.125,0.7855998168498168,0.7675107062055592,0.018089110644257667,0.7660444979254766,0.7354576101225517,0.030586887802924845,0.2,0.0,0.2,0.656959706959707,0.6280171299288947,0.028942577030812267,0.6256711966807624,0.576732176196083,0.04893902048467946,0.2,0.16666666666666666,0.033333333333333354,0.656959706959707,0.6900142749407455,0.03305456798103856,0.6256711966807624,0.6472768134967358,0.021605616815973394,0.2,0.16666666666666666,0.033333333333333354,0.656959706959707,0.6900142749407455,0.03305456798103856,0.6256711966807624,0.6472768134967358,0.021605616815973394
9,4,13,6,8,1268134.0,1273615.0,0.0043220984533180245,0.08,0.0831341301460824,0,0.05,0.125,0.125,0.0,0.3053571428571428,0.3147691981931112,0.009412055335968394,0.27704936504348326,0.28881167879263336,0.0117623137491501,0.0,0.0,0.0,0.06,0.15778750235271974,0.09778750235271974,0.04328980482377974,0.13371611817159856,0.09042631334781882,0.0,0.0,0.0,0.06,0.15778750235271974,0.09778750235271974,0.04328980482377974,0.13371611817159856,0.09042631334781882,0.0,0.0,0.0,0.06,0.15778750235271974,0.09778750235271974,0.04328980482377974,0.13371611817159856,0.09042631334781882
9,4,13,6,8,1268134.0,1273615.0,0.0043220984533180245,0.08,0.0831341301460824,0,0.1,0.25,0.25,0.0,0.47321428571428575,0.4824604743083004,0.00924618859401466,0.48236128640502896,0.471357516114907,0.01100377029012195,0.0,0.16666666666666666,0.16666666666666666,0.21428571428571427,0.3575663466967815,0.14328063241106723,0.22423707464148893,0.3388592018144116,0.11462212717292267,0.0,0.16666666666666666,0.16666666666666666,0.21428571428571427,0.3575663466967815,0.14328063241106723,0.22423707464148893,0.3388592018144116,0.11462212717292267,0.0,0.16666666666666666,0.16666666666666666,0.21428571428571427,0.3575663466967815,0.14328063241106723,0.22423707464148893,0.3388592018144116,0.11462212717292267
9,4,13,6,8,1268134.0,1273615.0,0.0043220984533180245,0.08,0.0831341301460824,0,0.2,0.375,0.375,0.0,0.6105654761904762,0.6192873023715415,0.008721826181065317,0.5961035194689666,0.593059496978379,0.00304402249058755,0.0,0.16666666666666666,0.16666666666666666,0.3769047619047619,0.492383069828722,0.11547830792396008,0.35376563115034637,0.4574126626378386,0.10364703148749221,0.0,0.16666666666666666,0.16666666666666666,0.3769047619047619,0.492383069828722,0.11547830792396008,0.35376563115034637,0.4574126626378386,0.10364703148749221,0.0,0.16666666666666666,0.16666666666666666,0.3769047619047619,0.492383069828722,0.11547830792396008,0.35376563115034637,0.4574126626378386,0.10364703148749221
9,4,13,6,8,1268134.0,1273615.0,0.0043220984533180245,0.08,0.0831341301460824,0,0.4,0.5,0.5,0.0,0.7855998168498168,0.7611121894409938,0.024487627408823043,0.7660444979254766,0.7360701598017646,0.029974338123711974,0.2,0.3333333333333333,0.1333333333333333,0.656959706959707,0.6814829192546584,0.02452321229495147,0.6256711966807624,0.6480935464023528,0.022422349721590407,0.2,0.3333333333333333,0.1333333333333333,0.656959706959707,0.6814829192546584,0.02452321229495147,0.6256711966807624,0.6480935464023528,0.022422349721590407,0.2,0.3333333333333333,0.1333333333333333,0.656959706959707,0.6814829192546584,0.02452321229495147,0.6256711966807624,0.6480935464023528,0.022422349721590407
9,4,15,7,8,1268134.0,1259973.0,0.006477122922475323,0.1,0.06826029216467462,0,0.05,0.125,0.125,0.0,0.3053571428571428,0.2772084253661939,0.028148717490948938,0.27704936504348326,0.27364625284286065,0.0034031122006226155,0.0,0.0,0.0,0.06,0.06853348058591024,0.008533480585910247,0.04328980482377974,0.0643263964797123,0.021036591655932566,0.0,0.0,0.0,0.06,0.06853348058591024,0.008533480585910247,0.04328980482377974,0.0643263964797123,0.021036591655932566,0.0,0.0,0.0,0.06,0.06853348058591024,0.008533480585910247,0.04328980482377974,0.0643263964797123,0.021036591655932566
9,4,15,7,8,1268134.0,1259973.0,0.006477122922475323,0.1,0.06826029216467462,0,0.1,0.25,0.25,0.0,0.47321428571428575,0.468054304231574,0.00515998148271174,0.48236128640502896,0.45906802972838523,0.023293256676643725,0.0,0.0,0.0,0.21428571428571427,0.1738868867705185,0.04039882751519577,0.22423707464148893,0.17189202513550975,0.05234504950597918,0.0,0.0,0.0,0.21428571428571427,0.1738868867705185,0.04039882751519577,0.22423707464148893,0.17189202513550975,0.05234504950597918,0.0,0.0,0.0,0.21428571428571427,0.1738868867705185,0.04039882751519577,0.22423707464148893,0.17189202513550975,0.05234504950597918
9,4,15,7,8,1268134.0,1259973.0,0.006477122922475323,0.1,0.06826029216467462,0,0.2,0.375,0.375,0.0,0.6105654761904762,0.5795708846779819,0.030994591512494285,0.5961035194689666,0.5671966871597768,0.02890683230918978,0.0,0.0,0.0,0.3769047619047619,0.32731341548477094,0.04959134641999097,0.35376563115034637,0.30751469945564275,0.04625093169470362,0.0,0.0,0.0,0.3769047619047619,0.32731341548477094,0.04959134641999097,0.35376563115034637,0.30751469945564275,0.04625093169470362,0.0,0.0,0.0,0.3769047619047619,0.32731341548477094,0.04959134641999097,0.35376563115034637,0.30751469945564275,0.04625093169470362
9,4,15,7,8,1268134.0,1259973.0,0.006477122922475323,0.1,0.06826029216467462,0,0.4,0.5,0.375,0.125,0.7855998168498168,0.6825458748412714,0.10305394200854545,0.7660444979254766,0.6617450946965574,0.10429940322891917,0.2,0.0,0.2,0.656959706959707,0.49207339974603403,0.16488630721367292,0.6256711966807624,0.45879215151449165,0.16687904516627078,0.2,0.0,0.2,0.656959706959707,0.49207339974603403,0.16488630721367292,0.6256711966807624,0.45879215151449165,0.16687904516627078,0.2,0.0,0.2,0.656959706959707,0.49207339974603403,0.16488630721367292,0.6256711966807624,0.45879215151449165,0.16687904516627078
9,4,17,8,8,1268134.0,1248724.0,0.015543867179616953,0.12,0.0435590969455512,0,0.05,0.125,0.125,0.0,0.3053571428571428,0.33435794278185577,0.02900079992471294,0.27704936504348326,0.3256277493350766,0.048578384291593335,0.0,0.0,0.0,0.06,0.0835441370223979,0.023544137022397896,0.04328980482377974,0.047486341712736996,0.004196536888957256,0.0,0.0,0.0,0.06,0.0835441370223979,0.023544137022397896,0.04328980482377974,0.047486341712736996,0.004196536888957256,0.0,0.0,0.0,0.06,0.0835441370223979,0.023544137022397896,0.04328980482377974,0.047486341712736996,0.004196536888957256
9,4,17,8,8,1268134.0,1248724.0,0.015543867179616953,0.12,0.0435590969455512,0,0.1,0.25,0.375,0.125,0.47321428571428575,0.5021574440052701,0.028943158290984317,0.48236128640502896,0.48653981379514566,0.004178527390116704,0.0,0.0,0.0,0.21428571428571427,0.20345191040843216,0.010833803877282111,0.22423707464148893,0.178463702072233,0.04577337256925593,0.0,0.0,0.0,0.21428571428571427,0.20345191040843216,0.010833803877282111,0.22423707464148893,0.178463702072233,0.04577337256925593,0.0,0.0,0.0,0.21428571428571427,0.20345191040843216,0.010833803877282111,0.22423707464148893,0.178463702072233,0.04577337256925593
9,4,17,8,8,1268134.0,1248724.0,0.015543867179616953,0.12,0.0435590969455512,0,0.2,0.375,0.375,0.0,0.6105654761904762,0.5865694993412385,0.02399597684923771,0.5961035194689666,0.5726924893167527,0.023411030152213907,0.0,0.0,0.0,0.3769047619047619,0.3385111989459816,0.038393562958780325,0.35376563115034637,0.31630798290680434,0.03745764824354203,0.0,0.0,0.0,0.3769047619047619,0.3385111989459816,0.038393562958780325,0.35376563115034637,0.31630798290680434,0.03745764824354203,0.0,0.0,0.0,0.3769047619047619,0.3385111989459816,0.038393562958780325,0.35376563115034637,0.31630798290680434,0.03745764824354203
9,4,17,8,8,1268134.0,1248724.0,0.015543867179616953,0.12,0.0435590969455512,0,0.4,0.5,0.375,0.125,0.7855998168498168,0.7349998733150908,0.05059994353472608,0.7660444979254766,0.7115496306575512,0.054494867267925406,0.2,0.0,0.2,0.656959706959707,0.5759997973041451,0.08095990965556188,0.6256711966807624,0.5384794090520817,0.08719178762868074,0.2,0.0,0.2,0.656959706959707,0.5759997973041451,0.08095990965556188,0.6256711966807624,0.5384794090520817,0.08719178762868074,0.2,0.0,0.2,0.656959706959707,0.5759997973041451,0.08095990965556188,0.6256711966807624,0.5384794090520817,0.08719178762868074
9,4,19,9,8,1268134.0,1273033.0,0.0038631564172240474,0.04,0.08632138114209825,0,0.05,0.125,0.125,0.0,0.3053571428571428,0.2969588744588745,0.00839826839826835,0.27704936504348326,0.28923059670126805,0.012181231657784786,0.0,0.0,0.0,0.06,0.13227705627705627,0.07227705627705627,0.04328980482377974,0.10049962890670756,0.057209824082927824,0.0,0.14285714285714285,0.14285714285714285,0.06,0.2781570810142239,0.21815708101422387,0.04328980482377974,0.26341420263126974,0.22012439780749,0.0,0.14285714285714285,0.14285714285714285,0.06,0.2781570810142239,0.21815708101422387,0.04328980482377974,0.26341420263126974,0.22012439780749
9,4,19,9,8,1268134.0,1273033.0,0.0038631564172240474,0.04,0.08632138114209825,0,0.1,0.25,0.25,0.0,0.47321428571428575,0.4343939393939394,0.038820346320346366,0.48236128640502896,0.4416894583294871,0.04067182807554187,0.0,0.0,0.0,0.21428571428571427,0.18074458874458874,0.03354112554112554,0.22423707464148893,0.16681242294466575,0.057424651696823176,0.0,0.2857142857142857,0.2857142857142857,0.21428571428571427,0.414817563388992,0.20053184910327773,0.22423707464148893,0.40486601638904685,0.18062894174755792,0.0,0.2857142857142857,0.2857142857142857,0.21428571428571427,0.414817563388992,0.20053184910327773,0.22423707464148893,0.40486601638904685,0.18062894174755792
9,4,19,9,8,1268134.0,1273033.0,0.0038631564172240474,0.04,0.08632138114209825,0,0.2,0.375,0.375,0.0,0.6105654761904762,0.6009199134199135,0.009645562770562721,0.5961035194689666,0.581061464335781,0.015042055133185572,0.0,0.0,0.0,0.3769047619047619,0.36147186147186144,0.015432900432900465,0.35376563115034637,0.3296983429372497,0.02406728821309667,0.0,0.2857142857142857,0.2857142857142857,0.3769047619047619,0.543908472479901,0.16700371057513913,0.35376563115034637,0.5212131020980354,0.16744747094768903,0.0,0.2857142857142857,0.2857142857142857,0.3769047619047619,0.543908472479901,0.16700371057513913,0.35376563115034637,0.5212131020980354,0.16744747094768903
9,4,19,9,8,1268134.0,1273033.0,0.0038631564172240474,0.04,0.08632138114209825,0,0.4,0.5,0.5,0.0,0.7855998168498168,0.7797619047619048,0.005837912087912067,0.7660444979254766,0.743000143338576,0.023044354586900573,0.2,0.2,0.0,0.656959706959707,0.6476190476190476,0.009340659340659307,0.6256711966807624,0.5888002293417217,0.03687096733904072,0.2,0.42857142857142855,0.22857142857142854,0.656959706959707,0.7482993197278912,0.09133961276818425,0.6256711966807624,0.7062858781012297,0.08061468142046724,0.2,0.42857142857142855,0.22857142857142854,0.656959706959707,0.7482993197278912,0.09133961276818425,0.6256711966807624,0.7062858781012297,0.08061468142046724
9,4,21,10,8,1268134.0,1274465.0,0.0049923746228710845,0.14,0.0432934926958832,0,0.05,0.125,0.25,0.125,0.3053571428571428,0.3905924570785252,0.08523531422138236,0.27704936504348326,0.36847697577646626,0.091427610732983,0.0,0.0,0.0,0.06,0.14494793132564032,0.08494793132564032,0.04328980482377974,0.10862670639284769,0.06533690156906795,0.0,0.0,0.0,0.06,0.14494793132564032,0.08494793132564032,0.04328980482377974,0.10862670639284769,0.06533690156906795,0.0,0.0,0.0,0.06,0.14494793132564032,0.08494793132564032,0.04328980482377974,0.10862670639284769,0.06533690156906795
9,4,21,10,8,1268134.0,1274465.0,0.0049923746228710845,0.14,0.0432934926958832,0,0.1,0.25,0.375,0.125,0.47321428571428575,0.5235364480720518,0.05032216235776604,0.48236128640502896,0.4948960681868569,0.01253478178182793,0.0,0.0,0.0,0.21428571428571427,0.23765831691528283,0.023372602629568556,0.22423707464148893,0.191833709098971,0.03240336554251794,0.0,0.0,0.0,0.21428571428571427,0.23765831691528283,0.023372602629568556,0.22423707464148893,0.191833709098971,0.03240336554251794,0.0,0.0,0.0,0.21428571428571427,0.23765831691528283,0.023372602629568556,0.22423707464148893,0.191833709098971,0.03240336554251794
9,4,21,10,8,1268134.0,1274465.0,0.0049923746228710845,0.14,0.0432934926958832,0,0.2,0.375,0.375,0.0,0.6105654761904762,0.5752951898462735,0.035270286344202706,0.5961035194689666,0.5534733800481877,0.04263013942077887,0.0,0.0,0.0,0.3769047619047619,0.3204723037540375,0.056432458150724396,0.35376563115034637,0.28555740807710017,0.0682082230732462,0.0,0.0,0.0,0.3769047619047619,0.3204723037540375,0.056432458150724396,0.35376563115034637,0.28555740807710017,0.0682082230732462,0.0,0.0,0.0,0.3769047619047619,0.3204723037540375,0.056432458150724396,0.35376563115034637,0.28555740807710017,0.0682082230732462
9,4,21,10,8,1268134.0,1274465.0,0.0049923746228710845,0.14,0.0432934926958832,0,0.4,0.5,0.375,0.125,0.7855998168498168,0.7296407797568788,0.055959037092938035,0.7660444979254766,0.7046773764002755,0.061367121525201074,0.2,0.0,0.2,0.656959706959707,0.5674252476110061,0.08953445934870086,0.6256711966807624,0.5274838022404407,0.09818739444032176,0.2,0.0,0.2,0.656959706959707,0.5674252476110061,0.08953445934870086,0.6256711966807624,0.5274838022404407,0.09818739444032176,0.2,0.0,0.2,0.656959706959707,0.5674252476110061,0.08953445934870086,0.6256711966807624,0.5274838022404407,0.09818739444032176
9,4,23,11,8,1268134.0,1271035.0,0.0022876131386746195,0.08,0.0849933598937583,0,0.05,0.125,0.125,0.0,0.3053571428571428,0.3429934045423176,0.037636261685174754,0.27704936504348326,0.2996828476204132,0.02263348257692993,0.0,0.0,0.0,0.06,0.12339262187088273,0.06339262187088274,0.04328980482377974,0.07712328492306665,0.03383348009928691,0.0,0.0,0.0,0.06,0.19541977748499487,0.13541977748499487,0.04328980482377974,0.1482110099419716,0.10492120511819185,0.0,0.0,0.0,0.06,0.19541977748499487,0.13541977748499487,0.04328980482377974,0.1482110099419716,0.10492120511819185
9,4,23,11,8,1268134.0,1271035.0,0.0022876131386746195,0.08,0.0849933598937583,0,0.1,0.25,0.25,0.0,0.47321428571428575,0.4755408314511575,0.0023265457368717435,0.48236128640502896,0.4437907548076897,0.03857053159733925,0.0,0.0,0.0,0.21428571428571427,0.2180081874647092,0.003722473178994934,0.22423707464148893,0.16252422408574602,0.06171285055574291,0.0,0.16666666666666666,0.16666666666666666,0.21428571428571427,0.348340156220591,0.13405444193487673,0.22423707464148893,0.302103520071455,0.0778664454299661,0.0,0.16666666666666666,0.16666666666666666,0.21428571428571427,0.348340156220591,0.13405444193487673,0.22423707464148893,0.302103520071455,0.0778664454299661
9,4,23,11,8,1268134.0,1271035.0,0.0022876131386746195,0.08,0.0849933598937583,0,0.2,0.375,0.375,0.0,0.6105654761904762,0.6139301595143986,0.0033646833239223684,0.5961035194689666,0.5900094344624447,0.0060940850065218655,0.0,0.0,0.0,0.3769047619047619,0.3822882552230378,0.005383493318275867,0.35376563115034637,0.34401509513991146,0.009750536010434907,0.0,0.16666666666666666,0.16666666666666666,0.3769047619047619,0.4852402126858648,0.1083354507811029,0.35376563115034637,0.4533459126165929,0.09958028146624653,0.0,0.16666666666666666,0.16666666666666666,0.3769047619047619,0.4852402126858648,0.1083354507811029,0.35376563115034637,0.4533459126165929,0.09958028146624653
9,4,23,11,8,1268134.0,1271035.0,0.0022876131386746195,0.08,0.0849933598937583,0,0.4,0.5,0.5,0.0,0.7855998168498168,0.7640139751552795,0.021585841694537367,0.7660444979254766,0.7324174003530438,0.03362709757243276,0.2,0.2,0.0,0.656959706959707,0.6224223602484471,0.03453734671125985,0.6256711966807624,0.5718678405648701,0.053803356115892376,0.2,0.3333333333333333,0.1333333333333333,0.656959706959707,0.6853519668737059,0.028392259913998963,0.6256711966807624,0.6432232004707251,0.01755200378996269,0.2,0.3333333333333333,0.1333333333333333,0.656959706959707,0.6853519668737059,0.028392259913998963,0.6256711966807624,0.6432232004707251,0.01755200378996269
9,4,25,12,8,1268134.0,1270292.0,0.0017017129104652977,0.08,0.07038512616201867,0,0.05,0.125,0.125,0.0,0.3053571428571428,0.2824031267645398,0.022954016092603002,0.27704936504348326,0.250603671020914,0.026445694022569244,0.0,0.0,0.0,0.06,0.11463274044795783,0.05463274044795784,0.04328980482377974,0.08277210780930609,0.03948230298552635,0.0,0.0,0.0,0.06,0.11463274044795783,0.05463274044795784,0.04328980482377974,0.08277210780930609,0.03948230298552635,0.0,0.0,0.0,0.06,0.11463274044795783,0.05463274044795784,0.04328980482377974,0.08277210780930609,0.03948230298552635
9,4,25,12,8,1268134.0,1270292.0,0.0017017129104652977,0.08,0.07038512616201867,0,0.1,0.25,0.25,0.0,0.47321428571428575,0.457906902879729,0.015307382834556738,0.48236128640502896,0.45094771172479353,0.03141357468023542,0.0,0.16666666666666666,0.16666666666666666,0.21428571428571427,0.3248282514586862,0.11054253717297194,0.22423707464148893,0.3116461292942604,0.08740905465277146,0.0,0.16666666666666666,0.16666666666666666,0.21428571428571427,0.3248282514586862,0.11054253717297194,0.22423707464148893,0.3116461292942604,0.08740905465277146,0.0,0.16666666666666666,0.16666666666666666,0.21428571428571427,0.3248282514586862,0.11054253717297194,0.22423707464148893,0.3116461292942604,0.08740905465277146
9,4,25,12,8,1268134.0,1270292.0,0.0017017129104652977,0.08,0.07038512616201867,0,0.2,0.375,0.375,0.0,0.6105654761904762,0.6114748023715415,0.0009093261810653175,0.5961035194689666,0.5825611901493726,0.013542329319593982,0.0,0.16666666666666666,0.16666666666666666,0.3769047619047619,0.48196640316205525,0.10506164125729334,0.35376563115034637,0.44341492019916345,0.08964928904881708,0.0,0.16666666666666666,0.16666666666666666,0.3769047619047619,0.48196640316205525,0.10506164125729334,0.35376563115034637,0.44341492019916345,0.08964928904881708,0.0,0.16666666666666666,0.16666666666666666,0.3769047619047619,0.48196640316205525,0.10506164125729334,0.35376563115034637,0.44341492019916345,0.08964928904881708
9,4,25,12,8,1268134.0,1270292.0,0.0017017129104652977,0.08,0.07038512616201867,0,0.4,0.5,0.5,0.0,0.7855998168498168,0.7757330984233157,0.009866718426501109,0.7660444979254766,0.7480972901616527,0.017947207763823858,0.2,0.3333333333333333,0.1333333333333333,0.656959706959707,0.700977464564421,0.04401775760471405,0.6256711966807624,0.664129720215537,0.038458523534774525,0.2,0.3333333333333333,0.1333333333333333,0.656959706959707,0.700977464564421,0.04401775760471405,0.6256711966807624,0.664129720215537,0.038458523534774525,0.2,0.3333333333333333,0.1333333333333333,0.656959706959707,0.700977464564421,0.04401775760471405,0.6256711966807624,0.664129720215537,0.038458523534774525
9,4,27,13,8,1268134.0,1270571.0,0.0019217212061185963,0.12,0.099070385126162,0,0.05,0.125,0.25,0.125,0.3053571428571428,0.3772233503211764,0.07186620746403355,0.27704936504348326,0.3367609885725343,0.05971162352905102,0.0,0.0,0.0,0.06,0.16963113376156855,0.10963113376156855,0.04328980482377974,0.11568131809671232,0.07239151327293258,0.0,0.0,0.0,0.06,0.16963113376156855,0.10963113376156855,0.04328980482377974,0.11568131809671232,0.07239151327293258,0.0,0.0,0.0,0.06,0.16963113376156855,0.10963113376156855,0.04328980482377974,0.11568131809671232,0.07239151327293258
9,4,27,13,8,1268134.0,1270571.0,0.0019217212061185963,0.12,0.099070385126162,0,0.1,0.25,0.25,0.0,0.47321428571428575,0.4749416042894304,0.0017273185751446318,0.48236128640502896,0.4387617940645224,0.04359949234050653,0.0,0.0,0.0,0.21428571428571427,0.2999221390525738,0.08563642476685954,0.22423707464148893,0.2516823920860299,0.027445317444540956,0.0,0.0,0.0,0.21428571428571427,0.2999221390525738,0.08563642476685954,0.22423707464148893,0.2516823920860299,0.027445317444540956,0.0,0.0,0.0,0.21428571428571427,0.2999221390525738,0.08563642476685954,0.22423707464148893,0.2516823920860299,0.027445317444540956
9,4,27,13,8,1268134.0,1270571.0,0.0019217212061185963,0.12,0.099070385126162,0,0.2,0.375,0.375,0.0,0.6105654761904762,0.5708296836014227,0.039735792589053465,0.5961035194689666,0.5370916019956608,0.05901191747330581,0.0,0.16666666666666666,0.16666666666666666,0.3769047619047619,0.4277729114685636,0.0508681495638017,0.35376563115034637,0.38278880266088083,0.029023171510534462,0.0,0.16666666666666666,0.16666666666666666,0.3769047619047619,0.4277729114685636,0.0508681495638017,0.35376563115034637,0.38278880266088083,0.029023171510534462,0.0,0.16666666666666666,0.16666666666666666,0.3769047619047619,0.4277729114685636,0.0508681495638017,0.35376563115034637,0.38278880266088083,0.029023171510534462
9,4,27,13,8,1268134.0,1270571.0,0.0019217212061185963,0.12,0.099070385126162,0,0.4,0.5,0.375,0.125,0.7855998168498168,0.7173183097096141,0.06828150714020276,0.7660444979254766,0.682732518996695,0.08331197892878162,0.2,0.16666666666666666,0.033333333333333354,0.656959706959707,0.6230910796128187,0.033868627346888225,0.6256711966807624,0.5769766919955933,0.048694504685169115,0.2,0.16666666666666666,0.033333333333333354,0.656959706959707,0.6230910796128187,0.033868627346888225,0.6256711966807624,0.5769766919955933,0.048694504685169115,0.2,0.16666666666666666,0.033333333333333354,0.656959706959707,0.6230910796128187,0.033868627346888225,0.6256711966807624,0.5769766919955933,0.048694504685169115
9,4,29,14,8,1268134.0,1263846.0,0.003392818428827563,0.06,0.03505976095617529,0,0.05,0.125,0.25,0.125,0.3053571428571428,0.3857919254658385,0.08043478260869569,0.27704936504348326,0.35523987740303314,0.07819051235954988,0.0,0.0,0.0,0.06,0.11726708074534162,0.05726708074534162,0.04328980482377974,0.0886596659138186,0.04536986109003886,0.0,0.0,0.0,0.06,0.11726708074534162,0.05726708074534162,0.04328980482377974,0.0886596659138186,0.04536986109003886,0.0,0.0,0.0,0.06,0.11726708074534162,0.05726708074534162,0.04328980482377974,0.0886596659138186,0.04536986109003886
9,4,29,14,8,1268134.0,1263846.0,0.003392818428827563,0.06,0.03505976095617529,0,0.1,0.25,0.375,0.125,0.47321428571428575,0.5055124223602484,0.03229813664596265,0.48236128640502896,0.4917625715970936,0.009401285192064623,0.0,0.0,0.0,0.21428571428571427,0.2088198757763975,0.005465838509316784,0.22423707464148893,0.1868201145553498,0.03741696008613912,0.0,0.0,0.0,0.21428571428571427,0.2088198757763975,0.005465838509316784,0.22423707464148893,0.1868201145553498,0.03741696008613912,0.0,0.0,0.0,0.21428571428571427,0.2088198757763975,0.005465838509316784,0.22423707464148893,0.1868201145553498,0.03741696008613912
9,4,29,14,8,1268134.0,1263846.0,0.003392818428827563,0.06,0.03505976095617529,0,0.2,0.375,0.375,0.0,0.6105654761904762,0.6121376811594204,0.0015722049689441686,0.5961035194689666,0.5880851740487746,0.008018345420191975,0.0,0.0,0.0,0.3769047619047619,0.37942028985507237,0.002515527950310459,0.35376563115034637,0.3409362784780394,0.012829352672306948,0.0,0.0,0.0,0.3769047619047619,0.37942028985507237,0.002515527950310459,0.35376563115034637,0.3409362784780394,0.012829352672306948,0.0,0.0,0.0,0.3769047619047619,0.37942028985507237,0.002515527950310459,0.35376563115034637,0.3409362784780394,0.012829352672306948
9,4,29,14,8,1268134.0,1263846.0,0.003392818428827563,0.06,0.03505976095617529,0,0.4,0.5,0.375,0.125,0.7855998168498168,0.7518115942028986,0.033788222646918276,0.7660444979254766,0.7286411367655309,0.03740336115994569,0.2,0.0,0.2,0.656959706959707,0.6028985507246377,0.05406115623506924,0.6256711966807624,0.5658258188248493,0.05984537785591315,0.2,0.0,0.2,0.656959706959707,0.6028985507246377,0.05406115623506924,0.6256711966807624,0.5658258188248493,0.05984537785591315,0.2,0.0,0.2,0.656959706959707,0.6028985507246377,0.05406115623506924,0.6256711966807624,0.5658258188248493,0.05984537785591315
9,4,31,15,8,1268134.0,1266770.0,0.0010767542647836623,0.04,0.0387782204515272,0,0.05,0.125,0.125,0.0,0.3053571428571428,0.33619828993470297,0.030841147077560138,0.27704936504348326,0.3100361554827992,0.03298679043931596,0.0,0.0,0.0,0.06,0.10363154960981047,0.04363154960981047,0.04328980482377974,0.05965147942057801,0.01636167459679827,0.0,0.0,0.0,0.06,0.10363154960981047,0.04363154960981047,0.04328980482377974,0.05965147942057801,0.01636167459679827,0.0,0.0,0.0,0.06,0.10363154960981047,0.04363154960981047,0.04328980482377974,0.05965147942057801,0.01636167459679827
9,4,31,15,8,1268134.0,1266770.0,0.0010767542647836623,0.04,0.0387782204515272,0,0.1,0.25,0.25,0.0,0.47321428571428575,0.4895268454371715,0.016312559722885756,0.48236128640502896,0.48026978533377257,0.0020915010712563853,0.0,0.0,0.0,0.21428571428571427,0.24038580984233157,0.026100095556617298,0.22423707464148893,0.22089067292747888,0.0033464017140100444,0.0,0.0,0.0,0.21428571428571427,0.24038580984233157,0.026100095556617298,0.22423707464148893,0.22089067292747888,0.0033464017140100444,0.0,0.0,0.0,0.21428571428571427,0.24038580984233157,0.026100095556617298,0.22423707464148893,0.22089067292747888,0.0033464017140100444
9,4,31,15,8,1268134.0,1266770.0,0.0010767542647836623,0.04,0.0387782204515272,0,0.2,0.375,0.375,0.0,0.6105654761904762,0.6100257306099697,0.0005397455805065121,0.5961035194689666,0.5932797632389352,0.0028237562300313934,0.0,0.0,0.0,0.3769047619047619,0.3760411689759516,0.0008635929288103306,0.35376563115034637,0.34924762118229624,0.0045180099680501296,0.0,0.0,0.0,0.3769047619047619,0.3760411689759516,0.0008635929288103306,0.35376563115034637,0.34924762118229624,0.0045180099680501296,0.0,0.0,0.0,0.3769047619047619,0.3760411689759516,0.0008635929288103306,0.35376563115034637,0.34924762118229624,0.0045180099680501296
9,4,31,15,8,1268134.0,1266770.0,0.0010767542647836623,0.04,0.0387782204515272,0,0.4,0.5,0.5,0.0,0.7855998168498168,0.7823436753463927,0.003256141503424126,0.7660444979254766,0.7369928006182584,0.029051697307218127,0.2,0.2,0.0,0.656959706959707,0.6517498805542283,0.005209826405478624,0.6256711966807624,0.5791884809892136,0.046482715691548826,0.2,0.2,0.0,0.656959706959707,0.6517498805542283,0.005209826405478624,0.6256711966807624,0.5791884809892136,0.046482715691548826,0.2,0.2,0.0,0.656959706959707,0.6517498805542283,0.005209826405478624,0.6256711966807624,0.5791884809892136,0.046482715691548826
9,4,33,16,8,1268134.0,1270167.0,0.0016031428855310243,0.08,0.09428950863213816,0,0.05,0.125,0.125,0.0,0.3053571428571428,0.33937428061069363,0.03401713775355081,0.27704936504348326,0.29578977859750427,0.018740413554021007,0.0,0.0,0.0,0.06,0.19059427890949632,0.13059427890949632,0.04328980482377974,0.1430202512447598,0.09973044642098007,0.0,0.0,0.0,0.06,0.19059427890949632,0.13059427890949632,0.04328980482377974,0.1430202512447598,0.09973044642098007,0.0,0.0,0.0,0.06,0.19059427890949632,0.13059427890949632,0.04328980482377974,0.1430202512447598,0.09973044642098007
9,4,33,16,8,1268134.0,1270167.0,0.0016031428855310243,0.08,0.09428950863213816,0,0.1,0.25,0.25,0.0,0.47321428571428575,0.47361775452808064,0.00040346881379488275,0.48236128640502896,0.456041120201753,0.02632016620327593,0.0,0.16666666666666666,0.16666666666666666,0.21428571428571427,0.34577605365648845,0.13149033937077417,0.22423707464148893,0.31843734059687295,0.09420026595538403,0.0,0.16666666666666666,0.16666666666666666,0.21428571428571427,0.34577605365648845,0.13149033937077417,0.22423707464148893,0.31843734059687295,0.09420026595538403,0.0,0.16666666666666666,0.16666666666666666,0.21428571428571427,0.34577605365648845,0.13149033937077417,0.22423707464148893,0.31843734059687295,0.09420026595538403
9,4,33,16,8,1268134.0,1270167.0,0.0016031428855310243,0.08,0.09428950863213816,0,0.2,0.375,0.375,0.0,0.6105654761904762,0.606237851822091,0.004327624368385186,0.5961035194689666,0.5856574333042726,0.010446086164694002,0.0,0.16666666666666666,0.16666666666666666,0.3769047619047619,0.4749838024294546,0.09807904052469268,0.35376563115034637,0.44754324440569676,0.09377761325535039,0.0,0.16666666666666666,0.16666666666666666,0.3769047619047619,0.4749838024294546,0.09807904052469268,0.35376563115034637,0.44754324440569676,0.09377761325535039,0.0,0.16666666666666666,0.16666666666666666,0.3769047619047619,0.4749838024294546,0.09807904052469268,0.35376563115034637,0.44754324440569676,0.09377761325535039
9,4,33,16,8,1268134.0,1270167.0,0.0016031428855310243,0.08,0.09428950863213816,0,0.4,0.5,0.375,0.125,0.7855998168498168,0.7566166849454893,0.028983131904327553,0.7660444979254766,0.72682406348904,0.039220434436436524,0.2,0.16666666666666666,0.033333333333333354,0.656959706959707,0.6754889132606524,0.018529206300945456,0.6256711966807624,0.6357654179853868,0.01009422130462434,0.2,0.16666666666666666,0.033333333333333354,0.656959706959707,0.6754889132606524,0.018529206300945456,0.6256711966807624,0.6357654179853868,0.01009422130462434,0.2,0.16666666666666666,0.033333333333333354,0.656959706959707,0.6754889132606524,0.018529206300945456,0.6256711966807624,0.6357654179853868,0.01009422130462434
9,4,35,17,8,1268134.0,1266542.0,0.0012569658171620048,0.08,0.08207171314741037,0,0.05,0.125,0.0,0.125,0.3053571428571428,0.2545833333333334,0.05077380952380944,0.27704936504348326,0.27400509287599784,0.003044272167485429,0.0,0.0,0.0,0.06,0.074,0.013999999999999999,0.04328980482377974,0.05608374384236453,0.01279393901858479,0.0,0.0,0.0,0.06,0.145,0.08499999999999999,0.04328980482377974,0.13764554411106134,0.0943557392872816,0.0,0.0,0.0,0.06,0.145,0.08499999999999999,0.04328980482377974,0.13764554411106134,0.0943557392872816
9,4,35,17,8,1268134.0,1266542.0,0.0012569658171620048,0.08,0.08207171314741037,0,0.1,0.25,0.25,0.0,0.47321428571428575,0.4808134920634921,0.0075992063492063555,0.48236128640502896,0.45866962255695815,0.02369166384807081,0.0,0.0,0.0,0.21428571428571427,0.20263492063492064,0.011650793650793634,0.22423707464148893,0.1762956385153754,0.04794143612611351,0.0,0.0,0.0,0.21428571428571427,0.3077513227513227,0.09346560846560845,0.22423707464148893,0.27822616340927747,0.053989088767788546,0.0,0.0,0.0,0.21428571428571427,0.3077513227513227,0.09346560846560845,0.22423707464148893,0.27822616340927747,0.053989088767788546
9,4,35,17,8,1268134.0,1266542.0,0.0012569658171620048,0.08,0.08207171314741037,0,0.2,0.375,0.375,0.0,0.6105654761904762,0.6028769841269841,0.007688492063492092,0.5961035194689666,0.5727264219457388,0.023377097523227808,0.0,0.0,0.0,0.3769047619047619,0.3646031746031746,0.012301587301587313,0.35376563115034637,0.31636227511318193,0.03740335603716444,0.0,0.16666666666666666,0.16666666666666666,0.3769047619047619,0.4705026455026455,0.09359788359788357,0.35376563115034637,0.4303018959276516,0.07653626477730524,0.0,0.16666666666666666,0.16666666666666666,0.3769047619047619,0.4705026455026455,0.09359788359788357,0.35376563115034637,0.4303018959276516,0.07653626477730524
9,4,35,17,8,1268134.0,1266542.0,0.0012569658171620048,0.08,0.08207171314741037,0,0.4,0.5,0.375,0.125,0.7855998168498168,0.7585241147741147,0.02707570207570209,0.7660444979254766,0.7185510942236335,0.04749340370184307,0.2,0.0,0.2,0.656959706959707,0.6136385836385836,0.04332112332112337,0.6256711966807624,0.5496817507578136,0.07598944592294887,0.2,0.16666666666666666,0.033333333333333354,0.656959706959707,0.678032153032153,0.02107244607244607,0.6256711966807624,0.624734792298178,0.0009364043825844659,0.2,0.16666666666666666,0.033333333333333354,0.656959706959707,0.678032153032153,0.02107244607244607,0.6256711966807624,0.624734792298178,0.0009364043825844659
9,4,37,18,8,1268134.0,1260993.0,0.005662997336226291,0.06,0.04701195219123516,0,0.05,0.125,0.125,0.0,0.3053571428571428,0.36733954451345757,0.061982401656314745,0.27704936504348326,0.3347609522488807,0.05771158720539743,0.0,0.0,0.0,0.06,0.08488612836438922,0.02488612836438922,0.04328980482377974,0.07402887405388438,0.030739069230104638,0.0,0.0,0.0,0.06,0.08488612836438922,0.02488612836438922,0.04328980482377974,0.07402887405388438,0.030739069230104638,0.0,0.0,0.0,0.06,0.08488612836438922,0.02488612836438922,0.04328980482377974,0.07402887405388438,0.030739069230104638
9,4,37,18,8,1268134.0,1260993.0,0.005662997336226291,0.06,0.04701195219123516,0,0.1,0.25,0.375,0.125,0.47321428571428575,0.5237663906142167,0.05055210489993095,0.48236128640502896,0.5088889949632731,0.026527708558244156,0.0,0.0,0.0,0.21428571428571427,0.23802622498274673,0.023740510697032452,0.22423707464148893,0.214222391941237,0.010014682700251937,0.0,0.0,0.0,0.21428571428571427,0.23802622498274673,0.023740510697032452,0.22423707464148893,0.214222391941237,0.010014682700251937,0.0,0.0,0.0,0.21428571428571427,0.23802622498274673,0.023740510697032452,0.22423707464148893,0.214222391941237,0.010014682700251937
9,4,37,18,8,1268134.0,1260993.0,0.005662997336226291,0.06,0.04701195219123516,0,0.2,0.375,0.375,0.0,0.6105654761904762,0.6244392684610076,0.013873792270531426,0.5961035194689666,0.6033066655151165,0.007203146046149911,0.0,0.0,0.0,0.3769047619047619,0.39910282953761217,0.02219806763285026,0.35376563115034637,0.3652906648241863,0.011525033673839946,0.0,0.0,0.0,0.3769047619047619,0.39910282953761217,0.02219806763285026,0.35376563115034637,0.3652906648241863,0.011525033673839946,0.0,0.0,0.0,0.3769047619047619,0.39910282953761217,0.02219806763285026,0.35376563115034637,0.3652906648241863,0.011525033673839946
9,4,37,18,8,1268134.0,1260993.0,0.005662997336226291,0.06,0.04701195219123516,0,0.4,0.5,0.375,0.125,0.7855998168498168,0.7541772840685884,0.03142253278122842,0.7660444979254766,0.7397688295083228,0.026275668417153786,0.2,0.0,0.2,0.656959706959707,0.6066836545097415,0.05027605244996547,0.6256711966807624,0.5836301272133164,0.04204106946744601,0.2,0.0,0.2,0.656959706959707,0.6066836545097415,0.05027605244996547,0.6256711966807624,0.5836301272133164,0.04204106946744601,0.2,0.0,0.2,0.656959706959707,0.6066836545097415,0.05027605244996547,0.6256711966807624,0.5836301272133164,0.04204106946744601
9,4,39,19,8,1268134.0,1244084.0,0.019331492085743408,0.08,0.04063745019920316,0,0.05,0.125,0.125,0.0,0.3053571428571428,0.3312219887955182,0.025864845938375347,0.27704936504348326,0.30819532772486313,0.03114596268137987,0.0,0.0,0.0,0.06,0.10709803921568628,0.04709803921568628,0.04328980482377974,0.08214322015089484,0.0388534153271151,0.0,0.0,0.0,0.06,0.10709803921568628,0.04709803921568628,0.04328980482377974,0.08214322015089484,0.0388534153271151,0.0,0.0,0.0,0.06,0.10709803921568628,0.04709803921568628,0.04328980482377974,0.08214322015089484,0.0388534153271151
9,4,39,19,8,1268134.0,1244084.0,0.019331492085743408,0.08,0.04063745019920316,0,0.1,0.25,0.375,0.125,0.47321428571428575,0.5159313725490196,0.0427170868347338,0.48236128640502896,0.5075784532608311,0.02521716685580211,0.0,0.0,0.0,0.21428571428571427,0.22549019607843138,0.011204481792717103,0.22423707464148893,0.2121255252173298,0.012111549424159124,0.0,0.0,0.0,0.21428571428571427,0.22549019607843138,0.011204481792717103,0.22423707464148893,0.2121255252173298,0.012111549424159124,0.0,0.0,0.0,0.21428571428571427,0.22549019607843138,0.011204481792717103,0.22423707464148893,0.2121255252173298,0.012111549424159124
9,4,39,19,8,1268134.0,1244084.0,0.019331492085743408,0.08,0.04063745019920316,0,0.2,0.375,0.375,0.0,0.6105654761904762,0.6034313725490196,0.007134103641456613,0.5961035194689666,0.5708604539807385,0.025243065488228078,0.0,0.0,0.0,0.3769047619047619,0.36549019607843136,0.011414565826330547,0.35376563115034637,0.3133767263691815,0.04038890478116486,0.0,0.0,0.0,0.3769047619047619,0.36549019607843136,0.011414565826330547,0.35376563115034637,0.3133767263691815,0.04038890478116486,0.0,0.0,0.0,0.3769047619047619,0.36549019607843136,0.011414565826330547,0.35376563115034637,0.3133767263691815,0.04038890478116486
9,4,39,19,8,1268134.0,1244084.0,0.019331492085743408,0.08,0.04063745019920316,0,0.4,0.5,0.375,0.125,0.7855998168498168,0.7014196832579186,0.08418013359189824,0.7660444979254766,0.664669529600296,0.10137496832518056,0.2,0.0,0.2,0.656959706959707,0.5222714932126697,0.1346882137470372,0.6256711966807624,0.46347124736047374,0.1621999493202887,0.2,0.0,0.2,0.656959706959707,0.5222714932126697,0.1346882137470372,0.6256711966807624,0.46347124736047374,0.1621999493202887,0.2,0.0,0.2,0.656959706959707,0.5222714932126697,0.1346882137470372,0.6256711966807624,0.46347124736047374,0.1621999493202887
10,5,12,6,7,1248490.0,1236966.0,0.009316343375646541,0.12,0.06693227091633466,0,0.05,0.14285714285714285,0.14285714285714285,0.0,0.30556122448979595,0.319435165370496,0.013873940880700042,0.2669763864855229,0.2739600093575434,0.0069836228720204785,0.0,0.0,0.0,0.10778571428571429,0.20600769293224533,0.09822197864653104,0.06841577051117023,0.1529533442504673,0.08453757373929707,0.0,0.0,0.0,0.10778571428571429,0.20600769293224533,0.09822197864653104,0.06841577051117023,0.1529533442504673,0.08453757373929707,0.0,0.0,0.0,0.10778571428571429,0.20600769293224533,0.09822197864653104,0.06841577051117023,0.1529533442504673,0.08453757373929707
10,5,12,6,7,1248490.0,1236966.0,0.009316343375646541,0.12,0.06693227091633466,0,0.1,0.2857142857142857,0.14285714285714285,0.14285714285714285,0.42576530612244895,0.4351664578875028,0.00940115176505385,0.4039479396754655,0.3908575187256052,0.013090420949860293,0.0,0.0,0.0,0.1960714285714286,0.3410275342020866,0.144956105630658,0.16552711554565167,0.2893337718465394,0.12380665630088775,0.0,0.0,0.0,0.1960714285714286,0.3410275342020866,0.144956105630658,0.16552711554565167,0.2893337718465394,0.12380665630088775,0.0,0.0,0.0,0.1960714285714286,0.3410275342020866,0.144956105630658,0.16552711554565167,0.2893337718465394,0.12380665630088775
10,5,12,6,7,1248490.0,1236966.0,0.009316343375646541,0.12,0.06693227091633466,0,0.2,0.2857142857142857,0.2857142857142857,0.0,0.5266156462585034,0.5484604711449798,0.02184482488647632,0.4764159154682641,0.5117396519174608,0.03532373644919673,0.0,0.16666666666666666,0.16666666666666666,0.33726190476190476,0.47320388300247634,0.13594197824057158,0.2669822816555697,0.4303629272370377,0.16338064558146798,0.0,0.16666666666666666,0.16666666666666666,0.33726190476190476,0.47320388300247634,0.13594197824057158,0.2669822816555697,0.4303629272370377,0.16338064558146798,0.0,0.16666666666666666,0.16666666666666666,0.33726190476190476,0.47320388300247634,0.13594197824057158,0.2669822816555697,0.4303629272370377,0.16338064558146798
10,5,12,6,7,1248490.0,1236966.0,0.009316343375646541,0.12,0.06693227091633466,0,0.4,0.2857142857142857,0.2857142857142857,0.0,0.6624228152799583,0.7041049028306975,0.04168208755073921,0.6232993709347887,0.6498552014590968,0.0265558305243081,0.0,0.16666666666666666,0.16666666666666666,0.5273919413919415,0.6547890533024804,0.12739711191053893,0.47261911930870404,0.591497735035613,0.11887861572690894,0.0,0.16666666666666666,0.16666666666666666,0.5273919413919415,0.6547890533024804,0.12739711191053893,0.47261911930870404,0.591497735035613,0.11887861572690894,0.0,0.16666666666666666,0.16666666666666666,0.5273919413919415,0.6547890533024804,0.12739711191053893,0.47261911930870404,0.591497735035613,0.11887861572690894
10,5,14,7,7,1248490.0,1254971.0,0.00519107081354276,0.08,0.10703851261620188,0,0.05,0.14285714285714285,0.14285714285714285,0.0,0.30556122448979595,0.3068225089719042,0.0012612844821082714,0.2669763864855229,0.25704302532630857,0.009933361159214338,0.0,0.0,0.0,0.10778571428571429,0.19129292713388824,0.08350721284817395,0.06841577051117023,0.13321686288069332,0.06480109236952308,0.0,0.0,0.0,0.10778571428571429,0.19129292713388824,0.08350721284817395,0.06841577051117023,0.13321686288069332,0.06480109236952308,0.0,0.0,0.0,0.10778571428571429,0.19129292713388824,0.08350721284817395,0.06841577051117023,0.13321686288069332,0.06480109236952308
10,5,14,7,7,1248490.0,1254971.0,0.00519107081354276,0.08,0.10703851261620188,0,0.1,0.2857142857142857,0.14285714285714285,0.14285714285714285,0.42576530612244895,0.4015727775003682,0.024192528622080767,0.4039479396754655,0.347156201055317,0.05679173862014847,0.0,0.0,0.0,0.1960714285714286,0.3018349070837629,0.10576347851233434,0.16552711554565167,0.23834890123120323,0.07282178568555156,0.0,0.0,0.0,0.1960714285714286,0.3018349070837629,0.10576347851233434,0.16552711554565167,0.23834890123120323,0.07282178568555156,0.0,0.0,0.0,0.1960714285714286,0.3018349070837629,0.10576347851233434,0.16552711554565167,0.23834890123120323,0.07282178568555156
10,5,14,7,7,1248490.0,1254971.0,0.00519107081354276,0.08,0.10703851261620188,0,0.2,0.2857142857142857,0.2857142857142857,0.0,0.5266156462585034,0.5375286490234185,0.010913002764915025,0.4764159154682641,0.48923619717388167,0.012820281705617553,0.0,0.16666666666666666,0.16666666666666666,0.33726190476190476,0.4604500905273216,0.12318818576541685,0.2669822816555697,0.40410889670286193,0.13712661504729223,0.0,0.16666666666666666,0.16666666666666666,0.33726190476190476,0.4604500905273216,0.12318818576541685,0.2669822816555697,0.40410889670286193,0.13712661504729223,0.0,0.16666666666666666,0.16666666666666666,0.33726190476190476,0.4604500905273216,0.12318818576541685,0.2669822816555697,0.40410889670286193,0.13712661504729223
10,5,14,7,7,1248490.0,1254971.0,0.00519107081354276,0.08,0.10703851261620188,0,0.4,0.2857142857142857,0.2857142857142857,0.0,0.6624228152799583,0.6786307024129842,0.0162078871330259,0.6232993709347887,0.6110873884072682,0.012211982527520537,0.0,0.16666666666666666,0.16666666666666666,0.5273919413919415,0.6250691528151483,0.09767721142320684,0.47261911930870404,0.5462686198084795,0.07364950049977548,0.0,0.16666666666666666,0.16666666666666666,0.5273919413919415,0.6250691528151483,0.09767721142320684,0.47261911930870404,0.5462686198084795,0.07364950049977548,0.0,0.16666666666666666,0.16666666666666666,0.5273919413919415,0.6250691528151483,0.09767721142320684,0.47261911930870404,0.5462686198084795,0.07364950049977548
10,5,16,8,7,1248490.0,1239020.0,0.007643137318203096,0.12,0.025498007968127456,0,0.05,0.14285714285714285,0.0,0.14285714285714285,0.30556122448979595,0.3041290429215164,0.0014321815682795669,0.2669763864855229,0.26612951940625534,0.0008468670792675659,0.0,0.0,0.0,0.10778571428571429,0.1543520886615516,0.0465663743758373,0.06841577051117023,0.1078725893046798,0.03945681879350957,0.0,0.0,0.0,0.10778571428571429,0.1543520886615516,0.0465663743758373,0.06841577051117023,0.1078725893046798,0.03945681879350957,0.0,0.0,0.0,0.10778571428571429,0.1543520886615516,0.0465663743758373,0.06841577051117023,0.1078725893046798,0.03945681879350957
10,5,16,8,7,1248490.0,1239020.0,0.007643137318203096,0.12,0.025498007968127456,0,0.1,0.2857142857142857,0.2857142857142857,0.0,0.42576530612244895,0.4507276823772987,0.02496237625484976,0.4039479396754655,0.40906622727337083,0.0051182875979053355,0.0,0.0,0.0,0.1960714285714286,0.23101875532821822,0.03494732675678963,0.16552711554565167,0.17269271818271922,0.0071656026370675585,0.0,0.0,0.0,0.1960714285714286,0.23101875532821822,0.03494732675678963,0.16552711554565167,0.17269271818271922,0.0071656026370675585,0.0,0.0,0.0,0.1960714285714286,0.23101875532821822,0.03494732675678963,0.16552711554565167,0.17269271818271922,0.0071656026370675585
10,5,16,8,7,1248490.0,1239020.0,0.007643137318203096,0.12,0.025498007968127456,0,0.2,0.2857142857142857,0.2857142857142857,0.0,0.5266156462585034,0.5459094507368164,0.01929380447831297,0.4764159154682641,0.4975592189587562,0.021143303490492094,0.0,0.0,0.0,0.33726190476190476,0.3642732310315431,0.027011326269638314,0.2669822816555697,0.2965829065422586,0.02960062488668891,0.0,0.0,0.0,0.33726190476190476,0.3642732310315431,0.027011326269638314,0.2669822816555697,0.2965829065422586,0.02960062488668891,0.0,0.0,0.0,0.33726190476190476,0.3642732310315431,0.027011326269638314,0.2669822816555697,0.2965829065422586,0.02960062488668891
10,5,16,8,7,1248490.0,1239020.0,0.007643137318203096,0.12,0.025498007968127456,0,0.4,0.2857142857142857,0.2857142857142857,0.0,0.6624228152799583,0.6631485202776763,0.0007257049977180685,0.6232993709347887,0.6112171867334701,0.012082184201318569,0.0,0.0,0.0,0.5273919413919415,0.5284079283887468,0.0010159869968053847,0.47261911930870404,0.455704061426858,0.016915057881846052,0.0,0.0,0.0,0.5273919413919415,0.5284079283887468,0.0010159869968053847,0.47261911930870404,0.455704061426858,0.016915057881846052,0.0,0.0,0.0,0.5273919413919415,0.5284079283887468,0.0010159869968053847,0.47261911930870404,0.455704061426858,0.016915057881846052
10,5,18,9,7,1248490.0,1247055.0,0.0011507110752933913,0.08,0.0889774236387783,0,0.05,0.14285714285714285,0.0,0.14285714285714285,0.30556122448979595,0.1695238095238095,0.13603741496598645,0.2669763864855229,0.13247154038291487,0.13450484610260804,0.0,0.0,0.0,0.10778571428571429,0.07066666666666667,0.03711904761904762,0.06841577051117023,0.04048454292709241,0.027931227584077824,0.0,0.0,0.0,0.10778571428571429,0.07066666666666667,0.03711904761904762,0.06841577051117023,0.04048454292709241,0.027931227584077824,0.0,0.0,0.0,0.10778571428571429,0.07066666666666667,0.03711904761904762,0.06841577051117023,0.04048454292709241,0.027931227584077824
10,5,18,9,7,1248490.0,1247055.0,0.0011507110752933913,0.08,0.0889774236387783,0,0.1,0.2857142857142857,0.0,0.2857142857142857,0.42576530612244895,0.23079365079365077,0.19497165532879818,0.4039479396754655,0.1894732566751293,0.2144746830003362,0.0,0.0,0.0,0.1960714285714286,0.1231111111111111,0.07296031746031749,0.16552711554565167,0.07994474641940644,0.08558236912624523,0.0,0.0,0.0,0.1960714285714286,0.1231111111111111,0.07296031746031749,0.16552711554565167,0.07994474641940644,0.08558236912624523,0.0,0.0,0.0,0.1960714285714286,0.1231111111111111,0.07296031746031749,0.16552711554565167,0.07994474641940644,0.08558236912624523
10,5,18,9,7,1248490.0,1247055.0,0.0011507110752933913,0.08,0.0889774236387783,0,0.2,0.2857142857142857,0.14285714285714285,0.14285714285714285,0.5266156462585034,0.3696825396825397,0.1569331065759637,0.4764159154682641,0.3483044457082734,0.12811146975999071,0.0,0.0,0.0,0.33726190476190476,0.21755555555555556,0.1197063492063492,0.2669822816555697,0.18239746582164798,0.08458481583392172,0.0,0.0,0.0,0.33726190476190476,0.21755555555555556,0.1197063492063492,0.2669822816555697,0.18239746582164798,0.08458481583392172,0.0,0.0,0.0,0.33726190476190476,0.21755555555555556,0.1197063492063492,0.2669822816555697,0.18239746582164798,0.08458481583392172
10,5,18,9,7,1248490.0,1247055.0,0.0011507110752933913,0.08,0.0889774236387783,0,0.4,0.2857142857142857,0.14285714285714285,0.14285714285714285,0.6624228152799583,0.566984126984127,0.09543868829583124,0.6232993709347887,0.5326727809092908,0.09062659002549789,0.0,0.0,0.0,0.5273919413919415,0.4271111111111111,0.10028083028083035,0.47261911930870404,0.36959810242333396,0.10302101688537008,0.0,0.0,0.0,0.5273919413919415,0.4271111111111111,0.10028083028083035,0.47261911930870404,0.36959810242333396,0.10302101688537008,0.0,0.0,0.0,0.5273919413919415,0.4271111111111111,0.10028083028083035,0.47261911930870404,0.36959810242333396,0.10302101688537008
10,5,20,10,7,1248490.0,1249913.0,0.0011397768504353258,0.06,0.05285524568393103,0,0.05,0.14285714285714285,0.14285714285714285,0.0,0.30556122448979595,0.33440499945797714,0.02884377496818119,0.2669763864855229,0.3010360875363176,0.0340597010507947,0.0,0.0,0.0,0.10778571428571429,0.1253098563840252,0.017524142098310908,0.06841577051117023,0.08811718921751129,0.019701418706341053,0.0,0.0,0.0,0.10778571428571429,0.1253098563840252,0.017524142098310908,0.06841577051117023,0.08811718921751129,0.019701418706341053,0.0,0.0,0.0,0.10778571428571429,0.1253098563840252,0.017524142098310908,0.06841577051117023,0.08811718921751129,0.019701418706341053
10,5,20,10,7,1248490.0,1249913.0,0.0011397768504353258,0.06,0.05285524568393103,0,0.1,0.2857142857142857,0.2857142857142857,0.0,0.42576530612244895,0.42609960372108713,0.000334297598638178,0.4039479396754655,0.3928143541846994,0.011133585490766096,0.0,0.0,0.0,0.1960714285714286,0.19653944520952193,0.0004680166380933437,0.16552711554565167,0.14994009585857912,0.015587019687072545,0.0,0.0,0.0,0.1960714285714286,0.19653944520952193,0.0004680166380933437,0.16552711554565167,0.14994009585857912,0.015587019687072545,0.0,0.0,0.0,0.1960714285714286,0.19653944520952193,0.0004680166380933437,0.16552711554565167,0.14994009585857912,0.015587019687072545
10,5,20,10,7,1248490.0,1249913.0,0.0011397768504353258,0.06,0.05285524568393103,0,0.2,0.2857142857142857,0.2857142857142857,0.0,0.5266156462585034,0.5080703184283747,0.018545327830128744,0.4764159154682641,0.4474958245762248,0.02892009089203934,0.0,0.0,0.0,0.33726190476190476,0.31129844579972454,0.02596345896218022,0.2669822816555697,0.22649415440671467,0.04048812724885503,0.0,0.0,0.0,0.33726190476190476,0.31129844579972454,0.02596345896218022,0.2669822816555697,0.22649415440671467,0.04048812724885503,0.0,0.0,0.0,0.33726190476190476,0.31129844579972454,0.02596345896218022,0.2669822816555697,0.22649415440671467,0.04048812724885503
10,5,20,10,7,1248490.0,1249913.0,0.0011397768504353258,0.06,0.05285524568393103,0,0.4,0.2857142857142857,0.2857142857142857,0.0,0.6624228152799583,0.6210082026121485,0.04141461266780977,0.6232993709347887,0.5772111809886449,0.04608818994614383,0.0,0.0,0.0,0.5273919413919415,0.4694114836570079,0.057980457734933544,0.47261911930870404,0.40809565338410286,0.06452346592460118,0.0,0.0,0.0,0.5273919413919415,0.4694114836570079,0.057980457734933544,0.47261911930870404,0.40809565338410286,0.06452346592460118,0.0,0.0,0.0,0.5273919413919415,0.4694114836570079,0.057980457734933544,0.47261911930870404,0.40809565338410286,0.06452346592460118
10,5,22,11,7,1248490.0,1240913.0,0.006105988091026526,0.1,0.03452855245683932,0,0.05,0.14285714285714285,0.0,0.14285714285714285,0.30556122448979595,0.21421771607193602,0.09134350841785993,0.2669763864855229,0.1570493160788305,0.10992707040669242,0.0,0.0,0.0,0.10778571428571429,0.05823813583404376,0.04954757845167053,0.06841577051117023,0.023959829955086092,0.044455940556084136,0.0,0.0,0.0,0.10778571428571429,0.05823813583404376,0.04954757845167053,0.06841577051117023,0.023959829955086092,0.044455940556084136,0.0,0.0,0.0,0.10778571428571429,0.05823813583404376,0.04954757845167053,0.06841577051117023,0.023959829955086092,0.044455940556084136
10,5,22,11,7,1248490.0,1240913.0,0.006105988091026526,0.1,0.03452855245683932,0,0.1,0.2857142857142857,0.14285714285714285,0.14285714285714285,0.42576530612244895,0.3554895871392035,0.07027571898324547,0.4039479396754655,0.3148167550003292,0.08913118467513631,0.0,0.0,0.0,0.1960714285714286,0.17268542199488493,0.02338600657654366,0.16552711554565167,0.14059078524473562,0.02493633030091605,0.0,0.0,0.0,0.1960714285714286,0.17268542199488493,0.02338600657654366,0.16552711554565167,0.14059078524473562,0.02493633030091605,0.0,0.0,0.0,0.1960714285714286,0.17268542199488493,0.02338600657654366,0.16552711554565167,0.14059078524473562,0.02493633030091605
10,5,22,11,7,1248490.0,1240913.0,0.006105988091026526,0.1,0.03452855245683932,0,0.2,0.2857142857142857,0.2857142857142857,0.0,0.5266156462585034,0.4950554134697357,0.03156023278876774,0.4764159154682641,0.4721655009233193,0.004250414544944792,0.0,0.0,0.0,0.33726190476190476,0.29307757885763,0.04418432590427479,0.2669822816555697,0.261031701292647,0.005950580362922675,0.0,0.0,0.0,0.33726190476190476,0.29307757885763,0.04418432590427479,0.2669822816555697,0.261031701292647,0.005950580362922675,0.0,0.0,0.0,0.33726190476190476,0.29307757885763,0.04418432590427479,0.2669822816555697,0.261031701292647,0.005950580362922675
10,5,22,11,7,1248490.0,1240913.0,0.006105988091026526,0.1,0.03452855245683932,0,0.4,0.2857142857142857,0.2857142857142857,0.0,0.6624228152799583,0.6232327490639511,0.03919006621600718,0.6232993709347887,0.5675919502035075,0.05570742073128121,0.0,0.0,0.0,0.5273919413919415,0.4725258486895316,0.05486609270240983,0.47261911930870404,0.3946287302849104,0.07799038902379363,0.0,0.0,0.0,0.5273919413919415,0.4725258486895316,0.05486609270240983,0.47261911930870404,0.3946287302849104,0.07799038902379363,0.0,0.0,0.0,0.5273919413919415,0.4725258486895316,0.05486609270240983,0.47261911930870404,0.3946287302849104,0.07799038902379363
10,5,24,12,7,1248490.0,1261586.0,0.01048947128130782,0.1,0.08924302788844632,0,0.05,0.14285714285714285,0.0,0.14285714285714285,0.30556122448979595,0.24473308011228903,0.060828144377506915,0.2669763864855229,0.17021920508419347,0.09675718140132944,0.0,0.0,0.0,0.10778571428571429,0.1369120264429189,0.029126312157204598,0.06841577051117023,0.06175214589570027,0.00666362461546996,0.0,0.0,0.0,0.10778571428571429,0.2140933553690991,0.10630764108338481,0.06841577051117023,0.12749902520486073,0.059083254693690496,0.0,0.0,0.0,0.10778571428571429,0.2140933553690991,0.10630764108338481,0.06841577051117023,0.12749902520486073,0.059083254693690496
10,5,24,12,7,1248490.0,1261586.0,0.01048947128130782,0.1,0.08924302788844632,0,0.1,0.2857142857142857,0.0,0.2857142857142857,0.42576530612244895,0.2943265254232891,0.13143878069915987,0.4039479396754655,0.2175496056390654,0.1863983340364001,0.0,0.0,0.0,0.1960714285714286,0.17777142130689044,0.01830000726453815,0.16552711554565167,0.1049499357404515,0.060577179805200165,0.0,0.0,0.0,0.1960714285714286,0.24814285108907538,0.05207142251764679,0.16552711554565167,0.1634971834088201,0.002029932136831558,0.0,0.0,0.0,0.1960714285714286,0.24814285108907538,0.05207142251764679,0.16552711554565167,0.1634971834088201,0.002029932136831558
10,5,24,12,7,1248490.0,1261586.0,0.01048947128130782,0.1,0.08924302788844632,0,0.2,0.2857142857142857,0.14285714285714285,0.14285714285714285,0.5266156462585034,0.44602123839619756,0.08059440786230587,0.4764159154682641,0.3807026506516532,0.09571326481661091,0.0,0.0,0.0,0.33726190476190476,0.2815725908975336,0.05568931386437115,0.2669822816555697,0.20818118326618476,0.05880109838938494,0.0,0.16666666666666666,0.16666666666666666,0.33726190476190476,0.4013104924146114,0.06404858765270666,0.2669822816555697,0.340150986055154,0.07316870439958428,0.0,0.16666666666666666,0.16666666666666666,0.33726190476190476,0.4013104924146114,0.06404858765270666,0.2669822816555697,0.340150986055154,0.07316870439958428
10,5,24,12,7,1248490.0,1261586.0,0.01048947128130782,0.1,0.08924302788844632,0,0.4,0.2857142857142857,0.2857142857142857,0.0,0.6624228152799583,0.6322940503432495,0.030128764936708796,0.6232993709347887,0.5736923221914199,0.04960704874336885,0.0,0.0,0.0,0.5273919413919415,0.4852116704805492,0.04218027091139226,0.47261911930870404,0.40316925106798784,0.0694498682407162,0.0,0.16666666666666666,0.16666666666666666,0.5273919413919415,0.5710097254004577,0.043617784008516236,0.47261911930870404,0.5026410425566565,0.030021923247952498,0.0,0.16666666666666666,0.16666666666666666,0.5273919413919415,0.5710097254004577,0.043617784008516236,0.47261911930870404,0.5026410425566565,0.030021923247952498
10,5,26,13,7,1248490.0,1251866.0,0.002704066512346915,0.1,0.06772908366533863,0,0.05,0.14285714285714285,0.0,0.14285714285714285,0.30556122448979595,0.1910504781622794,0.11451074632751654,0.2669763864855229,0.14453492693156825,0.12244145955395466,0.0,0.0,0.0,0.10778571428571429,0.10747066942719115,0.0003150448585231419,0.06841577051117023,0.05332786669654591,0.015087903814624319,0.0,0.0,0.0,0.10778571428571429,0.18955889118932598,0.08177317690361169,0.06841577051117023,0.12909948219407116,0.06068371168290093,0.0,0.0,0.0,0.10778571428571429,0.18955889118932598,0.08177317690361169,0.06841577051117023,0.12909948219407116,0.06068371168290093
10,5,26,13,7,1248490.0,1251866.0,0.002704066512346915,0.1,0.06772908366533863,0,0.1,0.2857142857142857,0.0,0.2857142857142857,0.42576530612244895,0.2968268237882491,0.12893848233419986,0.4039479396754655,0.23778113844146698,0.16616680123399852,0.0,0.0,0.0,0.1960714285714286,0.17555755330354872,0.020513875267879872,0.16552711554565167,0.12019097077060317,0.04533614477504849,0.0,0.0,0.0,0.1960714285714286,0.24629796108629062,0.05022653251486203,0.16552711554565167,0.18481873558911888,0.01929162004346721,0.0,0.0,0.0,0.1960714285714286,0.24629796108629062,0.05022653251486203,0.16552711554565167,0.18481873558911888,0.01929162004346721
10,5,26,13,7,1248490.0,1251866.0,0.002704066512346915,0.1,0.06772908366533863,0,0.2,0.2857142857142857,0.14285714285714285,0.14285714285714285,0.5266156462585034,0.42276589506893536,0.10384975118956807,0.4764159154682641,0.3866463274961372,0.08976958797212692,0.0,0.0,0.0,0.33726190476190476,0.23187225309650938,0.10538965166539538,0.2669822816555697,0.1860809778975771,0.0809013037579926,0.0,0.16666666666666666,0.16666666666666666,0.33726190476190476,0.3598935442470912,0.022631639485186428,0.2669822816555697,0.3217341482479809,0.054751866592411214,0.0,0.16666666666666666,0.16666666666666666,0.33726190476190476,0.3598935442470912,0.022631639485186428,0.2669822816555697,0.3217341482479809,0.054751866592411214
10,5,26,13,7,1248490.0,1251866.0,0.002704066512346915,0.1,0.06772908366533863,0,0.4,0.2857142857142857,0.2857142857142857,0.0,0.6624228152799583,0.6125549380698122,0.04986787721014607,0.6232993709347887,0.5683847348384609,0.05491463609632785,0.0,0.0,0.0,0.5273919413919415,0.4575769132977371,0.06981502809420437,0.47261911930870404,0.39573862877384497,0.07688049053485907,0.0,0.16666666666666666,0.16666666666666666,0.5273919413919415,0.5479807610814477,0.02058881968950621,0.47261911930870404,0.4964488573115375,0.023829738002833445,0.0,0.16666666666666666,0.16666666666666666,0.5273919413919415,0.5479807610814477,0.02058881968950621,0.47261911930870404,0.4964488573115375,0.023829738002833445
10,5,28,14,7,1248490.0,1244175.0,0.003468161633210762,0.14,0.10385126162018588,0,0.05,0.14285714285714285,0.0,0.14285714285714285,0.30556122448979595,0.26122448979591834,0.04433673469387761,0.2669763864855229,0.2100630221129912,0.05691336437253172,0.0,0.0,0.0,0.10778571428571429,0.1658730158730159,0.058087301587301604,0.06841577051117023,0.12125605223143356,0.052840281720263324,0.0,0.0,0.0,0.10778571428571429,0.1658730158730159,0.058087301587301604,0.06841577051117023,0.12125605223143356,0.052840281720263324,0.0,0.0,0.0,0.10778571428571429,0.1658730158730159,0.058087301587301604,0.06841577051117023,0.12125605223143356,0.052840281720263324
10,5,28,14,7,1248490.0,1244175.0,0.003468161633210762,0.14,0.10385126162018588,0,0.1,0.2857142857142857,0.14285714285714285,0.14285714285714285,0.42576530612244895,0.42176870748299317,0.003996598639455784,0.4039479396754655,0.3817466584346825,0.022201281240783022,0.0,0.0,0.0,0.1960714285714286,0.3253968253968254,0.12932539682539682,0.16552711554565167,0.278704434840463,0.11317731929481131,0.0,0.0,0.0,0.1960714285714286,0.3253968253968254,0.12932539682539682,0.16552711554565167,0.278704434840463,0.11317731929481131,0.0,0.0,0.0,0.1960714285714286,0.3253968253968254,0.12932539682539682,0.16552711554565167,0.278704434840463,0.11317731929481131
10,5,28,14,7,1248490.0,1244175.0,0.003468161633210762,0.14,0.10385126162018588,0,0.2,0.2857142857142857,0.14285714285714285,0.14285714285714285,0.5266156462585034,0.5608843537414966,0.034268707482993155,0.4764159154682641,0.512041625463797,0.03562570999553283,0.0,0.0,0.0,0.33726190476190476,0.48769841269841274,0.15043650793650798,0.2669822816555697,0.43071522970776316,0.16373294805219346,0.0,0.0,0.0,0.33726190476190476,0.48769841269841274,0.15043650793650798,0.2669822816555697,0.43071522970776316,0.16373294805219346,0.0,0.0,0.0,0.33726190476190476,0.48769841269841274,0.15043650793650798,0.2669822816555697,0.43071522970776316,0.16373294805219346
10,5,28,14,7,1248490.0,1244175.0,0.003468161633210762,0.14,0.10385126162018588,0,0.4,0.2857142857142857,0.2857142857142857,0.0,0.6624228152799583,0.7291208791208791,0.06669806384092081,0.6232993709347887,0.6692697687766197,0.04597039784183099,0.0,0.16666666666666666,0.16666666666666666,0.5273919413919415,0.6839743589743589,0.15658241758241742,0.47261911930870404,0.6141480635727229,0.14152894426401885,0.0,0.16666666666666666,0.16666666666666666,0.5273919413919415,0.6839743589743589,0.15658241758241742,0.47261911930870404,0.6141480635727229,0.14152894426401885,0.0,0.16666666666666666,0.16666666666666666,0.5273919413919415,0.6839743589743589,0.15658241758241742,0.47261911930870404,0.6141480635727229,0.14152894426401885
10,5,30,15,7,1248490.0,1249358.0,0.0006952398497384841,0.12,0.13625498007968126,0,0.05,0.14285714285714285,0.0,0.14285714285714285,0.30556122448979595,0.2510170734960651,0.05454415099373083,0.2669763864855229,0.2286107924347721,0.03836559405075082,0.0,0.0,0.0,0.10778571428571429,0.18634453781512605,0.07855882352941176,0.06841577051117023,0.1468992381566004,0.07848346764543015,0.0,0.0,0.0,0.10778571428571429,0.2510170734960651,0.14323135921035082,0.06841577051117023,0.2286107924347721,0.16019502192360185,0.0,0.0,0.0,0.10778571428571429,0.2510170734960651,0.14323135921035082,0.06841577051117023,0.2286107924347721,0.16019502192360185
10,5,30,15,7,1248490.0,1249358.0,0.0006952398497384841,0.12,0.13625498007968126,0,0.1,0.2857142857142857,0.14285714285714285,0.14285714285714285,0.42576530612244895,0.41696751164233803,0.008797794480110921,0.4039479396754655,0.37429022335789913,0.029657716317566363,0.0,0.0,0.0,0.1960714285714286,0.2726434051881622,0.07657197661673362,0.16552711554565167,0.21632996415334102,0.050802848607689355,0.0,0.14285714285714285,0.14285714285714285,0.1960714285714286,0.41696751164233803,0.22089608307090944,0.16552711554565167,0.37429022335789913,0.20876310781224747,0.0,0.14285714285714285,0.14285714285714285,0.1960714285714286,0.41696751164233803,0.22089608307090944,0.16552711554565167,0.37429022335789913,0.20876310781224747
10,5,30,15,7,1248490.0,1249358.0,0.0006952398497384841,0.12,0.13625498007968126,0,0.2,0.2857142857142857,0.14285714285714285,0.14285714285714285,0.5266156462585034,0.5603933602426477,0.03377771398414431,0.4764159154682641,0.5259105677046857,0.04949465223642158,0.0,0.0,0.0,0.33726190476190476,0.4067729265619291,0.06951102180002433,0.2669822816555697,0.36739512673676733,0.10041284508119763,0.0,0.14285714285714285,0.14285714285714285,0.33726190476190476,0.5603933602426477,0.22313145548074298,0.2669822816555697,0.5259105677046857,0.258928286049116,0.0,0.14285714285714285,0.14285714285714285,0.33726190476190476,0.5603933602426477,0.22313145548074298,0.2669822816555697,0.5259105677046857,0.258928286049116
10,5,30,15,7,1248490.0,1249358.0,0.0006952398497384841,0.12,0.13625498007968126,0,0.4,0.2857142857142857,0.42857142857142855,0.14285714285714285,0.6624228152799583,0.6793086799937367,0.016885864713778398,0.6232993709347887,0.6537509342583513,0.03045156332356258,0.0,0.2,0.2,0.5273919413919415,0.5510321519912313,0.02364021059928989,0.47261911930870404,0.5152513079616918,0.04263218865298779,0.0,0.42857142857142855,0.42857142857142855,0.5273919413919415,0.6793086799937367,0.15191673860179522,0.47261911930870404,0.6537509342583513,0.18113181494964725,0.0,0.42857142857142855,0.42857142857142855,0.5273919413919415,0.6793086799937367,0.15191673860179522,0.47261911930870404,0.6537509342583513,0.18113181494964725
10,5,32,16,7,1248490.0,1244383.0,0.003300430815914393,0.08,0.08897742363877831,0,0.05,0.14285714285714285,0.0,0.14285714285714285,0.30556122448979595,0.15598442275460908,0.14957680173518687,0.2669763864855229,0.10298641414709411,0.1639899723384288,0.0,0.0,0.0,0.10778571428571429,0.08980676328502415,0.017978951000690135,0.06841577051117023,0.07043405562740361,0.0020182851162333787,0.0,0.0,0.0,0.10778571428571429,0.08980676328502415,0.017978951000690135,0.06841577051117023,0.07043405562740361,0.0020182851162333787,0.0,0.0,0.0,0.10778571428571429,0.08980676328502415,0.017978951000690135,0.06841577051117023,0.07043405562740361,0.0020182851162333787
10,5,32,16,7,1248490.0,1244383.0,0.003300430815914393,0.08,0.08897742363877831,0,0.1,0.2857142857142857,0.0,0.2857142857142857,0.42576530612244895,0.26809129448881003,0.15767401163363892,0.4039479396754655,0.19360626694676794,0.21034167272869755,0.0,0.0,0.0,0.1960714285714286,0.15628019323671496,0.039791235334713626,0.16552711554565167,0.10640891846380943,0.05911819708184224,0.0,0.0,0.0,0.1960714285714286,0.15628019323671496,0.039791235334713626,0.16552711554565167,0.10640891846380943,0.05911819708184224,0.0,0.0,0.0,0.1960714285714286,0.15628019323671496,0.039791235334713626,0.16552711554565167,0.10640891846380943,0.05911819708184224
10,5,32,16,7,1248490.0,1244383.0,0.003300430815914393,0.08,0.08897742363877831,0,0.2,0.2857142857142857,0.14285714285714285,0.14285714285714285,0.5266156462585034,0.3601547865523021,0.16646085970620134,0.4764159154682641,0.31215424873584746,0.16426166673241666,0.0,0.0,0.0,0.33726190476190476,0.21850241545893717,0.11875948930296759,0.2669822816555697,0.15170789135814855,0.11527439029742115,0.0,0.0,0.0,0.33726190476190476,0.21850241545893717,0.11875948930296759,0.2669822816555697,0.15170789135814855,0.11527439029742115,0.0,0.0,0.0,0.33726190476190476,0.21850241545893717,0.11875948930296759,0.2669822816555697,0.15170789135814855,0.11527439029742115
10,5,32,16,7,1248490.0,1244383.0,0.003300430815914393,0.08,0.08897742363877831,0,0.4,0.2857142857142857,0.14285714285714285,0.14285714285714285,0.6624228152799583,0.5086315685694568,0.15379124671050148,0.6232993709347887,0.49182462696238755,0.13147474397240116,0.0,0.0,0.0,0.5273919413919415,0.36922705314009663,0.15816488825184483,0.47261911930870404,0.33752762150721616,0.13509149780148788,0.0,0.0,0.0,0.5273919413919415,0.36922705314009663,0.15816488825184483,0.47261911930870404,0.33752762150721616,0.13509149780148788,0.0,0.0,0.0,0.5273919413919415,0.36922705314009663,0.15816488825184483,0.47261911930870404,0.33752762150721616,0.13509149780148788
10,5,34,17,7,1248490.0,1248876.0,0.0003091734815657314,0.08,0.13147410358565736,0,0.05,0.14285714285714285,0.0,0.14285714285714285,0.30556122448979595,0.14531306621532183,0.1602481582744741,0.2669763864855229,0.12772046049300237,0.13925592599252054,0.0,0.0,0.0,0.10778571428571429,0.05581924508240297,0.05196646920331132,0.06841577051117023,0.03722847202554136,0.031187298485628873,0.0,0.0,0.0,0.10778571428571429,0.05581924508240297,0.05196646920331132,0.06841577051117023,0.03722847202554136,0.031187298485628873,0.0,0.0,0.0,0.10778571428571429,0.05581924508240297,0.05196646920331132,0.06841577051117023,0.03722847202554136,0.031187298485628873
10,5,34,17,7,1248490.0,1248876.0,0.0003091734815657314,0.08,0.13147410358565736,0,0.1,0.2857142857142857,0.0,0.2857142857142857,0.42576530612244895,0.27845284206186466,0.1473124640605843,0.4039479396754655,0.2797967972989716,0.12415114237649388,0.0,0.0,0.0,0.1960714285714286,0.1469768360294676,0.049094592541960996,0.16552711554565167,0.14713311249365965,0.018394003051992014,0.0,0.0,0.0,0.1960714285714286,0.1469768360294676,0.049094592541960996,0.16552711554565167,0.14713311249365965,0.018394003051992014,0.0,0.0,0.0,0.1960714285714286,0.1469768360294676,0.049094592541960996,0.16552711554565167,0.14713311249365965,0.018394003051992014
10,5,34,17,7,1248490.0,1248876.0,0.0003091734815657314,0.08,0.13147410358565736,0,0.2,0.2857142857142857,0.14285714285714285,0.14285714285714285,0.5266156462585034,0.4905922815697252,0.03602336468877826,0.4764159154682641,0.4364429876620713,0.039972927806192826,0.0,0.0,0.0,0.33726190476190476,0.32016252753094854,0.017099377230956225,0.2669822816555697,0.25096101112926655,0.016021270526303144,0.0,0.0,0.0,0.33726190476190476,0.32016252753094854,0.017099377230956225,0.2669822816555697,0.25096101112926655,0.016021270526303144,0.0,0.0,0.0,0.33726190476190476,0.32016252753094854,0.017099377230956225,0.2669822816555697,0.25096101112926655,0.016021270526303144
10,5,34,17,7,1248490.0,1248876.0,0.0003091734815657314,0.08,0.13147410358565736,0,0.4,0.2857142857142857,0.2857142857142857,0.0,0.6624228152799583,0.6200106326422116,0.04241218263774671,0.6232993709347887,0.570943451262581,0.05235591967220776,0.0,0.0,0.0,0.5273919413919415,0.4680148856990963,0.05937705569284518,0.47261911930870404,0.39932083176761335,0.07329828754109069,0.0,0.0,0.0,0.5273919413919415,0.4680148856990963,0.05937705569284518,0.47261911930870404,0.39932083176761335,0.07329828754109069,0.0,0.0,0.0,0.5273919413919415,0.4680148856990963,0.05937705569284518,0.47261911930870404,0.39932083176761335,0.07329828754109069
10,5,36,18,7,1248490.0,1244191.0,0.0034552572715925447,0.12,0.10039840637450202,0,0.05,0.14285714285714285,0.14285714285714285,0.0,0.30556122448979595,0.24033816425120774,0.0652230602385882,0.2669763864855229,0.22052798593664075,0.04644840054888216,0.0,0.0,0.0,0.10778571428571429,0.09202898550724638,0.015756728778467913,0.06841577051117023,0.07265557195046093,0.004239801439290702,0.0,0.0,0.0,0.10778571428571429,0.11372785829307568,0.005942144007361386,0.06841577051117023,0.09061598359274751,0.022200213081577283,0.0,0.0,0.0,0.10778571428571429,0.11372785829307568,0.005942144007361386,0.06841577051117023,0.09061598359274751,0.022200213081577283
10,5,36,18,7,1248490.0,1244191.0,0.0034552572715925447,0.12,0.10039840637450202,0,0.1,0.2857142857142857,0.14285714285714285,0.14285714285714285,0.42576530612244895,0.3219461697722567,0.10381913635019224,0.4039479396754655,0.2895204008467262,0.1144275388287393,0.0,0.0,0.0,0.1960714285714286,0.16183574879227053,0.03423567977915806,0.16552711554565167,0.1087389022195201,0.05678821332613157,0.0,0.0,0.0,0.1960714285714286,0.20893719806763286,0.012865769496204271,0.16552711554565167,0.1711071343211806,0.005580018775528939,0.0,0.0,0.0,0.1960714285714286,0.20893719806763286,0.012865769496204271,0.16552711554565167,0.1711071343211806,0.005580018775528939
10,5,36,18,7,1248490.0,1244191.0,0.0034552572715925447,0.12,0.10039840637450202,0,0.2,0.2857142857142857,0.14285714285714285,0.14285714285714285,0.5266156462585034,0.42908902691511386,0.09752661934338958,0.4764159154682641,0.3755464001056278,0.10086951536263633,0.0,0.0,0.0,0.33726190476190476,0.2896135265700483,0.047648378191856466,0.2669822816555697,0.20519290294215833,0.061789378713411364,0.0,0.0,0.0,0.33726190476190476,0.33393719806763283,0.0033247066942719283,0.2669822816555697,0.27147080012323244,0.004488518467662739,0.0,0.0,0.0,0.33726190476190476,0.33393719806763283,0.0033247066942719283,0.2669822816555697,0.27147080012323244,0.004488518467662739
10,5,36,18,7,1248490.0,1244191.0,0.0034552572715925447,0.12,0.10039840637450202,0,0.4,0.2857142857142857,0.14285714285714285,0.14285714285714285,0.6624228152799583,0.597333136153012,0.0650896791269463,0.6232993709347887,0.5621981992088065,0.06110117172598217,0.0,0.0,0.0,0.5273919413919415,0.4807108350586612,0.046681106333280264,0.47261911930870404,0.43724249539397925,0.03537662391472479,0.0,0.0,0.0,0.5273919413919415,0.530221992178514,0.002830050786572502,0.47261911930870404,0.4892312324102743,0.016612113101570236,0.0,0.0,0.0,0.5273919413919415,0.530221992178514,0.002830050786572502,0.47261911930870404,0.4892312324102743,0.016612113101570236
10,5,38,19,7,1248490.0,1244383.0,0.003300430815914393,0.1,0.10039840637450209,0,0.05,0.14285714285714285,0.0,0.14285714285714285,0.30556122448979595,0.1958519487123606,0.10970927577743533,0.2669763864855229,0.15229308170999137,0.11468330477553154,0.0,0.0,0.0,0.10778571428571429,0.09085939486397152,0.016926319421742775,0.06841577051117023,0.07170947966944699,0.0032937091582767586,0.0,0.0,0.0,0.10778571428571429,0.1173828290533096,0.00959711476759531,0.06841577051117023,0.09392456639120582,0.025508795880035587,0.0,0.0,0.0,0.10778571428571429,0.1173828290533096,0.00959711476759531,0.06841577051117023,0.09392456639120582,0.025508795880035587
10,5,38,19,7,1248490.0,1244383.0,0.003300430815914393,0.1,0.10039840637450209,0,0.1,0.2857142857142857,0.0,0.2857142857142857,0.42576530612244895,0.31588936108386906,0.10987594503857989,0.4039479396754655,0.24271973169343378,0.16122820798203172,0.0,0.0,0.0,0.1960714285714286,0.17557843885075006,0.020492989720678534,0.16552711554565167,0.13278341735912116,0.0327436981865305,0.0,0.0,0.0,0.1960714285714286,0.2296486990422917,0.03357727047086312,0.16552711554565167,0.18773618113260096,0.022209065586949295,0.0,0.0,0.0,0.1960714285714286,0.2296486990422917,0.03357727047086312,0.16552711554565167,0.18773618113260096,0.022209065586949295
10,5,38,19,7,1248490.0,1244383.0,0.003300430815914393,0.1,0.10039840637450209,0,0.2,0.2857142857142857,0.14285714285714285,0.14285714285714285,0.5266156462585034,0.4249119174748465,0.10170372878365691,0.4764159154682641,0.36676333583209153,0.10965257963617259,0.0,0.0,0.0,0.33726190476190476,0.2948766844647851,0.04238522029711966,0.2669822816555697,0.22096867016492813,0.046013611490641565,0.0,0.0,0.0,0.33726190476190476,0.32906390372065425,0.008198001041250513,0.2669822816555697,0.26122389180410677,0.005758389851462931,0.0,0.0,0.0,0.33726190476190476,0.32906390372065425,0.008198001041250513,0.2669822816555697,0.26122389180410677,0.005758389851462931
10,5,38,19,7,1248490.0,1244383.0,0.003300430815914393,0.1,0.10039840637450209,0,0.4,0.2857142857142857,0.14285714285714285,0.14285714285714285,0.6624228152799583,0.5994216908731457,0.0630011244068126,0.6232993709347887,0.5617980526409383,0.061501318293850415,0.0,0.0,0.0,0.5273919413919415,0.48919036722240383,0.03820157416953762,0.47261911930870404,0.42526727369731354,0.0473518456113905,0.0,0.0,0.0,0.5273919413919415,0.5326586393520032,0.005266697960061739,0.47261911930870404,0.48876439474776134,0.016145275439057305,0.0,0.0,0.0,0.5273919413919415,0.5326586393520032,0.005266697960061739,0.47261911930870404,0.48876439474776134,0.016145275439057305
11,5,13,6,8,1264368.0,1273615.0,0.007313535299849411,0.12,0.08472775564409027,0,0.05,0.0,0.125,0.125,0.274452906162465,0.3147691981931112,0.04031629203064624,0.23861036755107876,0.28881167879263336,0.05020131124155461,0.0,0.0,0.0,0.12769607843137254,0.15778750235271974,0.0300914239213472,0.0894241825730955,0.13371611817159856,0.04429193559850306,0.0,0.0,0.0,0.24927054154995332,0.15778750235271974,0.09148303919723358,0.23466250089869467,0.13371611817159856,0.1009463827270961,0.0,0.0,0.0,0.24927054154995332,0.15778750235271974,0.09148303919723358,0.23466250089869467,0.13371611817159856,0.1009463827270961
11,5,13,6,8,1264368.0,1273615.0,0.007313535299849411,0.12,0.08472775564409027,0,0.1,0.375,0.25,0.125,0.517953431372549,0.4824604743083004,0.0354929570642486,0.507737064556183,0.471357516114907,0.036379548441275944,0.0,0.16666666666666666,0.16666666666666666,0.2287254901960784,0.3575663466967815,0.1288408565007031,0.21237930328989257,0.3388592018144116,0.12647989852451902,0.16666666666666666,0.16666666666666666,0.0,0.35727124183006537,0.3575663466967815,0.0002951048667161338,0.3436494194082438,0.3388592018144116,0.004790217593832191,0.16666666666666666,0.16666666666666666,0.0,0.35727124183006537,0.3575663466967815,0.0002951048667161338,0.3436494194082438,0.3388592018144116,0.004790217593832191
11,5,13,6,8,1264368.0,1273615.0,0.007313535299849411,0.12,0.08472775564409027,0,0.2,0.375,0.375,0.0,0.6076461834733894,0.6192873023715415,0.011641118898152114,0.5854563868026953,0.593059496978379,0.007603110175683714,0.0,0.16666666666666666,0.16666666666666666,0.3722338935574229,0.492383069828722,0.12014917627129906,0.3367302188843124,0.4574126626378386,0.12068244375352616,0.16666666666666666,0.16666666666666666,0.0,0.4768615779645191,0.492383069828722,0.015521491864202874,0.4472751824035937,0.4574126626378386,0.010137480234244878,0.16666666666666666,0.16666666666666666,0.0,0.4768615779645191,0.492383069828722,0.015521491864202874,0.4472751824035937,0.4574126626378386,0.010137480234244878
11,5,13,6,8,1264368.0,1273615.0,0.007313535299849411,0.12,0.08472775564409027,0,0.4,0.375,0.5,0.125,0.7675107062055592,0.7611121894409938,0.006398516764565376,0.7354576101225517,0.7360701598017646,0.0006125496792128704,0.0,0.3333333333333333,0.3333333333333333,0.6280171299288947,0.6814829192546584,0.053465789325763735,0.576732176196083,0.6480935464023528,0.07136137020626987,0.16666666666666666,0.3333333333333333,0.16666666666666666,0.6900142749407455,0.6814829192546584,0.008531355686087094,0.6472768134967358,0.6480935464023528,0.0008167329056170125,0.16666666666666666,0.3333333333333333,0.16666666666666666,0.6900142749407455,0.6814829192546584,0.008531355686087094,0.6472768134967358,0.6480935464023528,0.0008167329056170125
11,5,15,7,8,1264368.0,1259973.0,0.003488169984594908,0.08,0.0775564409030544,0,0.05,0.0,0.125,0.125,0.274452906162465,0.2772084253661939,0.0027555192037289067,0.23861036755107876,0.27364625284286065,0.03503588529178189,0.0,0.0,0.0,0.12769607843137254,0.06853348058591024,0.059162597845462295,0.0894241825730955,0.0643263964797123,0.0250977860933832,0.0,0.0,0.0,0.24927054154995332,0.06853348058591024,0.18073706096404307,0.23466250089869467,0.0643263964797123,0.17033610441898236,0.0,0.0,0.0,0.24927054154995332,0.06853348058591024,0.18073706096404307,0.23466250089869467,0.0643263964797123,0.17033610441898236
11,5,15,7,8,1264368.0,1259973.0,0.003488169984594908,0.08,0.0775564409030544,0,0.1,0.375,0.25,0.125,0.517953431372549,0.468054304231574,0.049899127140975,0.507737064556183,0.45906802972838523,0.04866903482779772,0.0,0.0,0.0,0.2287254901960784,0.1738868867705185,0.054838603425559906,0.21237930328989257,0.17189202513550975,0.04048727815438283,0.16666666666666666,0.0,0.16666666666666666,0.35727124183006537,0.1738868867705185,0.18338435505954687,0.3436494194082438,0.17189202513550975,0.17175739427273404,0.16666666666666666,0.0,0.16666666666666666,0.35727124183006537,0.1738868867705185,0.18338435505954687,0.3436494194082438,0.17189202513550975,0.17175739427273404
11,5,15,7,8,1264368.0,1259973.0,0.003488169984594908,0.08,0.0775564409030544,0,0.2,0.375,0.375,0.0,0.6076461834733894,0.5795708846779819,0.02807529879540749,0.5854563868026953,0.5671966871597768,0.018259699642918514,0.0,0.0,0.0,0.3722338935574229,0.32731341548477094,0.04492047807265198,0.3367302188843124,0.30751469945564275,0.02921551942866968,0.16666666666666666,0.0,0.16666666666666666,0.4768615779645191,0.32731341548477094,0.14954816247974817,0.4472751824035937,0.30751469945564275,0.13976048294795096,0.16666666666666666,0.0,0.16666666666666666,0.4768615779645191,0.32731341548477094,0.14954816247974817,0.4472751824035937,0.30751469945564275,0.13976048294795096
11,5,15,7,8,1264368.0,1259973.0,0.003488169984594908,0.08,0.0775564409030544,0,0.4,0.375,0.375,0.0,0.7675107062055592,0.6825458748412714,0.08496483136428779,0.7354576101225517,0.6617450946965574,0.07371251542599433,0.0,0.0,0.0,0.6280171299288947,0.49207339974603403,0.13594373018286066,0.576732176196083,0.45879215151449165,0.11794002468159132,0.16666666666666666,0.0,0.16666666666666666,0.6900142749407455,0.49207339974603403,0.19794087519471149,0.6472768134967358,0.45879215151449165,0.18848466198224417,0.16666666666666666,0.0,0.16666666666666666,0.6900142749407455,0.49207339974603403,0.19794087519471149,0.6472768134967358,0.45879215151449165,0.18848466198224417
11,5,17,8,8,1264368.0,1248724.0,0.012527988570733005,0.1,0.07622841965471443,0,0.05,0.0,0.125,0.125,0.274452906162465,0.33435794278185577,0.059905036619390784,0.23861036755107876,0.3256277493350766,0.08701738178399784,0.0,0.0,0.0,0.12769607843137254,0.0835441370223979,0.044151941408974646,0.0894241825730955,0.047486341712736996,0.04193784086035851,0.0,0.0,0.0,0.24927054154995332,0.0835441370223979,0.16572640452755544,0.23466250089869467,0.047486341712736996,0.18717615918595767,0.0,0.0,0.0,0.24927054154995332,0.0835441370223979,0.16572640452755544,0.23466250089869467,0.047486341712736996,0.18717615918595767
11,5,17,8,8,1264368.0,1248724.0,0.012527988570733005,0.1,0.07622841965471443,0,0.1,0.375,0.375,0.0,0.517953431372549,0.5021574440052701,0.01579598736727894,0.507737064556183,0.48653981379514566,0.02119725076103729,0.0,0.0,0.0,0.2287254901960784,0.20345191040843216,0.025273579787646244,0.21237930328989257,0.178463702072233,0.033915601217659574,0.16666666666666666,0.0,0.16666666666666666,0.35727124183006537,0.20345191040843216,0.1538193314216332,0.3436494194082438,0.178463702072233,0.16518571733601078,0.16666666666666666,0.0,0.16666666666666666,0.35727124183006537,0.20345191040843216,0.1538193314216332,0.3436494194082438,0.178463702072233,0.16518571733601078
11,5,17,8,8,1264368.0,1248724.0,0.012527988570733005,0.1,0.07622841965471443,0,0.2,0.375,0.375,0.0,0.6076461834733894,0.5865694993412385,0.021076684132150914,0.5854563868026953,0.5726924893167527,0.012763897485942644,0.0,0.0,0.0,0.3722338935574229,0.3385111989459816,0.03372269461144134,0.3367302188843124,0.31630798290680434,0.020422235977508085,0.16666666666666666,0.0,0.16666666666666666,0.4768615779645191,0.3385111989459816,0.13835037901853753,0.4472751824035937,0.31630798290680434,0.13096719949678937,0.16666666666666666,0.0,0.16666666666666666,0.4768615779645191,0.3385111989459816,0.13835037901853753,0.4472751824035937,0.31630798290680434,0.13096719949678937
11,5,17,8,8,1264368.0,1248724.0,0.012527988570733005,0.1,0.07622841965471443,0,0.4,0.375,0.375,0.0,0.7675107062055592,0.7349998733150908,0.03251083289046841,0.7354576101225517,0.7115496306575512,0.02390797946500056,0.0,0.0,0.0,0.6280171299288947,0.5759997973041451,0.05201733262474961,0.576732176196083,0.5384794090520817,0.038252767144001276,0.16666666666666666,0.0,0.16666666666666666,0.6900142749407455,0.5759997973041451,0.11401447763660044,0.6472768134967358,0.5384794090520817,0.10879740444465413,0.16666666666666666,0.0,0.16666666666666666,0.6900142749407455,0.5759997973041451,0.11401447763660044,0.6472768134967358,0.5384794090520817,0.10879740444465413
11,5,19,9,8,1264368.0,1273033.0,0.00685322627589436,0.14,0.09163346613545816,0,0.05,0.0,0.125,0.125,0.274452906162465,0.2969588744588745,0.022505968296409495,0.23861036755107876,0.28923059670126805,0.050620229150189294,0.0,0.0,0.0,0.12769607843137254,0.13227705627705627,0.004580977845683731,0.0894241825730955,0.10049962890670756,0.011075446333612057,0.0,0.14285714285714285,0.14285714285714285,0.24927054154995332,0.2781570810142239,0.028886539464270555,0.23466250089869467,0.26341420263126974,0.028751701732575075,0.0,0.14285714285714285,0.14285714285714285,0.24927054154995332,0.2781570810142239,0.028886539464270555,0.23466250089869467,0.26341420263126974,0.028751701732575075
11,5,19,9,8,1264368.0,1273033.0,0.00685322627589436,0.14,0.09163346613545816,0,0.1,0.375,0.25,0.125,0.517953431372549,0.4343939393939394,0.08355949197860962,0.507737064556183,0.4416894583294871,0.06604760622669587,0.0,0.0,0.0,0.2287254901960784,0.18074458874458874,0.04798090145148967,0.21237930328989257,0.16681242294466575,0.04556688034522682,0.16666666666666666,0.2857142857142857,0.11904761904761904,0.35727124183006537,0.414817563388992,0.05754632155892664,0.3436494194082438,0.40486601638904685,0.06121659698080306,0.16666666666666666,0.2857142857142857,0.11904761904761904,0.35727124183006537,0.414817563388992,0.05754632155892664,0.3436494194082438,0.40486601638904685,0.06121659698080306
11,5,19,9,8,1264368.0,1273033.0,0.00685322627589436,0.14,0.09163346613545816,0,0.2,0.375,0.375,0.0,0.6076461834733894,0.6009199134199135,0.0067262700534759245,0.5854563868026953,0.581061464335781,0.004394922466914308,0.0,0.0,0.0,0.3722338935574229,0.36147186147186144,0.01076203208556148,0.3367302188843124,0.3296983429372497,0.007031875947062727,0.16666666666666666,0.2857142857142857,0.11904761904761904,0.4768615779645191,0.543908472479901,0.06704689451538193,0.4472751824035937,0.5212131020980354,0.07393791969444169,0.16666666666666666,0.2857142857142857,0.11904761904761904,0.4768615779645191,0.543908472479901,0.06704689451538193,0.4472751824035937,0.5212131020980354,0.07393791969444169
11,5,19,9,8,1264368.0,1273033.0,0.00685322627589436,0.14,0.09163346613545816,0,0.4,0.375,0.5,0.125,0.7675107062055592,0.7797619047619048,0.0122511985563456,0.7354576101225517,0.743000143338576,0.007542533216024272,0.0,0.2,0.2,0.6280171299288947,0.6476190476190476,0.01960191769015296,0.576732176196083,0.5888002293417217,0.012068053145638746,0.16666666666666666,0.42857142857142855,0.26190476190476186,0.6900142749407455,0.7482993197278912,0.05828504478714569,0.6472768134967358,0.7062858781012297,0.059009064604493844,0.16666666666666666,0.42857142857142855,0.26190476190476186,0.6900142749407455,0.7482993197278912,0.05828504478714569,0.6472768134967358,0.7062858781012297,0.059009064604493844
11,5,21,10,8,1264368.0,1274465.0,0.007985807929337028,0.06,0.06746347941567059,0,0.05,0.0,0.25,0.25,0.274452906162465,0.3905924570785252,0.11613955091606021,0.23861036755107876,0.36847697577646626,0.1298666082253875,0.0,0.0,0.0,0.12769607843137254,0.14494793132564032,0.017251852894267783,0.0894241825730955,0.10862670639284769,0.019202523819752182,0.0,0.0,0.0,0.24927054154995332,0.14494793132564032,0.104322610224313,0.23466250089869467,0.10862670639284769,0.12603579450584698,0.0,0.0,0.0,0.24927054154995332,0.14494793132564032,0.104322610224313,0.23466250089869467,0.10862670639284769,0.12603579450584698
11,5,21,10,8,1264368.0,1274465.0,0.007985807929337028,0.06,0.06746347941567059,0,0.1,0.375,0.375,0.0,0.517953431372549,0.5235364480720518,0.005583016699502785,0.507737064556183,0.4948960681868569,0.012840996369326063,0.0,0.0,0.0,0.2287254901960784,0.23765831691528283,0.008932826719204423,0.21237930328989257,0.191833709098971,0.020545594190921584,0.16666666666666666,0.0,0.16666666666666666,0.35727124183006537,0.23765831691528283,0.11961292491478254,0.3436494194082438,0.191833709098971,0.1518157103092728,0.16666666666666666,0.0,0.16666666666666666,0.35727124183006537,0.23765831691528283,0.11961292491478254,0.3436494194082438,0.191833709098971,0.1518157103092728
11,5,21,10,8,1264368.0,1274465.0,0.007985807929337028,0.06,0.06746347941567059,0,0.2,0.375,0.375,0.0,0.6076461834733894,0.5752951898462735,0.03235099362711591,0.5854563868026953,0.5534733800481877,0.031983006754507604,0.0,0.0,0.0,0.3722338935574229,0.3204723037540375,0.05176158980338541,0.3367302188843124,0.28555740807710017,0.051172810807212255,0.16666666666666666,0.0,0.16666666666666666,0.4768615779645191,0.3204723037540375,0.1563892742104816,0.4472751824035937,0.28555740807710017,0.16171777432649354,0.16666666666666666,0.0,0.16666666666666666,0.4768615779645191,0.3204723037540375,0.1563892742104816,0.4472751824035937,0.28555740807710017,0.16171777432649354
11,5,21,10,8,1264368.0,1274465.0,0.007985807929337028,0.06,0.06746347941567059,0,0.4,0.375,0.375,0.0,0.7675107062055592,0.7296407797568788,0.03786992644868037,0.7354576101225517,0.7046773764002755,0.03078023372227623,0.0,0.0,0.0,0.6280171299288947,0.5674252476110061,0.06059188231788859,0.576732176196083,0.5274838022404407,0.0492483739556423,0.16666666666666666,0.0,0.16666666666666666,0.6900142749407455,0.5674252476110061,0.12258902732973942,0.6472768134967358,0.5274838022404407,0.11979301125629516,0.16666666666666666,0.0,0.16666666666666666,0.6900142749407455,0.5674252476110061,0.12258902732973942,0.6472768134967358,0.5274838022404407,0.11979301125629516
11,5,23,11,8,1264368.0,1271035.0,0.005272990142110525,0.1,0.08897742363877825,0,0.05,0.0,0.125,0.125,0.274452906162465,0.3429934045423176,0.0685404983798526,0.23861036755107876,0.2996828476204132,0.06107248006933444,0.0,0.0,0.0,0.12769607843137254,0.12339262187088273,0.0043034565604898045,0.0894241825730955,0.07712328492306665,0.012300897650028855,0.0,0.0,0.0,0.24927054154995332,0.19541977748499487,0.05385076406495845,0.23466250089869467,0.1482110099419716,0.08645149095672308,0.0,0.0,0.0,0.24927054154995332,0.19541977748499487,0.05385076406495845,0.23466250089869467,0.1482110099419716,0.08645149095672308
11,5,23,11,8,1264368.0,1271035.0,0.005272990142110525,0.1,0.08897742363877825,0,0.1,0.375,0.25,0.125,0.517953431372549,0.4755408314511575,0.042412599921391514,0.507737064556183,0.4437907548076897,0.06394630974849325,0.0,0.0,0.0,0.2287254901960784,0.2180081874647092,0.0107173027313692,0.21237930328989257,0.16252422408574602,0.04985507920414656,0.16666666666666666,0.16666666666666666,0.0,0.35727124183006537,0.348340156220591,0.008931085609474365,0.3436494194082438,0.302103520071455,0.04154589933678876,0.16666666666666666,0.16666666666666666,0.0,0.35727124183006537,0.348340156220591,0.008931085609474365,0.3436494194082438,0.302103520071455,0.04154589933678876
11,5,23,11,8,1264368.0,1271035.0,0.005272990142110525,0.1,0.08897742363877825,0,0.2,0.375,0.375,0.0,0.6076461834733894,0.6139301595143986,0.006283976041009165,0.5854563868026953,0.5900094344624447,0.0045530476597493985,0.0,0.0,0.0,0.3722338935574229,0.3822882552230378,0.010054361665614853,0.3367302188843124,0.34401509513991146,0.007284876255599038,0.16666666666666666,0.16666666666666666,0.0,0.4768615779645191,0.4852402126858648,0.008378634721345701,0.4472751824035937,0.4533459126165929,0.006070730212999198,0.16666666666666666,0.16666666666666666,0.0,0.4768615779645191,0.4852402126858648,0.008378634721345701,0.4472751824035937,0.4533459126165929,0.006070730212999198
11,5,23,11,8,1264368.0,1271035.0,0.005272990142110525,0.1,0.08897742363877825,0,0.4,0.375,0.5,0.125,0.7675107062055592,0.7640139751552795,0.0034967310502797,0.7354576101225517,0.7324174003530438,0.0030402097695079178,0.0,0.2,0.2,0.6280171299288947,0.6224223602484471,0.005594769680447587,0.576732176196083,0.5718678405648701,0.004864335631212913,0.16666666666666666,0.3333333333333333,0.16666666666666666,0.6900142749407455,0.6853519668737059,0.0046623080670396,0.6472768134967358,0.6432232004707251,0.004053613026010705,0.16666666666666666,0.3333333333333333,0.16666666666666666,0.6900142749407455,0.6853519668737059,0.0046623080670396,0.6472768134967358,0.6432232004707251,0.004053613026010705
11,5,25,12,8,1264368.0,1270292.0,0.00468534477304076,0.14,0.08472775564409024,0,0.05,0.0,0.125,0.125,0.274452906162465,0.2824031267645398,0.007950220602074842,0.23861036755107876,0.250603671020914,0.011993303469835265,0.0,0.0,0.0,0.12769607843137254,0.11463274044795783,0.013063337983414705,0.0894241825730955,0.08277210780930609,0.0066520747637894145,0.0,0.0,0.0,0.24927054154995332,0.11463274044795783,0.13463780110199547,0.23466250089869467,0.08277210780930609,0.15189039308938856,0.0,0.0,0.0,0.24927054154995332,0.11463274044795783,0.13463780110199547,0.23466250089869467,0.08277210780930609,0.15189039308938856
11,5,25,12,8,1264368.0,1270292.0,0.00468534477304076,0.14,0.08472775564409024,0,0.1,0.375,0.25,0.125,0.517953431372549,0.457906902879729,0.060046528492819995,0.507737064556183,0.45094771172479353,0.05678935283138942,0.0,0.16666666666666666,0.16666666666666666,0.2287254901960784,0.3248282514586862,0.0961027612626078,0.21237930328989257,0.3116461292942604,0.09926682600436781,0.16666666666666666,0.16666666666666666,0.0,0.35727124183006537,0.3248282514586862,0.032442990371379155,0.3436494194082438,0.3116461292942604,0.032003290113983396,0.16666666666666666,0.16666666666666666,0.0,0.35727124183006537,0.3248282514586862,0.032442990371379155,0.3436494194082438,0.3116461292942604,0.032003290113983396
11,5,25,12,8,1264368.0,1270292.0,0.00468534477304076,0.14,0.08472775564409024,0,0.2,0.375,0.375,0.0,0.6076461834733894,0.6114748023715415,0.003828618898152114,0.5854563868026953,0.5825611901493726,0.002895196653322718,0.0,0.16666666666666666,0.16666666666666666,0.3722338935574229,0.48196640316205525,0.10973250960463232,0.3367302188843124,0.44341492019916345,0.10668470131485103,0.16666666666666666,0.16666666666666666,0.0,0.4768615779645191,0.48196640316205525,0.005104825197536134,0.4472751824035937,0.44341492019916345,0.0038602622044302537,0.16666666666666666,0.16666666666666666,0.0,0.4768615779645191,0.48196640316205525,0.005104825197536134,0.4472751824035937,0.44341492019916345,0.0038602622044302537
11,5,25,12,8,1264368.0,1270292.0,0.00468534477304076,0.14,0.08472775564409024,0,0.4,0.375,0.5,0.125,0.7675107062055592,0.7757330984233157,0.008222392217756558,0.7354576101225517,0.7480972901616527,0.012639680039100987,0.0,0.3333333333333333,0.3333333333333333,0.6280171299288947,0.700977464564421,0.07296033463552631,0.576732176196083,0.664129720215537,0.08739754401945399,0.16666666666666666,0.3333333333333333,0.16666666666666666,0.6900142749407455,0.700977464564421,0.010963189623675484,0.6472768134967358,0.664129720215537,0.01685290671880113,0.16666666666666666,0.3333333333333333,0.16666666666666666,0.6900142749407455,0.700977464564421,0.010963189623675484,0.6472768134967358,0.664129720215537,0.01685290671880113
11,5,27,13,8,1264368.0,1270571.0,0.004906008377307872,0.12,0.09163346613545821,0,0.05,0.0,0.25,0.25,0.274452906162465,0.3772233503211764,0.1027704441587114,0.23861036755107876,0.3367609885725343,0.09815062102145553,0.0,0.0,0.0,0.12769607843137254,0.16963113376156855,0.04193505533019601,0.0894241825730955,0.11568131809671232,0.026257135523616817,0.0,0.0,0.0,0.24927054154995332,0.16963113376156855,0.07963940778838477,0.23466250089869467,0.11568131809671232,0.11898118280198235,0.0,0.0,0.0,0.24927054154995332,0.16963113376156855,0.07963940778838477,0.23466250089869467,0.11568131809671232,0.11898118280198235
11,5,27,13,8,1264368.0,1270571.0,0.004906008377307872,0.12,0.09163346613545821,0,0.1,0.375,0.25,0.125,0.517953431372549,0.4749416042894304,0.043011827083118626,0.507737064556183,0.4387617940645224,0.06897527049166052,0.0,0.0,0.0,0.2287254901960784,0.2999221390525738,0.0711966488564954,0.21237930328989257,0.2516823920860299,0.03930308879613731,0.16666666666666666,0.0,0.16666666666666666,0.35727124183006537,0.2999221390525738,0.057349102777491556,0.3436494194082438,0.2516823920860299,0.0919670273222139,0.16666666666666666,0.0,0.16666666666666666,0.35727124183006537,0.2999221390525738,0.057349102777491556,0.3436494194082438,0.2516823920860299,0.0919670273222139
11,5,27,13,8,1264368.0,1270571.0,0.004906008377307872,0.12,0.09163346613545821,0,0.2,0.375,0.375,0.0,0.6076461834733894,0.5708296836014227,0.03681649987196667,0.5854563868026953,0.5370916019956608,0.048364784807034544,0.0,0.16666666666666666,0.16666666666666666,0.3722338935574229,0.4277729114685636,0.05553901791114069,0.3367302188843124,0.38278880266088083,0.04605858377656841,0.16666666666666666,0.16666666666666666,0.0,0.4768615779645191,0.4277729114685636,0.0490886664959555,0.4472751824035937,0.38278880266088083,0.06448637974271287,0.16666666666666666,0.16666666666666666,0.0,0.4768615779645191,0.4277729114685636,0.0490886664959555,0.4472751824035937,0.38278880266088083,0.06448637974271287
11,5,27,13,8,1264368.0,1270571.0,0.004906008377307872,0.12,0.09163346613545821,0,0.4,0.375,0.375,0.0,0.7675107062055592,0.7173183097096141,0.05019239649594509,0.7354576101225517,0.682732518996695,0.05272509112585677,0.0,0.16666666666666666,0.16666666666666666,0.6280171299288947,0.6230910796128187,0.004926050316075958,0.576732176196083,0.5769766919955933,0.0002445157995103475,0.16666666666666666,0.16666666666666666,0.0,0.6900142749407455,0.6230910796128187,0.06692319532792679,0.6472768134967358,0.5769766919955933,0.07030012150114251,0.16666666666666666,0.16666666666666666,0.0,0.6900142749407455,0.6230910796128187,0.06692319532792679,0.6472768134967358,0.5769766919955933,0.07030012150114251
11,5,29,14,8,1264368.0,1263846.0,0.0004130250046287285,0.08,0.0435590969455512,0,0.05,0.0,0.25,0.25,0.274452906162465,0.3857919254658385,0.11133901930337353,0.23861036755107876,0.35523987740303314,0.11662950985195439,0.0,0.0,0.0,0.12769607843137254,0.11726708074534162,0.010428997686030922,0.0894241825730955,0.0886596659138186,0.0007645166592769037,0.0,0.0,0.0,0.24927054154995332,0.11726708074534162,0.1320034608046117,0.23466250089869467,0.0886596659138186,0.14600283498487607,0.0,0.0,0.0,0.24927054154995332,0.11726708074534162,0.1320034608046117,0.23466250089869467,0.0886596659138186,0.14600283498487607
11,5,29,14,8,1264368.0,1263846.0,0.0004130250046287285,0.08,0.0435590969455512,0,0.1,0.375,0.375,0.0,0.517953431372549,0.5055124223602484,0.012441009012300608,0.507737064556183,0.4917625715970936,0.01597449295908937,0.0,0.0,0.0,0.2287254901960784,0.2088198757763975,0.019905614419680917,0.21237930328989257,0.1868201145553498,0.02555918873454277,0.16666666666666666,0.0,0.16666666666666666,0.35727124183006537,0.2088198757763975,0.14845136605366788,0.3436494194082438,0.1868201145553498,0.15682930485289398,0.16666666666666666,0.0,0.16666666666666666,0.35727124183006537,0.2088198757763975,0.14845136605366788,0.3436494194082438,0.1868201145553498,0.15682930485289398
11,5,29,14,8,1264368.0,1263846.0,0.0004130250046287285,0.08,0.0435590969455512,0,0.2,0.375,0.375,0.0,0.6076461834733894,0.6121376811594204,0.004491497686030965,0.5854563868026953,0.5880851740487746,0.0026287872460792894,0.0,0.0,0.0,0.3722338935574229,0.37942028985507237,0.007186396297649444,0.3367302188843124,0.3409362784780394,0.004206059593726996,0.16666666666666666,0.0,0.16666666666666666,0.4768615779645191,0.37942028985507237,0.09744128810944674,0.4472751824035937,0.3409362784780394,0.10633890392555428,0.16666666666666666,0.0,0.16666666666666666,0.4768615779645191,0.37942028985507237,0.09744128810944674,0.4472751824035937,0.3409362784780394,0.10633890392555428
11,5,29,14,8,1264368.0,1263846.0,0.0004130250046287285,0.08,0.0435590969455512,0,0.4,0.375,0.375,0.0,0.7675107062055592,0.7518115942028986,0.01569911200266061,0.7354576101225517,0.7286411367655309,0.006816473357020847,0.0,0.0,0.0,0.6280171299288947,0.6028985507246377,0.025118579204256974,0.576732176196083,0.5658258188248493,0.010906357371233688,0.16666666666666666,0.0,0.16666666666666666,0.6900142749407455,0.6028985507246377,0.0871157242161078,0.6472768134967358,0.5658258188248493,0.08145099467188655,0.16666666666666666,0.0,0.16666666666666666,0.6900142749407455,0.6028985507246377,0.0871157242161078,0.6472768134967358,0.5658258188248493,0.08145099467188655
11,5,31,15,8,1264368.0,1266770.0,0.0018997633600344203,0.06,0.06215139442231078,0,0.05,0.0,0.125,0.125,0.274452906162465,0.33619828993470297,0.06174538377223798,0.23861036755107876,0.3100361554827992,0.07142578793172047,0.0,0.0,0.0,0.12769607843137254,0.10363154960981047,0.02406452882156207,0.0894241825730955,0.05965147942057801,0.029772703152517496,0.0,0.0,0.0,0.24927054154995332,0.10363154960981047,0.14563899194014285,0.23466250089869467,0.05965147942057801,0.17501102147811665,0.0,0.0,0.0,0.24927054154995332,0.10363154960981047,0.14563899194014285,0.23466250089869467,0.05965147942057801,0.17501102147811665
11,5,31,15,8,1264368.0,1266770.0,0.0018997633600344203,0.06,0.06215139442231078,0,0.1,0.375,0.25,0.125,0.517953431372549,0.4895268454371715,0.028426585935377502,0.507737064556183,0.48026978533377257,0.02746727922241038,0.0,0.0,0.0,0.2287254901960784,0.24038580984233157,0.011660319646253164,0.21237930328989257,0.22089067292747888,0.008511369637586308,0.16666666666666666,0.0,0.16666666666666666,0.35727124183006537,0.24038580984233157,0.1168854319877338,0.3436494194082438,0.22089067292747888,0.1227587464807649,0.16666666666666666,0.0,0.16666666666666666,0.35727124183006537,0.24038580984233157,0.1168854319877338,0.3436494194082438,0.22089067292747888,0.1227587464807649
11,5,31,15,8,1264368.0,1266770.0,0.0018997633600344203,0.06,0.06215139442231078,0,0.2,0.375,0.375,0.0,0.6076461834733894,0.6100257306099697,0.0023795471365802845,0.5854563868026953,0.5932797632389352,0.00782337643623987,0.0,0.0,0.0,0.3722338935574229,0.3760411689759516,0.003807275418528655,0.3367302188843124,0.34924762118229624,0.012517402297983815,0.16666666666666666,0.0,0.16666666666666666,0.4768615779645191,0.3760411689759516,0.10082040898856753,0.4472751824035937,0.34924762118229624,0.09802756122129747,0.16666666666666666,0.0,0.16666666666666666,0.4768615779645191,0.3760411689759516,0.10082040898856753,0.4472751824035937,0.34924762118229624,0.09802756122129747
11,5,31,15,8,1264368.0,1266770.0,0.0018997633600344203,0.06,0.06215139442231078,0,0.4,0.375,0.5,0.125,0.7675107062055592,0.7823436753463927,0.01483296914083354,0.7354576101225517,0.7369928006182584,0.0015351904957067175,0.0,0.2,0.2,0.6280171299288947,0.6517498805542283,0.023732750625333643,0.576732176196083,0.5791884809892136,0.002456304793130637,0.16666666666666666,0.2,0.033333333333333354,0.6900142749407455,0.6517498805542283,0.038264394386517186,0.6472768134967358,0.5791884809892136,0.06808833250752222,0.16666666666666666,0.2,0.033333333333333354,0.6900142749407455,0.6517498805542283,0.038264394386517186,0.6472768134967358,0.5791884809892136,0.06808833250752222
11,5,33,16,8,1264368.0,1270167.0,0.004586481151057287,0.14,0.0921646746347941,0,0.05,0.0,0.125,0.125,0.274452906162465,0.33937428061069363,0.06492137444822865,0.23861036755107876,0.29578977859750427,0.057179411046425516,0.0,0.0,0.0,0.12769607843137254,0.19059427890949632,0.06289820047812378,0.0894241825730955,0.1430202512447598,0.053596068671664304,0.0,0.0,0.0,0.24927054154995332,0.19059427890949632,0.058676262640457,0.23466250089869467,0.1430202512447598,0.09164224965393486,0.0,0.0,0.0,0.24927054154995332,0.19059427890949632,0.058676262640457,0.23466250089869467,0.1430202512447598,0.09164224965393486
11,5,33,16,8,1264368.0,1270167.0,0.004586481151057287,0.14,0.0921646746347941,0,0.1,0.375,0.25,0.125,0.517953431372549,0.47361775452808064,0.044335676844468375,0.507737064556183,0.456041120201753,0.051695944354429924,0.0,0.16666666666666666,0.16666666666666666,0.2287254901960784,0.34577605365648845,0.11705056346041004,0.21237930328989257,0.31843734059687295,0.10605803730698038,0.16666666666666666,0.16666666666666666,0.0,0.35727124183006537,0.34577605365648845,0.01149518817357692,0.3436494194082438,0.31843734059687295,0.02521207881137083,0.16666666666666666,0.16666666666666666,0.0,0.35727124183006537,0.34577605365648845,0.01149518817357692,0.3436494194082438,0.31843734059687295,0.02521207881137083
11,5,33,16,8,1264368.0,1270167.0,0.004586481151057287,0.14,0.0921646746347941,0,0.2,0.375,0.375,0.0,0.6076461834733894,0.606237851822091,0.001408331651298389,0.5854563868026953,0.5856574333042726,0.00020104650157726223,0.0,0.16666666666666666,0.16666666666666666,0.3722338935574229,0.4749838024294546,0.10274990887203167,0.3367302188843124,0.44754324440569676,0.11081302552138433,0.16666666666666666,0.16666666666666666,0.0,0.4768615779645191,0.4749838024294546,0.0018777755350645187,0.4472751824035937,0.44754324440569676,0.0002680620021030533,0.16666666666666666,0.16666666666666666,0.0,0.4768615779645191,0.4749838024294546,0.0018777755350645187,0.4472751824035937,0.44754324440569676,0.0002680620021030533
11,5,33,16,8,1264368.0,1270167.0,0.004586481151057287,0.14,0.0921646746347941,0,0.4,0.375,0.375,0.0,0.7675107062055592,0.7566166849454893,0.010894021260069886,0.7354576101225517,0.72682406348904,0.00863354663351168,0.0,0.16666666666666666,0.16666666666666666,0.6280171299288947,0.6754889132606524,0.04747178333175772,0.576732176196083,0.6357654179853868,0.0590332417893038,0.16666666666666666,0.16666666666666666,0.0,0.6900142749407455,0.6754889132606524,0.014525361680093107,0.6472768134967358,0.6357654179853868,0.011511395511349054,0.16666666666666666,0.16666666666666666,0.0,0.6900142749407455,0.6754889132606524,0.014525361680093107,0.6472768134967358,0.6357654179853868,0.011511395511349054
11,5,35,17,8,1264368.0,1266542.0,0.0017194361135365653,0.12,0.1049136786188579,0,0.05,0.0,0.0,0.0,0.274452906162465,0.2545833333333334,0.0198695728291316,0.23861036755107876,0.27400509287599784,0.03539472532491908,0.0,0.0,0.0,0.12769607843137254,0.074,0.05369607843137254,0.0894241825730955,0.05608374384236453,0.033340438730730976,0.0,0.0,0.0,0.24927054154995332,0.145,0.10427054154995333,0.23466250089869467,0.13764554411106134,0.09701695678763333,0.0,0.0,0.0,0.24927054154995332,0.145,0.10427054154995333,0.23466250089869467,0.13764554411106134,0.09701695678763333
11,5,35,17,8,1264368.0,1266542.0,0.0017194361135365653,0.12,0.1049136786188579,0,0.1,0.375,0.25,0.125,0.517953431372549,0.4808134920634921,0.0371399393090569,0.507737064556183,0.45866962255695815,0.0490674419992248,0.0,0.0,0.0,0.2287254901960784,0.20263492063492064,0.026090569561157767,0.21237930328989257,0.1762956385153754,0.03608366477451716,0.16666666666666666,0.0,0.16666666666666666,0.35727124183006537,0.3077513227513227,0.04951991907874265,0.3436494194082438,0.27822616340927747,0.06542325599896631,0.16666666666666666,0.0,0.16666666666666666,0.35727124183006537,0.3077513227513227,0.04951991907874265,0.3436494194082438,0.27822616340927747,0.06542325599896631
11,5,35,17,8,1264368.0,1266542.0,0.0017194361135365653,0.12,0.1049136786188579,0,0.2,0.375,0.375,0.0,0.6076461834733894,0.6028769841269841,0.004769199346405295,0.5854563868026953,0.5727264219457388,0.012729964856956544,0.0,0.0,0.0,0.3722338935574229,0.3646031746031746,0.007630718954248328,0.3367302188843124,0.31636227511318193,0.020367943771130492,0.16666666666666666,0.16666666666666666,0.0,0.4768615779645191,0.4705026455026455,0.006358932461873634,0.4472751824035937,0.4303018959276516,0.016973286475942095,0.16666666666666666,0.16666666666666666,0.0,0.4768615779645191,0.4705026455026455,0.006358932461873634,0.4472751824035937,0.4303018959276516,0.016973286475942095
11,5,35,17,8,1264368.0,1266542.0,0.0017194361135365653,0.12,0.1049136786188579,0,0.4,0.375,0.375,0.0,0.7675107062055592,0.7585241147741147,0.008986591431444424,0.7354576101225517,0.7185510942236335,0.01690651589891823,0.0,0.0,0.0,0.6280171299288947,0.6136385836385836,0.0143785462903111,0.576732176196083,0.5496817507578136,0.02705042543826941,0.16666666666666666,0.16666666666666666,0.0,0.6900142749407455,0.678032153032153,0.011982121908592491,0.6472768134967358,0.624734792298178,0.02254202119855786,0.16666666666666666,0.16666666666666666,0.0,0.6900142749407455,0.678032153032153,0.011982121908592491,0.6472768134967358,0.624734792298178,0.02254202119855786
11,5,37,18,8,1264368.0,1260993.0,0.0026764621215185176,0.06,0.05551128818061092,0,0.05,0.0,0.125,0.125,0.274452906162465,0.36733954451345757,0.09288663835099259,0.23861036755107876,0.3347609522488807,0.09615058469780194,0.0,0.0,0.0,0.12769607843137254,0.08488612836438922,0.04280995006698332,0.0894241825730955,0.07402887405388438,0.015395308519211129,0.0,0.0,0.0,0.24927054154995332,0.08488612836438922,0.1643844131855641,0.23466250089869467,0.07402887405388438,0.1606336268448103,0.0,0.0,0.0,0.24927054154995332,0.08488612836438922,0.1643844131855641,0.23466250089869467,0.07402887405388438,0.1606336268448103
11,5,37,18,8,1264368.0,1260993.0,0.0026764621215185176,0.06,0.05551128818061092,0,0.1,0.375,0.375,0.0,0.517953431372549,0.5237663906142167,0.005812959241667692,0.507737064556183,0.5088889949632731,0.0011519304070901626,0.0,0.0,0.0,0.2287254901960784,0.23802622498274673,0.009300734786668319,0.21237930328989257,0.214222391941237,0.0018430886513444156,0.16666666666666666,0.0,0.16666666666666666,0.35727124183006537,0.23802622498274673,0.11924501684731864,0.3436494194082438,0.214222391941237,0.1294270274670068,0.16666666666666666,0.0,0.16666666666666666,0.35727124183006537,0.23802622498274673,0.11924501684731864,0.3436494194082438,0.214222391941237,0.1294270274670068
11,5,37,18,8,1264368.0,1260993.0,0.0026764621215185176,0.06,0.05551128818061092,0,0.2,0.375,0.375,0.0,0.6076461834733894,0.6244392684610076,0.016793084987618223,0.5854563868026953,0.6033066655151165,0.017850278712421175,0.0,0.0,0.0,0.3722338935574229,0.39910282953761217,0.026868935980189246,0.3367302188843124,0.3652906648241863,0.02856044593987389,0.16666666666666666,0.0,0.16666666666666666,0.4768615779645191,0.39910282953761217,0.07775874842690694,0.4472751824035937,0.3652906648241863,0.08198451757940739,0.16666666666666666,0.0,0.16666666666666666,0.4768615779645191,0.39910282953761217,0.07775874842690694,0.4472751824035937,0.3652906648241863,0.08198451757940739
11,5,37,18,8,1264368.0,1260993.0,0.0026764621215185176,0.06,0.05551128818061092,0,0.4,0.375,0.375,0.0,0.7675107062055592,0.7541772840685884,0.013333422136970752,0.7354576101225517,0.7397688295083228,0.004311219385771059,0.0,0.0,0.0,0.6280171299288947,0.6066836545097415,0.021333475419153203,0.576732176196083,0.5836301272133164,0.00689795101723345,0.16666666666666666,0.0,0.16666666666666666,0.6900142749407455,0.6066836545097415,0.08333062043100403,0.6472768134967358,0.5836301272133164,0.0636466862834194,0.16666666666666666,0.0,0.16666666666666666,0.6900142749407455,0.6066836545097415,0.08333062043100403,0.6472768134967358,0.5836301272133164,0.0636466862834194
11,5,39,19,8,1264368.0,1244084.0,0.016304365300092275,0.08,0.07543160690571045,0,0.05,0.0,0.125,0.125,0.274452906162465,0.3312219887955182,0.05676908263305319,0.23861036755107876,0.30819532772486313,0.06958496017378438,0.0,0.0,0.0,0.12769607843137254,0.10709803921568628,0.02059803921568626,0.0894241825730955,0.08214322015089484,0.007280962422200665,0.0,0.0,0.0,0.24927054154995332,0.10709803921568628,0.14217250233426704,0.23466250089869467,0.08214322015089484,0.15251928074779983,0.0,0.0,0.0,0.24927054154995332,0.10709803921568628,0.14217250233426704,0.23466250089869467,0.08214322015089484,0.15251928074779983
11,5,39,19,8,1264368.0,1244084.0,0.016304365300092275,0.08,0.07543160690571045,0,0.1,0.375,0.375,0.0,0.517953431372549,0.5159313725490196,0.00202205882352946,0.507737064556183,0.5075784532608311,0.00015861129535188478,0.0,0.0,0.0,0.2287254901960784,0.22549019607843138,0.0032352941176470307,0.21237930328989257,0.2121255252173298,0.0002537780725627714,0.16666666666666666,0.0,0.16666666666666666,0.35727124183006537,0.22549019607843138,0.131781045751634,0.3436494194082438,0.2121255252173298,0.13152389419091398,0.16666666666666666,0.0,0.16666666666666666,0.35727124183006537,0.22549019607843138,0.131781045751634,0.3436494194082438,0.2121255252173298,0.13152389419091398
11,5,39,19,8,1264368.0,1244084.0,0.016304365300092275,0.08,0.07543160690571045,0,0.2,0.375,0.375,0.0,0.6076461834733894,0.6034313725490196,0.004214810924369816,0.5854563868026953,0.5708604539807385,0.014595932821956814,0.0,0.0,0.0,0.3722338935574229,0.36549019607843136,0.006743697478991562,0.3367302188843124,0.3133767263691815,0.023353492515130914,0.16666666666666666,0.0,0.16666666666666666,0.4768615779645191,0.36549019607843136,0.11137138188608775,0.4472751824035937,0.3133767263691815,0.1338984560344122,0.16666666666666666,0.0,0.16666666666666666,0.4768615779645191,0.36549019607843136,0.11137138188608775,0.4472751824035937,0.3133767263691815,0.1338984560344122
11,5,39,19,8,1264368.0,1244084.0,0.016304365300092275,0.08,0.07543160690571045,0,0.4,0.375,0.375,0.0,0.7675107062055592,0.7014196832579186,0.06609102294764058,0.7354576101225517,0.664669529600296,0.07078808052225571,0.0,0.0,0.0,0.6280171299288947,0.5222714932126697,0.10574563671622494,0.576732176196083,0.46347124736047374,0.11326092883560923,0.16666666666666666,0.0,0.16666666666666666,0.6900142749407455,0.5222714932126697,0.16774278172807577,0.6472768134967358,0.46347124736047374,0.1838055661362621,0.16666666666666666,0.0,0.16666666666666666,0.6900142749407455,0.5222714932126697,0.16774278172807577,0.6472768134967358,0.46347124736047374,0.1838055661362621
12,6,14,7,7,1236966.0,1254971.0,0.014555775987375563,0.04,0.0695883134130146,0,0.05,0.14285714285714285,0.14285714285714285,0.0,0.319435165370496,0.3068225089719042,0.01261265639859177,0.2739600093575434,0.25704302532630857,0.016916984031234816,0.0,0.0,0.0,0.20600769293224533,0.19129292713388824,0.014714765798357093,0.1529533442504673,0.13321686288069332,0.01973648136977399,0.0,0.0,0.0,0.20600769293224533,0.19129292713388824,0.014714765798357093,0.1529533442504673,0.13321686288069332,0.01973648136977399,0.0,0.0,0.0,0.20600769293224533,0.19129292713388824,0.014714765798357093,0.1529533442504673,0.13321686288069332,0.01973648136977399
12,6,14,7,7,1236966.0,1254971.0,0.014555775987375563,0.04,0.0695883134130146,0,0.1,0.14285714285714285,0.14285714285714285,0.0,0.4351664578875028,0.4015727775003682,0.03359368038713462,0.3908575187256052,0.347156201055317,0.043701317670288176,0.0,0.0,0.0,0.3410275342020866,0.3018349070837629,0.039192627118323664,0.2893337718465394,0.23834890123120323,0.050984870615336186,0.0,0.0,0.0,0.3410275342020866,0.3018349070837629,0.039192627118323664,0.2893337718465394,0.23834890123120323,0.050984870615336186,0.0,0.0,0.0,0.3410275342020866,0.3018349070837629,0.039192627118323664,0.2893337718465394,0.23834890123120323,0.050984870615336186
12,6,14,7,7,1236966.0,1254971.0,0.014555775987375563,0.04,0.0695883134130146,0,0.2,0.2857142857142857,0.2857142857142857,0.0,0.5484604711449798,0.5375286490234185,0.010931822121561297,0.5117396519174608,0.48923619717388167,0.022503454743579177,0.16666666666666666,0.16666666666666666,0.0,0.47320388300247634,0.4604500905273216,0.012753792475154735,0.4303629272370377,0.40410889670286193,0.026254030534175743,0.16666666666666666,0.16666666666666666,0.0,0.47320388300247634,0.4604500905273216,0.012753792475154735,0.4303629272370377,0.40410889670286193,0.026254030534175743,0.16666666666666666,0.16666666666666666,0.0,0.47320388300247634,0.4604500905273216,0.012753792475154735,0.4303629272370377,0.40410889670286193,0.026254030534175743
12,6,14,7,7,1236966.0,1254971.0,0.014555775987375563,0.04,0.0695883134130146,0,0.4,0.2857142857142857,0.2857142857142857,0.0,0.7041049028306975,0.6786307024129842,0.02547420041771331,0.6498552014590968,0.6110873884072682,0.03876781305182864,0.16666666666666666,0.16666666666666666,0.0,0.6547890533024804,0.6250691528151483,0.029719900487332085,0.591497735035613,0.5462686198084795,0.045229115227133465,0.16666666666666666,0.16666666666666666,0.0,0.6547890533024804,0.6250691528151483,0.029719900487332085,0.591497735035613,0.5462686198084795,0.045229115227133465,0.16666666666666666,0.16666666666666666,0.0,0.6547890533024804,0.6250691528151483,0.029719900487332085,0.591497735035613,0.5462686198084795,0.045229115227133465
12,6,16,8,7,1236966.0,1239020.0,0.0016605145169713638,0.06,0.05152722443559104,0,0.05,0.14285714285714285,0.0,0.14285714285714285,0.319435165370496,0.3041290429215164,0.015306122448979609,0.2739600093575434,0.26612951940625534,0.007830489951288044,0.0,0.0,0.0,0.20600769293224533,0.1543520886615516,0.05165560427069374,0.1529533442504673,0.1078725893046798,0.045080754945787505,0.0,0.0,0.0,0.20600769293224533,0.1543520886615516,0.05165560427069374,0.1529533442504673,0.1078725893046798,0.045080754945787505,0.0,0.0,0.0,0.20600769293224533,0.1543520886615516,0.05165560427069374,0.1529533442504673,0.1078725893046798,0.045080754945787505
12,6,16,8,7,1236966.0,1239020.0,0.0016605145169713638,0.06,0.05152722443559104,0,0.1,0.14285714285714285,0.2857142857142857,0.14285714285714285,0.4351664578875028,0.4507276823772987,0.01556122448979591,0.3908575187256052,0.40906622727337083,0.01820870854776563,0.0,0.0,0.0,0.3410275342020866,0.23101875532821822,0.11000877887386837,0.2893337718465394,0.17269271818271922,0.11664105366382019,0.0,0.0,0.0,0.3410275342020866,0.23101875532821822,0.11000877887386837,0.2893337718465394,0.17269271818271922,0.11664105366382019,0.0,0.0,0.0,0.3410275342020866,0.23101875532821822,0.11000877887386837,0.2893337718465394,0.17269271818271922,0.11664105366382019
12,6,16,8,7,1236966.0,1239020.0,0.0016605145169713638,0.06,0.05152722443559104,0,0.2,0.2857142857142857,0.2857142857142857,0.0,0.5484604711449798,0.5459094507368164,0.0025510204081633514,0.5117396519174608,0.4975592189587562,0.014180432958704636,0.16666666666666666,0.0,0.16666666666666666,0.47320388300247634,0.3642732310315431,0.10893065197093327,0.4303629272370377,0.2965829065422586,0.13378002069477907,0.16666666666666666,0.0,0.16666666666666666,0.47320388300247634,0.3642732310315431,0.10893065197093327,0.4303629272370377,0.2965829065422586,0.13378002069477907,0.16666666666666666,0.0,0.16666666666666666,0.47320388300247634,0.3642732310315431,0.10893065197093327,0.4303629272370377,0.2965829065422586,0.13378002069477907
12,6,16,8,7,1236966.0,1239020.0,0.0016605145169713638,0.06,0.05152722443559104,0,0.4,0.2857142857142857,0.2857142857142857,0.0,0.7041049028306975,0.6631485202776763,0.04095638255302114,0.6498552014590968,0.6112171867334701,0.03863801472562667,0.16666666666666666,0.0,0.16666666666666666,0.6547890533024804,0.5284079283887468,0.12638112491373354,0.591497735035613,0.455704061426858,0.135793673608755,0.16666666666666666,0.0,0.16666666666666666,0.6547890533024804,0.5284079283887468,0.12638112491373354,0.591497735035613,0.455704061426858,0.135793673608755,0.16666666666666666,0.0,0.16666666666666666,0.6547890533024804,0.5284079283887468,0.12638112491373354,0.591497735035613,0.455704061426858,0.135793673608755
12,6,18,9,7,1236966.0,1247055.0,0.008156246816808222,0.12,0.10677290836653393,0,0.05,0.14285714285714285,0.0,0.14285714285714285,0.319435165370496,0.1695238095238095,0.1499113558466865,0.2739600093575434,0.13247154038291487,0.14148846897462852,0.0,0.0,0.0,0.20600769293224533,0.07066666666666667,0.13534102626557865,0.1529533442504673,0.04048454292709241,0.11246880132337489,0.0,0.0,0.0,0.20600769293224533,0.07066666666666667,0.13534102626557865,0.1529533442504673,0.04048454292709241,0.11246880132337489,0.0,0.0,0.0,0.20600769293224533,0.07066666666666667,0.13534102626557865,0.1529533442504673,0.04048454292709241,0.11246880132337489
12,6,18,9,7,1236966.0,1247055.0,0.008156246816808222,0.12,0.10677290836653393,0,0.1,0.14285714285714285,0.0,0.14285714285714285,0.4351664578875028,0.23079365079365077,0.20437280709385203,0.3908575187256052,0.1894732566751293,0.2013842620504759,0.0,0.0,0.0,0.3410275342020866,0.1231111111111111,0.21791642309097548,0.2893337718465394,0.07994474641940644,0.20938902542713297,0.0,0.0,0.0,0.3410275342020866,0.1231111111111111,0.21791642309097548,0.2893337718465394,0.07994474641940644,0.20938902542713297,0.0,0.0,0.0,0.3410275342020866,0.1231111111111111,0.21791642309097548,0.2893337718465394,0.07994474641940644,0.20938902542713297
12,6,18,9,7,1236966.0,1247055.0,0.008156246816808222,0.12,0.10677290836653393,0,0.2,0.2857142857142857,0.14285714285714285,0.14285714285714285,0.5484604711449798,0.3696825396825397,0.17877793146244003,0.5117396519174608,0.3483044457082734,0.16343520620918744,0.16666666666666666,0.0,0.16666666666666666,0.47320388300247634,0.21755555555555556,0.2556483274469208,0.4303629272370377,0.18239746582164798,0.2479654614153897,0.16666666666666666,0.0,0.16666666666666666,0.47320388300247634,0.21755555555555556,0.2556483274469208,0.4303629272370377,0.18239746582164798,0.2479654614153897,0.16666666666666666,0.0,0.16666666666666666,0.47320388300247634,0.21755555555555556,0.2556483274469208,0.4303629272370377,0.18239746582164798,0.2479654614153897
12,6,18,9,7,1236966.0,1247055.0,0.008156246816808222,0.12,0.10677290836653393,0,0.4,0.2857142857142857,0.14285714285714285,0.14285714285714285,0.7041049028306975,0.566984126984127,0.13712077584657045,0.6498552014590968,0.5326727809092908,0.11718242054980599,0.16666666666666666,0.0,0.16666666666666666,0.6547890533024804,0.4271111111111111,0.22767794219136928,0.591497735035613,0.36959810242333396,0.22189963261227902,0.16666666666666666,0.0,0.16666666666666666,0.6547890533024804,0.4271111111111111,0.22767794219136928,0.591497735035613,0.36959810242333396,0.22189963261227902,0.16666666666666666,0.0,0.16666666666666666,0.6547890533024804,0.4271111111111111,0.22767794219136928,0.591497735035613,0.36959810242333396,0.22189963261227902
12,6,20,10,7,1236966.0,1249913.0,0.010466738778592137,0.1,0.08154050464807445,0,0.05,0.14285714285714285,0.14285714285714285,0.0,0.319435165370496,0.33440499945797714,0.014969834087481149,0.2739600093575434,0.3010360875363176,0.02707607817877422,0.0,0.0,0.0,0.20600769293224533,0.1253098563840252,0.08069783654822013,0.1529533442504673,0.08811718921751129,0.06483615503295602,0.0,0.0,0.0,0.20600769293224533,0.1253098563840252,0.08069783654822013,0.1529533442504673,0.08811718921751129,0.06483615503295602,0.0,0.0,0.0,0.20600769293224533,0.1253098563840252,0.08069783654822013,0.1529533442504673,0.08811718921751129,0.06483615503295602
12,6,20,10,7,1236966.0,1249913.0,0.010466738778592137,0.1,0.08154050464807445,0,0.1,0.14285714285714285,0.2857142857142857,0.14285714285714285,0.4351664578875028,0.42609960372108713,0.009066854166415672,0.3908575187256052,0.3928143541846994,0.001956835459094197,0.0,0.0,0.0,0.3410275342020866,0.19653944520952193,0.14448808899256466,0.2893337718465394,0.14994009585857912,0.1393936759879603,0.0,0.0,0.0,0.3410275342020866,0.19653944520952193,0.14448808899256466,0.2893337718465394,0.14994009585857912,0.1393936759879603,0.0,0.0,0.0,0.3410275342020866,0.19653944520952193,0.14448808899256466,0.2893337718465394,0.14994009585857912,0.1393936759879603
12,6,20,10,7,1236966.0,1249913.0,0.010466738778592137,0.1,0.08154050464807445,0,0.2,0.2857142857142857,0.2857142857142857,0.0,0.5484604711449798,0.5080703184283747,0.040390152716605066,0.5117396519174608,0.4474958245762248,0.06424382734123607,0.16666666666666666,0.0,0.16666666666666666,0.47320388300247634,0.31129844579972454,0.1619054372027518,0.4303629272370377,0.22649415440671467,0.203868772830323,0.16666666666666666,0.0,0.16666666666666666,0.47320388300247634,0.31129844579972454,0.1619054372027518,0.4303629272370377,0.22649415440671467,0.203868772830323,0.16666666666666666,0.0,0.16666666666666666,0.47320388300247634,0.31129844579972454,0.1619054372027518,0.4303629272370377,0.22649415440671467,0.203868772830323
12,6,20,10,7,1236966.0,1249913.0,0.010466738778592137,0.1,0.08154050464807445,0,0.4,0.2857142857142857,0.2857142857142857,0.0,0.7041049028306975,0.6210082026121485,0.08309670021854898,0.6498552014590968,0.5772111809886449,0.07264402047045193,0.16666666666666666,0.0,0.16666666666666666,0.6547890533024804,0.4694114836570079,0.18537756964547247,0.591497735035613,0.40809565338410286,0.18340208165151012,0.16666666666666666,0.0,0.16666666666666666,0.6547890533024804,0.4694114836570079,0.18537756964547247,0.591497735035613,0.40809565338410286,0.18340208165151012,0.16666666666666666,0.0,0.16666666666666666,0.6547890533024804,0.4694114836570079,0.18537756964547247,0.591497735035613,0.40809565338410286,0.18340208165151012
12,6,22,11,7,1236966.0,1240913.0,0.003190871859048672,0.06,0.04993359893758302,0,0.05,0.14285714285714285,0.0,0.14285714285714285,0.319435165370496,0.21421771607193602,0.10521744929855997,0.2739600093575434,0.1570493160788305,0.1169106932787129,0.0,0.0,0.0,0.20600769293224533,0.05823813583404376,0.14776955709820155,0.1529533442504673,0.023959829955086092,0.12899351429538122,0.0,0.0,0.0,0.20600769293224533,0.05823813583404376,0.14776955709820155,0.1529533442504673,0.023959829955086092,0.12899351429538122,0.0,0.0,0.0,0.20600769293224533,0.05823813583404376,0.14776955709820155,0.1529533442504673,0.023959829955086092,0.12899351429538122
12,6,22,11,7,1236966.0,1240913.0,0.003190871859048672,0.06,0.04993359893758302,0,0.1,0.14285714285714285,0.14285714285714285,0.0,0.4351664578875028,0.3554895871392035,0.07967687074829932,0.3908575187256052,0.3148167550003292,0.07604076372527602,0.0,0.0,0.0,0.3410275342020866,0.17268542199488493,0.16834211220720166,0.2893337718465394,0.14059078524473562,0.1487429866018038,0.0,0.0,0.0,0.3410275342020866,0.17268542199488493,0.16834211220720166,0.2893337718465394,0.14059078524473562,0.1487429866018038,0.0,0.0,0.0,0.3410275342020866,0.17268542199488493,0.16834211220720166,0.2893337718465394,0.14059078524473562,0.1487429866018038
12,6,22,11,7,1236966.0,1240913.0,0.003190871859048672,0.06,0.04993359893758302,0,0.2,0.2857142857142857,0.2857142857142857,0.0,0.5484604711449798,0.4950554134697357,0.05340505767524406,0.5117396519174608,0.4721655009233193,0.03957415099414152,0.16666666666666666,0.0,0.16666666666666666,0.47320388300247634,0.29307757885763,0.18012630414484637,0.4303629272370377,0.261031701292647,0.16933122594439065,0.16666666666666666,0.0,0.16666666666666666,0.47320388300247634,0.29307757885763,0.18012630414484637,0.4303629272370377,0.261031701292647,0.16933122594439065,0.16666666666666666,0.0,0.16666666666666666,0.47320388300247634,0.29307757885763,0.18012630414484637,0.4303629272370377,0.261031701292647,0.16933122594439065
12,6,22,11,7,1236966.0,1240913.0,0.003190871859048672,0.06,0.04993359893758302,0,0.4,0.2857142857142857,0.2857142857142857,0.0,0.7041049028306975,0.6232327490639511,0.08087215376674639,0.6498552014590968,0.5675919502035075,0.08226325125558931,0.16666666666666666,0.0,0.16666666666666666,0.6547890533024804,0.4725258486895316,0.18226320461294876,0.591497735035613,0.3946287302849104,0.19686900475070257,0.16666666666666666,0.0,0.16666666666666666,0.6547890533024804,0.4725258486895316,0.18226320461294876,0.591497735035613,0.3946287302849104,0.19686900475070257,0.16666666666666666,0.0,0.16666666666666666,0.6547890533024804,0.4725258486895316,0.18226320461294876,0.591497735035613,0.3946287302849104,0.19686900475070257
12,6,24,12,7,1236966.0,1261586.0,0.019903538173240008,0.1,0.10385126162018601,0,0.05,0.14285714285714285,0.0,0.14285714285714285,0.319435165370496,0.24473308011228903,0.07470208525820696,0.2739600093575434,0.17021920508419347,0.10374080427334992,0.0,0.0,0.0,0.20600769293224533,0.1369120264429189,0.06909566648932644,0.1529533442504673,0.06175214589570027,0.09120119835476703,0.0,0.0,0.0,0.20600769293224533,0.2140933553690991,0.008085662436853769,0.1529533442504673,0.12749902520486073,0.025454319045606577,0.0,0.0,0.0,0.20600769293224533,0.2140933553690991,0.008085662436853769,0.1529533442504673,0.12749902520486073,0.025454319045606577
12,6,24,12,7,1236966.0,1261586.0,0.019903538173240008,0.1,0.10385126162018601,0,0.1,0.14285714285714285,0.0,0.14285714285714285,0.4351664578875028,0.2943265254232891,0.14083993246421372,0.3908575187256052,0.2175496056390654,0.1733079130865398,0.0,0.0,0.0,0.3410275342020866,0.17777142130689044,0.16325611289519615,0.2893337718465394,0.1049499357404515,0.1843838361060879,0.0,0.0,0.0,0.3410275342020866,0.24814285108907538,0.09288468311301121,0.2893337718465394,0.1634971834088201,0.1258365884377193,0.0,0.0,0.0,0.3410275342020866,0.24814285108907538,0.09288468311301121,0.2893337718465394,0.1634971834088201,0.1258365884377193
12,6,24,12,7,1236966.0,1261586.0,0.019903538173240008,0.1,0.10385126162018601,0,0.2,0.2857142857142857,0.14285714285714285,0.14285714285714285,0.5484604711449798,0.44602123839619756,0.1024392327487822,0.5117396519174608,0.3807026506516532,0.13103700126580764,0.16666666666666666,0.0,0.16666666666666666,0.47320388300247634,0.2815725908975336,0.19163129210494273,0.4303629272370377,0.20818118326618476,0.2221817439708529,0.16666666666666666,0.16666666666666666,0.0,0.47320388300247634,0.4013104924146114,0.07189339058786492,0.4303629272370377,0.340150986055154,0.09021194118188369,0.16666666666666666,0.16666666666666666,0.0,0.47320388300247634,0.4013104924146114,0.07189339058786492,0.4303629272370377,0.340150986055154,0.09021194118188369
12,6,24,12,7,1236966.0,1261586.0,0.019903538173240008,0.1,0.10385126162018601,0,0.4,0.2857142857142857,0.2857142857142857,0.0,0.7041049028306975,0.6322940503432495,0.07181085248744801,0.6498552014590968,0.5736923221914199,0.07616287926767695,0.16666666666666666,0.0,0.16666666666666666,0.6547890533024804,0.4852116704805492,0.1695773828219312,0.591497735035613,0.40316925106798784,0.18832848396762514,0.16666666666666666,0.16666666666666666,0.0,0.6547890533024804,0.5710097254004577,0.0837793279020227,0.591497735035613,0.5026410425566565,0.08885669247895644,0.16666666666666666,0.16666666666666666,0.0,0.6547890533024804,0.5710097254004577,0.0837793279020227,0.591497735035613,0.5026410425566565,0.08885669247895644
12,6,26,13,7,1236966.0,1251866.0,0.012045601900133068,0.1,0.08286852589641433,0,0.05,0.14285714285714285,0.0,0.14285714285714285,0.319435165370496,0.1910504781622794,0.12838468720821658,0.2739600093575434,0.14453492693156825,0.12942508242597514,0.0,0.0,0.0,0.20600769293224533,0.10747066942719115,0.09853702350505418,0.1529533442504673,0.05332786669654591,0.0996254775539214,0.0,0.0,0.0,0.20600769293224533,0.18955889118932598,0.01644880174291935,0.1529533442504673,0.12909948219407116,0.02385386205639614,0.0,0.0,0.0,0.20600769293224533,0.18955889118932598,0.01644880174291935,0.1529533442504673,0.12909948219407116,0.02385386205639614
12,6,26,13,7,1236966.0,1251866.0,0.012045601900133068,0.1,0.08286852589641433,0,0.1,0.14285714285714285,0.0,0.14285714285714285,0.4351664578875028,0.2968268237882491,0.1383396340992537,0.3908575187256052,0.23778113844146698,0.15307638028413822,0.0,0.0,0.0,0.3410275342020866,0.17555755330354872,0.16546998089853787,0.2893337718465394,0.12019097077060317,0.16914280107593624,0.0,0.0,0.0,0.3410275342020866,0.24629796108629062,0.09472957311579597,0.2893337718465394,0.18481873558911888,0.10451503625742053,0.0,0.0,0.0,0.3410275342020866,0.24629796108629062,0.09472957311579597,0.2893337718465394,0.18481873558911888,0.10451503625742053
12,6,26,13,7,1236966.0,1251866.0,0.012045601900133068,0.1,0.08286852589641433,0,0.2,0.2857142857142857,0.14285714285714285,0.14285714285714285,0.5484604711449798,0.42276589506893536,0.1256945760760444,0.5117396519174608,0.3866463274961372,0.12509332442132365,0.16666666666666666,0.0,0.16666666666666666,0.47320388300247634,0.23187225309650938,0.24133162990596696,0.4303629272370377,0.1860809778975771,0.24428194933946057,0.16666666666666666,0.16666666666666666,0.0,0.47320388300247634,0.3598935442470912,0.11331033875538515,0.4303629272370377,0.3217341482479809,0.10862877898905676,0.16666666666666666,0.16666666666666666,0.0,0.47320388300247634,0.3598935442470912,0.11331033875538515,0.4303629272370377,0.3217341482479809,0.10862877898905676
12,6,26,13,7,1236966.0,1251866.0,0.012045601900133068,0.1,0.08286852589641433,0,0.4,0.2857142857142857,0.2857142857142857,0.0,0.7041049028306975,0.6125549380698122,0.09154996476088528,0.6498552014590968,0.5683847348384609,0.08147046662063595,0.16666666666666666,0.0,0.16666666666666666,0.6547890533024804,0.4575769132977371,0.1972121400047433,0.591497735035613,0.39573862877384497,0.195759106261768,0.16666666666666666,0.16666666666666666,0.0,0.6547890533024804,0.5479807610814477,0.10680829222103272,0.591497735035613,0.4964488573115375,0.0950488777240755,0.16666666666666666,0.16666666666666666,0.0,0.6547890533024804,0.5479807610814477,0.10680829222103272,0.591497735035613,0.4964488573115375,0.0950488777240755
12,6,28,14,7,1236966.0,1244175.0,0.005827969402554314,0.12,0.0778220451527223,0,0.05,0.14285714285714285,0.0,0.14285714285714285,0.319435165370496,0.26122448979591834,0.05821067557457765,0.2739600093575434,0.2100630221129912,0.0638969872445522,0.0,0.0,0.0,0.20600769293224533,0.1658730158730159,0.040134677059229434,0.1529533442504673,0.12125605223143356,0.03169729201903375,0.0,0.0,0.0,0.20600769293224533,0.1658730158730159,0.040134677059229434,0.1529533442504673,0.12125605223143356,0.03169729201903375,0.0,0.0,0.0,0.20600769293224533,0.1658730158730159,0.040134677059229434,0.1529533442504673,0.12125605223143356,0.03169729201903375
12,6,28,14,7,1236966.0,1244175.0,0.005827969402554314,0.12,0.0778220451527223,0,0.1,0.14285714285714285,0.14285714285714285,0.0,0.4351664578875028,0.42176870748299317,0.013397750404509634,0.3908575187256052,0.3817466584346825,0.009110860290922729,0.0,0.0,0.0,0.3410275342020866,0.3253968253968254,0.015630708805261184,0.2893337718465394,0.278704434840463,0.010629337006076434,0.0,0.0,0.0,0.3410275342020866,0.3253968253968254,0.015630708805261184,0.2893337718465394,0.278704434840463,0.010629337006076434,0.0,0.0,0.0,0.3410275342020866,0.3253968253968254,0.015630708805261184,0.2893337718465394,0.278704434840463,0.010629337006076434
12,6,28,14,7,1236966.0,1244175.0,0.005827969402554314,0.12,0.0778220451527223,0,0.2,0.2857142857142857,0.14285714285714285,0.14285714285714285,0.5484604711449798,0.5608843537414966,0.012423882596516833,0.5117396519174608,0.512041625463797,0.0003019735463360984,0.16666666666666666,0.0,0.16666666666666666,0.47320388300247634,0.48769841269841274,0.014494529695936398,0.4303629272370377,0.43071522970776316,0.00035230247072548515,0.16666666666666666,0.0,0.16666666666666666,0.47320388300247634,0.48769841269841274,0.014494529695936398,0.4303629272370377,0.43071522970776316,0.00035230247072548515,0.16666666666666666,0.0,0.16666666666666666,0.47320388300247634,0.48769841269841274,0.014494529695936398,0.4303629272370377,0.43071522970776316,0.00035230247072548515
12,6,28,14,7,1236966.0,1244175.0,0.005827969402554314,0.12,0.0778220451527223,0,0.4,0.2857142857142857,0.2857142857142857,0.0,0.7041049028306975,0.7291208791208791,0.025015976290181596,0.6498552014590968,0.6692697687766197,0.01941456731752289,0.16666666666666666,0.16666666666666666,0.0,0.6547890533024804,0.6839743589743589,0.029185305671878492,0.591497735035613,0.6141480635727229,0.02265032853710991,0.16666666666666666,0.16666666666666666,0.0,0.6547890533024804,0.6839743589743589,0.029185305671878492,0.591497735035613,0.6141480635727229,0.02265032853710991,0.16666666666666666,0.16666666666666666,0.0,0.6547890533024804,0.6839743589743589,0.029185305671878492,0.591497735035613,0.6141480635727229,0.02265032853710991
12,6,30,15,7,1236966.0,1249358.0,0.010018060318553621,0.04,0.08579017264276227,0,0.05,0.14285714285714285,0.0,0.14285714285714285,0.319435165370496,0.2510170734960651,0.06841809187443088,0.2739600093575434,0.2286107924347721,0.0453492169227713,0.0,0.0,0.0,0.20600769293224533,0.18634453781512605,0.019663155117119274,0.1529533442504673,0.1468992381566004,0.006054106093866918,0.0,0.0,0.0,0.20600769293224533,0.2510170734960651,0.045009380563819784,0.1529533442504673,0.2286107924347721,0.07565744818430478,0.0,0.0,0.0,0.20600769293224533,0.2510170734960651,0.045009380563819784,0.1529533442504673,0.2286107924347721,0.07565744818430478
12,6,30,15,7,1236966.0,1249358.0,0.010018060318553621,0.04,0.08579017264276227,0,0.1,0.14285714285714285,0.14285714285714285,0.0,0.4351664578875028,0.41696751164233803,0.01819894624516477,0.3908575187256052,0.37429022335789913,0.01656729536770607,0.0,0.0,0.0,0.3410275342020866,0.2726434051881622,0.06838412901392438,0.2893337718465394,0.21632996415334102,0.07300380769319839,0.0,0.14285714285714285,0.14285714285714285,0.3410275342020866,0.41696751164233803,0.07593997744025144,0.2893337718465394,0.37429022335789913,0.08495645151135972,0.0,0.14285714285714285,0.14285714285714285,0.3410275342020866,0.41696751164233803,0.07593997744025144,0.2893337718465394,0.37429022335789913,0.08495645151135972
12,6,30,15,7,1236966.0,1249358.0,0.010018060318553621,0.04,0.08579017264276227,0,0.2,0.2857142857142857,0.14285714285714285,0.14285714285714285,0.5484604711449798,0.5603933602426477,0.011932889097667987,0.5117396519174608,0.5259105677046857,0.014170915787224847,0.16666666666666666,0.0,0.16666666666666666,0.47320388300247634,0.4067729265619291,0.06643095644054725,0.4303629272370377,0.36739512673676733,0.06296780050027034,0.16666666666666666,0.14285714285714285,0.023809523809523808,0.47320388300247634,0.5603933602426477,0.0871894772401714,0.4303629272370377,0.5259105677046857,0.09554764046764802,0.16666666666666666,0.14285714285714285,0.023809523809523808,0.47320388300247634,0.5603933602426477,0.0871894772401714,0.4303629272370377,0.5259105677046857,0.09554764046764802
12,6,30,15,7,1236966.0,1249358.0,0.010018060318553621,0.04,0.08579017264276227,0,0.4,0.2857142857142857,0.42857142857142855,0.14285714285714285,0.7041049028306975,0.6793086799937367,0.024796222836960813,0.6498552014590968,0.6537509342583513,0.003895732799254481,0.16666666666666666,0.2,0.033333333333333354,0.6547890533024804,0.5510321519912313,0.10375690131124904,0.591497735035613,0.5152513079616918,0.07624642707392115,0.16666666666666666,0.42857142857142855,0.26190476190476186,0.6547890533024804,0.6793086799937367,0.02451962669125629,0.591497735035613,0.6537509342583513,0.06225319922273831,0.16666666666666666,0.42857142857142855,0.26190476190476186,0.6547890533024804,0.6793086799937367,0.02451962669125629,0.591497735035613,0.6537509342583513,0.06225319922273831
12,6,32,16,7,1236966.0,1244383.0,0.005996122771361541,0.12,0.103851261620186,0,0.05,0.14285714285714285,0.0,0.14285714285714285,0.319435165370496,0.15598442275460908,0.1634507426158869,0.2739600093575434,0.10298641414709411,0.17097359521044928,0.0,0.0,0.0,0.20600769293224533,0.08980676328502415,0.11620092964722117,0.1529533442504673,0.07043405562740361,0.0825192886230637,0.0,0.0,0.0,0.20600769293224533,0.08980676328502415,0.11620092964722117,0.1529533442504673,0.07043405562740361,0.0825192886230637,0.0,0.0,0.0,0.20600769293224533,0.08980676328502415,0.11620092964722117,0.1529533442504673,0.07043405562740361,0.0825192886230637
12,6,32,16,7,1236966.0,1244383.0,0.005996122771361541,0.12,0.103851261620186,0,0.1,0.14285714285714285,0.0,0.14285714285714285,0.4351664578875028,0.26809129448881003,0.16707516339869277,0.3908575187256052,0.19360626694676794,0.19725125177883726,0.0,0.0,0.0,0.3410275342020866,0.15628019323671496,0.18474734096537163,0.2893337718465394,0.10640891846380943,0.18292485338272998,0.0,0.0,0.0,0.3410275342020866,0.15628019323671496,0.18474734096537163,0.2893337718465394,0.10640891846380943,0.18292485338272998,0.0,0.0,0.0,0.3410275342020866,0.15628019323671496,0.18474734096537163,0.2893337718465394,0.10640891846380943,0.18292485338272998
12,6,32,16,7,1236966.0,1244383.0,0.005996122771361541,0.12,0.103851261620186,0,0.2,0.2857142857142857,0.14285714285714285,0.14285714285714285,0.5484604711449798,0.3601547865523021,0.18830568459267766,0.5117396519174608,0.31215424873584746,0.19958540318161339,0.16666666666666666,0.0,0.16666666666666666,0.47320388300247634,0.21850241545893717,0.2547014675435392,0.4303629272370377,0.15170789135814855,0.2786550358788891,0.16666666666666666,0.0,0.16666666666666666,0.47320388300247634,0.21850241545893717,0.2547014675435392,0.4303629272370377,0.15170789135814855,0.2786550358788891,0.16666666666666666,0.0,0.16666666666666666,0.47320388300247634,0.21850241545893717,0.2547014675435392,0.4303629272370377,0.15170789135814855,0.2786550358788891
12,6,32,16,7,1236966.0,1244383.0,0.005996122771361541,0.12,0.103851261620186,0,0.4,0.2857142857142857,0.14285714285714285,0.14285714285714285,0.7041049028306975,0.5086315685694568,0.1954733342612407,0.6498552014590968,0.49182462696238755,0.15803057449670926,0.16666666666666666,0.0,0.16666666666666666,0.6547890533024804,0.36922705314009663,0.28556200016238376,0.591497735035613,0.33752762150721616,0.2539701135283968,0.16666666666666666,0.0,0.16666666666666666,0.6547890533024804,0.36922705314009663,0.28556200016238376,0.591497735035613,0.33752762150721616,0.2539701135283968,0.16666666666666666,0.0,0.16666666666666666,0.6547890533024804,0.36922705314009663,0.28556200016238376,0.591497735035613,0.33752762150721616,0.2539701135283968
12,6,34,17,7,1236966.0,1248876.0,0.009628397223529183,0.14,0.1407702523240372,0,0.05,0.14285714285714285,0.0,0.14285714285714285,0.319435165370496,0.14531306621532183,0.17412209915517415,0.2739600093575434,0.12772046049300237,0.14623954886454102,0.0,0.0,0.0,0.20600769293224533,0.05581924508240297,0.15018844784984237,0.1529533442504673,0.03722847202554136,0.11572487222492595,0.0,0.0,0.0,0.20600769293224533,0.05581924508240297,0.15018844784984237,0.1529533442504673,0.03722847202554136,0.11572487222492595,0.0,0.0,0.0,0.20600769293224533,0.05581924508240297,0.15018844784984237,0.1529533442504673,0.03722847202554136,0.11572487222492595
12,6,34,17,7,1236966.0,1248876.0,0.009628397223529183,0.14,0.1407702523240372,0,0.1,0.14285714285714285,0.0,0.14285714285714285,0.4351664578875028,0.27845284206186466,0.15671361582563814,0.3908575187256052,0.2797967972989716,0.11106072142663359,0.0,0.0,0.0,0.3410275342020866,0.1469768360294676,0.194050698172619,0.2893337718465394,0.14713311249365965,0.14220065935287976,0.0,0.0,0.0,0.3410275342020866,0.1469768360294676,0.194050698172619,0.2893337718465394,0.14713311249365965,0.14220065935287976,0.0,0.0,0.0,0.3410275342020866,0.1469768360294676,0.194050698172619,0.2893337718465394,0.14713311249365965,0.14220065935287976
12,6,34,17,7,1236966.0,1248876.0,0.009628397223529183,0.14,0.1407702523240372,0,0.2,0.2857142857142857,0.14285714285714285,0.14285714285714285,0.5484604711449798,0.4905922815697252,0.05786818957525458,0.5117396519174608,0.4364429876620713,0.07529666425538956,0.16666666666666666,0.0,0.16666666666666666,0.47320388300247634,0.32016252753094854,0.1530413554715278,0.4303629272370377,0.25096101112926655,0.17940191610777112,0.16666666666666666,0.0,0.16666666666666666,0.47320388300247634,0.32016252753094854,0.1530413554715278,0.4303629272370377,0.25096101112926655,0.17940191610777112,0.16666666666666666,0.0,0.16666666666666666,0.47320388300247634,0.32016252753094854,0.1530413554715278,0.4303629272370377,0.25096101112926655,0.17940191610777112
12,6,34,17,7,1236966.0,1248876.0,0.009628397223529183,0.14,0.1407702523240372,0,0.4,0.2857142857142857,0.2857142857142857,0.0,0.7041049028306975,0.6200106326422116,0.08409427018848592,0.6498552014590968,0.570943451262581,0.07891175019651586,0.16666666666666666,0.0,0.16666666666666666,0.6547890533024804,0.4680148856990963,0.1867741676033841,0.591497735035613,0.39932083176761335,0.19217690326799963,0.16666666666666666,0.0,0.16666666666666666,0.6547890533024804,0.4680148856990963,0.1867741676033841,0.591497735035613,0.39932083176761335,0.19217690326799963,0.16666666666666666,0.0,0.16666666666666666,0.6547890533024804,0.4680148856990963,0.1867741676033841,0.591497735035613,0.39932083176761335,0.19217690326799963
12,6,36,18,7,1236966.0,1244191.0,0.0058409042770779475,0.08,0.05790172642762288,0,0.05,0.14285714285714285,0.14285714285714285,0.0,0.319435165370496,0.24033816425120774,0.07909700111928825,0.2739600093575434,0.22052798593664075,0.05343202342090264,0.0,0.0,0.0,0.20600769293224533,0.09202898550724638,0.11397870742499895,0.1529533442504673,0.07265557195046093,0.08029777230000637,0.0,0.0,0.0,0.20600769293224533,0.11372785829307568,0.09227983463916965,0.1529533442504673,0.09061598359274751,0.06233736065771979,0.0,0.0,0.0,0.20600769293224533,0.11372785829307568,0.09227983463916965,0.1529533442504673,0.09061598359274751,0.06233736065771979
12,6,36,18,7,1236966.0,1244191.0,0.0058409042770779475,0.08,0.05790172642762288,0,0.1,0.14285714285714285,0.14285714285714285,0.0,0.4351664578875028,0.3219461697722567,0.11322028811524609,0.3908575187256052,0.2895204008467262,0.101337117878879,0.0,0.0,0.0,0.3410275342020866,0.16183574879227053,0.17919178540981606,0.2893337718465394,0.1087389022195201,0.18059486962701932,0.0,0.0,0.0,0.3410275342020866,0.20893719806763286,0.13209033613445373,0.2893337718465394,0.1711071343211806,0.11822663752535881,0.0,0.0,0.0,0.3410275342020866,0.20893719806763286,0.13209033613445373,0.2893337718465394,0.1711071343211806,0.11822663752535881
12,6,36,18,7,1236966.0,1244191.0,0.0058409042770779475,0.08,0.05790172642762288,0,0.2,0.2857142857142857,0.14285714285714285,0.14285714285714285,0.5484604711449798,0.42908902691511386,0.1193714442298659,0.5117396519174608,0.3755464001056278,0.13619325181183306,0.16666666666666666,0.0,0.16666666666666666,0.47320388300247634,0.2896135265700483,0.18359035643242805,0.4303629272370377,0.20519290294215833,0.22517002429487934,0.16666666666666666,0.0,0.16666666666666666,0.47320388300247634,0.33393719806763283,0.1392666849348435,0.4303629272370377,0.27147080012323244,0.15889212711380524,0.16666666666666666,0.0,0.16666666666666666,0.47320388300247634,0.33393719806763283,0.1392666849348435,0.4303629272370377,0.27147080012323244,0.15889212711380524
12,6,36,18,7,1236966.0,1244191.0,0.0058409042770779475,0.08,0.05790172642762288,0,0.4,0.2857142857142857,0.14285714285714285,0.14285714285714285,0.7041049028306975,0.597333136153012,0.10677176667768551,0.6498552014590968,0.5621981992088065,0.08765700225029027,0.16666666666666666,0.0,0.16666666666666666,0.6547890533024804,0.4807108350586612,0.1740782182438192,0.591497735035613,0.43724249539397925,0.15425523964163373,0.16666666666666666,0.0,0.16666666666666666,0.6547890533024804,0.530221992178514,0.12456706112396643,0.591497735035613,0.4892312324102743,0.1022665026253387,0.16666666666666666,0.0,0.16666666666666666,0.6547890533024804,0.530221992178514,0.12456706112396643,0.591497735035613,0.4892312324102743,0.1022665026253387
12,6,38,19,7,1236966.0,1244383.0,0.005996122771361541,0.1,0.07277556440903069,0,0.05,0.14285714285714285,0.0,0.14285714285714285,0.319435165370496,0.1958519487123606,0.12358321665813538,0.2739600093575434,0.15229308170999137,0.12166692764755202,0.0,0.0,0.0,0.20600769293224533,0.09085939486397152,0.11514829806827381,0.1529533442504673,0.07170947966944699,0.08124386458102031,0.0,0.0,0.0,0.20600769293224533,0.1173828290533096,0.08862486387893573,0.1529533442504673,0.09392456639120582,0.059028777859261486,0.0,0.0,0.0,0.20600769293224533,0.1173828290533096,0.08862486387893573,0.1529533442504673,0.09392456639120582,0.059028777859261486
12,6,38,19,7,1236966.0,1244383.0,0.005996122771361541,0.1,0.07277556440903069,0,0.1,0.14285714285714285,0.0,0.14285714285714285,0.4351664578875028,0.31588936108386906,0.11927709680363374,0.3908575187256052,0.24271973169343378,0.14813778703217143,0.0,0.0,0.0,0.3410275342020866,0.17557843885075006,0.16544909535133653,0.2893337718465394,0.13278341735912116,0.15655035448741825,0.0,0.0,0.0,0.3410275342020866,0.2296486990422917,0.11137883515979488,0.2893337718465394,0.18773618113260096,0.10159759071393845,0.0,0.0,0.0,0.3410275342020866,0.2296486990422917,0.11137883515979488,0.2893337718465394,0.18773618113260096,0.10159759071393845
12,6,38,19,7,1236966.0,1244383.0,0.005996122771361541,0.1,0.07277556440903069,0,0.2,0.2857142857142857,0.14285714285714285,0.14285714285714285,0.5484604711449798,0.4249119174748465,0.12354855367013323,0.5117396519174608,0.36676333583209153,0.14497631608536932,0.16666666666666666,0.0,0.16666666666666666,0.47320388300247634,0.2948766844647851,0.17832719853769124,0.4303629272370377,0.22096867016492813,0.20939425707210954,0.16666666666666666,0.0,0.16666666666666666,0.47320388300247634,0.32906390372065425,0.1441399792818221,0.4303629272370377,0.26122389180410677,0.1691390354329309,0.16666666666666666,0.0,0.16666666666666666,0.47320388300247634,0.32906390372065425,0.1441399792818221,0.4303629272370377,0.26122389180410677,0.1691390354329309
12,6,38,19,7,1236966.0,1244383.0,0.005996122771361541,0.1,0.07277556440903069,0,0.4,0.2857142857142857,0.14285714285714285,0.14285714285714285,0.7041049028306975,0.5994216908731457,0.10468321195755181,0.6498552014590968,0.5617980526409383,0.08805714881815851,0.16666666666666666,0.0,0.16666666666666666,0.6547890533024804,0.48919036722240383,0.16559868608007655,0.591497735035613,0.42526727369731354,0.16623046133829944,0.16666666666666666,0.0,0.16666666666666666,0.6547890533024804,0.5326586393520032,0.12213041395047719,0.591497735035613,0.48876439474776134,0.10273334028785164,0.16666666666666666,0.0,0.16666666666666666,0.6547890533024804,0.5326586393520032,0.12213041395047719,0.591497735035613,0.48876439474776134,0.10273334028785164
13,6,15,7,8,1273615.0,1259973.0,0.01082721613875853,0.08,0.06268260292164686,0,0.05,0.125,0.125,0.0,0.3147691981931112,0.2772084253661939,0.03756077282691733,0.28881167879263336,0.27364625284286065,0.015165425949772715,0.0,0.0,0.0,0.15778750235271974,0.06853348058591024,0.0892540217668095,0.13371611817159856,0.0643263964797123,0.06938972169188626,0.0,0.0,0.0,0.15778750235271974,0.06853348058591024,0.0892540217668095,0.13371611817159856,0.0643263964797123,0.06938972169188626,0.0,0.0,0.0,0.15778750235271974,0.06853348058591024,0.0892540217668095,0.13371611817159856,0.0643263964797123,0.06938972169188626
13,6,15,7,8,1273615.0,1259973.0,0.01082721613875853,0.08,0.06268260292164686,0,0.1,0.25,0.25,0.0,0.4824604743083004,0.468054304231574,0.014406170076726399,0.471357516114907,0.45906802972838523,0.012289486386521775,0.16666666666666666,0.0,0.16666666666666666,0.3575663466967815,0.1738868867705185,0.183679459926263,0.3388592018144116,0.17189202513550975,0.16696717667890185,0.16666666666666666,0.0,0.16666666666666666,0.3575663466967815,0.1738868867705185,0.183679459926263,0.3388592018144116,0.17189202513550975,0.16696717667890185,0.16666666666666666,0.0,0.16666666666666666,0.3575663466967815,0.1738868867705185,0.183679459926263,0.3388592018144116,0.17189202513550975,0.16696717667890185
13,6,15,7,8,1273615.0,1259973.0,0.01082721613875853,0.08,0.06268260292164686,0,0.2,0.375,0.375,0.0,0.6192873023715415,0.5795708846779819,0.0397164176935596,0.593059496978379,0.5671966871597768,0.025862809818602228,0.16666666666666666,0.0,0.16666666666666666,0.492383069828722,0.32731341548477094,0.16506965434395104,0.4574126626378386,0.30751469945564275,0.14989796318219584,0.16666666666666666,0.0,0.16666666666666666,0.492383069828722,0.32731341548477094,0.16506965434395104,0.4574126626378386,0.30751469945564275,0.14989796318219584,0.16666666666666666,0.0,0.16666666666666666,0.492383069828722,0.32731341548477094,0.16506965434395104,0.4574126626378386,0.30751469945564275,0.14989796318219584
13,6,15,7,8,1273615.0,1259973.0,0.01082721613875853,0.08,0.06268260292164686,0,0.4,0.5,0.375,0.125,0.7611121894409938,0.6825458748412714,0.07856631459972241,0.7360701598017646,0.6617450946965574,0.0743250651052072,0.3333333333333333,0.0,0.3333333333333333,0.6814829192546584,0.49207339974603403,0.1894095195086244,0.6480935464023528,0.45879215151449165,0.18930139488786119,0.3333333333333333,0.0,0.3333333333333333,0.6814829192546584,0.49207339974603403,0.1894095195086244,0.6480935464023528,0.45879215151449165,0.18930139488786119,0.3333333333333333,0.0,0.3333333333333333,0.6814829192546584,0.49207339974603403,0.1894095195086244,0.6480935464023528,0.45879215151449165,0.18930139488786119
13,6,17,8,8,1273615.0,1248724.0,0.019933147757230582,0.1,0.0762284196547145,0,0.05,0.125,0.125,0.0,0.3147691981931112,0.33435794278185577,0.019588744588744544,0.28881167879263336,0.3256277493350766,0.036816070542443236,0.0,0.0,0.0,0.15778750235271974,0.0835441370223979,0.07424336533032184,0.13371611817159856,0.047486341712736996,0.08622977645886157,0.0,0.0,0.0,0.15778750235271974,0.0835441370223979,0.07424336533032184,0.13371611817159856,0.047486341712736996,0.08622977645886157,0.0,0.0,0.0,0.15778750235271974,0.0835441370223979,0.07424336533032184,0.13371611817159856,0.047486341712736996,0.08622977645886157
13,6,17,8,8,1273615.0,1248724.0,0.019933147757230582,0.1,0.0762284196547145,0,0.1,0.25,0.375,0.125,0.4824604743083004,0.5021574440052701,0.019696969696969657,0.471357516114907,0.48653981379514566,0.015182297680238654,0.16666666666666666,0.0,0.16666666666666666,0.3575663466967815,0.20345191040843216,0.15411443628834934,0.3388592018144116,0.178463702072233,0.1603954997421786,0.16666666666666666,0.0,0.16666666666666666,0.3575663466967815,0.20345191040843216,0.15411443628834934,0.3388592018144116,0.178463702072233,0.1603954997421786,0.16666666666666666,0.0,0.16666666666666666,0.3575663466967815,0.20345191040843216,0.15411443628834934,0.3388592018144116,0.178463702072233,0.1603954997421786
13,6,17,8,8,1273615.0,1248724.0,0.019933147757230582,0.1,0.0762284196547145,0,0.2,0.375,0.375,0.0,0.6192873023715415,0.5865694993412385,0.03271780303030303,0.593059496978379,0.5726924893167527,0.020367007661626357,0.16666666666666666,0.0,0.16666666666666666,0.492383069828722,0.3385111989459816,0.1538718708827404,0.4574126626378386,0.31630798290680434,0.14110467973103424,0.16666666666666666,0.0,0.16666666666666666,0.492383069828722,0.3385111989459816,0.1538718708827404,0.4574126626378386,0.31630798290680434,0.14110467973103424,0.16666666666666666,0.0,0.16666666666666666,0.492383069828722,0.3385111989459816,0.1538718708827404,0.4574126626378386,0.31630798290680434,0.14110467973103424
13,6,17,8,8,1273615.0,1248724.0,0.019933147757230582,0.1,0.0762284196547145,0,0.4,0.5,0.375,0.125,0.7611121894409938,0.7349998733150908,0.026112316125903035,0.7360701598017646,0.7115496306575512,0.024520529144213432,0.3333333333333333,0.0,0.3333333333333333,0.6814829192546584,0.5759997973041451,0.10548312195051335,0.6480935464023528,0.5384794090520817,0.10961413735027115,0.3333333333333333,0.0,0.3333333333333333,0.6814829192546584,0.5759997973041451,0.10548312195051335,0.6480935464023528,0.5384794090520817,0.10961413735027115,0.3333333333333333,0.0,0.3333333333333333,0.6814829192546584,0.5759997973041451,0.10548312195051335,0.6480935464023528,0.5384794090520817,0.10961413735027115
13,6,19,9,8,1273615.0,1273033.0,0.0004571758941048661,0.08,0.047808764940239126,0,0.05,0.125,0.125,0.0,0.3147691981931112,0.2969588744588745,0.017810323734236744,0.28881167879263336,0.28923059670126805,0.00041891790863468614,0.0,0.0,0.0,0.15778750235271974,0.13227705627705627,0.025510446075663468,0.13371611817159856,0.10049962890670756,0.033216489264891,0.0,0.14285714285714285,0.14285714285714285,0.15778750235271974,0.2781570810142239,0.12036957866150413,0.13371611817159856,0.26341420263126974,0.12969808445967118,0.0,0.14285714285714285,0.14285714285714285,0.15778750235271974,0.2781570810142239,0.12036957866150413,0.13371611817159856,0.26341420263126974,0.12969808445967118
13,6,19,9,8,1273615.0,1273033.0,0.0004571758941048661,0.08,0.047808764940239126,0,0.1,0.25,0.25,0.0,0.4824604743083004,0.4343939393939394,0.048066534914361025,0.471357516114907,0.4416894583294871,0.02966805778541992,0.16666666666666666,0.0,0.16666666666666666,0.3575663466967815,0.18074458874458874,0.17682175795219277,0.3388592018144116,0.16681242294466575,0.17204677886974584,0.16666666666666666,0.2857142857142857,0.11904761904761904,0.3575663466967815,0.414817563388992,0.057251216692210505,0.3388592018144116,0.40486601638904685,0.06600681457463525,0.16666666666666666,0.2857142857142857,0.11904761904761904,0.3575663466967815,0.414817563388992,0.057251216692210505,0.3388592018144116,0.40486601638904685,0.06600681457463525
13,6,19,9,8,1273615.0,1273033.0,0.0004571758941048661,0.08,0.047808764940239126,0,0.2,0.375,0.375,0.0,0.6192873023715415,0.6009199134199135,0.01836738895162804,0.593059496978379,0.581061464335781,0.011998032642598022,0.16666666666666666,0.0,0.16666666666666666,0.492383069828722,0.36147186147186144,0.13091120835686054,0.4574126626378386,0.3296983429372497,0.12771431970058889,0.16666666666666666,0.2857142857142857,0.11904761904761904,0.492383069828722,0.543908472479901,0.05152540265117905,0.4574126626378386,0.5212131020980354,0.06380043946019681,0.16666666666666666,0.2857142857142857,0.11904761904761904,0.492383069828722,0.543908472479901,0.05152540265117905,0.4574126626378386,0.5212131020980354,0.06380043946019681
13,6,19,9,8,1273615.0,1273033.0,0.0004571758941048661,0.08,0.047808764940239126,0,0.4,0.5,0.5,0.0,0.7611121894409938,0.7797619047619048,0.018649715320910976,0.7360701598017646,0.743000143338576,0.0069299835368114016,0.3333333333333333,0.2,0.1333333333333333,0.6814829192546584,0.6476190476190476,0.033863871635610776,0.6480935464023528,0.5888002293417217,0.05929331706063112,0.3333333333333333,0.42857142857142855,0.09523809523809523,0.6814829192546584,0.7482993197278912,0.06681640047323278,0.6480935464023528,0.7062858781012297,0.05819233169887683,0.3333333333333333,0.42857142857142855,0.09523809523809523,0.6814829192546584,0.7482993197278912,0.06681640047323278,0.6480935464023528,0.7062858781012297,0.05819233169887683
13,6,21,10,8,1273615.0,1274465.0,0.0006673916371902027,0.12,0.08632138114209831,0,0.05,0.125,0.25,0.125,0.3147691981931112,0.3905924570785252,0.07582325888541397,0.28881167879263336,0.36847697577646626,0.0796652969838329,0.0,0.0,0.0,0.15778750235271974,0.14494793132564032,0.012839571027079416,0.13371611817159856,0.10862670639284769,0.025089411778750875,0.0,0.0,0.0,0.15778750235271974,0.14494793132564032,0.012839571027079416,0.13371611817159856,0.10862670639284769,0.025089411778750875,0.0,0.0,0.0,0.15778750235271974,0.14494793132564032,0.012839571027079416,0.13371611817159856,0.10862670639284769,0.025089411778750875
13,6,21,10,8,1273615.0,1274465.0,0.0006673916371902027,0.12,0.08632138114209831,0,0.1,0.25,0.375,0.125,0.4824604743083004,0.5235364480720518,0.04107597376375138,0.471357516114907,0.4948960681868569,0.02353855207194988,0.16666666666666666,0.0,0.16666666666666666,0.3575663466967815,0.23765831691528283,0.11990802978149867,0.3388592018144116,0.191833709098971,0.1470254927154406,0.16666666666666666,0.0,0.16666666666666666,0.3575663466967815,0.23765831691528283,0.11990802978149867,0.3388592018144116,0.191833709098971,0.1470254927154406,0.16666666666666666,0.0,0.16666666666666666,0.3575663466967815,0.23765831691528283,0.11990802978149867,0.3388592018144116,0.191833709098971,0.1470254927154406
13,6,21,10,8,1273615.0,1274465.0,0.0006673916371902027,0.12,0.08632138114209831,0,0.2,0.375,0.375,0.0,0.6192873023715415,0.5752951898462735,0.04399211252526802,0.593059496978379,0.5534733800481877,0.03958611693019132,0.16666666666666666,0.0,0.16666666666666666,0.492383069828722,0.3204723037540375,0.17191076607468447,0.4574126626378386,0.28555740807710017,0.1718552545607384,0.16666666666666666,0.0,0.16666666666666666,0.492383069828722,0.3204723037540375,0.17191076607468447,0.4574126626378386,0.28555740807710017,0.1718552545607384,0.16666666666666666,0.0,0.16666666666666666,0.492383069828722,0.3204723037540375,0.17191076607468447,0.4574126626378386,0.28555740807710017,0.1718552545607384
13,6,21,10,8,1273615.0,1274465.0,0.0006673916371902027,0.12,0.08632138114209831,0,0.4,0.5,0.375,0.125,0.7611121894409938,0.7296407797568788,0.03147140968411499,0.7360701598017646,0.7046773764002755,0.0313927834014891,0.3333333333333333,0.0,0.3333333333333333,0.6814829192546584,0.5674252476110061,0.11405767164365233,0.6480935464023528,0.5274838022404407,0.12060974416191217,0.3333333333333333,0.0,0.3333333333333333,0.6814829192546584,0.5674252476110061,0.11405767164365233,0.6480935464023528,0.5274838022404407,0.12060974416191217,0.3333333333333333,0.0,0.3333333333333333,0.6814829192546584,0.5674252476110061,0.11405767164365233,0.6480935464023528,0.5274838022404407,0.12060974416191217
13,6,23,11,8,1273615.0,1271035.0,0.0020298418218223733,0.02,0.026560424966799546,0,0.05,0.125,0.125,0.0,0.3147691981931112,0.3429934045423176,0.02822420634920636,0.28881167879263336,0.2996828476204132,0.010871168827779831,0.0,0.0,0.0,0.15778750235271974,0.12339262187088273,0.034394880481837004,0.13371611817159856,0.07712328492306665,0.05659283324853191,0.0,0.0,0.0,0.15778750235271974,0.19541977748499487,0.03763227513227513,0.13371611817159856,0.1482110099419716,0.014494891770373025,0.0,0.0,0.0,0.15778750235271974,0.19541977748499487,0.03763227513227513,0.13371611817159856,0.1482110099419716,0.014494891770373025
13,6,23,11,8,1273615.0,1271035.0,0.0020298418218223733,0.02,0.026560424966799546,0,0.1,0.25,0.25,0.0,0.4824604743083004,0.4755408314511575,0.006919642857142916,0.471357516114907,0.4437907548076897,0.027566761307217302,0.16666666666666666,0.0,0.16666666666666666,0.3575663466967815,0.2180081874647092,0.1395581592320723,0.3388592018144116,0.16252422408574602,0.17633497772866558,0.16666666666666666,0.16666666666666666,0.0,0.3575663466967815,0.348340156220591,0.009226190476190499,0.3388592018144116,0.302103520071455,0.03675568174295657,0.16666666666666666,0.16666666666666666,0.0,0.3575663466967815,0.348340156220591,0.009226190476190499,0.3388592018144116,0.302103520071455,0.03675568174295657
13,6,23,11,8,1273615.0,1271035.0,0.0020298418218223733,0.02,0.026560424966799546,0,0.2,0.375,0.375,0.0,0.6192873023715415,0.6139301595143986,0.005357142857142949,0.593059496978379,0.5900094344624447,0.0030500625159343153,0.16666666666666666,0.0,0.16666666666666666,0.492383069828722,0.3822882552230378,0.11009481460568421,0.4574126626378386,0.34401509513991146,0.11339756749792712,0.16666666666666666,0.16666666666666666,0.0,0.492383069828722,0.4852402126858648,0.007142857142857173,0.4574126626378386,0.4533459126165929,0.00406675002124568,0.16666666666666666,0.16666666666666666,0.0,0.492383069828722,0.4852402126858648,0.007142857142857173,0.4574126626378386,0.4533459126165929,0.00406675002124568
13,6,23,11,8,1273615.0,1271035.0,0.0020298418218223733,0.02,0.026560424966799546,0,0.4,0.5,0.5,0.0,0.7611121894409938,0.7640139751552795,0.0029017857142856762,0.7360701598017646,0.7324174003530438,0.003652759448720788,0.3333333333333333,0.2,0.1333333333333333,0.6814829192546584,0.6224223602484471,0.05906055900621132,0.6480935464023528,0.5718678405648701,0.07622570583748278,0.3333333333333333,0.3333333333333333,0.0,0.6814829192546584,0.6853519668737059,0.0038690476190474943,0.6480935464023528,0.6432232004707251,0.0048703459316277176,0.3333333333333333,0.3333333333333333,0.0,0.6814829192546584,0.6853519668737059,0.0038690476190474943,0.6480935464023528,0.6432232004707251,0.0048703459316277176
13,6,25,12,8,1273615.0,1270292.0,0.002615933974235845,0.02,0.025232403718459525,0,0.05,0.125,0.125,0.0,0.3147691981931112,0.2824031267645398,0.0323660714285714,0.28881167879263336,0.250603671020914,0.03820800777171934,0.0,0.0,0.0,0.15778750235271974,0.11463274044795783,0.043154761904761904,0.13371611817159856,0.08277210780930609,0.05094401036229247,0.0,0.0,0.0,0.15778750235271974,0.11463274044795783,0.043154761904761904,0.13371611817159856,0.08277210780930609,0.05094401036229247,0.0,0.0,0.0,0.15778750235271974,0.11463274044795783,0.043154761904761904,0.13371611817159856,0.08277210780930609,0.05094401036229247
13,6,25,12,8,1273615.0,1270292.0,0.002615933974235845,0.02,0.025232403718459525,0,0.1,0.25,0.25,0.0,0.4824604743083004,0.457906902879729,0.024553571428571397,0.471357516114907,0.45094771172479353,0.020409804390113473,0.16666666666666666,0.16666666666666666,0.0,0.3575663466967815,0.3248282514586862,0.03273809523809529,0.3388592018144116,0.3116461292942604,0.027213072520151205,0.16666666666666666,0.16666666666666666,0.0,0.3575663466967815,0.3248282514586862,0.03273809523809529,0.3388592018144116,0.3116461292942604,0.027213072520151205,0.16666666666666666,0.16666666666666666,0.0,0.3575663466967815,0.3248282514586862,0.03273809523809529,0.3388592018144116,0.3116461292942604,0.027213072520151205
13,6,25,12,8,1273615.0,1270292.0,0.002615933974235845,0.02,0.025232403718459525,0,0.2,0.375,0.375,0.0,0.6192873023715415,0.6114748023715415,0.0078125,0.593059496978379,0.5825611901493726,0.010498306829006432,0.16666666666666666,0.16666666666666666,0.0,0.492383069828722,0.48196640316205525,0.01041666666666674,0.4574126626378386,0.44341492019916345,0.013997742438675131,0.16666666666666666,0.16666666666666666,0.0,0.492383069828722,0.48196640316205525,0.01041666666666674,0.4574126626378386,0.44341492019916345,0.013997742438675131,0.16666666666666666,0.16666666666666666,0.0,0.492383069828722,0.48196640316205525,0.01041666666666674,0.4574126626378386,0.44341492019916345,0.013997742438675131
13,6,25,12,8,1273615.0,1270292.0,0.002615933974235845,0.02,0.025232403718459525,0,0.4,0.5,0.5,0.0,0.7611121894409938,0.7757330984233157,0.014620908982321934,0.7360701598017646,0.7480972901616527,0.012027130359888116,0.3333333333333333,0.3333333333333333,0.0,0.6814829192546584,0.700977464564421,0.01949454530976258,0.6480935464023528,0.664129720215537,0.016036173813184118,0.3333333333333333,0.3333333333333333,0.0,0.6814829192546584,0.700977464564421,0.01949454530976258,0.6480935464023528,0.664129720215537,0.016036173813184118,0.3333333333333333,0.3333333333333333,0.0,0.6814829192546584,0.700977464564421,0.01949454530976258,0.6480935464023528,0.664129720215537,0.016036173813184118
13,6,27,13,8,1273615.0,1270571.0,0.0023957732389610657,0.06,0.06347941567065082,0,0.05,0.125,0.25,0.125,0.3147691981931112,0.3772233503211764,0.062454152128065155,0.28881167879263336,0.3367609885725343,0.04794930977990092,0.0,0.0,0.0,0.15778750235271974,0.16963113376156855,0.01184363140884881,0.13371611817159856,0.11568131809671232,0.01803480007488624,0.0,0.0,0.0,0.15778750235271974,0.16963113376156855,0.01184363140884881,0.13371611817159856,0.11568131809671232,0.01803480007488624,0.0,0.0,0.0,0.15778750235271974,0.16963113376156855,0.01184363140884881,0.13371611817159856,0.11568131809671232,0.01803480007488624
13,6,27,13,8,1273615.0,1270571.0,0.0023957732389610657,0.06,0.06347941567065082,0,0.1,0.25,0.25,0.0,0.4824604743083004,0.4749416042894304,0.0075188700188700275,0.471357516114907,0.4387617940645224,0.03259572205038458,0.16666666666666666,0.0,0.16666666666666666,0.3575663466967815,0.2999221390525738,0.05764420764420769,0.3388592018144116,0.2516823920860299,0.08717680972838171,0.16666666666666666,0.0,0.16666666666666666,0.3575663466967815,0.2999221390525738,0.05764420764420769,0.3388592018144116,0.2516823920860299,0.08717680972838171,0.16666666666666666,0.0,0.16666666666666666,0.3575663466967815,0.2999221390525738,0.05764420764420769,0.3388592018144116,0.2516823920860299,0.08717680972838171
13,6,27,13,8,1273615.0,1270571.0,0.0023957732389610657,0.06,0.06347941567065082,0,0.2,0.375,0.375,0.0,0.6192873023715415,0.5708296836014227,0.04845761877011878,0.593059496978379,0.5370916019956608,0.05596789498271826,0.16666666666666666,0.16666666666666666,0.0,0.492383069828722,0.4277729114685636,0.06461015836015838,0.4574126626378386,0.38278880266088083,0.07462385997695775,0.16666666666666666,0.16666666666666666,0.0,0.492383069828722,0.4277729114685636,0.06461015836015838,0.4574126626378386,0.38278880266088083,0.07462385997695775,0.16666666666666666,0.16666666666666666,0.0,0.492383069828722,0.4277729114685636,0.06461015836015838,0.4574126626378386,0.38278880266088083,0.07462385997695775
13,6,27,13,8,1273615.0,1270571.0,0.0023957732389610657,0.06,0.06347941567065082,0,0.4,0.5,0.375,0.125,0.7611121894409938,0.7173183097096141,0.043793879731379715,0.7360701598017646,0.682732518996695,0.05333764080506964,0.3333333333333333,0.16666666666666666,0.16666666666666666,0.6814829192546584,0.6230910796128187,0.05839183964183969,0.6480935464023528,0.5769766919955933,0.07111685440675952,0.3333333333333333,0.16666666666666666,0.16666666666666666,0.6814829192546584,0.6230910796128187,0.05839183964183969,0.6480935464023528,0.5769766919955933,0.07111685440675952,0.3333333333333333,0.16666666666666666,0.16666666666666666,0.6814829192546584,0.6230910796128187,0.05839183964183969,0.6480935464023528,0.5769766919955933,0.07111685440675952
13,6,29,14,8,1273615.0,1263846.0,0.007729580977429212,0.08,0.06586985391766276,0,0.05,0.125,0.25,0.125,0.3147691981931112,0.3857919254658385,0.07102272727272729,0.28881167879263336,0.35523987740303314,0.06642819861039978,0.0,0.0,0.0,0.15778750235271974,0.11726708074534162,0.04052042160737812,0.13371611817159856,0.0886596659138186,0.04505645225777996,0.0,0.0,0.0,0.15778750235271974,0.11726708074534162,0.04052042160737812,0.13371611817159856,0.0886596659138186,0.04505645225777996,0.0,0.0,0.0,0.15778750235271974,0.11726708074534162,0.04052042160737812,0.13371611817159856,0.0886596659138186,0.04505645225777996
13,6,29,14,8,1273615.0,1263846.0,0.007729580977429212,0.08,0.06586985391766276,0,0.1,0.25,0.375,0.125,0.4824604743083004,0.5055124223602484,0.02305194805194799,0.471357516114907,0.4917625715970936,0.020405055482186574,0.16666666666666666,0.0,0.16666666666666666,0.3575663466967815,0.2088198757763975,0.148746470920384,0.3388592018144116,0.1868201145553498,0.1520390872590618,0.16666666666666666,0.0,0.16666666666666666,0.3575663466967815,0.2088198757763975,0.148746470920384,0.3388592018144116,0.1868201145553498,0.1520390872590618,0.16666666666666666,0.0,0.16666666666666666,0.3575663466967815,0.2088198757763975,0.148746470920384,0.3388592018144116,0.1868201145553498,0.1520390872590618
13,6,29,14,8,1273615.0,1263846.0,0.007729580977429212,0.08,0.06586985391766276,0,0.2,0.375,0.375,0.0,0.6192873023715415,0.6121376811594204,0.007149621212121149,0.593059496978379,0.5880851740487746,0.0049743229296044245,0.16666666666666666,0.0,0.16666666666666666,0.492383069828722,0.37942028985507237,0.11296277997364962,0.4574126626378386,0.3409362784780394,0.11647638415979916,0.16666666666666666,0.0,0.16666666666666666,0.492383069828722,0.37942028985507237,0.11296277997364962,0.4574126626378386,0.3409362784780394,0.11647638415979916,0.16666666666666666,0.0,0.16666666666666666,0.492383069828722,0.37942028985507237,0.11296277997364962,0.4574126626378386,0.3409362784780394,0.11647638415979916
13,6,29,14,8,1273615.0,1263846.0,0.007729580977429212,0.08,0.06586985391766276,0,0.4,0.5,0.375,0.125,0.7611121894409938,0.7518115942028986,0.009300595238095233,0.7360701598017646,0.7286411367655309,0.007429023036233717,0.3333333333333333,0.0,0.3333333333333333,0.6814829192546584,0.6028985507246377,0.07858436853002071,0.6480935464023528,0.5658258188248493,0.08226772757750356,0.3333333333333333,0.0,0.3333333333333333,0.6814829192546584,0.6028985507246377,0.07858436853002071,0.6480935464023528,0.5658258188248493,0.08226772757750356,0.3333333333333333,0.0,0.3333333333333333,0.6814829192546584,0.6028985507246377,0.07858436853002071,0.6480935464023528,0.5658258188248493,0.08226772757750356
13,6,31,15,8,1273615.0,1266770.0,0.005403506556044112,0.06,0.0836653386454184,0,0.05,0.125,0.125,0.0,0.3147691981931112,0.33619828993470297,0.021429091741591744,0.28881167879263336,0.3100361554827992,0.02122447669016586,0.0,0.0,0.0,0.15778750235271974,0.10363154960981047,0.05415595274290927,0.13371611817159856,0.05965147942057801,0.07406463875102055,0.0,0.0,0.0,0.15778750235271974,0.10363154960981047,0.05415595274290927,0.13371611817159856,0.05965147942057801,0.07406463875102055,0.0,0.0,0.0,0.15778750235271974,0.10363154960981047,0.05415595274290927,0.13371611817159856,0.05965147942057801,0.07406463875102055
13,6,31,15,8,1273615.0,1266770.0,0.005403506556044112,0.06,0.0836653386454184,0,0.1,0.25,0.25,0.0,0.4824604743083004,0.4895268454371715,0.007066371128871096,0.471357516114907,0.48026978533377257,0.008912269218865565,0.16666666666666666,0.0,0.16666666666666666,0.3575663466967815,0.24038580984233157,0.11718053685444993,0.3388592018144116,0.22089067292747888,0.11796852888693271,0.16666666666666666,0.0,0.16666666666666666,0.3575663466967815,0.24038580984233157,0.11718053685444993,0.3388592018144116,0.22089067292747888,0.11796852888693271,0.16666666666666666,0.0,0.16666666666666666,0.3575663466967815,0.24038580984233157,0.11718053685444993,0.3388592018144116,0.22089067292747888,0.11796852888693271
13,6,31,15,8,1273615.0,1266770.0,0.005403506556044112,0.06,0.0836653386454184,0,0.2,0.375,0.375,0.0,0.6192873023715415,0.6100257306099697,0.00926157176157183,0.593059496978379,0.5932797632389352,0.00022026626055615672,0.16666666666666666,0.0,0.16666666666666666,0.492383069828722,0.3760411689759516,0.11634190085277041,0.4574126626378386,0.34924762118229624,0.10816504145554234,0.16666666666666666,0.0,0.16666666666666666,0.492383069828722,0.3760411689759516,0.11634190085277041,0.4574126626378386,0.34924762118229624,0.10816504145554234,0.16666666666666666,0.0,0.16666666666666666,0.492383069828722,0.3760411689759516,0.11634190085277041,0.4574126626378386,0.34924762118229624,0.10816504145554234
13,6,31,15,8,1273615.0,1266770.0,0.005403506556044112,0.06,0.0836653386454184,0,0.4,0.5,0.5,0.0,0.7611121894409938,0.7823436753463927,0.021231485905398917,0.7360701598017646,0.7369928006182584,0.0009226408164938471,0.3333333333333333,0.2,0.1333333333333333,0.6814829192546584,0.6517498805542283,0.029733038700430092,0.6480935464023528,0.5791884809892136,0.06890506541313923,0.3333333333333333,0.2,0.1333333333333333,0.6814829192546584,0.6517498805542283,0.029733038700430092,0.6480935464023528,0.5791884809892136,0.06890506541313923,0.3333333333333333,0.2,0.1333333333333333,0.6814829192546584,0.6517498805542283,0.029733038700430092,0.6480935464023528,0.5791884809892136,0.06890506541313923
13,6,33,16,8,1273615.0,1270167.0,0.0027146036702260412,0.02,0.012483399734395759,0,0.05,0.125,0.125,0.0,0.3147691981931112,0.33937428061069363,0.024605082417582413,0.28881167879263336,0.29578977859750427,0.0069780998048709075,0.0,0.0,0.0,0.15778750235271974,0.19059427890949632,0.03280677655677658,0.13371611817159856,0.1430202512447598,0.009304133073161247,0.0,0.0,0.0,0.15778750235271974,0.19059427890949632,0.03280677655677658,0.13371611817159856,0.1430202512447598,0.009304133073161247,0.0,0.0,0.0,0.15778750235271974,0.19059427890949632,0.03280677655677658,0.13371611817159856,0.1430202512447598,0.009304133073161247
13,6,33,16,8,1273615.0,1270167.0,0.0027146036702260412,0.02,0.012483399734395759,0,0.1,0.25,0.25,0.0,0.4824604743083004,0.47361775452808064,0.008842719780219777,0.471357516114907,0.456041120201753,0.01531639591315398,0.16666666666666666,0.16666666666666666,0.0,0.3575663466967815,0.34577605365648845,0.011790293040293054,0.3388592018144116,0.31843734059687295,0.02042186121753864,0.16666666666666666,0.16666666666666666,0.0,0.3575663466967815,0.34577605365648845,0.011790293040293054,0.3388592018144116,0.31843734059687295,0.02042186121753864,0.16666666666666666,0.16666666666666666,0.0,0.3575663466967815,0.34577605365648845,0.011790293040293054,0.3388592018144116,0.31843734059687295,0.02042186121753864
13,6,33,16,8,1273615.0,1270167.0,0.0027146036702260412,0.02,0.012483399734395759,0,0.2,0.375,0.375,0.0,0.6192873023715415,0.606237851822091,0.013049450549450503,0.593059496978379,0.5856574333042726,0.007402063674106452,0.16666666666666666,0.16666666666666666,0.0,0.492383069828722,0.4749838024294546,0.017399267399267393,0.4574126626378386,0.44754324440569676,0.009869418232141824,0.16666666666666666,0.16666666666666666,0.0,0.492383069828722,0.4749838024294546,0.017399267399267393,0.4574126626378386,0.44754324440569676,0.009869418232141824,0.16666666666666666,0.16666666666666666,0.0,0.492383069828722,0.4749838024294546,0.017399267399267393,0.4574126626378386,0.44754324440569676,0.009869418232141824
13,6,33,16,8,1273615.0,1270167.0,0.0027146036702260412,0.02,0.012483399734395759,0,0.4,0.5,0.375,0.125,0.7611121894409938,0.7566166849454893,0.00449550449550451,0.7360701598017646,0.72682406348904,0.00924609631272455,0.3333333333333333,0.16666666666666666,0.16666666666666666,0.6814829192546584,0.6754889132606524,0.005994005994006013,0.6480935464023528,0.6357654179853868,0.012328128416966067,0.3333333333333333,0.16666666666666666,0.16666666666666666,0.6814829192546584,0.6754889132606524,0.005994005994006013,0.6480935464023528,0.6357654179853868,0.012328128416966067,0.3333333333333333,0.16666666666666666,0.16666666666666666,0.6814829192546584,0.6754889132606524,0.005994005994006013,0.6480935464023528,0.6357654179853868,0.012328128416966067
13,6,35,17,8,1273615.0,1266542.0,0.005584497000494259,0.12,0.04249667994687919,0,0.05,0.125,0.0,0.125,0.3147691981931112,0.2545833333333334,0.06018586485977784,0.28881167879263336,0.27400509287599784,0.014806585916635528,0.0,0.0,0.0,0.15778750235271974,0.074,0.08378750235271974,0.13371611817159856,0.05608374384236453,0.07763237432923403,0.0,0.0,0.0,0.15778750235271974,0.145,0.012787502352719748,0.13371611817159856,0.13764554411106134,0.003929425939462772,0.0,0.0,0.0,0.15778750235271974,0.145,0.012787502352719748,0.13371611817159856,0.13764554411106134,0.003929425939462772
13,6,35,17,8,1273615.0,1266542.0,0.005584497000494259,0.12,0.04249667994687919,0,0.1,0.25,0.25,0.0,0.4824604743083004,0.4808134920634921,0.0016469822448083038,0.471357516114907,0.45866962255695815,0.01268789355794886,0.16666666666666666,0.0,0.16666666666666666,0.3575663466967815,0.20263492063492064,0.15493142606186086,0.3388592018144116,0.1762956385153754,0.16256356329903618,0.16666666666666666,0.0,0.16666666666666666,0.3575663466967815,0.3077513227513227,0.04981502394545878,0.3388592018144116,0.27822616340927747,0.06063303840513412,0.16666666666666666,0.0,0.16666666666666666,0.3575663466967815,0.3077513227513227,0.04981502394545878,0.3388592018144116,0.27822616340927747,0.06063303840513412
13,6,35,17,8,1273615.0,1266542.0,0.005584497000494259,0.12,0.04249667994687919,0,0.2,0.375,0.375,0.0,0.6192873023715415,0.6028769841269841,0.01641031824455741,0.593059496978379,0.5727264219457388,0.020333075032640258,0.16666666666666666,0.0,0.16666666666666666,0.492383069828722,0.3646031746031746,0.1277798952255474,0.4574126626378386,0.31636227511318193,0.14105038752465665,0.16666666666666666,0.16666666666666666,0.0,0.492383069828722,0.4705026455026455,0.02188042432607651,0.4574126626378386,0.4303018959276516,0.027110766710186973,0.16666666666666666,0.16666666666666666,0.0,0.492383069828722,0.4705026455026455,0.02188042432607651,0.4574126626378386,0.4303018959276516,0.027110766710186973
13,6,35,17,8,1273615.0,1266542.0,0.005584497000494259,0.12,0.04249667994687919,0,0.4,0.5,0.375,0.125,0.7611121894409938,0.7585241147741147,0.0025880746668790477,0.7360701598017646,0.7185510942236335,0.0175190655781311,0.3333333333333333,0.0,0.3333333333333333,0.6814829192546584,0.6136385836385836,0.06784433561607484,0.6480935464023528,0.5496817507578136,0.09841179564453928,0.3333333333333333,0.16666666666666666,0.16666666666666666,0.6814829192546584,0.678032153032153,0.003450766222505397,0.6480935464023528,0.624734792298178,0.023358754104174873,0.3333333333333333,0.16666666666666666,0.16666666666666666,0.6814829192546584,0.678032153032153,0.003450766222505397,0.6480935464023528,0.624734792298178,0.023358754104174873
13,6,37,18,8,1273615.0,1260993.0,0.010009571821572364,0.08,0.12377158034528558,0,0.05,0.125,0.125,0.0,0.3147691981931112,0.36733954451345757,0.05257034632034635,0.28881167879263336,0.3347609522488807,0.04594927345624733,0.0,0.0,0.0,0.15778750235271974,0.08488612836438922,0.07290137398833052,0.13371611817159856,0.07402887405388438,0.059687244117714186,0.0,0.0,0.0,0.15778750235271974,0.08488612836438922,0.07290137398833052,0.13371611817159856,0.07402887405388438,0.059687244117714186,0.0,0.0,0.0,0.15778750235271974,0.08488612836438922,0.07290137398833052,0.13371611817159856,0.07402887405388438,0.059687244117714186
13,6,37,18,8,1273615.0,1260993.0,0.010009571821572364,0.08,0.12377158034528558,0,0.1,0.25,0.375,0.125,0.4824604743083004,0.5237663906142167,0.04130591630591629,0.471357516114907,0.5088889949632731,0.03753147884836611,0.16666666666666666,0.0,0.16666666666666666,0.3575663466967815,0.23802622498274673,0.11954012171403477,0.3388592018144116,0.214222391941237,0.1246368098731746,0.16666666666666666,0.0,0.16666666666666666,0.3575663466967815,0.23802622498274673,0.11954012171403477,0.3388592018144116,0.214222391941237,0.1246368098731746,0.16666666666666666,0.0,0.16666666666666666,0.3575663466967815,0.23802622498274673,0.11954012171403477,0.3388592018144116,0.214222391941237,0.1246368098731746
13,6,37,18,8,1273615.0,1260993.0,0.010009571821572364,0.08,0.12377158034528558,0,0.2,0.375,0.375,0.0,0.6192873023715415,0.6244392684610076,0.005151966089466109,0.593059496978379,0.6033066655151165,0.010247168536737461,0.16666666666666666,0.0,0.16666666666666666,0.492383069828722,0.39910282953761217,0.09328024029110982,0.4574126626378386,0.3652906648241863,0.09212199781365227,0.16666666666666666,0.0,0.16666666666666666,0.492383069828722,0.39910282953761217,0.09328024029110982,0.4574126626378386,0.3652906648241863,0.09212199781365227,0.16666666666666666,0.0,0.16666666666666666,0.492383069828722,0.39910282953761217,0.09328024029110982,0.4574126626378386,0.3652906648241863,0.09212199781365227
13,6,37,18,8,1273615.0,1260993.0,0.010009571821572364,0.08,0.12377158034528558,0,0.4,0.5,0.375,0.125,0.7611121894409938,0.7541772840685884,0.0069349053724053755,0.7360701598017646,0.7397688295083228,0.0036986697065581886,0.3333333333333333,0.0,0.3333333333333333,0.6814829192546584,0.6066836545097415,0.07479926474491694,0.6480935464023528,0.5836301272133164,0.06446341918903642,0.3333333333333333,0.0,0.3333333333333333,0.6814829192546584,0.6066836545097415,0.07479926474491694,0.6480935464023528,0.5836301272133164,0.06446341918903642,0.3333333333333333,0.0,0.3333333333333333,0.6814829192546584,0.6066836545097415,0.07479926474491694,0.6480935464023528,0.5836301272133164,0.06446341918903642
14,7,16,8,7,1254971.0,1239020.0,0.012873884198802279,0.1,0.09349269588313411,0,0.05,0.14285714285714285,0.0,0.14285714285714285,0.3068225089719042,0.3041290429215164,0.0026934660503878383,0.25704302532630857,0.26612951940625534,0.009086494079946772,0.0,0.0,0.0,0.19129292713388824,0.1543520886615516,0.036940838472336646,0.13321686288069332,0.1078725893046798,0.025344273576013515,0.0,0.0,0.0,0.19129292713388824,0.1543520886615516,0.036940838472336646,0.13321686288069332,0.1078725893046798,0.025344273576013515,0.0,0.0,0.0,0.19129292713388824,0.1543520886615516,0.036940838472336646,0.13321686288069332,0.1078725893046798,0.025344273576013515
14,7,16,8,7,1254971.0,1239020.0,0.012873884198802279,0.1,0.09349269588313411,0,0.1,0.14285714285714285,0.2857142857142857,0.14285714285714285,0.4015727775003682,0.4507276823772987,0.04915490487693053,0.347156201055317,0.40906622727337083,0.061910026218053804,0.0,0.0,0.0,0.3018349070837629,0.23101875532821822,0.0708161517555447,0.23834890123120323,0.17269271818271922,0.065656183048484,0.0,0.0,0.0,0.3018349070837629,0.23101875532821822,0.0708161517555447,0.23834890123120323,0.17269271818271922,0.065656183048484,0.0,0.0,0.0,0.3018349070837629,0.23101875532821822,0.0708161517555447,0.23834890123120323,0.17269271818271922,0.065656183048484
14,7,16,8,7,1254971.0,1239020.0,0.012873884198802279,0.1,0.09349269588313411,0,0.2,0.2857142857142857,0.2857142857142857,0.0,0.5375286490234185,0.5459094507368164,0.008380801713397945,0.48923619717388167,0.4975592189587562,0.00832302178487454,0.16666666666666666,0.0,0.16666666666666666,0.4604500905273216,0.3642732310315431,0.09617685949577853,0.40410889670286193,0.2965829065422586,0.10752599016060332,0.16666666666666666,0.0,0.16666666666666666,0.4604500905273216,0.3642732310315431,0.09617685949577853,0.40410889670286193,0.2965829065422586,0.10752599016060332,0.16666666666666666,0.0,0.16666666666666666,0.4604500905273216,0.3642732310315431,0.09617685949577853,0.40410889670286193,0.2965829065422586,0.10752599016060332
14,7,16,8,7,1254971.0,1239020.0,0.012873884198802279,0.1,0.09349269588313411,0,0.4,0.2857142857142857,0.2857142857142857,0.0,0.6786307024129842,0.6631485202776763,0.015482182135307831,0.6110873884072682,0.6112171867334701,0.00012979832620196863,0.16666666666666666,0.0,0.16666666666666666,0.6250691528151483,0.5284079283887468,0.09666122442640146,0.5462686198084795,0.455704061426858,0.09056455838162153,0.16666666666666666,0.0,0.16666666666666666,0.6250691528151483,0.5284079283887468,0.09666122442640146,0.5462686198084795,0.455704061426858,0.09056455838162153,0.16666666666666666,0.0,0.16666666666666666,0.6250691528151483,0.5284079283887468,0.09666122442640146,0.5462686198084795,0.455704061426858,0.09056455838162153
14,7,18,9,7,1254971.0,1247055.0,0.006347755311513927,0.12,0.05949535192563095,0,0.05,0.14285714285714285,0.0,0.14285714285714285,0.3068225089719042,0.1695238095238095,0.13729869944809472,0.25704302532630857,0.13247154038291487,0.1245714849433937,0.0,0.0,0.0,0.19129292713388824,0.07066666666666667,0.12062626046722157,0.13321686288069332,0.04048454292709241,0.0927323199536009,0.0,0.0,0.0,0.19129292713388824,0.07066666666666667,0.12062626046722157,0.13321686288069332,0.04048454292709241,0.0927323199536009,0.0,0.0,0.0,0.19129292713388824,0.07066666666666667,0.12062626046722157,0.13321686288069332,0.04048454292709241,0.0927323199536009
14,7,18,9,7,1254971.0,1247055.0,0.006347755311513927,0.12,0.05949535192563095,0,0.1,0.14285714285714285,0.0,0.14285714285714285,0.4015727775003682,0.23079365079365077,0.1707791267067174,0.347156201055317,0.1894732566751293,0.15768294438018773,0.0,0.0,0.0,0.3018349070837629,0.1231111111111111,0.1787237959726518,0.23834890123120323,0.07994474641940644,0.1584041548117968,0.0,0.0,0.0,0.3018349070837629,0.1231111111111111,0.1787237959726518,0.23834890123120323,0.07994474641940644,0.1584041548117968,0.0,0.0,0.0,0.3018349070837629,0.1231111111111111,0.1787237959726518,0.23834890123120323,0.07994474641940644,0.1584041548117968
14,7,18,9,7,1254971.0,1247055.0,0.006347755311513927,0.12,0.05949535192563095,0,0.2,0.2857142857142857,0.14285714285714285,0.14285714285714285,0.5375286490234185,0.3696825396825397,0.16784610934087874,0.48923619717388167,0.3483044457082734,0.14093175146560827,0.16666666666666666,0.0,0.16666666666666666,0.4604500905273216,0.21755555555555556,0.24289453497176605,0.40410889670286193,0.18239746582164798,0.22171143088121395,0.16666666666666666,0.0,0.16666666666666666,0.4604500905273216,0.21755555555555556,0.24289453497176605,0.40410889670286193,0.18239746582164798,0.22171143088121395,0.16666666666666666,0.0,0.16666666666666666,0.4604500905273216,0.21755555555555556,0.24289453497176605,0.40410889670286193,0.18239746582164798,0.22171143088121395
14,7,18,9,7,1254971.0,1247055.0,0.006347755311513927,0.12,0.05949535192563095,0,0.4,0.2857142857142857,0.14285714285714285,0.14285714285714285,0.6786307024129842,0.566984126984127,0.11164657542885714,0.6110873884072682,0.5326727809092908,0.07841460749797735,0.16666666666666666,0.0,0.16666666666666666,0.6250691528151483,0.4271111111111111,0.1979580417040372,0.5462686198084795,0.36959810242333396,0.17667051738514555,0.16666666666666666,0.0,0.16666666666666666,0.6250691528151483,0.4271111111111111,0.1979580417040372,0.5462686198084795,0.36959810242333396,0.17667051738514555,0.16666666666666666,0.0,0.16666666666666666,0.6250691528151483,0.4271111111111111,0.1979580417040372,0.5462686198084795,0.36959810242333396,0.17667051738514555
14,7,20,10,7,1254971.0,1249913.0,0.004046681649042773,0.06,0.06640106241699882,0,0.05,0.14285714285714285,0.14285714285714285,0.0,0.3068225089719042,0.33440499945797714,0.02758249048607292,0.25704302532630857,0.3010360875363176,0.04399306221000904,0.0,0.0,0.0,0.19129292713388824,0.1253098563840252,0.06598307074986304,0.13321686288069332,0.08811718921751129,0.04509967366318203,0.0,0.0,0.0,0.19129292713388824,0.1253098563840252,0.06598307074986304,0.13321686288069332,0.08811718921751129,0.04509967366318203,0.0,0.0,0.0,0.19129292713388824,0.1253098563840252,0.06598307074986304,0.13321686288069332,0.08811718921751129,0.04509967366318203
14,7,20,10,7,1254971.0,1249913.0,0.004046681649042773,0.06,0.06640106241699882,0,0.1,0.14285714285714285,0.2857142857142857,0.14285714285714285,0.4015727775003682,0.42609960372108713,0.024526826220718945,0.347156201055317,0.3928143541846994,0.04565815312938237,0.0,0.0,0.0,0.3018349070837629,0.19653944520952193,0.10529546187424099,0.23834890123120323,0.14994009585857912,0.0884088053726241,0.0,0.0,0.0,0.3018349070837629,0.19653944520952193,0.10529546187424099,0.23834890123120323,0.14994009585857912,0.0884088053726241,0.0,0.0,0.0,0.3018349070837629,0.19653944520952193,0.10529546187424099,0.23834890123120323,0.14994009585857912,0.0884088053726241
14,7,20,10,7,1254971.0,1249913.0,0.004046681649042773,0.06,0.06640106241699882,0,0.2,0.2857142857142857,0.2857142857142857,0.0,0.5375286490234185,0.5080703184283747,0.02945833059504377,0.48923619717388167,0.4474958245762248,0.041740372597656894,0.16666666666666666,0.0,0.16666666666666666,0.4604500905273216,0.31129844579972454,0.14915164472759707,0.40410889670286193,0.22649415440671467,0.17761474229614727,0.16666666666666666,0.0,0.16666666666666666,0.4604500905273216,0.31129844579972454,0.14915164472759707,0.40410889670286193,0.22649415440671467,0.17761474229614727,0.16666666666666666,0.0,0.16666666666666666,0.4604500905273216,0.31129844579972454,0.14915164472759707,0.40410889670286193,0.22649415440671467,0.17761474229614727
14,7,20,10,7,1254971.0,1249913.0,0.004046681649042773,0.06,0.06640106241699882,0,0.4,0.2857142857142857,0.2857142857142857,0.0,0.6786307024129842,0.6210082026121485,0.05762249980083567,0.6110873884072682,0.5772111809886449,0.033876207418623294,0.16666666666666666,0.0,0.16666666666666666,0.6250691528151483,0.4694114836570079,0.1556576691581404,0.5462686198084795,0.40809565338410286,0.13817296642437665,0.16666666666666666,0.0,0.16666666666666666,0.6250691528151483,0.4694114836570079,0.1556576691581404,0.5462686198084795,0.40809565338410286,0.13817296642437665,0.16666666666666666,0.0,0.16666666666666666,0.6250691528151483,0.4694114836570079,0.1556576691581404,0.5462686198084795,0.40809565338410286,0.13817296642437665
14,7,22,11,7,1254971.0,1240913.0,0.011328755521136453,0.06,0.0871181938911022,0,0.05,0.14285714285714285,0.0,0.14285714285714285,0.3068225089719042,0.21421771607193602,0.0926047928999682,0.25704302532630857,0.1570493160788305,0.09999370924747808,0.0,0.0,0.0,0.19129292713388824,0.05823813583404376,0.1330547912998445,0.13321686288069332,0.023959829955086092,0.10925703292560722,0.0,0.0,0.0,0.19129292713388824,0.05823813583404376,0.1330547912998445,0.13321686288069332,0.023959829955086092,0.10925703292560722,0.0,0.0,0.0,0.19129292713388824,0.05823813583404376,0.1330547912998445,0.13321686288069332,0.023959829955086092,0.10925703292560722
14,7,22,11,7,1254971.0,1240913.0,0.011328755521136453,0.06,0.0871181938911022,0,0.1,0.14285714285714285,0.14285714285714285,0.0,0.4015727775003682,0.3554895871392035,0.046083190361164705,0.347156201055317,0.3148167550003292,0.03233944605498784,0.0,0.0,0.0,0.3018349070837629,0.17268542199488493,0.129149485088878,0.23834890123120323,0.14059078524473562,0.09775811598646761,0.0,0.0,0.0,0.3018349070837629,0.17268542199488493,0.129149485088878,0.23834890123120323,0.14059078524473562,0.09775811598646761,0.0,0.0,0.0,0.3018349070837629,0.17268542199488493,0.129149485088878,0.23834890123120323,0.14059078524473562,0.09775811598646761
14,7,22,11,7,1254971.0,1240913.0,0.011328755521136453,0.06,0.0871181938911022,0,0.2,0.2857142857142857,0.2857142857142857,0.0,0.5375286490234185,0.4950554134697357,0.042473235553682764,0.48923619717388167,0.4721655009233193,0.017070696250562345,0.16666666666666666,0.0,0.16666666666666666,0.4604500905273216,0.29307757885763,0.16737251166969164,0.40410889670286193,0.261031701292647,0.1430771954102149,0.16666666666666666,0.0,0.16666666666666666,0.4604500905273216,0.29307757885763,0.16737251166969164,0.40410889670286193,0.261031701292647,0.1430771954102149,0.16666666666666666,0.0,0.16666666666666666,0.4604500905273216,0.29307757885763,0.16737251166969164,0.40410889670286193,0.261031701292647,0.1430771954102149
14,7,22,11,7,1254971.0,1240913.0,0.011328755521136453,0.06,0.0871181938911022,0,0.4,0.2857142857142857,0.2857142857142857,0.0,0.6786307024129842,0.6232327490639511,0.05539795334903308,0.6110873884072682,0.5675919502035075,0.04349543820376067,0.16666666666666666,0.0,0.16666666666666666,0.6250691528151483,0.4725258486895316,0.15254330412561667,0.5462686198084795,0.3946287302849104,0.1516398895235691,0.16666666666666666,0.0,0.16666666666666666,0.6250691528151483,0.4725258486895316,0.15254330412561667,0.5462686198084795,0.3946287302849104,0.1516398895235691,0.16666666666666666,0.0,0.16666666666666666,0.6250691528151483,0.4725258486895316,0.15254330412561667,0.5462686198084795,0.3946287302849104,0.1516398895235691
14,7,24,12,7,1254971.0,1261586.0,0.005271038135542574,0.08,0.05258964143426312,0,0.05,0.14285714285714285,0.0,0.14285714285714285,0.3068225089719042,0.24473308011228903,0.06208942885961519,0.25704302532630857,0.17021920508419347,0.0868238202421151,0.0,0.0,0.0,0.19129292713388824,0.1369120264429189,0.05438090069096935,0.13321686288069332,0.06175214589570027,0.07146471698499304,0.0,0.0,0.0,0.19129292713388824,0.2140933553690991,0.022800428235210862,0.13321686288069332,0.12749902520486073,0.005717837675832588,0.0,0.0,0.0,0.19129292713388824,0.2140933553690991,0.022800428235210862,0.13321686288069332,0.12749902520486073,0.005717837675832588
14,7,24,12,7,1254971.0,1261586.0,0.005271038135542574,0.08,0.05258964143426312,0,0.1,0.14285714285714285,0.0,0.14285714285714285,0.4015727775003682,0.2943265254232891,0.10724625207707911,0.347156201055317,0.2175496056390654,0.12960659541625164,0.0,0.0,0.0,0.3018349070837629,0.17777142130689044,0.12406348577687248,0.23834890123120323,0.1049499357404515,0.13339896549075173,0.0,0.0,0.0,0.3018349070837629,0.24814285108907538,0.05369205599468754,0.23834890123120323,0.1634971834088201,0.07485171782238312,0.0,0.0,0.0,0.3018349070837629,0.24814285108907538,0.05369205599468754,0.23834890123120323,0.1634971834088201,0.07485171782238312
14,7,24,12,7,1254971.0,1261586.0,0.005271038135542574,0.08,0.05258964143426312,0,0.2,0.2857142857142857,0.14285714285714285,0.14285714285714285,0.5375286490234185,0.44602123839619756,0.0915074106272209,0.48923619717388167,0.3807026506516532,0.10853354652222846,0.16666666666666666,0.0,0.16666666666666666,0.4604500905273216,0.2815725908975336,0.178877499629788,0.40410889670286193,0.20818118326618476,0.19592771343667717,0.16666666666666666,0.16666666666666666,0.0,0.4604500905273216,0.4013104924146114,0.05913959811271019,0.40410889670286193,0.340150986055154,0.06395791064770795,0.16666666666666666,0.16666666666666666,0.0,0.4604500905273216,0.4013104924146114,0.05913959811271019,0.40410889670286193,0.340150986055154,0.06395791064770795
14,7,24,12,7,1254971.0,1261586.0,0.005271038135542574,0.08,0.05258964143426312,0,0.4,0.2857142857142857,0.2857142857142857,0.0,0.6786307024129842,0.6322940503432495,0.046336652069734696,0.6110873884072682,0.5736923221914199,0.037395066215848316,0.16666666666666666,0.0,0.16666666666666666,0.6250691528151483,0.4852116704805492,0.1398574823345991,0.5462686198084795,0.40316925106798784,0.14309936874049167,0.16666666666666666,0.16666666666666666,0.0,0.6250691528151483,0.5710097254004577,0.05405942741469061,0.5462686198084795,0.5026410425566565,0.04362757725182298,0.16666666666666666,0.16666666666666666,0.0,0.6250691528151483,0.5710097254004577,0.05405942741469061,0.5462686198084795,0.5026410425566565,0.04362757725182298
14,7,26,13,7,1254971.0,1251866.0,0.0024802974120233315,0.1,0.07702523240371852,0,0.05,0.14285714285714285,0.0,0.14285714285714285,0.3068225089719042,0.1910504781622794,0.11577203080962481,0.25704302532630857,0.14453492693156825,0.11250809839474032,0.0,0.0,0.0,0.19129292713388824,0.10747066942719115,0.08382225770669709,0.13321686288069332,0.05332786669654591,0.07988899618414741,0.0,0.0,0.0,0.19129292713388824,0.18955889118932598,0.0017340359445622566,0.13321686288069332,0.12909948219407116,0.004117380686622152,0.0,0.0,0.0,0.19129292713388824,0.18955889118932598,0.0017340359445622566,0.13321686288069332,0.12909948219407116,0.004117380686622152
14,7,26,13,7,1254971.0,1251866.0,0.0024802974120233315,0.1,0.07702523240371852,0,0.1,0.14285714285714285,0.0,0.14285714285714285,0.4015727775003682,0.2968268237882491,0.10474595371211909,0.347156201055317,0.23778113844146698,0.10937506261385005,0.0,0.0,0.0,0.3018349070837629,0.17555755330354872,0.1262773537802142,0.23834890123120323,0.12019097077060317,0.11815793046060005,0.0,0.0,0.0,0.3018349070837629,0.24629796108629062,0.0555369459974723,0.23834890123120323,0.18481873558911888,0.05353016564208435,0.0,0.0,0.0,0.3018349070837629,0.24629796108629062,0.0555369459974723,0.23834890123120323,0.18481873558911888,0.05353016564208435
14,7,26,13,7,1254971.0,1251866.0,0.0024802974120233315,0.1,0.07702523240371852,0,0.2,0.2857142857142857,0.14285714285714285,0.14285714285714285,0.5375286490234185,0.42276589506893536,0.1147627539544831,0.48923619717388167,0.3866463274961372,0.10258986967774447,0.16666666666666666,0.0,0.16666666666666666,0.4604500905273216,0.23187225309650938,0.22857783743081223,0.40410889670286193,0.1860809778975771,0.21802791880528483,0.16666666666666666,0.16666666666666666,0.0,0.4604500905273216,0.3598935442470912,0.10055654628023042,0.40410889670286193,0.3217341482479809,0.08237474845488102,0.16666666666666666,0.16666666666666666,0.0,0.4604500905273216,0.3598935442470912,0.10055654628023042,0.40410889670286193,0.3217341482479809,0.08237474845488102
14,7,26,13,7,1254971.0,1251866.0,0.0024802974120233315,0.1,0.07702523240371852,0,0.4,0.2857142857142857,0.2857142857142857,0.0,0.6786307024129842,0.6125549380698122,0.06607576434317197,0.6110873884072682,0.5683847348384609,0.042702653568807314,0.16666666666666666,0.0,0.16666666666666666,0.6250691528151483,0.4575769132977371,0.1674922395174112,0.5462686198084795,0.39573862877384497,0.15052999103463455,0.16666666666666666,0.16666666666666666,0.0,0.6250691528151483,0.5479807610814477,0.07708839173370063,0.5462686198084795,0.4964488573115375,0.04981976249694203,0.16666666666666666,0.16666666666666666,0.0,0.6250691528151483,0.5479807610814477,0.07708839173370063,0.5462686198084795,0.4964488573115375,0.04981976249694203
14,7,28,14,7,1254971.0,1244175.0,0.008677235919384331,0.08,0.056042496679946804,0,0.05,0.14285714285714285,0.0,0.14285714285714285,0.3068225089719042,0.26122448979591834,0.04559801917598588,0.25704302532630857,0.2100630221129912,0.046980003213317384,0.0,0.0,0.0,0.19129292713388824,0.1658730158730159,0.02541991126087234,0.13321686288069332,0.12125605223143356,0.01196081064925976,0.0,0.0,0.0,0.19129292713388824,0.1658730158730159,0.02541991126087234,0.13321686288069332,0.12125605223143356,0.01196081064925976,0.0,0.0,0.0,0.19129292713388824,0.1658730158730159,0.02541991126087234,0.13321686288069332,0.12125605223143356,0.01196081064925976
14,7,28,14,7,1254971.0,1244175.0,0.008677235919384331,0.08,0.056042496679946804,0,0.1,0.14285714285714285,0.14285714285714285,0.0,0.4015727775003682,0.42176870748299317,0.020195929982624983,0.347156201055317,0.3817466584346825,0.03459045737936545,0.0,0.0,0.0,0.3018349070837629,0.3253968253968254,0.02356191831306248,0.23834890123120323,0.278704434840463,0.04035553360925975,0.0,0.0,0.0,0.3018349070837629,0.3253968253968254,0.02356191831306248,0.23834890123120323,0.278704434840463,0.04035553360925975,0.0,0.0,0.0,0.3018349070837629,0.3253968253968254,0.02356191831306248,0.23834890123120323,0.278704434840463,0.04035553360925975
14,7,28,14,7,1254971.0,1244175.0,0.008677235919384331,0.08,0.056042496679946804,0,0.2,0.2857142857142857,0.14285714285714285,0.14285714285714285,0.5375286490234185,0.5608843537414966,0.02335570471807813,0.48923619717388167,0.512041625463797,0.022805428289915275,0.16666666666666666,0.0,0.16666666666666666,0.4604500905273216,0.48769841269841274,0.027248322171091133,0.40410889670286193,0.43071522970776316,0.026606333004901228,0.16666666666666666,0.0,0.16666666666666666,0.4604500905273216,0.48769841269841274,0.027248322171091133,0.40410889670286193,0.43071522970776316,0.026606333004901228,0.16666666666666666,0.0,0.16666666666666666,0.4604500905273216,0.48769841269841274,0.027248322171091133,0.40410889670286193,0.43071522970776316,0.026606333004901228
14,7,28,14,7,1254971.0,1244175.0,0.008677235919384331,0.08,0.056042496679946804,0,0.4,0.2857142857142857,0.2857142857142857,0.0,0.6786307024129842,0.7291208791208791,0.05049017670789491,0.6110873884072682,0.6692697687766197,0.05818238036935153,0.16666666666666666,0.16666666666666666,0.0,0.6250691528151483,0.6839743589743589,0.05890520615921058,0.5462686198084795,0.6141480635727229,0.06787944376424337,0.16666666666666666,0.16666666666666666,0.0,0.6250691528151483,0.6839743589743589,0.05890520615921058,0.5462686198084795,0.6141480635727229,0.06787944376424337,0.16666666666666666,0.16666666666666666,0.0,0.6250691528151483,0.6839743589743589,0.05890520615921058,0.5462686198084795,0.6141480635727229,0.06787944376424337
14,7,30,15,7,1254971.0,1249358.0,0.004492707454548656,0.06,0.08685258964143434,0,0.05,0.14285714285714285,0.0,0.14285714285714285,0.3068225089719042,0.2510170734960651,0.055805435475839105,0.25704302532630857,0.2286107924347721,0.028432232891536485,0.0,0.0,0.0,0.19129292713388824,0.18634453781512605,0.004948389318762181,0.13321686288069332,0.1468992381566004,0.013682375275907072,0.0,0.0,0.0,0.19129292713388824,0.2510170734960651,0.05972414636217688,0.13321686288069332,0.2286107924347721,0.09539392955407877,0.0,0.0,0.0,0.19129292713388824,0.2510170734960651,0.05972414636217688,0.13321686288069332,0.2286107924347721,0.09539392955407877
14,7,30,15,7,1254971.0,1249358.0,0.004492707454548656,0.06,0.08685258964143434,0,0.1,0.14285714285714285,0.14285714285714285,0.0,0.4015727775003682,0.41696751164233803,0.015394734141969846,0.347156201055317,0.37429022335789913,0.027134022302582106,0.0,0.0,0.0,0.3018349070837629,0.2726434051881622,0.029191501895600713,0.23834890123120323,0.21632996415334102,0.022018937077862205,0.0,0.14285714285714285,0.14285714285714285,0.3018349070837629,0.41696751164233803,0.1151326045585751,0.23834890123120323,0.37429022335789913,0.1359413221266959,0.0,0.14285714285714285,0.14285714285714285,0.3018349070837629,0.41696751164233803,0.1151326045585751,0.23834890123120323,0.37429022335789913,0.1359413221266959
14,7,30,15,7,1254971.0,1249358.0,0.004492707454548656,0.06,0.08685258964143434,0,0.2,0.2857142857142857,0.14285714285714285,0.14285714285714285,0.5375286490234185,0.5603933602426477,0.022864711219229283,0.48923619717388167,0.5259105677046857,0.036674370530804024,0.16666666666666666,0.0,0.16666666666666666,0.4604500905273216,0.4067729265619291,0.053677163965392516,0.40410889670286193,0.36739512673676733,0.0367137699660946,0.16666666666666666,0.14285714285714285,0.023809523809523808,0.4604500905273216,0.5603933602426477,0.09994326971532613,0.40410889670286193,0.5259105677046857,0.12180167100182376,0.16666666666666666,0.14285714285714285,0.023809523809523808,0.4604500905273216,0.5603933602426477,0.09994326971532613,0.40410889670286193,0.5259105677046857,0.12180167100182376
14,7,30,15,7,1254971.0,1249358.0,0.004492707454548656,0.06,0.08685258964143434,0,0.4,0.2857142857142857,0.42857142857142855,0.14285714285714285,0.6786307024129842,0.6793086799937367,0.0006779775807524979,0.6110873884072682,0.6537509342583513,0.04266354585108312,0.16666666666666666,0.2,0.033333333333333354,0.6250691528151483,0.5510321519912313,0.07403700082391695,0.5462686198084795,0.5152513079616918,0.031017311846787687,0.16666666666666666,0.42857142857142855,0.26190476190476186,0.6250691528151483,0.6793086799937367,0.054239527178588376,0.5462686198084795,0.6537509342583513,0.10748231444987177,0.16666666666666666,0.42857142857142855,0.26190476190476186,0.6250691528151483,0.6793086799937367,0.054239527178588376,0.5462686198084795,0.6537509342583513,0.10748231444987177
14,7,32,16,7,1254971.0,1244383.0,0.008508634399537763,0.08,0.04594953519256324,0,0.05,0.14285714285714285,0.0,0.14285714285714285,0.3068225089719042,0.15598442275460908,0.15083808621729514,0.25704302532630857,0.10298641414709411,0.15405661117921446,0.0,0.0,0.0,0.19129292713388824,0.08980676328502415,0.10148616384886408,0.13321686288069332,0.07043405562740361,0.0627828072532897,0.0,0.0,0.0,0.19129292713388824,0.08980676328502415,0.10148616384886408,0.13321686288069332,0.07043405562740361,0.0627828072532897,0.0,0.0,0.0,0.19129292713388824,0.08980676328502415,0.10148616384886408,0.13321686288069332,0.07043405562740361,0.0627828072532897
14,7,32,16,7,1254971.0,1244383.0,0.008508634399537763,0.08,0.04594953519256324,0,0.1,0.14285714285714285,0.0,0.14285714285714285,0.4015727775003682,0.26809129448881003,0.13348148301155816,0.347156201055317,0.19360626694676794,0.15354993410854909,0.0,0.0,0.0,0.3018349070837629,0.15628019323671496,0.14555471384704796,0.23834890123120323,0.10640891846380943,0.1319399827673938,0.0,0.0,0.0,0.3018349070837629,0.15628019323671496,0.14555471384704796,0.23834890123120323,0.10640891846380943,0.1319399827673938,0.0,0.0,0.0,0.3018349070837629,0.15628019323671496,0.14555471384704796,0.23834890123120323,0.10640891846380943,0.1319399827673938
14,7,32,16,7,1254971.0,1244383.0,0.008508634399537763,0.08,0.04594953519256324,0,0.2,0.2857142857142857,0.14285714285714285,0.14285714285714285,0.5375286490234185,0.3601547865523021,0.17737386247111636,0.48923619717388167,0.31215424873584746,0.1770819484380342,0.16666666666666666,0.0,0.16666666666666666,0.4604500905273216,0.21850241545893717,0.24194767506838444,0.40410889670286193,0.15170789135814855,0.2524010053447134,0.16666666666666666,0.0,0.16666666666666666,0.4604500905273216,0.21850241545893717,0.24194767506838444,0.40410889670286193,0.15170789135814855,0.2524010053447134,0.16666666666666666,0.0,0.16666666666666666,0.4604500905273216,0.21850241545893717,0.24194767506838444,0.40410889670286193,0.15170789135814855,0.2524010053447134
14,7,32,16,7,1254971.0,1244383.0,0.008508634399537763,0.08,0.04594953519256324,0,0.4,0.2857142857142857,0.14285714285714285,0.14285714285714285,0.6786307024129842,0.5086315685694568,0.16999913384352738,0.6110873884072682,0.49182462696238755,0.11926276144488063,0.16666666666666666,0.0,0.16666666666666666,0.6250691528151483,0.36922705314009663,0.25584209967505167,0.5462686198084795,0.33752762150721616,0.20874099830126336,0.16666666666666666,0.0,0.16666666666666666,0.6250691528151483,0.36922705314009663,0.25584209967505167,0.5462686198084795,0.33752762150721616,0.20874099830126336,0.16666666666666666,0.0,0.16666666666666666,0.6250691528151483,0.36922705314009663,0.25584209967505167,0.5462686198084795,0.33752762150721616,0.20874099830126336
14,7,34,17,7,1254971.0,1248876.0,0.004880388445290005,0.1,0.07118193891102259,0,0.05,0.14285714285714285,0.0,0.14285714285714285,0.3068225089719042,0.14531306621532183,0.16150944275658238,0.25704302532630857,0.12772046049300237,0.1293225648333062,0.0,0.0,0.0,0.19129292713388824,0.05581924508240297,0.13547368205148527,0.13321686288069332,0.03722847202554136,0.09598839085515196,0.0,0.0,0.0,0.19129292713388824,0.05581924508240297,0.13547368205148527,0.13321686288069332,0.03722847202554136,0.09598839085515196,0.0,0.0,0.0,0.19129292713388824,0.05581924508240297,0.13547368205148527,0.13321686288069332,0.03722847202554136,0.09598839085515196
14,7,34,17,7,1254971.0,1248876.0,0.004880388445290005,0.1,0.07118193891102259,0,0.1,0.14285714285714285,0.0,0.14285714285714285,0.4015727775003682,0.27845284206186466,0.12311993543850352,0.347156201055317,0.2797967972989716,0.06735940375634542,0.0,0.0,0.0,0.3018349070837629,0.1469768360294676,0.15485807105429533,0.23834890123120323,0.14713311249365965,0.09121578873754357,0.0,0.0,0.0,0.3018349070837629,0.1469768360294676,0.15485807105429533,0.23834890123120323,0.14713311249365965,0.09121578873754357,0.0,0.0,0.0,0.3018349070837629,0.1469768360294676,0.15485807105429533,0.23834890123120323,0.14713311249365965,0.09121578873754357
14,7,34,17,7,1254971.0,1248876.0,0.004880388445290005,0.1,0.07118193891102259,0,0.2,0.2857142857142857,0.14285714285714285,0.14285714285714285,0.5375286490234185,0.4905922815697252,0.046936367453693284,0.48923619717388167,0.4364429876620713,0.05279320951181038,0.16666666666666666,0.0,0.16666666666666666,0.4604500905273216,0.32016252753094854,0.14028756299637307,0.40410889670286193,0.25096101112926655,0.15314788557359538,0.16666666666666666,0.0,0.16666666666666666,0.4604500905273216,0.32016252753094854,0.14028756299637307,0.40410889670286193,0.25096101112926655,0.15314788557359538,0.16666666666666666,0.0,0.16666666666666666,0.4604500905273216,0.32016252753094854,0.14028756299637307,0.40410889670286193,0.25096101112926655,0.15314788557359538
14,7,34,17,7,1254971.0,1248876.0,0.004880388445290005,0.1,0.07118193891102259,0,0.4,0.2857142857142857,0.2857142857142857,0.0,0.6786307024129842,0.6200106326422116,0.05862006977077261,0.6110873884072682,0.570943451262581,0.040143937144687225,0.16666666666666666,0.0,0.16666666666666666,0.6250691528151483,0.4680148856990963,0.15705426711605203,0.5462686198084795,0.39932083176761335,0.14694778804086617,0.16666666666666666,0.0,0.16666666666666666,0.6250691528151483,0.4680148856990963,0.15705426711605203,0.5462686198084795,0.39932083176761335,0.14694778804086617,0.16666666666666666,0.0,0.16666666666666666,0.6250691528151483,0.4680148856990963,0.15705426711605203,0.5462686198084795,0.39932083176761335,0.14694778804086617
14,7,36,18,7,1254971.0,1244191.0,0.00866426457031115,0.06,0.03187250996015933,0,0.05,0.14285714285714285,0.14285714285714285,0.0,0.3068225089719042,0.24033816425120774,0.06648434472069648,0.25704302532630857,0.22052798593664075,0.036515039389667825,0.0,0.0,0.0,0.19129292713388824,0.09202898550724638,0.09926394162664186,0.13321686288069332,0.07265557195046093,0.06056129093023238,0.0,0.0,0.0,0.19129292713388824,0.11372785829307568,0.07756506884081256,0.13321686288069332,0.09061598359274751,0.0426008792879458,0.0,0.0,0.0,0.19129292713388824,0.11372785829307568,0.07756506884081256,0.13321686288069332,0.09061598359274751,0.0426008792879458
14,7,36,18,7,1254971.0,1244191.0,0.00866426457031115,0.06,0.03187250996015933,0,0.1,0.14285714285714285,0.14285714285714285,0.0,0.4015727775003682,0.3219461697722567,0.07962660772811148,0.347156201055317,0.2895204008467262,0.057635800208590826,0.0,0.0,0.0,0.3018349070837629,0.16183574879227053,0.1399991582914924,0.23834890123120323,0.1087389022195201,0.12960999901168313,0.0,0.0,0.0,0.3018349070837629,0.20893719806763286,0.09289770901613006,0.23834890123120323,0.1711071343211806,0.06724176691002262,0.0,0.0,0.0,0.3018349070837629,0.20893719806763286,0.09289770901613006,0.23834890123120323,0.1711071343211806,0.06724176691002262
14,7,36,18,7,1254971.0,1244191.0,0.00866426457031115,0.06,0.03187250996015933,0,0.2,0.2857142857142857,0.14285714285714285,0.14285714285714285,0.5375286490234185,0.42908902691511386,0.1084396221083046,0.48923619717388167,0.3755464001056278,0.11368979706825388,0.16666666666666666,0.0,0.16666666666666666,0.4604500905273216,0.2896135265700483,0.1708365639572733,0.40410889670286193,0.20519290294215833,0.1989159937607036,0.16666666666666666,0.0,0.16666666666666666,0.4604500905273216,0.33393719806763283,0.12651289245968877,0.40410889670286193,0.27147080012323244,0.1326380965796295,0.16666666666666666,0.0,0.16666666666666666,0.4604500905273216,0.33393719806763283,0.12651289245968877,0.40410889670286193,0.27147080012323244,0.1326380965796295
14,7,36,18,7,1254971.0,1244191.0,0.00866426457031115,0.06,0.03187250996015933,0,0.4,0.2857142857142857,0.14285714285714285,0.14285714285714285,0.6786307024129842,0.597333136153012,0.0812975662599722,0.6110873884072682,0.5621981992088065,0.048889189198461636,0.16666666666666666,0.0,0.16666666666666666,0.6250691528151483,0.4807108350586612,0.1443583177564871,0.5462686198084795,0.43724249539397925,0.10902612441450027,0.16666666666666666,0.0,0.16666666666666666,0.6250691528151483,0.530221992178514,0.09484716063663434,0.5462686198084795,0.4892312324102743,0.05703738739820524,0.16666666666666666,0.0,0.16666666666666666,0.6250691528151483,0.530221992178514,0.09484716063663434,0.5462686198084795,0.4892312324102743,0.05703738739820524
14,7,38,19,7,1254971.0,1244383.0,0.008508634399537763,0.06,0.0281540504648075,0,0.05,0.14285714285714285,0.0,0.14285714285714285,0.3068225089719042,0.1958519487123606,0.1109705602595436,0.25704302532630857,0.15229308170999137,0.1047499436163172,0.0,0.0,0.0,0.19129292713388824,0.09085939486397152,0.10043353226991672,0.13321686288069332,0.07170947966944699,0.061507383211246325,0.0,0.0,0.0,0.19129292713388824,0.1173828290533096,0.07391009808057863,0.13321686288069332,0.09392456639120582,0.0392922964894875,0.0,0.0,0.0,0.19129292713388824,0.1173828290533096,0.07391009808057863,0.13321686288069332,0.09392456639120582,0.0392922964894875
14,7,38,19,7,1254971.0,1244383.0,0.008508634399537763,0.06,0.0281540504648075,0,0.1,0.14285714285714285,0.0,0.14285714285714285,0.4015727775003682,0.31588936108386906,0.08568341641649913,0.347156201055317,0.24271973169343378,0.10443646936188325,0.0,0.0,0.0,0.3018349070837629,0.17557843885075006,0.12625646823301287,0.23834890123120323,0.13278341735912116,0.10556548387208206,0.0,0.0,0.0,0.3018349070837629,0.2296486990422917,0.07218620804147122,0.23834890123120323,0.18773618113260096,0.050612720098602265,0.0,0.0,0.0,0.3018349070837629,0.2296486990422917,0.07218620804147122,0.23834890123120323,0.18773618113260096,0.050612720098602265
14,7,38,19,7,1254971.0,1244383.0,0.008508634399537763,0.06,0.0281540504648075,0,0.2,0.2857142857142857,0.14285714285714285,0.14285714285714285,0.5375286490234185,0.4249119174748465,0.11261673154857194,0.48923619717388167,0.36676333583209153,0.12247286134179014,0.16666666666666666,0.0,0.16666666666666666,0.4604500905273216,0.2948766844647851,0.1655734060625365,0.40410889670286193,0.22096867016492813,0.1831402265379338,0.16666666666666666,0.0,0.16666666666666666,0.4604500905273216,0.32906390372065425,0.13138618680666736,0.40410889670286193,0.26122389180410677,0.14288500489875516,0.16666666666666666,0.0,0.16666666666666666,0.4604500905273216,0.32906390372065425,0.13138618680666736,0.40410889670286193,0.26122389180410677,0.14288500489875516
14,7,38,19,7,1254971.0,1244383.0,0.008508634399537763,0.06,0.0281540504648075,0,0.4,0.2857142857142857,0.14285714285714285,0.14285714285714285,0.6786307024129842,0.5994216908731457,0.0792090115398385,0.6110873884072682,0.5617980526409383,0.04928933576632988,0.16666666666666666,0.0,0.16666666666666666,0.6250691528151483,0.48919036722240383,0.13587878559274447,0.5462686198084795,0.42526727369731354,0.12100134611116597,0.16666666666666666,0.0,0.16666666666666666,0.6250691528151483,0.5326586393520032,0.0924105134631451,0.5462686198084795,0.48876439474776134,0.05750422506071817,0.16666666666666666,0.0,0.16666666666666666,0.6250691528151483,0.5326586393520032,0.0924105134631451,0.5462686198084795,0.48876439474776134,0.05750422506071817
15,7,17,8,8,1259973.0,1248724.0,0.009008395770402427,0.06,0.04010624169986729,0,0.05,0.125,0.125,0.0,0.2772084253661939,0.33435794278185577,0.05714951741566188,0.27364625284286065,0.3256277493350766,0.05198149649221595,0.0,0.0,0.0,0.06853348058591024,0.0835441370223979,0.015010656436487649,0.0643263964797123,0.047486341712736996,0.01684005476697531,0.0,0.0,0.0,0.06853348058591024,0.0835441370223979,0.015010656436487649,0.0643263964797123,0.047486341712736996,0.01684005476697531,0.0,0.0,0.0,0.06853348058591024,0.0835441370223979,0.015010656436487649,0.0643263964797123,0.047486341712736996,0.01684005476697531
15,7,17,8,8,1259973.0,1248724.0,0.009008395770402427,0.06,0.04010624169986729,0,0.1,0.25,0.375,0.125,0.468054304231574,0.5021574440052701,0.034103139773696056,0.45906802972838523,0.48653981379514566,0.02747178406676043,0.0,0.0,0.0,0.1738868867705185,0.20345191040843216,0.029565023637913662,0.17189202513550975,0.178463702072233,0.006571676936723253,0.0,0.0,0.0,0.1738868867705185,0.20345191040843216,0.029565023637913662,0.17189202513550975,0.178463702072233,0.006571676936723253,0.0,0.0,0.0,0.1738868867705185,0.20345191040843216,0.029565023637913662,0.17189202513550975,0.178463702072233,0.006571676936723253
15,7,17,8,8,1259973.0,1248724.0,0.009008395770402427,0.06,0.04010624169986729,0,0.2,0.375,0.375,0.0,0.5795708846779819,0.5865694993412385,0.006998614663256575,0.5671966871597768,0.5726924893167527,0.005495802156975871,0.0,0.0,0.0,0.32731341548477094,0.3385111989459816,0.011197783461210642,0.30751469945564275,0.31630798290680434,0.008793283451161593,0.0,0.0,0.0,0.32731341548477094,0.3385111989459816,0.011197783461210642,0.30751469945564275,0.31630798290680434,0.008793283451161593,0.0,0.0,0.0,0.32731341548477094,0.3385111989459816,0.011197783461210642,0.30751469945564275,0.31630798290680434,0.008793283451161593
15,7,17,8,8,1259973.0,1248724.0,0.009008395770402427,0.06,0.04010624169986729,0,0.4,0.375,0.375,0.0,0.6825458748412714,0.7349998733150908,0.052453998473819374,0.6617450946965574,0.7115496306575512,0.04980453596099377,0.0,0.0,0.0,0.49207339974603403,0.5759997973041451,0.08392639755811104,0.45879215151449165,0.5384794090520817,0.07968725753759004,0.0,0.0,0.0,0.49207339974603403,0.5759997973041451,0.08392639755811104,0.45879215151449165,0.5384794090520817,0.07968725753759004,0.0,0.0,0.0,0.49207339974603403,0.5759997973041451,0.08392639755811104,0.45879215151449165,0.5384794090520817,0.07968725753759004
15,7,19,9,8,1259973.0,1273033.0,0.01036530147868248,0.1,0.07941567065073042,0,0.05,0.125,0.125,0.0,0.2772084253661939,0.2969588744588745,0.01975044909268059,0.27364625284286065,0.28923059670126805,0.015584343858407401,0.0,0.0,0.0,0.06853348058591024,0.13227705627705627,0.06374357569114603,0.0643263964797123,0.10049962890670756,0.03617323242699526,0.0,0.14285714285714285,0.14285714285714285,0.06853348058591024,0.2781570810142239,0.20962360042831363,0.0643263964797123,0.26341420263126974,0.19908780615155744,0.0,0.14285714285714285,0.14285714285714285,0.06853348058591024,0.2781570810142239,0.20962360042831363,0.0643263964797123,0.26341420263126974,0.19908780615155744
15,7,19,9,8,1259973.0,1273033.0,0.01036530147868248,0.1,0.07941567065073042,0,0.1,0.25,0.25,0.0,0.468054304231574,0.4343939393939394,0.033660364837634627,0.45906802972838523,0.4416894583294871,0.017378571398898146,0.0,0.0,0.0,0.1738868867705185,0.18074458874458874,0.006857701974070235,0.17189202513550975,0.16681242294466575,0.005079602190843996,0.0,0.2857142857142857,0.2857142857142857,0.1738868867705185,0.414817563388992,0.2409306766184735,0.17189202513550975,0.40486601638904685,0.2329739912535371,0.0,0.2857142857142857,0.2857142857142857,0.1738868867705185,0.414817563388992,0.2409306766184735,0.17189202513550975,0.40486601638904685,0.2329739912535371
15,7,19,9,8,1259973.0,1273033.0,0.01036530147868248,0.1,0.07941567065073042,0,0.2,0.375,0.375,0.0,0.5795708846779819,0.6009199134199135,0.021349028741931564,0.5671966871597768,0.581061464335781,0.013864777176004206,0.0,0.0,0.0,0.32731341548477094,0.36147186147186144,0.0341584459870905,0.30751469945564275,0.3296983429372497,0.02218364348160695,0.0,0.2857142857142857,0.2857142857142857,0.32731341548477094,0.543908472479901,0.2165950569951301,0.30751469945564275,0.5212131020980354,0.21369840264239265,0.0,0.2857142857142857,0.2857142857142857,0.32731341548477094,0.543908472479901,0.2165950569951301,0.30751469945564275,0.5212131020980354,0.21369840264239265
15,7,19,9,8,1259973.0,1273033.0,0.01036530147868248,0.1,0.07941567065073042,0,0.4,0.375,0.5,0.125,0.6825458748412714,0.7797619047619048,0.09721602992063338,0.6617450946965574,0.743000143338576,0.0812550486420186,0.0,0.2,0.2,0.49207339974603403,0.6476190476190476,0.15554564787301361,0.45879215151449165,0.5888002293417217,0.13000807782723006,0.0,0.42857142857142855,0.42857142857142855,0.49207339974603403,0.7482993197278912,0.2562259199818572,0.45879215151449165,0.7062858781012297,0.24749372658673802,0.0,0.42857142857142855,0.42857142857142855,0.49207339974603403,0.7482993197278912,0.2562259199818572,0.45879215151449165,0.7062858781012297,0.24749372658673802
15,7,21,10,8,1259973.0,1274465.0,0.01150183376945379,0.08,0.05896414342629491,0,0.05,0.125,0.25,0.125,0.2772084253661939,0.3905924570785252,0.1133840317123313,0.27364625284286065,0.36847697577646626,0.09483072293360562,0.0,0.0,0.0,0.06853348058591024,0.14494793132564032,0.07641445073973008,0.0643263964797123,0.10862670639284769,0.04430030991313538,0.0,0.0,0.0,0.06853348058591024,0.14494793132564032,0.07641445073973008,0.0643263964797123,0.10862670639284769,0.04430030991313538,0.0,0.0,0.0,0.06853348058591024,0.14494793132564032,0.07641445073973008,0.0643263964797123,0.10862670639284769,0.04430030991313538
15,7,21,10,8,1259973.0,1274465.0,0.01150183376945379,0.08,0.05896414342629491,0,0.1,0.25,0.375,0.125,0.468054304231574,0.5235364480720518,0.05548214384047778,0.45906802972838523,0.4948960681868569,0.035828038458471656,0.0,0.0,0.0,0.1738868867705185,0.23765831691528283,0.06377143014476433,0.17189202513550975,0.191833709098971,0.019941683963461243,0.0,0.0,0.0,0.1738868867705185,0.23765831691528283,0.06377143014476433,0.17189202513550975,0.191833709098971,0.019941683963461243,0.0,0.0,0.0,0.1738868867705185,0.23765831691528283,0.06377143014476433,0.17189202513550975,0.191833709098971,0.019941683963461243
15,7,21,10,8,1259973.0,1274465.0,0.01150183376945379,0.08,0.05896414342629491,0,0.2,0.375,0.375,0.0,0.5795708846779819,0.5752951898462735,0.004275694831708421,0.5671966871597768,0.5534733800481877,0.01372330711158909,0.0,0.0,0.0,0.32731341548477094,0.3204723037540375,0.006841111730733429,0.30751469945564275,0.28555740807710017,0.021957291378542576,0.0,0.0,0.0,0.32731341548477094,0.3204723037540375,0.006841111730733429,0.30751469945564275,0.28555740807710017,0.021957291378542576,0.0,0.0,0.0,0.32731341548477094,0.3204723037540375,0.006841111730733429,0.30751469945564275,0.28555740807710017,0.021957291378542576
15,7,21,10,8,1259973.0,1274465.0,0.01150183376945379,0.08,0.05896414342629491,0,0.4,0.375,0.375,0.0,0.6825458748412714,0.7296407797568788,0.047094904915607416,0.6617450946965574,0.7046773764002755,0.0429322817037181,0.0,0.0,0.0,0.49207339974603403,0.5674252476110061,0.07535184786497207,0.45879215151449165,0.5274838022404407,0.06869165072594902,0.0,0.0,0.0,0.49207339974603403,0.5674252476110061,0.07535184786497207,0.45879215151449165,0.5274838022404407,0.06869165072594902,0.0,0.0,0.0,0.49207339974603403,0.5674252476110061,0.07535184786497207,0.45879215151449165,0.5274838022404407,0.06869165072594902
15,7,23,11,8,1259973.0,1271035.0,0.008779553212648207,0.06,0.05258964143426298,0,0.05,0.125,0.125,0.0,0.2772084253661939,0.3429934045423176,0.06578497917612369,0.27364625284286065,0.2996828476204132,0.026036594777552546,0.0,0.0,0.0,0.06853348058591024,0.12339262187088273,0.05485914128497249,0.0643263964797123,0.07712328492306665,0.012796888443354346,0.0,0.0,0.0,0.06853348058591024,0.19541977748499487,0.12688629689908462,0.0643263964797123,0.1482110099419716,0.08388461346225928,0.0,0.0,0.0,0.06853348058591024,0.19541977748499487,0.12688629689908462,0.0643263964797123,0.1482110099419716,0.08388461346225928
15,7,23,11,8,1259973.0,1271035.0,0.008779553212648207,0.06,0.05258964143426298,0,0.1,0.25,0.25,0.0,0.468054304231574,0.4755408314511575,0.007486527219583483,0.45906802972838523,0.4437907548076897,0.015277274920695527,0.0,0.0,0.0,0.1738868867705185,0.2180081874647092,0.04412130069419071,0.17189202513550975,0.16252422408574602,0.00936780104976373,0.0,0.16666666666666666,0.16666666666666666,0.1738868867705185,0.348340156220591,0.1744532694500725,0.17189202513550975,0.302103520071455,0.13021149493594528,0.0,0.16666666666666666,0.16666666666666666,0.1738868867705185,0.348340156220591,0.1744532694500725,0.17189202513550975,0.302103520071455,0.13021149493594528
15,7,23,11,8,1259973.0,1271035.0,0.008779553212648207,0.06,0.05258964143426298,0,0.2,0.375,0.375,0.0,0.5795708846779819,0.6139301595143986,0.03435927483641665,0.5671966871597768,0.5900094344624447,0.022812747302667913,0.0,0.0,0.0,0.32731341548477094,0.3822882552230378,0.054974839738266834,0.30751469945564275,0.34401509513991146,0.036500395684268716,0.0,0.16666666666666666,0.16666666666666666,0.32731341548477094,0.4852402126858648,0.15792679720109387,0.30751469945564275,0.4533459126165929,0.14583121316095016,0.0,0.16666666666666666,0.16666666666666666,0.32731341548477094,0.4852402126858648,0.15792679720109387,0.30751469945564275,0.4533459126165929,0.14583121316095016
15,7,23,11,8,1259973.0,1271035.0,0.008779553212648207,0.06,0.05258964143426298,0,0.4,0.375,0.5,0.125,0.6825458748412714,0.7640139751552795,0.08146810031400809,0.6617450946965574,0.7324174003530438,0.07067230565648641,0.0,0.2,0.2,0.49207339974603403,0.6224223602484471,0.13034896050241307,0.45879215151449165,0.5718678405648701,0.1130756890503784,0.0,0.3333333333333333,0.3333333333333333,0.49207339974603403,0.6853519668737059,0.19327856712767189,0.45879215151449165,0.6432232004707251,0.18443104895623347,0.0,0.3333333333333333,0.3333333333333333,0.49207339974603403,0.6853519668737059,0.19327856712767189,0.45879215151449165,0.6432232004707251,0.18443104895623347
15,7,25,12,8,1259973.0,1270292.0,0.008189858036640468,0.06,0.06560424966799475,0,0.05,0.125,0.125,0.0,0.2772084253661939,0.2824031267645398,0.005194701398345936,0.27364625284286065,0.250603671020914,0.02304258182194663,0.0,0.0,0.0,0.06853348058591024,0.11463274044795783,0.04609925986204759,0.0643263964797123,0.08277210780930609,0.018445711329593786,0.0,0.0,0.0,0.06853348058591024,0.11463274044795783,0.04609925986204759,0.0643263964797123,0.08277210780930609,0.018445711329593786,0.0,0.0,0.0,0.06853348058591024,0.11463274044795783,0.04609925986204759,0.0643263964797123,0.08277210780930609,0.018445711329593786
15,7,25,12,8,1259973.0,1270292.0,0.008189858036640468,0.06,0.06560424966799475,0,0.1,0.25,0.25,0.0,0.468054304231574,0.457906902879729,0.010147401351844998,0.45906802972838523,0.45094771172479353,0.008120318003591698,0.0,0.16666666666666666,0.16666666666666666,0.1738868867705185,0.3248282514586862,0.1509413646881677,0.17189202513550975,0.3116461292942604,0.13975410415875064,0.0,0.16666666666666666,0.16666666666666666,0.1738868867705185,0.3248282514586862,0.1509413646881677,0.17189202513550975,0.3116461292942604,0.13975410415875064,0.0,0.16666666666666666,0.16666666666666666,0.1738868867705185,0.3248282514586862,0.1509413646881677,0.17189202513550975,0.3116461292942604,0.13975410415875064
15,7,25,12,8,1259973.0,1270292.0,0.008189858036640468,0.06,0.06560424966799475,0,0.2,0.375,0.375,0.0,0.5795708846779819,0.6114748023715415,0.0319039176935596,0.5671966871597768,0.5825611901493726,0.015364502989595796,0.0,0.16666666666666666,0.16666666666666666,0.32731341548477094,0.48196640316205525,0.1546529876772843,0.30751469945564275,0.44341492019916345,0.1359002207435207,0.0,0.16666666666666666,0.16666666666666666,0.32731341548477094,0.48196640316205525,0.1546529876772843,0.30751469945564275,0.44341492019916345,0.1359002207435207,0.0,0.16666666666666666,0.16666666666666666,0.32731341548477094,0.48196640316205525,0.1546529876772843,0.30751469945564275,0.44341492019916345,0.1359002207435207
15,7,25,12,8,1259973.0,1270292.0,0.008189858036640468,0.06,0.06560424966799475,0,0.4,0.375,0.5,0.125,0.6825458748412714,0.7757330984233157,0.09318722358204434,0.6617450946965574,0.7480972901616527,0.08635219546509532,0.0,0.3333333333333333,0.3333333333333333,0.49207339974603403,0.700977464564421,0.20890406481838697,0.45879215151449165,0.664129720215537,0.2053375687010453,0.0,0.3333333333333333,0.3333333333333333,0.49207339974603403,0.700977464564421,0.20890406481838697,0.45879215151449165,0.664129720215537,0.2053375687010453,0.0,0.3333333333333333,0.3333333333333333,0.49207339974603403,0.700977464564421,0.20890406481838697,0.45879215151449165,0.664129720215537,0.2053375687010453
15,7,27,13,8,1259973.0,1270571.0,0.008411291353068676,0.08,0.06826029216467458,0,0.05,0.125,0.25,0.125,0.2772084253661939,0.3772233503211764,0.10001492495498249,0.27364625284286065,0.3367609885725343,0.06311473572967363,0.0,0.0,0.0,0.06853348058591024,0.16963113376156855,0.1010976531756583,0.0643263964797123,0.11568131809671232,0.05135492161700002,0.0,0.0,0.0,0.06853348058591024,0.16963113376156855,0.1010976531756583,0.0643263964797123,0.11568131809671232,0.05135492161700002,0.0,0.0,0.0,0.06853348058591024,0.16963113376156855,0.1010976531756583,0.0643263964797123,0.11568131809671232,0.05135492161700002
15,7,27,13,8,1259973.0,1270571.0,0.008411291353068676,0.08,0.06826029216467458,0,0.1,0.25,0.25,0.0,0.468054304231574,0.4749416042894304,0.0068873000578563714,0.45906802972838523,0.4387617940645224,0.020306235663862804,0.0,0.0,0.0,0.1738868867705185,0.2999221390525738,0.1260352522820553,0.17189202513550975,0.2516823920860299,0.07979036695052014,0.0,0.0,0.0,0.1738868867705185,0.2999221390525738,0.1260352522820553,0.17189202513550975,0.2516823920860299,0.07979036695052014,0.0,0.0,0.0,0.1738868867705185,0.2999221390525738,0.1260352522820553,0.17189202513550975,0.2516823920860299,0.07979036695052014
15,7,27,13,8,1259973.0,1270571.0,0.008411291353068676,0.08,0.06826029216467458,0,0.2,0.375,0.375,0.0,0.5795708846779819,0.5708296836014227,0.00874120107655918,0.5671966871597768,0.5370916019956608,0.03010508516411603,0.0,0.16666666666666666,0.16666666666666666,0.32731341548477094,0.4277729114685636,0.10045949598379267,0.30751469945564275,0.38278880266088083,0.07527410320523809,0.0,0.16666666666666666,0.16666666666666666,0.32731341548477094,0.4277729114685636,0.10045949598379267,0.30751469945564275,0.38278880266088083,0.07527410320523809,0.0,0.16666666666666666,0.16666666666666666,0.32731341548477094,0.4277729114685636,0.10045949598379267,0.30751469945564275,0.38278880266088083,0.07527410320523809
15,7,27,13,8,1259973.0,1270571.0,0.008411291353068676,0.08,0.06826029216467458,0,0.4,0.375,0.375,0.0,0.6825458748412714,0.7173183097096141,0.034772434868342694,0.6617450946965574,0.682732518996695,0.020987424300137558,0.0,0.16666666666666666,0.16666666666666666,0.49207339974603403,0.6230910796128187,0.1310176798667847,0.45879215151449165,0.5769766919955933,0.11818454048110166,0.0,0.16666666666666666,0.16666666666666666,0.49207339974603403,0.6230910796128187,0.1310176798667847,0.45879215151449165,0.5769766919955933,0.11818454048110166,0.0,0.16666666666666666,0.16666666666666666,0.49207339974603403,0.6230910796128187,0.1310176798667847,0.45879215151449165,0.5769766919955933,0.11818454048110166
15,7,29,14,8,1259973.0,1263846.0,0.003073875392567936,0.08,0.06215139442231076,0,0.05,0.125,0.25,0.125,0.2772084253661939,0.3857919254658385,0.10858350009964463,0.27364625284286065,0.35523987740303314,0.0815936245601725,0.0,0.0,0.0,0.06853348058591024,0.11726708074534162,0.04873360015943137,0.0643263964797123,0.0886596659138186,0.024333269434106297,0.0,0.0,0.0,0.06853348058591024,0.11726708074534162,0.04873360015943137,0.0643263964797123,0.0886596659138186,0.024333269434106297,0.0,0.0,0.0,0.06853348058591024,0.11726708074534162,0.04873360015943137,0.0643263964797123,0.0886596659138186,0.024333269434106297
15,7,29,14,8,1259973.0,1263846.0,0.003073875392567936,0.08,0.06215139442231076,0,0.1,0.25,0.375,0.125,0.468054304231574,0.5055124223602484,0.03745811812867439,0.45906802972838523,0.4917625715970936,0.03269454186870835,0.0,0.0,0.0,0.1738868867705185,0.2088198757763975,0.03493298900587899,0.17189202513550975,0.1868201145553498,0.014928089419840057,0.0,0.0,0.0,0.1738868867705185,0.2088198757763975,0.03493298900587899,0.17189202513550975,0.1868201145553498,0.014928089419840057,0.0,0.0,0.0,0.1738868867705185,0.2088198757763975,0.03493298900587899,0.17189202513550975,0.1868201145553498,0.014928089419840057
15,7,29,14,8,1259973.0,1263846.0,0.003073875392567936,0.08,0.06215139442231076,0,0.2,0.375,0.375,0.0,0.5795708846779819,0.6121376811594204,0.032566796481438454,0.5671966871597768,0.5880851740487746,0.020888486888997804,0.0,0.0,0.0,0.32731341548477094,0.37942028985507237,0.052106874370301426,0.30751469945564275,0.3409362784780394,0.033421579022396675,0.0,0.0,0.0,0.32731341548477094,0.37942028985507237,0.052106874370301426,0.30751469945564275,0.3409362784780394,0.033421579022396675,0.0,0.0,0.0,0.32731341548477094,0.37942028985507237,0.052106874370301426,0.30751469945564275,0.3409362784780394,0.033421579022396675
15,7,29,14,8,1259973.0,1263846.0,0.003073875392567936,0.08,0.06215139442231076,0,0.4,0.375,0.375,0.0,0.6825458748412714,0.7518115942028986,0.06926571936162718,0.6617450946965574,0.7286411367655309,0.06689604206897348,0.0,0.0,0.0,0.49207339974603403,0.6028985507246377,0.11082515097860368,0.45879215151449165,0.5658258188248493,0.10703366731035763,0.0,0.0,0.0,0.49207339974603403,0.6028985507246377,0.11082515097860368,0.45879215151449165,0.5658258188248493,0.10703366731035763,0.0,0.0,0.0,0.49207339974603403,0.6028985507246377,0.11082515097860368,0.45879215151449165,0.5658258188248493,0.10703366731035763
15,7,31,15,8,1259973.0,1266770.0,0.005394560042159634,0.08,0.08313413014608231,0,0.05,0.125,0.125,0.0,0.2772084253661939,0.33619828993470297,0.058989864568509076,0.27364625284286065,0.3100361554827992,0.036389902639938576,0.0,0.0,0.0,0.06853348058591024,0.10363154960981047,0.035098069023900225,0.0643263964797123,0.05965147942057801,0.004674917059134295,0.0,0.0,0.0,0.06853348058591024,0.10363154960981047,0.035098069023900225,0.0643263964797123,0.05965147942057801,0.004674917059134295,0.0,0.0,0.0,0.06853348058591024,0.10363154960981047,0.035098069023900225,0.0643263964797123,0.05965147942057801,0.004674917059134295
15,7,31,15,8,1259973.0,1266770.0,0.005394560042159634,0.08,0.08313413014608231,0,0.1,0.25,0.25,0.0,0.468054304231574,0.4895268454371715,0.021472541205597495,0.45906802972838523,0.48026978533377257,0.02120175560538734,0.0,0.0,0.0,0.1738868867705185,0.24038580984233157,0.06649892307181307,0.17189202513550975,0.22089067292747888,0.048998647791969135,0.0,0.0,0.0,0.1738868867705185,0.24038580984233157,0.06649892307181307,0.17189202513550975,0.22089067292747888,0.048998647791969135,0.0,0.0,0.0,0.1738868867705185,0.24038580984233157,0.06649892307181307,0.17189202513550975,0.22089067292747888,0.048998647791969135
15,7,31,15,8,1259973.0,1266770.0,0.005394560042159634,0.08,0.08313413014608231,0,0.2,0.375,0.375,0.0,0.5795708846779819,0.6100257306099697,0.030454845931987773,0.5671966871597768,0.5932797632389352,0.026083076079158385,0.0,0.0,0.0,0.32731341548477094,0.3760411689759516,0.048727753491180636,0.30751469945564275,0.34924762118229624,0.041732921726653494,0.0,0.0,0.0,0.32731341548477094,0.3760411689759516,0.048727753491180636,0.30751469945564275,0.34924762118229624,0.041732921726653494,0.0,0.0,0.0,0.32731341548477094,0.3760411689759516,0.048727753491180636,0.30751469945564275,0.34924762118229624,0.041732921726653494
15,7,31,15,8,1259973.0,1266770.0,0.005394560042159634,0.08,0.08313413014608231,0,0.4,0.375,0.5,0.125,0.6825458748412714,0.7823436753463927,0.09979780050512133,0.6617450946965574,0.7369928006182584,0.07524770592170105,0.0,0.2,0.2,0.49207339974603403,0.6517498805542283,0.1596764808081943,0.45879215151449165,0.5791884809892136,0.12039632947472195,0.0,0.2,0.2,0.49207339974603403,0.6517498805542283,0.1596764808081943,0.45879215151449165,0.5791884809892136,0.12039632947472195,0.0,0.2,0.2,0.49207339974603403,0.6517498805542283,0.1596764808081943,0.45879215151449165,0.5791884809892136,0.12039632947472195
15,7,33,16,8,1259973.0,1270167.0,0.008090649561538224,0.06,0.07516600265604258,0,0.05,0.125,0.125,0.0,0.2772084253661939,0.33937428061069363,0.062165855244499746,0.27364625284286065,0.29578977859750427,0.022143525754643623,0.0,0.0,0.0,0.06853348058591024,0.19059427890949632,0.12206079832358607,0.0643263964797123,0.1430202512447598,0.0786938547650475,0.0,0.0,0.0,0.06853348058591024,0.19059427890949632,0.12206079832358607,0.0643263964797123,0.1430202512447598,0.0786938547650475,0.0,0.0,0.0,0.06853348058591024,0.19059427890949632,0.12206079832358607,0.0643263964797123,0.1430202512447598,0.0786938547650475
15,7,33,16,8,1259973.0,1270167.0,0.008090649561538224,0.06,0.07516600265604258,0,0.1,0.25,0.25,0.0,0.468054304231574,0.47361775452808064,0.005563450296506622,0.45906802972838523,0.456041120201753,0.0030269095266322044,0.0,0.16666666666666666,0.16666666666666666,0.1738868867705185,0.34577605365648845,0.17188916688596995,0.17189202513550975,0.31843734059687295,0.1465453154613632,0.0,0.16666666666666666,0.16666666666666666,0.1738868867705185,0.34577605365648845,0.17188916688596995,0.17189202513550975,0.31843734059687295,0.1465453154613632,0.0,0.16666666666666666,0.16666666666666666,0.1738868867705185,0.34577605365648845,0.17188916688596995,0.17189202513550975,0.31843734059687295,0.1465453154613632
15,7,33,16,8,1259973.0,1270167.0,0.008090649561538224,0.06,0.07516600265604258,0,0.2,0.375,0.375,0.0,0.5795708846779819,0.606237851822091,0.0266669671441091,0.5671966871597768,0.5856574333042726,0.018460746144495777,0.0,0.16666666666666666,0.16666666666666666,0.32731341548477094,0.4749838024294546,0.14767038694468365,0.30751469945564275,0.44754324440569676,0.140028544950054,0.0,0.16666666666666666,0.16666666666666666,0.32731341548477094,0.4749838024294546,0.14767038694468365,0.30751469945564275,0.44754324440569676,0.140028544950054,0.0,0.16666666666666666,0.16666666666666666,0.32731341548477094,0.4749838024294546,0.14767038694468365,0.30751469945564275,0.44754324440569676,0.140028544950054
15,7,33,16,8,1259973.0,1270167.0,0.008090649561538224,0.06,0.07516600265604258,0,0.4,0.375,0.375,0.0,0.6825458748412714,0.7566166849454893,0.0740708101042179,0.6617450946965574,0.72682406348904,0.06507896879248265,0.0,0.16666666666666666,0.16666666666666666,0.49207339974603403,0.6754889132606524,0.18341551351461838,0.45879215151449165,0.6357654179853868,0.17697326647089512,0.0,0.16666666666666666,0.16666666666666666,0.49207339974603403,0.6754889132606524,0.18341551351461838,0.45879215151449165,0.6357654179853868,0.17697326647089512,0.0,0.16666666666666666,0.16666666666666666,0.49207339974603403,0.6754889132606524,0.18341551351461838,0.45879215151449165,0.6357654179853868,0.17697326647089512
15,7,35,17,8,1259973.0,1266542.0,0.00521360378357314,0.08,0.04727755644090309,0,0.05,0.125,0.0,0.125,0.2772084253661939,0.2545833333333334,0.022625092032860505,0.27364625284286065,0.27400509287599784,0.0003588400331371866,0.0,0.0,0.0,0.06853348058591024,0.074,0.005466519414089752,0.0643263964797123,0.05608374384236453,0.008242652637347775,0.0,0.0,0.0,0.06853348058591024,0.145,0.07646651941408975,0.0643263964797123,0.13764554411106134,0.07331914763134903,0.0,0.0,0.0,0.06853348058591024,0.145,0.07646651941408975,0.0643263964797123,0.13764554411106134,0.07331914763134903
15,7,35,17,8,1259973.0,1266542.0,0.00521360378357314,0.08,0.04727755644090309,0,0.1,0.25,0.25,0.0,0.468054304231574,0.4808134920634921,0.012759187831918095,0.45906802972838523,0.45866962255695815,0.00039840717142708426,0.0,0.0,0.0,0.1738868867705185,0.20263492063492064,0.02874803386440214,0.17189202513550975,0.1762956385153754,0.004403613379865667,0.0,0.0,0.0,0.1738868867705185,0.3077513227513227,0.13386443598080422,0.17189202513550975,0.27822616340927747,0.10633413827376773,0.0,0.0,0.0,0.1738868867705185,0.3077513227513227,0.13386443598080422,0.17189202513550975,0.27822616340927747,0.10633413827376773
15,7,35,17,8,1259973.0,1266542.0,0.00521360378357314,0.08,0.04727755644090309,0,0.2,0.375,0.375,0.0,0.5795708846779819,0.6028769841269841,0.023306099449002193,0.5671966871597768,0.5727264219457388,0.0055297347859619705,0.0,0.0,0.0,0.32731341548477094,0.3646031746031746,0.037289759118403654,0.30751469945564275,0.31636227511318193,0.008847575657539186,0.0,0.16666666666666666,0.16666666666666666,0.32731341548477094,0.4705026455026455,0.14318923001787454,0.30751469945564275,0.4303018959276516,0.12278719647200886,0.0,0.16666666666666666,0.16666666666666666,0.32731341548477094,0.4705026455026455,0.14318923001787454,0.30751469945564275,0.4303018959276516,0.12278719647200886
15,7,35,17,8,1259973.0,1266542.0,0.00521360378357314,0.08,0.04727755644090309,0,0.4,0.375,0.375,0.0,0.6825458748412714,0.7585241147741147,0.07597823993284336,0.6617450946965574,0.7185510942236335,0.0568059995270761,0.0,0.0,0.0,0.49207339974603403,0.6136385836385836,0.12156518389254956,0.45879215151449165,0.5496817507578136,0.0908895992433219,0.0,0.16666666666666666,0.16666666666666666,0.49207339974603403,0.678032153032153,0.185958753286119,0.45879215151449165,0.624734792298178,0.1659426407836863,0.0,0.16666666666666666,0.16666666666666666,0.49207339974603403,0.678032153032153,0.185958753286119,0.45879215151449165,0.624734792298178,0.1659426407836863
15,7,37,18,8,1259973.0,1260993.0,0.0008095411568343131,0.08,0.09986719787516601,0,0.05,0.125,0.125,0.0,0.2772084253661939,0.36733954451345757,0.09013111914726368,0.27364625284286065,0.3347609522488807,0.061114699406020045,0.0,0.0,0.0,0.06853348058591024,0.08488612836438922,0.016352647778478974,0.0643263964797123,0.07402887405388438,0.009702477574172072,0.0,0.0,0.0,0.06853348058591024,0.08488612836438922,0.016352647778478974,0.0643263964797123,0.07402887405388438,0.009702477574172072,0.0,0.0,0.0,0.06853348058591024,0.08488612836438922,0.016352647778478974,0.0643263964797123,0.07402887405388438,0.009702477574172072
15,7,37,18,8,1259973.0,1260993.0,0.0008095411568343131,0.08,0.09986719787516601,0,0.1,0.25,0.375,0.125,0.468054304231574,0.5237663906142167,0.05571208638264269,0.45906802972838523,0.5088889949632731,0.04982096523488788,0.0,0.0,0.0,0.1738868867705185,0.23802622498274673,0.06413933821222823,0.17189202513550975,0.214222391941237,0.04233036680572724,0.0,0.0,0.0,0.1738868867705185,0.23802622498274673,0.06413933821222823,0.17189202513550975,0.214222391941237,0.04233036680572724,0.0,0.0,0.0,0.1738868867705185,0.23802622498274673,0.06413933821222823,0.17189202513550975,0.214222391941237,0.04233036680572724
15,7,37,18,8,1259973.0,1260993.0,0.0008095411568343131,0.08,0.09986719787516601,0,0.2,0.375,0.375,0.0,0.5795708846779819,0.6244392684610076,0.04486838378302571,0.5671966871597768,0.6033066655151165,0.03610997835533969,0.0,0.0,0.0,0.32731341548477094,0.39910282953761217,0.07178941405284123,0.30751469945564275,0.3652906648241863,0.05777596536854357,0.0,0.0,0.0,0.32731341548477094,0.39910282953761217,0.07178941405284123,0.30751469945564275,0.3652906648241863,0.05777596536854357,0.0,0.0,0.0,0.32731341548477094,0.39910282953761217,0.07178941405284123,0.30751469945564275,0.3652906648241863,0.05777596536854357
15,7,37,18,8,1259973.0,1260993.0,0.0008095411568343131,0.08,0.09986719787516601,0,0.4,0.375,0.375,0.0,0.6825458748412714,0.7541772840685884,0.07163140922731703,0.6617450946965574,0.7397688295083228,0.07802373481176539,0.0,0.0,0.0,0.49207339974603403,0.6066836545097415,0.11461025476370745,0.45879215151449165,0.5836301272133164,0.12483797569882477,0.0,0.0,0.0,0.49207339974603403,0.6066836545097415,0.11461025476370745,0.45879215151449165,0.5836301272133164,0.12483797569882477,0.0,0.0,0.0,0.49207339974603403,0.6066836545097415,0.11461025476370745,0.45879215151449165,0.5836301272133164,0.12483797569882477
15,7,39,19,8,1259973.0,1244084.0,0.01277164564450632,0.06,0.04435590969455519,0,0.05,0.125,0.125,0.0,0.2772084253661939,0.3312219887955182,0.054013563429324285,0.27364625284286065,0.30819532772486313,0.034549074882002484,0.0,0.0,0.0,0.06853348058591024,0.10709803921568628,0.038564558629776036,0.0643263964797123,0.08214322015089484,0.017816823671182536,0.0,0.0,0.0,0.06853348058591024,0.10709803921568628,0.038564558629776036,0.0643263964797123,0.08214322015089484,0.017816823671182536,0.0,0.0,0.0,0.06853348058591024,0.10709803921568628,0.038564558629776036,0.0643263964797123,0.08214322015089484,0.017816823671182536
15,7,39,19,8,1259973.0,1244084.0,0.01277164564450632,0.06,0.04435590969455519,0,0.1,0.25,0.375,0.125,0.468054304231574,0.5159313725490196,0.04787706831744554,0.45906802972838523,0.5075784532608311,0.048510423532445834,0.0,0.0,0.0,0.1738868867705185,0.22549019607843138,0.051603309307912876,0.17189202513550975,0.2121255252173298,0.040233500081820056,0.0,0.0,0.0,0.1738868867705185,0.22549019607843138,0.051603309307912876,0.17189202513550975,0.2121255252173298,0.040233500081820056,0.0,0.0,0.0,0.1738868867705185,0.22549019607843138,0.051603309307912876,0.17189202513550975,0.2121255252173298,0.040233500081820056
15,7,39,19,8,1259973.0,1244084.0,0.01277164564450632,0.06,0.04435590969455519,0,0.2,0.375,0.375,0.0,0.5795708846779819,0.6034313725490196,0.023860487871037672,0.5671966871597768,0.5708604539807385,0.0036637668209617003,0.0,0.0,0.0,0.32731341548477094,0.36549019607843136,0.03817678059366042,0.30751469945564275,0.3133767263691815,0.005862026913538765,0.0,0.0,0.0,0.32731341548477094,0.36549019607843136,0.03817678059366042,0.30751469945564275,0.3133767263691815,0.005862026913538765,0.0,0.0,0.0,0.32731341548477094,0.36549019607843136,0.03817678059366042,0.30751469945564275,0.3133767263691815,0.005862026913538765
15,7,39,19,8,1259973.0,1244084.0,0.01277164564450632,0.06,0.04435590969455519,0,0.4,0.375,0.375,0.0,0.6825458748412714,0.7014196832579186,0.01887380841664721,0.6617450946965574,0.664669529600296,0.0029244349037386153,0.0,0.0,0.0,0.49207339974603403,0.5222714932126697,0.03019809346663571,0.45879215151449165,0.46347124736047374,0.004679095845982084,0.0,0.0,0.0,0.49207339974603403,0.5222714932126697,0.03019809346663571,0.45879215151449165,0.46347124736047374,0.004679095845982084,0.0,0.0,0.0,0.49207339974603403,0.5222714932126697,0.03019809346663571,0.45879215151449165,0.46347124736047374,0.004679095845982084
16,8,18,9,7,1239020.0,1247055.0,0.006484963923100515,0.1,0.07490039840637458,0,0.05,0.0,0.0,0.0,0.3041290429215164,0.1695238095238095,0.13460523339770689,0.26612951940625534,0.13247154038291487,0.13365797902334048,0.0,0.0,0.0,0.1543520886615516,0.07066666666666667,0.08368542199488492,0.1078725893046798,0.04048454292709241,0.06738804637758739,0.0,0.0,0.0,0.1543520886615516,0.07066666666666667,0.08368542199488492,0.1078725893046798,0.04048454292709241,0.06738804637758739,0.0,0.0,0.0,0.1543520886615516,0.07066666666666667,0.08368542199488492,0.1078725893046798,0.04048454292709241,0.06738804637758739
16,8,18,9,7,1239020.0,1247055.0,0.006484963923100515,0.1,0.07490039840637458,0,0.1,0.2857142857142857,0.0,0.2857142857142857,0.4507276823772987,0.23079365079365077,0.21993403158364794,0.40906622727337083,0.1894732566751293,0.21959297059824154,0.0,0.0,0.0,0.23101875532821822,0.1231111111111111,0.10790764421710712,0.17269271818271922,0.07994474641940644,0.09274797176331279,0.0,0.0,0.0,0.23101875532821822,0.1231111111111111,0.10790764421710712,0.17269271818271922,0.07994474641940644,0.09274797176331279,0.0,0.0,0.0,0.23101875532821822,0.1231111111111111,0.10790764421710712,0.17269271818271922,0.07994474641940644,0.09274797176331279
16,8,18,9,7,1239020.0,1247055.0,0.006484963923100515,0.1,0.07490039840637458,0,0.2,0.2857142857142857,0.14285714285714285,0.14285714285714285,0.5459094507368164,0.3696825396825397,0.17622691105427668,0.4975592189587562,0.3483044457082734,0.1492547732504828,0.0,0.0,0.0,0.3642732310315431,0.21755555555555556,0.14671767547598752,0.2965829065422586,0.18239746582164798,0.11418544072061063,0.0,0.0,0.0,0.3642732310315431,0.21755555555555556,0.14671767547598752,0.2965829065422586,0.18239746582164798,0.11418544072061063,0.0,0.0,0.0,0.3642732310315431,0.21755555555555556,0.14671767547598752,0.2965829065422586,0.18239746582164798,0.11418544072061063
16,8,18,9,7,1239020.0,1247055.0,0.006484963923100515,0.1,0.07490039840637458,0,0.4,0.2857142857142857,0.14285714285714285,0.14285714285714285,0.6631485202776763,0.566984126984127,0.09616439329354931,0.6112171867334701,0.5326727809092908,0.07854440582417932,0.0,0.0,0.0,0.5284079283887468,0.4271111111111111,0.10129681727763573,0.455704061426858,0.36959810242333396,0.08610595900352402,0.0,0.0,0.0,0.5284079283887468,0.4271111111111111,0.10129681727763573,0.455704061426858,0.36959810242333396,0.08610595900352402,0.0,0.0,0.0,0.5284079283887468,0.4271111111111111,0.10129681727763573,0.455704061426858,0.36959810242333396,0.08610595900352402
16,8,20,10,7,1239020.0,1249913.0,0.008791625639618408,0.08,0.04966799468791511,0,0.05,0.0,0.14285714285714285,0.14285714285714285,0.3041290429215164,0.33440499945797714,0.030275956536460757,0.26612951940625534,0.3010360875363176,0.034906568130062265,0.0,0.0,0.0,0.1543520886615516,0.1253098563840252,0.029042232277526392,0.1078725893046798,0.08811718921751129,0.019755400087168515,0.0,0.0,0.0,0.1543520886615516,0.1253098563840252,0.029042232277526392,0.1078725893046798,0.08811718921751129,0.019755400087168515,0.0,0.0,0.0,0.1543520886615516,0.1253098563840252,0.029042232277526392,0.1078725893046798,0.08811718921751129,0.019755400087168515
16,8,20,10,7,1239020.0,1249913.0,0.008791625639618408,0.08,0.04966799468791511,0,0.1,0.2857142857142857,0.2857142857142857,0.0,0.4507276823772987,0.42609960372108713,0.024628078656211583,0.40906622727337083,0.3928143541846994,0.01625187308867143,0.0,0.0,0.0,0.23101875532821822,0.19653944520952193,0.03447931011869629,0.17269271818271922,0.14994009585857912,0.022752622324140104,0.0,0.0,0.0,0.23101875532821822,0.19653944520952193,0.03447931011869629,0.17269271818271922,0.14994009585857912,0.022752622324140104,0.0,0.0,0.0,0.23101875532821822,0.19653944520952193,0.03447931011869629,0.17269271818271922,0.14994009585857912,0.022752622324140104
16,8,20,10,7,1239020.0,1249913.0,0.008791625639618408,0.08,0.04966799468791511,0,0.2,0.2857142857142857,0.2857142857142857,0.0,0.5459094507368164,0.5080703184283747,0.037839132308441714,0.4975592189587562,0.4474958245762248,0.050063394382531434,0.0,0.0,0.0,0.3642732310315431,0.31129844579972454,0.05297478523181853,0.2965829065422586,0.22649415440671467,0.07008875213554394,0.0,0.0,0.0,0.3642732310315431,0.31129844579972454,0.05297478523181853,0.2965829065422586,0.22649415440671467,0.07008875213554394,0.0,0.0,0.0,0.3642732310315431,0.31129844579972454,0.05297478523181853,0.2965829065422586,0.22649415440671467,0.07008875213554394
16,8,20,10,7,1239020.0,1249913.0,0.008791625639618408,0.08,0.04966799468791511,0,0.4,0.2857142857142857,0.2857142857142857,0.0,0.6631485202776763,0.6210082026121485,0.04214031766552784,0.6112171867334701,0.5772111809886449,0.03400600574482526,0.0,0.0,0.0,0.5284079283887468,0.4694114836570079,0.05899644473173893,0.455704061426858,0.40809565338410286,0.047608408042755124,0.0,0.0,0.0,0.5284079283887468,0.4694114836570079,0.05899644473173893,0.455704061426858,0.40809565338410286,0.047608408042755124,0.0,0.0,0.0,0.5284079283887468,0.4694114836570079,0.05899644473173893,0.455704061426858,0.40809565338410286,0.047608408042755124
16,8,22,11,7,1239020.0,1240913.0,0.00152782037416668,0.06,0.027357237715803475,0,0.05,0.0,0.0,0.0,0.3041290429215164,0.21421771607193602,0.08991132684958036,0.26612951940625534,0.1570493160788305,0.10908020332742485,0.0,0.0,0.0,0.1543520886615516,0.05823813583404376,0.09611395282750783,0.1078725893046798,0.023959829955086092,0.0839127593495937,0.0,0.0,0.0,0.1543520886615516,0.05823813583404376,0.09611395282750783,0.1078725893046798,0.023959829955086092,0.0839127593495937,0.0,0.0,0.0,0.1543520886615516,0.05823813583404376,0.09611395282750783,0.1078725893046798,0.023959829955086092,0.0839127593495937
16,8,22,11,7,1239020.0,1240913.0,0.00152782037416668,0.06,0.027357237715803475,0,0.1,0.2857142857142857,0.14285714285714285,0.14285714285714285,0.4507276823772987,0.3554895871392035,0.09523809523809523,0.40906622727337083,0.3148167550003292,0.09424947227304165,0.0,0.0,0.0,0.23101875532821822,0.17268542199488493,0.05833333333333329,0.17269271818271922,0.14059078524473562,0.03210193293798361,0.0,0.0,0.0,0.23101875532821822,0.17268542199488493,0.05833333333333329,0.17269271818271922,0.14059078524473562,0.03210193293798361,0.0,0.0,0.0,0.23101875532821822,0.17268542199488493,0.05833333333333329,0.17269271818271922,0.14059078524473562,0.03210193293798361
16,8,22,11,7,1239020.0,1240913.0,0.00152782037416668,0.06,0.027357237715803475,0,0.2,0.2857142857142857,0.2857142857142857,0.0,0.5459094507368164,0.4950554134697357,0.05085403726708071,0.4975592189587562,0.4721655009233193,0.025393718035436885,0.0,0.0,0.0,0.3642732310315431,0.29307757885763,0.0711956521739131,0.2965829065422586,0.261031701292647,0.035551205249611584,0.0,0.0,0.0,0.3642732310315431,0.29307757885763,0.0711956521739131,0.2965829065422586,0.261031701292647,0.035551205249611584,0.0,0.0,0.0,0.3642732310315431,0.29307757885763,0.0711956521739131,0.2965829065422586,0.261031701292647,0.035551205249611584
16,8,22,11,7,1239020.0,1240913.0,0.00152782037416668,0.06,0.027357237715803475,0,0.4,0.2857142857142857,0.2857142857142857,0.0,0.6631485202776763,0.6232327490639511,0.03991577121372525,0.6112171867334701,0.5675919502035075,0.04362523652996264,0.0,0.0,0.0,0.5284079283887468,0.4725258486895316,0.055882079699215215,0.455704061426858,0.3946287302849104,0.061075331141947575,0.0,0.0,0.0,0.5284079283887468,0.4725258486895316,0.055882079699215215,0.455704061426858,0.3946287302849104,0.061075331141947575,0.0,0.0,0.0,0.5284079283887468,0.4725258486895316,0.055882079699215215,0.455704061426858,0.3946287302849104,0.061075331141947575
16,8,24,12,7,1239020.0,1261586.0,0.0182127810689093,0.08,0.0749003984063746,0,0.05,0.0,0.0,0.0,0.3041290429215164,0.24473308011228903,0.05939596280922735,0.26612951940625534,0.17021920508419347,0.09591031432206187,0.0,0.0,0.0,0.1543520886615516,0.1369120264429189,0.0174400622186327,0.1078725893046798,0.06175214589570027,0.04612044340897953,0.0,0.0,0.0,0.1543520886615516,0.2140933553690991,0.05974126670754751,0.1078725893046798,0.12749902520486073,0.019626435900180927,0.0,0.0,0.0,0.1543520886615516,0.2140933553690991,0.05974126670754751,0.1078725893046798,0.12749902520486073,0.019626435900180927
16,8,24,12,7,1239020.0,1261586.0,0.0182127810689093,0.08,0.0749003984063746,0,0.1,0.2857142857142857,0.0,0.2857142857142857,0.4507276823772987,0.2943265254232891,0.15640115695400963,0.40906622727337083,0.2175496056390654,0.19151662163430544,0.0,0.0,0.0,0.23101875532821822,0.17777142130689044,0.05324733402132778,0.17269271818271922,0.1049499357404515,0.06774278244226772,0.0,0.0,0.0,0.23101875532821822,0.24814285108907538,0.01712409576085716,0.17269271818271922,0.1634971834088201,0.009195534773899117,0.0,0.0,0.0,0.23101875532821822,0.24814285108907538,0.01712409576085716,0.17269271818271922,0.1634971834088201,0.009195534773899117
16,8,24,12,7,1239020.0,1261586.0,0.0182127810689093,0.08,0.0749003984063746,0,0.2,0.2857142857142857,0.14285714285714285,0.14285714285714285,0.5459094507368164,0.44602123839619756,0.09988821234061884,0.4975592189587562,0.3807026506516532,0.116856568307103,0.0,0.0,0.0,0.3642732310315431,0.2815725908975336,0.08270064013400946,0.2965829065422586,0.20818118326618476,0.08840172327607385,0.0,0.16666666666666666,0.16666666666666666,0.3642732310315431,0.4013104924146114,0.03703726138306834,0.2965829065422586,0.340150986055154,0.043568079512895375,0.0,0.16666666666666666,0.16666666666666666,0.3642732310315431,0.4013104924146114,0.03703726138306834,0.2965829065422586,0.340150986055154,0.043568079512895375
16,8,24,12,7,1239020.0,1261586.0,0.0182127810689093,0.08,0.0749003984063746,0,0.4,0.2857142857142857,0.2857142857142857,0.0,0.6631485202776763,0.6322940503432495,0.030854469934426865,0.6112171867334701,0.5736923221914199,0.037524864542050285,0.0,0.0,0.0,0.5284079283887468,0.4852116704805492,0.043196257908197644,0.455704061426858,0.40316925106798784,0.05253481035887014,0.0,0.16666666666666666,0.16666666666666666,0.5284079283887468,0.5710097254004577,0.04260179701171085,0.455704061426858,0.5026410425566565,0.04693698112979855,0.0,0.16666666666666666,0.16666666666666666,0.5284079283887468,0.5710097254004577,0.04260179701171085,0.455704061426858,0.5026410425566565,0.04693698112979855
16,8,26,13,7,1239020.0,1251866.0,0.010367871382221432,0.08,0.054980079681274906,0,0.05,0.0,0.0,0.0,0.3041290429215164,0.1910504781622794,0.11307856475923697,0.26612951940625534,0.14453492693156825,0.1215945924746871,0.0,0.0,0.0,0.1543520886615516,0.10747066942719115,0.04688141923436044,0.1078725893046798,0.05332786669654591,0.05454472260813389,0.0,0.0,0.0,0.1543520886615516,0.18955889118932598,0.03520680252777439,0.1078725893046798,0.12909948219407116,0.021226892889391363,0.0,0.0,0.0,0.1543520886615516,0.18955889118932598,0.03520680252777439,0.1078725893046798,0.12909948219407116,0.021226892889391363
16,8,26,13,7,1239020.0,1251866.0,0.010367871382221432,0.08,0.054980079681274906,0,0.1,0.2857142857142857,0.0,0.2857142857142857,0.4507276823772987,0.2968268237882491,0.15390085858904962,0.40906622727337083,0.23778113844146698,0.17128508883190385,0.0,0.0,0.0,0.23101875532821822,0.17555755330354872,0.055461202024669504,0.17269271818271922,0.12019097077060317,0.05250174741211605,0.0,0.0,0.0,0.23101875532821822,0.24629796108629062,0.0152792057580724,0.17269271818271922,0.18481873558911888,0.012126017406399653,0.0,0.0,0.0,0.23101875532821822,0.24629796108629062,0.0152792057580724,0.17269271818271922,0.18481873558911888,0.012126017406399653
16,8,26,13,7,1239020.0,1251866.0,0.010367871382221432,0.08,0.054980079681274906,0,0.2,0.2857142857142857,0.14285714285714285,0.14285714285714285,0.5459094507368164,0.42276589506893536,0.12314355566788104,0.4975592189587562,0.3866463274961372,0.11091289146261901,0.0,0.0,0.0,0.3642732310315431,0.23187225309650938,0.1324009779350337,0.2965829065422586,0.1860809778975771,0.1105019286446815,0.0,0.16666666666666666,0.16666666666666666,0.3642732310315431,0.3598935442470912,0.004379686784451886,0.2965829065422586,0.3217341482479809,0.025151241705722305,0.0,0.16666666666666666,0.16666666666666666,0.3642732310315431,0.3598935442470912,0.004379686784451886,0.2965829065422586,0.3217341482479809,0.025151241705722305
16,8,26,13,7,1239020.0,1251866.0,0.010367871382221432,0.08,0.054980079681274906,0,0.4,0.2857142857142857,0.2857142857142857,0.0,0.6631485202776763,0.6125549380698122,0.05059358220786414,0.6112171867334701,0.5683847348384609,0.04283245189500928,0.0,0.0,0.0,0.5284079283887468,0.4575769132977371,0.07083101509100975,0.455704061426858,0.39573862877384497,0.05996543265301302,0.0,0.16666666666666666,0.16666666666666666,0.5284079283887468,0.5479807610814477,0.019572832692700826,0.455704061426858,0.4964488573115375,0.0407447958846795,0.0,0.16666666666666666,0.16666666666666666,0.5284079283887468,0.5479807610814477,0.019572832692700826,0.455704061426858,0.4964488573115375,0.0407447958846795
16,8,28,14,7,1239020.0,1244175.0,0.004160546238155962,0.16,0.10491367861885781,0,0.05,0.0,0.0,0.0,0.3041290429215164,0.26122448979591834,0.042904553125598044,0.26612951940625534,0.2100630221129912,0.056066497293264156,0.0,0.0,0.0,0.1543520886615516,0.1658730158730159,0.011520927211464305,0.1078725893046798,0.12125605223143356,0.013383462926753756,0.0,0.0,0.0,0.1543520886615516,0.1658730158730159,0.011520927211464305,0.1078725893046798,0.12125605223143356,0.013383462926753756,0.0,0.0,0.0,0.1543520886615516,0.1658730158730159,0.011520927211464305,0.1078725893046798,0.12125605223143356,0.013383462926753756
16,8,28,14,7,1239020.0,1244175.0,0.004160546238155962,0.16,0.10491367861885781,0,0.1,0.2857142857142857,0.14285714285714285,0.14285714285714285,0.4507276823772987,0.42176870748299317,0.028958974894305545,0.40906622727337083,0.3817466584346825,0.027319568838688357,0.0,0.0,0.0,0.23101875532821822,0.3253968253968254,0.09437807006860718,0.17269271818271922,0.278704434840463,0.10601171665774375,0.0,0.0,0.0,0.23101875532821822,0.3253968253968254,0.09437807006860718,0.17269271818271922,0.278704434840463,0.10601171665774375,0.0,0.0,0.0,0.23101875532821822,0.3253968253968254,0.09437807006860718,0.17269271818271922,0.278704434840463,0.10601171665774375
16,8,28,14,7,1239020.0,1244175.0,0.004160546238155962,0.16,0.10491367861885781,0,0.2,0.2857142857142857,0.14285714285714285,0.14285714285714285,0.5459094507368164,0.5608843537414966,0.014974903004680185,0.4975592189587562,0.512041625463797,0.014482406505040735,0.0,0.0,0.0,0.3642732310315431,0.48769841269841274,0.12342518166686967,0.2965829065422586,0.43071522970776316,0.13413232316550455,0.0,0.0,0.0,0.3642732310315431,0.48769841269841274,0.12342518166686967,0.2965829065422586,0.43071522970776316,0.13413232316550455,0.0,0.0,0.0,0.3642732310315431,0.48769841269841274,0.12342518166686967,0.2965829065422586,0.43071522970776316,0.13413232316550455
16,8,28,14,7,1239020.0,1244175.0,0.004160546238155962,0.16,0.10491367861885781,0,0.4,0.2857142857142857,0.2857142857142857,0.0,0.6631485202776763,0.7291208791208791,0.06597235884320274,0.6112171867334701,0.6692697687766197,0.05805258204314956,0.0,0.16666666666666666,0.16666666666666666,0.5284079283887468,0.6839743589743589,0.15556643058561204,0.455704061426858,0.6141480635727229,0.1584440021458649,0.0,0.16666666666666666,0.16666666666666666,0.5284079283887468,0.6839743589743589,0.15556643058561204,0.455704061426858,0.6141480635727229,0.1584440021458649,0.0,0.16666666666666666,0.16666666666666666,0.5284079283887468,0.6839743589743589,0.15556643058561204,0.455704061426858,0.6141480635727229,0.1584440021458649
16,8,30,15,7,1239020.0,1249358.0,0.008343690981582217,0.06,0.12934926958831347,0,0.05,0.0,0.0,0.0,0.3041290429215164,0.2510170734960651,0.053111969425451266,0.26612951940625534,0.2286107924347721,0.03751872697148326,0.0,0.0,0.0,0.1543520886615516,0.18634453781512605,0.031992449153574465,0.1078725893046798,0.1468992381566004,0.03902664885192059,0.0,0.0,0.0,0.1543520886615516,0.2510170734960651,0.09666498483451352,0.1078725893046798,0.2286107924347721,0.12073820313009229,0.0,0.0,0.0,0.1543520886615516,0.2510170734960651,0.09666498483451352,0.1078725893046798,0.2286107924347721,0.12073820313009229
16,8,30,15,7,1239020.0,1249358.0,0.008343690981582217,0.06,0.12934926958831347,0,0.1,0.2857142857142857,0.14285714285714285,0.14285714285714285,0.4507276823772987,0.41696751164233803,0.03376017073496068,0.40906622727337083,0.37429022335789913,0.0347760039154717,0.0,0.0,0.0,0.23101875532821822,0.2726434051881622,0.04162464985994399,0.17269271818271922,0.21632996415334102,0.043637245970621796,0.0,0.14285714285714285,0.14285714285714285,0.23101875532821822,0.41696751164233803,0.1859487563141198,0.17269271818271922,0.37429022335789913,0.2015975051751799,0.0,0.14285714285714285,0.14285714285714285,0.23101875532821822,0.41696751164233803,0.1859487563141198,0.17269271818271922,0.37429022335789913,0.2015975051751799
16,8,30,15,7,1239020.0,1249358.0,0.008343690981582217,0.06,0.12934926958831347,0,0.2,0.2857142857142857,0.14285714285714285,0.14285714285714285,0.5459094507368164,0.5603933602426477,0.014483909505831338,0.4975592189587562,0.5259105677046857,0.028351348745929483,0.0,0.0,0.0,0.3642732310315431,0.4067729265619291,0.04249969553038602,0.2965829065422586,0.36739512673676733,0.07081222019450872,0.0,0.14285714285714285,0.14285714285714285,0.3642732310315431,0.5603933602426477,0.19612012921110467,0.2965829065422586,0.5259105677046857,0.2293276611624271,0.0,0.14285714285714285,0.14285714285714285,0.3642732310315431,0.5603933602426477,0.19612012921110467,0.2965829065422586,0.5259105677046857,0.2293276611624271
16,8,30,15,7,1239020.0,1249358.0,0.008343690981582217,0.06,0.12934926958831347,0,0.4,0.2857142857142857,0.42857142857142855,0.14285714285714285,0.6631485202776763,0.6793086799937367,0.01616015971606033,0.6112171867334701,0.6537509342583513,0.04253374752488115,0.0,0.2,0.2,0.5284079283887468,0.5510321519912313,0.022624223602484506,0.455704061426858,0.5152513079616918,0.05954724653483384,0.0,0.42857142857142855,0.42857142857142855,0.5284079283887468,0.6793086799937367,0.15090075160498984,0.455704061426858,0.6537509342583513,0.1980468728314933,0.0,0.42857142857142855,0.42857142857142855,0.5284079283887468,0.6793086799937367,0.15090075160498984,0.455704061426858,0.6537509342583513,0.1980468728314933
16,8,32,16,7,1239020.0,1244383.0,0.004328420848735291,0.1,0.07755644090305454,0,0.05,0.0,0.0,0.0,0.3041290429215164,0.15598442275460908,0.1481446201669073,0.26612951940625534,0.10298641414709411,0.16314310525916123,0.0,0.0,0.0,0.1543520886615516,0.08980676328502415,0.06454532537652743,0.1078725893046798,0.07043405562740361,0.03743853367727619,0.0,0.0,0.0,0.1543520886615516,0.08980676328502415,0.06454532537652743,0.1078725893046798,0.07043405562740361,0.03743853367727619,0.0,0.0,0.0,0.1543520886615516,0.08980676328502415,0.06454532537652743,0.1078725893046798,0.07043405562740361,0.03743853367727619
16,8,32,16,7,1239020.0,1244383.0,0.004328420848735291,0.1,0.07755644090305454,0,0.1,0.2857142857142857,0.0,0.2857142857142857,0.4507276823772987,0.26809129448881003,0.18263638788848868,0.40906622727337083,0.19360626694676794,0.2154599603266029,0.0,0.0,0.0,0.23101875532821822,0.15628019323671496,0.07473856209150326,0.17269271818271922,0.10640891846380943,0.0662837997189098,0.0,0.0,0.0,0.23101875532821822,0.15628019323671496,0.07473856209150326,0.17269271818271922,0.10640891846380943,0.0662837997189098,0.0,0.0,0.0,0.23101875532821822,0.15628019323671496,0.07473856209150326,0.17269271818271922,0.10640891846380943,0.0662837997189098
16,8,32,16,7,1239020.0,1244383.0,0.004328420848735291,0.1,0.07755644090305454,0,0.2,0.2857142857142857,0.14285714285714285,0.14285714285714285,0.5459094507368164,0.3601547865523021,0.1857546641845143,0.4975592189587562,0.31215424873584746,0.18540497022290875,0.0,0.0,0.0,0.3642732310315431,0.21850241545893717,0.1457708155726059,0.2965829065422586,0.15170789135814855,0.14487501518411006,0.0,0.0,0.0,0.3642732310315431,0.21850241545893717,0.1457708155726059,0.2965829065422586,0.15170789135814855,0.14487501518411006,0.0,0.0,0.0,0.3642732310315431,0.21850241545893717,0.1457708155726059,0.2965829065422586,0.15170789135814855,0.14487501518411006
16,8,32,16,7,1239020.0,1244383.0,0.004328420848735291,0.1,0.07755644090305454,0,0.4,0.2857142857142857,0.14285714285714285,0.14285714285714285,0.6631485202776763,0.5086315685694568,0.15451695170821955,0.6112171867334701,0.49182462696238755,0.1193925597710826,0.0,0.0,0.0,0.5284079283887468,0.36922705314009663,0.1591808752486502,0.455704061426858,0.33752762150721616,0.11817643991964183,0.0,0.0,0.0,0.5284079283887468,0.36922705314009663,0.1591808752486502,0.455704061426858,0.33752762150721616,0.11817643991964183,0.0,0.0,0.0,0.5284079283887468,0.36922705314009663,0.1591808752486502,0.455704061426858,0.33752762150721616,0.11817643991964183
16,8,34,17,7,1239020.0,1248876.0,0.007954673855143582,0.12,0.11739707835325362,0,0.05,0.0,0.0,0.0,0.3041290429215164,0.14531306621532183,0.15881597670619454,0.26612951940625534,0.12772046049300237,0.13840905891325297,0.0,0.0,0.0,0.1543520886615516,0.05581924508240297,0.09853284357914863,0.1078725893046798,0.03722847202554136,0.07064411727913844,0.0,0.0,0.0,0.1543520886615516,0.05581924508240297,0.09853284357914863,0.1078725893046798,0.03722847202554136,0.07064411727913844,0.0,0.0,0.0,0.1543520886615516,0.05581924508240297,0.09853284357914863,0.1078725893046798,0.03722847202554136,0.07064411727913844
16,8,34,17,7,1239020.0,1248876.0,0.007954673855143582,0.12,0.11739707835325362,0,0.1,0.2857142857142857,0.0,0.2857142857142857,0.4507276823772987,0.27845284206186466,0.17227484031543405,0.40906622727337083,0.2797967972989716,0.12926942997439922,0.0,0.0,0.0,0.23101875532821822,0.1469768360294676,0.08404191929875063,0.17269271818271922,0.14713311249365965,0.025559605689059572,0.0,0.0,0.0,0.23101875532821822,0.1469768360294676,0.08404191929875063,0.17269271818271922,0.14713311249365965,0.025559605689059572,0.0,0.0,0.0,0.23101875532821822,0.1469768360294676,0.08404191929875063,0.17269271818271922,0.14713311249365965,0.025559605689059572
16,8,34,17,7,1239020.0,1248876.0,0.007954673855143582,0.12,0.11739707835325362,0,0.2,0.2857142857142857,0.14285714285714285,0.14285714285714285,0.5459094507368164,0.4905922815697252,0.05531716916709123,0.4975592189587562,0.4364429876620713,0.06111623129668492,0.0,0.0,0.0,0.3642732310315431,0.32016252753094854,0.04411070350059454,0.2965829065422586,0.25096101112926655,0.04562189541299205,0.0,0.0,0.0,0.3642732310315431,0.32016252753094854,0.04411070350059454,0.2965829065422586,0.25096101112926655,0.04562189541299205,0.0,0.0,0.0,0.3642732310315431,0.32016252753094854,0.04411070350059454,0.2965829065422586,0.25096101112926655,0.04562189541299205
16,8,34,17,7,1239020.0,1248876.0,0.007954673855143582,0.12,0.11739707835325362,0,0.4,0.2857142857142857,0.2857142857142857,0.0,0.6631485202776763,0.6200106326422116,0.04313788763546478,0.6112171867334701,0.570943451262581,0.040273735470889194,0.0,0.0,0.0,0.5284079283887468,0.4680148856990963,0.06039304268965057,0.455704061426858,0.39932083176761335,0.05638322965924464,0.0,0.0,0.0,0.5284079283887468,0.4680148856990963,0.06039304268965057,0.455704061426858,0.39932083176761335,0.05638322965924464,0.0,0.0,0.0,0.5284079283887468,0.4680148856990963,0.06039304268965057,0.455704061426858,0.39932083176761335,0.05638322965924464
16,8,36,18,7,1239020.0,1244191.0,0.004173459669738987,0.1,0.07755644090305451,0,0.05,0.0,0.14285714285714285,0.14285714285714285,0.3041290429215164,0.24033816425120774,0.06379087867030864,0.26612951940625534,0.22052798593664075,0.0456015334696146,0.0,0.0,0.0,0.1543520886615516,0.09202898550724638,0.06232310315430521,0.1078725893046798,0.07265557195046093,0.035217017354218866,0.0,0.0,0.0,0.1543520886615516,0.11372785829307568,0.040624230368475914,0.1078725893046798,0.09061598359274751,0.017256605711932285,0.0,0.0,0.0,0.1543520886615516,0.11372785829307568,0.040624230368475914,0.1078725893046798,0.09061598359274751,0.017256605711932285
16,8,36,18,7,1239020.0,1244191.0,0.004173459669738987,0.1,0.07755644090305451,0,0.1,0.2857142857142857,0.14285714285714285,0.14285714285714285,0.4507276823772987,0.3219461697722567,0.128781512605042,0.40906622727337083,0.2895204008467262,0.11954582642664463,0.0,0.0,0.0,0.23101875532821822,0.16183574879227053,0.0691830065359477,0.17269271818271922,0.1087389022195201,0.06395381596319913,0.0,0.0,0.0,0.23101875532821822,0.20893719806763286,0.02208155726058536,0.17269271818271922,0.1711071343211806,0.0015855838615386197,0.0,0.0,0.0,0.23101875532821822,0.20893719806763286,0.02208155726058536,0.17269271818271922,0.1711071343211806,0.0015855838615386197
16,8,36,18,7,1239020.0,1244191.0,0.004173459669738987,0.1,0.07755644090305451,0,0.2,0.2857142857142857,0.14285714285714285,0.14285714285714285,0.5459094507368164,0.42908902691511386,0.11682042382170255,0.4975592189587562,0.3755464001056278,0.12201281885312842,0.0,0.0,0.0,0.3642732310315431,0.2896135265700483,0.07465970446149478,0.2965829065422586,0.20519290294215833,0.09139000360010027,0.0,0.0,0.0,0.3642732310315431,0.33393719806763283,0.030336032963910242,0.2965829065422586,0.27147080012323244,0.02511210641902617,0.0,0.0,0.0,0.3642732310315431,0.33393719806763283,0.030336032963910242,0.2965829065422586,0.27147080012323244,0.02511210641902617
16,8,36,18,7,1239020.0,1244191.0,0.004173459669738987,0.1,0.07755644090305451,0,0.4,0.2857142857142857,0.14285714285714285,0.14285714285714285,0.6631485202776763,0.597333136153012,0.06581538412466437,0.6112171867334701,0.5621981992088065,0.049018987524663604,0.0,0.0,0.0,0.5284079283887468,0.4807108350586612,0.04769709333008565,0.455704061426858,0.43724249539397925,0.01846156603287874,0.0,0.0,0.0,0.5284079283887468,0.530221992178514,0.0018140637897671175,0.455704061426858,0.4892312324102743,0.03352717098341629,0.0,0.0,0.0,0.5284079283887468,0.530221992178514,0.0018140637897671175,0.455704061426858,0.4892312324102743,0.03352717098341629
16,8,38,19,7,1239020.0,1244383.0,0.004328420848735291,0.1,0.07755644090305458,0,0.05,0.0,0.0,0.0,0.3041290429215164,0.1958519487123606,0.10827709420915577,0.26612951940625534,0.15229308170999137,0.11383643769626398,0.0,0.0,0.0,0.1543520886615516,0.09085939486397152,0.06349269379758007,0.1078725893046798,0.07170947966944699,0.03616310963523281,0.0,0.0,0.0,0.1543520886615516,0.1173828290533096,0.03696925960824199,0.1078725893046798,0.09392456639120582,0.013948022913473981,0.0,0.0,0.0,0.1543520886615516,0.1173828290533096,0.03696925960824199,0.1078725893046798,0.09392456639120582,0.013948022913473981
16,8,38,19,7,1239020.0,1244383.0,0.004328420848735291,0.1,0.07755644090305458,0,0.1,0.2857142857142857,0.0,0.2857142857142857,0.4507276823772987,0.31588936108386906,0.13483832129342965,0.40906622727337083,0.24271973169343378,0.16634649557993705,0.0,0.0,0.0,0.23101875532821822,0.17557843885075006,0.055440316477468166,0.17269271818271922,0.13278341735912116,0.03990930082359806,0.0,0.0,0.0,0.23101875532821822,0.2296486990422917,0.001370056285926513,0.17269271818271922,0.18773618113260096,0.015043462949881736,0.0,0.0,0.0,0.23101875532821822,0.2296486990422917,0.001370056285926513,0.17269271818271922,0.18773618113260096,0.015043462949881736
16,8,38,19,7,1239020.0,1244383.0,0.004328420848735291,0.1,0.07755644090305458,0,0.2,0.2857142857142857,0.14285714285714285,0.14285714285714285,0.5459094507368164,0.4249119174748465,0.12099753326196988,0.4975592189587562,0.36676333583209153,0.13079588312666468,0.0,0.0,0.0,0.3642732310315431,0.2948766844647851,0.06939654656675798,0.2965829065422586,0.22096867016492813,0.07561423637733047,0.0,0.0,0.0,0.3642732310315431,0.32906390372065425,0.03520932731088883,0.2965829065422586,0.26122389180410677,0.03535901473815184,0.0,0.0,0.0,0.3642732310315431,0.32906390372065425,0.03520932731088883,0.2965829065422586,0.26122389180410677,0.03535901473815184
16,8,38,19,7,1239020.0,1244383.0,0.004328420848735291,0.1,0.07755644090305458,0,0.4,0.2857142857142857,0.14285714285714285,0.14285714285714285,0.6631485202776763,0.5994216908731457,0.06372682940453067,0.6112171867334701,0.5617980526409383,0.04941913409253185,0.0,0.0,0.0,0.5284079283887468,0.48919036722240383,0.03921756116634301,0.455704061426858,0.42526727369731354,0.030436787729544446,0.0,0.0,0.0,0.5284079283887468,0.5326586393520032,0.0042507109632563544,0.455704061426858,0.48876439474776134,0.03306033332090336,0.0,0.0,0.0,0.5284079283887468,0.5326586393520032,0.0042507109632563544,0.455704061426858,0.48876439474776134,0.03306033332090336
17,8,19,9,8,1248724.0,1273033.0,0.019467071987084417,0.12,0.09216467463479422,0,0.05,0.125,0.125,0.0,0.33435794278185577,0.2969588744588745,0.03739906832298129,0.3256277493350766,0.28923059670126805,0.03639715263380855,0.0,0.0,0.0,0.0835441370223979,0.13227705627705627,0.04873291925465838,0.047486341712736996,0.10049962890670756,0.05301328719397057,0.0,0.14285714285714285,0.14285714285714285,0.0835441370223979,0.2781570810142239,0.194612943991826,0.047486341712736996,0.26341420263126974,0.21592786091853275,0.0,0.14285714285714285,0.14285714285714285,0.0835441370223979,0.2781570810142239,0.194612943991826,0.047486341712736996,0.26341420263126974,0.21592786091853275
17,8,19,9,8,1248724.0,1273033.0,0.019467071987084417,0.12,0.09216467463479422,0,0.1,0.375,0.25,0.125,0.5021574440052701,0.4343939393939394,0.06776350461133068,0.48653981379514566,0.4416894583294871,0.044850355465658576,0.0,0.0,0.0,0.20345191040843216,0.18074458874458874,0.022707321663843427,0.178463702072233,0.16681242294466575,0.011651279127567249,0.0,0.2857142857142857,0.2857142857142857,0.20345191040843216,0.414817563388992,0.21136565298055984,0.178463702072233,0.40486601638904685,0.22640231431681385,0.0,0.2857142857142857,0.2857142857142857,0.20345191040843216,0.414817563388992,0.21136565298055984,0.178463702072233,0.40486601638904685,0.22640231431681385
17,8,19,9,8,1248724.0,1273033.0,0.019467071987084417,0.12,0.09216467463479422,0,0.2,0.375,0.375,0.0,0.5865694993412385,0.6009199134199135,0.014350414078674989,0.5726924893167527,0.581061464335781,0.008368975019028335,0.0,0.0,0.0,0.3385111989459816,0.36147186147186144,0.02296066252587986,0.31630798290680434,0.3296983429372497,0.013390360030445358,0.0,0.2857142857142857,0.2857142857142857,0.3385111989459816,0.543908472479901,0.20539727353391946,0.31630798290680434,0.5212131020980354,0.20490511919123106,0.0,0.2857142857142857,0.2857142857142857,0.3385111989459816,0.543908472479901,0.20539727353391946,0.31630798290680434,0.5212131020980354,0.20490511919123106
17,8,19,9,8,1248724.0,1273033.0,0.019467071987084417,0.12,0.09216467463479422,0,0.4,0.375,0.5,0.125,0.7349998733150908,0.7797619047619048,0.04476203144681401,0.7115496306575512,0.743000143338576,0.031450512681024834,0.0,0.2,0.2,0.5759997973041451,0.6476190476190476,0.07161925031490257,0.5384794090520817,0.5888002293417217,0.05032082028964002,0.0,0.42857142857142855,0.42857142857142855,0.5759997973041451,0.7482993197278912,0.17229952242374613,0.5384794090520817,0.7062858781012297,0.16780646904914798,0.0,0.42857142857142855,0.42857142857142855,0.5759997973041451,0.7482993197278912,0.17229952242374613,0.5384794090520817,0.7062858781012297,0.16780646904914798
17,8,23,11,8,1248724.0,1271035.0,0.017867038673077477,0.08,0.06879150066401074,0,0.05,0.125,0.125,0.0,0.33435794278185577,0.3429934045423176,0.008635461760461816,0.3256277493350766,0.2996828476204132,0.025944901714663404,0.0,0.0,0.0,0.0835441370223979,0.12339262187088273,0.03984848484848484,0.047486341712736996,0.07712328492306665,0.029636943210329655,0.0,0.0,0.0,0.0835441370223979,0.19541977748499487,0.11187564046259697,0.047486341712736996,0.1482110099419716,0.10072466822923459,0.0,0.0,0.0,0.0835441370223979,0.19541977748499487,0.11187564046259697,0.047486341712736996,0.1482110099419716,0.10072466822923459
17,8,23,11,8,1248724.0,1271035.0,0.017867038673077477,0.08,0.06879150066401074,0,0.1,0.375,0.25,0.125,0.5021574440052701,0.4755408314511575,0.026616612554112573,0.48653981379514566,0.4437907548076897,0.04274905898745596,0.0,0.0,0.0,0.20345191040843216,0.2180081874647092,0.014556277056277045,0.178463702072233,0.16252422408574602,0.015939477986486983,0.0,0.16666666666666666,0.16666666666666666,0.20345191040843216,0.348340156220591,0.14488824581215884,0.178463702072233,0.302103520071455,0.12363981799922202,0.0,0.16666666666666666,0.16666666666666666,0.20345191040843216,0.348340156220591,0.14488824581215884,0.178463702072233,0.302103520071455,0.12363981799922202
17,8,23,11,8,1248724.0,1271035.0,0.017867038673077477,0.08,0.06879150066401074,0,0.2,0.375,0.375,0.0,0.5865694993412385,0.6139301595143986,0.02736066017316008,0.5726924893167527,0.5900094344624447,0.017316945145692042,0.0,0.0,0.0,0.3385111989459816,0.3822882552230378,0.04377705627705619,0.31630798290680434,0.34401509513991146,0.027707112233107123,0.0,0.16666666666666666,0.16666666666666666,0.3385111989459816,0.4852402126858648,0.14672901373988323,0.31630798290680434,0.4533459126165929,0.13703792970978856,0.0,0.16666666666666666,0.16666666666666666,0.3385111989459816,0.4852402126858648,0.14672901373988323,0.31630798290680434,0.4533459126165929,0.13703792970978856
17,8,23,11,8,1248724.0,1271035.0,0.017867038673077477,0.08,0.06879150066401074,0,0.4,0.375,0.5,0.125,0.7349998733150908,0.7640139751552795,0.02901410184018871,0.7115496306575512,0.7324174003530438,0.020867769695492644,0.0,0.2,0.2,0.5759997973041451,0.6224223602484471,0.046422562944302026,0.5384794090520817,0.5718678405648701,0.033388431512788364,0.0,0.3333333333333333,0.3333333333333333,0.5759997973041451,0.6853519668737059,0.10935216956956084,0.5384794090520817,0.6432232004707251,0.10474379141864343,0.0,0.3333333333333333,0.3333333333333333,0.5759997973041451,0.6853519668737059,0.10935216956956084,0.5384794090520817,0.6432232004707251,0.10474379141864343
17,8,25,12,8,1248724.0,1270292.0,0.017272031289540364,0.1,0.07277556440903059,0,0.05,0.125,0.125,0.0,0.33435794278185577,0.2824031267645398,0.05195481601731594,0.3256277493350766,0.250603671020914,0.07502407831416258,0.0,0.0,0.0,0.0835441370223979,0.11463274044795783,0.03108860342555994,0.047486341712736996,0.08277210780930609,0.035285766096569096,0.0,0.0,0.0,0.0835441370223979,0.11463274044795783,0.03108860342555994,0.047486341712736996,0.08277210780930609,0.035285766096569096,0.0,0.0,0.0,0.0835441370223979,0.11463274044795783,0.03108860342555994,0.047486341712736996,0.08277210780930609,0.035285766096569096
17,8,25,12,8,1248724.0,1270292.0,0.017272031289540364,0.1,0.07277556440903059,0,0.1,0.375,0.25,0.125,0.5021574440052701,0.457906902879729,0.044250541125541054,0.48653981379514566,0.45094771172479353,0.03559210207035213,0.0,0.16666666666666666,0.16666666666666666,0.20345191040843216,0.3248282514586862,0.12137634105025405,0.178463702072233,0.3116461292942604,0.1331824272220274,0.0,0.16666666666666666,0.16666666666666666,0.20345191040843216,0.3248282514586862,0.12137634105025405,0.178463702072233,0.3116461292942604,0.1331824272220274,0.0,0.16666666666666666,0.16666666666666666,0.20345191040843216,0.3248282514586862,0.12137634105025405,0.178463702072233,0.3116461292942604,0.1331824272220274
17,8,25,12,8,1248724.0,1270292.0,0.017272031289540364,0.1,0.07277556440903059,0,0.2,0.375,0.375,0.0,0.5865694993412385,0.6114748023715415,0.024905303030303028,0.5726924893167527,0.5825611901493726,0.009868700832619925,0.0,0.16666666666666666,0.16666666666666666,0.3385111989459816,0.48196640316205525,0.14345520421607366,0.31630798290680434,0.44341492019916345,0.1271069372923591,0.0,0.16666666666666666,0.16666666666666666,0.3385111989459816,0.48196640316205525,0.14345520421607366,0.31630798290680434,0.44341492019916345,0.1271069372923591,0.0,0.16666666666666666,0.16666666666666666,0.3385111989459816,0.48196640316205525,0.14345520421607366,0.31630798290680434,0.44341492019916345,0.1271069372923591
17,8,25,12,8,1248724.0,1270292.0,0.017272031289540364,0.1,0.07277556440903059,0,0.4,0.375,0.5,0.125,0.7349998733150908,0.7757330984233157,0.04073322510822497,0.7115496306575512,0.7480972901616527,0.03654765950410155,0.0,0.3333333333333333,0.3333333333333333,0.5759997973041451,0.700977464564421,0.12497766726027593,0.5384794090520817,0.664129720215537,0.12565031116345526,0.0,0.3333333333333333,0.3333333333333333,0.5759997973041451,0.700977464564421,0.12497766726027593,0.5384794090520817,0.664129720215537,0.12565031116345526,0.0,0.3333333333333333,0.3333333333333333,0.5759997973041451,0.700977464564421,0.12497766726027593,0.5384794090520817,0.664129720215537,0.12565031116345526
17,8,27,13,8,1248724.0,1270571.0,0.01749545936491971,0.08,0.08605577689243038,0,0.05,0.125,0.25,0.125,0.33435794278185577,0.3772233503211764,0.04286540753932061,0.3256277493350766,0.3367609885725343,0.011133239237457682,0.0,0.0,0.0,0.0835441370223979,0.16963113376156855,0.08608699673917065,0.047486341712736996,0.11568131809671232,0.06819497638397533,0.0,0.0,0.0,0.0835441370223979,0.16963113376156855,0.08608699673917065,0.047486341712736996,0.11568131809671232,0.06819497638397533,0.0,0.0,0.0,0.0835441370223979,0.16963113376156855,0.08608699673917065,0.047486341712736996,0.11568131809671232,0.06819497638397533
17,8,27,13,8,1248724.0,1270571.0,0.01749545936491971,0.08,0.08605577689243038,0,0.1,0.375,0.25,0.125,0.5021574440052701,0.4749416042894304,0.027215839715839685,0.48653981379514566,0.4387617940645224,0.047778019730623233,0.0,0.0,0.0,0.20345191040843216,0.2999221390525738,0.09647022864414165,0.178463702072233,0.2516823920860299,0.07321869001379688,0.0,0.0,0.0,0.20345191040843216,0.2999221390525738,0.09647022864414165,0.178463702072233,0.2516823920860299,0.07321869001379688,0.0,0.0,0.0,0.20345191040843216,0.2999221390525738,0.09647022864414165,0.178463702072233,0.2516823920860299,0.07321869001379688
17,8,27,13,8,1248724.0,1270571.0,0.01749545936491971,0.08,0.08605577689243038,0,0.2,0.375,0.375,0.0,0.5865694993412385,0.5708296836014227,0.015739815739815755,0.5726924893167527,0.5370916019956608,0.0356008873210919,0.0,0.16666666666666666,0.16666666666666666,0.3385111989459816,0.4277729114685636,0.08926171252258203,0.31630798290680434,0.38278880266088083,0.06648081975407649,0.0,0.16666666666666666,0.16666666666666666,0.3385111989459816,0.4277729114685636,0.08926171252258203,0.31630798290680434,0.38278880266088083,0.06648081975407649,0.0,0.16666666666666666,0.16666666666666666,0.3385111989459816,0.4277729114685636,0.08926171252258203,0.31630798290680434,0.38278880266088083,0.06648081975407649
17,8,27,13,8,1248724.0,1270571.0,0.01749545936491971,0.08,0.08605577689243038,0,0.4,0.375,0.375,0.0,0.7349998733150908,0.7173183097096141,0.01768156360547668,0.7115496306575512,0.682732518996695,0.02881711166085621,0.0,0.16666666666666666,0.16666666666666666,0.5759997973041451,0.6230910796128187,0.047091282308673654,0.5384794090520817,0.5769766919955933,0.038497282943511624,0.0,0.16666666666666666,0.16666666666666666,0.5759997973041451,0.6230910796128187,0.047091282308673654,0.5384794090520817,0.5769766919955933,0.038497282943511624,0.0,0.16666666666666666,0.16666666666666666,0.5759997973041451,0.6230910796128187,0.047091282308673654,0.5384794090520817,0.5769766919955933,0.038497282943511624
17,8,29,14,8,1248724.0,1263846.0,0.012109961849055516,0.1,0.0491367861885791,0,0.05,0.125,0.25,0.125,0.33435794278185577,0.3857919254658385,0.05143398268398275,0.3256277493350766,0.35523987740303314,0.029612128067956545,0.0,0.0,0.0,0.0835441370223979,0.11726708074534162,0.033722943722943724,0.047486341712736996,0.0886596659138186,0.04117332420108161,0.0,0.0,0.0,0.0835441370223979,0.11726708074534162,0.033722943722943724,0.047486341712736996,0.0886596659138186,0.04117332420108161,0.0,0.0,0.0,0.0835441370223979,0.11726708074534162,0.033722943722943724,0.047486341712736996,0.0886596659138186,0.04117332420108161
17,8,29,14,8,1248724.0,1263846.0,0.012109961849055516,0.1,0.0491367861885791,0,0.1,0.375,0.375,0.0,0.5021574440052701,0.5055124223602484,0.003354978354978333,0.48653981379514566,0.4917625715970936,0.005222757801947919,0.0,0.0,0.0,0.20345191040843216,0.2088198757763975,0.005367965367965327,0.178463702072233,0.1868201145553498,0.008356412483116804,0.0,0.0,0.0,0.20345191040843216,0.2088198757763975,0.005367965367965327,0.178463702072233,0.1868201145553498,0.008356412483116804,0.0,0.0,0.0,0.20345191040843216,0.2088198757763975,0.005367965367965327,0.178463702072233,0.1868201145553498,0.008356412483116804
17,8,29,14,8,1248724.0,1263846.0,0.012109961849055516,0.1,0.0491367861885791,0,0.2,0.375,0.375,0.0,0.5865694993412385,0.6121376811594204,0.02556818181818188,0.5726924893167527,0.5880851740487746,0.015392684732021933,0.0,0.0,0.0,0.3385111989459816,0.37942028985507237,0.040909090909090784,0.31630798290680434,0.3409362784780394,0.02462829557123508,0.0,0.0,0.0,0.3385111989459816,0.37942028985507237,0.040909090909090784,0.31630798290680434,0.3409362784780394,0.02462829557123508,0.0,0.0,0.0,0.3385111989459816,0.37942028985507237,0.040909090909090784,0.31630798290680434,0.3409362784780394,0.02462829557123508
17,8,29,14,8,1248724.0,1263846.0,0.012109961849055516,0.1,0.0491367861885791,0,0.4,0.375,0.375,0.0,0.7349998733150908,0.7518115942028986,0.0168117208878078,0.7115496306575512,0.7286411367655309,0.017091506107979715,0.0,0.0,0.0,0.5759997973041451,0.6028985507246377,0.026898753420492638,0.5384794090520817,0.5658258188248493,0.027346409772767588,0.0,0.0,0.0,0.5759997973041451,0.6028985507246377,0.026898753420492638,0.5384794090520817,0.5658258188248493,0.027346409772767588,0.0,0.0,0.0,0.5759997973041451,0.6028985507246377,0.026898753420492638,0.5384794090520817,0.5658258188248493,0.027346409772767588
17,8,31,15,8,1248724.0,1266770.0,0.014451552144429032,0.08,0.05604249667994696,0,0.05,0.125,0.125,0.0,0.33435794278185577,0.33619828993470297,0.0018403471528471993,0.3256277493350766,0.3100361554827992,0.015591593852277374,0.0,0.0,0.0,0.0835441370223979,0.10363154960981047,0.020087412587412576,0.047486341712736996,0.05965147942057801,0.012165137707841014,0.0,0.0,0.0,0.0835441370223979,0.10363154960981047,0.020087412587412576,0.047486341712736996,0.05965147942057801,0.012165137707841014,0.0,0.0,0.0,0.0835441370223979,0.10363154960981047,0.020087412587412576,0.047486341712736996,0.05965147942057801,0.012165137707841014
17,8,31,15,8,1248724.0,1266770.0,0.014451552144429032,0.08,0.05604249667994696,0,0.1,0.375,0.25,0.125,0.5021574440052701,0.4895268454371715,0.012630598568098561,0.48653981379514566,0.48026978533377257,0.0062700284613730894,0.0,0.0,0.0,0.20345191040843216,0.24038580984233157,0.03693389943389941,0.178463702072233,0.22089067292747888,0.04242697085524588,0.0,0.0,0.0,0.20345191040843216,0.24038580984233157,0.03693389943389941,0.178463702072233,0.22089067292747888,0.04242697085524588,0.0,0.0,0.0,0.20345191040843216,0.24038580984233157,0.03693389943389941,0.178463702072233,0.22089067292747888,0.04242697085524588
17,8,31,15,8,1248724.0,1266770.0,0.014451552144429032,0.08,0.05604249667994696,0,0.2,0.375,0.375,0.0,0.5865694993412385,0.6100257306099697,0.023456231268731198,0.5726924893167527,0.5932797632389352,0.020587273922182514,0.0,0.0,0.0,0.3385111989459816,0.3760411689759516,0.037529970029969995,0.31630798290680434,0.34924762118229624,0.0329396382754919,0.0,0.0,0.0,0.3385111989459816,0.3760411689759516,0.037529970029969995,0.31630798290680434,0.34924762118229624,0.0329396382754919,0.0,0.0,0.0,0.3385111989459816,0.3760411689759516,0.037529970029969995,0.31630798290680434,0.34924762118229624,0.0329396382754919
17,8,31,15,8,1248724.0,1266770.0,0.014451552144429032,0.08,0.05604249667994696,0,0.4,0.375,0.5,0.125,0.7349998733150908,0.7823436753463927,0.04734380203130195,0.7115496306575512,0.7369928006182584,0.02544316996070728,0.0,0.2,0.2,0.5759997973041451,0.6517498805542283,0.07575008325008326,0.5384794090520817,0.5791884809892136,0.04070907193713191,0.0,0.2,0.2,0.5759997973041451,0.6517498805542283,0.07575008325008326,0.5384794090520817,0.5791884809892136,0.04070907193713191,0.0,0.2,0.2,0.5759997973041451,0.6517498805542283,0.07575008325008326,0.5384794090520817,0.5791884809892136,0.04070907193713191
17,8,33,16,8,1248724.0,1270167.0,0.01717192910523062,0.1,0.08738379814077024,0,0.05,0.125,0.125,0.0,0.33435794278185577,0.33937428061069363,0.005016337828837869,0.3256277493350766,0.29578977859750427,0.029837970737572328,0.0,0.0,0.0,0.0835441370223979,0.19059427890949632,0.10705014188709842,0.047486341712736996,0.1430202512447598,0.09553390953202281,0.0,0.0,0.0,0.0835441370223979,0.19059427890949632,0.10705014188709842,0.047486341712736996,0.1430202512447598,0.09553390953202281,0.0,0.0,0.0,0.0835441370223979,0.19059427890949632,0.10705014188709842,0.047486341712736996,0.1430202512447598,0.09553390953202281
17,8,33,16,8,1248724.0,1270167.0,0.01717192910523062,0.1,0.08738379814077024,0,0.1,0.375,0.25,0.125,0.5021574440052701,0.47361775452808064,0.028539689477189434,0.48653981379514566,0.456041120201753,0.030498693593392634,0.0,0.16666666666666666,0.16666666666666666,0.20345191040843216,0.34577605365648845,0.14232414324805628,0.178463702072233,0.31843734059687295,0.13997363852463995,0.0,0.16666666666666666,0.16666666666666666,0.20345191040843216,0.34577605365648845,0.14232414324805628,0.178463702072233,0.31843734059687295,0.13997363852463995,0.0,0.16666666666666666,0.16666666666666666,0.20345191040843216,0.34577605365648845,0.14232414324805628,0.178463702072233,0.31843734059687295,0.13997363852463995
17,8,33,16,8,1248724.0,1270167.0,0.01717192910523062,0.1,0.08738379814077024,0,0.2,0.375,0.375,0.0,0.5865694993412385,0.606237851822091,0.019668352480852525,0.5726924893167527,0.5856574333042726,0.012964943987519906,0.0,0.16666666666666666,0.16666666666666666,0.3385111989459816,0.4749838024294546,0.136472603483473,0.31630798290680434,0.44754324440569676,0.13123526149889242,0.0,0.16666666666666666,0.16666666666666666,0.3385111989459816,0.4749838024294546,0.136472603483473,0.31630798290680434,0.44754324440569676,0.13123526149889242,0.0,0.16666666666666666,0.16666666666666666,0.3385111989459816,0.4749838024294546,0.136472603483473,0.31630798290680434,0.44754324440569676,0.13123526149889242
17,8,33,16,8,1248724.0,1270167.0,0.01717192910523062,0.1,0.08738379814077024,0,0.4,0.375,0.375,0.0,0.7349998733150908,0.7566166849454893,0.021616811630398525,0.7115496306575512,0.72682406348904,0.015274432831488882,0.0,0.16666666666666666,0.16666666666666666,0.5759997973041451,0.6754889132606524,0.09948911595650733,0.5384794090520817,0.6357654179853868,0.09728600893330508,0.0,0.16666666666666666,0.16666666666666666,0.5759997973041451,0.6754889132606524,0.09948911595650733,0.5384794090520817,0.6357654179853868,0.09728600893330508,0.0,0.16666666666666666,0.16666666666666666,0.5759997973041451,0.6754889132606524,0.09948911595650733,0.5384794090520817,0.6357654179853868,0.09728600893330508
17,8,35,17,8,1248724.0,1266542.0,0.01426896576024806,0.08,0.05976095617529886,0,0.05,0.125,0.0,0.125,0.33435794278185577,0.2545833333333334,0.07977460944852238,0.3256277493350766,0.27400509287599784,0.051622656459078764,0.0,0.0,0.0,0.0835441370223979,0.074,0.009544137022397897,0.047486341712736996,0.05608374384236453,0.008597402129627535,0.0,0.0,0.0,0.0835441370223979,0.145,0.061455862977602096,0.047486341712736996,0.13764554411106134,0.09015920239832434,0.0,0.0,0.0,0.0835441370223979,0.145,0.061455862977602096,0.047486341712736996,0.13764554411106134,0.09015920239832434
17,8,35,17,8,1248724.0,1266542.0,0.01426896576024806,0.08,0.05976095617529886,0,0.1,0.375,0.25,0.125,0.5021574440052701,0.4808134920634921,0.02134395194177796,0.48653981379514566,0.45866962255695815,0.027870191238187514,0.0,0.0,0.0,0.20345191040843216,0.20263492063492064,0.0008169897735115228,0.178463702072233,0.1762956385153754,0.0021680635568575857,0.0,0.0,0.0,0.20345191040843216,0.3077513227513227,0.10429941234289056,0.178463702072233,0.27822616340927747,0.09976246133704447,0.0,0.0,0.0,0.20345191040843216,0.3077513227513227,0.10429941234289056,0.178463702072233,0.27822616340927747,0.09976246133704447
17,8,35,17,8,1248724.0,1266542.0,0.01426896576024806,0.08,0.05976095617529886,0,0.2,0.375,0.375,0.0,0.5865694993412385,0.6028769841269841,0.01630748478574562,0.5726924893167527,0.5727264219457388,3.393262898609972e-05,0.0,0.0,0.0,0.3385111989459816,0.3646031746031746,0.02609197565719301,0.31630798290680434,0.31636227511318193,5.429220637759302e-05,0.0,0.16666666666666666,0.16666666666666666,0.3385111989459816,0.4705026455026455,0.1319914465566639,0.31630798290680434,0.4303018959276516,0.11399391302084727,0.0,0.16666666666666666,0.16666666666666666,0.3385111989459816,0.4705026455026455,0.1319914465566639,0.31630798290680434,0.4303018959276516,0.11399391302084727
17,8,35,17,8,1248724.0,1266542.0,0.01426896576024806,0.08,0.05976095617529886,0,0.4,0.375,0.375,0.0,0.7349998733150908,0.7585241147741147,0.023524241459023987,0.7115496306575512,0.7185510942236335,0.007001463566082333,0.0,0.0,0.0,0.5759997973041451,0.6136385836385836,0.03763878633443851,0.5384794090520817,0.5496817507578136,0.011202341705731866,0.0,0.16666666666666666,0.16666666666666666,0.5759997973041451,0.678032153032153,0.10203235572800795,0.5384794090520817,0.624734792298178,0.08625538324609627,0.0,0.16666666666666666,0.16666666666666666,0.5759997973041451,0.678032153032153,0.10203235572800795,0.5384794090520817,0.624734792298178,0.08625538324609627
17,8,37,18,8,1248724.0,1260993.0,0.009825229594369933,0.06,0.07357237715803451,0,0.05,0.125,0.125,0.0,0.33435794278185577,0.36733954451345757,0.032981601731601806,0.3256277493350766,0.3347609522488807,0.009133202913804095,0.0,0.0,0.0,0.0835441370223979,0.08488612836438922,0.0013419913419913249,0.047486341712736996,0.07402887405388438,0.026542532341147382,0.0,0.0,0.0,0.0835441370223979,0.08488612836438922,0.0013419913419913249,0.047486341712736996,0.07402887405388438,0.026542532341147382,0.0,0.0,0.0,0.0835441370223979,0.08488612836438922,0.0013419913419913249,0.047486341712736996,0.07402887405388438,0.026542532341147382
17,8,37,18,8,1248724.0,1260993.0,0.009825229594369933,0.06,0.07357237715803451,0,0.1,0.375,0.375,0.0,0.5021574440052701,0.5237663906142167,0.021608946608946633,0.48653981379514566,0.5088889949632731,0.022349181168127452,0.0,0.0,0.0,0.20345191040843216,0.23802622498274673,0.03457431457431456,0.178463702072233,0.214222391941237,0.03575868986900399,0.0,0.0,0.0,0.20345191040843216,0.23802622498274673,0.03457431457431456,0.178463702072233,0.214222391941237,0.03575868986900399,0.0,0.0,0.0,0.20345191040843216,0.23802622498274673,0.03457431457431456,0.178463702072233,0.214222391941237,0.03575868986900399
17,8,37,18,8,1248724.0,1260993.0,0.009825229594369933,0.06,0.07357237715803451,0,0.2,0.375,0.375,0.0,0.5865694993412385,0.6244392684610076,0.03786976911976914,0.5726924893167527,0.6033066655151165,0.03061417619836382,0.0,0.0,0.0,0.3385111989459816,0.39910282953761217,0.060591630591630585,0.31630798290680434,0.3652906648241863,0.048982681917381976,0.0,0.0,0.0,0.3385111989459816,0.39910282953761217,0.060591630591630585,0.31630798290680434,0.3652906648241863,0.048982681917381976,0.0,0.0,0.0,0.3385111989459816,0.39910282953761217,0.060591630591630585,0.31630798290680434,0.3652906648241863,0.048982681917381976
17,8,37,18,8,1248724.0,1260993.0,0.009825229594369933,0.06,0.07357237715803451,0,0.4,0.375,0.375,0.0,0.7349998733150908,0.7541772840685884,0.01917741075349766,0.7115496306575512,0.7397688295083228,0.02821919885077162,0.0,0.0,0.0,0.5759997973041451,0.6066836545097415,0.03068385720559641,0.5384794090520817,0.5836301272133164,0.045150718161234726,0.0,0.0,0.0,0.5759997973041451,0.6066836545097415,0.03068385720559641,0.5384794090520817,0.5836301272133164,0.045150718161234726,0.0,0.0,0.0,0.5759997973041451,0.6066836545097415,0.03068385720559641,0.5384794090520817,0.5836301272133164,0.045150718161234726
17,8,39,19,8,1248724.0,1244084.0,0.003729651695544674,0.06,0.018857901726427723,0,0.05,0.125,0.125,0.0,0.33435794278185577,0.3312219887955182,0.003135953986337592,0.3256277493350766,0.30819532772486313,0.017432421610213467,0.0,0.0,0.0,0.0835441370223979,0.10709803921568628,0.023553902193288387,0.047486341712736996,0.08214322015089484,0.034656878438157845,0.0,0.0,0.0,0.0835441370223979,0.10709803921568628,0.023553902193288387,0.047486341712736996,0.08214322015089484,0.034656878438157845,0.0,0.0,0.0,0.0835441370223979,0.10709803921568628,0.023553902193288387,0.047486341712736996,0.08214322015089484,0.034656878438157845
17,8,39,19,8,1248724.0,1244084.0,0.003729651695544674,0.06,0.018857901726427723,0,0.1,0.375,0.375,0.0,0.5021574440052701,0.5159313725490196,0.01377392854374948,0.48653981379514566,0.5075784532608311,0.021038639465685405,0.0,0.0,0.0,0.20345191040843216,0.22549019607843138,0.022038285669999214,0.178463702072233,0.2121255252173298,0.0336618231450968,0.0,0.0,0.0,0.20345191040843216,0.22549019607843138,0.022038285669999214,0.178463702072233,0.2121255252173298,0.0336618231450968,0.0,0.0,0.0,0.20345191040843216,0.22549019607843138,0.022038285669999214,0.178463702072233,0.2121255252173298,0.0336618231450968
17,8,39,19,8,1248724.0,1244084.0,0.003729651695544674,0.06,0.018857901726427723,0,0.2,0.375,0.375,0.0,0.5865694993412385,0.6034313725490196,0.016861873207781097,0.5726924893167527,0.5708604539807385,0.0018320353360141706,0.0,0.0,0.0,0.3385111989459816,0.36549019607843136,0.026978997132449778,0.31630798290680434,0.3133767263691815,0.0029312565376228283,0.0,0.0,0.0,0.3385111989459816,0.36549019607843136,0.026978997132449778,0.31630798290680434,0.3133767263691815,0.0029312565376228283,0.0,0.0,0.0,0.3385111989459816,0.36549019607843136,0.026978997132449778,0.31630798290680434,0.3133767263691815,0.0029312565376228283
17,8,39,19,8,1248724.0,1244084.0,0.003729651695544674,0.06,0.018857901726427723,0,0.4,0.375,0.375,0.0,0.7349998733150908,0.7014196832579186,0.033580190057172166,0.7115496306575512,0.664669529600296,0.04688010105725515,0.0,0.0,0.0,0.5759997973041451,0.5222714932126697,0.05372830409147533,0.5384794090520817,0.46347124736047374,0.07500816169160796,0.0,0.0,0.0,0.5759997973041451,0.5222714932126697,0.05372830409147533,0.5384794090520817,0.46347124736047374,0.07500816169160796,0.0,0.0,0.0,0.5759997973041451,0.5222714932126697,0.05372830409147533,0.5384794090520817,0.46347124736047374,0.07500816169160796
18,9,20,10,7,1247055.0,1249913.0,0.002291799479573876,0.08,0.053386454183267,0,0.05,0.0,0.14285714285714285,0.14285714285714285,0.1695238095238095,0.33440499945797714,0.16488118993416764,0.13247154038291487,0.3010360875363176,0.16856454715340274,0.0,0.0,0.0,0.07066666666666667,0.1253098563840252,0.05464318971735853,0.04048454292709241,0.08811718921751129,0.04763264629041888,0.0,0.0,0.0,0.07066666666666667,0.1253098563840252,0.05464318971735853,0.04048454292709241,0.08811718921751129,0.04763264629041888,0.0,0.0,0.0,0.07066666666666667,0.1253098563840252,0.05464318971735853,0.04048454292709241,0.08811718921751129,0.04763264629041888
18,9,20,10,7,1247055.0,1249913.0,0.002291799479573876,0.08,0.053386454183267,0,0.1,0.0,0.2857142857142857,0.2857142857142857,0.23079365079365077,0.42609960372108713,0.19530595292743635,0.1894732566751293,0.3928143541846994,0.2033410975095701,0.0,0.0,0.0,0.1231111111111111,0.19653944520952193,0.07342833409841083,0.07994474641940644,0.14994009585857912,0.06999534943917268,0.0,0.0,0.0,0.1231111111111111,0.19653944520952193,0.07342833409841083,0.07994474641940644,0.14994009585857912,0.06999534943917268,0.0,0.0,0.0,0.1231111111111111,0.19653944520952193,0.07342833409841083,0.07994474641940644,0.14994009585857912,0.06999534943917268
18,9,20,10,7,1247055.0,1249913.0,0.002291799479573876,0.08,0.053386454183267,0,0.2,0.14285714285714285,0.2857142857142857,0.14285714285714285,0.3696825396825397,0.5080703184283747,0.13838777874583497,0.3483044457082734,0.4474958245762248,0.09919137886795137,0.0,0.0,0.0,0.21755555555555556,0.31129844579972454,0.09374289024416899,0.18239746582164798,0.22649415440671467,0.044096688585066685,0.0,0.0,0.0,0.21755555555555556,0.31129844579972454,0.09374289024416899,0.18239746582164798,0.22649415440671467,0.044096688585066685,0.0,0.0,0.0,0.21755555555555556,0.31129844579972454,0.09374289024416899,0.18239746582164798,0.22649415440671467,0.044096688585066685
18,9,20,10,7,1247055.0,1249913.0,0.002291799479573876,0.08,0.053386454183267,0,0.4,0.14285714285714285,0.2857142857142857,0.14285714285714285,0.566984126984127,0.6210082026121485,0.05402407562802147,0.5326727809092908,0.5772111809886449,0.04453840007935406,0.0,0.0,0.0,0.4271111111111111,0.4694114836570079,0.0423003725458968,0.36959810242333396,0.40809565338410286,0.0384975509607689,0.0,0.0,0.0,0.4271111111111111,0.4694114836570079,0.0423003725458968,0.36959810242333396,0.40809565338410286,0.0384975509607689,0.0,0.0,0.0,0.4271111111111111,0.4694114836570079,0.0423003725458968,0.36959810242333396,0.40809565338410286,0.0384975509607689
18,9,22,11,7,1247055.0,1240913.0,0.0049495814775088985,0.06,0.05763612217795489,0,0.05,0.0,0.0,0.0,0.1695238095238095,0.21421771607193602,0.04469390654812652,0.13247154038291487,0.1570493160788305,0.024577775695915627,0.0,0.0,0.0,0.07066666666666667,0.05823813583404376,0.012428530832622908,0.04048454292709241,0.023959829955086092,0.016524712972006316,0.0,0.0,0.0,0.07066666666666667,0.05823813583404376,0.012428530832622908,0.04048454292709241,0.023959829955086092,0.016524712972006316,0.0,0.0,0.0,0.07066666666666667,0.05823813583404376,0.012428530832622908,0.04048454292709241,0.023959829955086092,0.016524712972006316
18,9,22,11,7,1247055.0,1240913.0,0.0049495814775088985,0.06,0.05763612217795489,0,0.1,0.0,0.14285714285714285,0.14285714285714285,0.23079365079365077,0.3554895871392035,0.1246959363455527,0.1894732566751293,0.3148167550003292,0.1253434983251999,0.0,0.0,0.0,0.1231111111111111,0.17268542199488493,0.04957431088377383,0.07994474641940644,0.14059078524473562,0.06064603882532918,0.0,0.0,0.0,0.1231111111111111,0.17268542199488493,0.04957431088377383,0.07994474641940644,0.14059078524473562,0.06064603882532918,0.0,0.0,0.0,0.1231111111111111,0.17268542199488493,0.04957431088377383,0.07994474641940644,0.14059078524473562,0.06064603882532918
18,9,22,11,7,1247055.0,1240913.0,0.0049495814775088985,0.06,0.05763612217795489,0,0.2,0.14285714285714285,0.2857142857142857,0.14285714285714285,0.3696825396825397,0.4950554134697357,0.12537287378719597,0.3483044457082734,0.4721655009233193,0.12386105521504592,0.0,0.0,0.0,0.21755555555555556,0.29307757885763,0.07552202330207441,0.18239746582164798,0.261031701292647,0.07863423547099904,0.0,0.0,0.0,0.21755555555555556,0.29307757885763,0.07552202330207441,0.18239746582164798,0.261031701292647,0.07863423547099904,0.0,0.0,0.0,0.21755555555555556,0.29307757885763,0.07552202330207441,0.18239746582164798,0.261031701292647,0.07863423547099904
18,9,22,11,7,1247055.0,1240913.0,0.0049495814775088985,0.06,0.05763612217795489,0,0.4,0.14285714285714285,0.2857142857142857,0.14285714285714285,0.566984126984127,0.6232327490639511,0.05624862207982406,0.5326727809092908,0.5675919502035075,0.03491916929421668,0.0,0.0,0.0,0.4271111111111111,0.4725258486895316,0.045414737578420517,0.36959810242333396,0.3946287302849104,0.02503062786157645,0.0,0.0,0.0,0.4271111111111111,0.4725258486895316,0.045414737578420517,0.36959810242333396,0.3946287302849104,0.02503062786157645,0.0,0.0,0.0,0.4271111111111111,0.4725258486895316,0.045414737578420517,0.36959810242333396,0.3946287302849104,0.02503062786157645
18,9,24,12,7,1247055.0,1261586.0,0.011652252707378585,0.06,0.020982735723771538,0,0.05,0.0,0.0,0.0,0.1695238095238095,0.24473308011228903,0.07520927058847954,0.13247154038291487,0.17021920508419347,0.037747664701278605,0.0,0.0,0.0,0.07066666666666667,0.1369120264429189,0.06624535977625222,0.04048454292709241,0.06175214589570027,0.021267602968607864,0.0,0.0,0.0,0.07066666666666667,0.2140933553690991,0.14342668870243241,0.04048454292709241,0.12749902520486073,0.08701448227776831,0.0,0.0,0.0,0.07066666666666667,0.2140933553690991,0.14342668870243241,0.04048454292709241,0.12749902520486073,0.08701448227776831
18,9,24,12,7,1247055.0,1261586.0,0.011652252707378585,0.06,0.020982735723771538,0,0.1,0.0,0.0,0.0,0.23079365079365077,0.2943265254232891,0.0635328746296383,0.1894732566751293,0.2175496056390654,0.0280763489639361,0.0,0.0,0.0,0.1231111111111111,0.17777142130689044,0.05466031019577934,0.07994474641940644,0.1049499357404515,0.025005189321045063,0.0,0.0,0.0,0.1231111111111111,0.24814285108907538,0.1250317399779643,0.07994474641940644,0.1634971834088201,0.08355243698941367,0.0,0.0,0.0,0.1231111111111111,0.24814285108907538,0.1250317399779643,0.07994474641940644,0.1634971834088201,0.08355243698941367
18,9,24,12,7,1247055.0,1261586.0,0.011652252707378585,0.06,0.020982735723771538,0,0.2,0.14285714285714285,0.14285714285714285,0.0,0.3696825396825397,0.44602123839619756,0.07633869871365784,0.3483044457082734,0.3807026506516532,0.032398204943379805,0.0,0.0,0.0,0.21755555555555556,0.2815725908975336,0.06401703534197806,0.18239746582164798,0.20818118326618476,0.02578371744453678,0.0,0.16666666666666666,0.16666666666666666,0.21755555555555556,0.4013104924146114,0.18375493685905586,0.18239746582164798,0.340150986055154,0.157753520233506,0.0,0.16666666666666666,0.16666666666666666,0.21755555555555556,0.4013104924146114,0.18375493685905586,0.18239746582164798,0.340150986055154,0.157753520233506
18,9,24,12,7,1247055.0,1261586.0,0.011652252707378585,0.06,0.020982735723771538,0,0.4,0.14285714285714285,0.2857142857142857,0.14285714285714285,0.566984126984127,0.6322940503432495,0.06530992335912245,0.5326727809092908,0.5736923221914199,0.041019541282129035,0.0,0.0,0.0,0.4271111111111111,0.4852116704805492,0.05810055936943809,0.36959810242333396,0.40316925106798784,0.03357114864465388,0.0,0.16666666666666666,0.16666666666666666,0.4271111111111111,0.5710097254004577,0.14389861428934658,0.36959810242333396,0.5026410425566565,0.13304294013332257,0.0,0.16666666666666666,0.16666666666666666,0.4271111111111111,0.5710097254004577,0.14389861428934658,0.36959810242333396,0.5026410425566565,0.13304294013332257
18,9,26,13,7,1247055.0,1251866.0,0.0038578891869243937,0.08,0.03399734395750332,0,0.05,0.0,0.0,0.0,0.1695238095238095,0.1910504781622794,0.021526668638469915,0.13247154038291487,0.14453492693156825,0.012063386548653382,0.0,0.0,0.0,0.07066666666666667,0.10747066942719115,0.03680400276052448,0.04048454292709241,0.05332786669654591,0.012843323769453505,0.0,0.0,0.0,0.07066666666666667,0.18955889118932598,0.11889222452265931,0.04048454292709241,0.12909948219407116,0.08861493926697875,0.0,0.0,0.0,0.07066666666666667,0.18955889118932598,0.11889222452265931,0.04048454292709241,0.12909948219407116,0.08861493926697875
18,9,26,13,7,1247055.0,1251866.0,0.0038578891869243937,0.08,0.03399734395750332,0,0.1,0.0,0.0,0.0,0.23079365079365077,0.2968268237882491,0.06603317299459832,0.1894732566751293,0.23778113844146698,0.048307881766337685,0.0,0.0,0.0,0.1231111111111111,0.17555755330354872,0.05244644219243762,0.07994474641940644,0.12019097077060317,0.040246224351196735,0.0,0.0,0.0,0.1231111111111111,0.24629796108629062,0.12318684997517952,0.07994474641940644,0.18481873558911888,0.10487398916971244,0.0,0.0,0.0,0.1231111111111111,0.24629796108629062,0.12318684997517952,0.07994474641940644,0.18481873558911888,0.10487398916971244
18,9,26,13,7,1247055.0,1251866.0,0.0038578891869243937,0.08,0.03399734395750332,0,0.2,0.14285714285714285,0.14285714285714285,0.0,0.3696825396825397,0.42276589506893536,0.053083355386395636,0.3483044457082734,0.3866463274961372,0.038341881787863796,0.0,0.0,0.0,0.21755555555555556,0.23187225309650938,0.014316697540953827,0.18239746582164798,0.1860809778975771,0.003683512075929124,0.0,0.16666666666666666,0.16666666666666666,0.21755555555555556,0.3598935442470912,0.14233798869153563,0.18239746582164798,0.3217341482479809,0.13933668242633293,0.0,0.16666666666666666,0.16666666666666666,0.21755555555555556,0.3598935442470912,0.14233798869153563,0.18239746582164798,0.3217341482479809,0.13933668242633293
18,9,26,13,7,1247055.0,1251866.0,0.0038578891869243937,0.08,0.03399734395750332,0,0.4,0.14285714285714285,0.2857142857142857,0.14285714285714285,0.566984126984127,0.6125549380698122,0.04557081108568517,0.5326727809092908,0.5683847348384609,0.03571195392917004,0.0,0.0,0.0,0.4271111111111111,0.4575769132977371,0.03046580218662598,0.36959810242333396,0.39573862877384497,0.026140526350511006,0.0,0.16666666666666666,0.16666666666666666,0.4271111111111111,0.5479807610814477,0.12086964997033656,0.36959810242333396,0.4964488573115375,0.12685075488820352,0.0,0.16666666666666666,0.16666666666666666,0.4271111111111111,0.5479807610814477,0.12086964997033656,0.36959810242333396,0.4964488573115375,0.12685075488820352
18,9,28,14,7,1247055.0,1244175.0,0.0023147869069865576,0.18,0.09296148738379814,0,0.05,0.0,0.0,0.0,0.1695238095238095,0.26122448979591834,0.09170068027210884,0.13247154038291487,0.2100630221129912,0.07759148173007632,0.0,0.0,0.0,0.07066666666666667,0.1658730158730159,0.09520634920634923,0.04048454292709241,0.12125605223143356,0.08077150930434115,0.0,0.0,0.0,0.07066666666666667,0.1658730158730159,0.09520634920634923,0.04048454292709241,0.12125605223143356,0.08077150930434115,0.0,0.0,0.0,0.07066666666666667,0.1658730158730159,0.09520634920634923,0.04048454292709241,0.12125605223143356,0.08077150930434115
18,9,28,14,7,1247055.0,1244175.0,0.0023147869069865576,0.18,0.09296148738379814,0,0.1,0.0,0.14285714285714285,0.14285714285714285,0.23079365079365077,0.42176870748299317,0.1909750566893424,0.1894732566751293,0.3817466584346825,0.19227340175955318,0.0,0.0,0.0,0.1231111111111111,0.3253968253968254,0.2022857142857143,0.07994474641940644,0.278704434840463,0.19875968842105654,0.0,0.0,0.0,0.1231111111111111,0.3253968253968254,0.2022857142857143,0.07994474641940644,0.278704434840463,0.19875968842105654,0.0,0.0,0.0,0.1231111111111111,0.3253968253968254,0.2022857142857143,0.07994474641940644,0.278704434840463,0.19875968842105654
18,9,28,14,7,1247055.0,1244175.0,0.0023147869069865576,0.18,0.09296148738379814,0,0.2,0.14285714285714285,0.14285714285714285,0.0,0.3696825396825397,0.5608843537414966,0.19120181405895686,0.3483044457082734,0.512041625463797,0.16373717975552354,0.0,0.0,0.0,0.21755555555555556,0.48769841269841274,0.2701428571428572,0.18239746582164798,0.43071522970776316,0.24831776388611518,0.0,0.0,0.0,0.21755555555555556,0.48769841269841274,0.2701428571428572,0.18239746582164798,0.43071522970776316,0.24831776388611518,0.0,0.0,0.0,0.21755555555555556,0.48769841269841274,0.2701428571428572,0.18239746582164798,0.43071522970776316,0.24831776388611518
18,9,28,14,7,1247055.0,1244175.0,0.0023147869069865576,0.18,0.09296148738379814,0,0.4,0.14285714285714285,0.2857142857142857,0.14285714285714285,0.566984126984127,0.7291208791208791,0.16213675213675205,0.5326727809092908,0.6692697687766197,0.13659698786732888,0.0,0.16666666666666666,0.16666666666666666,0.4271111111111111,0.6839743589743589,0.25686324786324777,0.36959810242333396,0.6141480635727229,0.24454996114938893,0.0,0.16666666666666666,0.16666666666666666,0.4271111111111111,0.6839743589743589,0.25686324786324777,0.36959810242333396,0.6141480635727229,0.24454996114938893,0.0,0.16666666666666666,0.16666666666666666,0.4271111111111111,0.6839743589743589,0.25686324786324777,0.36959810242333396,0.6141480635727229,0.24454996114938893
18,9,30,15,7,1247055.0,1249358.0,0.0018467509452269547,0.12,0.09296148738379818,0,0.05,0.0,0.0,0.0,0.1695238095238095,0.2510170734960651,0.08149326397225562,0.13247154038291487,0.2286107924347721,0.09613925205185722,0.0,0.0,0.0,0.07066666666666667,0.18634453781512605,0.11567787114845939,0.04048454292709241,0.1468992381566004,0.10641469522950797,0.0,0.0,0.0,0.07066666666666667,0.2510170734960651,0.18035040682939846,0.04048454292709241,0.2286107924347721,0.18812624950767967,0.0,0.0,0.0,0.07066666666666667,0.2510170734960651,0.18035040682939846,0.04048454292709241,0.2286107924347721,0.18812624950767967
18,9,30,15,7,1247055.0,1249358.0,0.0018467509452269547,0.12,0.09296148738379818,0,0.1,0.0,0.14285714285714285,0.14285714285714285,0.23079365079365077,0.41696751164233803,0.18617386084868726,0.1894732566751293,0.37429022335789913,0.18481696668276984,0.0,0.0,0.0,0.1231111111111111,0.2726434051881622,0.1495322940770511,0.07994474641940644,0.21632996415334102,0.13638521773393458,0.0,0.14285714285714285,0.14285714285714285,0.1231111111111111,0.41696751164233803,0.2938564005312269,0.07994474641940644,0.37429022335789913,0.29434547693849267,0.0,0.14285714285714285,0.14285714285714285,0.1231111111111111,0.41696751164233803,0.2938564005312269,0.07994474641940644,0.37429022335789913,0.29434547693849267
18,9,30,15,7,1247055.0,1249358.0,0.0018467509452269547,0.12,0.09296148738379818,0,0.2,0.14285714285714285,0.14285714285714285,0.0,0.3696825396825397,0.5603933602426477,0.19071082056010802,0.3483044457082734,0.5259105677046857,0.1776061219964123,0.0,0.0,0.0,0.21755555555555556,0.4067729265619291,0.18921737100637354,0.18239746582164798,0.36739512673676733,0.18499766091511935,0.0,0.14285714285714285,0.14285714285714285,0.21755555555555556,0.5603933602426477,0.3428378046870922,0.18239746582164798,0.5259105677046857,0.34351310188303774,0.0,0.14285714285714285,0.14285714285714285,0.21755555555555556,0.5603933602426477,0.3428378046870922,0.18239746582164798,0.5259105677046857,0.34351310188303774
18,9,30,15,7,1247055.0,1249358.0,0.0018467509452269547,0.12,0.09296148738379818,0,0.4,0.14285714285714285,0.42857142857142855,0.2857142857142857,0.566984126984127,0.6793086799937367,0.11232455300960964,0.5326727809092908,0.6537509342583513,0.12107815334906047,0.0,0.2,0.2,0.4271111111111111,0.5510321519912313,0.12392104088012024,0.36959810242333396,0.5152513079616918,0.14565320553835787,0.0,0.42857142857142855,0.42857142857142855,0.4271111111111111,0.6793086799937367,0.25219756888262557,0.36959810242333396,0.6537509342583513,0.2841528318350173,0.0,0.42857142857142855,0.42857142857142855,0.4271111111111111,0.6793086799937367,0.25219756888262557,0.36959810242333396,0.6537509342583513,0.2841528318350173
18,9,32,16,7,1247055.0,1244383.0,0.0021472488775561866,0.06,0.013545816733067704,0,0.05,0.0,0.0,0.0,0.1695238095238095,0.15598442275460908,0.013539386769200412,0.13247154038291487,0.10298641414709411,0.029485126235820752,0.0,0.0,0.0,0.07066666666666667,0.08980676328502415,0.019140096618357486,0.04048454292709241,0.07043405562740361,0.029949512700311202,0.0,0.0,0.0,0.07066666666666667,0.08980676328502415,0.019140096618357486,0.04048454292709241,0.07043405562740361,0.029949512700311202,0.0,0.0,0.0,0.07066666666666667,0.08980676328502415,0.019140096618357486,0.04048454292709241,0.07043405562740361,0.029949512700311202
18,9,32,16,7,1247055.0,1244383.0,0.0021472488775561866,0.06,0.013545816733067704,0,0.1,0.0,0.0,0.0,0.23079365079365077,0.26809129448881003,0.037297643695159255,0.1894732566751293,0.19360626694676794,0.0041330102716386485,0.0,0.0,0.0,0.1231111111111111,0.15628019323671496,0.03316908212560386,0.07994474641940644,0.10640891846380943,0.02646417204440299,0.0,0.0,0.0,0.1231111111111111,0.15628019323671496,0.03316908212560386,0.07994474641940644,0.10640891846380943,0.02646417204440299,0.0,0.0,0.0,0.1231111111111111,0.15628019323671496,0.03316908212560386,0.07994474641940644,0.10640891846380943,0.02646417204440299
18,9,32,16,7,1247055.0,1244383.0,0.0021472488775561866,0.06,0.013545816733067704,0,0.2,0.14285714285714285,0.14285714285714285,0.0,0.3696825396825397,0.3601547865523021,0.009527753130237626,0.3483044457082734,0.31215424873584746,0.03615019697242594,0.0,0.0,0.0,0.21755555555555556,0.21850241545893717,0.0009468599033816139,0.18239746582164798,0.15170789135814855,0.03068957446349943,0.0,0.0,0.0,0.21755555555555556,0.21850241545893717,0.0009468599033816139,0.18239746582164798,0.15170789135814855,0.03068957446349943,0.0,0.0,0.0,0.21755555555555556,0.21850241545893717,0.0009468599033816139,0.18239746582164798,0.15170789135814855,0.03068957446349943
18,9,32,16,7,1247055.0,1244383.0,0.0021472488775561866,0.06,0.013545816733067704,0,0.4,0.14285714285714285,0.14285714285714285,0.0,0.566984126984127,0.5086315685694568,0.05835255841467024,0.5326727809092908,0.49182462696238755,0.040848153946903276,0.0,0.0,0.0,0.4271111111111111,0.36922705314009663,0.05788405797101448,0.36959810242333396,0.33752762150721616,0.032070480916117805,0.0,0.0,0.0,0.4271111111111111,0.36922705314009663,0.05788405797101448,0.36959810242333396,0.33752762150721616,0.032070480916117805,0.0,0.0,0.0,0.4271111111111111,0.36922705314009663,0.05788405797101448,0.36959810242333396,0.33752762150721616,0.032070480916117805
18,9,34,17,7,1247055.0,1248876.0,0.0014602403262085474,0.04,0.04754316069057104,0,0.05,0.0,0.0,0.0,0.1695238095238095,0.14531306621532183,0.02421074330848766,0.13247154038291487,0.12772046049300237,0.004751079889912496,0.0,0.0,0.0,0.07066666666666667,0.05581924508240297,0.0148474215842637,0.04048454292709241,0.03722847202554136,0.003256070901551049,0.0,0.0,0.0,0.07066666666666667,0.05581924508240297,0.0148474215842637,0.04048454292709241,0.03722847202554136,0.003256070901551049,0.0,0.0,0.0,0.07066666666666667,0.05581924508240297,0.0148474215842637,0.04048454292709241,0.03722847202554136,0.003256070901551049
18,9,34,17,7,1247055.0,1248876.0,0.0014602403262085474,0.04,0.04754316069057104,0,0.1,0.0,0.0,0.0,0.23079365079365077,0.27845284206186466,0.047659191268213885,0.1894732566751293,0.2797967972989716,0.09032354062384232,0.0,0.0,0.0,0.1231111111111111,0.1469768360294676,0.023865724918356493,0.07994474641940644,0.14713311249365965,0.06718836607425321,0.0,0.0,0.0,0.1231111111111111,0.1469768360294676,0.023865724918356493,0.07994474641940644,0.14713311249365965,0.06718836607425321,0.0,0.0,0.0,0.1231111111111111,0.1469768360294676,0.023865724918356493,0.07994474641940644,0.14713311249365965,0.06718836607425321
18,9,34,17,7,1247055.0,1248876.0,0.0014602403262085474,0.04,0.04754316069057104,0,0.2,0.14285714285714285,0.14285714285714285,0.0,0.3696825396825397,0.4905922815697252,0.12090974188718545,0.3483044457082734,0.4364429876620713,0.08813854195379789,0.0,0.0,0.0,0.21755555555555556,0.32016252753094854,0.10260697197539298,0.18239746582164798,0.25096101112926655,0.06856354530761857,0.0,0.0,0.0,0.21755555555555556,0.32016252753094854,0.10260697197539298,0.18239746582164798,0.25096101112926655,0.06856354530761857,0.0,0.0,0.0,0.21755555555555556,0.32016252753094854,0.10260697197539298,0.18239746582164798,0.25096101112926655,0.06856354530761857
18,9,34,17,7,1247055.0,1248876.0,0.0014602403262085474,0.04,0.04754316069057104,0,0.4,0.14285714285714285,0.2857142857142857,0.14285714285714285,0.566984126984127,0.6200106326422116,0.05302650565808453,0.5326727809092908,0.570943451262581,0.038270670353290126,0.0,0.0,0.0,0.4271111111111111,0.4680148856990963,0.040903774587985164,0.36959810242333396,0.39932083176761335,0.029722729344279386,0.0,0.0,0.0,0.4271111111111111,0.4680148856990963,0.040903774587985164,0.36959810242333396,0.39932083176761335,0.029722729344279386,0.0,0.0,0.0,0.4271111111111111,0.4680148856990963,0.040903774587985164,0.36959810242333396,0.39932083176761335,0.029722729344279386
18,9,36,18,7,1247055.0,1244191.0,0.002301897377492684,0.06,0.05258964143426294,0,0.05,0.0,0.14285714285714285,0.14285714285714285,0.1695238095238095,0.24033816425120774,0.07081435472739825,0.13247154038291487,0.22052798593664075,0.08805644555372588,0.0,0.0,0.0,0.07066666666666667,0.09202898550724638,0.021362318840579708,0.04048454292709241,0.07265557195046093,0.032171029023368526,0.0,0.0,0.0,0.07066666666666667,0.11372785829307568,0.04306119162640901,0.04048454292709241,0.09061598359274751,0.05013144066565511,0.0,0.0,0.0,0.07066666666666667,0.11372785829307568,0.04306119162640901,0.04048454292709241,0.09061598359274751,0.05013144066565511
18,9,36,18,7,1247055.0,1244191.0,0.002301897377492684,0.06,0.05258964143426294,0,0.1,0.0,0.14285714285714285,0.14285714285714285,0.23079365079365077,0.3219461697722567,0.09115251897860593,0.1894732566751293,0.2895204008467262,0.10004714417159691,0.0,0.0,0.0,0.1231111111111111,0.16183574879227053,0.03872463768115943,0.07994474641940644,0.1087389022195201,0.028794155800113658,0.0,0.0,0.0,0.1231111111111111,0.20893719806763286,0.08582608695652176,0.07994474641940644,0.1711071343211806,0.09116238790177417,0.0,0.0,0.0,0.1231111111111111,0.20893719806763286,0.08582608695652176,0.07994474641940644,0.1711071343211806,0.09116238790177417
18,9,36,18,7,1247055.0,1244191.0,0.002301897377492684,0.06,0.05258964143426294,0,0.2,0.14285714285714285,0.14285714285714285,0.0,0.3696825396825397,0.42908902691511386,0.059406487232574134,0.3483044457082734,0.3755464001056278,0.027241954397354384,0.0,0.0,0.0,0.21755555555555556,0.2896135265700483,0.07205797101449274,0.18239746582164798,0.20519290294215833,0.022795437120510353,0.0,0.0,0.0,0.21755555555555556,0.33393719806763283,0.11638164251207728,0.18239746582164798,0.27147080012323244,0.08907333430158446,0.0,0.0,0.0,0.21755555555555556,0.33393719806763283,0.11638164251207728,0.18239746582164798,0.27147080012323244,0.08907333430158446
18,9,36,18,7,1247055.0,1244191.0,0.002301897377492684,0.06,0.05258964143426294,0,0.4,0.14285714285714285,0.14285714285714285,0.0,0.566984126984127,0.597333136153012,0.030349009168884944,0.5326727809092908,0.5621981992088065,0.029525418299515716,0.0,0.0,0.0,0.4271111111111111,0.4807108350586612,0.05359972394755008,0.36959810242333396,0.43724249539397925,0.06764439297064528,0.0,0.0,0.0,0.4271111111111111,0.530221992178514,0.10311088106740285,0.36959810242333396,0.4892312324102743,0.11963312998694031,0.0,0.0,0.0,0.4271111111111111,0.530221992178514,0.10311088106740285,0.36959810242333396,0.4892312324102743,0.11963312998694031
18,9,38,19,7,1247055.0,1244383.0,0.0021472488775561866,0.06,0.04063745019920318,0,0.05,0.0,0.0,0.0,0.1695238095238095,0.1958519487123606,0.02632813918855112,0.13247154038291487,0.15229308170999137,0.019821541327076503,0.0,0.0,0.0,0.07066666666666667,0.09085939486397152,0.020192728197304846,0.04048454292709241,0.07170947966944699,0.031224936742354582,0.0,0.0,0.0,0.07066666666666667,0.1173828290533096,0.04671616238664293,0.04048454292709241,0.09392456639120582,0.05344002346411341,0.0,0.0,0.0,0.07066666666666667,0.1173828290533096,0.04671616238664293,0.04048454292709241,0.09392456639120582,0.05344002346411341
18,9,38,19,7,1247055.0,1244383.0,0.0021472488775561866,0.06,0.04063745019920318,0,0.1,0.0,0.0,0.0,0.23079365079365077,0.31588936108386906,0.08509571029021828,0.1894732566751293,0.24271973169343378,0.053246475018304484,0.0,0.0,0.0,0.1231111111111111,0.17557843885075006,0.052467327739638955,0.07994474641940644,0.13278341735912116,0.05283867093971473,0.0,0.0,0.0,0.1231111111111111,0.2296486990422917,0.10653758793118061,0.07994474641940644,0.18773618113260096,0.10779143471319452,0.0,0.0,0.0,0.1231111111111111,0.2296486990422917,0.10653758793118061,0.07994474641940644,0.18773618113260096,0.10779143471319452
18,9,38,19,7,1247055.0,1244383.0,0.0021472488775561866,0.06,0.04063745019920318,0,0.2,0.14285714285714285,0.14285714285714285,0.0,0.3696825396825397,0.4249119174748465,0.0552293777923068,0.3483044457082734,0.36676333583209153,0.018458890123818128,0.0,0.0,0.0,0.21755555555555556,0.2948766844647851,0.07732112890922954,0.18239746582164798,0.22096867016492813,0.03857120434328015,0.0,0.0,0.0,0.21755555555555556,0.32906390372065425,0.11150834816509869,0.18239746582164798,0.26122389180410677,0.07882642598245879,0.0,0.0,0.0,0.21755555555555556,0.32906390372065425,0.11150834816509869,0.18239746582164798,0.26122389180410677,0.07882642598245879
18,9,38,19,7,1247055.0,1244383.0,0.0021472488775561866,0.06,0.04063745019920318,0,0.4,0.14285714285714285,0.14285714285714285,0.0,0.566984126984127,0.5994216908731457,0.03243756388901864,0.5326727809092908,0.5617980526409383,0.029125271731647473,0.0,0.0,0.0,0.4271111111111111,0.48919036722240383,0.062079256111292724,0.36959810242333396,0.42526727369731354,0.05566917127397958,0.0,0.0,0.0,0.4271111111111111,0.5326586393520032,0.10554752824089209,0.36959810242333396,0.48876439474776134,0.11916629232442738,0.0,0.0,0.0,0.4271111111111111,0.5326586393520032,0.10554752824089209,0.36959810242333396,0.48876439474776134,0.11916629232442738
19,9,21,10,8,1273033.0,1274465.0,0.0011248726466635192,0.14,0.11075697211155389,0,0.05,0.125,0.25,0.125,0.2969588744588745,0.3905924570785252,0.09363358261965071,0.28923059670126805,0.36847697577646626,0.07924637907519821,0.0,0.0,0.0,0.13227705627705627,0.14494793132564032,0.012670875048584052,0.10049962890670756,0.10862670639284769,0.008127077486140125,0.14285714285714285,0.0,0.14285714285714285,0.2781570810142239,0.14494793132564032,0.13320914968858355,0.26341420263126974,0.10862670639284769,0.15478749623842206,0.14285714285714285,0.0,0.14285714285714285,0.2781570810142239,0.14494793132564032,0.13320914968858355,0.26341420263126974,0.10862670639284769,0.15478749623842206
19,9,21,10,8,1273033.0,1274465.0,0.0011248726466635192,0.14,0.11075697211155389,0,0.1,0.25,0.375,0.125,0.4343939393939394,0.5235364480720518,0.08914250867811241,0.4416894583294871,0.4948960681868569,0.0532066098573698,0.0,0.0,0.0,0.18074458874458874,0.23765831691528283,0.056913728170694095,0.16681242294466575,0.191833709098971,0.02502128615430524,0.2857142857142857,0.0,0.2857142857142857,0.414817563388992,0.23765831691528283,0.17715924647370918,0.40486601638904685,0.191833709098971,0.21303230729007586,0.2857142857142857,0.0,0.2857142857142857,0.414817563388992,0.23765831691528283,0.17715924647370918,0.40486601638904685,0.191833709098971,0.21303230729007586
19,9,21,10,8,1273033.0,1274465.0,0.0011248726466635192,0.14,0.11075697211155389,0,0.2,0.375,0.375,0.0,0.6009199134199135,0.5752951898462735,0.025624723573639985,0.581061464335781,0.5534733800481877,0.027588084287593295,0.0,0.0,0.0,0.36147186147186144,0.3204723037540375,0.04099955771782393,0.3296983429372497,0.28555740807710017,0.04414093486014953,0.2857142857142857,0.0,0.2857142857142857,0.543908472479901,0.3204723037540375,0.22343616872586353,0.5212131020980354,0.28555740807710017,0.23565569402093522,0.2857142857142857,0.0,0.2857142857142857,0.543908472479901,0.3204723037540375,0.22343616872586353,0.5212131020980354,0.28555740807710017,0.23565569402093522
19,9,21,10,8,1273033.0,1274465.0,0.0011248726466635192,0.14,0.11075697211155389,0,0.4,0.5,0.375,0.125,0.7797619047619048,0.7296407797568788,0.05012112500502597,0.743000143338576,0.7046773764002755,0.0383227669383005,0.2,0.0,0.2,0.6476190476190476,0.5674252476110061,0.08019380000804155,0.5888002293417217,0.5274838022404407,0.061316427101281046,0.42857142857142855,0.0,0.42857142857142855,0.7482993197278912,0.5674252476110061,0.1808740721168851,0.7062858781012297,0.5274838022404407,0.178802075860789,0.42857142857142855,0.0,0.42857142857142855,0.7482993197278912,0.5674252476110061,0.1808740721168851,0.7062858781012297,0.5274838022404407,0.178802075860789
19,9,23,11,8,1273033.0,1271035.0,0.0015719472713182565,0.08,0.055776892430278835,0,0.05,0.125,0.125,0.0,0.2969588744588745,0.3429934045423176,0.046034530083443104,0.28923059670126805,0.2996828476204132,0.010452250919145145,0.0,0.0,0.0,0.13227705627705627,0.12339262187088273,0.008884434406173536,0.10049962890670756,0.07712328492306665,0.023376343983640913,0.14285714285714285,0.0,0.14285714285714285,0.2781570810142239,0.19541977748499487,0.082737303529229,0.26341420263126974,0.1482110099419716,0.11520319268929816,0.14285714285714285,0.0,0.14285714285714285,0.2781570810142239,0.19541977748499487,0.082737303529229,0.26341420263126974,0.1482110099419716,0.11520319268929816
19,9,23,11,8,1273033.0,1271035.0,0.0015719472713182565,0.08,0.055776892430278835,0,0.1,0.25,0.25,0.0,0.4343939393939394,0.4755408314511575,0.04114689205721811,0.4416894583294871,0.4437907548076897,0.002101296478202619,0.0,0.0,0.0,0.18074458874458874,0.2180081874647092,0.03726359872012047,0.16681242294466575,0.16252422408574602,0.004288198858919734,0.2857142857142857,0.16666666666666666,0.11904761904761904,0.414817563388992,0.348340156220591,0.066477407168401,0.40486601638904685,0.302103520071455,0.10276249631759182,0.2857142857142857,0.16666666666666666,0.11904761904761904,0.414817563388992,0.348340156220591,0.066477407168401,0.40486601638904685,0.302103520071455,0.10276249631759182
19,9,23,11,8,1273033.0,1271035.0,0.0015719472713182565,0.08,0.055776892430278835,0,0.2,0.375,0.375,0.0,0.6009199134199135,0.6139301595143986,0.01301024609448509,0.581061464335781,0.5900094344624447,0.008947970126663707,0.0,0.0,0.0,0.36147186147186144,0.3822882552230378,0.020816393751176332,0.3296983429372497,0.34401509513991146,0.014316752202661764,0.2857142857142857,0.16666666666666666,0.11904761904761904,0.543908472479901,0.4852402126858648,0.058668259794036226,0.5212131020980354,0.4533459126165929,0.06786718948144249,0.2857142857142857,0.16666666666666666,0.11904761904761904,0.543908472479901,0.4852402126858648,0.058668259794036226,0.5212131020980354,0.4533459126165929,0.06786718948144249
19,9,23,11,8,1273033.0,1271035.0,0.0015719472713182565,0.08,0.055776892430278835,0,0.4,0.5,0.5,0.0,0.7797619047619048,0.7640139751552795,0.0157479296066253,0.743000143338576,0.7324174003530438,0.01058274298553219,0.2,0.2,0.0,0.6476190476190476,0.6224223602484471,0.025196687370600546,0.5888002293417217,0.5718678405648701,0.01693238877685166,0.42857142857142855,0.3333333333333333,0.09523809523809523,0.7482993197278912,0.6853519668737059,0.06294735285418529,0.7062858781012297,0.6432232004707251,0.06306267763050455,0.42857142857142855,0.3333333333333333,0.09523809523809523,0.7482993197278912,0.6853519668737059,0.06294735285418529,0.7062858781012297,0.6432232004707251,0.06306267763050455
19,9,25,12,8,1273033.0,1270292.0,0.002157771598970945,0.08,0.05232403718459502,0,0.05,0.125,0.125,0.0,0.2969588744588745,0.2824031267645398,0.014555747694334653,0.28923059670126805,0.250603671020914,0.03862692568035403,0.0,0.0,0.0,0.13227705627705627,0.11463274044795783,0.017644315829098436,0.10049962890670756,0.08277210780930609,0.017727521097401472,0.14285714285714285,0.0,0.14285714285714285,0.2781570810142239,0.11463274044795783,0.16352434056626602,0.26341420263126974,0.08277210780930609,0.18064209482196364,0.14285714285714285,0.0,0.14285714285714285,0.2781570810142239,0.11463274044795783,0.16352434056626602,0.26341420263126974,0.08277210780930609,0.18064209482196364
19,9,25,12,8,1273033.0,1270292.0,0.002157771598970945,0.08,0.05232403718459502,0,0.1,0.25,0.25,0.0,0.4343939393939394,0.457906902879729,0.02351296348578963,0.4416894583294871,0.45094771172479353,0.009258253395306448,0.0,0.16666666666666666,0.16666666666666666,0.18074458874458874,0.3248282514586862,0.14408366271409748,0.16681242294466575,0.3116461292942604,0.14483370634959464,0.2857142857142857,0.16666666666666666,0.11904761904761904,0.414817563388992,0.3248282514586862,0.0899893119303058,0.40486601638904685,0.3116461292942604,0.09321988709478646,0.2857142857142857,0.16666666666666666,0.11904761904761904,0.414817563388992,0.3248282514586862,0.0899893119303058,0.40486601638904685,0.3116461292942604,0.09321988709478646
19,9,25,12,8,1273033.0,1270292.0,0.002157771598970945,0.08,0.05232403718459502,0,0.2,0.375,0.375,0.0,0.6009199134199135,0.6114748023715415,0.010554888951628039,0.581061464335781,0.5825611901493726,0.0014997258135915903,0.0,0.16666666666666666,0.16666666666666666,0.36147186147186144,0.48196640316205525,0.1204945416901938,0.3296983429372497,0.44341492019916345,0.11371657726191375,0.2857142857142857,0.16666666666666666,0.11904761904761904,0.543908472479901,0.48196640316205525,0.061942069317845794,0.5212131020980354,0.44341492019916345,0.07779818189887194,0.2857142857142857,0.16666666666666666,0.11904761904761904,0.543908472479901,0.48196640316205525,0.061942069317845794,0.5212131020980354,0.44341492019916345,0.07779818189887194
19,9,25,12,8,1273033.0,1270292.0,0.002157771598970945,0.08,0.05232403718459502,0,0.4,0.5,0.5,0.0,0.7797619047619048,0.7757330984233157,0.004028806338589042,0.743000143338576,0.7480972901616527,0.005097146823076715,0.2,0.3333333333333333,0.1333333333333333,0.6476190476190476,0.700977464564421,0.053358416945373355,0.5888002293417217,0.664129720215537,0.07532949087381524,0.42857142857142855,0.3333333333333333,0.09523809523809523,0.7482993197278912,0.700977464564421,0.047321855163470206,0.7062858781012297,0.664129720215537,0.04215615788569271,0.42857142857142855,0.3333333333333333,0.09523809523809523,0.7482993197278912,0.700977464564421,0.047321855163470206,0.7062858781012297,0.664129720215537,0.04215615788569271
19,9,27,13,8,1273033.0,1270571.0,0.0019377114698824387,0.14,0.09800796812749003,0,0.05,0.125,0.25,0.125,0.2969588744588745,0.3772233503211764,0.0802644758623019,0.28923059670126805,0.3367609885725343,0.04753039187126623,0.0,0.0,0.0,0.13227705627705627,0.16963113376156855,0.03735407748451228,0.10049962890670756,0.11568131809671232,0.01518168919000476,0.14285714285714285,0.0,0.14285714285714285,0.2781570810142239,0.16963113376156855,0.10852594725265532,0.26341420263126974,0.11568131809671232,0.1477328845345574,0.14285714285714285,0.0,0.14285714285714285,0.2781570810142239,0.16963113376156855,0.10852594725265532,0.26341420263126974,0.11568131809671232,0.1477328845345574
19,9,27,13,8,1273033.0,1270571.0,0.0019377114698824387,0.14,0.09800796812749003,0,0.1,0.25,0.25,0.0,0.4343939393939394,0.4749416042894304,0.040547664895491,0.4416894583294871,0.4387617940645224,0.002927664264964658,0.0,0.0,0.0,0.18074458874458874,0.2999221390525738,0.11917755030798508,0.16681242294466575,0.2516823920860299,0.08486996914136413,0.2857142857142857,0.0,0.2857142857142857,0.414817563388992,0.2999221390525738,0.1148954243364182,0.40486601638904685,0.2516823920860299,0.15318362430301696,0.2857142857142857,0.0,0.2857142857142857,0.414817563388992,0.2999221390525738,0.1148954243364182,0.40486601638904685,0.2516823920860299,0.15318362430301696
19,9,27,13,8,1273033.0,1270571.0,0.0019377114698824387,0.14,0.09800796812749003,0,0.2,0.375,0.375,0.0,0.6009199134199135,0.5708296836014227,0.030090229818490744,0.581061464335781,0.5370916019956608,0.043969862340120236,0.0,0.16666666666666666,0.16666666666666666,0.36147186147186144,0.4277729114685636,0.06630104999670217,0.3296983429372497,0.38278880266088083,0.053090459723631134,0.2857142857142857,0.16666666666666666,0.11904761904761904,0.543908472479901,0.4277729114685636,0.11613556101133743,0.5212131020980354,0.38278880266088083,0.13842429943715456,0.2857142857142857,0.16666666666666666,0.11904761904761904,0.543908472479901,0.4277729114685636,0.11613556101133743,0.5212131020980354,0.38278880266088083,0.13842429943715456
19,9,27,13,8,1273033.0,1270571.0,0.0019377114698824387,0.14,0.09800796812749003,0,0.4,0.5,0.375,0.125,0.7797619047619048,0.7173183097096141,0.06244359505229069,0.743000143338576,0.682732518996695,0.06026762434188104,0.2,0.16666666666666666,0.033333333333333354,0.6476190476190476,0.6230910796128187,0.024527968006228917,0.5888002293417217,0.5769766919955933,0.011823537346128399,0.42857142857142855,0.16666666666666666,0.26190476190476186,0.7482993197278912,0.6230910796128187,0.12520824011507248,0.7062858781012297,0.5769766919955933,0.12930918610563635,0.42857142857142855,0.16666666666666666,0.26190476190476186,0.7482993197278912,0.6230910796128187,0.12520824011507248,0.7062858781012297,0.5769766919955933,0.12930918610563635
19,9,29,14,8,1273033.0,1263846.0,0.007269081834337411,0.1,0.07755644090305441,0,0.05,0.125,0.25,0.125,0.2969588744588745,0.3857919254658385,0.08883305100696404,0.28923059670126805,0.35523987740303314,0.0660092807017651,0.0,0.0,0.0,0.13227705627705627,0.11726708074534162,0.015009975531714653,0.10049962890670756,0.0886596659138186,0.011839962992888961,0.14285714285714285,0.0,0.14285714285714285,0.2781570810142239,0.11726708074534162,0.16089000026888226,0.26341420263126974,0.0886596659138186,0.17475453671745114,0.14285714285714285,0.0,0.14285714285714285,0.2781570810142239,0.11726708074534162,0.16089000026888226,0.26341420263126974,0.0886596659138186,0.17475453671745114
19,9,29,14,8,1273033.0,1263846.0,0.007269081834337411,0.1,0.07755644090305441,0,0.1,0.25,0.375,0.125,0.4343939393939394,0.5055124223602484,0.07111848296630902,0.4416894583294871,0.4917625715970936,0.050073113267606495,0.0,0.0,0.0,0.18074458874458874,0.2088198757763975,0.028075287031808754,0.16681242294466575,0.1868201145553498,0.020007691610684053,0.2857142857142857,0.0,0.2857142857142857,0.414817563388992,0.2088198757763975,0.20599768761259452,0.40486601638904685,0.1868201145553498,0.21804590183369704,0.2857142857142857,0.0,0.2857142857142857,0.414817563388992,0.2088198757763975,0.20599768761259452,0.40486601638904685,0.1868201145553498,0.21804590183369704
19,9,29,14,8,1273033.0,1263846.0,0.007269081834337411,0.1,0.07755644090305441,0,0.2,0.375,0.375,0.0,0.6009199134199135,0.6121376811594204,0.01121776773950689,0.581061464335781,0.5880851740487746,0.007023709712993598,0.0,0.0,0.0,0.36147186147186144,0.37942028985507237,0.017948428383210924,0.3296983429372497,0.3409362784780394,0.011237935540789723,0.2857142857142857,0.0,0.2857142857142857,0.543908472479901,0.37942028985507237,0.16448818262482867,0.5212131020980354,0.3409362784780394,0.18027682361999597,0.2857142857142857,0.0,0.2857142857142857,0.543908472479901,0.37942028985507237,0.16448818262482867,0.5212131020980354,0.3409362784780394,0.18027682361999597
19,9,29,14,8,1273033.0,1263846.0,0.007269081834337411,0.1,0.07755644090305441,0,0.4,0.5,0.375,0.125,0.7797619047619048,0.7518115942028986,0.02795031055900621,0.743000143338576,0.7286411367655309,0.014359006573045119,0.2,0.0,0.2,0.6476190476190476,0.6028985507246377,0.044720496894409933,0.5888002293417217,0.5658258188248493,0.022974410516872434,0.42857142857142855,0.0,0.42857142857142855,0.7482993197278912,0.6028985507246377,0.1454007690032535,0.7062858781012297,0.5658258188248493,0.1404600592763804,0.42857142857142855,0.0,0.42857142857142855,0.7482993197278912,0.6028985507246377,0.1454007690032535,0.7062858781012297,0.5658258188248493,0.1404600592763804
19,9,31,15,8,1273033.0,1266770.0,0.004944070352155482,0.08,0.09110225763612217,0,0.05,0.125,0.125,0.0,0.2969588744588745,0.33619828993470297,0.03923941547582849,0.28923059670126805,0.3100361554827992,0.020805558781531175,0.0,0.0,0.0,0.13227705627705627,0.10363154960981047,0.0286455066672458,0.10049962890670756,0.05965147942057801,0.040848149486129554,0.14285714285714285,0.0,0.14285714285714285,0.2781570810142239,0.10363154960981047,0.1745255314044134,0.26341420263126974,0.05965147942057801,0.20376272321069172,0.14285714285714285,0.0,0.14285714285714285,0.2781570810142239,0.10363154960981047,0.1745255314044134,0.26341420263126974,0.05965147942057801,0.20376272321069172
19,9,31,15,8,1273033.0,1266770.0,0.004944070352155482,0.08,0.09110225763612217,0,0.1,0.25,0.25,0.0,0.4343939393939394,0.4895268454371715,0.05513290604323212,0.4416894583294871,0.48026978533377257,0.038580327004285486,0.0,0.0,0.0,0.18074458874458874,0.24038580984233157,0.059641221097742836,0.16681242294466575,0.22089067292747888,0.05407824998281313,0.2857142857142857,0.0,0.2857142857142857,0.414817563388992,0.24038580984233157,0.17443175354666043,0.40486601638904685,0.22089067292747888,0.18397534346156796,0.2857142857142857,0.0,0.2857142857142857,0.414817563388992,0.24038580984233157,0.17443175354666043,0.40486601638904685,0.22089067292747888,0.18397534346156796
19,9,31,15,8,1273033.0,1266770.0,0.004944070352155482,0.08,0.09110225763612217,0,0.2,0.375,0.375,0.0,0.6009199134199135,0.6100257306099697,0.009105817190056209,0.581061464335781,0.5932797632389352,0.012218298903154179,0.0,0.0,0.0,0.36147186147186144,0.3760411689759516,0.014569307504090134,0.3296983429372497,0.34924762118229624,0.019549278245046542,0.2857142857142857,0.0,0.2857142857142857,0.543908472479901,0.3760411689759516,0.16786730350394946,0.5212131020980354,0.34924762118229624,0.17196548091573916,0.2857142857142857,0.0,0.2857142857142857,0.543908472479901,0.3760411689759516,0.16786730350394946,0.5212131020980354,0.34924762118229624,0.17196548091573916
19,9,31,15,8,1273033.0,1266770.0,0.004944070352155482,0.08,0.09110225763612217,0,0.4,0.5,0.5,0.0,0.7797619047619048,0.7823436753463927,0.0025817705844879413,0.743000143338576,0.7369928006182584,0.0060073427203175545,0.2,0.2,0.0,0.6476190476190476,0.6517498805542283,0.004130832935180684,0.5888002293417217,0.5791884809892136,0.00961174835250811,0.42857142857142855,0.2,0.22857142857142854,0.7482993197278912,0.6517498805542283,0.09654943917366288,0.7062858781012297,0.5791884809892136,0.12709739711201606,0.42857142857142855,0.2,0.22857142857142854,0.7482993197278912,0.6517498805542283,0.09654943917366288,0.7062858781012297,0.5791884809892136,0.12709739711201606
19,9,33,16,8,1273033.0,1270167.0,0.0022563962061681654,0.08,0.04701195219123508,0,0.05,0.125,0.125,0.0,0.2969588744588745,0.33937428061069363,0.04241540615181916,0.28923059670126805,0.29578977859750427,0.006559181896236221,0.0,0.0,0.0,0.13227705627705627,0.19059427890949632,0.05831722263244005,0.10049962890670756,0.1430202512447598,0.04252062233805225,0.14285714285714285,0.0,0.14285714285714285,0.2781570810142239,0.19059427890949632,0.08756280210472756,0.26341420263126974,0.1430202512447598,0.12039395138650993,0.14285714285714285,0.0,0.14285714285714285,0.2781570810142239,0.19059427890949632,0.08756280210472756,0.26341420263126974,0.1430202512447598,0.12039395138650993
19,9,33,16,8,1273033.0,1270167.0,0.0022563962061681654,0.08,0.04701195219123508,0,0.1,0.25,0.25,0.0,0.4343939393939394,0.47361775452808064,0.03922381513414125,0.4416894583294871,0.456041120201753,0.014351661872265942,0.0,0.16666666666666666,0.16666666666666666,0.18074458874458874,0.34577605365648845,0.1650314649118997,0.16681242294466575,0.31843734059687295,0.1516249176522072,0.2857142857142857,0.16666666666666666,0.11904761904761904,0.414817563388992,0.34577605365648845,0.06904150973250356,0.40486601638904685,0.31843734059687295,0.08642867579217389,0.2857142857142857,0.16666666666666666,0.11904761904761904,0.414817563388992,0.34577605365648845,0.06904150973250356,0.40486601638904685,0.31843734059687295,0.08642867579217389
19,9,33,16,8,1273033.0,1270167.0,0.0022563962061681654,0.08,0.04701195219123508,0,0.2,0.375,0.375,0.0,0.6009199134199135,0.606237851822091,0.0053179384021775356,0.581061464335781,0.5856574333042726,0.0045959689684915705,0.0,0.16666666666666666,0.16666666666666666,0.36147186147186144,0.4749838024294546,0.11351194095759315,0.3296983429372497,0.44754324440569676,0.11784490146844706,0.2857142857142857,0.16666666666666666,0.11904761904761904,0.543908472479901,0.4749838024294546,0.06892467005044645,0.5212131020980354,0.44754324440569676,0.07366985769233864,0.2857142857142857,0.16666666666666666,0.11904761904761904,0.543908472479901,0.4749838024294546,0.06892467005044645,0.5212131020980354,0.44754324440569676,0.07366985769233864
19,9,33,16,8,1273033.0,1270167.0,0.0022563962061681654,0.08,0.04701195219123508,0,0.4,0.5,0.375,0.125,0.7797619047619048,0.7566166849454893,0.023145219816415485,0.743000143338576,0.72682406348904,0.01617607984953595,0.2,0.16666666666666666,0.033333333333333354,0.6476190476190476,0.6754889132606524,0.027869865641604763,0.5888002293417217,0.6357654179853868,0.04696518864366506,0.42857142857142855,0.16666666666666666,0.26190476190476186,0.7482993197278912,0.6754889132606524,0.0728104064672388,0.7062858781012297,0.6357654179853868,0.0705204601158429,0.42857142857142855,0.16666666666666666,0.26190476190476186,0.7482993197278912,0.6754889132606524,0.0728104064672388,0.7062858781012297,0.6357654179853868,0.0705204601158429
19,9,35,17,8,1273033.0,1266542.0,0.005124978089948853,0.08,0.05285524568393095,0,0.05,0.125,0.0,0.125,0.2969588744588745,0.2545833333333334,0.042375541125541094,0.28923059670126805,0.27400509287599784,0.015225503825270215,0.0,0.0,0.0,0.13227705627705627,0.074,0.058277056277056274,0.10049962890670756,0.05608374384236453,0.04441588506434303,0.14285714285714285,0.0,0.14285714285714285,0.2781570810142239,0.145,0.13315708101422388,0.26341420263126974,0.13764554411106134,0.1257686585202084,0.14285714285714285,0.0,0.14285714285714285,0.2781570810142239,0.145,0.13315708101422388,0.26341420263126974,0.13764554411106134,0.1257686585202084
19,9,35,17,8,1273033.0,1266542.0,0.005124978089948853,0.08,0.05285524568393095,0,0.1,0.25,0.25,0.0,0.4343939393939394,0.4808134920634921,0.04641955266955272,0.4416894583294871,0.45866962255695815,0.016980164227471062,0.0,0.0,0.0,0.18074458874458874,0.20263492063492064,0.021890331890331904,0.16681242294466575,0.1762956385153754,0.009483215570709663,0.2857142857142857,0.0,0.2857142857142857,0.414817563388992,0.3077513227513227,0.10706624063766929,0.40486601638904685,0.27822616340927747,0.12663985297976937,0.2857142857142857,0.0,0.2857142857142857,0.414817563388992,0.3077513227513227,0.10706624063766929,0.40486601638904685,0.27822616340927747,0.12663985297976937
19,9,35,17,8,1273033.0,1266542.0,0.005124978089948853,0.08,0.05285524568393095,0,0.2,0.375,0.375,0.0,0.6009199134199135,0.6028769841269841,0.0019570707070706295,0.581061464335781,0.5727264219457388,0.008335042390042235,0.0,0.0,0.0,0.36147186147186144,0.3646031746031746,0.0031313131313131515,0.3296983429372497,0.31636227511318193,0.013336067824067765,0.2857142857142857,0.16666666666666666,0.11904761904761904,0.543908472479901,0.4705026455026455,0.07340582697725556,0.5212131020980354,0.4303018959276516,0.09091120617038378,0.2857142857142857,0.16666666666666666,0.11904761904761904,0.543908472479901,0.4705026455026455,0.07340582697725556,0.5212131020980354,0.4303018959276516,0.09091120617038378
19,9,35,17,8,1273033.0,1266542.0,0.005124978089948853,0.08,0.05285524568393095,0,0.4,0.5,0.375,0.125,0.7797619047619048,0.7585241147741147,0.021237789987790023,0.743000143338576,0.7185510942236335,0.0244490491149425,0.2,0.0,0.2,0.6476190476190476,0.6136385836385836,0.03398046398046406,0.5888002293417217,0.5496817507578136,0.039118478583908156,0.42857142857142855,0.16666666666666666,0.26190476190476186,0.7482993197278912,0.678032153032153,0.07026716669573818,0.7062858781012297,0.624734792298178,0.0815510858030517,0.42857142857142855,0.16666666666666666,0.26190476190476186,0.7482993197278912,0.678032153032153,0.07026716669573818,0.7062858781012297,0.624734792298178,0.0815510858030517
19,9,37,18,8,1273033.0,1260993.0,0.009548030797950503,0.1,0.13333333333333341,0,0.05,0.125,0.125,0.0,0.2969588744588745,0.36733954451345757,0.0703806700545831,0.28923059670126805,0.3347609522488807,0.045530355547612644,0.0,0.0,0.0,0.13227705627705627,0.08488612836438922,0.04739092791266705,0.10049962890670756,0.07402887405388438,0.026470754852823186,0.14285714285714285,0.0,0.14285714285714285,0.2781570810142239,0.08488612836438922,0.19327095264983465,0.26341420263126974,0.07402887405388438,0.18938532857738538,0.14285714285714285,0.0,0.14285714285714285,0.2781570810142239,0.08488612836438922,0.19327095264983465,0.26341420263126974,0.07402887405388438,0.18938532857738538
19,9,37,18,8,1273033.0,1260993.0,0.009548030797950503,0.1,0.13333333333333341,0,0.1,0.25,0.375,0.125,0.4343939393939394,0.5237663906142167,0.08937245122027732,0.4416894583294871,0.5088889949632731,0.06719953663378603,0.0,0.0,0.0,0.18074458874458874,0.23802622498274673,0.05728163623815799,0.16681242294466575,0.214222391941237,0.04740996899657124,0.2857142857142857,0.0,0.2857142857142857,0.414817563388992,0.23802622498274673,0.17679133840624528,0.40486601638904685,0.214222391941237,0.19064362444780986,0.2857142857142857,0.0,0.2857142857142857,0.414817563388992,0.23802622498274673,0.17679133840624528,0.40486601638904685,0.214222391941237,0.19064362444780986
19,9,37,18,8,1273033.0,1260993.0,0.009548030797950503,0.1,0.13333333333333341,0,0.2,0.375,0.375,0.0,0.6009199134199135,0.6244392684610076,0.023519355041094148,0.581061464335781,0.6033066655151165,0.022245201179335483,0.0,0.0,0.0,0.36147186147186144,0.39910282953761217,0.037630968065750725,0.3296983429372497,0.3652906648241863,0.03559232188693662,0.2857142857142857,0.0,0.2857142857142857,0.543908472479901,0.39910282953761217,0.14480564294228887,0.5212131020980354,0.3652906648241863,0.15592243727384908,0.2857142857142857,0.0,0.2857142857142857,0.543908472479901,0.39910282953761217,0.14480564294228887,0.5212131020980354,0.3652906648241863,0.15592243727384908
19,9,37,18,8,1273033.0,1260993.0,0.009548030797950503,0.1,0.13333333333333341,0,0.4,0.5,0.375,0.125,0.7797619047619048,0.7541772840685884,0.02558462069331635,0.743000143338576,0.7397688295083228,0.003231313830253213,0.2,0.0,0.2,0.6476190476190476,0.6066836545097415,0.04093539310930616,0.5888002293417217,0.5836301272133164,0.005170102128405296,0.42857142857142855,0.0,0.42857142857142855,0.7482993197278912,0.6066836545097415,0.14161566521814972,0.7062858781012297,0.5836301272133164,0.12265575088791325,0.42857142857142855,0.0,0.42857142857142855,0.7482993197278912,0.6066836545097415,0.14161566521814972,0.7062858781012297,0.5836301272133164,0.12265575088791325
20,10,22,11,7,1249913.0,1240913.0,0.0072527244053370386,0.04,0.039840637450199015,0,0.05,0.14285714285714285,0.0,0.14285714285714285,0.33440499945797714,0.21421771607193602,0.12018728338604112,0.3010360875363176,0.1570493160788305,0.14398677145748712,0.0,0.0,0.0,0.1253098563840252,0.05823813583404376,0.06707172054998144,0.08811718921751129,0.023959829955086092,0.06415735926242519,0.0,0.0,0.0,0.1253098563840252,0.05823813583404376,0.06707172054998144,0.08811718921751129,0.023959829955086092,0.06415735926242519,0.0,0.0,0.0,0.1253098563840252,0.05823813583404376,0.06707172054998144,0.08811718921751129,0.023959829955086092,0.06415735926242519
20,10,22,11,7,1249913.0,1240913.0,0.0072527244053370386,0.04,0.039840637450199015,0,0.1,0.2857142857142857,0.14285714285714285,0.14285714285714285,0.42609960372108713,0.3554895871392035,0.07061001658188365,0.3928143541846994,0.3148167550003292,0.07799759918437021,0.0,0.0,0.0,0.19653944520952193,0.17268542199488493,0.023854023214637005,0.14994009585857912,0.14059078524473562,0.009349310613843503,0.0,0.0,0.0,0.19653944520952193,0.17268542199488493,0.023854023214637005,0.14994009585857912,0.14059078524473562,0.009349310613843503,0.0,0.0,0.0,0.19653944520952193,0.17268542199488493,0.023854023214637005,0.14994009585857912,0.14059078524473562,0.009349310613843503
20,10,22,11,7,1249913.0,1240913.0,0.0072527244053370386,0.04,0.039840637450199015,0,0.2,0.2857142857142857,0.2857142857142857,0.0,0.5080703184283747,0.4950554134697357,0.013014904958638995,0.4474958245762248,0.4721655009233193,0.02466967634709455,0.0,0.0,0.0,0.31129844579972454,0.29307757885763,0.01822086694209457,0.22649415440671467,0.261031701292647,0.03453754688593236,0.0,0.0,0.0,0.31129844579972454,0.29307757885763,0.01822086694209457,0.22649415440671467,0.261031701292647,0.03453754688593236,0.0,0.0,0.0,0.31129844579972454,0.29307757885763,0.01822086694209457,0.22649415440671467,0.261031701292647,0.03453754688593236
20,10,22,11,7,1249913.0,1240913.0,0.0072527244053370386,0.04,0.039840637450199015,0,0.4,0.2857142857142857,0.2857142857142857,0.0,0.6210082026121485,0.6232327490639511,0.0022245464518025893,0.5772111809886449,0.5675919502035075,0.009619230785137378,0.0,0.0,0.0,0.4694114836570079,0.4725258486895316,0.0031143650325237138,0.40809565338410286,0.3946287302849104,0.013466923099192452,0.0,0.0,0.0,0.4694114836570079,0.4725258486895316,0.0031143650325237138,0.40809565338410286,0.3946287302849104,0.013466923099192452,0.0,0.0,0.0,0.4694114836570079,0.4725258486895316,0.0031143650325237138,0.40809565338410286,0.3946287302849104,0.013466923099192452
20,10,24,12,7,1249913.0,1261586.0,0.009339049997879852,0.06,0.049933598937583056,0,0.05,0.14285714285714285,0.0,0.14285714285714285,0.33440499945797714,0.24473308011228903,0.0896719193456881,0.3010360875363176,0.17021920508419347,0.13081688245212414,0.0,0.0,0.0,0.1253098563840252,0.1369120264429189,0.01160217005889369,0.08811718921751129,0.06175214589570027,0.026365043321811013,0.0,0.0,0.0,0.1253098563840252,0.2140933553690991,0.0887834989850739,0.08811718921751129,0.12749902520486073,0.03938183598734944,0.0,0.0,0.0,0.1253098563840252,0.2140933553690991,0.0887834989850739,0.08811718921751129,0.12749902520486073,0.03938183598734944
20,10,24,12,7,1249913.0,1261586.0,0.009339049997879852,0.06,0.049933598937583056,0,0.1,0.2857142857142857,0.0,0.2857142857142857,0.42609960372108713,0.2943265254232891,0.13177307829779805,0.3928143541846994,0.2175496056390654,0.175264748545634,0.0,0.0,0.0,0.19653944520952193,0.17777142130689044,0.018768023902631492,0.14994009585857912,0.1049499357404515,0.04499016011812762,0.0,0.0,0.0,0.19653944520952193,0.24814285108907538,0.05160340587955345,0.14994009585857912,0.1634971834088201,0.013557087550240987,0.0,0.0,0.0,0.19653944520952193,0.24814285108907538,0.05160340587955345,0.14994009585857912,0.1634971834088201,0.013557087550240987
20,10,24,12,7,1249913.0,1261586.0,0.009339049997879852,0.06,0.049933598937583056,0,0.2,0.2857142857142857,0.14285714285714285,0.14285714285714285,0.5080703184283747,0.44602123839619756,0.06204908003217713,0.4474958245762248,0.3807026506516532,0.06679317392457157,0.0,0.0,0.0,0.31129844579972454,0.2815725908975336,0.02972585490219093,0.22649415440671467,0.20818118326618476,0.018312971140529904,0.0,0.16666666666666666,0.16666666666666666,0.31129844579972454,0.4013104924146114,0.09001204661488688,0.22649415440671467,0.340150986055154,0.11365683164843932,0.0,0.16666666666666666,0.16666666666666666,0.31129844579972454,0.4013104924146114,0.09001204661488688,0.22649415440671467,0.340150986055154,0.11365683164843932
20,10,24,12,7,1249913.0,1261586.0,0.009339049997879852,0.06,0.049933598937583056,0,0.4,0.2857142857142857,0.2857142857142857,0.0,0.6210082026121485,0.6322940503432495,0.011285847731100973,0.5772111809886449,0.5736923221914199,0.003518858797225022,0.0,0.0,0.0,0.4694114836570079,0.4852116704805492,0.015800186823541285,0.40809565338410286,0.40316925106798784,0.0049264023161150194,0.0,0.16666666666666666,0.16666666666666666,0.4694114836570079,0.5710097254004577,0.10159824174344978,0.40809565338410286,0.5026410425566565,0.09454538917255367,0.0,0.16666666666666666,0.16666666666666666,0.4694114836570079,0.5710097254004577,0.10159824174344978,0.40809565338410286,0.5026410425566565,0.09454538917255367
20,10,26,13,7,1249913.0,1251866.0,0.0015625087506090424,0.08,0.05232403718459486,0,0.05,0.14285714285714285,0.0,0.14285714285714285,0.33440499945797714,0.1910504781622794,0.14335452129569773,0.3010360875363176,0.14453492693156825,0.15650116060474936,0.0,0.0,0.0,0.1253098563840252,0.10747066942719115,0.01783918695683405,0.08811718921751129,0.05332786669654591,0.03478932252096537,0.0,0.0,0.0,0.1253098563840252,0.18955889118932598,0.06424903480530078,0.08811718921751129,0.12909948219407116,0.04098229297655988,0.0,0.0,0.0,0.1253098563840252,0.18955889118932598,0.06424903480530078,0.08811718921751129,0.12909948219407116,0.04098229297655988
20,10,26,13,7,1249913.0,1251866.0,0.0015625087506090424,0.08,0.05232403718459486,0,0.1,0.2857142857142857,0.0,0.2857142857142857,0.42609960372108713,0.2968268237882491,0.12927277993283803,0.3928143541846994,0.23778113844146698,0.15503321574323242,0.0,0.0,0.0,0.19653944520952193,0.17555755330354872,0.020981891905973216,0.14994009585857912,0.12019097077060317,0.029749125087975947,0.0,0.0,0.0,0.19653944520952193,0.24629796108629062,0.04975851587676869,0.14994009585857912,0.18481873558911888,0.03487863973053976,0.0,0.0,0.0,0.19653944520952193,0.24629796108629062,0.04975851587676869,0.14994009585857912,0.18481873558911888,0.03487863973053976
20,10,26,13,7,1249913.0,1251866.0,0.0015625087506090424,0.08,0.05232403718459486,0,0.2,0.2857142857142857,0.14285714285714285,0.14285714285714285,0.5080703184283747,0.42276589506893536,0.08530442335943933,0.4474958245762248,0.3866463274961372,0.06084949708008758,0.0,0.0,0.0,0.31129844579972454,0.23187225309650938,0.07942619270321516,0.22649415440671467,0.1860809778975771,0.04041317650913756,0.0,0.16666666666666666,0.16666666666666666,0.31129844579972454,0.3598935442470912,0.04859509844736665,0.22649415440671467,0.3217341482479809,0.09523999384126625,0.0,0.16666666666666666,0.16666666666666666,0.31129844579972454,0.3598935442470912,0.04859509844736665,0.22649415440671467,0.3217341482479809,0.09523999384126625
20,10,26,13,7,1249913.0,1251866.0,0.0015625087506090424,0.08,0.05232403718459486,0,0.4,0.2857142857142857,0.2857142857142857,0.0,0.6210082026121485,0.6125549380698122,0.008453264542336303,0.5772111809886449,0.5683847348384609,0.00882644615018402,0.0,0.0,0.0,0.4694114836570079,0.4575769132977371,0.011834570359270824,0.40809565338410286,0.39573862877384497,0.012357024610257894,0.0,0.16666666666666666,0.16666666666666666,0.4694114836570079,0.5479807610814477,0.07856927742443975,0.40809565338410286,0.4964488573115375,0.08835320392743462,0.0,0.16666666666666666,0.16666666666666666,0.4694114836570079,0.5479807610814477,0.07856927742443975,0.40809565338410286,0.4964488573115375,0.08835320392743462
20,10,28,14,7,1249913.0,1244175.0,0.004611891413989189,0.1,0.11049136786188588,0,0.05,0.14285714285714285,0.0,0.14285714285714285,0.33440499945797714,0.26122448979591834,0.0731805096620588,0.3010360875363176,0.2100630221129912,0.09097306542332642,0.0,0.0,0.0,0.1253098563840252,0.1658730158730159,0.0405631594889907,0.08811718921751129,0.12125605223143356,0.03313886301392227,0.0,0.0,0.0,0.1253098563840252,0.1658730158730159,0.0405631594889907,0.08811718921751129,0.12125605223143356,0.03313886301392227,0.0,0.0,0.0,0.1253098563840252,0.1658730158730159,0.0405631594889907,0.08811718921751129,0.12125605223143356,0.03313886301392227
20,10,28,14,7,1249913.0,1244175.0,0.004611891413989189,0.1,0.11049136786188588,0,0.1,0.2857142857142857,0.14285714285714285,0.14285714285714285,0.42609960372108713,0.42176870748299317,0.004330896238093962,0.3928143541846994,0.3817466584346825,0.011067695750016926,0.0,0.0,0.0,0.19653944520952193,0.3253968253968254,0.12885738018730347,0.14994009585857912,0.278704434840463,0.12876433898188386,0.0,0.0,0.0,0.19653944520952193,0.3253968253968254,0.12885738018730347,0.14994009585857912,0.278704434840463,0.12876433898188386,0.0,0.0,0.0,0.19653944520952193,0.3253968253968254,0.12885738018730347,0.14994009585857912,0.278704434840463,0.12876433898188386
20,10,28,14,7,1249913.0,1244175.0,0.004611891413989189,0.1,0.11049136786188588,0,0.2,0.2857142857142857,0.14285714285714285,0.14285714285714285,0.5080703184283747,0.5608843537414966,0.0528140353131219,0.4474958245762248,0.512041625463797,0.06454580088757217,0.0,0.0,0.0,0.31129844579972454,0.48769841269841274,0.1763999668986882,0.22649415440671467,0.43071522970776316,0.2042210753010485,0.0,0.0,0.0,0.31129844579972454,0.48769841269841274,0.1763999668986882,0.22649415440671467,0.43071522970776316,0.2042210753010485,0.0,0.0,0.0,0.31129844579972454,0.48769841269841274,0.1763999668986882,0.22649415440671467,0.43071522970776316,0.2042210753010485
20,10,28,14,7,1249913.0,1244175.0,0.004611891413989189,0.1,0.11049136786188588,0,0.4,0.2857142857142857,0.2857142857142857,0.0,0.6210082026121485,0.7291208791208791,0.10811267650873058,0.5772111809886449,0.6692697687766197,0.09205858778797482,0.0,0.16666666666666666,0.16666666666666666,0.4694114836570079,0.6839743589743589,0.21456287531735097,0.40809565338410286,0.6141480635727229,0.20605241018862003,0.0,0.16666666666666666,0.16666666666666666,0.4694114836570079,0.6839743589743589,0.21456287531735097,0.40809565338410286,0.6141480635727229,0.20605241018862003,0.0,0.16666666666666666,0.16666666666666666,0.4694114836570079,0.6839743589743589,0.21456287531735097,0.40809565338410286,0.6141480635727229,0.20605241018862003
20,10,30,15,7,1249913.0,1249358.0,0.00044422815558070627,0.08,0.1266932270916334,0,0.05,0.14285714285714285,0.0,0.14285714285714285,0.33440499945797714,0.2510170734960651,0.08338792596191202,0.3010360875363176,0.2286107924347721,0.07242529510154552,0.0,0.0,0.0,0.1253098563840252,0.18634453781512605,0.06103468143110086,0.08811718921751129,0.1468992381566004,0.0587820489390891,0.0,0.0,0.0,0.1253098563840252,0.2510170734960651,0.12570721711203992,0.08811718921751129,0.2286107924347721,0.1404936032172608,0.0,0.0,0.0,0.1253098563840252,0.2510170734960651,0.12570721711203992,0.08811718921751129,0.2286107924347721,0.1404936032172608
20,10,30,15,7,1249913.0,1249358.0,0.00044422815558070627,0.08,0.1266932270916334,0,0.1,0.2857142857142857,0.14285714285714285,0.14285714285714285,0.42609960372108713,0.41696751164233803,0.009132092078749099,0.3928143541846994,0.37429022335789913,0.018524130826800267,0.0,0.0,0.0,0.19653944520952193,0.2726434051881622,0.07610395997864028,0.14994009585857912,0.21632996415334102,0.0663898682947619,0.0,0.14285714285714285,0.14285714285714285,0.19653944520952193,0.41696751164233803,0.2204280664328161,0.14994009585857912,0.37429022335789913,0.22435012749932,0.0,0.14285714285714285,0.14285714285714285,0.19653944520952193,0.41696751164233803,0.2204280664328161,0.14994009585857912,0.37429022335789913,0.22435012749932
20,10,30,15,7,1249913.0,1249358.0,0.00044422815558070627,0.08,0.1266932270916334,0,0.2,0.2857142857142857,0.14285714285714285,0.14285714285714285,0.5080703184283747,0.5603933602426477,0.05232304181427305,0.4474958245762248,0.5259105677046857,0.07841474312846092,0.0,0.0,0.0,0.31129844579972454,0.4067729265619291,0.09547448076220455,0.22649415440671467,0.36739512673676733,0.14090097233005267,0.0,0.14285714285714285,0.14285714285714285,0.31129844579972454,0.5603933602426477,0.2490949144429232,0.22649415440671467,0.5259105677046857,0.29941641329797103,0.0,0.14285714285714285,0.14285714285714285,0.31129844579972454,0.5603933602426477,0.2490949144429232,0.22649415440671467,0.5259105677046857,0.29941641329797103
20,10,30,15,7,1249913.0,1249358.0,0.00044422815558070627,0.08,0.1266932270916334,0,0.4,0.2857142857142857,0.42857142857142855,0.14285714285714285,0.6210082026121485,0.6793086799937367,0.05830047738158817,0.5772111809886449,0.6537509342583513,0.07653975326970641,0.0,0.2,0.2,0.4694114836570079,0.5510321519912313,0.08162066833422343,0.40809565338410286,0.5152513079616918,0.10715565457758897,0.0,0.42857142857142855,0.42857142857142855,0.4694114836570079,0.6793086799937367,0.20989719633672876,0.40809565338410286,0.6537509342583513,0.24565528087424843,0.0,0.42857142857142855,0.42857142857142855,0.4694114836570079,0.6793086799937367,0.20989719633672876,0.40809565338410286,0.6537509342583513,0.24565528087424843
20,10,32,16,7,1249913.0,1244383.0,0.004443969420990161,0.02,0.04276228419654722,0,0.05,0.14285714285714285,0.0,0.14285714285714285,0.33440499945797714,0.15598442275460908,0.17842057670336806,0.3010360875363176,0.10298641414709411,0.1980496733892235,0.0,0.0,0.0,0.1253098563840252,0.08980676328502415,0.03550309309900104,0.08811718921751129,0.07043405562740361,0.017683133590107675,0.0,0.0,0.0,0.1253098563840252,0.08980676328502415,0.03550309309900104,0.08811718921751129,0.07043405562740361,0.017683133590107675,0.0,0.0,0.0,0.1253098563840252,0.08980676328502415,0.03550309309900104,0.08811718921751129,0.07043405562740361,0.017683133590107675
20,10,32,16,7,1249913.0,1244383.0,0.004443969420990161,0.02,0.04276228419654722,0,0.1,0.2857142857142857,0.0,0.2857142857142857,0.42609960372108713,0.26809129448881003,0.1580083092322771,0.3928143541846994,0.19360626694676794,0.19920808723793146,0.0,0.0,0.0,0.19653944520952193,0.15628019323671496,0.04025925197280697,0.14994009585857912,0.10640891846380943,0.04353117739476969,0.0,0.0,0.0,0.19653944520952193,0.15628019323671496,0.04025925197280697,0.14994009585857912,0.10640891846380943,0.04353117739476969,0.0,0.0,0.0,0.19653944520952193,0.15628019323671496,0.04025925197280697,0.14994009585857912,0.10640891846380943,0.04353117739476969
20,10,32,16,7,1249913.0,1244383.0,0.004443969420990161,0.02,0.04276228419654722,0,0.2,0.2857142857142857,0.14285714285714285,0.14285714285714285,0.5080703184283747,0.3601547865523021,0.1479155318760726,0.4474958245762248,0.31215424873584746,0.13534157584037732,0.0,0.0,0.0,0.31129844579972454,0.21850241545893717,0.09279603034078737,0.22649415440671467,0.15170789135814855,0.07478626304856612,0.0,0.0,0.0,0.31129844579972454,0.21850241545893717,0.09279603034078737,0.22649415440671467,0.15170789135814855,0.07478626304856612,0.0,0.0,0.0,0.31129844579972454,0.21850241545893717,0.09279603034078737,0.22649415440671467,0.15170789135814855,0.07478626304856612
20,10,32,16,7,1249913.0,1244383.0,0.004443969420990161,0.02,0.04276228419654722,0,0.4,0.2857142857142857,0.14285714285714285,0.14285714285714285,0.6210082026121485,0.5086315685694568,0.11237663404269171,0.5772111809886449,0.49182462696238755,0.08538655402625733,0.0,0.0,0.0,0.4694114836570079,0.36922705314009663,0.10018443051691128,0.40809565338410286,0.33752762150721616,0.0705680318768867,0.0,0.0,0.0,0.4694114836570079,0.36922705314009663,0.10018443051691128,0.40809565338410286,0.33752762150721616,0.0705680318768867,0.0,0.0,0.0,0.4694114836570079,0.36922705314009663,0.10018443051691128,0.40809565338410286,0.33752762150721616,0.0705680318768867
20,10,34,17,7,1249913.0,1248876.0,0.0008303466477056169,0.06,0.08525896414342617,0,0.05,0.14285714285714285,0.0,0.14285714285714285,0.33440499945797714,0.14531306621532183,0.1890919332426553,0.3010360875363176,0.12772046049300237,0.17331562704331524,0.0,0.0,0.0,0.1253098563840252,0.05581924508240297,0.06949061130162223,0.08811718921751129,0.03722847202554136,0.050888717191969926,0.0,0.0,0.0,0.1253098563840252,0.05581924508240297,0.06949061130162223,0.08811718921751129,0.03722847202554136,0.050888717191969926,0.0,0.0,0.0,0.1253098563840252,0.05581924508240297,0.06949061130162223,0.08811718921751129,0.03722847202554136,0.050888717191969926
20,10,34,17,7,1249913.0,1248876.0,0.0008303466477056169,0.06,0.08525896414342617,0,0.1,0.2857142857142857,0.0,0.2857142857142857,0.42609960372108713,0.27845284206186466,0.14764676165922247,0.3928143541846994,0.2797967972989716,0.11301755688572779,0.0,0.0,0.0,0.19653944520952193,0.1469768360294676,0.04956260918005434,0.14994009585857912,0.14713311249365965,0.0028069833649194686,0.0,0.0,0.0,0.19653944520952193,0.1469768360294676,0.04956260918005434,0.14994009585857912,0.14713311249365965,0.0028069833649194686,0.0,0.0,0.0,0.19653944520952193,0.1469768360294676,0.04956260918005434,0.14994009585857912,0.14713311249365965,0.0028069833649194686
20,10,34,17,7,1249913.0,1248876.0,0.0008303466477056169,0.06,0.08525896414342617,0,0.2,0.2857142857142857,0.14285714285714285,0.14285714285714285,0.5080703184283747,0.4905922815697252,0.017478036858649515,0.4474958245762248,0.4364429876620713,0.011052836914153485,0.0,0.0,0.0,0.31129844579972454,0.32016252753094854,0.008864081731223994,0.22649415440671467,0.25096101112926655,0.02446685672255189,0.0,0.0,0.0,0.31129844579972454,0.32016252753094854,0.008864081731223994,0.22649415440671467,0.25096101112926655,0.02446685672255189,0.0,0.0,0.0,0.31129844579972454,0.32016252753094854,0.008864081731223994,0.22649415440671467,0.25096101112926655,0.02446685672255189
20,10,34,17,7,1249913.0,1248876.0,0.0008303466477056169,0.06,0.08525896414342617,0,0.4,0.2857142857142857,0.2857142857142857,0.0,0.6210082026121485,0.6200106326422116,0.00099756996993694,0.5772111809886449,0.570943451262581,0.006267729726063931,0.0,0.0,0.0,0.4694114836570079,0.4680148856990963,0.0013965979579116383,0.40809565338410286,0.39932083176761335,0.008774821616489514,0.0,0.0,0.0,0.4694114836570079,0.4680148856990963,0.0013965979579116383,0.40809565338410286,0.39932083176761335,0.008774821616489514,0.0,0.0,0.0,0.4694114836570079,0.4680148856990963,0.0013965979579116383,0.40809565338410286,0.39932083176761335,0.008774821616489514
20,10,36,18,7,1249913.0,1244191.0,0.0045989723442783305,0.06,0.07702523240371836,0,0.05,0.14285714285714285,0.14285714285714285,0.0,0.33440499945797714,0.24033816425120774,0.0940668352067694,0.3010360875363176,0.22052798593664075,0.08050810159967686,0.0,0.0,0.0,0.1253098563840252,0.09202898550724638,0.03328087087677882,0.08811718921751129,0.07265557195046093,0.015461617267050351,0.0,0.0,0.0,0.1253098563840252,0.11372785829307568,0.011581998090949522,0.08811718921751129,0.09061598359274751,0.0024987943752362296,0.0,0.0,0.0,0.1253098563840252,0.11372785829307568,0.011581998090949522,0.08811718921751129,0.09061598359274751,0.0024987943752362296
20,10,36,18,7,1249913.0,1244191.0,0.0045989723442783305,0.06,0.07702523240371836,0,0.1,0.2857142857142857,0.14285714285714285,0.14285714285714285,0.42609960372108713,0.3219461697722567,0.10415343394883042,0.3928143541846994,0.2895204008467262,0.1032939533379732,0.0,0.0,0.0,0.19653944520952193,0.16183574879227053,0.034703696417251406,0.14994009585857912,0.1087389022195201,0.041201193639059025,0.0,0.0,0.0,0.19653944520952193,0.20893719806763286,0.012397752858110928,0.14994009585857912,0.1711071343211806,0.021167038462601484,0.0,0.0,0.0,0.19653944520952193,0.20893719806763286,0.012397752858110928,0.14994009585857912,0.1711071343211806,0.021167038462601484
20,10,36,18,7,1249913.0,1244191.0,0.0045989723442783305,0.06,0.07702523240371836,0,0.2,0.2857142857142857,0.14285714285714285,0.14285714285714285,0.5080703184283747,0.42908902691511386,0.07898129151326083,0.4474958245762248,0.3755464001056278,0.07194942447059699,0.0,0.0,0.0,0.31129844579972454,0.2896135265700483,0.021684919229676247,0.22649415440671467,0.20519290294215833,0.02130125146455633,0.0,0.0,0.0,0.31129844579972454,0.33393719806763283,0.02263875226790829,0.22649415440671467,0.27147080012323244,0.04497664571651777,0.0,0.0,0.0,0.31129844579972454,0.33393719806763283,0.02263875226790829,0.22649415440671467,0.27147080012323244,0.04497664571651777
20,10,36,18,7,1249913.0,1244191.0,0.0045989723442783305,0.06,0.07702523240371836,0,0.4,0.2857142857142857,0.14285714285714285,0.14285714285714285,0.6210082026121485,0.597333136153012,0.02367506645913653,0.5772111809886449,0.5621981992088065,0.015012981779838341,0.0,0.0,0.0,0.4694114836570079,0.4807108350586612,0.01129935140165328,0.40809565338410286,0.43724249539397925,0.029146842009876384,0.0,0.0,0.0,0.4694114836570079,0.530221992178514,0.060810508521506046,0.40809565338410286,0.4892312324102743,0.08113557902617141,0.0,0.0,0.0,0.4694114836570079,0.530221992178514,0.060810508521506046,0.40809565338410286,0.4892312324102743,0.08113557902617141
20,10,38,19,7,1249913.0,1244383.0,0.004443969420990161,0.04,0.058432934926958814,0,0.05,0.14285714285714285,0.0,0.14285714285714285,0.33440499945797714,0.1958519487123606,0.13855305074561652,0.3010360875363176,0.15229308170999137,0.14874300582632624,0.0,0.0,0.0,0.1253098563840252,0.09085939486397152,0.03445046152005368,0.08811718921751129,0.07170947966944699,0.016407709548064295,0.0,0.0,0.0,0.1253098563840252,0.1173828290533096,0.007927027330715597,0.08811718921751129,0.09392456639120582,0.0058073771736945334,0.0,0.0,0.0,0.1253098563840252,0.1173828290533096,0.007927027330715597,0.08811718921751129,0.09392456639120582,0.0058073771736945334
20,10,38,19,7,1249913.0,1244383.0,0.004443969420990161,0.04,0.058432934926958814,0,0.1,0.2857142857142857,0.0,0.2857142857142857,0.42609960372108713,0.31588936108386906,0.11021024263721807,0.3928143541846994,0.24271973169343378,0.15009462249126562,0.0,0.0,0.0,0.19653944520952193,0.17557843885075006,0.020961006358771878,0.14994009585857912,0.13278341735912116,0.017156678499457956,0.0,0.0,0.0,0.19653944520952193,0.2296486990422917,0.033109253832769775,0.14994009585857912,0.18773618113260096,0.03779608527402184,0.0,0.0,0.0,0.19653944520952193,0.2296486990422917,0.033109253832769775,0.14994009585857912,0.18773618113260096,0.03779608527402184
20,10,38,19,7,1249913.0,1244383.0,0.004443969420990161,0.04,0.058432934926958814,0,0.2,0.2857142857142857,0.14285714285714285,0.14285714285714285,0.5080703184283747,0.4249119174748465,0.08315840095352817,0.4474958245762248,0.36676333583209153,0.08073248874413325,0.0,0.0,0.0,0.31129844579972454,0.2948766844647851,0.016421761334939444,0.22649415440671467,0.22096867016492813,0.005525484241786532,0.0,0.0,0.0,0.31129844579972454,0.32906390372065425,0.017765457920929706,0.22649415440671467,0.26122389180410677,0.0347297373973921,0.0,0.0,0.0,0.31129844579972454,0.32906390372065425,0.017765457920929706,0.22649415440671467,0.26122389180410677,0.0347297373973921
20,10,38,19,7,1249913.0,1244383.0,0.004443969420990161,0.04,0.058432934926958814,0,0.4,0.2857142857142857,0.14285714285714285,0.14285714285714285,0.6210082026121485,0.5994216908731457,0.021586511739002834,0.5772111809886449,0.5617980526409383,0.015413128347706584,0.0,0.0,0.0,0.4694114836570079,0.48919036722240383,0.01977888356539592,0.40809565338410286,0.42526727369731354,0.017171620313210678,0.0,0.0,0.0,0.4694114836570079,0.5326586393520032,0.06324715569499528,0.40809565338410286,0.48876439474776134,0.08066874136365848,0.0,0.0,0.0,0.4694114836570079,0.5326586393520032,0.06324715569499528,0.40809565338410286,0.48876439474776134,0.08066874136365848
21,10,23,11,8,1274465.0,1271035.0,0.002698588158469279,0.1,0.07224435590969451,0,0.05,0.25,0.125,0.125,0.3905924570785252,0.3429934045423176,0.04759905253620761,0.36847697577646626,0.2996828476204132,0.06879412815605307,0.0,0.0,0.0,0.14494793132564032,0.12339262187088273,0.021555309454757587,0.10862670639284769,0.07712328492306665,0.03150342146978104,0.0,0.0,0.0,0.14494793132564032,0.19541977748499487,0.050471846159354544,0.10862670639284769,0.1482110099419716,0.0395843035491239,0.0,0.0,0.0,0.14494793132564032,0.19541977748499487,0.050471846159354544,0.10862670639284769,0.1482110099419716,0.0395843035491239
21,10,23,11,8,1274465.0,1271035.0,0.002698588158469279,0.1,0.07224435590969451,0,0.1,0.375,0.25,0.125,0.5235364480720518,0.4755408314511575,0.0479956166208943,0.4948960681868569,0.4437907548076897,0.05110531337916718,0.0,0.0,0.0,0.23765831691528283,0.2180081874647092,0.019650129450573622,0.191833709098971,0.16252422408574602,0.029309485013224973,0.0,0.16666666666666666,0.16666666666666666,0.23765831691528283,0.348340156220591,0.11068183930530817,0.191833709098971,0.302103520071455,0.11026981097248403,0.0,0.16666666666666666,0.16666666666666666,0.23765831691528283,0.348340156220591,0.11068183930530817,0.191833709098971,0.302103520071455,0.11026981097248403
21,10,23,11,8,1274465.0,1271035.0,0.002698588158469279,0.1,0.07224435590969451,0,0.2,0.375,0.375,0.0,0.5752951898462735,0.6139301595143986,0.038634969668125074,0.5534733800481877,0.5900094344624447,0.036536054414257,0.0,0.0,0.0,0.3204723037540375,0.3822882552230378,0.06181595146900026,0.28555740807710017,0.34401509513991146,0.05845768706281129,0.0,0.16666666666666666,0.16666666666666666,0.3204723037540375,0.4852402126858648,0.1647679089318273,0.28555740807710017,0.4533459126165929,0.16778850453949273,0.0,0.16666666666666666,0.16666666666666666,0.3204723037540375,0.4852402126858648,0.1647679089318273,0.28555740807710017,0.4533459126165929,0.16778850453949273
21,10,23,11,8,1274465.0,1271035.0,0.002698588158469279,0.1,0.07224435590969451,0,0.4,0.375,0.5,0.125,0.7296407797568788,0.7640139751552795,0.03437319539840067,0.7046773764002755,0.7324174003530438,0.02774002395276831,0.0,0.2,0.2,0.5674252476110061,0.6224223602484471,0.054997112637441004,0.5274838022404407,0.5718678405648701,0.04438403832442939,0.0,0.3333333333333333,0.3333333333333333,0.5674252476110061,0.6853519668737059,0.11792671926269982,0.5274838022404407,0.6432232004707251,0.11573939823028445,0.0,0.3333333333333333,0.3333333333333333,0.5674252476110061,0.6853519668737059,0.11792671926269982,0.5274838022404407,0.6432232004707251,0.11573939823028445
21,10,25,12,8,1274465.0,1270292.0,0.0032850714638838945,0.14,0.09933598937583006,0,0.05,0.25,0.125,0.125,0.3905924570785252,0.2824031267645398,0.10818933031398537,0.36847697577646626,0.250603671020914,0.11787330475555224,0.0,0.0,0.0,0.14494793132564032,0.11463274044795783,0.030315190877682488,0.10862670639284769,0.08277210780930609,0.025854598583541596,0.0,0.0,0.0,0.14494793132564032,0.11463274044795783,0.030315190877682488,0.10862670639284769,0.08277210780930609,0.025854598583541596,0.0,0.0,0.0,0.14494793132564032,0.11463274044795783,0.030315190877682488,0.10862670639284769,0.08277210780930609,0.025854598583541596
21,10,25,12,8,1274465.0,1270292.0,0.0032850714638838945,0.14,0.09933598937583006,0,0.1,0.375,0.25,0.125,0.5235364480720518,0.457906902879729,0.06562954519232278,0.4948960681868569,0.45094771172479353,0.043948356462063354,0.0,0.16666666666666666,0.16666666666666666,0.23765831691528283,0.3248282514586862,0.08716993454340338,0.191833709098971,0.3116461292942604,0.1198124201952894,0.0,0.16666666666666666,0.16666666666666666,0.23765831691528283,0.3248282514586862,0.08716993454340338,0.191833709098971,0.3116461292942604,0.1198124201952894,0.0,0.16666666666666666,0.16666666666666666,0.23765831691528283,0.3248282514586862,0.08716993454340338,0.191833709098971,0.3116461292942604,0.1198124201952894
21,10,25,12,8,1274465.0,1270292.0,0.0032850714638838945,0.14,0.09933598937583006,0,0.2,0.375,0.375,0.0,0.5752951898462735,0.6114748023715415,0.03617961252526802,0.5534733800481877,0.5825611901493726,0.029087810101184886,0.0,0.16666666666666666,0.16666666666666666,0.3204723037540375,0.48196640316205525,0.16149409940801773,0.28555740807710017,0.44341492019916345,0.15785751212206328,0.0,0.16666666666666666,0.16666666666666666,0.3204723037540375,0.48196640316205525,0.16149409940801773,0.28555740807710017,0.44341492019916345,0.15785751212206328,0.0,0.16666666666666666,0.16666666666666666,0.3204723037540375,0.48196640316205525,0.16149409940801773,0.28555740807710017,0.44341492019916345,0.15785751212206328
21,10,25,12,8,1274465.0,1270292.0,0.0032850714638838945,0.14,0.09933598937583006,0,0.4,0.375,0.5,0.125,0.7296407797568788,0.7757330984233157,0.04609231866643693,0.7046773764002755,0.7480972901616527,0.043419913761377216,0.0,0.3333333333333333,0.3333333333333333,0.5674252476110061,0.700977464564421,0.1335522169534149,0.5274838022404407,0.664129720215537,0.1366459179750963,0.0,0.3333333333333333,0.3333333333333333,0.5674252476110061,0.700977464564421,0.1335522169534149,0.5274838022404407,0.664129720215537,0.1366459179750963,0.0,0.3333333333333333,0.3333333333333333,0.5674252476110061,0.700977464564421,0.1335522169534149,0.5274838022404407,0.664129720215537,0.1366459179750963
21,10,27,13,8,1274465.0,1270571.0,0.003064763795175555,0.12,0.0778220451527224,0,0.05,0.25,0.25,0.0,0.3905924570785252,0.3772233503211764,0.013369106757348814,0.36847697577646626,0.3367609885725343,0.03171598720393198,0.0,0.0,0.0,0.14494793132564032,0.16963113376156855,0.024683202435928225,0.10862670639284769,0.11568131809671232,0.0070546117038646355,0.0,0.0,0.0,0.14494793132564032,0.16963113376156855,0.024683202435928225,0.10862670639284769,0.11568131809671232,0.0070546117038646355,0.0,0.0,0.0,0.14494793132564032,0.16963113376156855,0.024683202435928225,0.10862670639284769,0.11568131809671232,0.0070546117038646355
21,10,27,13,8,1274465.0,1270571.0,0.003064763795175555,0.12,0.0778220451527224,0,0.1,0.375,0.25,0.125,0.5235364480720518,0.4749416042894304,0.04859484378262141,0.4948960681868569,0.4387617940645224,0.05613427412233446,0.0,0.0,0.0,0.23765831691528283,0.2999221390525738,0.06226382213729098,0.191833709098971,0.2516823920860299,0.05984868298705889,0.0,0.0,0.0,0.23765831691528283,0.2999221390525738,0.06226382213729098,0.191833709098971,0.2516823920860299,0.05984868298705889,0.0,0.0,0.0,0.23765831691528283,0.2999221390525738,0.06226382213729098,0.191833709098971,0.2516823920860299,0.05984868298705889
21,10,27,13,8,1274465.0,1270571.0,0.003064763795175555,0.12,0.0778220451527224,0,0.2,0.375,0.375,0.0,0.5752951898462735,0.5708296836014227,0.004465506244850759,0.5534733800481877,0.5370916019956608,0.01638177805252694,0.0,0.16666666666666666,0.16666666666666666,0.3204723037540375,0.4277729114685636,0.1073006077145261,0.28555740807710017,0.38278880266088083,0.09723139458378066,0.0,0.16666666666666666,0.16666666666666666,0.3204723037540375,0.4277729114685636,0.1073006077145261,0.28555740807710017,0.38278880266088083,0.09723139458378066,0.0,0.16666666666666666,0.16666666666666666,0.3204723037540375,0.4277729114685636,0.1073006077145261,0.28555740807710017,0.38278880266088083,0.09723139458378066
21,10,27,13,8,1274465.0,1270571.0,0.003064763795175555,0.12,0.0778220451527224,0,0.4,0.375,0.375,0.0,0.7296407797568788,0.7173183097096141,0.012322470047264722,0.7046773764002755,0.682732518996695,0.021944857403580542,0.0,0.16666666666666666,0.16666666666666666,0.5674252476110061,0.6230910796128187,0.05566583200181263,0.5274838022404407,0.5769766919955933,0.04949288975515265,0.0,0.16666666666666666,0.16666666666666666,0.5674252476110061,0.6230910796128187,0.05566583200181263,0.5274838022404407,0.5769766919955933,0.04949288975515265,0.0,0.16666666666666666,0.16666666666666666,0.5674252476110061,0.6230910796128187,0.05566583200181263,0.5274838022404407,0.5769766919955933,0.04949288975515265
21,10,29,14,8,1274465.0,1263846.0,0.008402131272322736,0.12,0.04143426294820706,0,0.05,0.25,0.25,0.0,0.3905924570785252,0.3857919254658385,0.004800531612686676,0.36847697577646626,0.35523987740303314,0.01323709837343312,0.0,0.0,0.0,0.14494793132564032,0.11726708074534162,0.027680850580298705,0.10862670639284769,0.0886596659138186,0.019967040479029086,0.0,0.0,0.0,0.14494793132564032,0.11726708074534162,0.027680850580298705,0.10862670639284769,0.0886596659138186,0.019967040479029086,0.0,0.0,0.0,0.14494793132564032,0.11726708074534162,0.027680850580298705,0.10862670639284769,0.0886596659138186,0.019967040479029086
21,10,29,14,8,1274465.0,1263846.0,0.008402131272322736,0.12,0.04143426294820706,0,0.1,0.375,0.375,0.0,0.5235364480720518,0.5055124223602484,0.018024025711803393,0.4948960681868569,0.4917625715970936,0.003133496589763307,0.0,0.0,0.0,0.23765831691528283,0.2088198757763975,0.02883844113888534,0.191833709098971,0.1868201145553498,0.005013594543621186,0.0,0.0,0.0,0.23765831691528283,0.2088198757763975,0.02883844113888534,0.191833709098971,0.1868201145553498,0.005013594543621186,0.0,0.0,0.0,0.23765831691528283,0.2088198757763975,0.02883844113888534,0.191833709098971,0.1868201145553498,0.005013594543621186
21,10,29,14,8,1274465.0,1263846.0,0.008402131272322736,0.12,0.04143426294820706,0,0.2,0.375,0.375,0.0,0.5752951898462735,0.6121376811594204,0.036842491313146875,0.5534733800481877,0.5880851740487746,0.03461179400058689,0.0,0.0,0.0,0.3204723037540375,0.37942028985507237,0.058947986101034855,0.28555740807710017,0.3409362784780394,0.05537887040093925,0.0,0.0,0.0,0.3204723037540375,0.37942028985507237,0.058947986101034855,0.28555740807710017,0.3409362784780394,0.05537887040093925,0.0,0.0,0.0,0.3204723037540375,0.37942028985507237,0.058947986101034855,0.28555740807710017,0.3409362784780394,0.05537887040093925
21,10,29,14,8,1274465.0,1263846.0,0.008402131272322736,0.12,0.04143426294820706,0,0.4,0.375,0.375,0.0,0.7296407797568788,0.7518115942028986,0.02217081444601976,0.7046773764002755,0.7286411367655309,0.023963760365255382,0.0,0.0,0.0,0.5674252476110061,0.6028985507246377,0.035473303113631616,0.5274838022404407,0.5658258188248493,0.03834201658440861,0.0,0.0,0.0,0.5674252476110061,0.6028985507246377,0.035473303113631616,0.5274838022404407,0.5658258188248493,0.03834201658440861,0.0,0.0,0.0,0.5674252476110061,0.6028985507246377,0.035473303113631616,0.5274838022404407,0.5658258188248493,0.03834201658440861
21,10,31,15,8,1274465.0,1266770.0,0.006074504448321322,0.1,0.04143426294820707,0,0.05,0.25,0.125,0.125,0.3905924570785252,0.33619828993470297,0.054394167143822225,0.36847697577646626,0.3100361554827992,0.05844082029366704,0.0,0.0,0.0,0.14494793132564032,0.10363154960981047,0.04131638171582985,0.10862670639284769,0.05965147942057801,0.04897522697226968,0.0,0.0,0.0,0.14494793132564032,0.10363154960981047,0.04131638171582985,0.10862670639284769,0.05965147942057801,0.04897522697226968,0.0,0.0,0.0,0.14494793132564032,0.10363154960981047,0.04131638171582985,0.10862670639284769,0.05965147942057801,0.04897522697226968
21,10,31,15,8,1274465.0,1266770.0,0.006074504448321322,0.1,0.04143426294820707,0,0.1,0.375,0.25,0.125,0.5235364480720518,0.4895268454371715,0.03400960263488029,0.4948960681868569,0.48026978533377257,0.014626282853084316,0.0,0.0,0.0,0.23765831691528283,0.24038580984233157,0.0027274929270487414,0.191833709098971,0.22089067292747888,0.029056963828507892,0.0,0.0,0.0,0.23765831691528283,0.24038580984233157,0.0027274929270487414,0.191833709098971,0.22089067292747888,0.029056963828507892,0.0,0.0,0.0,0.23765831691528283,0.24038580984233157,0.0027274929270487414,0.191833709098971,0.22089067292747888,0.029056963828507892
21,10,31,15,8,1274465.0,1266770.0,0.006074504448321322,0.1,0.04143426294820707,0,0.2,0.375,0.375,0.0,0.5752951898462735,0.6100257306099697,0.034730540763696194,0.5534733800481877,0.5932797632389352,0.039806383190747474,0.0,0.0,0.0,0.3204723037540375,0.3760411689759516,0.055568865221914066,0.28555740807710017,0.34924762118229624,0.06369021310519607,0.0,0.0,0.0,0.3204723037540375,0.3760411689759516,0.055568865221914066,0.28555740807710017,0.34924762118229624,0.06369021310519607,0.0,0.0,0.0,0.3204723037540375,0.3760411689759516,0.055568865221914066,0.28555740807710017,0.34924762118229624,0.06369021310519607
21,10,31,15,8,1274465.0,1266770.0,0.006074504448321322,0.1,0.04143426294820707,0,0.4,0.375,0.5,0.125,0.7296407797568788,0.7823436753463927,0.05270289558951391,0.7046773764002755,0.7369928006182584,0.032315424217982947,0.0,0.2,0.2,0.5674252476110061,0.6517498805542283,0.08432463294322223,0.5274838022404407,0.5791884809892136,0.051704678748772936,0.0,0.2,0.2,0.5674252476110061,0.6517498805542283,0.08432463294322223,0.5274838022404407,0.5791884809892136,0.051704678748772936,0.0,0.2,0.2,0.5674252476110061,0.6517498805542283,0.08432463294322223,0.5274838022404407,0.5791884809892136,0.051704678748772936
21,10,33,16,8,1274465.0,1270167.0,0.0033838070112040385,0.14,0.08632138114209839,0,0.05,0.25,0.125,0.125,0.3905924570785252,0.33937428061069363,0.051218176467831555,0.36847697577646626,0.29578977859750427,0.07268719717896199,0.0,0.0,0.0,0.14494793132564032,0.19059427890949632,0.045646347583855995,0.10862670639284769,0.1430202512447598,0.03439354485191212,0.0,0.0,0.0,0.14494793132564032,0.19059427890949632,0.045646347583855995,0.10862670639284769,0.1430202512447598,0.03439354485191212,0.0,0.0,0.0,0.14494793132564032,0.19059427890949632,0.045646347583855995,0.10862670639284769,0.1430202512447598,0.03439354485191212
21,10,33,16,8,1274465.0,1270167.0,0.0033838070112040385,0.14,0.08632138114209839,0,0.1,0.375,0.25,0.125,0.5235364480720518,0.47361775452808064,0.04991869354397116,0.4948960681868569,0.456041120201753,0.03885494798510386,0.0,0.16666666666666666,0.16666666666666666,0.23765831691528283,0.34577605365648845,0.10811773674120562,0.191833709098971,0.31843734059687295,0.12660363149790196,0.0,0.16666666666666666,0.16666666666666666,0.23765831691528283,0.34577605365648845,0.10811773674120562,0.191833709098971,0.31843734059687295,0.12660363149790196,0.0,0.16666666666666666,0.16666666666666666,0.23765831691528283,0.34577605365648845,0.10811773674120562,0.191833709098971,0.31843734059687295,0.12660363149790196
21,10,33,16,8,1274465.0,1270167.0,0.0033838070112040385,0.14,0.08632138114209839,0,0.2,0.375,0.375,0.0,0.5752951898462735,0.606237851822091,0.03094266197581752,0.5534733800481877,0.5856574333042726,0.032184053256084866,0.0,0.16666666666666666,0.16666666666666666,0.3204723037540375,0.4749838024294546,0.15451149867541708,0.28555740807710017,0.44754324440569676,0.1619858363285966,0.0,0.16666666666666666,0.16666666666666666,0.3204723037540375,0.4749838024294546,0.15451149867541708,0.28555740807710017,0.44754324440569676,0.1619858363285966,0.0,0.16666666666666666,0.16666666666666666,0.3204723037540375,0.4749838024294546,0.15451149867541708,0.28555740807710017,0.44754324440569676,0.1619858363285966
21,10,33,16,8,1274465.0,1270167.0,0.0033838070112040385,0.14,0.08632138114209839,0,0.4,0.375,0.375,0.0,0.7296407797568788,0.7566166849454893,0.026975905188610483,0.7046773764002755,0.72682406348904,0.02214668708876455,0.0,0.16666666666666666,0.16666666666666666,0.5674252476110061,0.6754889132606524,0.10806366564964631,0.5274838022404407,0.6357654179853868,0.1082816157449461,0.0,0.16666666666666666,0.16666666666666666,0.5674252476110061,0.6754889132606524,0.10806366564964631,0.5274838022404407,0.6357654179853868,0.1082816157449461,0.0,0.16666666666666666,0.16666666666666666,0.5674252476110061,0.6754889132606524,0.10806366564964631,0.5274838022404407,0.6357654179853868,0.1082816157449461
21,10,35,17,8,1274465.0,1266542.0,0.0062556156842805055,0.12,0.08446215139442241,0,0.05,0.25,0.0,0.25,0.3905924570785252,0.2545833333333334,0.1360091237451918,0.36847697577646626,0.27400509287599784,0.09447188290046843,0.0,0.0,0.0,0.14494793132564032,0.074,0.07094793132564033,0.10862670639284769,0.05608374384236453,0.05254296255048316,0.0,0.0,0.0,0.14494793132564032,0.145,5.2068674359667666e-05,0.10862670639284769,0.13764554411106134,0.029018837718213647,0.0,0.0,0.0,0.14494793132564032,0.145,5.2068674359667666e-05,0.10862670639284769,0.13764554411106134,0.029018837718213647
21,10,35,17,8,1274465.0,1266542.0,0.0062556156842805055,0.12,0.08446215139442241,0,0.1,0.375,0.25,0.125,0.5235364480720518,0.4808134920634921,0.04272295600855969,0.4948960681868569,0.45866962255695815,0.03622644562989874,0.0,0.0,0.0,0.23765831691528283,0.20263492063492064,0.03502339628036219,0.191833709098971,0.1762956385153754,0.015538070583595576,0.0,0.0,0.0,0.23765831691528283,0.3077513227513227,0.07009300583603989,0.191833709098971,0.27822616340927747,0.08639245431030648,0.0,0.0,0.0,0.23765831691528283,0.3077513227513227,0.07009300583603989,0.191833709098971,0.27822616340927747,0.08639245431030648
21,10,35,17,8,1274465.0,1266542.0,0.0062556156842805055,0.12,0.08446215139442241,0,0.2,0.375,0.375,0.0,0.5752951898462735,0.6028769841269841,0.027581794280710614,0.5534733800481877,0.5727264219457388,0.01925304189755106,0.0,0.0,0.0,0.3204723037540375,0.3646031746031746,0.04413087084913708,0.28555740807710017,0.31636227511318193,0.030804867036081762,0.0,0.16666666666666666,0.16666666666666666,0.3204723037540375,0.4705026455026455,0.15003034174860796,0.28555740807710017,0.4303018959276516,0.14474448785055144,0.0,0.16666666666666666,0.16666666666666666,0.3204723037540375,0.4705026455026455,0.15003034174860796,0.28555740807710017,0.4303018959276516,0.14474448785055144
21,10,35,17,8,1274465.0,1266542.0,0.0062556156842805055,0.12,0.08446215139442241,0,0.4,0.375,0.375,0.0,0.7296407797568788,0.7585241147741147,0.028883335017235945,0.7046773764002755,0.7185510942236335,0.013873717823358,0.0,0.0,0.0,0.5674252476110061,0.6136385836385836,0.04621333602757749,0.5274838022404407,0.5496817507578136,0.02219794851737289,0.0,0.16666666666666666,0.16666666666666666,0.5674252476110061,0.678032153032153,0.11060690542114693,0.5274838022404407,0.624734792298178,0.0972509900577373,0.0,0.16666666666666666,0.16666666666666666,0.5674252476110061,0.678032153032153,0.11060690542114693,0.5274838022404407,0.624734792298178,0.0972509900577373
21,10,37,18,8,1274465.0,1260993.0,0.010683643763288139,0.08,0.05577689243027886,0,0.05,0.25,0.125,0.125,0.3905924570785252,0.36733954451345757,0.02325291256506762,0.36847697577646626,0.3347609522488807,0.03371602352758557,0.0,0.0,0.0,0.14494793132564032,0.08488612836438922,0.060061802961251104,0.10862670639284769,0.07402887405388438,0.03459783233896331,0.0,0.0,0.0,0.14494793132564032,0.08488612836438922,0.060061802961251104,0.10862670639284769,0.07402887405388438,0.03459783233896331,0.0,0.0,0.0,0.14494793132564032,0.08488612836438922,0.060061802961251104,0.10862670639284769,0.07402887405388438,0.03459783233896331
21,10,37,18,8,1274465.0,1260993.0,0.010683643763288139,0.08,0.05577689243027886,0,0.1,0.375,0.375,0.0,0.5235364480720518,0.5237663906142167,0.00022994254216490706,0.4948960681868569,0.5088889949632731,0.013992926776416226,0.0,0.0,0.0,0.23765831691528283,0.23802622498274673,0.0003679080674638957,0.191833709098971,0.214222391941237,0.022388682842266,0.0,0.0,0.0,0.23765831691528283,0.23802622498274673,0.0003679080674638957,0.191833709098971,0.214222391941237,0.022388682842266,0.0,0.0,0.0,0.23765831691528283,0.23802622498274673,0.0003679080674638957,0.191833709098971,0.214222391941237,0.022388682842266
21,10,37,18,8,1274465.0,1260993.0,0.010683643763288139,0.08,0.05577689243027886,0,0.2,0.375,0.375,0.0,0.5752951898462735,0.6244392684610076,0.04914407861473413,0.5534733800481877,0.6033066655151165,0.04983328546692878,0.0,0.0,0.0,0.3204723037540375,0.39910282953761217,0.07863052578357466,0.28555740807710017,0.3652906648241863,0.07973325674708615,0.0,0.0,0.0,0.3204723037540375,0.39910282953761217,0.07863052578357466,0.28555740807710017,0.3652906648241863,0.07973325674708615,0.0,0.0,0.0,0.3204723037540375,0.39910282953761217,0.07863052578357466,0.28555740807710017,0.3652906648241863,0.07973325674708615
21,10,37,18,8,1274465.0,1260993.0,0.010683643763288139,0.08,0.05577689243027886,0,0.4,0.375,0.375,0.0,0.7296407797568788,0.7541772840685884,0.024536504311709617,0.7046773764002755,0.7397688295083228,0.03509145310804729,0.0,0.0,0.0,0.5674252476110061,0.6066836545097415,0.03925840689873539,0.5274838022404407,0.5836301272133164,0.05614632497287575,0.0,0.0,0.0,0.5674252476110061,0.6066836545097415,0.03925840689873539,0.5274838022404407,0.5836301272133164,0.05614632497287575,0.0,0.0,0.0,0.5674252476110061,0.6066836545097415,0.03925840689873539,0.5274838022404407,0.5836301272133164,0.05614632497287575
22,11,24,12,7,1240913.0,1261586.0,0.016659507959059176,0.06,0.058964143426294816,0,0.05,0.0,0.0,0.0,0.21421771607193602,0.24473308011228903,0.030515364040353016,0.1570493160788305,0.17021920508419347,0.013169889005362978,0.0,0.0,0.0,0.05823813583404376,0.1369120264429189,0.07867389060887513,0.023959829955086092,0.06175214589570027,0.03779231594061418,0.0,0.0,0.0,0.05823813583404376,0.2140933553690991,0.15585521953505532,0.023959829955086092,0.12749902520486073,0.10353919524977463,0.0,0.0,0.0,0.05823813583404376,0.2140933553690991,0.15585521953505532,0.023959829955086092,0.12749902520486073,0.10353919524977463
22,11,24,12,7,1240913.0,1261586.0,0.016659507959059176,0.06,0.058964143426294816,0,0.1,0.14285714285714285,0.0,0.14285714285714285,0.3554895871392035,0.2943265254232891,0.0611630617159144,0.3148167550003292,0.2175496056390654,0.0972671493612638,0.0,0.0,0.0,0.17268542199488493,0.17777142130689044,0.0050859993120055125,0.14059078524473562,0.1049499357404515,0.03564084950428412,0.0,0.0,0.0,0.17268542199488493,0.24814285108907538,0.07545742909419045,0.14059078524473562,0.1634971834088201,0.02290639816408449,0.0,0.0,0.0,0.17268542199488493,0.24814285108907538,0.07545742909419045,0.14059078524473562,0.1634971834088201,0.02290639816408449
22,11,24,12,7,1240913.0,1261586.0,0.016659507959059176,0.06,0.058964143426294816,0,0.2,0.2857142857142857,0.14285714285714285,0.14285714285714285,0.4950554134697357,0.44602123839619756,0.04903417507353813,0.4721655009233193,0.3807026506516532,0.09146285027166612,0.0,0.0,0.0,0.29307757885763,0.2815725908975336,0.011504987960096358,0.261031701292647,0.20818118326618476,0.05285051802646226,0.0,0.16666666666666666,0.16666666666666666,0.29307757885763,0.4013104924146114,0.10823291355698145,0.261031701292647,0.340150986055154,0.07911928476250696,0.0,0.16666666666666666,0.16666666666666666,0.29307757885763,0.4013104924146114,0.10823291355698145,0.261031701292647,0.340150986055154,0.07911928476250696
22,11,24,12,7,1240913.0,1261586.0,0.016659507959059176,0.06,0.058964143426294816,0,0.4,0.2857142857142857,0.2857142857142857,0.0,0.6232327490639511,0.6322940503432495,0.009061301279298384,0.5675919502035075,0.5736923221914199,0.006100371987912356,0.0,0.0,0.0,0.4725258486895316,0.4852116704805492,0.01268582179101757,0.3946287302849104,0.40316925106798784,0.008540520783077432,0.0,0.16666666666666666,0.16666666666666666,0.4725258486895316,0.5710097254004577,0.09848387671092607,0.3946287302849104,0.5026410425566565,0.10801231227174612,0.0,0.16666666666666666,0.16666666666666666,0.4725258486895316,0.5710097254004577,0.09848387671092607,0.3946287302849104,0.5026410425566565,0.10801231227174612
22,11,26,13,7,1240913.0,1251866.0,0.008826565601295175,0.08,0.03612217795484724,0,0.05,0.0,0.0,0.0,0.21421771607193602,0.1910504781622794,0.023167237909656607,0.1570493160788305,0.14453492693156825,0.012514389147262245,0.0,0.0,0.0,0.05823813583404376,0.10747066942719115,0.04923253359314739,0.023959829955086092,0.05332786669654591,0.02936803674145982,0.0,0.0,0.0,0.05823813583404376,0.18955889118932598,0.1313207553552822,0.023959829955086092,0.12909948219407116,0.10513965223898507,0.0,0.0,0.0,0.05823813583404376,0.18955889118932598,0.1313207553552822,0.023959829955086092,0.12909948219407116,0.10513965223898507
22,11,26,13,7,1240913.0,1251866.0,0.008826565601295175,0.08,0.03612217795484724,0,0.1,0.14285714285714285,0.0,0.14285714285714285,0.3554895871392035,0.2968268237882491,0.05866276335095438,0.3148167550003292,0.23778113844146698,0.07703561655886221,0.0,0.0,0.0,0.17268542199488493,0.17555755330354872,0.002872131308663789,0.14059078524473562,0.12019097077060317,0.020399814474132444,0.0,0.0,0.0,0.17268542199488493,0.24629796108629062,0.0736125390914057,0.14059078524473562,0.18481873558911888,0.04422795034438326,0.0,0.0,0.0,0.17268542199488493,0.24629796108629062,0.0736125390914057,0.14059078524473562,0.18481873558911888,0.04422795034438326
22,11,26,13,7,1240913.0,1251866.0,0.008826565601295175,0.08,0.03612217795484724,0,0.2,0.2857142857142857,0.14285714285714285,0.14285714285714285,0.4950554134697357,0.42276589506893536,0.07228951840080033,0.4721655009233193,0.3866463274961372,0.08551917342718213,0.0,0.0,0.0,0.29307757885763,0.23187225309650938,0.06120532576112059,0.261031701292647,0.1860809778975771,0.07495072339506992,0.0,0.16666666666666666,0.16666666666666666,0.29307757885763,0.3598935442470912,0.06681596538946122,0.261031701292647,0.3217341482479809,0.06070244695533389,0.0,0.16666666666666666,0.16666666666666666,0.29307757885763,0.3598935442470912,0.06681596538946122,0.261031701292647,0.3217341482479809,0.06070244695533389
22,11,26,13,7,1240913.0,1251866.0,0.008826565601295175,0.08,0.03612217795484724,0,0.4,0.2857142857142857,0.2857142857142857,0.0,0.6232327490639511,0.6125549380698122,0.010677810994138892,0.5675919502035075,0.5683847348384609,0.0007927846349533585,0.0,0.0,0.0,0.4725258486895316,0.4575769132977371,0.014948935391794538,0.3946287302849104,0.39573862877384497,0.0011098984889345576,0.0,0.16666666666666666,0.16666666666666666,0.4725258486895316,0.5479807610814477,0.07545491239191604,0.3946287302849104,0.4964488573115375,0.10182012702662707,0.0,0.16666666666666666,0.16666666666666666,0.4725258486895316,0.5479807610814477,0.07545491239191604,0.3946287302849104,0.4964488573115375,0.10182012702662707
22,11,28,14,7,1240913.0,1244175.0,0.0026287096678010466,0.12,0.09482071713147401,0,0.05,0.0,0.0,0.0,0.21421771607193602,0.26122448979591834,0.04700677372398232,0.1570493160788305,0.2100630221129912,0.053013706034160696,0.0,0.0,0.0,0.05823813583404376,0.1658730158730159,0.10763488003897213,0.023959829955086092,0.12125605223143356,0.09729622227634746,0.0,0.0,0.0,0.05823813583404376,0.1658730158730159,0.10763488003897213,0.023959829955086092,0.12125605223143356,0.09729622227634746,0.0,0.0,0.0,0.05823813583404376,0.1658730158730159,0.10763488003897213,0.023959829955086092,0.12125605223143356,0.09729622227634746
22,11,28,14,7,1240913.0,1244175.0,0.0026287096678010466,0.12,0.09482071713147401,0,0.1,0.14285714285714285,0.14285714285714285,0.0,0.3554895871392035,0.42176870748299317,0.06627912034378969,0.3148167550003292,0.3817466584346825,0.06692990343435329,0.0,0.0,0.0,0.17268542199488493,0.3253968253968254,0.15271140340194048,0.14059078524473562,0.278704434840463,0.13811364959572736,0.0,0.0,0.0,0.17268542199488493,0.3253968253968254,0.15271140340194048,0.14059078524473562,0.278704434840463,0.13811364959572736,0.0,0.0,0.0,0.17268542199488493,0.3253968253968254,0.15271140340194048,0.14059078524473562,0.278704434840463,0.13811364959572736
22,11,28,14,7,1240913.0,1244175.0,0.0026287096678010466,0.12,0.09482071713147401,0,0.2,0.2857142857142857,0.14285714285714285,0.14285714285714285,0.4950554134697357,0.5608843537414966,0.0658289402717609,0.4721655009233193,0.512041625463797,0.03987612454047762,0.0,0.0,0.0,0.29307757885763,0.48769841269841274,0.19462083384078277,0.261031701292647,0.43071522970776316,0.16968352841511614,0.0,0.0,0.0,0.29307757885763,0.48769841269841274,0.19462083384078277,0.261031701292647,0.43071522970776316,0.16968352841511614,0.0,0.0,0.0,0.29307757885763,0.48769841269841274,0.19462083384078277,0.261031701292647,0.43071522970776316,0.16968352841511614
22,11,28,14,7,1240913.0,1244175.0,0.0026287096678010466,0.12,0.09482071713147401,0,0.4,0.2857142857142857,0.2857142857142857,0.0,0.6232327490639511,0.7291208791208791,0.10588813005692799,0.5675919502035075,0.6692697687766197,0.1016778185731122,0.0,0.16666666666666666,0.16666666666666666,0.4725258486895316,0.6839743589743589,0.21144851028482725,0.3946287302849104,0.6141480635727229,0.21951933328781248,0.0,0.16666666666666666,0.16666666666666666,0.4725258486895316,0.6839743589743589,0.21144851028482725,0.3946287302849104,0.6141480635727229,0.21951933328781248,0.0,0.16666666666666666,0.16666666666666666,0.4725258486895316,0.6839743589743589,0.21144851028482725,0.3946287302849104,0.6141480635727229,0.21951933328781248
22,11,30,15,7,1240913.0,1249358.0,0.006805473067007921,0.06,0.10517928286852597,0,0.05,0.0,0.0,0.0,0.21421771607193602,0.2510170734960651,0.0367993574241291,0.1570493160788305,0.2286107924347721,0.0715614763559416,0.0,0.0,0.0,0.05823813583404376,0.18634453781512605,0.1281064019810823,0.023959829955086092,0.1468992381566004,0.12293940820151429,0.0,0.0,0.0,0.05823813583404376,0.2510170734960651,0.19277893766202137,0.023959829955086092,0.2286107924347721,0.204650962479686,0.0,0.0,0.0,0.05823813583404376,0.2510170734960651,0.19277893766202137,0.023959829955086092,0.2286107924347721,0.204650962479686
22,11,30,15,7,1240913.0,1249358.0,0.006805473067007921,0.06,0.10517928286852597,0,0.1,0.14285714285714285,0.14285714285714285,0.0,0.3554895871392035,0.41696751164233803,0.06147792450313455,0.3148167550003292,0.37429022335789913,0.05947346835756995,0.0,0.0,0.0,0.17268542199488493,0.2726434051881622,0.09995798319327728,0.14059078524473562,0.21632996415334102,0.0757391789086054,0.0,0.14285714285714285,0.14285714285714285,0.17268542199488493,0.41696751164233803,0.2442820896474531,0.14059078524473562,0.37429022335789913,0.23369943811316352,0.0,0.14285714285714285,0.14285714285714285,0.17268542199488493,0.41696751164233803,0.2442820896474531,0.14059078524473562,0.37429022335789913,0.23369943811316352
22,11,30,15,7,1240913.0,1249358.0,0.006805473067007921,0.06,0.10517928286852597,0,0.2,0.2857142857142857,0.14285714285714285,0.14285714285714285,0.4950554134697357,0.5603933602426477,0.06533794677291205,0.4721655009233193,0.5259105677046857,0.05374506678136637,0.0,0.0,0.0,0.29307757885763,0.4067729265619291,0.11369534770429912,0.261031701292647,0.36739512673676733,0.10636342544412031,0.0,0.14285714285714285,0.14285714285714285,0.29307757885763,0.5603933602426477,0.26731578138501777,0.261031701292647,0.5259105677046857,0.26487886641203867,0.0,0.14285714285714285,0.14285714285714285,0.29307757885763,0.5603933602426477,0.26731578138501777,0.261031701292647,0.5259105677046857,0.26487886641203867
22,11,30,15,7,1240913.0,1249358.0,0.006805473067007921,0.06,0.10517928286852597,0,0.4,0.2857142857142857,0.42857142857142855,0.14285714285714285,0.6232327490639511,0.6793086799937367,0.05607593092978558,0.5675919502035075,0.6537509342583513,0.08615898405484379,0.0,0.2,0.2,0.4725258486895316,0.5510321519912313,0.07850630330169972,0.3946287302849104,0.5152513079616918,0.12062257767678142,0.0,0.42857142857142855,0.42857142857142855,0.4725258486895316,0.6793086799937367,0.20678283130420505,0.3946287302849104,0.6537509342583513,0.2591222039734409,0.0,0.42857142857142855,0.42857142857142855,0.4725258486895316,0.6793086799937367,0.20678283130420505,0.3946287302849104,0.6537509342583513,0.2591222039734409
22,11,32,16,7,1240913.0,1244383.0,0.0027963281873910582,0.06,0.05896414342629481,0,0.05,0.0,0.0,0.0,0.21421771607193602,0.15598442275460908,0.058233293317326934,0.1570493160788305,0.10298641414709411,0.05406290193173638,0.0,0.0,0.0,0.05823813583404376,0.08980676328502415,0.031568627450980394,0.023959829955086092,0.07043405562740361,0.046474225672317515,0.0,0.0,0.0,0.05823813583404376,0.08980676328502415,0.031568627450980394,0.023959829955086092,0.07043405562740361,0.046474225672317515,0.0,0.0,0.0,0.05823813583404376,0.08980676328502415,0.031568627450980394,0.023959829955086092,0.07043405562740361,0.046474225672317515
22,11,32,16,7,1240913.0,1244383.0,0.0027963281873910582,0.06,0.05896414342629481,0,0.1,0.14285714285714285,0.0,0.14285714285714285,0.3554895871392035,0.26809129448881003,0.08739829265039345,0.3148167550003292,0.19360626694676794,0.12121048805356124,0.0,0.0,0.0,0.17268542199488493,0.15628019323671496,0.016405228758169965,0.14059078524473562,0.10640891846380943,0.03418186678092619,0.0,0.0,0.0,0.17268542199488493,0.15628019323671496,0.016405228758169965,0.14059078524473562,0.10640891846380943,0.03418186678092619,0.0,0.0,0.0,0.17268542199488493,0.15628019323671496,0.016405228758169965,0.14059078524473562,0.10640891846380943,0.03418186678092619
22,11,32,16,7,1240913.0,1244383.0,0.0027963281873910582,0.06,0.05896414342629481,0,0.2,0.2857142857142857,0.14285714285714285,0.14285714285714285,0.4950554134697357,0.3601547865523021,0.1349006269174336,0.4721655009233193,0.31215424873584746,0.16001125218747186,0.0,0.0,0.0,0.29307757885763,0.21850241545893717,0.0745751633986928,0.261031701292647,0.15170789135814855,0.10932380993449847,0.0,0.0,0.0,0.29307757885763,0.21850241545893717,0.0745751633986928,0.261031701292647,0.15170789135814855,0.10932380993449847,0.0,0.0,0.0,0.29307757885763,0.21850241545893717,0.0745751633986928,0.261031701292647,0.15170789135814855,0.10932380993449847
22,11,32,16,7,1240913.0,1244383.0,0.0027963281873910582,0.06,0.05896414342629481,0,0.4,0.2857142857142857,0.14285714285714285,0.14285714285714285,0.6232327490639511,0.5086315685694568,0.1146011804944943,0.5675919502035075,0.49182462696238755,0.07576732324111995,0.0,0.0,0.0,0.4725258486895316,0.36922705314009663,0.103298795549435,0.3946287302849104,0.33752762150721616,0.057101108777694254,0.0,0.0,0.0,0.4725258486895316,0.36922705314009663,0.103298795549435,0.3946287302849104,0.33752762150721616,0.057101108777694254,0.0,0.0,0.0,0.4725258486895316,0.36922705314009663,0.103298795549435,0.3946287302849104,0.33752762150721616,0.057101108777694254
22,11,34,17,7,1240913.0,1248876.0,0.006417049382188759,0.08,0.10013280212483394,0,0.05,0.0,0.0,0.0,0.21421771607193602,0.14531306621532183,0.06890464985661418,0.1570493160788305,0.12772046049300237,0.029328855585828123,0.0,0.0,0.0,0.05823813583404376,0.05581924508240297,0.002418890751640791,0.023959829955086092,0.03722847202554136,0.013268642070455267,0.0,0.0,0.0,0.05823813583404376,0.05581924508240297,0.002418890751640791,0.023959829955086092,0.03722847202554136,0.013268642070455267,0.0,0.0,0.0,0.05823813583404376,0.05581924508240297,0.002418890751640791,0.023959829955086092,0.03722847202554136,0.013268642070455267
22,11,34,17,7,1240913.0,1248876.0,0.006417049382188759,0.08,0.10013280212483394,0,0.1,0.14285714285714285,0.0,0.14285714285714285,0.3554895871392035,0.27845284206186466,0.07703674507733882,0.3148167550003292,0.2797967972989716,0.035019957701357574,0.0,0.0,0.0,0.17268542199488493,0.1469768360294676,0.025708585965417335,0.14059078524473562,0.14713311249365965,0.006542327248924035,0.0,0.0,0.0,0.17268542199488493,0.1469768360294676,0.025708585965417335,0.14059078524473562,0.14713311249365965,0.006542327248924035,0.0,0.0,0.0,0.17268542199488493,0.1469768360294676,0.025708585965417335,0.14059078524473562,0.14713311249365965,0.006542327248924035
22,11,34,17,7,1240913.0,1248876.0,0.006417049382188759,0.08,0.10013280212483394,0,0.2,0.2857142857142857,0.14285714285714285,0.14285714285714285,0.4950554134697357,0.4905922815697252,0.00446313190001052,0.4721655009233193,0.4364429876620713,0.035722513261248034,0.0,0.0,0.0,0.29307757885763,0.32016252753094854,0.027084948673318565,0.261031701292647,0.25096101112926655,0.010070690163380469,0.0,0.0,0.0,0.29307757885763,0.32016252753094854,0.027084948673318565,0.261031701292647,0.25096101112926655,0.010070690163380469,0.0,0.0,0.0,0.29307757885763,0.32016252753094854,0.027084948673318565,0.261031701292647,0.25096101112926655,0.010070690163380469
22,11,34,17,7,1240913.0,1248876.0,0.006417049382188759,0.08,0.10013280212483394,0,0.4,0.2857142857142857,0.2857142857142857,0.0,0.6232327490639511,0.6200106326422116,0.0032221164217395293,0.5675919502035075,0.570943451262581,0.0033515010590734473,0.0,0.0,0.0,0.4725258486895316,0.4680148856990963,0.004510962990435352,0.3946287302849104,0.39932083176761335,0.004692101482702937,0.0,0.0,0.0,0.4725258486895316,0.4680148856990963,0.004510962990435352,0.3946287302849104,0.39932083176761335,0.004692101482702937,0.0,0.0,0.0,0.4725258486895316,0.4680148856990963,0.004510962990435352,0.3946287302849104,0.39932083176761335,0.004692101482702937
22,11,36,18,7,1240913.0,1244191.0,0.002641603400077201,0.04,0.0671978751660026,0,0.05,0.0,0.14285714285714285,0.14285714285714285,0.21421771607193602,0.24033816425120774,0.026120448179271727,0.1570493160788305,0.22052798593664075,0.06347866985781025,0.0,0.0,0.0,0.05823813583404376,0.09202898550724638,0.033790849673202616,0.023959829955086092,0.07265557195046093,0.04869574199537484,0.0,0.0,0.0,0.05823813583404376,0.11372785829307568,0.055489722459031915,0.023959829955086092,0.09061598359274751,0.06665615363766142,0.0,0.0,0.0,0.05823813583404376,0.11372785829307568,0.055489722459031915,0.023959829955086092,0.09061598359274751,0.06665615363766142
22,11,36,18,7,1240913.0,1244191.0,0.002641603400077201,0.04,0.0671978751660026,0,0.1,0.14285714285714285,0.14285714285714285,0.0,0.3554895871392035,0.3219461697722567,0.03354341736694677,0.3148167550003292,0.2895204008467262,0.025296354153602985,0.0,0.0,0.0,0.17268542199488493,0.16183574879227053,0.010849673202614402,0.14059078524473562,0.1087389022195201,0.03185188302521552,0.0,0.0,0.0,0.17268542199488493,0.20893719806763286,0.03625177607274793,0.14059078524473562,0.1711071343211806,0.030516349076444987,0.0,0.0,0.0,0.17268542199488493,0.20893719806763286,0.03625177607274793,0.14059078524473562,0.1711071343211806,0.030516349076444987
22,11,36,18,7,1240913.0,1244191.0,0.002641603400077201,0.04,0.0671978751660026,0,0.2,0.2857142857142857,0.14285714285714285,0.14285714285714285,0.4950554134697357,0.42908902691511386,0.06596638655462184,0.4721655009233193,0.3755464001056278,0.09661910081769154,0.0,0.0,0.0,0.29307757885763,0.2896135265700483,0.003464052287581676,0.261031701292647,0.20519290294215833,0.05583879835048869,0.0,0.0,0.0,0.29307757885763,0.33393719806763283,0.04085961921000286,0.261031701292647,0.27147080012323244,0.010439098830585414,0.0,0.0,0.0,0.29307757885763,0.33393719806763283,0.04085961921000286,0.261031701292647,0.27147080012323244,0.010439098830585414
22,11,36,18,7,1240913.0,1244191.0,0.002641603400077201,0.04,0.0671978751660026,0,0.4,0.2857142857142857,0.14285714285714285,0.14285714285714285,0.6232327490639511,0.597333136153012,0.025899612910939118,0.5675919502035075,0.5621981992088065,0.005393750994700963,0.0,0.0,0.0,0.4725258486895316,0.4807108350586612,0.008184986369129565,0.3946287302849104,0.43724249539397925,0.042613765109068835,0.0,0.0,0.0,0.4725258486895316,0.530221992178514,0.05769614348898233,0.3946287302849104,0.4892312324102743,0.09460250212536386,0.0,0.0,0.0,0.4725258486895316,0.530221992178514,0.05769614348898233,0.3946287302849104,0.4892312324102743,0.09460250212536386
22,11,38,19,7,1240913.0,1244383.0,0.0027963281873910582,0.04,0.06719787516600267,0,0.05,0.0,0.0,0.0,0.21421771607193602,0.1958519487123606,0.018365767359575402,0.1570493160788305,0.15229308170999137,0.004756234368839124,0.0,0.0,0.0,0.05823813583404376,0.09085939486397152,0.032621259029927754,0.023959829955086092,0.07170947966944699,0.047749649714360895,0.0,0.0,0.0,0.05823813583404376,0.1173828290533096,0.05914469321926584,0.023959829955086092,0.09392456639120582,0.06996473643611972,0.0,0.0,0.0,0.05823813583404376,0.1173828290533096,0.05914469321926584,0.023959829955086092,0.09392456639120582,0.06996473643611972
22,11,38,19,7,1240913.0,1244383.0,0.0027963281873910582,0.04,0.06719787516600267,0,0.1,0.14285714285714285,0.0,0.14285714285714285,0.3554895871392035,0.31588936108386906,0.03960022605533442,0.3148167550003292,0.24271973169343378,0.07209702330689541,0.0,0.0,0.0,0.17268542199488493,0.17557843885075006,0.002893016855865127,0.14059078524473562,0.13278341735912116,0.007807367885614452,0.0,0.0,0.0,0.17268542199488493,0.2296486990422917,0.05696327704740678,0.14059078524473562,0.18773618113260096,0.04714539588786534,0.0,0.0,0.0,0.17268542199488493,0.2296486990422917,0.05696327704740678,0.14059078524473562,0.18773618113260096,0.04714539588786534
22,11,38,19,7,1240913.0,1244383.0,0.0027963281873910582,0.04,0.06719787516600267,0,0.2,0.2857142857142857,0.14285714285714285,0.14285714285714285,0.4950554134697357,0.4249119174748465,0.07014349599488917,0.4721655009233193,0.36676333583209153,0.1054021650912278,0.0,0.0,0.0,0.29307757885763,0.2948766844647851,0.001799105607155127,0.261031701292647,0.22096867016492813,0.04006303112771889,0.0,0.0,0.0,0.29307757885763,0.32906390372065425,0.03598632486302428,0.261031701292647,0.26122389180410677,0.00019219051145974442,0.0,0.0,0.0,0.29307757885763,0.32906390372065425,0.03598632486302428,0.261031701292647,0.26122389180410677,0.00019219051145974442
22,11,38,19,7,1240913.0,1244383.0,0.0027963281873910582,0.04,0.06719787516600267,0,0.4,0.2857142857142857,0.14285714285714285,0.14285714285714285,0.6232327490639511,0.5994216908731457,0.023811058190805423,0.5675919502035075,0.5617980526409383,0.005793897562569206,0.0,0.0,0.0,0.4725258486895316,0.48919036722240383,0.016664518532872208,0.3946287302849104,0.42526727369731354,0.03063854341240313,0.0,0.0,0.0,0.4725258486895316,0.5326586393520032,0.06013279066247157,0.3946287302849104,0.48876439474776134,0.09413566446285093,0.0,0.0,0.0,0.4725258486895316,0.5326586393520032,0.06013279066247157,0.3946287302849104,0.48876439474776134,0.09413566446285093
23,11,25,12,8,1271035.0,1270292.0,0.0005849048880100008,0.04,0.0363877822045154,0,0.05,0.125,0.125,0.0,0.3429934045423176,0.2824031267645398,0.06059027777777776,0.2996828476204132,0.250603671020914,0.049079176599499175,0.0,0.0,0.0,0.12339262187088273,0.11463274044795783,0.0087598814229249,0.07712328492306665,0.08277210780930609,0.005648822886239441,0.0,0.0,0.0,0.19541977748499487,0.11463274044795783,0.08078703703703703,0.1482110099419716,0.08277210780930609,0.0654389021326655,0.0,0.0,0.0,0.19541977748499487,0.11463274044795783,0.08078703703703703,0.1482110099419716,0.08277210780930609,0.0654389021326655
23,11,25,12,8,1271035.0,1270292.0,0.0005849048880100008,0.04,0.0363877822045154,0,0.1,0.25,0.25,0.0,0.4755408314511575,0.457906902879729,0.01763392857142848,0.4437907548076897,0.45094771172479353,0.007156956917103829,0.0,0.16666666666666666,0.16666666666666666,0.2180081874647092,0.3248282514586862,0.106820063993977,0.16252422408574602,0.3116461292942604,0.14912190520851437,0.16666666666666666,0.16666666666666666,0.0,0.348340156220591,0.3248282514586862,0.02351190476190479,0.302103520071455,0.3116461292942604,0.009542609222805365,0.16666666666666666,0.16666666666666666,0.0,0.348340156220591,0.3248282514586862,0.02351190476190479,0.302103520071455,0.3116461292942604,0.009542609222805365
23,11,25,12,8,1271035.0,1270292.0,0.0005849048880100008,0.04,0.0363877822045154,0,0.2,0.375,0.375,0.0,0.6139301595143986,0.6114748023715415,0.002455357142857051,0.5900094344624447,0.5825611901493726,0.0074482443130721165,0.0,0.16666666666666666,0.16666666666666666,0.3822882552230378,0.48196640316205525,0.09967814793901747,0.34401509513991146,0.44341492019916345,0.09939982505925199,0.16666666666666666,0.16666666666666666,0.0,0.4852402126858648,0.48196640316205525,0.0032738095238095677,0.4533459126165929,0.44341492019916345,0.009930992417429452,0.16666666666666666,0.16666666666666666,0.0,0.4852402126858648,0.48196640316205525,0.0032738095238095677,0.4533459126165929,0.44341492019916345,0.009930992417429452
23,11,25,12,8,1271035.0,1270292.0,0.0005849048880100008,0.04,0.0363877822045154,0,0.4,0.5,0.5,0.0,0.7640139751552795,0.7757330984233157,0.011719123268036258,0.7324174003530438,0.7480972901616527,0.015679889808608904,0.2,0.3333333333333333,0.1333333333333333,0.6224223602484471,0.700977464564421,0.0785551043159739,0.5718678405648701,0.664129720215537,0.0922618796506669,0.3333333333333333,0.3333333333333333,0.0,0.6853519668737059,0.700977464564421,0.015625497690715084,0.6432232004707251,0.664129720215537,0.020906519744811836,0.3333333333333333,0.3333333333333333,0.0,0.6853519668737059,0.700977464564421,0.015625497690715084,0.6432232004707251,0.664129720215537,0.020906519744811836
23,11,27,13,8,1271035.0,1270571.0,0.00036519013892179187,0.08,0.07888446215139443,0,0.05,0.125,0.25,0.125,0.3429934045423176,0.3772233503211764,0.034229945778858795,0.2996828476204132,0.3367609885725343,0.037078140952121086,0.0,0.0,0.0,0.12339262187088273,0.16963113376156855,0.04623851189068581,0.07712328492306665,0.11568131809671232,0.03855803317364567,0.0,0.0,0.0,0.19541977748499487,0.16963113376156855,0.02578864372342632,0.1482110099419716,0.11568131809671232,0.032529691845259265,0.0,0.0,0.0,0.19541977748499487,0.16963113376156855,0.02578864372342632,0.1482110099419716,0.11568131809671232,0.032529691845259265
23,11,27,13,8,1271035.0,1270571.0,0.00036519013892179187,0.08,0.07888446215139443,0,0.1,0.25,0.25,0.0,0.4755408314511575,0.4749416042894304,0.0005992271617271117,0.4437907548076897,0.4387617940645224,0.005028960743167277,0.0,0.0,0.0,0.2180081874647092,0.2999221390525738,0.0819139515878646,0.16252422408574602,0.2516823920860299,0.08915816800028387,0.16666666666666666,0.0,0.16666666666666666,0.348340156220591,0.2999221390525738,0.04841801716801719,0.302103520071455,0.2516823920860299,0.05042112798542514,0.16666666666666666,0.0,0.16666666666666666,0.348340156220591,0.2999221390525738,0.04841801716801719,0.302103520071455,0.2516823920860299,0.05042112798542514
23,11,27,13,8,1271035.0,1270571.0,0.00036519013892179187,0.08,0.07888446215139443,0,0.2,0.375,0.375,0.0,0.6139301595143986,0.5708296836014227,0.04310047591297583,0.5900094344624447,0.5370916019956608,0.05291783246678394,0.0,0.16666666666666666,0.16666666666666666,0.3822882552230378,0.4277729114685636,0.045484656245525834,0.34401509513991146,0.38278880266088083,0.03877370752096937,0.16666666666666666,0.16666666666666666,0.0,0.4852402126858648,0.4277729114685636,0.0574673012173012,0.4533459126165929,0.38278880266088083,0.07055710995571207,0.16666666666666666,0.16666666666666666,0.0,0.4852402126858648,0.4277729114685636,0.0574673012173012,0.4533459126165929,0.38278880266088083,0.07055710995571207
23,11,27,13,8,1271035.0,1270571.0,0.00036519013892179187,0.08,0.07888446215139443,0,0.4,0.5,0.375,0.125,0.7640139751552795,0.7173183097096141,0.04669566544566539,0.7324174003530438,0.682732518996695,0.04968488135634885,0.2,0.16666666666666666,0.033333333333333354,0.6224223602484471,0.6230910796128187,0.0006687193643716283,0.5718678405648701,0.5769766919955933,0.00510885143072326,0.3333333333333333,0.16666666666666666,0.16666666666666666,0.6853519668737059,0.6230910796128187,0.06226088726088719,0.6432232004707251,0.5769766919955933,0.0662465084751318,0.3333333333333333,0.16666666666666666,0.16666666666666666,0.6853519668737059,0.6230910796128187,0.06226088726088719,0.6432232004707251,0.5769766919955933,0.0662465084751318
23,11,29,14,8,1271035.0,1263846.0,0.005688193023517106,0.06,0.07383798140770248,0,0.05,0.125,0.25,0.125,0.3429934045423176,0.3857919254658385,0.04279852092352093,0.2996828476204132,0.35523987740303314,0.05555702978261995,0.0,0.0,0.0,0.12339262187088273,0.11726708074534162,0.006125541125541117,0.07712328492306665,0.0886596659138186,0.011536380990751952,0.0,0.0,0.0,0.19541977748499487,0.11726708074534162,0.07815269673965325,0.1482110099419716,0.0886596659138186,0.059551344028152986,0.0,0.0,0.0,0.19541977748499487,0.11726708074534162,0.07815269673965325,0.1482110099419716,0.0886596659138186,0.059551344028152986
23,11,29,14,8,1271035.0,1263846.0,0.005688193023517106,0.06,0.07383798140770248,0,0.1,0.25,0.375,0.125,0.4755408314511575,0.5055124223602484,0.029971590909090906,0.4437907548076897,0.4917625715970936,0.047971816789403876,0.0,0.0,0.0,0.2180081874647092,0.2088198757763975,0.009188311688311718,0.16252422408574602,0.1868201145553498,0.024295890469603787,0.16666666666666666,0.0,0.16666666666666666,0.348340156220591,0.2088198757763975,0.1395202804441935,0.302103520071455,0.1868201145553498,0.11528340551610522,0.16666666666666666,0.0,0.16666666666666666,0.348340156220591,0.2088198757763975,0.1395202804441935,0.302103520071455,0.1868201145553498,0.11528340551610522
23,11,29,14,8,1271035.0,1263846.0,0.005688193023517106,0.06,0.07383798140770248,0,0.2,0.375,0.375,0.0,0.6139301595143986,0.6121376811594204,0.0017924783549781997,0.5900094344624447,0.5880851740487746,0.0019242604136701091,0.0,0.0,0.0,0.3822882552230378,0.37942028985507237,0.0028679653679654082,0.34401509513991146,0.3409362784780394,0.0030788166618720414,0.16666666666666666,0.0,0.16666666666666666,0.4852402126858648,0.37942028985507237,0.10581992283079245,0.4533459126165929,0.3409362784780394,0.11240963413855348,0.16666666666666666,0.0,0.16666666666666666,0.4852402126858648,0.37942028985507237,0.10581992283079245,0.4533459126165929,0.3409362784780394,0.11240963413855348
23,11,29,14,8,1271035.0,1263846.0,0.005688193023517106,0.06,0.07383798140770248,0,0.4,0.5,0.375,0.125,0.7640139751552795,0.7518115942028986,0.012202380952380909,0.7324174003530438,0.7286411367655309,0.003776263587512929,0.2,0.0,0.2,0.6224223602484471,0.6028985507246377,0.019523809523809388,0.5718678405648701,0.5658258188248493,0.006042021740020775,0.3333333333333333,0.0,0.3333333333333333,0.6853519668737059,0.6028985507246377,0.0824534161490682,0.6432232004707251,0.5658258188248493,0.07739738164587584,0.3333333333333333,0.0,0.3333333333333333,0.6853519668737059,0.6028985507246377,0.0824534161490682,0.6432232004707251,0.5658258188248493,0.07739738164587584
23,11,31,15,8,1271035.0,1266770.0,0.0033668306006615248,0.04,0.08047808764940237,0,0.05,0.125,0.125,0.0,0.3429934045423176,0.33619828993470297,0.006795114607614616,0.2996828476204132,0.3100361554827992,0.01035330786238603,0.0,0.0,0.0,0.12339262187088273,0.10363154960981047,0.019761072261072266,0.07712328492306665,0.05965147942057801,0.01747180550248864,0.0,0.0,0.0,0.19541977748499487,0.10363154960981047,0.0917882278751844,0.1482110099419716,0.05965147942057801,0.08855953052139358,0.0,0.0,0.0,0.19541977748499487,0.10363154960981047,0.0917882278751844,0.1482110099419716,0.05965147942057801,0.08855953052139358
23,11,31,15,8,1271035.0,1266770.0,0.0033668306006615248,0.04,0.08047808764940237,0,0.1,0.25,0.25,0.0,0.4755408314511575,0.4895268454371715,0.013986013986014012,0.4437907548076897,0.48026978533377257,0.03647903052608287,0.0,0.0,0.0,0.2180081874647092,0.24038580984233157,0.022377622377622364,0.16252422408574602,0.22089067292747888,0.058366448841732865,0.16666666666666666,0.0,0.16666666666666666,0.348340156220591,0.24038580984233157,0.10795434637825943,0.302103520071455,0.22089067292747888,0.08121284714397614,0.16666666666666666,0.0,0.16666666666666666,0.348340156220591,0.24038580984233157,0.10795434637825943,0.302103520071455,0.22089067292747888,0.08121284714397614
23,11,31,15,8,1271035.0,1266770.0,0.0033668306006615248,0.04,0.08047808764940237,0,0.2,0.375,0.375,0.0,0.6139301595143986,0.6100257306099697,0.0039044289044288805,0.5900094344624447,0.5932797632389352,0.003270328776490472,0.0,0.0,0.0,0.3822882552230378,0.3760411689759516,0.006247086247086198,0.34401509513991146,0.34924762118229624,0.0052325260423847775,0.16666666666666666,0.0,0.16666666666666666,0.4852402126858648,0.3760411689759516,0.10919904370991323,0.4533459126165929,0.34924762118229624,0.10409829143429666,0.16666666666666666,0.0,0.16666666666666666,0.4852402126858648,0.3760411689759516,0.10919904370991323,0.4533459126165929,0.34924762118229624,0.10409829143429666
23,11,31,15,8,1271035.0,1266770.0,0.0033668306006615248,0.04,0.08047808764940237,0,0.4,0.5,0.5,0.0,0.7640139751552795,0.7823436753463927,0.01832970019111324,0.7324174003530438,0.7369928006182584,0.004575400265214635,0.2,0.2,0.0,0.6224223602484471,0.6517498805542283,0.02932752030578123,0.5718678405648701,0.5791884809892136,0.00732064042434355,0.3333333333333333,0.2,0.1333333333333333,0.6853519668737059,0.6517498805542283,0.033602086319477587,0.6432232004707251,0.5791884809892136,0.06403471948151152,0.3333333333333333,0.2,0.1333333333333333,0.6853519668737059,0.6517498805542283,0.033602086319477587,0.6432232004707251,0.5791884809892136,0.06403471948151152
23,11,33,16,8,1271035.0,1270167.0,0.0006833747058457668,0.04,0.02788844621513957,0,0.05,0.125,0.125,0.0,0.3429934045423176,0.33937428061069363,0.0036191239316239465,0.2996828476204132,0.29578977859750427,0.0038930690229089238,0.0,0.0,0.0,0.12339262187088273,0.19059427890949632,0.06720165703861358,0.07712328492306665,0.1430202512447598,0.06589696632169316,0.0,0.0,0.0,0.19541977748499487,0.19059427890949632,0.004825498575498549,0.1482110099419716,0.1430202512447598,0.005190758697211778,0.0,0.0,0.0,0.19541977748499487,0.19059427890949632,0.004825498575498549,0.1482110099419716,0.1430202512447598,0.005190758697211778
23,11,33,16,8,1271035.0,1270167.0,0.0006833747058457668,0.04,0.02788844621513957,0,0.1,0.25,0.25,0.0,0.4755408314511575,0.47361775452808064,0.0019230769230768607,0.4437907548076897,0.456041120201753,0.012250365394063323,0.0,0.16666666666666666,0.16666666666666666,0.2180081874647092,0.34577605365648845,0.12776786619177924,0.16252422408574602,0.31843734059687295,0.15591311651112694,0.16666666666666666,0.16666666666666666,0.0,0.348340156220591,0.34577605365648845,0.002564102564102555,0.302103520071455,0.31843734059687295,0.01633382052541793,0.16666666666666666,0.16666666666666666,0.0,0.348340156220591,0.34577605365648845,0.002564102564102555,0.302103520071455,0.31843734059687295,0.01633382052541793
23,11,33,16,8,1271035.0,1270167.0,0.0006833747058457668,0.04,0.02788844621513957,0,0.2,0.375,0.375,0.0,0.6139301595143986,0.606237851822091,0.007692307692307554,0.5900094344624447,0.5856574333042726,0.004352001158172136,0.0,0.16666666666666666,0.16666666666666666,0.3822882552230378,0.4749838024294546,0.09269554720641682,0.34401509513991146,0.44754324440569676,0.1035281492657853,0.16666666666666666,0.16666666666666666,0.0,0.4852402126858648,0.4749838024294546,0.01025641025641022,0.4533459126165929,0.44754324440569676,0.005802668210896145,0.16666666666666666,0.16666666666666666,0.0,0.4852402126858648,0.4749838024294546,0.01025641025641022,0.4533459126165929,0.44754324440569676,0.005802668210896145
23,11,33,16,8,1271035.0,1270167.0,0.0006833747058457668,0.04,0.02788844621513957,0,0.4,0.5,0.375,0.125,0.7640139751552795,0.7566166849454893,0.007397290209790186,0.7324174003530438,0.72682406348904,0.005593336864003762,0.2,0.16666666666666666,0.033333333333333354,0.6224223602484471,0.6754889132606524,0.05306655301220531,0.5718678405648701,0.6357654179853868,0.06389757742051672,0.3333333333333333,0.16666666666666666,0.16666666666666666,0.6853519668737059,0.6754889132606524,0.009863053613053507,0.6432232004707251,0.6357654179853868,0.007457782485338349,0.3333333333333333,0.16666666666666666,0.16666666666666666,0.6853519668737059,0.6754889132606524,0.009863053613053507,0.6432232004707251,0.6357654179853868,0.007457782485338349
23,11,35,17,8,1271035.0,1266542.0,0.003547454407354829,0.12,0.03187250996015934,0,0.05,0.125,0.0,0.125,0.3429934045423176,0.2545833333333334,0.0884100712089842,0.2996828476204132,0.27400509287599784,0.02567775474441536,0.0,0.0,0.0,0.12339262187088273,0.074,0.04939262187088274,0.07712328492306665,0.05608374384236453,0.02103954108070212,0.0,0.0,0.0,0.19541977748499487,0.145,0.05041977748499488,0.1482110099419716,0.13764554411106134,0.010565465830910253,0.0,0.0,0.0,0.19541977748499487,0.145,0.05041977748499488,0.1482110099419716,0.13764554411106134,0.010565465830910253
23,11,35,17,8,1271035.0,1266542.0,0.003547454407354829,0.12,0.03187250996015934,0,0.1,0.25,0.25,0.0,0.4755408314511575,0.4808134920634921,0.005272660612334612,0.4437907548076897,0.45866962255695815,0.014878867749268443,0.0,0.0,0.0,0.2180081874647092,0.20263492063492064,0.015373266829788568,0.16252422408574602,0.1762956385153754,0.013771414429629397,0.16666666666666666,0.0,0.16666666666666666,0.348340156220591,0.3077513227513227,0.04058883346926828,0.302103520071455,0.27822616340927747,0.02387735666217755,0.16666666666666666,0.0,0.16666666666666666,0.348340156220591,0.3077513227513227,0.04058883346926828,0.302103520071455,0.27822616340927747,0.02387735666217755
23,11,35,17,8,1271035.0,1266542.0,0.003547454407354829,0.12,0.03187250996015934,0,0.2,0.375,0.375,0.0,0.6139301595143986,0.6028769841269841,0.01105317538741446,0.5900094344624447,0.5727264219457388,0.017283012516705942,0.0,0.0,0.0,0.3822882552230378,0.3646031746031746,0.01768508061986318,0.34401509513991146,0.31636227511318193,0.02765282002672953,0.16666666666666666,0.16666666666666666,0.0,0.4852402126858648,0.4705026455026455,0.014737567183219336,0.4533459126165929,0.4303018959276516,0.023044016688941293,0.16666666666666666,0.16666666666666666,0.0,0.4852402126858648,0.4705026455026455,0.014737567183219336,0.4533459126165929,0.4303018959276516,0.023044016688941293
23,11,35,17,8,1271035.0,1266542.0,0.003547454407354829,0.12,0.03187250996015934,0,0.4,0.5,0.375,0.125,0.7640139751552795,0.7585241147741147,0.005489860381164724,0.7324174003530438,0.7185510942236335,0.01386630612941031,0.2,0.0,0.2,0.6224223602484471,0.6136385836385836,0.008783776609863514,0.5718678405648701,0.5496817507578136,0.022186089807056497,0.3333333333333333,0.16666666666666666,0.16666666666666666,0.6853519668737059,0.678032153032153,0.007319813841552891,0.6432232004707251,0.624734792298178,0.018488408172547155,0.3333333333333333,0.16666666666666666,0.16666666666666666,0.6853519668737059,0.678032153032153,0.007319813841552891,0.6432232004707251,0.624734792298178,0.018488408172547155
23,11,37,18,8,1271035.0,1260993.0,0.007963565222011542,0.08,0.12563081009296154,0,0.05,0.125,0.125,0.0,0.3429934045423176,0.36733954451345757,0.02434613997113999,0.2996828476204132,0.3347609522488807,0.0350781046284675,0.0,0.0,0.0,0.12339262187088273,0.08488612836438922,0.03850649350649352,0.07712328492306665,0.07402887405388438,0.0030944108691822736,0.0,0.0,0.0,0.19541977748499487,0.08488612836438922,0.11053364912060565,0.1482110099419716,0.07402887405388438,0.07418213588808721,0.0,0.0,0.0,0.19541977748499487,0.08488612836438922,0.11053364912060565,0.1482110099419716,0.07402887405388438,0.07418213588808721
23,11,37,18,8,1271035.0,1260993.0,0.007963565222011542,0.08,0.12563081009296154,0,0.1,0.25,0.375,0.125,0.4755408314511575,0.5237663906142167,0.048225559163059206,0.4437907548076897,0.5088889949632731,0.06509824015558341,0.0,0.0,0.0,0.2180081874647092,0.23802622498274673,0.020018037518037518,0.16252422408574602,0.214222391941237,0.05169816785549097,0.16666666666666666,0.0,0.16666666666666666,0.348340156220591,0.23802622498274673,0.11031393123784428,0.302103520071455,0.214222391941237,0.08788112813021803,0.16666666666666666,0.0,0.16666666666666666,0.348340156220591,0.23802622498274673,0.11031393123784428,0.302103520071455,0.214222391941237,0.08788112813021803
23,11,37,18,8,1271035.0,1260993.0,0.007963565222011542,0.08,0.12563081009296154,0,0.2,0.375,0.375,0.0,0.6139301595143986,0.6244392684610076,0.010509108946609058,0.5900094344624447,0.6033066655151165,0.013297231052671776,0.0,0.0,0.0,0.3822882552230378,0.39910282953761217,0.016814574314574393,0.34401509513991146,0.3652906648241863,0.021275569684274853,0.16666666666666666,0.0,0.16666666666666666,0.4852402126858648,0.39910282953761217,0.08613738314825264,0.4533459126165929,0.3652906648241863,0.08805524779240659,0.16666666666666666,0.0,0.16666666666666666,0.4852402126858648,0.39910282953761217,0.08613738314825264,0.4533459126165929,0.3652906648241863,0.08805524779240659
23,11,37,18,8,1271035.0,1260993.0,0.007963565222011542,0.08,0.12563081009296154,0,0.4,0.5,0.375,0.125,0.7640139751552795,0.7541772840685884,0.009836691086691052,0.7324174003530438,0.7397688295083228,0.007351429155278977,0.2,0.0,0.2,0.6224223602484471,0.6066836545097415,0.015738705738705616,0.5718678405648701,0.5836301272133164,0.011762286648446363,0.3333333333333333,0.0,0.3333333333333333,0.6853519668737059,0.6066836545097415,0.07866831236396443,0.6432232004707251,0.5836301272133164,0.0595930732574087,0.3333333333333333,0.0,0.3333333333333333,0.6853519668737059,0.6066836545097415,0.07866831236396443,0.6432232004707251,0.5836301272133164,0.0595930732574087
24,12,26,13,7,1261586.0,1251866.0,0.007764409289812168,0.04,0.02948207171314729,0,0.05,0.0,0.0,0.0,0.24473308011228903,0.1910504781622794,0.05368260195000962,0.17021920508419347,0.14453492693156825,0.025684278152625223,0.0,0.0,0.0,0.1369120264429189,0.10747066942719115,0.02944135701572774,0.06175214589570027,0.05332786669654591,0.00842427919915436,0.0,0.0,0.0,0.2140933553690991,0.18955889118932598,0.02453446417977312,0.12749902520486073,0.12909948219407116,0.0016004569892104359,0.0,0.0,0.0,0.2140933553690991,0.18955889118932598,0.02453446417977312,0.12749902520486073,0.12909948219407116,0.0016004569892104359
24,12,26,13,7,1261586.0,1251866.0,0.007764409289812168,0.04,0.02948207171314729,0,0.1,0.0,0.0,0.0,0.2943265254232891,0.2968268237882491,0.0025002983649600186,0.2175496056390654,0.23778113844146698,0.020231532802401586,0.0,0.0,0.0,0.17777142130689044,0.17555755330354872,0.0022138680033417235,0.1049499357404515,0.12019097077060317,0.015241035030151673,0.0,0.0,0.0,0.24814285108907538,0.24629796108629062,0.0018448900027847603,0.1634971834088201,0.18481873558911888,0.02132155218029877,0.0,0.0,0.0,0.24814285108907538,0.24629796108629062,0.0018448900027847603,0.1634971834088201,0.18481873558911888,0.02132155218029877
24,12,26,13,7,1261586.0,1251866.0,0.007764409289812168,0.04,0.02948207171314729,0,0.2,0.14285714285714285,0.14285714285714285,0.0,0.44602123839619756,0.42276589506893536,0.0232553433272622,0.3807026506516532,0.3866463274961372,0.005943676844483992,0.0,0.0,0.0,0.2815725908975336,0.23187225309650938,0.04970033780102423,0.20818118326618476,0.1860809778975771,0.022100205368607656,0.16666666666666666,0.16666666666666666,0.0,0.4013104924146114,0.3598935442470912,0.04141694816752023,0.340150986055154,0.3217341482479809,0.01841683780717307,0.16666666666666666,0.16666666666666666,0.0,0.4013104924146114,0.3598935442470912,0.04141694816752023,0.340150986055154,0.3217341482479809,0.01841683780717307
24,12,26,13,7,1261586.0,1251866.0,0.007764409289812168,0.04,0.02948207171314729,0,0.4,0.2857142857142857,0.2857142857142857,0.0,0.6322940503432495,0.6125549380698122,0.019739112273437276,0.5736923221914199,0.5683847348384609,0.005307587352958998,0.0,0.0,0.0,0.4852116704805492,0.4575769132977371,0.02763475718281211,0.40316925106798784,0.39573862877384497,0.0074306222941428746,0.16666666666666666,0.16666666666666666,0.0,0.5710097254004577,0.5479807610814477,0.023028964319010026,0.5026410425566565,0.4964488573115375,0.006192185245119053,0.16666666666666666,0.16666666666666666,0.0,0.5710097254004577,0.5479807610814477,0.023028964319010026,0.5026410425566565,0.4964488573115375,0.006192185245119053
24,12,28,14,7,1261586.0,1244175.0,0.01399401209636908,0.16,0.09003984063745026,0,0.05,0.0,0.0,0.0,0.24473308011228903,0.26122448979591834,0.016491409683629304,0.17021920508419347,0.2100630221129912,0.03984381702879772,0.0,0.0,0.0,0.1369120264429189,0.1658730158730159,0.028960989430097006,0.06175214589570027,0.12125605223143356,0.059503906335733284,0.0,0.0,0.0,0.2140933553690991,0.1658730158730159,0.0482203394960832,0.12749902520486073,0.12125605223143356,0.006242972973427172,0.0,0.0,0.0,0.2140933553690991,0.1658730158730159,0.0482203394960832,0.12749902520486073,0.12125605223143356,0.006242972973427172
24,12,28,14,7,1261586.0,1244175.0,0.01399401209636908,0.16,0.09003984063745026,0,0.1,0.0,0.14285714285714285,0.14285714285714285,0.2943265254232891,0.42176870748299317,0.1274421820597041,0.2175496056390654,0.3817466584346825,0.16419705279561708,0.0,0.0,0.0,0.17777142130689044,0.3253968253968254,0.14762540408993496,0.1049499357404515,0.278704434840463,0.17375449910001148,0.0,0.0,0.0,0.24814285108907538,0.3253968253968254,0.07725397430775002,0.1634971834088201,0.278704434840463,0.11520725143164287,0.0,0.0,0.0,0.24814285108907538,0.3253968253968254,0.07725397430775002,0.1634971834088201,0.278704434840463,0.11520725143164287
24,12,28,14,7,1261586.0,1244175.0,0.01399401209636908,0.16,0.09003984063745026,0,0.2,0.14285714285714285,0.14285714285714285,0.0,0.44602123839619756,0.5608843537414966,0.11486311534529903,0.3807026506516532,0.512041625463797,0.13133897481214374,0.0,0.0,0.0,0.2815725908975336,0.48769841269841274,0.20612582180087913,0.20818118326618476,0.43071522970776316,0.2225340464415784,0.16666666666666666,0.0,0.16666666666666666,0.4013104924146114,0.48769841269841274,0.08638792028380132,0.340150986055154,0.43071522970776316,0.09056424365260918,0.16666666666666666,0.0,0.16666666666666666,0.4013104924146114,0.48769841269841274,0.08638792028380132,0.340150986055154,0.43071522970776316,0.09056424365260918
24,12,28,14,7,1261586.0,1244175.0,0.01399401209636908,0.16,0.09003984063745026,0,0.4,0.2857142857142857,0.2857142857142857,0.0,0.6322940503432495,0.7291208791208791,0.0968268287776296,0.5736923221914199,0.6692697687766197,0.09557744658519984,0.0,0.16666666666666666,0.16666666666666666,0.4852116704805492,0.6839743589743589,0.19876268849380968,0.40316925106798784,0.6141480635727229,0.21097881250473505,0.16666666666666666,0.16666666666666666,0.0,0.5710097254004577,0.6839743589743589,0.11296463357390119,0.5026410425566565,0.6141480635727229,0.11150702101606635,0.16666666666666666,0.16666666666666666,0.0,0.5710097254004577,0.6839743589743589,0.11296463357390119,0.5026410425566565,0.6141480635727229,0.11150702101606635
24,12,30,15,7,1261586.0,1249358.0,0.009787426822415993,0.12,0.0802124833997343,0,0.05,0.0,0.0,0.0,0.24473308011228903,0.2510170734960651,0.006283993383776082,0.17021920508419347,0.2286107924347721,0.058391587350578616,0.0,0.0,0.0,0.1369120264429189,0.18634453781512605,0.049432511372207166,0.06175214589570027,0.1468992381566004,0.08514709226090011,0.0,0.0,0.0,0.2140933553690991,0.2510170734960651,0.036923718126966015,0.12749902520486073,0.2286107924347721,0.10111176722991136,0.0,0.0,0.0,0.2140933553690991,0.2510170734960651,0.036923718126966015,0.12749902520486073,0.2286107924347721,0.10111176722991136
24,12,30,15,7,1261586.0,1249358.0,0.009787426822415993,0.12,0.0802124833997343,0,0.1,0.0,0.14285714285714285,0.14285714285714285,0.2943265254232891,0.41696751164233803,0.12264098621904895,0.2175496056390654,0.37429022335789913,0.15674061771883374,0.0,0.0,0.0,0.17777142130689044,0.2726434051881622,0.09487198388127177,0.1049499357404515,0.21632996415334102,0.11138002841288952,0.0,0.14285714285714285,0.14285714285714285,0.24814285108907538,0.41696751164233803,0.16882466055326265,0.1634971834088201,0.37429022335789913,0.21079303994907903,0.0,0.14285714285714285,0.14285714285714285,0.24814285108907538,0.41696751164233803,0.16882466055326265,0.1634971834088201,0.37429022335789913,0.21079303994907903
24,12,30,15,7,1261586.0,1249358.0,0.009787426822415993,0.12,0.0802124833997343,0,0.2,0.14285714285714285,0.14285714285714285,0.0,0.44602123839619756,0.5603933602426477,0.11437212184645018,0.3807026506516532,0.5259105677046857,0.1452079170530325,0.0,0.0,0.0,0.2815725908975336,0.4067729265619291,0.12520033566439548,0.20818118326618476,0.36739512673676733,0.15921394347058257,0.16666666666666666,0.14285714285714285,0.023809523809523808,0.4013104924146114,0.5603933602426477,0.15908286782803632,0.340150986055154,0.5259105677046857,0.1857595816495317,0.16666666666666666,0.14285714285714285,0.023809523809523808,0.4013104924146114,0.5603933602426477,0.15908286782803632,0.340150986055154,0.5259105677046857,0.1857595816495317
24,12,30,15,7,1261586.0,1249358.0,0.009787426822415993,0.12,0.0802124833997343,0,0.4,0.2857142857142857,0.42857142857142855,0.14285714285714285,0.6322940503432495,0.6793086799937367,0.047014629650487194,0.5736923221914199,0.6537509342583513,0.08005861206693143,0.0,0.2,0.2,0.4852116704805492,0.5510321519912313,0.06582048151068215,0.40316925106798784,0.5152513079616918,0.11208205689370399,0.16666666666666666,0.42857142857142855,0.26190476190476186,0.5710097254004577,0.6793086799937367,0.10829895459327898,0.5026410425566565,0.6537509342583513,0.15110989170169475,0.16666666666666666,0.42857142857142855,0.26190476190476186,0.5710097254004577,0.6793086799937367,0.10829895459327898,0.5026410425566565,0.6537509342583513,0.15110989170169475
24,12,32,16,7,1261586.0,1244383.0,0.01382452187148169,0.04,0.022576361221779556,0,0.05,0.0,0.0,0.0,0.24473308011228903,0.15598442275460908,0.08874865735767995,0.17021920508419347,0.10298641414709411,0.06723279093709936,0.0,0.0,0.0,0.1369120264429189,0.08980676328502415,0.04710526315789473,0.06175214589570027,0.07043405562740361,0.008681909731703338,0.0,0.0,0.0,0.2140933553690991,0.08980676328502415,0.12428659208407494,0.12749902520486073,0.07043405562740361,0.05706496957745712,0.0,0.0,0.0,0.2140933553690991,0.08980676328502415,0.12428659208407494,0.12749902520486073,0.07043405562740361,0.05706496957745712
24,12,32,16,7,1261586.0,1244383.0,0.01382452187148169,0.04,0.022576361221779556,0,0.1,0.0,0.0,0.0,0.2943265254232891,0.26809129448881003,0.026235230934479048,0.2175496056390654,0.19360626694676794,0.02394333869229745,0.0,0.0,0.0,0.17777142130689044,0.15628019323671496,0.021491228070175478,0.1049499357404515,0.10640891846380943,0.0014589827233579267,0.0,0.0,0.0,0.24814285108907538,0.15628019323671496,0.09186265785236042,0.1634971834088201,0.10640891846380943,0.05708826494501068,0.0,0.0,0.0,0.24814285108907538,0.15628019323671496,0.09186265785236042,0.1634971834088201,0.10640891846380943,0.05708826494501068
24,12,32,16,7,1261586.0,1244383.0,0.01382452187148169,0.04,0.022576361221779556,0,0.2,0.14285714285714285,0.14285714285714285,0.0,0.44602123839619756,0.3601547865523021,0.08586645184389546,0.3807026506516532,0.31215424873584746,0.06854840191580575,0.0,0.0,0.0,0.2815725908975336,0.21850241545893717,0.06307017543859644,0.20818118326618476,0.15170789135814855,0.05647329190803621,0.16666666666666666,0.0,0.16666666666666666,0.4013104924146114,0.21850241545893717,0.18280807695567425,0.340150986055154,0.15170789135814855,0.18844309469700543,0.16666666666666666,0.0,0.16666666666666666,0.4013104924146114,0.21850241545893717,0.18280807695567425,0.340150986055154,0.15170789135814855,0.18844309469700543
24,12,32,16,7,1261586.0,1244383.0,0.01382452187148169,0.04,0.022576361221779556,0,0.4,0.2857142857142857,0.14285714285714285,0.14285714285714285,0.6322940503432495,0.5086315685694568,0.12366248177379269,0.5736923221914199,0.49182462696238755,0.08186769522903231,0.0,0.0,0.0,0.4852116704805492,0.36922705314009663,0.11598461734045257,0.40316925106798784,0.33752762150721616,0.06564162956077169,0.16666666666666666,0.0,0.16666666666666666,0.5710097254004577,0.36922705314009663,0.20178267226036106,0.5026410425566565,0.33752762150721616,0.16511342104944038,0.16666666666666666,0.0,0.16666666666666666,0.5710097254004577,0.36922705314009663,0.20178267226036106,0.5026410425566565,0.33752762150721616,0.16511342104944038
24,12,34,17,7,1261586.0,1248876.0,0.010177151294443965,0.06,0.04249667994687903,0,0.05,0.0,0.0,0.0,0.24473308011228903,0.14531306621532183,0.0994200138969672,0.17021920508419347,0.12772046049300237,0.0424987445911911,0.0,0.0,0.0,0.1369120264429189,0.05581924508240297,0.08109278136051593,0.06175214589570027,0.03722847202554136,0.024523673870158913,0.0,0.0,0.0,0.2140933553690991,0.05581924508240297,0.15827411028669613,0.12749902520486073,0.03722847202554136,0.09027055317931937,0.0,0.0,0.0,0.2140933553690991,0.05581924508240297,0.15827411028669613,0.12749902520486073,0.03722847202554136,0.09027055317931937
24,12,34,17,7,1261586.0,1248876.0,0.010177151294443965,0.06,0.04249667994687903,0,0.1,0.0,0.0,0.0,0.2943265254232891,0.27845284206186466,0.015873683361424418,0.2175496056390654,0.2797967972989716,0.06224719165990622,0.0,0.0,0.0,0.17777142130689044,0.1469768360294676,0.030794585277422848,0.1049499357404515,0.14713311249365965,0.04218317675320815,0.0,0.0,0.0,0.24814285108907538,0.1469768360294676,0.10116601505960779,0.1634971834088201,0.14713311249365965,0.016364070915160456,0.0,0.0,0.0,0.24814285108907538,0.1469768360294676,0.10116601505960779,0.1634971834088201,0.14713311249365965,0.016364070915160456
24,12,34,17,7,1261586.0,1248876.0,0.010177151294443965,0.06,0.04249667994687903,0,0.2,0.14285714285714285,0.14285714285714285,0.0,0.44602123839619756,0.4905922815697252,0.044571043173527614,0.3807026506516532,0.4364429876620713,0.055740337010418084,0.0,0.0,0.0,0.2815725908975336,0.32016252753094854,0.03858993663341492,0.20818118326618476,0.25096101112926655,0.04277982786308179,0.16666666666666666,0.0,0.16666666666666666,0.4013104924146114,0.32016252753094854,0.08114796488366288,0.340150986055154,0.25096101112926655,0.08918997492588743,0.16666666666666666,0.0,0.16666666666666666,0.4013104924146114,0.32016252753094854,0.08114796488366288,0.340150986055154,0.25096101112926655,0.08918997492588743
24,12,34,17,7,1261586.0,1248876.0,0.010177151294443965,0.06,0.04249667994687903,0,0.4,0.2857142857142857,0.2857142857142857,0.0,0.6322940503432495,0.6200106326422116,0.012283417701037913,0.5736923221914199,0.570943451262581,0.002748870928838909,0.0,0.0,0.0,0.4852116704805492,0.4680148856990963,0.017196784781452923,0.40316925106798784,0.39932083176761335,0.003848419300374495,0.16666666666666666,0.0,0.16666666666666666,0.5710097254004577,0.4680148856990963,0.10299483970136142,0.5026410425566565,0.39932083176761335,0.10332021078904319,0.16666666666666666,0.0,0.16666666666666666,0.5710097254004577,0.4680148856990963,0.10299483970136142,0.5026410425566565,0.39932083176761335,0.10332021078904319
24,12,36,18,7,1261586.0,1244191.0,0.013980972374820265,0.06,0.04966799468791503,0,0.05,0.0,0.14285714285714285,0.14285714285714285,0.24473308011228903,0.24033816425120774,0.004394915861081289,0.17021920508419347,0.22052798593664075,0.05030878085244728,0.0,0.0,0.0,0.1369120264429189,0.09202898550724638,0.04488304093567251,0.06175214589570027,0.07265557195046093,0.010903426054760662,0.0,0.0,0.0,0.2140933553690991,0.11372785829307568,0.10036549707602342,0.12749902520486073,0.09061598359274751,0.03688304161211321,0.0,0.0,0.0,0.2140933553690991,0.11372785829307568,0.10036549707602342,0.12749902520486073,0.09061598359274751,0.03688304161211321
24,12,36,18,7,1261586.0,1244191.0,0.013980972374820265,0.06,0.04966799468791503,0,0.1,0.0,0.14285714285714285,0.14285714285714285,0.2943265254232891,0.3219461697722567,0.02761964434896763,0.2175496056390654,0.2895204008467262,0.07197079520766081,0.0,0.0,0.0,0.17777142130689044,0.16183574879227053,0.015935672514619914,0.1049499357404515,0.1087389022195201,0.003788966479068595,0.0,0.0,0.0,0.24814285108907538,0.20893719806763286,0.03920565302144252,0.1634971834088201,0.1711071343211806,0.007609950912360497,0.0,0.0,0.0,0.24814285108907538,0.20893719806763286,0.03920565302144252,0.1634971834088201,0.1711071343211806,0.007609950912360497
24,12,36,18,7,1261586.0,1244191.0,0.013980972374820265,0.06,0.04966799468791503,0,0.2,0.14285714285714285,0.14285714285714285,0.0,0.44602123839619756,0.42908902691511386,0.016932211481083703,0.3807026506516532,0.3755464001056278,0.0051562505460254204,0.0,0.0,0.0,0.2815725908975336,0.2896135265700483,0.008040935672514682,0.20818118326618476,0.20519290294215833,0.0029882803240264266,0.16666666666666666,0.0,0.16666666666666666,0.4013104924146114,0.33393719806763283,0.06737329434697858,0.340150986055154,0.27147080012323244,0.06868018593192154,0.16666666666666666,0.0,0.16666666666666666,0.4013104924146114,0.33393719806763283,0.06737329434697858,0.340150986055154,0.27147080012323244,0.06868018593192154
24,12,36,18,7,1261586.0,1244191.0,0.013980972374820265,0.06,0.04966799468791503,0,0.4,0.2857142857142857,0.14285714285714285,0.14285714285714285,0.6322940503432495,0.597333136153012,0.0349609141902375,0.5736923221914199,0.5621981992088065,0.01149412298261332,0.0,0.0,0.0,0.4852116704805492,0.4807108350586612,0.004500835421888005,0.40316925106798784,0.43724249539397925,0.0340732443259914,0.16666666666666666,0.0,0.16666666666666666,0.5710097254004577,0.530221992178514,0.040787733221943734,0.5026410425566565,0.4892312324102743,0.013409810146382262,0.16666666666666666,0.0,0.16666666666666666,0.5710097254004577,0.530221992178514,0.040787733221943734,0.5026410425566565,0.4892312324102743,0.013409810146382262
24,12,38,19,7,1261586.0,1244383.0,0.01382452187148169,0.04,0.03373173970783535,0,0.05,0.0,0.0,0.0,0.24473308011228903,0.1958519487123606,0.04888113139992842,0.17021920508419347,0.15229308170999137,0.017926123374202102,0.0,0.0,0.0,0.1369120264429189,0.09085939486397152,0.04605263157894737,0.06175214589570027,0.07170947966944699,0.009957333773746718,0.0,0.0,0.0,0.2140933553690991,0.1173828290533096,0.0967105263157895,0.12749902520486073,0.09392456639120582,0.03357445881365491,0.0,0.0,0.0,0.2140933553690991,0.1173828290533096,0.0967105263157895,0.12749902520486073,0.09392456639120582,0.03357445881365491
24,12,38,19,7,1261586.0,1244383.0,0.01382452187148169,0.04,0.03373173970783535,0,0.1,0.0,0.0,0.0,0.2943265254232891,0.31588936108386906,0.021562835660579982,0.2175496056390654,0.24271973169343378,0.025170126054368386,0.0,0.0,0.0,0.17777142130689044,0.17557843885075006,0.0021929824561403854,0.1049499357404515,0.13278341735912116,0.027833481618669664,0.0,0.0,0.0,0.24814285108907538,0.2296486990422917,0.018494152046783674,0.1634971834088201,0.18773618113260096,0.024238997723780853,0.0,0.0,0.0,0.24814285108907538,0.2296486990422917,0.018494152046783674,0.1634971834088201,0.18773618113260096,0.024238997723780853
24,12,38,19,7,1261586.0,1244383.0,0.01382452187148169,0.04,0.03373173970783535,0,0.2,0.14285714285714285,0.14285714285714285,0.0,0.44602123839619756,0.4249119174748465,0.021109320921351038,0.3807026506516532,0.36676333583209153,0.013939314819561677,0.0,0.0,0.0,0.2815725908975336,0.2948766844647851,0.013304093567251485,0.20818118326618476,0.22096867016492813,0.012787486898743372,0.16666666666666666,0.0,0.16666666666666666,0.4013104924146114,0.32906390372065425,0.07224658869395717,0.340150986055154,0.26122389180410677,0.07892709425104721,0.16666666666666666,0.0,0.16666666666666666,0.4013104924146114,0.32906390372065425,0.07224658869395717,0.340150986055154,0.26122389180410677,0.07892709425104721
24,12,38,19,7,1261586.0,1244383.0,0.01382452187148169,0.04,0.03373173970783535,0,0.4,0.2857142857142857,0.14285714285714285,0.14285714285714285,0.6322940503432495,0.5994216908731457,0.03287235947010381,0.5736923221914199,0.5617980526409383,0.011894269550481562,0.0,0.0,0.0,0.4852116704805492,0.48919036722240383,0.003978696741854637,0.40316925106798784,0.42526727369731354,0.022098022629325698,0.16666666666666666,0.0,0.16666666666666666,0.5710097254004577,0.5326586393520032,0.0383510860484545,0.5026410425566565,0.48876439474776134,0.013876647808895193,0.16666666666666666,0.0,0.16666666666666666,0.5710097254004577,0.5326586393520032,0.0383510860484545,0.5026410425566565,0.48876439474776134,0.013876647808895193
25,12,27,13,8,1270292.0,1270571.0,0.00021963454071977152,0.06,0.08738379814077034,0,0.05,0.125,0.25,0.125,0.2824031267645398,0.3772233503211764,0.09482022355663655,0.250603671020914,0.3367609885725343,0.08615731755162026,0.0,0.0,0.0,0.11463274044795783,0.16963113376156855,0.05499839331361071,0.08277210780930609,0.11568131809671232,0.03290921028740623,0.0,0.0,0.0,0.11463274044795783,0.16963113376156855,0.05499839331361071,0.08277210780930609,0.11568131809671232,0.03290921028740623,0.0,0.0,0.0,0.11463274044795783,0.16963113376156855,0.05499839331361071,0.08277210780930609,0.11568131809671232,0.03290921028740623
25,12,27,13,8,1270292.0,1270571.0,0.00021963454071977152,0.06,0.08738379814077034,0,0.1,0.25,0.25,0.0,0.457906902879729,0.4749416042894304,0.01703470140970137,0.45094771172479353,0.4387617940645224,0.012185917660271106,0.16666666666666666,0.0,0.16666666666666666,0.3248282514586862,0.2999221390525738,0.024906112406112402,0.3116461292942604,0.2516823920860299,0.059963737208230505,0.16666666666666666,0.0,0.16666666666666666,0.3248282514586862,0.2999221390525738,0.024906112406112402,0.3116461292942604,0.2516823920860299,0.059963737208230505,0.16666666666666666,0.0,0.16666666666666666,0.3248282514586862,0.2999221390525738,0.024906112406112402,0.3116461292942604,0.2516823920860299,0.059963737208230505
25,12,27,13,8,1270292.0,1270571.0,0.00021963454071977152,0.06,0.08738379814077034,0,0.2,0.375,0.375,0.0,0.6114748023715415,0.5708296836014227,0.04064511877011878,0.5825611901493726,0.5370916019956608,0.045469588153711826,0.16666666666666666,0.16666666666666666,0.0,0.48196640316205525,0.4277729114685636,0.054193491693491636,0.44341492019916345,0.38278880266088083,0.06062611753828262,0.16666666666666666,0.16666666666666666,0.0,0.48196640316205525,0.4277729114685636,0.054193491693491636,0.44341492019916345,0.38278880266088083,0.06062611753828262,0.16666666666666666,0.16666666666666666,0.0,0.48196640316205525,0.4277729114685636,0.054193491693491636,0.44341492019916345,0.38278880266088083,0.06062611753828262
25,12,27,13,8,1270292.0,1270571.0,0.00021963454071977152,0.06,0.08738379814077034,0,0.4,0.5,0.375,0.125,0.7757330984233157,0.7173183097096141,0.05841478871370165,0.7480972901616527,0.682732518996695,0.06536477116495776,0.3333333333333333,0.16666666666666666,0.16666666666666666,0.700977464564421,0.6230910796128187,0.07788638495160227,0.664129720215537,0.5769766919955933,0.08715302821994364,0.3333333333333333,0.16666666666666666,0.16666666666666666,0.700977464564421,0.6230910796128187,0.07788638495160227,0.664129720215537,0.5769766919955933,0.08715302821994364,0.3333333333333333,0.16666666666666666,0.16666666666666666,0.700977464564421,0.6230910796128187,0.07788638495160227,0.664129720215537,0.5769766919955933,0.08715302821994364
25,12,29,14,8,1270292.0,1263846.0,0.005100304942216061,0.1,0.0887118193891103,0,0.05,0.125,0.25,0.125,0.2824031267645398,0.3857919254658385,0.10338879870129869,0.250603671020914,0.35523987740303314,0.10463620638211912,0.0,0.0,0.0,0.11463274044795783,0.11726708074534162,0.002634340297383783,0.08277210780930609,0.0886596659138186,0.005887558104512511,0.0,0.0,0.0,0.11463274044795783,0.11726708074534162,0.002634340297383783,0.08277210780930609,0.0886596659138186,0.005887558104512511,0.0,0.0,0.0,0.11463274044795783,0.11726708074534162,0.002634340297383783,0.08277210780930609,0.0886596659138186,0.005887558104512511
25,12,29,14,8,1270292.0,1263846.0,0.005100304942216061,0.1,0.0887118193891103,0,0.1,0.25,0.375,0.125,0.457906902879729,0.5055124223602484,0.04760551948051939,0.45094771172479353,0.4917625715970936,0.04081485987230005,0.16666666666666666,0.0,0.16666666666666666,0.3248282514586862,0.2088198757763975,0.11600837568228872,0.3116461292942604,0.1868201145553498,0.12482601473891058,0.16666666666666666,0.0,0.16666666666666666,0.3248282514586862,0.2088198757763975,0.11600837568228872,0.3116461292942604,0.1868201145553498,0.12482601473891058,0.16666666666666666,0.0,0.16666666666666666,0.3248282514586862,0.2088198757763975,0.11600837568228872,0.3116461292942604,0.1868201145553498,0.12482601473891058
25,12,29,14,8,1270292.0,1263846.0,0.005100304942216061,0.1,0.0887118193891103,0,0.2,0.375,0.375,0.0,0.6114748023715415,0.6121376811594204,0.0006628787878788511,0.5825611901493726,0.5880851740487746,0.005523983899402007,0.16666666666666666,0.0,0.16666666666666666,0.48196640316205525,0.37942028985507237,0.10254611330698288,0.44341492019916345,0.3409362784780394,0.10247864172112403,0.16666666666666666,0.0,0.16666666666666666,0.48196640316205525,0.37942028985507237,0.10254611330698288,0.44341492019916345,0.3409362784780394,0.10247864172112403,0.16666666666666666,0.0,0.16666666666666666,0.48196640316205525,0.37942028985507237,0.10254611330698288,0.44341492019916345,0.3409362784780394,0.10247864172112403
25,12,29,14,8,1270292.0,1263846.0,0.005100304942216061,0.1,0.0887118193891103,0,0.4,0.5,0.375,0.125,0.7757330984233157,0.7518115942028986,0.023921504220417167,0.7480972901616527,0.7286411367655309,0.019456153396121834,0.3333333333333333,0.0,0.3333333333333333,0.700977464564421,0.6028985507246377,0.09807891383978329,0.664129720215537,0.5658258188248493,0.09830390139068768,0.3333333333333333,0.0,0.3333333333333333,0.700977464564421,0.6028985507246377,0.09807891383978329,0.664129720215537,0.5658258188248493,0.09830390139068768,0.3333333333333333,0.0,0.3333333333333333,0.700977464564421,0.6028985507246377,0.09807891383978329,0.664129720215537,0.5658258188248493,0.09830390139068768
25,12,31,15,8,1270292.0,1266770.0,0.002780299501882741,0.08,0.10225763612217803,0,0.05,0.125,0.125,0.0,0.2824031267645398,0.33619828993470297,0.05379516317016314,0.250603671020914,0.3100361554827992,0.059432484461885204,0.0,0.0,0.0,0.11463274044795783,0.10363154960981047,0.011001190838147365,0.08277210780930609,0.05965147942057801,0.02312062838872808,0.0,0.0,0.0,0.11463274044795783,0.10363154960981047,0.011001190838147365,0.08277210780930609,0.05965147942057801,0.02312062838872808,0.0,0.0,0.0,0.11463274044795783,0.10363154960981047,0.011001190838147365,0.08277210780930609,0.05965147942057801,0.02312062838872808
25,12,31,15,8,1270292.0,1266770.0,0.002780299501882741,0.08,0.10225763612217803,0,0.1,0.25,0.25,0.0,0.457906902879729,0.4895268454371715,0.03161994255744249,0.45094771172479353,0.48026978533377257,0.029322073608979038,0.16666666666666666,0.0,0.16666666666666666,0.3248282514586862,0.24038580984233157,0.08444244161635464,0.3116461292942604,0.22089067292747888,0.0907554563667815,0.16666666666666666,0.0,0.16666666666666666,0.3248282514586862,0.24038580984233157,0.08444244161635464,0.3116461292942604,0.22089067292747888,0.0907554563667815,0.16666666666666666,0.0,0.16666666666666666,0.3248282514586862,0.24038580984233157,0.08444244161635464,0.3116461292942604,0.22089067292747888,0.0907554563667815
25,12,31,15,8,1270292.0,1266770.0,0.002780299501882741,0.08,0.10225763612217803,0,0.2,0.375,0.375,0.0,0.6114748023715415,0.6100257306099697,0.0014490717615718296,0.5825611901493726,0.5932797632389352,0.010718573089562589,0.16666666666666666,0.0,0.16666666666666666,0.48196640316205525,0.3760411689759516,0.10592523418610367,0.44341492019916345,0.34924762118229624,0.09416729901686721,0.16666666666666666,0.0,0.16666666666666666,0.48196640316205525,0.3760411689759516,0.10592523418610367,0.44341492019916345,0.34924762118229624,0.09416729901686721,0.16666666666666666,0.0,0.16666666666666666,0.48196640316205525,0.3760411689759516,0.10592523418610367,0.44341492019916345,0.34924762118229624,0.09416729901686721
25,12,31,15,8,1270292.0,1266770.0,0.002780299501882741,0.08,0.10225763612217803,0,0.4,0.5,0.5,0.0,0.7757330984233157,0.7823436753463927,0.006610576923076983,0.7480972901616527,0.7369928006182584,0.01110448954339427,0.3333333333333333,0.2,0.1333333333333333,0.700977464564421,0.6517498805542283,0.04922758401019267,0.664129720215537,0.5791884809892136,0.08494123922632335,0.3333333333333333,0.2,0.1333333333333333,0.700977464564421,0.6517498805542283,0.04922758401019267,0.664129720215537,0.5791884809892136,0.08494123922632335,0.3333333333333333,0.2,0.1333333333333333,0.700977464564421,0.6517498805542283,0.04922758401019267,0.664129720215537,0.5791884809892136,0.08494123922632335
25,12,33,16,8,1270292.0,1270167.0,9.841225602617608e-05,0.0,0.03638778220451527,1,0.05,0.125,0.125,0.0,0.2824031267645398,0.33937428061069363,0.05697115384615381,0.250603671020914,0.29578977859750427,0.04518610757659025,0.0,0.0,0.0,0.11463274044795783,0.19059427890949632,0.07596153846153848,0.08277210780930609,0.1430202512447598,0.06024814343545372,0.0,0.0,0.0,0.11463274044795783,0.19059427890949632,0.07596153846153848,0.08277210780930609,0.1430202512447598,0.06024814343545372,0.0,0.0,0.0,0.11463274044795783,0.19059427890949632,0.07596153846153848,0.08277210780930609,0.1430202512447598,0.06024814343545372
25,12,33,16,8,1270292.0,1270167.0,9.841225602617608e-05,0.0,0.03638778220451527,1,0.1,0.25,0.25,0.0,0.457906902879729,0.47361775452808064,0.01571085164835162,0.45094771172479353,0.456041120201753,0.005093408476959493,0.16666666666666666,0.16666666666666666,0.0,0.3248282514586862,0.34577605365648845,0.020947802197802234,0.3116461292942604,0.31843734059687295,0.006791211302612565,0.16666666666666666,0.16666666666666666,0.0,0.3248282514586862,0.34577605365648845,0.020947802197802234,0.3116461292942604,0.31843734059687295,0.006791211302612565,0.16666666666666666,0.16666666666666666,0.0,0.3248282514586862,0.34577605365648845,0.020947802197802234,0.3116461292942604,0.31843734059687295,0.006791211302612565
25,12,33,16,8,1270292.0,1270167.0,9.841225602617608e-05,0.0,0.03638778220451527,1,0.2,0.375,0.375,0.0,0.6114748023715415,0.606237851822091,0.005236950549450503,0.5825611901493726,0.5856574333042726,0.0030962431548999803,0.16666666666666666,0.16666666666666666,0.0,0.48196640316205525,0.4749838024294546,0.006982600732600652,0.44341492019916345,0.44754324440569676,0.004128324206533307,0.16666666666666666,0.16666666666666666,0.0,0.48196640316205525,0.4749838024294546,0.006982600732600652,0.44341492019916345,0.44754324440569676,0.004128324206533307,0.16666666666666666,0.16666666666666666,0.0,0.48196640316205525,0.4749838024294546,0.006982600732600652,0.44341492019916345,0.44754324440569676,0.004128324206533307
25,12,33,16,8,1270292.0,1270167.0,9.841225602617608e-05,0.0,0.03638778220451527,1,0.4,0.5,0.375,0.125,0.7757330984233157,0.7566166849454893,0.019116413477826444,0.7480972901616527,0.72682406348904,0.021273226672612666,0.3333333333333333,0.16666666666666666,0.16666666666666666,0.700977464564421,0.6754889132606524,0.025488551303768592,0.664129720215537,0.6357654179853868,0.028364302230150185,0.3333333333333333,0.16666666666666666,0.16666666666666666,0.700977464564421,0.6754889132606524,0.025488551303768592,0.664129720215537,0.6357654179853868,0.028364302230150185,0.3333333333333333,0.16666666666666666,0.16666666666666666,0.700977464564421,0.6754889132606524,0.025488551303768592,0.664129720215537,0.6357654179853868,0.028364302230150185
25,12,35,17,8,1270292.0,1266542.0,0.002960817722586381,0.1,0.04249667994687924,0,0.05,0.125,0.0,0.125,0.2824031267645398,0.2545833333333334,0.02781979343120644,0.250603671020914,0.27400509287599784,0.023401421855083815,0.0,0.0,0.0,0.11463274044795783,0.074,0.04063274044795784,0.08277210780930609,0.05608374384236453,0.02668836396694156,0.0,0.0,0.0,0.11463274044795783,0.145,0.030367259552042156,0.08277210780930609,0.13764554411106134,0.05487343630175524,0.0,0.0,0.0,0.11463274044795783,0.145,0.030367259552042156,0.08277210780930609,0.13764554411106134,0.05487343630175524
25,12,35,17,8,1270292.0,1266542.0,0.002960817722586381,0.1,0.04249667994687924,0,0.1,0.25,0.25,0.0,0.457906902879729,0.4808134920634921,0.022906589183763093,0.45094771172479353,0.45866962255695815,0.0077219108321646135,0.16666666666666666,0.0,0.16666666666666666,0.3248282514586862,0.20263492063492064,0.12219333082376557,0.3116461292942604,0.1762956385153754,0.13535049077888497,0.16666666666666666,0.0,0.16666666666666666,0.3248282514586862,0.3077513227513227,0.017076928707363492,0.3116461292942604,0.27822616340927747,0.033419965884982916,0.16666666666666666,0.0,0.16666666666666666,0.3248282514586862,0.3077513227513227,0.017076928707363492,0.3116461292942604,0.27822616340927747,0.033419965884982916
25,12,35,17,8,1270292.0,1266542.0,0.002960817722586381,0.1,0.04249667994687924,0,0.2,0.375,0.375,0.0,0.6114748023715415,0.6028769841269841,0.00859781824455741,0.5825611901493726,0.5727264219457388,0.009834768203633826,0.16666666666666666,0.0,0.16666666666666666,0.48196640316205525,0.3646031746031746,0.11736322855888065,0.44341492019916345,0.31636227511318193,0.12705264508598152,0.16666666666666666,0.16666666666666666,0.0,0.48196640316205525,0.4705026455026455,0.011463757659409768,0.44341492019916345,0.4303018959276516,0.013113024271511842,0.16666666666666666,0.16666666666666666,0.0,0.48196640316205525,0.4705026455026455,0.011463757659409768,0.44341492019916345,0.4303018959276516,0.013113024271511842
25,12,35,17,8,1270292.0,1266542.0,0.002960817722586381,0.1,0.04249667994687924,0,0.4,0.5,0.375,0.125,0.7757330984233157,0.7585241147741147,0.017208983649200982,0.7480972901616527,0.7185510942236335,0.029546195938019215,0.3333333333333333,0.0,0.3333333333333333,0.700977464564421,0.6136385836385836,0.08733888092583741,0.664129720215537,0.5496817507578136,0.1144479694577234,0.3333333333333333,0.16666666666666666,0.16666666666666666,0.700977464564421,0.678032153032153,0.022945311532267976,0.664129720215537,0.624734792298178,0.03939492791735899,0.3333333333333333,0.16666666666666666,0.16666666666666666,0.700977464564421,0.678032153032153,0.022945311532267976,0.664129720215537,0.624734792298178,0.03939492791735899
25,12,37,18,8,1270292.0,1260993.0,0.0073743470423705765,0.1,0.11527224435590966,0,0.05,0.125,0.125,0.0,0.2824031267645398,0.36733954451345757,0.08493641774891775,0.250603671020914,0.3347609522488807,0.08415728122796667,0.0,0.0,0.0,0.11463274044795783,0.08488612836438922,0.029746612083568616,0.08277210780930609,0.07402887405388438,0.008743233755421714,0.0,0.0,0.0,0.11463274044795783,0.08488612836438922,0.029746612083568616,0.08277210780930609,0.07402887405388438,0.008743233755421714,0.0,0.0,0.0,0.11463274044795783,0.08488612836438922,0.029746612083568616,0.08277210780930609,0.07402887405388438,0.008743233755421714
25,12,37,18,8,1270292.0,1260993.0,0.0073743470423705765,0.1,0.11527224435590966,0,0.1,0.25,0.375,0.125,0.457906902879729,0.5237663906142167,0.06585948773448769,0.45094771172479353,0.5088889949632731,0.05794128323847958,0.16666666666666666,0.0,0.16666666666666666,0.3248282514586862,0.23802622498274673,0.08680202647593949,0.3116461292942604,0.214222391941237,0.0974237373530234,0.16666666666666666,0.0,0.16666666666666666,0.3248282514586862,0.23802622498274673,0.08680202647593949,0.3116461292942604,0.214222391941237,0.0974237373530234,0.16666666666666666,0.0,0.16666666666666666,0.3248282514586862,0.23802622498274673,0.08680202647593949,0.3116461292942604,0.214222391941237,0.0974237373530234
25,12,37,18,8,1270292.0,1260993.0,0.0073743470423705765,0.1,0.11527224435590966,0,0.2,0.375,0.375,0.0,0.6114748023715415,0.6244392684610076,0.012964466089466109,0.5825611901493726,0.6033066655151165,0.020745475365743893,0.16666666666666666,0.0,0.16666666666666666,0.48196640316205525,0.39910282953761217,0.08286357362444308,0.44341492019916345,0.3652906648241863,0.07812425537497714,0.16666666666666666,0.0,0.16666666666666666,0.48196640316205525,0.39910282953761217,0.08286357362444308,0.44341492019916345,0.3652906648241863,0.07812425537497714,0.16666666666666666,0.0,0.16666666666666666,0.48196640316205525,0.39910282953761217,0.08286357362444308,0.44341492019916345,0.3652906648241863,0.07812425537497714
25,12,37,18,8,1270292.0,1260993.0,0.0073743470423705765,0.1,0.11527224435590966,0,0.4,0.5,0.375,0.125,0.7757330984233157,0.7541772840685884,0.02155581435472731,0.7480972901616527,0.7397688295083228,0.008328460653329928,0.3333333333333333,0.0,0.3333333333333333,0.700977464564421,0.6066836545097415,0.09429381005467952,0.664129720215537,0.5836301272133164,0.08049959300222054,0.3333333333333333,0.0,0.3333333333333333,0.700977464564421,0.6066836545097415,0.09429381005467952,0.664129720215537,0.5836301272133164,0.08049959300222054,0.3333333333333333,0.0,0.3333333333333333,0.700977464564421,0.6066836545097415,0.09429381005467952,0.664129720215537,0.5836301272133164,0.08049959300222054
26,13,28,14,7,1251866.0,1244175.0,0.006181606285289449,0.18,0.09057104913678615,0,0.05,0.0,0.0,0.0,0.1910504781622794,0.26122448979591834,0.07017401163363893,0.14453492693156825,0.2100630221129912,0.06552809518142294,0.0,0.0,0.0,0.10747066942719115,0.1658730158730159,0.058402346445824746,0.05332786669654591,0.12125605223143356,0.06792818553488764,0.0,0.0,0.0,0.18955889118932598,0.1658730158730159,0.023685875316310084,0.12909948219407116,0.12125605223143356,0.007843429962637607,0.0,0.0,0.0,0.18955889118932598,0.1658730158730159,0.023685875316310084,0.12909948219407116,0.12125605223143356,0.007843429962637607
26,13,28,14,7,1251866.0,1244175.0,0.006181606285289449,0.18,0.09057104913678615,0,0.1,0.0,0.14285714285714285,0.14285714285714285,0.2968268237882491,0.42176870748299317,0.12494188369474407,0.23778113844146698,0.3817466584346825,0.1439655199932155,0.0,0.0,0.0,0.17555755330354872,0.3253968253968254,0.1498392720932767,0.12019097077060317,0.278704434840463,0.1585134640698598,0.0,0.0,0.0,0.24629796108629062,0.3253968253968254,0.07909886431053478,0.18481873558911888,0.278704434840463,0.0938856992513441,0.0,0.0,0.0,0.24629796108629062,0.3253968253968254,0.07909886431053478,0.18481873558911888,0.278704434840463,0.0938856992513441
26,13,28,14,7,1251866.0,1244175.0,0.006181606285289449,0.18,0.09057104913678615,0,0.2,0.14285714285714285,0.14285714285714285,0.0,0.42276589506893536,0.5608843537414966,0.13811845867256123,0.3866463274961372,0.512041625463797,0.12539529796765975,0.0,0.0,0.0,0.23187225309650938,0.48769841269841274,0.25582615960190336,0.1860809778975771,0.43071522970776316,0.24463425181018605,0.16666666666666666,0.0,0.16666666666666666,0.3598935442470912,0.48769841269841274,0.12780486845132155,0.3217341482479809,0.43071522970776316,0.10898108145978225,0.16666666666666666,0.0,0.16666666666666666,0.3598935442470912,0.48769841269841274,0.12780486845132155,0.3217341482479809,0.43071522970776316,0.10898108145978225
26,13,28,14,7,1251866.0,1244175.0,0.006181606285289449,0.18,0.09057104913678615,0,0.4,0.2857142857142857,0.2857142857142857,0.0,0.6125549380698122,0.7291208791208791,0.11656594105106688,0.5683847348384609,0.6692697687766197,0.10088503393815884,0.0,0.16666666666666666,0.16666666666666666,0.4575769132977371,0.6839743589743589,0.2263974456766218,0.39573862877384497,0.6141480635727229,0.21840943479887792,0.16666666666666666,0.16666666666666666,0.0,0.5479807610814477,0.6839743589743589,0.1359935978929112,0.4964488573115375,0.6141480635727229,0.11769920626118541,0.16666666666666666,0.16666666666666666,0.0,0.5479807610814477,0.6839743589743589,0.1359935978929112,0.4964488573115375,0.6141480635727229,0.11769920626118541
26,13,30,15,7,1251866.0,1249358.0,0.0020074310165701104,0.12,0.07808764940239041,0,0.05,0.0,0.0,0.0,0.1910504781622794,0.2510170734960651,0.059966595333785705,0.14453492693156825,0.2286107924347721,0.08407586550320384,0.0,0.0,0.0,0.10747066942719115,0.18634453781512605,0.0788738683879349,0.05332786669654591,0.1468992381566004,0.09357137146005448,0.0,0.0,0.0,0.18955889118932598,0.2510170734960651,0.061458182306739134,0.12909948219407116,0.2286107924347721,0.09951131024070092,0.0,0.0,0.0,0.18955889118932598,0.2510170734960651,0.061458182306739134,0.12909948219407116,0.2286107924347721,0.09951131024070092
26,13,30,15,7,1251866.0,1249358.0,0.0020074310165701104,0.12,0.07808764940239041,0,0.1,0.0,0.14285714285714285,0.14285714285714285,0.2968268237882491,0.41696751164233803,0.12014068785408893,0.23778113844146698,0.37429022335789913,0.13650908491643216,0.0,0.0,0.0,0.17555755330354872,0.2726434051881622,0.0970858518846135,0.12019097077060317,0.21632996415334102,0.09613899338273785,0.0,0.14285714285714285,0.14285714285714285,0.24629796108629062,0.41696751164233803,0.1706695505560474,0.18481873558911888,0.37429022335789913,0.18947148776878026,0.0,0.14285714285714285,0.14285714285714285,0.24629796108629062,0.41696751164233803,0.1706695505560474,0.18481873558911888,0.37429022335789913,0.18947148776878026
26,13,30,15,7,1251866.0,1249358.0,0.0020074310165701104,0.12,0.07808764940239041,0,0.2,0.14285714285714285,0.14285714285714285,0.0,0.42276589506893536,0.5603933602426477,0.13762746517371238,0.3866463274961372,0.5259105677046857,0.1392642402085485,0.0,0.0,0.0,0.23187225309650938,0.4067729265619291,0.1749006734654197,0.1860809778975771,0.36739512673676733,0.18131414883919023,0.16666666666666666,0.14285714285714285,0.023809523809523808,0.3598935442470912,0.5603933602426477,0.20049981599555655,0.3217341482479809,0.5259105677046857,0.20417641945670478,0.16666666666666666,0.14285714285714285,0.023809523809523808,0.3598935442470912,0.5603933602426477,0.20049981599555655,0.3217341482479809,0.5259105677046857,0.20417641945670478
26,13,30,15,7,1251866.0,1249358.0,0.0020074310165701104,0.12,0.07808764940239041,0,0.4,0.2857142857142857,0.42857142857142855,0.14285714285714285,0.6125549380698122,0.6793086799937367,0.06675374192392447,0.5683847348384609,0.6537509342583513,0.08536619941989043,0.0,0.2,0.2,0.4575769132977371,0.5510321519912313,0.09345523869349426,0.39573862877384497,0.5152513079616918,0.11951267918784686,0.16666666666666666,0.42857142857142855,0.26190476190476186,0.5479807610814477,0.6793086799937367,0.131327918912289,0.4964488573115375,0.6537509342583513,0.1573020769468138,0.16666666666666666,0.42857142857142855,0.26190476190476186,0.5479807610814477,0.6793086799937367,0.131327918912289,0.4964488573115375,0.6537509342583513,0.1573020769468138
26,13,32,16,7,1251866.0,1244383.0,0.00601342191270694,0.08,0.043824701195219126,0,0.05,0.0,0.0,0.0,0.1910504781622794,0.15598442275460908,0.03506605540767033,0.14453492693156825,0.10298641414709411,0.041548512784474134,0.0,0.0,0.0,0.10747066942719115,0.08980676328502415,0.017663906142166994,0.05332786669654591,0.07043405562740361,0.017106188930857698,0.0,0.0,0.0,0.18955889118932598,0.08980676328502415,0.09975212790430182,0.12909948219407116,0.07043405562740361,0.05866542656666755,0.0,0.0,0.0,0.18955889118932598,0.08980676328502415,0.09975212790430182,0.12909948219407116,0.07043405562740361,0.05866542656666755
26,13,32,16,7,1251866.0,1244383.0,0.00601342191270694,0.08,0.043824701195219126,0,0.1,0.0,0.0,0.0,0.2968268237882491,0.26809129448881003,0.028735529299439067,0.23778113844146698,0.19360626694676794,0.044174871494699036,0.0,0.0,0.0,0.17555755330354872,0.15628019323671496,0.019277360066833754,0.12019097077060317,0.10640891846380943,0.013782052306793746,0.0,0.0,0.0,0.24629796108629062,0.15628019323671496,0.09001776784957566,0.18481873558911888,0.10640891846380943,0.07840981712530945,0.0,0.0,0.0,0.24629796108629062,0.15628019323671496,0.09001776784957566,0.18481873558911888,0.10640891846380943,0.07840981712530945
26,13,32,16,7,1251866.0,1244383.0,0.00601342191270694,0.08,0.043824701195219126,0,0.2,0.14285714285714285,0.14285714285714285,0.0,0.42276589506893536,0.3601547865523021,0.06261110851663326,0.3866463274961372,0.31215424873584746,0.07449207876028974,0.0,0.0,0.0,0.23187225309650938,0.21850241545893717,0.013369837637572213,0.1860809778975771,0.15170789135814855,0.034373086539428555,0.16666666666666666,0.0,0.16666666666666666,0.3598935442470912,0.21850241545893717,0.14139112878815402,0.3217341482479809,0.15170789135814855,0.17002625688983236,0.16666666666666666,0.0,0.16666666666666666,0.3598935442470912,0.21850241545893717,0.14139112878815402,0.3217341482479809,0.15170789135814855,0.17002625688983236
26,13,32,16,7,1251866.0,1244383.0,0.00601342191270694,0.08,0.043824701195219126,0,0.4,0.2857142857142857,0.14285714285714285,0.14285714285714285,0.6125549380698122,0.5086315685694568,0.10392336950035541,0.5683847348384609,0.49182462696238755,0.07656010787607331,0.0,0.0,0.0,0.4575769132977371,0.36922705314009663,0.08834986015764046,0.39573862877384497,0.33752762150721616,0.05821100726662881,0.16666666666666666,0.0,0.16666666666666666,0.5479807610814477,0.36922705314009663,0.17875370794135104,0.4964488573115375,0.33752762150721616,0.15892123580432133,0.16666666666666666,0.0,0.16666666666666666,0.5479807610814477,0.36922705314009663,0.17875370794135104,0.4964488573115375,0.33752762150721616,0.15892123580432133
26,13,34,17,7,1251866.0,1248876.0,0.002394152822217738,0.1,0.06401062416998671,0,0.05,0.0,0.0,0.0,0.1910504781622794,0.14531306621532183,0.045737411946957574,0.14453492693156825,0.12772046049300237,0.016814466438565878,0.0,0.0,0.0,0.10747066942719115,0.05581924508240297,0.05165142434478818,0.05332786669654591,0.03722847202554136,0.016099394671004554,0.0,0.0,0.0,0.18955889118932598,0.05581924508240297,0.13373964610692302,0.12909948219407116,0.03722847202554136,0.0918710101685298,0.0,0.0,0.0,0.18955889118932598,0.05581924508240297,0.13373964610692302,0.12909948219407116,0.03722847202554136,0.0918710101685298
26,13,34,17,7,1251866.0,1248876.0,0.002394152822217738,0.1,0.06401062416998671,0,0.1,0.0,0.0,0.0,0.2968268237882491,0.27845284206186466,0.018373981726384436,0.23778113844146698,0.2797967972989716,0.042015658857504634,0.0,0.0,0.0,0.17555755330354872,0.1469768360294676,0.028580717274081124,0.12019097077060317,0.14713311249365965,0.02694214172305648,0.0,0.0,0.0,0.24629796108629062,0.1469768360294676,0.09932112505682303,0.18481873558911888,0.14713311249365965,0.037685623095459225,0.0,0.0,0.0,0.24629796108629062,0.1469768360294676,0.09932112505682303,0.18481873558911888,0.14713311249365965,0.037685623095459225
26,13,34,17,7,1251866.0,1248876.0,0.002394152822217738,0.1,0.06401062416998671,0,0.2,0.14285714285714285,0.14285714285714285,0.0,0.42276589506893536,0.4905922815697252,0.06782638650078981,0.3866463274961372,0.4364429876620713,0.04979666016593409,0.0,0.0,0.0,0.23187225309650938,0.32016252753094854,0.08829027443443915,0.1860809778975771,0.25096101112926655,0.06488003323168945,0.16666666666666666,0.0,0.16666666666666666,0.3598935442470912,0.32016252753094854,0.03973101671614265,0.3217341482479809,0.25096101112926655,0.07077313711871436,0.16666666666666666,0.0,0.16666666666666666,0.3598935442470912,0.32016252753094854,0.03973101671614265,0.3217341482479809,0.25096101112926655,0.07077313711871436
26,13,34,17,7,1251866.0,1248876.0,0.002394152822217738,0.1,0.06401062416998671,0,0.4,0.2857142857142857,0.2857142857142857,0.0,0.6125549380698122,0.6200106326422116,0.007455694572399363,0.5683847348384609,0.570943451262581,0.002558716424120089,0.0,0.0,0.0,0.4575769132977371,0.4680148856990963,0.010437972401359186,0.39573862877384497,0.39932083176761335,0.0035822029937683797,0.16666666666666666,0.0,0.16666666666666666,0.5479807610814477,0.4680148856990963,0.07996587538235139,0.4964488573115375,0.39932083176761335,0.09712802554392413,0.16666666666666666,0.0,0.16666666666666666,0.5479807610814477,0.4680148856990963,0.07996587538235139,0.4964488573115375,0.39932083176761335,0.09712802554392413
26,13,36,18,7,1251866.0,1244191.0,0.0061686670294191165,0.1,0.058167330677290824,0,0.05,0.0,0.14285714285714285,0.14285714285714285,0.1910504781622794,0.24033816425120774,0.049287686088928334,0.14453492693156825,0.22052798593664075,0.0759930590050725,0.0,0.0,0.0,0.10747066942719115,0.09202898550724638,0.01544168391994477,0.05332786669654591,0.07265557195046093,0.01932770525391502,0.0,0.0,0.0,0.18955889118932598,0.11372785829307568,0.0758310328962503,0.12909948219407116,0.09061598359274751,0.03848349860132365,0.0,0.0,0.0,0.18955889118932598,0.11372785829307568,0.0758310328962503,0.12909948219407116,0.09061598359274751,0.03848349860132365
26,13,36,18,7,1251866.0,1244191.0,0.0061686670294191165,0.1,0.058167330677290824,0,0.1,0.0,0.14285714285714285,0.14285714285714285,0.2968268237882491,0.3219461697722567,0.025119345984007613,0.23778113844146698,0.2895204008467262,0.05173926240525922,0.0,0.0,0.0,0.17555755330354872,0.16183574879227053,0.01372180451127819,0.12019097077060317,0.1087389022195201,0.011452068551083078,0.0,0.0,0.0,0.24629796108629062,0.20893719806763286,0.03736076301865776,0.18481873558911888,0.1711071343211806,0.013711601267938273,0.0,0.0,0.0,0.24629796108629062,0.20893719806763286,0.03736076301865776,0.18481873558911888,0.1711071343211806,0.013711601267938273
26,13,36,18,7,1251866.0,1244191.0,0.0061686670294191165,0.1,0.058167330677290824,0,0.2,0.14285714285714285,0.14285714285714285,0.0,0.42276589506893536,0.42908902691511386,0.006323131846178498,0.3866463274961372,0.3755464001056278,0.011099927390509412,0.0,0.0,0.0,0.23187225309650938,0.2896135265700483,0.05774127347353891,0.1860809778975771,0.20519290294215833,0.01911192504458123,0.16666666666666666,0.0,0.16666666666666666,0.3598935442470912,0.33393719806763283,0.025956346179458356,0.3217341482479809,0.27147080012323244,0.050263348124748475,0.16666666666666666,0.0,0.16666666666666666,0.3598935442470912,0.33393719806763283,0.025956346179458356,0.3217341482479809,0.27147080012323244,0.050263348124748475
26,13,36,18,7,1251866.0,1244191.0,0.0061686670294191165,0.1,0.058167330677290824,0,0.4,0.2857142857142857,0.14285714285714285,0.14285714285714285,0.6125549380698122,0.597333136153012,0.015221801916800226,0.5683847348384609,0.5621981992088065,0.006186535629654322,0.0,0.0,0.0,0.4575769132977371,0.4807108350586612,0.023133921760924103,0.39573862877384497,0.43724249539397925,0.04150386662013428,0.16666666666666666,0.0,0.16666666666666666,0.5479807610814477,0.530221992178514,0.017758768902933708,0.4964488573115375,0.4892312324102743,0.007217624901263209,0.16666666666666666,0.0,0.16666666666666666,0.5479807610814477,0.530221992178514,0.017758768902933708,0.4964488573115375,0.4892312324102743,0.007217624901263209
26,13,38,19,7,1251866.0,1244383.0,0.00601342191270694,0.08,0.05816733067729075,0,0.05,0.0,0.0,0.0,0.1910504781622794,0.1958519487123606,0.004801470550081205,0.14453492693156825,0.15229308170999137,0.007758154778423121,0.0,0.0,0.0,0.10747066942719115,0.09085939486397152,0.016611274563219633,0.05332786669654591,0.07170947966944699,0.018381612972901078,0.0,0.0,0.0,0.18955889118932598,0.1173828290533096,0.07217606213601638,0.12909948219407116,0.09392456639120582,0.035174915802865345,0.0,0.0,0.0,0.18955889118932598,0.1173828290533096,0.07217606213601638,0.12909948219407116,0.09392456639120582,0.035174915802865345
26,13,38,19,7,1251866.0,1244383.0,0.00601342191270694,0.08,0.05816733067729075,0,0.1,0.0,0.0,0.0,0.2968268237882491,0.31588936108386906,0.019062537295619963,0.23778113844146698,0.24271973169343378,0.0049385932519668,0.0,0.0,0.0,0.17555755330354872,0.17557843885075006,2.088554720133806e-05,0.12019097077060317,0.13278341735912116,0.012592446588517991,0.0,0.0,0.0,0.24629796108629062,0.2296486990422917,0.016649262043998914,0.18481873558911888,0.18773618113260096,0.0029174455434820834,0.0,0.0,0.0,0.24629796108629062,0.2296486990422917,0.016649262043998914,0.18481873558911888,0.18773618113260096,0.0029174455434820834
26,13,38,19,7,1251866.0,1244383.0,0.00601342191270694,0.08,0.05816733067729075,0,0.2,0.14285714285714285,0.14285714285714285,0.0,0.42276589506893536,0.4249119174748465,0.0021460224059111632,0.3866463274961372,0.36676333583209153,0.01988299166404567,0.0,0.0,0.0,0.23187225309650938,0.2948766844647851,0.06300443136827572,0.1860809778975771,0.22096867016492813,0.03488769226735103,0.16666666666666666,0.0,0.16666666666666666,0.3598935442470912,0.32906390372065425,0.03082964052643694,0.3217341482479809,0.26122389180410677,0.060510256443874144,0.16666666666666666,0.0,0.16666666666666666,0.3598935442470912,0.32906390372065425,0.03082964052643694,0.3217341482479809,0.26122389180410677,0.060510256443874144
26,13,38,19,7,1251866.0,1244383.0,0.00601342191270694,0.08,0.05816733067729075,0,0.4,0.2857142857142857,0.14285714285714285,0.14285714285714285,0.6125549380698122,0.5994216908731457,0.013133247196666531,0.5683847348384609,0.5617980526409383,0.006586682197522564,0.0,0.0,0.0,0.4575769132977371,0.48919036722240383,0.031613453924666746,0.39573862877384497,0.42526727369731354,0.029528644923468572,0.16666666666666666,0.0,0.16666666666666666,0.5479807610814477,0.5326586393520032,0.015322121729444471,0.4964488573115375,0.48876439474776134,0.00768446256377614,0.16666666666666666,0.0,0.16666666666666666,0.5479807610814477,0.5326586393520032,0.015322121729444471,0.4964488573115375,0.48876439474776134,0.00768446256377614
27,13,29,14,8,1270571.0,1263846.0,0.005321059686069347,0.1,0.06401062416998671,0,0.05,0.25,0.25,0.0,0.3772233503211764,0.3857919254658385,0.008568575144662138,0.3367609885725343,0.35523987740303314,0.018478888830498863,0.0,0.0,0.0,0.16963113376156855,0.11726708074534162,0.05236405301622693,0.11568131809671232,0.0886596659138186,0.02702165218289372,0.0,0.0,0.0,0.16963113376156855,0.11726708074534162,0.05236405301622693,0.11568131809671232,0.0886596659138186,0.02702165218289372,0.0,0.0,0.0,0.16963113376156855,0.11726708074534162,0.05236405301622693,0.11568131809671232,0.0886596659138186,0.02702165218289372
27,13,29,14,8,1270571.0,1263846.0,0.005321059686069347,0.1,0.06401062416998671,0,0.1,0.25,0.375,0.125,0.4749416042894304,0.5055124223602484,0.030570818070818018,0.4387617940645224,0.4917625715970936,0.05300077753257115,0.0,0.0,0.0,0.2999221390525738,0.2088198757763975,0.09110226327617632,0.2516823920860299,0.1868201145553498,0.06486227753068008,0.0,0.0,0.0,0.2999221390525738,0.2088198757763975,0.09110226327617632,0.2516823920860299,0.1868201145553498,0.06486227753068008,0.0,0.0,0.0,0.2999221390525738,0.2088198757763975,0.09110226327617632,0.2516823920860299,0.1868201145553498,0.06486227753068008
27,13,29,14,8,1270571.0,1263846.0,0.005321059686069347,0.1,0.06401062416998671,0,0.2,0.375,0.375,0.0,0.5708296836014227,0.6121376811594204,0.04130799755799763,0.5370916019956608,0.5880851740487746,0.050993572053113834,0.16666666666666666,0.0,0.16666666666666666,0.4277729114685636,0.37942028985507237,0.04835262161349124,0.38278880266088083,0.3409362784780394,0.04185252418284141,0.16666666666666666,0.0,0.16666666666666666,0.4277729114685636,0.37942028985507237,0.04835262161349124,0.38278880266088083,0.3409362784780394,0.04185252418284141,0.16666666666666666,0.0,0.16666666666666666,0.4277729114685636,0.37942028985507237,0.04835262161349124,0.38278880266088083,0.3409362784780394,0.04185252418284141
27,13,29,14,8,1270571.0,1263846.0,0.005321059686069347,0.1,0.06401062416998671,0,0.4,0.375,0.375,0.0,0.7173183097096141,0.7518115942028986,0.03449328449328448,0.682732518996695,0.7286411367655309,0.045908617768835924,0.16666666666666666,0.0,0.16666666666666666,0.6230910796128187,0.6028985507246377,0.020192528888181016,0.5769766919955933,0.5658258188248493,0.011150873170744036,0.16666666666666666,0.0,0.16666666666666666,0.6230910796128187,0.6028985507246377,0.020192528888181016,0.5769766919955933,0.5658258188248493,0.011150873170744036,0.16666666666666666,0.0,0.16666666666666666,0.6230910796128187,0.6028985507246377,0.020192528888181016,0.5769766919955933,0.5658258188248493,0.011150873170744036
27,13,31,15,8,1270571.0,1266770.0,0.003000544692406672,0.1,0.06268260292164672,0,0.05,0.25,0.125,0.125,0.3772233503211764,0.33619828993470297,0.04102506038647341,0.3367609885725343,0.3100361554827992,0.026724833089735056,0.0,0.0,0.0,0.16963113376156855,0.10363154960981047,0.06599958415175808,0.11568131809671232,0.05965147942057801,0.056029838676134314,0.0,0.0,0.0,0.16963113376156855,0.10363154960981047,0.06599958415175808,0.11568131809671232,0.05965147942057801,0.056029838676134314,0.0,0.0,0.0,0.16963113376156855,0.10363154960981047,0.06599958415175808,0.11568131809671232,0.05965147942057801,0.056029838676134314
27,13,31,15,8,1270571.0,1266770.0,0.003000544692406672,0.1,0.06268260292164672,0,0.1,0.25,0.25,0.0,0.4749416042894304,0.4895268454371715,0.014585241147741124,0.4387617940645224,0.48026978533377257,0.041507991269250144,0.0,0.0,0.0,0.2999221390525738,0.24038580984233157,0.05953632921024224,0.2516823920860299,0.22089067292747888,0.030791719158551,0.0,0.0,0.0,0.2999221390525738,0.24038580984233157,0.05953632921024224,0.2516823920860299,0.22089067292747888,0.030791719158551,0.0,0.0,0.0,0.2999221390525738,0.24038580984233157,0.05953632921024224,0.2516823920860299,0.22089067292747888,0.030791719158551
27,13,31,15,8,1270571.0,1266770.0,0.003000544692406672,0.1,0.06268260292164672,0,0.2,0.375,0.375,0.0,0.5708296836014227,0.6100257306099697,0.03919604700854695,0.5370916019956608,0.5932797632389352,0.056188161243274415,0.16666666666666666,0.0,0.16666666666666666,0.4277729114685636,0.3760411689759516,0.05173174249261203,0.38278880266088083,0.34924762118229624,0.03354118147858459,0.16666666666666666,0.0,0.16666666666666666,0.4277729114685636,0.3760411689759516,0.05173174249261203,0.38278880266088083,0.34924762118229624,0.03354118147858459,0.16666666666666666,0.0,0.16666666666666666,0.4277729114685636,0.3760411689759516,0.05173174249261203,0.38278880266088083,0.34924762118229624,0.03354118147858459
27,13,31,15,8,1270571.0,1266770.0,0.003000544692406672,0.1,0.06268260292164672,0,0.4,0.375,0.5,0.125,0.7173183097096141,0.7823436753463927,0.06502536563677863,0.682732518996695,0.7369928006182584,0.05426028162156349,0.16666666666666666,0.2,0.033333333333333354,0.6230910796128187,0.6517498805542283,0.0286588009414096,0.5769766919955933,0.5791884809892136,0.0022117889936202895,0.16666666666666666,0.2,0.033333333333333354,0.6230910796128187,0.6517498805542283,0.0286588009414096,0.5769766919955933,0.5791884809892136,0.0022117889936202895,0.16666666666666666,0.2,0.033333333333333354,0.6230910796128187,0.6517498805542283,0.0286588009414096,0.5769766919955933,0.5791884809892136,0.0022117889936202895
27,13,33,16,8,1270571.0,1270167.0,0.00031806841147660113,0.06,0.05099601593625511,0,0.05,0.25,0.125,0.125,0.3772233503211764,0.33937428061069363,0.03784906971048274,0.3367609885725343,0.29578977859750427,0.04097120997503001,0.0,0.0,0.0,0.16963113376156855,0.19059427890949632,0.02096314514792777,0.11568131809671232,0.1430202512447598,0.027338933148047487,0.0,0.0,0.0,0.16963113376156855,0.19059427890949632,0.02096314514792777,0.11568131809671232,0.1430202512447598,0.027338933148047487,0.0,0.0,0.0,0.16963113376156855,0.19059427890949632,0.02096314514792777,0.11568131809671232,0.1430202512447598,0.027338933148047487
27,13,33,16,8,1270571.0,1270167.0,0.00031806841147660113,0.06,0.05099601593625511,0,0.1,0.25,0.25,0.0,0.4749416042894304,0.47361775452808064,0.001323849761349749,0.4387617940645224,0.456041120201753,0.0172793261372306,0.0,0.16666666666666666,0.16666666666666666,0.2999221390525738,0.34577605365648845,0.045853914603914636,0.2516823920860299,0.31843734059687295,0.06675494851084307,0.0,0.16666666666666666,0.16666666666666666,0.2999221390525738,0.34577605365648845,0.045853914603914636,0.2516823920860299,0.31843734059687295,0.06675494851084307,0.0,0.16666666666666666,0.16666666666666666,0.2999221390525738,0.34577605365648845,0.045853914603914636,0.2516823920860299,0.31843734059687295,0.06675494851084307
27,13,33,16,8,1270571.0,1270167.0,0.00031806841147660113,0.06,0.05099601593625511,0,0.2,0.375,0.375,0.0,0.5708296836014227,0.606237851822091,0.03540816822066828,0.5370916019956608,0.5856574333042726,0.048565831308611807,0.16666666666666666,0.16666666666666666,0.0,0.4277729114685636,0.4749838024294546,0.04721089096089098,0.38278880266088083,0.44754324440569676,0.06475444174481593,0.16666666666666666,0.16666666666666666,0.0,0.4277729114685636,0.4749838024294546,0.04721089096089098,0.38278880266088083,0.44754324440569676,0.06475444174481593,0.16666666666666666,0.16666666666666666,0.0,0.4277729114685636,0.4749838024294546,0.04721089096089098,0.38278880266088083,0.44754324440569676,0.06475444174481593
27,13,33,16,8,1270571.0,1270167.0,0.00031806841147660113,0.06,0.05099601593625511,0,0.4,0.375,0.375,0.0,0.7173183097096141,0.7566166849454893,0.039298375235875205,0.682732518996695,0.72682406348904,0.04409154449234509,0.16666666666666666,0.16666666666666666,0.0,0.6230910796128187,0.6754889132606524,0.05239783364783368,0.5769766919955933,0.6357654179853868,0.058788725989793456,0.16666666666666666,0.16666666666666666,0.0,0.6230910796128187,0.6754889132606524,0.05239783364783368,0.5769766919955933,0.6357654179853868,0.058788725989793456,0.16666666666666666,0.16666666666666666,0.0,0.6230910796128187,0.6754889132606524,0.05239783364783368,0.5769766919955933,0.6357654179853868,0.058788725989793456
27,13,35,17,8,1270571.0,1266542.0,0.0031811025611468077,0.08,0.10146082337317394,0,0.05,0.25,0.0,0.25,0.3772233503211764,0.2545833333333334,0.12264001698784299,0.3367609885725343,0.27400509287599784,0.06275589569653645,0.0,0.0,0.0,0.16963113376156855,0.074,0.09563113376156855,0.11568131809671232,0.05608374384236453,0.05959757425434779,0.0,0.0,0.0,0.16963113376156855,0.145,0.024631133761568558,0.11568131809671232,0.13764554411106134,0.02196422601434901,0.0,0.0,0.0,0.16963113376156855,0.145,0.024631133761568558,0.11568131809671232,0.13764554411106134,0.02196422601434901
27,13,35,17,8,1270571.0,1266542.0,0.0031811025611468077,0.08,0.10146082337317394,0,0.1,0.25,0.25,0.0,0.4749416042894304,0.4808134920634921,0.005871887774061724,0.4387617940645224,0.45866962255695815,0.01990782849243572,0.0,0.0,0.0,0.2999221390525738,0.20263492063492064,0.09728721841765317,0.2516823920860299,0.1762956385153754,0.07538675357065447,0.0,0.0,0.0,0.2999221390525738,0.3077513227513227,0.00782918369874891,0.2516823920860299,0.27822616340927747,0.02654377132324759,0.0,0.0,0.0,0.2999221390525738,0.3077513227513227,0.00782918369874891,0.2516823920860299,0.27822616340927747,0.02654377132324759
27,13,35,17,8,1270571.0,1266542.0,0.0031811025611468077,0.08,0.10146082337317394,0,0.2,0.375,0.375,0.0,0.5708296836014227,0.6028769841269841,0.03204730052556137,0.5370916019956608,0.5727264219457388,0.035634819950078,0.16666666666666666,0.0,0.16666666666666666,0.4277729114685636,0.3646031746031746,0.06316973686538901,0.38278880266088083,0.31636227511318193,0.0664265275476989,0.16666666666666666,0.16666666666666666,0.0,0.4277729114685636,0.4705026455026455,0.04272973403408187,0.38278880266088083,0.4303018959276516,0.04751309326677078,0.16666666666666666,0.16666666666666666,0.0,0.4277729114685636,0.4705026455026455,0.04272973403408187,0.38278880266088083,0.4303018959276516,0.04751309326677078
27,13,35,17,8,1270571.0,1266542.0,0.0031811025611468077,0.08,0.10146082337317394,0,0.4,0.375,0.375,0.0,0.7173183097096141,0.7585241147741147,0.04120580506450067,0.682732518996695,0.7185510942236335,0.03581857522693854,0.16666666666666666,0.0,0.16666666666666666,0.6230910796128187,0.6136385836385836,0.009452495974235142,0.5769766919955933,0.5496817507578136,0.027294941237779757,0.16666666666666666,0.16666666666666666,0.0,0.6230910796128187,0.678032153032153,0.054941073419334296,0.5769766919955933,0.624734792298178,0.04775810030258465,0.16666666666666666,0.16666666666666666,0.0,0.6230910796128187,0.678032153032153,0.054941073419334296,0.5769766919955933,0.624734792298178,0.04775810030258465
27,13,37,18,8,1270571.0,1260993.0,0.007595601244416107,0.06,0.12563081009296162,0,0.05,0.25,0.125,0.125,0.3772233503211764,0.36733954451345757,0.009883805807718804,0.3367609885725343,0.3347609522488807,0.0020000363236535867,0.0,0.0,0.0,0.16963113376156855,0.08488612836438922,0.08474500539717933,0.11568131809671232,0.07402887405388438,0.041652444042827946,0.0,0.0,0.0,0.16963113376156855,0.08488612836438922,0.08474500539717933,0.11568131809671232,0.07402887405388438,0.041652444042827946,0.0,0.0,0.0,0.16963113376156855,0.08488612836438922,0.08474500539717933,0.11568131809671232,0.07402887405388438,0.041652444042827946
27,13,37,18,8,1270571.0,1260993.0,0.007595601244416107,0.06,0.12563081009296162,0,0.1,0.25,0.375,0.125,0.4749416042894304,0.5237663906142167,0.04882478632478632,0.4387617940645224,0.5088889949632731,0.07012720089875069,0.0,0.0,0.0,0.2999221390525738,0.23802622498274673,0.061895914069827085,0.2516823920860299,0.214222391941237,0.03746000014479289,0.0,0.0,0.0,0.2999221390525738,0.23802622498274673,0.061895914069827085,0.2516823920860299,0.214222391941237,0.03746000014479289,0.0,0.0,0.0,0.2999221390525738,0.23802622498274673,0.061895914069827085,0.2516823920860299,0.214222391941237,0.03746000014479289
27,13,37,18,8,1270571.0,1260993.0,0.007595601244416107,0.06,0.12563081009296162,0,0.2,0.375,0.375,0.0,0.5708296836014227,0.6244392684610076,0.05360958485958489,0.5370916019956608,0.6033066655151165,0.06621506351945572,0.16666666666666666,0.0,0.16666666666666666,0.4277729114685636,0.39910282953761217,0.02867008193095144,0.38278880266088083,0.3652906648241863,0.017498137836694516,0.16666666666666666,0.0,0.16666666666666666,0.4277729114685636,0.39910282953761217,0.02867008193095144,0.38278880266088083,0.3652906648241863,0.017498137836694516,0.16666666666666666,0.0,0.16666666666666666,0.4277729114685636,0.39910282953761217,0.02867008193095144,0.38278880266088083,0.3652906648241863,0.017498137836694516
27,13,37,18,8,1270571.0,1260993.0,0.007595601244416107,0.06,0.12563081009296162,0,0.4,0.375,0.375,0.0,0.7173183097096141,0.7541772840685884,0.03685897435897434,0.682732518996695,0.7397688295083228,0.05703631051162783,0.16666666666666666,0.0,0.16666666666666666,0.6230910796128187,0.6066836545097415,0.016407425103077244,0.5769766919955933,0.5836301272133164,0.006653435217723103,0.16666666666666666,0.0,0.16666666666666666,0.6230910796128187,0.6066836545097415,0.016407425103077244,0.5769766919955933,0.5836301272133164,0.006653435217723103,0.16666666666666666,0.0,0.16666666666666666,0.6230910796128187,0.6066836545097415,0.016407425103077244,0.5769766919955933,0.5836301272133164,0.006653435217723103
28,14,30,15,7,1244175.0,1249358.0,0.004165812687121988,0.12,0.09083665338645419,0,0.05,0.0,0.0,0.0,0.26122448979591834,0.2510170734960651,0.010207416299853223,0.2100630221129912,0.2286107924347721,0.0185477703217809,0.0,0.0,0.0,0.1658730158730159,0.18634453781512605,0.02047152194211016,0.12125605223143356,0.1468992381566004,0.02564318592516683,0.0,0.0,0.0,0.1658730158730159,0.2510170734960651,0.08514405762304922,0.12125605223143356,0.2286107924347721,0.10735474020333853,0.0,0.0,0.0,0.1658730158730159,0.2510170734960651,0.08514405762304922,0.12125605223143356,0.2286107924347721,0.10735474020333853
28,14,30,15,7,1244175.0,1249358.0,0.004165812687121988,0.12,0.09083665338645419,0,0.1,0.14285714285714285,0.14285714285714285,0.0,0.42176870748299317,0.41696751164233803,0.004801195840655137,0.3817466584346825,0.37429022335789913,0.007456435076783341,0.0,0.0,0.0,0.3253968253968254,0.2726434051881622,0.05275342020866319,0.278704434840463,0.21632996415334102,0.06237447068712196,0.0,0.14285714285714285,0.14285714285714285,0.3253968253968254,0.41696751164233803,0.09157068624551262,0.278704434840463,0.37429022335789913,0.09558578851743615,0.0,0.14285714285714285,0.14285714285714285,0.3253968253968254,0.41696751164233803,0.09157068624551262,0.278704434840463,0.37429022335789913,0.09558578851743615
28,14,30,15,7,1244175.0,1249358.0,0.004165812687121988,0.12,0.09083665338645419,0,0.2,0.14285714285714285,0.14285714285714285,0.0,0.5608843537414966,0.5603933602426477,0.0004909934988488462,0.512041625463797,0.5259105677046857,0.013868942240888749,0.0,0.0,0.0,0.48769841269841274,0.4067729265619291,0.08092548613648365,0.43071522970776316,0.36739512673676733,0.06332010297099583,0.0,0.14285714285714285,0.14285714285714285,0.48769841269841274,0.5603933602426477,0.072694947544235,0.43071522970776316,0.5259105677046857,0.09519533799692254,0.0,0.14285714285714285,0.14285714285714285,0.48769841269841274,0.5603933602426477,0.072694947544235,0.43071522970776316,0.5259105677046857,0.09519533799692254
28,14,30,15,7,1244175.0,1249358.0,0.004165812687121988,0.12,0.09083665338645419,0,0.4,0.2857142857142857,0.42857142857142855,0.14285714285714285,0.7291208791208791,0.6793086799937367,0.04981219912714241,0.6692697687766197,0.6537509342583513,0.01551883451826841,0.16666666666666666,0.2,0.033333333333333354,0.6839743589743589,0.5510321519912313,0.13294220698312753,0.6141480635727229,0.5152513079616918,0.09889675561103106,0.16666666666666666,0.42857142857142855,0.26190476190476186,0.6839743589743589,0.6793086799937367,0.004665678980622201,0.6141480635727229,0.6537509342583513,0.0396028706856284,0.16666666666666666,0.42857142857142855,0.26190476190476186,0.6839743589743589,0.6793086799937367,0.004665678980622201,0.6141480635727229,0.6537509342583513,0.0396028706856284
28,14,32,16,7,1244175.0,1244383.0,0.00016717905439347358,0.12,0.09003984063745023,0,0.05,0.0,0.0,0.0,0.26122448979591834,0.15598442275460908,0.10524006704130925,0.2100630221129912,0.10298641414709411,0.10707660796589707,0.0,0.0,0.0,0.1658730158730159,0.08980676328502415,0.07606625258799174,0.12125605223143356,0.07043405562740361,0.050821996604029945,0.0,0.0,0.0,0.1658730158730159,0.08980676328502415,0.07606625258799174,0.12125605223143356,0.07043405562740361,0.050821996604029945,0.0,0.0,0.0,0.1658730158730159,0.08980676328502415,0.07606625258799174,0.12125605223143356,0.07043405562740361,0.050821996604029945
28,14,32,16,7,1244175.0,1244383.0,0.00016717905439347358,0.12,0.09003984063745023,0,0.1,0.14285714285714285,0.0,0.14285714285714285,0.42176870748299317,0.26809129448881003,0.15367741299418314,0.3817466584346825,0.19360626694676794,0.18814039148791453,0.0,0.0,0.0,0.3253968253968254,0.15628019323671496,0.16911663216011044,0.278704434840463,0.10640891846380943,0.17229551637665355,0.0,0.0,0.0,0.3253968253968254,0.15628019323671496,0.16911663216011044,0.278704434840463,0.10640891846380943,0.17229551637665355,0.0,0.0,0.0,0.3253968253968254,0.15628019323671496,0.16911663216011044,0.278704434840463,0.10640891846380943,0.17229551637665355
28,14,32,16,7,1244175.0,1244383.0,0.00016717905439347358,0.12,0.09003984063745023,0,0.2,0.14285714285714285,0.14285714285714285,0.0,0.5608843537414966,0.3601547865523021,0.2007295671891945,0.512041625463797,0.31215424873584746,0.19988737672794948,0.0,0.0,0.0,0.48769841269841274,0.21850241545893717,0.26919599723947557,0.43071522970776316,0.15170789135814855,0.2790073383496146,0.0,0.0,0.0,0.48769841269841274,0.21850241545893717,0.26919599723947557,0.43071522970776316,0.15170789135814855,0.2790073383496146,0.0,0.0,0.0,0.48769841269841274,0.21850241545893717,0.26919599723947557,0.43071522970776316,0.15170789135814855,0.2790073383496146
28,14,32,16,7,1244175.0,1244383.0,0.00016717905439347358,0.12,0.09003984063745023,0,0.4,0.2857142857142857,0.14285714285714285,0.14285714285714285,0.7291208791208791,0.5086315685694568,0.2204893105514223,0.6692697687766197,0.49182462696238755,0.17744514181423215,0.16666666666666666,0.0,0.16666666666666666,0.6839743589743589,0.36922705314009663,0.31474730583426225,0.6141480635727229,0.33752762150721616,0.27662044206550673,0.16666666666666666,0.0,0.16666666666666666,0.6839743589743589,0.36922705314009663,0.31474730583426225,0.6141480635727229,0.33752762150721616,0.27662044206550673,0.16666666666666666,0.0,0.16666666666666666,0.6839743589743589,0.36922705314009663,0.31474730583426225,0.6141480635727229,0.33752762150721616,0.27662044206550673
28,14,34,17,7,1244175.0,1248876.0,0.003778407378383266,0.16,0.12297476759628148,0,0.05,0.0,0.0,0.0,0.26122448979591834,0.14531306621532183,0.1159114235805965,0.2100630221129912,0.12772046049300237,0.08234256161998882,0.0,0.0,0.0,0.1658730158730159,0.05581924508240297,0.11005377079061293,0.12125605223143356,0.03722847202554136,0.0840275802058922,0.0,0.0,0.0,0.1658730158730159,0.05581924508240297,0.11005377079061293,0.12125605223143356,0.03722847202554136,0.0840275802058922,0.0,0.0,0.0,0.1658730158730159,0.05581924508240297,0.11005377079061293,0.12125605223143356,0.03722847202554136,0.0840275802058922
28,14,34,17,7,1244175.0,1248876.0,0.003778407378383266,0.16,0.12297476759628148,0,0.1,0.14285714285714285,0.0,0.14285714285714285,0.42176870748299317,0.27845284206186466,0.1433158654211285,0.3817466584346825,0.2797967972989716,0.10194986113571086,0.0,0.0,0.0,0.3253968253968254,0.1469768360294676,0.1784199893673578,0.278704434840463,0.14713311249365965,0.13157132234680333,0.0,0.0,0.0,0.3253968253968254,0.1469768360294676,0.1784199893673578,0.278704434840463,0.14713311249365965,0.13157132234680333,0.0,0.0,0.0,0.3253968253968254,0.1469768360294676,0.1784199893673578,0.278704434840463,0.14713311249365965,0.13157132234680333
28,14,34,17,7,1244175.0,1248876.0,0.003778407378383266,0.16,0.12297476759628148,0,0.2,0.14285714285714285,0.14285714285714285,0.0,0.5608843537414966,0.4905922815697252,0.07029207217177141,0.512041625463797,0.4364429876620713,0.07559863780172565,0.0,0.0,0.0,0.48769841269841274,0.32016252753094854,0.1675358851674642,0.43071522970776316,0.25096101112926655,0.1797542185784966,0.0,0.0,0.0,0.48769841269841274,0.32016252753094854,0.1675358851674642,0.43071522970776316,0.25096101112926655,0.1797542185784966,0.0,0.0,0.0,0.48769841269841274,0.32016252753094854,0.1675358851674642,0.43071522970776316,0.25096101112926655,0.1797542185784966
28,14,34,17,7,1244175.0,1248876.0,0.003778407378383266,0.16,0.12297476759628148,0,0.4,0.2857142857142857,0.2857142857142857,0.0,0.7291208791208791,0.6200106326422116,0.10911024647866752,0.6692697687766197,0.570943451262581,0.09832631751403875,0.16666666666666666,0.0,0.16666666666666666,0.6839743589743589,0.4680148856990963,0.2159594732752626,0.6141480635727229,0.39932083176761335,0.21482723180510954,0.16666666666666666,0.0,0.16666666666666666,0.6839743589743589,0.4680148856990963,0.2159594732752626,0.6141480635727229,0.39932083176761335,0.21482723180510954,0.16666666666666666,0.0,0.16666666666666666,0.6839743589743589,0.4680148856990963,0.2159594732752626,0.6141480635727229,0.39932083176761335,0.21482723180510954
28,14,36,18,7,1244175.0,1244191.0,1.285992726103643e-05,0.12,0.04966799468791495,0,0.05,0.0,0.14285714285714285,0.14285714285714285,0.26122448979591834,0.24033816425120774,0.020886325544710593,0.2100630221129912,0.22052798593664075,0.010464963823649559,0.0,0.0,0.0,0.1658730158730159,0.09202898550724638,0.07384403036576952,0.12125605223143356,0.07265557195046093,0.04860048028097262,0.0,0.0,0.0,0.1658730158730159,0.11372785829307568,0.05214515757994022,0.12125605223143356,0.09061598359274751,0.03064006863868604,0.0,0.0,0.0,0.1658730158730159,0.11372785829307568,0.05214515757994022,0.12125605223143356,0.09061598359274751,0.03064006863868604
28,14,36,18,7,1244175.0,1244191.0,1.285992726103643e-05,0.12,0.04966799468791495,0,0.1,0.14285714285714285,0.14285714285714285,0.0,0.42176870748299317,0.3219461697722567,0.09982253771073646,0.3817466584346825,0.2895204008467262,0.09222625758795627,0.0,0.0,0.0,0.3253968253968254,0.16183574879227053,0.16356107660455488,0.278704434840463,0.1087389022195201,0.16996553262094288,0.0,0.0,0.0,0.3253968253968254,0.20893719806763286,0.11645962732919254,0.278704434840463,0.1711071343211806,0.10759730051928237,0.0,0.0,0.0,0.3253968253968254,0.20893719806763286,0.11645962732919254,0.278704434840463,0.1711071343211806,0.10759730051928237
28,14,36,18,7,1244175.0,1244191.0,1.285992726103643e-05,0.12,0.04966799468791495,0,0.2,0.14285714285714285,0.14285714285714285,0.0,0.5608843537414966,0.42908902691511386,0.13179532682638273,0.512041625463797,0.3755464001056278,0.13649522535816916,0.0,0.0,0.0,0.48769841269841274,0.2896135265700483,0.19808488612836445,0.43071522970776316,0.20519290294215833,0.22552232676560482,0.0,0.0,0.0,0.48769841269841274,0.33393719806763283,0.1537612146307799,0.43071522970776316,0.27147080012323244,0.15924442958453072,0.0,0.0,0.0,0.48769841269841274,0.33393719806763283,0.1537612146307799,0.43071522970776316,0.27147080012323244,0.15924442958453072
28,14,36,18,7,1244175.0,1244191.0,1.285992726103643e-05,0.12,0.04966799468791495,0,0.4,0.2857142857142857,0.14285714285714285,0.14285714285714285,0.7291208791208791,0.597333136153012,0.1317877429678671,0.6692697687766197,0.5621981992088065,0.10707156956781316,0.16666666666666666,0.0,0.16666666666666666,0.6839743589743589,0.4807108350586612,0.20326352391569769,0.6141480635727229,0.43724249539397925,0.17690556817874364,0.16666666666666666,0.0,0.16666666666666666,0.6839743589743589,0.530221992178514,0.15375236679584492,0.6141480635727229,0.4892312324102743,0.12491683116244862,0.16666666666666666,0.0,0.16666666666666666,0.6839743589743589,0.530221992178514,0.15375236679584492,0.6141480635727229,0.4892312324102743,0.12491683116244862
28,14,38,19,7,1244175.0,1244383.0,0.00016717905439347358,0.12,0.06826029216467465,0,0.05,0.0,0.0,0.0,0.26122448979591834,0.1958519487123606,0.06537254108355772,0.2100630221129912,0.15229308170999137,0.05776994040299982,0.0,0.0,0.0,0.1658730158730159,0.09085939486397152,0.07501362100904438,0.12125605223143356,0.07170947966944699,0.049546572561986565,0.0,0.0,0.0,0.1658730158730159,0.1173828290533096,0.048490186819706294,0.12125605223143356,0.09392456639120582,0.027331485840227737,0.0,0.0,0.0,0.1658730158730159,0.1173828290533096,0.048490186819706294,0.12125605223143356,0.09392456639120582,0.027331485840227737
28,14,38,19,7,1244175.0,1244383.0,0.00016717905439347358,0.12,0.06826029216467465,0,0.1,0.14285714285714285,0.0,0.14285714285714285,0.42176870748299317,0.31588936108386906,0.10587934639912411,0.3817466584346825,0.24271973169343378,0.1390269267412487,0.0,0.0,0.0,0.3253968253968254,0.17557843885075006,0.14981838654607535,0.278704434840463,0.13278341735912116,0.1459210174813418,0.0,0.0,0.0,0.3253968253968254,0.2296486990422917,0.0957481263545337,0.278704434840463,0.18773618113260096,0.09096825370786202,0.0,0.0,0.0,0.3253968253968254,0.2296486990422917,0.0957481263545337,0.278704434840463,0.18773618113260096,0.09096825370786202
28,14,38,19,7,1244175.0,1244383.0,0.00016717905439347358,0.12,0.06826029216467465,0,0.2,0.14285714285714285,0.14285714285714285,0.0,0.5608843537414966,0.4249119174748465,0.13597243626665007,0.512041625463797,0.36676333583209153,0.14527828963170542,0.0,0.0,0.0,0.48769841269841274,0.2948766844647851,0.19282172823362764,0.43071522970776316,0.22096867016492813,0.20974655954283503,0.0,0.0,0.0,0.48769841269841274,0.32906390372065425,0.1586345089777585,0.43071522970776316,0.26122389180410677,0.1694913379036564,0.0,0.0,0.0,0.48769841269841274,0.32906390372065425,0.1586345089777585,0.43071522970776316,0.26122389180410677,0.1694913379036564
28,14,38,19,7,1244175.0,1244383.0,0.00016717905439347358,0.12,0.06826029216467465,0,0.4,0.2857142857142857,0.14285714285714285,0.14285714285714285,0.7291208791208791,0.5994216908731457,0.1296991882477334,0.6692697687766197,0.5617980526409383,0.1074717161356814,0.16666666666666666,0.0,0.16666666666666666,0.6839743589743589,0.48919036722240383,0.19478399175195504,0.6141480635727229,0.42526727369731354,0.18888078987540935,0.16666666666666666,0.0,0.16666666666666666,0.6839743589743589,0.5326586393520032,0.15131571962235568,0.6141480635727229,0.48876439474776134,0.12538366882496155,0.16666666666666666,0.0,0.16666666666666666,0.6839743589743589,0.5326586393520032,0.15131571962235568,0.6141480635727229,0.48876439474776134,0.12538366882496155
29,14,31,15,8,1263846.0,1266770.0,0.0023135730144337205,0.04,0.02098273572377155,0,0.05,0.25,0.125,0.125,0.3857919254658385,0.33619828993470297,0.04959363553113555,0.35523987740303314,0.3100361554827992,0.04520372192023392,0.0,0.0,0.0,0.11726708074534162,0.10363154960981047,0.013635531135531148,0.0886596659138186,0.05965147942057801,0.029008186493240593,0.0,0.0,0.0,0.11726708074534162,0.10363154960981047,0.013635531135531148,0.0886596659138186,0.05965147942057801,0.029008186493240593,0.0,0.0,0.0,0.11726708074534162,0.10363154960981047,0.013635531135531148,0.0886596659138186,0.05965147942057801,0.029008186493240593
29,14,31,15,8,1263846.0,1266770.0,0.0023135730144337205,0.04,0.02098273572377155,0,0.1,0.375,0.25,0.125,0.5055124223602484,0.4895268454371715,0.015985576923076894,0.4917625715970936,0.48026978533377257,0.011492786263321009,0.0,0.0,0.0,0.2088198757763975,0.24038580984233157,0.03156593406593408,0.1868201145553498,0.22089067292747888,0.03407055837212908,0.0,0.0,0.0,0.2088198757763975,0.24038580984233157,0.03156593406593408,0.1868201145553498,0.22089067292747888,0.03407055837212908,0.0,0.0,0.0,0.2088198757763975,0.24038580984233157,0.03156593406593408,0.1868201145553498,0.22089067292747888,0.03407055837212908
29,14,31,15,8,1263846.0,1266770.0,0.0023135730144337205,0.04,0.02098273572377155,0,0.2,0.375,0.375,0.0,0.6121376811594204,0.6100257306099697,0.0021119505494506807,0.5880851740487746,0.5932797632389352,0.005194589190160581,0.0,0.0,0.0,0.37942028985507237,0.3760411689759516,0.0033791208791207894,0.3409362784780394,0.34924762118229624,0.008311342704256819,0.0,0.0,0.0,0.37942028985507237,0.3760411689759516,0.0033791208791207894,0.3409362784780394,0.34924762118229624,0.008311342704256819,0.0,0.0,0.0,0.37942028985507237,0.3760411689759516,0.0033791208791207894,0.3409362784780394,0.34924762118229624,0.008311342704256819
29,14,31,15,8,1263846.0,1266770.0,0.0023135730144337205,0.04,0.02098273572377155,0,0.4,0.375,0.5,0.125,0.7518115942028986,0.7823436753463927,0.03053208114349415,0.7286411367655309,0.7369928006182584,0.008351663852727564,0.0,0.2,0.2,0.6028985507246377,0.6517498805542283,0.04885132982959062,0.5658258188248493,0.5791884809892136,0.013362662164364325,0.0,0.2,0.2,0.6028985507246377,0.6517498805542283,0.04885132982959062,0.5658258188248493,0.5791884809892136,0.013362662164364325,0.0,0.2,0.2,0.6028985507246377,0.6517498805542283,0.04885132982959062,0.5658258188248493,0.5791884809892136,0.013362662164364325
29,14,33,16,8,1263846.0,1270167.0,0.00500140048708466,0.1,0.06454183266932272,0,0.05,0.25,0.125,0.125,0.3857919254658385,0.33937428061069363,0.04641764485514488,0.35523987740303314,0.29578977859750427,0.05945009880552887,0.0,0.0,0.0,0.11726708074534162,0.19059427890949632,0.0733271981641547,0.0886596659138186,0.1430202512447598,0.05436058533094121,0.0,0.0,0.0,0.11726708074534162,0.19059427890949632,0.0733271981641547,0.0886596659138186,0.1430202512447598,0.05436058533094121,0.0,0.0,0.0,0.11726708074534162,0.19059427890949632,0.0733271981641547,0.0886596659138186,0.1430202512447598,0.05436058533094121
29,14,33,16,8,1263846.0,1270167.0,0.00500140048708466,0.1,0.06454183266932272,0,0.1,0.375,0.25,0.125,0.5055124223602484,0.47361775452808064,0.03189466783216777,0.4917625715970936,0.456041120201753,0.03572145139534055,0.0,0.16666666666666666,0.16666666666666666,0.2088198757763975,0.34577605365648845,0.13695617788009096,0.1868201145553498,0.31843734059687295,0.13161722604152315,0.0,0.16666666666666666,0.16666666666666666,0.2088198757763975,0.34577605365648845,0.13695617788009096,0.1868201145553498,0.31843734059687295,0.13161722604152315,0.0,0.16666666666666666,0.16666666666666666,0.2088198757763975,0.34577605365648845,0.13695617788009096,0.1868201145553498,0.31843734059687295,0.13161722604152315
29,14,33,16,8,1263846.0,1270167.0,0.00500140048708466,0.1,0.06454183266932272,0,0.2,0.375,0.375,0.0,0.6121376811594204,0.606237851822091,0.005899829337329354,0.5880851740487746,0.5856574333042726,0.002427740744502027,0.0,0.16666666666666666,0.16666666666666666,0.37942028985507237,0.4749838024294546,0.09556351257438223,0.3409362784780394,0.44754324440569676,0.10660696592765734,0.0,0.16666666666666666,0.16666666666666666,0.37942028985507237,0.4749838024294546,0.09556351257438223,0.3409362784780394,0.44754324440569676,0.10660696592765734,0.0,0.16666666666666666,0.16666666666666666,0.37942028985507237,0.4749838024294546,0.09556351257438223,0.3409362784780394,0.44754324440569676,0.10660696592765734
29,14,33,16,8,1263846.0,1270167.0,0.00500140048708466,0.1,0.06454183266932272,0,0.4,0.375,0.375,0.0,0.7518115942028986,0.7566166849454893,0.004805090742590723,0.7286411367655309,0.72682406348904,0.0018170732764908326,0.0,0.16666666666666666,0.16666666666666666,0.6028985507246377,0.6754889132606524,0.0725903625360147,0.5658258188248493,0.6357654179853868,0.06993959916053749,0.0,0.16666666666666666,0.16666666666666666,0.6028985507246377,0.6754889132606524,0.0725903625360147,0.5658258188248493,0.6357654179853868,0.06993959916053749,0.0,0.16666666666666666,0.16666666666666666,0.6028985507246377,0.6754889132606524,0.0725903625360147,0.5658258188248493,0.6357654179853868,0.06993959916053749
29,14,35,17,8,1263846.0,1266542.0,0.0021331712882740462,0.12,0.07729083665338637,0,0.05,0.25,0.0,0.25,0.3857919254658385,0.2545833333333334,0.13120859213250513,0.35523987740303314,0.27400509287599784,0.08123478452703531,0.0,0.0,0.0,0.11726708074534162,0.074,0.04326708074534162,0.0886596659138186,0.05608374384236453,0.03257592207145407,0.0,0.0,0.0,0.11726708074534162,0.145,0.027732919254658372,0.0886596659138186,0.13764554411106134,0.04898587819724273,0.0,0.0,0.0,0.11726708074534162,0.145,0.027732919254658372,0.0886596659138186,0.13764554411106134,0.04898587819724273
29,14,35,17,8,1263846.0,1266542.0,0.0021331712882740462,0.12,0.07729083665338637,0,0.1,0.375,0.25,0.125,0.5055124223602484,0.4808134920634921,0.024698930296756294,0.4917625715970936,0.45866962255695815,0.03309294904013543,0.0,0.0,0.0,0.2088198757763975,0.20263492063492064,0.00618495514147685,0.1868201145553498,0.1762956385153754,0.01052447603997439,0.0,0.0,0.0,0.2088198757763975,0.3077513227513227,0.09893144697492523,0.1868201145553498,0.27822616340927747,0.09140604885392767,0.0,0.0,0.0,0.2088198757763975,0.3077513227513227,0.09893144697492523,0.1868201145553498,0.27822616340927747,0.09140604885392767
29,14,35,17,8,1263846.0,1266542.0,0.0021331712882740462,0.12,0.07729083665338637,0,0.2,0.375,0.375,0.0,0.6121376811594204,0.6028769841269841,0.00926069703243626,0.5880851740487746,0.5727264219457388,0.015358752103035833,0.0,0.0,0.0,0.37942028985507237,0.3646031746031746,0.014817115251897772,0.3409362784780394,0.31636227511318193,0.02457400336485749,0.0,0.16666666666666666,0.16666666666666666,0.37942028985507237,0.4705026455026455,0.09108235564757311,0.3409362784780394,0.4303018959276516,0.08936561744961219,0.0,0.16666666666666666,0.16666666666666666,0.37942028985507237,0.4705026455026455,0.09108235564757311,0.3409362784780394,0.4303018959276516,0.08936561744961219
29,14,35,17,8,1263846.0,1266542.0,0.0021331712882740462,0.12,0.07729083665338637,0,0.4,0.375,0.375,0.0,0.7518115942028986,0.7585241147741147,0.006712520571216185,0.7286411367655309,0.7185510942236335,0.010090042541897382,0.0,0.0,0.0,0.6028985507246377,0.6136385836385836,0.010740032913945874,0.5658258188248493,0.5496817507578136,0.01614406806703572,0.0,0.16666666666666666,0.16666666666666666,0.6028985507246377,0.678032153032153,0.07513360230751531,0.5658258188248493,0.624734792298178,0.058908973473328685,0.0,0.16666666666666666,0.16666666666666666,0.6028985507246377,0.678032153032153,0.07513360230751531,0.5658258188248493,0.624734792298178,0.058908973473328685
29,14,37,18,8,1263846.0,1260993.0,0.0022625026467236534,0.06,0.07490039840637466,0,0.05,0.25,0.125,0.125,0.3857919254658385,0.36733954451345757,0.018452380952380942,0.35523987740303314,0.3347609522488807,0.02047892515415245,0.0,0.0,0.0,0.11726708074534162,0.08488612836438922,0.0323809523809524,0.0886596659138186,0.07402887405388438,0.014630791859934225,0.0,0.0,0.0,0.11726708074534162,0.08488612836438922,0.0323809523809524,0.0886596659138186,0.07402887405388438,0.014630791859934225,0.0,0.0,0.0,0.11726708074534162,0.08488612836438922,0.0323809523809524,0.0886596659138186,0.07402887405388438,0.014630791859934225
29,14,37,18,8,1263846.0,1260993.0,0.0022625026467236534,0.06,0.07490039840637466,0,0.1,0.375,0.375,0.0,0.5055124223602484,0.5237663906142167,0.0182539682539683,0.4917625715970936,0.5088889949632731,0.017126423366179533,0.0,0.0,0.0,0.2088198757763975,0.23802622498274673,0.029206349206349236,0.1868201145553498,0.214222391941237,0.027402277385887186,0.0,0.0,0.0,0.2088198757763975,0.23802622498274673,0.029206349206349236,0.1868201145553498,0.214222391941237,0.027402277385887186,0.0,0.0,0.0,0.2088198757763975,0.23802622498274673,0.029206349206349236,0.1868201145553498,0.214222391941237,0.027402277385887186
29,14,37,18,8,1263846.0,1260993.0,0.0022625026467236534,0.06,0.07490039840637466,0,0.2,0.375,0.375,0.0,0.6121376811594204,0.6244392684610076,0.012301587301587258,0.5880851740487746,0.6033066655151165,0.015221491466341885,0.0,0.0,0.0,0.37942028985507237,0.39910282953761217,0.0196825396825398,0.3409362784780394,0.3652906648241863,0.024354386346146895,0.0,0.0,0.0,0.37942028985507237,0.39910282953761217,0.0196825396825398,0.3409362784780394,0.3652906648241863,0.024354386346146895,0.0,0.0,0.0,0.37942028985507237,0.39910282953761217,0.0196825396825398,0.3409362784780394,0.3652906648241863,0.024354386346146895
29,14,37,18,8,1263846.0,1260993.0,0.0022625026467236534,0.06,0.07490039840637466,0,0.4,0.375,0.375,0.0,0.7518115942028986,0.7541772840685884,0.0023656898656898573,0.7286411367655309,0.7397688295083228,0.011127692742791906,0.0,0.0,0.0,0.6028985507246377,0.6066836545097415,0.0037851037851037717,0.5658258188248493,0.5836301272133164,0.017804308388467138,0.0,0.0,0.0,0.6028985507246377,0.6066836545097415,0.0037851037851037717,0.5658258188248493,0.5836301272133164,0.017804308388467138,0.0,0.0,0.0,0.6028985507246377,0.6066836545097415,0.0037851037851037717,0.5658258188248493,0.5836301272133164,0.017804308388467138
29,14,39,19,8,1263846.0,1244084.0,0.0158847794843435,0.08,0.06719787516600265,0,0.05,0.25,0.125,0.125,0.3857919254658385,0.3312219887955182,0.05456993667032034,0.35523987740303314,0.30819532772486313,0.04704454967817001,0.0,0.0,0.0,0.11726708074534162,0.10709803921568628,0.010169041529655337,0.0886596659138186,0.08214322015089484,0.0065164457629237615,0.0,0.0,0.0,0.11726708074534162,0.10709803921568628,0.010169041529655337,0.0886596659138186,0.08214322015089484,0.0065164457629237615,0.0,0.0,0.0,0.11726708074534162,0.10709803921568628,0.010169041529655337,0.0886596659138186,0.08214322015089484,0.0065164457629237615
29,14,39,19,8,1263846.0,1244084.0,0.0158847794843435,0.08,0.06719787516600265,0,0.1,0.375,0.375,0.0,0.5055124223602484,0.5159313725490196,0.010418950188771148,0.4917625715970936,0.5075784532608311,0.015815881663737485,0.0,0.0,0.0,0.2088198757763975,0.22549019607843138,0.016670320302033886,0.1868201145553498,0.2121255252173298,0.02530541066198,0.0,0.0,0.0,0.2088198757763975,0.22549019607843138,0.016670320302033886,0.1868201145553498,0.2121255252173298,0.02530541066198,0.0,0.0,0.0,0.2088198757763975,0.22549019607843138,0.016670320302033886,0.1868201145553498,0.2121255252173298,0.02530541066198
29,14,39,19,8,1263846.0,1244084.0,0.0158847794843435,0.08,0.06719787516600265,0,0.2,0.375,0.375,0.0,0.6121376811594204,0.6034313725490196,0.008706308610400781,0.5880851740487746,0.5708604539807385,0.017224720068036103,0.0,0.0,0.0,0.37942028985507237,0.36549019607843136,0.013930093776641006,0.3409362784780394,0.3133767263691815,0.02755955210885791,0.0,0.0,0.0,0.37942028985507237,0.36549019607843136,0.013930093776641006,0.3409362784780394,0.3133767263691815,0.02755955210885791,0.0,0.0,0.0,0.37942028985507237,0.36549019607843136,0.013930093776641006,0.3409362784780394,0.3133767263691815,0.02755955210885791
29,14,39,19,8,1263846.0,1244084.0,0.0158847794843435,0.08,0.06719787516600265,0,0.4,0.375,0.375,0.0,0.7518115942028986,0.7014196832579186,0.05039191094497997,0.7286411367655309,0.664669529600296,0.06397160716523487,0.0,0.0,0.0,0.6028985507246377,0.5222714932126697,0.08062705751196797,0.5658258188248493,0.46347124736047374,0.10235457146437554,0.0,0.0,0.0,0.6028985507246377,0.5222714932126697,0.08062705751196797,0.5658258188248493,0.46347124736047374,0.10235457146437554,0.0,0.0,0.0,0.6028985507246377,0.5222714932126697,0.08062705751196797,0.5658258188248493,0.46347124736047374,0.10235457146437554
30,15,32,16,7,1249358.0,1244383.0,0.003997965256677406,0.1,0.09960159362549806,0,0.05,0.0,0.0,0.0,0.2510170734960651,0.15598442275460908,0.09503265074145603,0.2286107924347721,0.10298641414709411,0.12562437828767797,0.0,0.0,0.0,0.18634453781512605,0.08980676328502415,0.0965377745301019,0.1468992381566004,0.07043405562740361,0.07646518252919678,0.0,0.0,0.0,0.2510170734960651,0.08980676328502415,0.16121031021104096,0.2286107924347721,0.07043405562740361,0.1581767368073685,0.0,0.0,0.0,0.2510170734960651,0.08980676328502415,0.16121031021104096,0.2286107924347721,0.07043405562740361,0.1581767368073685
30,15,32,16,7,1249358.0,1244383.0,0.003997965256677406,0.1,0.09960159362549806,0,0.1,0.14285714285714285,0.0,0.14285714285714285,0.41696751164233803,0.26809129448881003,0.148876217153528,0.37429022335789913,0.19360626694676794,0.1806839564111312,0.0,0.0,0.0,0.2726434051881622,0.15628019323671496,0.11636321195144725,0.21632996415334102,0.10640891846380943,0.1099210456895316,0.14285714285714285,0.0,0.14285714285714285,0.41696751164233803,0.15628019323671496,0.2606873184056231,0.37429022335789913,0.10640891846380943,0.2678813048940897,0.14285714285714285,0.0,0.14285714285714285,0.41696751164233803,0.15628019323671496,0.2606873184056231,0.37429022335789913,0.10640891846380943,0.2678813048940897
30,15,32,16,7,1249358.0,1244383.0,0.003997965256677406,0.1,0.09960159362549806,0,0.2,0.14285714285714285,0.14285714285714285,0.0,0.5603933602426477,0.3601547865523021,0.20023857369034564,0.5259105677046857,0.31215424873584746,0.21375631896883823,0.0,0.0,0.0,0.4067729265619291,0.21850241545893717,0.18827051110299192,0.36739512673676733,0.15170789135814855,0.21568723537861878,0.14285714285714285,0.0,0.14285714285714285,0.5603933602426477,0.21850241545893717,0.34189094478371057,0.5259105677046857,0.15170789135814855,0.37420267634653714,0.14285714285714285,0.0,0.14285714285714285,0.5603933602426477,0.21850241545893717,0.34189094478371057,0.5259105677046857,0.15170789135814855,0.37420267634653714
30,15,32,16,7,1249358.0,1244383.0,0.003997965256677406,0.1,0.09960159362549806,0,0.4,0.42857142857142855,0.14285714285714285,0.2857142857142857,0.6793086799937367,0.5086315685694568,0.17067711142427988,0.6537509342583513,0.49182462696238755,0.16192630729596375,0.2,0.0,0.2,0.5510321519912313,0.36922705314009663,0.18180509885113472,0.5152513079616918,0.33752762150721616,0.17772368645447567,0.42857142857142855,0.0,0.42857142857142855,0.6793086799937367,0.36922705314009663,0.31008162685364005,0.6537509342583513,0.33752762150721616,0.31622331275113513,0.42857142857142855,0.0,0.42857142857142855,0.6793086799937367,0.36922705314009663,0.31008162685364005,0.6537509342583513,0.33752762150721616,0.31622331275113513
30,15,34,17,7,1249358.0,1248876.0,0.00038594704358158857,0.12,0.10889774236387784,0,0.05,0.0,0.0,0.0,0.2510170734960651,0.14531306621532183,0.10570400728074328,0.2286107924347721,0.12772046049300237,0.10089033194176972,0.0,0.0,0.0,0.18634453781512605,0.05581924508240297,0.1305252927327231,0.1468992381566004,0.03722847202554136,0.10967076613105903,0.0,0.0,0.0,0.2510170734960651,0.05581924508240297,0.19519782841366215,0.2286107924347721,0.03722847202554136,0.19138232040923073,0.0,0.0,0.0,0.2510170734960651,0.05581924508240297,0.19519782841366215,0.2286107924347721,0.03722847202554136,0.19138232040923073
30,15,34,17,7,1249358.0,1248876.0,0.00038594704358158857,0.12,0.10889774236387784,0,0.1,0.14285714285714285,0.0,0.14285714285714285,0.41696751164233803,0.27845284206186466,0.13851466958047337,0.37429022335789913,0.2797967972989716,0.09449342605892752,0.0,0.0,0.0,0.2726434051881622,0.1469768360294676,0.12566656915869462,0.21632996415334102,0.14713311249365965,0.06919685165968137,0.14285714285714285,0.0,0.14285714285714285,0.41696751164233803,0.1469768360294676,0.26999067561287043,0.37429022335789913,0.14713311249365965,0.22715711086423948,0.14285714285714285,0.0,0.14285714285714285,0.41696751164233803,0.1469768360294676,0.26999067561287043,0.37429022335789913,0.14713311249365965,0.22715711086423948
30,15,34,17,7,1249358.0,1248876.0,0.00038594704358158857,0.12,0.10889774236387784,0,0.2,0.14285714285714285,0.14285714285714285,0.0,0.5603933602426477,0.4905922815697252,0.06980107867292257,0.5259105677046857,0.4364429876620713,0.0894675800426144,0.0,0.0,0.0,0.4067729265619291,0.32016252753094854,0.08661039903098056,0.36739512673676733,0.25096101112926655,0.11643411560750078,0.14285714285714285,0.0,0.14285714285714285,0.5603933602426477,0.32016252753094854,0.2402308327116992,0.5259105677046857,0.25096101112926655,0.27494955657541914,0.14285714285714285,0.0,0.14285714285714285,0.5603933602426477,0.32016252753094854,0.2402308327116992,0.5259105677046857,0.25096101112926655,0.27494955657541914
30,15,34,17,7,1249358.0,1248876.0,0.00038594704358158857,0.12,0.10889774236387784,0,0.4,0.42857142857142855,0.2857142857142857,0.14285714285714285,0.6793086799937367,0.6200106326422116,0.05929804735152511,0.6537509342583513,0.570943451262581,0.08280748299577034,0.2,0.0,0.2,0.5510321519912313,0.4680148856990963,0.08301726629213507,0.5152513079616918,0.39932083176761335,0.11593047619407848,0.42857142857142855,0.0,0.42857142857142855,0.6793086799937367,0.4680148856990963,0.2112937942946404,0.6537509342583513,0.39932083176761335,0.25443010249073794,0.42857142857142855,0.0,0.42857142857142855,0.6793086799937367,0.4680148856990963,0.2112937942946404,0.6537509342583513,0.39932083176761335,0.25443010249073794
30,15,36,18,7,1249358.0,1244191.0,0.004152899353877339,0.06,0.06427622841965475,0,0.05,0.0,0.14285714285714285,0.14285714285714285,0.2510170734960651,0.24033816425120774,0.01067890924485737,0.2286107924347721,0.22052798593664075,0.00808280649813134,0.0,0.0,0.0,0.18634453781512605,0.09202898550724638,0.09431555230787968,0.1468992381566004,0.07265557195046093,0.07424366620613945,0.0,0.0,0.0,0.2510170734960651,0.11372785829307568,0.13728921520298942,0.2286107924347721,0.09061598359274751,0.13799480884202459,0.0,0.0,0.0,0.2510170734960651,0.11372785829307568,0.13728921520298942,0.2286107924347721,0.09061598359274751,0.13799480884202459
30,15,36,18,7,1249358.0,1244191.0,0.004152899353877339,0.06,0.06427622841965475,0,0.1,0.14285714285714285,0.14285714285714285,0.0,0.41696751164233803,0.3219461697722567,0.09502134187008132,0.37429022335789913,0.2895204008467262,0.08476982251117293,0.0,0.0,0.0,0.2726434051881622,0.16183574879227053,0.11080765639589168,0.21632996415334102,0.1087389022195201,0.10759106193382093,0.14285714285714285,0.0,0.14285714285714285,0.41696751164233803,0.20893719806763286,0.20803031357470517,0.37429022335789913,0.1711071343211806,0.20318308903671853,0.14285714285714285,0.0,0.14285714285714285,0.41696751164233803,0.20893719806763286,0.20803031357470517,0.37429022335789913,0.1711071343211806,0.20318308903671853
30,15,36,18,7,1249358.0,1244191.0,0.004152899353877339,0.06,0.06427622841965475,0,0.2,0.14285714285714285,0.14285714285714285,0.0,0.5603933602426477,0.42908902691511386,0.13130433332753388,0.5259105677046857,0.3755464001056278,0.1503641675990579,0.0,0.0,0.0,0.4067729265619291,0.2896135265700483,0.1171593999918808,0.36739512673676733,0.20519290294215833,0.162202223794609,0.14285714285714285,0.0,0.14285714285714285,0.5603933602426477,0.33393719806763283,0.2264561621750149,0.5259105677046857,0.27147080012323244,0.25443976758145326,0.14285714285714285,0.0,0.14285714285714285,0.5603933602426477,0.33393719806763283,0.2264561621750149,0.5259105677046857,0.27147080012323244,0.25443976758145326
30,15,36,18,7,1249358.0,1244191.0,0.004152899353877339,0.06,0.06427622841965475,0,0.4,0.42857142857142855,0.14285714285714285,0.2857142857142857,0.6793086799937367,0.597333136153012,0.0819755438407247,0.6537509342583513,0.5621981992088065,0.09155273504954475,0.2,0.0,0.2,0.5510321519912313,0.4807108350586612,0.07032131693257015,0.5152513079616918,0.43724249539397925,0.07800881256771258,0.42857142857142855,0.0,0.42857142857142855,0.6793086799937367,0.530221992178514,0.14908668781522272,0.6537509342583513,0.4892312324102743,0.16451970184807702,0.42857142857142855,0.0,0.42857142857142855,0.6793086799937367,0.530221992178514,0.14908668781522272,0.6537509342583513,0.4892312324102743,0.16451970184807702
30,15,38,19,7,1249358.0,1244383.0,0.003997965256677406,0.08,0.0828685258964143,0,0.05,0.0,0.0,0.0,0.2510170734960651,0.1958519487123606,0.0551651247837045,0.2286107924347721,0.15229308170999137,0.07631771072478072,0.0,0.0,0.0,0.18634453781512605,0.09085939486397152,0.09548514295115454,0.1468992381566004,0.07170947966944699,0.0751897584871534,0.0,0.0,0.0,0.2510170734960651,0.1173828290533096,0.1336342444427555,0.2286107924347721,0.09392456639120582,0.13468622604356628,0.0,0.0,0.0,0.2510170734960651,0.1173828290533096,0.1336342444427555,0.2286107924347721,0.09392456639120582,0.13468622604356628
30,15,38,19,7,1249358.0,1244383.0,0.003997965256677406,0.08,0.0828685258964143,0,0.1,0.14285714285714285,0.0,0.14285714285714285,0.41696751164233803,0.31588936108386906,0.10107815055846897,0.37429022335789913,0.24271973169343378,0.13157049166446536,0.0,0.0,0.0,0.2726434051881622,0.17557843885075006,0.09706496633741216,0.21632996415334102,0.13278341735912116,0.08354654679421986,0.14285714285714285,0.0,0.14285714285714285,0.41696751164233803,0.2296486990422917,0.18731881260004632,0.37429022335789913,0.18773618113260096,0.18655404222529817,0.14285714285714285,0.0,0.14285714285714285,0.41696751164233803,0.2296486990422917,0.18731881260004632,0.37429022335789913,0.18773618113260096,0.18655404222529817
30,15,38,19,7,1249358.0,1244383.0,0.003997965256677406,0.08,0.0828685258964143,0,0.2,0.14285714285714285,0.14285714285714285,0.0,0.5603933602426477,0.4249119174748465,0.13548144276780122,0.5259105677046857,0.36676333583209153,0.15914723187259416,0.0,0.0,0.0,0.4067729265619291,0.2948766844647851,0.111896242097144,0.36739512673676733,0.22096867016492813,0.1464264565718392,0.14285714285714285,0.0,0.14285714285714285,0.5603933602426477,0.32906390372065425,0.2313294565219935,0.5259105677046857,0.26122389180410677,0.2646866759005789,0.14285714285714285,0.0,0.14285714285714285,0.5603933602426477,0.32906390372065425,0.2313294565219935,0.5259105677046857,0.26122389180410677,0.2646866759005789
30,15,38,19,7,1249358.0,1244383.0,0.003997965256677406,0.08,0.0828685258964143,0,0.4,0.42857142857142855,0.14285714285714285,0.2857142857142857,0.6793086799937367,0.5994216908731457,0.079886989120591,0.6537509342583513,0.5617980526409383,0.091952881617413,0.2,0.0,0.2,0.5510321519912313,0.48919036722240383,0.06184178476882751,0.5152513079616918,0.42526727369731354,0.08998403426437829,0.42857142857142855,0.0,0.42857142857142855,0.6793086799937367,0.5326586393520032,0.14665004064173348,0.6537509342583513,0.48876439474776134,0.16498653951058995,0.42857142857142855,0.0,0.42857142857142855,0.6793086799937367,0.5326586393520032,0.14665004064173348,0.6537509342583513,0.48876439474776134,0.16498653951058995
31,15,33,16,8,1266770.0,1270167.0,0.00268162334125374,0.08,0.07118193891102269,0,0.05,0.125,0.125,0.0,0.33619828993470297,0.33937428061069363,0.0031759906759906698,0.3100361554827992,0.29578977859750427,0.014246376885294953,0.0,0.0,0.0,0.10363154960981047,0.19059427890949632,0.08696272929968585,0.05965147942057801,0.1430202512447598,0.0833687718241818,0.0,0.0,0.0,0.10363154960981047,0.19059427890949632,0.08696272929968585,0.05965147942057801,0.1430202512447598,0.0833687718241818,0.0,0.0,0.0,0.10363154960981047,0.19059427890949632,0.08696272929968585,0.05965147942057801,0.1430202512447598,0.0833687718241818
31,15,33,16,8,1266770.0,1270167.0,0.00268162334125374,0.08,0.07118193891102269,0,0.1,0.25,0.25,0.0,0.4895268454371715,0.47361775452808064,0.015909090909090873,0.48026978533377257,0.456041120201753,0.024228665132019545,0.0,0.16666666666666666,0.16666666666666666,0.24038580984233157,0.34577605365648845,0.10539024381415688,0.22089067292747888,0.31843734059687295,0.09754666766939407,0.0,0.16666666666666666,0.16666666666666666,0.24038580984233157,0.34577605365648845,0.10539024381415688,0.22089067292747888,0.31843734059687295,0.09754666766939407,0.0,0.16666666666666666,0.16666666666666666,0.24038580984233157,0.34577605365648845,0.10539024381415688,0.22089067292747888,0.31843734059687295,0.09754666766939407
31,15,33,16,8,1266770.0,1270167.0,0.00268162334125374,0.08,0.07118193891102269,0,0.2,0.375,0.375,0.0,0.6100257306099697,0.606237851822091,0.0037878787878786735,0.5932797632389352,0.5856574333042726,0.007622329934662608,0.0,0.16666666666666666,0.16666666666666666,0.3760411689759516,0.4749838024294546,0.09894263345350301,0.34924762118229624,0.44754324440569676,0.09829562322340052,0.0,0.16666666666666666,0.16666666666666666,0.3760411689759516,0.4749838024294546,0.09894263345350301,0.34924762118229624,0.44754324440569676,0.09829562322340052,0.0,0.16666666666666666,0.16666666666666666,0.3760411689759516,0.4749838024294546,0.09894263345350301,0.34924762118229624,0.44754324440569676,0.09829562322340052
31,15,33,16,8,1266770.0,1270167.0,0.00268162334125374,0.08,0.07118193891102269,0,0.4,0.5,0.375,0.125,0.7823436753463927,0.7566166849454893,0.025726990400903427,0.7369928006182584,0.72682406348904,0.010168737129218397,0.2,0.16666666666666666,0.033333333333333354,0.6517498805542283,0.6754889132606524,0.02373903270642408,0.5791884809892136,0.6357654179853868,0.056576936996173166,0.2,0.16666666666666666,0.033333333333333354,0.6517498805542283,0.6754889132606524,0.02373903270642408,0.5791884809892136,0.6357654179853868,0.056576936996173166,0.2,0.16666666666666666,0.033333333333333354,0.6517498805542283,0.6754889132606524,0.02373903270642408,0.5791884809892136,0.6357654179853868,0.056576936996173166
31,15,35,17,8,1266770.0,1266542.0,0.00018001771753325195,0.1,0.08764940239043821,0,0.05,0.125,0.0,0.125,0.33619828993470297,0.2545833333333334,0.08161495660136958,0.3100361554827992,0.27400509287599784,0.03603106260680139,0.0,0.0,0.0,0.10363154960981047,0.074,0.029631549609810473,0.05965147942057801,0.05608374384236453,0.0035677355782134795,0.0,0.0,0.0,0.10363154960981047,0.145,0.04136845039018952,0.05965147942057801,0.13764554411106134,0.07799406469048333,0.0,0.0,0.0,0.10363154960981047,0.145,0.04136845039018952,0.05965147942057801,0.13764554411106134,0.07799406469048333
31,15,35,17,8,1266770.0,1266542.0,0.00018001771753325195,0.1,0.08764940239043821,0,0.1,0.25,0.25,0.0,0.4895268454371715,0.4808134920634921,0.0087133533736794,0.48026978533377257,0.45866962255695815,0.021600162776814424,0.0,0.0,0.0,0.24038580984233157,0.20263492063492064,0.03775088920741093,0.22089067292747888,0.1762956385153754,0.04459503441210347,0.0,0.0,0.0,0.24038580984233157,0.3077513227513227,0.06736551290899115,0.22089067292747888,0.27822616340927747,0.05733549048179859,0.0,0.0,0.0,0.24038580984233157,0.3077513227513227,0.06736551290899115,0.22089067292747888,0.27822616340927747,0.05733549048179859
31,15,35,17,8,1266770.0,1266542.0,0.00018001771753325195,0.1,0.08764940239043821,0,0.2,0.375,0.375,0.0,0.6100257306099697,0.6028769841269841,0.00714874648298558,0.5932797632389352,0.5727264219457388,0.020553341293196414,0.0,0.0,0.0,0.3760411689759516,0.3646031746031746,0.011437994372776983,0.34924762118229624,0.31636227511318193,0.03288534606911431,0.0,0.16666666666666666,0.16666666666666666,0.3760411689759516,0.4705026455026455,0.0944614765266939,0.34924762118229624,0.4303018959276516,0.08105427474535537,0.0,0.16666666666666666,0.16666666666666666,0.3760411689759516,0.4705026455026455,0.0944614765266939,0.34924762118229624,0.4303018959276516,0.08105427474535537
31,15,35,17,8,1266770.0,1266542.0,0.00018001771753325195,0.1,0.08764940239043821,0,0.4,0.5,0.375,0.125,0.7823436753463927,0.7585241147741147,0.023819560572277965,0.7369928006182584,0.7185510942236335,0.018441706394624946,0.2,0.0,0.2,0.6517498805542283,0.6136385836385836,0.03811129691564474,0.5791884809892136,0.5496817507578136,0.029506730231400047,0.2,0.16666666666666666,0.033333333333333354,0.6517498805542283,0.678032153032153,0.026282272477924695,0.5791884809892136,0.624734792298178,0.04554631130896436,0.2,0.16666666666666666,0.033333333333333354,0.6517498805542283,0.678032153032153,0.026282272477924695,0.5791884809892136,0.624734792298178,0.04554631130896436
31,15,37,18,8,1266770.0,1260993.0,0.0045813101262259185,0.04,0.08366533864541845,0,0.05,0.125,0.125,0.0,0.33619828993470297,0.36733954451345757,0.031141254578754607,0.3100361554827992,0.3347609522488807,0.02472479676608147,0.0,0.0,0.0,0.10363154960981047,0.08488612836438922,0.01874542124542125,0.05965147942057801,0.07402887405388438,0.014377394633306367,0.0,0.0,0.0,0.10363154960981047,0.08488612836438922,0.01874542124542125,0.05965147942057801,0.07402887405388438,0.014377394633306367,0.0,0.0,0.0,0.10363154960981047,0.08488612836438922,0.01874542124542125,0.05965147942057801,0.07402887405388438,0.014377394633306367
31,15,37,18,8,1266770.0,1260993.0,0.0045813101262259185,0.04,0.08366533864541845,0,0.1,0.25,0.375,0.125,0.4895268454371715,0.5237663906142167,0.034239545177045194,0.48026978533377257,0.5088889949632731,0.02861920962950054,0.0,0.0,0.0,0.24038580984233157,0.23802622498274673,0.0023595848595848457,0.22089067292747888,0.214222391941237,0.006668280986241892,0.0,0.0,0.0,0.24038580984233157,0.23802622498274673,0.0023595848595848457,0.22089067292747888,0.214222391941237,0.006668280986241892,0.0,0.0,0.0,0.24038580984233157,0.23802622498274673,0.0023595848595848457,0.22089067292747888,0.214222391941237,0.006668280986241892
31,15,37,18,8,1266770.0,1260993.0,0.0045813101262259185,0.04,0.08366533864541845,0,0.2,0.375,0.375,0.0,0.6100257306099697,0.6244392684610076,0.014413537851037939,0.5932797632389352,0.6033066655151165,0.010026902276181304,0.0,0.0,0.0,0.3760411689759516,0.39910282953761217,0.02306166056166059,0.34924762118229624,0.3652906648241863,0.016043043641890076,0.0,0.0,0.0,0.3760411689759516,0.39910282953761217,0.02306166056166059,0.34924762118229624,0.3652906648241863,0.016043043641890076,0.0,0.0,0.0,0.3760411689759516,0.39910282953761217,0.02306166056166059,0.34924762118229624,0.3652906648241863,0.016043043641890076
31,15,37,18,8,1266770.0,1260993.0,0.0045813101262259185,0.04,0.08366533864541845,0,0.4,0.5,0.375,0.125,0.7823436753463927,0.7541772840685884,0.028166391277804292,0.7369928006182584,0.7397688295083228,0.0027760288900643415,0.2,0.0,0.2,0.6517498805542283,0.6066836545097415,0.045066226044486846,0.5791884809892136,0.5836301272133164,0.004441646224102813,0.2,0.0,0.2,0.6517498805542283,0.6066836545097415,0.045066226044486846,0.5791884809892136,0.5836301272133164,0.004441646224102813,0.2,0.0,0.2,0.6517498805542283,0.6066836545097415,0.045066226044486846,0.5791884809892136,0.5836301272133164,0.004441646224102813
31,15,39,19,8,1266770.0,1244084.0,0.018235103095932428,0.06,0.0741035856573705,0,0.05,0.125,0.125,0.0,0.33619828993470297,0.3312219887955182,0.004976301139184791,0.3100361554827992,0.30819532772486313,0.001840827757936092,0.0,0.0,0.0,0.10363154960981047,0.10709803921568628,0.003466489605875811,0.05965147942057801,0.08214322015089484,0.02249174073031683,0.0,0.0,0.0,0.10363154960981047,0.10709803921568628,0.003466489605875811,0.05965147942057801,0.08214322015089484,0.02249174073031683,0.0,0.0,0.0,0.10363154960981047,0.10709803921568628,0.003466489605875811,0.05965147942057801,0.08214322015089484,0.02249174073031683
31,15,39,19,8,1266770.0,1244084.0,0.018235103095932428,0.06,0.0741035856573705,0,0.1,0.25,0.375,0.125,0.4895268454371715,0.5159313725490196,0.026404527111848042,0.48026978533377257,0.5075784532608311,0.027308667927058494,0.0,0.0,0.0,0.24038580984233157,0.22549019607843138,0.014895613763900195,0.22089067292747888,0.2121255252173298,0.00876514771014908,0.0,0.0,0.0,0.24038580984233157,0.22549019607843138,0.014895613763900195,0.22089067292747888,0.2121255252173298,0.00876514771014908,0.0,0.0,0.0,0.24038580984233157,0.22549019607843138,0.014895613763900195,0.22089067292747888,0.2121255252173298,0.00876514771014908
31,15,39,19,8,1266770.0,1244084.0,0.018235103095932428,0.06,0.0741035856573705,0,0.2,0.375,0.375,0.0,0.6100257306099697,0.6034313725490196,0.006594358060950101,0.5932797632389352,0.5708604539807385,0.022419309258196685,0.0,0.0,0.0,0.3760411689759516,0.36549019607843136,0.010550972897520217,0.34924762118229624,0.3133767263691815,0.03587089481311473,0.0,0.0,0.0,0.3760411689759516,0.36549019607843136,0.010550972897520217,0.34924762118229624,0.3133767263691815,0.03587089481311473,0.0,0.0,0.0,0.3760411689759516,0.36549019607843136,0.010550972897520217,0.34924762118229624,0.3133767263691815,0.03587089481311473
31,15,39,19,8,1266770.0,1244084.0,0.018235103095932428,0.06,0.0741035856573705,0,0.4,0.5,0.375,0.125,0.7823436753463927,0.7014196832579186,0.08092399208847412,0.7369928006182584,0.664669529600296,0.07232327101796243,0.2,0.0,0.2,0.6517498805542283,0.5222714932126697,0.1294783873415586,0.5791884809892136,0.46347124736047374,0.11571723362873987,0.2,0.0,0.2,0.6517498805542283,0.5222714932126697,0.1294783873415586,0.5791884809892136,0.46347124736047374,0.11571723362873987,0.2,0.0,0.2,0.6517498805542283,0.5222714932126697,0.1294783873415586,0.5791884809892136,0.46347124736047374,0.11571723362873987
32,16,34,17,7,1244383.0,1248876.0,0.0036106247031661475,0.04,0.04621513944223113,0,0.05,0.0,0.0,0.0,0.15598442275460908,0.14531306621532183,0.010671356539287247,0.10298641414709411,0.12772046049300237,0.024734046345908256,0.0,0.0,0.0,0.08980676328502415,0.05581924508240297,0.033987518202621185,0.07043405562740361,0.03722847202554136,0.03320558360186225,0.0,0.0,0.0,0.08980676328502415,0.05581924508240297,0.033987518202621185,0.07043405562740361,0.03722847202554136,0.03320558360186225,0.0,0.0,0.0,0.08980676328502415,0.05581924508240297,0.033987518202621185,0.07043405562740361,0.03722847202554136,0.03320558360186225
32,16,34,17,7,1244383.0,1248876.0,0.0036106247031661475,0.04,0.04621513944223113,0,0.1,0.0,0.0,0.0,0.26809129448881003,0.27845284206186466,0.01036154757305463,0.19360626694676794,0.2797967972989716,0.08619053035220367,0.0,0.0,0.0,0.15628019323671496,0.1469768360294676,0.00930335720724737,0.10640891846380943,0.14713311249365965,0.040724194029850225,0.0,0.0,0.0,0.15628019323671496,0.1469768360294676,0.00930335720724737,0.10640891846380943,0.14713311249365965,0.040724194029850225,0.0,0.0,0.0,0.15628019323671496,0.1469768360294676,0.00930335720724737,0.10640891846380943,0.14713311249365965,0.040724194029850225
32,16,34,17,7,1244383.0,1248876.0,0.0036106247031661475,0.04,0.04621513944223113,0,0.2,0.14285714285714285,0.14285714285714285,0.0,0.3601547865523021,0.4905922815697252,0.13043749501742308,0.31215424873584746,0.4364429876620713,0.12428873892622383,0.0,0.0,0.0,0.21850241545893717,0.32016252753094854,0.10166011207201137,0.15170789135814855,0.25096101112926655,0.099253119771118,0.0,0.0,0.0,0.21850241545893717,0.32016252753094854,0.10166011207201137,0.15170789135814855,0.25096101112926655,0.099253119771118,0.0,0.0,0.0,0.21850241545893717,0.32016252753094854,0.10166011207201137,0.15170789135814855,0.25096101112926655,0.099253119771118
32,16,34,17,7,1244383.0,1248876.0,0.0036106247031661475,0.04,0.04621513944223113,0,0.4,0.14285714285714285,0.2857142857142857,0.14285714285714285,0.5086315685694568,0.6200106326422116,0.11137906407275477,0.49182462696238755,0.570943451262581,0.0791188243001934,0.0,0.0,0.0,0.36922705314009663,0.4680148856990963,0.09878783255899964,0.33752762150721616,0.39932083176761335,0.06179321026039719,0.0,0.0,0.0,0.36922705314009663,0.4680148856990963,0.09878783255899964,0.33752762150721616,0.39932083176761335,0.06179321026039719,0.0,0.0,0.0,0.36922705314009663,0.4680148856990963,0.09878783255899964,0.33752762150721616,0.39932083176761335,0.06179321026039719
32,16,36,18,7,1244383.0,1244191.0,0.00015431714262520787,0.04,0.049667994687915024,0,0.05,0.0,0.14285714285714285,0.14285714285714285,0.15598442275460908,0.24033816425120774,0.08435374149659866,0.10298641414709411,0.22052798593664075,0.11754157178954663,0.0,0.0,0.0,0.08980676328502415,0.09202898550724638,0.0022222222222222227,0.07043405562740361,0.07265557195046093,0.0022215163230573237,0.0,0.0,0.0,0.08980676328502415,0.11372785829307568,0.02392109500805152,0.07043405562740361,0.09061598359274751,0.020181927965343904,0.0,0.0,0.0,0.08980676328502415,0.11372785829307568,0.02392109500805152,0.07043405562740361,0.09061598359274751,0.020181927965343904
32,16,36,18,7,1244383.0,1244191.0,0.00015431714262520787,0.04,0.049667994687915024,0,0.1,0.0,0.14285714285714285,0.14285714285714285,0.26809129448881003,0.3219461697722567,0.05385487528344668,0.19360626694676794,0.2895204008467262,0.09591413389995826,0.0,0.0,0.0,0.15628019323671496,0.16183574879227053,0.005555555555555564,0.10640891846380943,0.1087389022195201,0.0023299837557106684,0.0,0.0,0.0,0.15628019323671496,0.20893719806763286,0.0526570048309179,0.10640891846380943,0.1711071343211806,0.06469821585737118,0.0,0.0,0.0,0.15628019323671496,0.20893719806763286,0.0526570048309179,0.10640891846380943,0.1711071343211806,0.06469821585737118
32,16,36,18,7,1244383.0,1244191.0,0.00015431714262520787,0.04,0.049667994687915024,0,0.2,0.14285714285714285,0.14285714285714285,0.0,0.3601547865523021,0.42908902691511386,0.06893424036281176,0.31215424873584746,0.3755464001056278,0.06339215136978033,0.0,0.0,0.0,0.21850241545893717,0.2896135265700483,0.07111111111111112,0.15170789135814855,0.20519290294215833,0.053485011584009784,0.0,0.0,0.0,0.21850241545893717,0.33393719806763283,0.11543478260869566,0.15170789135814855,0.27147080012323244,0.11976290876508389,0.0,0.0,0.0,0.21850241545893717,0.33393719806763283,0.11543478260869566,0.15170789135814855,0.27147080012323244,0.11976290876508389
32,16,36,18,7,1244383.0,1244191.0,0.00015431714262520787,0.04,0.049667994687915024,0,0.4,0.14285714285714285,0.14285714285714285,0.0,0.5086315685694568,0.597333136153012,0.08870156758355519,0.49182462696238755,0.5621981992088065,0.07037357224641899,0.0,0.0,0.0,0.36922705314009663,0.4807108350586612,0.11148378191856456,0.33752762150721616,0.43724249539397925,0.09971487388676309,0.0,0.0,0.0,0.36922705314009663,0.530221992178514,0.16099493903841733,0.33752762150721616,0.4892312324102743,0.15170361090305812,0.0,0.0,0.0,0.36922705314009663,0.530221992178514,0.16099493903841733,0.33752762150721616,0.4892312324102743,0.15170361090305812
32,16,38,19,7,1244383.0,1244383.0,0.0,0.02,0.03107569721115532,0,0.05,0.0,0.0,0.0,0.15598442275460908,0.1958519487123606,0.03986752595775153,0.10298641414709411,0.15229308170999137,0.049306667562897255,0.0,0.0,0.0,0.08980676328502415,0.09085939486397152,0.0010526315789473606,0.07043405562740361,0.07170947966944699,0.0012754240420433799,0.0,0.0,0.0,0.08980676328502415,0.1173828290533096,0.027576065768285446,0.07043405562740361,0.09392456639120582,0.023490510763802208,0.0,0.0,0.0,0.08980676328502415,0.1173828290533096,0.027576065768285446,0.07043405562740361,0.09392456639120582,0.023490510763802208
32,16,38,19,7,1244383.0,1244383.0,0.0,0.02,0.03107569721115532,0,0.1,0.0,0.0,0.0,0.26809129448881003,0.31588936108386906,0.04779806659505903,0.19360626694676794,0.24271973169343378,0.049113464746665836,0.0,0.0,0.0,0.15628019323671496,0.17557843885075006,0.019298245614035092,0.10640891846380943,0.13278341735912116,0.026374498895311738,0.0,0.0,0.0,0.15628019323671496,0.2296486990422917,0.07336850580557674,0.10640891846380943,0.18773618113260096,0.08132726266879153,0.0,0.0,0.0,0.15628019323671496,0.2296486990422917,0.07336850580557674,0.10640891846380943,0.18773618113260096,0.08132726266879153
32,16,38,19,7,1244383.0,1244383.0,0.0,0.02,0.03107569721115532,0,0.2,0.14285714285714285,0.14285714285714285,0.0,0.3601547865523021,0.4249119174748465,0.06475713092254443,0.31215424873584746,0.36676333583209153,0.05460908709624407,0.0,0.0,0.0,0.21850241545893717,0.2948766844647851,0.07637426900584793,0.15170789135814855,0.22096867016492813,0.06926077880677958,0.0,0.0,0.0,0.21850241545893717,0.32906390372065425,0.11056148826171708,0.15170789135814855,0.26122389180410677,0.10951600044595822,0.0,0.0,0.0,0.21850241545893717,0.32906390372065425,0.11056148826171708,0.15170789135814855,0.26122389180410677,0.10951600044595822
32,16,38,19,7,1244383.0,1244383.0,0.0,0.02,0.03107569721115532,0,0.4,0.14285714285714285,0.14285714285714285,0.0,0.5086315685694568,0.5994216908731457,0.09079012230368888,0.49182462696238755,0.5617980526409383,0.06997342567855075,0.0,0.0,0.0,0.36922705314009663,0.48919036722240383,0.1199633140823072,0.33752762150721616,0.42526727369731354,0.08773965219009738,0.0,0.0,0.0,0.36922705314009663,0.5326586393520032,0.16343158621190657,0.33752762150721616,0.48876439474776134,0.15123677324054519,0.0,0.0,0.0,0.36922705314009663,0.5326586393520032,0.16343158621190657,0.33752762150721616,0.48876439474776134,0.15123677324054519
33,16,35,17,8,1270167.0,1266542.0,0.002862123798500168,0.1,0.050464807436919,0,0.05,0.125,0.0,0.125,0.33937428061069363,0.2545833333333334,0.08479094727736025,0.29578977859750427,0.27400509287599784,0.021784685721506436,0.0,0.0,0.0,0.19059427890949632,0.074,0.11659427890949632,0.1430202512447598,0.05608374384236453,0.08693650740239528,0.0,0.0,0.0,0.19059427890949632,0.145,0.04559427890949633,0.1430202512447598,0.13764554411106134,0.005374707133698475,0.0,0.0,0.0,0.19059427890949632,0.145,0.04559427890949633,0.1430202512447598,0.13764554411106134,0.005374707133698475
33,16,35,17,8,1270167.0,1266542.0,0.002862123798500168,0.1,0.050464807436919,0,0.1,0.25,0.25,0.0,0.47361775452808064,0.4808134920634921,0.007195737535411473,0.456041120201753,0.45866962255695815,0.00262850235520512,0.16666666666666666,0.0,0.16666666666666666,0.34577605365648845,0.20263492063492064,0.1431411330215678,0.31843734059687295,0.1762956385153754,0.14214170208149754,0.16666666666666666,0.0,0.16666666666666666,0.34577605365648845,0.3077513227513227,0.03802473090516573,0.31843734059687295,0.27822616340927747,0.04021117718759548,0.16666666666666666,0.0,0.16666666666666666,0.34577605365648845,0.3077513227513227,0.03802473090516573,0.31843734059687295,0.27822616340927747,0.04021117718759548
33,16,35,17,8,1270167.0,1266542.0,0.002862123798500168,0.1,0.050464807436919,0,0.2,0.375,0.375,0.0,0.606237851822091,0.6028769841269841,0.003360867695106906,0.5856574333042726,0.5727264219457388,0.012931011358533806,0.16666666666666666,0.0,0.16666666666666666,0.4749838024294546,0.3646031746031746,0.11038062782628,0.44754324440569676,0.31636227511318193,0.13118096929251483,0.16666666666666666,0.16666666666666666,0.0,0.4749838024294546,0.4705026455026455,0.004481156926809116,0.44754324440569676,0.4303018959276516,0.01724134847804515,0.16666666666666666,0.16666666666666666,0.0,0.4749838024294546,0.4705026455026455,0.004481156926809116,0.44754324440569676,0.4303018959276516,0.01724134847804515
33,16,35,17,8,1270167.0,1266542.0,0.002862123798500168,0.1,0.050464807436919,0,0.4,0.375,0.375,0.0,0.7566166849454893,0.7585241147741147,0.001907429828625462,0.72682406348904,0.7185510942236335,0.008272969265406549,0.16666666666666666,0.0,0.16666666666666666,0.6754889132606524,0.6136385836385836,0.06185032962206882,0.6357654179853868,0.5496817507578136,0.08608366722757321,0.16666666666666666,0.16666666666666666,0.0,0.6754889132606524,0.678032153032153,0.002543239771500616,0.6357654179853868,0.624734792298178,0.011030625687208806,0.16666666666666666,0.16666666666666666,0.0,0.6754889132606524,0.678032153032153,0.002543239771500616,0.6357654179853868,0.624734792298178,0.011030625687208806
33,16,37,18,8,1270167.0,1260993.0,0.007275218815647668,0.1,0.13492695883134134,0,0.05,0.125,0.125,0.0,0.33937428061069363,0.36733954451345757,0.027965263902763937,0.29578977859750427,0.3347609522488807,0.03897117365137642,0.0,0.0,0.0,0.19059427890949632,0.08488612836438922,0.1057081505451071,0.1430202512447598,0.07402887405388438,0.06899137719087543,0.0,0.0,0.0,0.19059427890949632,0.08488612836438922,0.1057081505451071,0.1430202512447598,0.07402887405388438,0.06899137719087543,0.0,0.0,0.0,0.19059427890949632,0.08488612836438922,0.1057081505451071,0.1430202512447598,0.07402887405388438,0.06899137719087543
33,16,37,18,8,1270167.0,1260993.0,0.007275218815647668,0.1,0.13492695883134134,0,0.1,0.25,0.375,0.125,0.47361775452808064,0.5237663906142167,0.05014863608613607,0.456041120201753,0.5088889949632731,0.052847874761520086,0.16666666666666666,0.0,0.16666666666666666,0.34577605365648845,0.23802622498274673,0.10774982867374172,0.31843734059687295,0.214222391941237,0.10421494865563596,0.16666666666666666,0.0,0.16666666666666666,0.34577605365648845,0.23802622498274673,0.10774982867374172,0.31843734059687295,0.214222391941237,0.10421494865563596,0.16666666666666666,0.0,0.16666666666666666,0.34577605365648845,0.23802622498274673,0.10774982867374172,0.31843734059687295,0.214222391941237,0.10421494865563596
33,16,37,18,8,1270167.0,1260993.0,0.007275218815647668,0.1,0.13492695883134134,0,0.2,0.375,0.375,0.0,0.606237851822091,0.6244392684610076,0.018201416638916612,0.5856574333042726,0.6033066655151165,0.017649232210843913,0.16666666666666666,0.0,0.16666666666666666,0.4749838024294546,0.39910282953761217,0.07588097289184242,0.44754324440569676,0.3652906648241863,0.08225257958151044,0.16666666666666666,0.0,0.16666666666666666,0.4749838024294546,0.39910282953761217,0.07588097289184242,0.44754324440569676,0.3652906648241863,0.08225257958151044,0.16666666666666666,0.0,0.16666666666666666,0.4749838024294546,0.39910282953761217,0.07588097289184242,0.44754324440569676,0.3652906648241863,0.08225257958151044
33,16,37,18,8,1270167.0,1260993.0,0.007275218815647668,0.1,0.13492695883134134,0,0.4,0.375,0.375,0.0,0.7566166849454893,0.7541772840685884,0.0024394008769008657,0.72682406348904,0.7397688295083228,0.012944766019282739,0.16666666666666666,0.0,0.16666666666666666,0.6754889132606524,0.6066836545097415,0.06880525875091092,0.6357654179853868,0.5836301272133164,0.05213529077207035,0.16666666666666666,0.0,0.16666666666666666,0.6754889132606524,0.6066836545097415,0.06880525875091092,0.6357654179853868,0.5836301272133164,0.05213529077207035,0.16666666666666666,0.0,0.16666666666666666,0.6754889132606524,0.6066836545097415,0.06880525875091092,0.6357654179853868,0.5836301272133164,0.05213529077207035
34,17,36,18,7,1248876.0,1244191.0,0.00376549902707864,0.06,0.0865869853917662,0,0.05,0.0,0.14285714285714285,0.14285714285714285,0.14531306621532183,0.24033816425120774,0.09502509803588591,0.12772046049300237,0.22052798593664075,0.09280752544363838,0.0,0.0,0.0,0.05581924508240297,0.09202898550724638,0.03620974042484341,0.03722847202554136,0.07265557195046093,0.035427099924919575,0.0,0.0,0.0,0.05581924508240297,0.11372785829307568,0.057908613210672706,0.03722847202554136,0.09061598359274751,0.053387511567206156,0.0,0.0,0.0,0.05581924508240297,0.11372785829307568,0.057908613210672706,0.03722847202554136,0.09061598359274751,0.053387511567206156
34,17,36,18,7,1248876.0,1244191.0,0.00376549902707864,0.06,0.0865869853917662,0,0.1,0.0,0.14285714285714285,0.14285714285714285,0.27845284206186466,0.3219461697722567,0.04349332771039205,0.2797967972989716,0.2895204008467262,0.009723603547754589,0.0,0.0,0.0,0.1469768360294676,0.16183574879227053,0.014858912762802934,0.14713311249365965,0.1087389022195201,0.038394210274139556,0.0,0.0,0.0,0.1469768360294676,0.20893719806763286,0.06196036203816527,0.14713311249365965,0.1711071343211806,0.023974021827520953,0.0,0.0,0.0,0.1469768360294676,0.20893719806763286,0.06196036203816527,0.14713311249365965,0.1711071343211806,0.023974021827520953
34,17,36,18,7,1248876.0,1244191.0,0.00376549902707864,0.06,0.0865869853917662,0,0.2,0.14285714285714285,0.14285714285714285,0.0,0.4905922815697252,0.42908902691511386,0.06150325465461132,0.4364429876620713,0.3755464001056278,0.060896587556443504,0.0,0.0,0.0,0.32016252753094854,0.2896135265700483,0.03054900096090024,0.25096101112926655,0.20519290294215833,0.04576810818710822,0.0,0.0,0.0,0.32016252753094854,0.33393719806763283,0.013774670536684297,0.25096101112926655,0.27147080012323244,0.020509788993965883,0.0,0.0,0.0,0.32016252753094854,0.33393719806763283,0.013774670536684297,0.25096101112926655,0.27147080012323244,0.020509788993965883
34,17,36,18,7,1248876.0,1244191.0,0.00376549902707864,0.06,0.0865869853917662,0,0.4,0.2857142857142857,0.14285714285714285,0.14285714285714285,0.6200106326422116,0.597333136153012,0.02267749648919959,0.570943451262581,0.5621981992088065,0.00874525205377441,0.0,0.0,0.0,0.4680148856990963,0.4807108350586612,0.012695949359564918,0.39932083176761335,0.43724249539397925,0.0379216636263659,0.0,0.0,0.0,0.4680148856990963,0.530221992178514,0.062207106479417684,0.39932083176761335,0.4892312324102743,0.08991040064266093,0.0,0.0,0.0,0.4680148856990963,0.530221992178514,0.062207106479417684,0.39932083176761335,0.4892312324102743,0.08991040064266093
34,17,38,19,7,1248876.0,1244383.0,0.0036106247031661475,0.04,0.0679946879150065,0,0.05,0.0,0.0,0.0,0.14531306621532183,0.1958519487123606,0.05053888249703878,0.12772046049300237,0.15229308170999137,0.024572621216989,0.0,0.0,0.0,0.05581924508240297,0.09085939486397152,0.035040149781568546,0.03722847202554136,0.07170947966944699,0.03448100764390563,0.0,0.0,0.0,0.05581924508240297,0.1173828290533096,0.06156358397090663,0.03722847202554136,0.09392456639120582,0.05669609436566446,0.0,0.0,0.0,0.05581924508240297,0.1173828290533096,0.06156358397090663,0.03722847202554136,0.09392456639120582,0.05669609436566446
34,17,38,19,7,1248876.0,1244383.0,0.0036106247031661475,0.04,0.0679946879150065,0,0.1,0.0,0.0,0.0,0.27845284206186466,0.31588936108386906,0.0374365190220044,0.2797967972989716,0.24271973169343378,0.037077065605537834,0.0,0.0,0.0,0.1469768360294676,0.17557843885075006,0.028601602821282462,0.14713311249365965,0.13278341735912116,0.014349695134538487,0.0,0.0,0.0,0.1469768360294676,0.2296486990422917,0.08267186301282411,0.14713311249365965,0.18773618113260096,0.04060306863894131,0.0,0.0,0.0,0.1469768360294676,0.2296486990422917,0.08267186301282411,0.14713311249365965,0.18773618113260096,0.04060306863894131
34,17,38,19,7,1248876.0,1244383.0,0.0036106247031661475,0.04,0.0679946879150065,0,0.2,0.14285714285714285,0.14285714285714285,0.0,0.4905922815697252,0.4249119174748465,0.06568036409487865,0.4364429876620713,0.36676333583209153,0.06967965182997976,0.0,0.0,0.0,0.32016252753094854,0.2948766844647851,0.025285843066163438,0.25096101112926655,0.22096867016492813,0.02999234096433842,0.0,0.0,0.0,0.32016252753094854,0.32906390372065425,0.008901376189705712,0.25096101112926655,0.26122389180410677,0.010262880674840213,0.0,0.0,0.0,0.32016252753094854,0.32906390372065425,0.008901376189705712,0.25096101112926655,0.26122389180410677,0.010262880674840213
34,17,38,19,7,1248876.0,1244383.0,0.0036106247031661475,0.04,0.0679946879150065,0,0.4,0.2857142857142857,0.14285714285714285,0.14285714285714285,0.6200106326422116,0.5994216908731457,0.020588941769065894,0.570943451262581,0.5617980526409383,0.009145398621642653,0.0,0.0,0.0,0.4680148856990963,0.48919036722240383,0.02117548152330756,0.39932083176761335,0.42526727369731354,0.025946441929700192,0.0,0.0,0.0,0.4680148856990963,0.5326586393520032,0.06464375365290692,0.39932083176761335,0.48876439474776134,0.089443562980148,0.0,0.0,0.0,0.4680148856990963,0.5326586393520032,0.06464375365290692,0.39932083176761335,0.48876439474776134,0.089443562980148
35,17,37,18,8,1266542.0,1260993.0,0.004400500240683334,0.06,0.12908366533864543,0,0.05,0.0,0.125,0.125,0.2545833333333334,0.36733954451345757,0.11275621118012419,0.27400509287599784,0.3347609522488807,0.06075585937288286,0.0,0.0,0.0,0.074,0.08488612836438922,0.010886128364389222,0.05608374384236453,0.07402887405388438,0.017945130211519847,0.0,0.0,0.0,0.145,0.08488612836438922,0.06011387163561077,0.13764554411106134,0.07402887405388438,0.06361667005717696,0.0,0.0,0.0,0.145,0.08488612836438922,0.06011387163561077,0.13764554411106134,0.07402887405388438,0.06361667005717696
35,17,37,18,8,1266542.0,1260993.0,0.004400500240683334,0.06,0.12908366533864543,0,0.1,0.25,0.375,0.125,0.4808134920634921,0.5237663906142167,0.042952898550724594,0.45866962255695815,0.5088889949632731,0.050219372406314966,0.0,0.0,0.0,0.20263492063492064,0.23802622498274673,0.035391304347826086,0.1762956385153754,0.214222391941237,0.037926753425861576,0.0,0.0,0.0,0.3077513227513227,0.23802622498274673,0.069725097768576,0.27822616340927747,0.214222391941237,0.06400377146804048,0.0,0.0,0.0,0.3077513227513227,0.23802622498274673,0.069725097768576,0.27822616340927747,0.214222391941237,0.06400377146804048
35,17,37,18,8,1266542.0,1260993.0,0.004400500240683334,0.06,0.12908366533864543,0,0.2,0.375,0.375,0.0,0.6028769841269841,0.6244392684610076,0.021562284334023518,0.5727264219457388,0.6033066655151165,0.03058024356937772,0.0,0.0,0.0,0.3646031746031746,0.39910282953761217,0.034499654934437574,0.31636227511318193,0.3652906648241863,0.04892838971100438,0.16666666666666666,0.0,0.16666666666666666,0.4705026455026455,0.39910282953761217,0.07139981596503331,0.4303018959276516,0.3652906648241863,0.0650112311034653,0.16666666666666666,0.0,0.16666666666666666,0.4705026455026455,0.39910282953761217,0.07139981596503331,0.4303018959276516,0.3652906648241863,0.0650112311034653
35,17,37,18,8,1266542.0,1260993.0,0.004400500240683334,0.06,0.12908366533864543,0,0.4,0.375,0.375,0.0,0.7585241147741147,0.7541772840685884,0.004346830705526328,0.7185510942236335,0.7397688295083228,0.021217735284689287,0.0,0.0,0.0,0.6136385836385836,0.6066836545097415,0.006954929128842102,0.5496817507578136,0.5836301272133164,0.03394837645550286,0.16666666666666666,0.0,0.16666666666666666,0.678032153032153,0.6066836545097415,0.07134849852241154,0.624734792298178,0.5836301272133164,0.04110466508486155,0.16666666666666666,0.0,0.16666666666666666,0.678032153032153,0.6066836545097415,0.07134849852241154,0.624734792298178,0.5836301272133164,0.04110466508486155
35,17,39,19,8,1266542.0,1244084.0,0.018051835728134114,0.04,0.07304116865869867,0,0.05,0.0,0.125,0.125,0.2545833333333334,0.3312219887955182,0.07663865546218479,0.27400509287599784,0.30819532772486313,0.0341902348488653,0.0,0.0,0.0,0.074,0.10709803921568628,0.033098039215686284,0.05608374384236453,0.08214322015089484,0.02605947630853031,0.0,0.0,0.0,0.145,0.10709803921568628,0.03790196078431371,0.13764554411106134,0.08214322015089484,0.055502323960166494,0.0,0.0,0.0,0.145,0.10709803921568628,0.03790196078431371,0.13764554411106134,0.08214322015089484,0.055502323960166494
35,17,39,19,8,1266542.0,1244084.0,0.018051835728134114,0.04,0.07304116865869867,0,0.1,0.25,0.375,0.125,0.4808134920634921,0.5159313725490196,0.03511788048552744,0.45866962255695815,0.5075784532608311,0.04890883070387292,0.0,0.0,0.0,0.20263492063492064,0.22549019607843138,0.022855275443510736,0.1762956385153754,0.2121255252173298,0.03582988670195439,0.0,0.0,0.0,0.3077513227513227,0.22549019607843138,0.08226112667289134,0.27822616340927747,0.2121255252173298,0.06610063819194767,0.0,0.0,0.0,0.3077513227513227,0.22549019607843138,0.08226112667289134,0.27822616340927747,0.2121255252173298,0.06610063819194767
35,17,39,19,8,1266542.0,1244084.0,0.018051835728134114,0.04,0.07304116865869867,0,0.2,0.375,0.375,0.0,0.6028769841269841,0.6034313725490196,0.0005543884220354789,0.5727264219457388,0.5708604539807385,0.0018659679650002703,0.0,0.0,0.0,0.3646031746031746,0.36549019607843136,0.0008870214752567662,0.31636227511318193,0.3133767263691815,0.0029855487440004214,0.16666666666666666,0.0,0.16666666666666666,0.4705026455026455,0.36549019607843136,0.10501244942421412,0.4303018959276516,0.3133767263691815,0.1169251695584701,0.16666666666666666,0.0,0.16666666666666666,0.4705026455026455,0.36549019607843136,0.10501244942421412,0.4303018959276516,0.3133767263691815,0.1169251695584701
35,17,39,19,8,1266542.0,1244084.0,0.018051835728134114,0.04,0.07304116865869867,0,0.4,0.375,0.375,0.0,0.7585241147741147,0.7014196832579186,0.05710443151619615,0.7185510942236335,0.664669529600296,0.053881564623337486,0.0,0.0,0.0,0.6136385836385836,0.5222714932126697,0.09136709042591384,0.5496817507578136,0.46347124736047374,0.08621050339733982,0.16666666666666666,0.0,0.16666666666666666,0.678032153032153,0.5222714932126697,0.15576065981948328,0.624734792298178,0.46347124736047374,0.16126354493770423,0.16666666666666666,0.0,0.16666666666666666,0.678032153032153,0.5222714932126697,0.15576065981948328,0.624734792298178,0.46347124736047374,0.16126354493770423
36,18,38,19,7,1244191.0,1244383.0,0.00015431714262520787,0.02,0.018592297476759705,0,0.05,0.14285714285714285,0.0,0.14285714285714285,0.24033816425120774,0.1958519487123606,0.04448621553884713,0.22052798593664075,0.15229308170999137,0.06823490422664938,0.0,0.0,0.0,0.09202898550724638,0.09085939486397152,0.001169590643274862,0.07265557195046093,0.07170947966944699,0.0009460922810139438,0.0,0.0,0.0,0.11372785829307568,0.1173828290533096,0.003654970760233925,0.09061598359274751,0.09392456639120582,0.003308582798458304,0.0,0.0,0.0,0.11372785829307568,0.1173828290533096,0.003654970760233925,0.09061598359274751,0.09392456639120582,0.003308582798458304
36,18,38,19,7,1244191.0,1244383.0,0.00015431714262520787,0.02,0.018592297476759705,0,0.1,0.14285714285714285,0.0,0.14285714285714285,0.3219461697722567,0.31588936108386906,0.006056808688387649,0.2895204008467262,0.24271973169343378,0.046800669153292423,0.0,0.0,0.0,0.16183574879227053,0.17557843885075006,0.013742690058479529,0.1087389022195201,0.13278341735912116,0.02404451513960107,0.0,0.0,0.0,0.20893719806763286,0.2296486990422917,0.020711500974658847,0.1711071343211806,0.18773618113260096,0.016629046811420356,0.0,0.0,0.0,0.20893719806763286,0.2296486990422917,0.020711500974658847,0.1711071343211806,0.18773618113260096,0.016629046811420356
36,18,38,19,7,1244191.0,1244383.0,0.00015431714262520787,0.02,0.018592297476759705,0,0.2,0.14285714285714285,0.14285714285714285,0.0,0.42908902691511386,0.4249119174748465,0.004177109440267335,0.3755464001056278,0.36676333583209153,0.008783064273536256,0.0,0.0,0.0,0.2896135265700483,0.2948766844647851,0.005263157894736803,0.20519290294215833,0.22096867016492813,0.0157757672227698,0.0,0.0,0.0,0.33393719806763283,0.32906390372065425,0.004873294346978585,0.27147080012323244,0.26122389180410677,0.01024690831912567,0.0,0.0,0.0,0.33393719806763283,0.32906390372065425,0.004873294346978585,0.27147080012323244,0.26122389180410677,0.01024690831912567
36,18,38,19,7,1244191.0,1244383.0,0.00015431714262520787,0.02,0.018592297476759705,0,0.4,0.14285714285714285,0.14285714285714285,0.0,0.597333136153012,0.5994216908731457,0.002088554720133695,0.5621981992088065,0.5617980526409383,0.00040014656786824254,0.0,0.0,0.0,0.4807108350586612,0.48919036722240383,0.008479532163742642,0.43724249539397925,0.42526727369731354,0.011975221696665705,0.0,0.0,0.0,0.530221992178514,0.5326586393520032,0.002436647173489237,0.4892312324102743,0.48876439474776134,0.00046683766251293113,0.0,0.0,0.0,0.530221992178514,0.5326586393520032,0.002436647173489237,0.4892312324102743,0.48876439474776134,0.00046683766251293113
37,18,39,19,8,1260993.0,1244084.0,0.013591525974130365,0.06,0.07277556440903056,0,0.05,0.125,0.125,0.0,0.36733954451345757,0.3312219887955182,0.0361175557179394,0.3347609522488807,0.30819532772486313,0.02656562452401756,0.0,0.0,0.0,0.08488612836438922,0.10709803921568628,0.022211910851297062,0.07402887405388438,0.08214322015089484,0.008114346097010464,0.0,0.0,0.0,0.08488612836438922,0.10709803921568628,0.022211910851297062,0.07402887405388438,0.08214322015089484,0.008114346097010464,0.0,0.0,0.0,0.08488612836438922,0.10709803921568628,0.022211910851297062,0.07402887405388438,0.08214322015089484,0.008114346097010464
37,18,39,19,8,1260993.0,1244084.0,0.013591525974130365,0.06,0.07277556440903056,0,0.1,0.375,0.375,0.0,0.5237663906142167,0.5159313725490196,0.007835018065197152,0.5088889949632731,0.5075784532608311,0.0013105417024420474,0.0,0.0,0.0,0.23802622498274673,0.22549019607843138,0.01253602890431535,0.214222391941237,0.2121255252173298,0.002096866723907187,0.0,0.0,0.0,0.23802622498274673,0.22549019607843138,0.01253602890431535,0.214222391941237,0.2121255252173298,0.002096866723907187,0.0,0.0,0.0,0.23802622498274673,0.22549019607843138,0.01253602890431535,0.214222391941237,0.2121255252173298,0.002096866723907187
37,18,39,19,8,1260993.0,1244084.0,0.013591525974130365,0.06,0.07277556440903056,0,0.2,0.375,0.375,0.0,0.6244392684610076,0.6034313725490196,0.02100789591198804,0.6033066655151165,0.5708604539807385,0.03244621153437799,0.0,0.0,0.0,0.39910282953761217,0.36549019607843136,0.03361263345918081,0.3652906648241863,0.3133767263691815,0.051913938455004804,0.0,0.0,0.0,0.39910282953761217,0.36549019607843136,0.03361263345918081,0.3652906648241863,0.3133767263691815,0.051913938455004804,0.0,0.0,0.0,0.39910282953761217,0.36549019607843136,0.03361263345918081,0.3652906648241863,0.3133767263691815,0.051913938455004804
37,18,39,19,8,1260993.0,1244084.0,0.013591525974130365,0.06,0.07277556440903056,0,0.4,0.375,0.375,0.0,0.7541772840685884,0.7014196832579186,0.052757600810669825,0.7397688295083228,0.664669529600296,0.07509929990802677,0.0,0.0,0.0,0.6066836545097415,0.5222714932126697,0.08441216129707174,0.5836301272133164,0.46347124736047374,0.12015887985284268,0.0,0.0,0.0,0.6066836545097415,0.5222714932126697,0.08441216129707174,0.5836301272133164,0.46347124736047374,0.12015887985284268,0.0,0.0,0.0,0.6066836545097415,0.5222714932126697,0.08441216129707174,0.5836301272133164,0.46347124736047374,0.12015887985284268
