{"city": "hanoi", "centre": [21.0285, 105.8542], "nodes": [[309642117, 21.0287988, 105.8537903], [98010926, 21.0199953, 105.8555751], [426892483, 21.0248084, 105.8987594], [7863544904, 21.0456166, 105.7975191], [9398275315, 21.0423943, 105.9060117], [5716648785, 21.0083435, 105.8659598], [5716448565, 20.9859513, 105.8023156], [4551916019, 21.004217, 105.8401133], [8341393292, 21.0356856, 105.8759227], [5716422147, 21.0039009, 105.8037477], [2064569837, 21.062725, 105.8250106], [13037530897, 21.0234177, 105.8798111], [13167169537, 21.0667927, 105.8021858], [11015614295, 20.9778198, 105.8585813], [426893125, 21.0752651, 105.8882896], [8340784111, 21.056369, 105.8622334], [7260226786, 21.051799, 105.8003939], [6648227223, 21.0124562, 105.8123199], [4789919607, 21.0475522, 105.8059623], [5716826138, 20.9770982, 105.891611], [6644672135, 21.0115675, 105.8214795], [6418863853, 21.0595193, 105.8920252], [11482888607, 21.0237242, 105.9104062], [2174649924, 21.0063694, 105.8147683], [283136105, 21.0123792, 105.8391601], [5721617355, 21.0616771, 105.8916628], [13959195742, 21.0088936, 105.8596067], [12113905321, 21.0585821, 105.8872189], [97133282, 21.0474515, 105.8729485], [13697093448, 20.9859665, 105.8654263], [5721519533, 21.066599, 105.9064407], [443401072, 20.9839017, 105.8308797], [5716410768, 20.9804284, 105.806075], [5718882122, 21.0284064, 105.9088927], [4023466907, 21.0137577, 105.8633664], [11563365452, 21.0214517, 105.8736018], [8277668384, 21.0741026, 105.8508246], [12159542498, 21.0815082, 105.8573726], [6406219812, 21.02522, 105.8358943], [5716582597, 20.9919119, 105.8881872], [5707531372, 20.9987781, 105.8769923], [8819759973, 21.065201, 105.8233353], [1495013137, 20.9856709, 105.8289467], [2195296719, 21.0284045, 105.8059545], [6672724024, 21.0285501, 105.8855567], [98009137, 21.0247186, 105.8513222], [5348581682, 21.0722845, 105.8701032], [12009380066, 21.0736178, 105.8751968], [426896906, 21.0582979, 105.8982609], [10074826578, 21.0183695, 105.8633526], [5489008212, 21.0267721, 105.8278356], [426893716, 21.0622858, 105.8981871], [110392157, 20.9856041, 105.8582923], [13664152307, 20.9846101, 105.8594818], [426895792, 21.06072, 105.8619783], [5722232946, 21.0457115, 105.8776863], [11015614276, 20.980015, 105.8605572], [8831057601, 21.0802418, 105.8692166], [13050312739, 21.0675384, 105.7977052], [13239275482, 21.000653, 105.8855343], [320410370, 21.0390552, 105.8532212], [2701058419, 20.9895066, 105.8049079], [5096704596, 21.0678338, 105.8024404], [5722300337, 21.0424623, 105.8803403], [5710538387, 20.9802339, 105.8132308], [13785056373, 21.0568333, 105.8004533], [8272837073, 21.0726077, 105.9060955], [5698244178, 21.0391679, 105.8679458], [97995408, 21.0378597, 105.8687567], [8265789525, 21.0021275, 105.8537484], [10899708383, 21.0511805, 105.9044148], [9377492363, 21.0691895, 105.8115505], [5468486570, 21.0636858, 105.8905245], [6608741555, 21.0398137, 105.8660828], [13261999659, 21.0626081, 105.8044695], [8333045479, 21.0523617, 105.8969285], [8337102553, 21.0731851, 105.851295], [8323904022, 21.040317, 105.8987457], [13092514467, 21.0637231, 105.9082156], [8336572521, 21.0614077, 105.8851106], [1730114650, 21.0190151, 105.8122765], [6600206282, 20.9870991, 105.8062497], [2366827453, 21.0095714, 105.8490179], [4048123326, 21.0145802, 105.8017073], [318259614, 21.0155657, 105.8245191], [426896589, 21.0460193, 105.8766637], [2091820671, 21.0293508, 105.813942], [5716794797, 20.9904864, 105.8819711], [6606522072, 21.0586253, 105.8959196], [3878471791, 21.0238457, 105.9113338], [6684886837, 21.0314639, 105.879229], [5716343864, 20.9912889, 105.8929285], [11015614268, 20.9805912, 105.8614053], [9565543970, 21.0721291, 105.8683386], [5719106794, 21.0760878, 105.9063526], [6616917465, 21.073695, 105.9038701], [8325309449, 20.9806042, 105.8074058], [5716868268, 20.9895796, 105.8774743], [426895267, 21.0537047, 105.8771782], [8273196044, 21.0589598, 105.9007064], [2291065547, 21.0143497, 105.8284058], [426892576, 21.0720059, 105.8904348], [5721799552, 21.0493374, 105.8863905], [12198936348, 21.0457495, 105.8718923], [426892816, 21.0271585, 105.8916018], [3541565713, 21.0188904, 105.7978919], [6632262881, 21.0509022, 105.8915328], [8337751718, 21.0789144, 105.8355274], [12141442887, 21.0330631, 105.8899122], [8266252322, 20.9856004, 105.8615936], [6625028921, 21.0669793, 105.8228512], [318395934, 20.9940603, 105.821229], [6413526196, 21.0677946, 105.8093084], [310728999, 21.0574738, 105.8346412], [5689555720, 20.9954175, 105.8363308], [5718937283, 20.9893363, 105.865548], [6601236976, 20.9929466, 105.8918496], [443401159, 20.9843903, 105.8311852], [5344980687, 20.9788694, 105.8880956], [10189076398, 21.0297591, 105.9074365], [426897315, 21.0565259, 105.8804177], [642960803, 21.0018106, 105.8449863], [6601116443, 21.0033616, 105.8509114], [6872692088, 21.0499519, 105.8016653], [5367348012, 21.0685286, 105.800487], [2174649940, 21.0171907, 105.8238769], [1495094393, 21.0589182, 105.9114354], [5689491708, 20.9964735, 105.829862], [5125885666, 21.065953, 105.8032363], [6418801375, 21.0697361, 105.905663], [426897009, 21.0636817, 105.8667468], [5716816019, 20.986193, 105.8953628], [308728534, 21.0203548, 105.8122107], [5629422912, 20.9930979, 105.8690799], [6603857099, 20.9799492, 105.8869294], [11991301989, 21.0013979, 105.9025195], [1495094475, 21.0650884, 105.9025065], [103060021, 21.0281474, 105.8391643], [6650876737, 21.0174399, 105.8130972], [8831123394, 21.0553347, 105.7981365], [419039200, 21.0475741, 105.8061187], [9533737864, 21.0804959, 105.855166], [98009339, 21.023226, 105.8508198], [4023205753, 21.0302356, 105.8506977], [5348628410, 21.0734803, 105.8690027], [11196356953, 21.0427229, 105.906837], [1905105373, 21.0166467, 105.8122637], [426894804, 21.0374935, 105.8747814], [5710675044, 20.9781697, 105.7970949], [5406185702, 21.0560366, 105.8045839], [426893826, 21.0723484, 105.8894028], [11015614284, 20.9794683, 105.8605624], [13108813247, 21.0468637, 105.8833512], [8493888758, 21.0501949, 105.9004254], [426893216, 21.0585508, 105.894897], [5716463904, 20.9923094, 105.8886874], [110393220, 20.9858924, 105.8618004], [8265788724, 20.9955514, 105.8603743], [5718896836, 21.078649, 105.8781601], [5710538362, 20.9775322, 105.8153725], [8266224640, 20.9877788, 105.8739706], [426894766, 21.0312449, 105.8728034], [421493629, 20.9965335, 105.818173], [8273196113, 21.0595955, 105.8984882], [5721534478, 21.0393508, 105.8813992], [8341147208, 21.0602129, 105.8773638], [5719176924, 20.9815165, 105.880924], [98041849, 21.0149334, 105.8045817], [8332968844, 21.0463901, 105.8957782], [11166349751, 21.0377073, 105.8770986], [13525197927, 21.0640557, 105.8255428], [8337191713, 21.0199656, 105.9071866], [1683247853, 20.9806865, 105.844569], [426895989, 21.0256259, 105.8759777], [2332625931, 21.0312839, 105.813089], [1897828139, 20.9754083, 105.8067649], [11992260534, 21.0771734, 105.8812519], [1497544669, 21.0150609, 105.8278134], [4901273708, 21.0242745, 105.9024095], [5722218634, 21.0564851, 105.8695839], [5719243643, 21.0348694, 105.9070499], [5704543860, 21.0185502, 105.862086], [312955644, 21.0427083, 105.8995217], [5721874022, 21.03807, 105.8828095], [426896984, 21.0755815, 105.8789732], [11484356940, 21.0006691, 105.8664465], [13050361345, 21.0689475, 105.8025697], [8337384163, 21.0696162, 105.8803454], [439562200, 21.0398178, 105.8657979], [4088954110, 21.0755699, 105.7988416], [2499074984, 20.9997537, 105.8861114], [2290010723, 21.0385243, 105.8392334], [6624973637, 21.0557145, 105.9056054], [5703720910, 21.0041362, 105.8659852], [2186606071, 21.0530211, 105.9109733], [5719243637, 21.034927, 105.9082458], [5724580192, 21.0096374, 105.9066126], [5698244196, 21.0384821, 105.8708257], [426895298, 21.0780828, 105.867532], [3408796280, 21.0633387, 105.8047693], [7144648397, 21.0079147, 105.8460893], [10601899492, 21.0084441, 105.9067403], [8034817845, 21.0190342, 105.8238781], [103015872, 21.0403251, 105.8438303], [13534637095, 20.9841604, 105.8368418], 