plan_id,seed,K,distance,delta_frac,lost_a,lost_b,lost_a_len,lost_b_len,lost_a_workload,lost_b_workload,lost_a_substantive,lost_b_substantive,both_substantive,extra_units,need_two_units,need_at_most_one,fully_absorbed,total_customers,absorbed_customers,absorbed_customer_frac,total_delivery,total_pickup,total_workload,absorbed_workload,absorbed_workload_frac,residual_delivery_at_max_work,residual_pickup_at_max_work,residual_workload,residual_workload_frac,one_unit_capacity_feasible,terminal_dp_states,lost_route_a,lost_route_b
0,0,7,1246180.0,0.1,0,1,12,8,138.50000000000003,80.0,1,1,1,1,0,1,0,20,5,0.25,145.4,73.1,218.50000000000003,55.80000000000001,0.2553775743707094,109.3,53.4,162.70000000000002,0.7446224256292906,1,1,89 85 59 80 86 6 83 53 22 96 67 62,50 90 33 91 15 49 20 13
0,0,7,1246180.0,0.1,0,2,12,18,138.50000000000003,225.4,1,1,1,2,1,0,0,30,4,0.13333333333333333,238.6,125.3,363.90000000000003,35.100000000000016,0.09645507007419624,216.8,112.0,328.8,0.9035449299258037,0,16,89 85 59 80 86 6 83 53 22 96 67 62,63 73 57 79 39 23 11 70 19 5 4 28 58 94 38 31 78 93
0,0,7,1246180.0,0.1,0,3,12,14,138.50000000000003,194.6,1,1,1,2,1,0,0,26,2,0.07692307692307693,227.5,105.6,333.09999999999997,13.70000000000001,0.041128790153107206,217.8,101.6,319.4,0.9588712098468929,0,8,89 85 59 80 86 6 83 53 22 96 67 62,25 9 55 14 54 76 92 40 42 65 52 3 60 26
0,0,7,1246180.0,0.1,0,4,12,18,138.50000000000003,210.89999999999998,1,1,1,2,1,0,0,30,7,0.23333333333333334,224.4,125.0,349.4,62.400000000000006,0.17859187178019464,185.7,101.3,287.0,0.8214081282198055,0,16,89 85 59 80 86 6 83 53 22 96 67 62,2 68 37 17 43 44 35 98 81 16 69 7 41 99 95 97 30 84
0,0,7,1246180.0,0.1,0,5,12,7,138.50000000000003,62.099999999999994,1,0,0,1,0,1,0,19,7,0.3684210526315789,126.6,74.0,200.59999999999997,58.60000000000002,0.29212362911266215,90.3,51.7,141.99999999999994,0.7078763708873378,1,1,89 85 59 80 86 6 83 53 22 96 67 62,61 21 36 45 27 88 18
0,0,7,1246180.0,0.1,0,6,12,23,138.50000000000003,227.40000000000003,1,1,1,2,1,0,0,35,5,0.14285714285714285,236.5,129.4,365.9,39.80000000000003,0.10877288876742289,212.2,113.9,326.09999999999997,0.8912271112325771,0,16,89 85 59 80 86 6 83 53 22 96 67 62,75 8 29 66 71 10 64 82 12 77 87 32 24 74 47 51 34 100 48 1 56 46 72
0,0,7,1246180.0,0.1,1,2,8,18,80.0,225.4,1,1,1,2,1,0,0,26,4,0.15384615384615385,205.6,99.8,305.40000000000003,43.699999999999996,0.1430910281597904,177.2,84.5,261.70000000000005,0.8569089718402096,0,8,50 90 33 91 15 49 20 13,63 73 57 79 39 23 11 70 19 5 4 28 58 94 38 31 78 93
0,0,7,1246180.0,0.1,1,3,8,14,80.0,194.6,1,1,1,2,1,0,0,22,3,0.13636363636363635,194.5,80.1,274.6,23.700000000000003,0.0863073561544064,178.6,72.3,250.90000000000003,0.9136926438455937,0,4,50 90 33 91 15 49 20 13,25 9 55 14 54 76 92 40 42 65 52 3 60 26
0,0,7,1246180.0,0.1,1,4,8,18,80.0,210.89999999999998,1,1,1,2,1,0,0,26,6,0.23076923076923078,191.4,99.5,290.90000000000003,47.499999999999986,0.16328635269852176,161.0,82.4,243.40000000000003,0.8367136473014782,0,8,50 90 33 91 15 49 20 13,2 68 37 17 43 44 35 98 81 16 69 7 41 99 95 97 30 84
0,0,7,1246180.0,0.1,1,5,8,7,80.0,62.099999999999994,1,0,0,1,0,1,0,15,5,0.3333333333333333,93.6,48.5,142.1,41.39999999999999,0.2913441238564391,66.3,34.4,100.7,0.708655876143561,1,1,50 90 33 91 15 49 20 13,61 21 36 45 27 88 18
0,0,7,1246180.0,0.1,1,6,8,23,80.0,227.40000000000003,1,1,1,2,1,0,0,31,4,0.12903225806451613,203.5,103.9,307.3999999999999,38.00000000000001,0.12361743656473656,177.9,91.5,269.3999999999999,0.8763825634352634,0,8,50 90 33 91 15 49 20 13,75 8 29 66 71 10 64 82 12 77 87 32 24 74 47 51 34 100 48 1 56 46 72
0,0,7,1246180.0,0.1,2,3,18,14,225.4,194.6,1,1,1,2,1,0,0,32,1,0.03125,287.7,132.3,420.0,3.5999999999999943,0.008571428571428558,285.5,130.9,416.4,0.9914285714285713,0,2,63 73 57 79 39 23 11 70 19 5 4 28 58 94 38 31 78 93,25 9 55 14 54 76 92 40 42 65 52 3 60 26
0,0,7,1246180.0,0.1,2,4,18,18,225.4,210.89999999999998,1,1,1,2,1,0,0,36,5,0.1388888888888889,284.6,151.7,436.3,49.39999999999999,0.11322484528993809,254.1,132.8,386.90000000000003,0.886775154710062,0,8,63 73 57 79 39 23 11 70 19 5 4 28 58 94 38 31 78 93,2 68 37 17 43 44 35 98 81 16 69 7 41 99 95 97 30 84
0,0,7,1246180.0,0.1,2,5,18,7,225.4,62.099999999999994,1,0,0,2,1,0,0,25,5,0.2,186.8,100.7,287.5,56.4,0.19617391304347825,153.0,78.1,231.1,0.8038260869565217,0,16,63 73 57 79 39 23 11 70 19 5 4 28 58 94 38 31 78 93,61 21 36 45 27 88 18
0,0,7,1246180.0,0.1,2,6,18,23,225.4,227.40000000000003,1,1,1,2,1,0,0,41,3,0.07317073170731707,296.7,156.1,452.79999999999995,26.80000000000001,0.059187279151943495,280.6,145.4,425.99999999999994,0.9408127208480566,0,12,63 73 57 79 39 23 11 70 19 5 4 28 58 94 38 31 78 93,75 8 29 66 71 10 64 82 12 77 87 32 24 74 47 51 34 100 48 1 56 46 72
0,0,7,1246180.0,0.1,3,4,14,18,194.6,210.89999999999998,1,1,1,2,1,0,0,32,4,0.125,273.5,132.0,405.49999999999994,30.899999999999988,0.07620221948212082,254.4,120.2,374.59999999999997,0.9237977805178792,0,4,25 9 55 14 54 76 92 40 42 65 52 3 60 26,2 68 37 17 43 44 35 98 81 16 69 7 41 99 95 97 30 84
0,0,7,1246180.0,0.1,3,5,14,7,194.6,62.099999999999994,1,0,0,2,1,0,0,21,4,0.19047619047619047,175.7,81.0,256.7,37.89999999999999,0.1476431632255551,153.3,65.5,218.8,0.852356836774445,0,8,25 9 55 14 54 76 92 40 42 65 52 3 60 26,61 21 36 45 27 88 18
0,0,7,1246180.0,0.1,3,6,14,23,194.6,227.40000000000003,1,1,1,2,1,0,0,37,2,0.05405405405405406,285.6,136.4,421.9999999999999,8.300000000000011,0.019668246445497663,280.9,132.8,413.6999999999999,0.9803317535545023,0,6,25 9 55 14 54 76 92 40 42 65 52 3 60 26,75 8 29 66 71 10 64 82 12 77 87 32 24 74 47 51 34 100 48 1 56 46 72
0,0,7,1246180.0,0.1,4,5,18,7,210.89999999999998,62.099999999999994,1,0,0,2,1,0,0,25,6,0.24,172.6,100.4,273.0,33.79999999999999,0.12380952380952377,151.5,87.7,239.20000000000002,0.8761904761904763,0,8,2 68 37 17 43 44 35 98 81 16 69 7 41 99 95 97 30 84,61 21 36 45 27 88 18
0,0,7,1246180.0,0.1,4,6,18,23,210.89999999999998,227.40000000000003,1,1,1,2,1,0,0,41,6,0.14634146341463414,282.5,155.8,438.29999999999995,51.099999999999994,0.11658681268537531,250.1,137.1,387.19999999999993,0.8834131873146246,0,17,2 68 37 17 43 44 35 98 81 16 69 7 41 99 95 97 30 84,75 8 29 66 71 10 64 82 12 77 87 32 24 74 47 51 34 100 48 1 56 46 72
0,0,7,1246180.0,0.1,5,6,7,23,62.099999999999994,227.40000000000003,0,1,0,2,1,0,0,30,6,0.2,184.7,104.8,289.5,50.8,0.17547495682210706,154.4,84.3,238.7,0.8245250431778929,0,16,61 21 36 45 27 88 18,75 8 29 66 71 10 64 82 12 77 87 32 24 74 47 51 34 100 48 1 56 46 72
1,0,8,1270239.0,0.1,0,1,14,8,194.6,69.0,1,0,0,1,0,1,0,22,6,0.2727272727272727,179.2,84.4,263.6,56.3,0.21358118361153258,145.9,61.4,207.3,0.7864188163884673,1,8,26 60 3 52 65 42 40 92 76 54 14 55 9 25,18 17 43 30 27 45 36 21
1,0,8,1270239.0,0.1,0,2,14,16,194.6,193.10000000000002,1,1,1,2,1,0,0,30,4,0.13333333333333333,263.0,124.7,387.7,55.60000000000001,0.14340985297910758,228.9,103.2,332.09999999999997,0.8565901470208924,0,8,26 60 3 52 65 42 40 92 76 54 14 55 9 25,88 84 97 44 95 99 41 69 7 16 81 98 35 68 37 2
1,0,8,1270239.0,0.1,0,3,14,5,194.6,45.1,1,0,0,2,1,0,0,19,3,0.15789473684210525,171.6,68.1,239.7,29.6,0.12348769294952025,150.8,59.3,210.1,0.8765123070504798,0,4,26 60 3 52 65 42 40 92 76 54 14 55 9 25,50 90 33 91 15
1,0,8,1270239.0,0.1,0,4,14,5,194.6,56.7,1,0,0,1,0,1,0,19,5,0.2631578947368421,176.3,75.0,251.3,56.7,0.22562674094707522,138.3,56.3,194.60000000000002,0.7743732590529249,1,8,26 60 3 52 65 42 40 92 76 54 14 55 9 25,13 20 49 61 89
1,0,8,1270239.0,0.1,0,5,14,11,194.6,127.60000000000001,1,1,1,2,1,0,0,25,1,0.04,219.4,102.8,322.2,2.799999999999997,0.008690254500310357,217.8,101.6,319.4,0.9913097454996896,0,2,26 60 3 52 65 42 40 92 76 54 14 55 9 25,85 59 96 80 86 6 83 53 22 67 62
1,0,8,1270239.0,0.1,0,6,14,23,194.6,227.4,1,1,1,2,1,0,0,37,2,0.05405405405405406,285.6,136.4,422.0,8.3,0.019668246445497632,280.9,132.8,413.7,0.9803317535545023,0,10,26 60 3 52 65 42 40 92 76 54 14 55 9 25,72 46 56 1 51 34 100 48 47 74 24 32 87 77 12 82 64 10 71 66 29 8 75
1,0,8,1270239.0,0.1,0,7,14,18,194.6,225.39999999999998,1,1,1,2,1,0,0,32,1,0.03125,287.7,132.3,420.0,3.5999999999999943,0.008571428571428558,285.5,130.9,416.4,0.9914285714285713,0,2,26 60 3 52 65 42 40 92 76 54 14 55 9 25,63 73 57 79 39 23 11 70 19 5 38 4 28 58 94 31 78 93
1,0,8,1270239.0,0.1,1,2,8,16,69.0,193.10000000000002,0,1,0,1,0,1,0,24,5,0.20833333333333334,165.6,96.5,262.1,37.10000000000001,0.14154902708889738,141.9,83.1,225.0,0.8584509729111025,1,8,18 17 43 30 27 45 36 21,88 84 97 44 95 99 41 69 7 16 81 98 35 68 37 2
1,0,8,1270239.0,0.1,1,3,8,5,69.0,45.1,0,0,0,1,0,1,0,13,7,0.5384615384615384,74.2,39.9,114.1,59.0,0.5170902716914987,39.2,15.9,55.099999999999994,0.48290972830850126,1,1,18 17 43 30 27 45 36 21,50 90 33 91 15
1,0,8,1270239.0,0.1,1,4,8,5,69.0,56.7,0,0,0,1,0,1,0,13,8,0.6153846153846154,78.9,46.8,125.69999999999999,87.19999999999999,0.6937151949085123,22.8,15.7,38.5,0.3062848050914877,1,1,18 17 43 30 27 45 36 21,13 20 49 61 89
1,0,8,1270239.0,0.1,1,5,8,11,69.0,127.60000000000001,0,1,0,1,0,1,0,19,8,0.42105263157894735,122.0,74.6,196.60000000000002,76.89999999999999,0.3911495422177008,77.2,42.5,119.70000000000003,0.6088504577822992,1,1,18 17 43 30 27 45 36 21,85 59 96 80 86 6 83 53 22 67 62
1,0,8,1270239.0,0.1,1,6,8,23,69.0,227.4,0,1,0,1,0,1,0,31,9,0.2903225806451613,188.2,108.2,296.40000000000003,71.4,0.2408906882591093,145.9,79.1,225.00000000000003,0.7591093117408907,1,24,18 17 43 30 27 45 36 21,72 46 56 1 51 34 100 48 47 74 24 32 87 77 12 82 64 10 71 66 29 8 75
1,0,8,1270239.0,0.1,1,7,8,18,69.0,225.39999999999998,0,1,0,1,0,1,0,26,7,0.2692307692307692,190.3,104.1,294.4,75.1,0.25509510869565216,145.5,73.8,219.29999999999998,0.7449048913043478,1,16,18 17 43 30 27 45 36 21,63 73 57 79 39 23 11 70 19 5 38 4 28 58 94 31 78 93
1,0,8,1270239.0,0.1,2,3,16,5,193.10000000000002,45.1,1,0,0,1,0,1,0,21,5,0.23809523809523808,158.0,80.2,238.20000000000002,57.60000000000001,0.24181360201511337,122.9,57.7,180.60000000000002,0.7581863979848867,1,8,88 84 97 44 95 99 41 69 7 16 81 98 35 68 37 2,50 90 33 91 15
1,0,8,1270239.0,0.1,2,4,16,5,193.10000000000002,56.7,1,0,0,1,0,1,0,21,7,0.3333333333333333,162.7,87.1,249.80000000000007,84.70000000000002,0.3390712570056045,109.3,55.8,165.10000000000005,0.6609287429943955,1,32,88 84 97 44 95 99 41 69 7 16 81 98 35 68 37 2,13 20 49 61 89
1,0,8,1270239.0,0.1,2,5,16,11,193.10000000000002,127.60000000000001,1,1,1,2,1,0,0,27,6,0.2222222222222222,205.8,114.9,320.70000000000005,76.2,0.2376052385406922,160.2,84.3,244.50000000000006,0.7623947614593078,0,16,88 84 97 44 95 99 41 69 7 16 81 98 35 68 37 2,85 59 96 80 86 6 83 53 22 67 62
1,0,8,1270239.0,0.1,2,6,16,23,193.10000000000002,227.4,1,1,1,2,1,0,0,39,6,0.15384615384615385,272.0,148.5,420.5,71.10000000000001,0.1690844233055886,227.7,121.7,349.4,0.8309155766944114,0,24,88 84 97 44 95 99 41 69 7 16 81 98 35 68 37 2,72 46 56 1 51 34 100 48 47 74 24 32 87 77 12 82 64 10 71 66 29 8 75
1,0,8,1270239.0,0.1,2,7,16,18,193.10000000000002,225.39999999999998,1,1,1,2,1,0,0,34,5,0.14705882352941177,274.1,144.4,418.5,74.2,0.177299880525687,228.9,115.4,344.3,0.8227001194743131,0,16,88 84 97 44 95 99 41 69 7 16 81 98 35 68 37 2,63 73 57 79 39 23 11 70 19 5 38 4 28 58 94 31 78 93
1,0,8,1270239.0,0.1,3,4,5,5,45.1,56.7,0,0,0,1,0,1,0,10,6,0.6,71.3,30.5,101.80000000000001,61.900000000000006,0.6080550098231827,29.8,10.1,39.900000000000006,0.3919449901768173,1,1,50 90 33 91 15,13 20 49 61 89
1,0,8,1270239.0,0.1,3,5,5,11,45.1,127.60000000000001,0,1,0,1,0,1,0,16,4,0.25,114.4,58.3,172.7,50.8,0.294151708164447,81.5,40.4,121.89999999999999,0.705848291835553,1,1,50 90 33 91 15,85 59 96 80 86 6 83 53 22 67 62
1,0,8,1270239.0,0.1,3,6,5,23,45.1,227.4,0,1,0,2,1,0,0,28,4,0.14285714285714285,180.6,91.9,272.50000000000006,35.8,0.1313761467889908,156.2,80.5,236.70000000000005,0.8686238532110092,0,12,50 90 33 91 15,72 46 56 1 51 34 100 48 47 74 24 32 87 77 12 82 64 10 71 66 29 8 75
1,0,8,1270239.0,0.1,3,7,5,18,45.1,225.39999999999998,0,1,0,1,0,1,0,23,4,0.17391304347826086,182.7,87.8,270.5,49.599999999999994,0.18336414048059146,149.4,71.5,220.9,0.8166358595194085,1,8,50 90 33 91 15,63 73 57 79 39 23 11 70 19 5 38 4 28 58 94 31 78 93
1,0,8,1270239.0,0.1,4,5,5,11,56.7,127.60000000000001,0,1,0,1,0,1,0,16,7,0.4375,119.1,65.2,184.3,80.0,0.43407487791644056,67.9,36.4,104.30000000000001,0.5659251220835595,1,1,13 20 49 61 89,85 59 96 80 86 6 83 53 22 67 62
1,0,8,1270239.0,0.1,4,6,5,23,56.7,227.4,0,1,0,1,0,1,0,28,7,0.25,185.3,98.8,284.1,65.0,0.22879267863428368,142.6,76.5,219.10000000000002,0.7712073213657163,1,16,13 20 49 61 89,72 46 56 1 51 34 100 48 47 74 24 32 87 77 12 82 64 10 71 66 29 8 75
1,0,8,1270239.0,0.1,4,7,5,18,56.7,225.39999999999998,0,1,0,1,0,1,0,23,7,0.30434782608695654,187.4,94.7,282.1,78.8,0.27933356965615025,135.8,67.5,203.3,0.7206664303438497,1,32,13 20 49 61 89,63 73 57 79 39 23 11 70 19 5 38 4 28 58 94 31 78 93
1,0,8,1270239.0,0.1,5,6,11,23,127.60000000000001,227.4,1,1,1,2,1,0,0,34,4,0.11764705882352941,228.4,126.6,355.0,28.899999999999995,0.08140845070422534,212.2,113.9,326.1,0.9185915492957747,0,14,85 59 96 80 86 6 83 53 22 67 62,72 46 56 1 51 34 100 48 47 74 24 32 87 77 12 82 64 10 71 66 29 8 75
1,0,8,1270239.0,0.1,5,7,11,18,127.60000000000001,225.39999999999998,1,1,1,2,1,0,0,29,3,0.10344827586206896,230.5,122.5,353.0,24.19999999999999,0.0685552407932011,216.8,112.0,328.8,0.9314447592067989,0,4,85 59 96 80 86 6 83 53 22 67 62,63 73 57 79 39 23 11 70 19 5 38 4 28 58 94 31 78 93
1,0,8,1270239.0,0.1,6,7,23,18,227.4,225.39999999999998,1,1,1,2,1,0,0,41,3,0.07317073170731707,296.7,156.1,452.79999999999995,26.8,0.05918727915194347,280.6,145.4,425.99999999999994,0.9408127208480566,0,20,72 46 56 1 51 34 100 48 47 74 24 32 87 77 12 82 64 10 71 66 29 8 75,63 73 57 79 39 23 11 70 19 5 38 4 28 58 94 31 78 93
2,1,7,1235689.0,0.1,0,1,13,21,174.2,223.6,1,1,1,2,1,0,0,34,0,0.0,271.8,126.0,397.8,0.0,0.0,271.8,126.0,397.8,1.0,0,1,26 60 3 52 65 42 40 92 76 54 14 55 9,50 1 48 34 100 51 47 74 24 32 87 77 12 82 64 10 71 66 29 8 75
2,1,7,1235689.0,0.1,0,2,13,6,174.2,85.5,1,1,1,1,0,1,0,19,5,0.2631578947368421,178.0,81.7,259.7,72.2,0.27801309202926455,132.7,54.8,187.5,0.7219869079707355,1,4,26 60 3 52 65 42 40 92 76 54 14 55 9,13 20 21 30 84 88
2,1,7,1235689.0,0.1,0,3,13,6,174.2,59.9,1,0,0,1,0,1,0,19,6,0.3157894736842105,160.4,73.7,234.1,59.900000000000006,0.25587355830841524,124.6,49.6,174.2,0.7441264416915848,1,16,26 60 3 52 65 42 40 92 76 54 14 55 9,18 17 43 37 68 2
2,1,7,1235689.0,0.1,0,4,13,17,174.2,165.1,1,1,1,2,1,0,0,30,7,0.23333333333333334,235.1,104.2,339.29999999999995,49.7,0.1464780430297672,199.8,89.8,289.59999999999997,0.8535219569702328,0,8,26 60 3 52 65 42 40 92 76 54 14 55 9,91 33 90 36 45 27 97 44 98 95 99 41 69 7 16 81 35
2,1,7,1235689.0,0.1,0,5,13,16,174.2,220.5,1,1,1,2,1,0,0,29,3,0.10344827586206896,270.8,123.9,394.7,24.900000000000006,0.06308588801621487,255.6,114.2,369.79999999999995,0.936914111983785,0,4,26 60 3 52 65 42 40 92 76 54 14 55 9,25 63 73 57 39 79 23 11 70 19 83 53 22 96 67 62
2,1,7,1235689.0,0.1,0,6,13,21,174.2,210.10000000000002,1,1,1,2,1,0,0,34,5,0.14705882352941177,259.9,124.4,384.29999999999995,41.1,0.10694769711163156,234.0,109.2,343.19999999999993,0.8930523028883683,0,8,26 60 3 52 65 42 40 92 76 54 14 55 9,61 49 15 46 93 78 31 56 58 28 94 4 38 5 6 86 80 59 85 72 89
2,1,7,1235689.0,0.1,1,2,21,6,223.6,85.5,1,1,1,1,0,1,0,27,6,0.2222222222222222,200.6,108.5,309.09999999999997,85.5,0.2766095114849564,147.2,76.4,223.59999999999997,0.7233904885150436,1,8,50 1 48 34 100 51 47 74 24 32 87 77 12 82 64 10 71 66 29 8 75,13 20 21 30 84 88
2,1,7,1235689.0,0.1,1,3,21,6,223.6,59.9,1,0,0,1,0,1,0,27,6,0.2222222222222222,183.0,100.5,283.49999999999994,59.900000000000006,0.21128747795414468,147.2,76.4,223.59999999999994,0.7887125220458553,1,16,50 1 48 34 100 51 47 74 24 32 87 77 12 82 64 10 71 66 29 8 75,18 17 43 37 68 2
2,1,7,1235689.0,0.1,1,4,21,17,223.6,165.1,1,1,1,2,1,0,0,38,8,0.21052631578947367,257.7,131.0,388.70000000000005,83.70000000000002,0.21533316182145615,201.8,103.2,305.0,0.7846668381785438,0,8,50 1 48 34 100 51 47 74 24 32 87 77 12 82 64 10 71 66 29 8 75,91 33 90 36 45 27 97 44 98 95 99 41 69 7 16 81 35
2,1,7,1235689.0,0.1,1,5,21,16,223.6,220.5,1,1,1,2,1,0,0,37,4,0.10810810810810811,293.4,150.7,444.1,42.70000000000002,0.09614951587480301,268.3,133.1,401.4,0.903850484125197,0,4,50 1 48 34 100 51 47 74 24 32 87 77 12 82 64 10 71 66 29 8 75,25 63 73 57 39 79 23 11 70 19 83 53 22 96 67 62
2,1,7,1235689.0,0.1,1,6,21,21,223.6,210.10000000000002,1,1,1,2,1,0,0,42,5,0.11904761904761904,282.5,151.2,433.69999999999993,58.6,0.13511643993543926,247.0,128.1,375.0999999999999,0.8648835600645607,0,8,50 1 48 34 100 51 47 74 24 32 87 77 12 82 64 10 71 66 29 8 75,61 49 15 46 93 78 31 56 58 28 94 4 38 5 6 86 80 59 85 72 89
2,1,7,1235689.0,0.1,2,3,6,6,85.5,59.9,1,0,0,1,0,1,0,12,8,0.6666666666666666,89.2,56.2,145.4,113.8,0.7826685006877578,19.6,12.0,31.60000000000001,0.21733149931224213,1,1,13 20 21 30 84 88,18 17 43 37 68 2
2,1,7,1235689.0,0.1,2,4,6,17,85.5,165.1,1,1,1,1,0,1,0,23,6,0.2608695652173913,163.9,86.7,250.60000000000002,64.9,0.2589784517158819,125.4,60.3,185.70000000000002,0.7410215482841181,1,8,13 20 21 30 84 88,91 33 90 36 45 27 97 44 98 95 99 41 69 7 16 81 35
2,1,7,1235689.0,0.1,2,5,6,16,85.5,220.5,1,1,1,1,0,1,0,22,9,0.4090909090909091,199.6,106.4,306.0,110.4,0.3607843137254902,131.0,64.6,195.6,0.6392156862745098,1,16,13 20 21 30 84 88,25 63 73 57 39 79 23 11 70 19 83 53 22 96 67 62
2,1,7,1235689.0,0.1,2,6,6,21,85.5,210.10000000000002,1,1,1,1,0,1,0,27,8,0.2962962962962963,188.7,106.9,295.59999999999997,94.4,0.31935047361299057,130.0,71.2,201.19999999999996,0.6806495263870094,1,16,13 20 21 30 84 88,61 49 15 46 93 78 31 56 58 28 94 4 38 5 6 86 80 59 85 72 89
2,1,7,1235689.0,0.1,3,4,6,17,59.9,165.1,0,1,0,1,0,1,0,23,9,0.391304347826087,146.3,78.7,225.0,95.20000000000002,0.42311111111111116,87.6,42.2,129.79999999999998,0.5768888888888888,1,1,18 17 43 37 68 2,91 33 90 36 45 27 97 44 98 95 99 41 69 7 16 81 35
2,1,7,1235689.0,0.1,3,5,6,16,59.9,220.5,0,1,0,1,0,1,0,22,10,0.45454545454545453,182.0,98.4,280.4,105.2,0.37517831669044227,117.3,57.9,175.2,0.6248216833095578,1,32,18 17 43 37 68 2,25 63 73 57 39 79 23 11 70 19 83 53 22 96 67 62
2,1,7,1235689.0,0.1,3,6,6,21,59.9,210.10000000000002,0,1,0,1,0,1,0,27,10,0.37037037037037035,171.1,98.9,270.0,96.80000000000001,0.35851851851851857,112.6,60.6,173.2,0.6414814814814814,1,32,18 17 43 37 68 2,61 49 15 46 93 78 31 56 58 28 94 4 38 5 6 86 80 59 85 72 89
2,1,7,1235689.0,0.1,4,5,17,16,165.1,220.5,1,1,1,2,1,0,0,33,10,0.30303030303030304,256.7,128.9,385.6,91.7,0.23781120331950206,198.9,95.0,293.90000000000003,0.762188796680498,0,16,91 33 90 36 45 27 97 44 98 95 99 41 69 7 16 81 35,25 63 73 57 39 79 23 11 70 19 83 53 22 96 67 62
2,1,7,1235689.0,0.1,4,6,17,21,165.1,210.10000000000002,1,1,1,2,1,0,0,38,9,0.23684210526315788,245.8,129.4,375.2,75.5,0.20122601279317698,198.3,101.4,299.7,0.798773987206823,0,16,91 33 90 36 45 27 97 44 98 95 99 41 69 7 16 81 35,61 49 15 46 93 78 31 56 58 28 94 4 38 5 6 86 80 59 85 72 89
2,1,7,1235689.0,0.1,5,6,16,21,220.5,210.10000000000002,1,1,1,2,1,0,0,37,6,0.16216216216216217,281.5,149.1,430.6,55.800000000000026,0.12958662331630288,247.4,127.4,374.8,0.8704133766836971,0,8,25 63 73 57 39 79 23 11 70 19 83 53 22 96 67 62,61 49 15 46 93 78 31 56 58 28 94 4 38 5 6 86 80 59 85 72 89
3,1,8,1279890.0,0.1,0,1,18,23,225.4,227.39999999999998,1,1,1,2,1,0,0,41,3,0.07317073170731707,296.7,156.1,452.8,26.8,0.05918727915194346,280.6,145.4,426.0,0.9408127208480566,0,12,93 78 31 58 28 94 4 38 5 19 70 11 23 79 39 57 63 73,72 46 56 1 48 34 100 51 47 74 24 82 64 12 32 87 77 10 71 66 29 8 75
3,1,8,1279890.0,0.1,0,2,18,13,225.4,161.0,1,1,1,2,1,0,0,31,5,0.16129032258064516,254.7,131.7,386.4,67.69999999999999,0.1752070393374741,211.0,107.7,318.7,0.8247929606625259,0,8,93 78 31 58 28 94 4 38 5 19 70 11 23 79 39 57 63 73,35 98 81 16 7 69 41 99 95 44 97 30 84
3,1,8,1279890.0,0.1,0,3,18,10,225.4,91.10000000000001,1,1,1,1,0,1,0,28,11,0.39285714285714285,203.8,112.7,316.49999999999994,110.70000000000002,0.34976303317535556,137.3,68.5,205.79999999999993,0.6502369668246444,1,32,93 78 31 58 28 94 4 38 5 19 70 11 23 79 39 57 63 73,21 36 45 27 88 43 17 37 68 2
3,1,8,1279890.0,0.1,0,4,18,14,225.4,194.6,1,1,1,2,1,0,0,32,1,0.03125,287.7,132.3,420.0,3.5999999999999943,0.008571428571428558,285.5,130.9,416.4,0.9914285714285713,0,2,93 78 31 58 28 94 4 38 5 19 70 11 23 79 39 57 63 73,26 60 3 52 65 42 40 92 76 54 14 55 9 25
3,1,8,1279890.0,0.1,0,5,18,12,225.4,138.5,1,1,1,2,1,0,0,30,4,0.13333333333333333,238.6,125.3,363.90000000000003,35.1,0.09645507007419621,216.8,112.0,328.8,0.9035449299258037,0,12,93 78 31 58 28 94 4 38 5 19 70 11 23 79 39 57 63 73,62 67 96 22 53 83 6 86 80 59 85 89
3,1,8,1279890.0,0.1,0,6,18,5,225.4,45.1,1,0,0,2,1,0,0,23,5,0.21739130434782608,182.7,87.8,270.5,42.89999999999999,0.1585951940850277,153.7,73.9,227.60000000000002,0.8414048059149724,0,8,93 78 31 58 28 94 4 38 5 19 70 11 23 79 39 57 63 73,50 90 33 91 15
3,1,8,1279890.0,0.1,0,7,18,5,225.4,55.800000000000004,1,0,0,1,0,1,0,23,7,0.30434782608695654,185.2,96.0,281.2,77.89999999999999,0.27702702702702703,135.8,67.5,203.3,0.722972972972973,1,32,93 78 31 58 28 94 4 38 5 19 70 11 23 79 39 57 63 73,13 20 49 61 18
3,1,8,1279890.0,0.1,1,2,23,13,227.39999999999998,161.0,1,1,1,2,1,0,0,36,7,0.19444444444444445,252.6,135.8,388.4,70.5,0.18151390319258498,206.5,111.4,317.9,0.818486096807415,0,16,72 46 56 1 48 34 100 51 47 74 24 82 64 12 32 87 77 10 71 66 29 8 75,35 98 81 16 7 69 41 99 95 44 97 30 84
3,1,8,1279890.0,0.1,1,3,23,10,227.39999999999998,91.10000000000001,1,1,1,1,0,1,0,33,12,0.36363636363636365,201.7,116.8,318.5,99.40000000000002,0.31208791208791214,142.6,76.5,219.09999999999997,0.6879120879120878,1,32,72 46 56 1 48 34 100 51 47 74 24 82 64 12 32 87 77 10 71 66 29 8 75,21 36 45 27 88 43 17 37 68 2
3,1,8,1279890.0,0.1,1,4,23,14,227.39999999999998,194.6,1,1,1,2,1,0,0,37,2,0.05405405405405406,285.6,136.4,421.99999999999994,8.3,0.019668246445497636,280.9,132.8,413.69999999999993,0.9803317535545023,0,6,72 46 56 1 48 34 100 51 47 74 24 82 64 12 32 87 77 10 71 66 29 8 75,26 60 3 52 65 42 40 92 76 54 14 55 9 25
3,1,8,1279890.0,0.1,1,5,23,12,227.39999999999998,138.5,1,1,1,2,1,0,0,35,5,0.14285714285714285,236.5,129.4,365.90000000000003,39.80000000000001,0.10877288876742282,212.2,113.9,326.1,0.8912271112325771,0,8,72 46 56 1 48 34 100 51 47 74 24 82 64 12 32 87 77 10 71 66 29 8 75,62 67 96 22 53 83 6 86 80 59 85 89
3,1,8,1279890.0,0.1,1,6,23,5,227.39999999999998,45.1,1,0,0,2,1,0,0,28,5,0.17857142857142858,180.6,91.9,272.5,37.2,0.13651376146788993,154.4,80.9,235.3,0.8634862385321102,0,8,72 46 56 1 48 34 100 51 47 74 24 82 64 12 32 87 77 10 71 66 29 8 75,50 90 33 91 15
3,1,8,1279890.0,0.1,1,7,23,5,227.39999999999998,55.800000000000004,1,0,0,1,0,1,0,28,7,0.25,183.1,100.1,283.2,64.1,0.2263418079096045,142.6,76.5,219.1,0.7736581920903955,1,32,72 46 56 1 48 34 100 51 47 74 24 82 64 12 32 87 77 10 71 66 29 8 75,13 20 49 61 18
3,1,8,1279890.0,0.1,2,3,13,10,161.0,91.10000000000001,1,1,1,1,0,1,0,23,6,0.2608695652173913,159.7,92.4,252.09999999999997,46.70000000000001,0.18524395081316944,130.6,74.8,205.39999999999995,0.8147560491868305,1,16,35 98 81 16 7 69 41 99 95 44 97 30 84,21 36 45 27 88 43 17 37 68 2
3,1,8,1279890.0,0.1,2,4,13,14,161.0,194.6,1,1,1,2,1,0,0,27,4,0.14814814814814814,243.6,112.0,355.59999999999997,49.099999999999994,0.13807649043869516,211.0,95.5,306.5,0.8619235095613049,0,4,35 98 81 16 7 69 41 99 95 44 97 30 84,26 60 3 52 65 42 40 92 76 54 14 55 9 25
3,1,8,1279890.0,0.1,2,5,13,12,161.0,138.5,1,1,1,1,0,1,0,25,7,0.28,194.5,105.0,299.5,80.6,0.2691151919866444,142.3,76.6,218.9,0.7308848080133556,1,16,35 98 81 16 7 69 41 99 95 44 97 30 84,62 67 96 22 53 83 6 86 80 59 85 89
3,1,8,1279890.0,0.1,2,6,13,5,161.0,45.1,1,0,0,1,0,1,0,18,6,0.3333333333333333,138.6,67.5,206.10000000000002,65.69999999999999,0.3187772925764191,94.7,45.7,140.40000000000003,0.6812227074235809,1,1,35 98 81 16 7 69 41 99 95 44 97 30 84,50 90 33 91 15
3,1,8,1279890.0,0.1,2,7,13,5,161.0,55.800000000000004,1,0,0,1,0,1,0,18,7,0.3888888888888889,141.1,75.7,216.80000000000004,81.6,0.3763837638376383,86.7,48.5,135.20000000000005,0.6236162361623617,1,1,35 98 81 16 7 69 41 99 95 44 97 30 84,13 20 49 61 18
3,1,8,1279890.0,0.1,3,4,10,14,91.10000000000001,194.6,1,1,1,1,0,1,0,24,10,0.4166666666666667,192.7,93.0,285.7,91.10000000000002,0.31886594329716494,138.3,56.3,194.59999999999997,0.681134056702835,1,16,21 36 45 27 88 43 17 37 68 2,26 60 3 52 65 42 40 92 76 54 14 55 9 25
3,1,8,1279890.0,0.1,3,5,10,12,91.10000000000001,138.5,1,1,1,1,0,1,0,22,11,0.5,143.6,86.0,229.60000000000002,116.80000000000004,0.5087108013937284,73.2,39.6,112.79999999999998,0.4912891986062716,1,1,21 36 45 27 88 43 17 37 68 2,62 67 96 22 53 83 6 86 80 59 85 89
3,1,8,1279890.0,0.1,3,6,10,5,91.10000000000001,45.1,1,0,0,1,0,1,0,15,9,0.6,87.7,48.5,136.2,99.30000000000003,0.7290748898678416,27.5,9.4,36.89999999999996,0.27092511013215836,1,1,21 36 45 27 88 43 17 37 68 2,50 90 33 91 15
3,1,8,1279890.0,0.1,3,7,10,5,91.10000000000001,55.800000000000004,1,0,0,1,0,1,0,15,10,0.6666666666666666,90.2,56.7,146.9,107.80000000000003,0.7338325391422738,23.2,15.9,39.09999999999998,0.2661674608577262,1,1,21 36 45 27 88 43 17 37 68 2,13 20 49 61 18
3,1,8,1279890.0,0.1,4,5,14,12,194.6,138.5,1,1,1,2,1,0,0,26,2,0.07692307692307693,227.5,105.6,333.09999999999997,13.700000000000006,0.0411287901531072,217.8,101.6,319.4,0.9588712098468929,0,6,26 60 3 52 65 42 40 92 76 54 14 55 9 25,62 67 96 22 53 83 6 86 80 59 85 89
3,1,8,1279890.0,0.1,4,6,14,5,194.6,45.1,1,0,0,2,1,0,0,19,3,0.15789473684210525,171.6,68.1,239.7,20.800000000000004,0.08677513558614937,156.2,62.7,218.89999999999998,0.9132248644138506,0,4,26 60 3 52 65 42 40 92 76 54 14 55 9 25,50 90 33 91 15
3,1,8,1279890.0,0.1,4,7,14,5,194.6,55.800000000000004,1,0,0,1,0,1,0,19,5,0.2631578947368421,174.1,76.3,250.4,55.8,0.2228434504792332,138.3,56.3,194.60000000000002,0.7771565495207668,1,8,26 60 3 52 65 42 40 92 76 54 14 55 9 25,13 20 49 61 18
3,1,8,1279890.0,0.1,5,6,12,5,138.5,45.1,1,0,0,1,0,1,0,17,5,0.29411764705882354,122.5,61.1,183.60000000000002,44.1,0.24019607843137253,93.9,45.6,139.50000000000003,0.7598039215686275,1,1,62 67 96 22 53 83 6 86 80 59 85 89,50 90 33 91 15
3,1,8,1279890.0,0.1,5,7,12,5,138.5,55.800000000000004,1,0,0,1,0,1,0,17,7,0.4117647058823529,125.0,69.3,194.3,79.1,0.4071024189397838,76.0,39.2,115.20000000000002,0.5928975810602162,1,1,62 67 96 22 53 83 6 86 80 59 85 89,13 20 49 61 18
3,1,8,1279890.0,0.1,6,7,5,5,45.1,55.800000000000004,0,0,0,1,0,1,0,10,6,0.6,69.1,31.8,100.9,58.6,0.5807730426164519,30.9,11.4,42.300000000000004,0.4192269573835481,1,1,50 90 33 91 15,13 20 49 61 18
4,2,7,1245950.0,0.1,0,1,18,7,191.39999999999998,81.60000000000001,1,1,1,2,1,0,0,25,6,0.24,172.6,100.4,272.99999999999994,33.8,0.12380952380952383,151.2,88.0,239.19999999999993,0.8761904761904761,0,8,61 21 36 45 27 30 84 97 44 95 99 41 7 69 16 81 98 35,18 88 43 17 37 68 2
4,2,7,1245950.0,0.1,0,2,18,14,191.39999999999998,194.6,1,1,1,2,1,0,0,32,3,0.09375,262.4,123.6,386.0,29.6,0.0766839378238342,243.4,113.0,356.4,0.9233160621761658,0,8,61 21 36 45 27 30 84 97 44 95 99 41 7 69 16 81 98 35,25 9 55 14 54 76 92 40 42 65 52 3 60 26
4,2,7,1245950.0,0.1,0,3,18,23,191.39999999999998,227.40000000000003,1,1,1,2,1,0,0,41,6,0.14634146341463414,271.4,147.4,418.79999999999995,46.5,0.11103151862464185,241.9,130.4,372.29999999999995,0.8889684813753581,0,16,61 21 36 45 27 30 84 97 44 95 99 41 7 69 16 81 98 35,75 8 29 66 71 10 64 82 12 77 87 32 24 74 47 51 34 100 48 1 56 46 72
4,2,7,1245950.0,0.1,0,4,18,8,191.39999999999998,80.0,1,1,1,2,1,0,0,26,5,0.19230769230769232,180.3,91.1,271.40000000000003,36.699999999999996,0.13522476050110535,156.7,78.0,234.70000000000005,0.8647752394988947,0,8,61 21 36 45 27 30 84 97 44 95 99 41 7 69 16 81 98 35,13 20 49 15 91 33 90 50
4,2,7,1245950.0,0.1,0,5,18,12,191.39999999999998,138.5,1,1,1,2,1,0,0,30,4,0.13333333333333333,213.3,116.6,329.9,50.099999999999994,0.15186420127311306,181.6,98.2,279.79999999999995,0.8481357987268868,0,16,61 21 36 45 27 30 84 97 44 95 99 41 7 69 16 81 98 35,89 85 59 67 96 80 86 6 83 53 22 62
4,2,7,1245950.0,0.1,0,6,18,18,191.39999999999998,225.4,1,1,1,2,1,0,0,36,4,0.1111111111111111,273.5,143.3,416.8,48.1,0.11540307101727447,243.1,125.6,368.7,0.8845969289827255,0,16,61 21 36 45 27 30 84 97 44 95 99 41 7 69 16 81 98 35,93 78 31 58 28 94 4 38 5 19 70 11 23 39 79 57 63 73
4,2,7,1245950.0,0.1,1,2,7,14,81.60000000000001,194.6,1,1,1,2,1,0,0,21,5,0.23809523809523808,186.8,89.4,276.2,44.5,0.1611151339608979,160.5,71.2,231.7,0.8388848660391021,0,8,18 88 43 17 37 68 2,25 9 55 14 54 76 92 40 42 65 52 3 60 26
4,2,7,1245950.0,0.1,1,3,7,23,81.60000000000001,227.40000000000003,1,1,1,2,1,0,0,30,7,0.23333333333333334,195.8,113.2,308.9999999999999,62.30000000000001,0.20161812297734638,158.6,88.1,246.69999999999987,0.7983818770226536,0,16,18 88 43 17 37 68 2,75 8 29 66 71 10 64 82 12 77 87 32 24 74 47 51 34 100 48 1 56 46 72
4,2,7,1245950.0,0.1,1,4,7,8,81.60000000000001,80.0,1,1,1,1,0,1,0,15,6,0.4,104.7,56.9,161.6,55.70000000000002,0.3446782178217823,68.3,37.6,105.89999999999998,0.6553217821782177,1,1,18 88 43 17 37 68 2,13 20 49 15 91 33 90 50
4,2,7,1245950.0,0.1,1,5,7,12,81.60000000000001,138.5,1,1,1,1,0,1,0,19,7,0.3684210526315789,137.7,82.4,220.10000000000002,68.70000000000002,0.31213084961381193,96.0,55.4,151.4,0.687869150386188,1,1,18 88 43 17 37 68 2,89 85 59 67 96 80 86 6 83 53 22 62
4,2,7,1245950.0,0.1,1,6,7,18,81.60000000000001,225.4,1,1,1,2,1,0,0,25,7,0.28,197.9,109.1,307.0,66.6,0.21693811074918565,158.0,82.4,240.4,0.7830618892508143,0,16,18 88 43 17 37 68 2,93 78 31 58 28 94 4 38 5 19 70 11 23 39 79 57 63 73
4,2,7,1245950.0,0.1,2,3,14,23,194.6,227.40000000000003,1,1,1,2,1,0,0,37,2,0.05405405405405406,285.6,136.4,421.9999999999999,8.300000000000011,0.019668246445497663,280.9,132.8,413.6999999999999,0.9803317535545023,0,7,25 9 55 14 54 76 92 40 42 65 52 3 60 26,75 8 29 66 71 10 64 82 12 77 87 32 24 74 47 51 34 100 48 1 56 46 72
4,2,7,1245950.0,0.1,2,4,14,8,194.6,80.0,1,1,1,2,1,0,0,22,4,0.18181818181818182,194.5,80.1,274.6,37.7,0.13729060451565914,169.2,67.7,236.90000000000003,0.8627093954843409,0,4,25 9 55 14 54 76 92 40 42 65 52 3 60 26,13 20 49 15 91 33 90 50
4,2,7,1245950.0,0.1,2,5,14,12,194.6,138.5,1,1,1,2,1,0,0,26,3,0.11538461538461539,227.5,105.6,333.09999999999997,34.20000000000001,0.1026718703092165,206.2,92.7,298.9,0.8973281296907836,0,8,25 9 55 14 54 76 92 40 42 65 52 3 60 26,89 85 59 67 96 80 86 6 83 53 22 62
4,2,7,1245950.0,0.1,2,6,14,18,194.6,225.4,1,1,1,2,1,0,0,32,1,0.03125,287.7,132.3,420.0,3.5999999999999943,0.008571428571428558,285.5,130.9,416.4,0.9914285714285713,0,2,25 9 55 14 54 76 92 40 42 65 52 3 60 26,93 78 31 58 28 94 4 38 5 19 70 11 23 39 79 57 63 73
4,2,7,1245950.0,0.1,3,4,23,8,227.40000000000003,80.0,1,1,1,2,1,0,0,31,6,0.1935483870967742,203.5,103.9,307.40000000000003,51.5,0.1675341574495771,166.7,89.2,255.90000000000003,0.8324658425504229,0,8,75 8 29 66 71 10 64 82 12 77 87 32 24 74 47 51 34 100 48 1 56 46 72,13 20 49 15 91 33 90 50
4,2,7,1245950.0,0.1,3,5,23,12,227.40000000000003,138.5,1,1,1,2,1,0,0,35,5,0.14285714285714285,236.5,129.4,365.9,57.500000000000014,0.1571467614102214,202.2,106.2,308.4,0.8428532385897786,0,8,75 8 29 66 71 10 64 82 12 77 87 32 24 74 47 51 34 100 48 1 56 46 72,89 85 59 67 96 80 86 6 83 53 22 62
4,2,7,1245950.0,0.1,3,6,23,18,227.40000000000003,225.4,1,1,1,2,1,0,0,41,3,0.07317073170731707,296.7,156.1,452.79999999999995,26.80000000000001,0.059187279151943495,280.6,145.4,425.99999999999994,0.9408127208480566,0,14,75 8 29 66 71 10 64 82 12 77 87 32 24 74 47 51 34 100 48 1 56 46 72,93 78 31 58 28 94 4 38 5 19 70 11 23 39 79 57 63 73
4,2,7,1245950.0,0.1,4,5,8,12,80.0,138.5,1,1,1,1,0,1,0,20,5,0.25,145.4,73.1,218.5,58.90000000000002,0.26956521739130446,108.0,51.6,159.59999999999997,0.7304347826086955,1,1,13 20 49 15 91 33 90 50,89 85 59 67 96 80 86 6 83 53 22 62
4,2,7,1245950.0,0.1,4,6,8,18,80.0,225.4,1,1,1,2,1,0,0,26,5,0.19230769230769232,205.6,99.8,305.4,57.7,0.18893254747871646,167.8,79.9,247.7,0.8110674525212835,0,8,13 20 49 15 91 33 90 50,93 78 31 58 28 94 4 38 5 19 70 11 23 39 79 57 63 73
4,2,7,1245950.0,0.1,5,6,12,18,138.5,225.4,1,1,1,2,1,0,0,30,4,0.13333333333333333,238.6,125.3,363.90000000000003,53.49999999999999,0.14701841165155258,205.3,105.1,310.40000000000003,0.8529815883484474,0,16,89 85 59 67 96 80 86 6 83 53 22 62,93 78 31 58 28 94 4 38 5 19 70 11 23 39 79 57 63 73
5,2,8,1261484.0,0.1,0,1,6,8,59.900000000000006,72.5,0,0,0,1,0,1,0,14,12,0.8571428571428571,85.3,47.1,132.4,112.80000000000001,0.851963746223565,12.7,6.9,19.599999999999994,0.148036253776435,1,1,2 68 37 43 17 18,61 20 15 91 33 90 36 21
5,2,8,1261484.0,0.1,0,2,6,12,59.900000000000006,149.0,0,1,0,1,0,1,0,18,9,0.5,133.5,75.4,208.9,96.10000000000001,0.46002872187649596,75.0,37.8,112.8,0.5399712781235041,1,1,2 68 37 43 17 18,89 85 59 80 86 6 5 4 38 31 78 50
5,2,8,1261484.0,0.1,0,3,6,15,59.900000000000006,181.70000000000002,0,1,0,1,0,1,0,21,6,0.2857142857142857,155.8,85.8,241.6,92.2,0.3816225165562914,98.7,50.7,149.39999999999998,0.6183774834437086,1,32,2 68 37 43 17 18,35 98 41 81 7 69 16 29 66 71 8 99 95 97 44
5,2,8,1261484.0,0.1,0,4,6,5,59.900000000000006,54.900000000000006,0,0,0,0,0,1,1,11,11,1.0,69.6,45.2,114.80000000000001,114.80000000000001,1.0,0.0,0.0,0.0,0.0,1,0,2 68 37 43 17 18,45 27 30 84 88
5,2,8,1261484.0,0.1,0,5,6,25,59.900000000000006,226.2,0,1,0,1,0,1,0,31,13,0.41935483870967744,181.2,104.9,286.1,103.40000000000002,0.36141209367354077,118.2,64.5,182.7,0.6385879063264592,1,64,2 68 37 43 17 18,72 46 93 94 28 58 56 1 51 34 100 48 47 74 24 32 87 77 12 82 64 10 75 49 13
5,2,8,1261484.0,0.1,0,6,6,16,59.900000000000006,220.5,0,1,0,1,0,1,0,22,12,0.5454545454545454,182.0,98.4,280.4,116.80000000000001,0.4165477888730386,108.6,55.0,163.59999999999997,0.5834522111269614,1,64,2 68 37 43 17 18,25 63 73 57 79 39 23 11 19 70 83 53 22 96 67 62
5,2,8,1261484.0,0.1,0,7,6,13,59.900000000000006,174.2,0,1,0,1,0,1,0,19,6,0.3157894736842105,160.4,73.7,234.09999999999997,59.900000000000006,0.2558735583084153,124.6,49.6,174.19999999999996,0.7441264416915847,1,32,2 68 37 43 17 18,9 55 14 54 76 92 40 42 65 52 3 60 26
5,2,8,1261484.0,0.1,1,2,8,12,72.5,149.0,0,1,0,1,0,1,0,20,7,0.35,147.2,74.3,221.5,79.7,0.3598194130925508,96.0,45.8,141.8,0.6401805869074493,1,1,61 20 15 91 33 90 36 21,89 85 59 80 86 6 5 4 38 31 78 50
5,2,8,1261484.0,0.1,1,3,8,15,72.5,181.70000000000002,0,1,0,1,0,1,0,23,7,0.30434782608695654,169.5,84.7,254.2,69.6,0.2738001573564123,125.7,58.9,184.6,0.7261998426435877,1,16,61 20 15 91 33 90 36 21,35 98 41 81 7 69 16 29 66 71 8 99 95 97 44
5,2,8,1261484.0,0.1,1,4,8,5,72.5,54.900000000000006,0,0,0,1,0,1,0,13,10,0.7692307692307693,83.3,44.1,127.4,99.4,0.7802197802197802,19.4,8.6,28.0,0.21978021978021978,1,1,61 20 15 91 33 90 36 21,45 27 30 84 88
5,2,8,1261484.0,0.1,1,5,8,25,72.5,226.2,0,1,0,1,0,1,0,33,9,0.2727272727272727,194.9,103.8,298.7,94.40000000000003,0.3160361566789422,132.4,71.9,204.29999999999995,0.6839638433210578,1,32,61 20 15 91 33 90 36 21,72 46 93 94 28 58 56 1 51 34 100 48 47 74 24 32 87 77 12 82 64 10 75 49 13
5,2,8,1261484.0,0.1,1,6,8,16,72.5,220.5,0,1,0,1,0,1,0,24,10,0.4166666666666667,195.7,97.3,293.0,107.70000000000002,0.36757679180887376,123.7,61.6,185.29999999999998,0.6324232081911262,1,32,61 20 15 91 33 90 36 21,25 63 73 57 79 39 23 11 19 70 83 53 22 96 67 62
5,2,8,1261484.0,0.1,1,7,8,13,72.5,174.2,0,1,0,1,0,1,0,21,8,0.38095238095238093,174.1,72.6,246.7,72.5,0.2938792055127686,124.6,49.6,174.2,0.7061207944872314,1,16,61 20 15 91 33 90 36 21,9 55 14 54 76 92 40 42 65 52 3 60 26
5,2,8,1261484.0,0.1,2,3,12,15,149.0,181.70000000000002,1,1,1,2,1,0,0,27,5,0.18518518518518517,217.7,113.0,330.7,65.5,0.19806471121862715,175.0,90.2,265.2,0.8019352887813729,0,32,89 85 59 80 86 6 5 4 38 31 78 50,35 98 41 81 7 69 16 29 66 71 8 99 95 97 44
5,2,8,1261484.0,0.1,2,4,12,5,149.0,54.900000000000006,1,0,0,1,0,1,0,17,7,0.4117647058823529,131.5,72.4,203.89999999999998,87.80000000000001,0.430603236880824,77.1,39.0,116.09999999999997,0.569396763119176,1,1,89 85 59 80 86 6 5 4 38 31 78 50,45 27 30 84 88
5,2,8,1261484.0,0.1,2,5,12,25,149.0,226.2,1,1,1,2,1,0,0,37,5,0.13513513513513514,243.1,132.1,375.20000000000005,57.90000000000002,0.15431769722814503,207.8,109.5,317.3,0.845682302771855,0,16,89 85 59 80 86 6 5 4 38 31 78 50,72 46 93 94 28 58 56 1 51 34 100 48 47 74 24 32 87 77 12 82 64 10 75 49 13
5,2,8,1261484.0,0.1,2,6,12,16,149.0,220.5,1,1,1,2,1,0,0,28,5,0.17857142857142858,243.9,125.6,369.5,56.80000000000002,0.15372124492557515,209.7,103.0,312.7,0.8462787550744248,0,16,89 85 59 80 86 6 5 4 38 31 78 50,25 63 73 57 79 39 23 11 19 70 83 53 22 96 67 62
5,2,8,1261484.0,0.1,2,7,12,13,149.0,174.2,1,1,1,2,1,0,0,25,3,0.12,222.3,100.9,323.19999999999993,36.199999999999996,0.11200495049504952,199.6,87.4,286.99999999999994,0.8879950495049505,0,12,89 85 59 80 86 6 5 4 38 31 78 50,9 55 14 54 76 92 40 42 65 52 3 60 26
5,2,8,1261484.0,0.1,3,4,15,5,181.70000000000002,54.900000000000006,1,0,0,1,0,1,0,20,6,0.3,153.8,82.8,236.59999999999997,63.599999999999994,0.2688081149619611,114.8,58.2,172.99999999999997,0.7311918850380389,1,16,35 98 41 81 7 69 16 29 66 71 8 99 95 97 44,45 27 30 84 88
5,2,8,1261484.0,0.1,3,5,15,25,181.70000000000002,226.2,1,1,1,2,1,0,0,40,6,0.15,265.4,142.5,407.9,73.90000000000002,0.1811718558470214,219.5,114.5,333.99999999999994,0.8188281441529786,0,32,35 98 41 81 7 69 16 29 66 71 8 99 95 97 44,72 46 93 94 28 58 56 1 51 34 100 48 47 74 24 32 87 77 12 82 64 10 75 49 13
5,2,8,1261484.0,0.1,3,6,15,16,181.70000000000002,220.5,1,1,1,2,1,0,0,31,6,0.1935483870967742,266.2,136.0,402.20000000000005,82.49999999999999,0.2051218299353555,210.7,109.0,319.70000000000005,0.7948781700646445,0,16,35 98 41 81 7 69 16 29 66 71 8 99 95 97 44,25 63 73 57 79 39 23 11 19 70 83 53 22 96 67 62
5,2,8,1261484.0,0.1,3,7,15,13,181.70000000000002,174.2,1,1,1,2,1,0,0,28,2,0.07142857142857142,244.6,111.3,355.8999999999999,24.200000000000003,0.06799662826636697,228.2,103.5,331.69999999999993,0.932003371733633,0,4,35 98 41 81 7 69 16 29 66 71 8 99 95 97 44,9 55 14 54 76 92 40 42 65 52 3 60 26
5,2,8,1261484.0,0.1,4,5,5,25,54.900000000000006,226.2,0,1,0,1,0,1,0,30,10,0.3333333333333333,179.2,101.9,281.1,92.30000000000003,0.328352899324084,122.2,66.6,188.8,0.671647100675916,1,32,45 27 30 84 88,72 46 93 94 28 58 56 1 51 34 100 48 47 74 24 32 87 77 12 82 64 10 75 49 13
5,2,8,1261484.0,0.1,4,6,5,16,54.900000000000006,220.5,0,1,0,1,0,1,0,21,10,0.47619047619047616,180.0,95.4,275.40000000000003,108.20000000000002,0.39288307915758897,110.8,56.4,167.20000000000002,0.607116920842411,1,32,45 27 30 84 88,25 63 73 57 79 39 23 11 19 70 83 53 22 96 67 62
5,2,8,1261484.0,0.1,4,7,5,13,54.900000000000006,174.2,0,1,0,1,0,1,0,18,5,0.2777777777777778,158.4,70.7,229.09999999999997,54.900000000000006,0.23963334788302057,124.6,49.6,174.19999999999996,0.7603666521169794,1,16,45 27 30 84 88,9 55 14 54 76 92 40 42 65 52 3 60 26
5,2,8,1261484.0,0.1,5,6,25,16,226.2,220.5,1,1,1,2,1,0,0,41,8,0.1951219512195122,291.6,155.1,446.7,76.30000000000004,0.17080814864562355,242.5,127.9,370.4,0.8291918513543766,0,16,72 46 93 94 28 58 56 1 51 34 100 48 47 74 24 32 87 77 12 82 64 10 75 49 13,25 63 73 57 79 39 23 11 19 70 83 53 22 96 67 62
5,2,8,1261484.0,0.1,5,7,25,13,226.2,174.2,1,1,1,2,1,0,0,38,7,0.18421052631578946,270.0,130.4,400.3999999999999,43.50000000000002,0.10864135864135871,242.8,114.1,356.8999999999999,0.8913586413586413,0,16,72 46 93 94 28 58 56 1 51 34 100 48 47 74 24 32 87 77 12 82 64 10 75 49 13,9 55 14 54 76 92 40 42 65 52 3 60 26
5,2,8,1261484.0,0.1,6,7,16,13,220.5,174.2,1,1,1,2,1,0,0,29,4,0.13793103448275862,270.8,123.9,394.69999999999993,36.29999999999998,0.09196858373448186,244.7,113.7,358.4,0.9080314162655182,0,4,25 63 73 57 79 39 23 11 19 70 83 53 22 96 67 62,9 55 14 54 76 92 40 42 65 52 3 60 26
6,3,7,1239200.0,0.1,0,1,13,14,123.89999999999999,213.90000000000003,1,1,1,2,1,0,0,27,2,0.07407407407407407,226.6,111.2,337.79999999999995,24.0,0.07104795737122559,210.7,103.1,313.79999999999995,0.9289520426287744,0,4,50 78 31 38 4 28 58 94 93 6 86 80 96,22 53 83 5 19 70 11 23 79 39 57 63 73 25
6,3,7,1239200.0,0.1,0,2,13,21,123.89999999999999,234.19999999999996,1,1,1,2,1,0,0,34,5,0.14705882352941177,233.8,124.3,358.09999999999997,52.09999999999998,0.14549008656799772,201.8,104.2,306.0,0.8545099134320023,0,16,50 78 31 38 4 28 58 94 93 6 86 80 96,18 88 84 30 45 27 97 44 95 99 41 69 7 16 81 98 35 43 17 37 68
6,3,7,1239200.0,0.1,0,3,13,14,123.89999999999999,189.6,1,1,1,2,1,0,0,27,2,0.07407407407407407,218.9,94.6,313.49999999999994,14.79999999999999,0.047208931419457714,208.7,90.0,298.69999999999993,0.9527910685805422,0,4,50 78 31 38 4 28 58 94 93 6 86 80 96,26 60 3 52 65 42 40 92 76 54 14 55 9 2
6,3,7,1239200.0,0.1,0,4,13,10,123.89999999999999,93.10000000000001,1,1,1,1,0,1,0,23,5,0.21739130434782608,146.6,70.4,217.0,39.5,0.18202764976958524,121.1,56.4,177.5,0.8179723502304147,1,1,50 78 31 38 4 28 58 94 93 6 86 80 96,13 15 91 33 90 36 21 20 49 61
6,3,7,1239200.0,0.1,0,5,13,5,123.89999999999999,56.800000000000004,1,0,0,1,0,1,0,18,3,0.16666666666666666,119.0,61.7,180.70000000000002,25.69999999999999,0.14222468179302705,100.7,54.3,155.00000000000003,0.857775318206973,1,1,50 78 31 38 4 28 58 94 93 6 86 80 96,62 67 59 85 89
6,3,7,1239200.0,0.1,0,6,13,23,123.89999999999999,227.40000000000003,1,1,1,2,1,0,0,36,2,0.05555555555555555,232.1,119.2,351.29999999999995,14.200000000000003,0.040421292342727025,222.5,114.6,337.09999999999997,0.959578707657273,0,8,50 78 31 38 4 28 58 94 93 6 86 80 96,75 8 29 66 71 10 64 82 12 77 87 32 24 74 47 51 34 100 48 1 56 46 72
6,3,7,1239200.0,0.1,1,2,14,21,213.90000000000003,234.19999999999996,1,1,1,2,1,0,0,35,7,0.2,290.8,157.3,448.09999999999997,69.79999999999998,0.15576880160678416,248.5,129.8,378.29999999999995,0.8442311983932158,0,16,22 53 83 5 19 70 11 23 79 39 57 63 73 25,18 88 84 30 45 27 97 44 95 99 41 69 7 16 81 98 35 43 17 37 68
6,3,7,1239200.0,0.1,1,3,14,14,213.90000000000003,189.6,1,1,1,2,1,0,0,28,3,0.10714285714285714,275.9,127.6,403.49999999999994,29.299999999999994,0.07261462205700123,255.1,119.1,374.19999999999993,0.9273853779429987,0,4,22 53 83 5 19 70 11 23 79 39 57 63 73 25,26 60 3 52 65 42 40 92 76 54 14 55 9 2
6,3,7,1239200.0,0.1,1,4,14,10,213.90000000000003,93.10000000000001,1,1,1,2,1,0,0,24,6,0.25,203.6,103.4,307.0,53.699999999999996,0.17491856677524428,166.5,86.8,253.3,0.8250814332247557,0,8,22 53 83 5 19 70 11 23 79 39 57 63 73 25,13 15 91 33 90 36 21 20 49 61
6,3,7,1239200.0,0.1,1,5,14,5,213.90000000000003,56.800000000000004,1,0,0,1,0,1,0,19,7,0.3684210526315789,176.0,94.7,270.7,80.80000000000001,0.29848540820096053,125.9,64.0,189.89999999999998,0.7015145917990395,1,16,22 53 83 5 19 70 11 23 79 39 57 63 73 25,62 67 59 85 89
6,3,7,1239200.0,0.1,1,6,14,23,213.90000000000003,227.40000000000003,1,1,1,2,1,0,0,37,4,0.10810810810810811,289.1,152.2,441.29999999999995,48.500000000000014,0.10990256061636079,255.4,137.4,392.79999999999995,0.8900974393836393,0,12,22 53 83 5 19 70 11 23 79 39 57 63 73 25,75 8 29 66 71 10 64 82 12 77 87 32 24 74 47 51 34 100 48 1 56 46 72
6,3,7,1239200.0,0.1,2,3,21,14,234.19999999999996,189.6,1,1,1,2,1,0,0,35,7,0.2,283.1,140.7,423.79999999999995,47.89999999999999,0.11302501179801792,253.4,122.5,375.9,0.8869749882019821,0,16,18 88 84 30 45 27 97 44 95 99 41 69 7 16 81 98 35 43 17 37 68,26 60 3 52 65 42 40 92 76 54 14 55 9 2
6,3,7,1239200.0,0.1,2,4,21,10,234.19999999999996,93.10000000000001,1,1,1,2,1,0,0,31,6,0.1935483870967742,210.8,116.5,327.3,75.29999999999998,0.23006416131988994,166.2,85.8,252.00000000000003,0.7699358386801101,0,16,18 88 84 30 45 27 97 44 95 99 41 69 7 16 81 98 35 43 17 37 68,13 15 91 33 90 36 21 20 49 61
6,3,7,1239200.0,0.1,2,5,21,5,234.19999999999996,56.800000000000004,1,0,0,1,0,1,0,26,11,0.4230769230769231,183.2,107.8,291.0,104.1,0.3577319587628866,120.5,66.4,186.9,0.6422680412371135,1,32,18 88 84 30 45 27 97 44 95 99 41 69 7 16 81 98 35 43 17 37 68,62 67 59 85 89
6,3,7,1239200.0,0.1,2,6,21,23,234.19999999999996,227.40000000000003,1,1,1,2,1,0,0,44,7,0.1590909090909091,296.3,165.3,461.59999999999997,73.4,0.15901213171577125,252.0,136.2,388.19999999999993,0.8409878682842287,0,39,18 88 84 30 45 27 97 44 95 99 41 69 7 16 81 98 35 43 17 37 68,75 8 29 66 71 10 64 82 12 77 87 32 24 74 47 51 34 100 48 1 56 46 72
6,3,7,1239200.0,0.1,3,4,14,10,189.6,93.10000000000001,1,1,1,2,1,0,0,24,5,0.20833333333333334,195.9,86.8,282.70000000000005,45.4,0.16059426954368586,165.5,71.8,237.30000000000004,0.8394057304563142,0,8,26 60 3 52 65 42 40 92 76 54 14 55 9 2,13 15 91 33 90 36 21 20 49 61
6,3,7,1239200.0,0.1,3,5,14,5,189.6,56.800000000000004,1,0,0,1,0,1,0,19,5,0.2631578947368421,168.3,78.1,246.4,56.800000000000004,0.23051948051948054,134.1,55.5,189.6,0.7694805194805194,1,16,26 60 3 52 65 42 40 92 76 54 14 55 9 2,62 67 59 85 89
6,3,7,1239200.0,0.1,3,6,14,23,189.6,227.40000000000003,1,1,1,2,1,0,0,37,3,0.08108108108108109,281.4,135.6,416.99999999999994,23.700000000000017,0.05683453237410077,267.2,126.1,393.29999999999995,0.9431654676258993,0,12,26 60 3 52 65 42 40 92 76 54 14 55 9 2,75 8 29 66 71 10 64 82 12 77 87 32 24 74 47 51 34 100 48 1 56 46 72
6,3,7,1239200.0,0.1,4,5,10,5,93.10000000000001,56.800000000000004,1,0,0,1,0,1,0,15,10,0.6666666666666666,96.0,53.9,149.9,96.30000000000001,0.6424282855236825,36.3,17.3,53.599999999999994,0.35757171447631747,1,1,13 15 91 33 90 36 21 20 49 61,62 67 59 85 89
6,3,7,1239200.0,0.1,4,6,10,23,93.10000000000001,227.40000000000003,1,1,1,2,1,0,0,33,6,0.18181818181818182,209.1,111.4,320.49999999999994,64.80000000000001,0.2021840873634946,165.1,90.6,255.69999999999993,0.7978159126365054,0,16,13 15 91 33 90 36 21 20 49 61,75 8 29 66 71 10 64 82 12 77 87 32 24 74 47 51 34 100 48 1 56 46 72
6,3,7,1239200.0,0.1,5,6,5,23,56.800000000000004,227.40000000000003,0,1,0,1,0,1,0,28,7,0.25,181.5,102.7,284.19999999999993,65.10000000000002,0.22906403940886713,142.6,76.5,219.0999999999999,0.7709359605911329,1,16,62 67 59 85 89,75 8 29 66 71 10 64 82 12 77 87 32 24 74 47 51 34 100 48 1 56 46 72
7,3,8,1262365.0,0.1,0,1,23,14,227.4,189.6,1,1,1,2,1,0,0,37,3,0.08108108108108109,281.4,135.6,417.0,23.700000000000006,0.05683453237410074,267.2,126.1,393.3,0.9431654676258993,0,22,72 46 56 1 48 100 34 51 47 74 24 32 87 77 12 82 64 10 71 66 29 8 75,26 60 3 52 65 42 40 92 76 54 14 55 9 2
7,3,8,1262365.0,0.1,0,2,23,11,227.4,107.5,1,1,1,2,1,0,0,34,4,0.11764705882352941,220.5,114.4,334.9,39.7,0.11854284861152585,196.1,99.1,295.2,0.8814571513884742,0,28,72 46 56 1 48 100 34 51 47 74 24 32 87 77 12 82 64 10 71 66 29 8 75,50 78 31 58 28 94 4 38 93 85 89
7,3,8,1262365.0,0.1,0,3,23,14,227.4,213.89999999999998,1,1,1,2,1,0,0,37,4,0.10810810810810811,289.1,152.2,441.3,43.7,0.09902560616360753,258.4,139.2,397.6,0.9009743938363926,0,24,72 46 56 1 48 100 34 51 47 74 24 32 87 77 12 82 64 10 71 66 29 8 75,25 63 73 57 39 79 23 11 70 19 5 83 53 22
7,3,8,1262365.0,0.1,0,4,23,15,227.4,169.3,1,1,1,2,1,0,0,38,5,0.13157894736842105,256.6,140.1,396.7,62.2,0.15679354676077642,220.5,114.0,334.5,0.8432064532392236,0,48,72 46 56 1 48 100 34 51 47 74 24 32 87 77 12 82 64 10 71 66 29 8 75,68 37 17 43 44 97 95 99 41 69 7 16 81 98 35
7,3,8,1262365.0,0.1,0,5,23,6,227.4,64.9,1,0,0,1,0,1,0,29,8,0.27586206896551724,187.0,105.3,292.29999999999995,73.2,0.2504276428327062,142.6,76.5,219.09999999999997,0.7495723571672939,1,64,72 46 56 1 48 100 34 51 47 74 24 32 87 77 12 82 64 10 71 66 29 8 75,18 88 84 30 27 45
7,3,8,1262365.0,0.1,0,6,23,7,227.4,73.2,1,0,0,2,1,0,0,30,5,0.16666666666666666,193.1,107.5,300.6,53.6,0.17831004657351962,160.6,86.4,247.00000000000003,0.8216899534264804,0,16,72 46 56 1 48 100 34 51 47 74 24 32 87 77 12 82 64 10 71 66 29 8 75,62 67 59 80 6 86 96
7,3,8,1262365.0,0.1,0,7,23,10,227.4,93.10000000000001,1,1,1,2,1,0,0,33,9,0.2727272727272727,209.1,111.4,320.5,82.10000000000002,0.2561622464898597,154.4,84.0,238.39999999999998,0.7438377535101404,0,64,72 46 56 1 48 100 34 51 47 74 24 32 87 77 12 82 64 10 71 66 29 8 75,13 20 49 21 36 90 33 91 15 61
7,3,8,1262365.0,0.1,1,2,14,11,189.6,107.5,1,1,1,2,1,0,0,25,4,0.16,207.3,89.8,297.09999999999997,49.80000000000001,0.16762032985526765,176.1,71.2,247.29999999999995,0.8323796701447324,0,24,26 60 3 52 65 42 40 92 76 54 14 55 9 2,50 78 31 58 28 94 4 38 93 85 89
7,3,8,1262365.0,0.1,1,3,14,14,189.6,213.89999999999998,1,1,1,2,1,0,0,28,3,0.10714285714285714,275.9,127.6,403.5,34.0,0.08426270136307311,251.9,117.6,369.5,0.9157372986369269,0,12,26 60 3 52 65 42 40 92 76 54 14 55 9 2,25 63 73 57 39 79 23 11 70 19 5 83 53 22
7,3,8,1262365.0,0.1,1,4,14,15,189.6,169.3,1,1,1,2,1,0,0,29,4,0.13793103448275862,243.4,115.5,358.9,47.2,0.1315129562552243,215.2,96.5,311.7,0.8684870437447757,0,8,26 60 3 52 65 42 40 92 76 54 14 55 9 2,68 37 17 43 44 97 95 99 41 69 7 16 81 98 35
7,3,8,1262365.0,0.1,1,5,14,6,189.6,64.9,1,0,0,1,0,1,0,20,7,0.35,173.8,80.7,254.49999999999997,80.30000000000001,0.31552062868369357,124.6,49.6,174.19999999999996,0.6844793713163064,1,32,26 60 3 52 65 42 40 92 76 54 14 55 9 2,18 88 84 30 27 45
7,3,8,1262365.0,0.1,1,6,14,7,189.6,73.2,1,0,0,1,0,1,0,21,6,0.2857142857142857,179.9,82.9,262.8,69.4,0.2640791476407915,137.7,55.7,193.4,0.7359208523592086,1,16,26 60 3 52 65 42 40 92 76 54 14 55 9 2,62 67 59 80 6 86 96
7,3,8,1262365.0,0.1,1,7,14,10,189.6,93.10000000000001,1,1,1,2,1,0,0,24,8,0.3333333333333333,195.9,86.8,282.70000000000005,68.20000000000002,0.24124513618677046,150.5,64.0,214.50000000000003,0.7587548638132295,0,32,26 60 3 52 65 42 40 92 76 54 14 55 9 2,13 20 49 21 36 90 33 91 15 61
7,3,8,1262365.0,0.1,2,3,11,14,107.5,213.89999999999998,1,1,1,2,1,0,0,25,4,0.16,215.0,106.4,321.4,55.4,0.17237087741132545,179.4,86.6,266.0,0.8276291225886746,0,24,50 78 31 58 28 94 4 38 93 85 89,25 63 73 57 39 79 23 11 70 19 5 83 53 22
7,3,8,1262365.0,0.1,2,4,11,15,107.5,169.3,1,1,1,1,0,1,0,26,6,0.23076923076923078,182.5,94.3,276.80000000000007,88.80000000000001,0.3208092485549133,128.9,59.1,188.00000000000006,0.6791907514450868,1,48,50 78 31 58 28 94 4 38 93 85 89,68 37 17 43 44 97 95 99 41 69 7 16 81 98 35
7,3,8,1262365.0,0.1,2,5,11,6,107.5,64.9,1,0,0,1,0,1,0,17,9,0.5294117647058824,112.9,59.5,172.4,99.30000000000001,0.5759860788863109,51.5,21.6,73.1,0.4240139211136891,1,1,50 78 31 58 28 94 4 38 93 85 89,18 88 84 30 27 45
7,3,8,1262365.0,0.1,2,6,11,7,107.5,73.2,1,0,0,1,0,1,0,18,3,0.16666666666666666,119.0,61.7,180.7,25.700000000000003,0.14222468179302714,100.7,54.3,155.0,0.857775318206973,1,1,50 78 31 58 28 94 4 38 93 85 89,62 67 59 80 6 86 96
7,3,8,1262365.0,0.1,2,7,11,10,107.5,93.10000000000001,1,1,1,1,0,1,0,21,10,0.47619047619047616,135.0,65.6,200.6,100.10000000000002,0.49900299102691936,69.4,31.1,100.49999999999997,0.5009970089730806,1,1,50 78 31 58 28 94 4 38 93 85 89,13 20 49 21 36 90 33 91 15 61
7,3,8,1262365.0,0.1,3,4,14,15,213.89999999999998,169.3,1,1,1,2,1,0,0,29,5,0.1724137931034483,251.1,132.1,383.2,72.5,0.18919624217119,205.2,105.5,310.7,0.81080375782881,0,32,25 63 73 57 39 79 23 11 70 19 5 83 53 22,68 37 17 43 44 97 95 99 41 69 7 16 81 98 35
7,3,8,1262365.0,0.1,3,5,14,6,213.89999999999998,64.9,1,0,0,1,0,1,0,20,9,0.45,181.5,97.3,278.8,103.9,0.37266857962697275,113.6,61.3,174.9,0.6273314203730272,1,64,25 63 73 57 39 79 23 11 70 19 5 83 53 22,18 88 84 30 27 45
7,3,8,1262365.0,0.1,3,6,14,7,213.89999999999998,73.2,1,0,0,1,0,1,0,21,5,0.23809523809523808,187.6,99.5,287.1,63.4,0.2208289794496691,148.8,74.9,223.70000000000002,0.7791710205503309,1,8,25 63 73 57 39 79 23 11 70 19 5 83 53 22,62 67 59 80 6 86 96
7,3,8,1262365.0,0.1,3,7,14,10,213.89999999999998,93.10000000000001,1,1,1,1,0,1,0,24,9,0.375,203.6,103.4,307.0,90.30000000000001,0.2941368078175896,140.3,76.4,216.7,0.7058631921824103,1,64,25 63 73 57 39 79 23 11 70 19 5 83 53 22,13 20 49 21 36 90 33 91 15 61
7,3,8,1262365.0,0.1,4,5,15,6,169.3,64.9,1,0,0,1,0,1,0,21,7,0.3333333333333333,149.0,85.2,234.2,69.0,0.2946199829205807,108.5,56.7,165.2,0.7053800170794193,1,1,68 37 17 43 44 97 95 99 41 69 7 16 81 98 35,18 88 84 30 27 45
7,3,8,1262365.0,0.1,4,6,15,7,169.3,73.2,1,0,0,1,0,1,0,22,8,0.36363636363636365,155.1,87.4,242.50000000000003,108.60000000000001,0.44783505154639175,90.1,43.8,133.90000000000003,0.5521649484536083,1,32,68 37 17 43 44 97 95 99 41 69 7 16 81 98 35,62 67 59 80 6 86 96
7,3,8,1262365.0,0.1,4,7,15,10,169.3,93.10000000000001,1,1,1,1,0,1,0,25,8,0.32,171.1,91.3,262.4,90.50000000000003,0.34489329268292696,114.7,57.2,171.89999999999995,0.655106707317073,1,32,68 37 17 43 44 97 95 99 41 69 7 16 81 98 35,13 20 49 21 36 90 33 91 15 61
7,3,8,1262365.0,0.1,5,6,6,7,64.9,73.2,0,0,0,1,0,1,0,13,11,0.8461538461538461,85.5,52.6,138.1,118.9,0.8609703113685736,13.1,6.1,19.19999999999999,0.13902968863142642,1,1,18 88 84 30 27 45,62 67 59 80 6 86 96
7,3,8,1262365.0,0.1,5,7,6,10,64.9,93.10000000000001,0,1,0,1,0,1,0,16,13,0.8125,101.5,56.5,158.0,123.10000000000002,0.7791139240506331,22.0,12.9,34.89999999999998,0.22088607594936693,1,1,18 88 84 30 27 45,13 20 49 21 36 90 33 91 15 61
7,3,8,1262365.0,0.1,6,7,7,10,73.2,93.10000000000001,0,1,0,1,0,1,0,17,11,0.6470588235294118,107.6,58.7,166.3,107.90000000000002,0.6488274203247144,39.2,19.2,58.39999999999999,0.35117257967528553,1,1,62 67 59 80 6 86 96,13 20 49 21 36 90 33 91 15 61
8,4,7,1229294.0,0.1,0,1,6,16,59.9,189.7,0,1,0,1,0,1,0,22,5,0.22727272727272727,158.5,91.1,249.60000000000002,53.7,0.21514423076923075,125.8,70.1,195.90000000000003,0.7848557692307693,1,16,18 17 43 37 68 2,88 84 30 45 27 97 95 99 41 7 69 16 81 98 35 44
8,4,7,1229294.0,0.1,0,2,6,15,59.9,216.70000000000005,0,1,0,1,0,1,0,21,7,0.3333333333333333,179.2,97.4,276.6,68.5,0.24765003615328993,137.0,71.1,208.10000000000002,0.75234996384671,1,16,18 17 43 37 68 2,62 22 53 83 5 19 70 11 23 39 79 57 63 73 25
8,4,7,1229294.0,0.1,0,3,6,5,59.9,47.400000000000006,0,0,0,1,0,1,0,11,9,0.8181818181818182,65.8,41.5,107.3,81.9,0.7632805219012117,15.1,10.3,25.39999999999999,0.23671947809878838,1,1,18 17 43 37 68 2,13 20 49 36 21
8,4,7,1229294.0,0.1,0,4,6,22,59.9,223.6,0,1,0,1,0,1,0,28,9,0.32142857142857145,185.0,98.5,283.5,84.69999999999999,0.2987654320987654,130.4,68.4,198.8,0.7012345679012346,1,32,18 17 43 37 68 2,89 85 59 67 96 86 6 80 93 38 4 94 28 58 31 78 50 90 33 91 15 61
8,4,7,1229294.0,0.1,0,5,6,13,59.9,174.2,0,1,0,1,0,1,0,19,5,0.2631578947368421,160.4,73.7,234.09999999999997,44.5,0.1900897052541649,134.1,55.5,189.59999999999997,0.8099102947458351,1,12,18 17 43 37 68 2,26 60 3 52 65 42 40 92 76 54 14 55 9
8,4,7,1229294.0,0.1,0,6,6,23,59.9,227.4,0,1,0,1,0,1,0,29,8,0.27586206896551724,183.1,104.2,287.3,68.2,0.23738252697528717,142.6,76.5,219.10000000000002,0.7626174730247129,1,16,18 17 43 37 68 2,72 46 56 1 51 34 100 48 47 74 24 32 87 77 12 82 64 10 71 66 29 8 75
8,4,7,1229294.0,0.1,1,2,16,15,189.7,216.70000000000005,1,1,1,2,1,0,0,31,4,0.12903225806451613,266.1,140.3,406.3999999999999,43.7,0.10752952755905515,239.3,123.4,362.69999999999993,0.8924704724409449,0,8,88 84 30 45 27 97 95 99 41 7 69 16 81 98 35 44,62 22 53 83 5 19 70 11 23 39 79 57 63 73 25
8,4,7,1229294.0,0.1,1,3,16,5,189.7,47.400000000000006,1,0,0,1,0,1,0,21,5,0.23809523809523808,152.7,84.4,237.10000000000002,41.10000000000001,0.17334458034584566,124.8,71.2,196.0,0.8266554196541542,1,4,88 84 30 45 27 97 95 99 41 7 69 16 81 98 35 44,13 20 49 36 21
8,4,7,1229294.0,0.1,1,4,16,22,189.7,223.6,1,1,1,2,1,0,0,38,5,0.13157894736842105,271.9,141.4,413.3,53.400000000000006,0.12920396806194048,238.5,121.4,359.9,0.8707960319380594,0,16,88 84 30 45 27 97 95 99 41 7 69 16 81 98 35 44,89 85 59 67 96 86 6 80 93 38 4 94 28 58 31 78 50 90 33 91 15 61
8,4,7,1229294.0,0.1,1,5,16,13,189.7,174.2,1,1,1,2,1,0,0,29,2,0.06896551724137931,247.3,116.6,363.90000000000003,7.0,0.01923605386095081,242.6,114.3,356.90000000000003,0.9807639461390492,0,4,88 84 30 45 27 97 95 99 41 7 69 16 81 98 35 44,26 60 3 52 65 42 40 92 76 54 14 55 9
8,4,7,1229294.0,0.1,1,6,16,23,189.7,227.4,1,1,1,2,1,0,0,39,5,0.1282051282051282,270.0,147.1,417.1,48.3,0.11579956844881321,241.1,127.7,368.8,0.8842004315511868,0,8,88 84 30 45 27 97 95 99 41 7 69 16 81 98 35 44,72 46 56 1 51 34 100 48 47 74 24 32 87 77 12 82 64 10 71 66 29 8 75
8,4,7,1229294.0,0.1,2,3,15,5,216.70000000000005,47.400000000000006,1,0,0,1,0,1,0,20,5,0.25,173.4,90.7,264.1,58.900000000000006,0.22302158273381295,134.6,70.6,205.20000000000002,0.776978417266187,1,8,62 22 53 83 5 19 70 11 23 39 79 57 63 73 25,13 20 49 36 21
8,4,7,1229294.0,0.1,2,4,15,22,216.70000000000005,223.6,1,1,1,2,1,0,0,37,4,0.10810810810810811,292.6,147.7,440.3,51.599999999999994,0.117192823075176,259.1,129.6,388.70000000000005,0.882807176924824,0,8,62 22 53 83 5 19 70 11 23 39 79 57 63 73 25,89 85 59 67 96 86 6 80 93 38 4 94 28 58 31 78 50 90 33 91 15 61
8,4,7,1229294.0,0.1,2,5,15,13,216.70000000000005,174.2,1,1,1,2,1,0,0,28,1,0.03571428571428571,268.0,122.9,390.9,3.5999999999999943,0.009209516500383716,265.8,121.5,387.29999999999995,0.9907904834996162,0,2,62 22 53 83 5 19 70 11 23 39 79 57 63 73 25,26 60 3 52 65 42 40 92 76 54 14 55 9
8,4,7,1229294.0,0.1,2,6,15,23,216.70000000000005,227.4,1,1,1,2,1,0,0,38,3,0.07894736842105263,290.7,153.4,444.1000000000001,28.700000000000006,0.06462508444044135,272.3,143.1,415.4000000000001,0.9353749155595587,0,4,62 22 53 83 5 19 70 11 23 39 79 57 63 73 25,72 46 56 1 51 34 100 48 47 74 24 32 87 77 12 82 64 10 71 66 29 8 75
8,4,7,1229294.0,0.1,3,4,5,22,47.400000000000006,223.6,0,1,0,1,0,1,0,27,7,0.25925925925925924,179.2,91.8,271.0,72.5,0.26752767527675275,131.3,67.2,198.5,0.7324723247232472,1,16,13 20 49 36 21,89 85 59 67 96 86 6 80 93 38 4 94 28 58 31 78 50 90 33 91 15 61
8,4,7,1229294.0,0.1,3,5,5,13,47.400000000000006,174.2,0,1,0,1,0,1,0,18,4,0.2222222222222222,154.6,67.0,221.59999999999997,37.400000000000006,0.16877256317689535,130.2,54.0,184.19999999999996,0.8312274368231046,1,4,13 20 49 36 21,26 60 3 52 65 42 40 92 76 54 14 55 9
8,4,7,1229294.0,0.1,3,6,5,23,47.400000000000006,227.4,0,1,0,1,0,1,0,28,7,0.25,177.3,97.5,274.80000000000007,55.7,0.20269286754002908,142.6,76.5,219.10000000000008,0.797307132459971,1,8,13 20 49 36 21,72 46 56 1 51 34 100 48 47 74 24 32 87 77 12 82 64 10 71 66 29 8 75
8,4,7,1229294.0,0.1,4,5,22,13,223.6,174.2,1,1,1,2,1,0,0,35,4,0.11428571428571428,273.8,124.0,397.8,40.19999999999999,0.10105580693815985,245.5,112.1,357.6,0.8989441930618401,0,8,89 85 59 67 96 86 6 80 93 38 4 94 28 58 31 78 50 90 33 91 15 61,26 60 3 52 65 42 40 92 76 54 14 55 9
8,4,7,1229294.0,0.1,4,6,22,23,223.6,227.4,1,1,1,2,1,0,0,45,4,0.08888888888888889,296.5,154.5,451.00000000000006,57.7,0.12793791574279378,258.6,134.7,393.30000000000007,0.8720620842572062,0,9,89 85 59 67 96 86 6 80 93 38 4 94 28 58 31 78 50 90 33 91 15 61,72 46 56 1 51 34 100 48 47 74 24 32 87 77 12 82 64 10 71 66 29 8 75
8,4,7,1229294.0,0.1,5,6,13,23,174.2,227.4,1,1,1,2,1,0,0,36,2,0.05555555555555555,271.9,129.7,401.6,8.3,0.020667330677290836,267.2,126.1,393.3,0.9793326693227091,0,4,26 60 3 52 65 42 40 92 76 54 14 55 9,72 46 56 1 51 34 100 48 47 74 24 32 87 77 12 82 64 10 71 66 29 8 75
9,4,8,1268134.0,0.1,0,1,6,14,59.900000000000006,182.7,0,1,0,1,0,1,0,20,8,0.4,153.8,88.8,242.6,103.4,0.42621599340478156,91.4,47.8,139.2,0.5737840065952184,1,32,2 68 37 43 17 18,88 84 30 97 44 98 95 99 41 81 16 7 69 35
9,4,8,1268134.0,0.1,0,2,6,7,59.900000000000006,73.19999999999999,0,0,0,1,0,1,0,13,11,0.8461538461538461,81.6,51.5,133.1,113.89999999999999,0.8557475582268971,13.1,6.1,19.200000000000003,0.14425244177310295,1,1,2 68 37 43 17 18,96 86 6 80 59 67 62
9,4,8,1268134.0,0.1,0,3,6,7,59.900000000000006,60.6,0,0,0,1,0,1,0,13,12,0.9230769230769231,75.8,44.7,120.5,110.5,0.91701244813278,5.6,4.4,10.0,0.08298755186721991,1,1,2 68 37 43 17 18,13 15 91 33 90 36 21
9,4,8,1268134.0,0.1,0,4,6,24,59.900000000000006,228.6,0,1,0,1,0,1,0,30,10,0.3333333333333333,183.9,104.6,288.50000000000006,75.2,0.26065857885615246,138.7,74.6,213.30000000000007,0.7393414211438476,1,64,2 68 37 43 17 18,72 46 1 51 34 100 48 47 74 24 32 87 77 12 82 64 10 71 66 29 8 75 45 27
9,4,8,1268134.0,0.1,0,5,6,13,59.900000000000006,174.2,0,1,0,1,0,1,0,19,6,0.3157894736842105,160.4,73.7,234.09999999999997,59.900000000000006,0.2558735583084153,124.6,49.6,174.19999999999996,0.7441264416915847,1,32,2 68 37 43 17 18,9 55 14 54 76 92 40 42 65 52 3 60 26
9,4,8,1268134.0,0.1,0,6,6,15,59.900000000000006,145.79999999999998,0,1,0,1,0,1,0,21,11,0.5238095238095238,134.7,71.0,205.70000000000005,123.80000000000003,0.6018473505104521,57.4,24.5,81.90000000000002,0.39815264948954787,1,1,2 68 37 43 17 18,89 85 93 38 4 94 28 58 56 31 78 50 49 20 61
9,4,8,1268134.0,0.1,0,7,6,14,59.900000000000006,213.90000000000003,0,1,0,1,0,1,0,20,9,0.45,177.6,96.2,273.8,103.50000000000001,0.3780131482834186,110.7,59.6,170.3,0.6219868517165814,1,64,2 68 37 43 17 18,22 53 83 5 19 70 11 23 79 39 57 63 73 25
9,4,8,1268134.0,0.1,1,2,14,7,182.7,73.19999999999999,1,0,0,1,0,1,0,21,8,0.38095238095238093,163.8,92.1,255.90000000000003,92.59999999999998,0.36186010160218823,107.9,55.4,163.30000000000007,0.6381398983978118,1,16,88 84 30 97 44 98 95 99 41 81 16 7 69 35,96 86 6 80 59 67 62
9,4,8,1268134.0,0.1,1,3,14,7,182.7,60.6,1,0,0,1,0,1,0,21,7,0.3333333333333333,158.0,85.3,243.29999999999998,91.1,0.3744348540896013,103.1,49.1,152.2,0.6255651459103987,1,16,88 84 30 97 44 98 95 99 41 81 16 7 69 35,13 15 91 33 90 36 21
9,4,8,1268134.0,0.1,1,4,14,24,182.7,228.6,1,1,1,2,1,0,0,38,8,0.21052631578947367,266.1,145.2,411.3,86.90000000000002,0.21128130318502314,214.0,110.4,324.4,0.7887186968149769,0,32,88 84 30 97 44 98 95 99 41 81 16 7 69 35,72 46 1 51 34 100 48 47 74 24 32 87 77 12 82 64 10 71 66 29 8 75 45 27
9,4,8,1268134.0,0.1,1,5,14,13,182.7,174.2,1,1,1,2,1,0,0,27,2,0.07407407407407407,242.6,114.3,356.9,36.7,0.10282992434855703,220.5,99.7,320.2,0.897170075651443,0,2,88 84 30 97 44 98 95 99 41 81 16 7 69 35,9 55 14 54 76 92 40 42 65 52 3 60 26
9,4,8,1268134.0,0.1,1,6,14,15,182.7,145.79999999999998,1,1,1,2,1,0,0,29,6,0.20689655172413793,216.9,111.6,328.5,80.9,0.24627092846270932,167.0,80.6,247.6,0.7537290715372907,0,16,88 84 30 97 44 98 95 99 41 81 16 7 69 35,89 85 93 38 4 94 28 58 56 31 78 50 49 20 61
9,4,8,1268134.0,0.1,1,7,14,14,182.7,213.90000000000003,1,1,1,2,1,0,0,28,6,0.21428571428571427,259.8,136.8,396.59999999999997,90.3,0.22768532526475038,202.2,104.1,306.29999999999995,0.7723146747352496,0,8,88 84 30 97 44 98 95 99 41 81 16 7 69 35,22 53 83 5 19 70 11 23 79 39 57 63 73 25
9,4,8,1268134.0,0.1,2,3,7,7,73.19999999999999,60.6,0,0,0,1,0,1,0,14,12,0.8571428571428571,85.8,48.0,133.8,114.59999999999998,0.8565022421524662,13.1,6.1,19.20000000000003,0.14349775784753385,1,1,96 86 6 80 59 67 62,13 15 91 33 90 36 21
9,4,8,1268134.0,0.1,2,4,7,24,73.19999999999999,228.6,0,1,0,2,1,0,0,31,9,0.2903225806451613,193.9,107.9,301.80000000000007,69.29999999999998,0.22962226640159034,151.8,80.7,232.50000000000009,0.7703777335984097,0,32,96 86 6 80 59 67 62,72 46 1 51 34 100 48 47 74 24 32 87 77 12 82 64 10 71 66 29 8 75 45 27
9,4,8,1268134.0,0.1,2,5,7,13,73.19999999999999,174.2,0,1,0,1,0,1,0,20,5,0.25,170.4,77.0,247.39999999999998,53.999999999999986,0.21827000808407435,137.7,55.7,193.39999999999998,0.7817299919159256,1,8,96 86 6 80 59 67 62,9 55 14 54 76 92 40 42 65 52 3 60 26
9,4,8,1268134.0,0.1,2,6,7,15,73.19999999999999,145.79999999999998,0,1,0,1,0,1,0,22,6,0.2727272727272727,144.7,74.3,219.00000000000006,67.60000000000001,0.30867579908675796,101.5,49.9,151.40000000000003,0.691324200913242,1,1,96 86 6 80 59 67 62,89 85 93 38 4 94 28 58 56 31 78 50 49 20 61
9,4,8,1268134.0,0.1,2,7,7,14,73.19999999999999,213.90000000000003,0,1,0,1,0,1,0,21,5,0.23809523809523808,187.6,99.5,287.09999999999997,62.599999999999994,0.21804249390456287,149.4,75.1,224.49999999999997,0.7819575060954371,1,8,96 86 6 80 59 67 62,22 53 83 5 19 70 11 23 79 39 57 63 73 25
9,4,8,1268134.0,0.1,3,4,7,24,60.6,228.6,0,1,0,1,0,1,0,31,11,0.3548387096774194,188.1,101.1,289.20000000000005,75.89999999999999,0.26244813278008294,138.7,74.6,213.30000000000007,0.7375518672199172,1,32,13 15 91 33 90 36 21,72 46 1 51 34 100 48 47 74 24 32 87 77 12 82 64 10 71 66 29 8 75 45 27
9,4,8,1268134.0,0.1,3,5,7,13,60.6,174.2,0,1,0,1,0,1,0,20,7,0.35,164.6,70.2,234.8,60.599999999999994,0.2580919931856899,124.6,49.6,174.20000000000002,0.7419080068143101,1,16,13 15 91 33 90 36 21,9 55 14 54 76 92 40 42 65 52 3 60 26
9,4,8,1268134.0,0.1,3,6,7,15,60.6,145.79999999999998,0,1,0,1,0,1,0,22,10,0.45454545454545453,138.9,67.5,206.40000000000003,103.20000000000002,0.5,71.0,32.2,103.20000000000002,0.5,1,1,13 15 91 33 90 36 21,89 85 93 38 4 94 28 58 56 31 78 50 49 20 61
9,4,8,1268134.0,0.1,3,7,7,14,60.6,213.90000000000003,0,1,0,1,0,1,0,21,8,0.38095238095238093,181.8,92.7,274.5,86.0,0.3132969034608379,121.4,67.1,188.5,0.6867030965391621,1,32,13 15 91 33 90 36 21,22 53 83 5 19 70 11 23 79 39 57 63 73 25
9,4,8,1268134.0,0.1,4,5,24,13,228.6,174.2,1,1,1,2,1,0,0,37,4,0.10810810810810811,272.7,130.1,402.79999999999995,15.3,0.03798411122144986,263.3,124.2,387.49999999999994,0.9620158887785502,0,31,72 46 1 51 34 100 48 47 74 24 32 87 77 12 82 64 10 71 66 29 8 75 45 27,9 55 14 54 76 92 40 42 65 52 3 60 26
9,4,8,1268134.0,0.1,4,6,24,15,228.6,145.79999999999998,1,1,1,2,1,0,0,39,9,0.23076923076923078,247.0,127.4,374.40000000000003,79.20000000000002,0.21153846153846156,196.1,99.1,295.20000000000005,0.7884615384615385,0,32,72 46 1 51 34 100 48 47 74 24 32 87 77 12 82 64 10 71 66 29 8 75 45 27,89 85 93 38 4 94 28 58 56 31 78 50 49 20 61
9,4,8,1268134.0,0.1,4,7,24,14,228.6,213.90000000000003,1,1,1,2,1,0,0,38,6,0.15789473684210525,289.9,152.6,442.4999999999999,55.20000000000002,0.12474576271186448,252.0,135.3,387.29999999999984,0.8752542372881355,0,32,72 46 1 51 34 100 48 47 74 24 32 87 77 12 82 64 10 71 66 29 8 75 45 27,22 53 83 5 19 70 11 23 79 39 57 63 73 25
9,4,8,1268134.0,0.1,5,6,13,15,174.2,145.79999999999998,1,1,1,2,1,0,0,28,5,0.17857142857142858,223.5,96.5,320.0,63.90000000000001,0.19968750000000005,182.0,74.1,256.09999999999997,0.8003124999999999,0,16,9 55 14 54 76 92 40 42 65 52 3 60 26,89 85 93 38 4 94 28 58 56 31 78 50 49 20 61
9,4,8,1268134.0,0.1,5,7,13,14,174.2,213.90000000000003,1,1,1,2,1,0,0,27,2,0.07407407407407407,266.4,121.7,388.09999999999997,23.2,0.05977840762690029,249.0,115.9,364.9,0.9402215923730998,0,4,9 55 14 54 76 92 40 42 65 52 3 60 26,22 53 83 5 19 70 11 23 79 39 57 63 73 25
9,4,8,1268134.0,0.1,6,7,15,14,145.79999999999998,213.90000000000003,1,1,1,2,1,0,0,29,6,0.20689655172413793,240.7,119.0,359.69999999999993,84.30000000000001,0.23436196830692252,185.5,89.9,275.3999999999999,0.7656380316930775,0,16,89 85 93 38 4 94 28 58 56 31 78 50 49 20 61,22 53 83 5 19 70 11 23 79 39 57 63 73 25
10,5,7,1248490.0,0.1,0,1,14,25,215.90000000000003,220.3,1,1,1,2,1,0,0,39,8,0.20512820512820512,288.0,148.2,436.2,64.80000000000003,0.14855570839064655,245.9,125.5,371.4,0.8514442916093535,0,16,50 78 31 5 19 70 11 23 79 39 57 63 73 25,21 36 90 33 91 46 93 38 4 94 58 28 6 86 80 96 22 83 53 62 67 59 85 72 89
10,5,7,1248490.0,0.1,0,2,14,6,215.90000000000003,59.900000000000006,1,0,0,1,0,1,0,20,7,0.35,179.0,96.8,275.8,75.9,0.27519941986947066,131.9,68.0,199.9,0.7248005801305294,1,32,50 78 31 5 19 70 11 23 79 39 57 63 73 25,2 68 37 43 17 18
10,5,7,1248490.0,0.1,0,3,14,16,215.90000000000003,189.7,1,1,1,2,1,0,0,30,6,0.2,265.9,139.7,405.6,56.8,0.14003944773175542,231.0,117.8,348.8,0.8599605522682445,0,8,50 78 31 5 19 70 11 23 79 39 57 63 73 25,88 84 30 45 27 97 44 98 95 99 41 81 16 7 69 35
10,5,7,1248490.0,0.1,0,4,14,21,215.90000000000003,219.10000000000002,1,1,1,2,1,0,0,35,1,0.02857142857142857,285.8,149.2,435.00000000000006,20.400000000000006,0.04689655172413794,272.1,142.5,414.6,0.953103448275862,0,2,50 78 31 5 19 70 11 23 79 39 57 63 73 25,56 1 48 100 34 51 47 74 24 32 87 77 12 82 64 10 71 66 29 8 75
10,5,7,1248490.0,0.1,0,5,14,13,215.90000000000003,174.2,1,1,1,2,1,0,0,27,1,0.037037037037037035,267.8,122.3,390.09999999999997,11.0,0.02819789797487824,260.7,118.4,379.09999999999997,0.9718021020251217,0,2,50 78 31 5 19 70 11 23 79 39 57 63 73 25,26 60 3 52 65 42 40 92 76 54 14 55 9
10,5,7,1248490.0,0.1,0,6,14,5,215.90000000000003,59.8,1,0,0,1,0,1,0,19,6,0.3157894736842105,182.5,93.2,275.70000000000005,70.8,0.2568008705114254,136.1,68.8,204.90000000000003,0.7431991294885746,1,16,50 78 31 5 19 70 11 23 79 39 57 63 73 25,61 15 49 20 13
10,5,7,1248490.0,0.1,1,2,25,6,220.3,59.900000000000006,1,0,0,1,0,1,0,31,11,0.3548387096774194,180.6,99.6,280.2,99.20000000000002,0.35403283369022137,121.3,59.7,180.99999999999997,0.6459671663097787,1,32,21 36 90 33 91 46 93 38 4 94 58 28 6 86 80 96 22 83 53 62 67 59 85 72 89,2 68 37 43 17 18
10,5,7,1248490.0,0.1,1,3,25,16,220.3,189.7,1,1,1,2,1,0,0,41,7,0.17073170731707318,267.5,142.5,410.0,72.69999999999999,0.17731707317073167,222.8,114.5,337.3,0.8226829268292684,0,16,21 36 90 33 91 46 93 38 4 94 58 28 6 86 80 96 22 83 53 62 67 59 85 72 89,88 84 30 45 27 97 44 98 95 99 41 81 16 7 69 35
10,5,7,1248490.0,0.1,1,4,25,21,220.3,219.10000000000002,1,1,1,2,1,0,0,46,7,0.15217391304347827,287.4,152.0,439.40000000000003,63.000000000000014,0.14337733272644518,246.1,130.3,376.40000000000003,0.8566226672735548,0,16,21 36 90 33 91 46 93 38 4 94 58 28 6 86 80 96 22 83 53 62 67 59 85 72 89,56 1 48 100 34 51 47 74 24 32 87 77 12 82 64 10 71 66 29 8 75
10,5,7,1248490.0,0.1,1,5,25,13,220.3,174.2,1,1,1,2,1,0,0,38,7,0.18421052631578946,269.4,125.1,394.49999999999994,54.89999999999999,0.1391634980988593,232.5,107.1,339.59999999999997,0.8608365019011407,0,16,21 36 90 33 91 46 93 38 4 94 58 28 6 86 80 96 22 83 53 62 67 59 85 72 89,26 60 3 52 65 42 40 92 76 54 14 55 9
10,5,7,1248490.0,0.1,1,6,25,5,220.3,59.8,1,0,0,1,0,1,0,30,7,0.23333333333333334,184.1,96.0,280.1,75.69999999999999,0.27026062120671185,135.6,68.8,204.40000000000003,0.7297393787932882,1,16,21 36 90 33 91 46 93 38 4 94 58 28 6 86 80 96 22 83 53 62 67 59 85 72 89,61 15 49 20 13
10,5,7,1248490.0,0.1,2,3,6,16,59.900000000000006,189.7,0,1,0,1,0,1,0,22,7,0.3181818181818182,158.5,91.1,249.60000000000002,74.4,0.2980769230769231,113.3,61.9,175.20000000000002,0.701923076923077,1,32,2 68 37 43 17 18,88 84 30 45 27 97 44 98 95 99 41 81 16 7 69 35
10,5,7,1248490.0,0.1,2,4,6,21,59.900000000000006,219.10000000000002,0,1,0,1,0,1,0,27,6,0.2222222222222222,178.4,100.6,279.00000000000006,59.900000000000006,0.2146953405017921,142.6,76.5,219.10000000000005,0.7853046594982079,1,32,2 68 37 43 17 18,56 1 48 100 34 51 47 74 24 32 87 77 12 82 64 10 71 66 29 8 75
10,5,7,1248490.0,0.1,2,5,6,13,59.900000000000006,174.2,0,1,0,1,0,1,0,19,5,0.2631578947368421,160.4,73.7,234.1,44.50000000000001,0.1900897052541649,134.1,55.5,189.6,0.8099102947458351,1,32,2 68 37 43 17 18,26 60 3 52 65 42 40 92 76 54 14 55 9
10,5,7,1248490.0,0.1,2,6,6,5,59.900000000000006,59.8,0,0,0,1,0,1,0,11,9,0.8181818181818182,75.1,44.6,119.69999999999999,90.30000000000001,0.7543859649122808,18.9,10.5,29.399999999999977,0.24561403508771912,1,1,2 68 37 43 17 18,61 15 49 20 13
10,5,7,1248490.0,0.1,3,4,16,21,189.7,219.10000000000002,1,1,1,2,1,0,0,37,5,0.13513513513513514,265.3,143.5,408.8,53.2,0.13013698630136986,233.0,122.6,355.6,0.8698630136986302,0,8,88 84 30 45 27 97 44 98 95 99 41 81 16 7 69 35,56 1 48 100 34 51 47 74 24 32 87 77 12 82 64 10 71 66 29 8 75
10,5,7,1248490.0,0.1,3,5,16,13,189.7,174.2,1,1,1,2,1,0,0,29,4,0.13793103448275862,247.3,116.6,363.9,27.700000000000003,0.07611981313547679,230.1,106.1,336.2,0.9238801868645232,0,8,88 84 30 45 27 97 44 98 95 99 41 81 16 7 69 35,26 60 3 52 65 42 40 92 76 54 14 55 9
10,5,7,1248490.0,0.1,3,6,16,5,189.7,59.8,1,0,0,1,0,1,0,21,7,0.3333333333333333,162.0,87.5,249.50000000000003,65.30000000000001,0.26172344689378757,119.9,64.3,184.20000000000002,0.7382765531062124,1,16,88 84 30 45 27 97 44 98 95 99 41 81 16 7 69 35,61 15 49 20 13
10,5,7,1248490.0,0.1,4,5,21,13,219.10000000000002,174.2,1,1,1,2,1,0,0,34,0,0.0,267.2,126.1,393.3,0.0,0.0,267.2,126.1,393.3,1.0,0,1,56 1 48 100 34 51 47 74 24 32 87 77 12 82 64 10 71 66 29 8 75,26 60 3 52 65 42 40 92 76 54 14 55 9
10,5,7,1248490.0,0.1,4,6,21,5,219.10000000000002,59.8,1,0,0,1,0,1,0,26,5,0.19230769230769232,181.9,97.0,278.90000000000003,59.8,0.2144137683757619,142.6,76.5,219.10000000000002,0.785586231624238,1,12,56 1 48 100 34 51 47 74 24 32 87 77 12 82 64 10 71 66 29 8 75,61 15 49 20 13
10,5,7,1248490.0,0.1,5,6,13,5,174.2,59.8,1,0,0,1,0,1,0,18,4,0.2222222222222222,163.9,70.1,234.00000000000003,45.8,0.1957264957264957,134.0,54.2,188.20000000000005,0.8042735042735044,1,12,26 60 3 52 65 42 40 92 76 54 14 55 9,61 15 49 20 13
11,5,8,1264368.0,0.1,0,1,15,7,165.29999999999998,84.30000000000001,1,1,1,1,0,1,0,22,9,0.4090909090909091,158.5,91.1,249.6,94.10000000000001,0.3770032051282052,102.6,52.9,155.5,0.6229967948717949,1,32,2 68 37 17 43 44 98 95 99 41 69 7 16 81 35,18 88 84 30 97 27 45
11,5,8,1264368.0,0.1,0,2,15,13,165.29999999999998,174.2,1,1,1,2,1,0,0,28,5,0.17857142857142858,229.7,109.8,339.49999999999994,51.400000000000006,0.15139911634757,198.3,89.8,288.0999999999999,0.8486008836524299,0,16,2 68 37 17 43 44 98 95 99 41 69 7 16 81 35,9 55 14 54 76 92 40 42 65 52 3 60 26
11,5,8,1264368.0,0.1,0,3,15,5,165.29999999999998,56.7,1,0,0,1,0,1,0,20,10,0.5,143.1,78.9,222.00000000000006,113.4,0.5108108108108107,73.9,34.7,108.60000000000005,0.4891891891891893,1,1,2 68 37 17 43 44 98 95 99 41 69 7 16 81 35,13 20 49 61 89
11,5,8,1264368.0,0.1,0,4,15,21,165.29999999999998,223.6,1,1,1,2,1,0,0,36,7,0.19444444444444445,252.3,136.6,388.9000000000001,86.5,0.2224222165080997,200.2,102.2,302.4000000000001,0.7775777834919003,0,16,2 68 37 17 43 44 98 95 99 41 69 7 16 81 35,50 1 51 34 100 48 47 74 24 32 87 77 12 82 64 10 71 66 29 8 75
11,5,8,1264368.0,0.1,0,5,15,6,165.29999999999998,47.300000000000004,1,0,0,1,0,1,0,21,9,0.42857142857142855,137.0,75.6,212.6,99.0,0.46566321730950144,75.3,38.3,113.6,0.5343367826904986,1,1,2 68 37 17 43 44 98 95 99 41 69 7 16 81 35,15 91 33 90 36 21
11,5,8,1264368.0,0.1,0,6,15,16,165.29999999999998,216.0,1,1,1,2,1,0,0,31,12,0.3870967741935484,244.1,137.2,381.3,137.60000000000002,0.3608707054812484,158.8,84.9,243.7,0.6391292945187516,0,32,2 68 37 17 43 44 98 95 99 41 69 7 16 81 35,85 59 80 86 6 23 79 39 19 70 83 53 22 96 67 62
11,5,8,1264368.0,0.1,0,7,15,17,165.29999999999998,171.50000000000003,1,1,1,2,1,0,0,32,9,0.28125,218.9,117.9,336.79999999999995,93.60000000000001,0.2779097387173397,163.3,79.9,243.19999999999993,0.7220902612826602,0,64,2 68 37 17 43 44 98 95 99 41 69 7 16 81 35,72 46 93 78 31 56 58 28 94 4 38 5 11 57 63 73 25
11,5,8,1264368.0,0.1,1,2,7,13,84.30000000000001,174.2,1,1,1,1,0,1,0,20,7,0.35,178.0,80.5,258.5,84.30000000000001,0.3261121856866538,124.6,49.6,174.2,0.6738878143133462,1,32,18 88 84 30 97 27 45,9 55 14 54 76 92 40 42 65 52 3 60 26
11,5,8,1264368.0,0.1,1,3,7,5,84.30000000000001,56.7,1,0,0,1,0,1,0,12,11,0.9166666666666666,91.4,49.6,141.0,137.70000000000002,0.9765957446808512,2.1,1.2,3.299999999999983,0.023404255319148814,1,1,18 88 84 30 97 27 45,13 20 49 61 89
11,5,8,1264368.0,0.1,1,4,7,21,84.30000000000001,223.6,1,1,1,1,0,1,0,28,7,0.25,200.6,107.3,307.90000000000003,84.30000000000001,0.27379019162065604,147.2,76.4,223.60000000000002,0.7262098083793439,1,32,18 88 84 30 97 27 45,50 1 51 34 100 48 47 74 24 32 87 77 12 82 64 10 71 66 29 8 75
11,5,8,1264368.0,0.1,1,5,7,6,84.30000000000001,47.300000000000004,1,0,0,1,0,1,0,13,11,0.8461538461538461,85.3,46.3,131.6,123.10000000000002,0.9354103343465048,6.1,2.4,8.499999999999972,0.06458966565349522,1,1,18 88 84 30 97 27 45,15 91 33 90 36 21
11,5,8,1264368.0,0.1,1,6,7,16,84.30000000000001,216.0,1,1,1,1,0,1,0,23,12,0.5217391304347826,192.4,107.9,300.3,154.8,0.5154845154845155,94.1,51.4,145.5,0.4845154845154845,1,32,18 88 84 30 97 27 45,85 59 80 86 6 23 79 39 19 70 83 53 22 96 67 62
11,5,8,1264368.0,0.1,1,7,7,17,84.30000000000001,171.50000000000003,1,1,1,1,0,1,0,24,9,0.375,167.2,88.6,255.79999999999998,109.70000000000003,0.4288506645817046,97.5,48.6,146.09999999999997,0.5711493354182955,1,64,18 88 84 30 97 27 45,72 46 93 78 31 56 58 28 94 4 38 5 11 57 63 73 25
11,5,8,1264368.0,0.1,2,3,13,5,174.2,56.7,1,0,0,1,0,1,0,18,5,0.2777777777777778,162.6,68.3,230.9,56.7,0.24556084885231702,124.6,49.6,174.2,0.7544391511476829,1,16,9 55 14 54 76 92 40 42 65 52 3 60 26,13 20 49 61 89
11,5,8,1264368.0,0.1,2,4,13,21,174.2,223.6,1,1,1,2,1,0,0,34,0,0.0,271.8,126.0,397.8,0.0,0.0,271.8,126.0,397.8,1.0,0,1,9 55 14 54 76 92 40 42 65 52 3 60 26,50 1 51 34 100 48 47 74 24 32 87 77 12 82 64 10 71 66 29 8 75
11,5,8,1264368.0,0.1,2,5,13,6,174.2,47.300000000000004,1,0,0,1,0,1,0,19,6,0.3157894736842105,156.5,65.0,221.49999999999997,47.300000000000004,0.2135440180586908,124.6,49.6,174.19999999999996,0.7864559819413092,1,16,9 55 14 54 76 92 40 42 65 52 3 60 26,15 91 33 90 36 21
11,5,8,1264368.0,0.1,2,6,13,16,174.2,216.0,1,1,1,2,1,0,0,29,5,0.1724137931034483,263.6,126.6,390.2,54.60000000000001,0.13992824192721684,230.8,104.8,335.59999999999997,0.8600717580727831,0,4,9 55 14 54 76 92 40 42 65 52 3 60 26,85 59 80 86 6 23 79 39 19 70 83 53 22 96 67 62
11,5,8,1264368.0,0.1,2,7,13,17,174.2,171.50000000000003,1,1,1,2,1,0,0,30,3,0.1,238.4,107.3,345.7,11.3,0.032687301128145795,231.7,102.7,334.4,0.9673126988718542,0,12,9 55 14 54 76 92 40 42 65 52 3 60 26,72 46 93 78 31 56 58 28 94 4 38 5 11 57 63 73 25
11,5,8,1264368.0,0.1,3,4,5,21,56.7,223.6,0,1,0,1,0,1,0,26,5,0.19230769230769232,185.2,95.1,280.3,56.7,0.20228326792722084,147.2,76.4,223.60000000000002,0.7977167320727793,1,32,13 20 49 61 89,50 1 51 34 100 48 47 74 24 32 87 77 12 82 64 10 71 66 29 8 75
11,5,8,1264368.0,0.1,3,5,5,6,56.7,47.300000000000004,0,0,0,1,0,1,0,11,10,0.9090909090909091,69.9,34.1,104.0,98.80000000000001,0.9500000000000001,4.0,1.2,5.199999999999989,0.04999999999999989,1,1,13 20 49 61 89,15 91 33 90 36 21
11,5,8,1264368.0,0.1,3,6,5,16,56.7,216.0,0,1,0,1,0,1,0,21,10,0.47619047619047616,177.0,95.7,272.7,116.20000000000002,0.4261092775944262,102.6,53.9,156.49999999999997,0.5738907224055738,1,32,13 20 49 61 89,85 59 80 86 6 23 79 39 19 70 83 53 22 96 67 62
11,5,8,1264368.0,0.1,3,7,5,17,56.7,171.50000000000003,0,1,0,1,0,1,0,22,8,0.36363636363636365,151.8,76.4,228.20000000000005,74.10000000000001,0.324715162138475,104.0,50.1,154.10000000000002,0.6752848378615249,1,32,13 20 49 61 89,72 46 93 78 31 56 58 28 94 4 38 5 11 57 63 73 25
11,5,8,1264368.0,0.1,4,5,21,6,223.6,47.300000000000004,1,0,0,1,0,1,0,27,6,0.2222222222222222,179.1,91.8,270.90000000000003,47.300000000000004,0.1746031746031746,147.2,76.4,223.60000000000002,0.8253968253968254,1,16,50 1 51 34 100 48 47 74 24 32 87 77 12 82 64 10 71 66 29 8 75,15 91 33 90 36 21
11,5,8,1264368.0,0.1,4,6,21,16,223.6,216.0,1,1,1,2,1,0,0,37,6,0.16216216216216217,286.2,153.4,439.59999999999997,73.80000000000001,0.16787989080982715,239.2,126.6,365.79999999999995,0.8321201091901729,0,4,50 1 51 34 100 48 47 74 24 32 87 77 12 82 64 10 71 66 29 8 75,85 59 80 86 6 23 79 39 19 70 83 53 22 96 67 62
11,5,8,1264368.0,0.1,4,7,21,17,223.6,171.50000000000003,1,1,1,2,1,0,0,38,3,0.07894736842105263,261.0,134.1,395.09999999999997,28.700000000000006,0.07263983801569225,242.6,123.8,366.4,0.9273601619843078,0,12,50 1 51 34 100 48 47 74 24 32 87 77 12 82 64 10 71 66 29 8 75,72 46 93 78 31 56 58 28 94 4 38 5 11 57 63 73 25
11,5,8,1264368.0,0.1,5,6,6,16,47.300000000000004,216.0,0,1,0,1,0,1,0,22,10,0.45454545454545453,170.9,92.4,263.3,102.4,0.38890998860615267,106.3,54.6,160.9,0.6110900113938473,1,32,15 91 33 90 36 21,85 59 80 86 6 23 79 39 19 70 83 53 22 96 67 62
11,5,8,1264368.0,0.1,5,7,6,17,47.300000000000004,171.50000000000003,0,1,0,1,0,1,0,23,7,0.30434782608695654,145.7,73.1,218.8,58.2,0.2659963436928702,108.8,51.8,160.60000000000002,0.7340036563071298,1,1,15 91 33 90 36 21,72 46 93 78 31 56 58 28 94 4 38 5 11 57 63 73 25
11,5,8,1264368.0,0.1,6,7,16,17,216.0,171.50000000000003,1,1,1,2,1,0,0,33,4,0.12121212121212122,252.8,134.7,387.49999999999994,26.00000000000002,0.06709677419354845,237.9,123.6,361.49999999999994,0.9329032258064516,0,12,85 59 80 86 6 23 79 39 19 70 83 53 22 96 67 62,72 46 93 78 31 56 58 28 94 4 38 5 11 57 63 73 25
12,6,7,1236966.0,0.1,0,1,16,15,195.8,216.70000000000002,1,1,1,2,1,0,0,31,5,0.16129032258064516,281.7,130.8,412.5,52.900000000000006,0.12824242424242427,246.3,113.3,359.6,0.8717575757575758,0,8,37 68 26 60 3 52 65 42 40 92 76 54 14 55 9 2,62 22 53 83 5 19 70 11 23 79 39 57 63 73 25
12,6,7,1236966.0,0.1,0,2,16,17,195.8,177.9,1,1,1,2,1,0,0,33,4,0.12121212121212122,255.7,118.0,373.7,39.000000000000014,0.1043617875301044,229.5,105.2,334.7,0.8956382124698956,0,16,37 68 26 60 3 52 65 42 40 92 76 54 14 55 9 2,50 78 31 58 28 94 4 38 93 59 80 6 86 96 67 85 89
12,6,7,1236966.0,0.1,0,3,16,10,195.8,93.1,1,1,1,2,1,0,0,26,7,0.2692307692307692,200.1,88.8,288.9,60.9,0.21079958463136034,158.9,69.1,227.99999999999997,0.7892004153686396,0,16,37 68 26 60 3 52 65 42 40 92 76 54 14 55 9 2,61 49 21 36 90 33 91 15 20 13
12,6,7,1236966.0,0.1,0,4,16,23,195.8,227.4,1,1,1,2,1,0,0,39,5,0.1282051282051282,285.6,137.6,423.20000000000005,29.900000000000006,0.07065217391304349,267.2,126.1,393.30000000000007,0.9293478260869565,0,16,37 68 26 60 3 52 65 42 40 92 76 54 14 55 9 2,72 46 56 1 48 100 34 51 47 74 24 32 87 77 12 82 64 10 71 66 29 8 75
12,6,7,1236966.0,0.1,0,5,16,14,195.8,173.1,1,1,1,2,1,0,0,30,4,0.13333333333333333,249.3,119.6,368.9,58.49999999999999,0.1585795608566007,212.7,97.7,310.4,0.8414204391433993,0,24,37 68 26 60 3 52 65 42 40 92 76 54 14 55 9 2,18 17 43 44 97 95 99 41 69 7 16 81 98 35
12,6,7,1236966.0,0.1,0,6,16,5,195.8,54.900000000000006,1,0,0,1,0,1,0,21,7,0.3333333333333333,172.1,78.6,250.7,72.30000000000001,0.28839250099720787,127.8,50.6,178.39999999999998,0.7116074990027921,1,16,37 68 26 60 3 52 65 42 40 92 76 54 14 55 9 2,45 27 30 84 88
12,6,7,1236966.0,0.1,1,2,15,17,216.70000000000002,177.9,1,1,1,2,1,0,0,32,2,0.0625,260.8,133.8,394.6,14.5,0.03674607197161683,250.5,129.6,380.1,0.9632539280283832,0,8,62 22 53 83 5 19 70 11 23 79 39 57 63 73 25,50 78 31 58 28 94 4 38 93 59 80 6 86 96 67 85 89
12,6,7,1236966.0,0.1,1,3,15,10,216.70000000000002,93.1,1,1,1,1,0,1,0,25,10,0.4,205.2,104.6,309.8,95.8,0.3092317624273725,142.3,71.7,214.0,0.6907682375726275,1,32,62 22 53 83 5 19 70 11 23 79 39 57 63 73 25,61 49 21 36 90 33 91 15 20 13
12,6,7,1236966.0,0.1,1,4,15,23,216.70000000000002,227.4,1,1,1,2,1,0,0,38,5,0.13157894736842105,290.7,153.4,444.1,42.2,0.09502364332357577,262.3,139.6,401.90000000000003,0.9049763566764243,0,12,62 22 53 83 5 19 70 11 23 79 39 57 63 73 25,72 46 56 1 48 100 34 51 47 74 24 32 87 77 12 82 64 10 71 66 29 8 75
12,6,7,1236966.0,0.1,1,5,15,14,216.70000000000002,173.1,1,1,1,2,1,0,0,29,8,0.27586206896551724,254.4,135.4,389.8,89.69999999999999,0.23011800923550535,196.8,103.3,300.1,0.7698819907644946,0,32,62 22 53 83 5 19 70 11 23 79 39 57 63 73 25,18 17 43 44 97 95 99 41 69 7 16 81 98 35
12,6,7,1236966.0,0.1,1,6,15,5,216.70000000000002,54.900000000000006,1,0,0,1,0,1,0,20,9,0.45,177.2,94.4,271.59999999999997,92.4,0.3402061855670104,117.5,61.7,179.19999999999996,0.6597938144329897,1,32,62 22 53 83 5 19 70 11 23 79 39 57 63 73 25,45 27 30 84 88
12,6,7,1236966.0,0.1,2,3,17,10,177.9,93.1,1,1,1,1,0,1,0,27,8,0.2962962962962963,179.2,91.8,271.0,71.0,0.26199261992619927,133.6,66.4,200.0,0.7380073800738007,1,32,50 78 31 58 28 94 4 38 93 59 80 6 86 96 67 85 89,61 49 21 36 90 33 91 15 20 13
12,6,7,1236966.0,0.1,2,4,17,23,177.9,227.4,1,1,1,2,1,0,0,40,4,0.1,264.7,140.6,405.3,28.90000000000001,0.07130520602023195,245.3,131.1,376.4,0.928694793979768,0,16,50 78 31 58 28 94 4 38 93 59 80 6 86 96 67 85 89,72 46 56 1 48 100 34 51 47 74 24 32 87 77 12 82 64 10 71 66 29 8 75
12,6,7,1236966.0,0.1,2,5,17,14,177.9,173.1,1,1,1,2,1,0,0,31,6,0.1935483870967742,228.4,122.6,351.0,66.6,0.18974358974358974,186.1,98.3,284.4,0.8102564102564102,0,32,50 78 31 58 28 94 4 38 93 59 80 6 86 96 67 85 89,18 17 43 44 97 95 99 41 69 7 16 81 98 35
12,6,7,1236966.0,0.1,2,6,17,5,177.9,54.900000000000006,1,0,0,1,0,1,0,22,8,0.36363636363636365,151.2,81.6,232.79999999999998,78.50000000000001,0.3371993127147767,100.7,53.6,154.29999999999995,0.6628006872852232,1,32,50 78 31 58 28 94 4 38 93 59 80 6 86 96 67 85 89,45 27 30 84 88
12,6,7,1236966.0,0.1,3,4,10,23,93.1,227.4,1,1,1,2,1,0,0,33,10,0.30303030303030304,209.1,111.4,320.50000000000006,85.3,0.2661466458658346,153.1,82.1,235.20000000000005,0.7338533541341654,0,32,61 49 21 36 90 33 91 15 20 13,72 46 56 1 48 100 34 51 47 74 24 32 87 77 12 82 64 10 71 66 29 8 75
12,6,7,1236966.0,0.1,3,5,10,14,93.1,173.1,1,1,1,1,0,1,0,24,7,0.2916666666666667,172.8,93.4,266.2,78.30000000000001,0.29413974455296776,124.9,63.0,187.89999999999998,0.7058602554470322,1,32,61 49 21 36 90 33 91 15 20 13,18 17 43 44 97 95 99 41 69 7 16 81 98 35
12,6,7,1236966.0,0.1,3,6,10,5,93.1,54.900000000000006,1,0,0,1,0,1,0,15,11,0.7333333333333333,95.6,52.4,148.0,96.4,0.6513513513513514,33.7,17.9,51.599999999999994,0.3486486486486486,1,1,61 49 21 36 90 33 91 15 20 13,45 27 30 84 88
12,6,7,1236966.0,0.1,4,5,23,14,227.4,173.1,1,1,1,2,1,0,0,37,7,0.1891891891891892,258.3,142.2,400.49999999999994,79.89999999999999,0.19950062421972534,208.2,112.4,320.59999999999997,0.8004993757802746,0,32,72 46 56 1 48 100 34 51 47 74 24 32 87 77 12 82 64 10 71 66 29 8 75,18 17 43 44 97 95 99 41 69 7 16 81 98 35
12,6,7,1236966.0,0.1,4,6,23,5,227.4,54.900000000000006,1,0,0,1,0,1,0,28,7,0.25,181.1,101.2,282.29999999999995,63.20000000000001,0.22387530995394977,142.6,76.5,219.09999999999994,0.7761246900460502,1,32,72 46 56 1 48 100 34 51 47 74 24 32 87 77 12 82 64 10 71 66 29 8 75,45 27 30 84 88
12,6,7,1236966.0,0.1,5,6,14,5,173.1,54.900000000000006,1,0,0,1,0,1,0,19,7,0.3684210526315789,144.8,83.2,228.0,70.5,0.3092105263157895,100.4,57.1,157.5,0.6907894736842105,1,1,18 17 43 44 97 95 99 41 69 7 16 81 98 35,45 27 30 84 88
13,6,8,1273615.0,0.1,0,1,14,11,213.90000000000003,107.49999999999999,1,1,1,2,1,0,0,25,4,0.16,215.0,106.4,321.40000000000003,55.4,0.17237087741132542,179.4,86.6,266.00000000000006,0.8276291225886746,0,24,22 53 83 5 19 70 11 23 79 39 57 63 73 25,89 85 93 38 4 94 28 58 31 78 50
13,6,8,1273615.0,0.1,0,2,14,14,213.90000000000003,189.6,1,1,1,2,1,0,0,28,3,0.10714285714285714,275.9,127.6,403.49999999999994,33.99999999999999,0.08426270136307311,251.9,117.6,369.49999999999994,0.9157372986369269,0,16,22 53 83 5 19 70 11 23 79 39 57 63 73 25,2 9 55 14 54 76 92 40 42 65 52 3 60 26
13,6,8,1273615.0,0.1,0,3,14,23,213.90000000000003,227.39999999999998,1,1,1,2,1,0,0,37,4,0.10810810810810811,289.1,152.2,441.3,43.7,0.09902560616360753,258.4,139.2,397.6,0.9009743938363926,0,28,22 53 83 5 19 70 11 23 79 39 57 63 73 25,72 46 56 1 48 100 34 51 47 74 24 82 64 12 32 87 77 10 71 66 29 8 75
13,6,8,1273615.0,0.1,0,4,14,7,213.90000000000003,73.2,1,0,0,1,0,1,0,21,6,0.2857142857142857,187.6,99.5,287.1,66.2,0.2305816788575409,147.2,73.7,220.90000000000003,0.7694183211424591,1,8,22 53 83 5 19 70 11 23 79 39 57 63 73 25,62 67 59 80 6 86 96
13,6,8,1273615.0,0.1,0,5,14,10,213.90000000000003,93.10000000000001,1,1,1,1,0,1,0,24,9,0.375,203.6,103.4,307.0,100.30000000000001,0.32671009771986975,132.6,74.1,206.7,0.6732899022801303,1,32,22 53 83 5 19 70 11 23 79 39 57 63 73 25,13 20 15 91 33 90 36 21 49 61
13,6,8,1273615.0,0.1,0,6,14,5,213.90000000000003,54.099999999999994,1,0,0,1,0,1,0,19,8,0.42105263157894735,175.1,92.9,268.0,93.1,0.3473880597014925,113.6,61.3,174.9,0.6526119402985074,1,32,22 53 83 5 19 70 11 23 79 39 57 63 73 25,68 37 30 84 88
13,6,8,1273615.0,0.1,0,7,14,16,213.90000000000003,180.10000000000002,1,1,1,2,1,0,0,30,8,0.26666666666666666,257.5,136.5,394.00000000000006,89.49999999999997,0.22715736040609127,201.0,103.5,304.5000000000001,0.7728426395939088,0,64,22 53 83 5 19 70 11 23 79 39 57 63 73 25,45 27 97 95 99 41 69 7 16 81 98 35 44 43 17 18
13,6,8,1273615.0,0.1,1,2,11,14,107.49999999999999,189.6,1,1,1,2,1,0,0,25,4,0.16,207.3,89.8,297.1,49.8,0.16762032985526756,176.1,71.2,247.3,0.8323796701447324,0,40,89 85 93 38 4 94 28 58 31 78 50,2 9 55 14 54 76 92 40 42 65 52 3 60 26
13,6,8,1273615.0,0.1,1,3,11,23,107.49999999999999,227.39999999999998,1,1,1,2,1,0,0,34,4,0.11764705882352941,220.5,114.4,334.90000000000003,39.7,0.11854284861152582,196.1,99.1,295.20000000000005,0.8814571513884742,0,30,89 85 93 38 4 94 28 58 31 78 50,72 46 56 1 48 100 34 51 47 74 24 82 64 12 32 87 77 10 71 66 29 8 75
13,6,8,1273615.0,0.1,1,4,11,7,107.49999999999999,73.2,1,0,0,1,0,1,0,18,3,0.16666666666666666,119.0,61.7,180.7,25.699999999999996,0.1422246817930271,100.7,54.3,155.0,0.857775318206973,1,1,89 85 93 38 4 94 28 58 31 78 50,62 67 59 80 6 86 96
13,6,8,1273615.0,0.1,1,5,11,10,107.49999999999999,93.10000000000001,1,1,1,1,0,1,0,21,9,0.42857142857142855,135.0,65.6,200.60000000000002,95.8,0.4775672981056829,73.4,31.4,104.80000000000003,0.5224327018943171,1,1,89 85 93 38 4 94 28 58 31 78 50,13 20 15 91 33 90 36 21 49 61
13,6,8,1273615.0,0.1,1,6,11,5,107.49999999999999,54.099999999999994,1,0,0,1,0,1,0,16,8,0.5,106.5,55.1,161.6,88.5,0.5476485148514851,51.5,21.6,73.1,0.4523514851485148,1,1,89 85 93 38 4 94 28 58 31 78 50,68 37 30 84 88
13,6,8,1273615.0,0.1,1,7,11,16,107.49999999999999,180.10000000000002,1,1,1,1,0,1,0,27,6,0.2222222222222222,188.9,98.7,287.6,96.3,0.3348400556328233,131.0,60.3,191.3,0.6651599443671766,1,64,89 85 93 38 4 94 28 58 31 78 50,45 27 97 95 99 41 69 7 16 81 98 35 44 43 17 18
13,6,8,1273615.0,0.1,2,3,14,23,189.6,227.39999999999998,1,1,1,2,1,0,0,37,3,0.08108108108108109,281.4,135.6,417.0,23.700000000000003,0.05683453237410073,267.2,126.1,393.3,0.9431654676258993,0,37,2 9 55 14 54 76 92 40 42 65 52 3 60 26,72 46 56 1 48 100 34 51 47 74 24 82 64 12 32 87 77 10 71 66 29 8 75
13,6,8,1273615.0,0.1,2,4,14,7,189.6,73.2,1,0,0,1,0,1,0,21,6,0.2857142857142857,179.9,82.9,262.8,69.4,0.2640791476407915,137.7,55.7,193.4,0.7359208523592086,1,24,2 9 55 14 54 76 92 40 42 65 52 3 60 26,62 67 59 80 6 86 96
13,6,8,1273615.0,0.1,2,5,14,10,189.6,93.10000000000001,1,1,1,1,0,1,0,24,9,0.375,195.9,86.8,282.7,91.20000000000002,0.32260346657233824,134.4,57.1,191.49999999999997,0.6773965334276617,1,32,2 9 55 14 54 76 92 40 42 65 52 3 60 26,13 20 15 91 33 90 36 21 49 61
13,6,8,1273615.0,0.1,2,6,14,5,189.6,54.099999999999994,1,0,0,1,0,1,0,19,6,0.3157894736842105,167.4,76.3,243.7,69.5,0.28518670496512105,124.6,49.6,174.2,0.7148132950348789,1,8,2 9 55 14 54 76 92 40 42 65 52 3 60 26,68 37 30 84 88
13,6,8,1273615.0,0.1,2,7,14,16,189.6,180.10000000000002,1,1,1,2,1,0,0,30,6,0.2,249.8,119.9,369.7,61.49999999999999,0.1663510954828239,212.7,95.5,308.2,0.8336489045171761,0,32,2 9 55 14 54 76 92 40 42 65 52 3 60 26,45 27 97 95 99 41 69 7 16 81 98 35 44 43 17 18
13,6,8,1273615.0,0.1,3,4,23,7,227.39999999999998,73.2,1,0,0,2,1,0,0,30,7,0.23333333333333334,193.1,107.5,300.6,62.3,0.20725216234198268,155.7,82.6,238.3,0.7927478376580173,0,24,72 46 56 1 48 100 34 51 47 74 24 82 64 12 32 87 77 10 71 66 29 8 75,62 67 59 80 6 86 96
13,6,8,1273615.0,0.1,3,5,23,10,227.39999999999998,93.10000000000001,1,1,1,1,0,1,0,33,10,0.30303030303030304,209.1,111.4,320.5,93.4,0.29141965678627146,147.0,80.1,227.1,0.7085803432137285,1,32,72 46 56 1 48 100 34 51 47 74 24 82 64 12 32 87 77 10 71 66 29 8 75,13 20 15 91 33 90 36 21 49 61
13,6,8,1273615.0,0.1,3,6,23,5,227.39999999999998,54.099999999999994,1,0,0,1,0,1,0,28,7,0.25,180.6,100.9,281.49999999999994,62.4,0.22166962699822385,142.6,76.5,219.09999999999994,0.7783303730017761,1,48,72 46 56 1 48 100 34 51 47 74 24 82 64 12 32 87 77 10 71 66 29 8 75,68 37 30 84 88
13,6,8,1273615.0,0.1,3,7,23,16,227.39999999999998,180.10000000000002,1,1,1,2,1,0,0,39,8,0.20512820512820512,263.0,144.5,407.5,79.19999999999999,0.19435582822085887,216.3,112.0,328.3,0.8056441717791412,0,64,72 46 56 1 48 100 34 51 47 74 24 82 64 12 32 87 77 10 71 66 29 8 75,45 27 97 95 99 41 69 7 16 81 98 35 44 43 17 18
13,6,8,1273615.0,0.1,4,5,7,10,73.2,93.10000000000001,0,1,0,1,0,1,0,17,12,0.7058823529411765,107.6,58.7,166.3,118.39999999999999,0.7119663259170174,33.0,14.9,47.90000000000002,0.28803367408298264,1,1,62 67 59 80 6 86 96,13 20 15 91 33 90 36 21 49 61
13,6,8,1273615.0,0.1,4,6,7,5,73.2,54.099999999999994,0,0,0,1,0,1,0,12,10,0.8333333333333334,79.1,48.2,127.30000000000001,108.1,0.8491751767478396,13.1,6.1,19.200000000000017,0.15082482325216037,1,1,62 67 59 80 6 86 96,68 37 30 84 88
13,6,8,1273615.0,0.1,4,7,7,16,73.2,180.10000000000002,0,1,0,1,0,1,0,23,9,0.391304347826087,161.5,91.8,253.29999999999998,118.9,0.4694038689301224,90.6,43.8,134.39999999999998,0.5305961310698776,1,64,62 67 59 80 6 86 96,45 27 97 95 99 41 69 7 16 81 98 35 44 43 17 18
13,6,8,1273615.0,0.1,5,6,10,5,93.10000000000001,54.099999999999994,1,0,0,1,0,1,0,15,12,0.8,95.1,52.1,147.20000000000002,108.9,0.7398097826086956,25.6,12.7,38.30000000000001,0.2601902173913044,1,1,13 20 15 91 33 90 36 21 49 61,68 37 30 84 88
13,6,8,1273615.0,0.1,5,7,10,16,93.10000000000001,180.10000000000002,1,1,1,1,0,1,0,26,7,0.2692307692307692,177.5,95.7,273.2,87.8,0.3213762811127379,122.8,62.6,185.39999999999998,0.678623718887262,1,32,13 20 15 91 33 90 36 21 49 61,45 27 97 95 99 41 69 7 16 81 98 35 44 43 17 18
13,6,8,1273615.0,0.1,6,7,5,16,54.099999999999994,180.10000000000002,0,1,0,1,0,1,0,21,6,0.2857142857142857,149.0,85.2,234.2,67.8,0.28949615713065757,108.0,58.4,166.39999999999998,0.7105038428693424,1,1,68 37 30 84 88,45 27 97 95 99 41 69 7 16 81 98 35 44 43 17 18
14,7,7,1254971.0,0.1,0,1,19,23,228.0,227.39999999999998,1,1,1,2,1,0,0,42,8,0.19047619047619047,292.1,163.3,455.40000000000003,73.19999999999999,0.16073781291172592,247.7,134.5,382.20000000000005,0.839262187088274,0,32,18 17 43 35 98 81 16 7 69 41 99 95 44 97 27 45 30 84 88,72 46 56 1 48 100 34 51 47 74 24 82 64 12 32 87 77 10 71 66 29 8 75
14,7,7,1254971.0,0.1,0,2,19,16,228.0,195.8,1,1,1,2,1,0,0,35,5,0.14285714285714285,283.1,140.7,423.8,53.89999999999998,0.12718263331760257,250.0,119.9,369.90000000000003,0.8728173666823974,0,16,18 17 43 35 98 81 16 7 69 41 99 95 44 97 27 45 30 84 88,2 9 55 14 54 76 92 40 42 65 52 3 60 26 68 37
14,7,7,1254971.0,0.1,0,3,19,14,228.0,213.89999999999998,1,1,1,2,1,0,0,33,7,0.21212121212121213,286.6,155.3,441.9,68.49999999999997,0.15501244625480873,244.7,128.7,373.4,0.8449875537451912,0,18,18 17 43 35 98 81 16 7 69 41 99 95 44 97 27 45 30 84 88,25 73 63 57 39 79 23 11 70 19 5 83 53 22
14,7,7,1254971.0,0.1,0,4,19,13,228.0,123.89999999999999,1,1,1,2,1,0,0,32,6,0.1875,229.6,122.3,351.9,43.499999999999986,0.12361466325660696,201.3,107.1,308.4,0.876385336743393,0,16,18 17 43 35 98 81 16 7 69 41 99 95 44 97 27 45 30 84 88,50 78 31 38 4 28 58 94 93 80 6 86 96
14,7,7,1254971.0,0.1,0,5,19,5,228.0,56.800000000000004,1,0,0,1,0,1,0,24,10,0.4166666666666667,179.0,105.8,284.8,90.6,0.31811797752808985,122.5,71.7,194.20000000000002,0.6818820224719101,1,32,18 17 43 35 98 81 16 7 69 41 99 95 44 97 27 45 30 84 88,62 67 59 85 89
14,7,7,1254971.0,0.1,0,6,19,10,228.0,93.1,1,1,1,2,1,0,0,29,7,0.2413793103448276,206.6,114.5,321.1000000000001,73.49999999999997,0.22890065400186843,162.5,85.1,247.6000000000001,0.7710993459981316,0,16,18 17 43 35 98 81 16 7 69 41 99 95 44 97 27 45 30 84 88,61 20 15 91 33 90 36 21 49 13
14,7,7,1254971.0,0.1,1,2,23,16,227.39999999999998,195.8,1,1,1,2,1,0,0,39,5,0.1282051282051282,285.6,137.6,423.1999999999999,29.89999999999999,0.07065217391304347,267.2,126.1,393.2999999999999,0.9293478260869565,0,24,72 46 56 1 48 100 34 51 47 74 24 82 64 12 32 87 77 10 71 66 29 8 75,2 9 55 14 54 76 92 40 42 65 52 3 60 26 68 37
14,7,7,1254971.0,0.1,1,3,23,14,227.39999999999998,213.89999999999998,1,1,1,2,1,0,0,37,4,0.10810810810810811,289.1,152.2,441.29999999999995,31.49999999999999,0.07138001359619305,267.0,142.8,409.79999999999995,0.9286199864038069,0,20,72 46 56 1 48 100 34 51 47 74 24 82 64 12 32 87 77 10 71 66 29 8 75,25 73 63 57 39 79 23 11 70 19 5 83 53 22
14,7,7,1254971.0,0.1,1,4,23,13,227.39999999999998,123.89999999999999,1,1,1,2,1,0,0,36,3,0.08333333333333333,232.1,119.2,351.3,20.099999999999998,0.05721605465414175,219.2,112.0,331.2,0.9427839453458582,0,20,72 46 56 1 48 100 34 51 47 74 24 82 64 12 32 87 77 10 71 66 29 8 75,50 78 31 38 4 28 58 94 93 80 6 86 96
14,7,7,1254971.0,0.1,1,5,23,5,227.39999999999998,56.800000000000004,1,0,0,1,0,1,0,28,7,0.25,181.5,102.7,284.2,65.10000000000001,0.22906403940886702,142.6,76.5,219.09999999999997,0.7709359605911329,1,32,72 46 56 1 48 100 34 51 47 74 24 82 64 12 32 87 77 10 71 66 29 8 75,62 67 59 85 89
14,7,7,1254971.0,0.1,1,6,23,10,227.39999999999998,93.1,1,1,1,2,1,0,0,33,9,0.2727272727272727,209.1,111.4,320.50000000000006,70.29999999999998,0.21934477379095155,163.5,86.7,250.20000000000007,0.7806552262090485,0,32,72 46 56 1 48 100 34 51 47 74 24 82 64 12 32 87 77 10 71 66 29 8 75,61 20 15 91 33 90 36 21 49 13
14,7,7,1254971.0,0.1,2,3,16,14,195.8,213.89999999999998,1,1,1,2,1,0,0,30,5,0.16666666666666666,280.1,129.6,409.7,32.99999999999997,0.08054674151818397,256.3,120.4,376.70000000000005,0.9194532584818161,0,8,2 9 55 14 54 76 92 40 42 65 52 3 60 26 68 37,25 73 63 57 39 79 23 11 70 19 5 83 53 22
14,7,7,1254971.0,0.1,2,4,16,13,195.8,123.89999999999999,1,1,1,2,1,0,0,29,4,0.13793103448275862,223.1,96.6,319.7,20.99999999999998,0.06568658116984667,208.7,90.0,298.7,0.9343134188301533,0,8,2 9 55 14 54 76 92 40 42 65 52 3 60 26 68 37,50 78 31 38 4 28 58 94 93 80 6 86 96
14,7,7,1254971.0,0.1,2,5,16,5,195.8,56.800000000000004,1,0,0,1,0,1,0,21,7,0.3333333333333333,172.5,80.1,252.60000000000005,63.0,0.24940617577197144,134.1,55.5,189.60000000000005,0.7505938242280286,1,32,2 9 55 14 54 76 92 40 42 65 52 3 60 26 68 37,62 67 59 85 89
14,7,7,1254971.0,0.1,2,6,16,10,195.8,93.1,1,1,1,2,1,0,0,26,6,0.23076923076923078,200.1,88.8,288.9,52.699999999999996,0.1824160609207338,165.5,70.7,236.2,0.8175839390792662,0,16,2 9 55 14 54 76 92 40 42 65 52 3 60 26 68 37,61 20 15 91 33 90 36 21 49 13
14,7,7,1254971.0,0.1,3,4,14,13,213.89999999999998,123.89999999999999,1,1,1,2,1,0,0,27,1,0.037037037037037035,226.6,111.2,337.8,3.5999999999999943,0.01065719360568382,224.4,109.8,334.20000000000005,0.9893428063943163,0,2,25 73 63 57 39 79 23 11 70 19 5 83 53 22,50 78 31 38 4 28 58 94 93 80 6 86 96
14,7,7,1254971.0,0.1,3,5,14,5,213.89999999999998,56.800000000000004,1,0,0,1,0,1,0,19,6,0.3157894736842105,176.0,94.7,270.7,60.4,0.2231252308828962,139.6,70.7,210.29999999999998,0.7768747691171037,1,12,25 73 63 57 39 79 23 11 70 19 5 83 53 22,62 67 59 85 89
14,7,7,1254971.0,0.1,3,6,14,10,213.89999999999998,93.1,1,1,1,2,1,0,0,24,8,0.3333333333333333,203.6,103.4,307.0,58.19999999999999,0.18957654723127032,165.3,83.5,248.8,0.8104234527687296,0,16,25 73 63 57 39 79 23 11 70 19 5 83 53 22,61 20 15 91 33 90 36 21 49 13
14,7,7,1254971.0,0.1,4,5,13,5,123.89999999999999,56.800000000000004,1,0,0,1,0,1,0,18,3,0.16666666666666666,119.0,61.7,180.70000000000002,25.69999999999999,0.14222468179302705,100.7,54.3,155.00000000000003,0.857775318206973,1,1,50 78 31 38 4 28 58 94 93 80 6 86 96,62 67 59 85 89
14,7,7,1254971.0,0.1,4,6,13,10,123.89999999999999,93.1,1,1,1,1,0,1,0,23,7,0.30434782608695654,146.6,70.4,217.00000000000003,43.399999999999984,0.1999999999999999,120.1,53.5,173.60000000000005,0.8000000000000002,1,1,50 78 31 38 4 28 58 94 93 80 6 86 96,61 20 15 91 33 90 36 21 49 13
14,7,7,1254971.0,0.1,5,6,5,10,56.800000000000004,93.1,0,1,0,1,0,1,0,15,11,0.7333333333333333,96.0,53.9,149.90000000000003,97.2,0.648432288192128,37.3,15.4,52.70000000000003,0.35156771180787205,1,1,62 67 59 85 89,61 20 15 91 33 90 36 21 49 13
15,7,8,1259973.0,0.1,0,1,16,6,203.4,59.9,1,0,0,1,0,1,0,22,7,0.3181818181818182,168.5,94.8,263.29999999999995,87.0,0.33042157235093056,116.0,60.3,176.29999999999995,0.6695784276490695,1,32,35 98 41 81 7 69 16 29 66 71 8 99 95 44 97 88,18 17 43 37 68 2
15,7,8,1259973.0,0.1,0,2,16,11,203.4,125.59999999999998,1,1,1,2,1,0,0,27,4,0.14814814814814814,213.6,115.4,329.00000000000006,55.59999999999998,0.1689969604863221,180.2,93.2,273.4000000000001,0.8310030395136779,0,8,35 98 41 81 7 69 16 29 66 71 8 99 95 44 97 88,96 22 53 83 11 6 86 80 59 67 62
15,7,8,1259973.0,0.1,0,3,16,8,203.4,74.9,1,0,0,1,0,1,0,24,4,0.16666666666666666,183.3,95.0,278.3,53.29999999999998,0.19151994250808474,151.4,73.6,225.00000000000003,0.8084800574919153,1,8,35 98 41 81 7 69 16 29 66 71 8 99 95 44 97 88,13 20 15 91 33 90 36 21
15,7,8,1259973.0,0.1,0,4,16,17,203.4,222.20000000000002,1,1,1,2,1,0,0,33,5,0.15151515151515152,279.4,146.2,425.59999999999997,76.09999999999998,0.17880639097744358,234.0,115.5,349.5,0.8211936090225564,0,8,35 98 41 81 7 69 16 29 66 71 8 99 95 44 97 88,85 93 38 4 94 28 58 5 70 19 23 79 39 57 73 63 25
15,7,8,1259973.0,0.1,0,5,16,6,203.4,51.4,1,0,0,1,0,1,0,22,5,0.22727272727272727,165.0,89.8,254.8,44.099999999999994,0.17307692307692304,136.9,73.8,210.70000000000002,0.826923076923077,1,4,35 98 41 81 7 69 16 29 66 71 8 99 95 44 97 88,84 30 27 45 49 61
15,7,8,1259973.0,0.1,0,6,16,13,203.4,174.2,1,1,1,2,1,0,0,29,1,0.034482758620689655,257.3,120.3,377.5999999999999,21.69999999999999,0.057468220338983036,244.6,111.3,355.8999999999999,0.942531779661017,0,2,35 98 41 81 7 69 16 29 66 71 8 99 95 44 97 88,9 55 14 54 76 92 40 42 65 52 3 60 26
15,7,8,1259973.0,0.1,0,7,16,23,203.4,227.30000000000004,1,1,1,2,1,0,0,39,6,0.15384615384615385,282.1,148.6,430.69999999999993,70.0,0.16252612026932903,238.9,121.8,360.69999999999993,0.837473879730671,0,16,35 98 41 81 7 69 16 29 66 71 8 99 95 44 97 88,75 10 64 82 12 77 87 32 24 74 47 51 100 34 48 1 56 31 78 50 46 72 89
15,7,8,1259973.0,0.1,1,2,6,11,59.9,125.59999999999998,0,1,0,1,0,1,0,17,9,0.5294117647058824,116.7,68.8,185.5,85.29999999999998,0.4598382749326145,66.4,33.8,100.20000000000002,0.5401617250673856,1,1,18 17 43 37 68 2,96 22 53 83 11 6 86 80 59 67 62
15,7,8,1259973.0,0.1,1,3,6,8,59.9,74.9,0,0,0,1,0,1,0,14,10,0.7142857142857143,86.4,48.4,134.8,93.4,0.6928783382789317,25.5,15.9,41.400000000000006,0.30712166172106825,1,1,18 17 43 37 68 2,13 20 15 91 33 90 36 21
15,7,8,1259973.0,0.1,1,4,6,17,59.9,222.20000000000002,0,1,0,1,0,1,0,23,8,0.34782608695652173,182.5,99.6,282.09999999999997,119.89999999999999,0.4250265863169089,110.6,51.6,162.2,0.5749734136830912,1,32,18 17 43 37 68 2,85 93 38 4 94 28 58 5 70 19 23 79 39 57 73 63 25
15,7,8,1259973.0,0.1,1,5,6,6,59.9,51.4,0,0,0,1,0,1,0,12,10,0.8333333333333334,68.1,43.2,111.3,93.1,0.8364779874213836,11.2,7.0,18.200000000000003,0.16352201257861637,1,1,18 17 43 37 68 2,84 30 27 45 49 61
15,7,8,1259973.0,0.1,1,6,6,13,59.9,174.2,0,1,0,1,0,1,0,19,6,0.3157894736842105,160.4,73.7,234.1,59.9,0.2558735583084152,124.6,49.6,174.2,0.7441264416915848,1,32,18 17 43 37 68 2,9 55 14 54 76 92 40 42 65 52 3 60 26
15,7,8,1259973.0,0.1,1,7,6,23,59.9,227.30000000000004,0,1,0,1,0,1,0,29,10,0.3448275862068966,185.2,102.0,287.19999999999993,84.80000000000001,0.29526462395543185,132.7,69.7,202.39999999999992,0.7047353760445682,1,64,18 17 43 37 68 2,75 10 64 82 12 77 87 32 24 74 47 51 100 34 48 1 56 31 78 50 46 72 89
15,7,8,1259973.0,0.1,2,3,11,8,125.59999999999998,74.9,1,0,0,1,0,1,0,19,8,0.42105263157894735,131.5,69.0,200.49999999999997,65.7,0.3276807980049876,87.3,47.5,134.79999999999995,0.6723192019950124,1,1,96 22 53 83 11 6 86 80 59 67 62,13 20 15 91 33 90 36 21
15,7,8,1259973.0,0.1,2,4,11,17,125.59999999999998,222.20000000000002,1,1,1,2,1,0,0,28,3,0.10714285714285714,227.6,120.2,347.79999999999995,41.099999999999994,0.11817136285221391,204.5,102.2,306.69999999999993,0.881828637147786,0,4,96 22 53 83 11 6 86 80 59 67 62,85 93 38 4 94 28 58 5 70 19 23 79 39 57 73 63 25
15,7,8,1259973.0,0.1,2,5,11,6,125.59999999999998,51.4,1,0,0,1,0,1,0,17,6,0.35294117647058826,113.2,63.8,177.00000000000003,62.49999999999999,0.35310734463276827,75.3,39.2,114.50000000000003,0.6468926553672317,1,1,96 22 53 83 11 6 86 80 59 67 62,84 30 27 45 49 61
15,7,8,1259973.0,0.1,2,6,11,13,125.59999999999998,174.2,1,1,1,2,1,0,0,24,1,0.041666666666666664,205.5,94.3,299.79999999999995,4.799999999999997,0.016010673782521676,202.5,92.5,294.99999999999994,0.9839893262174783,0,2,96 22 53 83 11 6 86 80 59 67 62,9 55 14 54 76 92 40 42 65 52 3 60 26
15,7,8,1259973.0,0.1,2,7,11,23,125.59999999999998,227.30000000000004,1,1,1,2,1,0,0,34,6,0.17647058823529413,230.3,122.6,352.8999999999999,44.60000000000001,0.12638141116463592,203.0,105.3,308.2999999999999,0.873618588835364,0,16,96 22 53 83 11 6 86 80 59 67 62,75 10 64 82 12 77 87 32 24 74 47 51 100 34 48 1 56 31 78 50 46 72 89
15,7,8,1259973.0,0.1,3,4,8,17,74.9,222.20000000000002,0,1,0,1,0,1,0,25,9,0.36,197.3,99.8,297.09999999999997,86.2,0.2901380006731741,141.1,69.8,210.89999999999998,0.709861999326826,1,16,13 20 15 91 33 90 36 21,85 93 38 4 94 28 58 5 70 19 23 79 39 57 73 63 25
15,7,8,1259973.0,0.1,3,5,8,6,74.9,51.4,0,0,0,1,0,1,0,14,8,0.5714285714285714,82.9,43.4,126.30000000000001,56.5,0.447347585114806,44.9,24.9,69.80000000000001,0.552652414885194,1,1,13 20 15 91 33 90 36 21,84 30 27 45 49 61
15,7,8,1259973.0,0.1,3,6,8,13,74.9,174.2,0,1,0,2,1,0,0,21,5,0.23809523809523808,175.2,73.9,249.09999999999997,33.300000000000004,0.13368125250903254,152.7,63.1,215.79999999999995,0.8663187474909674,0,8,13 20 15 91 33 90 36 21,9 55 14 54 76 92 40 42 65 52 3 60 26
15,7,8,1259973.0,0.1,3,7,8,23,74.9,227.30000000000004,0,1,0,1,0,1,0,31,10,0.3225806451612903,200.0,102.2,302.19999999999993,80.10000000000002,0.2650562541363337,146.0,76.1,222.0999999999999,0.7349437458636663,1,32,13 20 15 91 33 90 36 21,75 10 64 82 12 77 87 32 24 74 47 51 100 34 48 1 56 31 78 50 46 72 89
15,7,8,1259973.0,0.1,4,5,17,6,222.20000000000002,51.4,1,0,0,1,0,1,0,23,8,0.34782608695652173,179.0,94.6,273.59999999999997,89.9,0.3285818713450293,124.3,59.4,183.69999999999996,0.6714181286549707,1,16,85 93 38 4 94 28 58 5 70 19 23 79 39 57 73 63 25,84 30 27 45 49 61
15,7,8,1259973.0,0.1,4,6,17,13,222.20000000000002,174.2,1,1,1,2,1,0,0,30,3,0.1,271.3,125.1,396.39999999999986,45.8,0.11553985872855704,244.7,105.9,350.59999999999985,0.8844601412714429,0,4,85 93 38 4 94 28 58 5 70 19 23 79 39 57 73 63 25,9 55 14 54 76 92 40 42 65 52 3 60 26
15,7,8,1259973.0,0.1,4,7,17,23,222.20000000000002,227.30000000000004,1,1,1,2,1,0,0,40,5,0.125,296.1,153.4,449.5,77.10000000000001,0.17152391546162404,247.7,124.7,372.4,0.828476084538376,0,16,85 93 38 4 94 28 58 5 70 19 23 79 39 57 73 63 25,75 10 64 82 12 77 87 32 24 74 47 51 100 34 48 1 56 31 78 50 46 72 89
15,7,8,1259973.0,0.1,5,6,6,13,51.4,174.2,0,1,0,1,0,1,0,19,3,0.15789473684210525,156.9,68.7,225.6,37.099999999999994,0.16445035460992904,133.5,55.0,188.5,0.8355496453900709,1,4,84 30 27 45 49 61,9 55 14 54 76 92 40 42 65 52 3 60 26
15,7,8,1259973.0,0.1,5,7,6,23,51.4,227.30000000000004,0,1,0,1,0,1,0,29,9,0.3103448275862069,181.7,97.0,278.69999999999993,70.60000000000002,0.25331898098313615,136.6,71.5,208.0999999999999,0.7466810190168639,1,32,84 30 27 45 49 61,75 10 64 82 12 77 87 32 24 74 47 51 100 34 48 1 56 31 78 50 46 72 89
15,7,8,1259973.0,0.1,6,7,13,23,174.2,227.30000000000004,1,1,1,2,1,0,0,36,4,0.1111111111111111,274.0,127.5,401.49999999999994,24.900000000000016,0.062017434620174394,257.3,119.3,376.5999999999999,0.9379825653798256,0,16,9 55 14 54 76 92 40 42 65 52 3 60 26,75 10 64 82 12 77 87 32 24 74 47 51 100 34 48 1 56 31 78 50 46 72 89
16,8,7,1239020.0,0.1,0,1,7,16,61.8,199.3,0,1,0,1,0,1,0,23,9,0.391304347826087,164.2,96.9,261.1,71.29999999999998,0.2730754500191497,120.0,69.8,189.80000000000004,0.7269245499808503,1,32,13 49 21 36 45 27 88,84 30 97 95 99 41 69 7 16 81 98 35 44 43 17 18
16,8,7,1239020.0,0.1,0,2,7,23,61.8,227.4,0,1,0,1,0,1,0,30,9,0.3,184.1,105.1,289.20000000000005,70.1,0.24239280774550478,142.6,76.5,219.10000000000005,0.7576071922544952,1,32,13 49 21 36 45 27 88,72 46 56 1 48 34 100 51 47 74 24 32 87 77 12 82 64 10 71 66 29 8 75
16,8,7,1239020.0,0.1,0,3,7,16,61.8,195.8,0,1,0,1,0,1,0,23,8,0.34782608695652173,175.1,82.5,257.59999999999997,63.8,0.24767080745341616,137.3,56.5,193.79999999999995,0.7523291925465838,1,16,13 49 21 36 45 27 88,37 68 26 60 3 52 65 42 40 92 76 54 14 55 9 2
16,8,7,1239020.0,0.1,0,4,7,15,61.8,216.7,0,1,0,1,0,1,0,22,10,0.45454545454545453,180.2,98.3,278.5,91.99999999999997,0.3303411131059245,121.7,64.8,186.50000000000003,0.6696588868940755,1,32,13 49 21 36 45 27 88,25 73 63 57 79 39 23 11 70 19 5 83 53 22 62
16,8,7,1239020.0,0.1,0,5,7,17,61.8,177.90000000000003,0,1,0,1,0,1,0,24,9,0.375,154.2,85.5,239.7,72.09999999999998,0.30079265748852724,108.8,58.8,167.60000000000002,0.6992073425114728,1,32,13 49 21 36 45 27 88,89 85 67 96 86 6 80 59 93 38 4 94 28 58 31 78 50
16,8,7,1239020.0,0.1,0,6,7,6,61.8,60.00000000000001,0,0,0,1,0,1,0,13,9,0.6923076923076923,79.2,42.6,121.8,78.19999999999999,0.6420361247947454,30.7,12.9,43.60000000000001,0.3579638752052546,1,1,13 49 21 36 45 27 88,61 20 15 90 33 91
16,8,7,1239020.0,0.1,1,2,16,23,199.3,227.4,1,1,1,2,1,0,0,39,8,0.20512820512820512,274.7,152.0,426.70000000000005,86.69999999999999,0.2031872509960159,221.9,118.1,340.00000000000006,0.7968127490039841,0,32,84 30 97 95 99 41 69 7 16 81 98 35 44 43 17 18,72 46 56 1 48 34 100 51 47 74 24 32 87 77 12 82 64 10 71 66 29 8 75
16,8,7,1239020.0,0.1,1,3,16,16,199.3,195.8,1,1,1,2,1,0,0,32,5,0.15625,265.7,129.4,395.1,65.3,0.16527461402176663,226.4,103.4,329.8,0.8347253859782333,0,24,84 30 97 95 99 41 69 7 16 81 98 35 44 43 17 18,37 68 26 60 3 52 65 42 40 92 76 54 14 55 9 2
16,8,7,1239020.0,0.1,1,4,16,15,199.3,216.7,1,1,1,2,1,0,0,31,9,0.2903225806451613,270.8,145.2,416.0,92.39999999999995,0.2221153846153845,211.5,112.1,323.6,0.7778846153846154,0,32,84 30 97 95 99 41 69 7 16 81 98 35 44 43 17 18,25 73 63 57 79 39 23 11 70 19 5 83 53 22 62
16,8,7,1239020.0,0.1,1,5,16,17,199.3,177.90000000000003,1,1,1,2,1,0,0,33,8,0.24242424242424243,244.8,132.4,377.2,78.99999999999999,0.2094379639448568,194.2,104.0,298.2,0.7905620360551432,0,32,84 30 97 95 99 41 69 7 16 81 98 35 44 43 17 18,89 85 67 96 86 6 80 59 93 38 4 94 28 58 31 78 50
16,8,7,1239020.0,0.1,1,6,16,6,199.3,60.00000000000001,1,0,0,1,0,1,0,22,7,0.3181818181818182,169.8,89.5,259.3,81.89999999999999,0.3158503663709988,119.2,58.2,177.40000000000003,0.6841496336290013,1,32,84 30 97 95 99 41 69 7 16 81 98 35 44 43 17 18,61 20 15 90 33 91
16,8,7,1239020.0,0.1,2,3,23,16,227.4,195.8,1,1,1,2,1,0,0,39,5,0.1282051282051282,285.6,137.6,423.19999999999993,29.900000000000006,0.0706521739130435,267.2,126.1,393.29999999999995,0.9293478260869565,0,32,72 46 56 1 48 34 100 51 47 74 24 32 87 77 12 82 64 10 71 66 29 8 75,37 68 26 60 3 52 65 42 40 92 76 54 14 55 9 2
16,8,7,1239020.0,0.1,2,4,23,15,227.4,216.7,1,1,1,2,1,0,0,38,5,0.13157894736842105,290.7,153.4,444.09999999999997,42.199999999999974,0.09502364332357573,262.3,139.6,401.9,0.9049763566764243,0,12,72 46 56 1 48 34 100 51 47 74 24 32 87 77 12 82 64 10 71 66 29 8 75,25 73 63 57 79 39 23 11 70 19 5 83 53 22 62
16,8,7,1239020.0,0.1,2,5,23,17,227.4,177.90000000000003,1,1,1,2,1,0,0,40,4,0.1,264.7,140.6,405.3,28.900000000000002,0.07130520602023194,245.3,131.1,376.40000000000003,0.9286947939797682,0,16,72 46 56 1 48 34 100 51 47 74 24 32 87 77 12 82 64 10 71 66 29 8 75,89 85 67 96 86 6 80 59 93 38 4 94 28 58 31 78 50
16,8,7,1239020.0,0.1,2,6,23,6,227.4,60.00000000000001,1,0,0,1,0,1,0,29,8,0.27586206896551724,189.7,97.7,287.40000000000003,68.30000000000001,0.23764787752261657,142.6,76.5,219.10000000000002,0.7623521224773834,1,16,72 46 56 1 48 34 100 51 47 74 24 32 87 77 12 82 64 10 71 66 29 8 75,61 20 15 90 33 91
16,8,7,1239020.0,0.1,3,4,16,15,195.8,216.7,1,1,1,2,1,0,0,31,7,0.22580645161290322,281.7,130.8,412.5,59.09999999999998,0.14327272727272722,242.1,111.3,353.40000000000003,0.8567272727272728,0,16,37 68 26 60 3 52 65 42 40 92 76 54 14 55 9 2,25 73 63 57 79 39 23 11 70 19 5 83 53 22 62
16,8,7,1239020.0,0.1,3,5,16,17,195.8,177.90000000000003,1,1,1,2,1,0,0,33,6,0.18181818181818182,255.7,118.0,373.7,45.19999999999999,0.12095263580412093,225.3,103.2,328.5,0.879047364195879,0,32,37 68 26 60 3 52 65 42 40 92 76 54 14 55 9 2,89 85 67 96 86 6 80 59 93 38 4 94 28 58 31 78 50
16,8,7,1239020.0,0.1,3,6,16,6,195.8,60.00000000000001,1,0,0,1,0,1,0,22,7,0.3181818181818182,180.7,75.1,255.8,63.40000000000001,0.2478498827208757,137.2,55.2,192.4,0.7521501172791243,1,16,37 68 26 60 3 52 65 42 40 92 76 54 14 55 9 2,61 20 15 90 33 91
16,8,7,1239020.0,0.1,4,5,15,17,216.7,177.90000000000003,1,1,1,2,1,0,0,32,2,0.0625,260.8,133.8,394.59999999999997,14.499999999999993,0.03674607197161681,250.5,129.6,380.09999999999997,0.9632539280283832,0,8,25 73 63 57 79 39 23 11 70 19 5 83 53 22 62,89 85 67 96 86 6 80 59 93 38 4 94 28 58 31 78 50
16,8,7,1239020.0,0.1,4,6,15,6,216.7,60.00000000000001,1,0,0,1,0,1,0,21,8,0.38095238095238093,185.8,90.9,276.7,78.79999999999998,0.28478496566678707,131.8,66.1,197.9,0.7152150343332129,1,16,25 73 63 57 79 39 23 11 70 19 5 83 53 22 62,61 20 15 90 33 91
16,8,7,1239020.0,0.1,5,6,17,6,177.90000000000003,60.00000000000001,1,0,0,1,0,1,0,23,6,0.2608695652173913,159.8,78.1,237.90000000000003,53.99999999999999,0.22698612862547282,123.1,60.8,183.90000000000003,0.7730138713745272,1,16,89 85 67 96 86 6 80 59 93 38 4 94 28 58 31 78 50,61 20 15 90 33 91
17,8,8,1248724.0,0.1,0,1,23,13,227.4,174.2,1,1,1,2,1,0,0,36,2,0.05555555555555555,271.9,129.7,401.59999999999997,8.3,0.02066733067729084,267.2,126.1,393.29999999999995,0.9793326693227091,0,7,72 46 56 1 48 34 100 51 47 74 24 32 87 77 12 82 64 10 71 66 29 8 75,26 60 3 52 65 42 40 92 76 54 14 55 9
17,8,8,1248724.0,0.1,0,2,23,6,227.4,59.9,1,0,0,1,0,1,0,29,8,0.27586206896551724,183.1,104.2,287.29999999999995,68.2,0.2373825269752872,142.6,76.5,219.09999999999997,0.7626174730247128,1,64,72 46 56 1 48 34 100 51 47 74 24 32 87 77 12 82 64 10 71 66 29 8 75,18 17 43 37 68 2
17,8,8,1248724.0,0.1,0,3,23,11,227.4,134.8,1,1,1,2,1,0,0,34,4,0.11764705882352941,236.2,126.0,362.20000000000005,53.3,0.14715626725565983,202.6,106.3,308.90000000000003,0.8528437327443401,0,16,72 46 56 1 48 34 100 51 47 74 24 32 87 77 12 82 64 10 71 66 29 8 75,44 97 95 99 41 69 7 16 81 98 35
17,8,8,1248724.0,0.1,0,4,23,7,227.4,67.4,1,0,0,1,0,1,0,30,9,0.3,188.2,106.6,294.79999999999995,75.7,0.2567842605156038,142.6,76.5,219.09999999999997,0.7432157394843962,1,16,72 46 56 1 48 34 100 51 47 74 24 32 87 77 12 82 64 10 71 66 29 8 75,21 36 45 27 30 84 88
17,8,8,1248724.0,0.1,0,5,23,5,227.4,59.8,1,0,0,1,0,1,0,28,7,0.25,186.6,100.6,287.20000000000005,68.1,0.23711699164345398,142.6,76.5,219.10000000000005,0.762883008356546,1,16,72 46 56 1 48 34 100 51 47 74 24 32 87 77 12 82 64 10 71 66 29 8 75,61 15 20 49 13
17,8,8,1248724.0,0.1,0,6,23,20,227.4,198.7,1,1,1,2,1,0,0,43,5,0.11627906976744186,280.1,146.0,426.1,59.79999999999999,0.14034264257216614,239.5,126.8,366.3,0.8596573574278338,0,16,72 46 56 1 48 34 100 51 47 74 24 32 87 77 12 82 64 10 71 66 29 8 75,89 85 59 67 96 80 86 6 93 38 4 94 28 58 31 78 50 90 33 91
17,8,8,1248724.0,0.1,0,7,23,15,227.4,216.70000000000005,1,1,1,2,1,0,0,38,3,0.07894736842105263,290.7,153.4,444.09999999999997,37.800000000000004,0.08511596487277642,263.3,143.0,406.29999999999995,0.9148840351272236,0,9,72 46 56 1 48 34 100 51 47 74 24 32 87 77 12 82 64 10 71 66 29 8 75,62 22 53 83 5 19 70 11 23 39 79 57 63 73 25
17,8,8,1248724.0,0.1,1,2,13,6,174.2,59.9,1,0,0,1,0,1,0,19,6,0.3157894736842105,160.4,73.7,234.1,59.900000000000006,0.25587355830841524,124.6,49.6,174.2,0.7441264416915848,1,48,26 60 3 52 65 42 40 92 76 54 14 55 9,18 17 43 37 68 2
17,8,8,1248724.0,0.1,1,3,13,11,174.2,134.8,1,1,1,2,1,0,0,24,2,0.08333333333333333,213.5,95.5,309.0,22.9,0.07411003236245954,197.3,88.8,286.1,0.9258899676375405,0,4,26 60 3 52 65 42 40 92 76 54 14 55 9,44 97 95 99 41 69 7 16 81 98 35
17,8,8,1248724.0,0.1,1,4,13,7,174.2,67.4,1,0,0,1,0,1,0,20,7,0.35,165.5,76.1,241.59999999999997,67.4,0.2789735099337749,124.6,49.6,174.19999999999996,0.7210264900662251,1,8,26 60 3 52 65 42 40 92 76 54 14 55 9,21 36 45 27 30 84 88
17,8,8,1248724.0,0.1,1,5,13,5,174.2,59.8,1,0,0,1,0,1,0,18,4,0.2222222222222222,163.9,70.1,234.00000000000003,46.5,0.1987179487179487,132.7,54.8,187.50000000000003,0.8012820512820513,1,4,26 60 3 52 65 42 40 92 76 54 14 55 9,61 15 20 49 13
17,8,8,1248724.0,0.1,1,6,13,20,174.2,198.7,1,1,1,2,1,0,0,33,5,0.15151515151515152,257.4,115.5,372.9,42.299999999999976,0.11343523732904258,226.4,104.2,330.6,0.8865647626709575,0,16,26 60 3 52 65 42 40 92 76 54 14 55 9,89 85 59 67 96 80 86 6 93 38 4 94 28 58 31 78 50 90 33 91
17,8,8,1248724.0,0.1,1,7,13,15,174.2,216.70000000000005,1,1,1,2,1,0,0,28,2,0.07142857142857142,268.0,122.9,390.9,18.599999999999994,0.04758250191864926,253.5,118.8,372.29999999999995,0.9524174980813507,0,4,26 60 3 52 65 42 40 92 76 54 14 55 9,62 22 53 83 5 19 70 11 23 39 79 57 63 73 25
17,8,8,1248724.0,0.1,2,3,6,11,59.9,134.8,0,1,0,1,0,1,0,17,5,0.29411764705882354,124.7,70.0,194.7,84.1,0.43194658448895734,72.9,37.7,110.6,0.5680534155110426,1,1,18 17 43 37 68 2,44 97 95 99 41 69 7 16 81 98 35
17,8,8,1248724.0,0.1,2,4,6,7,59.9,67.4,0,0,0,0,0,1,1,13,13,1.0,76.7,50.6,127.30000000000001,127.30000000000001,1.0,0.0,0.0,0.0,0.0,1,0,18 17 43 37 68 2,21 36 45 27 30 84 88
17,8,8,1248724.0,0.1,2,5,6,5,59.9,59.8,0,0,0,1,0,1,0,11,10,0.9090909090909091,75.1,44.6,119.69999999999999,106.4,0.8888888888888891,8.1,5.2,13.299999999999983,0.11111111111111098,1,1,18 17 43 37 68 2,61 15 20 49 13
17,8,8,1248724.0,0.1,2,6,6,20,59.9,198.7,0,1,0,1,0,1,0,26,10,0.38461538461538464,168.6,90.0,258.6,103.99999999999999,0.40216550657385913,104.5,50.1,154.60000000000002,0.5978344934261408,1,64,18 17 43 37 68 2,89 85 59 67 96 80 86 6 93 38 4 94 28 58 31 78 50 90 33 91
17,8,8,1248724.0,0.1,2,7,6,15,59.9,216.70000000000005,0,1,0,1,0,1,0,21,9,0.42857142857142855,179.2,97.4,276.6,98.9,0.35755603759942156,115.2,62.5,177.70000000000002,0.6424439624005784,1,64,18 17 43 37 68 2,62 22 53 83 5 19 70 11 23 39 79 57 63 73 25
17,8,8,1248724.0,0.1,3,4,11,7,134.8,67.4,1,0,0,1,0,1,0,18,7,0.3888888888888889,129.8,72.4,202.2,60.900000000000006,0.30118694362017806,92.0,49.3,141.29999999999998,0.6988130563798219,1,1,44 97 95 99 41 69 7 16 81 98 35,21 36 45 27 30 84 88
17,8,8,1248724.0,0.1,3,5,11,5,134.8,59.8,1,0,0,1,0,1,0,16,5,0.3125,128.2,66.4,194.60000000000002,70.1,0.3602261048304213,82.0,42.5,124.50000000000003,0.6397738951695787,1,1,44 97 95 99 41 69 7 16 81 98 35,61 15 20 49 13
17,8,8,1248724.0,0.1,3,6,11,20,134.8,198.7,1,1,1,2,1,0,0,31,5,0.16129032258064516,221.7,111.8,333.5,69.1,0.20719640179910043,175.6,88.8,264.4,0.7928035982008995,0,32,44 97 95 99 41 69 7 16 81 98 35,89 85 59 67 96 80 86 6 93 38 4 94 28 58 31 78 50 90 33 91
17,8,8,1248724.0,0.1,3,7,11,15,134.8,216.70000000000005,1,1,1,2,1,0,0,26,4,0.15384615384615385,232.3,119.2,351.4999999999999,63.599999999999994,0.18093883357041257,188.9,99.0,287.89999999999986,0.8190611664295874,0,16,44 97 95 99 41 69 7 16 81 98 35,62 22 53 83 5 19 70 11 23 39 79 57 63 73 25
17,8,8,1248724.0,0.1,4,5,7,5,67.4,59.8,0,0,0,1,0,1,0,12,11,0.9166666666666666,80.2,47.0,127.19999999999999,113.9,0.8954402515723272,8.1,5.2,13.299999999999983,0.10455974842767284,1,1,21 36 45 27 30 84 88,61 15 20 49 13
17,8,8,1248724.0,0.1,4,6,7,20,67.4,198.7,0,1,0,1,0,1,0,27,11,0.4074074074074074,173.7,92.4,266.09999999999997,111.5,0.41901540774145063,104.5,50.1,154.59999999999997,0.5809845922585494,1,32,21 36 45 27 30 84 88,89 85 59 67 96 80 86 6 93 38 4 94 28 58 31 78 50 90 33 91
17,8,8,1248724.0,0.1,4,7,7,15,67.4,216.70000000000005,0,1,0,1,0,1,0,22,10,0.45454545454545453,184.3,99.8,284.09999999999997,106.4,0.37451601548750446,115.2,62.5,177.69999999999996,0.6254839845124955,1,16,21 36 45 27 30 84 88,62 22 53 83 5 19 70 11 23 39 79 57 63 73 25
17,8,8,1248724.0,0.1,5,6,5,20,59.8,198.7,0,1,0,1,0,1,0,25,6,0.24,172.1,86.4,258.5,59.19999999999999,0.2290135396518375,132.3,67.0,199.3,0.7709864603481625,1,16,61 15 20 49 13,89 85 59 67 96 80 86 6 93 38 4 94 28 58 31 78 50 90 33 91
17,8,8,1248724.0,0.1,5,7,5,15,59.8,216.70000000000005,0,1,0,1,0,1,0,20,6,0.3,182.7,93.8,276.5,70.5,0.2549728752260398,135.6,70.4,206.0,0.7450271247739603,1,16,61 15 20 49 13,62 22 53 83 5 19 70 11 23 39 79 57 63 73 25
17,8,8,1248724.0,0.1,6,7,20,15,198.7,216.70000000000005,1,1,1,2,1,0,0,35,5,0.14285714285714285,276.2,139.2,415.3999999999999,53.69999999999998,0.12927298988926333,240.0,121.7,361.69999999999993,0.8707270101107366,0,16,89 85 59 67 96 80 86 6 93 38 4 94 28 58 31 78 50 90 33 91,62 22 53 83 5 19 70 11 23 39 79 57 63 73 25
18,9,7,1247055.0,0.1,0,1,18,15,225.4,210.0,1,1,1,2,1,0,0,33,1,0.030303030303030304,297.2,138.2,435.4,15.400000000000006,0.03536977491961416,287.7,132.3,420.0,0.9646302250803859,0,3,93 78 31 38 4 28 58 94 5 19 70 11 23 79 39 57 73 63,25 9 55 14 54 76 92 40 42 65 52 3 60 26 2
18,9,7,1247055.0,0.1,0,2,18,6,225.4,66.2,1,0,0,2,1,0,0,24,3,0.125,188.4,103.2,291.6,38.599999999999994,0.1323731138545953,166.0,87.0,253.00000000000003,0.8676268861454047,0,8,93 78 31 38 4 28 58 94 5 19 70 11 23 79 39 57 73 63,18 88 43 17 37 68
18,9,7,1247055.0,0.1,0,3,18,18,225.4,205.60000000000002,1,1,1,2,1,0,0,36,3,0.08333333333333333,283.7,147.3,431.0,32.60000000000002,0.07563805104408358,261.6,136.8,398.4,0.9243619489559164,0,8,93 78 31 38 4 28 58 94 5 19 70 11 23 79 39 57 73 63,35 98 81 16 7 69 41 99 95 44 97 84 30 27 45 21 20 13
18,9,7,1247055.0,0.1,0,4,18,12,225.4,138.50000000000003,1,1,1,2,1,0,0,30,2,0.06666666666666667,238.6,125.3,363.9,13.899999999999999,0.038197306952459466,228.5,121.5,350.0,0.9618026930475406,0,6,93 78 31 38 4 28 58 94 5 19 70 11 23 79 39 57 73 63,89 85 59 80 86 6 83 53 22 96 67 62
18,9,7,1247055.0,0.1,0,5,18,6,225.4,61.199999999999996,1,0,0,2,1,0,0,24,3,0.125,192.8,93.8,286.6,24.299999999999997,0.0847871598046057,177.2,85.1,262.3,0.9152128401953943,0,4,93 78 31 38 4 28 58 94 5 19 70 11 23 79 39 57 73 63,50 33 91 15 49 61
18,9,7,1247055.0,0.1,0,6,18,25,225.4,232.0,1,1,1,2,1,0,0,43,5,0.11627906976744186,299.3,158.1,457.40000000000003,15.899999999999995,0.034761696545693034,290.0,151.5,441.50000000000006,0.9652383034543071,0,16,93 78 31 38 4 28 58 94 5 19 70 11 23 79 39 57 73 63,72 46 56 1 48 34 100 51 47 74 24 32 87 77 12 82 64 10 71 66 29 8 75 90 36
18,9,7,1247055.0,0.1,1,2,15,6,210.0,66.2,1,0,0,2,1,0,0,21,2,0.09523809523809523,186.8,89.4,276.2,35.599999999999994,0.1288921071687183,166.4,74.2,240.6,0.8711078928312816,0,4,25 9 55 14 54 76 92 40 42 65 52 3 60 26 2,18 88 43 17 37 68
18,9,7,1247055.0,0.1,1,3,15,18,210.0,205.60000000000002,1,1,1,2,1,0,0,33,2,0.06060606060606061,282.1,133.5,415.6,29.700000000000017,0.07146294513955731,262.0,123.9,385.9,0.9285370548604426,0,4,25 9 55 14 54 76 92 40 42 65 52 3 60 26 2,35 98 81 16 7 69 41 99 95 44 97 84 30 27 45 21 20 13
18,9,7,1247055.0,0.1,1,4,15,12,210.0,138.50000000000003,1,1,1,2,1,0,0,27,2,0.07407407407407407,237.0,111.5,348.5,26.300000000000004,0.07546628407460547,219.4,102.8,322.2,0.9245337159253945,0,7,25 9 55 14 54 76 92 40 42 65 52 3 60 26 2,89 85 59 80 86 6 83 53 22 96 67 62
18,9,7,1247055.0,0.1,1,5,15,6,210.0,61.199999999999996,1,0,0,2,1,0,0,21,3,0.14285714285714285,191.2,80.0,271.2,36.7,0.13532448377581122,168.1,66.4,234.5,0.8646755162241888,0,4,25 9 55 14 54 76 92 40 42 65 52 3 60 26 2,50 33 91 15 49 61
18,9,7,1247055.0,0.1,1,6,15,25,210.0,232.0,1,1,1,2,1,0,0,40,5,0.125,297.7,144.3,441.99999999999994,28.3,0.06402714932126698,280.9,132.8,413.69999999999993,0.935972850678733,0,16,25 9 55 14 54 76 92 40 42 65 52 3 60 26 2,72 46 56 1 48 34 100 51 47 74 24 32 87 77 12 82 64 10 71 66 29 8 75 90 36
18,9,7,1247055.0,0.1,2,3,6,18,66.2,205.60000000000002,0,1,0,2,1,0,0,24,2,0.08333333333333333,173.3,98.5,271.79999999999995,17.600000000000023,0.06475349521707147,160.6,93.6,254.19999999999993,0.9352465047829285,0,4,18 88 43 17 37 68,35 98 81 16 7 69 41 99 95 44 97 84 30 27 45 21 20 13
18,9,7,1247055.0,0.1,2,4,6,12,66.2,138.50000000000003,0,1,0,1,0,1,0,18,3,0.16666666666666666,128.2,76.5,204.70000000000002,39.30000000000001,0.19198827552515882,104.0,61.4,165.4,0.8080117244748412,1,1,18 88 43 17 37 68,89 85 59 80 86 6 83 53 22 96 67 62
18,9,7,1247055.0,0.1,2,5,6,6,66.2,61.199999999999996,0,0,0,1,0,1,0,12,2,0.16666666666666666,82.4,45.0,127.4,28.3,0.22213500784929355,66.2,32.9,99.10000000000001,0.7778649921507065,1,1,18 88 43 17 37 68,50 33 91 15 49 61
18,9,7,1247055.0,0.1,2,6,6,25,66.2,232.0,0,1,0,2,1,0,0,31,4,0.12903225806451613,188.9,109.3,298.20000000000005,40.699999999999996,0.13648558014755194,165.4,92.1,257.50000000000006,0.863514419852448,0,16,18 88 43 17 37 68,72 46 56 1 48 34 100 51 47 74 24 32 87 77 12 82 64 10 71 66 29 8 75 90 36
18,9,7,1247055.0,0.1,3,4,18,12,205.60000000000002,138.50000000000003,1,1,1,2,1,0,0,30,3,0.1,223.5,120.6,344.1,32.60000000000002,0.09473990119151415,201.4,110.1,311.5,0.9052600988084858,0,8,35 98 81 16 7 69 41 99 95 44 97 84 30 27 45 21 20 13,89 85 59 80 86 6 83 53 22 96 67 62
18,9,7,1247055.0,0.1,3,5,18,6,205.60000000000002,61.199999999999996,1,0,0,2,1,0,0,24,2,0.08333333333333333,177.7,89.1,266.8,18.30000000000001,0.0685907046476762,166.2,82.3,248.5,0.9314092953523238,0,4,35 98 81 16 7 69 41 99 95 44 97 84 30 27 45 21 20 13,50 33 91 15 49 61
18,9,7,1247055.0,0.1,3,6,18,25,205.60000000000002,232.0,1,1,1,2,1,0,0,43,4,0.09302325581395349,284.2,153.4,437.6,35.00000000000002,0.07998171846435105,260.7,141.9,402.6,0.920018281535649,0,16,35 98 81 16 7 69 41 99 95 44 97 84 30 27 45 21 20 13,72 46 56 1 48 34 100 51 47 74 24 32 87 77 12 82 64 10 71 66 29 8 75 90 36
18,9,7,1247055.0,0.1,4,5,12,6,138.50000000000003,61.199999999999996,1,0,0,1,0,1,0,18,3,0.16666666666666666,132.6,67.1,199.70000000000002,24.10000000000001,0.12068102153229848,117.4,58.2,175.60000000000002,0.8793189784677016,1,1,89 85 59 80 86 6 83 53 22 96 67 62,50 33 91 15 49 61
18,9,7,1247055.0,0.1,4,6,12,25,138.50000000000003,232.0,1,1,1,2,1,0,0,37,4,0.10810810810810811,239.1,131.4,370.5000000000001,22.00000000000001,0.05937921727395413,224.7,123.8,348.5000000000001,0.9406207827260459,0,8,89 85 59 80 86 6 83 53 22 96 67 62,72 46 56 1 48 34 100 51 47 74 24 32 87 77 12 82 64 10 71 66 29 8 75 90 36
18,9,7,1247055.0,0.1,5,6,6,25,61.199999999999996,232.0,0,1,0,2,1,0,0,31,4,0.12903225806451613,193.3,99.9,293.20000000000005,26.199999999999996,0.08935879945429738,176.8,90.2,267.00000000000006,0.9106412005457026,0,8,50 33 91 15 49 61,72 46 56 1 48 34 100 51 47 74 24 32 87 77 12 82 64 10 71 66 29 8 75 90 36
19,9,8,1273033.0,0.1,0,1,25,14,232.00000000000003,213.89999999999998,1,1,1,2,1,0,0,39,5,0.1282051282051282,291.7,154.2,445.9,27.900000000000013,0.06257008297824627,272.1,145.9,417.99999999999994,0.9374299170217537,0,64,36 90 75 8 29 66 71 10 64 82 12 77 87 32 24 74 47 51 100 34 48 1 56 46 72,25 63 73 57 39 79 23 11 70 19 5 83 53 22
19,9,8,1273033.0,0.1,0,2,25,11,232.00000000000003,107.5,1,1,1,2,1,0,0,36,6,0.16666666666666666,223.1,116.4,339.5,44.30000000000002,0.13048600883652436,196.1,99.1,295.2,0.8695139911634757,0,64,36 90 75 8 29 66 71 10 64 82 12 77 87 32 24 74 47 51 100 34 48 1 56 46 72,50 78 31 38 4 28 58 94 93 85 89
19,9,8,1273033.0,0.1,0,3,25,7,232.00000000000003,82.40000000000002,1,1,1,1,0,1,0,32,11,0.34375,198.6,115.8,314.4,95.30000000000004,0.30311704834605613,142.6,76.5,219.09999999999994,0.6968829516539439,1,64,36 90 75 8 29 66 71 10 64 82 12 77 87 32 24 74 47 51 100 34 48 1 56 46 72,21 45 27 88 43 17 2
19,9,8,1273033.0,0.1,0,4,25,14,232.00000000000003,171.0,1,1,1,2,1,0,0,39,9,0.23076923076923078,261.1,141.9,403.0,78.20000000000002,0.194044665012407,213.8,111.0,324.79999999999995,0.805955334987593,0,64,36 90 75 8 29 66 71 10 64 82 12 77 87 32 24 74 47 51 100 34 48 1 56 46 72,35 98 81 16 7 69 41 99 95 44 97 30 84 18
19,9,8,1273033.0,0.1,0,5,25,7,232.00000000000003,73.2,1,0,0,2,1,0,0,32,8,0.25,195.7,109.5,305.2,64.10000000000002,0.21002621231979038,157.3,83.8,241.09999999999997,0.7899737876802096,0,64,36 90 75 8 29 66 71 10 64 82 12 77 87 32 24 74 47 51 100 34 48 1 56 46 72,62 67 59 80 6 86 96
19,9,8,1273033.0,0.1,0,6,25,7,232.00000000000003,78.5,1,1,1,1,0,1,0,32,9,0.28125,203.5,107.0,310.5,83.4,0.26859903381642514,147.0,80.1,227.1,0.7314009661835749,1,64,36 90 75 8 29 66 71 10 64 82 12 77 87 32 24 74 47 51 100 34 48 1 56 46 72,13 49 33 91 15 20 61
19,9,8,1273033.0,0.1,0,7,25,15,232.00000000000003,180.39999999999998,1,1,1,2,1,0,0,40,6,0.15,278.7,133.7,412.4,19.100000000000012,0.0463142580019399,267.2,126.1,393.29999999999995,0.9536857419980601,0,64,36 90 75 8 29 66 71 10 64 82 12 77 87 32 24 74 47 51 100 34 48 1 56 46 72,37 68 9 55 14 54 76 92 40 42 65 52 3 60 26
19,9,8,1273033.0,0.1,1,2,14,11,213.89999999999998,107.5,1,1,1,2,1,0,0,25,2,0.08,215.0,106.4,321.4,31.400000000000006,0.09769757311761047,195.3,94.7,290.0,0.9023024268823896,0,8,25 63 73 57 39 79 23 11 70 19 5 83 53 22,50 78 31 38 4 28 58 94 93 85 89
19,9,8,1273033.0,0.1,1,3,14,7,213.89999999999998,82.40000000000002,1,1,1,1,0,1,0,21,8,0.38095238095238093,190.5,105.8,296.29999999999995,97.40000000000002,0.32872089098886276,129.5,69.4,198.89999999999992,0.6712791090111372,1,32,25 63 73 57 39 79 23 11 70 19 5 83 53 22,21 45 27 88 43 17 2
19,9,8,1273033.0,0.1,1,4,14,14,213.89999999999998,171.0,1,1,1,2,1,0,0,28,6,0.21428571428571427,253.0,131.9,384.9,80.3,0.2086256170433879,200.7,103.9,304.59999999999997,0.7913743829566121,0,24,25 63 73 57 39 79 23 11 70 19 5 83 53 22,35 98 81 16 7 69 41 99 95 44 97 30 84 18
19,9,8,1273033.0,0.1,1,5,14,7,213.89999999999998,73.2,1,0,0,2,1,0,0,21,3,0.14285714285714285,187.6,99.5,287.1,39.400000000000006,0.13723441309648207,164.7,83.0,247.70000000000002,0.8627655869035179,0,2,25 63 73 57 39 79 23 11 70 19 5 83 53 22,62 67 59 80 6 86 96
19,9,8,1273033.0,0.1,1,6,14,7,213.89999999999998,78.5,1,1,1,1,0,1,0,21,7,0.3333333333333333,195.4,97.0,292.4,82.6,0.28248974008207933,136.5,73.3,209.79999999999998,0.7175102599179206,1,16,25 63 73 57 39 79 23 11 70 19 5 83 53 22,13 49 33 91 15 20 61
19,9,8,1273033.0,0.1,1,7,14,15,213.89999999999998,180.39999999999998,1,1,1,2,1,0,0,29,3,0.10344827586206896,270.6,123.7,394.2999999999999,21.2,0.05376616789246768,254.1,119.0,373.0999999999999,0.9462338321075323,0,8,25 63 73 57 39 79 23 11 70 19 5 83 53 22,37 68 9 55 14 54 76 92 40 42 65 52 3 60 26
19,9,8,1273033.0,0.1,2,3,11,7,107.5,82.40000000000002,1,1,1,1,0,1,0,18,9,0.5,121.9,68.0,189.9,113.80000000000003,0.5992627698788837,53.5,22.6,76.09999999999998,0.4007372301211163,1,1,50 78 31 38 4 28 58 94 93 85 89,21 45 27 88 43 17 2
19,9,8,1273033.0,0.1,2,4,11,14,107.5,171.0,1,1,1,1,0,1,0,25,7,0.28,184.4,94.1,278.5,96.7,0.3472172351885099,124.7,57.1,181.8,0.6527827648114901,1,32,50 78 31 38 4 28 58 94 93 85 89,35 98 81 16 7 69 41 99 95 44 97 30 84 18
19,9,8,1273033.0,0.1,2,5,11,7,107.5,73.2,1,0,0,1,0,1,0,18,2,0.1111111111111111,119.0,61.7,180.7,22.700000000000003,0.12562257885998895,102.7,55.3,158.0,0.8743774211400112,1,1,50 78 31 38 4 28 58 94 93 85 89,62 67 59 80 6 86 96
19,9,8,1273033.0,0.1,2,6,11,7,107.5,78.5,1,1,1,1,0,1,0,18,7,0.3888888888888889,126.8,59.2,186.00000000000003,97.4,0.5236559139784945,61.7,26.9,88.60000000000002,0.4763440860215054,1,1,50 78 31 38 4 28 58 94 93 85 89,13 49 33 91 15 20 61
19,9,8,1273033.0,0.1,2,7,11,15,107.5,180.39999999999998,1,1,1,2,1,0,0,26,4,0.15384615384615385,202.0,85.9,287.9,37.60000000000001,0.1306009030913512,178.1,72.2,250.29999999999995,0.8693990969086487,0,24,50 78 31 38 4 28 58 94 93 85 89,37 68 9 55 14 54 76 92 40 42 65 52 3 60 26
19,9,8,1273033.0,0.1,3,4,7,14,82.40000000000002,171.0,1,1,1,1,0,1,0,21,5,0.23809523809523808,159.9,93.5,253.4,72.3,0.2853196527229676,115.0,66.1,181.10000000000002,0.7146803472770324,1,16,21 45 27 88 43 17 2,35 98 81 16 7 69 41 99 95 44 97 30 84 18
19,9,8,1273033.0,0.1,3,5,7,7,82.40000000000002,73.2,1,0,0,1,0,1,0,14,11,0.7857142857142857,94.5,61.1,155.6,133.60000000000002,0.8586118251928022,14.7,7.3,21.99999999999997,0.14138817480719776,1,1,21 45 27 88 43 17 2,62 67 59 80 6 86 96
19,9,8,1273033.0,0.1,3,6,7,7,82.40000000000002,78.5,1,1,1,1,0,1,0,14,9,0.6428571428571429,102.3,58.6,160.9,125.7,0.781230577998757,21.5,13.7,35.2,0.21876942200124302,1,1,21 45 27 88 43 17 2,13 49 33 91 15 20 61
19,9,8,1273033.0,0.1,3,7,7,15,82.40000000000002,180.39999999999998,1,1,1,1,0,1,0,22,7,0.3181818181818182,177.5,85.3,262.79999999999995,82.40000000000002,0.3135464231354644,128.8,51.6,180.39999999999992,0.6864535768645356,1,8,21 45 27 88 43 17 2,37 68 9 55 14 54 76 92 40 42 65 52 3 60 26
19,9,8,1273033.0,0.1,4,5,14,7,171.0,73.2,1,0,0,1,0,1,0,21,9,0.42857142857142855,157.0,87.2,244.20000000000005,116.5,0.477067977067977,85.9,41.8,127.70000000000005,0.522932022932023,1,32,35 98 81 16 7 69 41 99 95 44 97 30 84 18,62 67 59 80 6 86 96
19,9,8,1273033.0,0.1,4,6,14,7,171.0,78.5,1,1,1,1,0,1,0,21,7,0.3333333333333333,164.8,84.7,249.50000000000003,87.29999999999998,0.3498997995991983,108.3,53.9,162.20000000000005,0.6501002004008017,1,16,35 98 81 16 7 69 41 99 95 44 97 30 84 18,13 49 33 91 15 20 61
19,9,8,1273033.0,0.1,4,7,14,15,171.0,180.39999999999998,1,1,1,2,1,0,0,29,3,0.10344827586206896,240.0,111.4,351.3999999999999,36.19999999999999,0.10301650540694364,217.7,97.5,315.19999999999993,0.8969834945930564,0,8,35 98 81 16 7 69 41 99 95 44 97 30 84 18,37 68 9 55 14 54 76 92 40 42 65 52 3 60 26
19,9,8,1273033.0,0.1,5,6,7,7,73.2,78.5,0,1,0,1,0,1,0,14,8,0.5714285714285714,99.4,52.3,151.70000000000002,105.4,0.6947923533289386,31.1,15.2,46.30000000000001,0.3052076466710614,1,1,62 67 59 80 6 86 96,13 49 33 91 15 20 61
19,9,8,1273033.0,0.1,5,7,7,15,73.2,180.39999999999998,0,1,0,1,0,1,0,22,6,0.2727272727272727,174.6,79.0,253.6,57.400000000000006,0.22634069400630918,139.3,56.9,196.2,0.7736593059936908,1,16,62 67 59 80 6 86 96,37 68 9 55 14 54 76 92 40 42 65 52 3 60 26
19,9,8,1273033.0,0.1,6,7,7,15,78.5,180.39999999999998,1,1,1,1,0,1,0,22,6,0.2727272727272727,182.4,76.5,258.9,59.2,0.2286597141753573,141.4,58.3,199.7,0.7713402858246428,1,16,13 49 33 91 15 20 61,37 68 9 55 14 54 76 92 40 42 65 52 3 60 26
20,10,7,1249913.0,0.1,0,1,14,7,194.6,61.8,1,0,0,1,0,1,0,21,6,0.2857142857142857,175.1,81.3,256.40000000000003,48.5,0.18915756630265207,146.4,61.5,207.90000000000003,0.8108424336973479,1,16,25 9 55 14 54 76 92 40 42 65 52 3 60 26,88 27 45 36 21 49 13
20,10,7,1249913.0,0.1,0,2,14,13,194.6,161.0,1,1,1,2,1,0,0,27,3,0.1111111111111111,243.6,112.0,355.59999999999997,34.099999999999994,0.09589426321709786,220.4,101.1,321.5,0.9041057367829022,0,8,25 9 55 14 54 76 92 40 42 65 52 3 60 26,44 35 98 81 16 7 69 41 99 95 97 30 84
20,10,7,1249913.0,0.1,0,3,14,17,194.6,214.89999999999998,1,1,1,2,1,0,0,31,1,0.03225806451612903,281.0,128.5,409.5,3.5999999999999943,0.008791208791208777,278.8,127.1,405.9,0.9912087912087911,0,2,25 9 55 14 54 76 92 40 42 65 52 3 60 26,63 73 57 79 39 23 11 70 19 5 38 4 94 28 58 31 78
20,10,7,1249913.0,0.1,0,4,14,20,194.6,219.30000000000004,1,1,1,2,1,0,0,34,4,0.11764705882352941,285.1,128.8,413.9,38.70000000000002,0.09350084561488287,259.6,115.6,375.19999999999993,0.9064991543851171,0,8,25 9 55 14 54 76 92 40 42 65 52 3 60 26,61 20 15 91 33 90 50 93 80 86 6 83 53 22 96 62 67 59 85 89
20,10,7,1249913.0,0.1,0,5,14,23,194.6,227.40000000000003,1,1,1,2,1,0,0,37,2,0.05405405405405406,285.6,136.4,421.9999999999999,8.300000000000011,0.019668246445497663,280.9,132.8,413.6999999999999,0.9803317535545023,0,6,25 9 55 14 54 76 92 40 42 65 52 3 60 26,75 8 29 66 71 10 64 82 12 77 87 32 24 74 47 51 34 100 48 1 56 46 72
20,10,7,1249913.0,0.1,0,6,14,6,194.6,59.9,1,0,0,1,0,1,0,20,6,0.3,174.1,80.4,254.5,59.900000000000006,0.23536345776031437,138.3,56.3,194.6,0.7646365422396857,1,32,25 9 55 14 54 76 92 40 42 65 52 3 60 26,18 17 43 37 68 2
20,10,7,1249913.0,0.1,1,2,7,13,61.8,161.0,0,1,0,1,0,1,0,20,6,0.3,142.1,80.7,222.8,38.19999999999999,0.17145421903052058,118.7,65.9,184.60000000000002,0.8285457809694794,1,1,88 27 45 36 21 49 13,44 35 98 81 16 7 69 41 99 95 97 30 84
20,10,7,1249913.0,0.1,1,3,7,17,61.8,214.89999999999998,0,1,0,1,0,1,0,24,8,0.3333333333333333,179.5,97.2,276.7,70.6,0.25514998192988797,137.2,68.9,206.1,0.7448500180701121,1,16,88 27 45 36 21 49 13,63 73 57 79 39 23 11 70 19 5 38 4 94 28 58 31 78
20,10,7,1249913.0,0.1,1,4,7,20,61.8,219.30000000000004,0,1,0,1,0,1,0,27,9,0.3333333333333333,183.6,97.5,281.1,82.70000000000002,0.2942013518320883,134.7,63.7,198.4,0.7057986481679117,1,16,88 27 45 36 21 49 13,61 20 15 91 33 90 50 93 80 86 6 83 53 22 96 62 67 59 85 89
20,10,7,1249913.0,0.1,1,5,7,23,61.8,227.40000000000003,0,1,0,1,0,1,0,30,9,0.3,184.1,105.1,289.19999999999993,70.10000000000001,0.24239280774550492,142.6,76.5,219.0999999999999,0.757607192254495,1,16,88 27 45 36 21 49 13,75 8 29 66 71 10 64 82 12 77 87 32 24 74 47 51 34 100 48 1 56 46 72
20,10,7,1249913.0,0.1,1,6,7,6,61.8,59.9,0,0,0,1,0,1,0,13,11,0.8461538461538461,72.6,49.1,121.7,86.69999999999999,0.7124075595727197,20.8,14.2,35.000000000000014,0.2875924404272803,1,1,88 27 45 36 21 49 13,18 17 43 37 68 2
20,10,7,1249913.0,0.1,2,3,13,17,161.0,214.89999999999998,1,1,1,2,1,0,0,30,4,0.13333333333333333,248.0,127.9,375.9,48.29999999999998,0.12849162011173182,218.0,109.6,327.6,0.8715083798882682,0,8,44 35 98 81 16 7 69 41 99 95 97 30 84,63 73 57 79 39 23 11 70 19 5 38 4 94 28 58 31 78
20,10,7,1249913.0,0.1,2,4,13,20,161.0,219.30000000000004,1,1,1,2,1,0,0,33,6,0.18181818181818182,252.1,128.2,380.29999999999995,61.20000000000001,0.16092558506442287,214.7,104.4,319.09999999999997,0.8390744149355772,0,16,44 35 98 81 16 7 69 41 99 95 97 30 84,61 20 15 91 33 90 50 93 80 86 6 83 53 22 96 62 67 59 85 89
20,10,7,1249913.0,0.1,2,5,13,23,161.0,227.40000000000003,1,1,1,2,1,0,0,36,6,0.16666666666666666,252.6,135.8,388.3999999999999,51.1,0.13156539649845522,220.2,117.1,337.2999999999999,0.8684346035015447,0,16,44 35 98 81 16 7 69 41 99 95 97 30 84,75 8 29 66 71 10 64 82 12 77 87 32 24 74 47 51 34 100 48 1 56 46 72
20,10,7,1249913.0,0.1,2,6,13,6,161.0,59.9,1,0,0,1,0,1,0,19,7,0.3684210526315789,141.1,79.8,220.9,69.6,0.3150746944318696,98.2,53.1,151.3,0.6849253055681304,1,1,44 35 98 81 16 7 69 41 99 95 97 30 84,18 17 43 37 68 2
20,10,7,1249913.0,0.1,3,4,17,20,214.89999999999998,219.30000000000004,1,1,1,2,1,0,0,37,5,0.13513513513513514,289.5,144.7,434.2,49.40000000000002,0.11377245508982041,258.2,126.6,384.79999999999995,0.8862275449101795,0,8,63 73 57 79 39 23 11 70 19 5 38 4 94 28 58 31 78,61 20 15 91 33 90 50 93 80 86 6 83 53 22 96 62 67 59 85 89
20,10,7,1249913.0,0.1,3,5,17,23,214.89999999999998,227.40000000000003,1,1,1,2,1,0,0,40,2,0.05,290.0,152.3,442.3,20.900000000000006,0.04725299570427313,277.2,144.2,421.4,0.9527470042957268,0,6,63 73 57 79 39 23 11 70 19 5 38 4 94 28 58 31 78,75 8 29 66 71 10 64 82 12 77 87 32 24 74 47 51 34 100 48 1 56 46 72
20,10,7,1249913.0,0.1,3,6,17,6,214.89999999999998,59.9,1,0,0,1,0,1,0,23,8,0.34782608695652173,178.5,96.3,274.79999999999995,82.0,0.2983988355167395,129.1,63.7,192.79999999999995,0.7016011644832605,1,32,63 73 57 79 39 23 11 70 19 5 38 4 94 28 58 31 78,18 17 43 37 68 2
20,10,7,1249913.0,0.1,4,5,20,23,219.30000000000004,227.40000000000003,1,1,1,2,1,0,0,43,5,0.11627906976744186,294.1,152.6,446.7,56.50000000000003,0.1264830982762481,258.7,131.5,390.19999999999993,0.8735169017237518,0,8,61 20 15 91 33 90 50 93 80 86 6 83 53 22 96 62 67 59 85 89,75 8 29 66 71 10 64 82 12 77 87 32 24 74 47 51 34 100 48 1 56 46 72
20,10,7,1249913.0,0.1,4,6,20,6,219.30000000000004,59.9,1,0,0,1,0,1,0,26,8,0.3076923076923077,182.6,96.6,279.2,97.50000000000001,0.3492120343839542,123.4,58.3,181.7,0.6507879656160458,1,32,61 20 15 91 33 90 50 93 80 86 6 83 53 22 96 62 67 59 85 89,18 17 43 37 68 2
20,10,7,1249913.0,0.1,5,6,23,6,227.40000000000003,59.9,1,0,0,1,0,1,0,29,9,0.3103448275862069,183.1,104.2,287.29999999999995,74.00000000000003,0.25757048381482783,138.7,74.6,213.29999999999993,0.7424295161851722,1,32,75 8 29 66 71 10 64 82 12 77 87 32 24 74 47 51 34 100 48 1 56 46 72,18 17 43 37 68 2
21,10,8,1274465.0,0.1,0,1,14,17,194.6,180.1,1,1,1,2,1,0,0,31,6,0.1935483870967742,258.1,116.6,374.7,45.19999999999998,0.12062983720309577,226.7,102.8,329.5,0.8793701627969042,0,16,25 9 55 14 54 76 92 40 42 65 52 3 60 26,89 85 59 67 62 96 22 53 83 6 86 80 93 50 90 33 91
21,10,8,1274465.0,0.1,0,2,14,5,194.6,59.8,1,0,0,1,0,1,0,19,5,0.2631578947368421,177.6,76.8,254.40000000000003,59.8,0.23506289308176095,138.3,56.3,194.60000000000002,0.764937106918239,1,8,25 9 55 14 54 76 92 40 42 65 52 3 60 26,61 20 15 49 13
21,10,8,1274465.0,0.1,0,3,14,11,194.6,152.7,1,1,1,2,1,0,0,25,4,0.16,234.3,113.0,347.3,57.400000000000006,0.16527497840483732,199.7,90.2,289.9,0.8347250215951626,0,8,25 9 55 14 54 76 92 40 42 65 52 3 60 26,98 81 16 7 69 41 99 95 30 84 88
21,10,8,1274465.0,0.1,0,4,14,7,194.6,49.5,1,0,0,1,0,1,0,21,7,0.3333333333333333,172.1,72.0,244.1,49.5,0.20278574354772635,138.3,56.3,194.6,0.7972142564522736,1,16,25 9 55 14 54 76 92 40 42 65 52 3 60 26,21 36 45 27 97 44 35
21,10,8,1274465.0,0.1,0,5,14,6,194.6,59.900000000000006,1,0,0,1,0,1,0,20,6,0.3,174.1,80.4,254.49999999999997,59.900000000000006,0.2353634577603144,138.3,56.3,194.59999999999997,0.7646365422396856,1,64,25 9 55 14 54 76 92 40 42 65 52 3 60 26,2 68 37 43 17 18
21,10,8,1274465.0,0.1,0,6,14,21,194.6,219.10000000000002,1,1,1,2,1,0,0,35,0,0.0,280.9,132.8,413.70000000000005,0.0,0.0,280.9,132.8,413.70000000000005,1.0,0,1,25 9 55 14 54 76 92 40 42 65 52 3 60 26,56 1 48 100 34 51 47 74 24 32 87 77 12 82 64 10 71 66 29 8 75
21,10,8,1274465.0,0.1,0,7,14,19,194.6,223.20000000000002,1,1,1,2,1,0,0,33,3,0.09090909090909091,285.7,132.1,417.8,19.3,0.046194351364289135,273.9,124.6,398.5,0.9538056486357108,0,8,25 9 55 14 54 76 92 40 42 65 52 3 60 26,72 46 78 31 58 28 94 4 38 5 19 70 11 23 39 79 57 73 63
21,10,8,1274465.0,0.1,1,2,17,5,180.1,59.8,1,0,0,1,0,1,0,22,5,0.22727272727272727,159.1,80.8,239.90000000000003,62.5,0.2605252188411838,118.9,58.5,177.40000000000003,0.7394747811588163,1,16,89 85 59 67 62 96 22 53 83 6 86 80 93 50 90 33 91,61 20 15 49 13
21,10,8,1274465.0,0.1,1,3,17,11,180.1,152.7,1,1,1,2,1,0,0,28,6,0.21428571428571427,215.8,117.0,332.79999999999995,71.10000000000002,0.213641826923077,171.8,89.9,261.69999999999993,0.786358173076923,0,32,89 85 59 67 62 96 22 53 83 6 86 80 93 50 90 33 91,98 81 16 7 69 41 99 95 30 84 88
21,10,8,1274465.0,0.1,1,4,17,7,180.1,49.5,1,0,0,1,0,1,0,24,11,0.4583333333333333,153.6,76.0,229.59999999999997,94.4,0.4111498257839722,92.2,43.0,135.19999999999996,0.5888501742160278,1,32,89 85 59 67 62 96 22 53 83 6 86 80 93 50 90 33 91,21 36 45 27 97 44 35
21,10,8,1274465.0,0.1,1,5,17,6,180.1,59.900000000000006,1,0,0,1,0,1,0,23,10,0.43478260869565216,155.6,84.4,239.99999999999997,104.80000000000001,0.43666666666666676,92.2,43.0,135.19999999999996,0.5633333333333332,1,64,89 85 59 67 62 96 22 53 83 6 86 80 93 50 90 33 91,2 68 37 43 17 18
21,10,8,1274465.0,0.1,1,6,17,21,180.1,219.10000000000002,1,1,1,2,1,0,0,38,6,0.15789473684210525,262.4,136.8,399.20000000000005,54.99999999999998,0.13777555110220435,225.7,118.5,344.20000000000005,0.8622244488977956,0,16,89 85 59 67 62 96 22 53 83 6 86 80 93 50 90 33 91,56 1 48 100 34 51 47 74 24 32 87 77 12 82 64 10 71 66 29 8 75
21,10,8,1274465.0,0.1,1,7,17,19,180.1,223.20000000000002,1,1,1,2,1,0,0,36,7,0.19444444444444445,267.2,136.1,403.3,63.29999999999998,0.1569551202578725,225.1,114.9,340.0,0.8430448797421274,0,16,89 85 59 67 62 96 22 53 83 6 86 80 93 50 90 33 91,72 46 78 31 58 28 94 4 38 5 19 70 11 23 39 79 57 73 63
21,10,8,1274465.0,0.1,2,3,5,11,59.8,152.7,0,1,0,1,0,1,0,16,5,0.3125,135.3,77.2,212.50000000000003,73.10000000000001,0.344,88.6,50.8,139.40000000000003,0.656,1,1,61 20 15 49 13,98 81 16 7 69 41 99 95 30 84 88
21,10,8,1274465.0,0.1,2,4,5,7,59.8,49.5,0,0,0,1,0,1,0,12,11,0.9166666666666666,73.1,36.2,109.29999999999998,95.3,0.8719121683440074,9.4,4.6,13.999999999999986,0.12808783165599258,1,1,61 20 15 49 13,21 36 45 27 97 44 35
21,10,8,1274465.0,0.1,2,5,5,6,59.8,59.900000000000006,0,0,0,1,0,1,0,11,10,0.9090909090909091,75.1,44.6,119.7,115.5,0.9649122807017544,3.2,1.0,4.200000000000003,0.03508771929824564,1,1,61 20 15 49 13,2 68 37 43 17 18
21,10,8,1274465.0,0.1,2,6,5,21,59.8,219.10000000000002,0,1,0,1,0,1,0,26,5,0.19230769230769232,181.9,97.0,278.90000000000003,59.8,0.2144137683757619,142.6,76.5,219.10000000000002,0.785586231624238,1,8,61 20 15 49 13,56 1 48 100 34 51 47 74 24 32 87 77 12 82 64 10 71 66 29 8 75
21,10,8,1274465.0,0.1,2,7,5,19,59.8,223.20000000000002,0,1,0,1,0,1,0,24,6,0.25,186.7,96.3,283.0,78.39999999999998,0.2770318021201413,135.9,68.7,204.60000000000002,0.7229681978798588,1,16,61 20 15 49 13,72 46 78 31 58 28 94 4 38 5 19 70 11 23 39 79 57 73 63
21,10,8,1274465.0,0.1,3,4,11,7,152.7,49.5,1,0,0,1,0,1,0,18,4,0.2222222222222222,129.8,72.4,202.2,50.400000000000006,0.24925816023738875,99.2,52.6,151.79999999999998,0.7507418397626112,1,1,98 81 16 7 69 41 99 95 30 84 88,21 36 45 27 97 44 35
21,10,8,1274465.0,0.1,3,5,11,6,152.7,59.900000000000006,1,0,0,1,0,1,0,17,7,0.4117647058823529,131.8,80.8,212.60000000000002,88.6,0.4167450611476951,79.5,44.5,124.00000000000003,0.5832549388523048,1,1,98 81 16 7 69 41 99 95 30 84 88,2 68 37 43 17 18
21,10,8,1274465.0,0.1,3,6,11,21,152.7,219.10000000000002,1,1,1,2,1,0,0,32,4,0.125,238.6,133.2,371.8,57.400000000000006,0.15438407746100055,204.0,110.4,314.4,0.8456159225389994,0,8,98 81 16 7 69 41 99 95 30 84 88,56 1 48 100 34 51 47 74 24 32 87 77 12 82 64 10 71 66 29 8 75
21,10,8,1274465.0,0.1,3,7,11,19,152.7,223.20000000000002,1,1,1,2,1,0,0,30,5,0.16666666666666666,243.4,132.5,375.90000000000003,77.39999999999999,0.20590582601755783,195.8,102.7,298.50000000000006,0.7940941739824422,0,16,98 81 16 7 69 41 99 95 30 84 88,72 46 78 31 58 28 94 4 38 5 19 70 11 23 39 79 57 73 63
21,10,8,1274465.0,0.1,4,5,7,6,49.5,59.900000000000006,0,0,0,1,0,1,0,13,12,0.9230769230769231,69.6,39.8,109.40000000000002,90.0,0.822669104204753,13.7,5.7,19.40000000000002,0.17733089579524694,1,1,21 36 45 27 97 44 35,2 68 37 43 17 18
21,10,8,1274465.0,0.1,4,6,7,21,49.5,219.10000000000002,0,1,0,1,0,1,0,28,7,0.25,176.4,92.2,268.6,49.5,0.18428890543559195,142.6,76.5,219.10000000000002,0.815711094564408,1,16,21 36 45 27 97 44 35,56 1 48 100 34 51 47 74 24 32 87 77 12 82 64 10 71 66 29 8 75
21,10,8,1274465.0,0.1,4,7,7,19,49.5,223.20000000000002,0,1,0,1,0,1,0,26,11,0.4230769230769231,181.2,91.5,272.7,87.29999999999998,0.32013201320132006,124.2,61.2,185.4,0.6798679867986799,1,16,21 36 45 27 97 44 35,72 46 78 31 58 28 94 4 38 5 19 70 11 23 39 79 57 73 63
21,10,8,1274465.0,0.1,5,6,6,21,59.900000000000006,219.10000000000002,0,1,0,1,0,1,0,27,6,0.2222222222222222,178.4,100.6,279.00000000000006,59.900000000000006,0.2146953405017921,142.6,76.5,219.10000000000005,0.7853046594982079,1,64,2 68 37 43 17 18,56 1 48 100 34 51 47 74 24 32 87 77 12 82 64 10 71 66 29 8 75
21,10,8,1274465.0,0.1,5,7,6,19,59.900000000000006,223.20000000000002,0,1,0,1,0,1,0,25,10,0.4,183.2,99.9,283.09999999999997,97.69999999999999,0.34510773578240905,124.2,61.2,185.39999999999998,0.654892264217591,1,64,2 68 37 43 17 18,72 46 78 31 58 28 94 4 38 5 19 70 11 23 39 79 57 73 63
21,10,8,1274465.0,0.1,6,7,21,19,219.10000000000002,223.20000000000002,1,1,1,2,1,0,0,40,3,0.075,290.0,152.3,442.3,26.799999999999986,0.06059235812796741,273.9,141.6,415.5,0.9394076418720325,0,8,56 1 48 100 34 51 47 74 24 32 87 77 12 82 64 10 71 66 29 8 75,72 46 78 31 58 28 94 4 38 5 19 70 11 23 39 79 57 73 63
22,11,7,1240913.0,0.1,0,1,13,6,174.2,59.9,1,0,0,1,0,1,0,19,5,0.2631578947368421,160.4,73.7,234.09999999999997,34.3,0.14651858180264846,139.1,60.7,199.79999999999995,0.8534814181973515,1,16,9 55 14 54 76 92 40 42 65 52 3 60 26,18 17 43 37 68 2
22,11,7,1240913.0,0.1,0,2,13,18,174.2,217.3,1,1,1,2,1,0,0,31,2,0.06451612903225806,266.0,125.5,391.50000000000006,18.0,0.045977011494252866,252.8,120.7,373.50000000000006,0.9540229885057472,0,4,9 55 14 54 76 92 40 42 65 52 3 60 26,88 84 30 44 35 98 81 16 7 69 41 99 95 97 27 45 20 13
22,11,7,1240913.0,0.1,0,3,13,23,174.2,227.4,1,1,1,2,1,0,0,36,2,0.05555555555555555,271.9,129.7,401.6,8.3,0.020667330677290836,267.2,126.1,393.3,0.9793326693227091,0,7,9 55 14 54 76 92 40 42 65 52 3 60 26,72 46 56 1 48 100 34 51 47 74 24 32 87 77 12 82 64 10 71 66 29 8 75
22,11,7,1240913.0,0.1,0,4,13,17,174.2,220.29999999999998,1,1,1,2,1,0,0,30,2,0.06666666666666667,274.5,120.0,394.49999999999994,26.499999999999993,0.06717363751584284,258.9,109.1,367.99999999999994,0.9328263624841572,0,4,9 55 14 54 76 92 40 42 65 52 3 60 26,50 78 31 38 4 28 58 94 5 11 23 39 79 57 73 63 25
22,11,7,1240913.0,0.1,0,5,13,8,174.2,65.5,1,0,0,2,1,0,0,21,3,0.14285714285714285,167.7,72.0,239.7,15.500000000000005,0.06466416353775556,158.1,66.1,224.2,0.9353358364622445,0,4,9 55 14 54 76 92 40 42 65 52 3 60 26,21 36 90 33 91 15 49 61
22,11,7,1240913.0,0.1,0,6,13,15,174.2,174.3,1,1,1,2,1,0,0,28,2,0.07142857142857142,235.5,113.0,348.50000000000006,14.499999999999993,0.04160688665710184,225.2,108.8,334.00000000000006,0.9583931133428981,0,6,9 55 14 54 76 92 40 42 65 52 3 60 26,89 85 93 80 86 6 19 70 83 53 22 96 59 67 62
22,11,7,1240913.0,0.1,1,2,6,18,59.9,217.3,0,1,0,1,0,1,0,24,7,0.2916666666666667,177.2,100.0,277.20000000000005,65.9,0.23773448773448771,134.5,76.8,211.30000000000004,0.7622655122655123,1,16,18 17 43 37 68 2,88 84 30 44 35 98 81 16 7 69 41 99 95 97 27 45 20 13
22,11,7,1240913.0,0.1,1,3,6,23,59.9,227.4,0,1,0,1,0,1,0,29,8,0.27586206896551724,183.1,104.2,287.3,68.2,0.23738252697528717,142.6,76.5,219.10000000000002,0.7626174730247129,1,16,18 17 43 37 68 2,72 46 56 1 48 100 34 51 47 74 24 32 87 77 12 82 64 10 71 66 29 8 75
22,11,7,1240913.0,0.1,1,4,6,17,59.9,220.29999999999998,0,1,0,1,0,1,0,23,8,0.34782608695652173,185.7,94.5,280.2,86.39999999999999,0.3083511777301927,134.3,59.5,193.8,0.6916488222698074,1,32,18 17 43 37 68 2,50 78 31 38 4 28 58 94 5 11 23 39 79 57 73 63 25
22,11,7,1240913.0,0.1,1,5,6,8,59.9,65.5,0,0,0,1,0,1,0,14,8,0.5714285714285714,78.9,46.5,125.4,60.00000000000001,0.47846889952153115,43.0,22.4,65.4,0.521531100478469,1,1,18 17 43 37 68 2,21 36 90 33 91 15 49 61
22,11,7,1240913.0,0.1,1,6,6,15,59.9,174.3,0,1,0,1,0,1,0,21,7,0.3333333333333333,146.7,87.5,234.20000000000002,70.19999999999999,0.29974380871050377,103.8,60.2,164.00000000000003,0.7002561912894962,1,1,18 17 43 37 68 2,89 85 93 80 86 6 19 70 83 53 22 96 59 67 62
22,11,7,1240913.0,0.1,2,3,18,23,217.3,227.4,1,1,1,2,1,0,0,41,7,0.17073170731707318,288.7,156.0,444.7,59.40000000000002,0.1335731954126378,248.7,136.6,385.29999999999995,0.8664268045873622,0,8,88 84 30 44 35 98 81 16 7 69 41 99 95 97 27 45 20 13,72 46 56 1 48 100 34 51 47 74 24 32 87 77 12 82 64 10 71 66 29 8 75
22,11,7,1240913.0,0.1,2,4,18,17,217.3,220.29999999999998,1,1,1,2,1,0,0,35,7,0.2,291.3,146.3,437.59999999999997,78.30000000000001,0.17893053016453386,239.8,119.5,359.29999999999995,0.8210694698354661,0,16,88 84 30 44 35 98 81 16 7 69 41 99 95 97 27 45 20 13,50 78 31 38 4 28 58 94 5 11 23 39 79 57 73 63 25
22,11,7,1240913.0,0.1,2,5,18,8,217.3,65.5,1,0,0,2,1,0,0,26,6,0.23076923076923078,184.5,98.3,282.8,41.40000000000001,0.14639321074964642,157.2,84.2,241.4,0.8536067892503536,0,4,88 84 30 44 35 98 81 16 7 69 41 99 95 97 27 45 20 13,21 36 90 33 91 15 49 61
22,11,7,1240913.0,0.1,2,6,18,15,217.3,174.3,1,1,1,2,1,0,0,33,6,0.18181818181818182,252.3,139.3,391.6,54.80000000000001,0.13993871297242086,214.4,122.4,336.8,0.8600612870275791,0,8,88 84 30 44 35 98 81 16 7 69 41 99 95 97 27 45 20 13,89 85 93 80 86 6 19 70 83 53 22 96 59 67 62
22,11,7,1240913.0,0.1,3,4,23,17,227.4,220.29999999999998,1,1,1,2,1,0,0,40,4,0.1,297.2,150.5,447.7,52.2,0.11659593477775297,265.2,130.3,395.5,0.883404065222247,0,16,72 46 56 1 48 100 34 51 47 74 24 32 87 77 12 82 64 10 71 66 29 8 75,50 78 31 38 4 28 58 94 5 11 23 39 79 57 73 63 25
22,11,7,1240913.0,0.1,3,5,23,8,227.4,65.5,1,0,0,2,1,0,0,31,7,0.22580645161290322,190.4,102.5,292.8999999999999,41.1,0.14032092864458864,166.3,85.5,251.79999999999993,0.8596790713554114,0,8,72 46 56 1 48 100 34 51 47 74 24 32 87 77 12 82 64 10 71 66 29 8 75,21 36 90 33 91 15 49 61
22,11,7,1240913.0,0.1,3,6,23,15,227.4,174.3,1,1,1,2,1,0,0,38,5,0.13157894736842105,258.2,143.5,401.7,39.800000000000026,0.09907891461289527,233.9,128.0,361.9,0.9009210853871048,0,8,72 46 56 1 48 100 34 51 47 74 24 32 87 77 12 82 64 10 71 66 29 8 75,89 85 93 80 86 6 19 70 83 53 22 96 59 67 62
22,11,7,1240913.0,0.1,4,5,17,8,220.29999999999998,65.5,1,0,0,2,1,0,0,25,6,0.24,193.0,92.8,285.79999999999995,61.5,0.21518544436669002,155.5,68.8,224.29999999999995,0.7848145556333099,0,16,50 78 31 38 4 28 58 94 5 11 23 39 79 57 73 63 25,21 36 90 33 91 15 49 61
22,11,7,1240913.0,0.1,4,6,17,15,220.29999999999998,174.3,1,1,1,2,1,0,0,32,4,0.125,260.8,133.8,394.59999999999997,35.100000000000016,0.08895083628991389,239.0,120.5,359.49999999999994,0.9110491637100862,0,12,50 78 31 38 4 28 58 94 5 11 23 39 79 57 73 63 25,89 85 93 80 86 6 19 70 83 53 22 96 59 67 62
22,11,7,1240913.0,0.1,5,6,8,15,65.5,174.3,0,1,0,1,0,1,0,23,6,0.2608695652173913,154.0,85.8,239.8,38.80000000000002,0.16180150125104262,132.1,68.9,201.0,0.8381984987489575,1,8,21 36 90 33 91 15 49 61,89 85 93 80 86 6 19 70 83 53 22 96 59 67 62
23,11,8,1271035.0,0.1,0,1,16,14,195.8,213.89999999999998,1,1,1,2,1,0,0,30,5,0.16666666666666666,280.1,129.6,409.69999999999993,40.19999999999998,0.09812057603124234,251.9,117.6,369.49999999999994,0.9018794239687576,0,24,2 9 55 14 54 76 92 40 42 65 52 3 60 26 68 37,25 63 73 57 79 39 23 11 70 19 5 83 53 22
23,11,8,1271035.0,0.1,0,2,16,11,195.8,107.49999999999999,1,1,1,2,1,0,0,27,6,0.2222222222222222,211.5,91.8,303.3,55.999999999999986,0.18463567424991753,176.1,71.2,247.3,0.8153643257500824,0,48,2 9 55 14 54 76 92 40 42 65 52 3 60 26 68 37,89 85 93 94 58 28 4 38 31 78 50
23,11,8,1271035.0,0.1,0,3,16,23,195.8,227.40000000000003,1,1,1,2,1,0,0,39,5,0.1282051282051282,285.6,137.6,423.19999999999993,29.9,0.07065217391304349,267.2,126.1,393.29999999999995,0.9293478260869565,0,30,2 9 55 14 54 76 92 40 42 65 52 3 60 26 68 37,75 8 29 66 71 10 64 82 12 77 87 32 24 74 47 51 34 100 48 1 56 46 72
23,11,8,1271035.0,0.1,0,4,16,7,195.8,73.19999999999999,1,0,0,1,0,1,0,23,8,0.34782608695652173,184.1,84.9,269.00000000000006,75.59999999999998,0.2810408921933084,137.7,55.7,193.4000000000001,0.7189591078066916,1,32,2 9 55 14 54 76 92 40 42 65 52 3 60 26 68 37,96 86 6 80 59 67 62
23,11,8,1271035.0,0.1,0,5,16,9,195.8,82.2,1,1,1,1,0,1,0,25,9,0.36,193.1,84.9,278.0,70.19999999999999,0.25251798561151073,146.7,61.1,207.8,0.7474820143884893,1,32,2 9 55 14 54 76 92 40 42 65 52 3 60 26 68 37,21 36 90 33 91 15 49 20 13
23,11,8,1271035.0,0.1,0,6,16,5,195.8,49.599999999999994,1,0,0,1,0,1,0,21,7,0.3333333333333333,168.6,76.8,245.4,67.89999999999998,0.2766911165444172,126.7,50.8,177.50000000000003,0.7233088834555829,1,32,2 9 55 14 54 76 92 40 42 65 52 3 60 26 68 37,61 45 27 88 18
23,11,8,1271035.0,0.1,0,7,16,15,195.8,189.29999999999998,1,1,1,2,1,0,0,31,5,0.16129032258064516,259.8,125.3,385.09999999999997,47.79999999999999,0.12412360425863411,229.7,107.6,337.29999999999995,0.8758763957413659,0,16,2 9 55 14 54 76 92 40 42 65 52 3 60 26 68 37,84 30 97 95 99 41 69 7 16 81 98 35 44 43 17
23,11,8,1271035.0,0.1,1,2,14,11,213.89999999999998,107.49999999999999,1,1,1,2,1,0,0,25,3,0.12,215.0,106.4,321.4,34.99999999999999,0.10889856876166769,193.1,93.3,286.4,0.8911014312383323,0,20,25 63 73 57 79 39 23 11 70 19 5 83 53 22,89 85 93 94 58 28 4 38 31 78 50
23,11,8,1271035.0,0.1,1,3,14,23,213.89999999999998,227.40000000000003,1,1,1,2,1,0,0,37,3,0.08108108108108109,289.1,152.2,441.2999999999999,23.30000000000001,0.052798549739406335,272.1,145.9,417.9999999999999,0.9472014502605937,0,14,25 63 73 57 79 39 23 11 70 19 5 83 53 22,75 8 29 66 71 10 64 82 12 77 87 32 24 74 47 51 34 100 48 1 56 46 72
23,11,8,1271035.0,0.1,1,4,14,7,213.89999999999998,73.19999999999999,1,0,0,2,1,0,0,21,4,0.19047619047619047,187.6,99.5,287.1,42.999999999999986,0.14977359804946005,162.5,81.6,244.10000000000002,0.8502264019505399,0,4,25 63 73 57 79 39 23 11 70 19 5 83 53 22,96 86 6 80 59 67 62
23,11,8,1271035.0,0.1,1,5,14,9,213.89999999999998,82.2,1,1,1,1,0,1,0,23,10,0.43478260869565216,196.6,99.5,296.09999999999997,93.49999999999999,0.31577169875042216,131.5,71.1,202.59999999999997,0.6842283012495778,1,64,25 63 73 57 79 39 23 11 70 19 5 83 53 22,21 36 90 33 91 15 49 20 13
23,11,8,1271035.0,0.1,1,6,14,5,213.89999999999998,49.599999999999994,1,0,0,1,0,1,0,19,7,0.3684210526315789,172.1,91.4,263.5,68.19999999999999,0.2588235294117647,127.3,68.0,195.3,0.7411764705882353,1,64,25 63 73 57 79 39 23 11 70 19 5 83 53 22,61 45 27 88 18
23,11,8,1271035.0,0.1,1,7,14,15,213.89999999999998,189.29999999999998,1,1,1,2,1,0,0,29,7,0.2413793103448276,263.3,139.9,403.2,64.09999999999998,0.15897817460317457,219.4,119.7,339.1,0.8410218253968255,0,32,25 63 73 57 79 39 23 11 70 19 5 83 53 22,84 30 97 95 99 41 69 7 16 81 98 35 44 43 17
23,11,8,1271035.0,0.1,2,3,11,23,107.49999999999999,227.40000000000003,1,1,1,2,1,0,0,34,4,0.11764705882352941,220.5,114.4,334.9,39.70000000000001,0.11854284861152586,196.1,99.1,295.2,0.8814571513884742,0,44,89 85 93 94 58 28 4 38 31 78 50,75 8 29 66 71 10 64 82 12 77 87 32 24 74 47 51 34 100 48 1 56 46 72
23,11,8,1271035.0,0.1,2,4,11,7,107.49999999999999,73.19999999999999,1,0,0,1,0,1,0,18,3,0.16666666666666666,119.0,61.7,180.70000000000002,25.7,0.1422246817930271,100.7,54.3,155.00000000000003,0.857775318206973,1,1,89 85 93 94 58 28 4 38 31 78 50,96 86 6 80 59 67 62
23,11,8,1271035.0,0.1,2,5,11,9,107.49999999999999,82.2,1,1,1,1,0,1,0,20,9,0.45,128.0,61.7,189.70000000000002,95.8,0.5050079072219293,66.9,27.0,93.90000000000002,0.4949920927780707,1,1,89 85 93 94 58 28 4 38 31 78 50,21 36 90 33 91 15 49 20 13
23,11,8,1271035.0,0.1,2,6,11,5,107.49999999999999,49.599999999999994,1,0,0,1,0,1,0,16,8,0.5,103.5,53.6,157.1,84.0,0.5346912794398473,51.5,21.6,73.1,0.46530872056015277,1,1,89 85 93 94 58 28 4 38 31 78 50,61 45 27 88 18
23,11,8,1271035.0,0.1,2,7,11,15,107.49999999999999,189.29999999999998,1,1,1,1,0,1,0,26,7,0.2692307692307692,194.7,102.1,296.8,79.79999999999998,0.2688679245283018,145.0,72.0,217.00000000000003,0.7311320754716982,1,48,89 85 93 94 58 28 4 38 31 78 50,84 30 97 95 99 41 69 7 16 81 98 35 44 43 17
23,11,8,1271035.0,0.1,3,4,23,7,227.40000000000003,73.19999999999999,1,0,0,2,1,0,0,30,6,0.2,193.1,107.5,300.6,59.5,0.19793745841650032,157.3,83.8,241.10000000000002,0.8020625415834997,0,16,75 8 29 66 71 10 64 82 12 77 87 32 24 74 47 51 34 100 48 1 56 46 72,96 86 6 80 59 67 62
23,11,8,1271035.0,0.1,3,5,23,9,227.40000000000003,82.2,1,1,1,1,0,1,0,32,10,0.3125,202.1,107.5,309.6,84.6,0.27325581395348836,145.9,79.1,225.00000000000003,0.7267441860465117,1,64,75 8 29 66 71 10 64 82 12 77 87 32 24 74 47 51 34 100 48 1 56 46 72,21 36 90 33 91 15 49 20 13
23,11,8,1271035.0,0.1,3,6,23,5,227.40000000000003,49.599999999999994,1,0,0,1,0,1,0,28,7,0.25,177.6,99.4,277.0,57.900000000000006,0.20902527075812277,142.6,76.5,219.1,0.7909747292418773,1,64,75 8 29 66 71 10 64 82 12 77 87 32 24 74 47 51 34 100 48 1 56 46 72,61 45 27 88 18
23,11,8,1271035.0,0.1,3,7,23,15,227.40000000000003,189.29999999999998,1,1,1,2,1,0,0,38,7,0.18421052631578946,268.8,147.9,416.7,53.8,0.1291096712263019,234.7,128.2,362.9,0.8708903287736981,0,32,75 8 29 66 71 10 64 82 12 77 87 32 24 74 47 51 34 100 48 1 56 46 72,84 30 97 95 99 41 69 7 16 81 98 35 44 43 17
23,11,8,1271035.0,0.1,4,5,7,9,73.19999999999999,82.2,0,1,0,1,0,1,0,16,10,0.625,100.6,54.8,155.4,108.09999999999998,0.6956241956241954,32.7,14.6,47.300000000000026,0.3043758043758045,1,1,96 86 6 80 59 67 62,21 36 90 33 91 15 49 20 13
23,11,8,1271035.0,0.1,4,6,7,5,73.19999999999999,49.599999999999994,0,0,0,1,0,1,0,12,10,0.8333333333333334,76.1,46.7,122.8,103.6,0.8436482084690553,13.1,6.1,19.200000000000003,0.15635179153094464,1,1,96 86 6 80 59 67 62,61 45 27 88 18
23,11,8,1271035.0,0.1,4,7,7,15,73.19999999999999,189.29999999999998,0,1,0,1,0,1,0,22,9,0.4090909090909091,167.3,95.2,262.5,99.59999999999997,0.3794285714285713,106.2,56.7,162.90000000000003,0.6205714285714287,1,32,96 86 6 80 59 67 62,84 30 97 95 99 41 69 7 16 81 98 35 44 43 17
23,11,8,1271035.0,0.1,5,6,9,5,82.2,49.599999999999994,1,0,0,1,0,1,0,14,10,0.7142857142857143,85.1,46.7,131.8,90.49999999999999,0.6866464339908951,25.1,16.2,41.300000000000026,0.31335356600910486,1,1,21 36 90 33 91 15 49 20 13,61 45 27 88 18
23,11,8,1271035.0,0.1,5,7,9,15,82.2,189.29999999999998,1,1,1,1,0,1,0,24,9,0.375,176.3,95.2,271.5,82.49999999999997,0.303867403314917,122.8,66.2,189.00000000000003,0.696132596685083,1,32,21 36 90 33 91 15 49 20 13,84 30 97 95 99 41 69 7 16 81 98 35 44 43 17
23,11,8,1271035.0,0.1,6,7,5,15,49.599999999999994,189.29999999999998,0,1,0,1,0,1,0,20,7,0.35,151.8,87.1,238.89999999999998,66.19999999999999,0.27710339053997485,110.2,62.5,172.7,0.7228966094600251,1,32,61 45 27 88 18,84 30 97 95 99 41 69 7 16 81 98 35 44 43 17
24,12,7,1261586.0,0.1,0,1,12,7,138.50000000000003,63.300000000000004,1,0,0,1,0,1,0,19,4,0.21052631578947367,133.7,68.1,201.8,35.000000000000014,0.17343904856293366,111.5,55.3,166.8,0.8265609514370664,1,1,89 85 59 80 86 6 83 53 22 96 67 62,50 90 33 91 15 49 61
24,12,7,1261586.0,0.1,0,2,12,23,138.50000000000003,227.40000000000003,1,1,1,2,1,0,0,35,4,0.11428571428571428,236.5,129.4,365.9,29.900000000000013,0.08171631593331516,217.4,118.6,335.99999999999994,0.9182836840666848,0,8,89 85 59 80 86 6 83 53 22 96 67 62,75 8 29 66 71 10 77 87 32 12 64 82 24 74 47 51 34 100 48 1 56 46 72
24,12,7,1261586.0,0.1,0,3,12,5,138.50000000000003,75.4,1,1,1,1,0,1,0,17,4,0.23529411764705882,133.5,80.4,213.9,46.10000000000001,0.21552127162225343,104.8,63.0,167.8,0.7844787283777467,1,1,89 85 59 80 86 6 83 53 22 96 67 62,18 88 43 17 2
24,12,7,1261586.0,0.1,0,4,12,19,138.50000000000003,208.10000000000002,1,1,1,2,1,0,0,31,5,0.16129032258064516,225.0,121.6,346.6,45.5,0.13127524523946912,195.3,105.8,301.1,0.8687247547605309,0,16,89 85 59 80 86 6 83 53 22 96 67 62,44 35 98 81 16 69 7 41 99 95 97 84 30 27 45 36 21 20 13
24,12,7,1261586.0,0.1,0,5,12,16,138.50000000000003,200.8,1,1,1,2,1,0,0,28,4,0.14285714285714285,231.7,107.6,339.29999999999995,19.9,0.058650162098437965,217.8,101.6,319.4,0.9413498379015621,0,16,89 85 59 80 86 6 83 53 22 96 67 62,25 9 55 14 54 76 92 40 42 65 52 3 60 26 68 37
24,12,7,1261586.0,0.1,0,6,12,18,138.50000000000003,225.4,1,1,1,2,1,0,0,30,3,0.1,238.6,125.3,363.9,25.199999999999996,0.06924979389942292,222.0,116.7,338.7,0.9307502061005771,0,12,89 85 59 80 86 6 83 53 22 96 67 62,93 78 31 38 4 28 58 94 5 19 70 11 23 79 39 57 73 63
24,12,7,1261586.0,0.1,1,2,7,23,63.300000000000004,227.40000000000003,0,1,0,2,1,0,0,30,4,0.13333333333333333,191.8,98.9,290.7,34.60000000000001,0.11902304781561751,169.8,86.3,256.09999999999997,0.8809769521843824,0,8,50 90 33 91 15 49 61,75 8 29 66 71 10 77 87 32 12 64 82 24 74 47 51 34 100 48 1 56 46 72
24,12,7,1261586.0,0.1,1,3,7,5,63.300000000000004,75.4,0,1,0,1,0,1,0,12,3,0.25,88.8,49.9,138.70000000000002,35.3,0.2545061283345349,67.4,36.0,103.40000000000002,0.7454938716654651,1,1,50 90 33 91 15 49 61,18 88 43 17 2
24,12,7,1261586.0,0.1,1,4,7,19,63.300000000000004,208.10000000000002,0,1,0,2,1,0,0,26,4,0.15384615384615385,180.3,91.1,271.40000000000003,31.19999999999999,0.1149594694178334,161.2,79.0,240.20000000000005,0.8850405305821666,0,8,50 90 33 91 15 49 61,44 35 98 81 16 69 7 41 99 95 97 84 30 27 45 36 21 20 13
24,12,7,1261586.0,0.1,1,5,7,16,63.300000000000004,200.8,0,1,0,2,1,0,0,23,4,0.17391304347826086,187.0,77.1,264.09999999999997,25.400000000000006,0.0961756910261265,171.3,67.4,238.69999999999996,0.9038243089738734,0,8,50 90 33 91 15 49 61,25 9 55 14 54 76 92 40 42 65 52 3 60 26 68 37
24,12,7,1261586.0,0.1,1,6,7,18,63.300000000000004,225.4,0,1,0,2,1,0,0,25,4,0.16,193.9,94.8,288.7,35.8,0.12400415656390716,171.1,81.8,252.89999999999998,0.8759958434360928,0,8,50 90 33 91 15 49 61,93 78 31 38 4 28 58 94 5 19 70 11 23 79 39 57 73 63
24,12,7,1261586.0,0.1,2,3,23,5,227.40000000000003,75.4,1,1,1,2,1,0,0,28,4,0.14285714285714285,191.6,111.2,302.8,40.000000000000014,0.13210039630118894,168.3,94.5,262.8,0.8678996036988111,0,16,75 8 29 66 71 10 77 87 32 12 64 82 24 74 47 51 34 100 48 1 56 46 72,18 88 43 17 2
24,12,7,1261586.0,0.1,2,4,23,19,227.40000000000003,208.10000000000002,1,1,1,2,1,0,0,42,5,0.11904761904761904,283.1,152.4,435.5,44.20000000000002,0.10149253731343287,254.6,136.7,391.29999999999995,0.898507462686567,0,16,75 8 29 66 71 10 77 87 32 12 64 82 24 74 47 51 34 100 48 1 56 46 72,44 35 98 81 16 69 7 41 99 95 97 84 30 27 45 36 21 20 13
24,12,7,1261586.0,0.1,2,5,23,16,227.40000000000003,200.8,1,1,1,2,1,0,0,39,4,0.10256410256410256,289.8,138.4,428.1999999999999,14.5,0.03386268099019151,280.9,132.8,413.6999999999999,0.9661373190098085,0,16,75 8 29 66 71 10 77 87 32 12 64 82 24 74 47 51 34 100 48 1 56 46 72,25 9 55 14 54 76 92 40 42 65 52 3 60 26 68 37
24,12,7,1261586.0,0.1,2,6,23,18,227.40000000000003,225.4,1,1,1,2,1,0,0,41,3,0.07317073170731707,296.7,156.1,452.8,18.80000000000001,0.04151943462897529,285.3,148.7,434.0,0.9584805653710247,0,14,75 8 29 66 71 10 77 87 32 12 64 82 24 74 47 51 34 100 48 1 56 46 72,93 78 31 38 4 28 58 94 5 19 70 11 23 79 39 57 73 63
24,12,7,1261586.0,0.1,3,4,5,19,75.4,208.10000000000002,1,1,1,2,1,0,0,24,4,0.16666666666666666,180.1,103.4,283.5,30.5,0.10758377425044091,159.8,93.2,253.0,0.892416225749559,0,8,18 88 43 17 2,44 35 98 81 16 69 7 41 99 95 97 84 30 27 45 36 21 20 13
24,12,7,1261586.0,0.1,3,5,5,16,75.4,200.8,1,1,1,2,1,0,0,21,3,0.14285714285714285,186.8,89.4,276.2,34.400000000000006,0.12454742939898626,166.5,75.3,241.79999999999998,0.8754525706010138,0,8,18 88 43 17 2,25 9 55 14 54 76 92 40 42 65 52 3 60 26 68 37
24,12,7,1261586.0,0.1,3,6,5,18,75.4,225.4,1,1,1,2,1,0,0,23,4,0.17391304347826086,193.7,107.1,300.79999999999995,45.8,0.15226063829787234,166.2,88.8,254.99999999999994,0.8477393617021276,0,16,18 88 43 17 2,93 78 31 38 4 28 58 94 5 19 70 11 23 79 39 57 73 63
24,12,7,1261586.0,0.1,4,5,19,16,208.10000000000002,200.8,1,1,1,2,1,0,0,35,3,0.08571428571428572,278.3,130.6,408.9,33.0,0.08070432868672048,255.7,120.2,375.9,0.9192956713132795,0,8,44 35 98 81 16 69 7 41 99 95 97 84 30 27 45 36 21 20 13,25 9 55 14 54 76 92 40 42 65 52 3 60 26 68 37
24,12,7,1261586.0,0.1,4,6,19,18,208.10000000000002,225.4,1,1,1,2,1,0,0,37,5,0.13513513513513514,285.2,148.3,433.5,45.5,0.104959630911188,255.5,132.5,388.0,0.895040369088812,0,16,44 35 98 81 16 69 7 41 99 95 97 84 30 27 45 36 21 20 13,93 78 31 38 4 28 58 94 5 19 70 11 23 79 39 57 73 63
24,12,7,1261586.0,0.1,5,6,16,18,200.8,225.4,1,1,1,2,1,0,0,34,3,0.08823529411764706,291.9,134.3,426.2,9.799999999999983,0.02299389957766303,285.5,130.9,416.4,0.9770061004223369,0,8,25 9 55 14 54 76 92 40 42 65 52 3 60 26 68 37,93 78 31 38 4 28 58 94 5 19 70 11 23 79 39 57 73 63
25,12,8,1270292.0,0.1,0,1,6,13,59.900000000000006,174.2,0,1,0,1,0,1,0,19,6,0.3157894736842105,160.4,73.7,234.1,59.900000000000006,0.25587355830841524,124.6,49.6,174.2,0.7441264416915848,1,24,2 68 37 43 17 18,26 60 3 52 65 42 40 92 76 54 14 55 9
25,12,8,1270292.0,0.1,0,2,6,16,59.900000000000006,189.7,0,1,0,1,0,1,0,22,8,0.36363636363636365,158.5,91.1,249.6,73.39999999999998,0.2940705128205127,114.4,61.8,176.20000000000002,0.7059294871794872,1,32,2 68 37 43 17 18,35 98 81 16 69 7 41 99 95 44 97 27 45 30 84 88
25,12,8,1270292.0,0.1,0,3,6,10,59.900000000000006,93.10000000000001,0,1,0,1,0,1,0,16,13,0.8125,97.6,55.4,153.0,112.70000000000002,0.7366013071895426,25.9,14.4,40.29999999999998,0.2633986928104574,1,1,2 68 37 43 17 18,13 15 91 33 90 36 21 20 49 61
25,12,8,1270292.0,0.1,0,4,6,7,59.900000000000006,73.2,0,0,0,1,0,1,0,13,11,0.8461538461538461,81.6,51.5,133.1,113.9,0.8557475582268972,13.1,6.1,19.19999999999999,0.14425244177310284,1,1,2 68 37 43 17 18,62 67 59 80 6 86 96
25,12,8,1270292.0,0.1,0,5,6,23,59.900000000000006,227.39999999999998,0,1,0,1,0,1,0,29,8,0.27586206896551724,183.1,104.2,287.3,68.2,0.23738252697528717,142.6,76.5,219.10000000000002,0.7626174730247129,1,64,2 68 37 43 17 18,72 46 56 1 48 100 34 51 47 74 24 82 64 12 32 87 77 10 71 66 29 8 75
25,12,8,1270292.0,0.1,0,6,6,14,59.900000000000006,213.90000000000003,0,1,0,1,0,1,0,20,9,0.45,177.6,96.2,273.8,98.9,0.3612125639152666,113.6,61.3,174.9,0.6387874360847334,1,64,2 68 37 43 17 18,22 53 83 5 19 70 11 23 79 39 57 73 63 25
25,12,8,1270292.0,0.1,0,7,6,11,59.900000000000006,107.49999999999999,0,1,0,1,0,1,0,17,9,0.5294117647058824,109.0,58.4,167.40000000000003,94.30000000000001,0.5633213859020311,51.5,21.6,73.10000000000002,0.436678614097969,1,1,2 68 37 43 17 18,89 85 93 38 4 94 28 58 31 78 50
25,12,8,1270292.0,0.1,1,2,13,16,174.2,189.7,1,1,1,2,1,0,0,29,3,0.10344827586206896,247.3,116.6,363.9,28.899999999999977,0.07941742236878258,229.5,105.5,335.0,0.9205825776312174,0,8,26 60 3 52 65 42 40 92 76 54 14 55 9,35 98 81 16 69 7 41 99 95 44 97 27 45 30 84 88
25,12,8,1270292.0,0.1,1,3,13,10,174.2,93.10000000000001,1,1,1,1,0,1,0,23,8,0.34782608695652173,186.4,80.9,267.29999999999995,69.10000000000001,0.25851103628881417,139.6,58.6,198.19999999999993,0.7414889637111858,1,16,26 60 3 52 65 42 40 92 76 54 14 55 9,13 15 91 33 90 36 21 20 49 61
25,12,8,1270292.0,0.1,1,4,13,7,174.2,73.2,1,0,0,1,0,1,0,20,5,0.25,170.4,77.0,247.4,54.0,0.21827000808407437,137.7,55.7,193.4,0.7817299919159256,1,8,26 60 3 52 65 42 40 92 76 54 14 55 9,62 67 59 80 6 86 96
25,12,8,1270292.0,0.1,1,5,13,23,174.2,227.39999999999998,1,1,1,2,1,0,0,36,2,0.05555555555555555,271.9,129.7,401.6,8.3,0.020667330677290836,267.2,126.1,393.3,0.9793326693227091,0,15,26 60 3 52 65 42 40 92 76 54 14 55 9,72 46 56 1 48 100 34 51 47 74 24 82 64 12 32 87 77 10 71 66 29 8 75
25,12,8,1270292.0,0.1,1,6,13,14,174.2,213.90000000000003,1,1,1,2,1,0,0,27,2,0.07407407407407407,266.4,121.7,388.09999999999997,18.599999999999994,0.047925792321566595,251.9,117.6,369.5,0.9520742076784334,0,4,26 60 3 52 65 42 40 92 76 54 14 55 9,22 53 83 5 19 70 11 23 79 39 57 73 63 25
25,12,8,1270292.0,0.1,1,7,13,11,174.2,107.49999999999999,1,1,1,2,1,0,0,24,3,0.125,197.8,83.9,281.7,34.4,0.12211572594959176,176.1,71.2,247.29999999999998,0.8778842740504083,0,16,26 60 3 52 65 42 40 92 76 54 14 55 9,89 85 93 38 4 94 28 58 31 78 50
25,12,8,1270292.0,0.1,2,3,16,10,189.7,93.10000000000001,1,1,1,1,0,1,0,26,8,0.3076923076923077,184.5,98.3,282.79999999999995,77.19999999999999,0.272984441301273,135.7,69.9,205.59999999999997,0.727015558698727,1,16,35 98 81 16 69 7 41 99 95 44 97 27 45 30 84 88,13 15 91 33 90 36 21 20 49 61
25,12,8,1270292.0,0.1,2,4,16,7,189.7,73.2,1,0,0,1,0,1,0,23,9,0.391304347826087,168.5,94.4,262.90000000000003,97.89999999999998,0.3723849372384936,108.6,56.4,165.00000000000006,0.6276150627615064,1,32,35 98 81 16 69 7 41 99 95 44 97 27 45 30 84 88,62 67 59 80 6 86 96
25,12,8,1270292.0,0.1,2,5,16,23,189.7,227.39999999999998,1,1,1,2,1,0,0,39,7,0.1794871794871795,270.0,147.1,417.1000000000001,67.59999999999998,0.16207144569647558,227.2,122.3,349.5000000000001,0.8379285543035244,0,32,35 98 81 16 69 7 41 99 95 44 97 27 45 30 84 88,72 46 56 1 48 100 34 51 47 74 24 82 64 12 32 87 77 10 71 66 29 8 75
25,12,8,1270292.0,0.1,2,6,16,14,189.7,213.90000000000003,1,1,1,2,1,0,0,30,7,0.23333333333333334,264.5,139.1,403.6,77.89999999999998,0.19301288404360747,211.9,113.8,325.70000000000005,0.8069871159563925,0,32,35 98 81 16 69 7 41 99 95 44 97 27 45 30 84 88,22 53 83 5 19 70 11 23 79 39 57 73 63 25
25,12,8,1270292.0,0.1,2,7,16,11,189.7,107.49999999999999,1,1,1,1,0,1,0,27,6,0.2222222222222222,195.9,101.3,297.2,75.29999999999998,0.253364737550471,149.0,72.9,221.9,0.7466352624495289,1,32,35 98 81 16 69 7 41 99 95 44 97 27 45 30 84 88,89 85 93 38 4 94 28 58 31 78 50
25,12,8,1270292.0,0.1,3,4,10,7,93.10000000000001,73.2,1,0,0,1,0,1,0,17,12,0.7058823529411765,107.6,58.7,166.3,119.2,0.7167769092002405,32.3,14.8,47.10000000000001,0.2832230907997595,1,1,13 15 91 33 90 36 21 20 49 61,62 67 59 80 6 86 96
25,12,8,1270292.0,0.1,3,5,10,23,93.10000000000001,227.39999999999998,1,1,1,1,0,1,0,33,10,0.30303030303030304,209.1,111.4,320.5,93.4,0.29141965678627146,147.0,80.1,227.1,0.7085803432137285,1,32,13 15 91 33 90 36 21 20 49 61,72 46 56 1 48 100 34 51 47 74 24 82 64 12 32 87 77 10 71 66 29 8 75
25,12,8,1270292.0,0.1,3,6,10,14,93.10000000000001,213.90000000000003,1,1,1,1,0,1,0,24,10,0.4166666666666667,203.6,103.4,307.0,98.69999999999999,0.32149837133550485,135.4,72.9,208.3,0.6785016286644951,1,32,13 15 91 33 90 36 21 20 49 61,22 53 83 5 19 70 11 23 79 39 57 73 63 25
25,12,8,1270292.0,0.1,3,7,10,11,93.10000000000001,107.49999999999999,1,1,1,1,0,1,0,21,9,0.42857142857142855,135.0,65.6,200.6,97.5,0.4860418743768694,72.6,30.5,103.1,0.5139581256231306,1,1,13 15 91 33 90 36 21 20 49 61,89 85 93 38 4 94 28 58 31 78 50
25,12,8,1270292.0,0.1,4,5,7,23,73.2,227.39999999999998,0,1,0,2,1,0,0,30,7,0.23333333333333334,193.1,107.5,300.6,62.3,0.20725216234198268,155.7,82.6,238.3,0.7927478376580173,0,32,62 67 59 80 6 86 96,72 46 56 1 48 100 34 51 47 74 24 82 64 12 32 87 77 10 71 66 29 8 75
25,12,8,1270292.0,0.1,4,6,7,14,73.2,213.90000000000003,0,1,0,1,0,1,0,21,6,0.2857142857142857,187.6,99.5,287.09999999999997,66.2,0.23058167885754097,147.2,73.7,220.89999999999998,0.7694183211424591,1,8,62 67 59 80 6 86 96,22 53 83 5 19 70 11 23 79 39 57 73 63 25
25,12,8,1270292.0,0.1,4,7,7,11,73.2,107.49999999999999,0,1,0,1,0,1,0,18,5,0.2777777777777778,119.0,61.7,180.70000000000002,46.3,0.25622578859988926,89.2,45.2,134.40000000000003,0.7437742114001108,1,1,62 67 59 80 6 86 96,89 85 93 38 4 94 28 58 31 78 50
25,12,8,1270292.0,0.1,5,6,23,14,227.39999999999998,213.90000000000003,1,1,1,2,1,0,0,37,4,0.10810810810810811,289.1,152.2,441.29999999999995,43.7,0.09902560616360755,258.4,139.2,397.59999999999997,0.9009743938363924,0,28,72 46 56 1 48 100 34 51 47 74 24 82 64 12 32 87 77 10 71 66 29 8 75,22 53 83 5 19 70 11 23 79 39 57 73 63 25
25,12,8,1270292.0,0.1,5,7,23,11,227.39999999999998,107.49999999999999,1,1,1,2,1,0,0,34,4,0.11764705882352941,220.5,114.4,334.90000000000003,39.7,0.11854284861152582,196.1,99.1,295.20000000000005,0.8814571513884742,0,31,72 46 56 1 48 100 34 51 47 74 24 82 64 12 32 87 77 10 71 66 29 8 75,89 85 93 38 4 94 28 58 31 78 50
25,12,8,1270292.0,0.1,6,7,14,11,213.90000000000003,107.49999999999999,1,1,1,2,1,0,0,25,4,0.16,215.0,106.4,321.4,55.4,0.17237087741132545,179.4,86.6,266.0,0.8276291225886746,0,24,22 53 83 5 19 70 11 23 79 39 57 73 63 25,89 85 93 38 4 94 28 58 31 78 50
26,13,7,1251866.0,0.1,0,1,14,5,151.4,60.3,1,0,0,1,0,1,0,19,4,0.21052631578947367,139.7,72.0,211.70000000000005,44.500000000000014,0.21020311761927257,112.3,54.9,167.20000000000005,0.7897968823807275,1,1,62 67 22 53 83 6 86 80 96 59 93 85 72 89,33 91 15 20 13
26,13,7,1251866.0,0.1,0,2,14,5,151.4,75.4,1,1,1,1,0,1,0,19,4,0.21052631578947367,141.6,85.2,226.79999999999998,53.30000000000001,0.23500881834215173,108.6,64.9,173.49999999999997,0.7649911816578483,1,1,62 67 22 53 83 6 86 80 96 59 93 85 72 89,2 17 43 88 18
26,13,7,1251866.0,0.1,0,3,14,18,151.4,196.20000000000002,1,1,1,2,1,0,0,32,3,0.09375,224.1,123.5,347.6,37.099999999999994,0.10673187571921747,199.6,110.9,310.5,0.8932681242807825,0,8,62 67 22 53 83 6 86 80 96 59 93 85 72 89,35 98 81 16 69 7 41 99 95 44 97 84 30 27 45 21 49 61
26,13,7,1251866.0,0.1,0,4,14,16,151.4,200.8,1,1,1,2,1,0,0,30,4,0.13333333333333333,239.8,112.4,352.19999999999993,35.80000000000001,0.10164679159568432,217.7,98.7,316.3999999999999,0.8983532084043157,0,8,62 67 22 53 83 6 86 80 96 59 93 85 72 89,25 9 55 14 54 76 92 40 42 65 52 3 60 26 68 37
26,13,7,1251866.0,0.1,0,5,14,23,151.4,228.2,1,1,1,2,1,0,0,37,5,0.13513513513513514,247.1,132.5,379.6,46.60000000000001,0.12276080084299264,218.6,114.4,333.0,0.8772391991570073,0,8,62 67 22 53 83 6 86 80 96 59 93 85 72 89,50 1 48 34 100 51 47 74 24 32 87 77 12 82 64 10 71 66 29 8 75 90 36
26,13,7,1251866.0,0.1,0,6,14,19,151.4,226.60000000000002,1,1,1,2,1,0,0,33,4,0.12121212121212122,247.2,130.8,377.99999999999994,44.500000000000014,0.11772486772486777,219.8,113.7,333.49999999999994,0.8822751322751322,0,8,62 67 22 53 83 6 86 80 96 59 93 85 72 89,46 78 31 56 58 28 94 4 38 5 19 70 11 23 39 79 57 63 73
26,13,7,1251866.0,0.1,1,2,5,5,60.3,75.4,0,1,0,1,0,1,0,10,3,0.3,86.7,49.0,135.7,38.300000000000004,0.2822402358142963,64.6,32.8,97.39999999999998,0.7177597641857036,1,1,33 91 15 20 13,2 17 43 88 18
26,13,7,1251866.0,0.1,1,3,5,18,60.3,196.20000000000002,0,1,0,2,1,0,0,23,2,0.08695652173913043,169.2,87.3,256.5,26.19999999999999,0.10214424951267052,152.8,77.5,230.3,0.8978557504873295,0,4,33 91 15 20 13,35 98 81 16 69 7 41 99 95 44 97 84 30 27 45 21 49 61
26,13,7,1251866.0,0.1,1,4,5,16,60.3,200.8,0,1,0,2,1,0,0,21,3,0.14285714285714285,184.9,76.2,261.09999999999997,30.3,0.11604749138261204,163.9,66.9,230.79999999999995,0.8839525086173879,0,4,33 91 15 20 13,25 9 55 14 54 76 92 40 42 65 52 3 60 26 68 37
26,13,7,1251866.0,0.1,1,5,5,23,60.3,228.2,0,1,0,2,1,0,0,28,3,0.10714285714285714,192.2,96.3,288.50000000000006,33.5,0.11611785095320622,168.2,86.8,255.00000000000006,0.8838821490467937,0,4,33 91 15 20 13,50 1 48 34 100 51 47 74 24 32 87 77 12 82 64 10 71 66 29 8 75 90 36
26,13,7,1251866.0,0.1,1,6,5,19,60.3,226.60000000000002,0,1,0,2,1,0,0,24,5,0.20833333333333334,192.3,94.6,286.9,44.500000000000014,0.15510630881840368,162.0,80.4,242.39999999999998,0.8448936911815964,0,8,33 91 15 20 13,46 78 31 56 58 28 94 4 38 5 19 70 11 23 39 79 57 63 73
26,13,7,1251866.0,0.1,2,3,5,18,75.4,196.20000000000002,1,1,1,2,1,0,0,23,2,0.08695652173913043,171.1,100.5,271.59999999999997,21.19999999999999,0.07805596465390277,158.5,91.9,250.39999999999998,0.9219440353460973,0,4,2 17 43 88 18,35 98 81 16 69 7 41 99 95 44 97 84 30 27 45 21 49 61
26,13,7,1251866.0,0.1,2,4,5,16,75.4,200.8,1,1,1,2,1,0,0,21,2,0.09523809523809523,186.8,89.4,276.2,31.700000000000003,0.11477190441708908,168.2,76.3,244.5,0.8852280955829109,0,2,2 17 43 88 18,25 9 55 14 54 76 92 40 42 65 52 3 60 26 68 37
26,13,7,1251866.0,0.1,2,5,5,23,75.4,228.2,1,1,1,2,1,0,0,28,4,0.14285714285714285,194.1,109.5,303.6000000000001,40.4,0.1330698287220026,170.9,92.3,263.2000000000001,0.8669301712779974,0,8,2 17 43 88 18,50 1 48 34 100 51 47 74 24 32 87 77 12 82 64 10 71 66 29 8 75 90 36
26,13,7,1251866.0,0.1,2,6,5,19,75.4,226.60000000000002,1,1,1,2,1,0,0,24,5,0.20833333333333334,194.2,107.8,302.0,47.90000000000001,0.15860927152317886,165.3,88.8,254.1,0.8413907284768212,0,8,2 17 43 88 18,46 78 31 56 58 28 94 4 38 5 19 70 11 23 39 79 57 63 73
26,13,7,1251866.0,0.1,3,4,18,16,196.20000000000002,200.8,1,1,1,2,1,0,0,34,2,0.058823529411764705,269.3,127.7,397.0,25.0,0.06297229219143577,254.3,117.7,372.0,0.9370277078085643,0,4,35 98 81 16 69 7 41 99 95 44 97 84 30 27 45 21 49 61,25 9 55 14 54 76 92 40 42 65 52 3 60 26 68 37
26,13,7,1251866.0,0.1,3,5,18,23,196.20000000000002,228.2,1,1,1,2,1,0,0,41,3,0.07317073170731707,276.6,147.8,424.40000000000003,36.19999999999999,0.08529688972667292,254.6,133.6,388.20000000000005,0.9147031102733271,0,8,35 98 81 16 69 7 41 99 95 44 97 84 30 27 45 21 49 61,50 1 48 34 100 51 47 74 24 32 87 77 12 82 64 10 71 66 29 8 75 90 36
26,13,7,1251866.0,0.1,3,6,18,19,196.20000000000002,226.60000000000002,1,1,1,2,1,0,0,37,4,0.10810810810810811,276.7,146.1,422.7999999999999,42.09999999999999,0.09957426679280983,251.4,129.3,380.69999999999993,0.9004257332071902,0,16,35 98 81 16 69 7 41 99 95 44 97 84 30 27 45 21 49 61,46 78 31 56 58 28 94 4 38 5 19 70 11 23 39 79 57 63 73
26,13,7,1251866.0,0.1,4,5,16,23,200.8,228.2,1,1,1,2,1,0,0,39,3,0.07692307692307693,292.3,136.7,429.0000000000001,8.299999999999983,0.019347319347319304,287.0,133.7,420.70000000000016,0.9806526806526807,0,8,25 9 55 14 54 76 92 40 42 65 52 3 60 26 68 37,50 1 48 34 100 51 47 74 24 32 87 77 12 82 64 10 71 66 29 8 75 90 36
26,13,7,1251866.0,0.1,4,6,16,19,200.8,226.60000000000002,1,1,1,2,1,0,0,35,3,0.08571428571428572,292.4,135.0,427.4,12.099999999999989,0.028310715956948968,284.9,130.4,415.3,0.9716892840430511,0,8,25 9 55 14 54 76 92 40 42 65 52 3 60 26 68 37,46 78 31 56 58 28 94 4 38 5 19 70 11 23 39 79 57 63 73
26,13,7,1251866.0,0.1,5,6,23,19,228.2,226.60000000000002,1,1,1,2,1,0,0,42,5,0.11904761904761904,299.7,155.1,454.8,20.800000000000004,0.045734388742304316,286.8,147.2,434.0,0.9542656112576957,0,16,50 1 48 34 100 51 47 74 24 32 87 77 12 82 64 10 71 66 29 8 75 90 36,46 78 31 56 58 28 94 4 38 5 19 70 11 23 39 79 57 63 73
27,13,8,1270571.0,0.1,0,1,12,5,160.39999999999998,54.900000000000006,1,0,0,1,0,1,0,17,5,0.29411764705882354,137.2,78.1,215.3,47.2,0.2192289828146772,107.9,60.2,168.10000000000002,0.7807710171853228,1,1,43 44 97 95 99 41 81 16 69 7 98 35,88 84 30 27 45
27,13,8,1270571.0,0.1,0,2,12,18,160.39999999999998,208.5,1,1,1,2,1,0,0,30,5,0.16666666666666666,249.3,119.6,368.8999999999999,55.69999999999999,0.15098942802927623,216.7,96.5,313.19999999999993,0.8490105719707238,0,24,43 44 97 95 99 41 81 16 69 7 98 35,2 9 55 14 54 76 92 40 42 65 52 3 60 26 68 37 17 18
27,13,8,1270571.0,0.1,0,3,12,23,160.39999999999998,227.40000000000003,1,1,1,2,1,0,0,35,4,0.11428571428571428,250.7,137.1,387.79999999999995,37.40000000000001,0.09644146467251165,229.0,121.4,350.3999999999999,0.9035585353274883,0,40,43 44 97 95 99 41 81 16 69 7 98 35,75 8 29 66 71 10 64 82 12 77 87 32 24 74 47 51 100 34 48 1 56 46 72
27,13,8,1270571.0,0.1,0,4,12,10,160.39999999999998,93.1,1,1,1,1,0,1,0,22,7,0.3181818181818182,165.2,88.3,253.5,76.2,0.3005917159763314,116.3,61.0,177.3,0.6994082840236687,1,32,43 44 97 95 99 41 81 16 69 7 98 35,61 21 36 90 33 91 15 20 49 13
27,13,8,1270571.0,0.1,0,5,12,5,160.39999999999998,56.8,1,0,0,1,0,1,0,17,7,0.4117647058823529,137.6,79.6,217.2,85.9,0.3954880294659301,86.4,44.9,131.29999999999998,0.6045119705340699,1,1,43 44 97 95 99 41 81 16 69 7 98 35,89 85 59 67 62
27,13,8,1270571.0,0.1,0,6,12,13,160.39999999999998,123.9,1,1,1,2,1,0,0,25,4,0.16,188.2,96.1,284.3,43.9,0.1544143510376363,161.0,79.4,240.4,0.8455856489623637,0,16,43 44 97 95 99 41 81 16 69 7 98 35,96 80 86 6 93 38 4 94 28 58 31 78 50
27,13,8,1270571.0,0.1,0,7,12,14,160.39999999999998,213.90000000000003,1,1,1,2,1,0,0,26,5,0.19230769230769232,245.2,129.1,374.3,55.89999999999999,0.14934544483034995,208.6,109.8,318.40000000000003,0.85065455516965,0,16,43 44 97 95 99 41 81 16 69 7 98 35,22 53 83 5 19 70 11 23 79 39 57 73 63 25
27,13,8,1270571.0,0.1,1,2,5,18,54.900000000000006,208.5,0,1,0,1,0,1,0,23,9,0.391304347826087,179.7,83.7,263.4,85.0,0.322703113135915,127.8,50.6,178.39999999999998,0.6772968868640851,1,32,88 84 30 27 45,2 9 55 14 54 76 92 40 42 65 52 3 60 26 68 37 17 18
27,13,8,1270571.0,0.1,1,3,5,23,54.900000000000006,227.40000000000003,0,1,0,1,0,1,0,28,7,0.25,181.1,101.2,282.29999999999995,63.20000000000002,0.2238753099539498,142.6,76.5,219.09999999999994,0.7761246900460502,1,64,88 84 30 27 45,75 8 29 66 71 10 64 82 12 77 87 32 24 74 47 51 100 34 48 1 56 46 72
27,13,8,1270571.0,0.1,1,4,5,10,54.900000000000006,93.1,0,1,0,1,0,1,0,15,11,0.7333333333333333,95.6,52.4,148.0,105.5,0.7128378378378378,27.4,15.1,42.5,0.28716216216216217,1,1,88 84 30 27 45,61 21 36 90 33 91 15 20 49 13
27,13,8,1270571.0,0.1,1,5,5,5,54.900000000000006,56.8,0,0,0,0,0,1,1,10,10,1.0,68.0,43.7,111.69999999999999,111.70000000000002,1.0000000000000002,0.0,0.0,0.0,0.0,1,0,88 84 30 27 45,89 85 59 67 62
27,13,8,1270571.0,0.1,1,6,5,13,54.900000000000006,123.9,0,1,0,1,0,1,0,18,7,0.3888888888888889,118.6,60.2,178.8,69.7,0.38982102908277405,74.6,34.5,109.10000000000001,0.610178970917226,1,1,88 84 30 27 45,96 80 86 6 93 38 4 94 28 58 31 78 50
27,13,8,1270571.0,0.1,1,7,5,14,54.900000000000006,213.90000000000003,0,1,0,1,0,1,0,19,8,0.42105263157894735,175.6,93.2,268.8,81.7,0.3039434523809524,122.2,64.9,187.10000000000002,0.6960565476190477,1,32,88 84 30 27 45,22 53 83 5 19 70 11 23 79 39 57 73 63 25
27,13,8,1270571.0,0.1,2,3,18,23,208.5,227.40000000000003,1,1,1,2,1,0,0,41,7,0.17073170731707318,293.2,142.7,435.9,42.59999999999999,0.09772883688919475,267.2,126.1,393.3,0.9022711631108054,0,64,2 9 55 14 54 76 92 40 42 65 52 3 60 26 68 37 17 18,75 8 29 66 71 10 64 82 12 77 87 32 24 74 47 51 100 34 48 1 56 46 72
27,13,8,1270571.0,0.1,2,4,18,10,208.5,93.1,1,1,1,2,1,0,0,28,9,0.32142857142857145,207.7,93.9,301.6,78.89999999999999,0.261604774535809,157.2,65.5,222.70000000000005,0.7383952254641911,0,32,2 9 55 14 54 76 92 40 42 65 52 3 60 26 68 37 17 18,61 21 36 90 33 91 15 20 49 13
27,13,8,1270571.0,0.1,2,5,18,5,208.5,56.8,1,0,0,1,0,1,0,23,9,0.391304347826087,180.1,85.2,265.3,86.89999999999998,0.32755371277798706,127.8,50.6,178.40000000000003,0.6724462872220129,1,64,2 9 55 14 54 76 92 40 42 65 52 3 60 26 68 37 17 18,89 85 59 67 62
27,13,8,1270571.0,0.1,2,6,18,13,208.5,123.9,1,1,1,2,1,0,0,31,5,0.16129032258064516,230.7,101.7,332.40000000000003,42.899999999999984,0.12906137184115518,203.4,86.1,289.50000000000006,0.8709386281588448,0,32,2 9 55 14 54 76 92 40 42 65 52 3 60 26 68 37 17 18,96 80 86 6 93 38 4 94 28 58 31 78 50
27,13,8,1270571.0,0.1,2,7,18,14,208.5,213.90000000000003,1,1,1,2,1,0,0,32,6,0.1875,287.7,134.7,422.4,54.89999999999998,0.12997159090909086,251.0,116.5,367.5,0.8700284090909092,0,32,2 9 55 14 54 76 92 40 42 65 52 3 60 26 68 37 17 18,22 53 83 5 19 70 11 23 79 39 57 73 63 25
27,13,8,1270571.0,0.1,3,4,23,10,227.40000000000003,93.1,1,1,1,2,1,0,0,33,8,0.24242424242424243,209.1,111.4,320.5,80.0,0.24960998439937598,155.5,85.0,240.5,0.750390015600624,0,64,75 8 29 66 71 10 64 82 12 77 87 32 24 74 47 51 100 34 48 1 56 46 72,61 21 36 90 33 91 15 20 49 13
27,13,8,1270571.0,0.1,3,5,23,5,227.40000000000003,56.8,1,0,0,1,0,1,0,28,7,0.25,181.5,102.7,284.20000000000005,65.10000000000001,0.229064039408867,142.6,76.5,219.10000000000002,0.770935960591133,1,28,75 8 29 66 71 10 64 82 12 77 87 32 24 74 47 51 100 34 48 1 56 46 72,89 85 59 67 62
27,13,8,1270571.0,0.1,3,6,23,13,227.40000000000003,123.9,1,1,1,2,1,0,0,36,2,0.05555555555555555,232.1,119.2,351.3,14.200000000000003,0.04042129234272702,222.5,114.6,337.1,0.959578707657273,0,10,75 8 29 66 71 10 64 82 12 77 87 32 24 74 47 51 100 34 48 1 56 46 72,96 80 86 6 93 38 4 94 28 58 31 78 50
27,13,8,1270571.0,0.1,3,7,23,14,227.40000000000003,213.90000000000003,1,1,1,2,1,0,0,37,3,0.08108108108108109,289.1,152.2,441.29999999999995,25.600000000000005,0.05801042374801724,270.3,145.4,415.69999999999993,0.9419895762519828,0,10,75 8 29 66 71 10 64 82 12 77 87 32 24 74 47 51 100 34 48 1 56 46 72,22 53 83 5 19 70 11 23 79 39 57 73 63 25
27,13,8,1270571.0,0.1,4,5,10,5,93.1,56.8,1,0,0,1,0,1,0,15,12,0.8,96.0,53.9,149.90000000000003,111.49999999999999,0.7438292194796529,26.7,11.7,38.40000000000005,0.25617078052034714,1,1,61 21 36 90 33 91 15 20 49 13,89 85 59 67 62
27,13,8,1270571.0,0.1,4,6,10,13,93.1,123.9,1,1,1,1,0,1,0,23,7,0.30434782608695654,146.6,70.4,217.0,54.69999999999999,0.25207373271889394,111.5,50.8,162.3,0.747926267281106,1,1,61 21 36 90 33 91 15 20 49 13,96 80 86 6 93 38 4 94 28 58 31 78 50
27,13,8,1270571.0,0.1,4,7,10,14,93.1,213.90000000000003,1,1,1,2,1,0,0,24,8,0.3333333333333333,203.6,103.4,307.0,68.89999999999999,0.22442996742671006,156.9,81.2,238.10000000000002,0.7755700325732899,0,32,61 21 36 90 33 91 15 20 49 13,22 53 83 5 19 70 11 23 79 39 57 73 63 25
27,13,8,1270571.0,0.1,5,6,5,13,56.8,123.9,0,1,0,1,0,1,0,18,3,0.16666666666666666,119.0,61.7,180.70000000000002,25.699999999999996,0.14222468179302708,100.7,54.3,155.00000000000003,0.857775318206973,1,1,89 85 59 67 62,96 80 86 6 93 38 4 94 28 58 31 78 50
27,13,8,1270571.0,0.1,5,7,5,14,56.8,213.90000000000003,0,1,0,1,0,1,0,19,6,0.3157894736842105,176.0,94.7,270.7,60.39999999999999,0.22312523088289618,139.6,70.7,210.3,0.7768747691171038,1,12,89 85 59 67 62,22 53 83 5 19 70 11 23 79 39 57 73 63 25
27,13,8,1270571.0,0.1,6,7,13,14,123.9,213.90000000000003,1,1,1,2,1,0,0,27,1,0.037037037037037035,226.6,111.2,337.79999999999995,3.5999999999999943,0.010657193605683821,224.4,109.8,334.19999999999993,0.989342806394316,0,2,96 80 86 6 93 38 4 94 28 58 31 78 50,22 53 83 5 19 70 11 23 79 39 57 73 63 25
28,14,7,1244175.0,0.1,0,1,6,13,59.900000000000006,174.2,0,1,0,1,0,1,0,19,5,0.2631578947368421,160.4,73.7,234.1,34.300000000000004,0.14651858180264846,139.1,60.7,199.79999999999998,0.8534814181973515,1,24,2 68 37 43 17 18,26 60 3 52 65 42 40 92 76 54 14 55 9
28,14,7,1244175.0,0.1,0,2,6,14,59.900000000000006,213.90000000000003,0,1,0,1,0,1,0,20,9,0.45,177.6,96.2,273.8,93.80000000000001,0.3425858290723156,118.1,61.9,180.0,0.6574141709276844,1,32,2 68 37 43 17 18,22 53 83 5 19 70 11 23 79 39 57 63 73 25
28,14,7,1244175.0,0.1,0,3,6,14,59.900000000000006,110.19999999999999,0,1,0,1,0,1,0,20,9,0.45,114.2,55.9,170.1,83.0,0.4879482657260435,60.5,26.6,87.1,0.5120517342739564,1,1,2 68 37 43 17 18,89 72 93 38 4 94 28 58 31 78 50 90 33 91
28,14,7,1244175.0,0.1,0,4,6,21,59.900000000000006,219.1,0,1,0,1,0,1,0,27,6,0.2222222222222222,178.4,100.6,279.0,59.900000000000006,0.21469534050179215,142.6,76.5,219.1,0.7853046594982078,1,24,2 68 37 43 17 18,75 8 29 66 71 10 64 82 12 77 87 32 24 74 47 48 100 34 51 1 56
28,14,7,1244175.0,0.1,0,5,6,12,59.900000000000006,138.8,0,1,0,1,0,1,0,18,10,0.5555555555555556,123.5,75.2,198.70000000000002,102.79999999999998,0.5173628585807749,60.6,35.3,95.90000000000003,0.4826371414192251,1,1,2 68 37 43 17 18,62 67 96 86 6 80 59 85 46 15 20 61
28,14,7,1244175.0,0.1,0,6,6,20,59.900000000000006,222.8,0,1,0,1,0,1,0,26,8,0.3076923076923077,177.9,104.8,282.70000000000005,96.50000000000001,0.3413512557481429,121.4,64.8,186.20000000000005,0.6586487442518572,1,32,2 68 37 43 17 18,88 84 30 44 35 98 81 16 69 7 41 99 95 97 27 45 36 21 49 13
28,14,7,1244175.0,0.1,1,2,13,14,174.2,213.90000000000003,1,1,1,2,1,0,0,27,3,0.1111111111111111,266.4,121.7,388.09999999999997,33.9,0.08734862148930689,242.7,111.5,354.2,0.9126513785106932,0,4,26 60 3 52 65 42 40 92 76 54 14 55 9,22 53 83 5 19 70 11 23 79 39 57 63 73 25
28,14,7,1244175.0,0.1,1,3,13,14,174.2,110.19999999999999,1,1,1,2,1,0,0,27,5,0.18518518518518517,203.0,81.4,284.40000000000003,42.699999999999996,0.15014064697608998,172.4,69.3,241.70000000000005,0.84985935302391,0,16,26 60 3 52 65 42 40 92 76 54 14 55 9,89 72 93 38 4 94 28 58 31 78 50 90 33 91
28,14,7,1244175.0,0.1,1,4,13,21,174.2,219.1,1,1,1,2,1,0,0,34,0,0.0,267.2,126.1,393.29999999999995,0.0,0.0,267.2,126.1,393.29999999999995,1.0,0,1,26 60 3 52 65 42 40 92 76 54 14 55 9,75 8 29 66 71 10 64 82 12 77 87 32 24 74 47 48 100 34 51 1 56
28,14,7,1244175.0,0.1,1,5,13,12,174.2,138.8,1,1,1,2,1,0,0,25,6,0.24,212.3,100.7,312.99999999999994,62.499999999999986,0.1996805111821086,172.5,78.0,250.49999999999994,0.8003194888178914,0,16,26 60 3 52 65 42 40 92 76 54 14 55 9,62 67 96 86 6 80 59 85 46 15 20 61
28,14,7,1244175.0,0.1,1,6,13,20,174.2,222.8,1,1,1,2,1,0,0,33,4,0.12121212121212122,266.7,130.3,397.0,56.20000000000002,0.14156171284634764,233.3,107.5,340.79999999999995,0.8584382871536522,0,16,26 60 3 52 65 42 40 92 76 54 14 55 9,88 84 30 44 35 98 81 16 69 7 41 99 95 97 27 45 36 21 49 13
28,14,7,1244175.0,0.1,2,3,14,14,213.90000000000003,110.19999999999999,1,1,1,2,1,0,0,28,6,0.21428571428571427,220.2,103.9,324.1,61.900000000000006,0.1909904350509102,176.9,85.3,262.20000000000005,0.8090095649490898,0,16,22 53 83 5 19 70 11 23 79 39 57 63 73 25,89 72 93 38 4 94 28 58 31 78 50 90 33 91
28,14,7,1244175.0,0.1,2,4,14,21,213.90000000000003,219.1,1,1,1,2,1,0,0,35,3,0.08571428571428572,284.4,148.6,433.0,43.60000000000001,0.1006928406466513,253.3,136.1,389.4,0.8993071593533487,0,4,22 53 83 5 19 70 11 23 79 39 57 63 73 25,75 8 29 66 71 10 64 82 12 77 87 32 24 74 47 48 100 34 51 1 56
28,14,7,1244175.0,0.1,2,5,14,12,213.90000000000003,138.8,1,1,1,2,1,0,0,26,6,0.23076923076923078,229.5,123.2,352.7,72.19999999999999,0.20470654947547487,186.6,93.9,280.5,0.7952934505245252,0,16,22 53 83 5 19 70 11 23 79 39 57 63 73 25,62 67 96 86 6 80 59 85 46 15 20 61
28,14,7,1244175.0,0.1,2,6,14,20,213.90000000000003,222.8,1,1,1,2,1,0,0,34,9,0.2647058823529412,283.9,152.8,436.70000000000005,94.20000000000002,0.21570872452484544,222.0,120.5,342.5,0.7842912754751545,0,16,22 53 83 5 19 70 11 23 79 39 57 63 73 25,88 84 30 44 35 98 81 16 69 7 41 99 95 97 27 45 36 21 49 13
28,14,7,1244175.0,0.1,3,4,14,21,110.19999999999999,219.1,1,1,1,2,1,0,0,35,5,0.14285714285714285,221.0,108.3,329.29999999999995,34.099999999999994,0.10355299119344064,196.1,99.1,295.19999999999993,0.8964470088065593,0,16,89 72 93 38 4 94 28 58 31 78 50 90 33 91,75 8 29 66 71 10 64 82 12 77 87 32 24 74 47 48 100 34 51 1 56
28,14,7,1244175.0,0.1,3,5,14,12,110.19999999999999,138.8,1,1,1,1,0,1,0,26,6,0.23076923076923078,166.1,82.9,249.00000000000003,55.29999999999998,0.22208835341365452,128.1,65.6,193.70000000000005,0.7779116465863455,1,16,89 72 93 38 4 94 28 58 31 78 50 90 33 91,62 67 96 86 6 80 59 85 46 15 20 61
28,14,7,1244175.0,0.1,3,6,14,20,110.19999999999999,222.8,1,1,1,2,1,0,0,34,8,0.23529411764705882,220.5,112.5,333.0,76.10000000000002,0.2285285285285286,170.3,86.6,256.9,0.7714714714714714,0,16,89 72 93 38 4 94 28 58 31 78 50 90 33 91,88 84 30 44 35 98 81 16 69 7 41 99 95 97 27 45 36 21 49 13
28,14,7,1244175.0,0.1,4,5,21,12,219.1,138.8,1,1,1,2,1,0,0,33,6,0.18181818181818182,230.3,127.6,357.9,73.29999999999998,0.20480581167923997,185.5,99.1,284.6,0.79519418832076,0,16,75 8 29 66 71 10 64 82 12 77 87 32 24 74 47 48 100 34 51 1 56,62 67 96 86 6 80 59 85 46 15 20 61
28,14,7,1244175.0,0.1,4,6,21,20,219.1,222.8,1,1,1,2,1,0,0,41,7,0.17073170731707318,284.7,157.2,441.90000000000003,81.80000000000003,0.18510975333785928,233.6,126.5,360.1,0.8148902466621407,0,16,75 8 29 66 71 10 64 82 12 77 87 32 24 74 47 48 100 34 51 1 56,88 84 30 44 35 98 81 16 69 7 41 99 95 97 27 45 36 21 49 13
28,14,7,1244175.0,0.1,5,6,12,20,138.8,222.8,1,1,1,2,1,0,0,32,10,0.3125,229.8,131.8,361.6,92.70000000000002,0.2563606194690266,171.9,97.0,268.9,0.7436393805309733,0,16,62 67 96 86 6 80 59 85 46 15 20 61,88 84 30 44 35 98 81 16 69 7 41 99 95 97 27 45 36 21 49 13
29,14,8,1263846.0,0.1,0,1,8,5,72.5,56.8,0,0,0,1,0,1,0,13,12,0.9230769230769231,83.7,45.6,129.3,115.3,0.8917246713070378,9.4,4.6,14.000000000000014,0.1082753286929622,1,1,61 20 15 91 33 90 36 21,89 85 59 67 62
29,14,8,1263846.0,0.1,0,2,8,15,72.5,144.5,0,1,0,1,0,1,0,23,8,0.34782608695652173,146.6,70.4,217.00000000000003,73.10000000000001,0.3368663594470046,99.4,44.5,143.90000000000003,0.6631336405529955,1,1,61 20 15 91 33 90 36 21,96 86 6 80 93 38 28 58 94 4 31 78 50 49 13
29,14,8,1263846.0,0.1,0,3,8,14,72.5,213.90000000000003,0,1,0,1,0,1,0,22,8,0.36363636363636365,191.3,95.1,286.4,89.19999999999999,0.31145251396648044,131.0,66.2,197.2,0.6885474860335196,1,32,61 20 15 91 33 90 36 21,22 53 83 5 19 70 11 23 79 39 57 63 73 25
29,14,8,1263846.0,0.1,0,4,8,23,72.5,227.40000000000003,0,1,0,1,0,1,0,31,10,0.3225806451612903,196.8,103.1,299.8999999999999,80.80000000000001,0.26942314104701576,142.6,76.5,219.0999999999999,0.7305768589529842,1,64,61 20 15 91 33 90 36 21,75 8 29 66 71 10 64 82 12 77 87 32 24 74 47 51 100 34 48 1 56 46 72
29,14,8,1263846.0,0.1,0,5,8,14,72.5,189.6,0,1,0,1,0,1,0,22,7,0.3181818181818182,183.6,78.5,262.1,68.39999999999999,0.2609690957649751,139.2,54.5,193.70000000000005,0.7390309042350249,1,32,61 20 15 91 33 90 36 21,2 9 55 14 54 76 92 40 42 65 52 3 60 26
29,14,8,1263846.0,0.1,0,6,8,6,72.5,64.9,0,0,0,1,0,1,0,14,12,0.8571428571428571,89.2,48.2,137.4,122.20000000000002,0.8893740902474527,9.6,5.6,15.199999999999989,0.11062590975254721,1,1,61 20 15 91 33 90 36 21,18 88 84 30 27 45
29,14,8,1263846.0,0.1,0,7,8,15,72.5,169.29999999999998,0,1,0,1,0,1,0,23,7,0.30434782608695654,158.8,83.0,241.79999999999995,94.29999999999998,0.38999172870140614,99.7,47.8,147.49999999999997,0.6100082712985939,1,32,61 20 15 91 33 90 36 21,35 98 81 16 69 7 41 99 95 97 44 43 17 37 68
29,14,8,1263846.0,0.1,1,2,5,15,56.8,144.5,0,1,0,1,0,1,0,20,5,0.25,131.3,70.0,201.30000000000004,46.30000000000001,0.23000496770988577,100.7,54.3,155.00000000000003,0.7699950322901142,1,1,89 85 59 67 62,96 86 6 80 93 38 28 58 94 4 31 78 50 49 13
29,14,8,1263846.0,0.1,1,3,5,14,56.8,213.90000000000003,0,1,0,1,0,1,0,19,7,0.3684210526315789,176.0,94.7,270.7,80.8,0.2984854082009605,125.9,64.0,189.89999999999998,0.7015145917990395,1,24,89 85 59 67 62,22 53 83 5 19 70 11 23 79 39 57 63 73 25
29,14,8,1263846.0,0.1,1,4,5,23,56.8,227.40000000000003,0,1,0,1,0,1,0,28,7,0.25,181.5,102.7,284.19999999999993,65.10000000000001,0.22906403940886708,142.6,76.5,219.0999999999999,0.7709359605911329,1,28,89 85 59 67 62,75 8 29 66 71 10 64 82 12 77 87 32 24 74 47 51 100 34 48 1 56 46 72
29,14,8,1263846.0,0.1,1,5,5,14,56.8,189.6,0,1,0,1,0,1,0,19,6,0.3157894736842105,168.3,78.1,246.39999999999998,72.2,0.29301948051948057,124.6,49.6,174.2,0.7069805194805195,1,32,89 85 59 67 62,2 9 55 14 54 76 92 40 42 65 52 3 60 26
29,14,8,1263846.0,0.1,1,6,5,6,56.8,64.9,0,0,0,0,0,1,1,11,11,1.0,73.9,47.8,121.7,121.7,1.0,0.0,0.0,0.0,0.0,1,0,89 85 59 67 62,18 88 84 30 27 45
29,14,8,1263846.0,0.1,1,7,5,15,56.8,169.29999999999998,0,1,0,1,0,1,0,20,9,0.45,143.5,82.6,226.09999999999997,112.69999999999999,0.49845201238390097,76.9,36.5,113.39999999999998,0.5015479876160991,1,1,89 85 59 67 62,35 98 81 16 69 7 41 99 95 97 44 43 17 37 68
29,14,8,1263846.0,0.1,2,3,15,14,144.5,213.90000000000003,1,1,1,2,1,0,0,29,4,0.13793103448275862,238.9,119.5,358.4,44.60000000000001,0.12444196428571432,210.7,103.1,313.79999999999995,0.8755580357142857,0,16,96 86 6 80 93 38 28 58 94 4 31 78 50 49 13,22 53 83 5 19 70 11 23 79 39 57 63 73 25
29,14,8,1263846.0,0.1,2,4,15,23,144.5,227.40000000000003,1,1,1,2,1,0,0,38,4,0.10526315789473684,244.4,127.5,371.9,34.80000000000001,0.0935735412745362,222.5,114.6,337.09999999999997,0.9064264587254638,0,30,96 86 6 80 93 38 28 58 94 4 31 78 50 49 13,75 8 29 66 71 10 64 82 12 77 87 32 24 74 47 51 100 34 48 1 56 46 72
29,14,8,1263846.0,0.1,2,5,15,14,144.5,189.6,1,1,1,2,1,0,0,29,4,0.13793103448275862,231.2,102.9,334.09999999999997,43.500000000000014,0.1302005387608501,203.4,87.2,290.59999999999997,0.86979946123915,0,16,96 86 6 80 93 38 28 58 94 4 31 78 50 49 13,2 9 55 14 54 76 92 40 42 65 52 3 60 26
29,14,8,1263846.0,0.1,2,6,15,6,144.5,64.9,1,0,0,1,0,1,0,21,10,0.47619047619047616,136.8,72.6,209.39999999999998,100.30000000000001,0.4789875835721109,74.6,34.5,109.09999999999997,0.5210124164278891,1,1,96 86 6 80 93 38 28 58 94 4 31 78 50 49 13,18 88 84 30 27 45
29,14,8,1263846.0,0.1,2,7,15,15,144.5,169.29999999999998,1,1,1,2,1,0,0,30,6,0.2,206.4,107.4,313.79999999999995,76.5,0.24378585086042068,161.7,75.6,237.29999999999995,0.7562141491395793,0,32,96 86 6 80 93 38 28 58 94 4 31 78 50 49 13,35 98 81 16 69 7 41 99 95 97 44 43 17 37 68
29,14,8,1263846.0,0.1,3,4,14,23,213.90000000000003,227.40000000000003,1,1,1,2,1,0,0,37,4,0.10810810810810811,289.1,152.2,441.29999999999995,48.500000000000014,0.10990256061636079,255.4,137.4,392.79999999999995,0.8900974393836393,0,16,22 53 83 5 19 70 11 23 79 39 57 63 73 25,75 8 29 66 71 10 64 82 12 77 87 32 24 74 47 51 100 34 48 1 56 46 72
29,14,8,1263846.0,0.1,3,5,14,14,213.90000000000003,189.6,1,1,1,2,1,0,0,28,4,0.14285714285714285,275.9,127.6,403.49999999999994,44.699999999999996,0.11078066914498141,245.6,113.2,358.79999999999995,0.8892193308550186,0,12,22 53 83 5 19 70 11 23 79 39 57 63 73 25,2 9 55 14 54 76 92 40 42 65 52 3 60 26
29,14,8,1263846.0,0.1,3,6,14,6,213.90000000000003,64.9,1,0,0,1,0,1,0,20,10,0.5,181.5,97.3,278.8,114.60000000000001,0.41104734576757535,107.3,56.9,164.2,0.5889526542324246,1,32,22 53 83 5 19 70 11 23 79 39 57 63 73 25,18 88 84 30 27 45
29,14,8,1263846.0,0.1,3,7,14,15,213.90000000000003,169.29999999999998,1,1,1,2,1,0,0,29,6,0.20689655172413793,251.1,132.1,383.2,81.6,0.21294363256784968,200.1,101.5,301.6,0.7870563674321504,0,16,22 53 83 5 19 70 11 23 79 39 57 63 73 25,35 98 81 16 69 7 41 99 95 97 44 43 17 37 68
29,14,8,1263846.0,0.1,4,5,23,14,227.40000000000003,189.6,1,1,1,2,1,0,0,37,3,0.08108108108108109,281.4,135.6,416.99999999999994,23.70000000000001,0.05683453237410075,267.2,126.1,393.29999999999995,0.9431654676258993,0,25,75 8 29 66 71 10 64 82 12 77 87 32 24 74 47 51 100 34 48 1 56 46 72,2 9 55 14 54 76 92 40 42 65 52 3 60 26
29,14,8,1263846.0,0.1,4,6,23,6,227.40000000000003,64.9,1,0,0,1,0,1,0,29,8,0.27586206896551724,187.0,105.3,292.3,73.20000000000002,0.2504276428327062,142.6,76.5,219.1,0.7495723571672939,1,64,75 8 29 66 71 10 64 82 12 77 87 32 24 74 47 51 100 34 48 1 56 46 72,18 88 84 30 27 45
29,14,8,1263846.0,0.1,4,7,23,15,227.40000000000003,169.29999999999998,1,1,1,2,1,0,0,38,5,0.13157894736842105,256.6,140.1,396.7,62.2,0.15679354676077642,220.5,114.0,334.5,0.8432064532392236,0,48,75 8 29 66 71 10 64 82 12 77 87 32 24 74 47 51 100 34 48 1 56 46 72,35 98 81 16 69 7 41 99 95 97 44 43 17 37 68
29,14,8,1263846.0,0.1,5,6,14,6,189.6,64.9,1,0,0,1,0,1,0,20,7,0.35,173.8,80.7,254.5,80.30000000000001,0.31552062868369357,124.6,49.6,174.2,0.6844793713163064,1,32,2 9 55 14 54 76 92 40 42 65 52 3 60 26,18 88 84 30 27 45
29,14,8,1263846.0,0.1,5,7,14,15,189.6,169.29999999999998,1,1,1,2,1,0,0,29,4,0.13793103448275862,243.4,115.5,358.9,47.19999999999998,0.13151295625522424,215.2,96.5,311.7,0.8684870437447757,0,16,2 9 55 14 54 76 92 40 42 65 52 3 60 26,35 98 81 16 69 7 41 99 95 97 44 43 17 37 68
29,14,8,1263846.0,0.1,6,7,6,15,64.9,169.29999999999998,0,1,0,1,0,1,0,21,6,0.2857142857142857,149.0,85.2,234.2,65.3,0.2788215200683177,110.4,58.5,168.89999999999998,0.7211784799316823,1,1,18 88 84 30 27 45,35 98 81 16 69 7 41 99 95 97 44 43 17 37 68
30,15,7,1249358.0,0.1,0,1,17,23,225.4,230.10000000000002,1,1,1,2,1,0,0,40,6,0.15,298.3,157.2,455.5,60.69999999999999,0.1332601536772777,259.1,135.7,394.8,0.8667398463227223,0,18,89 72 46 50 78 31 5 39 79 57 73 63 11 23 19 70 83,10 64 82 12 77 87 32 24 74 47 51 34 100 48 1 56 58 28 94 4 38 93 85
30,15,7,1249358.0,0.1,0,2,17,14,225.4,161.6,1,1,1,2,1,0,0,31,3,0.0967741935483871,254.2,132.8,387.0,23.999999999999986,0.06201550387596896,238.4,124.6,363.0,0.937984496124031,0,8,89 72 46 50 78 31 5 39 79 57 73 63 11 23 19 70 83,75 8 29 71 66 16 69 7 81 41 99 95 98 35
30,15,7,1249358.0,0.1,0,3,17,7,225.4,88.5,1,1,1,1,0,1,0,24,9,0.375,201.5,112.4,313.9,105.19999999999999,0.3351385791653393,137.0,71.7,208.7,0.6648614208346607,1,16,89 72 46 50 78 31 5 39 79 57 73 63 11 23 19 70 83,18 88 84 30 21 49 13
30,15,7,1249358.0,0.1,0,4,17,16,225.4,200.8,1,1,1,2,1,0,0,33,6,0.18181818181818182,291.1,135.1,426.19999999999993,35.7,0.08376349131862977,265.6,124.9,390.49999999999994,0.9162365086813703,0,8,89 72 46 50 78 31 5 39 79 57 73 63 11 23 19 70 83,37 68 26 60 3 52 65 42 40 92 76 54 14 55 9 25
30,15,7,1249358.0,0.1,0,5,17,9,225.4,96.4,1,1,1,2,1,0,0,26,6,0.23076923076923078,211.8,110.0,321.79999999999995,63.79999999999999,0.19825978868862648,172.9,85.1,257.99999999999994,0.8017402113113734,0,8,89 72 46 50 78 31 5 39 79 57 73 63 11 23 19 70 83,62 67 59 80 86 6 22 53 96
30,15,7,1249358.0,0.1,0,6,17,14,225.4,136.1,1,1,1,2,1,0,0,31,13,0.41935483870967744,239.1,122.4,361.5,105.69999999999999,0.2923928077455048,168.6,87.2,255.8,0.7076071922544952,0,16,89 72 46 50 78 31 5 39 79 57 73 63 11 23 19 70 83,2 17 43 44 97 27 45 36 90 33 91 15 20 61
30,15,7,1249358.0,0.1,1,2,23,14,230.10000000000002,161.6,1,1,1,2,1,0,0,37,2,0.05405405405405406,255.3,136.4,391.70000000000005,31.0,0.07914220066377328,237.0,123.7,360.70000000000005,0.9208577993362267,0,4,10 64 82 12 77 87 32 24 74 47 51 34 100 48 1 56 58 28 94 4 38 93 85,75 8 29 71 66 16 69 7 81 41 99 95 98 35
30,15,7,1249358.0,0.1,1,3,23,7,230.10000000000002,88.5,1,1,1,1,0,1,0,30,8,0.26666666666666666,202.6,116.0,318.6,112.2,0.352165725047081,135.6,70.8,206.40000000000003,0.6478342749529191,1,16,10 64 82 12 77 87 32 24 74 47 51 34 100 48 1 56 58 28 94 4 38 93 85,18 88 84 30 21 49 13
30,15,7,1249358.0,0.1,1,4,23,16,230.10000000000002,200.8,1,1,1,2,1,0,0,39,4,0.10256410256410256,292.2,138.7,430.8999999999999,37.2,0.08633093525179858,269.7,124.0,393.69999999999993,0.9136690647482014,0,8,10 64 82 12 77 87 32 24 74 47 51 34 100 48 1 56 58 28 94 4 38 93 85,37 68 26 60 3 52 65 42 40 92 76 54 14 55 9 25
30,15,7,1249358.0,0.1,1,5,23,9,230.10000000000002,96.4,1,1,1,2,1,0,0,32,5,0.15625,212.9,113.6,326.5,52.7,0.16140888208269527,181.7,92.1,273.8,0.8385911179173048,0,4,10 64 82 12 77 87 32 24 74 47 51 34 100 48 1 56 58 28 94 4 38 93 85,62 67 59 80 86 6 22 53 96
30,15,7,1249358.0,0.1,1,6,23,14,230.10000000000002,136.1,1,1,1,2,1,0,0,37,12,0.32432432432432434,240.2,126.0,366.19999999999993,112.9,0.30830147460404156,167.6,85.7,253.29999999999993,0.6916985253959584,0,32,10 64 82 12 77 87 32 24 74 47 51 34 100 48 1 56 58 28 94 4 38 93 85,2 17 43 44 97 27 45 36 90 33 91 15 20 61
30,15,7,1249358.0,0.1,2,3,14,7,161.6,88.5,1,1,1,1,0,1,0,21,4,0.19047619047619047,158.5,91.6,250.10000000000002,57.900000000000006,0.23150739704118353,123.8,68.4,192.20000000000002,0.7684926029588165,1,4,75 8 29 71 66 16 69 7 81 41 99 95 98 35,18 88 84 30 21 49 13
30,15,7,1249358.0,0.1,2,4,14,16,161.6,200.8,1,1,1,2,1,0,0,30,2,0.06666666666666667,248.1,114.3,362.3999999999999,6.2,0.01710816777041943,243.9,112.3,356.19999999999993,0.9828918322295807,0,2,75 8 29 71 66 16 69 7 81 41 99 95 98 35,37 68 26 60 3 52 65 42 40 92 76 54 14 55 9 25
30,15,7,1249358.0,0.1,2,5,14,9,161.6,96.4,1,1,1,2,1,0,0,23,1,0.043478260869565216,168.8,89.2,258.0,9.700000000000003,0.03759689922480621,162.2,86.1,248.3,0.9624031007751939,0,2,75 8 29 71 66 16 69 7 81 41 99 95 98 35,62 67 59 80 86 6 22 53 96
30,15,7,1249358.0,0.1,2,6,14,14,161.6,136.1,1,1,1,2,1,0,0,28,4,0.14285714285714285,196.1,101.6,297.7,41.300000000000004,0.13873026536781996,171.8,84.6,256.4,0.86126973463218,0,8,75 8 29 71 66 16 69 7 81 41 99 95 98 35,2 17 43 44 97 27 45 36 90 33 91 15 20 61
30,15,7,1249358.0,0.1,3,4,7,16,88.5,200.8,1,1,1,1,0,1,0,23,6,0.2608695652173913,195.4,93.9,289.29999999999995,81.2,0.2806774974075355,146.7,61.4,208.09999999999997,0.7193225025924646,1,4,18 88 84 30 21 49 13,37 68 26 60 3 52 65 42 40 92 76 54 14 55 9 25
30,15,7,1249358.0,0.1,3,5,7,9,88.5,96.4,1,1,1,1,0,1,0,16,8,0.5,116.1,68.8,184.9,100.10000000000001,0.5413737155219037,56.9,27.9,84.8,0.4586262844780962,1,1,18 88 84 30 21 49 13,62 67 59 80 86 6 22 53 96
30,15,7,1249358.0,0.1,3,6,7,14,88.5,136.1,1,1,1,1,0,1,0,21,7,0.3333333333333333,143.4,81.2,224.6,80.9,0.36019590382902944,94.7,49.0,143.7,0.6398040961709706,1,1,18 88 84 30 21 49 13,2 17 43 44 97 27 45 36 90 33 91 15 20 61
30,15,7,1249358.0,0.1,4,5,16,9,200.8,96.4,1,1,1,2,1,0,0,25,6,0.24,205.7,91.5,297.2,48.400000000000006,0.1628532974427995,177.0,71.8,248.79999999999998,0.8371467025572005,0,4,37 68 26 60 3 52 65 42 40 92 76 54 14 55 9 25,62 67 59 80 86 6 22 53 96
30,15,7,1249358.0,0.1,4,6,16,14,200.8,136.1,1,1,1,2,1,0,0,30,10,0.3333333333333333,233.0,103.9,336.9,81.5,0.2419115464529534,179.0,76.4,255.39999999999998,0.7580884535470466,0,8,37 68 26 60 3 52 65 42 40 92 76 54 14 55 9 25,2 17 43 44 97 27 45 36 90 33 91 15 20 61
30,15,7,1249358.0,0.1,5,6,9,14,96.4,136.1,1,1,1,1,0,1,0,23,11,0.4782608695652174,153.7,78.8,232.5,92.4,0.3974193548387097,92.7,47.4,140.1,0.6025806451612903,1,16,62 67 59 80 86 6 22 53 96,2 17 43 44 97 27 45 36 90 33 91 15 20 61
31,15,8,1266770.0,0.1,0,1,15,14,142.3,213.89999999999998,1,1,1,2,1,0,0,29,6,0.20689655172413793,239.8,116.4,356.2,67.7,0.1900617630544638,194.2,94.3,288.5,0.8099382369455362,0,16,15 91 33 90 50 78 31 38 4 28 58 94 93 85 89,25 63 73 57 79 39 23 11 70 19 5 83 53 22
31,15,8,1266770.0,0.1,0,2,15,16,142.3,195.8,1,1,1,2,1,0,0,31,5,0.16129032258064516,236.3,101.8,338.0999999999999,53.10000000000001,0.15705412599822544,200.3,84.7,284.9999999999999,0.8429458740017746,0,16,15 91 33 90 50 78 31 38 4 28 58 94 93 85 89,2 9 55 14 54 76 92 40 42 65 52 3 60 26 68 37
31,15,8,1266770.0,0.1,0,3,15,5,142.3,55.800000000000004,1,0,0,1,0,1,0,20,8,0.4,133.8,64.3,198.10000000000005,96.9,0.48914689550731943,71.1,30.1,101.20000000000005,0.5108531044926805,1,1,15 91 33 90 50 78 31 38 4 28 58 94 93 85 89,13 49 20 61 18
31,15,8,1266770.0,0.1,0,4,15,7,142.3,73.2,1,0,0,1,0,1,0,22,5,0.22727272727272727,143.8,71.7,215.50000000000006,47.5,0.2204176334106728,109.9,58.1,168.00000000000006,0.7795823665893272,1,1,15 91 33 90 50 78 31 38 4 28 58 94 93 85 89,62 67 59 80 6 86 96
31,15,8,1266770.0,0.1,0,5,15,23,142.3,227.40000000000003,1,1,1,2,1,0,0,38,7,0.18421052631578946,245.3,124.4,369.69999999999993,72.40000000000002,0.19583446037327573,197.2,100.1,297.2999999999999,0.8041655396267242,0,16,15 91 33 90 50 78 31 38 4 28 58 94 93 85 89,75 8 29 66 71 10 64 82 12 77 87 32 24 74 47 51 34 100 48 1 56 46 72
31,15,8,1266770.0,0.1,0,6,15,7,142.3,67.4,1,0,0,1,0,1,0,22,11,0.5,138.9,70.8,209.7,115.80000000000001,0.5522174535050073,66.9,27.0,93.89999999999998,0.4477825464949928,1,1,15 91 33 90 50 78 31 38 4 28 58 94 93 85 89,21 36 45 27 30 84 88
31,15,8,1266770.0,0.1,0,7,15,13,142.3,163.1,1,1,1,2,1,0,0,28,6,0.21428571428571427,203.1,102.3,305.40000000000003,77.1,0.2524557956777996,155.1,73.2,228.30000000000004,0.7475442043222005,0,32,15 91 33 90 50 78 31 38 4 28 58 94 93 85 89,35 98 81 16 69 7 41 99 95 97 44 43 17
31,15,8,1266770.0,0.1,1,2,14,16,213.89999999999998,195.8,1,1,1,2,1,0,0,30,5,0.16666666666666666,280.1,129.6,409.69999999999993,40.19999999999998,0.09812057603124234,251.9,117.6,369.49999999999994,0.9018794239687576,0,16,25 63 73 57 79 39 23 11 70 19 5 83 53 22,2 9 55 14 54 76 92 40 42 65 52 3 60 26 68 37
31,15,8,1266770.0,0.1,1,3,14,5,213.89999999999998,55.800000000000004,1,0,0,1,0,1,0,19,7,0.3684210526315789,177.6,92.1,269.7,74.4,0.2758620689655173,127.3,68.0,195.29999999999998,0.7241379310344828,1,64,25 63 73 57 79 39 23 11 70 19 5 83 53 22,13 49 20 61 18
31,15,8,1266770.0,0.1,1,4,14,7,213.89999999999998,73.2,1,0,0,2,1,0,0,21,5,0.23809523809523808,187.6,99.5,287.1,45.8,0.1595262974573319,160.9,80.4,241.3,0.8404737025426681,0,4,25 63 73 57 79 39 23 11 70 19 5 83 53 22,62 67 59 80 6 86 96
31,15,8,1266770.0,0.1,1,5,14,23,213.89999999999998,227.40000000000003,1,1,1,2,1,0,0,37,3,0.08108108108108109,289.1,152.2,441.2999999999999,23.30000000000001,0.052798549739406335,272.1,145.9,417.9999999999999,0.9472014502605937,0,14,25 63 73 57 79 39 23 11 70 19 5 83 53 22,75 8 29 66 71 10 64 82 12 77 87 32 24 74 47 51 34 100 48 1 56 46 72
31,15,8,1266770.0,0.1,1,6,14,7,213.89999999999998,67.4,1,0,0,1,0,1,0,21,9,0.42857142857142855,182.7,98.6,281.29999999999995,86.0,0.3057234269463207,127.3,68.0,195.29999999999995,0.6942765730536793,1,64,25 63 73 57 79 39 23 11 70 19 5 83 53 22,21 36 45 27 30 84 88
31,15,8,1266770.0,0.1,1,7,14,13,213.89999999999998,163.1,1,1,1,2,1,0,0,27,6,0.2222222222222222,246.9,130.1,377.0,80.19999999999999,0.21273209549071614,192.9,103.9,296.8,0.7872679045092839,0,32,25 63 73 57 79 39 23 11 70 19 5 83 53 22,35 98 81 16 69 7 41 99 95 97 44 43 17
31,15,8,1266770.0,0.1,2,3,16,5,195.8,55.800000000000004,1,0,0,1,0,1,0,21,6,0.2857142857142857,174.1,77.5,251.60000000000005,65.9,0.2619236883942766,132.0,53.7,185.70000000000005,0.7380763116057234,1,32,2 9 55 14 54 76 92 40 42 65 52 3 60 26 68 37,13 49 20 61 18
31,15,8,1266770.0,0.1,2,4,16,7,195.8,73.2,1,0,0,1,0,1,0,23,7,0.30434782608695654,184.1,84.9,269.00000000000006,71.4,0.26542750929368025,140.9,56.7,197.60000000000005,0.7345724907063197,1,16,2 9 55 14 54 76 92 40 42 65 52 3 60 26 68 37,62 67 59 80 6 86 96
31,15,8,1266770.0,0.1,2,5,16,23,195.8,227.40000000000003,1,1,1,2,1,0,0,39,5,0.1282051282051282,285.6,137.6,423.19999999999993,29.9,0.07065217391304349,267.2,126.1,393.29999999999995,0.9293478260869565,0,16,2 9 55 14 54 76 92 40 42 65 52 3 60 26 68 37,75 8 29 66 71 10 64 82 12 77 87 32 24 74 47 51 34 100 48 1 56 46 72
31,15,8,1266770.0,0.1,2,6,16,7,195.8,67.4,1,0,0,1,0,1,0,23,9,0.391304347826087,179.2,84.0,263.2,84.80000000000001,0.32218844984802436,127.8,50.6,178.39999999999998,0.6778115501519756,1,16,2 9 55 14 54 76 92 40 42 65 52 3 60 26 68 37,21 36 45 27 30 84 88
31,15,8,1266770.0,0.1,2,7,16,13,195.8,163.1,1,1,1,2,1,0,0,29,3,0.10344827586206896,243.4,115.5,358.90000000000003,48.5,0.13513513513513511,212.7,97.7,310.40000000000003,0.8648648648648649,0,8,2 9 55 14 54 76 92 40 42 65 52 3 60 26 68 37,35 98 81 16 69 7 41 99 95 97 44 43 17
31,15,8,1266770.0,0.1,3,4,5,7,55.800000000000004,73.2,0,0,0,1,0,1,0,12,9,0.75,81.6,47.4,129.0,102.5,0.7945736434108527,17.3,9.2,26.5,0.2054263565891473,1,1,13 49 20 61 18,62 67 59 80 6 86 96
31,15,8,1266770.0,0.1,3,5,5,23,55.800000000000004,227.40000000000003,0,1,0,1,0,1,0,28,7,0.25,183.1,100.1,283.19999999999993,64.10000000000002,0.22634180790960465,142.6,76.5,219.0999999999999,0.7736581920903953,1,64,13 49 20 61 18,75 8 29 66 71 10 64 82 12 77 87 32 24 74 47 51 34 100 48 1 56 46 72
31,15,8,1266770.0,0.1,3,6,5,7,55.800000000000004,67.4,0,0,0,1,0,1,0,12,11,0.9166666666666666,76.7,46.5,123.20000000000002,115.9,0.9407467532467532,4.2,3.1,7.300000000000011,0.059253246753246835,1,1,13 49 20 61 18,21 36 45 27 30 84 88
31,15,8,1266770.0,0.1,3,7,5,13,55.800000000000004,163.1,0,1,0,1,0,1,0,18,7,0.3888888888888889,140.9,78.0,218.9,84.19999999999999,0.38465052535404287,86.9,47.8,134.70000000000002,0.6153494746459571,1,1,13 49 20 61 18,35 98 81 16 69 7 41 99 95 97 44 43 17
31,15,8,1266770.0,0.1,4,5,7,23,73.2,227.40000000000003,0,1,0,2,1,0,0,30,7,0.23333333333333334,193.1,107.5,300.5999999999999,62.30000000000001,0.2072521623419828,155.7,82.6,238.2999999999999,0.7927478376580172,0,16,62 67 59 80 6 86 96,75 8 29 66 71 10 64 82 12 77 87 32 24 74 47 51 34 100 48 1 56 46 72
31,15,8,1266770.0,0.1,4,6,7,7,73.2,67.4,0,0,0,1,0,1,0,14,12,0.8571428571428571,86.7,53.9,140.6,121.4,0.8634423897581793,13.1,6.1,19.19999999999999,0.1365576102418207,1,1,62 67 59 80 6 86 96,21 36 45 27 30 84 88
31,15,8,1266770.0,0.1,4,7,7,13,73.2,163.1,0,1,0,1,0,1,0,20,9,0.45,150.9,85.4,236.3,99.69999999999999,0.42192128650021155,89.9,46.7,136.60000000000002,0.5780787134997885,1,32,62 67 59 80 6 86 96,35 98 81 16 69 7 41 99 95 97 44 43 17
31,15,8,1266770.0,0.1,5,6,23,7,227.40000000000003,67.4,1,0,0,1,0,1,0,30,9,0.3,188.2,106.6,294.8,75.70000000000002,0.2567842605156038,142.6,76.5,219.1,0.7432157394843961,1,64,75 8 29 66 71 10 64 82 12 77 87 32 24 74 47 51 34 100 48 1 56 46 72,21 36 45 27 30 84 88
31,15,8,1266770.0,0.1,5,7,23,13,227.40000000000003,163.1,1,1,1,2,1,0,0,36,6,0.16666666666666666,252.4,138.1,390.5,69.9,0.17900128040973112,208.2,112.4,320.6,0.8209987195902689,0,32,75 8 29 66 71 10 64 82 12 77 87 32 24 74 47 51 34 100 48 1 56 46 72,35 98 81 16 69 7 41 99 95 97 44 43 17
31,15,8,1266770.0,0.1,6,7,7,13,67.4,163.1,0,1,0,1,0,1,0,20,7,0.35,146.0,84.5,230.5,68.4,0.29674620390455536,104.1,58.0,162.1,0.7032537960954447,1,1,21 36 45 27 30 84 88,35 98 81 16 69 7 41 99 95 97 44 43 17
32,16,7,1244383.0,0.1,0,1,23,6,227.40000000000003,59.900000000000006,1,0,0,2,1,0,0,29,4,0.13793103448275862,183.1,104.2,287.3,29.800000000000004,0.10372432996867387,165.3,92.2,257.5,0.8962756700313261,0,16,75 8 29 66 71 10 64 82 12 77 87 32 24 74 47 51 100 34 48 1 56 46 72,2 68 37 43 17 18
32,16,7,1244383.0,0.1,0,2,23,14,227.40000000000003,194.6,1,1,1,2,1,0,0,37,2,0.05405405405405406,285.6,136.4,421.99999999999994,8.300000000000011,0.01966824644549766,280.9,132.8,413.69999999999993,0.9803317535545023,0,6,75 8 29 66 71 10 64 82 12 77 87 32 24 74 47 51 100 34 48 1 56 46 72,26 60 3 52 65 42 40 92 76 54 14 55 9 25
32,16,7,1244383.0,0.1,0,3,23,12,227.40000000000003,138.5,1,1,1,2,1,0,0,35,4,0.11428571428571428,236.5,129.4,365.9,33.90000000000001,0.09264826455315664,215.5,116.5,331.99999999999994,0.9073517354468433,0,8,75 8 29 66 71 10 64 82 12 77 87 32 24 74 47 51 100 34 48 1 56 46 72,62 67 96 22 53 83 6 86 80 59 85 89
32,16,7,1244383.0,0.1,0,4,23,7,227.40000000000003,63.300000000000004,1,0,0,2,1,0,0,30,4,0.13333333333333333,191.8,98.9,290.7,22.70000000000001,0.07808737530099763,178.1,89.9,268.0,0.9219126246990025,0,8,75 8 29 66 71 10 64 82 12 77 87 32 24 74 47 51 100 34 48 1 56 46 72,50 90 33 91 15 49 61
32,16,7,1244383.0,0.1,0,5,23,20,227.40000000000003,229.8,1,1,1,2,1,0,0,43,4,0.09302325581395349,295.8,161.4,457.20000000000005,33.30000000000001,0.07283464566929136,272.5,151.4,423.90000000000003,0.9271653543307087,0,22,75 8 29 66 71 10 64 82 12 77 87 32 24 74 47 51 100 34 48 1 56 46 72,88 84 30 44 35 98 81 16 7 69 41 99 95 97 27 45 36 21 20 13
32,16,7,1244383.0,0.1,0,6,23,18,227.40000000000003,225.4,1,1,1,2,1,0,0,41,3,0.07317073170731707,296.7,156.1,452.79999999999995,26.80000000000001,0.059187279151943495,280.6,145.4,425.99999999999994,0.9408127208480566,0,12,75 8 29 66 71 10 64 82 12 77 87 32 24 74 47 51 100 34 48 1 56 46 72,63 73 57 79 39 23 11 70 19 5 94 58 28 4 38 31 78 93
32,16,7,1244383.0,0.1,1,2,6,14,59.900000000000006,194.6,0,1,0,2,1,0,0,20,3,0.15,174.1,80.4,254.5,14.700000000000003,0.057760314341846766,165.5,74.3,239.8,0.9422396856581533,0,8,2 68 37 43 17 18,26 60 3 52 65 42 40 92 76 54 14 55 9 25
32,16,7,1244383.0,0.1,1,3,6,12,59.900000000000006,138.5,0,1,0,1,0,1,0,18,5,0.2777777777777778,125.0,73.4,198.4,36.20000000000001,0.18245967741935487,102.7,59.5,162.2,0.8175403225806451,1,1,2 68 37 43 17 18,62 67 96 22 53 83 6 86 80 59 85 89
32,16,7,1244383.0,0.1,1,4,6,7,59.900000000000006,63.300000000000004,0,0,0,1,0,1,0,13,4,0.3076923076923077,80.3,42.9,123.20000000000002,23.000000000000007,0.1866883116883117,66.3,33.9,100.20000000000002,0.8133116883116883,1,1,2 68 37 43 17 18,50 90 33 91 15 49 61
32,16,7,1244383.0,0.1,1,5,6,20,59.900000000000006,229.8,0,1,0,2,1,0,0,26,4,0.15384615384615385,184.3,105.4,289.70000000000005,34.599999999999994,0.11943389713496717,159.8,95.3,255.10000000000005,0.8805661028650328,0,8,2 68 37 43 17 18,88 84 30 44 35 98 81 16 7 69 41 99 95 97 27 45 36 21 20 13
32,16,7,1244383.0,0.1,1,6,6,18,59.900000000000006,225.4,0,1,0,2,1,0,0,24,4,0.16666666666666666,185.2,100.1,285.3,34.099999999999994,0.11952330879775672,164.7,86.5,251.20000000000002,0.8804766912022433,0,16,2 68 37 43 17 18,63 73 57 79 39 23 11 70 19 5 94 58 28 4 38 31 78 93
32,16,7,1244383.0,0.1,2,3,14,12,194.6,138.5,1,1,1,2,1,0,0,26,2,0.07692307692307693,227.5,105.6,333.09999999999997,13.700000000000006,0.0411287901531072,217.8,101.6,319.4,0.9588712098468929,0,4,26 60 3 52 65 42 40 92 76 54 14 55 9 25,62 67 96 22 53 83 6 86 80 59 85 89
32,16,7,1244383.0,0.1,2,4,14,7,194.6,63.300000000000004,1,0,0,2,1,0,0,21,1,0.047619047619047616,182.8,75.1,257.9,2.0999999999999996,0.0081426909654905,181.7,74.1,255.79999999999998,0.9918573090345095,0,3,26 60 3 52 65 42 40 92 76 54 14 55 9 25,50 90 33 91 15 49 61
32,16,7,1244383.0,0.1,2,5,14,20,194.6,229.8,1,1,1,2,1,0,0,34,2,0.058823529411764705,286.8,137.6,424.4,18.0,0.04241281809613572,273.6,132.8,406.4,0.9575871819038643,0,4,26 60 3 52 65 42 40 92 76 54 14 55 9 25,88 84 30 44 35 98 81 16 7 69 41 99 95 97 27 45 36 21 20 13
32,16,7,1244383.0,0.1,2,6,14,18,194.6,225.4,1,1,1,2,1,0,0,32,1,0.03125,287.7,132.3,420.0,3.5999999999999943,0.008571428571428558,285.5,130.9,416.4,0.9914285714285713,0,2,26 60 3 52 65 42 40 92 76 54 14 55 9 25,63 73 57 79 39 23 11 70 19 5 94 58 28 4 38 31 78 93
32,16,7,1244383.0,0.1,3,4,12,7,138.5,63.300000000000004,1,0,0,1,0,1,0,19,3,0.15789473684210525,133.7,68.1,201.80000000000004,25.4,0.12586719524281464,119.4,57.0,176.40000000000003,0.8741328047571854,1,1,62 67 96 22 53 83 6 86 80 59 85 89,50 90 33 91 15 49 61
32,16,7,1244383.0,0.1,3,5,12,20,138.5,229.8,1,1,1,2,1,0,0,32,4,0.125,237.7,130.6,368.3,38.6,0.10480586478414336,213.0,116.7,329.7,0.8951941352158566,0,8,62 67 96 22 53 83 6 86 80 59 85 89,88 84 30 44 35 98 81 16 7 69 41 99 95 97 27 45 36 21 20 13
32,16,7,1244383.0,0.1,3,6,12,18,138.5,225.4,1,1,1,2,1,0,0,30,4,0.13333333333333333,238.6,125.3,363.90000000000003,35.1,0.09645507007419621,216.8,112.0,328.8,0.9035449299258037,0,8,62 67 96 22 53 83 6 86 80 59 85 89,63 73 57 79 39 23 11 70 19 5 94 58 28 4 38 31 78 93
32,16,7,1244383.0,0.1,4,5,7,20,63.300000000000004,229.8,0,1,0,2,1,0,0,27,3,0.1111111111111111,193.0,100.1,293.1,21.89999999999999,0.07471852610030703,179.2,92.0,271.20000000000005,0.9252814738996931,0,4,50 90 33 91 15 49 61,88 84 30 44 35 98 81 16 7 69 41 99 95 97 27 45 36 21 20 13
32,16,7,1244383.0,0.1,4,6,7,18,63.300000000000004,225.4,0,1,0,2,1,0,0,25,3,0.12,193.9,94.8,288.7,24.199999999999996,0.08382403879459646,179.2,85.3,264.5,0.9161759612054036,0,8,50 90 33 91 15 49 61,63 73 57 79 39 23 11 70 19 5 94 58 28 4 38 31 78 93
32,16,7,1244383.0,0.1,5,6,20,18,229.8,225.4,1,1,1,2,1,0,0,38,3,0.07894736842105263,297.9,157.3,455.2,36.5,0.08018453427065027,273.3,145.4,418.7,0.9198154657293497,0,13,88 84 30 44 35 98 81 16 7 69 41 99 95 97 27 45 36 21 20 13,63 73 57 79 39 23 11 70 19 5 94 58 28 4 38 31 78 93
33,16,8,1270167.0,0.1,0,1,14,11,213.90000000000003,107.5,1,1,1,2,1,0,0,25,3,0.12,215.0,106.4,321.3999999999999,34.999999999999986,0.10889856876166769,193.1,93.3,286.3999999999999,0.8911014312383323,0,16,22 53 83 5 19 70 11 23 39 79 57 73 63 25,50 78 31 38 28 58 94 4 93 85 89
33,16,8,1270167.0,0.1,0,2,14,23,213.90000000000003,227.4,1,1,1,2,1,0,0,37,3,0.08108108108108109,289.1,152.2,441.3,23.3,0.0527985497394063,272.1,145.9,418.0,0.9472014502605937,0,20,22 53 83 5 19 70 11 23 39 79 57 73 63 25,72 46 56 1 48 100 34 51 47 74 24 32 87 77 12 82 64 10 71 66 29 8 75
33,16,8,1270167.0,0.1,0,3,14,16,213.90000000000003,195.8,1,1,1,2,1,0,0,30,5,0.16666666666666666,280.1,129.6,409.69999999999993,40.199999999999996,0.09812057603124238,251.9,117.6,369.49999999999994,0.9018794239687576,0,24,22 53 83 5 19 70 11 23 39 79 57 73 63 25,2 68 37 9 55 14 54 76 92 40 42 65 52 3 60 26
33,16,8,1270167.0,0.1,0,4,14,13,213.90000000000003,171.5,1,1,1,2,1,0,0,27,6,0.2222222222222222,252.8,132.6,385.40000000000003,76.29999999999998,0.19797612869745712,200.6,108.5,309.1,0.8020238713025428,0,32,22 53 83 5 19 70 11 23 39 79 57 73 63 25,88 84 97 44 95 99 41 81 16 69 7 98 35
33,16,8,1270167.0,0.1,0,5,14,6,213.90000000000003,56.5,1,0,0,1,0,1,0,20,8,0.4,175.6,94.8,270.4,75.1,0.27773668639053256,127.3,68.0,195.29999999999998,0.7222633136094675,1,64,22 53 83 5 19 70 11 23 39 79 57 73 63 25,18 17 43 30 27 45
33,16,8,1270167.0,0.1,0,6,14,7,213.90000000000003,73.2,1,0,0,2,1,0,0,21,4,0.19047619047619047,187.6,99.5,287.1,43.0,0.1497735980494601,162.5,81.6,244.10000000000002,0.8502264019505399,0,4,22 53 83 5 19 70 11 23 39 79 57 73 63 25,62 67 59 80 6 86 96
33,16,8,1270167.0,0.1,0,7,14,10,213.90000000000003,93.10000000000001,1,1,1,1,0,1,0,24,10,0.4166666666666667,203.6,103.4,307.0,97.20000000000002,0.31661237785016294,136.5,73.3,209.79999999999998,0.6833876221498371,1,64,22 53 83 5 19 70 11 23 39 79 57 73 63 25,13 20 49 21 36 90 33 91 15 61
33,16,8,1270167.0,0.1,1,2,11,23,107.5,227.4,1,1,1,2,1,0,0,34,4,0.11764705882352941,220.5,114.4,334.90000000000003,39.69999999999999,0.11854284861152578,196.1,99.1,295.20000000000005,0.8814571513884742,0,30,50 78 31 38 28 58 94 4 93 85 89,72 46 56 1 48 100 34 51 47 74 24 32 87 77 12 82 64 10 71 66 29 8 75
33,16,8,1270167.0,0.1,1,3,11,16,107.5,195.8,1,1,1,2,1,0,0,27,6,0.2222222222222222,211.5,91.8,303.29999999999995,55.99999999999999,0.1846356742499176,176.1,71.2,247.29999999999995,0.8153643257500824,0,48,50 78 31 38 28 58 94 4 93 85 89,2 68 37 9 55 14 54 76 92 40 42 65 52 3 60 26
33,16,8,1270167.0,0.1,1,4,11,13,107.5,171.5,1,1,1,1,0,1,0,24,7,0.2916666666666667,184.2,94.8,279.0,88.19999999999999,0.3161290322580645,128.6,62.2,190.8,0.6838709677419356,1,48,50 78 31 38 28 58 94 4 93 85 89,88 84 97 44 95 99 41 81 16 69 7 98 35
33,16,8,1270167.0,0.1,1,5,11,6,107.5,56.5,1,0,0,1,0,1,0,17,9,0.5294117647058824,107.0,57.0,164.0,90.89999999999999,0.5542682926829268,51.5,21.6,73.10000000000001,0.44573170731707323,1,1,50 78 31 38 28 58 94 4 93 85 89,18 17 43 30 27 45
33,16,8,1270167.0,0.1,1,6,11,7,107.5,73.2,1,0,0,1,0,1,0,18,3,0.16666666666666666,119.0,61.7,180.7,25.69999999999999,0.14222468179302705,100.7,54.3,155.0,0.857775318206973,1,1,50 78 31 38 28 58 94 4 93 85 89,62 67 59 80 6 86 96
33,16,8,1270167.0,0.1,1,7,11,10,107.5,93.10000000000001,1,1,1,1,0,1,0,21,10,0.47619047619047616,135.0,65.6,200.6,105.80000000000001,0.5274177467597209,67.8,27.0,94.79999999999998,0.4725822532402791,1,1,50 78 31 38 28 58 94 4 93 85 89,13 20 49 21 36 90 33 91 15 61
33,16,8,1270167.0,0.1,2,3,23,16,227.4,195.8,1,1,1,2,1,0,0,39,5,0.1282051282051282,285.6,137.6,423.1999999999999,29.900000000000006,0.07065217391304351,267.2,126.1,393.29999999999984,0.9293478260869564,0,44,72 46 56 1 48 100 34 51 47 74 24 32 87 77 12 82 64 10 71 66 29 8 75,2 68 37 9 55 14 54 76 92 40 42 65 52 3 60 26
33,16,8,1270167.0,0.1,2,4,23,13,227.4,171.5,1,1,1,2,1,0,0,36,6,0.16666666666666666,258.3,140.6,398.90000000000003,66.0,0.16545500125344698,215.9,117.0,332.90000000000003,0.8345449987465531,0,48,72 46 56 1 48 100 34 51 47 74 24 32 87 77 12 82 64 10 71 66 29 8 75,88 84 97 44 95 99 41 81 16 69 7 98 35
33,16,8,1270167.0,0.1,2,5,23,6,227.4,56.5,1,0,0,1,0,1,0,29,8,0.27586206896551724,181.1,102.8,283.9,64.8,0.22824938358576966,142.6,76.5,219.09999999999997,0.7717506164142303,1,64,72 46 56 1 48 100 34 51 47 74 24 32 87 77 12 82 64 10 71 66 29 8 75,18 17 43 30 27 45
33,16,8,1270167.0,0.1,2,6,23,7,227.4,73.2,1,0,0,2,1,0,0,30,6,0.2,193.1,107.5,300.6,59.5,0.19793745841650032,157.3,83.8,241.10000000000002,0.8020625415834997,0,24,72 46 56 1 48 100 34 51 47 74 24 32 87 77 12 82 64 10 71 66 29 8 75,62 67 59 80 6 86 96
33,16,8,1270167.0,0.1,2,7,23,10,227.4,93.10000000000001,1,1,1,1,0,1,0,33,9,0.2727272727272727,209.1,111.4,320.5,90.90000000000002,0.283619344773791,148.5,81.1,229.59999999999997,0.716380655226209,1,64,72 46 56 1 48 100 34 51 47 74 24 32 87 77 12 82 64 10 71 66 29 8 75,13 20 49 21 36 90 33 91 15 61
33,16,8,1270167.0,0.1,3,4,16,13,195.8,171.5,1,1,1,2,1,0,0,29,4,0.13793103448275862,249.3,118.0,367.29999999999995,55.6,0.15137489790362105,215.2,96.5,311.69999999999993,0.8486251020963789,0,8,2 68 37 9 55 14 54 76 92 40 42 65 52 3 60 26,88 84 97 44 95 99 41 81 16 69 7 98 35
33,16,8,1270167.0,0.1,3,5,16,6,195.8,56.5,1,0,0,1,0,1,0,22,8,0.36363636363636365,172.1,80.2,252.29999999999998,73.9,0.29290527150218,127.8,50.6,178.39999999999998,0.7070947284978201,1,32,2 68 37 9 55 14 54 76 92 40 42 65 52 3 60 26,18 17 43 30 27 45
33,16,8,1270167.0,0.1,3,6,16,7,195.8,73.2,1,0,0,1,0,1,0,23,8,0.34782608695652173,184.1,84.9,269.00000000000006,75.60000000000001,0.2810408921933085,137.7,55.7,193.40000000000003,0.7189591078066915,1,32,2 68 37 9 55 14 54 76 92 40 42 65 52 3 60 26,62 67 59 80 6 86 96
33,16,8,1270167.0,0.1,3,7,16,10,195.8,93.10000000000001,1,1,1,1,0,1,0,26,9,0.34615384615384615,200.1,88.8,288.9,84.50000000000003,0.2924887504326758,143.8,60.6,204.39999999999995,0.7075112495673243,1,32,2 68 37 9 55 14 54 76 92 40 42 65 52 3 60 26,13 20 49 21 36 90 33 91 15 61
33,16,8,1270167.0,0.1,4,5,13,6,171.5,56.5,1,0,0,1,0,1,0,19,7,0.3684210526315789,144.8,83.2,228.0,58.8,0.25789473684210523,107.7,61.5,169.2,0.7421052631578947,1,1,88 84 97 44 95 99 41 81 16 69 7 98 35,18 17 43 30 27 45
33,16,8,1270167.0,0.1,4,6,13,7,171.5,73.2,1,0,0,1,0,1,0,20,9,0.45,156.8,87.9,244.70000000000002,108.0,0.44135676338373514,89.8,46.9,136.70000000000002,0.5586432366162648,1,32,88 84 97 44 95 99 41 81 16 69 7 98 35,62 67 59 80 6 86 96
33,16,8,1270167.0,0.1,4,7,13,10,171.5,93.10000000000001,1,1,1,1,0,1,0,23,9,0.391304347826087,172.8,91.8,264.59999999999997,92.00000000000003,0.34769463340891926,114.5,58.1,172.59999999999994,0.6523053665910807,1,32,88 84 97 44 95 99 41 81 16 69 7 98 35,13 20 49 21 36 90 33 91 15 61
33,16,8,1270167.0,0.1,5,6,6,7,56.5,73.2,0,0,0,1,0,1,0,13,11,0.8461538461538461,79.6,50.1,129.7,110.5,0.8519660755589823,13.1,6.1,19.19999999999999,0.14803392444101765,1,1,18 17 43 30 27 45,62 67 59 80 6 86 96
33,16,8,1270167.0,0.1,5,7,6,10,56.5,93.10000000000001,0,1,0,1,0,1,0,16,13,0.8125,95.6,54.0,149.60000000000002,110.4,0.7379679144385026,27.0,12.2,39.20000000000002,0.2620320855614974,1,1,18 17 43 30 27 45,13 20 49 21 36 90 33 91 15 61
33,16,8,1270167.0,0.1,6,7,7,10,73.2,93.10000000000001,0,1,0,1,0,1,0,17,11,0.6470588235294118,107.6,58.7,166.3,114.70000000000002,0.6897173782321107,36.0,15.6,51.599999999999994,0.3102826217678893,1,1,62 67 59 80 6 86 96,13 20 49 21 36 90 33 91 15 61
34,17,7,1248876.0,0.1,0,1,25,6,232.00000000000003,67.60000000000001,1,0,0,2,1,0,0,31,6,0.1935483870967742,196.5,103.1,299.6,39.00000000000001,0.130173564753004,170.1,90.5,260.6,0.869826435246996,0,16,36 90 75 8 29 66 71 10 64 82 12 77 87 32 24 74 47 51 34 100 48 1 56 46 72,13 20 49 15 91 33
34,17,7,1248876.0,0.1,0,2,25,7,232.00000000000003,73.19999999999999,1,0,0,2,1,0,0,32,8,0.25,195.7,109.5,305.2,60.99999999999999,0.19986893840104847,159.0,85.2,244.2,0.8001310615989515,0,16,36 90 75 8 29 66 71 10 64 82 12 77 87 32 24 74 47 51 34 100 48 1 56 46 72,96 86 6 80 59 67 62
34,17,7,1248876.0,0.1,0,3,25,18,232.00000000000003,208.5,1,1,1,2,1,0,0,43,4,0.09302325581395349,295.8,144.7,440.49999999999994,33.70000000000002,0.07650397275822933,275.7,131.1,406.79999999999995,0.9234960272417707,0,16,36 90 75 8 29 66 71 10 64 82 12 77 87 32 24 74 47 51 34 100 48 1 56 46 72,18 17 37 68 26 60 3 52 65 42 40 92 76 54 14 55 9 2
34,17,7,1248876.0,0.1,0,4,25,19,232.00000000000003,236.2,1,1,1,2,1,0,0,44,6,0.13636363636363635,299.7,168.5,468.2,49.599999999999994,0.10593763348996155,270.4,148.2,418.6,0.8940623665100386,0,40,36 90 75 8 29 66 71 10 64 82 12 77 87 32 24 74 47 51 34 100 48 1 56 46 72,61 21 45 27 30 84 97 44 95 99 41 7 69 16 81 98 35 43 88
34,17,7,1248876.0,0.1,0,5,25,11,232.00000000000003,107.5,1,1,1,2,1,0,0,36,6,0.16666666666666666,223.1,116.4,339.5,44.30000000000002,0.13048600883652436,196.1,99.1,295.2,0.8695139911634757,0,16,36 90 75 8 29 66 71 10 64 82 12 77 87 32 24 74 47 51 34 100 48 1 56 46 72,50 78 31 94 58 28 4 38 93 85 89
34,17,7,1248876.0,0.1,0,6,25,14,232.00000000000003,213.90000000000003,1,1,1,2,1,0,0,39,5,0.1282051282051282,291.7,154.2,445.9,27.900000000000013,0.06257008297824627,272.1,145.9,417.99999999999994,0.9374299170217537,0,18,36 90 75 8 29 66 71 10 64 82 12 77 87 32 24 74 47 51 34 100 48 1 56 46 72,22 53 83 5 19 70 11 23 79 39 57 63 73 25
34,17,7,1248876.0,0.1,1,2,6,7,67.60000000000001,73.19999999999999,0,0,0,1,0,1,0,13,6,0.46153846153846156,92.4,48.4,140.8,60.69999999999999,0.4311079545454544,55.8,24.3,80.10000000000002,0.5688920454545455,1,1,13 20 49 15 91 33,96 86 6 80 59 67 62
34,17,7,1248876.0,0.1,1,3,6,18,67.60000000000001,208.5,0,1,0,2,1,0,0,24,3,0.125,192.5,83.6,276.1,32.0,0.11590003621876131,170.1,74.0,244.10000000000002,0.8840999637812387,0,4,13 20 49 15 91 33,18 17 37 68 26 60 3 52 65 42 40 92 76 54 14 55 9 2
34,17,7,1248876.0,0.1,1,4,6,19,67.60000000000001,236.2,0,1,0,2,1,0,0,25,3,0.12,196.4,107.4,303.8,40.19999999999999,0.13232389730085578,171.6,92.0,263.6,0.8676761026991442,0,8,13 20 49 15 91 33,61 21 45 27 30 84 97 44 95 99 41 7 69 16 81 98 35 43 88
34,17,7,1248876.0,0.1,1,5,6,11,67.60000000000001,107.5,0,1,0,1,0,1,0,17,3,0.17647058823529413,119.8,55.3,175.1,39.0,0.22272986864648772,96.1,40.0,136.1,0.7772701313535123,1,1,13 20 49 15 91 33,50 78 31 94 58 28 4 38 93 85 89
34,17,7,1248876.0,0.1,1,6,6,14,67.60000000000001,213.90000000000003,0,1,0,2,1,0,0,20,3,0.15,188.4,93.1,281.5,34.5,0.12255772646536411,161.5,85.5,247.0,0.8774422735346359,0,8,13 20 49 15 91 33,22 53 83 5 19 70 11 23 79 39 57 63 73 25
34,17,7,1248876.0,0.1,2,3,7,18,73.19999999999999,208.5,0,1,0,2,1,0,0,25,6,0.24,191.7,90.0,281.69999999999993,63.999999999999986,0.22719204827831027,153.1,64.6,217.69999999999993,0.7728079517216897,0,8,96 86 6 80 59 67 62,18 17 37 68 26 60 3 52 65 42 40 92 76 54 14 55 9 2
34,17,7,1248876.0,0.1,2,4,7,19,73.19999999999999,236.2,0,1,0,2,1,0,0,26,7,0.2692307692307692,195.6,113.8,309.40000000000003,68.6,0.22171945701357462,153.3,87.5,240.80000000000004,0.7782805429864253,0,16,96 86 6 80 59 67 62,61 21 45 27 30 84 97 44 95 99 41 7 69 16 81 98 35 43 88
34,17,7,1248876.0,0.1,2,5,7,11,73.19999999999999,107.5,0,1,0,1,0,1,0,18,2,0.1111111111111111,119.0,61.7,180.70000000000002,22.700000000000006,0.12562257885998895,102.7,55.3,158.0,0.8743774211400109,1,1,96 86 6 80 59 67 62,50 78 31 94 58 28 4 38 93 85 89
34,17,7,1248876.0,0.1,2,6,7,14,73.19999999999999,213.90000000000003,0,1,0,2,1,0,0,21,4,0.19047619047619047,187.6,99.5,287.09999999999997,42.19999999999999,0.14698711250435387,163.1,81.8,244.89999999999998,0.8530128874956462,0,2,96 86 6 80 59 67 62,22 53 83 5 19 70 11 23 79 39 57 63 73 25
34,17,7,1248876.0,0.1,3,4,18,19,208.5,236.2,1,1,1,2,1,0,0,37,3,0.08108108108108109,295.7,149.0,444.7,42.59999999999999,0.09579491792219472,270.4,131.7,402.1,0.9042050820778054,0,8,18 17 37 68 26 60 3 52 65 42 40 92 76 54 14 55 9 2,61 21 45 27 30 84 97 44 95 99 41 7 69 16 81 98 35 43 88
34,17,7,1248876.0,0.1,3,5,18,11,208.5,107.5,1,1,1,2,1,0,0,29,3,0.10344827586206896,219.1,96.9,316.0,41.400000000000006,0.1310126582278481,193.5,81.1,274.6,0.868987341772152,0,8,18 17 37 68 26 60 3 52 65 42 40 92 76 54 14 55 9 2,50 78 31 94 58 28 4 38 93 85 89
34,17,7,1248876.0,0.1,3,6,18,14,208.5,213.90000000000003,1,1,1,2,1,0,0,32,3,0.09375,287.7,134.7,422.4,40.400000000000006,0.0956439393939394,260.0,122.0,382.0,0.9043560606060607,0,8,18 17 37 68 26 60 3 52 65 42 40 92 76 54 14 55 9 2,22 53 83 5 19 70 11 23 79 39 57 63 73 25
34,17,7,1248876.0,0.1,4,5,19,11,236.2,107.5,1,1,1,2,1,0,0,30,4,0.13333333333333333,223.0,120.7,343.7,46.00000000000001,0.1338376491125982,193.7,104.0,297.7,0.8661623508874018,0,16,61 21 45 27 30 84 97 44 95 99 41 7 69 16 81 98 35 43 88,50 78 31 94 58 28 4 38 93 85 89
34,17,7,1248876.0,0.1,4,6,19,14,236.2,213.90000000000003,1,1,1,2,1,0,0,33,4,0.12121212121212122,291.6,158.5,450.09999999999997,51.29999999999999,0.11397467229504553,257.0,141.8,398.79999999999995,0.8860253277049545,0,31,61 21 45 27 30 84 97 44 95 99 41 7 69 16 81 98 35 43 88,22 53 83 5 19 70 11 23 79 39 57 63 73 25
34,17,7,1248876.0,0.1,5,6,11,14,107.5,213.90000000000003,1,1,1,2,1,0,0,25,2,0.08,215.0,106.4,321.4,31.400000000000006,0.09769757311761047,195.3,94.7,290.0,0.9023024268823896,0,4,50 78 31 94 58 28 4 38 93 85 89,22 53 83 5 19 70 11 23 79 39 57 63 73 25
35,17,8,1266542.0,0.1,0,1,12,14,101.5,213.89999999999998,1,1,1,2,1,0,0,26,4,0.15384615384615385,209.8,105.6,315.3999999999999,45.79999999999999,0.1452124286620165,181.6,88.0,269.5999999999999,0.8547875713379834,0,4,50 78 31 94 58 28 4 38 93 59 67 62,25 73 63 57 39 79 23 11 70 19 5 83 53 22
35,17,8,1266542.0,0.1,0,2,12,18,101.5,210.6,1,1,1,2,1,0,0,30,7,0.23333333333333334,203.3,108.8,312.1,82.99999999999997,0.2659404037167573,154.1,75.0,229.10000000000005,0.7340595962832427,0,16,50 78 31 94 58 28 4 38 93 59 67 62,61 21 45 27 97 44 35 81 16 69 7 41 99 95 98 30 84 88
35,17,8,1266542.0,0.1,0,3,12,6,101.5,59.900000000000006,1,0,0,1,0,1,0,18,9,0.5,103.8,57.6,161.39999999999998,85.3,0.5285006195786865,53.5,22.6,76.09999999999998,0.47149938042131345,1,1,50 78 31 94 58 28 4 38 93 59 67 62,2 68 37 43 17 18
35,17,8,1266542.0,0.1,0,4,12,13,101.5,174.2,1,1,1,2,1,0,0,25,3,0.12,192.6,83.1,275.7,25.39999999999999,0.09212912586144358,178.1,72.2,250.3,0.9078708741385565,0,4,50 78 31 94 58 28 4 38 93 59 67 62,9 55 14 54 76 92 40 42 65 52 3 60 26
35,17,8,1266542.0,0.1,0,5,12,25,101.5,232.0,1,1,1,2,1,0,0,37,7,0.1891891891891892,217.9,115.6,333.5000000000001,38.29999999999998,0.11484257871064459,196.1,99.1,295.20000000000016,0.8851574212893555,0,32,50 78 31 94 58 28 4 38 93 59 67 62,72 46 56 1 48 100 34 51 47 74 24 32 87 77 12 82 64 10 71 66 29 8 75 90 36
35,17,8,1266542.0,0.1,0,6,12,6,101.5,67.6,1,0,0,1,0,1,0,18,8,0.4444444444444444,114.6,54.5,169.10000000000002,78.99999999999999,0.46717918391484314,62.9,27.2,90.10000000000004,0.5328208160851569,1,1,50 78 31 94 58 28 4 38 93 59 67 62,33 91 15 49 20 13
35,17,8,1266542.0,0.1,0,7,12,6,101.5,79.2,1,1,1,1,0,1,0,18,5,0.2777777777777778,119.0,61.7,180.7,63.79999999999999,0.35307138904261204,79.6,37.3,116.9,0.646928610957388,1,1,50 78 31 94 58 28 4 38 93 59 67 62,89 85 80 6 86 96
35,17,8,1266542.0,0.1,1,2,14,18,213.89999999999998,210.6,1,1,1,2,1,0,0,32,7,0.21875,277.1,147.4,424.5,83.99999999999999,0.19787985865724378,221.1,119.4,340.5,0.8021201413427562,0,16,25 73 63 57 39 79 23 11 70 19 5 83 53 22,61 21 45 27 97 44 35 81 16 69 7 41 99 95 98 30 84 88
35,17,8,1266542.0,0.1,1,3,14,6,213.89999999999998,59.900000000000006,1,0,0,1,0,1,0,20,5,0.25,177.6,96.2,273.8,86.4,0.3155588020452885,121.7,65.7,187.4,0.6844411979547115,1,32,25 73 63 57 39 79 23 11 70 19 5 83 53 22,2 68 37 43 17 18
35,17,8,1266542.0,0.1,1,4,14,13,213.89999999999998,174.2,1,1,1,2,1,0,0,27,2,0.07407407407407407,266.4,121.7,388.09999999999997,23.19999999999999,0.05977840762690026,249.0,115.9,364.9,0.9402215923730998,0,4,25 73 63 57 39 79 23 11 70 19 5 83 53 22,9 55 14 54 76 92 40 42 65 52 3 60 26
35,17,8,1266542.0,0.1,1,5,14,25,213.89999999999998,232.0,1,1,1,2,1,0,0,39,6,0.15384615384615385,291.7,154.2,445.9000000000001,54.39999999999999,0.12200044853106073,254.4,137.1,391.5000000000001,0.8779995514689393,0,38,25 73 63 57 39 79 23 11 70 19 5 83 53 22,72 46 56 1 48 100 34 51 47 74 24 32 87 77 12 82 64 10 71 66 29 8 75 90 36
35,17,8,1266542.0,0.1,1,6,14,6,213.89999999999998,67.6,1,0,0,1,0,1,0,20,7,0.35,188.4,93.1,281.5,82.6,0.2934280639431616,129.5,69.4,198.9,0.7065719360568384,1,16,25 73 63 57 39 79 23 11 70 19 5 83 53 22,33 91 15 49 20 13
35,17,8,1266542.0,0.1,1,7,14,6,213.89999999999998,79.2,1,1,1,1,0,1,0,20,5,0.25,192.8,100.3,293.09999999999997,71.0,0.24223814397816448,146.3,75.8,222.09999999999997,0.7577618560218355,1,16,25 73 63 57 39 79 23 11 70 19 5 83 53 22,89 85 80 6 86 96
35,17,8,1266542.0,0.1,2,3,18,6,210.6,59.900000000000006,1,0,0,1,0,1,0,24,7,0.2916666666666667,171.1,99.4,270.5,82.89999999999999,0.3064695009242144,122.7,64.9,187.60000000000002,0.6935304990757857,1,16,61 21 45 27 97 44 35 81 16 69 7 41 99 95 98 30 84 88,2 68 37 43 17 18
35,17,8,1266542.0,0.1,2,4,18,13,210.6,174.2,1,1,1,2,1,0,0,31,3,0.0967741935483871,259.9,124.9,384.7999999999999,42.59999999999999,0.1107068607068607,234.6,107.6,342.19999999999993,0.8892931392931394,0,8,61 21 45 27 97 44 35 81 16 69 7 41 99 95 98 30 84 88,9 55 14 54 76 92 40 42 65 52 3 60 26
35,17,8,1266542.0,0.1,2,5,18,25,210.6,232.0,1,1,1,2,1,0,0,43,7,0.16279069767441862,285.2,157.4,442.6000000000001,80.69999999999999,0.18233167645729773,236.6,125.3,361.9000000000001,0.8176683235427022,0,34,61 21 45 27 97 44 35 81 16 69 7 41 99 95 98 30 84 88,72 46 56 1 48 100 34 51 47 74 24 32 87 77 12 82 64 10 71 66 29 8 75 90 36
35,17,8,1266542.0,0.1,2,6,18,6,210.6,67.6,1,0,0,1,0,1,0,24,6,0.25,181.9,96.3,278.20000000000005,71.39999999999998,0.2566498921639107,137.1,69.7,206.80000000000007,0.7433501078360892,1,8,61 21 45 27 97 44 35 81 16 69 7 41 99 95 98 30 84 88,33 91 15 49 20 13
35,17,8,1266542.0,0.1,2,7,18,6,210.6,79.2,1,1,1,1,0,1,0,24,7,0.2916666666666667,186.3,103.5,289.8,80.79999999999998,0.2788129744651483,133.3,75.7,209.00000000000003,0.7211870255348517,1,16,61 21 45 27 97 44 35 81 16 69 7 41 99 95 98 30 84 88,89 85 80 6 86 96
35,17,8,1266542.0,0.1,3,4,6,13,59.900000000000006,174.2,0,1,0,1,0,1,0,19,3,0.15789473684210525,160.4,73.7,234.09999999999997,51.0,0.21785561725758226,130.5,52.6,183.09999999999997,0.7821443827424177,1,12,2 68 37 43 17 18,9 55 14 54 76 92 40 42 65 52 3 60 26
35,17,8,1266542.0,0.1,3,5,6,25,59.900000000000006,232.0,0,1,0,1,0,1,0,31,10,0.3225806451612903,185.7,106.2,291.9000000000001,72.8,0.24940047961630687,142.6,76.5,219.10000000000008,0.750599520383693,1,64,2 68 37 43 17 18,72 46 56 1 48 100 34 51 47 74 24 32 87 77 12 82 64 10 71 66 29 8 75 90 36
35,17,8,1266542.0,0.1,3,6,6,6,59.900000000000006,67.6,0,0,0,1,0,1,0,12,9,0.75,82.4,45.1,127.49999999999999,93.6,0.7341176470588235,23.3,10.6,33.89999999999999,0.26588235294117646,1,1,2 68 37 43 17 18,33 91 15 49 20 13
35,17,8,1266542.0,0.1,3,7,6,6,59.900000000000006,79.2,0,1,0,1,0,1,0,12,9,0.75,86.8,52.3,139.1,103.10000000000001,0.7411933860531992,23.1,12.9,35.999999999999986,0.25880661394680077,1,1,2 68 37 43 17 18,89 85 80 6 86 96
35,17,8,1266542.0,0.1,4,5,13,25,174.2,232.0,1,1,1,2,1,0,0,38,4,0.10526315789473684,274.5,131.7,406.20000000000005,12.899999999999995,0.03175775480059083,267.2,126.1,393.30000000000007,0.9682422451994093,0,31,9 55 14 54 76 92 40 42 65 52 3 60 26,72 46 56 1 48 100 34 51 47 74 24 32 87 77 12 82 64 10 71 66 29 8 75 90 36
35,17,8,1266542.0,0.1,4,6,13,6,174.2,67.6,1,0,0,1,0,1,0,19,5,0.2631578947368421,171.2,70.6,241.8,53.3,0.2204301075268817,135.2,53.3,188.5,0.7795698924731183,1,8,9 55 14 54 76 92 40 42 65 52 3 60 26,33 91 15 49 20 13
35,17,8,1266542.0,0.1,4,7,13,6,174.2,79.2,1,1,1,1,0,1,0,19,5,0.2631578947368421,175.6,77.8,253.39999999999998,62.4,0.24625098658247832,134.6,56.4,190.99999999999997,0.7537490134175217,1,16,9 55 14 54 76 92 40 42 65 52 3 60 26,89 85 80 6 86 96
35,17,8,1266542.0,0.1,5,6,25,6,232.0,67.6,1,0,0,1,0,1,0,31,8,0.25806451612903225,196.5,103.1,299.6,75.89999999999999,0.2533377837116154,145.2,78.5,223.70000000000005,0.7466622162883846,1,32,72 46 56 1 48 100 34 51 47 74 24 32 87 77 12 82 64 10 71 66 29 8 75 90 36,33 91 15 49 20 13
35,17,8,1266542.0,0.1,5,7,25,6,232.0,79.2,1,1,1,2,1,0,0,31,7,0.22580645161290322,200.9,110.3,311.2,70.7,0.22718508997429307,155.2,85.3,240.5,0.772814910025707,0,32,72 46 56 1 48 100 34 51 47 74 24 32 87 77 12 82 64 10 71 66 29 8 75 90 36,89 85 80 6 86 96
35,17,8,1266542.0,0.1,6,7,6,6,67.6,79.2,0,1,0,1,0,1,0,12,6,0.5,97.6,49.2,146.79999999999998,81.19999999999999,0.553133514986376,45.5,20.1,65.6,0.44686648501362397,1,1,33 91 15 49 20 13,89 85 80 6 86 96
36,18,7,1244191.0,0.1,0,1,23,18,227.4,202.2,1,1,1,2,1,0,0,41,5,0.12195121951219512,277.1,152.5,429.59999999999997,31.499999999999993,0.0733240223463687,257.3,140.8,398.09999999999997,0.9266759776536313,0,8,72 46 56 1 48 100 34 51 47 74 24 32 87 77 12 82 64 10 71 66 29 8 75,21 36 45 27 97 95 99 41 7 69 16 81 98 35 44 30 84 88
36,18,7,1244191.0,0.1,0,2,23,6,227.4,59.9,1,0,0,1,0,1,0,29,7,0.2413793103448276,183.1,104.2,287.29999999999995,62.3,0.21684650191437524,145.9,79.1,224.99999999999994,0.7831534980856247,1,16,72 46 56 1 48 100 34 51 47 74 24 32 87 77 12 82 64 10 71 66 29 8 75,18 17 43 37 68 2
36,18,7,1244191.0,0.1,0,3,23,14,227.4,194.6,1,1,1,2,1,0,0,37,2,0.05405405405405406,285.6,136.4,421.99999999999994,8.3,0.019668246445497636,280.9,132.8,413.69999999999993,0.9803317535545023,0,7,72 46 56 1 48 100 34 51 47 74 24 32 87 77 12 82 64 10 71 66 29 8 75,25 9 55 14 54 76 92 40 42 65 52 3 60 26
36,18,7,1244191.0,0.1,0,4,23,18,227.4,225.4,1,1,1,2,1,0,0,41,3,0.07317073170731707,296.7,156.1,452.8,26.8,0.05918727915194346,280.6,145.4,426.0,0.9408127208480566,0,14,72 46 56 1 48 100 34 51 47 74 24 32 87 77 12 82 64 10 71 66 29 8 75,93 78 31 58 28 94 4 38 5 19 70 11 23 79 39 57 73 63
36,18,7,1244191.0,0.1,0,5,23,12,227.4,138.50000000000003,1,1,1,2,1,0,0,35,5,0.14285714285714285,236.5,129.4,365.90000000000003,39.800000000000026,0.10877288876742286,212.2,113.9,326.1,0.8912271112325771,0,8,72 46 56 1 48 100 34 51 47 74 24 32 87 77 12 82 64 10 71 66 29 8 75,89 85 59 80 86 6 83 53 22 96 67 62
36,18,7,1244191.0,0.1,0,6,23,9,227.4,90.89999999999999,1,1,1,2,1,0,0,32,4,0.125,210.5,107.8,318.3,44.199999999999996,0.13886270813697768,178.8,95.3,274.1,0.8611372918630223,0,8,72 46 56 1 48 100 34 51 47 74 24 32 87 77 12 82 64 10 71 66 29 8 75,61 15 91 33 90 50 49 20 13
36,18,7,1244191.0,0.1,1,2,18,6,202.2,59.9,1,0,0,1,0,1,0,24,4,0.16666666666666666,165.6,96.5,262.1,35.69999999999999,0.13620755436856155,142.2,84.2,226.40000000000003,0.8637924456314384,1,8,21 36 45 27 97 95 99 41 7 69 16 81 98 35 44 30 84 88,18 17 43 37 68 2
36,18,7,1244191.0,0.1,1,3,18,14,202.2,194.6,1,1,1,2,1,0,0,32,3,0.09375,268.1,128.7,396.8,16.2,0.040826612903225805,258.4,122.2,380.6,0.9591733870967742,0,4,21 36 45 27 97 95 99 41 7 69 16 81 98 35 44 30 84 88,25 9 55 14 54 76 92 40 42 65 52 3 60 26
36,18,7,1244191.0,0.1,1,4,18,18,202.2,225.4,1,1,1,2,1,0,0,36,4,0.1111111111111111,279.2,148.4,427.59999999999997,34.7,0.08115060804490179,258.1,134.8,392.9,0.9188493919550983,0,8,21 36 45 27 97 95 99 41 7 69 16 81 98 35 44 30 84 88,93 78 31 58 28 94 4 38 5 19 70 11 23 79 39 57 73 63
36,18,7,1244191.0,0.1,1,5,18,12,202.2,138.50000000000003,1,1,1,2,1,0,0,30,5,0.16666666666666666,219.0,121.7,340.7,36.800000000000026,0.10801291458761382,197.8,106.1,303.9,0.8919870854123862,0,8,21 36 45 27 97 95 99 41 7 69 16 81 98 35 44 30 84 88,89 85 59 80 86 6 83 53 22 96 67 62
36,18,7,1244191.0,0.1,1,6,18,9,202.2,90.89999999999999,1,1,1,2,1,0,0,27,3,0.1111111111111111,193.0,100.1,293.1000000000001,20.299999999999994,0.06925963834868641,179.1,93.7,272.80000000000007,0.9307403616513136,0,4,21 36 45 27 97 95 99 41 7 69 16 81 98 35 44 30 84 88,61 15 91 33 90 50 49 20 13
36,18,7,1244191.0,0.1,2,3,6,14,59.9,194.6,0,1,0,1,0,1,0,20,5,0.25,174.1,80.4,254.5,49.9,0.19607072691552063,144.2,60.4,204.6,0.8039292730844794,1,8,18 17 43 37 68 2,25 9 55 14 54 76 92 40 42 65 52 3 60 26
36,18,7,1244191.0,0.1,2,4,6,18,59.9,225.4,0,1,0,1,0,1,0,24,6,0.25,185.2,100.1,285.3,69.3,0.24290220820189273,143.4,72.6,216.0,0.7570977917981072,1,16,18 17 43 37 68 2,93 78 31 58 28 94 4 38 5 19 70 11 23 79 39 57 73 63
36,18,7,1244191.0,0.1,2,5,6,12,59.9,138.50000000000003,0,1,0,1,0,1,0,18,7,0.3888888888888889,125.0,73.4,198.4,70.50000000000003,0.355342741935484,83.6,44.3,127.89999999999998,0.644657258064516,1,1,18 17 43 37 68 2,89 85 59 80 86 6 83 53 22 96 67 62
36,18,7,1244191.0,0.1,2,6,6,9,59.9,90.89999999999999,0,1,0,1,0,1,0,15,5,0.3333333333333333,99.0,51.8,150.8,49.9,0.3309018567639257,69.1,31.8,100.9,0.6690981432360743,1,1,18 17 43 37 68 2,61 15 91 33 90 50 49 20 13
36,18,7,1244191.0,0.1,3,4,14,18,194.6,225.4,1,1,1,2,1,0,0,32,1,0.03125,287.7,132.3,420.0,3.5999999999999943,0.008571428571428558,285.5,130.9,416.4,0.9914285714285713,0,2,25 9 55 14 54 76 92 40 42 65 52 3 60 26,93 78 31 58 28 94 4 38 5 19 70 11 23 79 39 57 73 63
36,18,7,1244191.0,0.1,3,5,14,12,194.6,138.50000000000003,1,1,1,2,1,0,0,26,2,0.07692307692307693,227.5,105.6,333.1,13.70000000000001,0.0411287901531072,217.8,101.6,319.40000000000003,0.9588712098468929,0,6,25 9 55 14 54 76 92 40 42 65 52 3 60 26,89 85 59 80 86 6 83 53 22 96 67 62
36,18,7,1244191.0,0.1,3,6,14,9,194.6,90.89999999999999,1,1,1,2,1,0,0,23,3,0.13043478260869565,201.5,84.0,285.5,29.699999999999996,0.1040280210157618,181.7,74.1,255.8,0.8959719789842382,0,4,25 9 55 14 54 76 92 40 42 65 52 3 60 26,61 15 91 33 90 50 49 20 13
36,18,7,1244191.0,0.1,4,5,18,12,225.4,138.50000000000003,1,1,1,2,1,0,0,30,4,0.13333333333333333,238.6,125.3,363.9,35.100000000000016,0.09645507007419625,216.8,112.0,328.79999999999995,0.9035449299258037,0,12,93 78 31 58 28 94 4 38 5 19 70 11 23 79 39 57 73 63,89 85 59 80 86 6 83 53 22 96 67 62
36,18,7,1244191.0,0.1,4,6,18,9,225.4,90.89999999999999,1,1,1,2,1,0,0,27,4,0.14814814814814814,212.6,103.7,316.3,49.69999999999999,0.15712930761934868,180.3,86.3,266.6,0.8428706923806514,0,8,93 78 31 58 28 94 4 38 5 19 70 11 23 79 39 57 73 63,61 15 91 33 90 50 49 20 13
36,18,7,1244191.0,0.1,5,6,12,9,138.50000000000003,90.89999999999999,1,1,1,1,0,1,0,21,4,0.19047619047619047,152.4,77.0,229.40000000000003,50.900000000000006,0.22188317349607672,120.5,58.0,178.50000000000003,0.7781168265039233,1,8,89 85 59 80 86 6 83 53 22 96 67 62,61 15 91 33 90 50 49 20 13
37,18,8,1260993.0,0.1,0,1,13,5,174.2,56.800000000000004,1,0,0,1,0,1,0,18,5,0.2777777777777778,158.8,72.2,231.0,56.800000000000004,0.2458874458874459,124.6,49.6,174.2,0.7541125541125541,1,16,26 60 3 52 65 42 40 92 76 54 14 55 9,62 67 59 85 89
37,18,8,1260993.0,0.1,0,2,13,7,174.2,54.400000000000006,1,0,0,1,0,1,0,20,7,0.35,159.3,69.3,228.60000000000002,54.400000000000006,0.2379702537182852,124.6,49.6,174.20000000000002,0.7620297462817148,1,16,26 60 3 52 65 42 40 92 76 54 14 55 9,27 45 36 21 49 20 13
37,18,8,1260993.0,0.1,0,3,13,23,174.2,227.4,1,1,1,2,1,0,0,36,2,0.05555555555555555,271.9,129.7,401.6,8.3,0.020667330677290836,267.2,126.1,393.3,0.9793326693227091,0,11,26 60 3 52 65 42 40 92 76 54 14 55 9,72 46 56 1 48 100 34 51 47 74 24 32 87 77 12 82 64 10 71 66 29 8 75
37,18,8,1260993.0,0.1,0,4,13,6,174.2,59.900000000000006,1,0,0,1,0,1,0,19,6,0.3157894736842105,160.4,73.7,234.1,59.900000000000006,0.25587355830841524,124.6,49.6,174.2,0.7441264416915848,1,32,26 60 3 52 65 42 40 92 76 54 14 55 9,2 68 37 43 17 18
37,18,8,1260993.0,0.1,0,5,13,14,174.2,182.7,1,1,1,2,1,0,0,27,4,0.14814814814814814,242.6,114.3,356.9,55.79999999999998,0.15634631549453626,206.7,94.4,301.1,0.8436536845054639,0,8,26 60 3 52 65 42 40 92 76 54 14 55 9,44 35 98 81 16 69 7 41 99 95 97 30 84 88
37,18,8,1260993.0,0.1,0,6,13,18,174.2,169.6,1,1,1,2,1,0,0,31,4,0.12903225806451613,241.2,102.6,343.79999999999995,39.7,0.11547411285631183,214.6,89.5,304.09999999999997,0.8845258871436882,0,8,26 60 3 52 65 42 40 92 76 54 14 55 9,96 80 86 6 93 38 4 94 28 58 31 78 50 90 33 91 15 61
37,18,8,1260993.0,0.1,0,7,13,14,174.2,213.90000000000003,1,1,1,2,1,0,0,27,3,0.1111111111111111,266.4,121.7,388.09999999999997,29.299999999999994,0.07549600618397319,245.6,113.2,358.79999999999995,0.9245039938160268,0,4,26 60 3 52 65 42 40 92 76 54 14 55 9,22 53 83 5 19 70 11 23 79 39 57 63 73 25
37,18,8,1260993.0,0.1,1,2,5,7,56.800000000000004,54.400000000000006,0,0,0,0,0,1,1,12,12,1.0,68.9,42.3,111.2,111.20000000000002,1.0000000000000002,0.0,0.0,0.0,0.0,1,0,62 67 59 85 89,27 45 36 21 49 20 13
37,18,8,1260993.0,0.1,1,3,5,23,56.800000000000004,227.4,0,1,0,1,0,1,0,28,7,0.25,181.5,102.7,284.20000000000005,65.10000000000001,0.229064039408867,142.6,76.5,219.10000000000002,0.770935960591133,1,16,62 67 59 85 89,72 46 56 1 48 100 34 51 47 74 24 32 87 77 12 82 64 10 71 66 29 8 75
37,18,8,1260993.0,0.1,1,4,5,6,56.800000000000004,59.900000000000006,0,0,0,0,0,1,1,11,11,1.0,70.0,46.7,116.7,116.70000000000002,1.0000000000000002,0.0,0.0,0.0,0.0,1,0,62 67 59 85 89,2 68 37 43 17 18
37,18,8,1260993.0,0.1,1,5,5,14,56.800000000000004,182.7,0,1,0,1,0,1,0,19,10,0.5263157894736842,152.2,87.3,239.5,127.6,0.5327766179540709,72.7,39.2,111.9,0.46722338204592906,1,32,62 67 59 85 89,44 35 98 81 16 69 7 41 99 95 97 30 84 88
37,18,8,1260993.0,0.1,1,6,5,18,56.800000000000004,169.6,0,1,0,1,0,1,0,23,7,0.30434782608695654,150.8,75.6,226.4,60.5,0.267226148409894,108.8,57.1,165.9,0.732773851590106,1,16,62 67 59 85 89,96 80 86 6 93 38 4 94 28 58 31 78 50 90 33 91 15 61
37,18,8,1260993.0,0.1,1,7,5,14,56.800000000000004,213.90000000000003,0,1,0,1,0,1,0,19,7,0.3684210526315789,176.0,94.7,270.7,80.80000000000001,0.29848540820096053,125.9,64.0,189.89999999999998,0.7015145917990395,1,16,62 67 59 85 89,22 53 83 5 19 70 11 23 79 39 57 63 73 25
37,18,8,1260993.0,0.1,2,3,7,23,54.400000000000006,227.4,0,1,0,1,0,1,0,30,9,0.3,182.0,99.8,281.8,62.7,0.22249822569198013,142.6,76.5,219.10000000000002,0.7775017743080199,1,32,27 45 36 21 49 20 13,72 46 56 1 48 100 34 51 47 74 24 32 87 77 12 82 64 10 71 66 29 8 75
37,18,8,1260993.0,0.1,2,4,7,6,54.400000000000006,59.900000000000006,0,0,0,0,0,1,1,13,13,1.0,70.5,43.8,114.30000000000003,114.30000000000001,0.9999999999999999,0.0,0.0,1.4210854715202004e-14,1.2432943757832022e-16,1,0,27 45 36 21 49 20 13,2 68 37 43 17 18
37,18,8,1260993.0,0.1,2,5,7,14,54.400000000000006,182.7,0,1,0,1,0,1,0,21,6,0.2857142857142857,152.7,84.4,237.09999999999997,75.3,0.3175875158161114,105.1,56.7,161.79999999999995,0.6824124841838886,1,16,27 45 36 21 49 20 13,44 35 98 81 16 69 7 41 99 95 97 30 84 88
37,18,8,1260993.0,0.1,2,6,7,18,54.400000000000006,169.6,0,1,0,1,0,1,0,25,7,0.28,151.3,72.7,224.0,75.30000000000001,0.3361607142857143,101.2,47.5,148.7,0.6638392857142856,1,16,27 45 36 21 49 20 13,96 80 86 6 93 38 4 94 28 58 31 78 50 90 33 91 15 61
37,18,8,1260993.0,0.1,2,7,7,14,54.400000000000006,213.90000000000003,0,1,0,1,0,1,0,21,7,0.3333333333333333,176.5,91.8,268.3,84.70000000000002,0.31569139023481185,118.7,64.9,183.6,0.6843086097651881,1,16,27 45 36 21 49 20 13,22 53 83 5 19 70 11 23 79 39 57 63 73 25
37,18,8,1260993.0,0.1,3,4,23,6,227.4,59.900000000000006,1,0,0,1,0,1,0,29,8,0.27586206896551724,183.1,104.2,287.3,68.20000000000002,0.2373825269752872,142.6,76.5,219.1,0.7626174730247128,1,64,72 46 56 1 48 100 34 51 47 74 24 32 87 77 12 82 64 10 71 66 29 8 75,2 68 37 43 17 18
37,18,8,1260993.0,0.1,3,5,23,14,227.4,182.7,1,1,1,2,1,0,0,37,6,0.16216216216216217,265.3,144.8,410.09999999999997,86.19999999999999,0.21019263594245305,212.0,111.9,323.9,0.7898073640575469,0,32,72 46 56 1 48 100 34 51 47 74 24 32 87 77 12 82 64 10 71 66 29 8 75,44 35 98 81 16 69 7 41 99 95 97 30 84 88
37,18,8,1260993.0,0.1,3,6,23,18,227.4,169.6,1,1,1,2,1,0,0,41,7,0.17073170731707318,263.9,133.1,397.0,59.9,0.1508816120906801,222.5,114.6,337.1,0.8491183879093199,0,16,72 46 56 1 48 100 34 51 47 74 24 32 87 77 12 82 64 10 71 66 29 8 75,96 80 86 6 93 38 4 94 28 58 31 78 50 90 33 91 15 61
37,18,8,1260993.0,0.1,3,7,23,14,227.4,213.90000000000003,1,1,1,2,1,0,0,37,5,0.13513513513513514,289.1,152.2,441.29999999999995,54.400000000000006,0.12327215046453663,252.1,134.8,386.9,0.8767278495354635,0,16,72 46 56 1 48 100 34 51 47 74 24 32 87 77 12 82 64 10 71 66 29 8 75,22 53 83 5 19 70 11 23 79 39 57 63 73 25
37,18,8,1260993.0,0.1,4,5,6,14,59.900000000000006,182.7,0,1,0,1,0,1,0,20,7,0.35,153.8,88.8,242.6,106.39999999999998,0.4385820280296784,88.1,48.1,136.20000000000002,0.5614179719703216,1,32,2 68 37 43 17 18,44 35 98 81 16 69 7 41 99 95 97 30 84 88
37,18,8,1260993.0,0.1,4,6,6,18,59.900000000000006,169.6,0,1,0,1,0,1,0,24,10,0.4166666666666667,152.4,77.1,229.5,99.60000000000001,0.4339869281045752,90.0,39.9,129.89999999999998,0.5660130718954247,1,32,2 68 37 43 17 18,96 80 86 6 93 38 4 94 28 58 31 78 50 90 33 91 15 61
37,18,8,1260993.0,0.1,4,7,6,14,59.900000000000006,213.90000000000003,0,1,0,1,0,1,0,20,10,0.5,177.6,96.2,273.8,109.60000000000001,0.4002921840759679,107.3,56.9,164.2,0.5997078159240321,1,32,2 68 37 43 17 18,22 53 83 5 19 70 11 23 79 39 57 63 73 25
37,18,8,1260993.0,0.1,5,6,14,18,182.7,169.6,1,1,1,2,1,0,0,32,6,0.1875,234.6,117.7,352.3,82.59999999999998,0.2344592676695997,181.1,88.6,269.70000000000005,0.7655407323304003,0,16,44 35 98 81 16 69 7 41 99 95 97 30 84 88,96 80 86 6 93 38 4 94 28 58 31 78 50 90 33 91 15 61
37,18,8,1260993.0,0.1,5,7,14,14,182.7,213.90000000000003,1,1,1,2,1,0,0,28,7,0.25,259.8,136.8,396.59999999999997,96.59999999999998,0.2435703479576399,196.2,103.8,300.0,0.7564296520423601,0,16,44 35 98 81 16 69 7 41 99 95 97 30 84 88,22 53 83 5 19 70 11 23 79 39 57 63 73 25
37,18,8,1260993.0,0.1,6,7,18,14,169.6,213.90000000000003,1,1,1,2,1,0,0,32,6,0.1875,258.4,125.1,383.5,49.3,0.1285528031290743,224.4,109.8,334.2,0.8714471968709256,0,8,96 80 86 6 93 38 4 94 28 58 31 78 50 90 33 91 15 61,22 53 83 5 19 70 11 23 79 39 57 63 73 25
38,19,7,1244383.0,0.1,0,1,14,23,194.6,227.40000000000003,1,1,1,2,1,0,0,37,2,0.05405405405405406,285.6,136.4,421.9999999999999,8.300000000000011,0.019668246445497663,280.9,132.8,413.6999999999999,0.9803317535545023,0,7,25 9 55 14 54 76 92 40 42 65 52 3 60 26,75 8 29 66 71 10 64 82 12 77 87 32 24 74 47 51 100 34 48 1 56 46 72
38,19,7,1244383.0,0.1,0,2,14,19,194.6,213.1,1,1,1,2,1,0,0,33,3,0.09090909090909091,275.1,132.6,407.7,16.19999999999999,0.03973509933774832,265.4,126.1,391.5,0.9602649006622517,0,4,25 9 55 14 54 76 92 40 42 65 52 3 60 26,88 84 30 44 35 98 81 16 69 7 41 99 95 97 27 45 36 21 61
38,19,7,1244383.0,0.1,0,3,14,8,194.6,80.0,1,1,1,2,1,0,0,22,3,0.13636363636363635,194.5,80.1,274.6,22.699999999999996,0.08266569555717405,181.1,70.8,251.90000000000003,0.9173343044428259,0,4,25 9 55 14 54 76 92 40 42 65 52 3 60 26,13 49 20 15 91 33 90 50
38,19,7,1244383.0,0.1,0,4,14,12,194.6,138.5,1,1,1,2,1,0,0,26,3,0.11538461538461539,227.5,105.6,333.0999999999999,34.2,0.10267187030921648,206.2,92.7,298.8999999999999,0.8973281296907836,0,8,25 9 55 14 54 76 92 40 42 65 52 3 60 26,62 67 96 22 53 83 6 86 80 59 85 89
38,19,7,1244383.0,0.1,0,5,14,6,194.6,59.9,1,0,0,2,1,0,0,20,4,0.2,174.1,80.4,254.5,32.3,0.1269155206286837,153.8,68.4,222.2,0.8730844793713163,0,8,25 9 55 14 54 76 92 40 42 65 52 3 60 26,18 17 43 37 68 2
38,19,7,1244383.0,0.1,0,6,14,18,194.6,225.4,1,1,1,2,1,0,0,32,1,0.03125,287.7,132.3,420.0,3.5999999999999943,0.008571428571428558,285.5,130.9,416.4,0.9914285714285713,0,2,25 9 55 14 54 76 92 40 42 65 52 3 60 26,63 73 57 79 39 23 11 70 19 5 94 58 28 4 38 31 78 93
38,19,7,1244383.0,0.1,1,2,23,19,227.40000000000003,213.1,1,1,1,2,1,0,0,42,5,0.11904761904761904,284.1,156.4,440.5,31.5,0.07150964812712826,264.3,144.7,409.0,0.9284903518728718,0,11,75 8 29 66 71 10 64 82 12 77 87 32 24 74 47 51 100 34 48 1 56 46 72,88 84 30 44 35 98 81 16 69 7 41 99 95 97 27 45 36 21 61
38,19,7,1244383.0,0.1,1,3,23,8,227.40000000000003,80.0,1,1,1,2,1,0,0,31,4,0.12903225806451613,203.5,103.9,307.40000000000003,37.30000000000001,0.12134027325959663,179.2,90.9,270.1,0.8786597267404034,0,8,75 8 29 66 71 10 64 82 12 77 87 32 24 74 47 51 100 34 48 1 56 46 72,13 49 20 15 91 33 90 50
38,19,7,1244383.0,0.1,1,4,23,12,227.40000000000003,138.5,1,1,1,2,1,0,0,35,4,0.11428571428571428,236.5,129.4,365.9,52.00000000000001,0.14211533205793936,205.3,108.6,313.9,0.8578846679420606,0,8,75 8 29 66 71 10 64 82 12 77 87 32 24 74 47 51 100 34 48 1 56 46 72,62 67 96 22 53 83 6 86 80 59 85 89
38,19,7,1244383.0,0.1,1,5,23,6,227.40000000000003,59.9,1,0,0,2,1,0,0,29,6,0.20689655172413793,183.1,104.2,287.29999999999995,40.60000000000001,0.1413156978767839,158.1,88.6,246.69999999999993,0.858684302123216,0,16,75 8 29 66 71 10 64 82 12 77 87 32 24 74 47 51 100 34 48 1 56 46 72,18 17 43 37 68 2
38,19,7,1244383.0,0.1,1,6,23,18,227.40000000000003,225.4,1,1,1,2,1,0,0,41,3,0.07317073170731707,296.7,156.1,452.79999999999995,26.80000000000001,0.059187279151943495,280.6,145.4,425.99999999999994,0.9408127208480566,0,14,75 8 29 66 71 10 64 82 12 77 87 32 24 74 47 51 100 34 48 1 56 46 72,63 73 57 79 39 23 11 70 19 5 94 58 28 4 38 31 78 93
38,19,7,1244383.0,0.1,2,3,19,8,213.1,80.0,1,1,1,2,1,0,0,27,3,0.1111111111111111,193.0,100.1,293.1,20.299999999999983,0.0692596383486864,179.1,93.7,272.80000000000007,0.9307403616513137,0,4,88 84 30 44 35 98 81 16 69 7 41 99 95 97 27 45 36 21 61,13 49 20 15 91 33 90 50
38,19,7,1244383.0,0.1,2,4,19,12,213.1,138.5,1,1,1,2,1,0,0,31,5,0.16129032258064516,226.0,125.6,351.59999999999997,36.79999999999999,0.10466439135381113,204.8,110.0,314.79999999999995,0.8953356086461888,0,8,88 84 30 44 35 98 81 16 69 7 41 99 95 97 27 45 36 21 61,62 67 96 22 53 83 6 86 80 59 85 89
38,19,7,1244383.0,0.1,2,5,19,6,213.1,59.9,1,0,0,2,1,0,0,25,5,0.2,172.6,100.4,273.0,32.79999999999998,0.12014652014652008,151.6,88.6,240.20000000000002,0.87985347985348,0,8,88 84 30 44 35 98 81 16 69 7 41 99 95 97 27 45 36 21 61,18 17 43 37 68 2
38,19,7,1244383.0,0.1,2,6,19,18,213.1,225.4,1,1,1,2,1,0,0,37,4,0.10810810810810811,286.2,152.3,438.50000000000006,34.69999999999999,0.07913340935005697,265.1,138.7,403.80000000000007,0.920866590649943,0,9,88 84 30 44 35 98 81 16 69 7 41 99 95 97 27 45 36 21 61,63 73 57 79 39 23 11 70 19 5 94 58 28 4 38 31 78 93
38,19,7,1244383.0,0.1,3,4,8,12,80.0,138.5,1,1,1,1,0,1,0,20,4,0.2,145.4,73.1,218.50000000000003,43.900000000000006,0.20091533180778032,119.9,54.7,174.60000000000002,0.7990846681922197,1,1,13 49 20 15 91 33 90 50,62 67 96 22 53 83 6 86 80 59 85 89
38,19,7,1244383.0,0.1,3,5,8,6,80.0,59.9,1,0,0,1,0,1,0,14,4,0.2857142857142857,92.0,47.9,139.9,38.7,0.27662616154395997,68.5,32.7,101.2,0.72337383845604,1,1,13 49 20 15 91 33 90 50,18 17 43 37 68 2
38,19,7,1244383.0,0.1,3,6,8,18,80.0,225.4,1,1,1,2,1,0,0,26,4,0.15384615384615385,205.6,99.8,305.40000000000003,42.699999999999996,0.13981663392272425,179.7,83.0,262.70000000000005,0.8601833660772757,0,8,13 49 20 15 91 33 90 50,63 73 57 79 39 23 11 70 19 5 94 58 28 4 38 31 78 93
38,19,7,1244383.0,0.1,4,5,12,6,138.5,59.9,1,0,0,1,0,1,0,18,5,0.2777777777777778,125.0,73.4,198.4,54.7,0.2757056451612903,92.1,51.6,143.7,0.7242943548387096,1,1,62 67 96 22 53 83 6 86 80 59 85 89,18 17 43 37 68 2
38,19,7,1244383.0,0.1,4,6,12,18,138.5,225.4,1,1,1,2,1,0,0,30,5,0.16666666666666666,238.6,125.3,363.90000000000003,55.6,0.15278922780983786,205.2,103.1,308.3,0.847210772190162,0,16,62 67 96 22 53 83 6 86 80 59 85 89,63 73 57 79 39 23 11 70 19 5 94 58 28 4 38 31 78 93
38,19,7,1244383.0,0.1,5,6,6,18,59.9,225.4,0,1,0,2,1,0,0,24,5,0.20833333333333334,185.2,100.1,285.29999999999995,51.699999999999996,0.18121275849982477,153.0,80.6,233.59999999999997,0.8187872415001752,0,16,18 17 43 37 68 2,63 73 57 79 39 23 11 70 19 5 94 58 28 4 38 31 78 93
39,19,8,1244084.0,0.1,0,1,12,5,138.50000000000003,59.8,1,0,0,1,0,1,0,17,6,0.35294117647058826,128.5,69.8,198.3,66.30000000000001,0.3343419062027232,86.7,45.3,132.0,0.6656580937972768,1,1,89 85 59 96 80 86 6 83 53 22 67 62,61 49 20 15 13
39,19,8,1244084.0,0.1,0,2,12,6,138.50000000000003,59.900000000000006,1,0,0,1,0,1,0,18,9,0.5,125.0,73.4,198.39999999999998,96.20000000000002,0.48487903225806467,66.6,35.6,102.19999999999996,0.5151209677419354,1,1,89 85 59 96 80 86 6 83 53 22 67 62,2 68 37 43 17 18
39,19,8,1244084.0,0.1,0,3,12,15,138.50000000000003,223.70000000000005,1,1,1,2,1,0,0,27,6,0.2222222222222222,238.6,123.6,362.2,68.9,0.1902263942573164,194.1,99.2,293.29999999999995,0.8097736057426835,0,16,89 85 59 96 80 86 6 83 53 22 67 62,50 78 31 38 5 19 70 11 23 39 79 57 73 63 25
39,19,8,1244084.0,0.1,0,4,12,13,138.50000000000003,174.2,1,1,1,2,1,0,0,25,5,0.2,213.8,98.9,312.7,48.50000000000001,0.1551007355292613,183.0,81.2,264.2,0.8448992644707387,0,8,89 85 59 96 80 86 6 83 53 22 67 62,26 60 3 52 65 42 40 92 76 54 14 55 9
39,19,8,1244084.0,0.1,0,5,12,25,138.50000000000003,225.2,1,1,1,2,1,0,0,37,6,0.16216216216216217,237.3,126.4,363.7,66.30000000000001,0.1822930987077262,196.6,100.8,297.4,0.8177069012922739,0,8,89 85 59 96 80 86 6 83 53 22 67 62,72 46 93 4 94 28 58 56 1 48 34 100 51 47 74 24 32 87 77 12 64 82 90 33 91
39,19,8,1244084.0,0.1,0,6,12,17,138.50000000000003,190.20000000000002,1,1,1,2,1,0,0,29,5,0.1724137931034483,214.9,113.8,328.70000000000005,68.20000000000002,0.20748402798904778,170.6,89.9,260.5,0.7925159720109521,0,16,89 85 59 96 80 86 6 83 53 22 67 62,75 8 10 71 66 29 16 69 7 81 41 99 95 98 35 44 97
39,19,8,1244084.0,0.1,0,7,12,7,138.50000000000003,67.4,1,0,0,1,0,1,0,19,7,0.3684210526315789,130.1,75.8,205.9,85.20000000000002,0.4137931034482759,77.2,43.5,120.69999999999999,0.5862068965517241,1,1,89 85 59 96 80 86 6 83 53 22 67 62,88 84 30 27 45 36 21
39,19,8,1244084.0,0.1,1,2,5,6,59.8,59.900000000000006,0,0,0,1,0,1,0,11,7,0.6363636363636364,75.1,44.6,119.7,88.10000000000001,0.7360066833751044,19.6,12.0,31.599999999999994,0.2639933166248955,1,1,61 49 20 15 13,2 68 37 43 17 18
39,19,8,1244084.0,0.1,1,3,5,15,59.8,223.70000000000005,0,1,0,1,0,1,0,20,5,0.25,188.7,94.8,283.5,59.8,0.2109347442680776,149.4,74.3,223.7,0.7890652557319223,1,4,61 49 20 15 13,50 78 31 38 5 19 70 11 23 39 79 57 73 63 25
39,19,8,1244084.0,0.1,1,4,5,13,59.8,174.2,0,1,0,1,0,1,0,18,3,0.16666666666666666,163.9,70.1,233.99999999999997,35.6,0.15213675213675215,139.7,58.7,198.39999999999998,0.8478632478632478,1,2,61 49 20 15 13,26 60 3 52 65 42 40 92 76 54 14 55 9
39,19,8,1244084.0,0.1,1,5,5,25,59.8,225.2,0,1,0,1,0,1,0,30,6,0.2,187.4,97.6,285.0,62.199999999999996,0.21824561403508771,146.7,76.1,222.8,0.7817543859649123,1,8,61 49 20 15 13,72 46 93 4 94 28 58 56 1 48 34 100 51 47 74 24 32 87 77 12 64 82 90 33 91
39,19,8,1244084.0,0.1,1,6,5,17,59.8,190.20000000000002,0,1,0,1,0,1,0,22,4,0.18181818181818182,165.0,85.0,250.00000000000003,57.30000000000001,0.22920000000000001,128.8,63.9,192.70000000000002,0.7707999999999999,1,8,61 49 20 15 13,75 8 10 71 66 29 16 69 7 81 41 99 95 98 35 44 97
39,19,8,1244084.0,0.1,1,7,5,7,59.8,67.4,0,0,0,1,0,1,0,12,6,0.5,80.2,47.0,127.2,74.80000000000001,0.5880503144654089,32.4,20.0,52.39999999999999,0.4119496855345911,1,1,61 49 20 15 13,88 84 30 27 45 36 21
39,19,8,1244084.0,0.1,2,3,6,15,59.900000000000006,223.70000000000005,0,1,0,1,0,1,0,21,7,0.3333333333333333,185.2,98.4,283.59999999999997,80.30000000000001,0.283145275035261,135.7,67.6,203.29999999999995,0.716854724964739,1,32,2 68 37 43 17 18,50 78 31 38 5 19 70 11 23 39 79 57 73 63 25
39,19,8,1244084.0,0.1,2,4,6,13,59.900000000000006,174.2,0,1,0,1,0,1,0,19,6,0.3157894736842105,160.4,73.7,234.1,59.900000000000006,0.25587355830841524,124.6,49.6,174.2,0.7441264416915848,1,16,2 68 37 43 17 18,26 60 3 52 65 42 40 92 76 54 14 55 9
39,19,8,1244084.0,0.1,2,5,6,25,59.900000000000006,225.2,0,1,0,1,0,1,0,31,9,0.2903225806451613,183.9,101.2,285.1,80.39999999999998,0.2820063135741844,133.0,71.7,204.70000000000005,0.7179936864258156,1,32,2 68 37 43 17 18,72 46 93 4 94 28 58 56 1 48 34 100 51 47 74 24 32 87 77 12 64 82 90 33 91
39,19,8,1244084.0,0.1,2,6,6,17,59.900000000000006,190.20000000000002,0,1,0,1,0,1,0,23,5,0.21739130434782608,161.5,88.6,250.10000000000002,73.5,0.2938824470211915,118.6,58.0,176.60000000000002,0.7061175529788085,1,16,2 68 37 43 17 18,75 8 10 71 66 29 16 69 7 81 41 99 95 98 35 44 97
39,19,8,1244084.0,0.1,2,7,6,7,59.900000000000006,67.4,0,0,0,1,0,1,0,13,8,0.6153846153846154,76.7,50.6,127.30000000000001,83.70000000000002,0.6575019638648861,26.8,16.8,43.599999999999994,0.3424980361351138,1,1,2 68 37 43 17 18,88 84 30 27 45 36 21
39,19,8,1244084.0,0.1,3,4,15,13,223.70000000000005,174.2,1,1,1,2,1,0,0,28,1,0.03571428571428571,274.0,123.9,397.9,10.3,0.02588590098014577,265.5,122.1,387.59999999999997,0.9741140990198542,0,2,50 78 31 38 5 19 70 11 23 39 79 57 73 63 25,26 60 3 52 65 42 40 92 76 54 14 55 9
39,19,8,1244084.0,0.1,3,5,15,25,223.70000000000005,225.2,1,1,1,2,1,0,0,40,5,0.125,297.5,151.4,448.9,43.59999999999999,0.09712630875473377,267.0,138.3,405.3,0.9028736912452663,0,8,50 78 31 38 5 19 70 11 23 39 79 57 73 63 25,72 46 93 4 94 28 58 56 1 48 34 100 51 47 74 24 32 87 77 12 64 82 90 33 91
39,19,8,1244084.0,0.1,3,6,15,17,223.70000000000005,190.20000000000002,1,1,1,2,1,0,0,32,4,0.125,275.1,138.8,413.9,57.30000000000001,0.13843923653056298,238.9,117.7,356.59999999999997,0.861560763469437,0,8,50 78 31 38 5 19 70 11 23 39 79 57 73 63 25,75 8 10 71 66 29 16 69 7 81 41 99 95 98 35 44 97
39,19,8,1244084.0,0.1,3,7,15,7,223.70000000000005,67.4,1,0,0,1,0,1,0,22,7,0.3181818181818182,190.3,100.8,291.09999999999997,67.4,0.2315355547921677,149.4,74.3,223.69999999999996,0.7684644452078323,1,8,50 78 31 38 5 19 70 11 23 39 79 57 73 63 25,88 84 30 27 45 36 21
39,19,8,1244084.0,0.1,4,5,13,25,174.2,225.2,1,1,1,2,1,0,0,38,4,0.10526315789473684,272.7,126.7,399.40000000000003,23.19999999999998,0.058087130696044015,255.9,120.3,376.20000000000005,0.941912869303956,0,4,26 60 3 52 65 42 40 92 76 54 14 55 9,72 46 93 4 94 28 58 56 1 48 34 100 51 47 74 24 32 87 77 12 64 82 90 33 91
39,19,8,1244084.0,0.1,4,6,13,17,174.2,190.20000000000002,1,1,1,2,1,0,0,30,2,0.06666666666666667,250.3,114.1,364.40000000000003,22.200000000000006,0.06092206366630078,234.8,107.4,342.20000000000005,0.9390779363336993,0,4,26 60 3 52 65 42 40 92 76 54 14 55 9,75 8 10 71 66 29 16 69 7 81 41 99 95 98 35 44 97
39,19,8,1244084.0,0.1,4,7,13,7,174.2,67.4,1,0,0,1,0,1,0,20,3,0.15,165.5,76.1,241.6,39.2,0.1622516556291391,141.9,60.5,202.39999999999998,0.8377483443708609,1,4,26 60 3 52 65 42 40 92 76 54 14 55 9,88 84 30 27 45 36 21
39,19,8,1244084.0,0.1,5,6,25,17,225.2,190.20000000000002,1,1,1,2,1,0,0,42,4,0.09523809523809523,273.8,141.6,415.4,56.90000000000001,0.1369764082811748,238.0,120.5,358.49999999999994,0.8630235917188251,0,8,72 46 93 4 94 28 58 56 1 48 34 100 51 47 74 24 32 87 77 12 64 82 90 33 91,75 8 10 71 66 29 16 69 7 81 41 99 95 98 35 44 97
39,19,8,1244084.0,0.1,5,7,25,7,225.2,67.4,1,0,0,1,0,1,0,32,8,0.25,189.0,103.6,292.6,69.80000000000001,0.2385509227614491,146.7,76.1,222.8,0.7614490772385509,1,8,72 46 93 4 94 28 58 56 1 48 34 100 51 47 74 24 32 87 77 12 64 82 90 33 91,88 84 30 27 45 36 21
39,19,8,1244084.0,0.1,6,7,17,7,190.20000000000002,67.4,1,0,0,1,0,1,0,24,3,0.125,166.6,91.0,257.6,39.5,0.15333850931677018,142.7,75.4,218.10000000000002,0.8466614906832298,1,4,75 8 10 71 66 29 16 69 7 81 41 99 95 98 35 44 97,88 84 30 27 45 36 21
