plan_id,seed,K,distance,delta_frac,lost_a,lost_b,lost_a_len,lost_b_len,lost_a_workload,lost_b_workload,lost_a_substantive,lost_b_substantive,both_substantive,extra_units,need_two_units,need_at_most_one,fully_absorbed,total_customers,absorbed_customers,absorbed_customer_frac,total_delivery,total_pickup,total_workload,absorbed_workload,absorbed_workload_frac,residual_delivery_at_max_work,residual_pickup_at_max_work,residual_workload,residual_workload_frac,one_unit_capacity_feasible,terminal_dp_states,lost_route_a,lost_route_b
0,0,7,1246180.0,0.2,0,1,12,8,138.50000000000003,80.0,1,1,1,1,0,1,0,20,6,0.3,145.4,73.1,218.50000000000003,62.30000000000002,0.28512585812356983,107.6,48.6,156.20000000000002,0.7148741418764302,1,1,89 85 59 80 86 6 83 53 22 96 67 62,50 90 33 91 15 49 20 13
0,0,7,1246180.0,0.2,0,2,12,18,138.50000000000003,225.4,1,1,1,2,1,0,0,30,7,0.23333333333333334,238.6,125.3,363.90000000000003,77.20000000000002,0.21214619400934326,192.2,94.5,286.70000000000005,0.7878538059906568,0,32,89 85 59 80 86 6 83 53 22 96 67 62,63 73 57 79 39 23 11 70 19 5 4 28 58 94 38 31 78 93
0,0,7,1246180.0,0.2,0,3,12,14,138.50000000000003,194.6,1,1,1,2,1,0,0,26,5,0.19230769230769232,227.5,105.6,333.09999999999997,56.80000000000002,0.1705193635544882,193.3,83.0,276.29999999999995,0.8294806364455118,0,16,89 85 59 80 86 6 83 53 22 96 67 62,25 9 55 14 54 76 92 40 42 65 52 3 60 26
0,0,7,1246180.0,0.2,0,4,12,18,138.50000000000003,210.89999999999998,1,1,1,2,1,0,0,30,9,0.3,224.4,125.0,349.4,102.30000000000001,0.29278763594733836,160.4,86.7,247.09999999999997,0.7072123640526616,0,16,89 85 59 80 86 6 83 53 22 96 67 62,2 68 37 17 43 44 35 98 81 16 69 7 41 99 95 97 30 84
0,0,7,1246180.0,0.2,0,5,12,7,138.50000000000003,62.099999999999994,1,0,0,1,0,1,0,19,8,0.42105263157894735,126.6,74.0,200.59999999999997,84.60000000000001,0.42173479561316063,77.2,38.8,115.99999999999996,0.5782652043868394,1,1,89 85 59 80 86 6 83 53 22 96 67 62,61 21 36 45 27 88 18
0,0,7,1246180.0,0.2,0,6,12,23,138.50000000000003,227.40000000000003,1,1,1,2,1,0,0,35,7,0.2,236.5,129.4,365.9,76.00000000000003,0.20770702377698833,190.9,99.0,289.9,0.7922929762230118,0,16,89 85 59 80 86 6 83 53 22 96 67 62,75 8 29 66 71 10 64 82 12 77 87 32 24 74 47 51 34 100 48 1 56 46 72
0,0,7,1246180.0,0.2,1,2,8,18,80.0,225.4,1,1,1,2,1,0,0,26,5,0.19230769230769232,205.6,99.8,305.40000000000003,57.699999999999996,0.1889325474787164,167.8,79.9,247.70000000000005,0.8110674525212836,0,16,50 90 33 91 15 49 20 13,63 73 57 79 39 23 11 70 19 5 4 28 58 94 38 31 78 93
0,0,7,1246180.0,0.2,1,3,8,14,80.0,194.6,1,1,1,2,1,0,0,22,4,0.18181818181818182,194.5,80.1,274.6,37.7,0.13729060451565914,169.2,67.7,236.90000000000003,0.8627093954843409,0,8,50 90 33 91 15 49 20 13,25 9 55 14 54 76 92 40 42 65 52 3 60 26
0,0,7,1246180.0,0.2,1,4,8,18,80.0,210.89999999999998,1,1,1,1,0,1,0,26,8,0.3076923076923077,191.4,99.5,290.90000000000003,82.29999999999998,0.2829150910965967,137.8,70.8,208.60000000000005,0.7170849089034034,1,16,50 90 33 91 15 49 20 13,2 68 37 17 43 44 35 98 81 16 69 7 41 99 95 97 30 84
0,0,7,1246180.0,0.2,1,5,8,7,80.0,62.099999999999994,1,0,0,1,0,1,0,15,6,0.4,93.6,48.5,142.1,52.099999999999994,0.366643209007741,62.1,27.9,90.0,0.633356790992259,1,1,50 90 33 91 15 49 20 13,61 21 36 45 27 88 18
0,0,7,1246180.0,0.2,1,6,8,23,80.0,227.40000000000003,1,1,1,2,1,0,0,31,6,0.1935483870967742,203.5,103.9,307.3999999999999,57.40000000000001,0.18672739102147048,164.3,85.7,249.99999999999991,0.8132726089785295,0,16,50 90 33 91 15 49 20 13,75 8 29 66 71 10 64 82 12 77 87 32 24 74 47 51 34 100 48 1 56 46 72
0,0,7,1246180.0,0.2,2,3,18,14,225.4,194.6,1,1,1,2,1,0,0,32,1,0.03125,287.7,132.3,420.0,3.5999999999999943,0.008571428571428558,285.5,130.9,416.4,0.9914285714285713,0,2,63 73 57 79 39 23 11 70 19 5 4 28 58 94 38 31 78 93,25 9 55 14 54 76 92 40 42 65 52 3 60 26
0,0,7,1246180.0,0.2,2,4,18,18,225.4,210.89999999999998,1,1,1,2,1,0,0,36,9,0.25,284.6,151.7,436.3,114.89999999999999,0.2633509053403621,212.7,108.7,321.40000000000003,0.7366490946596379,0,32,63 73 57 79 39 23 11 70 19 5 4 28 58 94 38 31 78 93,2 68 37 17 43 44 35 98 81 16 69 7 41 99 95 97 30 84
0,0,7,1246180.0,0.2,2,5,18,7,225.4,62.099999999999994,1,0,0,1,0,1,0,25,9,0.36,186.8,100.7,287.5,84.19999999999999,0.29286956521739127,135.8,67.5,203.3,0.7071304347826087,1,32,63 73 57 79 39 23 11 70 19 5 4 28 58 94 38 31 78 93,61 21 36 45 27 88 18
0,0,7,1246180.0,0.2,2,6,18,23,225.4,227.40000000000003,1,1,1,2,1,0,0,41,3,0.07317073170731707,296.7,156.1,452.79999999999995,26.80000000000001,0.059187279151943495,280.6,145.4,425.99999999999994,0.9408127208480566,0,22,63 73 57 79 39 23 11 70 19 5 4 28 58 94 38 31 78 93,75 8 29 66 71 10 64 82 12 77 87 32 24 74 47 51 34 100 48 1 56 46 72
0,0,7,1246180.0,0.2,3,4,14,18,194.6,210.89999999999998,1,1,1,2,1,0,0,32,8,0.25,273.5,132.0,405.49999999999994,94.8,0.2337854500616523,214.2,96.5,310.69999999999993,0.7662145499383477,0,16,25 9 55 14 54 76 92 40 42 65 52 3 60 26,2 68 37 17 43 44 35 98 81 16 69 7 41 99 95 97 30 84
0,0,7,1246180.0,0.2,3,5,14,7,194.6,62.099999999999994,1,0,0,1,0,1,0,21,7,0.3333333333333333,175.7,81.0,256.7,62.099999999999994,0.2419166342033502,138.3,56.3,194.6,0.7580833657966498,1,16,25 9 55 14 54 76 92 40 42 65 52 3 60 26,61 21 36 45 27 88 18
0,0,7,1246180.0,0.2,3,6,14,23,194.6,227.40000000000003,1,1,1,2,1,0,0,37,2,0.05405405405405406,285.6,136.4,421.9999999999999,8.300000000000011,0.019668246445497663,280.9,132.8,413.6999999999999,0.9803317535545023,0,11,25 9 55 14 54 76 92 40 42 65 52 3 60 26,75 8 29 66 71 10 64 82 12 77 87 32 24 74 47 51 34 100 48 1 56 46 72
0,0,7,1246180.0,0.2,4,5,18,7,210.89999999999998,62.099999999999994,1,0,0,1,0,1,0,25,8,0.32,172.6,100.4,273.0,82.29999999999998,0.3014652014652014,119.0,71.7,190.70000000000002,0.6985347985347986,1,16,2 68 37 17 43 44 35 98 81 16 69 7 41 99 95 97 30 84,61 21 36 45 27 88 18
0,0,7,1246180.0,0.2,4,6,18,23,210.89999999999998,227.40000000000003,1,1,1,2,1,0,0,41,9,0.21951219512195122,282.5,155.8,438.29999999999995,109.39999999999999,0.24960073009354325,212.9,116.0,328.9,0.7503992699064568,0,17,2 68 37 17 43 44 35 98 81 16 69 7 41 99 95 97 30 84,75 8 29 66 71 10 64 82 12 77 87 32 24 74 47 51 34 100 48 1 56 46 72
0,0,7,1246180.0,0.2,5,6,7,23,62.099999999999994,227.40000000000003,0,1,0,1,0,1,0,30,9,0.3,184.7,104.8,289.5,70.4,0.24317789291882558,142.6,76.5,219.1,0.7568221070811744,1,16,61 21 36 45 27 88 18,75 8 29 66 71 10 64 82 12 77 87 32 24 74 47 51 34 100 48 1 56 46 72
1,0,8,1270239.0,0.2,0,1,14,8,194.6,69.0,1,0,0,1,0,1,0,22,8,0.36363636363636365,179.2,84.4,263.6,69.0,0.26176024279210924,138.3,56.3,194.60000000000002,0.7382397572078908,1,32,26 60 3 52 65 42 40 92 76 54 14 55 9 25,18 17 43 30 27 45 36 21
1,0,8,1270239.0,0.2,0,2,14,16,194.6,193.10000000000002,1,1,1,2,1,0,0,30,7,0.23333333333333334,263.0,124.7,387.7,81.19999999999999,0.20944028888315705,211.0,95.5,306.5,0.790559711116843,0,16,26 60 3 52 65 42 40 92 76 54 14 55 9 25,88 84 97 44 95 99 41 69 7 16 81 98 35 68 37 2
1,0,8,1270239.0,0.2,0,3,14,5,194.6,45.1,1,0,0,1,0,1,0,19,4,0.21052631578947367,171.6,68.1,239.7,34.800000000000004,0.1451814768460576,146.8,58.1,204.89999999999998,0.8548185231539424,1,6,26 60 3 52 65 42 40 92 76 54 14 55 9 25,50 90 33 91 15
1,0,8,1270239.0,0.2,0,4,14,5,194.6,56.7,1,0,0,1,0,1,0,19,5,0.2631578947368421,176.3,75.0,251.3,56.7,0.22562674094707522,138.3,56.3,194.60000000000002,0.7743732590529249,1,16,26 60 3 52 65 42 40 92 76 54 14 55 9 25,13 20 49 61 89
1,0,8,1270239.0,0.2,0,5,14,11,194.6,127.60000000000001,1,1,1,2,1,0,0,25,5,0.2,219.4,102.8,322.2,54.39999999999999,0.16883923029174425,186.7,81.1,267.8,0.8311607697082558,0,8,26 60 3 52 65 42 40 92 76 54 14 55 9 25,85 59 96 80 86 6 83 53 22 67 62
1,0,8,1270239.0,0.2,0,6,14,23,194.6,227.4,1,1,1,2,1,0,0,37,2,0.05405405405405406,285.6,136.4,422.0,8.3,0.019668246445497632,280.9,132.8,413.7,0.9803317535545023,0,11,26 60 3 52 65 42 40 92 76 54 14 55 9 25,72 46 56 1 51 34 100 48 47 74 24 32 87 77 12 82 64 10 71 66 29 8 75
1,0,8,1270239.0,0.2,0,7,14,18,194.6,225.39999999999998,1,1,1,2,1,0,0,32,1,0.03125,287.7,132.3,420.0,3.5999999999999943,0.008571428571428558,285.5,130.9,416.4,0.9914285714285713,0,2,26 60 3 52 65 42 40 92 76 54 14 55 9 25,63 73 57 79 39 23 11 70 19 5 38 4 28 58 94 31 78 93
1,0,8,1270239.0,0.2,1,2,8,16,69.0,193.10000000000002,0,1,0,1,0,1,0,24,10,0.4166666666666667,165.6,96.5,262.1,98.7,0.37657382678367035,105.0,58.4,163.40000000000003,0.6234261732163298,1,32,18 17 43 30 27 45 36 21,88 84 97 44 95 99 41 69 7 16 81 98 35 68 37 2
1,0,8,1270239.0,0.2,1,3,8,5,69.0,45.1,0,0,0,1,0,1,0,13,7,0.5384615384615384,74.2,39.9,114.1,77.8,0.6818580192813322,27.1,9.2,36.3,0.31814198071866784,1,1,18 17 43 30 27 45 36 21,50 90 33 91 15
1,0,8,1270239.0,0.2,1,4,8,5,69.0,56.7,0,0,0,0,0,1,1,13,13,1.0,78.9,46.8,125.69999999999999,125.7,1.0000000000000002,0.0,0.0,0.0,0.0,1,0,18 17 43 30 27 45 36 21,13 20 49 61 89
1,0,8,1270239.0,0.2,1,5,8,11,69.0,127.60000000000001,0,1,0,1,0,1,0,19,12,0.631578947368421,122.0,74.6,196.60000000000002,121.89999999999999,0.6200406917599185,50.0,24.7,74.70000000000003,0.3799593082400815,1,1,18 17 43 30 27 45 36 21,85 59 96 80 86 6 83 53 22 67 62
1,0,8,1270239.0,0.2,1,6,8,23,69.0,227.4,0,1,0,1,0,1,0,31,10,0.3225806451612903,188.2,108.2,296.40000000000003,77.3,0.26079622132253705,142.6,76.5,219.10000000000002,0.7392037786774629,1,32,18 17 43 30 27 45 36 21,72 46 56 1 51 34 100 48 47 74 24 32 87 77 12 82 64 10 71 66 29 8 75
1,0,8,1270239.0,0.2,1,7,8,18,69.0,225.39999999999998,0,1,0,1,0,1,0,26,10,0.38461538461538464,190.3,104.1,294.4,91.1,0.3094429347826087,135.8,67.5,203.29999999999998,0.6905570652173914,1,64,18 17 43 30 27 45 36 21,63 73 57 79 39 23 11 70 19 5 38 4 28 58 94 31 78 93
1,0,8,1270239.0,0.2,2,3,16,5,193.10000000000002,45.1,1,0,0,1,0,1,0,21,7,0.3333333333333333,158.0,80.2,238.20000000000002,91.6,0.3845507976490344,98.9,47.7,146.60000000000002,0.6154492023509657,1,16,88 84 97 44 95 99 41 69 7 16 81 98 35 68 37 2,50 90 33 91 15
1,0,8,1270239.0,0.2,2,4,16,5,193.10000000000002,56.7,1,0,0,1,0,1,0,21,10,0.47619047619047616,162.7,87.1,249.80000000000007,126.39999999999999,0.5060048038430743,80.1,43.3,123.40000000000008,0.4939951961569257,1,32,88 84 97 44 95 99 41 69 7 16 81 98 35 68 37 2,13 20 49 61 89
1,0,8,1270239.0,0.2,2,5,16,11,193.10000000000002,127.60000000000001,1,1,1,1,0,1,0,27,7,0.25925925925925924,205.8,114.9,320.70000000000005,100.69999999999999,0.3140006236357966,144.4,75.6,220.00000000000006,0.6859993763642034,1,16,88 84 97 44 95 99 41 69 7 16 81 98 35 68 37 2,85 59 96 80 86 6 83 53 22 67 62
1,0,8,1270239.0,0.2,2,6,16,23,193.10000000000002,227.4,1,1,1,2,1,0,0,39,9,0.23076923076923078,272.0,148.5,420.5,98.4,0.23400713436385256,209.7,112.4,322.1,0.7659928656361475,0,32,88 84 97 44 95 99 41 69 7 16 81 98 35 68 37 2,72 46 56 1 51 34 100 48 47 74 24 32 87 77 12 82 64 10 71 66 29 8 75
1,0,8,1270239.0,0.2,2,7,16,18,193.10000000000002,225.39999999999998,1,1,1,2,1,0,0,34,8,0.23529411764705882,274.1,144.4,418.5,99.79999999999998,0.2384707287933094,211.0,107.7,318.70000000000005,0.7615292712066907,0,32,88 84 97 44 95 99 41 69 7 16 81 98 35 68 37 2,63 73 57 79 39 23 11 70 19 5 38 4 28 58 94 31 78 93
1,0,8,1270239.0,0.2,3,4,5,5,45.1,56.7,0,0,0,1,0,1,0,10,8,0.8,71.3,30.5,101.80000000000001,84.2,0.8271119842829076,12.7,4.9,17.60000000000001,0.1728880157170924,1,1,50 90 33 91 15,13 20 49 61 89
1,0,8,1270239.0,0.2,3,5,5,11,45.1,127.60000000000001,0,1,0,1,0,1,0,16,6,0.375,114.4,58.3,172.7,58.1,0.3364215402431963,76.4,38.2,114.6,0.6635784597568037,1,1,50 90 33 91 15,85 59 96 80 86 6 83 53 22 67 62
1,0,8,1270239.0,0.2,3,6,5,23,45.1,227.4,0,1,0,1,0,1,0,28,7,0.25,180.6,91.9,272.50000000000006,53.400000000000006,0.19596330275229357,142.6,76.5,219.10000000000005,0.8040366972477064,1,32,50 90 33 91 15,72 46 56 1 51 34 100 48 47 74 24 32 87 77 12 82 64 10 71 66 29 8 75
1,0,8,1270239.0,0.2,3,7,5,18,45.1,225.39999999999998,0,1,0,1,0,1,0,23,6,0.2608695652173913,182.7,87.8,270.5,56.9,0.21035120147874306,144.3,69.3,213.6,0.7896487985212569,1,16,50 90 33 91 15,63 73 57 79 39 23 11 70 19 5 38 4 28 58 94 31 78 93
1,0,8,1270239.0,0.2,4,5,5,11,56.7,127.60000000000001,0,1,0,1,0,1,0,16,9,0.5625,119.1,65.2,184.3,104.79999999999998,0.568638090070537,52.7,26.8,79.50000000000003,0.43136190992946294,1,1,13 20 49 61 89,85 59 96 80 86 6 83 53 22 67 62
1,0,8,1270239.0,0.2,4,6,5,23,56.7,227.4,0,1,0,1,0,1,0,28,7,0.25,185.3,98.8,284.1,65.0,0.22879267863428368,142.6,76.5,219.10000000000002,0.7712073213657163,1,32,13 20 49 61 89,72 46 56 1 51 34 100 48 47 74 24 32 87 77 12 82 64 10 71 66 29 8 75
1,0,8,1270239.0,0.2,4,7,5,18,56.7,225.39999999999998,0,1,0,1,0,1,0,23,7,0.30434782608695654,187.4,94.7,282.1,78.8,0.27933356965615025,135.8,67.5,203.3,0.7206664303438497,1,64,13 20 49 61 89,63 73 57 79 39 23 11 70 19 5 38 4 28 58 94 31 78 93
1,0,8,1270239.0,0.2,5,6,11,23,127.60000000000001,227.4,1,1,1,2,1,0,0,34,7,0.20588235294117646,228.4,126.6,355.0,74.6,0.21014084507042252,184.4,96.0,280.4,0.7898591549295774,0,16,85 59 96 80 86 6 83 53 22 67 62,72 46 56 1 51 34 100 48 47 74 24 32 87 77 12 82 64 10 71 66 29 8 75
1,0,8,1270239.0,0.2,5,7,11,18,127.60000000000001,225.39999999999998,1,1,1,2,1,0,0,29,7,0.2413793103448276,230.5,122.5,353.0,75.79999999999998,0.2147308781869688,185.7,91.5,277.20000000000005,0.7852691218130313,0,16,85 59 96 80 86 6 83 53 22 67 62,63 73 57 79 39 23 11 70 19 5 38 4 28 58 94 31 78 93
1,0,8,1270239.0,0.2,6,7,23,18,227.4,225.39999999999998,1,1,1,2,1,0,0,41,3,0.07317073170731707,296.7,156.1,452.79999999999995,26.8,0.05918727915194347,280.6,145.4,425.99999999999994,0.9408127208480566,0,24,72 46 56 1 51 34 100 48 47 74 24 32 87 77 12 82 64 10 71 66 29 8 75,63 73 57 79 39 23 11 70 19 5 38 4 28 58 94 31 78 93
2,1,7,1235689.0,0.2,0,1,13,21,174.2,223.6,1,1,1,2,1,0,0,34,2,0.058823529411764705,271.8,126.0,397.8,15.0,0.03770739064856712,260.5,122.3,382.8,0.9622926093514329,0,4,26 60 3 52 65 42 40 92 76 54 14 55 9,50 1 48 34 100 51 47 74 24 32 87 77 12 82 64 10 71 66 29 8 75
2,1,7,1235689.0,0.2,0,2,13,6,174.2,85.5,1,1,1,1,0,1,0,19,6,0.3157894736842105,178.0,81.7,259.7,85.5,0.3292260300346554,124.6,49.6,174.2,0.6707739699653447,1,8,26 60 3 52 65 42 40 92 76 54 14 55 9,13 20 21 30 84 88
2,1,7,1235689.0,0.2,0,3,13,6,174.2,59.9,1,0,0,1,0,1,0,19,6,0.3157894736842105,160.4,73.7,234.1,59.900000000000006,0.25587355830841524,124.6,49.6,174.2,0.7441264416915848,1,32,26 60 3 52 65 42 40 92 76 54 14 55 9,18 17 43 37 68 2
2,1,7,1235689.0,0.2,0,4,13,17,174.2,165.1,1,1,1,2,1,0,0,30,8,0.26666666666666666,235.1,104.2,339.29999999999995,53.2,0.15679339817270854,197.3,88.8,286.09999999999997,0.8432066018272915,0,32,26 60 3 52 65 42 40 92 76 54 14 55 9,91 33 90 36 45 27 97 44 98 95 99 41 69 7 16 81 35
2,1,7,1235689.0,0.2,0,5,13,16,174.2,220.5,1,1,1,2,1,0,0,29,7,0.2413793103448276,270.8,123.9,394.7,78.60000000000002,0.19913858626805175,220.4,95.7,316.09999999999997,0.8008614137319483,0,8,26 60 3 52 65 42 40 92 76 54 14 55 9,25 63 73 57 39 79 23 11 70 19 83 53 22 96 67 62
2,1,7,1235689.0,0.2,0,6,13,21,174.2,210.10000000000002,1,1,1,2,1,0,0,34,8,0.23529411764705882,259.9,124.4,384.29999999999995,86.50000000000003,0.22508456934686452,205.8,92.0,297.79999999999995,0.7749154306531355,0,16,26 60 3 52 65 42 40 92 76 54 14 55 9,61 49 15 46 93 78 31 56 58 28 94 4 38 5 6 86 80 59 85 72 89
2,1,7,1235689.0,0.2,1,2,21,6,223.6,85.5,1,1,1,1,0,1,0,27,7,0.25925925925925924,200.6,108.5,309.09999999999997,95.80000000000001,0.30993206082174063,138.7,74.6,213.29999999999995,0.6900679391782594,1,16,50 1 48 34 100 51 47 74 24 32 87 77 12 82 64 10 71 66 29 8 75,13 20 21 30 84 88
2,1,7,1235689.0,0.2,1,3,21,6,223.6,59.9,1,0,0,1,0,1,0,27,8,0.2962962962962963,183.0,100.5,283.49999999999994,74.9,0.2641975308641976,135.9,72.7,208.59999999999994,0.7358024691358024,1,32,50 1 48 34 100 51 47 74 24 32 87 77 12 82 64 10 71 66 29 8 75,18 17 43 37 68 2
2,1,7,1235689.0,0.2,1,4,21,17,223.6,165.1,1,1,1,2,1,0,0,38,10,0.2631578947368421,257.7,131.0,388.70000000000005,92.10000000000001,0.2369436583483406,196.9,99.7,296.6,0.7630563416516594,0,32,50 1 48 34 100 51 47 74 24 32 87 77 12 82 64 10 71 66 29 8 75,91 33 90 36 45 27 97 44 98 95 99 41 69 7 16 81 35
2,1,7,1235689.0,0.2,1,5,21,16,223.6,220.5,1,1,1,2,1,0,0,37,10,0.2702702702702703,293.4,150.7,444.1,110.60000000000001,0.24904300833145687,223.5,110.0,333.5,0.7509569916685431,0,8,50 1 48 34 100 51 47 74 24 32 87 77 12 82 64 10 71 66 29 8 75,25 63 73 57 39 79 23 11 70 19 83 53 22 96 67 62
2,1,7,1235689.0,0.2,1,6,21,21,223.6,210.10000000000002,1,1,1,2,1,0,0,42,11,0.2619047619047619,282.5,151.2,433.69999999999993,115.00000000000003,0.2651602490200601,209.7,109.0,318.69999999999993,0.73483975097994,0,16,50 1 48 34 100 51 47 74 24 32 87 77 12 82 64 10 71 66 29 8 75,61 49 15 46 93 78 31 56 58 28 94 4 38 5 6 86 80 59 85 72 89
2,1,7,1235689.0,0.2,2,3,6,6,85.5,59.9,1,0,0,1,0,1,0,12,10,0.8333333333333334,89.2,56.2,145.4,119.2,0.8198074277854195,16.4,9.8,26.200000000000003,0.1801925722145805,1,1,13 20 21 30 84 88,18 17 43 37 68 2
2,1,7,1235689.0,0.2,2,4,6,17,85.5,165.1,1,1,1,1,0,1,0,23,8,0.34782608695652173,163.9,86.7,250.60000000000002,96.30000000000001,0.38427773343974464,105.6,48.7,154.3,0.6157222665602554,1,32,13 20 21 30 84 88,91 33 90 36 45 27 97 44 98 95 99 41 69 7 16 81 35
2,1,7,1235689.0,0.2,2,5,6,16,85.5,220.5,1,1,1,1,0,1,0,22,12,0.5454545454545454,199.6,106.4,306.0,142.4,0.465359477124183,108.6,55.0,163.6,0.534640522875817,1,32,13 20 21 30 84 88,25 63 73 57 39 79 23 11 70 19 83 53 22 96 67 62
2,1,7,1235689.0,0.2,2,6,6,21,85.5,210.10000000000002,1,1,1,1,0,1,0,27,12,0.4444444444444444,188.7,106.9,295.59999999999997,136.3,0.4610960757780786,103.3,56.0,159.29999999999995,0.5389039242219215,1,32,13 20 21 30 84 88,61 49 15 46 93 78 31 56 58 28 94 4 38 5 6 86 80 59 85 72 89
2,1,7,1235689.0,0.2,3,4,6,17,59.9,165.1,0,1,0,1,0,1,0,23,10,0.43478260869565216,146.3,78.7,225.0,115.00000000000001,0.5111111111111112,75.2,34.8,109.99999999999999,0.4888888888888888,1,1,18 17 43 37 68 2,91 33 90 36 45 27 97 44 98 95 99 41 69 7 16 81 35
2,1,7,1235689.0,0.2,3,5,6,16,59.9,220.5,0,1,0,1,0,1,0,22,15,0.6818181818181818,182.0,98.4,280.4,160.5,0.5723965763195435,82.2,37.7,119.89999999999998,0.42760342368045645,1,32,18 17 43 37 68 2,25 63 73 57 39 79 23 11 70 19 83 53 22 96 67 62
2,1,7,1235689.0,0.2,3,6,6,21,59.9,210.10000000000002,0,1,0,1,0,1,0,27,15,0.5555555555555556,171.1,98.9,270.0,154.60000000000002,0.5725925925925927,75.9,39.5,115.39999999999998,0.42740740740740735,1,32,18 17 43 37 68 2,61 49 15 46 93 78 31 56 58 28 94 4 38 5 6 86 80 59 85 72 89
2,1,7,1235689.0,0.2,4,5,17,16,165.1,220.5,1,1,1,2,1,0,0,33,9,0.2727272727272727,256.7,128.9,385.6,96.60000000000002,0.2505186721991702,196.3,92.7,289.0,0.7494813278008299,0,32,91 33 90 36 45 27 97 44 98 95 99 41 69 7 16 81 35,25 63 73 57 39 79 23 11 70 19 83 53 22 96 67 62
2,1,7,1235689.0,0.2,4,6,17,21,165.1,210.10000000000002,1,1,1,2,1,0,0,38,10,0.2631578947368421,245.8,129.4,375.2,83.40000000000003,0.2222814498933903,193.5,98.3,291.79999999999995,0.7777185501066097,0,32,91 33 90 36 45 27 97 44 98 95 99 41 69 7 16 81 35,61 49 15 46 93 78 31 56 58 28 94 4 38 5 6 86 80 59 85 72 89
2,1,7,1235689.0,0.2,5,6,16,21,220.5,210.10000000000002,1,1,1,2,1,0,0,37,11,0.2972972972972973,281.5,149.1,430.6,119.50000000000003,0.27751973989781703,207.4,103.7,311.1,0.722480260102183,0,16,25 63 73 57 39 79 23 11 70 19 83 53 22 96 67 62,61 49 15 46 93 78 31 56 58 28 94 4 38 5 6 86 80 59 85 72 89
3,1,8,1279890.0,0.2,0,1,18,23,225.4,227.39999999999998,1,1,1,2,1,0,0,41,3,0.07317073170731707,296.7,156.1,452.8,26.8,0.05918727915194346,280.6,145.4,426.0,0.9408127208480566,0,24,93 78 31 58 28 94 4 38 5 19 70 11 23 79 39 57 63 73,72 46 56 1 48 34 100 51 47 74 24 82 64 12 32 87 77 10 71 66 29 8 75
3,1,8,1279890.0,0.2,0,2,18,13,225.4,161.0,1,1,1,2,1,0,0,31,6,0.1935483870967742,254.7,131.7,386.4,71.19999999999999,0.18426501035196685,208.5,106.7,315.2,0.8157349896480331,0,32,93 78 31 58 28 94 4 38 5 19 70 11 23 79 39 57 63 73,35 98 81 16 7 69 41 99 95 44 97 30 84
3,1,8,1279890.0,0.2,0,3,18,10,225.4,91.10000000000001,1,1,1,1,0,1,0,28,12,0.42857142857142855,203.8,112.7,316.49999999999994,113.20000000000002,0.3576619273301739,135.8,67.5,203.29999999999993,0.6423380726698261,1,64,93 78 31 58 28 94 4 38 5 19 70 11 23 79 39 57 63 73,21 36 45 27 88 43 17 37 68 2
3,1,8,1279890.0,0.2,0,4,18,14,225.4,194.6,1,1,1,2,1,0,0,32,1,0.03125,287.7,132.3,420.0,3.5999999999999943,0.008571428571428558,285.5,130.9,416.4,0.9914285714285713,0,2,93 78 31 58 28 94 4 38 5 19 70 11 23 79 39 57 63 73,26 60 3 52 65 42 40 92 76 54 14 55 9 25
3,1,8,1279890.0,0.2,0,5,18,12,225.4,138.5,1,1,1,2,1,0,0,30,7,0.23333333333333334,238.6,125.3,363.90000000000003,83.6,0.22973344325364106,187.3,93.0,280.30000000000007,0.770266556746359,0,48,93 78 31 58 28 94 4 38 5 19 70 11 23 79 39 57 63 73,62 67 96 22 53 83 6 86 80 59 85 89
3,1,8,1279890.0,0.2,0,6,18,5,225.4,45.1,1,0,0,1,0,1,0,23,6,0.2608695652173913,182.7,87.8,270.5,56.9,0.21035120147874306,144.3,69.3,213.6,0.7896487985212569,1,32,93 78 31 58 28 94 4 38 5 19 70 11 23 79 39 57 63 73,50 90 33 91 15
3,1,8,1279890.0,0.2,0,7,18,5,225.4,55.800000000000004,1,0,0,1,0,1,0,23,7,0.30434782608695654,185.2,96.0,281.2,77.9,0.2770270270270271,135.8,67.5,203.29999999999998,0.7229729729729729,1,64,93 78 31 58 28 94 4 38 5 19 70 11 23 79 39 57 63 73,13 20 49 61 18
3,1,8,1279890.0,0.2,1,2,23,13,227.39999999999998,161.0,1,1,1,2,1,0,0,36,8,0.2222222222222222,252.6,135.8,388.4,74.0,0.19052523171987643,204.0,110.4,314.4,0.8094747682801235,0,32,72 46 56 1 48 34 100 51 47 74 24 82 64 12 32 87 77 10 71 66 29 8 75,35 98 81 16 7 69 41 99 95 44 97 30 84
3,1,8,1279890.0,0.2,1,3,23,10,227.39999999999998,91.10000000000001,1,1,1,1,0,1,0,33,12,0.36363636363636365,201.7,116.8,318.5,99.40000000000002,0.31208791208791214,142.6,76.5,219.09999999999997,0.6879120879120878,1,32,72 46 56 1 48 34 100 51 47 74 24 82 64 12 32 87 77 10 71 66 29 8 75,21 36 45 27 88 43 17 37 68 2
3,1,8,1279890.0,0.2,1,4,23,14,227.39999999999998,194.6,1,1,1,2,1,0,0,37,2,0.05405405405405406,285.6,136.4,421.99999999999994,8.3,0.019668246445497636,280.9,132.8,413.69999999999993,0.9803317535545023,0,11,72 46 56 1 48 34 100 51 47 74 24 82 64 12 32 87 77 10 71 66 29 8 75,26 60 3 52 65 42 40 92 76 54 14 55 9 25
3,1,8,1279890.0,0.2,1,5,23,12,227.39999999999998,138.5,1,1,1,2,1,0,0,35,8,0.22857142857142856,236.5,129.4,365.90000000000003,81.9,0.22383164799125443,187.6,96.4,284.0,0.7761683520087455,0,32,72 46 56 1 48 34 100 51 47 74 24 82 64 12 32 87 77 10 71 66 29 8 75,62 67 96 22 53 83 6 86 80 59 85 89
3,1,8,1279890.0,0.2,1,6,23,5,227.39999999999998,45.1,1,0,0,1,0,1,0,28,7,0.25,180.6,91.9,272.5,53.400000000000006,0.1959633027522936,142.6,76.5,219.1,0.8040366972477064,1,32,72 46 56 1 48 34 100 51 47 74 24 82 64 12 32 87 77 10 71 66 29 8 75,50 90 33 91 15
3,1,8,1279890.0,0.2,1,7,23,5,227.39999999999998,55.800000000000004,1,0,0,1,0,1,0,28,7,0.25,183.1,100.1,283.2,64.10000000000001,0.22634180790960456,142.6,76.5,219.09999999999997,0.7736581920903954,1,32,72 46 56 1 48 34 100 51 47 74 24 82 64 12 32 87 77 10 71 66 29 8 75,13 20 49 61 18
3,1,8,1279890.0,0.2,2,3,13,10,161.0,91.10000000000001,1,1,1,1,0,1,0,23,9,0.391304347826087,159.7,92.4,252.09999999999997,104.00000000000001,0.4125347084490283,93.4,54.7,148.09999999999997,0.5874652915509718,1,32,35 98 81 16 7 69 41 99 95 44 97 30 84,21 36 45 27 88 43 17 37 68 2
3,1,8,1279890.0,0.2,2,4,13,14,161.0,194.6,1,1,1,2,1,0,0,27,4,0.14814814814814814,243.6,112.0,355.59999999999997,49.099999999999994,0.13807649043869516,211.0,95.5,306.5,0.8619235095613049,0,16,35 98 81 16 7 69 41 99 95 44 97 30 84,26 60 3 52 65 42 40 92 76 54 14 55 9 25
3,1,8,1279890.0,0.2,2,5,13,12,161.0,138.5,1,1,1,1,0,1,0,25,8,0.32,194.5,105.0,299.5,101.1,0.3375626043405676,130.7,67.7,198.4,0.6624373956594324,1,32,35 98 81 16 7 69 41 99 95 44 97 30 84,62 67 96 22 53 83 6 86 80 59 85 89
3,1,8,1279890.0,0.2,2,6,13,5,161.0,45.1,1,0,0,1,0,1,0,18,8,0.4444444444444444,138.6,67.5,206.10000000000002,81.79999999999998,0.39689471130519155,84.2,40.1,124.30000000000004,0.6031052886948085,1,1,35 98 81 16 7 69 41 99 95 44 97 30 84,50 90 33 91 15
3,1,8,1279890.0,0.2,2,7,13,5,161.0,55.800000000000004,1,0,0,1,0,1,0,18,10,0.5555555555555556,141.1,75.7,216.80000000000004,108.19999999999999,0.4990774907749076,69.5,39.1,108.60000000000005,0.5009225092250924,1,1,35 98 81 16 7 69 41 99 95 44 97 30 84,13 20 49 61 18
3,1,8,1279890.0,0.2,3,4,10,14,91.10000000000001,194.6,1,1,1,1,0,1,0,24,10,0.4166666666666667,192.7,93.0,285.7,91.10000000000002,0.31886594329716494,138.3,56.3,194.59999999999997,0.681134056702835,1,32,21 36 45 27 88 43 17 37 68 2,26 60 3 52 65 42 40 92 76 54 14 55 9 25
3,1,8,1279890.0,0.2,3,5,10,12,91.10000000000001,138.5,1,1,1,1,0,1,0,22,11,0.5,143.6,86.0,229.60000000000002,142.70000000000002,0.6215156794425087,58.4,28.5,86.9,0.37848432055749126,1,1,21 36 45 27 88 43 17 37 68 2,62 67 96 22 53 83 6 86 80 59 85 89
3,1,8,1279890.0,0.2,3,6,10,5,91.10000000000001,45.1,1,0,0,1,0,1,0,15,12,0.8,87.7,48.5,136.2,116.50000000000001,0.8553597650513952,15.7,4.0,19.699999999999974,0.1446402349486048,1,1,21 36 45 27 88 43 17 37 68 2,50 90 33 91 15
3,1,8,1279890.0,0.2,3,7,10,5,91.10000000000001,55.800000000000004,1,0,0,1,0,1,0,15,13,0.8666666666666667,90.2,56.7,146.9,140.70000000000002,0.9577944179714092,4.2,2.0,6.199999999999989,0.0422055820285908,1,1,21 36 45 27 88 43 17 37 68 2,13 20 49 61 18
3,1,8,1279890.0,0.2,4,5,14,12,194.6,138.5,1,1,1,2,1,0,0,26,5,0.19230769230769232,227.5,105.6,333.09999999999997,61.50000000000001,0.18462924046832788,189.8,81.8,271.59999999999997,0.8153707595316722,0,24,26 60 3 52 65 42 40 92 76 54 14 55 9 25,62 67 96 22 53 83 6 86 80 59 85 89
3,1,8,1279890.0,0.2,4,6,14,5,194.6,45.1,1,0,0,1,0,1,0,19,4,0.21052631578947367,171.6,68.1,239.7,34.800000000000004,0.1451814768460576,146.8,58.1,204.89999999999998,0.8548185231539424,1,12,26 60 3 52 65 42 40 92 76 54 14 55 9 25,50 90 33 91 15
3,1,8,1279890.0,0.2,4,7,14,5,194.6,55.800000000000004,1,0,0,1,0,1,0,19,5,0.2631578947368421,174.1,76.3,250.4,55.800000000000004,0.22284345047923323,138.3,56.3,194.6,0.7771565495207667,1,16,26 60 3 52 65 42 40 92 76 54 14 55 9 25,13 20 49 61 18
3,1,8,1279890.0,0.2,5,6,12,5,138.5,45.1,1,0,0,1,0,1,0,17,8,0.47058823529411764,122.5,61.1,183.60000000000002,89.69999999999999,0.48856209150326785,67.8,26.1,93.90000000000003,0.5114379084967321,1,1,62 67 96 22 53 83 6 86 80 59 85 89,50 90 33 91 15
3,1,8,1279890.0,0.2,5,7,12,5,138.5,55.800000000000004,1,0,0,1,0,1,0,17,10,0.5882352941176471,125.0,69.3,194.3,119.39999999999999,0.6145136387030364,50.9,24.0,74.90000000000002,0.38548636129696356,1,1,62 67 96 22 53 83 6 86 80 59 85 89,13 20 49 61 18
3,1,8,1279890.0,0.2,6,7,5,5,45.1,55.800000000000004,0,0,0,1,0,1,0,10,8,0.8,69.1,31.8,100.9,77.30000000000001,0.7661050545094154,16.6,7.0,23.599999999999994,0.23389494549058468,1,1,50 90 33 91 15,13 20 49 61 18
4,2,7,1245950.0,0.2,0,1,18,7,191.39999999999998,81.60000000000001,1,1,1,1,0,1,0,25,10,0.4,172.6,100.4,272.99999999999994,89.3,0.32710622710622717,114.3,69.4,183.69999999999993,0.6728937728937728,1,16,61 21 36 45 27 30 84 97 44 95 99 41 7 69 16 81 98 35,18 88 43 17 37 68 2
4,2,7,1245950.0,0.2,0,2,18,14,191.39999999999998,194.6,1,1,1,2,1,0,0,32,9,0.28125,262.4,123.6,386.0,79.5,0.20595854922279794,211.0,95.5,306.5,0.7940414507772021,0,16,61 21 36 45 27 30 84 97 44 95 99 41 7 69 16 81 98 35,25 9 55 14 54 76 92 40 42 65 52 3 60 26
4,2,7,1245950.0,0.2,0,3,18,23,191.39999999999998,227.40000000000003,1,1,1,2,1,0,0,41,11,0.2682926829268293,271.4,147.4,418.79999999999995,96.1,0.22946513849092648,208.7,114.0,322.69999999999993,0.7705348615090735,0,16,61 21 36 45 27 30 84 97 44 95 99 41 7 69 16 81 98 35,75 8 29 66 71 10 64 82 12 77 87 32 24 74 47 51 34 100 48 1 56 46 72
4,2,7,1245950.0,0.2,0,4,18,8,191.39999999999998,80.0,1,1,1,1,0,1,0,26,7,0.2692307692307692,180.3,91.1,271.40000000000003,67.0,0.24686809137803975,136.0,68.4,204.40000000000003,0.7531319086219602,1,16,61 21 36 45 27 30 84 97 44 95 99 41 7 69 16 81 98 35,13 20 49 15 91 33 90 50
4,2,7,1245950.0,0.2,0,5,18,12,191.39999999999998,138.5,1,1,1,2,1,0,0,30,10,0.3333333333333333,213.3,116.6,329.9,91.9,0.2785692634131555,155.7,82.3,237.99999999999997,0.7214307365868444,0,16,61 21 36 45 27 30 84 97 44 95 99 41 7 69 16 81 98 35,89 85 59 67 96 80 86 6 83 53 22 62
4,2,7,1245950.0,0.2,0,6,18,18,191.39999999999998,225.4,1,1,1,2,1,0,0,36,11,0.3055555555555556,273.5,143.3,416.8,101.6,0.2437619961612284,208.5,106.7,315.20000000000005,0.7562380038387717,0,32,61 21 36 45 27 30 84 97 44 95 99 41 7 69 16 81 98 35,93 78 31 58 28 94 4 38 5 19 70 11 23 39 79 57 63 73
4,2,7,1245950.0,0.2,1,2,7,14,81.60000000000001,194.6,1,1,1,1,0,1,0,21,7,0.3333333333333333,186.8,89.4,276.2,81.60000000000001,0.29543808834178137,138.3,56.3,194.59999999999997,0.7045619116582186,1,16,18 88 43 17 37 68 2,25 9 55 14 54 76 92 40 42 65 52 3 60 26
4,2,7,1245950.0,0.2,1,3,7,23,81.60000000000001,227.40000000000003,1,1,1,1,0,1,0,30,9,0.3,195.8,113.2,308.9999999999999,89.90000000000002,0.290938511326861,142.6,76.5,219.09999999999985,0.7090614886731389,1,16,18 88 43 17 37 68 2,75 8 29 66 71 10 64 82 12 77 87 32 24 74 47 51 34 100 48 1 56 46 72
4,2,7,1245950.0,0.2,1,4,7,8,81.60000000000001,80.0,1,1,1,1,0,1,0,15,8,0.5333333333333333,104.7,56.9,161.6,69.2,0.42821782178217827,57.1,35.3,92.39999999999999,0.5717821782178217,1,1,18 88 43 17 37 68 2,13 20 49 15 91 33 90 50
4,2,7,1245950.0,0.2,1,5,7,12,81.60000000000001,138.5,1,1,1,1,0,1,0,19,9,0.47368421052631576,137.7,82.4,220.10000000000002,114.7,0.5211267605633803,71.7,33.7,105.40000000000002,0.47887323943661975,1,1,18 88 43 17 37 68 2,89 85 59 67 96 80 86 6 83 53 22 62
4,2,7,1245950.0,0.2,1,6,7,18,81.60000000000001,225.4,1,1,1,1,0,1,0,25,9,0.36,197.9,109.1,307.0,103.7,0.337785016286645,135.8,67.5,203.3,0.6622149837133551,1,32,18 88 43 17 37 68 2,93 78 31 58 28 94 4 38 5 19 70 11 23 39 79 57 63 73
4,2,7,1245950.0,0.2,2,3,14,23,194.6,227.40000000000003,1,1,1,2,1,0,0,37,2,0.05405405405405406,285.6,136.4,421.9999999999999,8.300000000000011,0.019668246445497663,280.9,132.8,413.6999999999999,0.9803317535545023,0,7,25 9 55 14 54 76 92 40 42 65 52 3 60 26,75 8 29 66 71 10 64 82 12 77 87 32 24 74 47 51 34 100 48 1 56 46 72
4,2,7,1245950.0,0.2,2,4,14,8,194.6,80.0,1,1,1,2,1,0,0,22,4,0.18181818181818182,194.5,80.1,274.6,37.7,0.13729060451565914,169.2,67.7,236.90000000000003,0.8627093954843409,0,4,25 9 55 14 54 76 92 40 42 65 52 3 60 26,13 20 49 15 91 33 90 50
4,2,7,1245950.0,0.2,2,5,14,12,194.6,138.5,1,1,1,2,1,0,0,26,5,0.19230769230769232,227.5,105.6,333.09999999999997,61.60000000000001,0.18492945061543084,189.5,82.0,271.49999999999994,0.8150705493845691,0,8,25 9 55 14 54 76 92 40 42 65 52 3 60 26,89 85 59 67 96 80 86 6 83 53 22 62
4,2,7,1245950.0,0.2,2,6,14,18,194.6,225.4,1,1,1,2,1,0,0,32,2,0.0625,287.7,132.3,420.0,14.099999999999994,0.03357142857142856,278.8,127.1,405.9,0.9664285714285714,0,4,25 9 55 14 54 76 92 40 42 65 52 3 60 26,93 78 31 58 28 94 4 38 5 19 70 11 23 39 79 57 63 73
4,2,7,1245950.0,0.2,3,4,23,8,227.40000000000003,80.0,1,1,1,2,1,0,0,31,7,0.22580645161290322,203.5,103.9,307.40000000000003,57.400000000000006,0.1867273910214704,163.4,86.6,250.00000000000003,0.8132726089785296,0,8,75 8 29 66 71 10 64 82 12 77 87 32 24 74 47 51 34 100 48 1 56 46 72,13 20 49 15 91 33 90 50
4,2,7,1245950.0,0.2,3,5,23,12,227.40000000000003,138.5,1,1,1,2,1,0,0,35,5,0.14285714285714285,236.5,129.4,365.9,76.6,0.20934681606996447,190.2,99.1,289.29999999999995,0.7906531839300355,0,8,75 8 29 66 71 10 64 82 12 77 87 32 24 74 47 51 34 100 48 1 56 46 72,89 85 59 67 96 80 86 6 83 53 22 62
4,2,7,1245950.0,0.2,3,6,23,18,227.40000000000003,225.4,1,1,1,2,1,0,0,41,4,0.0975609756097561,296.7,156.1,452.79999999999995,37.30000000000001,0.08237632508833925,273.9,141.6,415.49999999999994,0.9176236749116607,0,17,75 8 29 66 71 10 64 82 12 77 87 32 24 74 47 51 34 100 48 1 56 46 72,93 78 31 58 28 94 4 38 5 19 70 11 23 39 79 57 63 73
4,2,7,1245950.0,0.2,4,5,8,12,80.0,138.5,1,1,1,1,0,1,0,20,5,0.25,145.4,73.1,218.5,62.70000000000001,0.2869565217391305,109.3,46.5,155.79999999999998,0.7130434782608694,1,1,13 20 49 15 91 33 90 50,89 85 59 67 96 80 86 6 83 53 22 62
4,2,7,1245950.0,0.2,4,6,8,18,80.0,225.4,1,1,1,2,1,0,0,26,5,0.19230769230769232,205.6,99.8,305.4,57.7,0.18893254747871646,167.8,79.9,247.7,0.8110674525212835,0,8,13 20 49 15 91 33 90 50,93 78 31 58 28 94 4 38 5 19 70 11 23 39 79 57 63 73
4,2,7,1245950.0,0.2,5,6,12,18,138.5,225.4,1,1,1,2,1,0,0,30,6,0.2,238.6,125.3,363.90000000000003,80.89999999999999,0.2223138224787029,188.6,94.4,283.00000000000006,0.7776861775212971,0,16,89 85 59 67 96 80 86 6 83 53 22 62,93 78 31 58 28 94 4 38 5 19 70 11 23 39 79 57 63 73
5,2,8,1261484.0,0.2,0,1,6,8,59.900000000000006,72.5,0,0,0,0,0,1,1,14,14,1.0,85.3,47.1,132.4,132.4,1.0,0.0,0.0,0.0,0.0,1,0,2 68 37 43 17 18,61 20 15 91 33 90 36 21
5,2,8,1261484.0,0.2,0,2,6,12,59.900000000000006,149.0,0,1,0,1,0,1,0,18,11,0.6111111111111112,133.5,75.4,208.9,137.3,0.6572522738152227,51.3,20.3,71.6,0.3427477261847774,1,1,2 68 37 43 17 18,89 85 59 80 86 6 5 4 38 31 78 50
5,2,8,1261484.0,0.2,0,3,6,15,59.900000000000006,181.70000000000002,0,1,0,1,0,1,0,21,12,0.5714285714285714,155.8,85.8,241.6,137.4,0.5687086092715232,68.9,35.3,104.19999999999999,0.4312913907284768,1,64,2 68 37 43 17 18,35 98 41 81 7 69 16 29 66 71 8 99 95 97 44
5,2,8,1261484.0,0.2,0,4,6,5,59.900000000000006,54.900000000000006,0,0,0,0,0,1,1,11,11,1.0,69.6,45.2,114.80000000000001,114.80000000000001,1.0,0.0,0.0,0.0,0.0,1,0,2 68 37 43 17 18,45 27 30 84 88
5,2,8,1261484.0,0.2,0,5,6,25,59.900000000000006,226.2,0,1,0,1,0,1,0,31,15,0.4838709677419355,181.2,104.9,286.1,141.8,0.4956308982873121,93.2,51.1,144.3,0.5043691017126879,1,64,2 68 37 43 17 18,72 46 93 94 28 58 56 1 51 34 100 48 47 74 24 32 87 77 12 82 64 10 75 49 13
5,2,8,1261484.0,0.2,0,6,6,16,59.900000000000006,220.5,0,1,0,1,0,1,0,22,16,0.7272727272727273,182.0,98.4,280.4,171.2,0.6105563480741798,75.2,34.0,109.19999999999999,0.38944365192582026,1,64,2 68 37 43 17 18,25 63 73 57 79 39 23 11 19 70 83 53 22 96 67 62
5,2,8,1261484.0,0.2,0,7,6,13,59.900000000000006,174.2,0,1,0,1,0,1,0,19,6,0.3157894736842105,160.4,73.7,234.09999999999997,59.900000000000006,0.2558735583084153,124.6,49.6,174.19999999999996,0.7441264416915847,1,64,2 68 37 43 17 18,9 55 14 54 76 92 40 42 65 52 3 60 26
5,2,8,1261484.0,0.2,1,2,8,12,72.5,149.0,0,1,0,1,0,1,0,20,10,0.5,147.2,74.3,221.5,102.0,0.4604966139954853,80.9,38.6,119.5,0.5395033860045146,1,1,61 20 15 91 33 90 36 21,89 85 59 80 86 6 5 4 38 31 78 50
5,2,8,1261484.0,0.2,1,3,8,15,72.5,181.70000000000002,0,1,0,1,0,1,0,23,11,0.4782608695652174,169.5,84.7,254.2,116.00000000000001,0.45633359559402054,94.4,43.8,138.2,0.5436664044059796,1,64,61 20 15 91 33 90 36 21,35 98 41 81 7 69 16 29 66 71 8 99 95 97 44
5,2,8,1261484.0,0.2,1,4,8,5,72.5,54.900000000000006,0,0,0,0,0,1,1,13,13,1.0,83.3,44.1,127.4,127.4,1.0,0.0,0.0,0.0,0.0,1,0,61 20 15 91 33 90 36 21,45 27 30 84 88
5,2,8,1261484.0,0.2,1,5,8,25,72.5,226.2,0,1,0,1,0,1,0,33,12,0.36363636363636365,194.9,103.8,298.7,126.70000000000002,0.4241714094409107,111.5,60.5,171.99999999999997,0.5758285905590893,1,32,61 20 15 91 33 90 36 21,72 46 93 94 28 58 56 1 51 34 100 48 47 74 24 32 87 77 12 82 64 10 75 49 13
5,2,8,1261484.0,0.2,1,6,8,16,72.5,220.5,0,1,0,1,0,1,0,24,13,0.5416666666666666,195.7,97.3,293.0,158.79999999999998,0.5419795221843002,93.0,41.2,134.20000000000002,0.4580204778156997,1,32,61 20 15 91 33 90 36 21,25 63 73 57 79 39 23 11 19 70 83 53 22 96 67 62
5,2,8,1261484.0,0.2,1,7,8,13,72.5,174.2,0,1,0,1,0,1,0,21,8,0.38095238095238093,174.1,72.6,246.7,72.5,0.2938792055127686,124.6,49.6,174.2,0.7061207944872314,1,32,61 20 15 91 33 90 36 21,9 55 14 54 76 92 40 42 65 52 3 60 26
5,2,8,1261484.0,0.2,2,3,12,15,149.0,181.70000000000002,1,1,1,2,1,0,0,27,7,0.25925925925925924,217.7,113.0,330.7,84.4,0.255216208043544,163.4,82.9,246.29999999999998,0.7447837919564559,0,64,89 85 59 80 86 6 5 4 38 31 78 50,35 98 41 81 7 69 16 29 66 71 8 99 95 97 44
5,2,8,1261484.0,0.2,2,4,12,5,149.0,54.900000000000006,1,0,0,1,0,1,0,17,10,0.5882352941176471,131.5,72.4,203.89999999999998,132.3,0.6488474742520844,51.3,20.3,71.59999999999997,0.3511525257479155,1,1,89 85 59 80 86 6 5 4 38 31 78 50,45 27 30 84 88
5,2,8,1261484.0,0.2,2,5,12,25,149.0,226.2,1,1,1,2,1,0,0,37,9,0.24324324324324326,243.1,132.1,375.20000000000005,114.80000000000003,0.3059701492537314,173.0,87.4,260.40000000000003,0.6940298507462687,0,32,89 85 59 80 86 6 5 4 38 31 78 50,72 46 93 94 28 58 56 1 51 34 100 48 47 74 24 32 87 77 12 82 64 10 75 49 13
5,2,8,1261484.0,0.2,2,6,12,16,149.0,220.5,1,1,1,2,1,0,0,28,8,0.2857142857142857,243.9,125.6,369.5,99.89999999999999,0.2703653585926928,179.5,90.1,269.6,0.7296346414073073,0,24,89 85 59 80 86 6 5 4 38 31 78 50,25 63 73 57 79 39 23 11 19 70 83 53 22 96 67 62
5,2,8,1261484.0,0.2,2,7,12,13,149.0,174.2,1,1,1,2,1,0,0,25,5,0.2,222.3,100.9,323.19999999999993,54.0,0.16707920792079212,186.4,82.8,269.19999999999993,0.8329207920792079,0,18,89 85 59 80 86 6 5 4 38 31 78 50,9 55 14 54 76 92 40 42 65 52 3 60 26
5,2,8,1261484.0,0.2,3,4,15,5,181.70000000000002,54.900000000000006,1,0,0,1,0,1,0,20,12,0.6,153.8,82.8,236.59999999999997,134.4,0.5680473372781066,67.9,34.3,102.19999999999996,0.43195266272189337,1,64,35 98 41 81 7 69 16 29 66 71 8 99 95 97 44,45 27 30 84 88
5,2,8,1261484.0,0.2,3,5,15,25,181.70000000000002,226.2,1,1,1,2,1,0,0,40,10,0.25,265.4,142.5,407.9,112.40000000000003,0.2755577347389067,193.9,101.6,295.49999999999994,0.7244422652610933,0,64,35 98 41 81 7 69 16 29 66 71 8 99 95 97 44,72 46 93 94 28 58 56 1 51 34 100 48 47 74 24 32 87 77 12 82 64 10 75 49 13
5,2,8,1261484.0,0.2,3,6,15,16,181.70000000000002,220.5,1,1,1,2,1,0,0,31,10,0.3225806451612903,266.2,136.0,402.20000000000005,131.2,0.3262058677274987,181.7,89.3,271.00000000000006,0.6737941322725013,0,56,35 98 41 81 7 69 16 29 66 71 8 99 95 97 44,25 63 73 57 79 39 23 11 19 70 83 53 22 96 67 62
5,2,8,1261484.0,0.2,3,7,15,13,181.70000000000002,174.2,1,1,1,2,1,0,0,28,5,0.17857142857142858,244.6,111.3,355.8999999999999,68.70000000000002,0.19303175049171126,201.4,85.8,287.19999999999993,0.8069682495082888,0,40,35 98 41 81 7 69 16 29 66 71 8 99 95 97 44,9 55 14 54 76 92 40 42 65 52 3 60 26
5,2,8,1261484.0,0.2,4,5,5,25,54.900000000000006,226.2,0,1,0,1,0,1,0,30,14,0.4666666666666667,179.2,101.9,281.1,136.8,0.48665955176093917,93.2,51.1,144.3,0.5133404482390608,1,64,45 27 30 84 88,72 46 93 94 28 58 56 1 51 34 100 48 47 74 24 32 87 77 12 82 64 10 75 49 13
5,2,8,1261484.0,0.2,4,6,5,16,54.900000000000006,220.5,0,1,0,1,0,1,0,21,16,0.7619047619047619,180.0,95.4,275.40000000000003,171.89999999999998,0.6241830065359476,70.9,32.6,103.50000000000006,0.37581699346405245,1,64,45 27 30 84 88,25 63 73 57 79 39 23 11 19 70 83 53 22 96 67 62
5,2,8,1261484.0,0.2,4,7,5,13,54.900000000000006,174.2,0,1,0,1,0,1,0,18,5,0.2777777777777778,158.4,70.7,229.09999999999997,54.900000000000006,0.23963334788302057,124.6,49.6,174.19999999999996,0.7603666521169794,1,63,45 27 30 84 88,9 55 14 54 76 92 40 42 65 52 3 60 26
5,2,8,1261484.0,0.2,5,6,25,16,226.2,220.5,1,1,1,2,1,0,0,41,11,0.2682926829268293,291.6,155.1,446.7,157.0,0.3514663084844415,192.5,97.2,289.7,0.6485336915155585,0,32,72 46 93 94 28 58 56 1 51 34 100 48 47 74 24 32 87 77 12 82 64 10 75 49 13,25 63 73 57 79 39 23 11 19 70 83 53 22 96 67 62
5,2,8,1261484.0,0.2,5,7,25,13,226.2,174.2,1,1,1,2,1,0,0,38,9,0.23684210526315788,270.0,130.4,400.3999999999999,81.90000000000002,0.20454545454545464,217.8,100.7,318.4999999999999,0.7954545454545453,0,32,72 46 93 94 28 58 56 1 51 34 100 48 47 74 24 32 87 77 12 82 64 10 75 49 13,9 55 14 54 76 92 40 42 65 52 3 60 26
5,2,8,1261484.0,0.2,6,7,16,13,220.5,174.2,1,1,1,2,1,0,0,29,8,0.27586206896551724,270.8,123.9,394.69999999999993,87.8,0.2224474284266532,217.0,89.9,306.8999999999999,0.7775525715733468,0,8,25 63 73 57 79 39 23 11 19 70 83 53 22 96 67 62,9 55 14 54 76 92 40 42 65 52 3 60 26
6,3,7,1239200.0,0.2,0,1,13,14,123.89999999999999,213.90000000000003,1,1,1,2,1,0,0,27,4,0.14814814814814814,226.6,111.2,337.79999999999995,45.09999999999999,0.13351095322676138,199.6,93.1,292.7,0.8664890467732387,0,8,50 78 31 38 4 28 58 94 93 6 86 80 96,22 53 83 5 19 70 11 23 79 39 57 63 73 25
6,3,7,1239200.0,0.2,0,2,13,21,123.89999999999999,234.19999999999996,1,1,1,2,1,0,0,34,8,0.23529411764705882,233.8,124.3,358.09999999999997,106.79999999999998,0.2982407148841106,168.6,82.7,251.29999999999998,0.7017592851158895,0,32,50 78 31 38 4 28 58 94 93 6 86 80 96,18 88 84 30 45 27 97 44 95 99 41 69 7 16 81 98 35 43 17 37 68
6,3,7,1239200.0,0.2,0,3,13,14,123.89999999999999,189.6,1,1,1,2,1,0,0,27,4,0.14814814814814814,218.9,94.6,313.49999999999994,46.99999999999999,0.1499202551834131,189.2,77.3,266.49999999999994,0.8500797448165869,0,16,50 78 31 38 4 28 58 94 93 6 86 80 96,26 60 3 52 65 42 40 92 76 54 14 55 9 2
6,3,7,1239200.0,0.2,0,4,13,10,123.89999999999999,93.10000000000001,1,1,1,1,0,1,0,23,6,0.2608695652173913,146.6,70.4,217.0,56.300000000000004,0.25944700460829495,111.1,49.6,160.7,0.740552995391705,1,1,50 78 31 38 4 28 58 94 93 6 86 80 96,13 15 91 33 90 36 21 20 49 61
6,3,7,1239200.0,0.2,0,5,13,5,123.89999999999999,56.800000000000004,1,0,0,1,0,1,0,18,6,0.3333333333333333,119.0,61.7,180.70000000000002,51.09999999999999,0.28278915329275034,86.2,43.4,129.60000000000002,0.7172108467072497,1,1,50 78 31 38 4 28 58 94 93 6 86 80 96,62 67 59 85 89
6,3,7,1239200.0,0.2,0,6,13,23,123.89999999999999,227.40000000000003,1,1,1,2,1,0,0,36,6,0.16666666666666666,232.1,119.2,351.29999999999995,55.800000000000004,0.15883859948761744,195.8,99.7,295.49999999999994,0.8411614005123825,0,16,50 78 31 38 4 28 58 94 93 6 86 80 96,75 8 29 66 71 10 64 82 12 77 87 32 24 74 47 51 34 100 48 1 56 46 72
6,3,7,1239200.0,0.2,1,2,14,21,213.90000000000003,234.19999999999996,1,1,1,2,1,0,0,35,10,0.2857142857142857,290.8,157.3,448.09999999999997,141.7,0.3162240571301049,200.8,105.6,306.4,0.6837759428698951,0,32,22 53 83 5 19 70 11 23 79 39 57 63 73 25,18 88 84 30 45 27 97 44 95 99 41 69 7 16 81 98 35 43 17 37 68
6,3,7,1239200.0,0.2,1,3,14,14,213.90000000000003,189.6,1,1,1,2,1,0,0,28,4,0.14285714285714285,275.9,127.6,403.49999999999994,57.5,0.1425030978934325,238.3,107.7,345.99999999999994,0.8574969021065675,0,16,22 53 83 5 19 70 11 23 79 39 57 63 73 25,26 60 3 52 65 42 40 92 76 54 14 55 9 2
6,3,7,1239200.0,0.2,1,4,14,10,213.90000000000003,93.10000000000001,1,1,1,1,0,1,0,24,9,0.375,203.6,103.4,307.0,91.39999999999999,0.2977198697068404,141.4,74.2,215.60000000000002,0.7022801302931597,1,16,22 53 83 5 19 70 11 23 79 39 57 63 73 25,13 15 91 33 90 36 21 20 49 61
6,3,7,1239200.0,0.2,1,5,14,5,213.90000000000003,56.800000000000004,1,0,0,1,0,1,0,19,8,0.42105263157894735,176.0,94.7,270.7,85.1,0.3143701514591799,124.8,60.8,185.6,0.6856298485408201,1,16,22 53 83 5 19 70 11 23 79 39 57 63 73 25,62 67 59 85 89
6,3,7,1239200.0,0.2,1,6,14,23,213.90000000000003,227.40000000000003,1,1,1,2,1,0,0,37,5,0.13513513513513514,289.1,152.2,441.29999999999995,69.69999999999999,0.15794244278268751,244.9,126.7,371.59999999999997,0.8420575572173125,0,16,22 53 83 5 19 70 11 23 79 39 57 63 73 25,75 8 29 66 71 10 64 82 12 77 87 32 24 74 47 51 34 100 48 1 56 46 72
6,3,7,1239200.0,0.2,2,3,21,14,234.19999999999996,189.6,1,1,1,2,1,0,0,35,11,0.3142857142857143,283.1,140.7,423.79999999999995,113.9,0.2687588485134498,212.0,97.9,309.9,0.7312411514865503,0,16,18 88 84 30 45 27 97 44 95 99 41 69 7 16 81 98 35 43 17 37 68,26 60 3 52 65 42 40 92 76 54 14 55 9 2
6,3,7,1239200.0,0.2,2,4,21,10,234.19999999999996,93.10000000000001,1,1,1,1,0,1,0,31,13,0.41935483870967744,210.8,116.5,327.3,129.2,0.3947448823709135,131.3,66.8,198.10000000000002,0.6052551176290865,1,16,18 88 84 30 45 27 97 44 95 99 41 69 7 16 81 98 35 43 17 37 68,13 15 91 33 90 36 21 20 49 61
6,3,7,1239200.0,0.2,2,5,21,5,234.19999999999996,56.800000000000004,1,0,0,1,0,1,0,26,12,0.46153846153846156,183.2,107.8,291.0,145.0,0.49828178694158076,96.1,49.9,146.0,0.5017182130584192,1,32,18 88 84 30 45 27 97 44 95 99 41 69 7 16 81 98 35 43 17 37 68,62 67 59 85 89
6,3,7,1239200.0,0.2,2,6,21,23,234.19999999999996,227.40000000000003,1,1,1,2,1,0,0,44,10,0.22727272727272727,296.3,165.3,461.59999999999997,140.3,0.30394280762564996,210.7,110.6,321.29999999999995,0.69605719237435,0,35,18 88 84 30 45 27 97 44 95 99 41 69 7 16 81 98 35 43 17 37 68,75 8 29 66 71 10 64 82 12 77 87 32 24 74 47 51 34 100 48 1 56 46 72
6,3,7,1239200.0,0.2,3,4,14,10,189.6,93.10000000000001,1,1,1,2,1,0,0,24,7,0.2916666666666667,195.9,86.8,282.70000000000005,61.50000000000001,0.2175451008135833,154.5,66.7,221.20000000000005,0.7824548991864168,0,8,26 60 3 52 65 42 40 92 76 54 14 55 9 2,13 15 91 33 90 36 21 20 49 61
6,3,7,1239200.0,0.2,3,5,14,5,189.6,56.800000000000004,1,0,0,1,0,1,0,19,6,0.3157894736842105,168.3,78.1,246.4,72.20000000000002,0.29301948051948057,124.6,49.6,174.2,0.7069805194805194,1,16,26 60 3 52 65 42 40 92 76 54 14 55 9 2,62 67 59 85 89
6,3,7,1239200.0,0.2,3,6,14,23,189.6,227.40000000000003,1,1,1,2,1,0,0,37,4,0.10810810810810811,281.4,135.6,416.99999999999994,29.50000000000003,0.07074340527577945,263.3,124.2,387.4999999999999,0.9292565947242205,0,16,26 60 3 52 65 42 40 92 76 54 14 55 9 2,75 8 29 66 71 10 64 82 12 77 87 32 24 74 47 51 34 100 48 1 56 46 72
6,3,7,1239200.0,0.2,4,5,10,5,93.10000000000001,56.800000000000004,1,0,0,1,0,1,0,15,10,0.6666666666666666,96.0,53.9,149.9,96.30000000000001,0.6424282855236825,36.3,17.3,53.599999999999994,0.35757171447631747,1,1,13 15 91 33 90 36 21 20 49 61,62 67 59 85 89
6,3,7,1239200.0,0.2,4,6,10,23,93.10000000000001,227.40000000000003,1,1,1,1,0,1,0,33,11,0.3333333333333333,209.1,111.4,320.49999999999994,90.50000000000001,0.2823712948517942,149.6,80.4,229.99999999999994,0.7176287051482059,1,16,13 15 91 33 90 36 21 20 49 61,75 8 29 66 71 10 64 82 12 77 87 32 24 74 47 51 34 100 48 1 56 46 72
6,3,7,1239200.0,0.2,5,6,5,23,56.800000000000004,227.40000000000003,0,1,0,1,0,1,0,28,7,0.25,181.5,102.7,284.19999999999993,65.10000000000002,0.22906403940886713,142.6,76.5,219.0999999999999,0.7709359605911329,1,16,62 67 59 85 89,75 8 29 66 71 10 64 82 12 77 87 32 24 74 47 51 34 100 48 1 56 46 72
7,3,8,1262365.0,0.2,0,1,23,14,227.4,189.6,1,1,1,2,1,0,0,37,4,0.10810810810810811,281.4,135.6,417.0,29.500000000000007,0.0707434052757794,263.3,124.2,387.5,0.9292565947242206,0,52,72 46 56 1 48 100 34 51 47 74 24 32 87 77 12 82 64 10 71 66 29 8 75,26 60 3 52 65 42 40 92 76 54 14 55 9 2
7,3,8,1262365.0,0.2,0,2,23,11,227.4,107.5,1,1,1,2,1,0,0,34,7,0.20588235294117646,220.5,114.4,334.9,69.70000000000002,0.20812182741116758,174.1,91.1,265.19999999999993,0.7918781725888323,0,64,72 46 56 1 48 100 34 51 47 74 24 32 87 77 12 82 64 10 71 66 29 8 75,50 78 31 58 28 94 4 38 93 85 89
7,3,8,1262365.0,0.2,0,3,23,14,227.4,213.89999999999998,1,1,1,2,1,0,0,37,7,0.1891891891891892,289.1,152.2,441.3,67.49999999999999,0.15295717199184225,245.7,128.1,373.8,0.8470428280081577,0,32,72 46 56 1 48 100 34 51 47 74 24 32 87 77 12 82 64 10 71 66 29 8 75,25 63 73 57 39 79 23 11 70 19 5 83 53 22
7,3,8,1262365.0,0.2,0,4,23,15,227.4,169.3,1,1,1,2,1,0,0,38,9,0.23684210526315788,256.6,140.1,396.7,111.89999999999999,0.2820771363750945,188.1,96.7,284.8,0.7179228636249055,0,64,72 46 56 1 48 100 34 51 47 74 24 32 87 77 12 82 64 10 71 66 29 8 75,68 37 17 43 44 97 95 99 41 69 7 16 81 98 35
7,3,8,1262365.0,0.2,0,5,23,6,227.4,64.9,1,0,0,1,0,1,0,29,9,0.3103448275862069,187.0,105.3,292.29999999999995,79.0,0.2702702702702703,138.7,74.6,213.29999999999995,0.7297297297297297,1,64,72 46 56 1 48 100 34 51 47 74 24 32 87 77 12 82 64 10 71 66 29 8 75,18 88 84 30 27 45
7,3,8,1262365.0,0.2,0,6,23,7,227.4,73.2,1,0,0,1,0,1,0,30,9,0.3,193.1,107.5,300.6,81.5,0.27112441783100466,142.6,76.5,219.10000000000002,0.7288755821689954,1,32,72 46 56 1 48 100 34 51 47 74 24 32 87 77 12 82 64 10 71 66 29 8 75,62 67 59 80 6 86 96
7,3,8,1262365.0,0.2,0,7,23,10,227.4,93.10000000000001,1,1,1,1,0,1,0,33,13,0.3939393939393939,209.1,111.4,320.5,107.20000000000002,0.33447737909516384,138.7,74.6,213.29999999999998,0.6655226209048362,1,64,72 46 56 1 48 100 34 51 47 74 24 32 87 77 12 82 64 10 71 66 29 8 75,13 20 49 21 36 90 33 91 15 61
7,3,8,1262365.0,0.2,1,2,14,11,189.6,107.5,1,1,1,2,1,0,0,25,7,0.28,207.3,89.8,297.09999999999997,71.70000000000002,0.24133288455065643,159.4,66.0,225.39999999999995,0.7586671154493436,0,64,26 60 3 52 65 42 40 92 76 54 14 55 9 2,50 78 31 58 28 94 4 38 93 85 89
7,3,8,1262365.0,0.2,1,3,14,14,189.6,213.89999999999998,1,1,1,2,1,0,0,28,5,0.17857142857142858,275.9,127.6,403.5,52.89999999999998,0.13110285006195782,240.5,110.1,350.6,0.8688971499380422,0,48,26 60 3 52 65 42 40 92 76 54 14 55 9 2,25 63 73 57 39 79 23 11 70 19 5 83 53 22
7,3,8,1262365.0,0.2,1,4,14,15,189.6,169.3,1,1,1,2,1,0,0,29,7,0.2413793103448276,243.4,115.5,358.9,101.7,0.28336584006687104,180.8,76.4,257.2,0.7166341599331291,0,32,26 60 3 52 65 42 40 92 76 54 14 55 9 2,68 37 17 43 44 97 95 99 41 69 7 16 81 98 35
7,3,8,1262365.0,0.2,1,5,14,6,189.6,64.9,1,0,0,1,0,1,0,20,7,0.35,173.8,80.7,254.49999999999997,80.30000000000001,0.31552062868369357,124.6,49.6,174.19999999999996,0.6844793713163064,1,64,26 60 3 52 65 42 40 92 76 54 14 55 9 2,18 88 84 30 27 45
7,3,8,1262365.0,0.2,1,6,14,7,189.6,73.2,1,0,0,1,0,1,0,21,8,0.38095238095238093,179.9,82.9,262.8,88.60000000000001,0.3371385083713851,124.6,49.6,174.2,0.6628614916286149,1,48,26 60 3 52 65 42 40 92 76 54 14 55 9 2,62 67 59 80 6 86 96
7,3,8,1262365.0,0.2,1,7,14,10,189.6,93.10000000000001,1,1,1,1,0,1,0,24,11,0.4583333333333333,195.9,86.8,282.70000000000005,108.50000000000003,0.38379908029713483,124.6,49.6,174.20000000000002,0.6162009197028652,1,32,26 60 3 52 65 42 40 92 76 54 14 55 9 2,13 20 49 21 36 90 33 91 15 61
7,3,8,1262365.0,0.2,2,3,11,14,107.5,213.89999999999998,1,1,1,2,1,0,0,25,7,0.28,215.0,106.4,321.4,82.9,0.2579340385812073,160.9,77.6,238.49999999999997,0.7420659614187928,0,48,50 78 31 58 28 94 4 38 93 85 89,25 63 73 57 39 79 23 11 70 19 5 83 53 22
7,3,8,1262365.0,0.2,2,4,11,15,107.5,169.3,1,1,1,1,0,1,0,26,9,0.34615384615384615,182.5,94.3,276.80000000000007,119.80000000000001,0.4328034682080924,107.0,50.0,157.00000000000006,0.5671965317919075,1,64,50 78 31 58 28 94 4 38 93 85 89,68 37 17 43 44 97 95 99 41 69 7 16 81 98 35
7,3,8,1262365.0,0.2,2,5,11,6,107.5,64.9,1,0,0,1,0,1,0,17,12,0.7058823529411765,112.9,59.5,172.4,121.70000000000002,0.7059164733178656,34.0,16.7,50.69999999999999,0.2940835266821345,1,1,50 78 31 58 28 94 4 38 93 85 89,18 88 84 30 27 45
7,3,8,1262365.0,0.2,2,6,11,7,107.5,73.2,1,0,0,1,0,1,0,18,9,0.5,119.0,61.7,180.7,72.4,0.4006640841173216,71.4,36.9,108.29999999999998,0.5993359158826784,1,1,50 78 31 58 28 94 4 38 93 85 89,62 67 59 80 6 86 96
7,3,8,1262365.0,0.2,2,7,11,10,107.5,93.10000000000001,1,1,1,1,0,1,0,21,15,0.7142857142857143,135.0,65.6,200.6,139.10000000000002,0.6934197407776671,43.3,18.2,61.49999999999997,0.30658025922233284,1,1,50 78 31 58 28 94 4 38 93 85 89,13 20 49 21 36 90 33 91 15 61
7,3,8,1262365.0,0.2,3,4,14,15,213.89999999999998,169.3,1,1,1,2,1,0,0,29,9,0.3103448275862069,251.1,132.1,383.2,125.30000000000001,0.3269832985386222,171.1,86.8,257.9,0.6730167014613778,0,64,25 63 73 57 39 79 23 11 70 19 5 83 53 22,68 37 17 43 44 97 95 99 41 69 7 16 81 98 35
7,3,8,1262365.0,0.2,3,5,14,6,213.89999999999998,64.9,1,0,0,1,0,1,0,20,12,0.6,181.5,97.3,278.8,127.1,0.4558823529411764,101.1,50.6,151.70000000000002,0.5441176470588236,1,64,25 63 73 57 39 79 23 11 70 19 5 83 53 22,18 88 84 30 27 45
7,3,8,1262365.0,0.2,3,6,14,7,213.89999999999998,73.2,1,0,0,1,0,1,0,21,10,0.47619047619047616,187.6,99.5,287.1,113.70000000000002,0.39602925809822365,114.1,59.3,173.4,0.6039707419017764,1,16,25 63 73 57 39 79 23 11 70 19 5 83 53 22,62 67 59 80 6 86 96
7,3,8,1262365.0,0.2,3,7,14,10,213.89999999999998,93.10000000000001,1,1,1,1,0,1,0,24,15,0.625,203.6,103.4,307.0,144.60000000000002,0.47100977198697075,107.4,55.0,162.39999999999998,0.5289902280130292,1,64,25 63 73 57 39 79 23 11 70 19 5 83 53 22,13 20 49 21 36 90 33 91 15 61
7,3,8,1262365.0,0.2,4,5,15,6,169.3,64.9,1,0,0,1,0,1,0,21,13,0.6190476190476191,149.0,85.2,234.2,153.2,0.6541417591801879,55.2,25.8,81.0,0.34585824081981215,1,1,68 37 17 43 44 97 95 99 41 69 7 16 81 98 35,18 88 84 30 27 45
7,3,8,1262365.0,0.2,4,6,15,7,169.3,73.2,1,0,0,1,0,1,0,22,12,0.5454545454545454,155.1,87.4,242.50000000000003,156.70000000000002,0.6461855670103093,57.8,28.0,85.80000000000001,0.35381443298969073,1,64,68 37 17 43 44 97 95 99 41 69 7 16 81 98 35,62 67 59 80 6 86 96
7,3,8,1262365.0,0.2,4,7,15,10,169.3,93.10000000000001,1,1,1,1,0,1,0,25,10,0.4,171.1,91.3,262.4,113.0,0.43064024390243905,100.5,48.9,149.39999999999998,0.569359756097561,1,32,68 37 17 43 44 97 95 99 41 69 7 16 81 98 35,13 20 49 21 36 90 33 91 15 61
7,3,8,1262365.0,0.2,5,6,6,7,64.9,73.2,0,0,0,0,0,1,1,13,13,1.0,85.5,52.6,138.1,138.10000000000002,1.0000000000000002,0.0,0.0,0.0,0.0,1,0,18 88 84 30 27 45,62 67 59 80 6 86 96
7,3,8,1262365.0,0.2,5,7,6,10,64.9,93.10000000000001,0,1,0,0,0,1,1,16,16,1.0,101.5,56.5,158.0,158.00000000000003,1.0000000000000002,0.0,0.0,0.0,0.0,1,0,18 88 84 30 27 45,13 20 49 21 36 90 33 91 15 61
7,3,8,1262365.0,0.2,6,7,7,10,73.2,93.10000000000001,0,1,0,0,0,1,1,17,17,1.0,107.6,58.7,166.3,166.3,1.0,0.0,0.0,0.0,0.0,1,0,62 67 59 80 6 86 96,13 20 49 21 36 90 33 91 15 61
8,4,7,1229294.0,0.2,0,1,6,16,59.9,189.7,0,1,0,1,0,1,0,22,8,0.36363636363636365,158.5,91.1,249.60000000000002,90.2,0.3613782051282051,105.2,54.2,159.40000000000003,0.6386217948717949,1,16,18 17 43 37 68 2,88 84 30 45 27 97 95 99 41 7 69 16 81 98 35 44
8,4,7,1229294.0,0.2,0,2,6,15,59.9,216.70000000000005,0,1,0,1,0,1,0,21,11,0.5238095238095238,179.2,97.4,276.6,100.19999999999999,0.3622559652928416,115.9,60.5,176.40000000000003,0.6377440347071585,1,16,18 17 43 37 68 2,62 22 53 83 5 19 70 11 23 39 79 57 63 73 25
8,4,7,1229294.0,0.2,0,3,6,5,59.9,47.400000000000006,0,0,0,1,0,1,0,11,10,0.9090909090909091,65.8,41.5,107.3,91.9,0.8564771668219945,9.5,5.9,15.399999999999991,0.14352283317800552,1,1,18 17 43 37 68 2,13 20 49 36 21
8,4,7,1229294.0,0.2,0,4,6,22,59.9,223.6,0,1,0,1,0,1,0,28,9,0.32142857142857145,185.0,98.5,283.5,120.79999999999997,0.42610229276895933,113.2,49.5,162.70000000000005,0.5738977072310407,1,32,18 17 43 37 68 2,89 85 59 67 96 86 6 80 93 38 4 94 28 58 31 78 50 90 33 91 15 61
8,4,7,1229294.0,0.2,0,5,6,13,59.9,174.2,0,1,0,1,0,1,0,19,6,0.3157894736842105,160.4,73.7,234.09999999999997,59.9,0.25587355830841524,124.6,49.6,174.19999999999996,0.7441264416915847,1,16,18 17 43 37 68 2,26 60 3 52 65 42 40 92 76 54 14 55 9
8,4,7,1229294.0,0.2,0,6,6,23,59.9,227.4,0,1,0,1,0,1,0,29,8,0.27586206896551724,183.1,104.2,287.3,68.2,0.23738252697528717,142.6,76.5,219.10000000000002,0.7626174730247129,1,16,18 17 43 37 68 2,72 46 56 1 51 34 100 48 47 74 24 32 87 77 12 82 64 10 71 66 29 8 75
8,4,7,1229294.0,0.2,1,2,16,15,189.7,216.70000000000005,1,1,1,2,1,0,0,31,6,0.1935483870967742,266.1,140.3,406.3999999999999,90.5,0.2226870078740158,211.4,104.5,315.8999999999999,0.7773129921259843,0,16,88 84 30 45 27 97 95 99 41 7 69 16 81 98 35 44,62 22 53 83 5 19 70 11 23 39 79 57 63 73 25
8,4,7,1229294.0,0.2,1,3,16,5,189.7,47.400000000000006,1,0,0,1,0,1,0,21,6,0.2857142857142857,152.7,84.4,237.10000000000002,78.8,0.3323492197385069,105.1,53.2,158.3,0.667650780261493,1,16,88 84 30 45 27 97 95 99 41 7 69 16 81 98 35 44,13 20 49 36 21
8,4,7,1229294.0,0.2,1,4,16,22,189.7,223.6,1,1,1,2,1,0,0,38,8,0.21052631578947367,271.9,141.4,413.3,104.40000000000002,0.2526010162109848,209.1,99.8,308.9,0.7473989837890151,0,32,88 84 30 45 27 97 95 99 41 7 69 16 81 98 35 44,89 85 59 67 96 86 6 80 93 38 4 94 28 58 31 78 50 90 33 91 15 61
8,4,7,1229294.0,0.2,1,5,16,13,189.7,174.2,1,1,1,2,1,0,0,29,5,0.1724137931034483,247.3,116.6,363.90000000000003,61.10000000000001,0.16790327012915637,210.1,92.7,302.8,0.8320967298708436,0,16,88 84 30 45 27 97 95 99 41 7 69 16 81 98 35 44,26 60 3 52 65 42 40 92 76 54 14 55 9
8,4,7,1229294.0,0.2,1,6,16,23,189.7,227.4,1,1,1,2,1,0,0,39,6,0.15384615384615385,270.0,147.1,417.1,96.3,0.2308798849196835,212.4,108.4,320.8,0.7691201150803164,0,16,88 84 30 45 27 97 95 99 41 7 69 16 81 98 35 44,72 46 56 1 51 34 100 48 47 74 24 32 87 77 12 82 64 10 71 66 29 8 75
8,4,7,1229294.0,0.2,2,3,15,5,216.70000000000005,47.400000000000006,1,0,0,1,0,1,0,20,9,0.45,173.4,90.7,264.1,77.7,0.2942067398712609,121.5,64.9,186.40000000000003,0.7057932601287392,1,8,62 22 53 83 5 19 70 11 23 39 79 57 63 73 25,13 20 49 36 21
8,4,7,1229294.0,0.2,2,4,15,22,216.70000000000005,223.6,1,1,1,2,1,0,0,37,8,0.21621621621621623,292.6,147.7,440.3,99.79999999999998,0.22666363842834428,231.6,108.9,340.5,0.7733363615716556,0,16,62 22 53 83 5 19 70 11 23 39 79 57 63 73 25,89 85 59 67 96 86 6 80 93 38 4 94 28 58 31 78 50 90 33 91 15 61
8,4,7,1229294.0,0.2,2,5,15,13,216.70000000000005,174.2,1,1,1,2,1,0,0,28,2,0.07142857142857142,268.0,122.9,390.9,18.599999999999994,0.04758250191864926,253.5,118.8,372.29999999999995,0.9524174980813507,0,4,62 22 53 83 5 19 70 11 23 39 79 57 63 73 25,26 60 3 52 65 42 40 92 76 54 14 55 9
8,4,7,1229294.0,0.2,2,6,15,23,216.70000000000005,227.4,1,1,1,2,1,0,0,38,5,0.13157894736842105,290.7,153.4,444.1000000000001,46.600000000000016,0.10493132177437516,255.5,142.0,397.50000000000006,0.8950686782256249,0,9,62 22 53 83 5 19 70 11 23 39 79 57 63 73 25,72 46 56 1 51 34 100 48 47 74 24 32 87 77 12 82 64 10 71 66 29 8 75
8,4,7,1229294.0,0.2,3,4,5,22,47.400000000000006,223.6,0,1,0,1,0,1,0,27,8,0.2962962962962963,179.2,91.8,271.0,95.19999999999997,0.35129151291512906,122.2,53.6,175.8,0.6487084870848709,1,16,13 20 49 36 21,89 85 59 67 96 86 6 80 93 38 4 94 28 58 31 78 50 90 33 91 15 61
8,4,7,1229294.0,0.2,3,5,5,13,47.400000000000006,174.2,0,1,0,1,0,1,0,18,5,0.2777777777777778,154.6,67.0,221.59999999999997,47.400000000000006,0.2138989169675091,124.6,49.6,174.19999999999996,0.7861010830324909,1,8,13 20 49 36 21,26 60 3 52 65 42 40 92 76 54 14 55 9
8,4,7,1229294.0,0.2,3,6,5,23,47.400000000000006,227.4,0,1,0,1,0,1,0,28,7,0.25,177.3,97.5,274.80000000000007,55.7,0.20269286754002908,142.6,76.5,219.10000000000008,0.797307132459971,1,8,13 20 49 36 21,72 46 56 1 51 34 100 48 47 74 24 32 87 77 12 82 64 10 71 66 29 8 75
8,4,7,1229294.0,0.2,4,5,22,13,223.6,174.2,1,1,1,2,1,0,0,35,6,0.17142857142857143,273.8,124.0,397.8,69.79999999999998,0.17546505781799895,231.3,96.7,328.0,0.824534942182001,0,16,89 85 59 67 96 86 6 80 93 38 4 94 28 58 31 78 50 90 33 91 15 61,26 60 3 52 65 42 40 92 76 54 14 55 9
8,4,7,1229294.0,0.2,4,6,22,23,223.6,227.4,1,1,1,2,1,0,0,45,8,0.17777777777777778,296.5,154.5,451.00000000000006,105.9,0.23481152993348114,231.1,114.0,345.1,0.7651884700665188,0,18,89 85 59 67 96 86 6 80 93 38 4 94 28 58 31 78 50 90 33 91 15 61,72 46 56 1 51 34 100 48 47 74 24 32 87 77 12 82 64 10 71 66 29 8 75
8,4,7,1229294.0,0.2,5,6,13,23,174.2,227.4,1,1,1,2,1,0,0,36,2,0.05555555555555555,271.9,129.7,401.6,8.3,0.020667330677290836,267.2,126.1,393.3,0.9793326693227091,0,7,26 60 3 52 65 42 40 92 76 54 14 55 9,72 46 56 1 51 34 100 48 47 74 24 32 87 77 12 82 64 10 71 66 29 8 75
9,4,8,1268134.0,0.2,0,1,6,14,59.900000000000006,182.7,0,1,0,1,0,1,0,20,12,0.6,153.8,88.8,242.6,159.5,0.6574608408903545,56.9,26.2,83.1,0.3425391591096455,1,64,2 68 37 43 17 18,88 84 30 97 44 98 95 99 41 81 16 7 69 35
9,4,8,1268134.0,0.2,0,2,6,7,59.900000000000006,73.19999999999999,0,0,0,0,0,1,1,13,13,1.0,81.6,51.5,133.1,133.1,1.0,0.0,0.0,0.0,0.0,1,0,2 68 37 43 17 18,96 86 6 80 59 67 62
9,4,8,1268134.0,0.2,0,3,6,7,59.900000000000006,60.6,0,0,0,0,0,1,1,13,13,1.0,75.8,44.7,120.5,120.5,1.0,0.0,0.0,0.0,0.0,1,0,2 68 37 43 17 18,13 15 91 33 90 36 21
9,4,8,1268134.0,0.2,0,4,6,24,59.900000000000006,228.6,0,1,0,1,0,1,0,30,11,0.36666666666666664,183.9,104.6,288.50000000000006,79.9,0.276949740034662,135.9,72.7,208.60000000000005,0.723050259965338,1,64,2 68 37 43 17 18,72 46 1 51 34 100 48 47 74 24 32 87 77 12 82 64 10 71 66 29 8 75 45 27
9,4,8,1268134.0,0.2,0,5,6,13,59.900000000000006,174.2,0,1,0,1,0,1,0,19,6,0.3157894736842105,160.4,73.7,234.09999999999997,59.900000000000006,0.2558735583084153,124.6,49.6,174.19999999999996,0.7441264416915847,1,64,2 68 37 43 17 18,9 55 14 54 76 92 40 42 65 52 3 60 26
9,4,8,1268134.0,0.2,0,6,6,15,59.900000000000006,145.79999999999998,0,1,0,1,0,1,0,21,13,0.6190476190476191,134.7,71.0,205.70000000000005,135.70000000000005,0.6596985901798736,46.6,23.4,70.0,0.3403014098201263,1,1,2 68 37 43 17 18,89 85 93 38 4 94 28 58 56 31 78 50 49 20 61
9,4,8,1268134.0,0.2,0,7,6,14,59.900000000000006,213.90000000000003,0,1,0,1,0,1,0,20,13,0.65,177.6,96.2,273.8,138.60000000000002,0.5062089116143171,87.5,47.7,135.2,0.4937910883856829,1,64,2 68 37 43 17 18,22 53 83 5 19 70 11 23 79 39 57 63 73 25
9,4,8,1268134.0,0.2,1,2,14,7,182.7,73.19999999999999,1,0,0,1,0,1,0,21,14,0.6666666666666666,163.8,92.1,255.90000000000003,173.0,0.6760453302071121,57.9,25.0,82.90000000000003,0.32395466979288795,1,64,88 84 30 97 44 98 95 99 41 81 16 7 69 35,96 86 6 80 59 67 62
9,4,8,1268134.0,0.2,1,3,14,7,182.7,60.6,1,0,0,1,0,1,0,21,11,0.5238095238095238,158.0,85.3,243.29999999999998,125.69999999999999,0.5166461159062885,78.6,39.0,117.6,0.4833538840937115,1,32,88 84 30 97 44 98 95 99 41 81 16 7 69 35,13 15 91 33 90 36 21
9,4,8,1268134.0,0.2,1,4,14,24,182.7,228.6,1,1,1,2,1,0,0,38,10,0.2631578947368421,266.1,145.2,411.3,128.7,0.3129102844638949,185.1,97.5,282.6,0.6870897155361051,0,64,88 84 30 97 44 98 95 99 41 81 16 7 69 35,72 46 1 51 34 100 48 47 74 24 32 87 77 12 82 64 10 71 66 29 8 75 45 27
9,4,8,1268134.0,0.2,1,5,14,13,182.7,174.2,1,1,1,2,1,0,0,27,7,0.25925925925925924,242.6,114.3,356.9,93.6,0.2622583356682544,184.5,78.8,263.29999999999995,0.7377416643317455,0,16,88 84 30 97 44 98 95 99 41 81 16 7 69 35,9 55 14 54 76 92 40 42 65 52 3 60 26
9,4,8,1268134.0,0.2,1,6,14,15,182.7,145.79999999999998,1,1,1,1,0,1,0,29,10,0.3448275862068966,216.9,111.6,328.5,133.3,0.40578386605783867,132.0,63.2,195.2,0.5942161339421613,1,32,88 84 30 97 44 98 95 99 41 81 16 7 69 35,89 85 93 38 4 94 28 58 56 31 78 50 49 20 61
9,4,8,1268134.0,0.2,1,7,14,14,182.7,213.90000000000003,1,1,1,2,1,0,0,28,11,0.39285714285714285,259.8,136.8,396.59999999999997,146.7,0.3698940998487141,168.4,81.5,249.89999999999998,0.630105900151286,0,64,88 84 30 97 44 98 95 99 41 81 16 7 69 35,22 53 83 5 19 70 11 23 79 39 57 63 73 25
9,4,8,1268134.0,0.2,2,3,7,7,73.19999999999999,60.6,0,0,0,0,0,1,1,14,14,1.0,85.8,48.0,133.8,133.79999999999998,0.9999999999999998,0.0,0.0,2.842170943040401e-14,2.124193529925561e-16,1,0,96 86 6 80 59 67 62,13 15 91 33 90 36 21
9,4,8,1268134.0,0.2,2,4,7,24,73.19999999999999,228.6,0,1,0,1,0,1,0,31,12,0.3870967741935484,193.9,107.9,301.80000000000007,93.19999999999999,0.3088137839628892,135.9,72.7,208.60000000000008,0.6911862160371107,1,32,96 86 6 80 59 67 62,72 46 1 51 34 100 48 47 74 24 32 87 77 12 82 64 10 71 66 29 8 75 45 27
9,4,8,1268134.0,0.2,2,5,7,13,73.19999999999999,174.2,0,1,0,1,0,1,0,20,7,0.35,170.4,77.0,247.39999999999998,73.19999999999999,0.29587712206952305,124.6,49.6,174.2,0.704122877930477,1,16,96 86 6 80 59 67 62,9 55 14 54 76 92 40 42 65 52 3 60 26
9,4,8,1268134.0,0.2,2,6,7,15,73.19999999999999,145.79999999999998,0,1,0,1,0,1,0,22,9,0.4090909090909091,144.7,74.3,219.00000000000006,110.6,0.5050228310502282,74.7,33.7,108.40000000000006,0.49497716894977184,1,1,96 86 6 80 59 67 62,89 85 93 38 4 94 28 58 56 31 78 50 49 20 61
9,4,8,1268134.0,0.2,2,7,7,14,73.19999999999999,213.90000000000003,0,1,0,1,0,1,0,21,11,0.5238095238095238,187.6,99.5,287.09999999999997,125.19999999999999,0.43608498780912575,107.8,54.1,161.89999999999998,0.5639150121908743,1,16,96 86 6 80 59 67 62,22 53 83 5 19 70 11 23 79 39 57 63 73 25
9,4,8,1268134.0,0.2,3,4,7,24,60.6,228.6,0,1,0,1,0,1,0,31,11,0.3548387096774194,188.1,101.1,289.20000000000005,75.89999999999999,0.26244813278008294,138.7,74.6,213.30000000000007,0.7375518672199172,1,32,13 15 91 33 90 36 21,72 46 1 51 34 100 48 47 74 24 32 87 77 12 82 64 10 71 66 29 8 75 45 27
9,4,8,1268134.0,0.2,3,5,7,13,60.6,174.2,0,1,0,1,0,1,0,20,7,0.35,164.6,70.2,234.8,60.6,0.2580919931856899,124.6,49.6,174.20000000000002,0.7419080068143101,1,16,13 15 91 33 90 36 21,9 55 14 54 76 92 40 42 65 52 3 60 26
9,4,8,1268134.0,0.2,3,6,7,15,60.6,145.79999999999998,0,1,0,1,0,1,0,22,12,0.5454545454545454,138.9,67.5,206.40000000000003,124.50000000000001,0.6031976744186046,57.4,24.5,81.90000000000002,0.3968023255813954,1,1,13 15 91 33 90 36 21,89 85 93 38 4 94 28 58 56 31 78 50 49 20 61
9,4,8,1268134.0,0.2,3,7,7,14,60.6,213.90000000000003,0,1,0,1,0,1,0,21,13,0.6190476190476191,181.8,92.7,274.5,126.00000000000001,0.459016393442623,95.6,52.9,148.5,0.5409836065573771,1,32,13 15 91 33 90 36 21,22 53 83 5 19 70 11 23 79 39 57 63 73 25
9,4,8,1268134.0,0.2,4,5,24,13,228.6,174.2,1,1,1,2,1,0,0,37,5,0.13513513513513514,272.7,130.1,402.79999999999995,20.0,0.049652432969215496,260.5,122.3,382.79999999999995,0.9503475670307845,0,32,72 46 1 51 34 100 48 47 74 24 32 87 77 12 82 64 10 71 66 29 8 75 45 27,9 55 14 54 76 92 40 42 65 52 3 60 26
9,4,8,1268134.0,0.2,4,6,24,15,228.6,145.79999999999998,1,1,1,2,1,0,0,39,10,0.2564102564102564,247.0,127.4,374.40000000000003,94.10000000000002,0.25133547008547014,184.1,96.2,280.3,0.7486645299145299,0,32,72 46 1 51 34 100 48 47 74 24 32 87 77 12 82 64 10 71 66 29 8 75 45 27,89 85 93 38 4 94 28 58 56 31 78 50 49 20 61
9,4,8,1268134.0,0.2,4,7,24,14,228.6,213.90000000000003,1,1,1,2,1,0,0,38,10,0.2631578947368421,289.9,152.6,442.4999999999999,91.20000000000002,0.20610169491525432,228.0,123.3,351.29999999999984,0.7938983050847456,0,33,72 46 1 51 34 100 48 47 74 24 32 87 77 12 82 64 10 71 66 29 8 75 45 27,22 53 83 5 19 70 11 23 79 39 57 63 73 25
9,4,8,1268134.0,0.2,5,6,13,15,174.2,145.79999999999998,1,1,1,2,1,0,0,28,7,0.25,223.5,96.5,320.0,78.50000000000003,0.2453125000000001,169.5,72.0,241.49999999999997,0.7546875,0,16,9 55 14 54 76 92 40 42 65 52 3 60 26,89 85 93 38 4 94 28 58 56 31 78 50 49 20 61
9,4,8,1268134.0,0.2,5,7,13,14,174.2,213.90000000000003,1,1,1,2,1,0,0,27,4,0.14814814814814814,266.4,121.7,388.09999999999997,52.0,0.13398608606029375,232.4,103.7,336.09999999999997,0.8660139139397063,0,16,9 55 14 54 76 92 40 42 65 52 3 60 26,22 53 83 5 19 70 11 23 79 39 57 63 73 25
9,4,8,1268134.0,0.2,6,7,15,14,145.79999999999998,213.90000000000003,1,1,1,2,1,0,0,29,9,0.3103448275862069,240.7,119.0,359.69999999999993,116.80000000000001,0.32471504031137066,164.3,78.6,242.89999999999992,0.6752849596886293,0,32,89 85 93 38 4 94 28 58 56 31 78 50 49 20 61,22 53 83 5 19 70 11 23 79 39 57 63 73 25
10,5,7,1248490.0,0.2,0,1,14,25,215.90000000000003,220.3,1,1,1,2,1,0,0,39,10,0.2564102564102564,288.0,148.2,436.2,110.20000000000003,0.2526364053186612,219.7,106.3,325.99999999999994,0.7473635946813387,0,16,50 78 31 5 19 70 11 23 79 39 57 63 73 25,21 36 90 33 91 46 93 38 4 94 58 28 6 86 80 96 22 83 53 62 67 59 85 72 89
10,5,7,1248490.0,0.2,0,2,14,6,215.90000000000003,59.900000000000006,1,0,0,1,0,1,0,20,11,0.55,179.0,96.8,275.8,103.70000000000002,0.3759970993473532,112.4,59.7,172.1,0.6240029006526469,1,32,50 78 31 5 19 70 11 23 79 39 57 63 73 25,2 68 37 43 17 18
10,5,7,1248490.0,0.2,0,3,14,16,215.90000000000003,189.7,1,1,1,2,1,0,0,30,7,0.23333333333333334,265.9,139.7,405.6,83.1,0.2048816568047337,214.7,107.8,322.5,0.7951183431952662,0,16,50 78 31 5 19 70 11 23 79 39 57 63 73 25,88 84 30 45 27 97 44 98 95 99 41 81 16 7 69 35
10,5,7,1248490.0,0.2,0,4,14,21,215.90000000000003,219.10000000000002,1,1,1,2,1,0,0,35,5,0.14285714285714285,285.8,149.2,435.00000000000006,45.30000000000001,0.10413793103448277,251.9,137.8,389.70000000000005,0.8958620689655172,0,8,50 78 31 5 19 70 11 23 79 39 57 63 73 25,56 1 48 100 34 51 47 74 24 32 87 77 12 82 64 10 71 66 29 8 75
10,5,7,1248490.0,0.2,0,5,14,13,215.90000000000003,174.2,1,1,1,2,1,0,0,27,3,0.1111111111111111,267.8,122.3,390.09999999999997,24.899999999999995,0.06382978723404255,250.0,115.2,365.2,0.9361702127659575,0,8,50 78 31 5 19 70 11 23 79 39 57 63 73 25,26 60 3 52 65 42 40 92 76 54 14 55 9
10,5,7,1248490.0,0.2,0,6,14,5,215.90000000000003,59.8,1,0,0,1,0,1,0,19,8,0.42105263157894735,182.5,93.2,275.70000000000005,79.4,0.2879941965904969,127.5,68.8,196.30000000000004,0.7120058034095031,1,16,50 78 31 5 19 70 11 23 79 39 57 63 73 25,61 15 49 20 13
10,5,7,1248490.0,0.2,1,2,25,6,220.3,59.900000000000006,1,0,0,1,0,1,0,31,12,0.3870967741935484,180.6,99.6,280.2,126.20000000000002,0.4503925767309066,106.9,47.1,153.99999999999997,0.5496074232690934,1,32,21 36 90 33 91 46 93 38 4 94 58 28 6 86 80 96 22 83 53 62 67 59 85 72 89,2 68 37 43 17 18
10,5,7,1248490.0,0.2,1,3,25,16,220.3,189.7,1,1,1,2,1,0,0,41,9,0.21951219512195122,267.5,142.5,410.0,106.00000000000001,0.25853658536585367,202.9,101.1,304.0,0.7414634146341463,0,32,21 36 90 33 91 46 93 38 4 94 58 28 6 86 80 96 22 83 53 62 67 59 85 72 89,88 84 30 45 27 97 44 98 95 99 41 81 16 7 69 35
10,5,7,1248490.0,0.2,1,4,25,21,220.3,219.10000000000002,1,1,1,2,1,0,0,46,9,0.1956521739130435,287.4,152.0,439.40000000000003,108.40000000000002,0.2467000455166136,219.9,111.1,331.0,0.7532999544833864,0,16,21 36 90 33 91 46 93 38 4 94 58 28 6 86 80 96 22 83 53 62 67 59 85 72 89,56 1 48 100 34 51 47 74 24 32 87 77 12 82 64 10 71 66 29 8 75
10,5,7,1248490.0,0.2,1,5,25,13,220.3,174.2,1,1,1,2,1,0,0,38,8,0.21052631578947367,269.4,125.1,394.49999999999994,82.60000000000002,0.20937896070975928,219.6,92.3,311.8999999999999,0.7906210392902407,0,16,21 36 90 33 91 46 93 38 4 94 58 28 6 86 80 96 22 83 53 62 67 59 85 72 89,26 60 3 52 65 42 40 92 76 54 14 55 9
10,5,7,1248490.0,0.2,1,6,25,5,220.3,59.8,1,0,0,1,0,1,0,30,10,0.3333333333333333,184.1,96.0,280.1,107.40000000000002,0.3834344876829704,119.8,52.9,172.7,0.6165655123170295,1,16,21 36 90 33 91 46 93 38 4 94 58 28 6 86 80 96 22 83 53 62 67 59 85 72 89,61 15 49 20 13
10,5,7,1248490.0,0.2,2,3,6,16,59.900000000000006,189.7,0,1,0,1,0,1,0,22,9,0.4090909090909091,158.5,91.1,249.60000000000002,83.4,0.33413461538461536,108.7,57.5,166.20000000000002,0.6658653846153846,1,32,2 68 37 43 17 18,88 84 30 45 27 97 44 98 95 99 41 81 16 7 69 35
10,5,7,1248490.0,0.2,2,4,6,21,59.900000000000006,219.10000000000002,0,1,0,1,0,1,0,27,8,0.2962962962962963,178.4,100.6,279.00000000000006,70.4,0.2523297491039426,135.9,72.7,208.60000000000005,0.7476702508960574,1,32,2 68 37 43 17 18,56 1 48 100 34 51 47 74 24 32 87 77 12 82 64 10 71 66 29 8 75
10,5,7,1248490.0,0.2,2,5,6,13,59.900000000000006,174.2,0,1,0,1,0,1,0,19,6,0.3157894736842105,160.4,73.7,234.1,59.900000000000006,0.25587355830841524,124.6,49.6,174.2,0.7441264416915848,1,32,2 68 37 43 17 18,26 60 3 52 65 42 40 92 76 54 14 55 9
10,5,7,1248490.0,0.2,2,6,6,5,59.900000000000006,59.8,0,0,0,1,0,1,0,11,9,0.8181818181818182,75.1,44.6,119.69999999999999,91.0,0.760233918128655,17.6,11.1,28.69999999999999,0.23976608187134496,1,1,2 68 37 43 17 18,61 15 49 20 13
10,5,7,1248490.0,0.2,3,4,16,21,189.7,219.10000000000002,1,1,1,2,1,0,0,37,7,0.1891891891891892,265.3,143.5,408.8,81.6,0.19960861056751467,215.7,111.5,327.20000000000005,0.8003913894324854,0,16,88 84 30 45 27 97 44 98 95 99 41 81 16 7 69 35,56 1 48 100 34 51 47 74 24 32 87 77 12 82 64 10 71 66 29 8 75
10,5,7,1248490.0,0.2,3,5,16,13,189.7,174.2,1,1,1,2,1,0,0,29,6,0.20689655172413793,247.3,116.6,363.9,53.60000000000001,0.1472932124209948,213.9,96.4,310.29999999999995,0.8527067875790052,0,16,88 84 30 45 27 97 44 98 95 99 41 81 16 7 69 35,26 60 3 52 65 42 40 92 76 54 14 55 9
10,5,7,1248490.0,0.2,3,6,16,5,189.7,59.8,1,0,0,1,0,1,0,21,7,0.3333333333333333,162.0,87.5,249.50000000000003,92.80000000000001,0.3719438877755511,105.9,50.8,156.70000000000002,0.6280561122244489,1,32,88 84 30 45 27 97 44 98 95 99 41 81 16 7 69 35,61 15 49 20 13
10,5,7,1248490.0,0.2,4,5,21,13,219.10000000000002,174.2,1,1,1,2,1,0,0,34,2,0.058823529411764705,267.2,126.1,393.3,10.5,0.02669717772692601,260.5,122.3,382.8,0.973302822273074,0,4,56 1 48 100 34 51 47 74 24 32 87 77 12 82 64 10 71 66 29 8 75,26 60 3 52 65 42 40 92 76 54 14 55 9
10,5,7,1248490.0,0.2,4,6,21,5,219.10000000000002,59.8,1,0,0,1,0,1,0,26,7,0.2692307692307692,181.9,97.0,278.90000000000003,70.3,0.2520616708497669,135.9,72.7,208.60000000000002,0.7479383291502331,1,16,56 1 48 100 34 51 47 74 24 32 87 77 12 82 64 10 71 66 29 8 75,61 15 49 20 13
10,5,7,1248490.0,0.2,5,6,13,5,174.2,59.8,1,0,0,1,0,1,0,18,4,0.2222222222222222,163.9,70.1,234.00000000000003,46.5,0.1987179487179487,132.7,54.8,187.50000000000003,0.8012820512820513,1,12,26 60 3 52 65 42 40 92 76 54 14 55 9,61 15 49 20 13
11,5,8,1264368.0,0.2,0,1,15,7,165.29999999999998,84.30000000000001,1,1,1,1,0,1,0,22,13,0.5909090909090909,158.5,91.1,249.6,153.89999999999998,0.6165865384615384,65.5,30.2,95.70000000000002,0.3834134615384616,1,64,2 68 37 17 43 44 98 95 99 41 69 7 16 81 35,18 88 84 30 97 27 45
11,5,8,1264368.0,0.2,0,2,15,13,165.29999999999998,174.2,1,1,1,2,1,0,0,28,8,0.2857142857142857,229.7,109.8,339.49999999999994,88.5,0.2606774668630339,176.6,74.4,250.99999999999994,0.739322533136966,0,32,2 68 37 17 43 44 98 95 99 41 69 7 16 81 35,9 55 14 54 76 92 40 42 65 52 3 60 26
11,5,8,1264368.0,0.2,0,3,15,5,165.29999999999998,56.7,1,0,0,1,0,1,0,20,12,0.6,143.1,78.9,222.00000000000006,144.8,0.6522522522522521,52.9,24.3,77.20000000000005,0.34774774774774786,1,1,2 68 37 17 43 44 98 95 99 41 69 7 16 81 35,13 20 49 61 89
11,5,8,1264368.0,0.2,0,4,15,21,165.29999999999998,223.6,1,1,1,2,1,0,0,36,10,0.2777777777777778,252.3,136.6,388.9000000000001,109.3,0.281049112882489,186.0,93.6,279.6000000000001,0.718950887117511,0,32,2 68 37 17 43 44 98 95 99 41 69 7 16 81 35,50 1 51 34 100 48 47 74 24 32 87 77 12 82 64 10 71 66 29 8 75
11,5,8,1264368.0,0.2,0,5,15,6,165.29999999999998,47.300000000000004,1,0,0,1,0,1,0,21,13,0.6190476190476191,137.0,75.6,212.6,135.4,0.6368767638758231,52.9,24.3,77.19999999999999,0.3631232361241768,1,1,2 68 37 17 43 44 98 95 99 41 69 7 16 81 35,15 91 33 90 36 21
11,5,8,1264368.0,0.2,0,6,15,16,165.29999999999998,216.0,1,1,1,2,1,0,0,31,13,0.41935483870967744,244.1,137.2,381.3,144.60000000000002,0.3792289535798584,154.9,81.8,236.7,0.6207710464201416,0,32,2 68 37 17 43 44 98 95 99 41 69 7 16 81 35,85 59 80 86 6 23 79 39 19 70 83 53 22 96 67 62
11,5,8,1264368.0,0.2,0,7,15,17,165.29999999999998,171.50000000000003,1,1,1,2,1,0,0,32,10,0.3125,218.9,117.9,336.79999999999995,110.0,0.326603325415677,153.3,73.5,226.79999999999995,0.673396674584323,0,64,2 68 37 17 43 44 98 95 99 41 69 7 16 81 35,72 46 93 78 31 56 58 28 94 4 38 5 11 57 63 73 25
11,5,8,1264368.0,0.2,1,2,7,13,84.30000000000001,174.2,1,1,1,1,0,1,0,20,7,0.35,178.0,80.5,258.5,84.30000000000001,0.3261121856866538,124.6,49.6,174.2,0.6738878143133462,1,64,18 88 84 30 97 27 45,9 55 14 54 76 92 40 42 65 52 3 60 26
11,5,8,1264368.0,0.2,1,3,7,5,84.30000000000001,56.7,1,0,0,0,0,1,1,12,12,1.0,91.4,49.6,141.0,141.0,1.0,0.0,0.0,0.0,0.0,1,0,18 88 84 30 97 27 45,13 20 49 61 89
11,5,8,1264368.0,0.2,1,4,7,21,84.30000000000001,223.6,1,1,1,1,0,1,0,28,9,0.32142857142857145,200.6,107.3,307.90000000000003,99.30000000000001,0.322507307567392,135.9,72.7,208.60000000000002,0.677492692432608,1,64,18 88 84 30 97 27 45,50 1 51 34 100 48 47 74 24 32 87 77 12 82 64 10 71 66 29 8 75
11,5,8,1264368.0,0.2,1,5,7,6,84.30000000000001,47.300000000000004,1,0,0,0,0,1,1,13,13,1.0,85.3,46.3,131.6,131.60000000000002,1.0000000000000002,0.0,0.0,0.0,0.0,1,0,18 88 84 30 97 27 45,15 91 33 90 36 21
11,5,8,1264368.0,0.2,1,6,7,16,84.30000000000001,216.0,1,1,1,1,0,1,0,23,16,0.6956521739130435,192.4,107.9,300.3,183.3,0.6103896103896104,76.8,40.2,117.0,0.3896103896103896,1,64,18 88 84 30 97 27 45,85 59 80 86 6 23 79 39 19 70 83 53 22 96 67 62
11,5,8,1264368.0,0.2,1,7,7,17,84.30000000000001,171.50000000000003,1,1,1,1,0,1,0,24,13,0.5416666666666666,167.2,88.6,255.79999999999998,148.10000000000002,0.5789679437060204,75.4,32.3,107.69999999999996,0.42103205629397955,1,64,18 88 84 30 97 27 45,72 46 93 78 31 56 58 28 94 4 38 5 11 57 63 73 25
11,5,8,1264368.0,0.2,2,3,13,5,174.2,56.7,1,0,0,1,0,1,0,18,5,0.2777777777777778,162.6,68.3,230.9,56.7,0.24556084885231702,124.6,49.6,174.2,0.7544391511476829,1,32,9 55 14 54 76 92 40 42 65 52 3 60 26,13 20 49 61 89
11,5,8,1264368.0,0.2,2,4,13,21,174.2,223.6,1,1,1,2,1,0,0,34,2,0.058823529411764705,271.8,126.0,397.8,15.0,0.03770739064856712,260.5,122.3,382.8,0.9622926093514329,0,4,9 55 14 54 76 92 40 42 65 52 3 60 26,50 1 51 34 100 48 47 74 24 32 87 77 12 82 64 10 71 66 29 8 75
11,5,8,1264368.0,0.2,2,5,13,6,174.2,47.300000000000004,1,0,0,1,0,1,0,19,6,0.3157894736842105,156.5,65.0,221.49999999999997,47.300000000000004,0.2135440180586908,124.6,49.6,174.19999999999996,0.7864559819413092,1,64,9 55 14 54 76 92 40 42 65 52 3 60 26,15 91 33 90 36 21
11,5,8,1264368.0,0.2,2,6,13,16,174.2,216.0,1,1,1,2,1,0,0,29,8,0.27586206896551724,263.6,126.6,390.2,85.50000000000001,0.2191184008200923,212.2,92.5,304.7,0.7808815991799077,0,8,9 55 14 54 76 92 40 42 65 52 3 60 26,85 59 80 86 6 23 79 39 19 70 83 53 22 96 67 62
11,5,8,1264368.0,0.2,2,7,13,17,174.2,171.50000000000003,1,1,1,2,1,0,0,30,4,0.13333333333333333,238.4,107.3,345.7,21.8,0.06306045704367949,225.0,98.9,323.9,0.9369395429563204,0,28,9 55 14 54 76 92 40 42 65 52 3 60 26,72 46 93 78 31 56 58 28 94 4 38 5 11 57 63 73 25
11,5,8,1264368.0,0.2,3,4,5,21,56.7,223.6,0,1,0,1,0,1,0,26,7,0.2692307692307692,185.2,95.1,280.3,71.7,0.25579735997145914,135.9,72.7,208.60000000000002,0.7442026400285409,1,64,13 20 49 61 89,50 1 51 34 100 48 47 74 24 32 87 77 12 82 64 10 71 66 29 8 75
11,5,8,1264368.0,0.2,3,5,5,6,56.7,47.300000000000004,0,0,0,0,0,1,1,11,11,1.0,69.9,34.1,104.0,104.0,1.0,0.0,0.0,0.0,0.0,1,0,13 20 49 61 89,15 91 33 90 36 21
11,5,8,1264368.0,0.2,3,6,5,16,56.7,216.0,0,1,0,1,0,1,0,21,14,0.6666666666666666,177.0,95.7,272.7,164.5,0.6032269893656033,72.2,36.0,108.19999999999999,0.39677301063439674,1,64,13 20 49 61 89,85 59 80 86 6 23 79 39 19 70 83 53 22 96 67 62
11,5,8,1264368.0,0.2,3,7,5,17,56.7,171.50000000000003,0,1,0,1,0,1,0,22,11,0.5,151.8,76.4,228.20000000000005,120.5,0.5280455740578439,75.4,32.3,107.70000000000005,0.4719544259421561,1,64,13 20 49 61 89,72 46 93 78 31 56 58 28 94 4 38 5 11 57 63 73 25
11,5,8,1264368.0,0.2,4,5,21,6,223.6,47.300000000000004,1,0,0,1,0,1,0,27,8,0.2962962962962963,179.1,91.8,270.90000000000003,62.300000000000004,0.22997416020671832,135.9,72.7,208.60000000000002,0.7700258397932817,1,64,50 1 51 34 100 48 47 74 24 32 87 77 12 82 64 10 71 66 29 8 75,15 91 33 90 36 21
11,5,8,1264368.0,0.2,4,6,21,16,223.6,216.0,1,1,1,2,1,0,0,37,10,0.2702702702702703,286.2,153.4,439.59999999999997,123.19999999999999,0.2802547770700637,210.0,106.4,316.4,0.7197452229299363,0,8,50 1 51 34 100 48 47 74 24 32 87 77 12 82 64 10 71 66 29 8 75,85 59 80 86 6 23 79 39 19 70 83 53 22 96 67 62
11,5,8,1264368.0,0.2,4,7,21,17,223.6,171.50000000000003,1,1,1,2,1,0,0,38,6,0.15789473684210525,261.0,134.1,395.09999999999997,71.1,0.17995444191343965,216.1,107.9,324.0,0.8200455580865604,0,32,50 1 51 34 100 48 47 74 24 32 87 77 12 82 64 10 71 66 29 8 75,72 46 93 78 31 56 58 28 94 4 38 5 11 57 63 73 25
11,5,8,1264368.0,0.2,5,6,6,16,47.300000000000004,216.0,0,1,0,1,0,1,0,22,15,0.6818181818181818,170.9,92.4,263.3,146.3,0.5556399544246108,76.8,40.2,117.0,0.4443600455753893,1,64,15 91 33 90 36 21,85 59 80 86 6 23 79 39 19 70 83 53 22 96 67 62
11,5,8,1264368.0,0.2,5,7,6,17,47.300000000000004,171.50000000000003,0,1,0,1,0,1,0,23,12,0.5217391304347826,145.7,73.1,218.8,111.10000000000001,0.5077696526508226,75.4,32.3,107.7,0.4922303473491773,1,1,15 91 33 90 36 21,72 46 93 78 31 56 58 28 94 4 38 5 11 57 63 73 25
11,5,8,1264368.0,0.2,6,7,16,17,216.0,171.50000000000003,1,1,1,2,1,0,0,33,9,0.2727272727272727,252.8,134.7,387.49999999999994,84.10000000000002,0.21703225806451623,203.3,100.1,303.3999999999999,0.7829677419354838,0,32,85 59 80 86 6 23 79 39 19 70 83 53 22 96 67 62,72 46 93 78 31 56 58 28 94 4 38 5 11 57 63 73 25
12,6,7,1236966.0,0.2,0,1,16,15,195.8,216.70000000000002,1,1,1,2,1,0,0,31,8,0.25806451612903225,281.7,130.8,412.5,61.900000000000006,0.15006060606060606,240.5,110.1,350.6,0.849939393939394,0,32,37 68 26 60 3 52 65 42 40 92 76 54 14 55 9 2,62 22 53 83 5 19 70 11 23 79 39 57 63 73 25
12,6,7,1236966.0,0.2,0,2,16,17,195.8,177.9,1,1,1,2,1,0,0,33,8,0.24242424242424243,255.7,118.0,373.7,83.50000000000003,0.22344126304522352,203.8,86.4,290.19999999999993,0.7765587369547764,0,32,37 68 26 60 3 52 65 42 40 92 76 54 14 55 9 2,50 78 31 58 28 94 4 38 93 59 80 6 86 96 67 85 89
12,6,7,1236966.0,0.2,0,3,16,10,195.8,93.1,1,1,1,1,0,1,0,26,13,0.5,200.1,88.8,288.9,114.69999999999999,0.3970231914157148,124.6,49.6,174.2,0.6029768085842853,1,32,37 68 26 60 3 52 65 42 40 92 76 54 14 55 9 2,61 49 21 36 90 33 91 15 20 13
12,6,7,1236966.0,0.2,0,4,16,23,195.8,227.4,1,1,1,2,1,0,0,39,6,0.15384615384615385,285.6,137.6,423.20000000000005,35.7,0.08435727788279773,263.3,124.2,387.50000000000006,0.9156427221172023,0,32,37 68 26 60 3 52 65 42 40 92 76 54 14 55 9 2,72 46 56 1 48 100 34 51 47 74 24 32 87 77 12 82 64 10 71 66 29 8 75
12,6,7,1236966.0,0.2,0,5,16,14,195.8,173.1,1,1,1,2,1,0,0,30,9,0.3,249.3,119.6,368.9,113.7,0.3082136080238547,179.8,75.4,255.2,0.6917863919761453,0,32,37 68 26 60 3 52 65 42 40 92 76 54 14 55 9 2,18 17 43 44 97 95 99 41 69 7 16 81 98 35
12,6,7,1236966.0,0.2,0,6,16,5,195.8,54.900000000000006,1,0,0,1,0,1,0,21,8,0.38095238095238093,172.1,78.6,250.7,76.50000000000001,0.305145592341444,124.6,49.6,174.2,0.694854407658556,1,32,37 68 26 60 3 52 65 42 40 92 76 54 14 55 9 2,45 27 30 84 88
12,6,7,1236966.0,0.2,1,2,15,17,216.70000000000002,177.9,1,1,1,2,1,0,0,32,5,0.15625,260.8,133.8,394.6,71.30000000000001,0.18068930562595034,217.6,105.7,323.3,0.8193106943740497,0,24,62 22 53 83 5 19 70 11 23 79 39 57 63 73 25,50 78 31 58 28 94 4 38 93 59 80 6 86 96 67 85 89
12,6,7,1236966.0,0.2,1,3,15,10,216.70000000000002,93.1,1,1,1,1,0,1,0,25,12,0.48,205.2,104.6,309.8,126.39999999999998,0.4080051646223369,120.8,62.6,183.40000000000003,0.5919948353776631,1,32,62 22 53 83 5 19 70 11 23 79 39 57 63 73 25,61 49 21 36 90 33 91 15 20 13
12,6,7,1236966.0,0.2,1,4,15,23,216.70000000000002,227.4,1,1,1,2,1,0,0,38,7,0.18421052631578946,290.7,153.4,444.1,63.5,0.14298581400585453,249.3,131.3,380.6,0.8570141859941455,0,16,62 22 53 83 5 19 70 11 23 79 39 57 63 73 25,72 46 56 1 48 100 34 51 47 74 24 32 87 77 12 82 64 10 71 66 29 8 75
12,6,7,1236966.0,0.2,1,5,15,14,216.70000000000002,173.1,1,1,1,2,1,0,0,29,8,0.27586206896551724,254.4,135.4,389.8,118.69999999999999,0.3045151359671626,182.0,89.1,271.1,0.6954848640328374,0,32,62 22 53 83 5 19 70 11 23 79 39 57 63 73 25,18 17 43 44 97 95 99 41 69 7 16 81 98 35
12,6,7,1236966.0,0.2,1,6,15,5,216.70000000000002,54.900000000000006,1,0,0,1,0,1,0,20,11,0.55,177.2,94.4,271.59999999999997,113.7,0.4186303387334316,104.5,53.4,157.89999999999998,0.5813696612665685,1,32,62 22 53 83 5 19 70 11 23 79 39 57 63 73 25,45 27 30 84 88
12,6,7,1236966.0,0.2,2,3,17,10,177.9,93.1,1,1,1,1,0,1,0,27,9,0.3333333333333333,179.2,91.8,271.0,101.1,0.37306273062730627,114.0,55.9,169.9,0.6269372693726938,1,32,50 78 31 58 28 94 4 38 93 59 80 6 86 96 67 85 89,61 49 21 36 90 33 91 15 20 13
12,6,7,1236966.0,0.2,2,4,17,23,177.9,227.4,1,1,1,2,1,0,0,40,6,0.15,264.7,140.6,405.3,81.60000000000002,0.20133234641006667,215.2,108.5,323.7,0.7986676535899333,0,32,50 78 31 58 28 94 4 38 93 59 80 6 86 96 67 85 89,72 46 56 1 48 100 34 51 47 74 24 32 87 77 12 82 64 10 71 66 29 8 75
12,6,7,1236966.0,0.2,2,5,17,14,177.9,173.1,1,1,1,2,1,0,0,31,7,0.22580645161290322,228.4,122.6,351.0,91.4,0.2603988603988604,171.9,87.7,259.6,0.7396011396011397,0,32,50 78 31 58 28 94 4 38 93 59 80 6 86 96 67 85 89,18 17 43 44 97 95 99 41 69 7 16 81 98 35
12,6,7,1236966.0,0.2,2,6,17,5,177.9,54.900000000000006,1,0,0,1,0,1,0,22,9,0.4090909090909091,151.2,81.6,232.79999999999998,127.30000000000003,0.5468213058419246,73.3,32.2,105.49999999999996,0.45317869415807543,1,32,50 78 31 58 28 94 4 38 93 59 80 6 86 96 67 85 89,45 27 30 84 88
12,6,7,1236966.0,0.2,3,4,10,23,93.1,227.4,1,1,1,1,0,1,0,33,12,0.36363636363636365,209.1,111.4,320.50000000000006,101.39999999999999,0.31638065522620895,142.6,76.5,219.10000000000008,0.683619344773791,1,32,61 49 21 36 90 33 91 15 20 13,72 46 56 1 48 100 34 51 47 74 24 32 87 77 12 82 64 10 71 66 29 8 75
12,6,7,1236966.0,0.2,3,5,10,14,93.1,173.1,1,1,1,1,0,1,0,24,11,0.4583333333333333,172.8,93.4,266.2,119.6,0.4492862509391435,99.9,46.7,146.6,0.5507137490608565,1,32,61 49 21 36 90 33 91 15 20 13,18 17 43 44 97 95 99 41 69 7 16 81 98 35
12,6,7,1236966.0,0.2,3,6,10,5,93.1,54.900000000000006,1,0,0,1,0,1,0,15,13,0.8666666666666667,95.6,52.4,148.0,139.5,0.9425675675675675,6.1,2.4,8.5,0.057432432432432436,1,1,61 49 21 36 90 33 91 15 20 13,45 27 30 84 88
12,6,7,1236966.0,0.2,4,5,23,14,227.4,173.1,1,1,1,2,1,0,0,37,10,0.2702702702702703,258.3,142.2,400.49999999999994,121.5,0.30337078651685395,183.5,95.5,278.99999999999994,0.696629213483146,0,32,72 46 56 1 48 100 34 51 47 74 24 32 87 77 12 82 64 10 71 66 29 8 75,18 17 43 44 97 95 99 41 69 7 16 81 98 35
12,6,7,1236966.0,0.2,4,6,23,5,227.4,54.900000000000006,1,0,0,1,0,1,0,28,8,0.2857142857142857,181.1,101.2,282.29999999999995,69.00000000000001,0.24442082890541986,138.7,74.6,213.29999999999995,0.7555791710945802,1,32,72 46 56 1 48 100 34 51 47 74 24 32 87 77 12 82 64 10 71 66 29 8 75,45 27 30 84 88
12,6,7,1236966.0,0.2,5,6,14,5,173.1,54.900000000000006,1,0,0,1,0,1,0,19,11,0.5789473684210527,144.8,83.2,228.0,129.39999999999998,0.5675438596491227,63.5,35.1,98.60000000000002,0.4324561403508773,1,1,18 17 43 44 97 95 99 41 69 7 16 81 98 35,45 27 30 84 88
13,6,8,1273615.0,0.2,0,1,14,11,213.90000000000003,107.49999999999999,1,1,1,2,1,0,0,25,8,0.32,215.0,106.4,321.40000000000003,95.89999999999998,0.2983820784069694,153.0,72.5,225.50000000000006,0.7016179215930306,0,32,22 53 83 5 19 70 11 23 79 39 57 63 73 25,89 85 93 38 4 94 28 58 31 78 50
13,6,8,1273615.0,0.2,0,2,14,14,213.90000000000003,189.6,1,1,1,2,1,0,0,28,5,0.17857142857142858,275.9,127.6,403.49999999999994,52.89999999999999,0.13110285006195788,240.5,110.1,350.59999999999997,0.8688971499380421,0,48,22 53 83 5 19 70 11 23 79 39 57 63 73 25,2 9 55 14 54 76 92 40 42 65 52 3 60 26
13,6,8,1273615.0,0.2,0,3,14,23,213.90000000000003,227.39999999999998,1,1,1,2,1,0,0,37,7,0.1891891891891892,289.1,152.2,441.3,70.89999999999999,0.1606616813958758,243.2,127.2,370.40000000000003,0.8393383186041242,0,32,22 53 83 5 19 70 11 23 79 39 57 63 73 25,72 46 56 1 48 100 34 51 47 74 24 82 64 12 32 87 77 10 71 66 29 8 75
13,6,8,1273615.0,0.2,0,4,14,7,213.90000000000003,73.2,1,0,0,1,0,1,0,21,11,0.5238095238095238,187.6,99.5,287.1,121.89999999999999,0.4245907349355625,109.0,56.2,165.20000000000005,0.5754092650644376,1,16,22 53 83 5 19 70 11 23 79 39 57 63 73 25,62 67 59 80 6 86 96
13,6,8,1273615.0,0.2,0,5,14,10,213.90000000000003,93.10000000000001,1,1,1,1,0,1,0,24,15,0.625,203.6,103.4,307.0,147.1,0.4791530944625407,106.2,53.7,159.9,0.5208469055374593,1,64,22 53 83 5 19 70 11 23 79 39 57 63 73 25,13 20 15 91 33 90 36 21 49 61
13,6,8,1273615.0,0.2,0,6,14,5,213.90000000000003,54.099999999999994,1,0,0,1,0,1,0,19,11,0.5789473684210527,175.1,92.9,268.0,116.29999999999998,0.43395522388059693,101.1,50.6,151.70000000000002,0.5660447761194031,1,64,22 53 83 5 19 70 11 23 79 39 57 63 73 25,68 37 30 84 88
13,6,8,1273615.0,0.2,0,7,14,16,213.90000000000003,180.10000000000002,1,1,1,2,1,0,0,30,13,0.43333333333333335,257.5,136.5,394.00000000000006,147.79999999999995,0.3751269035532993,163.7,82.5,246.2000000000001,0.6248730964467006,0,64,22 53 83 5 19 70 11 23 79 39 57 63 73 25,45 27 97 95 99 41 69 7 16 81 98 35 44 43 17 18
13,6,8,1273615.0,0.2,1,2,11,14,107.49999999999999,189.6,1,1,1,2,1,0,0,25,7,0.28,207.3,89.8,297.1,71.9,0.24200605856613935,161.2,64.0,225.20000000000002,0.7579939414338607,0,64,89 85 93 38 4 94 28 58 31 78 50,2 9 55 14 54 76 92 40 42 65 52 3 60 26
13,6,8,1273615.0,0.2,1,3,11,23,107.49999999999999,227.39999999999998,1,1,1,2,1,0,0,34,8,0.23529411764705882,220.5,114.4,334.90000000000003,72.10000000000001,0.21528814571513885,172.7,90.1,262.8,0.7847118542848611,0,32,89 85 93 38 4 94 28 58 31 78 50,72 46 56 1 48 100 34 51 47 74 24 82 64 12 32 87 77 10 71 66 29 8 75
13,6,8,1273615.0,0.2,1,4,11,7,107.49999999999999,73.2,1,0,0,1,0,1,0,18,10,0.5555555555555556,119.0,61.7,180.7,89.20000000000002,0.4936358605423355,61.4,30.1,91.49999999999997,0.5063641394576646,1,1,89 85 93 38 4 94 28 58 31 78 50,62 67 59 80 6 86 96
13,6,8,1273615.0,0.2,1,5,11,10,107.49999999999999,93.10000000000001,1,1,1,1,0,1,0,21,14,0.6666666666666666,135.0,65.6,200.60000000000002,128.20000000000002,0.6390827517447657,50.3,22.1,72.4,0.3609172482552343,1,1,89 85 93 38 4 94 28 58 31 78 50,13 20 15 91 33 90 36 21 49 61
13,6,8,1273615.0,0.2,1,6,11,5,107.49999999999999,54.099999999999994,1,0,0,1,0,1,0,16,10,0.625,106.5,55.1,161.6,114.7,0.7097772277227723,32.3,14.6,46.89999999999999,0.2902227722772277,1,1,89 85 93 38 4 94 28 58 31 78 50,68 37 30 84 88
13,6,8,1273615.0,0.2,1,7,11,16,107.49999999999999,180.10000000000002,1,1,1,1,0,1,0,27,12,0.4444444444444444,188.9,98.7,287.6,136.79999999999998,0.4756606397774686,102.8,48.0,150.80000000000004,0.5243393602225314,1,64,89 85 93 38 4 94 28 58 31 78 50,45 27 97 95 99 41 69 7 16 81 98 35 44 43 17 18
13,6,8,1273615.0,0.2,2,3,14,23,189.6,227.39999999999998,1,1,1,2,1,0,0,37,4,0.10810810810810811,281.4,135.6,417.0,29.500000000000004,0.07074340527577938,263.3,124.2,387.5,0.9292565947242206,0,52,2 9 55 14 54 76 92 40 42 65 52 3 60 26,72 46 56 1 48 100 34 51 47 74 24 82 64 12 32 87 77 10 71 66 29 8 75
13,6,8,1273615.0,0.2,2,4,14,7,189.6,73.2,1,0,0,1,0,1,0,21,8,0.38095238095238093,179.9,82.9,262.8,88.60000000000001,0.3371385083713851,124.6,49.6,174.2,0.6628614916286149,1,48,2 9 55 14 54 76 92 40 42 65 52 3 60 26,62 67 59 80 6 86 96
13,6,8,1273615.0,0.2,2,5,14,10,189.6,93.10000000000001,1,1,1,1,0,1,0,24,11,0.4583333333333333,195.9,86.8,282.7,108.50000000000001,0.38379908029713483,124.6,49.6,174.2,0.6162009197028652,1,32,2 9 55 14 54 76 92 40 42 65 52 3 60 26,13 20 15 91 33 90 36 21 49 61
13,6,8,1273615.0,0.2,2,6,14,5,189.6,54.099999999999994,1,0,0,1,0,1,0,19,6,0.3157894736842105,167.4,76.3,243.7,69.5,0.28518670496512105,124.6,49.6,174.2,0.7148132950348789,1,32,2 9 55 14 54 76 92 40 42 65 52 3 60 26,68 37 30 84 88
13,6,8,1273615.0,0.2,2,7,14,16,189.6,180.10000000000002,1,1,1,2,1,0,0,30,10,0.3333333333333333,249.8,119.9,369.7,118.69999999999999,0.32107113876115767,176.6,74.4,251.0,0.6789288612388423,0,64,2 9 55 14 54 76 92 40 42 65 52 3 60 26,45 27 97 95 99 41 69 7 16 81 98 35 44 43 17 18
13,6,8,1273615.0,0.2,3,4,23,7,227.39999999999998,73.2,1,0,0,1,0,1,0,30,9,0.3,193.1,107.5,300.6,84.9,0.282435129740519,140.1,75.6,215.70000000000002,0.717564870259481,1,32,72 46 56 1 48 100 34 51 47 74 24 82 64 12 32 87 77 10 71 66 29 8 75,62 67 59 80 6 86 96
13,6,8,1273615.0,0.2,3,5,23,10,227.39999999999998,93.10000000000001,1,1,1,1,0,1,0,33,12,0.36363636363636365,209.1,111.4,320.5,101.4,0.31638065522620906,142.6,76.5,219.1,0.6836193447737909,1,64,72 46 56 1 48 100 34 51 47 74 24 82 64 12 32 87 77 10 71 66 29 8 75,13 20 15 91 33 90 36 21 49 61
13,6,8,1273615.0,0.2,3,6,23,5,227.39999999999998,54.099999999999994,1,0,0,1,0,1,0,28,8,0.2857142857142857,180.6,100.9,281.49999999999994,68.19999999999999,0.24227353463587922,138.7,74.6,213.29999999999995,0.7577264653641208,1,64,72 46 56 1 48 100 34 51 47 74 24 82 64 12 32 87 77 10 71 66 29 8 75,68 37 30 84 88
13,6,8,1273615.0,0.2,3,7,23,16,227.39999999999998,180.10000000000002,1,1,1,2,1,0,0,39,12,0.3076923076923077,263.0,144.5,407.5,128.89999999999998,0.3163190184049079,183.9,94.7,278.6,0.683680981595092,0,64,72 46 56 1 48 100 34 51 47 74 24 82 64 12 32 87 77 10 71 66 29 8 75,45 27 97 95 99 41 69 7 16 81 98 35 44 43 17 18
13,6,8,1273615.0,0.2,4,5,7,10,73.2,93.10000000000001,0,1,0,0,0,1,1,17,17,1.0,107.6,58.7,166.3,166.3,1.0,0.0,0.0,0.0,0.0,1,0,62 67 59 80 6 86 96,13 20 15 91 33 90 36 21 49 61
13,6,8,1273615.0,0.2,4,6,7,5,73.2,54.099999999999994,0,0,0,0,0,1,1,12,12,1.0,79.1,48.2,127.30000000000001,127.3,0.9999999999999999,0.0,0.0,1.4210854715202004e-14,1.1163279430637866e-16,1,0,62 67 59 80 6 86 96,68 37 30 84 88
13,6,8,1273615.0,0.2,4,7,7,16,73.2,180.10000000000002,0,1,0,1,0,1,0,23,15,0.6521739130434783,161.5,91.8,253.29999999999998,173.7,0.685748124753257,53.6,26.0,79.6,0.314251875246743,1,64,62 67 59 80 6 86 96,45 27 97 95 99 41 69 7 16 81 98 35 44 43 17 18
13,6,8,1273615.0,0.2,5,6,10,5,93.10000000000001,54.099999999999994,1,0,0,1,0,1,0,15,13,0.8666666666666667,95.1,52.1,147.20000000000002,132.09999999999997,0.8974184782608692,10.2,4.9,15.100000000000051,0.10258152173913077,1,1,13 20 15 91 33 90 36 21 49 61,68 37 30 84 88
13,6,8,1273615.0,0.2,5,7,10,16,93.10000000000001,180.10000000000002,1,1,1,1,0,1,0,26,12,0.46153846153846156,177.5,95.7,273.2,129.8,0.47510980966325045,97.1,46.3,143.39999999999998,0.5248901903367496,1,64,13 20 15 91 33 90 36 21 49 61,45 27 97 95 99 41 69 7 16 81 98 35 44 43 17 18
13,6,8,1273615.0,0.2,6,7,5,16,54.099999999999994,180.10000000000002,0,1,0,1,0,1,0,21,11,0.5238095238095238,149.0,85.2,234.2,148.5,0.6340734415029889,57.9,27.8,85.69999999999999,0.36592655849701106,1,1,68 37 30 84 88,45 27 97 95 99 41 69 7 16 81 98 35 44 43 17 18
14,7,7,1254971.0,0.2,0,1,19,23,228.0,227.39999999999998,1,1,1,2,1,0,0,42,13,0.30952380952380953,292.1,163.3,455.40000000000003,138.6,0.3043478260869565,204.7,112.1,316.80000000000007,0.6956521739130436,0,32,18 17 43 35 98 81 16 7 69 41 99 95 44 97 27 45 30 84 88,72 46 56 1 48 100 34 51 47 74 24 82 64 12 32 87 77 10 71 66 29 8 75
14,7,7,1254971.0,0.2,0,2,19,16,228.0,195.8,1,1,1,2,1,0,0,35,11,0.3142857142857143,283.1,140.7,423.8,118.09999999999998,0.278669183577159,209.3,96.4,305.70000000000005,0.721330816422841,0,16,18 17 43 35 98 81 16 7 69 41 99 95 44 97 27 45 30 84 88,2 9 55 14 54 76 92 40 42 65 52 3 60 26 68 37
14,7,7,1254971.0,0.2,0,3,19,14,228.0,213.89999999999998,1,1,1,2,1,0,0,33,11,0.3333333333333333,286.6,155.3,441.9,140.49999999999997,0.3179452364788413,195.5,105.9,301.4,0.6820547635211586,0,34,18 17 43 35 98 81 16 7 69 41 99 95 44 97 27 45 30 84 88,25 73 63 57 39 79 23 11 70 19 5 83 53 22
14,7,7,1254971.0,0.2,0,4,19,13,228.0,123.89999999999999,1,1,1,2,1,0,0,32,10,0.3125,229.6,122.3,351.9,100.99999999999997,0.28701335606706446,166.9,84.0,250.9,0.7129866439329355,0,32,18 17 43 35 98 81 16 7 69 41 99 95 44 97 27 45 30 84 88,50 78 31 38 4 28 58 94 93 80 6 86 96
14,7,7,1254971.0,0.2,0,5,19,5,228.0,56.800000000000004,1,0,0,1,0,1,0,24,14,0.5833333333333334,179.0,105.8,284.8,140.99999999999997,0.49508426966292124,92.1,51.7,143.80000000000004,0.5049157303370788,1,32,18 17 43 35 98 81 16 7 69 41 99 95 44 97 27 45 30 84 88,62 67 59 85 89
14,7,7,1254971.0,0.2,0,6,19,10,228.0,93.1,1,1,1,1,0,1,0,29,11,0.3793103448275862,206.6,114.5,321.1000000000001,110.89999999999996,0.3453752725007784,137.2,73.0,210.2000000000001,0.6546247274992216,1,16,18 17 43 35 98 81 16 7 69 41 99 95 44 97 27 45 30 84 88,61 20 15 91 33 90 36 21 49 13
14,7,7,1254971.0,0.2,1,2,23,16,227.39999999999998,195.8,1,1,1,2,1,0,0,39,6,0.15384615384615385,285.6,137.6,423.1999999999999,35.69999999999999,0.08435727788279773,263.3,124.2,387.4999999999999,0.9156427221172023,0,32,72 46 56 1 48 100 34 51 47 74 24 82 64 12 32 87 77 10 71 66 29 8 75,2 9 55 14 54 76 92 40 42 65 52 3 60 26 68 37
14,7,7,1254971.0,0.2,1,3,23,14,227.39999999999998,213.89999999999998,1,1,1,2,1,0,0,37,5,0.13513513513513514,289.1,152.2,441.29999999999995,71.1,0.1611148878314072,243.4,126.8,370.19999999999993,0.8388851121685927,0,32,72 46 56 1 48 100 34 51 47 74 24 82 64 12 32 87 77 10 71 66 29 8 75,25 73 63 57 39 79 23 11 70 19 5 83 53 22
14,7,7,1254971.0,0.2,1,4,23,13,227.39999999999998,123.89999999999999,1,1,1,2,1,0,0,36,6,0.16666666666666666,232.1,119.2,351.3,48.5,0.13805863933959578,201.0,101.8,302.8,0.8619413606604042,0,32,72 46 56 1 48 100 34 51 47 74 24 82 64 12 32 87 77 10 71 66 29 8 75,50 78 31 38 4 28 58 94 93 80 6 86 96
14,7,7,1254971.0,0.2,1,5,23,5,227.39999999999998,56.800000000000004,1,0,0,1,0,1,0,28,7,0.25,181.5,102.7,284.2,65.10000000000001,0.22906403940886702,142.6,76.5,219.09999999999997,0.7709359605911329,1,32,72 46 56 1 48 100 34 51 47 74 24 82 64 12 32 87 77 10 71 66 29 8 75,62 67 59 85 89
14,7,7,1254971.0,0.2,1,6,23,10,227.39999999999998,93.1,1,1,1,1,0,1,0,33,11,0.3333333333333333,209.1,111.4,320.50000000000006,99.3,0.30982839313572536,143.7,77.5,221.20000000000005,0.6901716068642746,1,32,72 46 56 1 48 100 34 51 47 74 24 82 64 12 32 87 77 10 71 66 29 8 75,61 20 15 91 33 90 36 21 49 13
14,7,7,1254971.0,0.2,2,3,16,14,195.8,213.89999999999998,1,1,1,2,1,0,0,30,5,0.16666666666666666,280.1,129.6,409.7,65.69999999999999,0.1603612399316573,237.4,106.6,344.0,0.8396387600683427,0,32,2 9 55 14 54 76 92 40 42 65 52 3 60 26 68 37,25 73 63 57 39 79 23 11 70 19 5 83 53 22
14,7,7,1254971.0,0.2,2,4,16,13,195.8,123.89999999999999,1,1,1,2,1,0,0,29,6,0.20689655172413793,223.1,96.6,319.7,53.199999999999974,0.16640600563027833,189.2,77.3,266.5,0.8335939943697216,0,32,2 9 55 14 54 76 92 40 42 65 52 3 60 26 68 37,50 78 31 38 4 28 58 94 93 80 6 86 96
14,7,7,1254971.0,0.2,2,5,16,5,195.8,56.800000000000004,1,0,0,1,0,1,0,21,8,0.38095238095238093,172.5,80.1,252.60000000000005,78.39999999999999,0.3103721298495644,124.6,49.6,174.20000000000005,0.6896278701504355,1,32,2 9 55 14 54 76 92 40 42 65 52 3 60 26 68 37,62 67 59 85 89
14,7,7,1254971.0,0.2,2,6,16,10,195.8,93.1,1,1,1,1,0,1,0,26,9,0.34615384615384615,200.1,88.8,288.9,83.10000000000001,0.2876427829698858,143.9,61.9,205.79999999999995,0.7123572170301141,1,16,2 9 55 14 54 76 92 40 42 65 52 3 60 26 68 37,61 20 15 91 33 90 36 21 49 13
14,7,7,1254971.0,0.2,3,4,14,13,213.89999999999998,123.89999999999999,1,1,1,2,1,0,0,27,4,0.14814814814814814,226.6,111.2,337.8,47.09999999999998,0.13943161634103013,197.9,92.8,290.70000000000005,0.8605683836589699,0,16,25 73 63 57 39 79 23 11 70 19 5 83 53 22,50 78 31 38 4 28 58 94 93 80 6 86 96
14,7,7,1254971.0,0.2,3,5,14,5,213.89999999999998,56.800000000000004,1,0,0,1,0,1,0,19,8,0.42105263157894735,176.0,94.7,270.7,87.1,0.3217584041374215,123.1,60.5,183.6,0.6782415958625785,1,32,25 73 63 57 39 79 23 11 70 19 5 83 53 22,62 67 59 85 89
14,7,7,1254971.0,0.2,3,6,14,10,213.89999999999998,93.1,1,1,1,1,0,1,0,24,11,0.4583333333333333,203.6,103.4,307.0,104.49999999999997,0.3403908794788273,131.4,71.1,202.50000000000003,0.6596091205211727,1,32,25 73 63 57 39 79 23 11 70 19 5 83 53 22,61 20 15 91 33 90 36 21 49 13
14,7,7,1254971.0,0.2,4,5,13,5,123.89999999999999,56.800000000000004,1,0,0,1,0,1,0,18,6,0.3333333333333333,119.0,61.7,180.70000000000002,51.09999999999999,0.28278915329275034,86.2,43.4,129.60000000000002,0.7172108467072497,1,1,50 78 31 38 4 28 58 94 93 80 6 86 96,62 67 59 85 89
14,7,7,1254971.0,0.2,4,6,13,10,123.89999999999999,93.1,1,1,1,1,0,1,0,23,8,0.34782608695652173,146.6,70.4,217.00000000000003,60.19999999999998,0.27741935483870955,110.1,46.7,156.80000000000004,0.7225806451612904,1,1,50 78 31 38 4 28 58 94 93 80 6 86 96,61 20 15 91 33 90 36 21 49 13
14,7,7,1254971.0,0.2,5,6,5,10,56.800000000000004,93.1,0,1,0,1,0,1,0,15,11,0.7333333333333333,96.0,53.9,149.90000000000003,103.69999999999999,0.6917945296864574,28.3,17.9,46.200000000000045,0.3082054703135426,1,1,62 67 59 85 89,61 20 15 91 33 90 36 21 49 13
15,7,8,1259973.0,0.2,0,1,16,6,203.4,59.9,1,0,0,1,0,1,0,22,8,0.36363636363636365,168.5,94.8,263.29999999999995,127.9,0.48575769084694276,90.2,45.2,135.39999999999995,0.5142423091530572,1,32,35 98 41 81 7 69 16 29 66 71 8 99 95 44 97 88,18 17 43 37 68 2
15,7,8,1259973.0,0.2,0,2,16,11,203.4,125.59999999999998,1,1,1,2,1,0,0,27,6,0.2222222222222222,213.6,115.4,329.00000000000006,88.3,0.26838905775075983,158.7,82.0,240.70000000000005,0.7316109422492402,0,32,35 98 41 81 7 69 16 29 66 71 8 99 95 44 97 88,96 22 53 83 11 6 86 80 59 67 62
15,7,8,1259973.0,0.2,0,3,16,8,203.4,74.9,1,0,0,1,0,1,0,24,8,0.3333333333333333,183.3,95.0,278.3,102.4,0.3679482572763205,118.2,57.7,175.9,0.6320517427236795,1,32,35 98 41 81 7 69 16 29 66 71 8 99 95 44 97 88,13 20 15 91 33 90 36 21
15,7,8,1259973.0,0.2,0,4,16,17,203.4,222.20000000000002,1,1,1,2,1,0,0,33,8,0.24242424242424243,279.4,146.2,425.59999999999997,111.6,0.26221804511278196,210.7,103.3,314.0,0.7377819548872181,0,32,35 98 41 81 7 69 16 29 66 71 8 99 95 44 97 88,85 93 38 4 94 28 58 5 70 19 23 79 39 57 73 63 25
15,7,8,1259973.0,0.2,0,5,16,6,203.4,51.4,1,0,0,1,0,1,0,22,8,0.36363636363636365,165.0,89.8,254.8,104.9,0.41169544740973313,100.8,49.1,149.9,0.5883045525902669,1,32,35 98 41 81 7 69 16 29 66 71 8 99 95 44 97 88,84 30 27 45 49 61
15,7,8,1259973.0,0.2,0,6,16,13,203.4,174.2,1,1,1,2,1,0,0,29,3,0.10344827586206896,257.3,120.3,377.5999999999999,44.599999999999994,0.11811440677966104,228.4,104.6,332.9999999999999,0.8818855932203389,0,15,35 98 41 81 7 69 16 29 66 71 8 99 95 44 97 88,9 55 14 54 76 92 40 42 65 52 3 60 26
15,7,8,1259973.0,0.2,0,7,16,23,203.4,227.30000000000004,1,1,1,2,1,0,0,39,9,0.23076923076923078,282.1,148.6,430.69999999999993,107.4,0.2493615045275134,214.6,108.7,323.29999999999995,0.7506384954724866,0,64,35 98 41 81 7 69 16 29 66 71 8 99 95 44 97 88,75 10 64 82 12 77 87 32 24 74 47 51 100 34 48 1 56 31 78 50 46 72 89
15,7,8,1259973.0,0.2,1,2,6,11,59.9,125.59999999999998,0,1,0,1,0,1,0,17,11,0.6470588235294118,116.7,68.8,185.5,121.6,0.6555256064690027,42.6,21.3,63.900000000000006,0.34447439353099735,1,1,18 17 43 37 68 2,96 22 53 83 11 6 86 80 59 67 62
15,7,8,1259973.0,0.2,1,3,6,8,59.9,74.9,0,0,0,1,0,1,0,14,12,0.8571428571428571,86.4,48.4,134.8,111.5,0.8271513353115726,13.7,9.6,23.30000000000001,0.17284866468842736,1,1,18 17 43 37 68 2,13 20 15 91 33 90 36 21
15,7,8,1259973.0,0.2,1,4,6,17,59.9,222.20000000000002,0,1,0,1,0,1,0,23,11,0.4782608695652174,182.5,99.6,282.09999999999997,131.5,0.4661467564693372,101.0,49.6,150.59999999999997,0.5338532435306629,1,32,18 17 43 37 68 2,85 93 38 4 94 28 58 5 70 19 23 79 39 57 73 63 25
15,7,8,1259973.0,0.2,1,5,6,6,59.9,51.4,0,0,0,0,0,1,1,12,12,1.0,68.1,43.2,111.3,111.3,1.0,0.0,0.0,0.0,0.0,1,0,18 17 43 37 68 2,84 30 27 45 49 61
15,7,8,1259973.0,0.2,1,6,6,13,59.9,174.2,0,1,0,1,0,1,0,19,6,0.3157894736842105,160.4,73.7,234.1,59.9,0.2558735583084152,124.6,49.6,174.2,0.7441264416915848,1,32,18 17 43 37 68 2,9 55 14 54 76 92 40 42 65 52 3 60 26
15,7,8,1259973.0,0.2,1,7,6,23,59.9,227.30000000000004,0,1,0,1,0,1,0,29,12,0.41379310344827586,185.2,102.0,287.19999999999993,118.50000000000003,0.41260445682451274,110.1,58.6,168.6999999999999,0.5873955431754873,1,64,18 17 43 37 68 2,75 10 64 82 12 77 87 32 24 74 47 51 100 34 48 1 56 31 78 50 46 72 89
15,7,8,1259973.0,0.2,2,3,11,8,125.59999999999998,74.9,1,0,0,1,0,1,0,19,9,0.47368421052631576,131.5,69.0,200.49999999999997,82.6,0.4119700748129676,79.0,38.9,117.89999999999998,0.5880299251870323,1,1,96 22 53 83 11 6 86 80 59 67 62,13 20 15 91 33 90 36 21
15,7,8,1259973.0,0.2,2,4,11,17,125.59999999999998,222.20000000000002,1,1,1,2,1,0,0,28,6,0.21428571428571427,227.6,120.2,347.79999999999995,63.69999999999999,0.1831512363427257,188.3,95.8,284.09999999999997,0.8168487636572743,0,4,96 22 53 83 11 6 86 80 59 67 62,85 93 38 4 94 28 58 5 70 19 23 79 39 57 73 63 25
15,7,8,1259973.0,0.2,2,5,11,6,125.59999999999998,51.4,1,0,0,1,0,1,0,17,11,0.6470588235294118,113.2,63.8,177.00000000000003,111.8,0.6316384180790959,43.7,21.5,65.20000000000003,0.36836158192090407,1,1,96 22 53 83 11 6 86 80 59 67 62,84 30 27 45 49 61
15,7,8,1259973.0,0.2,2,6,11,13,125.59999999999998,174.2,1,1,1,2,1,0,0,24,3,0.125,205.5,94.3,299.79999999999995,31.299999999999997,0.10440293529019347,185.9,82.6,268.49999999999994,0.8955970647098065,0,4,96 22 53 83 11 6 86 80 59 67 62,9 55 14 54 76 92 40 42 65 52 3 60 26
15,7,8,1259973.0,0.2,2,7,11,23,125.59999999999998,227.30000000000004,1,1,1,2,1,0,0,34,9,0.2647058823529412,230.3,122.6,352.8999999999999,90.5,0.25644658543496746,175.0,87.4,262.3999999999999,0.7435534145650325,0,32,96 22 53 83 11 6 86 80 59 67 62,75 10 64 82 12 77 87 32 24 74 47 51 100 34 48 1 56 31 78 50 46 72 89
15,7,8,1259973.0,0.2,3,4,8,17,74.9,222.20000000000002,0,1,0,1,0,1,0,25,9,0.36,197.3,99.8,297.09999999999997,97.7,0.3288455065634467,133.5,65.9,199.39999999999998,0.6711544934365533,1,16,13 20 15 91 33 90 36 21,85 93 38 4 94 28 58 5 70 19 23 79 39 57 73 63 25
15,7,8,1259973.0,0.2,3,5,8,6,74.9,51.4,0,0,0,1,0,1,0,14,12,0.8571428571428571,82.9,43.4,126.30000000000001,103.0,0.8155186064924782,13.7,9.6,23.30000000000001,0.18448139350752185,1,1,13 20 15 91 33 90 36 21,84 30 27 45 49 61
15,7,8,1259973.0,0.2,3,6,8,13,74.9,174.2,0,1,0,1,0,1,0,21,6,0.2857142857142857,175.2,73.9,249.09999999999997,51.60000000000001,0.207145724608591,138.3,59.2,197.49999999999994,0.792854275391409,1,16,13 20 15 91 33 90 36 21,9 55 14 54 76 92 40 42 65 52 3 60 26
15,7,8,1259973.0,0.2,3,7,8,23,74.9,227.30000000000004,0,1,0,1,0,1,0,31,10,0.3225806451612903,200.0,102.2,302.19999999999993,97.40000000000002,0.3223031105228327,133.8,71.0,204.7999999999999,0.6776968894771672,1,32,13 20 15 91 33 90 36 21,75 10 64 82 12 77 87 32 24 74 47 51 100 34 48 1 56 31 78 50 46 72 89
15,7,8,1259973.0,0.2,4,5,17,6,222.20000000000002,51.4,1,0,0,1,0,1,0,23,11,0.4782608695652174,179.0,94.6,273.59999999999997,122.20000000000002,0.4466374269005849,101.5,49.9,151.39999999999995,0.5533625730994151,1,32,85 93 38 4 94 28 58 5 70 19 23 79 39 57 73 63 25,84 30 27 45 49 61
15,7,8,1259973.0,0.2,4,6,17,13,222.20000000000002,174.2,1,1,1,2,1,0,0,30,4,0.13333333333333333,271.3,125.1,396.39999999999986,48.599999999999994,0.12260343087790114,242.9,104.9,347.79999999999984,0.8773965691220987,0,4,85 93 38 4 94 28 58 5 70 19 23 79 39 57 73 63 25,9 55 14 54 76 92 40 42 65 52 3 60 26
15,7,8,1259973.0,0.2,4,7,17,23,222.20000000000002,227.30000000000004,1,1,1,2,1,0,0,40,9,0.225,296.1,153.4,449.5,102.70000000000002,0.228476084538376,233.0,113.8,346.79999999999995,0.7715239154616239,0,32,85 93 38 4 94 28 58 5 70 19 23 79 39 57 73 63 25,75 10 64 82 12 77 87 32 24 74 47 51 100 34 48 1 56 31 78 50 46 72 89
15,7,8,1259973.0,0.2,5,6,6,13,51.4,174.2,0,1,0,1,0,1,0,19,6,0.3157894736842105,156.9,68.7,225.6,51.4,0.22783687943262412,124.6,49.6,174.2,0.7721631205673759,1,32,84 30 27 45 49 61,9 55 14 54 76 92 40 42 65 52 3 60 26
15,7,8,1259973.0,0.2,5,7,6,23,51.4,227.30000000000004,0,1,0,1,0,1,0,29,10,0.3448275862068966,181.7,97.0,278.69999999999993,103.00000000000003,0.3695730175816292,114.8,60.9,175.6999999999999,0.6304269824183708,1,64,84 30 27 45 49 61,75 10 64 82 12 77 87 32 24 74 47 51 100 34 48 1 56 31 78 50 46 72 89
15,7,8,1259973.0,0.2,6,7,13,23,174.2,227.30000000000004,1,1,1,2,1,0,0,36,5,0.1388888888888889,274.0,127.5,401.49999999999994,48.30000000000001,0.12029887920298883,243.2,110.0,353.19999999999993,0.8797011207970111,0,32,9 55 14 54 76 92 40 42 65 52 3 60 26,75 10 64 82 12 77 87 32 24 74 47 51 100 34 48 1 56 31 78 50 46 72 89
16,8,7,1239020.0,0.2,0,1,7,16,61.8,199.3,0,1,0,1,0,1,0,23,9,0.391304347826087,164.2,96.9,261.1,100.8,0.38605898123324395,101.6,58.7,160.3,0.613941018766756,1,32,13 49 21 36 45 27 88,84 30 97 95 99 41 69 7 16 81 98 35 44 43 17 18
16,8,7,1239020.0,0.2,0,2,7,23,61.8,227.4,0,1,0,1,0,1,0,30,10,0.3333333333333333,184.1,105.1,289.20000000000005,75.89999999999999,0.26244813278008294,138.7,74.6,213.30000000000007,0.7375518672199172,1,32,13 49 21 36 45 27 88,72 46 56 1 48 34 100 51 47 74 24 32 87 77 12 82 64 10 71 66 29 8 75
16,8,7,1239020.0,0.2,0,3,7,16,61.8,195.8,0,1,0,1,0,1,0,23,10,0.43478260869565216,175.1,82.5,257.59999999999997,83.4,0.3237577639751553,124.6,49.6,174.19999999999996,0.6762422360248447,1,32,13 49 21 36 45 27 88,37 68 26 60 3 52 65 42 40 92 76 54 14 55 9 2
16,8,7,1239020.0,0.2,0,4,7,15,61.8,216.7,0,1,0,1,0,1,0,22,12,0.5454545454545454,180.2,98.3,278.5,116.99999999999999,0.4201077199281867,106.7,54.8,161.5,0.5798922800718133,1,32,13 49 21 36 45 27 88,25 73 63 57 79 39 23 11 70 19 5 83 53 22 62
16,8,7,1239020.0,0.2,0,5,7,17,61.8,177.90000000000003,0,1,0,1,0,1,0,24,8,0.3333333333333333,154.2,85.5,239.7,93.2,0.38881935753024616,99.5,47.0,146.5,0.6111806424697539,1,32,13 49 21 36 45 27 88,89 85 67 96 86 6 80 59 93 38 4 94 28 58 31 78 50
16,8,7,1239020.0,0.2,0,6,7,6,61.8,60.00000000000001,0,0,0,1,0,1,0,13,12,0.9230769230769231,79.2,42.6,121.8,100.10000000000002,0.8218390804597703,12.7,9.0,21.699999999999974,0.17816091954022967,1,1,13 49 21 36 45 27 88,61 20 15 90 33 91
16,8,7,1239020.0,0.2,1,2,16,23,199.3,227.4,1,1,1,2,1,0,0,39,9,0.23076923076923078,274.7,152.0,426.70000000000005,117.19999999999997,0.27466604171549086,203.0,106.5,309.50000000000006,0.7253339582845091,0,32,84 30 97 95 99 41 69 7 16 81 98 35 44 43 17 18,72 46 56 1 48 34 100 51 47 74 24 32 87 77 12 82 64 10 71 66 29 8 75
16,8,7,1239020.0,0.2,1,3,16,16,199.3,195.8,1,1,1,2,1,0,0,32,10,0.3125,265.7,129.4,395.1,114.29999999999998,0.2892938496583143,195.0,85.8,280.80000000000007,0.7107061503416858,0,32,84 30 97 95 99 41 69 7 16 81 98 35 44 43 17 18,37 68 26 60 3 52 65 42 40 92 76 54 14 55 9 2
16,8,7,1239020.0,0.2,1,4,16,15,199.3,216.7,1,1,1,2,1,0,0,31,10,0.3225806451612903,270.8,145.2,416.0,114.39999999999998,0.27499999999999997,195.9,105.7,301.6,0.7250000000000001,0,32,84 30 97 95 99 41 69 7 16 81 98 35 44 43 17 18,25 73 63 57 79 39 23 11 70 19 5 83 53 22 62
16,8,7,1239020.0,0.2,1,5,16,17,199.3,177.90000000000003,1,1,1,2,1,0,0,33,7,0.21212121212121213,244.8,132.4,377.2,90.5,0.23992576882290562,186.6,100.1,286.7,0.7600742311770944,0,32,84 30 97 95 99 41 69 7 16 81 98 35 44 43 17 18,89 85 67 96 86 6 80 59 93 38 4 94 28 58 31 78 50
16,8,7,1239020.0,0.2,1,6,16,6,199.3,60.00000000000001,1,0,0,1,0,1,0,22,10,0.45454545454545453,169.8,89.5,259.3,114.89999999999999,0.44311608175858075,93.0,51.4,144.40000000000003,0.5568839182414194,1,32,84 30 97 95 99 41 69 7 16 81 98 35 44 43 17 18,61 20 15 90 33 91
16,8,7,1239020.0,0.2,2,3,23,16,227.4,195.8,1,1,1,2,1,0,0,39,6,0.15384615384615385,285.6,137.6,423.19999999999993,35.7,0.08435727788279775,263.3,124.2,387.49999999999994,0.9156427221172023,0,32,72 46 56 1 48 34 100 51 47 74 24 32 87 77 12 82 64 10 71 66 29 8 75,37 68 26 60 3 52 65 42 40 92 76 54 14 55 9 2
16,8,7,1239020.0,0.2,2,4,23,15,227.4,216.7,1,1,1,2,1,0,0,38,7,0.18421052631578946,290.7,153.4,444.09999999999997,63.499999999999986,0.14298581400585453,249.3,131.3,380.59999999999997,0.8570141859941455,0,17,72 46 56 1 48 34 100 51 47 74 24 32 87 77 12 82 64 10 71 66 29 8 75,25 73 63 57 79 39 23 11 70 19 5 83 53 22 62
16,8,7,1239020.0,0.2,2,5,23,17,227.4,177.90000000000003,1,1,1,2,1,0,0,40,6,0.15,264.7,140.6,405.3,81.60000000000001,0.20133234641006664,215.2,108.5,323.7,0.7986676535899333,0,32,72 46 56 1 48 34 100 51 47 74 24 32 87 77 12 82 64 10 71 66 29 8 75,89 85 67 96 86 6 80 59 93 38 4 94 28 58 31 78 50
16,8,7,1239020.0,0.2,2,6,23,6,227.4,60.00000000000001,1,0,0,1,0,1,0,29,8,0.27586206896551724,189.7,97.7,287.40000000000003,68.9,0.23973556019485037,142.7,75.8,218.50000000000003,0.7602644398051496,1,32,72 46 56 1 48 34 100 51 47 74 24 32 87 77 12 82 64 10 71 66 29 8 75,61 20 15 90 33 91
16,8,7,1239020.0,0.2,3,4,16,15,195.8,216.7,1,1,1,2,1,0,0,31,6,0.1935483870967742,281.7,130.8,412.5,63.7,0.15442424242424244,239.9,108.9,348.8,0.8455757575757576,0,32,37 68 26 60 3 52 65 42 40 92 76 54 14 55 9 2,25 73 63 57 79 39 23 11 70 19 5 83 53 22 62
16,8,7,1239020.0,0.2,3,5,16,17,195.8,177.90000000000003,1,1,1,2,1,0,0,33,6,0.18181818181818182,255.7,118.0,373.7,77.3,0.20685041477120686,208.0,88.4,296.4,0.7931495852287931,0,32,37 68 26 60 3 52 65 42 40 92 76 54 14 55 9 2,89 85 67 96 86 6 80 59 93 38 4 94 28 58 31 78 50
16,8,7,1239020.0,0.2,3,6,16,6,195.8,60.00000000000001,1,0,0,1,0,1,0,22,9,0.4090909090909091,180.7,75.1,255.8,81.60000000000002,0.3189992181391713,124.6,49.6,174.2,0.6810007818608287,1,32,37 68 26 60 3 52 65 42 40 92 76 54 14 55 9 2,61 20 15 90 33 91
16,8,7,1239020.0,0.2,4,5,15,17,216.7,177.90000000000003,1,1,1,2,1,0,0,32,5,0.15625,260.8,133.8,394.59999999999997,71.3,0.18068930562595034,217.6,105.7,323.29999999999995,0.8193106943740496,0,24,25 73 63 57 79 39 23 11 70 19 5 83 53 22 62,89 85 67 96 86 6 80 59 93 38 4 94 28 58 31 78 50
16,8,7,1239020.0,0.2,4,6,15,6,216.7,60.00000000000001,1,0,0,1,0,1,0,21,10,0.47619047619047616,185.8,90.9,276.7,100.1,0.3617636429345862,118.8,57.8,176.6,0.6382363570654138,1,32,25 73 63 57 79 39 23 11 70 19 5 83 53 22 62,61 20 15 90 33 91
16,8,7,1239020.0,0.2,5,6,17,6,177.90000000000003,60.00000000000001,1,0,0,1,0,1,0,23,6,0.2608695652173913,159.8,78.1,237.90000000000003,82.1,0.3451029844472467,109.1,46.7,155.80000000000004,0.6548970155527534,1,32,89 85 67 96 86 6 80 59 93 38 4 94 28 58 31 78 50,61 20 15 90 33 91
17,8,8,1248724.0,0.2,0,1,23,13,227.4,174.2,1,1,1,2,1,0,0,36,3,0.08333333333333333,271.9,129.7,401.59999999999997,14.100000000000001,0.03510956175298805,263.3,124.2,387.49999999999994,0.9648904382470119,0,14,72 46 56 1 48 34 100 51 47 74 24 32 87 77 12 82 64 10 71 66 29 8 75,26 60 3 52 65 42 40 92 76 54 14 55 9
17,8,8,1248724.0,0.2,0,2,23,6,227.4,59.9,1,0,0,1,0,1,0,29,9,0.3103448275862069,183.1,104.2,287.29999999999995,74.0,0.2575704838148277,138.7,74.6,213.29999999999995,0.7424295161851723,1,64,72 46 56 1 48 34 100 51 47 74 24 32 87 77 12 82 64 10 71 66 29 8 75,18 17 43 37 68 2
17,8,8,1248724.0,0.2,0,3,23,11,227.4,134.8,1,1,1,2,1,0,0,34,8,0.23529411764705882,236.2,126.0,362.20000000000005,86.69999999999999,0.23937051352843727,181.0,94.5,275.50000000000006,0.7606294864715627,0,64,72 46 56 1 48 34 100 51 47 74 24 32 87 77 12 82 64 10 71 66 29 8 75,44 97 95 99 41 69 7 16 81 98 35
17,8,8,1248724.0,0.2,0,4,23,7,227.4,67.4,1,0,0,1,0,1,0,30,10,0.3333333333333333,188.2,106.6,294.79999999999995,81.5,0.27645861601085486,138.7,74.6,213.29999999999995,0.7235413839891451,1,64,72 46 56 1 48 34 100 51 47 74 24 32 87 77 12 82 64 10 71 66 29 8 75,21 36 45 27 30 84 88
17,8,8,1248724.0,0.2,0,5,23,5,227.4,59.8,1,0,0,1,0,1,0,28,8,0.2857142857142857,186.6,100.6,287.20000000000005,73.9,0.25731197771587744,138.7,74.6,213.30000000000004,0.7426880222841226,1,32,72 46 56 1 48 34 100 51 47 74 24 32 87 77 12 82 64 10 71 66 29 8 75,61 15 20 49 13
17,8,8,1248724.0,0.2,0,6,23,20,227.4,198.7,1,1,1,2,1,0,0,43,10,0.23255813953488372,280.1,146.0,426.1,117.39999999999999,0.2755221778925135,204.8,103.9,308.70000000000005,0.7244778221074866,0,32,72 46 56 1 48 34 100 51 47 74 24 32 87 77 12 82 64 10 71 66 29 8 75,89 85 59 67 96 80 86 6 93 38 4 94 28 58 31 78 50 90 33 91
17,8,8,1248724.0,0.2,0,7,23,15,227.4,216.70000000000005,1,1,1,2,1,0,0,38,6,0.15789473684210525,290.7,153.4,444.09999999999997,70.10000000000002,0.15784733168205364,241.9,132.1,373.99999999999994,0.8421526683179463,0,17,72 46 56 1 48 34 100 51 47 74 24 32 87 77 12 82 64 10 71 66 29 8 75,62 22 53 83 5 19 70 11 23 39 79 57 63 73 25
17,8,8,1248724.0,0.2,1,2,13,6,174.2,59.9,1,0,0,1,0,1,0,19,6,0.3157894736842105,160.4,73.7,234.1,59.900000000000006,0.25587355830841524,124.6,49.6,174.2,0.7441264416915848,1,64,26 60 3 52 65 42 40 92 76 54 14 55 9,18 17 43 37 68 2
17,8,8,1248724.0,0.2,1,3,13,11,174.2,134.8,1,1,1,2,1,0,0,24,4,0.16666666666666666,213.5,95.5,309.0,58.0,0.18770226537216828,176.6,74.4,251.0,0.8122977346278317,0,24,26 60 3 52 65 42 40 92 76 54 14 55 9,44 97 95 99 41 69 7 16 81 98 35
17,8,8,1248724.0,0.2,1,4,13,7,174.2,67.4,1,0,0,1,0,1,0,20,7,0.35,165.5,76.1,241.59999999999997,67.4,0.2789735099337749,124.6,49.6,174.19999999999996,0.7210264900662251,1,64,26 60 3 52 65 42 40 92 76 54 14 55 9,21 36 45 27 30 84 88
17,8,8,1248724.0,0.2,1,5,13,5,174.2,59.8,1,0,0,1,0,1,0,18,5,0.2777777777777778,163.9,70.1,234.00000000000003,59.8,0.25555555555555554,124.6,49.6,174.20000000000005,0.7444444444444446,1,16,26 60 3 52 65 42 40 92 76 54 14 55 9,61 15 20 49 13
17,8,8,1248724.0,0.2,1,6,13,20,174.2,198.7,1,1,1,2,1,0,0,33,8,0.24242424242424243,257.4,115.5,372.9,82.29999999999998,0.22070260123357466,204.8,85.8,290.6,0.7792973987664255,0,32,26 60 3 52 65 42 40 92 76 54 14 55 9,89 85 59 67 96 80 86 6 93 38 4 94 28 58 31 78 50 90 33 91
17,8,8,1248724.0,0.2,1,7,13,15,174.2,216.70000000000005,1,1,1,2,1,0,0,28,3,0.10714285714285714,268.0,122.9,390.9,42.099999999999994,0.10770017907393194,239.9,108.9,348.79999999999995,0.892299820926068,0,8,26 60 3 52 65 42 40 92 76 54 14 55 9,62 22 53 83 5 19 70 11 23 39 79 57 63 73 25
17,8,8,1248724.0,0.2,2,3,6,11,59.9,134.8,0,1,0,1,0,1,0,17,10,0.5882352941176471,124.7,70.0,194.7,121.69999999999999,0.6250642013353878,49.7,23.3,73.0,0.37493579866461224,1,1,18 17 43 37 68 2,44 97 95 99 41 69 7 16 81 98 35
17,8,8,1248724.0,0.2,2,4,6,7,59.9,67.4,0,0,0,0,0,1,1,13,13,1.0,76.7,50.6,127.30000000000001,127.30000000000001,1.0,0.0,0.0,0.0,0.0,1,0,18 17 43 37 68 2,21 36 45 27 30 84 88
17,8,8,1248724.0,0.2,2,5,6,5,59.9,59.8,0,0,0,0,0,1,1,11,11,1.0,75.1,44.6,119.69999999999999,119.69999999999999,1.0,0.0,0.0,0.0,0.0,1,0,18 17 43 37 68 2,61 15 20 49 13
17,8,8,1248724.0,0.2,2,6,6,20,59.9,198.7,0,1,0,1,0,1,0,26,13,0.5,168.6,90.0,258.6,152.5,0.5897138437741686,75.1,31.0,106.10000000000002,0.4102861562258315,1,64,18 17 43 37 68 2,89 85 59 67 96 80 86 6 93 38 4 94 28 58 31 78 50 90 33 91
17,8,8,1248724.0,0.2,2,7,6,15,59.9,216.70000000000005,0,1,0,1,0,1,0,21,12,0.5714285714285714,179.2,97.4,276.6,123.7,0.4472161966738973,102.3,50.6,152.90000000000003,0.5527838033261028,1,64,18 17 43 37 68 2,62 22 53 83 5 19 70 11 23 39 79 57 63 73 25
17,8,8,1248724.0,0.2,3,4,11,7,134.8,67.4,1,0,0,1,0,1,0,18,10,0.5555555555555556,129.8,72.4,202.2,113.7,0.5623145400593472,59.0,29.5,88.49999999999999,0.4376854599406528,1,1,44 97 95 99 41 69 7 16 81 98 35,21 36 45 27 30 84 88
17,8,8,1248724.0,0.2,3,5,11,5,134.8,59.8,1,0,0,1,0,1,0,16,7,0.4375,128.2,66.4,194.60000000000002,96.19999999999999,0.4943473792394655,67.1,31.3,98.40000000000003,0.5056526207605345,1,1,44 97 95 99 41 69 7 16 81 98 35,61 15 20 49 13
17,8,8,1248724.0,0.2,3,6,11,20,134.8,198.7,1,1,1,2,1,0,0,31,8,0.25806451612903225,221.7,111.8,333.5,92.19999999999999,0.27646176911544224,162.1,79.2,241.3,0.7235382308845577,0,64,44 97 95 99 41 69 7 16 81 98 35,89 85 59 67 96 80 86 6 93 38 4 94 28 58 31 78 50 90 33 91
17,8,8,1248724.0,0.2,3,7,11,15,134.8,216.70000000000005,1,1,1,2,1,0,0,26,6,0.23076923076923078,232.3,119.2,351.4999999999999,88.89999999999999,0.2529160739687056,177.3,85.3,262.5999999999999,0.7470839260312945,0,32,44 97 95 99 41 69 7 16 81 98 35,62 22 53 83 5 19 70 11 23 39 79 57 63 73 25
17,8,8,1248724.0,0.2,4,5,7,5,67.4,59.8,0,0,0,0,0,1,1,12,12,1.0,80.2,47.0,127.19999999999999,127.20000000000002,1.0000000000000002,0.0,0.0,0.0,0.0,1,0,21 36 45 27 30 84 88,61 15 20 49 13
17,8,8,1248724.0,0.2,4,6,7,20,67.4,198.7,0,1,0,1,0,1,0,27,12,0.4444444444444444,173.7,92.4,266.09999999999997,145.7,0.5475385193536265,81.4,39.0,120.39999999999998,0.45246148064637354,1,64,21 36 45 27 30 84 88,89 85 59 67 96 80 86 6 93 38 4 94 28 58 31 78 50 90 33 91
17,8,8,1248724.0,0.2,4,7,7,15,67.4,216.70000000000005,0,1,0,1,0,1,0,22,13,0.5909090909090909,184.3,99.8,284.09999999999997,131.2,0.46180922210489267,102.3,50.6,152.89999999999998,0.5381907778951074,1,64,21 36 45 27 30 84 88,62 22 53 83 5 19 70 11 23 39 79 57 63 73 25
17,8,8,1248724.0,0.2,5,6,5,20,59.8,198.7,0,1,0,1,0,1,0,25,11,0.44,172.1,86.4,258.5,126.49999999999997,0.48936170212765945,91.6,40.4,132.00000000000003,0.5106382978723405,1,32,61 15 20 49 13,89 85 59 67 96 80 86 6 93 38 4 94 28 58 31 78 50 90 33 91
17,8,8,1248724.0,0.2,5,7,5,15,59.8,216.70000000000005,0,1,0,1,0,1,0,20,11,0.55,182.7,93.8,276.5,123.6,0.4470162748643761,102.3,50.6,152.9,0.5529837251356239,1,32,61 15 20 49 13,62 22 53 83 5 19 70 11 23 39 79 57 63 73 25
17,8,8,1248724.0,0.2,6,7,20,15,198.7,216.70000000000005,1,1,1,2,1,0,0,35,10,0.2857142857142857,276.2,139.2,415.3999999999999,111.49999999999999,0.26841598459316324,205.2,98.7,303.8999999999999,0.7315840154068367,0,32,89 85 59 67 96 80 86 6 93 38 4 94 28 58 31 78 50 90 33 91,62 22 53 83 5 19 70 11 23 39 79 57 63 73 25
18,9,7,1247055.0,0.2,0,1,18,15,225.4,210.0,1,1,1,2,1,0,0,33,2,0.06060606060606061,297.2,138.2,435.4,25.900000000000006,0.05948553054662381,281.0,128.5,409.5,0.9405144694533762,0,8,93 78 31 38 4 28 58 94 5 19 70 11 23 79 39 57 73 63,25 9 55 14 54 76 92 40 42 65 52 3 60 26 2
18,9,7,1247055.0,0.2,0,2,18,6,225.4,66.2,1,0,0,1,0,1,0,24,6,0.25,188.4,103.2,291.6,74.1,0.25411522633744854,144.7,72.8,217.50000000000003,0.7458847736625515,1,16,93 78 31 38 4 28 58 94 5 19 70 11 23 79 39 57 73 63,18 88 43 17 37 68
18,9,7,1247055.0,0.2,0,3,18,18,225.4,205.60000000000002,1,1,1,2,1,0,0,36,7,0.19444444444444445,283.7,147.3,431.0,66.19999999999999,0.15359628770301623,241.1,123.7,364.8,0.8464037122969837,0,8,93 78 31 38 4 28 58 94 5 19 70 11 23 79 39 57 73 63,35 98 81 16 7 69 41 99 95 44 97 84 30 27 45 21 20 13
18,9,7,1247055.0,0.2,0,4,18,12,225.4,138.50000000000003,1,1,1,2,1,0,0,30,5,0.16666666666666666,238.6,125.3,363.9,56.599999999999994,0.1555372355042594,203.7,103.6,307.29999999999995,0.8444627644957405,0,8,93 78 31 38 4 28 58 94 5 19 70 11 23 79 39 57 73 63,89 85 59 80 86 6 83 53 22 96 67 62
18,9,7,1247055.0,0.2,0,5,18,6,225.4,61.199999999999996,1,0,0,2,1,0,0,24,4,0.16666666666666666,192.8,93.8,286.6,35.79999999999999,0.1249127704117236,170.0,80.8,250.80000000000004,0.8750872295882764,0,8,93 78 31 38 4 28 58 94 5 19 70 11 23 79 39 57 73 63,50 33 91 15 49 61
18,9,7,1247055.0,0.2,0,6,18,25,225.4,232.0,1,1,1,2,1,0,0,43,6,0.13953488372093023,299.3,158.1,457.40000000000003,26.99999999999999,0.059029296020988165,283.1,147.3,430.40000000000003,0.9409707039790118,0,16,93 78 31 38 4 28 58 94 5 19 70 11 23 79 39 57 73 63,72 46 56 1 48 34 100 51 47 74 24 32 87 77 12 82 64 10 71 66 29 8 75 90 36
18,9,7,1247055.0,0.2,1,2,15,6,210.0,66.2,1,0,0,1,0,1,0,21,5,0.23809523809523808,186.8,89.4,276.2,75.4,0.27299058653149894,142.5,58.3,200.79999999999998,0.727009413468501,1,8,25 9 55 14 54 76 92 40 42 65 52 3 60 26 2,18 88 43 17 37 68
18,9,7,1247055.0,0.2,1,3,15,18,210.0,205.60000000000002,1,1,1,2,1,0,0,33,7,0.21212121212121213,282.1,133.5,415.6,78.0,0.18768046198267563,232.2,105.4,337.6,0.8123195380173244,0,8,25 9 55 14 54 76 92 40 42 65 52 3 60 26 2,35 98 81 16 7 69 41 99 95 44 97 84 30 27 45 21 20 13
18,9,7,1247055.0,0.2,1,4,15,12,210.0,138.50000000000003,1,1,1,2,1,0,0,27,5,0.18518518518518517,237.0,111.5,348.5,68.4,0.1962697274031564,194.8,85.3,280.1,0.8037302725968437,0,8,25 9 55 14 54 76 92 40 42 65 52 3 60 26 2,89 85 59 80 86 6 83 53 22 96 67 62
18,9,7,1247055.0,0.2,1,5,15,6,210.0,61.199999999999996,1,0,0,2,1,0,0,21,4,0.19047619047619047,191.2,80.0,271.2,47.6,0.17551622418879056,161.1,62.5,223.6,0.8244837758112095,0,8,25 9 55 14 54 76 92 40 42 65 52 3 60 26 2,50 33 91 15 49 61
18,9,7,1247055.0,0.2,1,6,15,25,210.0,232.0,1,1,1,2,1,0,0,40,5,0.125,297.7,144.3,441.99999999999994,28.3,0.06402714932126698,280.9,132.8,413.69999999999993,0.935972850678733,0,16,25 9 55 14 54 76 92 40 42 65 52 3 60 26 2,72 46 56 1 48 34 100 51 47 74 24 32 87 77 12 82 64 10 71 66 29 8 75 90 36
18,9,7,1247055.0,0.2,2,3,6,18,66.2,205.60000000000002,0,1,0,1,0,1,0,24,5,0.20833333333333334,173.3,98.5,271.79999999999995,63.30000000000001,0.23289183222958065,136.4,72.1,208.49999999999994,0.7671081677704193,1,8,18 88 43 17 37 68,35 98 81 16 7 69 41 99 95 44 97 84 30 27 45 21 20 13
18,9,7,1247055.0,0.2,2,4,6,12,66.2,138.50000000000003,0,1,0,1,0,1,0,18,6,0.3333333333333333,128.2,76.5,204.70000000000002,78.10000000000001,0.3815339521250611,83.1,43.5,126.60000000000001,0.618466047874939,1,1,18 88 43 17 37 68,89 85 59 80 86 6 83 53 22 96 67 62
18,9,7,1247055.0,0.2,2,5,6,6,66.2,61.199999999999996,0,0,0,1,0,1,0,12,3,0.25,82.4,45.0,127.4,39.2,0.3076923076923077,59.2,29.0,88.2,0.6923076923076923,1,1,18 88 43 17 37 68,50 33 91 15 49 61
18,9,7,1247055.0,0.2,2,6,6,25,66.2,232.0,0,1,0,1,0,1,0,31,7,0.22580645161290322,188.9,109.3,298.20000000000005,70.8,0.23742454728370216,147.9,79.5,227.40000000000003,0.7625754527162978,1,16,18 88 43 17 37 68,72 46 56 1 48 34 100 51 47 74 24 32 87 77 12 82 64 10 71 66 29 8 75 90 36
18,9,7,1247055.0,0.2,3,4,18,12,205.60000000000002,138.50000000000003,1,1,1,2,1,0,0,30,5,0.16666666666666666,223.5,120.6,344.1,69.10000000000002,0.20081371694274924,178.6,96.4,275.0,0.7991862830572507,0,8,35 98 81 16 7 69 41 99 95 44 97 84 30 27 45 21 20 13,89 85 59 80 86 6 83 53 22 96 67 62
18,9,7,1247055.0,0.2,3,5,18,6,205.60000000000002,61.199999999999996,1,0,0,1,0,1,0,24,4,0.16666666666666666,177.7,89.1,266.8,48.600000000000016,0.18215892053973018,145.5,72.7,218.2,0.8178410794602697,1,8,35 98 81 16 7 69 41 99 95 44 97 84 30 27 45 21 20 13,50 33 91 15 49 61
18,9,7,1247055.0,0.2,3,6,18,25,205.60000000000002,232.0,1,1,1,2,1,0,0,43,7,0.16279069767441862,284.2,153.4,437.6,73.60000000000004,0.16819012797074961,235.6,128.4,364.0,0.8318098720292504,0,16,35 98 81 16 7 69 41 99 95 44 97 84 30 27 45 21 20 13,72 46 56 1 48 34 100 51 47 74 24 32 87 77 12 82 64 10 71 66 29 8 75 90 36
18,9,7,1247055.0,0.2,4,5,12,6,138.50000000000003,61.199999999999996,1,0,0,1,0,1,0,18,3,0.16666666666666666,132.6,67.1,199.70000000000002,28.10000000000001,0.14071106659989988,116.4,55.2,171.60000000000002,0.8592889334001002,1,1,89 85 59 80 86 6 83 53 22 96 67 62,50 33 91 15 49 61
18,9,7,1247055.0,0.2,4,6,12,25,138.50000000000003,232.0,1,1,1,2,1,0,0,37,5,0.13513513513513514,239.1,131.4,370.5000000000001,55.80000000000001,0.1506072874493927,204.8,109.9,314.7000000000001,0.8493927125506073,0,8,89 85 59 80 86 6 83 53 22 96 67 62,72 46 56 1 48 34 100 51 47 74 24 32 87 77 12 82 64 10 71 66 29 8 75 90 36
18,9,7,1247055.0,0.2,5,6,6,25,61.199999999999996,232.0,0,1,0,2,1,0,0,31,4,0.12903225806451613,193.3,99.9,293.20000000000005,34.699999999999996,0.11834924965893585,171.2,87.3,258.50000000000006,0.8816507503410642,0,8,50 33 91 15 49 61,72 46 56 1 48 34 100 51 47 74 24 32 87 77 12 82 64 10 71 66 29 8 75 90 36
19,9,8,1273033.0,0.2,0,1,25,14,232.00000000000003,213.89999999999998,1,1,1,2,1,0,0,39,9,0.23076923076923078,291.7,154.2,445.9,74.49999999999999,0.1670778201390446,242.0,129.4,371.4,0.8329221798609554,0,64,36 90 75 8 29 66 71 10 64 82 12 77 87 32 24 74 47 51 100 34 48 1 56 46 72,25 63 73 57 39 79 23 11 70 19 5 83 53 22
19,9,8,1273033.0,0.2,0,2,25,11,232.00000000000003,107.5,1,1,1,2,1,0,0,36,9,0.25,223.1,116.4,339.5,74.30000000000001,0.2188512518409426,174.1,91.1,265.2,0.7811487481590574,0,64,36 90 75 8 29 66 71 10 64 82 12 77 87 32 24 74 47 51 100 34 48 1 56 46 72,50 78 31 38 4 28 58 94 93 85 89
19,9,8,1273033.0,0.2,0,3,25,7,232.00000000000003,82.40000000000002,1,1,1,1,0,1,0,32,12,0.375,198.6,115.8,314.4,101.10000000000005,0.3215648854961834,138.7,74.6,213.29999999999993,0.6784351145038167,1,64,36 90 75 8 29 66 71 10 64 82 12 77 87 32 24 74 47 51 100 34 48 1 56 46 72,21 45 27 88 43 17 2
19,9,8,1273033.0,0.2,0,4,25,14,232.00000000000003,171.0,1,1,1,2,1,0,0,39,9,0.23076923076923078,261.1,141.9,403.0,117.4,0.2913151364764268,187.9,97.7,285.6,0.7086848635235733,0,64,36 90 75 8 29 66 71 10 64 82 12 77 87 32 24 74 47 51 100 34 48 1 56 46 72,35 98 81 16 7 69 41 99 95 44 97 30 84 18
19,9,8,1273033.0,0.2,0,5,25,7,232.00000000000003,73.2,1,0,0,1,0,1,0,32,11,0.34375,195.7,109.5,305.2,86.10000000000002,0.28211009174311935,142.6,76.5,219.09999999999997,0.7178899082568807,1,64,36 90 75 8 29 66 71 10 64 82 12 77 87 32 24 74 47 51 100 34 48 1 56 46 72,62 67 59 80 6 86 96
19,9,8,1273033.0,0.2,0,6,25,7,232.00000000000003,78.5,1,1,1,1,0,1,0,32,12,0.375,203.5,107.0,310.5,97.20000000000003,0.31304347826086965,138.7,74.6,213.29999999999995,0.6869565217391302,1,64,36 90 75 8 29 66 71 10 64 82 12 77 87 32 24 74 47 51 100 34 48 1 56 46 72,13 49 33 91 15 20 61
19,9,8,1273033.0,0.2,0,7,25,15,232.00000000000003,180.39999999999998,1,1,1,2,1,0,0,40,7,0.175,278.7,133.7,412.4,24.900000000000023,0.0603782735208536,263.3,124.2,387.49999999999994,0.9396217264791463,0,64,36 90 75 8 29 66 71 10 64 82 12 77 87 32 24 74 47 51 100 34 48 1 56 46 72,37 68 9 55 14 54 76 92 40 42 65 52 3 60 26
19,9,8,1273033.0,0.2,1,2,14,11,213.89999999999998,107.5,1,1,1,2,1,0,0,25,6,0.24,215.0,106.4,321.4,82.3,0.25606720597386434,159.2,79.9,239.09999999999997,0.7439327940261357,0,24,25 63 73 57 39 79 23 11 70 19 5 83 53 22,50 78 31 38 4 28 58 94 93 85 89
19,9,8,1273033.0,0.2,1,3,14,7,213.89999999999998,82.40000000000002,1,1,1,1,0,1,0,21,12,0.5714285714285714,190.5,105.8,296.29999999999995,144.0,0.48599392507593664,99.4,52.9,152.29999999999995,0.5140060749240634,1,32,25 63 73 57 39 79 23 11 70 19 5 83 53 22,21 45 27 88 43 17 2
19,9,8,1273033.0,0.2,1,4,14,14,213.89999999999998,171.0,1,1,1,2,1,0,0,28,9,0.32142857142857145,253.0,131.9,384.9,132.1,0.3432060275396207,165.7,87.1,252.79999999999998,0.6567939724603793,0,32,25 63 73 57 39 79 23 11 70 19 5 83 53 22,35 98 81 16 7 69 41 99 95 44 97 30 84 18
19,9,8,1273033.0,0.2,1,5,14,7,213.89999999999998,73.2,1,0,0,1,0,1,0,21,9,0.42857142857142855,187.6,99.5,287.1,100.9,0.35144548937652387,123.1,63.1,186.20000000000002,0.6485545106234761,1,8,25 63 73 57 39 79 23 11 70 19 5 83 53 22,62 67 59 80 6 86 96
19,9,8,1273033.0,0.2,1,6,14,7,213.89999999999998,78.5,1,1,1,1,0,1,0,21,11,0.5238095238095238,195.4,97.0,292.4,129.39999999999998,0.4425444596443228,105.7,57.3,163.0,0.5574555403556772,1,32,25 63 73 57 39 79 23 11 70 19 5 83 53 22,13 49 33 91 15 20 61
19,9,8,1273033.0,0.2,1,7,14,15,213.89999999999998,180.39999999999998,1,1,1,2,1,0,0,29,5,0.1724137931034483,270.6,123.7,394.2999999999999,40.09999999999998,0.10169921379660155,242.7,111.5,354.19999999999993,0.8983007862033985,0,16,25 63 73 57 39 79 23 11 70 19 5 83 53 22,37 68 9 55 14 54 76 92 40 42 65 52 3 60 26
19,9,8,1273033.0,0.2,2,3,11,7,107.5,82.40000000000002,1,1,1,1,0,1,0,18,12,0.6666666666666666,121.9,68.0,189.9,135.90000000000003,0.7156398104265405,38.6,15.4,53.99999999999997,0.28436018957345954,1,1,50 78 31 38 4 28 58 94 93 85 89,21 45 27 88 43 17 2
19,9,8,1273033.0,0.2,2,4,11,14,107.5,171.0,1,1,1,1,0,1,0,25,10,0.4,184.4,94.1,278.5,127.70000000000002,0.45852782764811495,102.8,48.0,150.79999999999998,0.541472172351885,1,32,50 78 31 38 4 28 58 94 93 85 89,35 98 81 16 7 69 41 99 95 44 97 30 84 18
19,9,8,1273033.0,0.2,2,5,11,7,107.5,73.2,1,0,0,1,0,1,0,18,7,0.3888888888888889,119.0,61.7,180.7,79.10000000000001,0.4377421140011069,69.9,31.7,101.59999999999998,0.5622578859988931,1,1,50 78 31 38 4 28 58 94 93 85 89,62 67 59 80 6 86 96
19,9,8,1273033.0,0.2,2,6,11,7,107.5,78.5,1,1,1,1,0,1,0,18,11,0.6111111111111112,126.8,59.2,186.00000000000003,121.50000000000001,0.6532258064516129,45.3,19.2,64.50000000000001,0.3467741935483871,1,1,50 78 31 38 4 28 58 94 93 85 89,13 49 33 91 15 20 61
19,9,8,1273033.0,0.2,2,7,11,15,107.5,180.39999999999998,1,1,1,2,1,0,0,26,7,0.2692307692307692,202.0,85.9,287.9,59.500000000000014,0.20666898228551586,161.4,67.0,228.39999999999998,0.7933310177144842,0,32,50 78 31 38 4 28 58 94 93 85 89,37 68 9 55 14 54 76 92 40 42 65 52 3 60 26
19,9,8,1273033.0,0.2,3,4,7,14,82.40000000000002,171.0,1,1,1,1,0,1,0,21,10,0.47619047619047616,159.9,93.5,253.4,122.4,0.48303078137332284,84.8,46.2,131.0,0.5169692186266772,1,32,21 45 27 88 43 17 2,35 98 81 16 7 69 41 99 95 44 97 30 84 18
19,9,8,1273033.0,0.2,3,5,7,7,82.40000000000002,73.2,1,0,0,0,0,1,1,14,14,1.0,94.5,61.1,155.6,155.60000000000002,1.0000000000000002,0.0,0.0,0.0,0.0,1,0,21 45 27 88 43 17 2,62 67 59 80 6 86 96
19,9,8,1273033.0,0.2,3,6,7,7,82.40000000000002,78.5,1,1,1,1,0,1,0,14,12,0.8571428571428571,102.3,58.6,160.9,146.3,0.9092604101926663,9.6,5.0,14.599999999999994,0.09073958980733371,1,1,21 45 27 88 43 17 2,13 49 33 91 15 20 61
19,9,8,1273033.0,0.2,3,7,7,15,82.40000000000002,180.39999999999998,1,1,1,1,0,1,0,22,9,0.4090909090909091,177.5,85.3,262.79999999999995,88.60000000000002,0.3371385083713852,124.6,49.6,174.19999999999993,0.6628614916286147,1,16,21 45 27 88 43 17 2,37 68 9 55 14 54 76 92 40 42 65 52 3 60 26
19,9,8,1273033.0,0.2,4,5,14,7,171.0,73.2,1,0,0,1,0,1,0,21,13,0.6190476190476191,157.0,87.2,244.20000000000005,164.60000000000002,0.674037674037674,53.6,26.0,79.60000000000002,0.325962325962326,1,32,35 98 81 16 7 69 41 99 95 44 97 30 84 18,62 67 59 80 6 86 96
19,9,8,1273033.0,0.2,4,6,14,7,171.0,78.5,1,1,1,1,0,1,0,21,11,0.5238095238095238,164.8,84.7,249.50000000000003,134.9,0.5406813627254509,77.5,37.1,114.60000000000002,0.45931863727454914,1,32,35 98 81 16 7 69 41 99 95 44 97 30 84 18,13 49 33 91 15 20 61
19,9,8,1273033.0,0.2,4,7,14,15,171.0,180.39999999999998,1,1,1,2,1,0,0,29,6,0.20689655172413793,240.0,111.4,351.3999999999999,90.7,0.2581104154809335,183.3,77.4,260.69999999999993,0.7418895845190666,0,24,35 98 81 16 7 69 41 99 95 44 97 30 84 18,37 68 9 55 14 54 76 92 40 42 65 52 3 60 26
19,9,8,1273033.0,0.2,5,6,7,7,73.2,78.5,0,1,0,0,0,1,1,14,14,1.0,99.4,52.3,151.70000000000002,151.7,0.9999999999999998,0.0,0.0,2.842170943040401e-14,1.8735470949508242e-16,1,0,62 67 59 80 6 86 96,13 49 33 91 15 20 61
19,9,8,1273033.0,0.2,5,7,7,15,73.2,180.39999999999998,0,1,0,1,0,1,0,22,9,0.4090909090909091,174.6,79.0,253.6,79.4,0.3130914826498423,124.6,49.6,174.2,0.6869085173501577,1,16,62 67 59 80 6 86 96,37 68 9 55 14 54 76 92 40 42 65 52 3 60 26
19,9,8,1273033.0,0.2,6,7,7,15,78.5,180.39999999999998,1,1,1,1,0,1,0,22,9,0.4090909090909091,182.4,76.5,258.9,84.7,0.3271533410583237,124.6,49.6,174.2,0.6728466589416764,1,16,13 49 33 91 15 20 61,37 68 9 55 14 54 76 92 40 42 65 52 3 60 26
20,10,7,1249913.0,0.2,0,1,14,7,194.6,61.8,1,0,0,1,0,1,0,21,7,0.3333333333333333,175.1,81.3,256.40000000000003,61.8,0.24102964118564738,138.3,56.3,194.60000000000002,0.7589703588143526,1,32,25 9 55 14 54 76 92 40 42 65 52 3 60 26,88 27 45 36 21 49 13
20,10,7,1249913.0,0.2,0,2,14,13,194.6,161.0,1,1,1,2,1,0,0,27,5,0.18518518518518517,243.6,112.0,355.59999999999997,58.599999999999994,0.16479190101237345,205.5,91.5,297.0,0.8352080989876266,0,24,25 9 55 14 54 76 92 40 42 65 52 3 60 26,44 35 98 81 16 7 69 41 99 95 97 30 84
20,10,7,1249913.0,0.2,0,3,14,17,194.6,214.89999999999998,1,1,1,2,1,0,0,31,2,0.06451612903225806,281.0,128.5,409.5,6.599999999999994,0.016117216117216105,276.8,126.1,402.9,0.9838827838827838,0,4,25 9 55 14 54 76 92 40 42 65 52 3 60 26,63 73 57 79 39 23 11 70 19 5 38 4 94 28 58 31 78
20,10,7,1249913.0,0.2,0,4,14,20,194.6,219.30000000000004,1,1,1,2,1,0,0,34,9,0.2647058823529412,285.1,128.8,413.9,84.40000000000003,0.2039139888862045,226.7,102.8,329.49999999999994,0.7960860111137955,0,16,25 9 55 14 54 76 92 40 42 65 52 3 60 26,61 20 15 91 33 90 50 93 80 86 6 83 53 22 96 62 67 59 85 89
20,10,7,1249913.0,0.2,0,5,14,23,194.6,227.40000000000003,1,1,1,2,1,0,0,37,4,0.10810810810810811,285.6,136.4,421.9999999999999,18.80000000000001,0.04454976303317539,274.2,129.0,403.1999999999999,0.9554502369668246,0,8,25 9 55 14 54 76 92 40 42 65 52 3 60 26,75 8 29 66 71 10 64 82 12 77 87 32 24 74 47 51 34 100 48 1 56 46 72
20,10,7,1249913.0,0.2,0,6,14,6,194.6,59.9,1,0,0,1,0,1,0,20,6,0.3,174.1,80.4,254.5,59.900000000000006,0.23536345776031437,138.3,56.3,194.6,0.7646365422396857,1,32,25 9 55 14 54 76 92 40 42 65 52 3 60 26,18 17 43 37 68 2
20,10,7,1249913.0,0.2,1,2,7,13,61.8,161.0,0,1,0,1,0,1,0,20,8,0.4,142.1,80.7,222.8,62.69999999999999,0.2814183123877917,103.8,56.3,160.10000000000002,0.7185816876122083,1,1,88 27 45 36 21 49 13,44 35 98 81 16 7 69 41 99 95 97 30 84
20,10,7,1249913.0,0.2,1,3,7,17,61.8,214.89999999999998,0,1,0,1,0,1,0,24,10,0.4166666666666667,179.5,97.2,276.7,86.89999999999999,0.3140585471629924,127.1,62.7,189.8,0.6859414528370077,1,32,88 27 45 36 21 49 13,63 73 57 79 39 23 11 70 19 5 38 4 94 28 58 31 78
20,10,7,1249913.0,0.2,1,4,7,20,61.8,219.30000000000004,0,1,0,1,0,1,0,27,12,0.4444444444444444,183.6,97.5,281.1,118.50000000000003,0.42155816435432236,107.3,55.3,162.6,0.5784418356456776,1,32,88 27 45 36 21 49 13,61 20 15 91 33 90 50 93 80 86 6 83 53 22 96 62 67 59 85 89
20,10,7,1249913.0,0.2,1,5,7,23,61.8,227.40000000000003,0,1,0,1,0,1,0,30,11,0.36666666666666664,184.1,105.1,289.19999999999993,80.60000000000001,0.2786998616874137,135.9,72.7,208.5999999999999,0.7213001383125863,1,32,88 27 45 36 21 49 13,75 8 29 66 71 10 64 82 12 77 87 32 24 74 47 51 34 100 48 1 56 46 72
20,10,7,1249913.0,0.2,1,6,7,6,61.8,59.9,0,0,0,1,0,1,0,13,11,0.8461538461538461,72.6,49.1,121.7,94.1,0.7732128184059162,15.5,12.1,27.60000000000001,0.22678718159408387,1,1,88 27 45 36 21 49 13,18 17 43 37 68 2
20,10,7,1249913.0,0.2,2,3,13,17,161.0,214.89999999999998,1,1,1,2,1,0,0,30,7,0.23333333333333334,248.0,127.9,375.9,74.19999999999999,0.19739292364990688,199.8,101.9,301.7,0.8026070763500931,0,32,44 35 98 81 16 7 69 41 99 95 97 30 84,63 73 57 79 39 23 11 70 19 5 38 4 94 28 58 31 78
20,10,7,1249913.0,0.2,2,4,13,20,161.0,219.30000000000004,1,1,1,2,1,0,0,33,7,0.21212121212121213,252.1,128.2,380.29999999999995,83.30000000000001,0.21903760189324223,199.3,97.7,296.99999999999994,0.7809623981067577,0,32,44 35 98 81 16 7 69 41 99 95 97 30 84,61 20 15 91 33 90 50 93 80 86 6 83 53 22 96 62 67 59 85 89
20,10,7,1249913.0,0.2,2,5,13,23,161.0,227.40000000000003,1,1,1,2,1,0,0,36,9,0.25,252.6,135.8,388.3999999999999,79.80000000000001,0.20545829042224517,200.1,108.5,308.5999999999999,0.7945417095777548,0,32,44 35 98 81 16 7 69 41 99 95 97 30 84,75 8 29 66 71 10 64 82 12 77 87 32 24 74 47 51 34 100 48 1 56 46 72
20,10,7,1249913.0,0.2,2,6,13,6,161.0,59.9,1,0,0,1,0,1,0,19,8,0.42105263157894735,141.1,79.8,220.9,79.89999999999999,0.36170212765957444,88.1,52.9,141.0,0.6382978723404256,1,1,44 35 98 81 16 7 69 41 99 95 97 30 84,18 17 43 37 68 2
20,10,7,1249913.0,0.2,3,4,17,20,214.89999999999998,219.30000000000004,1,1,1,2,1,0,0,37,10,0.2702702702702703,289.5,144.7,434.2,95.10000000000002,0.21902349147858136,225.3,113.8,339.09999999999997,0.7809765085214186,0,16,63 73 57 79 39 23 11 70 19 5 38 4 94 28 58 31 78,61 20 15 91 33 90 50 93 80 86 6 83 53 22 96 62 67 59 85 89
20,10,7,1249913.0,0.2,3,5,17,23,214.89999999999998,227.40000000000003,1,1,1,2,1,0,0,40,4,0.1,290.0,152.3,442.3,30.400000000000006,0.06873163011530636,271.7,140.2,411.9,0.9312683698846935,0,8,63 73 57 79 39 23 11 70 19 5 38 4 94 28 58 31 78,75 8 29 66 71 10 64 82 12 77 87 32 24 74 47 51 34 100 48 1 56 46 72
20,10,7,1249913.0,0.2,3,6,17,6,214.89999999999998,59.9,1,0,0,1,0,1,0,23,9,0.391304347826087,178.5,96.3,274.79999999999995,85.0,0.3093158660844251,127.1,62.7,189.79999999999995,0.6906841339155749,1,32,63 73 57 79 39 23 11 70 19 5 38 4 94 28 58 31 78,18 17 43 37 68 2
20,10,7,1249913.0,0.2,4,5,20,23,219.30000000000004,227.40000000000003,1,1,1,2,1,0,0,43,11,0.2558139534883721,294.1,152.6,446.7,103.20000000000005,0.2310275352585629,224.9,118.6,343.49999999999994,0.7689724647414371,0,16,61 20 15 91 33 90 50 93 80 86 6 83 53 22 96 62 67 59 85 89,75 8 29 66 71 10 64 82 12 77 87 32 24 74 47 51 34 100 48 1 56 46 72
20,10,7,1249913.0,0.2,4,6,20,6,219.30000000000004,59.9,1,0,0,1,0,1,0,26,12,0.46153846153846156,182.6,96.6,279.2,132.3,0.4738538681948425,98.6,48.3,146.89999999999998,0.5261461318051576,1,32,61 20 15 91 33 90 50 93 80 86 6 83 53 22 96 62 67 59 85 89,18 17 43 37 68 2
20,10,7,1249913.0,0.2,5,6,23,6,227.40000000000003,59.9,1,0,0,1,0,1,0,29,10,0.3448275862068966,183.1,104.2,287.29999999999995,78.70000000000002,0.2739296902192831,135.9,72.7,208.59999999999994,0.726070309780717,1,32,75 8 29 66 71 10 64 82 12 77 87 32 24 74 47 51 34 100 48 1 56 46 72,18 17 43 37 68 2
21,10,8,1274465.0,0.2,0,1,14,17,194.6,180.1,1,1,1,2,1,0,0,31,8,0.25806451612903225,258.1,116.6,374.7,83.1,0.22177742193755004,206.2,85.4,291.6,0.7782225780624501,0,32,25 9 55 14 54 76 92 40 42 65 52 3 60 26,89 85 59 67 62 96 22 53 83 6 86 80 93 50 90 33 91
21,10,8,1274465.0,0.2,0,2,14,5,194.6,59.8,1,0,0,1,0,1,0,19,5,0.2631578947368421,177.6,76.8,254.40000000000003,59.8,0.23506289308176095,138.3,56.3,194.60000000000002,0.764937106918239,1,16,25 9 55 14 54 76 92 40 42 65 52 3 60 26,61 20 15 49 13
21,10,8,1274465.0,0.2,0,3,14,11,194.6,152.7,1,1,1,2,1,0,0,25,5,0.2,234.3,113.0,347.3,84.4,0.2430175640656493,183.2,79.7,262.9,0.7569824359343507,0,16,25 9 55 14 54 76 92 40 42 65 52 3 60 26,98 81 16 7 69 41 99 95 30 84 88
21,10,8,1274465.0,0.2,0,4,14,7,194.6,49.5,1,0,0,1,0,1,0,21,7,0.3333333333333333,172.1,72.0,244.1,49.5,0.20278574354772635,138.3,56.3,194.6,0.7972142564522736,1,64,25 9 55 14 54 76 92 40 42 65 52 3 60 26,21 36 45 27 97 44 35
21,10,8,1274465.0,0.2,0,5,14,6,194.6,59.900000000000006,1,0,0,1,0,1,0,20,6,0.3,174.1,80.4,254.49999999999997,59.900000000000006,0.2353634577603144,138.3,56.3,194.59999999999997,0.7646365422396856,1,64,25 9 55 14 54 76 92 40 42 65 52 3 60 26,2 68 37 43 17 18
21,10,8,1274465.0,0.2,0,6,14,21,194.6,219.10000000000002,1,1,1,2,1,0,0,35,1,0.02857142857142857,280.9,132.8,413.70000000000005,2.8000000000000114,0.006768189509306287,279.1,131.8,410.90000000000003,0.9932318104906938,0,2,25 9 55 14 54 76 92 40 42 65 52 3 60 26,56 1 48 100 34 51 47 74 24 32 87 77 12 82 64 10 71 66 29 8 75
21,10,8,1274465.0,0.2,0,7,14,19,194.6,223.20000000000002,1,1,1,2,1,0,0,33,5,0.15151515151515152,285.7,132.1,417.8,29.599999999999998,0.07084729535662997,266.6,121.6,388.2,0.92915270464337,0,24,25 9 55 14 54 76 92 40 42 65 52 3 60 26,72 46 78 31 58 28 94 4 38 5 19 70 11 23 39 79 57 73 63
21,10,8,1274465.0,0.2,1,2,17,5,180.1,59.8,1,0,0,1,0,1,0,22,9,0.4090909090909091,159.1,80.8,239.90000000000003,104.69999999999999,0.43643184660275103,92.2,43.0,135.20000000000005,0.563568153397249,1,32,89 85 59 67 62 96 22 53 83 6 86 80 93 50 90 33 91,61 20 15 49 13
21,10,8,1274465.0,0.2,1,3,17,11,180.1,152.7,1,1,1,2,1,0,0,28,7,0.25,215.8,117.0,332.79999999999995,99.5,0.2989783653846154,153.9,79.4,233.29999999999995,0.7010216346153846,0,64,89 85 59 67 62 96 22 53 83 6 86 80 93 50 90 33 91,98 81 16 7 69 41 99 95 30 84 88
21,10,8,1274465.0,0.2,1,4,17,7,180.1,49.5,1,0,0,1,0,1,0,24,12,0.5,153.6,76.0,229.59999999999997,107.7,0.46907665505226487,85.3,36.6,121.89999999999996,0.5309233449477351,1,64,89 85 59 67 62 96 22 53 83 6 86 80 93 50 90 33 91,21 36 45 27 97 44 35
21,10,8,1274465.0,0.2,1,5,17,6,180.1,59.900000000000006,1,0,0,1,0,1,0,23,13,0.5652173913043478,155.6,84.4,239.99999999999997,141.0,0.5875,70.8,28.2,98.99999999999997,0.4124999999999999,1,64,89 85 59 67 62 96 22 53 83 6 86 80 93 50 90 33 91,2 68 37 43 17 18
21,10,8,1274465.0,0.2,1,6,17,21,180.1,219.10000000000002,1,1,1,2,1,0,0,38,10,0.2631578947368421,262.4,136.8,399.20000000000005,92.9,0.23271543086172344,203.4,102.9,306.30000000000007,0.7672845691382766,0,32,89 85 59 67 62 96 22 53 83 6 86 80 93 50 90 33 91,56 1 48 100 34 51 47 74 24 32 87 77 12 82 64 10 71 66 29 8 75
21,10,8,1274465.0,0.2,1,7,17,19,180.1,223.20000000000002,1,1,1,2,1,0,0,36,9,0.25,267.2,136.1,403.3,102.19999999999999,0.2534093726754277,202.8,98.3,301.1,0.7465906273245723,0,32,89 85 59 67 62 96 22 53 83 6 86 80 93 50 90 33 91,72 46 78 31 58 28 94 4 38 5 19 70 11 23 39 79 57 73 63
21,10,8,1274465.0,0.2,2,3,5,11,59.8,152.7,0,1,0,1,0,1,0,16,8,0.5,135.3,77.2,212.50000000000003,115.20000000000002,0.5421176470588235,62.1,35.2,97.30000000000001,0.45788235294117646,1,1,61 20 15 49 13,98 81 16 7 69 41 99 95 30 84 88
21,10,8,1274465.0,0.2,2,4,5,7,59.8,49.5,0,0,0,0,0,1,1,12,12,1.0,73.1,36.2,109.29999999999998,109.3,1.0000000000000002,0.0,0.0,0.0,0.0,1,0,61 20 15 49 13,21 36 45 27 97 44 35
21,10,8,1274465.0,0.2,2,5,5,6,59.8,59.900000000000006,0,0,0,0,0,1,1,11,11,1.0,75.1,44.6,119.7,119.70000000000002,1.0000000000000002,0.0,0.0,0.0,0.0,1,0,61 20 15 49 13,2 68 37 43 17 18
21,10,8,1274465.0,0.2,2,6,5,21,59.8,219.10000000000002,0,1,0,1,0,1,0,26,6,0.23076923076923078,181.9,97.0,278.90000000000003,62.60000000000001,0.2244532090354966,140.8,75.5,216.3,0.7755467909645034,1,32,61 20 15 49 13,56 1 48 100 34 51 47 74 24 32 87 77 12 82 64 10 71 66 29 8 75
21,10,8,1274465.0,0.2,2,7,5,19,59.8,223.20000000000002,0,1,0,1,0,1,0,24,10,0.4166666666666667,186.7,96.3,283.0,101.99999999999997,0.36042402826855113,120.2,60.8,181.00000000000003,0.6395759717314489,1,32,61 20 15 49 13,72 46 78 31 58 28 94 4 38 5 19 70 11 23 39 79 57 73 63
21,10,8,1274465.0,0.2,3,4,11,7,152.7,49.5,1,0,0,1,0,1,0,18,8,0.4444444444444444,129.8,72.4,202.2,100.60000000000001,0.4975272007912958,69.0,32.6,101.59999999999998,0.5024727992087041,1,1,98 81 16 7 69 41 99 95 30 84 88,21 36 45 27 97 44 35
21,10,8,1274465.0,0.2,3,5,11,6,152.7,59.900000000000006,1,0,0,1,0,1,0,17,11,0.6470588235294118,131.8,80.8,212.60000000000002,132.0,0.6208842897460018,52.3,28.3,80.60000000000002,0.3791157102539982,1,1,98 81 16 7 69 41 99 95 30 84 88,2 68 37 43 17 18
21,10,8,1274465.0,0.2,3,6,11,21,152.7,219.10000000000002,1,1,1,2,1,0,0,32,6,0.1875,238.6,133.2,371.8,89.60000000000001,0.24098977945131791,184.7,97.5,282.2,0.7590102205486821,0,32,98 81 16 7 69 41 99 95 30 84 88,56 1 48 100 34 51 47 74 24 32 87 77 12 82 64 10 71 66 29 8 75
21,10,8,1274465.0,0.2,3,7,11,19,152.7,223.20000000000002,1,1,1,2,1,0,0,30,7,0.23333333333333334,243.4,132.5,375.90000000000003,105.39999999999999,0.28039372173450383,179.2,91.3,270.50000000000006,0.7196062782654963,0,64,98 81 16 7 69 41 99 95 30 84 88,72 46 78 31 58 28 94 4 38 5 19 70 11 23 39 79 57 73 63
21,10,8,1274465.0,0.2,4,5,7,6,49.5,59.900000000000006,0,0,0,0,0,1,1,13,13,1.0,69.6,39.8,109.40000000000002,109.4,0.9999999999999999,0.0,0.0,1.4210854715202004e-14,1.298981235393236e-16,1,0,21 36 45 27 97 44 35,2 68 37 43 17 18
21,10,8,1274465.0,0.2,4,6,7,21,49.5,219.10000000000002,0,1,0,1,0,1,0,28,8,0.2857142857142857,176.4,92.2,268.6,52.30000000000001,0.19471332836932242,140.8,75.5,216.3,0.8052866716306776,1,64,21 36 45 27 97 44 35,56 1 48 100 34 51 47 74 24 32 87 77 12 82 64 10 71 66 29 8 75
21,10,8,1274465.0,0.2,4,7,7,19,49.5,223.20000000000002,0,1,0,1,0,1,0,26,12,0.46153846153846156,181.2,91.5,272.7,91.69999999999997,0.3362669600293362,120.2,60.8,181.0,0.6637330399706638,1,64,21 36 45 27 97 44 35,72 46 78 31 58 28 94 4 38 5 19 70 11 23 39 79 57 73 63
21,10,8,1274465.0,0.2,5,6,6,21,59.900000000000006,219.10000000000002,0,1,0,1,0,1,0,27,7,0.25925925925925924,178.4,100.6,279.00000000000006,62.70000000000002,0.22473118279569895,140.8,75.5,216.30000000000004,0.7752688172043011,1,64,2 68 37 43 17 18,56 1 48 100 34 51 47 74 24 32 87 77 12 82 64 10 71 66 29 8 75
21,10,8,1274465.0,0.2,5,7,6,19,59.900000000000006,223.20000000000002,0,1,0,1,0,1,0,25,11,0.44,183.2,99.9,283.09999999999997,102.1,0.360649947015189,120.2,60.8,180.99999999999997,0.639350052984811,1,64,2 68 37 43 17 18,72 46 78 31 58 28 94 4 38 5 19 70 11 23 39 79 57 73 63
21,10,8,1274465.0,0.2,6,7,21,19,219.10000000000002,223.20000000000002,1,1,1,2,1,0,0,40,4,0.1,290.0,152.3,442.3,37.79999999999998,0.08546235586705851,266.8,137.7,404.5,0.9145376441329415,0,24,56 1 48 100 34 51 47 74 24 32 87 77 12 82 64 10 71 66 29 8 75,72 46 78 31 58 28 94 4 38 5 19 70 11 23 39 79 57 73 63
22,11,7,1240913.0,0.2,0,1,13,6,174.2,59.9,1,0,0,1,0,1,0,19,6,0.3157894736842105,160.4,73.7,234.09999999999997,59.9,0.25587355830841524,124.6,49.6,174.19999999999996,0.7441264416915847,1,16,9 55 14 54 76 92 40 42 65 52 3 60 26,18 17 43 37 68 2
22,11,7,1240913.0,0.2,0,2,13,18,174.2,217.3,1,1,1,2,1,0,0,31,7,0.22580645161290322,266.0,125.5,391.50000000000006,70.40000000000002,0.1798212005108557,218.1,103.0,321.1,0.8201787994891443,0,16,9 55 14 54 76 92 40 42 65 52 3 60 26,88 84 30 44 35 98 81 16 7 69 41 99 95 97 27 45 20 13
22,11,7,1240913.0,0.2,0,3,13,23,174.2,227.4,1,1,1,2,1,0,0,36,2,0.05555555555555555,271.9,129.7,401.6,8.3,0.020667330677290836,267.2,126.1,393.3,0.9793326693227091,0,7,9 55 14 54 76 92 40 42 65 52 3 60 26,72 46 56 1 48 100 34 51 47 74 24 32 87 77 12 82 64 10 71 66 29 8 75
22,11,7,1240913.0,0.2,0,4,13,17,174.2,220.29999999999998,1,1,1,2,1,0,0,30,4,0.13333333333333333,274.5,120.0,394.49999999999994,55.3,0.14017743979721167,239.0,100.2,339.19999999999993,0.8598225602027882,0,8,9 55 14 54 76 92 40 42 65 52 3 60 26,50 78 31 38 4 28 58 94 5 11 23 39 79 57 73 63 25
22,11,7,1240913.0,0.2,0,5,13,8,174.2,65.5,1,0,0,1,0,1,0,21,5,0.23809523809523808,167.7,72.0,239.7,32.800000000000004,0.13683771380892784,148.3,58.6,206.89999999999998,0.8631622861910722,1,8,9 55 14 54 76 92 40 42 65 52 3 60 26,21 36 90 33 91 15 49 61
22,11,7,1240913.0,0.2,0,6,13,15,174.2,174.3,1,1,1,2,1,0,0,28,3,0.10714285714285714,235.5,113.0,348.50000000000006,26.29999999999999,0.07546628407460541,217.0,105.2,322.20000000000005,0.9245337159253946,0,8,9 55 14 54 76 92 40 42 65 52 3 60 26,89 85 93 80 86 6 19 70 83 53 22 96 59 67 62
22,11,7,1240913.0,0.2,1,2,6,18,59.9,217.3,0,1,0,1,0,1,0,24,9,0.375,177.2,100.0,277.20000000000005,107.29999999999998,0.387085137085137,112.9,57.0,169.90000000000006,0.6129148629148631,1,16,18 17 43 37 68 2,88 84 30 44 35 98 81 16 7 69 41 99 95 97 27 45 20 13
22,11,7,1240913.0,0.2,1,3,6,23,59.9,227.4,0,1,0,1,0,1,0,29,8,0.27586206896551724,183.1,104.2,287.3,68.2,0.23738252697528717,142.6,76.5,219.10000000000002,0.7626174730247129,1,16,18 17 43 37 68 2,72 46 56 1 48 100 34 51 47 74 24 32 87 77 12 82 64 10 71 66 29 8 75
22,11,7,1240913.0,0.2,1,4,6,17,59.9,220.29999999999998,0,1,0,1,0,1,0,23,10,0.43478260869565216,185.7,94.5,280.2,122.80000000000001,0.43825838686652396,106.6,50.8,157.39999999999998,0.561741613133476,1,32,18 17 43 37 68 2,50 78 31 38 4 28 58 94 5 11 23 39 79 57 73 63 25
22,11,7,1240913.0,0.2,1,5,6,8,59.9,65.5,0,0,0,1,0,1,0,14,9,0.6428571428571429,78.9,46.5,125.4,73.1,0.5829346092503986,36.4,15.9,52.30000000000001,0.41706539074960136,1,1,18 17 43 37 68 2,21 36 90 33 91 15 49 61
22,11,7,1240913.0,0.2,1,6,6,15,59.9,174.3,0,1,0,1,0,1,0,21,9,0.42857142857142855,146.7,87.5,234.20000000000002,94.0,0.4013663535439795,89.7,50.5,140.20000000000002,0.5986336464560206,1,1,18 17 43 37 68 2,89 85 93 80 86 6 19 70 83 53 22 96 59 67 62
22,11,7,1240913.0,0.2,2,3,18,23,217.3,227.4,1,1,1,2,1,0,0,41,8,0.1951219512195122,288.7,156.0,444.7,105.80000000000003,0.23791319991005178,220.3,118.6,338.9,0.7620868000899482,0,17,88 84 30 44 35 98 81 16 7 69 41 99 95 97 27 45 20 13,72 46 56 1 48 100 34 51 47 74 24 32 87 77 12 82 64 10 71 66 29 8 75
22,11,7,1240913.0,0.2,2,4,18,17,217.3,220.29999999999998,1,1,1,2,1,0,0,35,10,0.2857142857142857,291.3,146.3,437.59999999999997,137.0,0.3130712979890311,206.0,94.6,300.59999999999997,0.6869287020109689,0,32,88 84 30 44 35 98 81 16 7 69 41 99 95 97 27 45 20 13,50 78 31 38 4 28 58 94 5 11 23 39 79 57 73 63 25
22,11,7,1240913.0,0.2,2,5,18,8,217.3,65.5,1,0,0,1,0,1,0,26,8,0.3076923076923077,184.5,98.3,282.8,87.9,0.3108203677510608,131.3,63.6,194.9,0.6891796322489392,1,16,88 84 30 44 35 98 81 16 7 69 41 99 95 97 27 45 20 13,21 36 90 33 91 15 49 61
22,11,7,1240913.0,0.2,2,6,18,15,217.3,174.3,1,1,1,2,1,0,0,33,10,0.30303030303030304,252.3,139.3,391.6,96.50000000000001,0.24642492339121555,190.8,104.3,295.1,0.7535750766087845,0,16,88 84 30 44 35 98 81 16 7 69 41 99 95 97 27 45 20 13,89 85 93 80 86 6 19 70 83 53 22 96 59 67 62
22,11,7,1240913.0,0.2,3,4,23,17,227.4,220.29999999999998,1,1,1,2,1,0,0,40,7,0.175,297.2,150.5,447.7,87.40000000000002,0.19522001340183162,238.9,121.4,360.29999999999995,0.8047799865981683,0,16,72 46 56 1 48 100 34 51 47 74 24 32 87 77 12 82 64 10 71 66 29 8 75,50 78 31 38 4 28 58 94 5 11 23 39 79 57 73 63 25
22,11,7,1240913.0,0.2,3,5,23,8,227.4,65.5,1,0,0,1,0,1,0,31,8,0.25806451612903225,190.4,102.5,292.8999999999999,65.5,0.22362581085694783,147.3,80.1,227.39999999999992,0.7763741891430522,1,8,72 46 56 1 48 100 34 51 47 74 24 32 87 77 12 82 64 10 71 66 29 8 75,21 36 90 33 91 15 49 61
22,11,7,1240913.0,0.2,3,6,23,15,227.4,174.3,1,1,1,2,1,0,0,38,6,0.15789473684210525,258.2,143.5,401.7,63.00000000000001,0.1568334578043316,217.4,121.3,338.7,0.8431665421956684,0,8,72 46 56 1 48 100 34 51 47 74 24 32 87 77 12 82 64 10 71 66 29 8 75,89 85 93 80 86 6 19 70 83 53 22 96 59 67 62
22,11,7,1240913.0,0.2,4,5,17,8,220.29999999999998,65.5,1,0,0,1,0,1,0,25,9,0.36,193.0,92.8,285.79999999999995,94.4,0.3303009097270819,133.9,57.5,191.39999999999995,0.6696990902729181,1,16,50 78 31 38 4 28 58 94 5 11 23 39 79 57 73 63 25,21 36 90 33 91 15 49 61
22,11,7,1240913.0,0.2,4,6,17,15,220.29999999999998,174.3,1,1,1,2,1,0,0,32,5,0.15625,260.8,133.8,394.59999999999997,68.29999999999998,0.1730866700456158,217.3,109.0,326.29999999999995,0.8269133299543842,0,16,50 78 31 38 4 28 58 94 5 11 23 39 79 57 73 63 25,89 85 93 80 86 6 19 70 83 53 22 96 59 67 62
22,11,7,1240913.0,0.2,5,6,8,15,65.5,174.3,0,1,0,1,0,1,0,23,8,0.34782608695652173,154.0,85.8,239.8,58.50000000000001,0.24395329441201002,119.1,62.2,181.3,0.75604670558799,1,8,21 36 90 33 91 15 49 61,89 85 93 80 86 6 19 70 83 53 22 96 59 67 62
23,11,8,1271035.0,0.2,0,1,16,14,195.8,213.89999999999998,1,1,1,2,1,0,0,30,7,0.23333333333333334,280.1,129.6,409.69999999999993,59.09999999999996,0.14425189162802043,240.5,110.1,350.59999999999997,0.8557481083719796,0,64,2 9 55 14 54 76 92 40 42 65 52 3 60 26 68 37,25 63 73 57 79 39 23 11 70 19 5 83 53 22
23,11,8,1271035.0,0.2,0,2,16,11,195.8,107.49999999999999,1,1,1,2,1,0,0,27,9,0.3333333333333333,211.5,91.8,303.3,77.89999999999999,0.2568414111440817,159.4,66.0,225.40000000000003,0.7431585888559183,0,64,2 9 55 14 54 76 92 40 42 65 52 3 60 26 68 37,89 85 93 94 58 28 4 38 31 78 50
23,11,8,1271035.0,0.2,0,3,16,23,195.8,227.40000000000003,1,1,1,2,1,0,0,39,6,0.15384615384615385,285.6,137.6,423.19999999999993,35.70000000000001,0.08435727788279777,263.3,124.2,387.49999999999994,0.9156427221172023,0,64,2 9 55 14 54 76 92 40 42 65 52 3 60 26 68 37,75 8 29 66 71 10 64 82 12 77 87 32 24 74 47 51 34 100 48 1 56 46 72
23,11,8,1271035.0,0.2,0,4,16,7,195.8,73.19999999999999,1,0,0,1,0,1,0,23,10,0.43478260869565216,184.1,84.9,269.00000000000006,94.79999999999998,0.35241635687732326,124.6,49.6,174.20000000000007,0.6475836431226767,1,64,2 9 55 14 54 76 92 40 42 65 52 3 60 26 68 37,96 86 6 80 59 67 62
23,11,8,1271035.0,0.2,0,5,16,9,195.8,82.2,1,1,1,1,0,1,0,25,11,0.44,193.1,84.9,278.0,99.59999999999998,0.35827338129496394,127.8,50.6,178.40000000000003,0.6417266187050361,1,32,2 9 55 14 54 76 92 40 42 65 52 3 60 26 68 37,21 36 90 33 91 15 49 20 13
23,11,8,1271035.0,0.2,0,6,16,5,195.8,49.599999999999994,1,0,0,1,0,1,0,21,8,0.38095238095238093,168.6,76.8,245.4,71.19999999999999,0.2901385493072534,124.6,49.6,174.20000000000002,0.7098614506927466,1,64,2 9 55 14 54 76 92 40 42 65 52 3 60 26 68 37,61 45 27 88 18
23,11,8,1271035.0,0.2,0,7,16,15,195.8,189.29999999999998,1,1,1,2,1,0,0,31,8,0.25806451612903225,259.8,125.3,385.09999999999997,112.49999999999997,0.2921319137886263,190.3,82.3,272.6,0.7078680862113738,0,32,2 9 55 14 54 76 92 40 42 65 52 3 60 26 68 37,84 30 97 95 99 41 69 7 16 81 98 35 44 43 17
23,11,8,1271035.0,0.2,1,2,14,11,213.89999999999998,107.49999999999999,1,1,1,2,1,0,0,25,6,0.24,215.0,106.4,321.4,79.19999999999999,0.24642190416925946,163.1,79.1,242.2,0.7535780958307405,0,48,25 63 73 57 79 39 23 11 70 19 5 83 53 22,89 85 93 94 58 28 4 38 31 78 50
23,11,8,1271035.0,0.2,1,3,14,23,213.89999999999998,227.40000000000003,1,1,1,2,1,0,0,37,7,0.1891891891891892,289.1,152.2,441.2999999999999,66.5,0.1506911398141854,245.4,129.4,374.7999999999999,0.8493088601858146,0,64,25 63 73 57 79 39 23 11 70 19 5 83 53 22,75 8 29 66 71 10 64 82 12 77 87 32 24 74 47 51 34 100 48 1 56 46 72
23,11,8,1271035.0,0.2,1,4,14,7,213.89999999999998,73.19999999999999,1,0,0,1,0,1,0,21,9,0.42857142857142855,187.6,99.5,287.1,107.49999999999999,0.3744339951236502,117.5,62.1,179.60000000000002,0.6255660048763497,1,16,25 63 73 57 79 39 23 11 70 19 5 83 53 22,96 86 6 80 59 67 62
23,11,8,1271035.0,0.2,1,5,14,9,213.89999999999998,82.2,1,1,1,1,0,1,0,23,13,0.5652173913043478,196.6,99.5,296.09999999999997,129.99999999999997,0.4390408645727794,109.6,56.5,166.1,0.5609591354272205,1,64,25 63 73 57 79 39 23 11 70 19 5 83 53 22,21 36 90 33 91 15 49 20 13
23,11,8,1271035.0,0.2,1,6,14,5,213.89999999999998,49.599999999999994,1,0,0,1,0,1,0,19,10,0.5263157894736842,172.1,91.4,263.5,105.59999999999997,0.40075901328273233,104.5,53.4,157.90000000000003,0.5992409867172677,1,64,25 63 73 57 79 39 23 11 70 19 5 83 53 22,61 45 27 88 18
23,11,8,1271035.0,0.2,1,7,14,15,213.89999999999998,189.29999999999998,1,1,1,2,1,0,0,29,10,0.3448275862068966,263.3,139.9,403.2,148.09999999999997,0.36731150793650785,168.8,86.3,255.10000000000002,0.6326884920634921,0,64,25 63 73 57 79 39 23 11 70 19 5 83 53 22,84 30 97 95 99 41 69 7 16 81 98 35 44 43 17
23,11,8,1271035.0,0.2,2,3,11,23,107.49999999999999,227.40000000000003,1,1,1,2,1,0,0,34,8,0.23529411764705882,220.5,114.4,334.9,72.10000000000001,0.21528814571513888,172.7,90.1,262.79999999999995,0.7847118542848611,0,64,89 85 93 94 58 28 4 38 31 78 50,75 8 29 66 71 10 64 82 12 77 87 32 24 74 47 51 34 100 48 1 56 46 72
23,11,8,1271035.0,0.2,2,4,11,7,107.49999999999999,73.19999999999999,1,0,0,1,0,1,0,18,7,0.3888888888888889,119.0,61.7,180.70000000000002,85.6,0.4737133370226895,66.2,28.9,95.10000000000002,0.5262866629773105,1,1,89 85 93 94 58 28 4 38 31 78 50,96 86 6 80 59 67 62
23,11,8,1271035.0,0.2,2,5,11,9,107.49999999999999,82.2,1,1,1,1,0,1,0,20,12,0.6,128.0,61.7,189.70000000000002,116.6,0.6146547179757511,51.5,21.6,73.10000000000002,0.3853452820242489,1,1,89 85 93 94 58 28 4 38 31 78 50,21 36 90 33 91 15 49 20 13
23,11,8,1271035.0,0.2,2,6,11,5,107.49999999999999,49.599999999999994,1,0,0,1,0,1,0,16,11,0.6875,103.5,53.6,157.1,106.1,0.6753660089115213,36.6,14.4,51.0,0.3246339910884787,1,1,89 85 93 94 58 28 4 38 31 78 50,61 45 27 88 18
23,11,8,1271035.0,0.2,2,7,11,15,107.49999999999999,189.29999999999998,1,1,1,1,0,1,0,26,12,0.46153846153846156,194.7,102.1,296.8,137.29999999999998,0.4626010781671158,106.4,53.1,159.50000000000003,0.5373989218328842,1,64,89 85 93 94 58 28 4 38 31 78 50,84 30 97 95 99 41 69 7 16 81 98 35 44 43 17
23,11,8,1271035.0,0.2,3,4,23,7,227.40000000000003,73.19999999999999,1,0,0,1,0,1,0,30,9,0.3,193.1,107.5,300.6,81.5,0.27112441783100466,142.6,76.5,219.10000000000002,0.7288755821689954,1,64,75 8 29 66 71 10 64 82 12 77 87 32 24 74 47 51 34 100 48 1 56 46 72,96 86 6 80 59 67 62
23,11,8,1271035.0,0.2,3,5,23,9,227.40000000000003,82.2,1,1,1,1,0,1,0,32,11,0.34375,202.1,107.5,309.6,90.5,0.292312661498708,142.6,76.5,219.10000000000002,0.7076873385012921,1,64,75 8 29 66 71 10 64 82 12 77 87 32 24 74 47 51 34 100 48 1 56 46 72,21 36 90 33 91 15 49 20 13
23,11,8,1271035.0,0.2,3,6,23,5,227.40000000000003,49.599999999999994,1,0,0,1,0,1,0,28,8,0.2857142857142857,177.6,99.4,277.0,63.70000000000002,0.22996389891696756,138.7,74.6,213.29999999999998,0.7700361010830324,1,64,75 8 29 66 71 10 64 82 12 77 87 32 24 74 47 51 34 100 48 1 56 46 72,61 45 27 88 18
23,11,8,1271035.0,0.2,3,7,23,15,227.40000000000003,189.29999999999998,1,1,1,2,1,0,0,38,9,0.23684210526315788,268.8,147.9,416.7,125.49999999999999,0.30117590592752574,191.8,99.4,291.2,0.6988240940724741,0,64,75 8 29 66 71 10 64 82 12 77 87 32 24 74 47 51 34 100 48 1 56 46 72,84 30 97 95 99 41 69 7 16 81 98 35 44 43 17
23,11,8,1271035.0,0.2,4,5,7,9,73.19999999999999,82.2,0,1,0,0,0,1,1,16,16,1.0,100.6,54.8,155.4,155.39999999999998,0.9999999999999998,0.0,0.0,2.842170943040401e-14,1.8289388307853285e-16,1,0,96 86 6 80 59 67 62,21 36 90 33 91 15 49 20 13
23,11,8,1271035.0,0.2,4,6,7,5,73.19999999999999,49.599999999999994,0,0,0,0,0,1,1,12,12,1.0,76.1,46.7,122.8,122.79999999999998,0.9999999999999999,0.0,0.0,1.4210854715202004e-14,1.1572357259936485e-16,1,0,96 86 6 80 59 67 62,61 45 27 88 18
23,11,8,1271035.0,0.2,4,7,7,15,73.19999999999999,189.29999999999998,0,1,0,1,0,1,0,22,14,0.6363636363636364,167.3,95.2,262.5,170.69999999999996,0.6502857142857141,61.1,30.7,91.80000000000004,0.34971428571428587,1,64,96 86 6 80 59 67 62,84 30 97 95 99 41 69 7 16 81 98 35 44 43 17
23,11,8,1271035.0,0.2,5,6,9,5,82.2,49.599999999999994,1,0,0,1,0,1,0,14,13,0.9285714285714286,85.1,46.7,131.8,121.79999999999998,0.9241274658573594,5.6,4.4,10.000000000000028,0.07587253414264057,1,1,21 36 90 33 91 15 49 20 13,61 45 27 88 18
23,11,8,1271035.0,0.2,5,7,9,15,82.2,189.29999999999998,1,1,1,1,0,1,0,24,13,0.5416666666666666,176.3,95.2,271.5,120.29999999999998,0.44309392265193365,96.3,54.9,151.20000000000002,0.5569060773480664,1,32,21 36 90 33 91 15 49 20 13,84 30 97 95 99 41 69 7 16 81 98 35 44 43 17
23,11,8,1271035.0,0.2,6,7,5,15,49.599999999999994,189.29999999999998,0,1,0,1,0,1,0,20,11,0.55,151.8,87.1,238.89999999999998,118.59999999999997,0.4964420259522812,76.2,44.1,120.30000000000001,0.5035579740477188,1,64,61 45 27 88 18,84 30 97 95 99 41 69 7 16 81 98 35 44 43 17
24,12,7,1261586.0,0.2,0,1,12,7,138.50000000000003,63.300000000000004,1,0,0,1,0,1,0,19,4,0.21052631578947367,133.7,68.1,201.8,35.30000000000001,0.17492566897918735,112.1,54.4,166.5,0.8250743310208126,1,1,89 85 59 80 86 6 83 53 22 96 67 62,50 90 33 91 15 49 61
24,12,7,1261586.0,0.2,0,2,12,23,138.50000000000003,227.40000000000003,1,1,1,2,1,0,0,35,5,0.14285714285714285,236.5,129.4,365.9,63.7,0.1740912817709757,197.5,104.7,302.2,0.8259087182290243,0,8,89 85 59 80 86 6 83 53 22 96 67 62,75 8 29 66 71 10 77 87 32 12 64 82 24 74 47 51 34 100 48 1 56 46 72
24,12,7,1261586.0,0.2,0,3,12,5,138.50000000000003,75.4,1,1,1,1,0,1,0,17,7,0.4117647058823529,133.5,80.4,213.9,85.10000000000002,0.3978494623655915,83.7,45.1,128.79999999999998,0.6021505376344085,1,1,89 85 59 80 86 6 83 53 22 96 67 62,18 88 43 17 2
24,12,7,1261586.0,0.2,0,4,12,19,138.50000000000003,208.10000000000002,1,1,1,2,1,0,0,31,9,0.2903225806451613,225.0,121.6,346.6,79.5,0.22937103289094055,173.8,93.3,267.1,0.7706289671090595,0,16,89 85 59 80 86 6 83 53 22 96 67 62,44 35 98 81 16 69 7 41 99 95 97 84 30 27 45 36 21 20 13
24,12,7,1261586.0,0.2,0,5,12,16,138.50000000000003,200.8,1,1,1,2,1,0,0,28,7,0.25,231.7,107.6,339.29999999999995,62.0,0.18272914824638964,193.2,84.1,277.29999999999995,0.8172708517536104,0,16,89 85 59 80 86 6 83 53 22 96 67 62,25 9 55 14 54 76 92 40 42 65 52 3 60 26 68 37
24,12,7,1261586.0,0.2,0,6,12,18,138.50000000000003,225.4,1,1,1,2,1,0,0,30,6,0.2,238.6,125.3,363.9,67.6,0.1857653201428964,196.6,99.7,296.29999999999995,0.8142346798571035,0,16,89 85 59 80 86 6 83 53 22 96 67 62,93 78 31 38 4 28 58 94 5 19 70 11 23 79 39 57 73 63
24,12,7,1261586.0,0.2,1,2,7,23,63.300000000000004,227.40000000000003,0,1,0,2,1,0,0,30,5,0.16666666666666666,191.8,98.9,290.7,40.500000000000014,0.13931888544891646,166.5,83.7,250.2,0.8606811145510835,0,8,50 90 33 91 15 49 61,75 8 29 66 71 10 77 87 32 12 64 82 24 74 47 51 34 100 48 1 56 46 72
24,12,7,1261586.0,0.2,1,3,7,5,63.300000000000004,75.4,0,1,0,1,0,1,0,12,4,0.3333333333333333,88.8,49.9,138.70000000000002,50.7,0.36553713049747655,57.9,30.1,88.00000000000001,0.6344628695025235,1,1,50 90 33 91 15 49 61,18 88 43 17 2
24,12,7,1261586.0,0.2,1,4,7,19,63.300000000000004,208.10000000000002,0,1,0,1,0,1,0,26,7,0.2692307692307692,180.3,91.1,271.40000000000003,56.799999999999976,0.2092851879145172,144.7,69.9,214.60000000000005,0.7907148120854828,1,16,50 90 33 91 15 49 61,44 35 98 81 16 69 7 41 99 95 97 84 30 27 45 36 21 20 13
24,12,7,1261586.0,0.2,1,5,7,16,63.300000000000004,200.8,0,1,0,2,1,0,0,23,6,0.2608695652173913,187.0,77.1,264.09999999999997,40.49999999999999,0.15335100340780006,161.1,62.5,223.59999999999997,0.8466489965921999,0,16,50 90 33 91 15 49 61,25 9 55 14 54 76 92 40 42 65 52 3 60 26 68 37
24,12,7,1261586.0,0.2,1,6,7,18,63.300000000000004,225.4,0,1,0,2,1,0,0,25,5,0.2,193.9,94.8,288.7,46.8,0.16210599237963283,164.0,77.9,241.89999999999998,0.8378940076203671,0,16,50 90 33 91 15 49 61,93 78 31 38 4 28 58 94 5 19 70 11 23 79 39 57 73 63
24,12,7,1261586.0,0.2,2,3,23,5,227.40000000000003,75.4,1,1,1,1,0,1,0,28,7,0.25,191.6,111.2,302.8,83.70000000000002,0.2764200792602378,142.6,76.5,219.1,0.7235799207397622,1,16,75 8 29 66 71 10 77 87 32 12 64 82 24 74 47 51 34 100 48 1 56 46 72,18 88 43 17 2
24,12,7,1261586.0,0.2,2,4,23,19,227.40000000000003,208.10000000000002,1,1,1,2,1,0,0,42,10,0.23809523809523808,283.1,152.4,435.5,84.30000000000001,0.19357060849598165,229.7,121.5,351.2,0.8064293915040184,0,16,75 8 29 66 71 10 77 87 32 12 64 82 24 74 47 51 34 100 48 1 56 46 72,44 35 98 81 16 69 7 41 99 95 97 84 30 27 45 36 21 20 13
24,12,7,1261586.0,0.2,2,5,23,16,227.40000000000003,200.8,1,1,1,2,1,0,0,39,4,0.10256410256410256,289.8,138.4,428.1999999999999,14.5,0.03386268099019151,280.9,132.8,413.6999999999999,0.9661373190098085,0,16,75 8 29 66 71 10 77 87 32 12 64 82 24 74 47 51 34 100 48 1 56 46 72,25 9 55 14 54 76 92 40 42 65 52 3 60 26 68 37
24,12,7,1261586.0,0.2,2,6,23,18,227.40000000000003,225.4,1,1,1,2,1,0,0,41,4,0.0975609756097561,296.7,156.1,452.8,29.80000000000001,0.06581272084805656,278.2,144.8,423.0,0.9341872791519434,0,16,75 8 29 66 71 10 77 87 32 12 64 82 24 74 47 51 34 100 48 1 56 46 72,93 78 31 38 4 28 58 94 5 19 70 11 23 79 39 57 73 63
24,12,7,1261586.0,0.2,3,4,5,19,75.4,208.10000000000002,1,1,1,1,0,1,0,24,7,0.2916666666666667,180.1,103.4,283.5,81.6,0.2878306878306878,132.0,69.9,201.9,0.7121693121693122,1,16,18 88 43 17 2,44 35 98 81 16 69 7 41 99 95 97 84 30 27 45 36 21 20 13
24,12,7,1261586.0,0.2,3,5,5,16,75.4,200.8,1,1,1,1,0,1,0,21,6,0.2857142857142857,186.8,89.4,276.2,77.4,0.2802317161477191,141.5,57.3,198.79999999999998,0.719768283852281,1,16,18 88 43 17 2,25 9 55 14 54 76 92 40 42 65 52 3 60 26 68 37
24,12,7,1261586.0,0.2,3,6,5,18,75.4,225.4,1,1,1,1,0,1,0,23,7,0.30434782608695654,193.7,107.1,300.79999999999995,90.5,0.3008643617021277,139.3,71.0,210.29999999999995,0.6991356382978723,1,32,18 88 43 17 2,93 78 31 38 4 28 58 94 5 19 70 11 23 79 39 57 73 63
24,12,7,1261586.0,0.2,4,5,19,16,208.10000000000002,200.8,1,1,1,2,1,0,0,35,8,0.22857142857142856,278.3,130.6,408.9,68.6,0.16776718023966739,233.9,106.4,340.29999999999995,0.8322328197603326,0,8,44 35 98 81 16 69 7 41 99 95 97 84 30 27 45 36 21 20 13,25 9 55 14 54 76 92 40 42 65 52 3 60 26 68 37
24,12,7,1261586.0,0.2,4,6,19,18,208.10000000000002,225.4,1,1,1,2,1,0,0,37,9,0.24324324324324326,285.2,148.3,433.5,79.69999999999999,0.1838523644752018,234.0,119.8,353.8,0.8161476355247982,0,16,44 35 98 81 16 69 7 41 99 95 97 84 30 27 45 36 21 20 13,93 78 31 38 4 28 58 94 5 19 70 11 23 79 39 57 73 63
24,12,7,1261586.0,0.2,5,6,16,18,200.8,225.4,1,1,1,2,1,0,0,34,4,0.11764705882352941,291.9,134.3,426.2,20.299999999999983,0.047630220553730604,278.8,127.1,405.9,0.9523697794462693,0,16,25 9 55 14 54 76 92 40 42 65 52 3 60 26 68 37,93 78 31 38 4 28 58 94 5 19 70 11 23 79 39 57 73 63
25,12,8,1270292.0,0.2,0,1,6,13,59.900000000000006,174.2,0,1,0,1,0,1,0,19,6,0.3157894736842105,160.4,73.7,234.1,59.900000000000006,0.25587355830841524,124.6,49.6,174.2,0.7441264416915848,1,64,2 68 37 43 17 18,26 60 3 52 65 42 40 92 76 54 14 55 9
25,12,8,1270292.0,0.2,0,2,6,16,59.900000000000006,189.7,0,1,0,1,0,1,0,22,13,0.5909090909090909,158.5,91.1,249.6,147.79999999999998,0.5921474358974358,69.9,31.9,101.80000000000001,0.40785256410256415,1,64,2 68 37 43 17 18,35 98 81 16 69 7 41 99 95 44 97 27 45 30 84 88
25,12,8,1270292.0,0.2,0,3,6,10,59.900000000000006,93.10000000000001,0,1,0,1,0,1,0,16,15,0.9375,97.6,55.4,153.0,137.60000000000002,0.8993464052287583,9.5,5.9,15.399999999999977,0.10065359477124168,1,1,2 68 37 43 17 18,13 15 91 33 90 36 21 20 49 61
25,12,8,1270292.0,0.2,0,4,6,7,59.900000000000006,73.2,0,0,0,0,0,1,1,13,13,1.0,81.6,51.5,133.1,133.10000000000002,1.0000000000000002,0.0,0.0,0.0,0.0,1,0,2 68 37 43 17 18,62 67 59 80 6 86 96
25,12,8,1270292.0,0.2,0,5,6,23,59.900000000000006,227.39999999999998,0,1,0,1,0,1,0,29,9,0.3103448275862069,183.1,104.2,287.3,74.0,0.2575704838148277,138.7,74.6,213.3,0.7424295161851723,1,64,2 68 37 43 17 18,72 46 56 1 48 100 34 51 47 74 24 82 64 12 32 87 77 10 71 66 29 8 75
25,12,8,1270292.0,0.2,0,6,6,14,59.900000000000006,213.90000000000003,0,1,0,1,0,1,0,20,13,0.65,177.6,96.2,273.8,126.60000000000002,0.46238130021913815,94.4,52.8,147.2,0.5376186997808619,1,64,2 68 37 43 17 18,22 53 83 5 19 70 11 23 79 39 57 73 63 25
25,12,8,1270292.0,0.2,0,7,6,11,59.900000000000006,107.49999999999999,0,1,0,1,0,1,0,17,12,0.7058823529411765,109.0,58.4,167.40000000000003,116.40000000000002,0.6953405017921147,36.6,14.4,51.000000000000014,0.30465949820788535,1,1,2 68 37 43 17 18,89 85 93 38 4 94 28 58 31 78 50
25,12,8,1270292.0,0.2,1,2,13,16,174.2,189.7,1,1,1,2,1,0,0,29,8,0.27586206896551724,247.3,116.6,363.9,93.49999999999999,0.2569387194284144,190.3,80.1,270.4,0.7430612805715856,0,32,26 60 3 52 65 42 40 92 76 54 14 55 9,35 98 81 16 69 7 41 99 95 44 97 27 45 30 84 88
25,12,8,1270292.0,0.2,1,3,13,10,174.2,93.10000000000001,1,1,1,1,0,1,0,23,10,0.43478260869565216,186.4,80.9,267.29999999999995,93.10000000000001,0.34829779274223727,124.6,49.6,174.19999999999993,0.6517022072577626,1,16,26 60 3 52 65 42 40 92 76 54 14 55 9,13 15 91 33 90 36 21 20 49 61
25,12,8,1270292.0,0.2,1,4,13,7,174.2,73.2,1,0,0,1,0,1,0,20,7,0.35,170.4,77.0,247.4,73.2,0.29587712206952305,124.6,49.6,174.2,0.7041228779304769,1,16,26 60 3 52 65 42 40 92 76 54 14 55 9,62 67 59 80 6 86 96
25,12,8,1270292.0,0.2,1,5,13,23,174.2,227.39999999999998,1,1,1,2,1,0,0,36,3,0.08333333333333333,271.9,129.7,401.6,14.100000000000001,0.03510956175298805,263.3,124.2,387.5,0.9648904382470119,0,22,26 60 3 52 65 42 40 92 76 54 14 55 9,72 46 56 1 48 100 34 51 47 74 24 82 64 12 32 87 77 10 71 66 29 8 75
25,12,8,1270292.0,0.2,1,6,13,14,174.2,213.90000000000003,1,1,1,2,1,0,0,27,4,0.14814814814814814,266.4,121.7,388.09999999999997,37.49999999999999,0.09662458129348105,240.5,110.1,350.59999999999997,0.9033754187065189,0,16,26 60 3 52 65 42 40 92 76 54 14 55 9,22 53 83 5 19 70 11 23 79 39 57 73 63 25
25,12,8,1270292.0,0.2,1,7,13,11,174.2,107.49999999999999,1,1,1,2,1,0,0,24,6,0.25,197.8,83.9,281.7,56.300000000000004,0.1998580049698261,159.4,66.0,225.39999999999998,0.8001419950301739,0,32,26 60 3 52 65 42 40 92 76 54 14 55 9,89 85 93 38 4 94 28 58 31 78 50
25,12,8,1270292.0,0.2,2,3,16,10,189.7,93.10000000000001,1,1,1,1,0,1,0,26,12,0.46153846153846156,184.5,98.3,282.79999999999995,131.29999999999998,0.4642857142857143,103.3,48.2,151.49999999999997,0.5357142857142857,1,32,35 98 81 16 69 7 41 99 95 44 97 27 45 30 84 88,13 15 91 33 90 36 21 20 49 61
25,12,8,1270292.0,0.2,2,4,16,7,189.7,73.2,1,0,0,1,0,1,0,23,15,0.6521739130434783,168.5,94.4,262.90000000000003,177.2,0.6740205401293267,59.5,26.2,85.70000000000005,0.3259794598706734,1,64,35 98 81 16 69 7 41 99 95 44 97 27 45 30 84 88,62 67 59 80 6 86 96
25,12,8,1270292.0,0.2,2,5,16,23,189.7,227.39999999999998,1,1,1,2,1,0,0,39,11,0.28205128205128205,270.0,147.1,417.1000000000001,131.0,0.3140733637017501,189.3,96.8,286.1000000000001,0.6859266362982499,0,64,35 98 81 16 69 7 41 99 95 44 97 27 45 30 84 88,72 46 56 1 48 100 34 51 47 74 24 82 64 12 32 87 77 10 71 66 29 8 75
25,12,8,1270292.0,0.2,2,6,16,14,189.7,213.90000000000003,1,1,1,2,1,0,0,30,12,0.4,264.5,139.1,403.6,145.99999999999997,0.3617443012884043,170.7,86.9,257.6,0.6382556987115957,0,64,35 98 81 16 69 7 41 99 95 44 97 27 45 30 84 88,22 53 83 5 19 70 11 23 79 39 57 73 63 25
25,12,8,1270292.0,0.2,2,7,16,11,189.7,107.49999999999999,1,1,1,1,0,1,0,27,12,0.4444444444444444,195.9,101.3,297.2,140.3,0.47207267833109023,108.7,48.2,156.89999999999998,0.5279273216689098,1,64,35 98 81 16 69 7 41 99 95 44 97 27 45 30 84 88,89 85 93 38 4 94 28 58 31 78 50
25,12,8,1270292.0,0.2,3,4,10,7,93.10000000000001,73.2,1,0,0,1,0,1,0,17,16,0.9411764705882353,107.6,58.7,166.3,156.3,0.9398677089597114,5.6,4.4,10.0,0.06013229104028863,1,1,13 15 91 33 90 36 21 20 49 61,62 67 59 80 6 86 96
25,12,8,1270292.0,0.2,3,5,10,23,93.10000000000001,227.39999999999998,1,1,1,1,0,1,0,33,12,0.36363636363636365,209.1,111.4,320.5,101.4,0.31638065522620906,142.6,76.5,219.1,0.6836193447737909,1,32,13 15 91 33 90 36 21 20 49 61,72 46 56 1 48 100 34 51 47 74 24 82 64 12 32 87 77 10 71 66 29 8 75
25,12,8,1270292.0,0.2,3,6,10,14,93.10000000000001,213.90000000000003,1,1,1,1,0,1,0,24,15,0.625,203.6,103.4,307.0,138.3,0.45048859934853425,107.6,61.1,168.7,0.5495114006514658,1,32,13 15 91 33 90 36 21 20 49 61,22 53 83 5 19 70 11 23 79 39 57 73 63 25
25,12,8,1270292.0,0.2,3,7,10,11,93.10000000000001,107.49999999999999,1,1,1,1,0,1,0,21,12,0.5714285714285714,135.0,65.6,200.6,117.5,0.5857427716849452,57.1,26.0,83.1,0.4142572283150548,1,1,13 15 91 33 90 36 21 20 49 61,89 85 93 38 4 94 28 58 31 78 50
25,12,8,1270292.0,0.2,4,5,7,23,73.2,227.39999999999998,0,1,0,1,0,1,0,30,10,0.3333333333333333,193.1,107.5,300.6,87.30000000000001,0.2904191616766467,138.7,74.6,213.3,0.7095808383233533,1,32,62 67 59 80 6 86 96,72 46 56 1 48 100 34 51 47 74 24 82 64 12 32 87 77 10 71 66 29 8 75
25,12,8,1270292.0,0.2,4,6,7,14,73.2,213.90000000000003,0,1,0,1,0,1,0,21,12,0.5714285714285714,187.6,99.5,287.09999999999997,126.40000000000002,0.4402647161267852,102.3,58.4,160.69999999999993,0.5597352838732147,1,16,62 67 59 80 6 86 96,22 53 83 5 19 70 11 23 79 39 57 73 63 25
25,12,8,1270292.0,0.2,4,7,7,11,73.2,107.49999999999999,0,1,0,1,0,1,0,18,9,0.5,119.0,61.7,180.70000000000002,98.9,0.5473159933591588,57.9,23.9,81.80000000000001,0.4526840066408412,1,1,62 67 59 80 6 86 96,89 85 93 38 4 94 28 58 31 78 50
25,12,8,1270292.0,0.2,5,6,23,14,227.39999999999998,213.90000000000003,1,1,1,2,1,0,0,37,8,0.21621621621621623,289.1,152.2,441.29999999999995,74.80000000000001,0.16949920688873787,236.7,129.8,366.49999999999994,0.8305007931112621,0,32,72 46 56 1 48 100 34 51 47 74 24 82 64 12 32 87 77 10 71 66 29 8 75,22 53 83 5 19 70 11 23 79 39 57 73 63 25
25,12,8,1270292.0,0.2,5,7,23,11,227.39999999999998,107.49999999999999,1,1,1,2,1,0,0,34,7,0.20588235294117646,220.5,114.4,334.90000000000003,69.7,0.2081218274111675,174.1,91.1,265.20000000000005,0.7918781725888325,0,32,72 46 56 1 48 100 34 51 47 74 24 82 64 12 32 87 77 10 71 66 29 8 75,89 85 93 38 4 94 28 58 31 78 50
25,12,8,1270292.0,0.2,6,7,14,11,213.90000000000003,107.49999999999999,1,1,1,2,1,0,0,25,8,0.32,215.0,106.4,321.4,89.9,0.2797137523335408,153.0,78.5,231.49999999999997,0.7202862476664592,0,32,22 53 83 5 19 70 11 23 79 39 57 73 63 25,89 85 93 38 4 94 28 58 31 78 50
26,13,7,1251866.0,0.2,0,1,14,5,151.4,60.3,1,0,0,1,0,1,0,19,4,0.21052631578947367,139.7,72.0,211.70000000000005,46.7,0.2205951818611242,110.3,54.7,165.00000000000006,0.7794048181388759,1,1,62 67 22 53 83 6 86 80 96 59 93 85 72 89,33 91 15 20 13
26,13,7,1251866.0,0.2,0,2,14,5,151.4,75.4,1,1,1,1,0,1,0,19,5,0.2631578947368421,141.6,85.2,226.79999999999998,68.4,0.3015873015873016,99.5,58.9,158.39999999999998,0.6984126984126984,1,1,62 67 22 53 83 6 86 80 96 59 93 85 72 89,2 17 43 88 18
26,13,7,1251866.0,0.2,0,3,14,18,151.4,196.20000000000002,1,1,1,2,1,0,0,32,6,0.1875,224.1,123.5,347.6,63.5,0.18268124280782508,182.3,101.8,284.1,0.817318757192175,0,8,62 67 22 53 83 6 86 80 96 59 93 85 72 89,35 98 81 16 69 7 41 99 95 44 97 84 30 27 45 21 49 61
26,13,7,1251866.0,0.2,0,4,14,16,151.4,200.8,1,1,1,2,1,0,0,30,6,0.2,239.8,112.4,352.19999999999993,53.099999999999994,0.15076660988074958,204.4,94.7,299.0999999999999,0.8492333901192504,0,8,62 67 22 53 83 6 86 80 96 59 93 85 72 89,25 9 55 14 54 76 92 40 42 65 52 3 60 26 68 37
26,13,7,1251866.0,0.2,0,5,14,23,151.4,228.2,1,1,1,2,1,0,0,37,5,0.13513513513513514,247.1,132.5,379.6,57.60000000000001,0.1517386722866175,209.6,112.4,322.0,0.8482613277133825,0,8,62 67 22 53 83 6 86 80 96 59 93 85 72 89,50 1 48 34 100 51 47 74 24 32 87 77 12 82 64 10 71 66 29 8 75 90 36
26,13,7,1251866.0,0.2,0,6,14,19,151.4,226.60000000000002,1,1,1,2,1,0,0,33,5,0.15151515151515152,247.2,130.8,377.99999999999994,57.900000000000006,0.1531746031746032,208.9,111.2,320.0999999999999,0.8468253968253967,0,8,62 67 22 53 83 6 86 80 96 59 93 85 72 89,46 78 31 56 58 28 94 4 38 5 19 70 11 23 39 79 57 63 73
26,13,7,1251866.0,0.2,1,2,5,5,60.3,75.4,0,1,0,1,0,1,0,10,4,0.4,86.7,49.0,135.7,53.7,0.3957258658806191,55.1,26.9,81.99999999999999,0.6042741341193809,1,1,33 91 15 20 13,2 17 43 88 18
26,13,7,1251866.0,0.2,1,3,5,18,60.3,196.20000000000002,0,1,0,1,0,1,0,23,4,0.17391304347826086,169.2,87.3,256.5,58.89999999999999,0.2296296296296296,131.0,66.6,197.60000000000002,0.7703703703703705,1,8,33 91 15 20 13,35 98 81 16 69 7 41 99 95 44 97 84 30 27 45 21 49 61
26,13,7,1251866.0,0.2,1,4,5,16,60.3,200.8,0,1,0,2,1,0,0,21,5,0.23809523809523808,184.9,76.2,261.09999999999997,47.79999999999998,0.18307162006893907,152.6,60.7,213.29999999999998,0.8169283799310609,0,8,33 91 15 20 13,25 9 55 14 54 76 92 40 42 65 52 3 60 26 68 37
26,13,7,1251866.0,0.2,1,5,5,23,60.3,228.2,0,1,0,2,1,0,0,28,4,0.14285714285714285,192.2,96.3,288.50000000000006,46.8,0.1622183708838821,160.1,81.6,241.70000000000005,0.8377816291161179,0,8,33 91 15 20 13,50 1 48 34 100 51 47 74 24 32 87 77 12 82 64 10 71 66 29 8 75 90 36
26,13,7,1251866.0,0.2,1,6,5,19,60.3,226.60000000000002,0,1,0,2,1,0,0,24,4,0.16666666666666666,192.3,94.6,286.9,52.599999999999994,0.1833391425583827,157.1,77.2,234.29999999999998,0.8166608574416173,0,8,33 91 15 20 13,46 78 31 56 58 28 94 4 38 5 19 70 11 23 39 79 57 63 73
26,13,7,1251866.0,0.2,2,3,5,18,75.4,196.20000000000002,1,1,1,1,0,1,0,23,6,0.2608695652173913,171.1,100.5,271.59999999999997,59.49999999999999,0.2190721649484536,133.5,78.6,212.09999999999997,0.7809278350515464,1,8,2 17 43 88 18,35 98 81 16 69 7 41 99 95 44 97 84 30 27 45 21 49 61
26,13,7,1251866.0,0.2,2,4,5,16,75.4,200.8,1,1,1,1,0,1,0,21,4,0.19047619047619047,186.8,89.4,276.2,65.4,0.2367849384503983,148.4,62.4,210.79999999999998,0.7632150615496017,1,8,2 17 43 88 18,25 9 55 14 54 76 92 40 42 65 52 3 60 26 68 37
26,13,7,1251866.0,0.2,2,5,5,23,75.4,228.2,1,1,1,1,0,1,0,28,5,0.17857142857142858,194.1,109.5,303.6000000000001,75.4,0.24835309617918308,149.8,78.4,228.20000000000007,0.7516469038208169,1,16,2 17 43 88 18,50 1 48 34 100 51 47 74 24 32 87 77 12 82 64 10 71 66 29 8 75 90 36
26,13,7,1251866.0,0.2,2,6,5,19,75.4,226.60000000000002,1,1,1,1,0,1,0,24,5,0.20833333333333334,194.2,107.8,302.0,76.4,0.25298013245033113,148.7,76.9,225.6,0.7470198675496689,1,16,2 17 43 88 18,46 78 31 56 58 28 94 4 38 5 19 70 11 23 39 79 57 63 73
26,13,7,1251866.0,0.2,3,4,18,16,196.20000000000002,200.8,1,1,1,2,1,0,0,34,6,0.17647058823529413,269.3,127.7,397.0,63.5,0.15994962216624686,227.5,106.0,333.5,0.8400503778337531,0,8,35 98 81 16 69 7 41 99 95 44 97 84 30 27 45 21 49 61,25 9 55 14 54 76 92 40 42 65 52 3 60 26 68 37
26,13,7,1251866.0,0.2,3,5,18,23,196.20000000000002,228.2,1,1,1,2,1,0,0,41,7,0.17073170731707318,276.6,147.8,424.40000000000003,74.4,0.17530631479736097,228.0,122.0,350.0,0.824693685202639,0,16,35 98 81 16 69 7 41 99 95 44 97 84 30 27 45 21 49 61,50 1 48 34 100 51 47 74 24 32 87 77 12 82 64 10 71 66 29 8 75 90 36
26,13,7,1251866.0,0.2,3,6,18,19,196.20000000000002,226.60000000000002,1,1,1,2,1,0,0,37,7,0.1891891891891892,276.7,146.1,422.7999999999999,74.5,0.17620624408703883,227.8,120.5,348.2999999999999,0.8237937559129612,0,16,35 98 81 16 69 7 41 99 95 44 97 84 30 27 45 21 49 61,46 78 31 56 58 28 94 4 38 5 19 70 11 23 39 79 57 63 73
26,13,7,1251866.0,0.2,4,5,16,23,200.8,228.2,1,1,1,2,1,0,0,39,5,0.1282051282051282,292.3,136.7,429.0000000000001,21.099999999999984,0.04918414918414913,277.0,130.9,407.90000000000015,0.950815850815851,0,8,25 9 55 14 54 76 92 40 42 65 52 3 60 26 68 37,50 1 48 34 100 51 47 74 24 32 87 77 12 82 64 10 71 66 29 8 75 90 36
26,13,7,1251866.0,0.2,4,6,16,19,200.8,226.60000000000002,1,1,1,2,1,0,0,35,3,0.08571428571428572,292.4,135.0,427.4,12.099999999999989,0.028310715956948968,284.9,130.4,415.3,0.9716892840430511,0,12,25 9 55 14 54 76 92 40 42 65 52 3 60 26 68 37,46 78 31 56 58 28 94 4 38 5 19 70 11 23 39 79 57 63 73
26,13,7,1251866.0,0.2,5,6,23,19,228.2,226.60000000000002,1,1,1,2,1,0,0,42,5,0.11904761904761904,299.7,155.1,454.8,31.799999999999997,0.06992084432717677,278.2,144.8,423.0,0.9300791556728232,0,21,50 1 48 34 100 51 47 74 24 32 87 77 12 82 64 10 71 66 29 8 75 90 36,46 78 31 56 58 28 94 4 38 5 19 70 11 23 39 79 57 63 73
27,13,8,1270571.0,0.2,0,1,12,5,160.39999999999998,54.900000000000006,1,0,0,1,0,1,0,17,9,0.5294117647058824,137.2,78.1,215.3,112.9,0.5243845796562936,67.2,35.2,102.4,0.47561542034370646,1,1,43 44 97 95 99 41 81 16 69 7 98 35,88 84 30 27 45
27,13,8,1270571.0,0.2,0,2,12,18,160.39999999999998,208.5,1,1,1,2,1,0,0,30,7,0.23333333333333334,249.3,119.6,368.8999999999999,102.19999999999999,0.2770398481973435,186.3,80.4,266.69999999999993,0.7229601518026565,0,32,43 44 97 95 99 41 81 16 69 7 98 35,2 9 55 14 54 76 92 40 42 65 52 3 60 26 68 37 17 18
27,13,8,1270571.0,0.2,0,3,12,23,160.39999999999998,227.40000000000003,1,1,1,2,1,0,0,35,7,0.2,250.7,137.1,387.79999999999995,91.9,0.23697782362042294,194.6,101.3,295.9,0.7630221763795771,0,64,43 44 97 95 99 41 81 16 69 7 98 35,75 8 29 66 71 10 64 82 12 77 87 32 24 74 47 51 100 34 48 1 56 46 72
27,13,8,1270571.0,0.2,0,4,12,10,160.39999999999998,93.1,1,1,1,1,0,1,0,22,10,0.45454545454545453,165.2,88.3,253.5,98.0,0.3865877712031558,101.5,54.0,155.5,0.6134122287968442,1,32,43 44 97 95 99 41 81 16 69 7 98 35,61 21 36 90 33 91 15 20 49 13
27,13,8,1270571.0,0.2,0,5,12,5,160.39999999999998,56.8,1,0,0,1,0,1,0,17,9,0.5294117647058824,137.6,79.6,217.2,114.8,0.5285451197053407,67.2,35.2,102.39999999999999,0.47145488029465926,1,1,43 44 97 95 99 41 81 16 69 7 98 35,89 85 59 67 62
27,13,8,1270571.0,0.2,0,6,12,13,160.39999999999998,123.9,1,1,1,1,0,1,0,25,6,0.24,188.2,96.1,284.3,80.1,0.2817446359479423,137.3,66.9,204.20000000000002,0.7182553640520577,1,64,43 44 97 95 99 41 81 16 69 7 98 35,96 80 86 6 93 38 4 94 28 58 31 78 50
27,13,8,1270571.0,0.2,0,7,12,14,160.39999999999998,213.90000000000003,1,1,1,2,1,0,0,26,6,0.23076923076923078,245.2,129.1,374.3,92.69999999999999,0.24766230296553562,184.8,96.8,281.6,0.7523376970344644,0,64,43 44 97 95 99 41 81 16 69 7 98 35,22 53 83 5 19 70 11 23 79 39 57 73 63 25
27,13,8,1270571.0,0.2,1,2,5,18,54.900000000000006,208.5,0,1,0,1,0,1,0,23,10,0.43478260869565216,179.7,83.7,263.4,89.19999999999999,0.33864844343204253,124.6,49.6,174.2,0.6613515565679575,1,32,88 84 30 27 45,2 9 55 14 54 76 92 40 42 65 52 3 60 26 68 37 17 18
27,13,8,1270571.0,0.2,1,3,5,23,54.900000000000006,227.40000000000003,0,1,0,1,0,1,0,28,8,0.2857142857142857,181.1,101.2,282.29999999999995,69.00000000000003,0.2444208289054199,138.7,74.6,213.29999999999993,0.7555791710945801,1,64,88 84 30 27 45,75 8 29 66 71 10 64 82 12 77 87 32 24 74 47 51 100 34 48 1 56 46 72
27,13,8,1270571.0,0.2,1,4,5,10,54.900000000000006,93.1,0,1,0,1,0,1,0,15,14,0.9333333333333333,95.6,52.4,148.0,138.0,0.9324324324324325,5.6,4.4,10.0,0.06756756756756757,1,1,88 84 30 27 45,61 21 36 90 33 91 15 20 49 13
27,13,8,1270571.0,0.2,1,5,5,5,54.900000000000006,56.8,0,0,0,0,0,1,1,10,10,1.0,68.0,43.7,111.69999999999999,111.7,1.0000000000000002,0.0,0.0,0.0,0.0,1,0,88 84 30 27 45,89 85 59 67 62
27,13,8,1270571.0,0.2,1,6,5,13,54.900000000000006,123.9,0,1,0,1,0,1,0,18,9,0.5,118.6,60.2,178.8,96.8,0.5413870246085011,56.1,25.9,82.00000000000001,0.4586129753914989,1,1,88 84 30 27 45,96 80 86 6 93 38 4 94 28 58 31 78 50
27,13,8,1270571.0,0.2,1,7,5,14,54.900000000000006,213.90000000000003,0,1,0,1,0,1,0,19,9,0.47368421052631576,175.6,93.2,268.8,100.0,0.37202380952380953,111.7,57.1,168.8,0.6279761904761905,1,64,88 84 30 27 45,22 53 83 5 19 70 11 23 79 39 57 73 63 25
27,13,8,1270571.0,0.2,2,3,18,23,208.5,227.40000000000003,1,1,1,2,1,0,0,41,8,0.1951219512195122,293.2,142.7,435.9,48.4,0.11103464097270016,263.3,124.2,387.5,0.8889653590272999,0,64,2 9 55 14 54 76 92 40 42 65 52 3 60 26 68 37 17 18,75 8 29 66 71 10 64 82 12 77 87 32 24 74 47 51 100 34 48 1 56 46 72
27,13,8,1270571.0,0.2,2,4,18,10,208.5,93.1,1,1,1,1,0,1,0,28,14,0.5,207.7,93.9,301.6,123.19999999999997,0.40848806366047735,127.8,50.6,178.40000000000003,0.5915119363395226,1,32,2 9 55 14 54 76 92 40 42 65 52 3 60 26 68 37 17 18,61 21 36 90 33 91 15 20 49 13
27,13,8,1270571.0,0.2,2,5,18,5,208.5,56.8,1,0,0,1,0,1,0,23,10,0.43478260869565216,180.1,85.2,265.3,91.09999999999998,0.3433848473426309,124.6,49.6,174.20000000000005,0.6566151526573691,1,64,2 9 55 14 54 76 92 40 42 65 52 3 60 26 68 37 17 18,89 85 59 67 62
27,13,8,1270571.0,0.2,2,6,18,13,208.5,123.9,1,1,1,2,1,0,0,31,7,0.22580645161290322,230.7,101.7,332.40000000000003,69.99999999999999,0.21058965102286395,184.9,77.5,262.40000000000003,0.789410348977136,0,64,2 9 55 14 54 76 92 40 42 65 52 3 60 26 68 37 17 18,96 80 86 6 93 38 4 94 28 58 31 78 50
27,13,8,1270571.0,0.2,2,7,18,14,208.5,213.90000000000003,1,1,1,2,1,0,0,32,8,0.25,287.7,134.7,422.4,76.39999999999998,0.18087121212121207,238.3,107.7,346.0,0.819128787878788,0,64,2 9 55 14 54 76 92 40 42 65 52 3 60 26 68 37 17 18,22 53 83 5 19 70 11 23 79 39 57 73 63 25
27,13,8,1270571.0,0.2,3,4,23,10,227.40000000000003,93.1,1,1,1,1,0,1,0,33,12,0.36363636363636365,209.1,111.4,320.5,104.80000000000001,0.32698907956318257,140.1,75.6,215.7,0.6730109204368174,1,64,75 8 29 66 71 10 64 82 12 77 87 32 24 74 47 51 100 34 48 1 56 46 72,61 21 36 90 33 91 15 20 49 13
27,13,8,1270571.0,0.2,3,5,23,5,227.40000000000003,56.8,1,0,0,1,0,1,0,28,8,0.2857142857142857,181.5,102.7,284.20000000000005,70.90000000000002,0.24947220267417314,138.7,74.6,213.3,0.7505277973258268,1,64,75 8 29 66 71 10 64 82 12 77 87 32 24 74 47 51 100 34 48 1 56 46 72,89 85 59 67 62
27,13,8,1270571.0,0.2,3,6,23,13,227.40000000000003,123.9,1,1,1,2,1,0,0,36,5,0.1388888888888889,232.1,119.2,351.3,47.2,0.13435809849131797,200.7,103.4,304.1,0.865641901508682,0,32,75 8 29 66 71 10 64 82 12 77 87 32 24 74 47 51 100 34 48 1 56 46 72,96 80 86 6 93 38 4 94 28 58 31 78 50
27,13,8,1270571.0,0.2,3,7,23,14,227.40000000000003,213.90000000000003,1,1,1,2,1,0,0,37,5,0.13513513513513514,289.1,152.2,441.29999999999995,50.400000000000006,0.11420802175390893,256.3,134.6,390.9,0.8857919782460911,0,32,75 8 29 66 71 10 64 82 12 77 87 32 24 74 47 51 100 34 48 1 56 46 72,22 53 83 5 19 70 11 23 79 39 57 73 63 25
27,13,8,1270571.0,0.2,4,5,10,5,93.1,56.8,1,0,0,0,0,1,1,15,15,1.0,96.0,53.9,149.90000000000003,149.89999999999998,0.9999999999999997,0.0,0.0,5.684341886080802e-14,3.7920893169318215e-16,1,0,61 21 36 90 33 91 15 20 49 13,89 85 59 67 62
27,13,8,1270571.0,0.2,4,6,10,13,93.1,123.9,1,1,1,1,0,1,0,23,12,0.5217391304347826,146.6,70.4,217.0,112.89999999999999,0.5202764976958525,72.8,31.3,104.10000000000001,0.4797235023041475,1,1,61 21 36 90 33 91 15 20 49 13,96 80 86 6 93 38 4 94 28 58 31 78 50
27,13,8,1270571.0,0.2,4,7,10,14,93.1,213.90000000000003,1,1,1,1,0,1,0,24,11,0.4583333333333333,203.6,103.4,307.0,122.19999999999999,0.39804560260586314,121.8,63.0,184.8,0.6019543973941368,1,64,61 21 36 90 33 91 15 20 49 13,22 53 83 5 19 70 11 23 79 39 57 73 63 25
27,13,8,1270571.0,0.2,5,6,5,13,56.8,123.9,0,1,0,1,0,1,0,18,7,0.3888888888888889,119.0,61.7,180.70000000000002,71.6,0.3962368566685113,74.6,34.5,109.10000000000002,0.6037631433314887,1,1,89 85 59 67 62,96 80 86 6 93 38 4 94 28 58 31 78 50
27,13,8,1270571.0,0.2,5,7,5,14,56.8,213.90000000000003,0,1,0,1,0,1,0,19,10,0.5263157894736842,176.0,94.7,270.7,97.29999999999998,0.35943849279645357,113.9,59.5,173.4,0.6405615072035464,1,48,89 85 59 67 62,22 53 83 5 19 70 11 23 79 39 57 73 63 25
27,13,8,1270571.0,0.2,6,7,13,14,123.9,213.90000000000003,1,1,1,2,1,0,0,27,4,0.14814814814814814,226.6,111.2,337.79999999999995,38.39999999999999,0.11367673179396091,200.1,99.3,299.4,0.8863232682060391,0,16,96 80 86 6 93 38 4 94 28 58 31 78 50,22 53 83 5 19 70 11 23 79 39 57 73 63 25
28,14,7,1244175.0,0.2,0,1,6,13,59.900000000000006,174.2,0,1,0,1,0,1,0,19,6,0.3157894736842105,160.4,73.7,234.1,59.900000000000006,0.25587355830841524,124.6,49.6,174.2,0.7441264416915848,1,32,2 68 37 43 17 18,26 60 3 52 65 42 40 92 76 54 14 55 9
28,14,7,1244175.0,0.2,0,2,6,14,59.900000000000006,213.90000000000003,0,1,0,1,0,1,0,20,12,0.6,177.6,96.2,273.8,114.0,0.4163623082542001,105.6,54.2,159.8,0.5836376917457998,1,32,2 68 37 43 17 18,22 53 83 5 19 70 11 23 79 39 57 63 73 25
28,14,7,1244175.0,0.2,0,3,6,14,59.900000000000006,110.19999999999999,0,1,0,1,0,1,0,20,11,0.55,114.2,55.9,170.1,94.2,0.5537918871252205,53.7,22.2,75.89999999999999,0.4462081128747795,1,1,2 68 37 43 17 18,89 72 93 38 4 94 28 58 31 78 50 90 33 91
28,14,7,1244175.0,0.2,0,4,6,21,59.900000000000006,219.1,0,1,0,1,0,1,0,27,8,0.2962962962962963,178.4,100.6,279.0,70.50000000000001,0.2526881720430108,136.0,72.5,208.5,0.7473118279569892,1,32,2 68 37 43 17 18,75 8 29 66 71 10 64 82 12 77 87 32 24 74 47 48 100 34 51 1 56
28,14,7,1244175.0,0.2,0,5,6,12,59.900000000000006,138.8,0,1,0,1,0,1,0,18,15,0.8333333333333334,123.5,75.2,198.70000000000002,143.39999999999998,0.7216909914443883,34.6,20.7,55.30000000000004,0.27830900855561164,1,1,2 68 37 43 17 18,62 67 96 86 6 80 59 85 46 15 20 61
28,14,7,1244175.0,0.2,0,6,6,20,59.900000000000006,222.8,0,1,0,1,0,1,0,26,13,0.5,177.9,104.8,282.70000000000005,162.70000000000002,0.5755217545100814,79.0,41.0,120.00000000000003,0.4244782454899187,1,32,2 68 37 43 17 18,88 84 30 44 35 98 81 16 69 7 41 99 95 97 27 45 36 21 49 13
28,14,7,1244175.0,0.2,1,2,13,14,174.2,213.90000000000003,1,1,1,2,1,0,0,27,5,0.18518518518518517,266.4,121.7,388.09999999999997,44.20000000000001,0.11388817315124972,235.7,108.2,343.9,0.8861118268487503,0,16,26 60 3 52 65 42 40 92 76 54 14 55 9,22 53 83 5 19 70 11 23 79 39 57 63 73 25
28,14,7,1244175.0,0.2,1,3,13,14,174.2,110.19999999999999,1,1,1,2,1,0,0,27,7,0.25925925925925924,203.0,81.4,284.40000000000003,53.89999999999999,0.1895218002812939,165.6,64.9,230.50000000000006,0.8104781997187062,0,16,26 60 3 52 65 42 40 92 76 54 14 55 9,89 72 93 38 4 94 28 58 31 78 50 90 33 91
28,14,7,1244175.0,0.2,1,4,13,21,174.2,219.1,1,1,1,2,1,0,0,34,2,0.058823529411764705,267.2,126.1,393.29999999999995,10.600000000000012,0.026951436562420578,260.6,122.1,382.69999999999993,0.9730485634375794,0,4,26 60 3 52 65 42 40 92 76 54 14 55 9,75 8 29 66 71 10 64 82 12 77 87 32 24 74 47 48 100 34 51 1 56
28,14,7,1244175.0,0.2,1,5,13,12,174.2,138.8,1,1,1,2,1,0,0,25,9,0.36,212.3,100.7,312.99999999999994,89.99999999999999,0.28753993610223644,156.2,66.8,222.99999999999994,0.7124600638977635,0,16,26 60 3 52 65 42 40 92 76 54 14 55 9,62 67 96 86 6 80 59 85 46 15 20 61
28,14,7,1244175.0,0.2,1,6,13,20,174.2,222.8,1,1,1,2,1,0,0,33,10,0.30303030303030304,266.7,130.3,397.0,125.9,0.31712846347607054,188.4,82.7,271.1,0.6828715365239295,0,32,26 60 3 52 65 42 40 92 76 54 14 55 9,88 84 30 44 35 98 81 16 69 7 41 99 95 97 27 45 36 21 49 13
28,14,7,1244175.0,0.2,2,3,14,14,213.90000000000003,110.19999999999999,1,1,1,2,1,0,0,28,8,0.2857142857142857,220.2,103.9,324.1,84.60000000000001,0.26103054612773835,161.2,78.3,239.5,0.7389694538722617,0,16,22 53 83 5 19 70 11 23 79 39 57 63 73 25,89 72 93 38 4 94 28 58 31 78 50 90 33 91
28,14,7,1244175.0,0.2,2,4,14,21,213.90000000000003,219.1,1,1,1,2,1,0,0,35,8,0.22857142857142856,284.4,148.6,433.0,73.70000000000003,0.17020785219399545,232.6,126.7,359.29999999999995,0.8297921478060045,0,16,22 53 83 5 19 70 11 23 79 39 57 63 73 25,75 8 29 66 71 10 64 82 12 77 87 32 24 74 47 48 100 34 51 1 56
28,14,7,1244175.0,0.2,2,5,14,12,213.90000000000003,138.8,1,1,1,1,0,1,0,26,12,0.46153846153846156,229.5,123.2,352.7,135.2,0.3833286078820527,146.1,71.4,217.5,0.6166713921179473,1,16,22 53 83 5 19 70 11 23 79 39 57 63 73 25,62 67 96 86 6 80 59 85 46 15 20 61
28,14,7,1244175.0,0.2,2,6,14,20,213.90000000000003,222.8,1,1,1,2,1,0,0,34,14,0.4117647058823529,283.9,152.8,436.70000000000005,156.10000000000002,0.3574536294939318,184.0,96.6,280.6,0.6425463705060682,0,32,22 53 83 5 19 70 11 23 79 39 57 63 73 25,88 84 30 44 35 98 81 16 69 7 41 99 95 97 27 45 36 21 49 13
28,14,7,1244175.0,0.2,3,4,14,21,110.19999999999999,219.1,1,1,1,2,1,0,0,35,9,0.2571428571428571,221.0,108.3,329.29999999999995,60.999999999999986,0.18524142119647735,178.5,89.8,268.29999999999995,0.8147585788035226,0,16,89 72 93 38 4 94 28 58 31 78 50 90 33 91,75 8 29 66 71 10 64 82 12 77 87 32 24 74 47 48 100 34 51 1 56
28,14,7,1244175.0,0.2,3,5,14,12,110.19999999999999,138.8,1,1,1,1,0,1,0,26,7,0.2692307692307692,166.1,82.9,249.00000000000003,76.89999999999999,0.30883534136546176,119.3,52.8,172.10000000000002,0.6911646586345381,1,16,89 72 93 38 4 94 28 58 31 78 50 90 33 91,62 67 96 86 6 80 59 85 46 15 20 61
28,14,7,1244175.0,0.2,3,6,14,20,110.19999999999999,222.8,1,1,1,1,0,1,0,34,9,0.2647058823529412,220.5,112.5,333.0,116.10000000000002,0.3486486486486487,150.7,66.2,216.89999999999998,0.6513513513513512,1,32,89 72 93 38 4 94 28 58 31 78 50 90 33 91,88 84 30 44 35 98 81 16 69 7 41 99 95 97 27 45 36 21 49 13
28,14,7,1244175.0,0.2,4,5,21,12,219.1,138.8,1,1,1,2,1,0,0,33,12,0.36363636363636365,230.3,127.6,357.9,129.29999999999998,0.3612740989103101,150.5,78.1,228.6,0.6387259010896899,0,16,75 8 29 66 71 10 64 82 12 77 87 32 24 74 47 48 100 34 51 1 56,62 67 96 86 6 80 59 85 46 15 20 61
28,14,7,1244175.0,0.2,4,6,21,20,219.1,222.8,1,1,1,2,1,0,0,41,13,0.3170731707317073,284.7,157.2,441.90000000000003,146.00000000000003,0.3303914912876217,194.6,101.3,295.9,0.6696085087123783,0,33,75 8 29 66 71 10 64 82 12 77 87 32 24 74 47 48 100 34 51 1 56,88 84 30 44 35 98 81 16 69 7 41 99 95 97 27 45 36 21 49 13
28,14,7,1244175.0,0.2,5,6,12,20,138.8,222.8,1,1,1,1,0,1,0,32,15,0.46875,229.8,131.8,361.6,165.60000000000002,0.45796460176991155,128.1,67.9,196.0,0.5420353982300885,1,32,62 67 96 86 6 80 59 85 46 15 20 61,88 84 30 44 35 98 81 16 69 7 41 99 95 97 27 45 36 21 49 13
29,14,8,1263846.0,0.2,0,1,8,5,72.5,56.8,0,0,0,0,0,1,1,13,13,1.0,83.7,45.6,129.3,129.3,1.0,0.0,0.0,0.0,0.0,1,0,61 20 15 91 33 90 36 21,89 85 59 67 62
29,14,8,1263846.0,0.2,0,2,8,15,72.5,144.5,0,1,0,1,0,1,0,23,12,0.5217391304347826,146.6,70.4,217.00000000000003,121.9,0.5617511520737327,66.2,28.9,95.10000000000002,0.43824884792626734,1,1,61 20 15 91 33 90 36 21,96 86 6 80 93 38 28 58 94 4 31 78 50 49 13
29,14,8,1263846.0,0.2,0,3,8,14,72.5,213.90000000000003,0,1,0,1,0,1,0,22,11,0.5,191.3,95.1,286.4,131.99999999999997,0.4608938547486033,104.0,50.4,154.4,0.5391061452513967,1,64,61 20 15 91 33 90 36 21,22 53 83 5 19 70 11 23 79 39 57 63 73 25
29,14,8,1263846.0,0.2,0,4,8,23,72.5,227.40000000000003,0,1,0,1,0,1,0,31,11,0.3548387096774194,196.8,103.1,299.8999999999999,86.60000000000002,0.288762920973658,138.7,74.6,213.2999999999999,0.7112370790263419,1,64,61 20 15 91 33 90 36 21,75 8 29 66 71 10 64 82 12 77 87 32 24 74 47 51 100 34 48 1 56 46 72
29,14,8,1263846.0,0.2,0,5,8,14,72.5,189.6,0,1,0,1,0,1,0,22,9,0.4090909090909091,183.6,78.5,262.1,87.9,0.33536818008393743,124.6,49.6,174.20000000000002,0.6646318199160626,1,32,61 20 15 91 33 90 36 21,2 9 55 14 54 76 92 40 42 65 52 3 60 26
29,14,8,1263846.0,0.2,0,6,8,6,72.5,64.9,0,0,0,0,0,1,1,14,14,1.0,89.2,48.2,137.4,137.4,1.0,0.0,0.0,0.0,0.0,1,0,61 20 15 91 33 90 36 21,18 88 84 30 27 45
29,14,8,1263846.0,0.2,0,7,8,15,72.5,169.29999999999998,0,1,0,1,0,1,0,23,11,0.4782608695652174,158.8,83.0,241.79999999999995,119.0,0.4921422663358148,82.4,40.4,122.79999999999995,0.5078577336641852,1,32,61 20 15 91 33 90 36 21,35 98 81 16 69 7 41 99 95 97 44 43 17 37 68
29,14,8,1263846.0,0.2,1,2,5,15,56.8,144.5,0,1,0,1,0,1,0,20,12,0.6,131.3,70.0,201.30000000000004,113.50000000000001,0.5638350720317933,59.8,28.0,87.80000000000003,0.4361649279682067,1,1,89 85 59 67 62,96 86 6 80 93 38 28 58 94 4 31 78 50 49 13
29,14,8,1263846.0,0.2,1,3,5,14,56.8,213.90000000000003,0,1,0,1,0,1,0,19,11,0.5789473684210527,176.0,94.7,270.7,118.99999999999997,0.43960103435537484,101.1,50.6,151.70000000000002,0.5603989656446251,1,48,89 85 59 67 62,22 53 83 5 19 70 11 23 79 39 57 63 73 25
29,14,8,1263846.0,0.2,1,4,5,23,56.8,227.40000000000003,0,1,0,1,0,1,0,28,8,0.2857142857142857,181.5,102.7,284.19999999999993,70.90000000000002,0.24947220267417325,138.7,74.6,213.2999999999999,0.7505277973258268,1,64,89 85 59 67 62,75 8 29 66 71 10 64 82 12 77 87 32 24 74 47 51 100 34 48 1 56 46 72
29,14,8,1263846.0,0.2,1,5,5,14,56.8,189.6,0,1,0,1,0,1,0,19,6,0.3157894736842105,168.3,78.1,246.39999999999998,72.2,0.29301948051948057,124.6,49.6,174.2,0.7069805194805195,1,64,89 85 59 67 62,2 9 55 14 54 76 92 40 42 65 52 3 60 26
29,14,8,1263846.0,0.2,1,6,5,6,56.8,64.9,0,0,0,0,0,1,1,11,11,1.0,73.9,47.8,121.7,121.7,1.0,0.0,0.0,0.0,0.0,1,0,89 85 59 67 62,18 88 84 30 27 45
29,14,8,1263846.0,0.2,1,7,5,15,56.8,169.29999999999998,0,1,0,1,0,1,0,20,12,0.6,143.5,82.6,226.09999999999997,145.1,0.6417514374170722,55.2,25.8,80.99999999999997,0.3582485625829278,1,1,89 85 59 67 62,35 98 81 16 69 7 41 99 95 97 44 43 17 37 68
29,14,8,1263846.0,0.2,2,3,15,14,144.5,213.90000000000003,1,1,1,2,1,0,0,29,7,0.2413793103448276,238.9,119.5,358.4,80.69999999999999,0.2251674107142857,187.3,90.4,277.7,0.7748325892857143,0,64,96 86 6 80 93 38 28 58 94 4 31 78 50 49 13,22 53 83 5 19 70 11 23 79 39 57 63 73 25
29,14,8,1263846.0,0.2,2,4,15,23,144.5,227.40000000000003,1,1,1,2,1,0,0,38,8,0.21052631578947367,244.4,127.5,371.9,80.80000000000001,0.21726270502823344,190.6,100.5,291.09999999999997,0.7827372949717666,0,64,96 86 6 80 93 38 28 58 94 4 31 78 50 49 13,75 8 29 66 71 10 64 82 12 77 87 32 24 74 47 51 100 34 48 1 56 46 72
29,14,8,1263846.0,0.2,2,5,15,14,144.5,189.6,1,1,1,2,1,0,0,29,7,0.2413793103448276,231.2,102.9,334.09999999999997,77.9,0.233163723436097,180.7,75.5,256.19999999999993,0.7668362765639029,0,64,96 86 6 80 93 38 28 58 94 4 31 78 50 49 13,2 9 55 14 54 76 92 40 42 65 52 3 60 26
29,14,8,1263846.0,0.2,2,6,15,6,144.5,64.9,1,0,0,1,0,1,0,21,14,0.6666666666666666,136.8,72.6,209.39999999999998,138.40000000000003,0.6609360076408789,49.8,21.2,70.99999999999994,0.33906399235912105,1,1,96 86 6 80 93 38 28 58 94 4 31 78 50 49 13,18 88 84 30 27 45
29,14,8,1263846.0,0.2,2,7,15,15,144.5,169.29999999999998,1,1,1,1,0,1,0,30,8,0.26666666666666666,206.4,107.4,313.79999999999995,109.9,0.3502230720203952,138.7,65.2,203.89999999999995,0.6497769279796047,1,64,96 86 6 80 93 38 28 58 94 4 31 78 50 49 13,35 98 81 16 69 7 41 99 95 97 44 43 17 37 68
29,14,8,1263846.0,0.2,3,4,14,23,213.90000000000003,227.40000000000003,1,1,1,2,1,0,0,37,6,0.16216216216216217,289.1,152.2,441.29999999999995,72.1,0.16338092000906412,243.5,125.7,369.19999999999993,0.8366190799909358,0,32,22 53 83 5 19 70 11 23 79 39 57 63 73 25,75 8 29 66 71 10 64 82 12 77 87 32 24 74 47 51 100 34 48 1 56 46 72
29,14,8,1263846.0,0.2,3,5,14,14,213.90000000000003,189.6,1,1,1,2,1,0,0,28,4,0.14285714285714285,275.9,127.6,403.49999999999994,57.49999999999999,0.14250309789343246,238.3,107.7,345.99999999999994,0.8574969021065675,0,40,22 53 83 5 19 70 11 23 79 39 57 63 73 25,2 9 55 14 54 76 92 40 42 65 52 3 60 26
29,14,8,1263846.0,0.2,3,6,14,6,213.90000000000003,64.9,1,0,0,1,0,1,0,20,11,0.55,181.5,97.3,278.8,131.7,0.4723816355810616,98.9,48.2,147.10000000000002,0.5276183644189384,1,64,22 53 83 5 19 70 11 23 79 39 57 63 73 25,18 88 84 30 27 45
29,14,8,1263846.0,0.2,3,7,14,15,213.90000000000003,169.29999999999998,1,1,1,2,1,0,0,29,10,0.3448275862068966,251.1,132.1,383.2,123.29999999999998,0.32176409185803756,172.0,87.9,259.9,0.6782359081419623,0,64,22 53 83 5 19 70 11 23 79 39 57 63 73 25,35 98 81 16 69 7 41 99 95 97 44 43 17 37 68
29,14,8,1263846.0,0.2,4,5,23,14,227.40000000000003,189.6,1,1,1,2,1,0,0,37,4,0.10810810810810811,281.4,135.6,416.99999999999994,29.50000000000002,0.07074340527577944,263.3,124.2,387.49999999999994,0.9292565947242206,0,52,75 8 29 66 71 10 64 82 12 77 87 32 24 74 47 51 100 34 48 1 56 46 72,2 9 55 14 54 76 92 40 42 65 52 3 60 26
29,14,8,1263846.0,0.2,4,6,23,6,227.40000000000003,64.9,1,0,0,1,0,1,0,29,9,0.3103448275862069,187.0,105.3,292.3,79.00000000000003,0.27027027027027034,138.7,74.6,213.29999999999998,0.7297297297297296,1,64,75 8 29 66 71 10 64 82 12 77 87 32 24 74 47 51 100 34 48 1 56 46 72,18 88 84 30 27 45
29,14,8,1263846.0,0.2,4,7,23,15,227.40000000000003,169.29999999999998,1,1,1,2,1,0,0,38,10,0.2631578947368421,256.6,140.1,396.7,115.69999999999999,0.29165616334761785,185.3,95.7,281.0,0.7083438366523822,0,64,75 8 29 66 71 10 64 82 12 77 87 32 24 74 47 51 100 34 48 1 56 46 72,35 98 81 16 69 7 41 99 95 97 44 43 17 37 68
29,14,8,1263846.0,0.2,5,6,14,6,189.6,64.9,1,0,0,1,0,1,0,20,7,0.35,173.8,80.7,254.5,80.30000000000001,0.31552062868369357,124.6,49.6,174.2,0.6844793713163064,1,32,2 9 55 14 54 76 92 40 42 65 52 3 60 26,18 88 84 30 27 45
29,14,8,1263846.0,0.2,5,7,14,15,189.6,169.29999999999998,1,1,1,2,1,0,0,29,7,0.2413793103448276,243.4,115.5,358.9,101.7,0.28336584006687104,180.8,76.4,257.2,0.7166341599331291,0,32,2 9 55 14 54 76 92 40 42 65 52 3 60 26,35 98 81 16 69 7 41 99 95 97 44 43 17 37 68
29,14,8,1263846.0,0.2,6,7,6,15,64.9,169.29999999999998,0,1,0,1,0,1,0,21,12,0.5714285714285714,149.0,85.2,234.2,144.6,0.6174210076857387,59.6,30.0,89.6,0.3825789923142613,1,1,18 88 84 30 27 45,35 98 81 16 69 7 41 99 95 97 44 43 17 37 68
30,15,7,1249358.0,0.2,0,1,17,23,225.4,230.10000000000002,1,1,1,2,1,0,0,40,8,0.2,298.3,157.2,455.5,86.29999999999998,0.18946212952799119,242.5,126.7,369.20000000000005,0.8105378704720089,0,37,89 72 46 50 78 31 5 39 79 57 73 63 11 23 19 70 83,10 64 82 12 77 87 32 24 74 47 51 34 100 48 1 56 58 28 94 4 38 93 85
30,15,7,1249358.0,0.2,0,2,17,14,225.4,161.6,1,1,1,2,1,0,0,31,5,0.16129032258064516,254.2,132.8,387.0,67.69999999999999,0.17493540051679585,212.0,107.3,319.3,0.8250645994832042,0,16,89 72 46 50 78 31 5 39 79 57 73 63 11 23 19 70 83,75 8 29 71 66 16 69 7 81 41 99 95 98 35
30,15,7,1249358.0,0.2,0,3,17,7,225.4,88.5,1,1,1,1,0,1,0,24,12,0.5,201.5,112.4,313.9,133.7,0.42593182542210895,116.7,63.5,180.2,0.574068174577891,1,16,89 72 46 50 78 31 5 39 79 57 73 63 11 23 19 70 83,18 88 84 30 21 49 13
30,15,7,1249358.0,0.2,0,4,17,16,225.4,200.8,1,1,1,2,1,0,0,33,9,0.2727272727272727,291.1,135.1,426.19999999999993,71.99999999999999,0.1689347724073205,242.7,111.5,354.19999999999993,0.8310652275926794,0,16,89 72 46 50 78 31 5 39 79 57 73 63 11 23 19 70 83,37 68 26 60 3 52 65 42 40 92 76 54 14 55 9 25
30,15,7,1249358.0,0.2,0,5,17,9,225.4,96.4,1,1,1,1,0,1,0,26,10,0.38461538461538464,211.8,110.0,321.79999999999995,99.7,0.30981976382846493,148.9,73.2,222.09999999999997,0.6901802361715351,1,16,89 72 46 50 78 31 5 39 79 57 73 63 11 23 19 70 83,62 67 59 80 86 6 22 53 96
30,15,7,1249358.0,0.2,0,6,17,14,225.4,136.1,1,1,1,2,1,0,0,31,13,0.41935483870967744,239.1,122.4,361.5,130.5,0.36099585062240663,152.9,78.1,231.0,0.6390041493775933,0,16,89 72 46 50 78 31 5 39 79 57 73 63 11 23 19 70 83,2 17 43 44 97 27 45 36 90 33 91 15 20 61
30,15,7,1249358.0,0.2,1,2,23,14,230.10000000000002,161.6,1,1,1,2,1,0,0,37,4,0.10810810810810811,255.3,136.4,391.70000000000005,66.5,0.1697727852948685,216.2,109.0,325.20000000000005,0.8302272147051315,0,8,10 64 82 12 77 87 32 24 74 47 51 34 100 48 1 56 58 28 94 4 38 93 85,75 8 29 71 66 16 69 7 81 41 99 95 98 35
30,15,7,1249358.0,0.2,1,3,23,7,230.10000000000002,88.5,1,1,1,1,0,1,0,30,9,0.3,202.6,116.0,318.6,119.5,0.37507846829880725,131.4,67.7,199.10000000000002,0.6249215317011927,1,16,10 64 82 12 77 87 32 24 74 47 51 34 100 48 1 56 58 28 94 4 38 93 85,18 88 84 30 21 49 13
30,15,7,1249358.0,0.2,1,4,23,16,230.10000000000002,200.8,1,1,1,2,1,0,0,39,8,0.20512820512820512,292.2,138.7,430.8999999999999,56.40000000000002,0.13088883731724305,254.7,119.8,374.4999999999999,0.8691111626827569,0,28,10 64 82 12 77 87 32 24 74 47 51 34 100 48 1 56 58 28 94 4 38 93 85,37 68 26 60 3 52 65 42 40 92 76 54 14 55 9 25
30,15,7,1249358.0,0.2,1,5,23,9,230.10000000000002,96.4,1,1,1,2,1,0,0,32,8,0.25,212.9,113.6,326.5,82.4,0.2523736600306279,161.8,82.3,244.1,0.7476263399693721,0,4,10 64 82 12 77 87 32 24 74 47 51 34 100 48 1 56 58 28 94 4 38 93 85,62 67 59 80 86 6 22 53 96
30,15,7,1249358.0,0.2,1,6,23,14,230.10000000000002,136.1,1,1,1,2,1,0,0,37,12,0.32432432432432434,240.2,126.0,366.19999999999993,137.2,0.37465865647187335,152.3,76.7,228.99999999999994,0.6253413435281266,0,32,10 64 82 12 77 87 32 24 74 47 51 34 100 48 1 56 58 28 94 4 38 93 85,2 17 43 44 97 27 45 36 90 33 91 15 20 61
30,15,7,1249358.0,0.2,2,3,14,7,161.6,88.5,1,1,1,1,0,1,0,21,6,0.2857142857142857,158.5,91.6,250.10000000000002,78.8,0.3150739704118352,111.1,60.2,171.3,0.6849260295881647,1,8,75 8 29 71 66 16 69 7 81 41 99 95 98 35,18 88 84 30 21 49 13
30,15,7,1249358.0,0.2,2,4,14,16,161.6,200.8,1,1,1,2,1,0,0,30,4,0.13333333333333333,248.1,114.3,362.3999999999999,41.30000000000001,0.11396247240618107,223.2,97.9,321.0999999999999,0.8860375275938189,0,8,75 8 29 71 66 16 69 7 81 41 99 95 98 35,37 68 26 60 3 52 65 42 40 92 76 54 14 55 9 25
30,15,7,1249358.0,0.2,2,5,14,9,161.6,96.4,1,1,1,1,0,1,0,23,3,0.13043478260869565,168.8,89.2,258.0,46.0,0.17829457364341086,141.3,70.7,212.0,0.8217054263565892,1,4,75 8 29 71 66 16 69 7 81 41 99 95 98 35,62 67 59 80 86 6 22 53 96
30,15,7,1249358.0,0.2,2,6,14,14,161.6,136.1,1,1,1,2,1,0,0,28,5,0.17857142857142858,196.1,101.6,297.7,56.7,0.19046019482700707,162.3,78.7,241.0,0.809539805172993,0,8,75 8 29 71 66 16 69 7 81 41 99 95 98 35,2 17 43 44 97 27 45 36 90 33 91 15 20 61
30,15,7,1249358.0,0.2,3,4,7,16,88.5,200.8,1,1,1,1,0,1,0,23,8,0.34782608695652173,195.4,93.9,289.29999999999995,90.5,0.3128240580712064,141.5,57.3,198.79999999999995,0.6871759419287936,1,16,18 88 84 30 21 49 13,37 68 26 60 3 52 65 42 40 92 76 54 14 55 9 25
30,15,7,1249358.0,0.2,3,5,7,9,88.5,96.4,1,1,1,1,0,1,0,16,12,0.75,116.1,68.8,184.9,139.8,0.7560843699296917,31.1,14.0,45.099999999999994,0.24391563007030823,1,1,18 88 84 30 21 49 13,62 67 59 80 86 6 22 53 96
30,15,7,1249358.0,0.2,3,6,7,14,88.5,136.1,1,1,1,1,0,1,0,21,8,0.38095238095238093,143.4,81.2,224.6,89.89999999999999,0.40026714158504006,87.5,47.2,134.7,0.5997328584149599,1,1,18 88 84 30 21 49 13,2 17 43 44 97 27 45 36 90 33 91 15 20 61
30,15,7,1249358.0,0.2,4,5,16,9,200.8,96.4,1,1,1,2,1,0,0,25,9,0.36,205.7,91.5,297.2,78.10000000000001,0.2627860026917901,157.1,62.0,219.09999999999997,0.7372139973082099,0,14,37 68 26 60 3 52 65 42 40 92 76 54 14 55 9 25,62 67 59 80 86 6 22 53 96
30,15,7,1249358.0,0.2,4,6,16,14,200.8,136.1,1,1,1,2,1,0,0,30,11,0.36666666666666664,233.0,103.9,336.9,108.2,0.3211635500148412,162.4,66.3,228.7,0.6788364499851588,0,8,37 68 26 60 3 52 65 42 40 92 76 54 14 55 9 25,2 17 43 44 97 27 45 36 90 33 91 15 20 61
30,15,7,1249358.0,0.2,5,6,9,14,96.4,136.1,1,1,1,1,0,1,0,23,12,0.5217391304347826,153.7,78.8,232.5,128.60000000000002,0.5531182795698926,75.5,28.4,103.89999999999998,0.44688172043010743,1,16,62 67 59 80 86 6 22 53 96,2 17 43 44 97 27 45 36 90 33 91 15 20 61
31,15,8,1266770.0,0.2,0,1,15,14,142.3,213.89999999999998,1,1,1,2,1,0,0,29,9,0.3103448275862069,239.8,116.4,356.2,93.0,0.26108927568781587,175.7,87.5,263.2,0.7389107243121842,0,64,15 91 33 90 50 78 31 38 4 28 58 94 93 85 89,25 63 73 57 79 39 23 11 70 19 5 83 53 22
31,15,8,1266770.0,0.2,0,2,15,16,142.3,195.8,1,1,1,2,1,0,0,31,12,0.3870967741935484,236.3,101.8,338.0999999999999,102.4,0.3028689736764272,167.9,67.8,235.6999999999999,0.6971310263235728,0,64,15 91 33 90 50 78 31 38 4 28 58 94 93 85 89,2 9 55 14 54 76 92 40 42 65 52 3 60 26 68 37
31,15,8,1266770.0,0.2,0,3,15,5,142.3,55.800000000000004,1,0,0,1,0,1,0,20,12,0.6,133.8,64.3,198.10000000000005,117.90000000000002,0.5951539626451287,57.6,22.6,80.20000000000003,0.40484603735487135,1,1,15 91 33 90 50 78 31 38 4 28 58 94 93 85 89,13 49 20 61 18
31,15,8,1266770.0,0.2,0,4,15,7,142.3,73.2,1,0,0,1,0,1,0,22,8,0.36363636363636365,143.8,71.7,215.50000000000006,85.60000000000001,0.39721577726218094,90.0,39.9,129.90000000000003,0.6027842227378191,1,1,15 91 33 90 50 78 31 38 4 28 58 94 93 85 89,62 67 59 80 6 86 96
31,15,8,1266770.0,0.2,0,5,15,23,142.3,227.40000000000003,1,1,1,2,1,0,0,38,9,0.23684210526315788,245.3,124.4,369.69999999999993,88.30000000000001,0.2388423045712741,185.9,95.5,281.3999999999999,0.7611576954287259,0,64,15 91 33 90 50 78 31 38 4 28 58 94 93 85 89,75 8 29 66 71 10 64 82 12 77 87 32 24 74 47 51 34 100 48 1 56 46 72
31,15,8,1266770.0,0.2,0,6,15,7,142.3,67.4,1,0,0,1,0,1,0,22,14,0.6363636363636364,138.9,70.8,209.7,140.90000000000003,0.671912255603243,48.4,20.4,68.79999999999995,0.3280877443967571,1,1,15 91 33 90 50 78 31 38 4 28 58 94 93 85 89,21 36 45 27 30 84 88
31,15,8,1266770.0,0.2,0,7,15,13,142.3,163.1,1,1,1,1,0,1,0,28,10,0.35714285714285715,203.1,102.3,305.40000000000003,105.70000000000002,0.3461034708578913,135.5,64.2,199.70000000000002,0.6538965291421087,1,64,15 91 33 90 50 78 31 38 4 28 58 94 93 85 89,35 98 81 16 69 7 41 99 95 97 44 43 17
31,15,8,1266770.0,0.2,1,2,14,16,213.89999999999998,195.8,1,1,1,2,1,0,0,30,7,0.23333333333333334,280.1,129.6,409.69999999999993,71.89999999999998,0.17549426409567975,233.2,104.6,337.79999999999995,0.8245057359043203,0,64,25 63 73 57 79 39 23 11 70 19 5 83 53 22,2 9 55 14 54 76 92 40 42 65 52 3 60 26 68 37
31,15,8,1266770.0,0.2,1,3,14,5,213.89999999999998,55.800000000000004,1,0,0,1,0,1,0,19,10,0.5263157894736842,177.6,92.1,269.7,124.6,0.46199480904708934,97.2,47.9,145.1,0.5380051909529107,1,64,25 63 73 57 79 39 23 11 70 19 5 83 53 22,13 49 20 61 18
31,15,8,1266770.0,0.2,1,4,14,7,213.89999999999998,73.2,1,0,0,1,0,1,0,21,9,0.42857142857142855,187.6,99.5,287.1,95.3,0.33194009056078017,128.2,63.6,191.8,0.6680599094392198,1,16,25 63 73 57 79 39 23 11 70 19 5 83 53 22,62 67 59 80 6 86 96
31,15,8,1266770.0,0.2,1,5,14,23,213.89999999999998,227.40000000000003,1,1,1,2,1,0,0,37,6,0.16216216216216217,289.1,152.2,441.2999999999999,73.5,0.16655336505778387,242.0,125.8,367.7999999999999,0.8334466349422162,0,16,25 63 73 57 79 39 23 11 70 19 5 83 53 22,75 8 29 66 71 10 64 82 12 77 87 32 24 74 47 51 34 100 48 1 56 46 72
31,15,8,1266770.0,0.2,1,6,14,7,213.89999999999998,67.4,1,0,0,1,0,1,0,21,12,0.5714285714285714,182.7,98.6,281.29999999999995,136.2,0.4841805901173125,97.2,47.9,145.09999999999997,0.5158194098826875,1,64,25 63 73 57 79 39 23 11 70 19 5 83 53 22,21 36 45 27 30 84 88
31,15,8,1266770.0,0.2,1,7,14,13,213.89999999999998,163.1,1,1,1,2,1,0,0,27,9,0.3333333333333333,246.9,130.1,377.0,122.09999999999998,0.32387267904509276,168.3,86.6,254.90000000000003,0.6761273209549072,0,64,25 63 73 57 79 39 23 11 70 19 5 83 53 22,35 98 81 16 69 7 41 99 95 97 44 43 17
31,15,8,1266770.0,0.2,2,3,16,5,195.8,55.800000000000004,1,0,0,1,0,1,0,21,8,0.38095238095238093,174.1,77.5,251.60000000000005,77.39999999999999,0.30763116057233697,124.6,49.6,174.20000000000005,0.692368839427663,1,64,2 9 55 14 54 76 92 40 42 65 52 3 60 26 68 37,13 49 20 61 18
31,15,8,1266770.0,0.2,2,4,16,7,195.8,73.2,1,0,0,1,0,1,0,23,10,0.43478260869565216,184.1,84.9,269.00000000000006,94.8,0.3524163568773233,124.6,49.6,174.20000000000005,0.6475836431226766,1,64,2 9 55 14 54 76 92 40 42 65 52 3 60 26 68 37,62 67 59 80 6 86 96
31,15,8,1266770.0,0.2,2,5,16,23,195.8,227.40000000000003,1,1,1,2,1,0,0,39,6,0.15384615384615385,285.6,137.6,423.19999999999993,35.70000000000001,0.08435727788279777,263.3,124.2,387.49999999999994,0.9156427221172023,0,64,2 9 55 14 54 76 92 40 42 65 52 3 60 26 68 37,75 8 29 66 71 10 64 82 12 77 87 32 24 74 47 51 34 100 48 1 56 46 72
31,15,8,1266770.0,0.2,2,6,16,7,195.8,67.4,1,0,0,1,0,1,0,23,10,0.43478260869565216,179.2,84.0,263.2,89.0,0.338145896656535,124.6,49.6,174.2,0.6618541033434651,1,32,2 9 55 14 54 76 92 40 42 65 52 3 60 26 68 37,21 36 45 27 30 84 88
31,15,8,1266770.0,0.2,2,7,16,13,195.8,163.1,1,1,1,2,1,0,0,29,7,0.2413793103448276,243.4,115.5,358.90000000000003,101.7,0.283365840066871,180.8,76.4,257.20000000000005,0.7166341599331291,0,32,2 9 55 14 54 76 92 40 42 65 52 3 60 26 68 37,35 98 81 16 69 7 41 99 95 97 44 43 17
31,15,8,1266770.0,0.2,3,4,5,7,55.800000000000004,73.2,0,0,0,0,0,1,1,12,12,1.0,81.6,47.4,129.0,129.0,1.0,0.0,0.0,0.0,0.0,1,0,13 49 20 61 18,62 67 59 80 6 86 96
31,15,8,1266770.0,0.2,3,5,5,23,55.800000000000004,227.40000000000003,0,1,0,1,0,1,0,28,8,0.2857142857142857,183.1,100.1,283.19999999999993,69.90000000000003,0.24682203389830526,138.7,74.6,213.2999999999999,0.7531779661016947,1,64,13 49 20 61 18,75 8 29 66 71 10 64 82 12 77 87 32 24 74 47 51 34 100 48 1 56 46 72
31,15,8,1266770.0,0.2,3,6,5,7,55.800000000000004,67.4,0,0,0,0,0,1,1,12,12,1.0,76.7,46.5,123.20000000000002,123.20000000000002,1.0,0.0,0.0,0.0,0.0,1,0,13 49 20 61 18,21 36 45 27 30 84 88
31,15,8,1266770.0,0.2,3,7,5,13,55.800000000000004,163.1,0,1,0,1,0,1,0,18,9,0.5,140.9,78.0,218.9,116.7,0.5331201461854728,68.0,34.2,102.2,0.4668798538145272,1,1,13 49 20 61 18,35 98 81 16 69 7 41 99 95 97 44 43 17
31,15,8,1266770.0,0.2,4,5,7,23,73.2,227.40000000000003,0,1,0,1,0,1,0,30,9,0.3,193.1,107.5,300.5999999999999,81.50000000000001,0.27112441783100477,142.6,76.5,219.0999999999999,0.7288755821689953,1,16,62 67 59 80 6 86 96,75 8 29 66 71 10 64 82 12 77 87 32 24 74 47 51 34 100 48 1 56 46 72
31,15,8,1266770.0,0.2,4,6,7,7,73.2,67.4,0,0,0,0,0,1,1,14,14,1.0,86.7,53.9,140.6,140.60000000000002,1.0000000000000002,0.0,0.0,0.0,0.0,1,0,62 67 59 80 6 86 96,21 36 45 27 30 84 88
31,15,8,1266770.0,0.2,4,7,7,13,73.2,163.1,0,1,0,1,0,1,0,20,12,0.6,150.9,85.4,236.3,127.79999999999998,0.5408379179009732,73.1,35.4,108.50000000000003,0.45916208209902676,1,64,62 67 59 80 6 86 96,35 98 81 16 69 7 41 99 95 97 44 43 17
31,15,8,1266770.0,0.2,5,6,23,7,227.40000000000003,67.4,1,0,0,1,0,1,0,30,10,0.3333333333333333,188.2,106.6,294.8,81.50000000000003,0.2764586160108549,138.7,74.6,213.29999999999998,0.7235413839891451,1,64,75 8 29 66 71 10 64 82 12 77 87 32 24 74 47 51 34 100 48 1 56 46 72,21 36 45 27 30 84 88
31,15,8,1266770.0,0.2,5,7,23,13,227.40000000000003,163.1,1,1,1,2,1,0,0,36,8,0.2222222222222222,252.4,138.1,390.5,102.0,0.2612035851472471,190.1,98.4,288.5,0.7387964148527529,0,64,75 8 29 66 71 10 64 82 12 77 87 32 24 74 47 51 34 100 48 1 56 46 72,35 98 81 16 69 7 41 99 95 97 44 43 17
31,15,8,1266770.0,0.2,6,7,7,13,67.4,163.1,0,1,0,1,0,1,0,20,10,0.5,146.0,84.5,230.5,105.69999999999999,0.45856832971800426,79.9,44.9,124.80000000000001,0.5414316702819957,1,1,21 36 45 27 30 84 88,35 98 81 16 69 7 41 99 95 97 44 43 17
32,16,7,1244383.0,0.2,0,1,23,6,227.40000000000003,59.900000000000006,1,0,0,1,0,1,0,29,7,0.2413793103448276,183.1,104.2,287.3,64.00000000000001,0.22276366167768888,145.8,77.5,223.3,0.7772363383223112,1,16,75 8 29 66 71 10 64 82 12 77 87 32 24 74 47 51 100 34 48 1 56 46 72,2 68 37 43 17 18
32,16,7,1244383.0,0.2,0,2,23,14,227.40000000000003,194.6,1,1,1,2,1,0,0,37,2,0.05405405405405406,285.6,136.4,421.99999999999994,8.300000000000011,0.01966824644549766,280.9,132.8,413.69999999999993,0.9803317535545023,0,7,75 8 29 66 71 10 64 82 12 77 87 32 24 74 47 51 100 34 48 1 56 46 72,26 60 3 52 65 42 40 92 76 54 14 55 9 25
32,16,7,1244383.0,0.2,0,3,23,12,227.40000000000003,138.5,1,1,1,2,1,0,0,35,4,0.11428571428571428,236.5,129.4,365.9,43.50000000000001,0.1188849412407762,212.0,110.4,322.4,0.8811150587592238,0,8,75 8 29 66 71 10 64 82 12 77 87 32 24 74 47 51 100 34 48 1 56 46 72,62 67 96 22 53 83 6 86 80 59 85 89
32,16,7,1244383.0,0.2,0,4,23,7,227.40000000000003,63.300000000000004,1,0,0,2,1,0,0,30,5,0.16666666666666666,191.8,98.9,290.7,28.600000000000016,0.09838321293429658,174.8,87.3,262.09999999999997,0.9016167870657034,0,8,75 8 29 66 71 10 64 82 12 77 87 32 24 74 47 51 100 34 48 1 56 46 72,50 90 33 91 15 49 61
32,16,7,1244383.0,0.2,0,5,23,20,227.40000000000003,229.8,1,1,1,2,1,0,0,43,10,0.23255813953488372,295.8,161.4,457.20000000000005,80.00000000000001,0.17497812773403326,243.5,133.7,377.20000000000005,0.8250218722659668,0,20,75 8 29 66 71 10 64 82 12 77 87 32 24 74 47 51 100 34 48 1 56 46 72,88 84 30 44 35 98 81 16 7 69 41 99 95 97 27 45 36 21 20 13
32,16,7,1244383.0,0.2,0,6,23,18,227.40000000000003,225.4,1,1,1,2,1,0,0,41,3,0.07317073170731707,296.7,156.1,452.79999999999995,26.80000000000001,0.059187279151943495,280.6,145.4,425.99999999999994,0.9408127208480566,0,16,75 8 29 66 71 10 64 82 12 77 87 32 24 74 47 51 100 34 48 1 56 46 72,63 73 57 79 39 23 11 70 19 5 94 58 28 4 38 31 78 93
32,16,7,1244383.0,0.2,1,2,6,14,59.900000000000006,194.6,0,1,0,1,0,1,0,20,5,0.25,174.1,80.4,254.5,55.7,0.218860510805501,141.5,57.3,198.8,0.781139489194499,1,16,2 68 37 43 17 18,26 60 3 52 65 42 40 92 76 54 14 55 9 25
32,16,7,1244383.0,0.2,1,3,6,12,59.900000000000006,138.5,0,1,0,1,0,1,0,18,6,0.3333333333333333,125.0,73.4,198.4,63.6,0.32056451612903225,88.7,46.1,134.8,0.6794354838709677,1,1,2 68 37 43 17 18,62 67 96 22 53 83 6 86 80 59 85 89
32,16,7,1244383.0,0.2,1,4,6,7,59.900000000000006,63.300000000000004,0,0,0,1,0,1,0,13,5,0.38461538461538464,80.3,42.9,123.20000000000002,38.400000000000006,0.3116883116883117,56.8,28.0,84.80000000000001,0.6883116883116883,1,1,2 68 37 43 17 18,50 90 33 91 15 49 61
32,16,7,1244383.0,0.2,1,5,6,20,59.900000000000006,229.8,0,1,0,1,0,1,0,26,7,0.2692307692307692,184.3,105.4,289.70000000000005,83.6,0.2885743872972039,131.8,74.3,206.10000000000005,0.711425612702796,1,16,2 68 37 43 17 18,88 84 30 44 35 98 81 16 7 69 41 99 95 97 27 45 36 21 20 13
32,16,7,1244383.0,0.2,1,6,6,18,59.900000000000006,225.4,0,1,0,1,0,1,0,24,7,0.2916666666666667,185.2,100.1,285.3,77.8,0.27269540834209605,139.0,68.5,207.5,0.727304591657904,1,32,2 68 37 43 17 18,63 73 57 79 39 23 11 70 19 5 94 58 28 4 38 31 78 93
32,16,7,1244383.0,0.2,2,3,14,12,194.6,138.5,1,1,1,2,1,0,0,26,2,0.07692307692307693,227.5,105.6,333.09999999999997,23.3,0.0699489642749925,214.3,95.5,309.79999999999995,0.9300510357250075,0,4,26 60 3 52 65 42 40 92 76 54 14 55 9 25,62 67 96 22 53 83 6 86 80 59 85 89
32,16,7,1244383.0,0.2,2,4,14,7,194.6,63.300000000000004,1,0,0,2,1,0,0,21,2,0.09523809523809523,182.8,75.1,257.9,12.999999999999998,0.05040713454827452,174.7,70.2,244.89999999999998,0.9495928654517255,0,6,26 60 3 52 65 42 40 92 76 54 14 55 9 25,50 90 33 91 15 49 61
32,16,7,1244383.0,0.2,2,5,14,20,194.6,229.8,1,1,1,2,1,0,0,34,7,0.20588235294117646,286.8,137.6,424.4,58.60000000000001,0.13807728557964188,248.0,117.8,365.79999999999995,0.8619227144203581,0,8,26 60 3 52 65 42 40 92 76 54 14 55 9 25,88 84 30 44 35 98 81 16 7 69 41 99 95 97 27 45 36 21 20 13
32,16,7,1244383.0,0.2,2,6,14,18,194.6,225.4,1,1,1,2,1,0,0,32,1,0.03125,287.7,132.3,420.0,3.5999999999999943,0.008571428571428558,285.5,130.9,416.4,0.9914285714285713,0,2,26 60 3 52 65 42 40 92 76 54 14 55 9 25,63 73 57 79 39 23 11 70 19 5 94 58 28 4 38 31 78 93
32,16,7,1244383.0,0.2,3,4,12,7,138.5,63.300000000000004,1,0,0,1,0,1,0,19,3,0.15789473684210525,133.7,68.1,201.80000000000004,25.4,0.12586719524281464,119.4,57.0,176.40000000000003,0.8741328047571854,1,1,62 67 96 22 53 83 6 86 80 59 85 89,50 90 33 91 15 49 61
32,16,7,1244383.0,0.2,3,5,12,20,138.5,229.8,1,1,1,2,1,0,0,32,9,0.28125,237.7,130.6,368.3,79.20000000000002,0.21504208525658436,187.4,101.7,289.1,0.7849579147434157,0,16,62 67 96 22 53 83 6 86 80 59 85 89,88 84 30 44 35 98 81 16 7 69 41 99 95 97 27 45 36 21 20 13
32,16,7,1244383.0,0.2,3,6,12,18,138.5,225.4,1,1,1,2,1,0,0,30,4,0.13333333333333333,238.6,125.3,363.90000000000003,44.699999999999996,0.12283594394064301,213.3,105.9,319.20000000000005,0.877164056059357,0,8,62 67 96 22 53 83 6 86 80 59 85 89,63 73 57 79 39 23 11 70 19 5 94 58 28 4 38 31 78 93
32,16,7,1244383.0,0.2,4,5,7,20,63.300000000000004,229.8,0,1,0,2,1,0,0,27,6,0.2222222222222222,193.0,100.1,293.1,57.39999999999999,0.19583759808938925,155.7,80.0,235.70000000000005,0.8041624019106108,0,16,50 90 33 91 15 49 61,88 84 30 44 35 98 81 16 7 69 41 99 95 97 27 45 36 21 20 13
32,16,7,1244383.0,0.2,4,6,7,18,63.300000000000004,225.4,0,1,0,2,1,0,0,25,4,0.16,193.9,94.8,288.7,35.099999999999994,0.12157949428472462,172.2,81.4,253.6,0.8784205057152754,0,16,50 90 33 91 15 49 61,63 73 57 79 39 23 11 70 19 5 94 58 28 4 38 31 78 93
32,16,7,1244383.0,0.2,5,6,20,18,229.8,225.4,1,1,1,2,1,0,0,38,8,0.21052631578947367,297.9,157.3,455.2,77.2,0.1695957820738137,248.0,130.0,378.0,0.8304042179261863,0,19,88 84 30 44 35 98 81 16 7 69 41 99 95 97 27 45 36 21 20 13,63 73 57 79 39 23 11 70 19 5 94 58 28 4 38 31 78 93
33,16,8,1270167.0,0.2,0,1,14,11,213.90000000000003,107.5,1,1,1,2,1,0,0,25,6,0.24,215.0,106.4,321.3999999999999,79.19999999999999,0.24642190416925952,163.1,79.1,242.19999999999993,0.7535780958307405,0,48,22 53 83 5 19 70 11 23 39 79 57 73 63 25,50 78 31 38 28 58 94 4 93 85 89
33,16,8,1270167.0,0.2,0,2,14,23,213.90000000000003,227.4,1,1,1,2,1,0,0,37,6,0.16216216216216217,289.1,152.2,441.3,64.1,0.14525266258780872,246.8,130.4,377.20000000000005,0.8547473374121913,0,32,22 53 83 5 19 70 11 23 39 79 57 73 63 25,72 46 56 1 48 100 34 51 47 74 24 32 87 77 12 82 64 10 71 66 29 8 75
33,16,8,1270167.0,0.2,0,3,14,16,213.90000000000003,195.8,1,1,1,2,1,0,0,30,7,0.23333333333333334,280.1,129.6,409.69999999999993,59.099999999999994,0.14425189162802052,240.5,110.1,350.5999999999999,0.8557481083719795,0,64,22 53 83 5 19 70 11 23 39 79 57 73 63 25,2 68 37 9 55 14 54 76 92 40 42 65 52 3 60 26
33,16,8,1270167.0,0.2,0,4,14,13,213.90000000000003,171.5,1,1,1,2,1,0,0,27,9,0.3333333333333333,252.8,132.6,385.40000000000003,133.0,0.34509600415153086,167.1,85.3,252.40000000000003,0.6549039958484691,0,64,22 53 83 5 19 70 11 23 39 79 57 73 63 25,88 84 97 44 95 99 41 81 16 69 7 98 35
33,16,8,1270167.0,0.2,0,5,14,6,213.90000000000003,56.5,1,0,0,1,0,1,0,20,11,0.55,175.6,94.8,270.4,112.5,0.4160502958579882,104.5,53.4,157.89999999999998,0.5839497041420117,1,64,22 53 83 5 19 70 11 23 39 79 57 73 63 25,18 17 43 30 27 45
33,16,8,1270167.0,0.2,0,6,14,7,213.90000000000003,73.2,1,0,0,1,0,1,0,21,9,0.42857142857142855,187.6,99.5,287.1,107.5,0.3744339951236503,117.5,62.1,179.60000000000002,0.6255660048763497,1,16,22 53 83 5 19 70 11 23 39 79 57 73 63 25,62 67 59 80 6 86 96
33,16,8,1270167.0,0.2,0,7,14,10,213.90000000000003,93.10000000000001,1,1,1,1,0,1,0,24,14,0.5833333333333334,203.6,103.4,307.0,140.90000000000003,0.45895765472312716,109.6,56.5,166.09999999999997,0.5410423452768729,1,64,22 53 83 5 19 70 11 23 39 79 57 73 63 25,13 20 49 21 36 90 33 91 15 61
33,16,8,1270167.0,0.2,1,2,11,23,107.5,227.4,1,1,1,2,1,0,0,34,7,0.20588235294117646,220.5,114.4,334.90000000000003,69.7,0.2081218274111675,174.1,91.1,265.20000000000005,0.7918781725888325,0,64,50 78 31 38 28 58 94 4 93 85 89,72 46 56 1 48 100 34 51 47 74 24 32 87 77 12 82 64 10 71 66 29 8 75
33,16,8,1270167.0,0.2,1,3,11,16,107.5,195.8,1,1,1,2,1,0,0,27,9,0.3333333333333333,211.5,91.8,303.29999999999995,77.9,0.2568414111440818,159.4,66.0,225.39999999999995,0.7431585888559181,0,64,50 78 31 38 28 58 94 4 93 85 89,2 68 37 9 55 14 54 76 92 40 42 65 52 3 60 26
33,16,8,1270167.0,0.2,1,4,11,13,107.5,171.5,1,1,1,1,0,1,0,24,11,0.4583333333333333,184.2,94.8,279.0,122.19999999999999,0.4379928315412186,104.7,52.1,156.8,0.5620071684587814,1,64,50 78 31 38 28 58 94 4 93 85 89,88 84 97 44 95 99 41 81 16 69 7 98 35
33,16,8,1270167.0,0.2,1,5,11,6,107.5,56.5,1,0,0,1,0,1,0,17,12,0.7058823529411765,107.0,57.0,164.0,113.0,0.6890243902439024,36.6,14.4,51.0,0.31097560975609756,1,1,50 78 31 38 28 58 94 4 93 85 89,18 17 43 30 27 45
33,16,8,1270167.0,0.2,1,6,11,7,107.5,73.2,1,0,0,1,0,1,0,18,8,0.4444444444444444,119.0,61.7,180.7,88.39999999999999,0.48920863309352514,64.6,27.7,92.3,0.5107913669064749,1,1,50 78 31 38 28 58 94 4 93 85 89,62 67 59 80 6 86 96
33,16,8,1270167.0,0.2,1,7,11,10,107.5,93.10000000000001,1,1,1,1,0,1,0,21,14,0.6666666666666666,135.0,65.6,200.6,131.8,0.6570289132602194,47.5,21.3,68.79999999999998,0.3429710867397806,1,1,50 78 31 38 28 58 94 4 93 85 89,13 20 49 21 36 90 33 91 15 61
33,16,8,1270167.0,0.2,2,3,23,16,227.4,195.8,1,1,1,2,1,0,0,39,6,0.15384615384615385,285.6,137.6,423.1999999999999,35.7,0.08435727788279776,263.3,124.2,387.4999999999999,0.9156427221172023,0,64,72 46 56 1 48 100 34 51 47 74 24 32 87 77 12 82 64 10 71 66 29 8 75,2 68 37 9 55 14 54 76 92 40 42 65 52 3 60 26
33,16,8,1270167.0,0.2,2,4,23,13,227.4,171.5,1,1,1,2,1,0,0,36,9,0.25,258.3,140.6,398.90000000000003,116.3,0.29155176736024063,186.8,95.8,282.6,0.7084482326397593,0,64,72 46 56 1 48 100 34 51 47 74 24 32 87 77 12 82 64 10 71 66 29 8 75,88 84 97 44 95 99 41 81 16 69 7 98 35
33,16,8,1270167.0,0.2,2,5,23,6,227.4,56.5,1,0,0,1,0,1,0,29,9,0.3103448275862069,181.1,102.8,283.9,70.6,0.2486791123635083,138.7,74.6,213.29999999999998,0.7513208876364917,1,64,72 46 56 1 48 100 34 51 47 74 24 32 87 77 12 82 64 10 71 66 29 8 75,18 17 43 30 27 45
33,16,8,1270167.0,0.2,2,6,23,7,227.4,73.2,1,0,0,1,0,1,0,30,9,0.3,193.1,107.5,300.6,81.5,0.27112441783100466,142.6,76.5,219.10000000000002,0.7288755821689954,1,32,72 46 56 1 48 100 34 51 47 74 24 32 87 77 12 82 64 10 71 66 29 8 75,62 67 59 80 6 86 96
33,16,8,1270167.0,0.2,2,7,23,10,227.4,93.10000000000001,1,1,1,1,0,1,0,33,12,0.36363636363636365,209.1,111.4,320.5,101.40000000000003,0.3163806552262092,142.6,76.5,219.09999999999997,0.6836193447737908,1,64,72 46 56 1 48 100 34 51 47 74 24 32 87 77 12 82 64 10 71 66 29 8 75,13 20 49 21 36 90 33 91 15 61
33,16,8,1270167.0,0.2,3,4,16,13,195.8,171.5,1,1,1,2,1,0,0,29,8,0.27586206896551724,249.3,118.0,367.29999999999995,112.1,0.30520010890280425,179.8,75.4,255.19999999999996,0.6947998910971958,0,32,2 68 37 9 55 14 54 76 92 40 42 65 52 3 60 26,88 84 97 44 95 99 41 81 16 69 7 98 35
33,16,8,1270167.0,0.2,3,5,16,6,195.8,56.5,1,0,0,1,0,1,0,22,9,0.4090909090909091,172.1,80.2,252.29999999999998,78.1,0.3095521204914784,124.6,49.6,174.2,0.6904478795085216,1,64,2 68 37 9 55 14 54 76 92 40 42 65 52 3 60 26,18 17 43 30 27 45
33,16,8,1270167.0,0.2,3,6,16,7,195.8,73.2,1,0,0,1,0,1,0,23,10,0.43478260869565216,184.1,84.9,269.00000000000006,94.80000000000001,0.35241635687732337,124.6,49.6,174.20000000000005,0.6475836431226766,1,64,2 68 37 9 55 14 54 76 92 40 42 65 52 3 60 26,62 67 59 80 6 86 96
33,16,8,1270167.0,0.2,3,7,16,10,195.8,93.10000000000001,1,1,1,1,0,1,0,26,13,0.5,200.1,88.8,288.9,114.70000000000002,0.39702319141571485,124.6,49.6,174.19999999999996,0.6029768085842852,1,32,2 68 37 9 55 14 54 76 92 40 42 65 52 3 60 26,13 20 49 21 36 90 33 91 15 61
33,16,8,1270167.0,0.2,4,5,13,6,171.5,56.5,1,0,0,1,0,1,0,19,11,0.5789473684210527,144.8,83.2,228.0,119.5,0.5241228070175439,73.1,35.4,108.5,0.4758771929824561,1,1,88 84 97 44 95 99 41 81 16 69 7 98 35,18 17 43 30 27 45
33,16,8,1270167.0,0.2,4,6,13,7,171.5,73.2,1,0,0,1,0,1,0,20,13,0.65,156.8,87.9,244.70000000000002,155.60000000000002,0.6358806702084185,59.4,29.7,89.1,0.36411932979158146,1,64,88 84 97 44 95 99 41 81 16 69 7 98 35,62 67 59 80 6 86 96
33,16,8,1270167.0,0.2,4,7,13,10,171.5,93.10000000000001,1,1,1,1,0,1,0,23,13,0.5652173913043478,172.8,91.8,264.59999999999997,130.1,0.4916855631141346,88.4,46.1,134.49999999999997,0.5083144368858654,1,32,88 84 97 44 95 99 41 81 16 69 7 98 35,13 20 49 21 36 90 33 91 15 61
33,16,8,1270167.0,0.2,5,6,6,7,56.5,73.2,0,0,0,0,0,1,1,13,13,1.0,79.6,50.1,129.7,129.7,1.0,0.0,0.0,0.0,0.0,1,0,18 17 43 30 27 45,62 67 59 80 6 86 96
33,16,8,1270167.0,0.2,5,7,6,10,56.5,93.10000000000001,0,1,0,1,0,1,0,16,15,0.9375,95.6,54.0,149.60000000000002,142.3,0.9512032085561497,4.2,3.1,7.300000000000011,0.04879679144385034,1,1,18 17 43 30 27 45,13 20 49 21 36 90 33 91 15 61
33,16,8,1270167.0,0.2,6,7,7,10,73.2,93.10000000000001,0,1,0,0,0,1,1,17,17,1.0,107.6,58.7,166.3,166.3,1.0,0.0,0.0,0.0,0.0,1,0,62 67 59 80 6 86 96,13 20 49 21 36 90 33 91 15 61
34,17,7,1248876.0,0.2,0,1,25,6,232.00000000000003,67.60000000000001,1,0,0,2,1,0,0,31,7,0.22580645161290322,196.5,103.1,299.6,61.60000000000002,0.20560747663551407,155.8,82.2,238.0,0.794392523364486,0,16,36 90 75 8 29 66 71 10 64 82 12 77 87 32 24 74 47 51 34 100 48 1 56 46 72,13 20 49 15 91 33
34,17,7,1248876.0,0.2,0,2,25,7,232.00000000000003,73.19999999999999,1,0,0,1,0,1,0,32,11,0.34375,195.7,109.5,305.2,86.1,0.28211009174311924,142.6,76.5,219.1,0.7178899082568807,1,16,36 90 75 8 29 66 71 10 64 82 12 77 87 32 24 74 47 51 34 100 48 1 56 46 72,96 86 6 80 59 67 62
34,17,7,1248876.0,0.2,0,3,25,18,232.00000000000003,208.5,1,1,1,2,1,0,0,43,7,0.16279069767441862,295.8,144.7,440.49999999999994,42.600000000000016,0.09670828603859255,269.8,128.1,397.8999999999999,0.9032917139614074,0,16,36 90 75 8 29 66 71 10 64 82 12 77 87 32 24 74 47 51 34 100 48 1 56 46 72,18 17 37 68 26 60 3 52 65 42 40 92 76 54 14 55 9 2
34,17,7,1248876.0,0.2,0,4,25,19,232.00000000000003,236.2,1,1,1,2,1,0,0,44,10,0.22727272727272727,299.7,168.5,468.2,107.4,0.22938914993592482,233.1,127.7,360.79999999999995,0.7706108500640751,0,36,36 90 75 8 29 66 71 10 64 82 12 77 87 32 24 74 47 51 34 100 48 1 56 46 72,61 21 45 27 30 84 97 44 95 99 41 7 69 16 81 98 35 43 88
34,17,7,1248876.0,0.2,0,5,25,11,232.00000000000003,107.5,1,1,1,2,1,0,0,36,8,0.2222222222222222,223.1,116.4,339.5,55.90000000000002,0.16465390279823275,187.9,95.7,283.59999999999997,0.8353460972017672,0,16,36 90 75 8 29 66 71 10 64 82 12 77 87 32 24 74 47 51 34 100 48 1 56 46 72,50 78 31 94 58 28 4 38 93 85 89
34,17,7,1248876.0,0.2,0,6,25,14,232.00000000000003,213.90000000000003,1,1,1,2,1,0,0,39,7,0.1794871794871795,291.7,154.2,445.9,46.80000000000001,0.10495626822157438,260.7,138.4,399.09999999999997,0.8950437317784257,0,16,36 90 75 8 29 66 71 10 64 82 12 77 87 32 24 74 47 51 34 100 48 1 56 46 72,22 53 83 5 19 70 11 23 79 39 57 63 73 25
34,17,7,1248876.0,0.2,1,2,6,7,67.60000000000001,73.19999999999999,0,0,0,1,0,1,0,13,8,0.6153846153846154,92.4,48.4,140.8,88.89999999999999,0.6313920454545453,36.1,15.8,51.90000000000002,0.36860795454545464,1,1,13 20 49 15 91 33,96 86 6 80 59 67 62
34,17,7,1248876.0,0.2,1,3,6,18,67.60000000000001,208.5,0,1,0,2,1,0,0,24,6,0.25,192.5,83.6,276.1,63.30000000000001,0.22926475914523725,150.6,62.2,212.8,0.7707352408547627,0,8,13 20 49 15 91 33,18 17 37 68 26 60 3 52 65 42 40 92 76 54 14 55 9 2
34,17,7,1248876.0,0.2,1,4,6,19,67.60000000000001,236.2,0,1,0,1,0,1,0,25,8,0.32,196.4,107.4,303.8,81.10000000000001,0.26695194206714945,143.9,78.8,222.7,0.7330480579328505,1,8,13 20 49 15 91 33,61 21 45 27 30 84 97 44 95 99 41 7 69 16 81 98 35 43 88
34,17,7,1248876.0,0.2,1,5,6,11,67.60000000000001,107.5,0,1,0,1,0,1,0,17,4,0.23529411764705882,119.8,55.3,175.1,49.900000000000006,0.2849800114220446,88.0,37.2,125.19999999999999,0.7150199885779555,1,1,13 20 49 15 91 33,50 78 31 94 58 28 4 38 93 85 89
34,17,7,1248876.0,0.2,1,6,6,14,67.60000000000001,213.90000000000003,0,1,0,1,0,1,0,20,7,0.35,188.4,93.1,281.5,66.8,0.23730017761989342,140.9,73.8,214.7,0.7626998223801066,1,8,13 20 49 15 91 33,22 53 83 5 19 70 11 23 79 39 57 63 73 25
34,17,7,1248876.0,0.2,2,3,7,18,73.19999999999999,208.5,0,1,0,1,0,1,0,25,9,0.36,191.7,90.0,281.69999999999993,98.5,0.34966276180333694,130.4,52.8,183.19999999999993,0.650337238196663,1,8,96 86 6 80 59 67 62,18 17 37 68 26 60 3 52 65 42 40 92 76 54 14 55 9 2
34,17,7,1248876.0,0.2,2,4,7,19,73.19999999999999,236.2,0,1,0,1,0,1,0,26,12,0.46153846153846156,195.6,113.8,309.40000000000003,118.0,0.3813833225597931,120.8,70.6,191.40000000000003,0.6186166774402069,1,16,96 86 6 80 59 67 62,61 21 45 27 30 84 97 44 95 99 41 7 69 16 81 98 35 43 88
34,17,7,1248876.0,0.2,2,5,7,11,73.19999999999999,107.5,0,1,0,1,0,1,0,18,3,0.16666666666666666,119.0,61.7,180.70000000000002,27.500000000000004,0.15218594355285003,99.7,53.5,153.20000000000002,0.84781405644715,1,1,96 86 6 80 59 67 62,50 78 31 94 58 28 4 38 93 85 89
34,17,7,1248876.0,0.2,2,6,7,14,73.19999999999999,213.90000000000003,0,1,0,1,0,1,0,21,7,0.3333333333333333,187.6,99.5,287.09999999999997,73.99999999999999,0.2577499129223267,141.2,71.9,213.09999999999997,0.7422500870776733,1,4,96 86 6 80 59 67 62,22 53 83 5 19 70 11 23 79 39 57 63 73 25
34,17,7,1248876.0,0.2,3,4,18,19,208.5,236.2,1,1,1,2,1,0,0,37,9,0.24324324324324326,295.7,149.0,444.7,109.1,0.2453339329885316,227.9,107.7,335.6,0.7546660670114684,0,16,18 17 37 68 26 60 3 52 65 42 40 92 76 54 14 55 9 2,61 21 45 27 30 84 97 44 95 99 41 7 69 16 81 98 35 43 88
34,17,7,1248876.0,0.2,3,5,18,11,208.5,107.5,1,1,1,2,1,0,0,29,5,0.1724137931034483,219.1,96.9,316.0,59.500000000000014,0.18829113924050636,182.3,74.2,256.5,0.8117088607594937,0,8,18 17 37 68 26 60 3 52 65 42 40 92 76 54 14 55 9 2,50 78 31 94 58 28 4 38 93 85 89
34,17,7,1248876.0,0.2,3,6,18,14,208.5,213.90000000000003,1,1,1,2,1,0,0,32,7,0.21875,287.7,134.7,422.4,57.5,0.13612689393939395,249.0,115.9,364.9,0.8638731060606061,0,8,18 17 37 68 26 60 3 52 65 42 40 92 76 54 14 55 9 2,22 53 83 5 19 70 11 23 79 39 57 63 73 25
34,17,7,1248876.0,0.2,4,5,19,11,236.2,107.5,1,1,1,2,1,0,0,30,9,0.3,223.0,120.7,343.7,79.7,0.2318882746581321,171.5,92.5,264.0,0.7681117253418679,0,16,61 21 45 27 30 84 97 44 95 99 41 7 69 16 81 98 35 43 88,50 78 31 94 58 28 4 38 93 85 89
34,17,7,1248876.0,0.2,4,6,19,14,236.2,213.90000000000003,1,1,1,2,1,0,0,33,10,0.30303030303030304,291.6,158.5,450.09999999999997,114.99999999999999,0.25549877804932236,217.1,118.0,335.09999999999997,0.7445012219506776,0,18,61 21 45 27 30 84 97 44 95 99 41 7 69 16 81 98 35 43 88,22 53 83 5 19 70 11 23 79 39 57 63 73 25
34,17,7,1248876.0,0.2,5,6,11,14,107.5,213.90000000000003,1,1,1,2,1,0,0,25,4,0.16,215.0,106.4,321.4,37.7,0.11729931549471066,187.3,96.4,283.7,0.8827006845052894,0,8,50 78 31 94 58 28 4 38 93 85 89,22 53 83 5 19 70 11 23 79 39 57 63 73 25
35,17,8,1266542.0,0.2,0,1,12,14,101.5,213.89999999999998,1,1,1,2,1,0,0,26,8,0.3076923076923077,209.8,105.6,315.3999999999999,77.79999999999998,0.24667089410272672,156.4,81.2,237.59999999999994,0.7533291058972733,0,8,50 78 31 94 58 28 4 38 93 59 67 62,25 73 63 57 39 79 23 11 70 19 5 83 53 22
35,17,8,1266542.0,0.2,0,2,12,18,101.5,210.6,1,1,1,1,0,1,0,30,10,0.3333333333333333,203.3,108.8,312.1,125.49999999999996,0.4021147068247355,129.0,57.6,186.60000000000008,0.5978852931752645,1,32,50 78 31 94 58 28 4 38 93 59 67 62,61 21 45 27 97 44 35 81 16 69 7 41 99 95 98 30 84 88
35,17,8,1266542.0,0.2,0,3,12,6,101.5,59.900000000000006,1,0,0,1,0,1,0,18,11,0.6111111111111112,103.8,57.6,161.39999999999998,104.69999999999999,0.6486988847583643,40.3,16.4,56.69999999999999,0.35130111524163565,1,1,50 78 31 94 58 28 4 38 93 59 67 62,2 68 37 43 17 18
35,17,8,1266542.0,0.2,0,4,12,13,101.5,174.2,1,1,1,2,1,0,0,25,6,0.24,192.6,83.1,275.7,47.49999999999999,0.17228871962277836,163.2,65.0,228.2,0.8277112803772216,0,8,50 78 31 94 58 28 4 38 93 59 67 62,9 55 14 54 76 92 40 42 65 52 3 60 26
35,17,8,1266542.0,0.2,0,5,12,25,101.5,232.0,1,1,1,2,1,0,0,37,11,0.2972972972972973,217.9,115.6,333.5000000000001,70.69999999999999,0.21199400299850063,172.7,90.1,262.8000000000001,0.7880059970014993,0,32,50 78 31 94 58 28 4 38 93 59 67 62,72 46 56 1 48 100 34 51 47 74 24 32 87 77 12 82 64 10 71 66 29 8 75 90 36
35,17,8,1266542.0,0.2,0,6,12,6,101.5,67.6,1,0,0,1,0,1,0,18,9,0.5,114.6,54.5,169.10000000000002,92.99999999999999,0.5499704316972204,53.5,22.6,76.10000000000004,0.45002956830277957,1,1,50 78 31 94 58 28 4 38 93 59 67 62,33 91 15 49 20 13
35,17,8,1266542.0,0.2,0,7,12,6,101.5,79.2,1,1,1,1,0,1,0,18,9,0.5,119.0,61.7,180.7,86.19999999999999,0.47703375760929717,63.4,31.1,94.5,0.5229662423907029,1,1,50 78 31 94 58 28 4 38 93 59 67 62,89 85 80 6 86 96
35,17,8,1266542.0,0.2,1,2,14,18,213.89999999999998,210.6,1,1,1,2,1,0,0,32,11,0.34375,277.1,147.4,424.5,146.39999999999995,0.3448763250883391,183.6,94.5,278.1,0.6551236749116608,0,32,25 73 63 57 39 79 23 11 70 19 5 83 53 22,61 21 45 27 97 44 35 81 16 69 7 41 99 95 98 30 84 88
35,17,8,1266542.0,0.2,1,3,14,6,213.89999999999998,59.900000000000006,1,0,0,1,0,1,0,20,12,0.6,177.6,96.2,273.8,122.99999999999997,0.44923301680058425,96.6,54.2,150.80000000000004,0.5507669831994157,1,32,25 73 63 57 39 79 23 11 70 19 5 83 53 22,2 68 37 43 17 18
35,17,8,1266542.0,0.2,1,4,14,13,213.89999999999998,174.2,1,1,1,2,1,0,0,27,3,0.1111111111111111,266.4,121.7,388.09999999999997,33.89999999999998,0.08734862148930683,242.7,111.5,354.2,0.9126513785106932,0,8,25 73 63 57 39 79 23 11 70 19 5 83 53 22,9 55 14 54 76 92 40 42 65 52 3 60 26
35,17,8,1266542.0,0.2,1,5,14,25,213.89999999999998,232.0,1,1,1,2,1,0,0,39,9,0.23076923076923078,291.7,154.2,445.9000000000001,77.19999999999997,0.17313298945952,237.9,130.8,368.7000000000001,0.82686701054048,0,33,25 73 63 57 39 79 23 11 70 19 5 83 53 22,72 46 56 1 48 100 34 51 47 74 24 32 87 77 12 82 64 10 71 66 29 8 75 90 36
35,17,8,1266542.0,0.2,1,6,14,6,213.89999999999998,67.6,1,0,0,1,0,1,0,20,10,0.5,188.4,93.1,281.5,106.69999999999997,0.37904085257548836,111.0,63.8,174.8,0.6209591474245116,1,16,25 73 63 57 39 79 23 11 70 19 5 83 53 22,33 91 15 49 20 13
35,17,8,1266542.0,0.2,1,7,14,6,213.89999999999998,79.2,1,1,1,1,0,1,0,20,9,0.45,192.8,100.3,293.09999999999997,113.1,0.3858751279426817,118.1,61.9,179.99999999999997,0.6141248720573182,1,16,25 73 63 57 39 79 23 11 70 19 5 83 53 22,89 85 80 6 86 96
35,17,8,1266542.0,0.2,2,3,18,6,210.6,59.900000000000006,1,0,0,1,0,1,0,24,12,0.5,171.1,99.4,270.5,148.79999999999998,0.5500924214417744,82.5,39.2,121.70000000000002,0.44990757855822555,1,32,61 21 45 27 97 44 35 81 16 69 7 41 99 95 98 30 84 88,2 68 37 43 17 18
35,17,8,1266542.0,0.2,2,4,18,13,210.6,174.2,1,1,1,2,1,0,0,31,8,0.25806451612903225,259.9,124.9,384.7999999999999,95.19999999999997,0.2474012474012474,199.8,89.8,289.5999999999999,0.7525987525987525,0,16,61 21 45 27 97 44 35 81 16 69 7 41 99 95 98 30 84 88,9 55 14 54 76 92 40 42 65 52 3 60 26
35,17,8,1266542.0,0.2,2,5,18,25,210.6,232.0,1,1,1,2,1,0,0,43,12,0.27906976744186046,285.2,157.4,442.6000000000001,142.39999999999998,0.32173520108450054,197.4,102.8,300.2000000000001,0.6782647989154994,0,64,61 21 45 27 97 44 35 81 16 69 7 41 99 95 98 30 84 88,72 46 56 1 48 100 34 51 47 74 24 32 87 77 12 82 64 10 71 66 29 8 75 90 36
35,17,8,1266542.0,0.2,2,6,18,6,210.6,67.6,1,0,0,1,0,1,0,24,9,0.375,181.9,96.3,278.20000000000005,114.79999999999997,0.4126527677929545,110.4,53.0,163.4000000000001,0.5873472322070455,1,16,61 21 45 27 97 44 35 81 16 69 7 41 99 95 98 30 84 88,33 91 15 49 20 13
35,17,8,1266542.0,0.2,2,7,18,6,210.6,79.2,1,1,1,1,0,1,0,24,11,0.4583333333333333,186.3,103.5,289.8,147.89999999999998,0.5103519668737059,95.2,46.7,141.90000000000003,0.48964803312629407,1,32,61 21 45 27 97 44 35 81 16 69 7 41 99 95 98 30 84 88,89 85 80 6 86 96
35,17,8,1266542.0,0.2,3,4,6,13,59.900000000000006,174.2,0,1,0,1,0,1,0,19,6,0.3157894736842105,160.4,73.7,234.09999999999997,59.900000000000006,0.2558735583084153,124.6,49.6,174.19999999999996,0.7441264416915847,1,32,2 68 37 43 17 18,9 55 14 54 76 92 40 42 65 52 3 60 26
35,17,8,1266542.0,0.2,3,5,6,25,59.900000000000006,232.0,0,1,0,1,0,1,0,31,11,0.3548387096774194,185.7,106.2,291.9000000000001,78.6,0.26927029804727637,138.7,74.6,213.3000000000001,0.7307297019527237,1,64,2 68 37 43 17 18,72 46 56 1 48 100 34 51 47 74 24 32 87 77 12 82 64 10 71 66 29 8 75 90 36
35,17,8,1266542.0,0.2,3,6,6,6,59.900000000000006,67.6,0,0,0,0,0,1,1,12,12,1.0,82.4,45.1,127.49999999999999,127.5,1.0000000000000002,0.0,0.0,0.0,0.0,1,0,2 68 37 43 17 18,33 91 15 49 20 13
35,17,8,1266542.0,0.2,3,7,6,6,59.900000000000006,79.2,0,1,0,0,0,1,1,12,12,1.0,86.8,52.3,139.1,139.10000000000002,1.0000000000000002,0.0,0.0,0.0,0.0,1,0,2 68 37 43 17 18,89 85 80 6 86 96
35,17,8,1266542.0,0.2,4,5,13,25,174.2,232.0,1,1,1,2,1,0,0,38,5,0.13157894736842105,274.5,131.7,406.20000000000005,18.699999999999996,0.04603643525356965,263.3,124.2,387.50000000000006,0.9539635647464304,0,32,9 55 14 54 76 92 40 42 65 52 3 60 26,72 46 56 1 48 100 34 51 47 74 24 32 87 77 12 82 64 10 71 66 29 8 75 90 36
35,17,8,1266542.0,0.2,4,6,13,6,174.2,67.6,1,0,0,1,0,1,0,19,6,0.3157894736842105,171.2,70.6,241.8,67.6,0.27956989247311825,124.6,49.6,174.20000000000002,0.7204301075268817,1,8,9 55 14 54 76 92 40 42 65 52 3 60 26,33 91 15 49 20 13
35,17,8,1266542.0,0.2,4,7,13,6,174.2,79.2,1,1,1,1,0,1,0,19,6,0.3157894736842105,175.6,77.8,253.39999999999998,79.2,0.3125493291239148,124.6,49.6,174.2,0.6874506708760852,1,16,9 55 14 54 76 92 40 42 65 52 3 60 26,89 85 80 6 86 96
35,17,8,1266542.0,0.2,5,6,25,6,232.0,67.6,1,0,0,1,0,1,0,31,9,0.2903225806451613,196.5,103.1,299.6,81.69999999999999,0.27269692923898525,141.3,76.6,217.90000000000003,0.7273030707610147,1,32,72 46 56 1 48 100 34 51 47 74 24 32 87 77 12 82 64 10 71 66 29 8 75 90 36,33 91 15 49 20 13
35,17,8,1266542.0,0.2,5,7,25,6,232.0,79.2,1,1,1,1,0,1,0,31,10,0.3225806451612903,200.9,110.3,311.2,92.1,0.2959511568123393,142.6,76.5,219.1,0.7040488431876607,1,32,72 46 56 1 48 100 34 51 47 74 24 32 87 77 12 82 64 10 71 66 29 8 75 90 36,89 85 80 6 86 96
35,17,8,1266542.0,0.2,6,7,6,6,67.6,79.2,0,1,0,1,0,1,0,12,9,0.75,97.6,49.2,146.79999999999998,117.19999999999999,0.7983651226158038,22.4,7.2,29.599999999999994,0.20163487738419617,1,1,33 91 15 49 20 13,89 85 80 6 86 96
36,18,7,1244191.0,0.2,0,1,23,18,227.4,202.2,1,1,1,2,1,0,0,41,10,0.24390243902439024,277.1,152.5,429.59999999999997,79.99999999999999,0.18621973929236496,224.8,124.8,349.59999999999997,0.813780260707635,0,16,72 46 56 1 48 100 34 51 47 74 24 32 87 77 12 82 64 10 71 66 29 8 75,21 36 45 27 97 95 99 41 7 69 16 81 98 35 44 30 84 88
36,18,7,1244191.0,0.2,0,2,23,6,227.4,59.9,1,0,0,1,0,1,0,29,8,0.27586206896551724,183.1,104.2,287.29999999999995,68.19999999999999,0.23738252697528717,142.6,76.5,219.09999999999997,0.7626174730247128,1,16,72 46 56 1 48 100 34 51 47 74 24 32 87 77 12 82 64 10 71 66 29 8 75,18 17 43 37 68 2
36,18,7,1244191.0,0.2,0,3,23,14,227.4,194.6,1,1,1,2,1,0,0,37,2,0.05405405405405406,285.6,136.4,421.99999999999994,8.3,0.019668246445497636,280.9,132.8,413.69999999999993,0.9803317535545023,0,7,72 46 56 1 48 100 34 51 47 74 24 32 87 77 12 82 64 10 71 66 29 8 75,25 9 55 14 54 76 92 40 42 65 52 3 60 26
36,18,7,1244191.0,0.2,0,4,23,18,227.4,225.4,1,1,1,2,1,0,0,41,4,0.0975609756097561,296.7,156.1,452.8,37.3,0.08237632508833921,273.9,141.6,415.5,0.9176236749116607,0,17,72 46 56 1 48 100 34 51 47 74 24 32 87 77 12 82 64 10 71 66 29 8 75,93 78 31 58 28 94 4 38 5 19 70 11 23 79 39 57 73 63
36,18,7,1244191.0,0.2,0,5,23,12,227.4,138.50000000000003,1,1,1,2,1,0,0,35,6,0.17142857142857143,236.5,129.4,365.90000000000003,62.800000000000026,0.1716315933315114,197.3,105.8,303.1,0.8283684066684887,0,8,72 46 56 1 48 100 34 51 47 74 24 32 87 77 12 82 64 10 71 66 29 8 75,89 85 59 80 86 6 83 53 22 96 67 62
36,18,7,1244191.0,0.2,0,6,23,9,227.4,90.89999999999999,1,1,1,2,1,0,0,32,4,0.125,210.5,107.8,318.3,52.699999999999996,0.16556707508639645,173.2,92.4,265.6,0.8344329249136035,0,8,72 46 56 1 48 100 34 51 47 74 24 32 87 77 12 82 64 10 71 66 29 8 75,61 15 91 33 90 50 49 20 13
36,18,7,1244191.0,0.2,1,2,18,6,202.2,59.9,1,0,0,1,0,1,0,24,7,0.2916666666666667,165.6,96.5,262.1,83.59999999999997,0.3189622281571918,113.1,65.4,178.50000000000006,0.6810377718428082,1,16,21 36 45 27 97 95 99 41 7 69 16 81 98 35 44 30 84 88,18 17 43 37 68 2
36,18,7,1244191.0,0.2,1,3,18,14,202.2,194.6,1,1,1,2,1,0,0,32,7,0.21875,268.1,128.7,396.8,58.59999999999999,0.1476814516129032,229.3,108.9,338.20000000000005,0.8523185483870969,0,8,21 36 45 27 97 95 99 41 7 69 16 81 98 35 44 30 84 88,25 9 55 14 54 76 92 40 42 65 52 3 60 26
36,18,7,1244191.0,0.2,1,4,18,18,202.2,225.4,1,1,1,2,1,0,0,36,8,0.2222222222222222,279.2,148.4,427.59999999999997,77.19999999999999,0.1805425631431244,229.3,121.1,350.4,0.8194574368568756,0,16,21 36 45 27 97 95 99 41 7 69 16 81 98 35 44 30 84 88,93 78 31 58 28 94 4 38 5 19 70 11 23 79 39 57 73 63
36,18,7,1244191.0,0.2,1,5,18,12,202.2,138.50000000000003,1,1,1,2,1,0,0,30,9,0.3,219.0,121.7,340.7,79.20000000000002,0.2324625770472557,168.7,92.8,261.5,0.7675374229527444,0,16,21 36 45 27 97 95 99 41 7 69 16 81 98 35 44 30 84 88,89 85 59 80 86 6 83 53 22 96 67 62
36,18,7,1244191.0,0.2,1,6,18,9,202.2,90.89999999999999,1,1,1,2,1,0,0,27,6,0.2222222222222222,193.0,100.1,293.1000000000001,57.399999999999984,0.1958375980893892,155.7,80.0,235.7000000000001,0.8041624019106108,0,16,21 36 45 27 97 95 99 41 7 69 16 81 98 35 44 30 84 88,61 15 91 33 90 50 49 20 13
36,18,7,1244191.0,0.2,2,3,6,14,59.9,194.6,0,1,0,1,0,1,0,20,6,0.3,174.1,80.4,254.5,59.9,0.23536345776031434,138.3,56.3,194.6,0.7646365422396857,1,16,18 17 43 37 68 2,25 9 55 14 54 76 92 40 42 65 52 3 60 26
36,18,7,1244191.0,0.2,2,4,6,18,59.9,225.4,0,1,0,1,0,1,0,24,7,0.2916666666666667,185.2,100.1,285.3,86.29999999999998,0.30248860848229925,133.3,65.7,199.00000000000003,0.6975113915177007,1,32,18 17 43 37 68 2,93 78 31 58 28 94 4 38 5 19 70 11 23 79 39 57 73 63
36,18,7,1244191.0,0.2,2,5,6,12,59.9,138.50000000000003,0,1,0,1,0,1,0,18,8,0.4444444444444444,125.0,73.4,198.4,92.9,0.4682459677419355,70.1,35.4,105.5,0.5317540322580645,1,1,18 17 43 37 68 2,89 85 59 80 86 6 83 53 22 96 67 62
36,18,7,1244191.0,0.2,2,6,6,9,59.9,90.89999999999999,0,1,0,1,0,1,0,15,6,0.4,99.0,51.8,150.8,64.19999999999999,0.42572944297082216,58.5,28.1,86.60000000000002,0.5742705570291778,1,1,18 17 43 37 68 2,61 15 91 33 90 50 49 20 13
36,18,7,1244191.0,0.2,3,4,14,18,194.6,225.4,1,1,1,2,1,0,0,32,2,0.0625,287.7,132.3,420.0,14.099999999999994,0.03357142857142856,278.8,127.1,405.9,0.9664285714285714,0,4,25 9 55 14 54 76 92 40 42 65 52 3 60 26,93 78 31 58 28 94 4 38 5 19 70 11 23 79 39 57 73 63
36,18,7,1244191.0,0.2,3,5,14,12,194.6,138.50000000000003,1,1,1,2,1,0,0,26,5,0.19230769230769232,227.5,105.6,333.1,45.000000000000014,0.13509456619633747,198.2,89.9,288.1,0.8649054338036626,0,8,25 9 55 14 54 76 92 40 42 65 52 3 60 26,89 85 59 80 86 6 83 53 22 96 67 62
36,18,7,1244191.0,0.2,3,6,14,9,194.6,90.89999999999999,1,1,1,2,1,0,0,23,4,0.17391304347826086,201.5,84.0,285.5,40.599999999999994,0.1422066549912434,174.7,70.2,244.9,0.8577933450087566,0,8,25 9 55 14 54 76 92 40 42 65 52 3 60 26,61 15 91 33 90 50 49 20 13
36,18,7,1244191.0,0.2,4,5,18,12,225.4,138.50000000000003,1,1,1,2,1,0,0,30,7,0.23333333333333334,238.6,125.3,363.9,66.40000000000002,0.1824677109095906,197.2,100.3,297.49999999999994,0.8175322890904093,0,16,93 78 31 58 28 94 4 38 5 19 70 11 23 79 39 57 73 63,89 85 59 80 86 6 83 53 22 96 67 62
36,18,7,1244191.0,0.2,4,6,18,9,225.4,90.89999999999999,1,1,1,2,1,0,0,27,5,0.18518518518518517,212.6,103.7,316.3,60.59999999999999,0.19159026240910523,173.3,82.4,255.70000000000002,0.8084097375908947,0,16,93 78 31 58 28 94 4 38 5 19 70 11 23 79 39 57 73 63,61 15 91 33 90 50 49 20 13
36,18,7,1244191.0,0.2,5,6,12,9,138.50000000000003,90.89999999999999,1,1,1,1,0,1,0,21,5,0.23809523809523808,152.4,77.0,229.40000000000003,54.600000000000016,0.23801220575414128,119.6,55.2,174.8,0.7619877942458587,1,8,89 85 59 80 86 6 83 53 22 96 67 62,61 15 91 33 90 50 49 20 13
37,18,8,1260993.0,0.2,0,1,13,5,174.2,56.800000000000004,1,0,0,1,0,1,0,18,5,0.2777777777777778,158.8,72.2,231.0,56.800000000000004,0.2458874458874459,124.6,49.6,174.2,0.7541125541125541,1,32,26 60 3 52 65 42 40 92 76 54 14 55 9,62 67 59 85 89
37,18,8,1260993.0,0.2,0,2,13,7,174.2,54.400000000000006,1,0,0,1,0,1,0,20,7,0.35,159.3,69.3,228.60000000000002,54.400000000000006,0.2379702537182852,124.6,49.6,174.20000000000002,0.7620297462817148,1,16,26 60 3 52 65 42 40 92 76 54 14 55 9,27 45 36 21 49 20 13
37,18,8,1260993.0,0.2,0,3,13,23,174.2,227.4,1,1,1,2,1,0,0,36,3,0.08333333333333333,271.9,129.7,401.6,14.100000000000001,0.03510956175298805,263.3,124.2,387.5,0.9648904382470119,0,14,26 60 3 52 65 42 40 92 76 54 14 55 9,72 46 56 1 48 100 34 51 47 74 24 32 87 77 12 82 64 10 71 66 29 8 75
37,18,8,1260993.0,0.2,0,4,13,6,174.2,59.900000000000006,1,0,0,1,0,1,0,19,6,0.3157894736842105,160.4,73.7,234.1,59.900000000000006,0.25587355830841524,124.6,49.6,174.2,0.7441264416915848,1,32,26 60 3 52 65 42 40 92 76 54 14 55 9,2 68 37 43 17 18
37,18,8,1260993.0,0.2,0,5,13,14,174.2,182.7,1,1,1,2,1,0,0,27,8,0.2962962962962963,242.6,114.3,356.9,119.19999999999999,0.33398711123564023,168.8,68.9,237.7,0.6660128887643598,0,32,26 60 3 52 65 42 40 92 76 54 14 55 9,44 35 98 81 16 69 7 41 99 95 97 30 84 88
37,18,8,1260993.0,0.2,0,6,13,18,174.2,169.6,1,1,1,2,1,0,0,31,9,0.2903225806451613,241.2,102.6,343.79999999999995,86.8,0.25247236765561376,182.7,74.3,256.99999999999994,0.7475276323443862,0,32,26 60 3 52 65 42 40 92 76 54 14 55 9,96 80 86 6 93 38 4 94 28 58 31 78 50 90 33 91 15 61
37,18,8,1260993.0,0.2,0,7,13,14,174.2,213.90000000000003,1,1,1,2,1,0,0,27,4,0.14814814814814814,266.4,121.7,388.09999999999997,50.3,0.1296057717083226,233.2,104.6,337.79999999999995,0.8703942282916773,0,16,26 60 3 52 65 42 40 92 76 54 14 55 9,22 53 83 5 19 70 11 23 79 39 57 63 73 25
37,18,8,1260993.0,0.2,1,2,5,7,56.800000000000004,54.400000000000006,0,0,0,0,0,1,1,12,12,1.0,68.9,42.3,111.2,111.20000000000002,1.0000000000000002,0.0,0.0,0.0,0.0,1,0,62 67 59 85 89,27 45 36 21 49 20 13
37,18,8,1260993.0,0.2,1,3,5,23,56.800000000000004,227.4,0,1,0,1,0,1,0,28,8,0.2857142857142857,181.5,102.7,284.20000000000005,70.9,0.2494722026741731,138.7,74.6,213.30000000000004,0.7505277973258269,1,32,62 67 59 85 89,72 46 56 1 48 100 34 51 47 74 24 32 87 77 12 82 64 10 71 66 29 8 75
37,18,8,1260993.0,0.2,1,4,5,6,56.800000000000004,59.900000000000006,0,0,0,0,0,1,1,11,11,1.0,70.0,46.7,116.7,116.70000000000002,1.0000000000000002,0.0,0.0,0.0,0.0,1,0,62 67 59 85 89,2 68 37 43 17 18
37,18,8,1260993.0,0.2,1,5,5,14,56.800000000000004,182.7,0,1,0,1,0,1,0,19,12,0.631578947368421,152.2,87.3,239.5,166.5,0.6951983298538622,49.7,23.3,73.0,0.3048016701461378,1,64,62 67 59 85 89,44 35 98 81 16 69 7 41 99 95 97 30 84 88
37,18,8,1260993.0,0.2,1,6,5,18,56.800000000000004,169.6,0,1,0,1,0,1,0,23,11,0.4782608695652174,150.8,75.6,226.4,114.50000000000001,0.5057420494699647,76.2,35.7,111.89999999999999,0.4942579505300353,1,32,62 67 59 85 89,96 80 86 6 93 38 4 94 28 58 31 78 50 90 33 91 15 61
37,18,8,1260993.0,0.2,1,7,5,14,56.800000000000004,213.90000000000003,0,1,0,1,0,1,0,19,12,0.631578947368421,176.0,94.7,270.7,123.50000000000001,0.45622460288141864,94.4,52.8,147.2,0.5437753971185815,1,32,62 67 59 85 89,22 53 83 5 19 70 11 23 79 39 57 63 73 25
37,18,8,1260993.0,0.2,2,3,7,23,54.400000000000006,227.4,0,1,0,1,0,1,0,30,10,0.3333333333333333,182.0,99.8,281.8,68.5,0.24308019872249823,138.7,74.6,213.3,0.7569198012775018,1,32,27 45 36 21 49 20 13,72 46 56 1 48 100 34 51 47 74 24 32 87 77 12 82 64 10 71 66 29 8 75
37,18,8,1260993.0,0.2,2,4,7,6,54.400000000000006,59.900000000000006,0,0,0,0,0,1,1,13,13,1.0,70.5,43.8,114.30000000000003,114.30000000000001,0.9999999999999999,0.0,0.0,1.4210854715202004e-14,1.2432943757832022e-16,1,0,27 45 36 21 49 20 13,2 68 37 43 17 18
37,18,8,1260993.0,0.2,2,5,7,14,54.400000000000006,182.7,0,1,0,1,0,1,0,21,11,0.5238095238095238,152.7,84.4,237.09999999999997,125.7,0.5301560522986083,75.2,36.2,111.39999999999996,0.4698439477013917,1,32,27 45 36 21 49 20 13,44 35 98 81 16 69 7 41 99 95 97 30 84 88
37,18,8,1260993.0,0.2,2,6,7,18,54.400000000000006,169.6,0,1,0,1,0,1,0,25,14,0.56,151.3,72.7,224.0,126.4,0.5642857142857143,68.3,29.3,97.6,0.43571428571428567,1,32,27 45 36 21 49 20 13,96 80 86 6 93 38 4 94 28 58 31 78 50 90 33 91 15 61
37,18,8,1260993.0,0.2,2,7,7,14,54.400000000000006,213.90000000000003,0,1,0,1,0,1,0,21,11,0.5238095238095238,176.5,91.8,268.3,118.80000000000003,0.4427879239657101,96.5,53.0,149.5,0.5572120760342899,1,32,27 45 36 21 49 20 13,22 53 83 5 19 70 11 23 79 39 57 63 73 25
37,18,8,1260993.0,0.2,3,4,23,6,227.4,59.900000000000006,1,0,0,1,0,1,0,29,9,0.3103448275862069,183.1,104.2,287.3,74.0,0.2575704838148277,138.7,74.6,213.3,0.7424295161851723,1,64,72 46 56 1 48 100 34 51 47 74 24 32 87 77 12 82 64 10 71 66 29 8 75,2 68 37 43 17 18
37,18,8,1260993.0,0.2,3,5,23,14,227.4,182.7,1,1,1,2,1,0,0,37,11,0.2972972972972973,265.3,144.8,410.09999999999997,134.6,0.3282126310655938,181.0,94.5,275.5,0.6717873689344063,0,64,72 46 56 1 48 100 34 51 47 74 24 32 87 77 12 82 64 10 71 66 29 8 75,44 35 98 81 16 69 7 41 99 95 97 30 84 88
37,18,8,1260993.0,0.2,3,6,23,18,227.4,169.6,1,1,1,2,1,0,0,41,12,0.2926829268292683,263.9,133.1,397.0,115.60000000000001,0.29118387909319904,185.9,95.5,281.4,0.7088161209068009,0,32,72 46 56 1 48 100 34 51 47 74 24 32 87 77 12 82 64 10 71 66 29 8 75,96 80 86 6 93 38 4 94 28 58 31 78 50 90 33 91 15 61
37,18,8,1260993.0,0.2,3,7,23,14,227.4,213.90000000000003,1,1,1,2,1,0,0,37,7,0.1891891891891892,289.1,152.2,441.29999999999995,76.00000000000001,0.17221844550192617,237.0,128.3,365.29999999999995,0.8277815544980739,0,16,72 46 56 1 48 100 34 51 47 74 24 32 87 77 12 82 64 10 71 66 29 8 75,22 53 83 5 19 70 11 23 79 39 57 63 73 25
37,18,8,1260993.0,0.2,4,5,6,14,59.900000000000006,182.7,0,1,0,1,0,1,0,20,13,0.65,153.8,88.8,242.6,169.6,0.6990931574608409,49.7,23.3,73.0,0.3009068425391591,1,32,2 68 37 43 17 18,44 35 98 81 16 69 7 41 99 95 97 30 84 88
37,18,8,1260993.0,0.2,4,6,6,18,59.900000000000006,169.6,0,1,0,1,0,1,0,24,17,0.7083333333333334,152.4,77.1,229.5,166.9,0.7272331154684096,44.8,17.8,62.599999999999994,0.27276688453159037,1,64,2 68 37 43 17 18,96 80 86 6 93 38 4 94 28 58 31 78 50 90 33 91 15 61
37,18,8,1260993.0,0.2,4,7,6,14,59.900000000000006,213.90000000000003,0,1,0,1,0,1,0,20,12,0.6,177.6,96.2,273.8,131.20000000000002,0.47918188458729005,92.2,50.4,142.6,0.52081811541271,1,64,2 68 37 43 17 18,22 53 83 5 19 70 11 23 79 39 57 63 73 25
37,18,8,1260993.0,0.2,5,6,14,18,182.7,169.6,1,1,1,1,0,1,0,32,11,0.34375,234.6,117.7,352.3,150.8,0.42804428044280446,139.6,61.9,201.5,0.5719557195571956,1,64,44 35 98 81 16 69 7 41 99 95 97 30 84 88,96 80 86 6 93 38 4 94 28 58 31 78 50 90 33 91 15 61
37,18,8,1260993.0,0.2,5,7,14,14,182.7,213.90000000000003,1,1,1,2,1,0,0,28,12,0.42857142857142855,259.8,136.8,396.59999999999997,157.5,0.3971255673222391,155.5,83.6,239.09999999999997,0.602874432677761,0,64,44 35 98 81 16 69 7 41 99 95 97 30 84 88,22 53 83 5 19 70 11 23 79 39 57 63 73 25
37,18,8,1260993.0,0.2,6,7,18,14,169.6,213.90000000000003,1,1,1,2,1,0,0,32,11,0.34375,258.4,125.1,383.5,109.5,0.28552803129074317,184.2,89.8,274.0,0.7144719687092569,0,32,96 80 86 6 93 38 4 94 28 58 31 78 50 90 33 91 15 61,22 53 83 5 19 70 11 23 79 39 57 63 73 25
38,19,7,1244383.0,0.2,0,1,14,23,194.6,227.40000000000003,1,1,1,2,1,0,0,37,2,0.05405405405405406,285.6,136.4,421.9999999999999,8.300000000000011,0.019668246445497663,280.9,132.8,413.6999999999999,0.9803317535545023,0,7,25 9 55 14 54 76 92 40 42 65 52 3 60 26,75 8 29 66 71 10 64 82 12 77 87 32 24 74 47 51 100 34 48 1 56 46 72
38,19,7,1244383.0,0.2,0,2,14,19,194.6,213.1,1,1,1,2,1,0,0,33,7,0.21212121212121213,275.1,132.6,407.7,67.00000000000001,0.16433652195241602,230.8,109.9,340.7,0.835663478047584,0,16,25 9 55 14 54 76 92 40 42 65 52 3 60 26,88 84 30 44 35 98 81 16 69 7 41 99 95 97 27 45 36 21 61
38,19,7,1244383.0,0.2,0,3,14,8,194.6,80.0,1,1,1,2,1,0,0,22,3,0.13636363636363635,194.5,80.1,274.6,22.699999999999996,0.08266569555717405,181.1,70.8,251.90000000000003,0.9173343044428259,0,4,25 9 55 14 54 76 92 40 42 65 52 3 60 26,13 49 20 15 91 33 90 50
38,19,7,1244383.0,0.2,0,4,14,12,194.6,138.5,1,1,1,2,1,0,0,26,5,0.19230769230769232,227.5,105.6,333.0999999999999,55.8,0.16751726208345846,193.2,84.1,277.2999999999999,0.8324827379165415,0,8,25 9 55 14 54 76 92 40 42 65 52 3 60 26,62 67 96 22 53 83 6 86 80 59 85 89
38,19,7,1244383.0,0.2,0,5,14,6,194.6,59.9,1,0,0,1,0,1,0,20,6,0.3,174.1,80.4,254.5,59.9,0.23536345776031434,138.3,56.3,194.6,0.7646365422396857,1,16,25 9 55 14 54 76 92 40 42 65 52 3 60 26,18 17 43 37 68 2
38,19,7,1244383.0,0.2,0,6,14,18,194.6,225.4,1,1,1,2,1,0,0,32,2,0.0625,287.7,132.3,420.0,14.099999999999994,0.03357142857142856,278.8,127.1,405.9,0.9664285714285714,0,4,25 9 55 14 54 76 92 40 42 65 52 3 60 26,63 73 57 79 39 23 11 70 19 5 94 58 28 4 38 31 78 93
38,19,7,1244383.0,0.2,1,2,23,19,227.40000000000003,213.1,1,1,1,2,1,0,0,42,8,0.19047619047619047,284.1,156.4,440.5,80.10000000000001,0.18183881952326902,231.0,129.4,360.4,0.8181611804767309,0,18,75 8 29 66 71 10 64 82 12 77 87 32 24 74 47 51 100 34 48 1 56 46 72,88 84 30 44 35 98 81 16 69 7 41 99 95 97 27 45 36 21 61
38,19,7,1244383.0,0.2,1,3,23,8,227.40000000000003,80.0,1,1,1,2,1,0,0,31,5,0.16129032258064516,203.5,103.9,307.40000000000003,43.20000000000002,0.14053350683148996,175.9,88.3,264.20000000000005,0.8594664931685101,0,8,75 8 29 66 71 10 64 82 12 77 87 32 24 74 47 51 100 34 48 1 56 46 72,13 49 20 15 91 33 90 50
38,19,7,1244383.0,0.2,1,4,23,12,227.40000000000003,138.5,1,1,1,2,1,0,0,35,6,0.17142857142857143,236.5,129.4,365.9,73.6,0.20114785460508336,192.3,100.0,292.29999999999995,0.7988521453949166,0,8,75 8 29 66 71 10 64 82 12 77 87 32 24 74 47 51 100 34 48 1 56 46 72,62 67 96 22 53 83 6 86 80 59 85 89
38,19,7,1244383.0,0.2,1,5,23,6,227.40000000000003,59.9,1,0,0,1,0,1,0,29,8,0.27586206896551724,183.1,104.2,287.29999999999995,68.20000000000002,0.23738252697528725,142.6,76.5,219.09999999999994,0.7626174730247127,1,16,75 8 29 66 71 10 64 82 12 77 87 32 24 74 47 51 100 34 48 1 56 46 72,18 17 43 37 68 2
38,19,7,1244383.0,0.2,1,6,23,18,227.40000000000003,225.4,1,1,1,2,1,0,0,41,4,0.0975609756097561,296.7,156.1,452.79999999999995,37.30000000000001,0.08237632508833925,273.9,141.6,415.49999999999994,0.9176236749116607,0,17,75 8 29 66 71 10 64 82 12 77 87 32 24 74 47 51 100 34 48 1 56 46 72,63 73 57 79 39 23 11 70 19 5 94 58 28 4 38 31 78 93
38,19,7,1244383.0,0.2,2,3,19,8,213.1,80.0,1,1,1,2,1,0,0,27,6,0.2222222222222222,193.0,100.1,293.1,57.39999999999999,0.19583759808938925,155.7,80.0,235.70000000000005,0.8041624019106108,0,16,88 84 30 44 35 98 81 16 69 7 41 99 95 97 27 45 36 21 61,13 49 20 15 91 33 90 50
38,19,7,1244383.0,0.2,2,4,19,12,213.1,138.5,1,1,1,2,1,0,0,31,7,0.22580645161290322,226.0,125.6,351.59999999999997,81.9,0.2329351535836178,175.8,93.9,269.69999999999993,0.7670648464163822,0,16,88 84 30 44 35 98 81 16 69 7 41 99 95 97 27 45 36 21 61,62 67 96 22 53 83 6 86 80 59 85 89
38,19,7,1244383.0,0.2,2,5,19,6,213.1,59.9,1,0,0,1,0,1,0,25,7,0.28,172.6,100.4,273.0,83.6,0.3062271062271062,120.1,69.3,189.4,0.6937728937728938,1,16,88 84 30 44 35 98 81 16 69 7 41 99 95 97 27 45 36 21 61,18 17 43 37 68 2
38,19,7,1244383.0,0.2,2,6,19,18,213.1,225.4,1,1,1,2,1,0,0,37,8,0.21621621621621623,286.2,152.3,438.50000000000006,85.60000000000001,0.1952109464082098,230.8,122.1,352.90000000000003,0.8047890535917902,0,33,88 84 30 44 35 98 81 16 69 7 41 99 95 97 27 45 36 21 61,63 73 57 79 39 23 11 70 19 5 94 58 28 4 38 31 78 93
38,19,7,1244383.0,0.2,3,4,8,12,80.0,138.5,1,1,1,1,0,1,0,20,4,0.2,145.4,73.1,218.50000000000003,44.89999999999999,0.20549199084668185,119.2,54.4,173.60000000000002,0.7945080091533181,1,1,13 49 20 15 91 33 90 50,62 67 96 22 53 83 6 86 80 59 85 89
38,19,7,1244383.0,0.2,3,5,8,6,80.0,59.9,1,0,0,1,0,1,0,14,5,0.35714285714285715,92.0,47.9,139.9,53.00000000000001,0.3788420300214439,57.9,29.0,86.9,0.6211579699785561,1,1,13 49 20 15 91 33 90 50,18 17 43 37 68 2
38,19,7,1244383.0,0.2,3,6,8,18,80.0,225.4,1,1,1,2,1,0,0,26,4,0.15384615384615385,205.6,99.8,305.40000000000003,42.699999999999996,0.13981663392272425,179.7,83.0,262.70000000000005,0.8601833660772757,0,8,13 49 20 15 91 33 90 50,63 73 57 79 39 23 11 70 19 5 94 58 28 4 38 31 78 93
38,19,7,1244383.0,0.2,4,5,12,6,138.5,59.9,1,0,0,1,0,1,0,18,7,0.3888888888888889,125.0,73.4,198.4,83.19999999999999,0.4193548387096773,76.7,38.5,115.20000000000002,0.5806451612903226,1,1,62 67 96 22 53 83 6 86 80 59 85 89,18 17 43 37 68 2
38,19,7,1244383.0,0.2,4,6,12,18,138.5,225.4,1,1,1,2,1,0,0,30,7,0.23333333333333334,238.6,125.3,363.90000000000003,77.19999999999999,0.21214619400934318,192.2,94.5,286.70000000000005,0.7878538059906568,0,16,62 67 96 22 53 83 6 86 80 59 85 89,63 73 57 79 39 23 11 70 19 5 94 58 28 4 38 31 78 93
38,19,7,1244383.0,0.2,5,6,6,18,59.9,225.4,0,1,0,1,0,1,0,24,7,0.2916666666666667,185.2,100.1,285.29999999999995,86.29999999999998,0.3024886084822993,133.3,65.7,198.99999999999997,0.6975113915177007,1,32,18 17 43 37 68 2,63 73 57 79 39 23 11 70 19 5 94 58 28 4 38 31 78 93
39,19,8,1244084.0,0.2,0,1,12,5,138.50000000000003,59.8,1,0,0,1,0,1,0,17,8,0.47058823529411764,128.5,69.8,198.3,91.60000000000001,0.46192637418053456,68.8,37.9,106.7,0.5380736258194655,1,1,89 85 59 96 80 86 6 83 53 22 67 62,61 49 20 15 13
39,19,8,1244084.0,0.2,0,2,12,6,138.50000000000003,59.900000000000006,1,0,0,1,0,1,0,18,11,0.6111111111111112,125.0,73.4,198.39999999999998,124.50000000000003,0.6275201612903228,47.7,26.2,73.89999999999995,0.3724798387096772,1,1,89 85 59 96 80 86 6 83 53 22 67 62,2 68 37 43 17 18
39,19,8,1244084.0,0.2,0,3,12,15,138.50000000000003,223.70000000000005,1,1,1,2,1,0,0,27,8,0.2962962962962963,238.6,123.6,362.2,86.8,0.23964660408614025,182.8,92.6,275.4,0.7603533959138598,0,24,89 85 59 96 80 86 6 83 53 22 67 62,50 78 31 38 5 19 70 11 23 39 79 57 73 63 25
39,19,8,1244084.0,0.2,0,4,12,13,138.50000000000003,174.2,1,1,1,2,1,0,0,25,5,0.2,213.8,98.9,312.7,49.70000000000002,0.15893827950111936,181.0,82.0,263.0,0.8410617204988807,0,12,89 85 59 96 80 86 6 83 53 22 67 62,26 60 3 52 65 42 40 92 76 54 14 55 9
39,19,8,1244084.0,0.2,0,5,12,25,138.50000000000003,225.2,1,1,1,2,1,0,0,37,7,0.1891891891891892,237.3,126.4,363.7,97.7,0.2686279901017322,171.6,94.4,266.0,0.7313720098982678,0,16,89 85 59 96 80 86 6 83 53 22 67 62,72 46 93 4 94 28 58 56 1 48 34 100 51 47 74 24 32 87 77 12 64 82 90 33 91
39,19,8,1244084.0,0.2,0,6,12,17,138.50000000000003,190.20000000000002,1,1,1,2,1,0,0,29,6,0.20689655172413793,214.9,113.8,328.70000000000005,75.50000000000001,0.229692728932157,165.8,87.4,253.20000000000005,0.770307271067843,0,32,89 85 59 96 80 86 6 83 53 22 67 62,75 8 10 71 66 29 16 69 7 81 41 99 95 98 35 44 97
39,19,8,1244084.0,0.2,0,7,12,7,138.50000000000003,67.4,1,0,0,1,0,1,0,19,11,0.5789473684210527,130.1,75.8,205.9,116.00000000000001,0.5633802816901409,57.5,32.4,89.89999999999999,0.43661971830985913,1,1,89 85 59 96 80 86 6 83 53 22 67 62,88 84 30 27 45 36 21
39,19,8,1244084.0,0.2,1,2,5,6,59.8,59.900000000000006,0,0,0,1,0,1,0,11,10,0.9090909090909091,75.1,44.6,119.7,109.7,0.9164578111946533,5.9,4.1,10.0,0.0835421888053467,1,1,61 49 20 15 13,2 68 37 43 17 18
39,19,8,1244084.0,0.2,1,3,5,15,59.8,223.70000000000005,0,1,0,1,0,1,0,20,9,0.45,188.7,94.8,283.5,96.0,0.3386243386243386,124.8,62.7,187.5,0.6613756613756614,1,32,61 49 20 15 13,50 78 31 38 5 19 70 11 23 39 79 57 73 63 25
39,19,8,1244084.0,0.2,1,4,5,13,59.8,174.2,0,1,0,1,0,1,0,18,5,0.2777777777777778,163.9,70.1,233.99999999999997,59.8,0.2555555555555556,124.6,49.6,174.2,0.7444444444444445,1,8,61 49 20 15 13,26 60 3 52 65 42 40 92 76 54 14 55 9
39,19,8,1244084.0,0.2,1,5,5,25,59.8,225.2,0,1,0,1,0,1,0,30,7,0.23333333333333334,187.4,97.6,285.0,94.8,0.3326315789473684,125.6,64.6,190.2,0.6673684210526315,1,16,61 49 20 15 13,72 46 93 4 94 28 58 56 1 48 34 100 51 47 74 24 32 87 77 12 64 82 90 33 91
39,19,8,1244084.0,0.2,1,6,5,17,59.8,190.20000000000002,0,1,0,1,0,1,0,22,6,0.2727272727272727,165.0,85.0,250.00000000000003,75.50000000000001,0.30200000000000005,117.0,57.5,174.5,0.698,1,32,61 49 20 15 13,75 8 10 71 66 29 16 69 7 81 41 99 95 98 35 44 97
39,19,8,1244084.0,0.2,1,7,5,7,59.8,67.4,0,0,0,1,0,1,0,12,10,0.8333333333333334,80.2,47.0,127.2,103.9,0.8168238993710693,13.7,9.6,23.299999999999997,0.1831761006289308,1,1,61 49 20 15 13,88 84 30 27 45 36 21
39,19,8,1244084.0,0.2,2,3,6,15,59.900000000000006,223.70000000000005,0,1,0,1,0,1,0,21,12,0.5714285714285714,185.2,98.4,283.59999999999997,122.60000000000002,0.4322990126939352,105.0,56.0,160.99999999999994,0.5677009873060648,1,64,2 68 37 43 17 18,50 78 31 38 5 19 70 11 23 39 79 57 73 63 25
39,19,8,1244084.0,0.2,2,4,6,13,59.900000000000006,174.2,0,1,0,1,0,1,0,19,6,0.3157894736842105,160.4,73.7,234.1,59.900000000000006,0.25587355830841524,124.6,49.6,174.2,0.7441264416915848,1,32,2 68 37 43 17 18,26 60 3 52 65 42 40 92 76 54 14 55 9
39,19,8,1244084.0,0.2,2,5,6,25,59.900000000000006,225.2,0,1,0,1,0,1,0,31,10,0.3225806451612903,183.9,101.2,285.1,114.5,0.4016134689582602,111.5,59.1,170.60000000000002,0.5983865310417398,1,32,2 68 37 43 17 18,72 46 93 4 94 28 58 56 1 48 34 100 51 47 74 24 32 87 77 12 64 82 90 33 91
39,19,8,1244084.0,0.2,2,6,6,17,59.900000000000006,190.20000000000002,0,1,0,1,0,1,0,23,8,0.34782608695652173,161.5,88.6,250.10000000000002,98.9,0.3954418232706917,102.6,48.6,151.20000000000002,0.6045581767293083,1,32,2 68 37 43 17 18,75 8 10 71 66 29 16 69 7 81 41 99 95 98 35 44 97
39,19,8,1244084.0,0.2,2,7,6,7,59.900000000000006,67.4,0,0,0,1,0,1,0,13,9,0.6923076923076923,76.7,50.6,127.30000000000001,104.9,0.824037706205813,14.9,7.5,22.400000000000006,0.17596229379418699,1,1,2 68 37 43 17 18,88 84 30 27 45 36 21
39,19,8,1244084.0,0.2,3,4,15,13,223.70000000000005,174.2,1,1,1,2,1,0,0,28,4,0.14285714285714285,274.0,123.9,397.9,36.2,0.09097763257099775,249.4,112.3,361.7,0.9090223674290023,0,4,50 78 31 38 5 19 70 11 23 39 79 57 73 63 25,26 60 3 52 65 42 40 92 76 54 14 55 9
39,19,8,1244084.0,0.2,3,5,15,25,223.70000000000005,225.2,1,1,1,2,1,0,0,40,9,0.225,297.5,151.4,448.9,88.10000000000001,0.196257518378258,237.4,123.4,360.79999999999995,0.803742481621742,0,32,50 78 31 38 5 19 70 11 23 39 79 57 73 63 25,72 46 93 4 94 28 58 56 1 48 34 100 51 47 74 24 32 87 77 12 64 82 90 33 91
39,19,8,1244084.0,0.2,3,6,15,17,223.70000000000005,190.20000000000002,1,1,1,2,1,0,0,32,5,0.15625,275.1,138.8,413.9,64.60000000000001,0.15607634694370623,234.1,115.2,349.29999999999995,0.8439236530562937,0,16,50 78 31 38 5 19 70 11 23 39 79 57 73 63 25,75 8 10 71 66 29 16 69 7 81 41 99 95 98 35 44 97
39,19,8,1244084.0,0.2,3,7,15,7,223.70000000000005,67.4,1,0,0,1,0,1,0,22,11,0.5,190.3,100.8,291.09999999999997,104.10000000000002,0.3576090690484371,120.7,66.3,186.99999999999994,0.642390930951563,1,32,50 78 31 38 5 19 70 11 23 39 79 57 73 63 25,88 84 30 27 45 36 21
39,19,8,1244084.0,0.2,4,5,13,25,174.2,225.2,1,1,1,2,1,0,0,38,6,0.15789473684210525,272.7,126.7,399.40000000000003,58.89999999999999,0.14747120681021528,234.1,106.4,340.50000000000006,0.8525287931897847,0,16,26 60 3 52 65 42 40 92 76 54 14 55 9,72 46 93 4 94 28 58 56 1 48 34 100 51 47 74 24 32 87 77 12 64 82 90 33 91
39,19,8,1244084.0,0.2,4,6,13,17,174.2,190.20000000000002,1,1,1,2,1,0,0,30,3,0.1,250.3,114.1,364.40000000000003,25.700000000000006,0.07052689352360045,232.3,106.4,338.70000000000005,0.9294731064763996,0,8,26 60 3 52 65 42 40 92 76 54 14 55 9,75 8 10 71 66 29 16 69 7 81 41 99 95 98 35 44 97
39,19,8,1244084.0,0.2,4,7,13,7,174.2,67.4,1,0,0,1,0,1,0,20,7,0.35,165.5,76.1,241.6,67.4,0.27897350993377484,124.6,49.6,174.2,0.7210264900662251,1,16,26 60 3 52 65 42 40 92 76 54 14 55 9,88 84 30 27 45 36 21
39,19,8,1244084.0,0.2,5,6,25,17,225.2,190.20000000000002,1,1,1,2,1,0,0,42,7,0.16666666666666666,273.8,141.6,415.4,83.60000000000001,0.20125180548868563,219.6,112.2,331.79999999999995,0.7987481945113143,0,32,72 46 93 4 94 28 58 56 1 48 34 100 51 47 74 24 32 87 77 12 64 82 90 33 91,75 8 10 71 66 29 16 69 7 81 41 99 95 98 35 44 97
39,19,8,1244084.0,0.2,5,7,25,7,225.2,67.4,1,0,0,1,0,1,0,32,11,0.34375,189.0,103.6,292.6,114.2,0.3902939166097061,116.2,62.2,178.40000000000003,0.609706083390294,1,32,72 46 93 4 94 28 58 56 1 48 34 100 51 47 74 24 32 87 77 12 64 82 90 33 91,88 84 30 27 45 36 21
39,19,8,1244084.0,0.2,6,7,17,7,190.20000000000002,67.4,1,0,0,1,0,1,0,24,7,0.2916666666666667,166.6,91.0,257.6,80.4,0.31211180124223603,118.3,58.9,177.20000000000002,0.687888198757764,1,16,75 8 10 71 66 29 16 69 7 81 41 99 95 98 35 44 97,88 84 30 27 45 36 21
