{"city": "hcmc", "centre": [10.7769, 106.7009], "nodes": [[1769277472, 10.7765708, 106.7012198, "DEPOT"], [366429233, 10.7527545, 106.6535477, "Gi\u1eb7t s\u1ea5y 973"], [411922119, 10.7878291, 106.6779008, "shop"], [9633068911, 10.7886211, 106.7185688, "M\u00f4c Huong"], [411925603, 10.7680176, 106.6984201, "shop"], [11017261001, 10.7660604, 106.682342, "Nh\u00e0 s\u00e1ch Minh Khai"], [4611419048, 10.7656907, 106.6851861, "shop"], [366477876, 10.7665974, 106.6764087, "shop"], [4896345056, 10.8154808, 106.6751167, "shop"], [4889622981, 10.7884844, 106.6630146, "T\u1ea1p H\u00f3a 766"], [4608690975, 10.7715056, 106.6964406, "C\u1eeda H\u00e0ng V\u1ea3i Aysah"], [411926523, 10.7846634, 106.6959835, "C\u1eeda H\u00e0ng Ti\u1ec7n L\u1ee3i G25"], [6789155351, 10.7654683, 106.7000379, "Ph\u00fac L\u1ed9c"], [1500936175, 10.791149, 106.6670449, "shop"], [366467140, 10.8131172, 106.6700314, "shop"], [3640176427, 10.8292326, 106.6720038, "C\u1eeda H\u00e0ng S\u1eefa Vinamilk"], [5813814365, 10.7533093, 106.6507667, "Hu\u00ea L\u00fd"], [5772092723, 10.7610697, 106.7013919, "Ph\u1ee5 ki\u1ec7n trang tr\u00ed sinh nh\u1eadt Ellie Party"], [7576580839, 10.7868469, 106.6648525, "Nh\u00e0 s\u00e1ch Nh\u00e2n V\u0103n"], [1404352928, 10.8041459, 106.6641762, "N\u1ed9i th\u1ea5t Vinmus"], [9722186805, 10.7733303, 106.6998498, "shop"], [366404094, 10.7530389, 106.6614172, "H\u01b0\u01a1ng Trang"], [2351201577, 10.8034343, 106.7002521, "C\u1eeda H\u00e0ng M\u1eaft K\u00ednh H\u00f9ng C\u01b0\u1eddng"], [5765047055, 10.7965548, 106.6738542, "Ti\u1ec7m B\u00e1nh Givral"], [5598914626, 10.7572123, 106.677222, "Kat & Jewelry"], [366455871, 10.7520317, 106.6614565, "Qu\u1ea1o"], [411926201, 10.7791894, 106.7001527, "C\u1eeda H\u00e0ng The Craft House Original"], [6351667289, 10.7993119, 106.6789113, "Hoa Tulip"], [7461707638, 10.7735499, 106.6953739, "Ti\u1ec7m Massage H\u00e1n Cung"], [5757841593, 10.7662022, 106.6698165, "shop"], [6639599303, 10.7588634, 106.6775851, "shop"], [411925816, 10.7865415, 106.6802797, "Cozy Pastry"], [5352824737, 10.7783061, 106.6660005, "shop"], [4623159860, 10.7623893, 106.679155, "shop"], [5721608406, 10.7972414, 106.6704923, "C\u1eeda H\u00e0ng Dinh D\u01b0\u1ee1ng Qu\u1ef3nh Chi"], [10046834524, 10.7804881, 106.6766554, "Citi Fruit"], [2072605381, 10.8144008, 106.6626731, "PNJ"], [5742669214, 10.7814769, 106.7014332, "GS25"], [6789341876, 10.7655518, 106.6931547, "shop"], [5778872999, 10.7649526, 106.6949225, "shop"], [411917821, 10.7874184, 106.6883239, "shop"], [2664205599, 10.7795752, 106.6949909, "Du L\u1ecbch TransViet"], [6468025282, 10.7546482, 106.6842094, "Qu\u00e1n \u1ed0c Nhi - 80 Nguy\u1ec5n Bi\u1ec3u"], [5780641549, 10.7636416, 106.678645, "S\u1eeda Qu\u1ea7n \u00c1o Thanh T\u00e2m"], [5778300406, 10.7807024, 106.6890494, "shop"], [3462850856, 10.7527056, 106.6698729, "Huy \u00c9p Bi\u1ec3n s\u1ed1"], [411918820, 10.7830804, 106.682391, "shop"], [1997154139, 10.7542339, 106.6732753, "Ph\u01b0\u1edbc H\u01b0ng"], [2036083234, 10.7901854, 106.7110314, "C\u1eeda h\u00e0ng B\u00e1ch h\u00f3a Basao Grocery"], [1735932817, 10.7724891, 106.6721331, "Koi Spa"], [366459461, 10.7521488, 106.6628894, "Minh L\u01b0\u1ee3ng"], [2302073721, 10.7690214, 106.6585721, "Hawaii Luxury Massage HCM"], [4617708124, 10.7529732, 106.6586486, "Th\u1ef1c ph\u1ea9m chay Nguy\u1ec5n Tr\u00e3i"], [8452433389, 10.8019004, 106.6846802, "Ministop"], [10215863915, 10.7665925, 106.6990056, "shop"], [411926001, 10.7737053, 106.6994435, "KAKA SPA"], [3463112612, 10.7886445, 106.6692947, "shop"], [2408529960, 10.7787668, 106.6997738, "Samsung"], [5805637518, 10.7576323, 106.6713184, "shop"], [9404261916, 10.7688849, 106.6962877, "DAI NAM"], [13507242312, 10.7543542, 106.6683154, "Phan H\u00f9ng Luxury"], [2302073736, 10.7558739, 106.6622208, "C\u1eeda H\u00e0ng Mua S\u1eafm Citimart"], [5674570733, 10.7556225, 106.6695844, "V\u0129nh Ph\u00e1t"], [5772478027, 10.7865341, 106.6585884, "shop"], [5816774812, 10.7540591, 106.6763355, "Kim Th\u00e0nh"], [5783267570, 10.8187319, 106.6751835, "WinMart+"], [2393614152, 10.7749964, 106.6868086, "shop"], [366384807, 10.8286518, 106.684366, "C\u1eeda H\u00e0ng Th\u1eddi Trang An Ph\u01b0\u1edbc"], [4597095606, 10.7674234, 106.6939962, "shop"], [4639080775, 10.7883347, 106.657746, "shop"], [9390967436, 10.7871699, 106.6928047, "Qu\u00e1n C\u01a1m Chay Y\u00ean"], [5060404731, 10.7704531, 106.6703316, "C\u1eeda H\u00e0ng Th\u1eddi Trang Milvus"], [366416214, 10.7529264, 106.6574301, "Ye\u00e9fa"], [11801821658, 10.7670904, 106.6883847, "shop"], [12313213245, 10.7993828, 106.6692278, "Si\u00eau Th\u1ecb Ti\u1ec7n L\u1ee3i Nam An"], [12584655705, 10.7676377, 106.6862432, "shop"], [5500064101, 10.7652216, 106.6970128, "shop"], [366383949, 10.7482816, 106.6817654, "C\u1eeda H\u00e0ng Xe G\u1eafn M\u00e1y T\u00e2m H\u01b0\u01a1ng"], [5350663686, 10.8066359, 106.6987362, "C\u1eeda H\u00e0ng Gi\u00e0y Da Ho\u00e0ng V\u0169"], [4976692695, 10.7766717, 106.6799348, "PNJ"], [1672907078, 10.7916392, 106.6764767, "shop"], [5769504939, 10.7916681, 106.6756179, "T\u1ea1p H\u00f3a Di\u1ec7c Ng\u00e2n"], [2351177730, 10.8017299, 106.6830508, "\u0110i\u1ec7n M\u00e1y Xanh"], [11064388835, 10.7926132, 106.6954521, "PNJ"], [411923961, 10.7710773, 106.6857403, "MOLLYNISTA"], [6659869328, 10.7882722, 106.6851269, "\u0110\u1eadu Visa - T\u01b0 v\u1ea5n visa M\u1ef9 \u00dac Canada"], [10794829459, 10.7278168, 106.7180366, "AEON Nguy\u1ec5n V\u0103n Linh"], [11743575445, 10.7883205, 106.6603302, "shop"], [5772158997, 10.7637226, 106.6956287, "\u041a\u043e\u0441\u043c\u0435\u0442\u043e\u043b\u043e\u0433 \u0425\u043e\u0448\u0438\u043c\u0438\u043d \u0412\u044c\u0435\u0442\u043d\u0430\u043c"], [2822144465, 10.7949898, 106.6696494, "WinMart+"], [366400249, 10.7605325, 106.6771345, "shop"], [366398102, 10.8027565, 106.7196572, "WinMart+"], [2936611175, 10.7288811, 106.6935194, "Circle K"], [411918914, 10.7898831, 106.6970284, "shop"], [411926438, 10.7731556, 106.6976491, "shop"], [6857806189, 10.7908568, 106.7459116, "CH Nh\u1ecf : 311L6 . Chung C\u01b0 L\u01b0\u01a1ng \u0110\u1ecbnh C\u1ee7a . An Ph\u00fa . Q2"], [12888257623, 10.7747977, 106.6732439, "Si\u00eau Th\u1ecb Co.opmart"], [6789258562, 10.7633094, 106.6911035, "HTCamera"], [2081907944, 10.7998399, 106.6684577, "JYSK"], [13507242378, 10.7544816, 106.6673799, "Minh Tr\u00ed"], [5805637521, 10.7571457, 106.6695571, "Quang Ph\u01b0\u01a1ng"], [366461703, 10.7559909, 106.6785336, "Gas T\u00e2n Ti\u1ebfn"], [2159586210, 10.7400171, 106.7196694, "shop"], [411923460, 10.7602252, 106.6927179, "shop"], [2364075321, 10.7535489, 106.6747903, "C\u1eeda H\u00e0ng Vinh Ph\u00e1t"], [411926157, 10.7772405, 106.7018045, "PNJ"], [1996745106, 10.7514859, 106.6517793, "shop"], [411926594, 10.7791968, 106.702175, "Circle K"], [1524484193, 10.7721496, 106.6694318, "Massage P.A Relax"], [5794854830, 10.7563802, 106.6762427, "C\u1eeda H\u00e0ng Ph\u1ee5 Ki\u1ec7n \u0110i\u1ec7n Tho\u1ea1i Chan Hi\u1ec1n"], [411926022, 10.7905308, 106.692228, "The Suits House"], [411925917, 10.7876317, 106.6782882, "FPT Shop"], [3137351436, 10.8306544, 106.698267, "shop"], [411924866, 10.77135, 106.6915395, "shop"], [12433049932, 10.8019377, 106.7404927, "H&M"], [2899892666, 10.8006623, 106.6963988, "shop"], [6745111244, 10.7688726, 106.6875178, "Wacom Store"], [4851135902, 10.816505, 106.6771924, "WinMart+"], [1757002985, 10.7401554, 106.6779917, "Nh\u00e0 S\u00e1ch Fahasa"], [3376230388, 10.8070595, 106.7345093, "The Pet Food Grocer"], [411926624, 10.7801873, 106.7010602, "FamilyMart"], [1997244038, 10.7604906, 106.7072431, "WinMart+"], [4535896511, 10.7644171, 106.6494273, "Anh Th\u00e0nh An"], [4603761225, 10.7675441, 106.6904828, "shop"], [366440428, 10.7540081, 106.6665643, "Hx Shop"], [13958480474, 10.763982, 106.7058352, "C\u1eeda H\u00e0ng Th\u1ef1c Ph\u1ea9m Vissan"], [411918668, 10.761662, 106.6896603, "shop"], [5674570728, 10.7528526, 106.6556953, "Thu H\u1ed3ng"], [5764817339, 10.7703983, 106.6765257, "Phong v\u00e9 