{"city": "hcmc", "centre": [10.7769, 106.7009], "nodes": [[1769277472, 10.7765708, 106.7012198, "DEPOT"], [2028465833, 10.7971279, 106.720353, "Hiroshima Toyota"], [411926437, 10.7720998, 106.696004, "Ti\u1ec7m Massage Duy\u00ean D\u00e1ng 3"], [366444984, 10.8007028, 106.7327788, "Saint-Honor\u00e9 Saigon"], [8819419111, 10.7909857, 106.6940434, "shop"], [6786605027, 10.7694461, 106.6704447, "Honda H\u1ed3ng \u0110\u1eafc 1"], [411926229, 10.7819516, 106.6791161, "C\u1eeda H\u00e0ng Trang S\u1ee9c D\u00ec\u1ec7u Sanh"], [366465119, 10.7967323, 106.6867555, "C\u00f4ng ty TNHH Gureumi"], [12783406478, 10.7598866, 106.6801307, "shop"], [5674570733, 10.7556225, 106.6695844, "Ph\u01b0\u1edbc Vinh"], [5778872974, 10.7803745, 106.6795139, "shop"], [411925922, 10.7757532, 106.6895684, "Th\u1ea9m m\u1ef9 vi\u1ec7n Athena"], [411926638, 10.7658757, 106.6981643, "shop"], [2370077640, 10.7644516, 106.7072579, "C\u1eeda H\u00e0ng M\u1eaft K\u00ednh \u00c1nh S\u00e1ng"], [411926455, 10.7732605, 106.7014575, "shop"], [366426413, 10.8038568, 106.681107, "WinMart+"], [5778381619, 10.7585772, 106.653519, "Hoa Ki\u1ec1u"], [366475600, 10.753015, 106.6600049, "Huy Kh\u00e1nh Sport"], [5794854826, 10.7553148, 106.6765651, "Hi\u1ec3n"], [11938365412, 10.7545855, 106.6695217, "Nams Store"], [4605034952, 10.7683614, 106.687003, "shop"], [5463799687, 10.8090066, 106.6966305, "Hebi B\u00ecnh Th\u1ea1nh - Fullface Helmet Ph\u01b0\u1ee3t N\u00f3n Poc B\u00ecnh Th\u1ea1nh"], [411926197, 10.7723028, 106.7018947, "C\u1eeda H\u00e0ng M\u00e1y T\u00ednh Halo"], [5772159000, 10.7623627, 106.6966019, "shop"], [2154851387, 10.7344004, 106.7021144, "Ti\u1ec7m S\u1eeda Xe \u0110i\u1ec1n"], [366428890, 10.7757564, 106.6672707, "B's Mart"], [411926667, 10.7779086, 106.6895565, "Circle K"], [5802993756, 10.7566615, 106.6695674, "Highfive Cholon"], [13420539060, 10.7571834, 106.6781278, "Z\u00f3n"], [13254546613, 10.7591881, 106.6677734, "Si\u00eau th\u1ecb Ph\u1eadt gi\u00e1o Ph\u01b0\u1edbc T\u1ecbnh"], [13919166087, 10.7635382, 106.7066755, "Ti\u1ec7m V\u00e0ng Kim \u0110\u1ee9c Th\u1ecbnh"], [5772478033, 10.7856945, 106.6579209, "shop"], [11365759160, 10.7985319, 106.6650518, "Nh\u00e0 S\u00e1ch B\u1ea1ch C\u00fac"], [5816774812, 10.7540591, 106.6763355, "Arion"], [10215863915, 10.7665925, 106.6990056, "shop"], [3463112632, 10.7920163, 106.6677204, "WinMart+"], [5794854830, 10.7563802, 106.6762427, "Mimisi"], [411925425, 10.789409, 106.6909832, "PNJ"], [6728253546, 10.7530078, 106.6517941, "T\u00e1o Vui"], [366428593, 10.8145379, 106.6868995, "WinMart+"], [6789341864, 10.7672585, 106.6945735, "shop"], [366377850, 10.8269061, 106.7143825, "Mazda B\u00ecnh Tri\u1ec7u"], [2289923634, 10.7579439, 106.6845361, "shop"], [2304882879, 10.7390159, 106.7097348, "WinMart+"], [1833101972, 10.7784802, 106.755573, "H2 Auto Spa"], [5740707048, 10.8271762, 106.7215498, "Gigamall Th\u1ee7 \u0110\u1ee9c"], [3462850856, 10.7527056, 106.6698729, "Shiseido"], [6263969526, 10.7883345, 106.6590753, "shop"], [13684097254, 10.7592617, 106.6785758, "shop"], [6720471603, 10.7908837, 106.6780728, "shop"], [4666227465, 10.7666554, 106.6882189, "shop"], [6659869328, 10.7882722, 106.6851269, "Jaguar"], [6477464072, 10.7911138, 106.6887929, "shop"], [1777244292, 10.7599753, 106.6989114, "WinMart+"], [411926201, 10.7791894, 106.7001527, "shop"], [5803395568, 10.7589561, 106.6668879, "Wrap Vi\u1ec7t"], [366386196, 10.7547713, 106.6789487, "Ng\u1ecdc Thanh"], [411925987, 10.78457, 106.6996774, "BiBi Flowers"], [2527497621, 10.728857, 106.7218643, "KTM & Husqvarna Ho Chi Minh"], [2154851952, 10.7389463, 106.7063269, "WinMart+"], [5780672766, 10.7517504, 106.7323152, "Aston Martin Ho Chi Minh"], [5060403011, 10.7702887, 106.6704261, "shop"], [411926429, 10.7728506, 106.6971681, "shop"], [6720471789, 10.7921048, 106.6775713, "shop"], [6754230750, 10.7644024, 106.7008521, "shop"], [1833101967, 10.7783955, 106.7547442, "HL Auto"], [5737817833, 10.8144665, 106.6695759, "Hoa T\u01b0\u01a1i Ka By"], [5755149903, 10.8063936, 106.6957475, "\u0110\u1ea1i L\u00fd Honda Head"], [10794829470, 10.7285538, 106.7192561, "Crescent Mall"], [726686173, 10.7883588, 106.6701391, "shop"], [4903697615, 10.7828728, 106.6608999, "Electrical & Plumbing Supply Store"], [4589132512, 10.7535373, 106.6641576, "T\u01b0\u1eddng Hu\u00ea"], [5735567981, 10.7983701, 106.7462188, "Indochina Bike - Bike store and repair"], [411926483, 10.7686677, 106.6932877, "7-Eleven"], [5518776427, 10.7830122, 106.6719252, "shop"], [6789155351, 10.7654683, 106.7000379, "Ph\u00fac L\u1ed9c"], [4614188862, 10.752014, 106.6588612, "Ch\u1ee3 \u0110\u1ea1i Quang Minh"], [4606995347, 10.7666823, 106.6943665, "shop"], [726686207, 10.7918518, 106.6623978, "C\u1eeda H\u00e0ng Ti\u1ec7n L\u1ee3i B's Mart"], [5740707091, 10.8242375, 106.7234736, "T\u1ea1p H\u00f3a Thu Ph\u01b0\u01a1ng"], [7822938322, 10.7893898, 106.6809851, "C\u1eeda H\u00e0ng T\u1ea1p H\u00f3a \u00dat Nga"], [2498090913, 10.7670327, 106.676368, "shop"], [5888387680, 10.8287532, 106.6732284, "Hair Salon L\u00ea T\u00e2n"], [366405489, 10.8033297, 106.6789788, "T\u1ea1p H\u00f3a 26"], [2036083234, 10.7901854, 106.7110314, "C\u1eeda h\u00e0ng B\u00e1ch h\u00f3a Basao Grocery"], [411926407, 10.7718636, 106.7039118, "C\u00e0 Ph\u00ea Terrace"], [411926613, 10.772787, 106.6954284, "Ti\u1ec7m Massage L\u00ea Duy\u00ean 4"], [12212093091, 10.7718137, 106.7007901, "shop"], [411926209, 10.7635148, 106.6931694, "shop"], [4875814758, 10.7890404, 106.6606356, "C\u1eeda H\u00e0ng Trang S\u1ee9c Kim T\u00e2m"], [2146838339, 10.8019919, 106.6474857, "Massage Minh T\u00e2m"], [5803394824, 10.7571628, 106.666804, "T\u1ea1p h\u00f3a 004"], [3120390288, 10.7874933, 106.741555, "shop"], [411924866, 10.77135, 106.6915395, "shop"], [411923767, 10.7862259, 106.6793452, "shop"], [5023308668, 10.8100015, 106.7550936, "Toyota \u0110\u00f4ng S\u00e0i G\u00f2n"], [2370358096, 10.735847, 106.6896476, "Si\u00eau Th\u1ecb Ti\u1ec7n L\u1ee3i K-Mart"], [5755175894, 10.8082984, 106.6950932, "shop"], [2351177734, 10.8033095, 106.6909017, "H\u1ec7 Th\u1ed1ng C\u1eeda H\u00e0ng M\u1eb9 & B\u00e9 ShopTreTho"], [411926241, 10.7913566, 106.6880247, "H\u00e3ng \u0110\u0129a Th\u1eddi \u0110\u1ea1i"], [735998179, 10.7319222, 106.7067074, "Windy 2"]]}