{"city": "hcmc", "centre": [10.7769, 106.7009], "nodes": [[1769277472, 10.7765708, 106.7012198, "DEPOT"], [366473383, 10.7663826, 106.6648075, "591"], [4576427867, 10.807828, 106.6637988, "Xuy\u1ebfn Barber Shop"], [1408031716, 10.8060142, 106.6852805, "Ministop"], [411920215, 10.7665554, 106.6817198, "shop"], [366448887, 10.802753, 106.7287772, "Vina Mart"], [2351177730, 10.8017299, 106.6830508, "Th\u1ebf Gi\u1edbi Di \u0110\u1ed9ng"], [411923767, 10.7862259, 106.6793452, "shop"], [710640668, 10.7964864, 106.6907909, "The Coffee House;\u0110\u00e1 Mu\u1ed1i Himalaya DamiLama"], [5737980732, 10.8194988, 106.69979, "shop"], [701666730, 10.7986184, 106.6888597, "PNJ"], [2032267525, 10.7729233, 106.7002992, "Saigon Centre - C\u1ed5ng Nam K\u1ef3 Kh\u1edfi Ngh\u0129a - \u0110i\u1ec3m \u0110\u00f3n Tr\u1ea3"], [366416214, 10.7529264, 106.6574301, "Tr\u1ea1m S\u1ea1c \u0110\u1ea7u"], [366421645, 10.7652681, 106.6627497, "C\u1eeda H\u00e0ng Di \u0110\u1ed9ng Ho\u00e0ng Th\u00f4ng"], [5444117929, 10.7711721, 106.696647, "YUJU Spa"], [5788957689, 10.759582, 106.6672578, "shop"], [5794854830, 10.7563802, 106.6762427, "V\u1ea1n Quang"], [411925946, 10.7817005, 106.6969717, "shop"], [5772478033, 10.7856945, 106.6579209, "shop"], [411926483, 10.7686677, 106.6932877, "shop"], [5733023071, 10.8097796, 106.7034068, "X\u1ed5 S\u1ed1 Ti\u1ebfn Ph\u00e1t"], [366454289, 10.7601196, 106.6732803, "shop"], [4719951876, 10.8143685, 106.6785308, "Th\u1ebf Gi\u1edbi Di \u0110\u1ed9ng"], [411925919, 10.7769384, 106.6906189, "B\u00f4ng Spa"], [4979973995, 10.7543889, 106.6668766, "B\u00e0ng Ki\u1ec1u"], [366428890, 10.7757564, 106.6672707, "B's Mart"], [11774744218, 10.8126541, 106.6952555, "shop"], [5789200117, 10.822806, 106.6858027, "WinMart+"], [4608876662, 10.7667979, 106.6882721, "Ph\u01b0\u01a1ng Nam Book City"], [411919193, 10.7768018, 106.6999227, "C\u1eeda H\u00e0ng M\u1eaft K\u00ednh Vi\u1ec7t Quang"], [5738206921, 10.792375, 106.7180639, "C\u1eeda H\u00e0ng Vua N\u1ec7m"], [411926617, 10.7739958, 106.697121, "C\u1eeda H\u00e0ng Th\u1eddi Trang An Ph\u01b0\u1edbc"], [698217097, 10.7676797, 106.6746261, "shop"], [411926577, 10.7684134, 106.6988516, "116 Culture Luxury"], [6720471670, 10.7923957, 106.6795275, "shop"], [411922332, 10.7889085, 106.6781952, "C\u1eeda H\u00e0ng Th\u1eddi Trang Mi\u1ec1u Fashionista"], [5764914929, 10.7941455, 106.6809202, "C\u1eeda H\u00e0ng Xe M\u00e1y Central Saigon Harley-Davidson"], [411926070, 10.7721929, 106.6975561, "C\u1eeda H\u00e0ng Trang S\u1ee9c H\u00e0 T\u00e2m"], [1992606711, 10.7573384, 106.7045374, "Socmom \u0110\u1ed3 Ch\u01a1i Gi\u00e1o D\u1ee5c"], [9841036401, 10.7795474, 106.7467273, "Ministop"], [5800600028, 10.7458652, 106.6863522, "WinMart+"], [366386196, 10.7547713, 106.6789487, "Ng\u1ecdc Thanh"], [411919033, 10.7736186, 106.6944794, "shop"], [11703388662, 10.7678395, 106.6948914, "Circle K"], [411924032, 10.7899765, 106.6781355, "shop"], [2370077640, 10.7644516, 106.7072579, "Du L\u1ecbch Mi\u1ec1n Nam"], [366458462, 10.8040213, 106.6982434, "Nh\u00e0 S\u00e1ch H\u1eebng S\u00e1ng"], [5735567945, 10.7992089, 106.7522038, "WinMart+"], [5802993756, 10.7566615, 106.6695674, "Shop 185A"], [2366641596, 10.8150327, 106.6695447, "Thi\u1ebft B\u1ecb \u00c2m Thanh NK Studio"], [5765073602, 10.7931385, 106.6698455, "C\u1eeda H\u00e0ng Ti\u1ec7n L\u1ee3i Shop&Go"], [411926363, 10.789409, 106.6900344, "shop"], [3641987828, 10.8258959, 106.7133755, "\u0110\u1ed3 \u0110i\u1ec7n Gia D\u1ee5ng"], [2295369073, 10.754288, 106.7095048, "shop"], [366428546, 10.7637795, 106.6473277, "\u0110\u1ea1i L\u00fd V\u00e9 M\u00e1y Bay Khang Vinh"], [366440116, 10.7527906, 106.6544298, "Hair Confidence"], [13420539058, 10.7572392, 106.6782666, "Big Size"], [4616029220, 10.7537644, 106.6480278, "shop"], [5778222785, 10.7532747, 106.7052586, "Satra Foods"], [2034589236, 10.774251, 106.7037193, "C\u1eeda H\u00e0ng Th\u1eddi Trang Tuti Bella"], [411926455, 10.7732605, 106.7014575, "To\u00e0 Nh\u00e0 Saigon Centre"], [5781118721, 10.736717, 106.7023207, "S\u1eeda Xe Honda T\u00e2m"], [366404094, 10.7530389, 106.6614172, "C\u00f4 Ngh\u0129a - Nhung V\u0169"], [5794854826, 10.7553148, 106.6765651, "Super Babies"], [411925963, 10.7918359, 106.6958631, "Non S\u01a1n"], [2036082840, 10.7847301, 106.7036877, "Audi"], [10248608884, 10.7987802, 106.687657, "Ch\u0103m S\u00f3c Da Ng\u1ecdc \u00c1nh"], [12313135292, 10.8095546, 106.7121871, "Nh\u00e0 S\u00e1ch Nguy\u1ec5n V\u0103n C\u1eeb"], [2156215358, 10.731961, 106.6895651, "GS25 - Saigon Mia"], [411926019, 10.7919098, 106.6914925, "Th\u1ebf Gi\u1edbi Di \u0110\u1ed9ng"], [1833101747, 10.7754016, 106.750213, "Emmy Coffee & Bakery"], [1997154550, 10.7516157, 106.665635, "TN Medical"], [2498104608, 10.7573587, 106.6729589, "shop"], [411918284, 10.7825681, 106.6727592, "C\u1eeda H\u00e0ng Th\u1eddi Trang Vicki"], [411926701, 10.778525, 106.7029239, "Sweet Street"], [4519205477, 10.7536082, 106.6480154, "shop"], [5007134396, 10.7781009, 106.7460114, "K-Market"], [2351177743, 10.8032397, 106.6845465, "Sunglass Hut"], [366455871, 10.7520317, 106.6614565, "To\u00e0n"], [9390967436, 10.7871699, 106.6928047, "C\u1eeda H\u00e0ng Ti\u1ec7n L\u1ee3i Shop & Go"], [366385568, 10.7612843, 106.6615369, "shop"], [2038003672, 10.7993144, 106.738514, "shop"], [4610643517, 10.7716644, 106.6930831, "shop"], [10792191361, 10.8008153, 106.6616907, "Honda HEAD"], [411921783, 10.7909894, 106.6950133, "C\u1eeda H\u00e0ng Hoa FlowerLine"], [2159586187, 10.7397403, 106.7199165, "shop"], [366470612, 10.790357, 106.7542229, "Shop H\u00e0 Hu\u1ef3nh Bia N\u01b0\u1edbc Ng\u1ecdt"], [411926554, 10.78238, 106.6938041, "Son Mai Dai Viet"], [2367396031, 10.7460975, 106.689291, "WinMart+"], [366475600, 10.753015, 106.6600049, "L\u00ea Nguy\u1ec5n"], [366388389, 10.791695, 106.6674509, "shop"], [411926437, 10.7720998, 106.696004, "Ti\u1ec7m Massage Duy\u00ean D\u00e1ng 3"], [411926209, 10.7635148, 106.6931694, "Thi\u00ean M\u1ed9c H\u01b0\u01a1ng Agarwood - Trang s\u1ee9c tr\u1ea7m h\u01b0\u01a1ng cao c\u1ea5p"], [2036083234, 10.7901854, 106.7110314, "C\u1eeda h\u00e0ng B\u00e1ch h\u00f3a Basao Grocery"], [4461960803, 10.8290887, 106.6827837, "WinMart+"], [411925917, 10.7876317, 106.6782882, "shop"], [411925836, 10.7870989, 106.6793152, "shop"], [5765073652, 10.7947031, 106.667741, "WinMart+"], [5805831183, 10.7578859, 106.679877, "Chip Chip Kid"], [5500064102, 10.7649369, 106.6970851, "shop"], [366445900, 10.8150415, 106.6952053, "shop"]]}