{"city": "hcmc", "centre": [10.7769, 106.7009], "nodes": [[1769277472, 10.7765708, 106.7012198, "DEPOT"], [6789341864, 10.7672585, 106.6945735, "shop"], [4666207257, 10.7712549, 106.6937631, "shop"], [366431307, 10.8109265, 106.7021297, "PNJ"], [11801821653, 10.7706395, 106.6879239, "7-Eleven"], [411926620, 10.7736167, 106.7028018, "Ti\u1ec7m C\u1eaft T\u00f3c Highcut"], [1777244292, 10.7599753, 106.6989114, "WinMart+"], [11925831721, 10.8093319, 106.6722653, "7-Eleven"], [746617417, 10.7574582, 106.7007882, "shop"], [5042143283, 10.7672153, 106.6711281, "WinMart+"], [5737979213, 10.8165929, 106.706553, "PNJ"], [366446370, 10.7528681, 106.6710822, "Ka-Cool"], [5060404731, 10.7704531, 106.6703316, "V\u1ea1n H\u1ea1nh Mall"], [5799069506, 10.8262253, 106.6813668, "C\u1eeda H\u00e0ng Th\u1eddi Trang An Ph\u01b0\u1edbc"], [2393614146, 10.7742473, 106.6881764, "shop"], [366422238, 10.7497426, 106.649642, "Gi\u00e0y D\u00e9p Da Gia Th\u00e0nh"], [6639599302, 10.7617379, 106.676557, "shop"], [10821397045, 10.7446819, 106.6890551, "C\u1eeda H\u00e0ng TGD\u0110"], [4618443190, 10.787592, 106.6595833, "shop"], [411926419, 10.7855325, 106.6927888, "FamilyMart"], [411923825, 10.7671244, 106.6763974, "shop"], [5780863679, 10.7414593, 106.7298817, "Nh\u00e0 tang l\u1ec5 Qu\u1eadn 7"], [6789323619, 10.7654299, 106.6929612, "shop"], [2068659853, 10.7532585, 106.662732, "Y\u1ebfn"], [6773126024, 10.7290911, 106.7032838, "PNJ"], [366440116, 10.7527906, 106.6544298, "Tr\u1ed1ng l\u00e2n \u0110\u1ea1i Ph\u00e1t"], [6349849907, 10.7988836, 106.6700661, "shop"], [4615523688, 10.7678654, 106.691284, "Kumho Samco Buslines"], [13420539060, 10.7571834, 106.6781278, "Minh"], [1987339392, 10.7301123, 106.7218171, "GS25"], [5725018956, 10.8115858, 106.6648781, "shop"], [2210760916, 10.728083, 106.6992868, "shop"], [411918912, 10.7864515, 106.6976719, "shop"], [2275303191, 10.8019683, 106.753601, "136 Mai Ch\u00ed Th\u1ecd . An Ph\u00fa . Qu\u1eadn 2"], [5802993756, 10.7566615, 106.6695674, "Kim Giai"], [411919410, 10.7838746, 106.6703309, "Shop Gi\u00e0y M\u00e8o R\u00e2u \u0110en"], [2351203667, 10.803077, 106.7076295, "C\u1eeda H\u00e0ng N\u1ec7m V\u1ea1n Th\u00e0nh"], [6786761730, 10.762757, 106.6922534, "shop"], [13892910363, 10.7575294, 106.6738623, "shop"], [2303342946, 10.7410217, 106.7037515, "Satra Foods"], [6789193622, 10.7686444, 106.7003997, "shop"], [2231207282, 10.7885495, 106.6972338, "Ollin Beauty"], [411926469, 10.7690486, 106.6832774, "Circle K"], [5674570728, 10.7528526, 106.6556953, "V\u0129nh H\u1eb1ng"], [9390967436, 10.7871699, 106.6928047, "C\u1eeda H\u00e0ng \u0110\u1ed3 Ch\u01a1i Funnyland"], [4298780871, 10.8038843, 106.7354279, "shop"], [366428130, 10.8261608, 106.7190823, "T\u1ea1p H\u00f3a Thu\u00fd"], [411926070, 10.7721929, 106.6975561, "C\u1eeda H\u00e0ng V\u1ea3i Abdul Aziz & Saedah"], [411926667, 10.7779086, 106.6895565, "C\u1eeda H\u00e0ng Th\u1eddi Trang An Ph\u01b0\u1edbc"], [4611419047, 10.7650671, 106.6848888, "Qu\u00e1n \u1ed0c \u0110\u00e0o"], [2036083064, 10.789706, 106.7202607, "Daddy's House"], [411926012, 10.7928217, 106.6912726, "T\u00e0i \u0110at"], [5400592009, 10.8228644, 106.6930865, "emart"], [6788576898, 10.7657385, 106.6935488, "shop"], [5788957689, 10.759582, 106.6672578, "B\u00e1ch H\u00f3a XANH"], [10215974129, 10.7688766, 106.6968648, "shop"], [5772478033, 10.7856945, 106.6579209, "shop"], [411925309, 10.7911731, 106.693844, "WinMart+"], [7461707636, 10.7731183, 106.69589, "shop"], [411926622, 10.7668561, 106.6942946, "shop"], [411926201, 10.7791894, 106.7001527, "shop"], [411926022, 10.7905308, 106.692228, "C\u1eeda H\u00e0ng Th\u1eddi Trang Easy N' un"], [13507242378, 10.7544816, 106.6673799, "Bloudi"], [411926241, 10.7913566, 106.6880247, "H\u00e3ng \u0110\u0129a Th\u1eddi \u0110\u1ea1i"], [11247636302, 10.7528986, 106.652231, "Mai Spa"], [6788929511, 10.7574391, 106.6733835, "Si\u00eau Th\u1ecb Mela"], [2032267525, 10.7729233, 106.7002992, "Saigon Square"], [9973445563, 10.8139405, 106.7284568, "Garage Ki\u00ean B\u1ea3o"], [8366160149, 10.7451485, 106.7158766, "shop"], [4603817787, 10.7574245, 106.6862505, "shop"], [4605180971, 10.7797085, 106.705005, "KIYO BAKERY & COFFE"], [6754155665, 10.7602245, 106.661006, "PNJ"], [1987339817, 10.7618543, 106.7007783, "shop"], [4891670592, 10.7892931, 106.6645106, "C\u1eaft T\u00f3c Nam N\u1eef Th\u1ea3o"], [366466828, 10.753814, 106.6655719, "Pmd"], [4903632208, 10.7887079, 106.6612607, "shop"], [1834116540, 10.7884091, 106.752769, "C\u1eeda H\u00e0ng Gas Gia \u0110\u00ecnh NamGas"], [4952435172, 10.8018122, 106.7399937, "Nitori"], [2433201343, 10.8017915, 106.6478973, "C\u1eeda H\u00e0ng Xe M\u00f4 T\u00f4 KTM"], [366474902, 10.8060831, 106.7149902, "WinMart+"], [5803395568, 10.7589561, 106.6668879, "H\u00e8"], [411918284, 10.7825681, 106.6727592, "C\u1eeda H\u00e0ng Th\u1eddi Trang Vicki"], [6786738905, 10.773391, 106.6892687, "shop"], [411926617, 10.7739958, 106.697121, "C\u1eeda H\u00e0ng Th\u1eddi Trang An Ph\u01b0\u1edbc"], [3462850856, 10.7527056, 106.6698729, "V\u00e2n Kim Shop"], [366440271, 10.7440115, 106.7275619, "B\u00e1ch H\u00f3a T\u1ed5ng H\u1ee3p M\u1ef9 Duy\u00ean"], [411926243, 10.7696265, 106.7030192, "Y\u00ean \u1ea2 Herbal Spa - G\u1ed9i \u0110\u1ea7u D\u01b0\u1ee1ng Sinh"], [11825097702, 10.7598891, 106.6939356, "shop"], [2153453368, 10.7447792, 106.7101516, "Circle K"], [5042605480, 10.7935398, 106.7226118, "7-Eleven"], [5772478027, 10.7865341, 106.6585884, "shop"], [11900708633, 10.7840667, 106.6803314, "C\u1eeda H\u00e0ng Qu\u00e2n T\u00e2y \u00c1o S\u01a1 Mi Duy D\u01b0\u01a1ng"], [366457953, 10.7690721, 106.6632911, "VinMart+"], [411919418, 10.7778512, 106.6814148, "\u0110i\u1ec7n M\u00e1y Thi\u00ean H\u00f2a Qu\u1eadn 10"], [366386196, 10.7547713, 106.6789487, "Tr\u1ea7n H\u01b0ng \u0110\u1ea1o"], [5794771158, 10.7610599, 106.6750864, "shop"], [13665636185, 10.7443422, 106.6558348, "Si\u00eau th\u1ecb Co.opmart Tuy L\u00fd V\u01b0\u01a1ng"], [5780641549, 10.7636416, 106.678645, "S\u1eeda Qu\u1ea7n \u00c1o Thanh T\u00e2m"], [1769277421, 10.7760291, 106.7031197, "shop"], [1997301795, 10.727972, 106.7252175, "C\u1eeda h\u00e0ng xe \u0111\u1ea1p Ride Plus"], [5727064122, 10.7968542, 106.6906444, "Ministop"]]}