{"city": "hcmc", "centre": [10.7769, 106.7009], "nodes": [[1769277472, 10.7765708, 106.7012198], [5773400659, 10.8049172, 106.6960153], [2078951000, 10.7981752, 106.6523358], [2495883537, 10.7276, 106.651467], [2692325235, 10.7891437, 106.7288223], [4958074291, 10.7941422, 106.670567], [2323997705, 10.7398687, 106.730035], [735998196, 10.7310467, 106.7085378], [411920722, 10.7598173, 106.6902808], [4639072646, 10.7892442, 106.70797], [8366417023, 10.7904487, 106.7411785], [6772503853, 10.7353299, 106.7181695], [13919166087, 10.7635382, 106.7066755], [4608876662, 10.7667979, 106.6882721], [3338020171, 10.7588519, 106.6923653], [8370203497, 10.7590296, 106.7370554], [4989081988, 10.8026642, 106.6966196], [1833101953, 10.778266, 106.7525338], [366449895, 10.8306766, 106.7022969], [12441617624, 10.7915638, 106.7183462], [2156217095, 10.7482442, 106.7129369], [2692325258, 10.7868582, 106.726919], [366400187, 10.7757983, 106.6549425], [13507231569, 10.75515, 106.6684339], [12185342981, 10.7813617, 106.7360632], [2159586474, 10.7417862, 106.7227444], [5775221654, 10.8003217, 106.7094532], [5074799086, 10.7856127, 106.6667481], [5721610423, 10.7977254, 106.674201], [13916536777, 10.8042352, 106.7032356], [5755153775, 10.73859, 106.6549586], [366462101, 10.7485594, 106.661395], [5737751081, 10.8118585, 106.7209849], [1393358751, 10.8205335, 106.6824862], [5779523232, 10.8181247, 106.7197224], [1497312735, 10.7949209, 106.7310712], [366379977, 10.7659541, 106.6640381], [1996745093, 10.7522461, 106.6517867], [715729851, 10.7447513, 106.7331722], [5772233419, 10.7848784, 106.6709432], [411925958, 10.7779066, 106.7061554], [5765292374, 10.798124, 106.6563168], [11052082820, 10.8294672, 106.7247581], [366399131, 10.8023219, 106.7018539], [4927819022, 10.7595594, 106.6519895], [366390322, 10.7434748, 106.7165623], [1271148448, 10.7957696, 106.7445363], [4607339373, 10.7666312, 106.6859874], [1833373598, 10.7839726, 106.7512194], [5738082260, 10.8181731, 106.7043553], [6783521801, 10.7609476, 106.6742175], [6420478647, 10.7476623, 106.6902673], [6773441138, 10.7459222, 106.7018479], [6356490349, 10.7934862, 106.6743701], [2692325523, 10.7915644, 106.7432121], [3232854941, 10.7324458, 106.6744246], [5818114073, 10.8272522, 106.6822141], [5733084736, 10.8053252, 106.7403301], [10185897735, 10.8158527, 106.7190827], [842051629, 10.7236266, 106.7169262], [6760469900, 10.7460855, 106.650355], [1738852187, 10.7722033, 106.6703404], [5773400832, 10.8046454, 106.7013783], [6049158688, 10.7891556, 106.6549166], [5733023026, 10.8066291, 106.7043013], [2153453415, 10.7463669, 106.7359339], [2078950324, 10.7973117, 106.647329], [366368626, 10.7429531, 106.7118758], [5779522936, 10.8151721, 106.7176846], [2021899490, 10.8040811, 106.6919803], [411919061, 10.7830427, 106.6785164], [8345479158, 10.8087892, 106.7497127], [5742675558, 10.8290784, 106.7247152], [5778381658, 10.7627791, 106.6512184], [1561464717, 10.8001108, 106.6685264], [1606180407, 10.7773673, 106.6552433], [366454807, 10.7848379, 106.6578031], [6257994121, 10.8048294, 106.662867], [3727363047, 10.8240101, 106.7222882], [5789200171, 10.8194507, 106.6842835], [5778236326, 10.8132004, 106.7178078], [6757994560, 10.7518811, 106.6574904], [5108956874, 10.7912085, 106.6543731], [5786407659, 10.8178948, 106.6841525], [411924874, 10.7736099, 106.6893259], [4535195804, 10.765014, 106.6475662], [6727408777, 10.7640029, 106.6820569], [5733266099, 10.799141, 106.700989], [2495870409, 10.7329864, 106.6561255], [3376230385, 10.8060278, 106.7355939], [5776272464, 10.799333, 106.7160734], [3338020159, 10.7576255, 106.6907316], [5735511407, 10.7706718, 106.7062095], [1833102364, 10.7827096, 106.7533022], [2036082948, 10.7933341, 106.71767], [5755653982, 10.8081486, 106.6495188], [1497276495, 10.7991904, 106.6998736], [6240862331, 10.7584524, 106.6462122], [9479109845, 10.752792, 106.727791], [2654785046, 10.7879131, 106.739293], [1852879430, 10.8172772, 106.7234987], [2413295794, 10.7487995, 106.65269], [2302060716, 10.7507387, 106.7134189], [366454324, 10.7520106, 106.7384951], [9404261910, 10.7675377, 106.6951078], [1710174711, 10.7232314, 106.7101682], [366368048, 10.755757, 106.6651815], [1497313028, 10.7989827, 106.7219224], [366400854, 10.8151773, 106.6933544], [2495948103, 10.7230153, 106.64753], [10973573940, 10.7949017, 106.7193108], [5788512791, 10.7313951, 106.7155618], [1393358784, 10.8221764, 106.6806609], [2685998240, 10.7421065, 106.6728968], [10536499997, 10.7841495, 106.7243085], [2634496768, 10.8231, 106.7169173], [2358055406, 10.7374408, 106.7122452], [5805831181, 10.7588181, 106.6794957], [366397015, 10.7550714, 106.6653193], [2154852035, 10.741093, 106.7123729], [2340190511, 10.7237514, 106.7370316], [8366122988, 10.7812693, 106.7478009], [5420243243, 10.7740291, 106.7507955], [6665151130, 10.7689544, 106.714141], [3137351432, 10.8304134, 106.7042616], [8751584189, 10.7804644, 106.7085388], [6251135515, 10.7678486, 106.6486464], [3191421759, 10.7828612, 106.722313], [5780792884, 10.8176058, 106.7428333], [5781828013, 10.8102306, 106.7465844], [11252820363, 10.778377, 106.7486097], [7795101428, 10.7926385, 106.734157], [1847175987, 10.7361642, 106.7052402], [8359584602, 10.7722592, 106.7257947], [5060404789, 10.7766574, 106.6650025], [1756992040, 10.7354252, 106.6780642], [366411416, 10.7265509, 106.7123115], [5783327061, 10.7385686, 106.7313335], [6351667353, 10.8031041, 106.6768212], [366411746, 10.7409917, 106.671091], [4609551765, 10.7512022, 106.6614889], [5742768254, 10.8249928, 106.6906284], [5789152234, 10.7263413, 106.7248306], [6665151127, 10.7680499, 106.7128218], [2338937904, 10.7243528, 106.7348345], [3631245426, 10.8087266, 106.7140739], [2937562954, 10.7347025, 106.6798035], [4932516729, 10.7604481, 106.6469433], [5735330414, 10.769768, 106.7227759], [6431373386, 10.7437388, 106.6825879], [3664000418, 10.8050427, 106.7283371], [3727364057, 10.8277348, 106.7296572], [5350664363, 10.8026729, 106.6965171], [1992606845, 10.7531457, 106.7034772], [2032267293, 10.7707997, 106.7034753], [2026784631, 10.7581226, 106.7017205], [5798935328, 10.8273429, 106.6868179], [5778381634, 10.7552757, 106.6509087], [1774287471, 10.7819088, 106.7206101], [1987339149, 10.7599808, 106.709374], [5059499454, 10.7745339, 106.6798496], [2495870400, 10.7330329, 106.6547261], [13420539060, 10.7571834, 106.6781278], [11977478434, 10.7592385, 106.6655848], [1409433811, 10.8052325, 106.6775771], [5743103931, 10.7281277, 106.7008871], [4605022195, 10.770407, 106.6890543], [11365769760, 10.7858275, 106.6781816], [5773400667, 10.8044447, 106.6963026], [1497313126, 10.8015544, 106.719934], [3734437537, 10.7934707, 106.6824989], [7561575939, 10.8097683, 106.6748427], [3137343092, 10.8267913, 106.7021232], [13983865129, 10.792323, 106.6936807], [5719227263, 10.8165935, 106.6755395], [4099242263, 10.7884681, 106.6995877], [3138809774, 10.8266603, 106.6909091], [2154852223, 10.743385, 106.6973847], [4593918580, 10.7591821, 106.68863], [2077773856, 10.8077643, 106.6654413], [5740554284, 10.8260234, 106.7355162], [2159585733, 10.731591, 106.7189693], [12783406448, 10.7581234, 106.6757476], [5247691967, 10.7718214, 106.7058503], [10658481378, 10.7325477, 106.6939542], [6089504812, 10.7741649, 106.663102], [5740781068, 10.8251806, 106.7188374], [366419201, 10.745817, 106.6667901], [11891917331, 10.8195111, 106.6899972], [5788512795, 10.7350508, 106.7138888], [2159586320, 10.7407693, 106.7269778], [5021975242, 10.8054653, 106.7526914], [1409433784, 10.8035301, 106.6747746], [2351811224, 10.7379036, 106.7304292], [6270856341, 10.7706508, 106.651932], [8152499180, 10.7751469, 106.7131865], [411926596, 10.7797806, 106.7040024], [12109975784, 10.7350469, 106.6725795], [1833102257, 10.7814376, 106.7518683], [2079964021, 10.8057387, 106.6473485], [4878046785, 10.784579, 106.662546]]}