{"city": "hcmc", "centre": [10.7769, 106.7009], "nodes": [[1769277472, 10.7765708, 106.7012198], [366386113, 10.820259, 106.6891016], [411924251, 10.7728062, 106.6868233], [5805831183, 10.7578859, 106.679877], [7555306078, 10.7975791, 106.6928189], [5073776245, 10.7707931, 106.6651725], [4952656382, 10.7832931, 106.735908], [2495881532, 10.728098, 106.6529813], [6751175535, 10.7584694, 106.6679652], [4952434703, 10.8156101, 106.7324289], [2154851952, 10.7389463, 106.7063269], [12378437502, 10.8303938, 106.6880383], [366440098, 10.7429812, 106.7101354], [8890105336, 10.7493173, 106.6575198], [411926194, 10.7624784, 106.6864983], [6720471709, 10.7926732, 106.6803753], [5800683751, 10.7465751, 106.6826875], [5786142613, 10.823578, 106.6804456], [2634496780, 10.8230336, 106.7167541], [5074799092, 10.7850389, 106.6660722], [5783301738, 10.7373401, 106.7391686], [5775221531, 10.7988088, 106.7065855], [10134510315, 10.7933715, 106.7404067], [2154852144, 10.7427228, 106.6990037], [366440114, 10.8161004, 106.669495], [5740099703, 10.7824616, 106.7362107], [3376230385, 10.8060278, 106.7355939], [11361818078, 10.7978864, 106.6583521], [366378675, 10.8229876, 106.6880194], [2330729481, 10.7686664, 106.6481649], [5737751051, 10.810239, 106.7180009], [1833101807, 10.7756718, 106.7525323], [4952269913, 10.8095409, 106.7340844], [5296220734, 10.7880497, 106.6564225], [2366620895, 10.8159644, 106.6712225], [10215974134, 10.7691375, 106.6965106], [6251772734, 10.7690749, 106.6472074], [11416904526, 10.7247285, 106.738157], [5772102472, 10.8097544, 106.7026549], [5051610751, 10.7650228, 106.6636832], [4646816752, 10.7709221, 106.6729713], [6789385215, 10.7702607, 106.6944283], [1996745799, 10.7510601, 106.6500534], [2156217028, 10.7480195, 106.7218005], [5789200120, 10.8224332, 106.6854976], [366383646, 10.755116, 106.658433], [2984625930, 10.8303299, 106.7272102], [11125003324, 10.819515, 106.6951311], [1497276503, 10.7998405, 106.7011074], [8345427676, 10.8274002, 106.7277098], [3216187603, 10.8266913, 106.7261664], [411926607, 10.7800575, 106.6872062], [366434468, 10.7504742, 106.6596667], [5811504019, 10.7577285, 106.6959223], [1393358809, 10.8233632, 106.6789687], [5742544430, 10.8280398, 106.703513], [8816687944, 10.8168631, 106.7440626], [6856305873, 10.7750813, 106.7135069], [12437015526, 10.8028254, 106.711403], [12598037811, 10.8284534, 106.7066005], [411918577, 10.7786557, 106.7053153], [2299409156, 10.7836615, 106.6544537], [2930594545, 10.7835416, 106.6563968], [5753305315, 10.735319, 106.6882351], [4903632208, 10.7887079, 106.6612607], [1768404053, 10.7599454, 106.7003793], [5889850014, 10.8294669, 106.6709366], [4202267304, 10.7429477, 106.6543481], [366382472, 10.8032016, 106.7225025], [5818114073, 10.8272522, 106.6822141], [8570274775, 10.7450764, 106.7004233], [7457610640, 10.7753875, 106.7261777], [3137343116, 10.8295918, 106.7013446], [5779523217, 10.8186394, 106.7223209], [12678589615, 10.7761016, 106.6790954], [6349849895, 10.7949315, 106.6772028], [6631169228, 10.7746188, 106.6481904], [6258204791, 10.7897768, 106.6617102], [12441617631, 10.7961033, 106.719133], [6461552354, 10.8203778, 106.6942256], [2077773816, 10.8067969, 106.6645991], [5778245684, 10.7775382, 106.6817654], [2256732799, 10.7276741, 106.675331], [2370077646, 10.7626291, 106.7105295], [366478237, 10.7431351, 106.7260142], [1409433754, 10.8024696, 106.6759456], [2154851960, 10.7390282, 106.7057859], [5074798779, 10.7805379, 106.6675889], [5779523165, 10.8134061, 106.7194054], [2338936942, 10.7260125, 106.7345674], [5792396352, 10.8294585, 106.6921693], [4932516685, 10.7598049, 106.649071], [8816063184, 10.7359439, 106.7172138], [7499947748, 10.7872817, 106.712251], [5674570415, 10.7615465, 106.6511934], [5779558932, 10.8222209, 106.7373288], [6258204870, 10.7915612, 106.6604415], [5074799090, 10.7848753, 106.666733], [842051640, 10.7237638, 106.717156], [6032513516, 10.8285693, 106.7493318], [2159586398, 10.7410829, 106.7200834], [411924866, 10.77135, 106.6915395], [5740547531, 10.7773884, 106.7142378], [11540389482, 10.7934292, 106.7462699], [411925901, 10.791062, 106.6911349], [2305201706, 10.7610226, 106.7003489], [5780793002, 10.7422159, 106.7092085], [6639599301, 10.7617896, 106.6766725], [11360463236, 10.7933443, 106.6596201], [5818114179, 10.8269381, 106.6842691], [5780792751, 10.824482, 106.7405273], [373544359, 10.7992972, 106.7334679], [5772159000, 10.7623627, 106.6966019], [366453620, 10.752104, 106.653386], [4053262290, 10.824982, 106.7111165], [5418455078, 10.7980267, 106.730824], [5778381623, 10.7568673, 106.6537104], [1833101937, 10.7779019, 106.7529009], [2965453015, 10.8270168, 106.7205122], [8348195517, 10.8059656, 106.6959799], [1524484235, 10.7718909, 106.6682167], [1852879413, 10.8168637, 106.7179899], [5778363386, 10.7994203, 106.7202477], [5794760342, 10.7263011, 106.7311759], [2974077439, 10.7854521, 106.7028245], [2154852097, 10.7422552, 106.6989233], [1997301795, 10.727972, 106.7252175], [3928816522, 10.8235404, 106.678962], [2934006870, 10.7647064, 106.6677257], [5772452207, 10.7857811, 106.6606243], [1497312755, 10.7972816, 106.7314687], [5074798926, 10.7837922, 106.6691209], [366446893, 10.7995357, 106.6749459], [3289232992, 10.8193014, 106.7402525], [5778820379, 10.7507791, 106.7151572], [10734733576, 10.7913967, 106.6883702], [2008273929, 10.7979968, 106.6713883], [366416926, 10.739379, 106.7340619], [5783301683, 10.7361451, 106.7372249], [6852962866, 10.7780723, 106.7505513], [411919021, 10.7881629, 106.6830814], [7436273647, 10.7486855, 106.684824], [366383685, 10.7580323, 106.66289], [2363880280, 10.7683527, 106.7054391], [2965453041, 10.8260009, 106.7138234], [9479109982, 10.736964, 106.7217679], [2153453532, 10.7478058, 106.7249631], [715729895, 10.7525634, 106.7261565], [4905103828, 10.8284106, 106.6920909], [3011829412, 10.7954913, 106.6568328], [411926705, 10.7903735, 106.6975106], [8812189658, 10.8018542, 106.7027445], [12441863315, 10.7999457, 106.7323151], [6758159308, 10.7562362, 106.6662781], [411926300, 10.7898473, 106.683905], [4970126304, 10.7814496, 106.745815], [366435615, 10.7758371, 106.6557429], [5813867127, 10.7518689, 106.6773307], [5213699008, 10.7995256, 106.6761504], [4903038167, 10.823133, 106.6771341], [5814337657, 10.7520178, 106.6832994], [714480626, 10.7411119, 106.7333537], [411919410, 10.7838746, 106.6703309], [6015565874, 10.7434976, 106.6617877], [5737980741, 10.8154163, 106.7018912], [6720471690, 10.7912655, 106.6806252], [5674570730, 10.7535756, 106.655658], [366392837, 10.8066271, 106.6900303], [6270856357, 10.7697041, 106.652109], [9404261893, 10.7640661, 106.6918496], [13075564399, 10.7872154, 106.692851], [6595074277, 10.7931436, 106.730081], [2038003666, 10.7997516, 106.7383524], [1401875332, 10.8181984, 106.6787641], [2244906873, 10.7313514, 106.7203809], [2153158560, 10.7330721, 106.7361008], [10798727410, 10.7935205, 106.7226086], [2027772790, 10.7544954, 106.6960536], [2692325236, 10.7895436, 106.7288928], [5740707091, 10.8242375, 106.7234736], [5721608416, 10.7982603, 106.6734379], [4605180971, 10.7797085, 106.705005], [366464770, 10.7808899, 106.6694309], [5740593363, 10.7810074, 106.7210952], [13527859512, 10.8051184, 106.6549051], [9736034484, 10.7379933, 106.7214491], [12310895539, 10.8025915, 106.6985358], [6595074276, 10.7926773, 106.7298915], [1767909387, 10.7302242, 106.7002354], [2370220877, 10.725961, 106.733887], [2275303182, 10.7923271, 106.751391], [2157804970, 10.7325426, 106.7258927], [5780620664, 10.7494018, 106.7257297], [4537175204, 10.7708124, 106.6551601], [2154852360, 10.744706, 106.6958633], [5721574899, 10.8015614, 106.6832124], [5757547049, 10.766612, 106.6543039], [4200187274, 10.7357058, 106.6634921], [1097710279, 10.8085472, 106.6809494], [2304445553, 10.7517322, 106.7176671], [5798935336, 10.8275985, 106.6874016], [8359722566, 10.8032098, 106.7273758], [5802716344, 10.7594532, 106.6517926], [366410888, 10.7611052, 106.6538025], [13063076805, 10.7957426, 106.6851753], 