{"city": "nyc", "centre": [40.7549, -73.984], "nodes": [[42430333, 40.754842, -73.984118, "DEPOT"], [42512101, 40.704312, -73.91923, "Tepeojuma Deli Grocery"], [561035334, 40.8060401, -73.9652167, "shop"], [42446488, 40.7522048, -73.9818235, "DECIEM"], [42826882, 40.7434296, -73.9538694, "DermaLuxe Laser Spa"], [42450015, 40.7742888, -73.9572919, "East Side Smoke Shop"], [42431898, 40.7029659, -74.0115133, "BW Spa"], [42479283, 40.724056, -73.949924, "Happy Zoe Vegan Bakery"], [42447030, 40.7641121, -73.9668167, "809 Lexington Grocery Deli"], [42520579, 40.7109607, -73.9511193, "Spa Ella II"], [42431611, 40.7149277, -74.007932, "Smoke Beer & Lotto"], [1918039880, 40.7251622, -73.9958807, "Rains"], [42473953, 40.7153744, -73.9582409, "Sunnyside"], [42443799, 40.7281239, -73.9902269, "Rainbow Convenience"], [42843338, 40.7691254, -73.9313232, "Carmelos"], [42428227, 40.7467961, -73.9884727, "Beadkraft"], [42435646, 40.7534779, -73.9925251, "shop"], [42849685, 40.771188, -73.9168068, "Staples"], [42433718, 40.7074717, -74.0171151, "Battery Place Market"], [2844853159, 40.7436545, -73.9243034, "Ali NY Convenience II"], [6643455983, 40.7477306, -73.940584, "No Stress Coffee & Pastries"], [103875882, 40.7264956, -74.0402147, "Kids Foot Locker"], [5159433792, 40.7219524, -73.9962656, "yarnz"], [42511927, 40.7026871, -73.9208258, "Haven Cycles"], [1061531527, 40.7746399, -73.9821073, "shop"], [42447166, 40.7858747, -73.9509302, "Food Universe Marketplace"], [42428441, 40.723021, -73.998812, "Sunglasses Hut"], [42436551, 40.778815, -73.9479508, "Eastside Grocery"], [42442913, 40.7441114, -73.9763847, "Lavan Salon"], [5706569898, 40.7184492, -74.0005519, "shop"], [42430673, 40.7608557, -73.9983473, "Sunac Natural Market"], [1506445808, 40.8047876, -73.9661339, "Universal Barber Shop"], [42429900, 40.7397948, -73.9795312, "2nd Ave Grocery & Smoke Shop"], [42428032, 40.7746144, -73.9480825, "Logos Bookstore"], [42431674, 40.7692257, -73.9673032, "Nardos"], [42817377, 40.770791, -73.920787, "Enelra Therapeutic Massage"], [42445232, 40.7697511, -73.9627039, "Gallery 72"], [42440710, 40.7360074, -73.9936325, "Hot Tips Nail"], [4207913309, 40.7554715, -73.9947995, "Julie jentzsch"], [42437384, 40.7767307, -73.9793024, "VINCE."], [42444991, 40.7571536, -73.9935785, "City Gourmet Deli"], [42439964, 40.7541474, -73.988323, "shop"], [5849918502, 40.7440255, -73.9994132, "Bloomie Nails"], [42447281, 40.7967143, -73.9628898, "West Park Deli"], [42429334, 40.7795073, -73.9555832, "Old Navy"], [42856556, 40.7613303, -73.9170942, "Cohen's Fashion Optical"], [42429766, 40.7191062, -73.9897345, "Luggage, Travel And Winter Accessories"], [42432693, 40.7554134, -73.9794895, "NBA Store"], [8840333846, 40.7115277, -74.0104404, "& Other Stories"], [42443009, 40.7681385, -73.9588757, "Level Two BarberShop"], [42440335, 40.7095371, -74.0084241, "Nassau Gift Shop"], [42428444, 40.724235, -73.997785, "The North Face"], [6177439749, 40.760251, -73.9615019, "Beer & Convenience"], [42445603, 40.7169812, -73.9944635, "Bite of Hong Kong"], [42434205, 40.726988, -73.985753, "Tokio 7"], [42445630, 40.7144648, -73.9816369, "Hill Top Grocery"], [42454423, 40.7257774, -74.0009057, "Happy Socks"], [42439406, 40.7752935, -73.9536366, "Crown Wines & Liquors"], [42429980, 40.764057, -73.9647558, "shop"], [42453999, 40.7478756, -73.9754367, "New England Orthotic & Prostetic Systems"], [42432580, 40.7579096, -73.9776624, "K. Minamoto"], [42428303, 40.759438, -73.9851371, "Grand Slam New York"], [42498664, 40.727094, -73.946715, "shop"], [42824101, 40.761706, -73.93158, "shop"], [42436943, 40.7306534, -73.9830644, "Oro"], [42492544, 40.718941, -73.956535, "Jumelle"], [42445936, 40.7603711, -73.9737664, "G/Force"], [42920879, 40.7590637, -73.935066, "242 Deli & Grocery"], [4207788765, 40.7105221, -73.9654805, "shop"], [42429374, 40.736668, -73.997341, "Samson Storage"], [42480062, 40.718636, -73.959009, "Smoochie Baby"], [42451660, 40.7179269, -73.9930731, "Harper's Bread House"], [42824130, 40.7592929, -73.926453, "Bright Wash Laundromat"], [597294547, 40.7445137, -73.9317185, "shop"], [42506321, 40.7172723, -73.9628475, "KCDC"], [42471605, 40.702499, -73.916325, "Calibella Bakery & Piqueteadero"], [42435743, 40.8012375, -73.9576916, "Park View Market"], [42432756, 40.8011081, -73.9651949, "Q Pet's Grooming"], [42446093, 40.787902, -73.9536721, "One Up Bidtro"], [42432302, 40.7216242, -73.9954604, "Concrete Love"], [42440022, 40.765521, -73.980036, "Three Angels"], [42437749, 40.7117851, -73.9997076, "Alpine"], [42442475, 40.7870011, -73.9755093, "QQ Nails & Spa"], [42430237, 40.7336634, -73.9995234, "Shun Fa 68"], [4235734223, 40.7298259, -73.9886967, "Tesolife"], [752196199, 40.7646432, -74.0422403, "Union Deli & Grocery"], [42437074, 40.7190825, -73.9850756, "Flordel Florist"], [42509037, 40.7039335, -73.9347934, "Cleo's Yarn Shop"], [42439561, 40.7710664, -73.9596511, "2nd STREET"], [42821393, 40.7474202, -73.9414362, "Pom's Gourmet Market"], [42432305, 40.723036, -73.994909, "Only Hearts"], [42436484, 40.7704253, -73.9622127, "SHEN NEW YORK"], [42438034, 40.7153613, -73.9977158, "Bayard Market"], [42445617, 40.7155607, -73.9897482, "Macaron Parlour"], [4597668040, 40.7395448, -73.9868997, "Morton Williams"], [42852827, 40.7435796, -73.9584461, "Urban market"], [42454795, 40.7090594, -74.0088957, "Mr. Goods"], [42440951, 40.7616758, -73.9749271, "Omega"], [42444049, 40.753367, -73.974648, "Midtown Comics"], [42436624, 40.7902523, -73.9456376, "Easy Shopping"], [103865986, 40.7412773, -74.029739, "Brooke + Bel"]]}