{"city": "nyc", "centre": [40.7549, -73.984], "nodes": [[42430333, 40.754842, -73.984118], [42437654, 40.7510092, -73.9906121], [4679523598, 40.7336357, -74.0026286], [42434946, 40.7491045, -73.9840705], [4142073861, 40.7258331, -74.0111865], [103872699, 40.757236, -74.049747], [103861407, 40.7136605, -74.0363265], [42443826, 40.7976374, -73.9312818], [42466376, 40.721292, -73.948875], [6176483595, 40.7612397, -73.9639021], [2708237395, 40.7440628, -73.9251476], [5631441442, 40.7712343, -74.0267298], [596775963, 40.7660871, -73.9676144], [595245883, 40.7799016, -73.9867858], [42439170, 40.7369675, -73.9845133], [42476519, 40.7178784, -73.9475898], [42439406, 40.7752935, -73.9536366], [8574143452, 40.7336277, -74.0363318], [4456578359, 40.7084779, -73.9684361], [42475764, 40.706464, -73.960767], [103855254, 40.7930461, -74.0059658], [42445667, 40.7469293, -73.9712165], [42433620, 40.754707, -73.991633], [42535635, 40.7358732, -73.9551909], [371216381, 40.7895887, -73.9374595], [42476648, 40.7211437, -73.9428264], [42476536, 40.7219327, -73.9410334], [42926489, 40.7608095, -73.9391559], [42428072, 40.7843551, -73.9832997], [42495865, 40.719438, -73.940622], [103876620, 40.7894328, -74.0021076], [42428637, 40.7795842, -73.9818317], [2348991703, 40.7693487, -73.9950694], [103864840, 40.7447632, -74.0532859], [42843268, 40.7456135, -73.9461769], [103868206, 40.787171, -74.0293899], [103863737, 40.749179, -74.039962], [42753246, 40.8035651, -73.9197909], [42442937, 40.7498334, -73.9721997], [42520106, 40.705097, -73.930632], [42860580, 40.7428834, -73.9339429], [440243717, 40.7709991, -74.0364816], [42498667, 40.728758, -73.947666], [103855595, 40.7853065, -74.0140534], [42428701, 40.7921405, -73.9737451], [5620955578, 40.7749905, -74.0398155], [42428524, 40.7040707, -74.0132054], [103879228, 40.7845377, -74.014157], [7500756892, 40.7174266, -73.9829775], [4069497851, 40.7728566, -74.0110455], [42431039, 40.7895635, -73.9773679], [103863185, 40.755939, -74.0538988], [103882010, 40.7202472, -74.042851], [13165009158, 40.7300217, -74.0395633], [42456986, 40.7304414, -74.0090905], [103872878, 40.792481, -74.021207], [42828281, 40.7069378, -73.9177411], [7748277756, 40.7654884, -74.019619], [6177439752, 40.7635851, -73.9694394], [42505675, 40.7234043, -73.9340271], [103885033, 40.7807449, -74.019833], [2061592973, 40.7722404, -73.9899959], [42495896, 40.723381, -73.9412807], [5344617803, 40.803571, -74.0105264], [42434074, 40.7553621, -73.9774077], [103865127, 40.7821764, -74.0125086], [42817812, 40.7444903, -73.9146334], [42866632, 40.7700472, -73.9144077], [42439955, 40.7522886, -73.9896878], [8314258579, 40.7387367, -73.9399264], [42777375, 40.8026701, -73.9176135], [42518781, 40.705669, -73.9334], [103137031, 40.8078062, -73.9901033], [276318086, 40.7448287, -73.957904], [42445404, 40.7452501, -73.984794], [596775973, 40.7679632, -73.9662435], [42824101, 40.761706, -73.93158], [42433564, 40.7827163, -73.971237], [103868013, 40.8014864, -74.023319], [42439533, 40.7277329, -74.0013516], [42466383, 40.721474, -73.94698], [103869449, 40.7384089, -74.051989], [103856729, 40.7455918, -74.0261887], [103868024, 40.7997744, -74.020614], [42428201, 40.7413643, -73.9891378], [42810304, 40.7315818, -73.9248355], [42526520, 40.7121634, -73.959057], [42429557, 40.7985815, -73.9731448], [42881130, 40.772109, -73.9305988], [390519635, 40.7375568, -73.984084], [3325564426, 40.7094021, -73.9218981], [42432095, 40.7171547, -73.9870412], [42443027, 40.7733539, -73.9550691], [103876445, 40.804664, -74.0143384], [103878611, 40.737447, -74.0308991], [2721508555, 40.7758499, -74.0120387], [103864614, 40.7375485, -74.0346844], [589099734, 40.7443472, -73.9713203], [2987758902, 40.7206218, -73.944827], [103862592, 40.7828466, -74.0139605], [103886604, 40.750232, -74.033756]]}