{"city": "nyc", "centre": [40.7549, -73.984], "nodes": [[42430333, 40.754842, -73.984118, "DEPOT"], [42445941, 40.7609986, -73.9733102, "Grand Seiko"], [42455357, 40.7393829, -74.0080522, "Belstaff"], [42437618, 40.7256649, -73.9921182, "KYHA Studios"], [42443406, 40.7979207, -73.9638432, "King Columbus Gourmet"], [42433611, 40.7535034, -73.9887981, "Leather Impact"], [42439960, 40.752895, -73.989243, "Saxx made in italy"], [42449685, 40.7476401, -73.9767589, "Linda's"], [42428232, 40.7475458, -73.9883326, "shop"], [103878611, 40.737447, -74.0308991, "Chip City"], [42437074, 40.7190825, -73.9850756, "shop"], [42428003, 40.7655447, -73.9547105, "Charles Hair & Nails Studio"], [42432078, 40.7197245, -73.9827973, "Ridge Mini Market & Deli"], [42436519, 40.7628079, -73.9656659, "Elegant Barber Shop"], [42454994, 40.729373, -73.9839987, "Quick Coin One"], [42467848, 40.711641, -73.943911, "Farmer Deli Grocery"], [5849918504, 40.7579117, -73.9892961, "PRETZEL"], [42443066, 40.7899429, -73.9429284, "CFSC"], [42440452, 40.7591757, -73.9767414, "Lego"], [42445382, 40.7454012, -73.9773346, "European Wax Center"], [42436586, 40.7394995, -73.9826691, "Elegant Cleaners & Tailors"], [42436531, 40.7608639, -73.9610636, "Salon Nouvelle"], [42434142, 40.7286043, -73.9876651, "Reiwatakiya"], [42490298, 40.7037903, -73.9311128, "Chico's Laundromat"], [42435714, 40.7667157, -73.9828727, "shop"], [42445738, 40.7808061, -73.9546344, "Quality Barbers"], [42445236, 40.7690777, -73.9611072, "T-Mobile"], [42430903, 40.728779, -73.9844432, "shop"], [42480066, 40.717835, -73.957725, "Sunac Natural Deli"], [42438953, 40.7883857, -73.9469991, "Emmerson Gourmet Deli"], [42437644, 40.7484537, -73.9845455, "LensCrafters"], [42428428, 40.7186389, -74.0025285, "Canal Furniture"], [103882322, 40.7181799, -74.0437516, "JD Grocery"], [103874283, 40.7399965, -74.0301237, "Aspen Marketplace"], [42442569, 40.8029617, -73.963849, "Amsterdam Dry Cleaners"], [42428220, 40.7445363, -73.9888917, "Jhony USA"], [42520404, 40.7144978, -73.9612775, "Bario Neal"], [42440820, 40.7199234, -74.002596, "Canal Lighting & Parts"], [42514864, 40.711904, -73.949014, "Campbell & Co."], [42452048, 40.7204371, -73.9998645, "Spring Beauty Soho"], [4205751596, 40.8055217, -73.9920345, "AT&T"], [42443052, 40.7829443, -73.9480373, "Nucleus Dispensary"], [42440335, 40.7095371, -74.0084241, "shop"], [42479299, 40.7254246, -73.9457675, "Susan"], [42849669, 40.77436, -73.912858, "Liga Grande 2 Dominican Barber Shop"], [42506174, 40.71808, -73.959606, "Warby Parker"], [42443029, 40.774666, -73.9540995, "Gentlemen's Resale"], [42430253, 40.737361, -73.99684, "Teazzi Tea Shop"], [42435451, 40.7171177, -73.9985901, "Happy Diamond Angel Jewelry"], [42440353, 40.7064117, -74.0045692, "Fellow Barber"], [42861267, 40.7741827, -73.9268545, "FM Laundromat"], [42445896, 40.7458588, -73.9843457, "Harooni Rugs"], [1692433920, 40.7269315, -73.9966626, "No Ho Juice Bar & Deli"], [42431470, 40.7320287, -73.982061, "A's Organic Cleaners"], [4166610434, 40.7290292, -74.0384414, "Cohen's Fashion Optical"], [42437962, 40.717351, -73.9911718, "Zarin Fabrics"], [11496014189, 40.7166082, -73.9958489, "John Paradiso Jewelry"], [42435743, 40.8012375, -73.9576916, "Cathedral Wine & Liquor"], [42437951, 40.7329485, -73.9980019, "Crown Cleaners"], [42437914, 40.7477028, -74.0041638, "Manhattan Mini storage"], [42445976, 40.7679741, -73.9682111, "Blancpain Boutique"], [42439581, 40.7195526, -74.0006214, "Pearl & The Beast"], [4166610432, 40.7250922, -74.0390568, "Kickclusive"], [42467880, 40.715228, -73.9444991, "We See Stars"], [42448317, 40.7628699, -73.969724, "Sherry Lehmann Wine & Spirits"], [42433565, 40.7839166, -73.9740729, "Royal Optical"], [6223969260, 40.7483045, -73.9881935, "Juvenex Spa"], [42449333, 40.7373314, -73.9926537, "Breads Bakery"], [42458313, 40.722723, -73.994153, "Isalis"], [42429661, 40.741056, -73.997862, "Barney's Co-op"], [42421769, 40.7826383, -73.9750067, "Patagonia"], [42443928, 40.7101204, -73.9897857, "Thea Grant"], [42431207, 40.8024899, -73.9567756, "Paws Country Club"], [42453934, 40.7110135, -74.0107773, "Kingdom Of Sweets"], [42436753, 40.7426044, -73.9804162, "Petopia"], [42434946, 40.7491045, -73.9840705, "I love souvenirs"], [1061531527, 40.7746399, -73.9821073, "Gap"], [42430479, 40.7896902, -73.9481549, "Atmi Junior Laundromay"], [42444452, 40.8064189, -73.9422694, "Wild Olive Market"], [42445903, 40.7471011, -73.9834426, "The Compleat Strategist"], [42480109, 40.712756, -73.95681, "The Twisted Spine"], [42844264, 40.7458232, -73.9456423, "DCD Exclusive Video"], [42509193, 40.7232911, -73.9422257, "Pie Corps"], [42880327, 40.7396422, -73.9222527, "Celtic Deli"], [42437949, 40.7322611, -73.9963683, "Eva's Supplements"], [42479273, 40.7232026, -73.9524918, "Motorgrrl"], [42455051, 40.7242664, -73.9848308, "B & H Barbershop"], [42443799, 40.7281239, -73.9902269, "Best Cleaner"], [42432238, 40.7145118, -73.9987971, "Ya Fi Hair Salon"], [42437967, 40.7150484, -73.9923757, "Great Wall Seafood Wholesale"], [42439968, 40.7547554, -73.9878881, "Smoke City"], [42502968, 40.711801, -73.942228, "Bravo"], [42509039, 40.704277, -73.933011, "Zero Waste Daniel"], [42444049, 40.753367, -73.974648, "Barber Shop"], [42429412, 40.7409542, -74.0074898, "AllSaints"], [1061531815, 40.7990701, -73.9684544, "CVS Pharmacy"], [42428678, 40.7890078, -73.976052, "Biscuits & Bath"], [596775941, 40.7623289, -73.9703537, "Stack's Bowers Galleries Rare Coin"], [42436369, 40.728049, -74.0071926, "shop"], [42429890, 40.7414165, -73.9833669, "M&M Gourmet Deli & Grill"], [1692433932, 40.7284251, -73.9996723, "Village Postal Works"]]}