{"city": "nyc", "centre": [40.7549, -73.984], "nodes": [[42430333, 40.754842, -73.984118, "DEPOT"], [103855315, 40.7769445, -74.0255, "Panda Shoes"], [42432161, 40.7214242, -73.9990287, "Harney & Sons"], [103870384, 40.7177, -74.037183, "Whole Foods Market"], [42447060, 40.7659911, -73.9654486, "Amoy"], [42445247, 40.7671313, -73.9564821, "Cheveux Atelier"], [42872008, 40.7501879, -73.9398386, "Plaza Express"], [42453177, 40.723882, -73.982083, "shop"], [42841827, 40.7421295, -73.9274517, "CubeSmart"], [42874072, 40.7631512, -73.9133913, "Luca Convenience"], [42824162, 40.7566896, -73.9208753, "Happy Spa"], [42428032, 40.7746144, -73.9480825, "Logos Bookstore"], [42430314, 40.7517, -73.986399, "Paris Baguette"], [42445620, 40.7160318, -73.9913119, "Wray"], [42443044, 40.7804348, -73.9498809, "Kingbell Dry Clean & Laundry"], [42446066, 40.7840524, -73.956481, "Es\u00e9 Azenabor"], [42443037, 40.7771941, -73.9522399, "Discount Depot"], [42440804, 40.7165497, -73.9969875, "Magic Jewelry"], [42453691, 40.7142285, -73.9948397, "47 Division Street Trading"], [42809915, 40.7138171, -73.920693, "Western Beef"], [13205862062, 40.7316674, -73.9854374, "Minty Nail Salon"], [42444829, 40.7254711, -73.9839534, "East Village Smoke Shop"], [42455200, 40.7278806, -74.0054267, "shop"], [42440335, 40.7095371, -74.0084241, "Eyebrow Zone"], [42440449, 40.7104945, -73.9865861, "CVS Pharmacy"], [42428220, 40.7445363, -73.9888917, "BW Sportswear"], [4235734223, 40.7298259, -73.9886967, "Royal Convenience"], [42444453, 40.8057387, -73.9406432, "African Hair Braiding"], [42428192, 40.7398722, -73.9895636, "LoveSac"], [42432818, 40.7629723, -73.9739744, "Chopard"], [42817456, 40.7755481, -73.9145478, "Immagine"], [42445413, 40.7432153, -73.9799692, "Craft + Carry"], [42450030, 40.7794971, -73.9534887, "Barnes & Noble"], [42455695, 40.7658671, -73.9573999, "Lily Cleaners & Laundry Servide"], [42429641, 40.7164855, -73.9928237, "Zoomo"], [42442276, 40.7245552, -74.0019395, "Grand Seiko"], [42818573, 40.7535014, -73.9379572, "Jamamu Grocery"], [42445916, 40.7528125, -73.9792873, "Electronics"], [1692433914, 40.7258473, -73.9944754, "Peachy"], [42453934, 40.7110135, -74.0107773, "Kingdom Of Sweets"], [4443775464, 40.7496742, -73.9952961, "shop"], [42429644, 40.7185836, -73.9917491, "Efficient Computer Technology"], [103878616, 40.7384224, -74.0363796, "Lee's Dry Cleaners"], [42456211, 40.7312848, -73.9940524, "Wanpo Tea Shop"], [4477147270, 40.7159115, -73.9950346, "East West Bus"], [42430279, 40.745421, -73.990968, "Wine & Liquior"], [42432250, 40.7178782, -73.9971031, "179 Hester Laundromat"], [42439403, 40.776235, -73.9558695, "7-Eleven"], [42450035, 40.7820144, -73.9516502, "Happy 3rd Avenue Grocery"], [42506174, 40.71808, -73.959606, "Lululemon"], [42874059, 40.765029, -73.9173999, "Dave & Tony's Salumeria"], [42440951, 40.7616758, -73.9749271, "Omega"], [42446013, 40.7743793, -73.9635603, "Mykita"], [42437951, 40.7329485, -73.9980019, "Stellar Nail & Spa"], [3099326120, 40.8078108, -73.9455708, "Victoria's Secret"], [42432580, 40.7579096, -73.9776624, "shop"], [593886226, 40.7483194, -73.9707085, "Conrad's Bike Shop"], [42437890, 40.7441065, -73.9956382, "Hair Crafters Barber Shop"], [103884953, 40.742199, -74.0294565, "shop"], [42450061, 40.7934995, -73.9432689, "Anne Mary's Place"], [42428441, 40.723021, -73.998812, "Cotton On"], [42496367, 40.707017, -73.9386984, "Industrial Electric Supply"], [42480066, 40.717835, -73.957725, "Chocolate World"], [42435663, 40.7572335, -73.9897914, "Target"], [486867513, 40.7184824, -73.9882439, "Viva Fruits & Vegetables"], [42434354, 40.7352981, -73.9878233, "John's Shoe Repair"], [42437917, 40.7985681, -73.9633705, "La Rubia De Columbus Barber Shop"], [42431802, 40.7333991, -74.0042514, "London Fetish"], [42439498, 40.7973103, -73.9344558, "Best Auto Sound"], [42449938, 40.7482498, -73.9763154, "D'Agostino"], [42516607, 40.7271105, -73.9526928, "Pee Wee's"], [42432075, 40.7202373, -73.9844697, "20 Clinton Ink"], [42428408, 40.7157586, -74.0049777, "7-Eleven"], [2969267798, 40.7505312, -73.9406478, "Awesome Smoke"], [42502968, 40.711801, -73.942228, "Top Foot Spa"], [103861477, 40.7323315, -74.0443771, "14th Street Garden Center"], [42874058, 40.7657719, -73.9189932, "The One Hair Salon"], [42513628, 40.712666, -73.941041, "Laundromat"], [42467848, 40.711641, -73.943911, "Farmer Deli Grocery"], [42428610, 40.7771434, -73.9822172, "Just Food For Dogs"], [42452973, 40.7497277, -73.9836173, "Gail labelle"], [42844264, 40.7458232, -73.9456423, "Jackson Gourmet Deli"], [42509039, 40.704277, -73.933011, "Beacon's Closet"], [42438953, 40.7883857, -73.9469991, "Laundry Time"], [103870281, 40.7380858, -74.0345149, "Chill"], [2302133933, 40.7408008, -73.9838155, "Convenience & Juicebar"], [3099327957, 40.8052502, -73.9474392, "121 Lenox Gourmet Deli"], [42440287, 40.7102231, -74.0077439, "shop"], [42506544, 40.7019598, -73.923879, "shop"], [42866362, 40.7451604, -73.9335163, "Versailles Furniture Corp."], [42442555, 40.7972412, -73.9680189, "Javi's Bike Shop"], [42438973, 40.786438, -73.942395, "shop"], [42432178, 40.7201804, -73.9960274, "Kida NYC"], [42436935, 40.7345291, -73.9922554, "Villagecopier"], [42428637, 40.7795842, -73.9818317, "Sephora"], [42436549, 40.7798089, -73.9503368, "Kamila's Skin Care"], [42436753, 40.7426044, -73.9804162, "Petopia"], [42430274, 40.744186, -73.991871, "Barkhouse"], [42445018, 40.7609866, -73.990767, "3 Aces Barber Shop"], [42454196, 40.7775516, -73.948881, "Doggy Stylez"], [42430485, 40.7880579, -73.9443285, "Spafiesta Citi"]]}