{"city": "paris", "centre": [48.8566, 2.3522], "nodes": [[25554705, 48.8572829, 2.3523538, "DEPOT"], [175048261, 48.8589615, 2.3557294, "I-Run"], [27233870, 48.8880826, 2.3023016, "Franprix"], [25253725, 48.8550133, 2.3245711, "Les Drogueries d'Aujourd'hui"], [11563663280, 48.871714, 2.341604, "Gr\u00e9vin La Boutique"], [25183590, 48.8542008, 2.3388939, "Anatolie Kilim"], [209141078, 48.898806, 2.3762704, "Boulanger"], [34816712, 48.8665588, 2.2801115, "Les Petites..."], [25190627, 48.8585208, 2.3296971, "Bernard Franco"], [25009257, 48.8515233, 2.3787828, "Les Artistes de nature"], [21292974, 48.879266, 2.2915456, "Rudy's"], [123482365, 48.8695739, 2.3799936, "La Couronne d'or"], [36593255, 48.8405618, 2.3301216, "Ospad"], [84888248, 48.89828, 2.2943374, "Tabac de la gare"], [24969685, 48.8506863, 2.3348329, "Alexandre"], [25207313, 48.8714816, 2.3430679, "Kiosque"], [24959159, 48.8489755, 2.3287367, "Unisa"], [693515561, 48.8563185, 2.3566154, "Noriem"], [5005441389, 48.8825278, 2.3669277, "Vall\u00e9e de Vi\u00f1ales"], [94216677, 48.8802554, 2.3353247, "Causses"], [36592749, 48.8413578, 2.3312631, "Chris Gressier"], [258573050, 48.8929134, 2.3729535, "shop"], [24972325, 48.8499057, 2.3384249, "Rosebud"], [786142279, 48.8520856, 2.329883, "Gaby LF"], [442207, 48.8354165, 2.2810656, "Mobility Urban"], [6358746334, 48.8524838, 2.3358984, "On"], [123713357, 48.8236767, 2.3618793, "Objets d'art Souvenirs"], [34674622, 48.8616422, 2.3773387, "Tordjman"], [248907284, 48.814935, 2.3488901, "Albax carrosserie"], [26401083, 48.8583304, 2.3638327, "Open dressing"], [602572739, 48.8667502, 2.3522603, "P\u00f6me"], [1234055342, 48.8821763, 2.3336575, "Massage"], [2294650366, 48.9036925, 2.376616, "Chaussea"], [382079, 48.8520819, 2.3558589, "La Chocolaterie Art Gallery"], [368084, 48.8357065, 2.3861104, "Franck Provost"], [168357786, 48.8218222, 2.3633358, "Kampoul Pich"], [34818327, 48.8612767, 2.2842303, "Franprix"], [248780509, 48.8915097, 2.4165979, "Tabac de l'Avenir"], [8809436, 48.8362374, 2.3946479, "La Signature"], [94141000, 48.8601353, 2.3645557, "Brigitte Mulholland"], [6349517790, 48.8469032, 2.3168275, "Yomi Beauty"], [11026355366, 48.8579544, 2.2775222, "G\u00e9rard Darel"], [54778001, 48.8894785, 2.349592, "shop"], [21967765, 48.8636995, 2.348197, "Les jardins de Nana"], [6349517797, 48.8466204, 2.3170255, "Can-Am"], [25095624, 48.852176, 2.3462784, "Paris gifts souvenirs"], [14950169, 48.8464578, 2.3789541, "shop"], [94170853, 48.8773422, 2.3446543, "Studio Photoman"], [96135611, 48.8733708, 2.3909322, "Bruna Lola"], [243896637, 48.8480587, 2.4229618, "Coedere"], [140146106, 48.8413825, 2.2809533, "Bazar Saint-Charles"], [390306, 48.8462793, 2.3774063, "shop"], [25184031, 48.8553645, 2.3398701, "Oona"], [3557801652, 48.8138888, 2.4261703, "F & H Beaut\u00e9"], [25273482, 48.8683825, 2.3232682, "Poiray"], [244571708, 48.8397599, 2.4043743, "shop"], [142634951, 48.8388026, 2.2901539, "Franprix"], [159966762, 48.8469683, 2.2943422, "Leroy Merlin"], [169314963, 48.8747071, 2.3608203, "shop"], [34818611, 48.8563585, 2.279754, "Lis Photo"], [123255468, 48.8811111, 2.3651516, "\u00c0 la Caverne de Fakri Baba"], [344584661, 48.8028029, 2.4285039, "Franprix"], [6295784157, 48.9046198, 2.3208709, "Tesla"], [164348046, 48.8223866, 2.314187, "Naturalia"], [94182914, 48.8841431, 2.3615417, "Cycles Jean"], [1759468562, 48.8251537, 2.3607198, "Kawa"], [6102497607, 48.8701509, 2.3427202, "Folle-effet"], [116139382, 48.8349499, 2.2961151, "shop"], [469127573, 48.8665385, 2.3723047, "Yume Store"], [360937, 48.825757, 2.3465869, "BEN Coiffure"], [621239293, 48.8583808, 2.3800503, "\u00c9pices & Saveurs"], [26401984, 48.8618954, 2.3569134, "Galleria Continua"], [178762171, 48.8206168, 2.284856, "Franprix"], [25256261, 48.8445656, 2.3245446, "Levi's"], [411256174, 48.8616653, 2.3479258, "shop"], [11070301702, 48.8619861, 2.3501758, "Welcome to Paris"], [15435230, 48.8297754, 2.3570818, "Delta Electronic"], [94216327, 48.8793032, 2.334793, "Plus de Bruit Records"], [1841311666, 48.8588062, 2.3474363, "Yves Rocher"], [94266440, 48.8498987, 2.3011175, "LK P\u00e2tisserie"], [25581148, 48.865823, 2.3408664, "Malouini\u00e8res"], [36483071, 48.8347196, 2.3051755, "SM Informatique"], [12046529092, 48.8555049, 2.3339395, "Granado"], [36476885, 48.8350992, 2.3203191, "La Petite Alsacienne"], [246286552, 48.892308, 2.3791234, "Secret Bail Beauty Bar"], [94113305, 48.8842676, 2.364636, "Escale Voyage"], [7572331128, 48.8718305, 2.3391706, "Passages des Princes"], [178726003, 48.8180832, 2.301957, "Mademoiselle carrelage"], [27323564, 48.8889409, 2.3179476, "Fleur Nail"], [130099806, 48.8557065, 2.3787055, "Cordonnerie Basfroi"], [26401666, 48.8538627, 2.3620458, "Objets Trouv\u00e9s"], [268400765, 48.8138187, 2.3072343, "Aux D\u00e9lices du Bl\u00e9 d'Or"], [25272946, 48.8688829, 2.3354907, "Bookoff  Quatre Septembre"], [367934, 48.875888, 2.3398698, "Copy-Top"], [116114649, 48.8370855, 2.3106522, "shop"], [25253835, 48.8531796, 2.327141, "Alexandra Golovanoff"], [3126257798, 48.8119423, 2.294444, "Vaysse Pneus"], [243635110, 48.8656609, 2.3773308, "Made by Moi"], [21658511, 48.8285314, 2.3527989, "Coiffeur Homme Nour"], [94140737, 48.864674, 2.3657985, "Coiffure Hommes"], [54781287, 48.8896054, 2.3495942, "Easy micro informatique"]]}