{"city": "paris", "centre": [48.8566, 2.3522], "nodes": [[25554705, 48.8572829, 2.3523538, "DEPOT"], [96151437, 48.8764327, 2.3721293, "E.Leclerc"], [25256381, 48.8435717, 2.3279735, "Les Montparnos"], [24912956, 48.8278109, 2.3325321, "Ongles de F\u00e9es"], [94142442, 48.873226, 2.3641902, "shop"], [25095582, 48.8907149, 2.3766683, "Chez Meunier"], [243896248, 48.8453042, 2.430641, "Franprix"], [929193030, 48.8295813, 2.3298857, "Rise Of Gunpla"], [36474702, 48.8341265, 2.3291426, "Lissac l'opticien"], [13150293741, 48.8733947, 2.3268759, "Guerlain"], [64622173, 48.8268672, 2.3138134, "Wat & Sens"], [130099806, 48.8557065, 2.3787055, "Tropicalement V\u00f4tre"], [5963745612, 48.8974327, 2.3231454, "shop"], [94169980, 48.8765541, 2.3413019, "Bis Boutique Solidaire"], [676728040, 48.8568509, 2.34181, "Napa"], [34816455, 48.8650712, 2.2865054, "shop"], [5005441389, 48.8825278, 2.3669277, "Global Multi Service"], [132765476, 48.8253648, 2.2925894, "Cordonnerie du Plateau"], [25033996, 48.8391479, 2.3509804, "Corep"], [60913097, 48.8526451, 2.4078271, "La Ferme D'Afrique"], [1898575770, 48.811535, 2.270943, "Votre opticienne"], [1961531244, 48.8765022, 2.2945733, "shop"], [25033343, 48.8431564, 2.3426118, "Histoire Perle"], [202816861, 48.869183, 2.3477774, "Line Up"], [94184172, 48.8842858, 2.3615176, "Ajwadh"], [164132298, 48.8563955, 2.3253757, "Kartell"], [13100452341, 48.8638047, 2.3822735, "Paribar"], [256589459, 48.8679492, 2.362358, "Parfums & Paris"], [2399756572, 48.8918864, 2.3165752, "parc market"], [24910805, 48.8936311, 2.3363575, "Liberty's optique"], [21967765, 48.8636995, 2.348197, "Capsule"], [855296685, 48.8135007, 2.376364, "Le March\u00e9 d'\u00e0 c\u00f4t\u00e9"], [26400956, 48.8576782, 2.3607458, "From Future"], [25253835, 48.8531796, 2.327141, "Fauve"], [8714149232, 48.8644389, 2.3515433, "Audition Conseil"], [270912885, 48.8034142, 2.3829031, "Mia Hair Beauty"], [260567880, 48.8773858, 2.3148868, "march\u00e9 de l'Europe"], [94266440, 48.8498987, 2.3011175, "LK P\u00e2tisserie"], [94206274, 48.8823973, 2.3496702, "Mariage & Events"], [529021121, 48.8104014, 2.3294462, "Armand Thiery"], [116141941, 48.8337803, 2.2978434, "Pompona"], [268401639, 48.8110566, 2.3150017, "La Paranth\u00e8se Suspendue"], [251851370, 48.8770876, 2.3322283, "Smart Store"], [13452859254, 48.8664388, 2.360296, "shop"], [5568703546, 48.8982075, 2.3253745, "Lavin Exotique"], [470150, 48.8518682, 2.3286248, "Pablo"], [333783779, 48.8930883, 2.4241393, "shop"], [96153935, 48.8718194, 2.3983451, "shop"], [96134192, 48.8716662, 2.3922824, "Bio C' Bon"], [361050, 48.8466037, 2.3516349, "L'Amie Prodigieuse"], [94226435, 48.8849659, 2.3404739, "R\u00e9sidence Secondaire."], [94153953, 48.8733922, 2.3825972, "Throwback Sneakers"], [693550591, 48.8580771, 2.3496749, "Maison Marnay"], [3121926075, 48.8478407, 2.3013655, "Annshy Beauty"], [32560728, 48.8734934, 2.309147, "Jadis et Nagu\u00e8re"], [988600446, 48.9025375, 2.390764, "Afrique Moderne"], [382026, 48.8284757, 2.3729331, "Votre March\u00e9"], [169279414, 48.8226417, 2.327953, "Basicycle"], [139226277, 48.8448262, 2.2939978, "Jean Louis David"], [268130293, 48.8927504, 2.291872, "Cil'Ongle"], [27362236, 48.8795267, 2.2771647, "Sala\u00fcn Voyages"], [5952092109, 48.8298712, 2.3458435, "Le G\u00e9ant des Beaux-Arts"], [3609100822, 48.816263, 2.3058899, "Alimentation G\u00e9n\u00e9rale"], [202809157, 48.89331, 2.3596361, "shop"], [693515561, 48.8563185, 2.3566154, "Les Stocks du Marais"], [24972376, 48.8518134, 2.3398684, "Vigot Maloine"], [25183693, 48.8552786, 2.3377567, "Espace 4"], [280938176, 48.8657184, 2.2760138, "Carrefour Market"], [27415813, 48.8739198, 2.3158959, "Boulangerie Serana"], [26401021, 48.8600687, 2.3568876, "Thelma"], [63165328, 48.8288081, 2.3203628, "Om Tibet Spa"], [14950172, 48.8411563, 2.3873751, "Vinu Market"], [3126257798, 48.8119423, 2.294444, "shop"], [94219783, 48.876175, 2.3353568, "Ch\u00e2teaudun Reprographie"], [24959159, 48.8489755, 2.3287367, "Mobalpa"], [213166708, 48.8722546, 2.3540348, "Julh\u00e8s Paris"], [260744874, 48.8511812, 2.3329374, "Jimmy Fairly"], [65306439, 48.8507199, 2.3116435, "F\u00e8ve"], [411317259, 48.846911, 2.3871423, "Espace Tabac"], [94253261, 48.8876367, 2.3529991, "Guin\u00e9e Store"], [1837044454, 48.8349207, 2.3479717, "Serrurerie La Clef \u00e0 Tr\u00e8fle"], [25034620, 48.8561907, 2.3828195, "InOuie Audition"], [10741105911, 48.867349, 2.347326, "Bobby"], [256586412, 48.8667802, 2.3739412, "La Bottega del Coiffeur"], [153508229, 48.8443316, 2.3724474, "Agence Transilien"], [94181022, 48.8782438, 2.3543067, "Shop 110"], [27234737, 48.8848876, 2.3154852, "SOTHYS \u2013 Un autre monde"], [1759758109, 48.8459633, 2.2987254, "Proxi"], [25581700, 48.866764, 2.3438436, "Jonas et Cie (Jean-Claude et Laurent Touboul)"], [176950353, 48.8919282, 2.3261777, "Mac Power"], [100287884, 48.8236356, 2.3532356, "\u00c9ric et Marie-No\u00eblle"], [21658878, 48.8303532, 2.3545654, "Andr\u00e9"], [84791152, 48.8648859, 2.4158661, "Yves Rocher"], [123526863, 48.8451557, 2.402328, "Les Teinturiers du bonheur"], [94269206, 48.8481064, 2.290132, "Franprix"], [168358483, 48.8222051, 2.3585181, "Vapostore"], [36427061, 48.8176949, 2.3191031, "Bonobo"], [34909807, 48.8233042, 2.3243729, "Avenir Monde"], [1432145227, 48.8465753, 2.4002473, "Le Vestiaire de Zo\u00e9"], [94216678, 48.8809098, 2.3357285, "Ines Becker"], [94156558, 48.874164, 2.3552614, "Tabac Icalao"]]}