{"city": "paris", "centre": [48.8566, 2.3522], "nodes": [[25554705, 48.8572829, 2.3523538, "DEPOT"], [94270166, 48.846611, 2.2996613, "Pinoy services"], [148947791, 48.8298616, 2.2958708, "Renault - Lefebvre Essence"], [32560681, 48.8742061, 2.3074361, "Les Cadres Gault"], [1961531244, 48.8765022, 2.2945733, "Natur House"], [116126781, 48.8367488, 2.2995386, "Convention Manucure"], [25253728, 48.8569724, 2.3245982, "Saba"], [346316778, 48.8839033, 2.403457, "shop"], [27415756, 48.8755725, 2.3265939, "Morgan"], [34818849, 48.8562806, 2.2717309, "Scavolini Store"], [301378054, 48.8134884, 2.3612359, "JN"], [24972373, 48.8509698, 2.3395226, "Flo de Paris"], [13149171027, 48.8461972, 2.4205685, "Carrefour City"], [25095600, 48.8531692, 2.3431937, "Tabac Saint-Michel"], [65278930, 48.850907, 2.3777953, "Etam"], [27323850, 48.8834781, 2.3233118, "shop"], [27235711, 48.8802634, 2.2924592, "Les Saveurs de Pierre Demours"], [201988034, 48.8898349, 2.3759602, "Picard"], [25033634, 48.8397983, 2.3472111, "Carrefour Express"], [94211772, 48.8787586, 2.3453181, "Camille et Margaux"], [8714149232, 48.8644389, 2.3515433, "shop"], [10240311990, 48.8047625, 2.2930942, "Lidl"], [259961346, 48.8524404, 2.4061369, "Bruno Romain"], [1756949012, 48.8556694, 2.3367144, "Olivier Castellano"], [469246430, 48.9084397, 2.358604, "Entrep\u00f4t Ch\u00e2teau Cash and Carry"], [14950171, 48.8389984, 2.3892503, "shop"], [398745, 48.8638647, 2.3490334, "Dear"], [470146, 48.8582658, 2.3332665, "Kevorkian"], [26401696, 48.855095, 2.3616767, "shop"], [1215375505, 48.8269454, 2.2792294, "\u00c9vasion Beaut\u00e9"], [25671162, 48.8549364, 2.3535287, "Librairie du Compagnonage"], [249489299, 48.9025163, 2.300589, "Wash'n dry"], [60912853, 48.8513376, 2.3985298, "I Fix Phone"], [21658061, 48.8274318, 2.3568841, "Retoucherie"], [26401983, 48.8625974, 2.3597986, "\u00c9tat Libre d\u2019Orange"], [36474702, 48.8341265, 2.3291426, "Mint & Lilies"], [206239429, 48.9060416, 2.2865342, "L'institut rose des sables"], [411256174, 48.8616653, 2.3479258, "Biotech USA"], [24909866, 48.8471481, 2.4062327, "Boulangerie Feu de Bois"], [691194134, 48.8653522, 2.3273072, "Jovoy"], [510438311, 48.8692412, 2.3623739, "Rapide Informatique"], [265062772, 48.9058147, 2.3317569, "M'y key"], [117093293, 48.8469268, 2.3738607, "En-t\u00eate"], [94165147, 48.8771681, 2.3489568, "D&M Outlet"], [1675158635, 48.883187, 2.3498674, "Le Royaume du Mariage"], [5239603982, 48.9011048, 2.3894769, "Magenta Telecom"], [199631876, 48.8457592, 2.4031459, "Picard"], [94163101, 48.8780443, 2.3564586, "BD FR"], [34096774, 48.8590336, 2.381275, "Le Point de Wu"], [34816711, 48.8659854, 2.2818251, "Monoprix"], [1835212552, 48.8225058, 2.3467958, "Maison de la Presse"], [367937, 48.8792848, 2.3570708, "Espace Fleurs"], [94143087, 48.8702331, 2.3600501, "Mamamushi"], [178764278, 48.8723623, 2.3248871, "Fleur De Soleil"], [25256077, 48.8460873, 2.3236565, "La P\u00e2tisserie Br\u00e9"], [477019228, 48.838654, 2.3895741, "Top Nail"], [243889555, 48.8141978, 2.4210537, "Destock' Marques"], [30769755, 48.8253257, 2.2729197, "TUI"], [94239462, 48.8883555, 2.3495847, "shop"], [26402088, 48.8633732, 2.3582451, "Eclat"], [94160057, 48.8760101, 2.3445182, "Victor Coiffure"], [25581141, 48.8663367, 2.3386677, "Le Mille P\u00e2tes"], [26401414, 48.8595214, 2.3540804, "Bellerose"], [27234943, 48.8801268, 2.3199358, "Au Rucher"], [25255855, 48.850432, 2.3246062, "Bottega Veneta"], [6900473051, 48.856764, 2.2936754, "shop"], [26551737, 48.8847847, 2.381267, "Huguet Primeur"], [7572331128, 48.8718305, 2.3391706, "Passages des Princes"], [32560682, 48.8750189, 2.3086667, "shop"], [573458028, 48.8548148, 2.3687336, "Royal Enfield"], [110517369, 48.8380585, 2.2946011, "Gifi"], [25624001, 48.8708164, 2.2880361, "St\u00e9phane Bianca"], [4359357354, 48.8398948, 2.3945329, "Spa Bleu Tha\u00ef"], [27323679, 48.888615, 2.3236273, "Emy's Beauty Nail"], [3835398803, 48.8899118, 2.3192595, "Retoucherie Izmi"], [11070301702, 48.8619861, 2.3501758, "Jonak"], [621297464, 48.8861678, 2.3829012, "Paris Media Com"], [431394373, 48.8642128, 2.3711835, "Reflets d'antan"], [25032702, 48.8507241, 2.378518, "E kla"], [206091857, 48.8523153, 2.3412746, "Bexley"], [273692324, 48.8896067, 2.3262465, "Boulangerie - P\u00e2tisserie M\u00e9ri"], [178879594, 48.8915178, 2.3364918, "Cordonnerie serrurerie"], [175042209, 48.8659249, 2.3580911, "Perles lux"], [116114647, 48.8385019, 2.3115134, "Hairbyr"], [36468981, 48.8417897, 2.314492, "MaLiterie.com"], [54775311, 48.8915703, 2.3496036, "Guerrisol"], [242686687, 48.8532554, 2.3308752, "Tolatoli"], [281722287, 48.8815627, 2.3021525, "Panisse"], [332469884, 48.8621465, 2.399506, "Naturalia"], [9813091880, 48.8258645, 2.4059216, "Auchan Supermarch\u00e9"], [175045017, 48.8652296, 2.3571175, "Euro Silver"], [29604238, 48.8721849, 2.32987, "Outlet Store"], [24959061, 48.8502695, 2.3317968, "H\u00e9donie"], [94181730, 48.8828527, 2.3590344, "Asian Sari Centre"], [65280686, 48.8493959, 2.3776276, "Les chocolats d'Aligre"], [34818611, 48.8563585, 2.279754, "Parashop"], [140139447, 48.8439552, 2.2923075, "Selectour"], [27286712, 48.8758928, 2.2965695, "Nina Thai"], [138262786, 48.8393895, 2.3008585, "Krys"], [25033934, 48.8416321, 2.3515929, "Beauty R'Lab"], [94109380, 48.8837865, 2.3642975, "Taxi Phone"]]}