plan_a,seed_a,split_a,plan_b,seed_b,split_b,K,distance_a,distance_b,relative_cost_gap,delta_frac,recovery_rate_a,recovery_rate_b,abs_recovery_gap,absorbed_customer_frac_a,absorbed_customer_frac_b,abs_absorbed_customer_gap,absorbed_workload_frac_a,absorbed_workload_frac_b,abs_absorbed_workload_gap
0,0,0,3,1,0,6,1371997.0,1368718.0,0.0023956724467713584,0.05,0.0,0.0,0.0,0.08201659451659452,0.1139234539969834,0.03190685948038889,0.07485322693252681,0.07376865760450486,0.0010845693280219504
0,0,0,3,1,0,6,1371997.0,1368718.0,0.0023956724467713584,0.1,0.0,0.0,0.0,0.1905844155844156,0.2651951806363571,0.0746107650519415,0.1552103133957661,0.18309362036490695,0.027883306969140847
0,0,0,3,1,0,6,1371997.0,1368718.0,0.0023956724467713584,0.2,0.0,0.0,0.0,0.31986991766403533,0.3490537240537241,0.02918380638968876,0.23950893521034156,0.2822643443671988,0.04275540915685727
0,0,0,3,1,0,6,1371997.0,1368718.0,0.0023956724467713584,0.4,0.0,0.0,0.0,0.46299974535268656,0.503808895353013,0.04080915000032642,0.36522485747150757,0.38195490111634417,0.0167300436448366
0,0,0,6,2,0,6,1371997.0,1349536.0,0.016643498209755057,0.05,0.0,0.0,0.0,0.08201659451659452,0.12212301587301588,0.04010642135642137,0.07485322693252681,0.10935979196414848,0.03450656503162167
0,0,0,6,2,0,6,1371997.0,1349536.0,0.016643498209755057,0.1,0.0,0.0,0.0,0.1905844155844156,0.2099031279178338,0.019318712333418198,0.1552103133957661,0.17207030323028757,0.01685998983452147
0,0,0,6,2,0,6,1371997.0,1349536.0,0.016643498209755057,0.2,0.0,0.0,0.0,0.31986991766403533,0.359733893557423,0.03986397589338769,0.23950893521034156,0.32487637721451984,0.08536744200417828
0,0,0,6,2,0,6,1371997.0,1349536.0,0.016643498209755057,0.4,0.0,0.0,0.0,0.46299974535268656,0.4899568160597572,0.02695707070707065,0.36522485747150757,0.3904976128609135,0.025272755389405932
0,0,0,9,3,0,6,1371997.0,1369975.0,0.001475939341958795,0.05,0.0,0.0,0.0,0.08201659451659452,0.12855392156862744,0.04653732705203292,0.07485322693252681,0.10208212792454922,0.02722890099202241
0,0,0,9,3,0,6,1371997.0,1369975.0,0.001475939341958795,0.1,0.0,0.0,0.0,0.1905844155844156,0.21157212885154061,0.020987713267125008,0.1552103133957661,0.18263384004541092,0.027423526649644814
0,0,0,9,3,0,6,1371997.0,1369975.0,0.001475939341958795,0.2,0.0,0.0,0.0,0.31986991766403533,0.32266573295985057,0.0027958152958152405,0.23950893521034156,0.25736857530403384,0.017859640093692286
0,0,0,9,3,0,6,1371997.0,1369975.0,0.001475939341958795,0.4,0.0,0.0,0.0,0.46299974535268656,0.4672385620915032,0.004238816738816653,0.36522485747150757,0.33824819991905136,0.026976657552456207
0,0,0,12,4,0,6,1371997.0,1367047.0,0.00362094353742044,0.05,0.0,0.0,0.0,0.08201659451659452,0.10227272727272728,0.020256132756132764,0.07485322693252681,0.06865721764369756,0.0061960092888292545
0,0,0,12,4,0,6,1371997.0,1367047.0,0.00362094353742044,0.1,0.0,0.0,0.0,0.1905844155844156,0.17476851851851852,0.01581589706589709,0.1552103133957661,0.1022079563072082,0.0530023570885579
0,0,0,12,4,0,6,1371997.0,1367047.0,0.00362094353742044,0.2,0.0,0.0,0.0,0.31986991766403533,0.3033150128738364,0.016554904790198943,0.23950893521034156,0.2114882695716845,0.028020665638657044
0,0,0,12,4,0,6,1371997.0,1367047.0,0.00362094353742044,0.4,0.0,0.0,0.0,0.46299974535268656,0.42380917013269953,0.039190575219987034,0.36522485747150757,0.3193168200218914,0.04590803744961619
0,0,0,15,5,0,6,1371997.0,1367936.0,0.002968706138298868,0.05,0.0,0.0,0.0,0.08201659451659452,0.10399304857509191,0.021976454058497394,0.07485322693252681,0.0753579144479183,0.0005046875153914832
0,0,0,15,5,0,6,1371997.0,1367936.0,0.002968706138298868,0.1,0.0,0.0,0.0,0.1905844155844156,0.1400595964063456,0.05052481917807,0.1552103133957661,0.08809429234672261,0.06711602104904349
0,0,0,15,5,0,6,1371997.0,1367936.0,0.002968706138298868,0.2,0.0,0.0,0.0,0.31986991766403533,0.2410973958961575,0.07877252176787783,0.23950893521034156,0.14274898824645035,0.0967599469638912
0,0,0,15,5,0,6,1371997.0,1367936.0,0.002968706138298868,0.4,0.0,0.0,0.0,0.46299974535268656,0.4252931794727461,0.03770656587994048,0.36522485747150757,0.30910914118055394,0.05611571629095363
0,0,0,18,6,0,6,1371997.0,1371804.0,0.00014069065260051728,0.05,0.0,0.0,0.0,0.08201659451659452,0.09454365079365079,0.012527056277056275,0.07485322693252681,0.07873589567391169,0.003882668741384876
0,0,0,18,6,0,6,1371997.0,1371804.0,0.00014069065260051728,0.1,0.0,0.0,0.0,0.1905844155844156,0.20291305916305916,0.01232864357864355,0.1552103133957661,0.1665100080918799,0.011299694696113805
0,0,0,18,6,0,6,1371997.0,1371804.0,0.00014069065260051728,0.2,0.0,0.0,0.0,0.31986991766403533,0.270211038961039,0.049658878702996345,0.23950893521034156,0.24545514111370995,0.00594620590336839
0,0,0,18,6,0,6,1371997.0,1371804.0,0.00014069065260051728,0.4,0.0,0.0,0.0,0.46299974535268656,0.4237614237614238,0.03923832159126278,0.36522485747150757,0.3403583669093661,0.024866490562141463
0,0,0,21,7,0,6,1371997.0,1375231.0,0.0023571480112565845,0.05,0.0,0.0,0.0,0.08201659451659452,0.0772642390289449,0.004752355487649615,0.07485322693252681,0.07265701046607322,0.002196216466453599
0,0,0,21,7,0,6,1371997.0,1375231.0,0.0023571480112565845,0.1,0.0,0.0,0.0,0.1905844155844156,0.12068160597572364,0.06990280960869197,0.1552103133957661,0.12886347776078688,0.02634683563497922
0,0,0,21,7,0,6,1371997.0,1375231.0,0.0023571480112565845,0.2,0.0,0.0,0.0,0.31986991766403533,0.26050420168067223,0.0593657159833631,0.23950893521034156,0.23634590118152907,0.003163034028812489
0,0,0,21,7,0,6,1371997.0,1375231.0,0.0023571480112565845,0.4,0.0,0.0,0.0,0.46299974535268656,0.42787114845938373,0.03512859689330283,0.36522485747150757,0.317902760242065,0.04732209722944258
0,0,0,24,8,0,6,1371997.0,1383049.0,0.008055411199878716,0.05,0.0,0.0,0.0,0.08201659451659452,0.12500862663906143,0.04299203212246691,0.07485322693252681,0.10402965699878153,0.029176430066254713
0,0,0,24,8,0,6,1371997.0,1383049.0,0.008055411199878716,0.1,0.0,0.0,0.0,0.1905844155844156,0.19674344375431332,0.006159028169897718,0.1552103133957661,0.183797944069681,0.0285876306739149
0,0,0,24,8,0,6,1371997.0,1383049.0,0.008055411199878716,0.2,0.0,0.0,0.0,0.31986991766403533,0.33211190273210733,0.012241985068072003,0.23950893521034156,0.292290815913867,0.05278188070352546
0,0,0,24,8,0,6,1371997.0,1383049.0,0.008055411199878716,0.4,0.0,0.0,0.0,0.46299974535268656,0.4639261864165956,0.0009264410639090448,0.36522485747150757,0.3735914096600797,0.00836655218857213
0,0,0,27,9,0,6,1371997.0,1371804.0,0.00014069065260051728,0.05,0.0,0.0,0.0,0.08201659451659452,0.09454365079365079,0.012527056277056275,0.07485322693252681,0.07873589567391169,0.003882668741384876
0,0,0,27,9,0,6,1371997.0,1371804.0,0.00014069065260051728,0.1,0.0,0.0,0.0,0.1905844155844156,0.20291305916305916,0.01232864357864355,0.1552103133957661,0.1665100080918799,0.011299694696113805
0,0,0,27,9,0,6,1371997.0,1371804.0,0.00014069065260051728,0.2,0.0,0.0,0.0,0.31986991766403533,0.270211038961039,0.049658878702996345,0.23950893521034156,0.24545514111370995,0.00594620590336839
0,0,0,27,9,0,6,1371997.0,1371804.0,0.00014069065260051728,0.4,0.0,0.0,0.0,0.46299974535268656,0.4313371813371813,0.03166256401550527,0.36522485747150757,0.3484060089502481,0.016818848521259477
0,0,0,30,10,0,6,1371997.0,1375390.0,0.0024730374774871956,0.05,0.0,0.0,0.0,0.08201659451659452,0.09375970008962337,0.01174310557302885,0.07485322693252681,0.07157236980277769,0.0032808571297491262
0,0,0,30,10,0,6,1371997.0,1375390.0,0.0024730374774871956,0.1,0.0,0.0,0.0,0.1905844155844156,0.16753420989354495,0.023050205690870657,0.1552103133957661,0.17153048616202302,0.016320172766256913
0,0,0,30,10,0,6,1371997.0,1375390.0,0.0024730374774871956,0.2,0.0,0.0,0.0,0.31986991766403533,0.25371813998732157,0.06615177767671376,0.23950893521034156,0.2605323747592341,0.02102343954889252
0,0,0,30,10,0,6,1371997.0,1375390.0,0.0024730374774871956,0.4,0.0,0.0,0.0,0.46299974535268656,0.40448622314031524,0.05851352221237133,0.36522485747150757,0.33928804162648296,0.025936815845024608
0,0,0,33,11,0,6,1371997.0,1386668.0,0.010693172069618229,0.05,0.0,0.0,0.0,0.08201659451659452,0.08280723905723905,0.0007906445406445362,0.07485322693252681,0.062325026098195103,0.012528200834331711
0,0,0,33,11,0,6,1371997.0,1386668.0,0.010693172069618229,0.1,0.0,0.0,0.0,0.1905844155844156,0.10890151515151514,0.08168290043290047,0.1552103133957661,0.08743931410738963,0.06777099928837647
0,0,0,33,11,0,6,1371997.0,1386668.0,0.010693172069618229,0.2,0.0,0.0,0.0,0.31986991766403533,0.22762551990493166,0.09224439775910367,0.23950893521034156,0.16242837083747017,0.07708056437287139
0,0,0,33,11,0,6,1371997.0,1386668.0,0.010693172069618229,0.4,0.0,0.0,0.0,0.46299974535268656,0.3589943553178847,0.10400539003480186,0.36522485747150757,0.25150951586686815,0.11371534160463942
0,0,0,36,12,0,6,1371997.0,1374351.0,0.0017157471918670376,0.05,0.0,0.0,0.0,0.08201659451659452,0.10725762527233114,0.025241030755736624,0.07485322693252681,0.09256809528564619,0.017714868353119376
0,0,0,36,12,0,6,1371997.0,1374351.0,0.0017157471918670376,0.1,0.0,0.0,0.0,0.1905844155844156,0.19780402059813826,0.007219605013722652,0.1552103133957661,0.1701410441000012,0.01493073070423509
0,0,0,36,12,0,6,1371997.0,1374351.0,0.0017157471918670376,0.2,0.0,0.0,0.0,0.31986991766403533,0.33347073677956035,0.01360081911552502,0.23950893521034156,0.2480093074865692,0.008500372276227658
0,0,0,36,12,0,6,1371997.0,1374351.0,0.0017157471918670376,0.4,0.0,0.0,0.0,0.46299974535268656,0.4302040007922361,0.03279574456045048,0.36522485747150757,0.3430053005195745,0.02221955695193306
0,0,0,40,14,0,6,1371997.0,1380685.0,0.006332375362336798,0.05,0.0,0.0,0.0,0.08201659451659452,0.1387057387057387,0.0566891441891442,0.07485322693252681,0.0794947482281858,0.004641521295658979
0,0,0,40,14,0,6,1371997.0,1380685.0,0.006332375362336798,0.1,0.0,0.0,0.0,0.1905844155844156,0.14912240537240537,0.041462010212010236,0.1552103133957661,0.13171553654226464,0.02349477685350146
0,0,0,40,14,0,6,1371997.0,1380685.0,0.006332375362336798,0.2,0.0,0.0,0.0,0.31986991766403533,0.2768346441140559,0.043035273549979436,0.23950893521034156,0.19935426618346538,0.04015466902687617
0,0,0,40,14,0,6,1371997.0,1380685.0,0.006332375362336798,0.4,0.0,0.0,0.0,0.46299974535268656,0.4141066041801336,0.048893141172552945,0.36522485747150757,0.32203816272098823,0.04318669475051934
0,0,0,43,15,0,6,1371997.0,1384972.0,0.009457017763158375,0.05,0.0,0.0,0.0,0.08201659451659452,0.14682539682539683,0.06480880230880232,0.07485322693252681,0.11473941496550104,0.039886188032974224
0,0,0,43,15,0,6,1371997.0,1384972.0,0.009457017763158375,0.1,0.0,0.0,0.0,0.1905844155844156,0.2396475256769374,0.04906311009252179,0.1552103133957661,0.19339035332418597,0.03818003992841987
0,0,0,43,15,0,6,1371997.0,1384972.0,0.009457017763158375,0.2,0.0,0.0,0.0,0.31986991766403533,0.33901727357609707,0.019147355912061736,0.23950893521034156,0.26904744964306765,0.029538514432726093
0,0,0,43,15,0,6,1371997.0,1384972.0,0.009457017763158375,0.4,0.0,0.0,0.0,0.46299974535268656,0.4776552287581699,0.014655483405483338,0.36522485747150757,0.34280014587325863,0.022424711598248936
0,0,0,46,16,0,6,1371997.0,1364614.0,0.005410321160416059,0.05,0.0,0.0,0.0,0.08201659451659452,0.11543240374762113,0.03341580923102662,0.07485322693252681,0.06185424530457101,0.012998981627955805
0,0,0,46,16,0,6,1371997.0,1364614.0,0.005410321160416059,0.1,0.0,0.0,0.0,0.1905844155844156,0.14824696237739715,0.042337453207018455,0.1552103133957661,0.08748862419149596,0.06772168920427014
0,0,0,46,16,0,6,1371997.0,1364614.0,0.005410321160416059,0.2,0.0,0.0,0.0,0.31986991766403533,0.31756988038957346,0.0023000372744618747,0.23950893521034156,0.19566138586890977,0.043847549341431785
0,0,0,46,16,0,6,1371997.0,1364614.0,0.005410321160416059,0.4,0.0,0.0,0.0,0.46299974535268656,0.4404923058375744,0.022507439515112138,0.36522485747150757,0.2963262925144507,0.06889856495705687
0,0,0,49,17,0,6,1371997.0,1359667.0,0.009068396894239545,0.05,0.0,0.0,0.0,0.08201659451659452,0.11752450980392155,0.03550791528732704,0.07485322693252681,0.08610930380042849,0.011256076867901671
0,0,0,49,17,0,6,1371997.0,1359667.0,0.009068396894239545,0.1,0.0,0.0,0.0,0.1905844155844156,0.21165382819794584,0.021069412613530236,0.1552103133957661,0.2017950831413792,0.0465847697456131
0,0,0,49,17,0,6,1371997.0,1359667.0,0.009068396894239545,0.2,0.0,0.0,0.0,0.31986991766403533,0.3324171335200747,0.012547215856039351,0.23950893521034156,0.31166639775790395,0.07215746254756239
0,0,0,49,17,0,6,1371997.0,1359667.0,0.009068396894239545,0.4,0.0,0.0,0.0,0.46299974535268656,0.4684932306255835,0.0054934852728969474,0.36522485747150757,0.35494163073014645,0.010283226741361118
0,0,0,52,18,0,6,1371997.0,1371470.0,0.00038425922550256293,0.05,0.0,0.0,0.0,0.08201659451659452,0.09858597285067873,0.016569378334084214,0.07485322693252681,0.07684747547441267,0.0019942485418858596
0,0,0,52,18,0,6,1371997.0,1371470.0,0.00038425922550256293,0.1,0.0,0.0,0.0,0.1905844155844156,0.16413084464555053,0.02645357093886508,0.1552103133957661,0.1351563542906124,0.0200539591051537
0,0,0,52,18,0,6,1371997.0,1371470.0,0.00038425922550256293,0.2,0.0,0.0,0.0,0.31986991766403533,0.24802889104359693,0.0718410266204384,0.23950893521034156,0.1815228096200987,0.057986125590242854
0,0,0,52,18,0,6,1371997.0,1371470.0,0.00038425922550256293,0.4,0.0,0.0,0.0,0.46299974535268656,0.46610689147453854,0.003107146121851978,0.36522485747150757,0.31818779508935224,0.047037062382155326
0,0,0,55,19,0,6,1371997.0,1362162.0,0.007220139748429335,0.05,0.0,0.0,0.0,0.08201659451659452,0.08464105339105339,0.0026244588744588765,0.07485322693252681,0.05993449144925397,0.014918735483272848
0,0,0,55,19,0,6,1371997.0,1362162.0,0.007220139748429335,0.1,0.0,0.0,0.0,0.1905844155844156,0.1090518278018278,0.0815325877825878,0.1552103133957661,0.08804841280418402,0.06716190059158209
0,0,0,55,19,0,6,1371997.0,1362162.0,0.007220139748429335,0.2,0.0,0.0,0.0,0.31986991766403533,0.2862501061030473,0.03361981156098803,0.23950893521034156,0.22268514157189803,0.016823793638443524
0,0,0,55,19,0,6,1371997.0,1362162.0,0.007220139748429335,0.4,0.0,0.0,0.0,0.46299974535268656,0.4242733709645474,0.03872637438813914,0.36522485747150757,0.3235831975308268,0.04164165994068075
1,0,1,4,1,1,7,1422931.0,1419359.0,0.0025166289853377475,0.05,0.14285714285714285,0.0,0.14285714285714285,0.23562925170068025,0.07097800658725029,0.16465124511342996,0.22482094044005244,0.05269405669530773,0.17212688374474472
1,0,1,4,1,1,7,1422931.0,1419359.0,0.0025166289853377475,0.1,0.14285714285714285,0.14285714285714285,0.0,0.33520408163265303,0.3295510511897067,0.00565303044294635,0.30951779974337323,0.3055751097308416,0.003942690012531613
1,0,1,4,1,1,7,1422931.0,1419359.0,0.0025166289853377475,0.2,0.14285714285714285,0.14285714285714285,0.0,0.47077330932372946,0.41942700156985874,0.051346307753870724,0.4001635067809722,0.3967121253928664,0.003451381388105801
1,0,1,4,1,1,7,1422931.0,1419359.0,0.0025166289853377475,0.4,0.14285714285714285,0.14285714285714285,0.0,0.6154561824729893,0.6284102102379414,0.012954027764952136,0.5767589186487632,0.5849902445086704,0.008231325859907268
1,0,1,13,4,1,7,1422931.0,1417981.0,0.00349087893279247,0.05,0.14285714285714285,0.14285714285714285,0.0,0.23562925170068025,0.2541872809729953,0.018558029272315063,0.22482094044005244,0.223267333782079,0.0015536066579734387
1,0,1,13,4,1,7,1422931.0,1417981.0,0.00349087893279247,0.1,0.14285714285714285,0.14285714285714285,0.0,0.33520408163265303,0.3155019583591012,0.019702123273551808,0.30951779974337323,0.2583212242030647,0.05119657554030854
1,0,1,13,4,1,7,1422931.0,1417981.0,0.00349087893279247,0.2,0.14285714285714285,0.14285714285714285,0.0,0.47077330932372946,0.4734871221215759,0.0027138127978464377,0.4001635067809722,0.371523777083596,0.02863972969737616
1,0,1,13,4,1,7,1422931.0,1417981.0,0.00349087893279247,0.4,0.14285714285714285,0.14285714285714285,0.0,0.6154561824729893,0.5895486982671857,0.025907484205803577,0.5767589186487632,0.5247562368309389,0.0520026818178243
1,0,1,19,6,1,7,1422931.0,1395657.0,0.019542050804746438,0.05,0.14285714285714285,0.14285714285714285,0.0,0.23562925170068025,0.24486794717887153,0.009238695478191283,0.22482094044005244,0.22265178433862576,0.002169156101426678
1,0,1,19,6,1,7,1422931.0,1395657.0,0.019542050804746438,0.1,0.14285714285714285,0.14285714285714285,0.0,0.33520408163265303,0.3466845829240787,0.011480501291425693,0.30951779974337323,0.3100604931852845,0.0005426934419112683
1,0,1,19,6,1,7,1422931.0,1395657.0,0.019542050804746438,0.2,0.14285714285714285,0.14285714285714285,0.0,0.47077330932372946,0.43199052348212014,0.038782785841609324,0.4001635067809722,0.4243291512409799,0.02416564446000774
1,0,1,19,6,1,7,1422931.0,1395657.0,0.019542050804746438,0.4,0.14285714285714285,0.14285714285714285,0.0,0.6154561824729893,0.5911687402233621,0.0242874422496272,0.5767589186487632,0.5593090134225456,0.017449905226217588
1,0,1,22,7,1,7,1422931.0,1402094.0,0.014861343105383805,0.05,0.14285714285714285,0.0,0.14285714285714285,0.23562925170068025,0.10080395794681508,0.13482529375386515,0.22482094044005244,0.07439221240321196,0.1504287280368405
1,0,1,22,7,1,7,1422931.0,1402094.0,0.014861343105383805,0.1,0.14285714285714285,0.14285714285714285,0.0,0.33520408163265303,0.25644803375895814,0.07875604787369489,0.30951779974337323,0.2553622281656104,0.05415557157776285
1,0,1,22,7,1,7,1422931.0,1402094.0,0.014861343105383805,0.2,0.14285714285714285,0.14285714285714285,0.0,0.47077330932372946,0.3892829859216414,0.08149032340208806,0.4001635067809722,0.36451701349323334,0.035646493287738834
1,0,1,22,7,1,7,1422931.0,1402094.0,0.014861343105383805,0.4,0.14285714285714285,0.14285714285714285,0.0,0.6154561824729893,0.5755211175379242,0.039935064935065046,0.5767589186487632,0.5180138066135823,0.058745112035180846
1,0,1,25,8,1,7,1422931.0,1399799.0,0.01652522969369174,0.05,0.14285714285714285,0.0,0.14285714285714285,0.23562925170068025,0.12367017040930084,0.11195908129137941,0.22482094044005244,0.10938416782884551,0.11543677261120693
1,0,1,25,8,1,7,1422931.0,1399799.0,0.01652522969369174,0.1,0.14285714285714285,0.14285714285714285,0.0,0.33520408163265303,0.31316889632107026,0.022035185311582772,0.30951779974337323,0.29127565743497275,0.01824214230840049
1,0,1,25,8,1,7,1422931.0,1399799.0,0.01652522969369174,0.2,0.14285714285714285,0.14285714285714285,0.0,0.47077330932372946,0.49308748583045253,0.02231417650672307,0.4001635067809722,0.42753642553379567,0.027372918752823494
1,0,1,25,8,1,7,1422931.0,1399799.0,0.01652522969369174,0.4,0.14285714285714285,0.14285714285714285,0.0,0.6154561824729893,0.6570381664371434,0.041581983964154134,0.5767589186487632,0.6033501323529225,0.02659121370415929
1,0,1,28,9,1,7,1422931.0,1423848.0,0.0006444444600616615,0.05,0.14285714285714285,0.14285714285714285,0.0,0.23562925170068025,0.22389455782312925,0.011734693877550995,0.22482094044005244,0.21177158695831924,0.013049353481733195
1,0,1,28,9,1,7,1422931.0,1423848.0,0.0006444444600616615,0.1,0.14285714285714285,0.14285714285714285,0.0,0.33520408163265303,0.3102891156462585,0.024914965986394533,0.30951779974337323,0.28710960031918115,0.022408199424192088
1,0,1,28,9,1,7,1422931.0,1423848.0,0.0006444444600616615,0.2,0.14285714285714285,0.14285714285714285,0.0,0.47077330932372946,0.39467120181405896,0.0761021075096705,0.4001635067809722,0.39082946136003516,0.00933404542093702
1,0,1,28,9,1,7,1422931.0,1423848.0,0.0006444444600616615,0.4,0.14285714285714285,0.14285714285714285,0.0,0.6154561824729893,0.5794501133786848,0.03600606909430448,0.5767589186487632,0.5522923444488644,0.024466574199898727
1,0,1,31,10,1,7,1422931.0,1399232.0,0.016937148378539085,0.05,0.14285714285714285,0.0,0.14285714285714285,0.23562925170068025,0.06727021912443908,0.16835903257624119,0.22482094044005244,0.048166495697596234,0.1766544447424562
1,0,1,31,10,1,7,1422931.0,1399232.0,0.016937148378539085,0.1,0.14285714285714285,0.0,0.14285714285714285,0.33520408163265303,0.12626881856421499,0.20893526306843804,0.30951779974337323,0.11867711797463938,0.19084068176873387
1,0,1,31,10,1,7,1422931.0,1399232.0,0.016937148378539085,0.2,0.14285714285714285,0.14285714285714285,0.0,0.47077330932372946,0.35437745332246606,0.1163958560012634,0.4001635067809722,0.34500376439955444,0.05515974238141774
1,0,1,31,10,1,7,1422931.0,1399232.0,0.016937148378539085,0.4,0.14285714285714285,0.14285714285714285,0.0,0.6154561824729893,0.54672671744283,0.06872946503015931,0.5767589186487632,0.5529781455008683,0.02378077314789484
1,0,1,34,11,1,7,1422931.0,1438712.0,0.011090488576044798,0.05,0.14285714285714285,0.14285714285714285,0.0,0.23562925170068025,0.24702380952380953,0.011394557823129287,0.22482094044005244,0.21307654532352704,0.011744395116525391
1,0,1,34,11,1,7,1422931.0,1438712.0,0.011090488576044798,0.1,0.14285714285714285,0.14285714285714285,0.0,0.33520408163265303,0.2696995464852608,0.06550453514739224,0.30951779974337323,0.23524312416831014,0.07427467557506309
1,0,1,34,11,1,7,1422931.0,1438712.0,0.011090488576044798,0.2,0.14285714285714285,0.14285714285714285,0.0,0.47077330932372946,0.38826363878884884,0.08250967053488062,0.4001635067809722,0.32138972116657766,0.07877378561439452
1,0,1,34,11,1,7,1422931.0,1438712.0,0.011090488576044798,0.4,0.14285714285714285,0.14285714285714285,0.0,0.6154561824729893,0.5468354008269974,0.06862078164599184,0.5767589186487632,0.5040949292037097,0.07266398944505348
1,0,1,37,12,1,7,1422931.0,1415012.0,0.005596418970298485,0.05,0.14285714285714285,0.14285714285714285,0.0,0.23562925170068025,0.23432539682539685,0.0013038548752833945,0.22482094044005244,0.21895220243191907,0.005868738008133367
1,0,1,37,12,1,7,1422931.0,1415012.0,0.005596418970298485,0.1,0.14285714285714285,0.14285714285714285,0.0,0.33520408163265303,0.36477272727272725,0.02956864564007422,0.30951779974337323,0.3281023101239939,0.018584510380620645
1,0,1,37,12,1,7,1422931.0,1415012.0,0.005596418970298485,0.2,0.14285714285714285,0.14285714285714285,0.0,0.47077330932372946,0.4587121212121212,0.012061188111608279,0.4001635067809722,0.43182042278467847,0.03165691600370629
1,0,1,37,12,1,7,1422931.0,1415012.0,0.005596418970298485,0.4,0.14285714285714285,0.14285714285714285,0.0,0.6154561824729893,0.6043290043290044,0.011127178143984895,0.5767589186487632,0.5307489279462465,0.04600999070251666
1,0,1,41,14,1,7,1422931.0,1406792.0,0.011472200581180444,0.05,0.14285714285714285,0.14285714285714285,0.0,0.23562925170068025,0.27180416701093396,0.036174915310253714,0.22482094044005244,0.2383411166392823,0.013520176199229877
1,0,1,41,14,1,7,1422931.0,1406792.0,0.011472200581180444,0.1,0.14285714285714285,0.14285714285714285,0.0,0.33520408163265303,0.28753545952794074,0.04766862210471229,0.30951779974337323,0.287668412478665,0.021849387264708253
1,0,1,41,14,1,7,1422931.0,1406792.0,0.011472200581180444,0.2,0.14285714285714285,0.14285714285714285,0.0,0.47077330932372946,0.39954068672003207,0.0712326226036974,0.4001635067809722,0.34788502385439646,0.05227848292657572
1,0,1,41,14,1,7,1422931.0,1406792.0,0.011472200581180444,0.4,0.14285714285714285,0.14285714285714285,0.0,0.6154561824729893,0.5612043400356094,0.054251842437379905,0.5767589186487632,0.4712456372365453,0.10551328141221789
1,0,1,44,15,1,7,1422931.0,1425633.0,0.0018988974166702392,0.05,0.14285714285714285,0.14285714285714285,0.0,0.23562925170068025,0.2776360544217687,0.04200680272108845,0.22482094044005244,0.24755283425257768,0.022731893812525245
1,0,1,44,15,1,7,1422931.0,1425633.0,0.0018988974166702392,0.1,0.14285714285714285,0.14285714285714285,0.0,0.33520408163265303,0.38562925170068024,0.050425170068027214,0.30951779974337323,0.3442295766046117,0.03471177686123844
1,0,1,44,15,1,7,1422931.0,1425633.0,0.0018988974166702392,0.2,0.14285714285714285,0.14285714285714285,0.0,0.47077330932372946,0.48137755102040813,0.010604241696678673,0.4001635067809722,0.4306263225867292,0.03046281580575705
1,0,1,44,15,1,7,1422931.0,1425633.0,0.0018988974166702392,0.4,0.14285714285714285,0.14285714285714285,0.0,0.6154561824729893,0.6433673469387754,0.02791116446578612,0.5767589186487632,0.5442798358542487,0.0324790827945145
1,0,1,47,16,1,7,1422931.0,1405275.0,0.01256408887940083,0.05,0.14285714285714285,0.14285714285714285,0.0,0.23562925170068025,0.25132301273605623,0.01569376103537598,0.22482094044005244,0.2023553353520759,0.022465605087976542
1,0,1,47,16,1,7,1422931.0,1405275.0,0.01256408887940083,0.1,0.14285714285714285,0.14285714285714285,0.0,0.33520408163265303,0.3143523746784616,0.020851706954191418,0.30951779974337323,0.25341328992963436,0.05610450981373888
1,0,1,47,16,1,7,1422931.0,1405275.0,0.01256408887940083,0.2,0.14285714285714285,0.14285714285714285,0.0,0.47077330932372946,0.46680626137147874,0.003967047952250724,0.4001635067809722,0.34528154350753415,0.05488196327343803
1,0,1,47,16,1,7,1422931.0,1405275.0,0.01256408887940083,0.4,0.14285714285714285,0.14285714285714285,0.0,0.6154561824729893,0.5847669238973587,0.03068925857563054,0.5767589186487632,0.49236558120453394,0.08439333744422922
1,0,1,50,17,1,7,1422931.0,1410308.0,0.00895052711889885,0.05,0.14285714285714285,0.0,0.14285714285714285,0.23562925170068025,0.07304421768707482,0.1625850340136054,0.22482094044005244,0.06337998395180733,0.1614409564882451
1,0,1,50,17,1,7,1422931.0,1410308.0,0.00895052711889885,0.1,0.14285714285714285,0.14285714285714285,0.0,0.33520408163265303,0.3092236894757904,0.025980392156862653,0.30951779974337323,0.30934205636033374,0.000175743383039495
1,0,1,50,17,1,7,1422931.0,1410308.0,0.00895052711889885,0.2,0.14285714285714285,0.14285714285714285,0.0,0.47077330932372946,0.4463935574229692,0.02437975190076025,0.4001635067809722,0.44015322511271343,0.03998971833174125
1,0,1,50,17,1,7,1422931.0,1410308.0,0.00895052711889885,0.4,0.14285714285714285,0.14285714285714285,0.0,0.6154561824729893,0.6276110444177672,0.012154861944777884,0.5767589186487632,0.5725379032466139,0.004221015402149253
1,0,1,53,18,1,7,1422931.0,1422668.0,0.00018486393171140422,0.05,0.14285714285714285,0.14285714285714285,0.0,0.23562925170068025,0.26088745214685066,0.025258200446170415,0.22482094044005244,0.23484630073239607,0.010025360292343632
1,0,1,53,18,1,7,1422931.0,1422668.0,0.00018486393171140422,0.1,0.14285714285714285,0.14285714285714285,0.0,0.33520408163265303,0.2903842711173539,0.04481981051529915,0.30951779974337323,0.2728497963575233,0.03666800338584991
1,0,1,53,18,1,7,1422931.0,1422668.0,0.00018486393171140422,0.2,0.14285714285714285,0.14285714285714285,0.0,0.47077330932372946,0.39489307868896545,0.07588023063476401,0.4001635067809722,0.3589751690676331,0.041188337713339074
1,0,1,53,18,1,7,1422931.0,1422668.0,0.00018486393171140422,0.4,0.14285714285714285,0.14285714285714285,0.0,0.6154561824729893,0.5922056069391319,0.023250575533857343,0.5767589186487632,0.5132425953037963,0.06351632334496682
2,0,2,8,2,2,8,1474722.0,1454581.0,0.013846599123733913,0.05,0.25,0.25,0.0,0.3476190476190476,0.3668037280701754,0.01918468045112781,0.32991943482639124,0.3453791911857968,0.015459756359405552
2,0,2,8,2,2,8,1474722.0,1454581.0,0.013846599123733913,0.1,0.25,0.25,0.0,0.4212797619047619,0.44460623065015475,0.023326468745392848,0.39833158009802455,0.4066803322675909,0.008348752169566376
2,0,2,8,2,2,8,1474722.0,1454581.0,0.013846599123733913,0.2,0.25,0.25,0.0,0.5643075980392156,0.6063161119711042,0.04200851393188865,0.5259642710354057,0.5697524236183732,0.04378815258296753
2,0,2,8,2,2,8,1474722.0,1454581.0,0.013846599123733913,0.4,0.375,0.25,0.125,0.7103991596638655,0.7586042311661506,0.048205071502285146,0.6848100546782858,0.7326053214336958,0.047795266755410015
2,0,2,17,5,2,8,1474722.0,1446087.0,0.01980171317493346,0.05,0.25,0.25,0.0,0.3476190476190476,0.35640225787284613,0.008783210253798523,0.32991943482639124,0.3251611988792153,0.004758235947175948
2,0,2,17,5,2,8,1474722.0,1446087.0,0.01980171317493346,0.1,0.25,0.25,0.0,0.4212797619047619,0.40538844325609036,0.01589131864867155,0.39833158009802455,0.365336435318231,0.03299514477979354
2,0,2,17,5,2,8,1474722.0,1446087.0,0.01980171317493346,0.2,0.25,0.25,0.0,0.5643075980392156,0.4872660427807487,0.0770415552584669,0.5259642710354057,0.45183931596693444,0.07412495506847122
2,0,2,17,5,2,8,1474722.0,1446087.0,0.01980171317493346,0.4,0.375,0.25,0.125,0.7103991596638655,0.6976641414141415,0.012735018249724006,0.6848100546782858,0.6302667549388701,0.05454329973941574
2,0,2,23,7,2,8,1474722.0,1451214.0,0.016198851444376914,0.05,0.25,0.0,0.25,0.3476190476190476,0.1290688478188478,0.2185501998001998,0.32991943482639124,0.10161814751910364,0.2283012873072876
2,0,2,23,7,2,8,1474722.0,1451214.0,0.016198851444376914,0.1,0.25,0.125,0.125,0.4212797619047619,0.3156800307535601,0.1055997311512018,0.39833158009802455,0.3340195207780987,0.06431205931992584
2,0,2,23,7,2,8,1474722.0,1451214.0,0.016198851444376914,0.2,0.25,0.25,0.0,0.5643075980392156,0.4939300895183249,0.0703775085208907,0.5259642710354057,0.48506418476057983,0.04090008627482583
2,0,2,23,7,2,8,1474722.0,1451214.0,0.016198851444376914,0.4,0.375,0.375,0.0,0.7103991596638655,0.7284357799063682,0.018036620242502743,0.6848100546782858,0.7114716475386339,0.026661592860348082
2,0,2,26,8,2,8,1474722.0,1451843.0,0.01575859097712356,0.05,0.25,0.125,0.125,0.3476190476190476,0.23608318764568761,0.11153585997335999,0.32991943482639124,0.22079989271505424,0.10911954211133701
2,0,2,26,8,2,8,1474722.0,1451843.0,0.01575859097712356,0.1,0.25,0.25,0.0,0.4212797619047619,0.4000109265734266,0.021268835331335334,0.39833158009802455,0.38411540192593635,0.0142161781720882
2,0,2,26,8,2,8,1474722.0,1451843.0,0.01575859097712356,0.2,0.25,0.25,0.0,0.5643075980392156,0.575882481489099,0.011574883449883444,0.5259642710354057,0.5180213357957242,0.007942935239681481
2,0,2,26,8,2,8,1474722.0,1451843.0,0.01575859097712356,0.4,0.375,0.25,0.125,0.7103991596638655,0.7538810760318114,0.04348191636794596,0.6848100546782858,0.7110317481036057,0.02622169342531988
2,0,2,35,11,2,8,1474722.0,1453118.0,0.014867340436220596,0.05,0.25,0.125,0.125,0.3476190476190476,0.2287210338680927,0.1188980137509549,0.32991943482639124,0.20564100301163304,0.1242784318147582
2,0,2,35,11,2,8,1474722.0,1453118.0,0.014867340436220596,0.1,0.25,0.125,0.125,0.4212797619047619,0.26132650029708854,0.15995326160767337,0.39833158009802455,0.2227132647389211,0.17561831535910344
2,0,2,35,11,2,8,1474722.0,1453118.0,0.014867340436220596,0.2,0.25,0.25,0.0,0.5643075980392156,0.49262849079025545,0.07167910724896015,0.5259642710354057,0.4226752043569933,0.10328906667841237
2,0,2,35,11,2,8,1474722.0,1453118.0,0.014867340436220596,0.4,0.375,0.25,0.125,0.7103991596638655,0.5927891042780749,0.11761005538579061,0.6848100546782858,0.5067091408598186,0.17810091381846727
2,0,2,38,12,2,8,1474722.0,1463540.0,0.00764037880754882,0.05,0.25,0.125,0.125,0.3476190476190476,0.29798344017094014,0.049635607448107466,0.32991943482639124,0.2962707623378338,0.03364867248855746
2,0,2,38,12,2,8,1474722.0,1463540.0,0.00764037880754882,0.1,0.25,0.25,0.0,0.4212797619047619,0.430354020979021,0.009074259074259072,0.39833158009802455,0.40489429155800855,0.006562711459983994
2,0,2,38,12,2,8,1474722.0,1463540.0,0.00764037880754882,0.2,0.25,0.25,0.0,0.5643075980392156,0.541310945998446,0.022996652040769616,0.5259642710354057,0.5288210210430845,0.002856750007678821
2,0,2,38,12,2,8,1474722.0,1463540.0,0.00764037880754882,0.4,0.375,0.25,0.125,0.7103991596638655,0.7063786907536908,0.004020468910174713,0.6848100546782858,0.7071537133043326,0.022343658626046814
2,0,2,42,14,2,8,1474722.0,1447453.0,0.018839299099867146,0.05,0.25,0.25,0.0,0.3476190476190476,0.3628286461345672,0.015209598515519618,0.32991943482639124,0.33354847705937196,0.003629042232980717
2,0,2,42,14,2,8,1474722.0,1447453.0,0.018839299099867146,0.1,0.25,0.25,0.0,0.4212797619047619,0.3940214117023328,0.027258350202429116,0.39833158009802455,0.3877300715496347,0.01060150854838987
2,0,2,42,14,2,8,1474722.0,1447453.0,0.018839299099867146,0.2,0.25,0.25,0.0,0.5643075980392156,0.5157183824946983,0.04858921554451734,0.5259642710354057,0.4728881245034391,0.05307614653196657
2,0,2,42,14,2,8,1474722.0,1447453.0,0.018839299099867146,0.4,0.375,0.25,0.125,0.7103991596638655,0.6661982480239059,0.04420091163995954,0.6848100546782858,0.6074270082576239,0.07738304642066196
2,0,2,45,15,2,8,1474722.0,1491403.0,0.011311284431913269,0.05,0.25,0.25,0.0,0.3476190476190476,0.40897671568627453,0.06135766806722692,0.32991943482639124,0.3669279444390996,0.03700850961270835
2,0,2,45,15,2,8,1474722.0,1491403.0,0.011311284431913269,0.1,0.25,0.25,0.0,0.4212797619047619,0.45520027089783277,0.033920508993070864,0.39833158009802455,0.42647428702883505,0.0281427069308105
2,0,2,45,15,2,8,1474722.0,1491403.0,0.011311284431913269,0.2,0.25,0.25,0.0,0.5643075980392156,0.5571529927760578,0.007154605263157809,0.5259642710354057,0.5191772234297753,0.006787047605630314
2,0,2,45,15,2,8,1474722.0,1491403.0,0.011311284431913269,0.4,0.375,0.25,0.125,0.7103991596638655,0.7322126547987615,0.021813495134896055,0.6848100546782858,0.6824928330233228,0.002317221654963064
2,0,2,48,16,2,8,1474722.0,1453803.0,0.014389157265461689,0.05,0.25,0.125,0.125,0.3476190476190476,0.31285635409276713,0.034762693526280475,0.32991943482639124,0.28331198081620423,0.04660745401018701
2,0,2,48,16,2,8,1474722.0,1453803.0,0.014389157265461689,0.1,0.25,0.25,0.0,0.4212797619047619,0.40967371245903855,0.011606049445723354,0.39833158009802455,0.36487375139872347,0.033457828699301084
2,0,2,48,16,2,8,1474722.0,1453803.0,0.014389157265461689,0.2,0.25,0.25,0.0,0.5643075980392156,0.5269511059592582,0.03735649207995739,0.5259642710354057,0.4656490855220771,0.06031518551332854
2,0,2,48,16,2,8,1474722.0,1453803.0,0.014389157265461689,0.4,0.375,0.25,0.125,0.7103991596638655,0.7048692928448363,0.005529866819029117,0.6848100546782858,0.6605523549452259,0.024257699733059912
2,0,2,54,18,2,8,1474722.0,1463329.0,0.007785672258254979,0.05,0.25,0.25,0.0,0.3476190476190476,0.3532765206284943,0.00565747300944669,0.32991943482639124,0.3304905131408465,0.0005710783144552423
2,0,2,54,18,2,8,1474722.0,1463329.0,0.007785672258254979,0.1,0.25,0.25,0.0,0.4212797619047619,0.3983170064584538,0.022962755446308103,0.39833158009802455,0.3748231415762101,0.023508438521814445
2,0,2,54,18,2,8,1474722.0,1463329.0,0.007785672258254979,0.2,0.25,0.25,0.0,0.5643075980392156,0.5206405436668594,0.043667054372356184,0.5259642710354057,0.48556615489853944,0.040398116136866224
2,0,2,54,18,2,8,1474722.0,1463329.0,0.007785672258254979,0.4,0.375,0.25,0.125,0.7103991596638655,0.7088921221322537,0.0015070375316117435,0.6848100546782858,0.6500168870213467,0.03479316765693907
3,1,0,6,2,0,6,1368718.0,1349536.0,0.014213774215730444,0.05,0.0,0.0,0.0,0.1139234539969834,0.12212301587301588,0.008199561876032477,0.07376865760450486,0.10935979196414848,0.03559113435964362
3,1,0,6,2,0,6,1368718.0,1349536.0,0.014213774215730444,0.1,0.0,0.0,0.0,0.2651951806363571,0.2099031279178338,0.055292052718523305,0.18309362036490695,0.17207030323028757,0.011023317134619376
3,1,0,6,2,0,6,1368718.0,1349536.0,0.014213774215730444,0.2,0.0,0.0,0.0,0.3490537240537241,0.359733893557423,0.010680169503698933,0.2822643443671988,0.32487637721451984,0.04261203284732101
3,1,0,6,2,0,6,1368718.0,1349536.0,0.014213774215730444,0.4,0.0,0.0,0.0,0.503808895353013,0.4899568160597572,0.01385207929325577,0.38195490111634417,0.3904976128609135,0.008542711744569331
3,1,0,9,3,0,6,1368718.0,1369975.0,0.0009183776351300998,0.05,0.0,0.0,0.0,0.1139234539969834,0.12855392156862744,0.014630467571644032,0.07376865760450486,0.10208212792454922,0.02831347032004436
3,1,0,9,3,0,6,1368718.0,1369975.0,0.0009183776351300998,0.1,0.0,0.0,0.0,0.2651951806363571,0.21157212885154061,0.053623051784816494,0.18309362036490695,0.18263384004541092,0.0004597803194960337
3,1,0,9,3,0,6,1368718.0,1369975.0,0.0009183776351300998,0.2,0.0,0.0,0.0,0.3490537240537241,0.32266573295985057,0.02638799109387352,0.2822643443671988,0.25736857530403384,0.024895769063164985
3,1,0,9,3,0,6,1368718.0,1369975.0,0.0009183776351300998,0.4,0.0,0.0,0.0,0.503808895353013,0.4672385620915032,0.03657033326150977,0.38195490111634417,0.33824819991905136,0.04370670119729281
3,1,0,12,4,0,6,1368718.0,1367047.0,0.0012223427577837485,0.05,0.0,0.0,0.0,0.1139234539969834,0.10227272727272728,0.011650726724256127,0.07376865760450486,0.06865721764369756,0.005111439960807304
3,1,0,12,4,0,6,1368718.0,1367047.0,0.0012223427577837485,0.1,0.0,0.0,0.0,0.2651951806363571,0.17476851851851852,0.09042666211783859,0.18309362036490695,0.1022079563072082,0.08088566405769874
3,1,0,12,4,0,6,1368718.0,1367047.0,0.0012223427577837485,0.2,0.0,0.0,0.0,0.3490537240537241,0.3033150128738364,0.0457387111798877,0.2822643443671988,0.2114882695716845,0.07077607479551432
3,1,0,12,4,0,6,1368718.0,1367047.0,0.0012223427577837485,0.4,0.0,0.0,0.0,0.503808895353013,0.42380917013269953,0.07999972522031346,0.38195490111634417,0.3193168200218914,0.06263808109445279
3,1,0,15,5,0,6,1368718.0,1367936.0,0.0005716641714232245,0.05,0.0,0.0,0.0,0.1139234539969834,0.10399304857509191,0.009930405421891497,0.07376865760450486,0.0753579144479183,0.0015892568434134335
3,1,0,15,5,0,6,1368718.0,1367936.0,0.0005716641714232245,0.1,0.0,0.0,0.0,0.2651951806363571,0.1400595964063456,0.1251355842300115,0.18309362036490695,0.08809429234672261,0.09499932801818434
3,1,0,15,5,0,6,1368718.0,1367936.0,0.0005716641714232245,0.2,0.0,0.0,0.0,0.3490537240537241,0.2410973958961575,0.10795632815756659,0.2822643443671988,0.14274898824645035,0.13951535612074847
3,1,0,15,5,0,6,1368718.0,1367936.0,0.0005716641714232245,0.4,0.0,0.0,0.0,0.503808895353013,0.4252931794727461,0.0785157158802669,0.38195490111634417,0.30910914118055394,0.07284575993579023
3,1,0,18,6,0,6,1368718.0,1371804.0,0.0022546645839391314,0.05,0.0,0.0,0.0,0.1139234539969834,0.09454365079365079,0.019379803203332616,0.07376865760450486,0.07873589567391169,0.004967238069406826
3,1,0,18,6,0,6,1368718.0,1371804.0,0.0022546645839391314,0.1,0.0,0.0,0.0,0.2651951806363571,0.20291305916305916,0.06228212147329795,0.18309362036490695,0.1665100080918799,0.016583612273027043
3,1,0,18,6,0,6,1368718.0,1371804.0,0.0022546645839391314,0.2,0.0,0.0,0.0,0.3490537240537241,0.270211038961039,0.0788426850926851,0.2822643443671988,0.24545514111370995,0.03680920325348888
3,1,0,18,6,0,6,1368718.0,1371804.0,0.0022546645839391314,0.4,0.0,0.0,0.0,0.503808895353013,0.4237614237614238,0.0800474715915892,0.38195490111634417,0.3403583669093661,0.041596534206978064
3,1,0,21,7,0,6,1368718.0,1375231.0,0.004758467412571472,0.05,0.0,0.0,0.0,0.1139234539969834,0.0772642390289449,0.036659214968038506,0.07376865760450486,0.07265701046607322,0.0011116471384316484
3,1,0,21,7,0,6,1368718.0,1375231.0,0.004758467412571472,0.1,0.0,0.0,0.0,0.2651951806363571,0.12068160597572364,0.14451357466063347,0.18309362036490695,0.12886347776078688,0.05423014260412007
3,1,0,21,7,0,6,1368718.0,1375231.0,0.004758467412571472,0.2,0.0,0.0,0.0,0.3490537240537241,0.26050420168067223,0.08854952237305186,0.2822643443671988,0.23634590118152907,0.04591844318566976
3,1,0,21,7,0,6,1368718.0,1375231.0,0.004758467412571472,0.4,0.0,0.0,0.0,0.503808895353013,0.42787114845938373,0.07593774689362925,0.38195490111634417,0.317902760242065,0.06405214087427918
3,1,0,24,8,0,6,1368718.0,1383049.0,0.010470381773309037,0.05,0.0,0.0,0.0,0.1139234539969834,0.12500862663906143,0.01108517264207802,0.07376865760450486,0.10402965699878153,0.030260999394276664
3,1,0,24,8,0,6,1368718.0,1383049.0,0.010470381773309037,0.1,0.0,0.0,0.0,0.2651951806363571,0.19674344375431332,0.06845173688204378,0.18309362036490695,0.183797944069681,0.0007043237047740514
3,1,0,24,8,0,6,1368718.0,1383049.0,0.010470381773309037,0.2,0.0,0.0,0.0,0.3490537240537241,0.33211190273210733,0.016941821321616757,0.2822643443671988,0.292290815913867,0.010026471546668192
3,1,0,24,8,0,6,1368718.0,1383049.0,0.010470381773309037,0.4,0.0,0.0,0.0,0.503808895353013,0.4639261864165956,0.03988270893641738,0.38195490111634417,0.3735914096600797,0.008363491456264471
3,1,0,27,9,0,6,1368718.0,1371804.0,0.0022546645839391314,0.05,0.0,0.0,0.0,0.1139234539969834,0.09454365079365079,0.019379803203332616,0.07376865760450486,0.07873589567391169,0.004967238069406826
3,1,0,27,9,0,6,1368718.0,1371804.0,0.0022546645839391314,0.1,0.0,0.0,0.0,0.2651951806363571,0.20291305916305916,0.06228212147329795,0.18309362036490695,0.1665100080918799,0.016583612273027043
3,1,0,27,9,0,6,1368718.0,1371804.0,0.0022546645839391314,0.2,0.0,0.0,0.0,0.3490537240537241,0.270211038961039,0.0788426850926851,0.2822643443671988,0.24545514111370995,0.03680920325348888
3,1,0,27,9,0,6,1368718.0,1371804.0,0.0022546645839391314,0.4,0.0,0.0,0.0,0.503808895353013,0.4313371813371813,0.07247171401583169,0.38195490111634417,0.3484060089502481,0.03354889216609608
3,1,0,30,10,0,6,1368718.0,1375390.0,0.004874634512003203,0.05,0.0,0.0,0.0,0.1139234539969834,0.09375970008962337,0.02016375390736004,0.07376865760450486,0.07157236980277769,0.002196287801727176
3,1,0,30,10,0,6,1368718.0,1375390.0,0.004874634512003203,0.1,0.0,0.0,0.0,0.2651951806363571,0.16753420989354495,0.09766097074281216,0.18309362036490695,0.17153048616202302,0.011563134202883935
3,1,0,30,10,0,6,1368718.0,1375390.0,0.004874634512003203,0.2,0.0,0.0,0.0,0.3490537240537241,0.25371813998732157,0.09533558406640252,0.2822643443671988,0.2605323747592341,0.021731969607964752
3,1,0,30,10,0,6,1368718.0,1375390.0,0.004874634512003203,0.4,0.0,0.0,0.0,0.503808895353013,0.40448622314031524,0.09932267221269775,0.38195490111634417,0.33928804162648296,0.04266685948986121
3,1,0,33,11,0,6,1368718.0,1386668.0,0.013114461854085355,0.05,0.0,0.0,0.0,0.1139234539969834,0.08280723905723905,0.031116214939744355,0.07376865760450486,0.062325026098195103,0.01144363150630976
3,1,0,33,11,0,6,1368718.0,1386668.0,0.013114461854085355,0.1,0.0,0.0,0.0,0.2651951806363571,0.10890151515151514,0.15629366548484197,0.18309362036490695,0.08743931410738963,0.09565430625751732
3,1,0,33,11,0,6,1368718.0,1386668.0,0.013114461854085355,0.2,0.0,0.0,0.0,0.3490537240537241,0.22762551990493166,0.12142820414879243,0.2822643443671988,0.16242837083747017,0.11983597352972866
3,1,0,33,11,0,6,1368718.0,1386668.0,0.013114461854085355,0.4,0.0,0.0,0.0,0.503808895353013,0.3589943553178847,0.14481454003512828,0.38195490111634417,0.25150951586686815,0.13044538524947602
3,1,0,36,12,0,6,1368718.0,1374351.0,0.004115530006911577,0.05,0.0,0.0,0.0,0.1139234539969834,0.10725762527233114,0.006665828724652267,0.07376865760450486,0.09256809528564619,0.018799437681141326
3,1,0,36,12,0,6,1368718.0,1374351.0,0.004115530006911577,0.1,0.0,0.0,0.0,0.2651951806363571,0.19780402059813826,0.06739116003821885,0.18309362036490695,0.1701410441000012,0.012952576264905757
3,1,0,36,12,0,6,1368718.0,1374351.0,0.004115530006911577,0.2,0.0,0.0,0.0,0.3490537240537241,0.33347073677956035,0.01558298727416374,0.2822643443671988,0.2480093074865692,0.034255036880629613
3,1,0,36,12,0,6,1368718.0,1374351.0,0.004115530006911577,0.4,0.0,0.0,0.0,0.503808895353013,0.4302040007922361,0.0736048945607769,0.38195490111634417,0.3430053005195745,0.03894960059676966
3,1,0,40,14,0,6,1368718.0,1380685.0,0.00874321810628632,0.05,0.0,0.0,0.0,0.1139234539969834,0.1387057387057387,0.024782284708755306,0.07376865760450486,0.0794947482281858,0.0057260906236809295
3,1,0,40,14,0,6,1368718.0,1380685.0,0.00874321810628632,0.1,0.0,0.0,0.0,0.2651951806363571,0.14912240537240537,0.11607277526395174,0.18309362036490695,0.13171553654226464,0.051378083822642306
3,1,0,40,14,0,6,1368718.0,1380685.0,0.00874321810628632,0.2,0.0,0.0,0.0,0.3490537240537241,0.2768346441140559,0.0722190799396682,0.2822643443671988,0.19935426618346538,0.08291007818373344
3,1,0,40,14,0,6,1368718.0,1380685.0,0.00874321810628632,0.4,0.0,0.0,0.0,0.503808895353013,0.4141066041801336,0.08970229117287937,0.38195490111634417,0.32203816272098823,0.05991673839535594
3,1,0,43,15,0,6,1368718.0,1384972.0,0.011875346126813558,0.05,0.0,0.0,0.0,0.1139234539969834,0.14682539682539683,0.032901942828413425,0.07376865760450486,0.11473941496550104,0.040970757360996174
3,1,0,43,15,0,6,1368718.0,1384972.0,0.011875346126813558,0.1,0.0,0.0,0.0,0.2651951806363571,0.2396475256769374,0.025547654959419713,0.18309362036490695,0.19339035332418597,0.01029673295927902
3,1,0,43,15,0,6,1368718.0,1384972.0,0.011875346126813558,0.2,0.0,0.0,0.0,0.3490537240537241,0.33901727357609707,0.010036450477627024,0.2822643443671988,0.26904744964306765,0.013216894724131178
3,1,0,43,15,0,6,1368718.0,1384972.0,0.011875346126813558,0.4,0.0,0.0,0.0,0.503808895353013,0.4776552287581699,0.026153666594843084,0.38195490111634417,0.34280014587325863,0.03915475524308554
3,1,0,46,16,0,6,1368718.0,1364614.0,0.0030074438632463098,0.05,0.0,0.0,0.0,0.1139234539969834,0.11543240374762113,0.001508949750637728,0.07376865760450486,0.06185424530457101,0.011914412299933855
3,1,0,46,16,0,6,1368718.0,1364614.0,0.0030074438632463098,0.1,0.0,0.0,0.0,0.2651951806363571,0.14824696237739715,0.11694821825895996,0.18309362036490695,0.08748862419149596,0.09560499617341099
3,1,0,46,16,0,6,1368718.0,1364614.0,0.0030074438632463098,0.2,0.0,0.0,0.0,0.3490537240537241,0.31756988038957346,0.031483843664150635,0.2822643443671988,0.19566138586890977,0.08660295849828906
3,1,0,46,16,0,6,1368718.0,1364614.0,0.0030074438632463098,0.4,0.0,0.0,0.0,0.503808895353013,0.4404923058375744,0.06331658951543856,0.38195490111634417,0.2963262925144507,0.08562860860189347
3,1,0,49,17,0,6,1368718.0,1359667.0,0.006656776990248347,0.05,0.0,0.0,0.0,0.1139234539969834,0.11752450980392155,0.003601055806938147,0.07376865760450486,0.08610930380042849,0.012340646195923621
3,1,0,49,17,0,6,1368718.0,1359667.0,0.006656776990248347,0.1,0.0,0.0,0.0,0.2651951806363571,0.21165382819794584,0.053541352438411266,0.18309362036490695,0.2017950831413792,0.01870146277647225
3,1,0,49,17,0,6,1368718.0,1359667.0,0.006656776990248347,0.2,0.0,0.0,0.0,0.3490537240537241,0.3324171335200747,0.01663659053364941,0.2822643443671988,0.31166639775790395,0.02940205339070512
3,1,0,49,17,0,6,1368718.0,1359667.0,0.006656776990248347,0.4,0.0,0.0,0.0,0.503808895353013,0.4684932306255835,0.035315664727429474,0.38195490111634417,0.35494163073014645,0.02701327038619772
3,1,0,52,18,0,6,1368718.0,1371470.0,0.002010640614063671,0.05,0.0,0.0,0.0,0.1139234539969834,0.09858597285067873,0.015337481146304677,0.07376865760450486,0.07684747547441267,0.00307881786990781
3,1,0,52,18,0,6,1368718.0,1371470.0,0.002010640614063671,0.1,0.0,0.0,0.0,0.2651951806363571,0.16413084464555053,0.10106433599080658,0.18309362036490695,0.1351563542906124,0.04793726607429455
3,1,0,52,18,0,6,1368718.0,1371470.0,0.002010640614063671,0.2,0.0,0.0,0.0,0.3490537240537241,0.24802889104359693,0.10102483301012716,0.2822643443671988,0.1815228096200987,0.10074153474710013
3,1,0,52,18,0,6,1368718.0,1371470.0,0.002010640614063671,0.4,0.0,0.0,0.0,0.503808895353013,0.46610689147453854,0.037702003878474444,0.38195490111634417,0.31818779508935224,0.06376710602699193
3,1,0,55,19,0,6,1368718.0,1362162.0,0.004812937080905208,0.05,0.0,0.0,0.0,0.1139234539969834,0.08464105339105339,0.029282400605930015,0.07376865760450486,0.05993449144925397,0.013834166155250897
3,1,0,55,19,0,6,1368718.0,1362162.0,0.004812937080905208,0.1,0.0,0.0,0.0,0.2651951806363571,0.1090518278018278,0.1561433528345293,0.18309362036490695,0.08804841280418402,0.09504520756072293
3,1,0,55,19,0,6,1368718.0,1362162.0,0.004812937080905208,0.2,0.0,0.0,0.0,0.3490537240537241,0.2862501061030473,0.0628036179506768,0.2822643443671988,0.22268514157189803,0.059579202795300795
3,1,0,55,19,0,6,1368718.0,1362162.0,0.004812937080905208,0.4,0.0,0.0,0.0,0.503808895353013,0.4242733709645474,0.07953552438846556,0.38195490111634417,0.3235831975308268,0.058371703585517354
4,1,1,13,4,1,7,1419359.0,1417981.0,0.0009718042766440453,0.05,0.0,0.14285714285714285,0.14285714285714285,0.07097800658725029,0.2541872809729953,0.18320927438574502,0.05269405669530773,0.223267333782079,0.17057327708677128
4,1,1,13,4,1,7,1419359.0,1417981.0,0.0009718042766440453,0.1,0.14285714285714285,0.14285714285714285,0.0,0.3295510511897067,0.3155019583591012,0.014049092830605459,0.3055751097308416,0.2583212242030647,0.04725388552777693
4,1,1,13,4,1,7,1419359.0,1417981.0,0.0009718042766440453,0.2,0.14285714285714285,0.14285714285714285,0.0,0.41942700156985874,0.4734871221215759,0.05406012055171716,0.3967121253928664,0.371523777083596,0.02518834830927036
4,1,1,13,4,1,7,1419359.0,1417981.0,0.0009718042766440453,0.4,0.14285714285714285,0.14285714285714285,0.0,0.6284102102379414,0.5895486982671857,0.03886151197075571,0.5849902445086704,0.5247562368309389,0.06023400767773157
4,1,1,16,5,1,7,1419359.0,1392855.0,0.019028542095192967,0.05,0.0,0.14285714285714285,0.14285714285714285,0.07097800658725029,0.25017585981761126,0.17919785323036097,0.05269405669530773,0.2304144809933693,0.17772042429806156
4,1,1,16,5,1,7,1419359.0,1392855.0,0.019028542095192967,0.1,0.14285714285714285,0.14285714285714285,0.0,0.3295510511897067,0.2919125544954824,0.037638496694224255,0.3055751097308416,0.24644470549972922,0.059130404231112405
4,1,1,16,5,1,7,1419359.0,1392855.0,0.019028542095192967,0.2,0.14285714285714285,0.14285714285714285,0.0,0.41942700156985874,0.3798150839283081,0.03961191764155064,0.3967121253928664,0.30932052440989377,0.0873916009829726
4,1,1,16,5,1,7,1419359.0,1392855.0,0.019028542095192967,0.4,0.14285714285714285,0.14285714285714285,0.0,0.6284102102379414,0.559501695415008,0.06890851482293336,0.5849902445086704,0.4644672996029365,0.12052294490573395
4,1,1,19,6,1,7,1419359.0,1395657.0,0.016982682707857303,0.05,0.0,0.14285714285714285,0.14285714285714285,0.07097800658725029,0.24486794717887153,0.17388994059162124,0.05269405669530773,0.22265178433862576,0.169957727643318
4,1,1,19,6,1,7,1419359.0,1395657.0,0.016982682707857303,0.1,0.14285714285714285,0.14285714285714285,0.0,0.3295510511897067,0.3466845829240787,0.017133531734372043,0.3055751097308416,0.3100604931852845,0.004485383454442882
4,1,1,19,6,1,7,1419359.0,1395657.0,0.016982682707857303,0.2,0.14285714285714285,0.14285714285714285,0.0,0.41942700156985874,0.43199052348212014,0.0125635219122614,0.3967121253928664,0.4243291512409799,0.02761702584811354
4,1,1,19,6,1,7,1419359.0,1395657.0,0.016982682707857303,0.4,0.14285714285714285,0.14285714285714285,0.0,0.6284102102379414,0.5911687402233621,0.037241470014579336,0.5849902445086704,0.5593090134225456,0.025681231086124856
4,1,1,22,7,1,7,1419359.0,1402094.0,0.012313725042686154,0.05,0.0,0.0,0.0,0.07097800658725029,0.10080395794681508,0.029825951359564798,0.05269405669530773,0.07439221240321196,0.021698155707904232
4,1,1,22,7,1,7,1419359.0,1402094.0,0.012313725042686154,0.1,0.14285714285714285,0.14285714285714285,0.0,0.3295510511897067,0.25644803375895814,0.07310301743074854,0.3055751097308416,0.2553622281656104,0.05021288156523124
4,1,1,22,7,1,7,1419359.0,1402094.0,0.012313725042686154,0.2,0.14285714285714285,0.14285714285714285,0.0,0.41942700156985874,0.3892829859216414,0.030144015648217337,0.3967121253928664,0.36451701349323334,0.03219511189963303
4,1,1,22,7,1,7,1419359.0,1402094.0,0.012313725042686154,0.4,0.14285714285714285,0.14285714285714285,0.0,0.6284102102379414,0.5755211175379242,0.05288909270001718,0.5849902445086704,0.5180138066135823,0.06697643789508811
4,1,1,25,8,1,7,1419359.0,1399799.0,0.013973434757418744,0.05,0.0,0.0,0.0,0.07097800658725029,0.12367017040930084,0.05269216382205055,0.05269405669530773,0.10938416782884551,0.05669011113353778
4,1,1,25,8,1,7,1419359.0,1399799.0,0.013973434757418744,0.1,0.14285714285714285,0.14285714285714285,0.0,0.3295510511897067,0.31316889632107026,0.016382154868636423,0.3055751097308416,0.29127565743497275,0.014299452295868875
4,1,1,25,8,1,7,1419359.0,1399799.0,0.013973434757418744,0.2,0.14285714285714285,0.14285714285714285,0.0,0.41942700156985874,0.49308748583045253,0.0736604842605938,0.3967121253928664,0.42753642553379567,0.030824300140929295
4,1,1,25,8,1,7,1419359.0,1399799.0,0.013973434757418744,0.4,0.14285714285714285,0.14285714285714285,0.0,0.6284102102379414,0.6570381664371434,0.028627956199201998,0.5849902445086704,0.6033501323529225,0.01835988784425202
4,1,1,28,9,1,7,1419359.0,1423848.0,0.0031626952730070407,0.05,0.0,0.14285714285714285,0.14285714285714285,0.07097800658725029,0.22389455782312925,0.15291655123587897,0.05269405669530773,0.21177158695831924,0.15907753026301152
4,1,1,28,9,1,7,1419359.0,1423848.0,0.0031626952730070407,0.1,0.14285714285714285,0.14285714285714285,0.0,0.3295510511897067,0.3102891156462585,0.019261935543448183,0.3055751097308416,0.28710960031918115,0.018465509411660475
4,1,1,28,9,1,7,1419359.0,1423848.0,0.0031626952730070407,0.2,0.14285714285714285,0.14285714285714285,0.0,0.41942700156985874,0.39467120181405896,0.02475579975579978,0.3967121253928664,0.39082946136003516,0.00588266403283122
4,1,1,28,9,1,7,1419359.0,1423848.0,0.0031626952730070407,0.4,0.14285714285714285,0.14285714285714285,0.0,0.6284102102379414,0.5794501133786848,0.04896009685925662,0.5849902445086704,0.5522923444488644,0.032697900059805995
4,1,1,31,10,1,7,1419359.0,1399232.0,0.014384319398069799,0.05,0.0,0.0,0.0,0.07097800658725029,0.06727021912443908,0.00370778746281121,0.05269405669530773,0.048166495697596234,0.004527560997711497
4,1,1,31,10,1,7,1419359.0,1399232.0,0.014384319398069799,0.1,0.14285714285714285,0.0,0.14285714285714285,0.3295510511897067,0.12626881856421499,0.2032822326254917,0.3055751097308416,0.11867711797463938,0.18689799175620225
4,1,1,31,10,1,7,1419359.0,1399232.0,0.014384319398069799,0.2,0.14285714285714285,0.14285714285714285,0.0,0.41942700156985874,0.35437745332246606,0.06504954824739267,0.3967121253928664,0.34500376439955444,0.05170836099331194
4,1,1,31,10,1,7,1419359.0,1399232.0,0.014384319398069799,0.4,0.14285714285714285,0.14285714285714285,0.0,0.6284102102379414,0.54672671744283,0.08168349279511145,0.5849902445086704,0.5529781455008683,0.03201209900780211
4,1,1,34,11,1,7,1419359.0,1438712.0,0.013635028206394577,0.05,0.0,0.14285714285714285,0.14285714285714285,0.07097800658725029,0.24702380952380953,0.17604580293655925,0.05269405669530773,0.21307654532352704,0.1603824886282193
4,1,1,34,11,1,7,1419359.0,1438712.0,0.013635028206394577,0.1,0.14285714285714285,0.14285714285714285,0.0,0.3295510511897067,0.2696995464852608,0.05985150470444589,0.3055751097308416,0.23524312416831014,0.07033198556253148
4,1,1,34,11,1,7,1419359.0,1438712.0,0.013635028206394577,0.2,0.14285714285714285,0.14285714285714285,0.0,0.41942700156985874,0.38826363878884884,0.031163362781009896,0.3967121253928664,0.32138972116657766,0.07532240422628872
4,1,1,34,11,1,7,1419359.0,1438712.0,0.013635028206394577,0.4,0.14285714285714285,0.14285714285714285,0.0,0.6284102102379414,0.5468354008269974,0.08157480941094397,0.5849902445086704,0.5040949292037097,0.08089531530496075
4,1,1,37,12,1,7,1419359.0,1415012.0,0.003072058752858633,0.05,0.0,0.14285714285714285,0.14285714285714285,0.07097800658725029,0.23432539682539685,0.16334739023814657,0.05269405669530773,0.21895220243191907,0.16625814573661135
4,1,1,37,12,1,7,1419359.0,1415012.0,0.003072058752858633,0.1,0.14285714285714285,0.14285714285714285,0.0,0.3295510511897067,0.36477272727272725,0.03522167608302057,0.3055751097308416,0.3281023101239939,0.022527200393152258
4,1,1,37,12,1,7,1419359.0,1415012.0,0.003072058752858633,0.2,0.14285714285714285,0.14285714285714285,0.0,0.41942700156985874,0.4587121212121212,0.039285119642262445,0.3967121253928664,0.43182042278467847,0.03510829739181209
4,1,1,37,12,1,7,1419359.0,1415012.0,0.003072058752858633,0.4,0.14285714285714285,0.14285714285714285,0.0,0.6284102102379414,0.6043290043290044,0.02408120590893703,0.5849902445086704,0.5307489279462465,0.054241316562423925
4,1,1,41,14,1,7,1419359.0,1406792.0,0.008933090321810189,0.05,0.0,0.14285714285714285,0.14285714285714285,0.07097800658725029,0.27180416701093396,0.20082616042368368,0.05269405669530773,0.2383411166392823,0.18564705994397457
4,1,1,41,14,1,7,1419359.0,1406792.0,0.008933090321810189,0.1,0.14285714285714285,0.14285714285714285,0.0,0.3295510511897067,0.28753545952794074,0.04201559166176594,0.3055751097308416,0.287668412478665,0.01790669725217664
4,1,1,41,14,1,7,1419359.0,1406792.0,0.008933090321810189,0.2,0.14285714285714285,0.14285714285714285,0.0,0.41942700156985874,0.39954068672003207,0.01988631484982667,0.3967121253928664,0.34788502385439646,0.04882710153846992
4,1,1,41,14,1,7,1419359.0,1406792.0,0.008933090321810189,0.4,0.14285714285714285,0.14285714285714285,0.0,0.6284102102379414,0.5612043400356094,0.06720587020233204,0.5849902445086704,0.4712456372365453,0.11374460727212515
4,1,1,44,15,1,7,1419359.0,1425633.0,0.004420305222286962,0.05,0.0,0.14285714285714285,0.14285714285714285,0.07097800658725029,0.2776360544217687,0.2066580478345184,0.05269405669530773,0.24755283425257768,0.19485877755726994
4,1,1,44,15,1,7,1419359.0,1425633.0,0.004420305222286962,0.1,0.14285714285714285,0.14285714285714285,0.0,0.3295510511897067,0.38562925170068024,0.056078200510973564,0.3055751097308416,0.3442295766046117,0.038654466873770055
4,1,1,44,15,1,7,1419359.0,1425633.0,0.004420305222286962,0.2,0.14285714285714285,0.14285714285714285,0.0,0.41942700156985874,0.48137755102040813,0.0619505494505494,0.3967121253928664,0.4306263225867292,0.03391419719386285
4,1,1,44,15,1,7,1419359.0,1425633.0,0.004420305222286962,0.4,0.14285714285714285,0.14285714285714285,0.0,0.6284102102379414,0.6433673469387754,0.014957136700833984,0.5849902445086704,0.5442798358542487,0.04071040865442177
4,1,1,47,16,1,7,1419359.0,1405275.0,0.01002223764031951,0.05,0.0,0.14285714285714285,0.14285714285714285,0.07097800658725029,0.25132301273605623,0.18034500614880594,0.05269405669530773,0.2023553353520759,0.14966127865676815
4,1,1,47,16,1,7,1419359.0,1405275.0,0.01002223764031951,0.1,0.14285714285714285,0.14285714285714285,0.0,0.3295510511897067,0.3143523746784616,0.015198676511245068,0.3055751097308416,0.25341328992963436,0.052161819801207265
4,1,1,47,16,1,7,1419359.0,1405275.0,0.01002223764031951,0.2,0.14285714285714285,0.14285714285714285,0.0,0.41942700156985874,0.46680626137147874,0.04737925980162,0.3967121253928664,0.34528154350753415,0.05143058188533223
4,1,1,47,16,1,7,1419359.0,1405275.0,0.01002223764031951,0.4,0.14285714285714285,0.14285714285714285,0.0,0.6284102102379414,0.5847669238973587,0.043643286340582677,0.5849902445086704,0.49236558120453394,0.09262466330413649
4,1,1,50,17,1,7,1419359.0,1410308.0,0.006417747045326269,0.05,0.0,0.0,0.0,0.07097800658725029,0.07304421768707482,0.002066211099824536,0.05269405669530773,0.06337998395180733,0.010685927256499597
4,1,1,50,17,1,7,1419359.0,1410308.0,0.006417747045326269,0.1,0.14285714285714285,0.14285714285714285,0.0,0.3295510511897067,0.3092236894757904,0.020327361713916303,0.3055751097308416,0.30934205636033374,0.0037669466294921183
4,1,1,50,17,1,7,1419359.0,1410308.0,0.006417747045326269,0.2,0.14285714285714285,0.14285714285714285,0.0,0.41942700156985874,0.4463935574229692,0.026966555853110474,0.3967121253928664,0.44015322511271343,0.043441099719847054
4,1,1,50,17,1,7,1419359.0,1410308.0,0.006417747045326269,0.4,0.14285714285714285,0.14285714285714285,0.0,0.6284102102379414,0.6276110444177672,0.0007991658201742524,0.5849902445086704,0.5725379032466139,0.012452341262056521
4,1,1,53,18,1,7,1419359.0,1422668.0,0.002331334074043283,0.05,0.0,0.14285714285714285,0.14285714285714285,0.07097800658725029,0.26088745214685066,0.18990944555960038,0.05269405669530773,0.23484630073239607,0.18215224403708835
4,1,1,53,18,1,7,1419359.0,1422668.0,0.002331334074043283,0.1,0.14285714285714285,0.14285714285714285,0.0,0.3295510511897067,0.2903842711173539,0.0391667800723528,0.3055751097308416,0.2728497963575233,0.0327253133733183
4,1,1,53,18,1,7,1419359.0,1422668.0,0.002331334074043283,0.2,0.14285714285714285,0.14285714285714285,0.0,0.41942700156985874,0.39489307868896545,0.02453392288089329,0.3967121253928664,0.3589751690676331,0.03773695632523327
4,1,1,53,18,1,7,1419359.0,1422668.0,0.002331334074043283,0.4,0.14285714285714285,0.14285714285714285,0.0,0.6284102102379414,0.5922056069391319,0.03620460329880948,0.5849902445086704,0.5132425953037963,0.07174764920487409
5,1,2,11,3,2,8,1408017.0,1410567.0,0.0018110576789910917,0.05,0.125,0.0,0.125,0.21240337481146304,0.08576242997198878,0.12664094483947425,0.18590758248921188,0.07440985462987901,0.11149772785933287
5,1,2,11,3,2,8,1408017.0,1410567.0,0.0018110576789910917,0.1,0.25,0.125,0.125,0.4396132972419737,0.37613795518207277,0.06347534205990091,0.40606275365742045,0.31121669426750986,0.09484605938991059
5,1,2,11,3,2,8,1408017.0,1410567.0,0.0018110576789910917,0.2,0.25,0.25,0.0,0.5665697048049989,0.5465248599439776,0.020044844861021316,0.5478061252113284,0.5142514296448928,0.033554695566435644
5,1,2,11,3,2,8,1408017.0,1410567.0,0.0018110576789910917,0.4,0.25,0.25,0.0,0.7189536872441284,0.7141544117647058,0.0047992754794226045,0.677088883489957,0.6669621131578032,0.010126770332153812
5,1,2,20,6,2,8,1408017.0,1412638.0,0.0032819206018109156,0.05,0.125,0.125,0.0,0.21240337481146304,0.2630861479207067,0.050682773109243684,0.18590758248921188,0.2090499069542409,0.023142324465029007
5,1,2,20,6,2,8,1408017.0,1412638.0,0.0032819206018109156,0.1,0.25,0.25,0.0,0.4396132972419737,0.4213900988717165,0.018223198370257154,0.40606275365742045,0.38636590686723554,0.019696846790184908
5,1,2,20,6,2,8,1408017.0,1412638.0,0.0032819206018109156,0.2,0.25,0.25,0.0,0.5665697048049989,0.5365038148126383,0.030065889992360595,0.5478061252113284,0.5228478085792935,0.02495831663203496
5,1,2,20,6,2,8,1408017.0,1412638.0,0.0032819206018109156,0.4,0.25,0.25,0.0,0.7189536872441284,0.7027667491821904,0.01618693806193805,0.677088883489957,0.6941199774129918,0.017031093923034812
5,1,2,29,9,2,8,1408017.0,1412638.0,0.0032819206018109156,0.05,0.125,0.125,0.0,0.21240337481146304,0.2630861479207067,0.050682773109243684,0.18590758248921188,0.2090499069542409,0.023142324465029007
5,1,2,29,9,2,8,1408017.0,1412638.0,0.0032819206018109156,0.1,0.25,0.25,0.0,0.4396132972419737,0.4213900988717165,0.018223198370257154,0.40606275365742045,0.3906246545652098,0.015438099092210666
5,1,2,29,9,2,8,1408017.0,1412638.0,0.0032819206018109156,0.2,0.25,0.25,0.0,0.5665697048049989,0.5365038148126383,0.030065889992360595,0.5478061252113284,0.5228478085792935,0.02495831663203496
5,1,2,29,9,2,8,1408017.0,1412638.0,0.0032819206018109156,0.4,0.25,0.25,0.0,0.7189536872441284,0.7141303855458268,0.004823301698301696,0.677088883489957,0.7057085819518619,0.02861969846190493
5,1,2,32,10,2,8,1408017.0,1424338.0,0.01159147936424063,0.05,0.125,0.25,0.125,0.21240337481146304,0.3624460005574136,0.15004262574595056,0.18590758248921188,0.34919155580301486,0.16328397331380298
5,1,2,32,10,2,8,1408017.0,1424338.0,0.01159147936424063,0.1,0.25,0.25,0.0,0.4396132972419737,0.4706573996655518,0.031044102423578135,0.40606275365742045,0.46265275683164875,0.0565900031742283
5,1,2,32,10,2,8,1408017.0,1424338.0,0.01159147936424063,0.2,0.25,0.25,0.0,0.5665697048049989,0.5773602982162764,0.010790593411277527,0.5478061252113284,0.5686857355514869,0.020879610340158505
5,1,2,32,10,2,8,1408017.0,1424338.0,0.01159147936424063,0.4,0.25,0.25,0.0,0.7189536872441284,0.7288513795986623,0.00989769235453386,0.677088883489957,0.7109868120358923,0.03389792854593532
5,1,2,51,17,2,8,1408017.0,1383663.0,0.017601106627842183,0.05,0.125,0.125,0.0,0.21240337481146304,0.19720763305322128,0.01519574175824176,0.18590758248921188,0.19178622022723588,0.005878637738023995
5,1,2,51,17,2,8,1408017.0,1383663.0,0.017601106627842183,0.1,0.25,0.25,0.0,0.4396132972419737,0.42707895658263306,0.012534340659340615,0.40606275365742045,0.40298541979011343,0.0030773338673070194
5,1,2,51,17,2,8,1408017.0,1383663.0,0.017601106627842183,0.2,0.25,0.25,0.0,0.5665697048049989,0.5339592086834734,0.032610496121525556,0.5478061252113284,0.5156384842747966,0.032167640936531794
5,1,2,51,17,2,8,1408017.0,1383663.0,0.017601106627842183,0.4,0.25,0.25,0.0,0.7189536872441284,0.6544555322128851,0.06449815503124334,0.677088883489957,0.6075269249666768,0.06956195852328018
5,1,2,57,19,2,8,1408017.0,1428930.0,0.014852803623819882,0.05,0.125,0.25,0.125,0.21240337481146304,0.31348079004329005,0.101077415231827,0.18590758248921188,0.28795703264573613,0.10204945015652425
5,1,2,57,19,2,8,1408017.0,1428930.0,0.014852803623819882,0.1,0.25,0.25,0.0,0.4396132972419737,0.3623286435786436,0.0772846536633301,0.40606275365742045,0.3521569674006251,0.053905786256795374
5,1,2,57,19,2,8,1408017.0,1428930.0,0.014852803623819882,0.2,0.25,0.25,0.0,0.5665697048049989,0.5113410894660895,0.05522861533890944,0.5478061252113284,0.4726512165189088,0.07515490869241964
5,1,2,57,19,2,8,1408017.0,1428930.0,0.014852803623819882,0.4,0.25,0.25,0.0,0.7189536872441284,0.6460137085137085,0.07293997873041991,0.677088883489957,0.5689033882820436,0.10818549520791343
6,2,0,9,3,0,6,1349536.0,1369975.0,0.01514520546321106,0.05,0.0,0.0,0.0,0.12212301587301588,0.12855392156862744,0.006430905695611555,0.10935979196414848,0.10208212792454922,0.0072776640395992576
6,2,0,9,3,0,6,1349536.0,1369975.0,0.01514520546321106,0.1,0.0,0.0,0.0,0.2099031279178338,0.21157212885154061,0.0016690009337068101,0.17207030323028757,0.18263384004541092,0.010563536815123342
6,2,0,9,3,0,6,1349536.0,1369975.0,0.01514520546321106,0.2,0.0,0.0,0.0,0.359733893557423,0.32266573295985057,0.03706816059757245,0.32487637721451984,0.25736857530403384,0.067507801910486
6,2,0,9,3,0,6,1349536.0,1369975.0,0.01514520546321106,0.4,0.0,0.0,0.0,0.4899568160597572,0.4672385620915032,0.022718253968254,0.3904976128609135,0.33824819991905136,0.05224941294186214
6,2,0,12,4,0,6,1349536.0,1367047.0,0.01297557086287435,0.05,0.0,0.0,0.0,0.12212301587301588,0.10227272727272728,0.019850288600288604,0.10935979196414848,0.06865721764369756,0.04070257432045092
6,2,0,12,4,0,6,1349536.0,1367047.0,0.01297557086287435,0.1,0.0,0.0,0.0,0.2099031279178338,0.17476851851851852,0.035134609399315286,0.17207030323028757,0.1022079563072082,0.06986234692307937
6,2,0,12,4,0,6,1349536.0,1367047.0,0.01297557086287435,0.2,0.0,0.0,0.0,0.359733893557423,0.3033150128738364,0.056418880683586636,0.32487637721451984,0.2114882695716845,0.11338810764283533
6,2,0,12,4,0,6,1349536.0,1367047.0,0.01297557086287435,0.4,0.0,0.0,0.0,0.4899568160597572,0.42380917013269953,0.06614764592705769,0.3904976128609135,0.3193168200218914,0.07118079283902212
6,2,0,15,5,0,6,1349536.0,1367936.0,0.013634315794465654,0.05,0.0,0.0,0.0,0.12212301587301588,0.10399304857509191,0.018129967297923974,0.10935979196414848,0.0753579144479183,0.03400187751623018
6,2,0,15,5,0,6,1349536.0,1367936.0,0.013634315794465654,0.1,0.0,0.0,0.0,0.2099031279178338,0.1400595964063456,0.0698435315114882,0.17207030323028757,0.08809429234672261,0.08397601088356496
6,2,0,15,5,0,6,1349536.0,1367936.0,0.013634315794465654,0.2,0.0,0.0,0.0,0.359733893557423,0.2410973958961575,0.11863649766126552,0.32487637721451984,0.14274898824645035,0.1821273889680695
6,2,0,15,5,0,6,1349536.0,1367936.0,0.013634315794465654,0.4,0.0,0.0,0.0,0.4899568160597572,0.4252931794727461,0.06466363658701113,0.3904976128609135,0.30910914118055394,0.08138847168035956
6,2,0,18,6,0,6,1349536.0,1371804.0,0.01650048609299789,0.05,0.0,0.0,0.0,0.12212301587301588,0.09454365079365079,0.027579365079365092,0.10935979196414848,0.07873589567391169,0.03062389629023679
6,2,0,18,6,0,6,1349536.0,1371804.0,0.01650048609299789,0.1,0.0,0.0,0.0,0.2099031279178338,0.20291305916305916,0.006990068754774648,0.17207030323028757,0.1665100080918799,0.005560295138407667
6,2,0,18,6,0,6,1349536.0,1371804.0,0.01650048609299789,0.2,0.0,0.0,0.0,0.359733893557423,0.270211038961039,0.08952285459638404,0.32487637721451984,0.24545514111370995,0.0794212361008099
6,2,0,18,6,0,6,1349536.0,1371804.0,0.01650048609299789,0.4,0.0,0.0,0.0,0.4899568160597572,0.4237614237614238,0.06619539229833343,0.3904976128609135,0.3403583669093661,0.050139245951547395
6,2,0,21,7,0,6,1349536.0,1375231.0,0.019039877409717118,0.05,0.0,0.0,0.0,0.12212301587301588,0.0772642390289449,0.04485877684407098,0.10935979196414848,0.07265701046607322,0.036702781498075265
6,2,0,21,7,0,6,1349536.0,1375231.0,0.019039877409717118,0.1,0.0,0.0,0.0,0.2099031279178338,0.12068160597572364,0.08922152194211017,0.17207030323028757,0.12886347776078688,0.04320682546950069
6,2,0,21,7,0,6,1349536.0,1375231.0,0.019039877409717118,0.2,0.0,0.0,0.0,0.359733893557423,0.26050420168067223,0.09922969187675079,0.32487637721451984,0.23634590118152907,0.08853047603299077
6,2,0,21,7,0,6,1349536.0,1375231.0,0.019039877409717118,0.4,0.0,0.0,0.0,0.4899568160597572,0.42787114845938373,0.062085667600373484,0.3904976128609135,0.317902760242065,0.07259485261884852
6,2,0,27,9,0,6,1349536.0,1371804.0,0.01650048609299789,0.05,0.0,0.0,0.0,0.12212301587301588,0.09454365079365079,0.027579365079365092,0.10935979196414848,0.07873589567391169,0.03062389629023679
6,2,0,27,9,0,6,1349536.0,1371804.0,0.01650048609299789,0.1,0.0,0.0,0.0,0.2099031279178338,0.20291305916305916,0.006990068754774648,0.17207030323028757,0.1665100080918799,0.005560295138407667
6,2,0,27,9,0,6,1349536.0,1371804.0,0.01650048609299789,0.2,0.0,0.0,0.0,0.359733893557423,0.270211038961039,0.08952285459638404,0.32487637721451984,0.24545514111370995,0.0794212361008099
6,2,0,27,9,0,6,1349536.0,1371804.0,0.01650048609299789,0.4,0.0,0.0,0.0,0.4899568160597572,0.4313371813371813,0.05861963472257592,0.3904976128609135,0.3484060089502481,0.04209160391066541
6,2,0,30,10,0,6,1349536.0,1375390.0,0.019157695682071468,0.05,0.0,0.0,0.0,0.12212301587301588,0.09375970008962337,0.028363315783392518,0.10935979196414848,0.07157236980277769,0.03778742216137079
6,2,0,30,10,0,6,1349536.0,1375390.0,0.019157695682071468,0.1,0.0,0.0,0.0,0.2099031279178338,0.16753420989354495,0.042368918024288854,0.17207030323028757,0.17153048616202302,0.0005398170682645587
6,2,0,30,10,0,6,1349536.0,1375390.0,0.019157695682071468,0.2,0.0,0.0,0.0,0.359733893557423,0.25371813998732157,0.10601575357010146,0.32487637721451984,0.2605323747592341,0.06434400245528576
6,2,0,30,10,0,6,1349536.0,1375390.0,0.019157695682071468,0.4,0.0,0.0,0.0,0.4899568160597572,0.40448622314031524,0.08547059291944198,0.3904976128609135,0.33928804162648296,0.05120957123443054
6,2,0,36,12,0,6,1349536.0,1374351.0,0.018387801436938325,0.05,0.0,0.0,0.0,0.12212301587301588,0.10725762527233114,0.014865390600684744,0.10935979196414848,0.09256809528564619,0.01679169667850229
6,2,0,36,12,0,6,1349536.0,1374351.0,0.018387801436938325,0.1,0.0,0.0,0.0,0.2099031279178338,0.19780402059813826,0.012099107319695546,0.17207030323028757,0.1701410441000012,0.0019292591302863815
6,2,0,36,12,0,6,1349536.0,1374351.0,0.018387801436938325,0.2,0.0,0.0,0.0,0.359733893557423,0.33347073677956035,0.026263156777862673,0.32487637721451984,0.2480093074865692,0.07686706972795063
6,2,0,36,12,0,6,1349536.0,1374351.0,0.018387801436938325,0.4,0.0,0.0,0.0,0.4899568160597572,0.4302040007922361,0.05975281526752113,0.3904976128609135,0.3430053005195745,0.047492312341338994
6,2,0,46,16,0,6,1349536.0,1364614.0,0.011172728997225713,0.05,0.0,0.0,0.0,0.12212301587301588,0.11543240374762113,0.006690612125394749,0.10935979196414848,0.06185424530457101,0.04750554665957747
6,2,0,46,16,0,6,1349536.0,1364614.0,0.011172728997225713,0.1,0.0,0.0,0.0,0.2099031279178338,0.14824696237739715,0.06165616554043665,0.17207030323028757,0.08748862419149596,0.08458167903879162
6,2,0,46,16,0,6,1349536.0,1364614.0,0.011172728997225713,0.2,0.0,0.0,0.0,0.359733893557423,0.31756988038957346,0.04216401316784957,0.32487637721451984,0.19566138586890977,0.12921499134561007
6,2,0,46,16,0,6,1349536.0,1364614.0,0.011172728997225713,0.4,0.0,0.0,0.0,0.4899568160597572,0.4404923058375744,0.04946451022218279,0.3904976128609135,0.2963262925144507,0.0941713203464628
6,2,0,49,17,0,6,1349536.0,1359667.0,0.007507024636615844,0.05,0.0,0.0,0.0,0.12212301587301588,0.11752450980392155,0.00459850606909433,0.10935979196414848,0.08610930380042849,0.023250488163719996
6,2,0,49,17,0,6,1349536.0,1359667.0,0.007507024636615844,0.1,0.0,0.0,0.0,0.2099031279178338,0.21165382819794584,0.0017507002801120386,0.17207030323028757,0.2017950831413792,0.029724779911091626
6,2,0,49,17,0,6,1349536.0,1359667.0,0.007507024636615844,0.2,0.0,0.0,0.0,0.359733893557423,0.3324171335200747,0.027316760037348342,0.32487637721451984,0.31166639775790395,0.013209979456615895
6,2,0,49,17,0,6,1349536.0,1359667.0,0.007507024636615844,0.4,0.0,0.0,0.0,0.4899568160597572,0.4684932306255835,0.021463585434173704,0.3904976128609135,0.35494163073014645,0.03555598213076705
6,2,0,52,18,0,6,1349536.0,1371470.0,0.016252993621511395,0.05,0.0,0.0,0.0,0.12212301587301588,0.09858597285067873,0.023537043022337154,0.10935979196414848,0.07684747547441267,0.03251231648973581
6,2,0,52,18,0,6,1349536.0,1371470.0,0.016252993621511395,0.1,0.0,0.0,0.0,0.2099031279178338,0.16413084464555053,0.045772283272283276,0.17207030323028757,0.1351563542906124,0.03691394893967517
6,2,0,52,18,0,6,1349536.0,1371470.0,0.016252993621511395,0.2,0.0,0.0,0.0,0.359733893557423,0.24802889104359693,0.11170500251382609,0.32487637721451984,0.1815228096200987,0.14335356759442114
6,2,0,52,18,0,6,1349536.0,1371470.0,0.016252993621511395,0.4,0.0,0.0,0.0,0.4899568160597572,0.46610689147453854,0.023849924585218674,0.3904976128609135,0.31818779508935224,0.07230981777156126
6,2,0,55,19,0,6,1349536.0,1362162.0,0.009355808218528442,0.05,0.0,0.0,0.0,0.12212301587301588,0.08464105339105339,0.03748196248196249,0.10935979196414848,0.05993449144925397,0.049425300514894514
6,2,0,55,19,0,6,1349536.0,1362162.0,0.009355808218528442,0.1,0.0,0.0,0.0,0.2099031279178338,0.1090518278018278,0.100851300116006,0.17207030323028757,0.08804841280418402,0.08402189042610356
6,2,0,55,19,0,6,1349536.0,1362162.0,0.009355808218528442,0.2,0.0,0.0,0.0,0.359733893557423,0.2862501061030473,0.07348378745437573,0.32487637721451984,0.22268514157189803,0.10219123564262181
6,2,0,55,19,0,6,1349536.0,1362162.0,0.009355808218528442,0.4,0.0,0.0,0.0,0.4899568160597572,0.4242733709645474,0.06568344509520979,0.3904976128609135,0.3235831975308268,0.06691441533008669
8,2,2,14,4,2,8,1454581.0,1443770.0,0.007488034797786351,0.05,0.25,0.25,0.0,0.3668037280701754,0.3519593253968254,0.014844402673350021,0.3453791911857968,0.3299169254067823,0.015462265779014495
8,2,2,14,4,2,8,1454581.0,1443770.0,0.007488034797786351,0.1,0.25,0.25,0.0,0.44460623065015475,0.40674603174603174,0.03786019890412301,0.4066803322675909,0.3599182124147243,0.0467621198528666
8,2,2,14,4,2,8,1454581.0,1443770.0,0.007488034797786351,0.2,0.25,0.25,0.0,0.6063161119711042,0.5667002217553688,0.039615890215735416,0.5697524236183732,0.4888776152737776,0.0808748083445956
8,2,2,14,4,2,8,1454581.0,1443770.0,0.007488034797786351,0.4,0.25,0.375,0.125,0.7586042311661506,0.6749460200746966,0.083658211091454,0.7326053214336958,0.6226270895002012,0.10997823193349465
8,2,2,17,5,2,8,1454581.0,1446087.0,0.005873782144504446,0.05,0.25,0.25,0.0,0.3668037280701754,0.35640225787284613,0.010401470197329288,0.3453791911857968,0.3251611988792153,0.0202179923065815
8,2,2,17,5,2,8,1454581.0,1446087.0,0.005873782144504446,0.1,0.25,0.25,0.0,0.44460623065015475,0.40538844325609036,0.039217787394064396,0.4066803322675909,0.365336435318231,0.041343896949359915
8,2,2,17,5,2,8,1454581.0,1446087.0,0.005873782144504446,0.2,0.25,0.25,0.0,0.6063161119711042,0.4872660427807487,0.11905006919035555,0.5697524236183732,0.45183931596693444,0.11791310765143875
8,2,2,17,5,2,8,1454581.0,1446087.0,0.005873782144504446,0.4,0.25,0.25,0.0,0.7586042311661506,0.6976641414141415,0.06094008975200915,0.7326053214336958,0.6302667549388701,0.10233856649482576
8,2,2,23,7,2,8,1454581.0,1451214.0,0.002320126459639998,0.05,0.25,0.0,0.25,0.3668037280701754,0.1290688478188478,0.2377348802513276,0.3453791911857968,0.10161814751910364,0.24376104366669316
8,2,2,23,7,2,8,1454581.0,1451214.0,0.002320126459639998,0.1,0.25,0.125,0.125,0.44460623065015475,0.3156800307535601,0.12892619989659465,0.4066803322675909,0.3340195207780987,0.07266081148949222
8,2,2,23,7,2,8,1454581.0,1451214.0,0.002320126459639998,0.2,0.25,0.25,0.0,0.6063161119711042,0.4939300895183249,0.11238602245277934,0.5697524236183732,0.48506418476057983,0.08468823885779336
8,2,2,23,7,2,8,1454581.0,1451214.0,0.002320126459639998,0.4,0.25,0.375,0.125,0.7586042311661506,0.7284357799063682,0.030168451259782403,0.7326053214336958,0.7114716475386339,0.021133673895061933
8,2,2,26,8,2,8,1454581.0,1451843.0,0.0018858788450266317,0.05,0.25,0.125,0.125,0.3668037280701754,0.23608318764568761,0.1307205404244878,0.3453791911857968,0.22079989271505424,0.12457929847074256
8,2,2,26,8,2,8,1454581.0,1451843.0,0.0018858788450266317,0.1,0.25,0.25,0.0,0.44460623065015475,0.4000109265734266,0.04459530407672818,0.4066803322675909,0.38411540192593635,0.022564930341654577
8,2,2,26,8,2,8,1454581.0,1451843.0,0.0018858788450266317,0.2,0.25,0.25,0.0,0.6063161119711042,0.575882481489099,0.030433630482005203,0.5697524236183732,0.5180213357957242,0.05173108782264901
8,2,2,26,8,2,8,1454581.0,1451843.0,0.0018858788450266317,0.4,0.25,0.25,0.0,0.7586042311661506,0.7538810760318114,0.004723155134339185,0.7326053214336958,0.7110317481036057,0.021573573330090134
8,2,2,35,11,2,8,1454581.0,1453118.0,0.0010068005488886656,0.05,0.25,0.125,0.125,0.3668037280701754,0.2287210338680927,0.13808269420208272,0.3453791911857968,0.20564100301163304,0.13973818817416375
8,2,2,35,11,2,8,1454581.0,1453118.0,0.0010068005488886656,0.1,0.25,0.125,0.125,0.44460623065015475,0.26132650029708854,0.18327973035306622,0.4066803322675909,0.2227132647389211,0.18396706752866981
8,2,2,35,11,2,8,1454581.0,1453118.0,0.0010068005488886656,0.2,0.25,0.25,0.0,0.6063161119711042,0.49262849079025545,0.1136876211808488,0.5697524236183732,0.4226752043569933,0.1470772192613799
8,2,2,35,11,2,8,1454581.0,1453118.0,0.0010068005488886656,0.4,0.25,0.25,0.0,0.7586042311661506,0.5927891042780749,0.16581512688807576,0.7326053214336958,0.5067091408598186,0.22589618057387728
8,2,2,38,12,2,8,1454581.0,1463540.0,0.0061591619854789795,0.05,0.25,0.125,0.125,0.3668037280701754,0.29798344017094014,0.06882028789923528,0.3453791911857968,0.2962707623378338,0.049108428847963015
8,2,2,38,12,2,8,1454581.0,1463540.0,0.0061591619854789795,0.1,0.25,0.25,0.0,0.44460623065015475,0.430354020979021,0.014252209671133775,0.4066803322675909,0.40489429155800855,0.0017860407095823816
8,2,2,38,12,2,8,1454581.0,1463540.0,0.0061591619854789795,0.2,0.25,0.25,0.0,0.6063161119711042,0.541310945998446,0.06500516597265826,0.5697524236183732,0.5288210210430845,0.04093140257528871
8,2,2,38,12,2,8,1454581.0,1463540.0,0.0061591619854789795,0.4,0.25,0.25,0.0,0.7586042311661506,0.7063786907536908,0.05222554041245986,0.7326053214336958,0.7071537133043326,0.0254516081293632
8,2,2,39,13,2,8,1454581.0,1444899.0,0.00670081438218173,0.05,0.25,0.25,0.0,0.3668037280701754,0.3518833849329205,0.014920343137254932,0.3453791911857968,0.3285515193907805,0.01682767179501632
8,2,2,39,13,2,8,1454581.0,1444899.0,0.00670081438218173,0.1,0.25,0.25,0.0,0.44460623065015475,0.3967363261093911,0.047869904540763675,0.4066803322675909,0.3610726644291827,0.04560766783840825
8,2,2,39,13,2,8,1454581.0,1444899.0,0.00670081438218173,0.2,0.25,0.25,0.0,0.6063161119711042,0.4912732198142415,0.11504289215686275,0.5697524236183732,0.4355257274454036,0.13422669617296962
8,2,2,39,13,2,8,1454581.0,1444899.0,0.00670081438218173,0.4,0.25,0.375,0.125,0.7586042311661506,0.6895704334365325,0.06903379772961815,0.7326053214336958,0.62219715816473,0.11040816326896585
8,2,2,42,14,2,8,1454581.0,1447453.0,0.00492451222941263,0.05,0.25,0.25,0.0,0.3668037280701754,0.3628286461345672,0.0039750819356081935,0.3453791911857968,0.33354847705937196,0.011830714126424835
8,2,2,42,14,2,8,1454581.0,1447453.0,0.00492451222941263,0.1,0.25,0.25,0.0,0.44460623065015475,0.3940214117023328,0.05058481894782196,0.4066803322675909,0.3877300715496347,0.018950260717956247
8,2,2,42,14,2,8,1454581.0,1447453.0,0.00492451222941263,0.2,0.25,0.25,0.0,0.6063161119711042,0.5157183824946983,0.09059772947640599,0.5697524236183732,0.4728881245034391,0.0968642991149341
8,2,2,42,14,2,8,1454581.0,1447453.0,0.00492451222941263,0.4,0.25,0.25,0.0,0.7586042311661506,0.6661982480239059,0.09240598314224469,0.7326053214336958,0.6074270082576239,0.12517831317607198
8,2,2,48,16,2,8,1454581.0,1453803.0,0.0005351481596887612,0.05,0.25,0.125,0.125,0.3668037280701754,0.31285635409276713,0.053947373977408286,0.3453791911857968,0.28331198081620423,0.06206721036959256
8,2,2,48,16,2,8,1454581.0,1453803.0,0.0005351481596887612,0.1,0.25,0.25,0.0,0.44460623065015475,0.40967371245903855,0.0349325181911162,0.4066803322675909,0.36487375139872347,0.04180658086886746
8,2,2,48,16,2,8,1454581.0,1453803.0,0.0005351481596887612,0.2,0.25,0.25,0.0,0.6063161119711042,0.5269511059592582,0.07936500601184604,0.5697524236183732,0.4656490855220771,0.10410333809629607
8,2,2,48,16,2,8,1454581.0,1453803.0,0.0005351481596887612,0.4,0.25,0.25,0.0,0.7586042311661506,0.7048692928448363,0.05373493832131426,0.7326053214336958,0.6605523549452259,0.07205296648846993
8,2,2,54,18,2,8,1454581.0,1463329.0,0.006014103030357196,0.05,0.25,0.25,0.0,0.3668037280701754,0.3532765206284943,0.013527207441681122,0.3453791911857968,0.3304905131408465,0.01488867804495031
8,2,2,54,18,2,8,1454581.0,1463329.0,0.006014103030357196,0.1,0.25,0.25,0.0,0.44460623065015475,0.3983170064584538,0.04628922419170095,0.4066803322675909,0.3748231415762101,0.03185719069138082
8,2,2,54,18,2,8,1454581.0,1463329.0,0.006014103030357196,0.2,0.25,0.25,0.0,0.6063161119711042,0.5206405436668594,0.08567556830424483,0.5697524236183732,0.48556615489853944,0.08418626871983376
8,2,2,54,18,2,8,1454581.0,1463329.0,0.006014103030357196,0.4,0.25,0.25,0.0,0.7586042311661506,0.7088921221322537,0.04971210903389689,0.7326053214336958,0.6500168870213467,0.08258843441234909
8,2,2,57,19,2,8,1454581.0,1428930.0,0.017951194250243187,0.05,0.25,0.25,0.0,0.3668037280701754,0.31348079004329005,0.05332293802688537,0.3453791911857968,0.28795703264573613,0.057422158540060664
8,2,2,57,19,2,8,1454581.0,1428930.0,0.017951194250243187,0.1,0.25,0.25,0.0,0.44460623065015475,0.3623286435786436,0.08227758707151117,0.4066803322675909,0.3521569674006251,0.05452336486696585
8,2,2,57,19,2,8,1454581.0,1428930.0,0.017951194250243187,0.2,0.25,0.25,0.0,0.6063161119711042,0.5113410894660895,0.09497502250501477,0.5697524236183732,0.4726512165189088,0.0971012070994644
8,2,2,57,19,2,8,1454581.0,1428930.0,0.017951194250243187,0.4,0.25,0.25,0.0,0.7586042311661506,0.6460137085137085,0.11259052265244207,0.7326053214336958,0.5689033882820436,0.16370193315165227
9,3,0,12,4,0,6,1369975.0,1367047.0,0.00214184296516506,0.05,0.0,0.0,0.0,0.12855392156862744,0.10227272727272728,0.02628119429590016,0.10208212792454922,0.06865721764369756,0.033424910280851663
9,3,0,12,4,0,6,1369975.0,1367047.0,0.00214184296516506,0.1,0.0,0.0,0.0,0.21157212885154061,0.17476851851851852,0.036803610333022097,0.18263384004541092,0.1022079563072082,0.08042588373820271
9,3,0,12,4,0,6,1369975.0,1367047.0,0.00214184296516506,0.2,0.0,0.0,0.0,0.32266573295985057,0.3033150128738364,0.019350720086014184,0.25736857530403384,0.2114882695716845,0.04588030573234933
9,3,0,12,4,0,6,1369975.0,1367047.0,0.00214184296516506,0.4,0.0,0.0,0.0,0.4672385620915032,0.42380917013269953,0.04342939195880369,0.33824819991905136,0.3193168200218914,0.018931379897159983
9,3,0,15,5,0,6,1369975.0,1367936.0,0.0014905668101431646,0.05,0.0,0.0,0.0,0.12855392156862744,0.10399304857509191,0.02456087299353553,0.10208212792454922,0.0753579144479183,0.026724213476630926
9,3,0,15,5,0,6,1369975.0,1367936.0,0.0014905668101431646,0.1,0.0,0.0,0.0,0.21157212885154061,0.1400595964063456,0.07151253244519501,0.18263384004541092,0.08809429234672261,0.0945395476986883
9,3,0,15,5,0,6,1369975.0,1367936.0,0.0014905668101431646,0.2,0.0,0.0,0.0,0.32266573295985057,0.2410973958961575,0.08156833706369307,0.25736857530403384,0.14274898824645035,0.11461958705758349
9,3,0,15,5,0,6,1369975.0,1367936.0,0.0014905668101431646,0.4,0.0,0.0,0.0,0.4672385620915032,0.4252931794727461,0.04194538261875713,0.33824819991905136,0.30910914118055394,0.029139058738497425
9,3,0,18,6,0,6,1369975.0,1371804.0,0.001335060858774795,0.05,0.0,0.0,0.0,0.12855392156862744,0.09454365079365079,0.03401027077497665,0.10208212792454922,0.07873589567391169,0.023346232250637533
9,3,0,18,6,0,6,1369975.0,1371804.0,0.001335060858774795,0.1,0.0,0.0,0.0,0.21157212885154061,0.20291305916305916,0.008659069688481458,0.18263384004541092,0.1665100080918799,0.01612383195353101
9,3,0,18,6,0,6,1369975.0,1371804.0,0.001335060858774795,0.2,0.0,0.0,0.0,0.32266573295985057,0.270211038961039,0.052454693998811586,0.25736857530403384,0.24545514111370995,0.011913434190323896
9,3,0,18,6,0,6,1369975.0,1371804.0,0.001335060858774795,0.4,0.0,0.0,0.0,0.4672385620915032,0.4237614237614238,0.043477138330079435,0.33824819991905136,0.3403583669093661,0.0021101669903147435
9,3,0,21,7,0,6,1369975.0,1375231.0,0.003836566360700013,0.05,0.0,0.0,0.0,0.12855392156862744,0.0772642390289449,0.05128968253968254,0.10208212792454922,0.07265701046607322,0.029425117458476008
9,3,0,21,7,0,6,1369975.0,1375231.0,0.003836566360700013,0.1,0.0,0.0,0.0,0.21157212885154061,0.12068160597572364,0.09089052287581698,0.18263384004541092,0.12886347776078688,0.053770362284624035
9,3,0,21,7,0,6,1369975.0,1375231.0,0.003836566360700013,0.2,0.0,0.0,0.0,0.32266573295985057,0.26050420168067223,0.06216153127917834,0.25736857530403384,0.23634590118152907,0.021022674122504775
9,3,0,21,7,0,6,1369975.0,1375231.0,0.003836566360700013,0.4,0.0,0.0,0.0,0.4672385620915032,0.42787114845938373,0.039367413632119486,0.33824819991905136,0.317902760242065,0.020345439676986377
9,3,0,24,8,0,6,1369975.0,1383049.0,0.009543239840143068,0.05,0.0,0.0,0.0,0.12855392156862744,0.12500862663906143,0.003545294929566012,0.10208212792454922,0.10402965699878153,0.0019475290742323043
9,3,0,24,8,0,6,1369975.0,1383049.0,0.009543239840143068,0.1,0.0,0.0,0.0,0.21157212885154061,0.19674344375431332,0.01482868509722729,0.18263384004541092,0.183797944069681,0.001164104024270085
9,3,0,24,8,0,6,1369975.0,1383049.0,0.009543239840143068,0.2,0.0,0.0,0.0,0.32266573295985057,0.33211190273210733,0.009446169772256763,0.25736857530403384,0.292290815913867,0.03492224060983318
9,3,0,24,8,0,6,1369975.0,1383049.0,0.009543239840143068,0.4,0.0,0.0,0.0,0.4672385620915032,0.4639261864165956,0.0033123756749076083,0.33824819991905136,0.3735914096600797,0.035343209741028336
9,3,0,27,9,0,6,1369975.0,1371804.0,0.001335060858774795,0.05,0.0,0.0,0.0,0.12855392156862744,0.09454365079365079,0.03401027077497665,0.10208212792454922,0.07873589567391169,0.023346232250637533
9,3,0,27,9,0,6,1369975.0,1371804.0,0.001335060858774795,0.1,0.0,0.0,0.0,0.21157212885154061,0.20291305916305916,0.008659069688481458,0.18263384004541092,0.1665100080918799,0.01612383195353101
9,3,0,27,9,0,6,1369975.0,1371804.0,0.001335060858774795,0.2,0.0,0.0,0.0,0.32266573295985057,0.270211038961039,0.052454693998811586,0.25736857530403384,0.24545514111370995,0.011913434190323896
9,3,0,27,9,0,6,1369975.0,1371804.0,0.001335060858774795,0.4,0.0,0.0,0.0,0.4672385620915032,0.4313371813371813,0.03590138075432192,0.33824819991905136,0.3484060089502481,0.01015780903119673
9,3,0,30,10,0,6,1369975.0,1375390.0,0.003952626872753153,0.05,0.0,0.0,0.0,0.12855392156862744,0.09375970008962337,0.03479422147900407,0.10208212792454922,0.07157236980277769,0.030509758121771535
9,3,0,30,10,0,6,1369975.0,1375390.0,0.003952626872753153,0.1,0.0,0.0,0.0,0.21157212885154061,0.16753420989354495,0.044037918957995664,0.18263384004541092,0.17153048616202302,0.0111033538833879
9,3,0,30,10,0,6,1369975.0,1375390.0,0.003952626872753153,0.2,0.0,0.0,0.0,0.32266573295985057,0.25371813998732157,0.068947592972529,0.25736857530403384,0.2605323747592341,0.0031637994552002335
9,3,0,30,10,0,6,1369975.0,1375390.0,0.003952626872753153,0.4,0.0,0.0,0.0,0.4672385620915032,0.40448622314031524,0.06275233895118798,0.33824819991905136,0.33928804162648296,0.001039841707431599
9,3,0,33,11,0,6,1369975.0,1386668.0,0.012184893884924908,0.05,0.0,0.0,0.0,0.12855392156862744,0.08280723905723905,0.04574668251138839,0.10208212792454922,0.062325026098195103,0.03975710182635412
9,3,0,33,11,0,6,1369975.0,1386668.0,0.012184893884924908,0.1,0.0,0.0,0.0,0.21157212885154061,0.10890151515151514,0.10267061370002548,0.18263384004541092,0.08743931410738963,0.09519452593802129
9,3,0,33,11,0,6,1369975.0,1386668.0,0.012184893884924908,0.2,0.0,0.0,0.0,0.32266573295985057,0.22762551990493166,0.09504021305491892,0.25736857530403384,0.16242837083747017,0.09494020446656368
9,3,0,33,11,0,6,1369975.0,1386668.0,0.012184893884924908,0.4,0.0,0.0,0.0,0.4672385620915032,0.3589943553178847,0.10824420677361851,0.33824819991905136,0.25150951586686815,0.08673868405218321
9,3,0,36,12,0,6,1369975.0,1374351.0,0.0031942188726071644,0.05,0.0,0.0,0.0,0.12855392156862744,0.10725762527233114,0.0212962962962963,0.10208212792454922,0.09256809528564619,0.009514032638903033
9,3,0,36,12,0,6,1369975.0,1374351.0,0.0031942188726071644,0.1,0.0,0.0,0.0,0.21157212885154061,0.19780402059813826,0.013768108253402356,0.18263384004541092,0.1701410441000012,0.012492795945409724
9,3,0,36,12,0,6,1369975.0,1374351.0,0.0031942188726071644,0.2,0.0,0.0,0.0,0.32266573295985057,0.33347073677956035,0.01080500381970978,0.25736857530403384,0.2480093074865692,0.009359267817464628
9,3,0,36,12,0,6,1369975.0,1374351.0,0.0031942188726071644,0.4,0.0,0.0,0.0,0.4672385620915032,0.4302040007922361,0.03703456129926713,0.33824819991905136,0.3430053005195745,0.004757100600523145
9,3,0,40,14,0,6,1369975.0,1380685.0,0.007817660906220917,0.05,0.0,0.0,0.0,0.12855392156862744,0.1387057387057387,0.010151817137111274,0.10208212792454922,0.0794947482281858,0.02258737969636343
9,3,0,40,14,0,6,1369975.0,1380685.0,0.007817660906220917,0.1,0.0,0.0,0.0,0.21157212885154061,0.14912240537240537,0.062449723479135244,0.18263384004541092,0.13171553654226464,0.05091830350314627
9,3,0,40,14,0,6,1369975.0,1380685.0,0.007817660906220917,0.2,0.0,0.0,0.0,0.32266573295985057,0.2768346441140559,0.045831088845794676,0.25736857530403384,0.19935426618346538,0.05801430912056846
9,3,0,40,14,0,6,1369975.0,1380685.0,0.007817660906220917,0.4,0.0,0.0,0.0,0.4672385620915032,0.4141066041801336,0.0531319579113696,0.33824819991905136,0.32203816272098823,0.016210037198063132
9,3,0,43,15,0,6,1369975.0,1384972.0,0.010946915089691417,0.05,0.0,0.0,0.0,0.12855392156862744,0.14682539682539683,0.018271475256769393,0.10208212792454922,0.11473941496550104,0.012657287040951815
9,3,0,43,15,0,6,1369975.0,1384972.0,0.010946915089691417,0.1,0.0,0.0,0.0,0.21157212885154061,0.2396475256769374,0.02807539682539678,0.18263384004541092,0.19339035332418597,0.010756513278775054
9,3,0,43,15,0,6,1369975.0,1384972.0,0.010946915089691417,0.2,0.0,0.0,0.0,0.32266573295985057,0.33901727357609707,0.016351540616246496,0.25736857530403384,0.26904744964306765,0.011678874339033807
9,3,0,43,15,0,6,1369975.0,1384972.0,0.010946915089691417,0.4,0.0,0.0,0.0,0.4672385620915032,0.4776552287581699,0.010416666666666685,0.33824819991905136,0.34280014587325863,0.0045519459542072704
9,3,0,46,16,0,6,1369975.0,1364614.0,0.003928583467559325,0.05,0.0,0.0,0.0,0.12855392156862744,0.11543240374762113,0.013121517821006304,0.10208212792454922,0.06185424530457101,0.040227882619978214
9,3,0,46,16,0,6,1369975.0,1364614.0,0.003928583467559325,0.1,0.0,0.0,0.0,0.21157212885154061,0.14824696237739715,0.06332516647414346,0.18263384004541092,0.08748862419149596,0.09514521585391496
9,3,0,46,16,0,6,1369975.0,1364614.0,0.003928583467559325,0.2,0.0,0.0,0.0,0.32266573295985057,0.31756988038957346,0.005095852570277115,0.25736857530403384,0.19566138586890977,0.06170718943512407
9,3,0,46,16,0,6,1369975.0,1364614.0,0.003928583467559325,0.4,0.0,0.0,0.0,0.4672385620915032,0.4404923058375744,0.02674625625392879,0.33824819991905136,0.2963262925144507,0.04192190740460067
9,3,0,49,17,0,6,1369975.0,1359667.0,0.00758126806048834,0.05,0.0,0.0,0.0,0.12855392156862744,0.11752450980392155,0.011029411764705885,0.10208212792454922,0.08610930380042849,0.015972824124120738
9,3,0,49,17,0,6,1369975.0,1359667.0,0.00758126806048834,0.1,0.0,0.0,0.0,0.21157212885154061,0.21165382819794584,8.169934640522847e-05,0.18263384004541092,0.2017950831413792,0.019161243095968283
9,3,0,49,17,0,6,1369975.0,1359667.0,0.00758126806048834,0.2,0.0,0.0,0.0,0.32266573295985057,0.3324171335200747,0.00975140056022411,0.25736857530403384,0.31166639775790395,0.054297822453870104
9,3,0,49,17,0,6,1369975.0,1359667.0,0.00758126806048834,0.4,0.0,0.0,0.0,0.4672385620915032,0.4684932306255835,0.0012546685340802943,0.33824819991905136,0.35494163073014645,0.01669343081109509
9,3,0,52,18,0,6,1369975.0,1371470.0,0.001091260789430464,0.05,0.0,0.0,0.0,0.12855392156862744,0.09858597285067873,0.02996794871794871,0.10208212792454922,0.07684747547441267,0.02523465245013655
9,3,0,52,18,0,6,1369975.0,1371470.0,0.001091260789430464,0.1,0.0,0.0,0.0,0.21157212885154061,0.16413084464555053,0.047441284205990086,0.18263384004541092,0.1351563542906124,0.047477485754798515
9,3,0,52,18,0,6,1369975.0,1371470.0,0.001091260789430464,0.2,0.0,0.0,0.0,0.32266573295985057,0.24802889104359693,0.07463684191625364,0.25736857530403384,0.1815228096200987,0.07584576568393514
9,3,0,52,18,0,6,1369975.0,1371470.0,0.001091260789430464,0.4,0.0,0.0,0.0,0.4672385620915032,0.46610689147453854,0.001131670616964675,0.33824819991905136,0.31818779508935224,0.02006040482969912
9,3,0,55,19,0,6,1369975.0,1362162.0,0.0057357348098096995,0.05,0.0,0.0,0.0,0.12855392156862744,0.08464105339105339,0.043912868177574046,0.10208212792454922,0.05993449144925397,0.04214763647529526
9,3,0,55,19,0,6,1369975.0,1362162.0,0.0057357348098096995,0.1,0.0,0.0,0.0,0.21157212885154061,0.1090518278018278,0.10252030104971281,0.18263384004541092,0.08804841280418402,0.0945854272412269
9,3,0,55,19,0,6,1369975.0,1362162.0,0.0057357348098096995,0.2,0.0,0.0,0.0,0.32266573295985057,0.2862501061030473,0.036415626856803274,0.25736857530403384,0.22268514157189803,0.03468343373213581
9,3,0,55,19,0,6,1369975.0,1362162.0,0.0057357348098096995,0.4,0.0,0.0,0.0,0.4672385620915032,0.4242733709645474,0.04296519112695579,0.33824819991905136,0.3235831975308268,0.014665002388224546
10,3,1,16,5,1,7,1386725.0,1392855.0,0.004420487118931295,0.05,0.0,0.14285714285714285,0.14285714285714285,0.11110944377751099,0.25017585981761126,0.13906641604010028,0.0993854546371498,0.2304144809933693,0.1310290263562195
10,3,1,16,5,1,7,1386725.0,1392855.0,0.004420487118931295,0.1,0.14285714285714285,0.14285714285714285,0.0,0.3690726290516207,0.2919125544954824,0.07716007455613827,0.3380896282255162,0.24644470549972922,0.09164492272578698
10,3,1,16,5,1,7,1386725.0,1392855.0,0.004420487118931295,0.2,0.14285714285714285,0.14285714285714285,0.0,0.522218887555022,0.3798150839283081,0.1424038036267139,0.49343080750585483,0.30932052440989377,0.18411028309596106
10,3,1,16,5,1,7,1386725.0,1392855.0,0.004420487118931295,0.4,0.14285714285714285,0.14285714285714285,0.0,0.6592186874749899,0.559501695415008,0.09971699205998186,0.5874683276854453,0.4644672996029365,0.12300102808250885
10,3,1,19,6,1,7,1386725.0,1395657.0,0.00644107519515405,0.05,0.0,0.14285714285714285,0.14285714285714285,0.11110944377751099,0.24486794717887153,0.13375850340136053,0.0993854546371498,0.22265178433862576,0.12326632970147595
10,3,1,19,6,1,7,1386725.0,1395657.0,0.00644107519515405,0.1,0.14285714285714285,0.14285714285714285,0.0,0.3690726290516207,0.3466845829240787,0.022388046127541972,0.3380896282255162,0.3100604931852845,0.02802913504023169
10,3,1,19,6,1,7,1386725.0,1395657.0,0.00644107519515405,0.2,0.14285714285714285,0.14285714285714285,0.0,0.522218887555022,0.43199052348212014,0.09022836407290186,0.49343080750585483,0.4243291512409799,0.06910165626487491
10,3,1,19,6,1,7,1386725.0,1395657.0,0.00644107519515405,0.4,0.14285714285714285,0.14285714285714285,0.0,0.6592186874749899,0.5911687402233621,0.06804994725162783,0.5874683276854453,0.5593090134225456,0.02815931426289975
10,3,1,22,7,1,7,1386725.0,1402094.0,0.011082947231787125,0.05,0.0,0.0,0.0,0.11110944377751099,0.10080395794681508,0.010305485830695904,0.0993854546371498,0.07439221240321196,0.02499324223393784
10,3,1,22,7,1,7,1386725.0,1402094.0,0.011082947231787125,0.1,0.14285714285714285,0.14285714285714285,0.0,0.3690726290516207,0.25644803375895814,0.11262459529266255,0.3380896282255162,0.2553622281656104,0.08272740005990581
10,3,1,22,7,1,7,1386725.0,1402094.0,0.011082947231787125,0.2,0.14285714285714285,0.14285714285714285,0.0,0.522218887555022,0.3892829859216414,0.1329359016333806,0.49343080750585483,0.36451701349323334,0.12891379401262149
10,3,1,22,7,1,7,1386725.0,1402094.0,0.011082947231787125,0.4,0.14285714285714285,0.14285714285714285,0.0,0.6592186874749899,0.5755211175379242,0.08369756993706567,0.5874683276854453,0.5180138066135823,0.069454521071863
10,3,1,25,8,1,7,1386725.0,1399799.0,0.009427968775351998,0.05,0.0,0.0,0.0,0.11110944377751099,0.12367017040930084,0.01256072663178985,0.0993854546371498,0.10938416782884551,0.009998713191695707
10,3,1,25,8,1,7,1386725.0,1399799.0,0.009427968775351998,0.1,0.14285714285714285,0.14285714285714285,0.0,0.3690726290516207,0.31316889632107026,0.05590373273055044,0.3380896282255162,0.29127565743497275,0.04681397079054345
10,3,1,25,8,1,7,1386725.0,1399799.0,0.009427968775351998,0.2,0.14285714285714285,0.14285714285714285,0.0,0.522218887555022,0.49308748583045253,0.02913140172456946,0.49343080750585483,0.42753642553379567,0.06589438197205916
10,3,1,25,8,1,7,1386725.0,1399799.0,0.009427968775351998,0.4,0.14285714285714285,0.14285714285714285,0.0,0.6592186874749899,0.6570381664371434,0.0021805210378464945,0.5874683276854453,0.6033501323529225,0.01588180466747713
10,3,1,31,10,1,7,1386725.0,1399232.0,0.009019091744938614,0.05,0.0,0.0,0.0,0.11110944377751099,0.06727021912443908,0.04383922465307191,0.0993854546371498,0.048166495697596234,0.05121895893955357
10,3,1,31,10,1,7,1386725.0,1399232.0,0.009019091744938614,0.1,0.14285714285714285,0.0,0.14285714285714285,0.3690726290516207,0.12626881856421499,0.2428038104874057,0.3380896282255162,0.11867711797463938,0.21941251025087682
10,3,1,31,10,1,7,1386725.0,1399232.0,0.009019091744938614,0.2,0.14285714285714285,0.14285714285714285,0.0,0.522218887555022,0.35437745332246606,0.16784143423255593,0.49343080750585483,0.34500376439955444,0.1484270431063004
10,3,1,31,10,1,7,1386725.0,1399232.0,0.009019091744938614,0.4,0.14285714285714285,0.14285714285714285,0.0,0.6592186874749899,0.54672671744283,0.11249197003215994,0.5874683276854453,0.5529781455008683,0.034490182184577
10,3,1,41,14,1,7,1386725.0,1406792.0,0.014470785483783735,0.05,0.0,0.14285714285714285,0.14285714285714285,0.11110944377751099,0.27180416701093396,0.160694723233423,0.0993854546371498,0.2383411166392823,0.1389556620021325
10,3,1,41,14,1,7,1386725.0,1406792.0,0.014470785483783735,0.1,0.14285714285714285,0.14285714285714285,0.0,0.3690726290516207,0.28753545952794074,0.08153716952367995,0.3380896282255162,0.287668412478665,0.05042121574685121
10,3,1,41,14,1,7,1386725.0,1406792.0,0.014470785483783735,0.2,0.14285714285714285,0.14285714285714285,0.0,0.522218887555022,0.39954068672003207,0.12267820083498993,0.49343080750585483,0.34788502385439646,0.14554578365145837
10,3,1,41,14,1,7,1386725.0,1406792.0,0.014470785483783735,0.4,0.14285714285714285,0.14285714285714285,0.0,0.6592186874749899,0.5612043400356094,0.09801434743938053,0.5874683276854453,0.4712456372365453,0.11622269044890005
10,3,1,47,16,1,7,1386725.0,1405275.0,0.013376841118462565,0.05,0.0,0.14285714285714285,0.14285714285714285,0.11110944377751099,0.25132301273605623,0.14021356895854525,0.0993854546371498,0.2023553353520759,0.10296988071492609
10,3,1,47,16,1,7,1386725.0,1405275.0,0.013376841118462565,0.1,0.14285714285714285,0.14285714285714285,0.0,0.3690726290516207,0.3143523746784616,0.05472025437315908,0.3380896282255162,0.25341328992963436,0.08467633829588184
10,3,1,47,16,1,7,1386725.0,1405275.0,0.013376841118462565,0.2,0.14285714285714285,0.14285714285714285,0.0,0.522218887555022,0.46680626137147874,0.05541262618354326,0.49343080750585483,0.34528154350753415,0.14814926399832068
10,3,1,47,16,1,7,1386725.0,1405275.0,0.013376841118462565,0.4,0.14285714285714285,0.14285714285714285,0.0,0.6592186874749899,0.5847669238973587,0.07445176357763117,0.5874683276854453,0.49236558120453394,0.09510274648091138
10,3,1,50,17,1,7,1386725.0,1410308.0,0.017006255746452974,0.05,0.0,0.0,0.0,0.11110944377751099,0.07304421768707482,0.038065226090436166,0.0993854546371498,0.06337998395180733,0.036005470685342475
10,3,1,50,17,1,7,1386725.0,1410308.0,0.017006255746452974,0.1,0.14285714285714285,0.14285714285714285,0.0,0.3690726290516207,0.3092236894757904,0.05984893957583032,0.3380896282255162,0.30934205636033374,0.028747571865182453
10,3,1,50,17,1,7,1386725.0,1410308.0,0.017006255746452974,0.2,0.14285714285714285,0.14285714285714285,0.0,0.522218887555022,0.4463935574229692,0.07582533013205278,0.49343080750585483,0.44015322511271343,0.0532775823931414
10,3,1,50,17,1,7,1386725.0,1410308.0,0.017006255746452974,0.4,0.14285714285714285,0.14285714285714285,0.0,0.6592186874749899,0.6276110444177672,0.031607643057222745,0.5874683276854453,0.5725379032466139,0.014930424438831413
10,3,1,56,19,1,7,1386725.0,1387081.0,0.0002567199697128126,0.05,0.0,0.14285714285714285,0.14285714285714285,0.11110944377751099,0.21930272108843538,0.10819327731092439,0.0993854546371498,0.2011702561189622,0.10178480148181239
10,3,1,56,19,1,7,1386725.0,1387081.0,0.0002567199697128126,0.1,0.14285714285714285,0.14285714285714285,0.0,0.3690726290516207,0.2558106575963719,0.1132619714552488,0.3380896282255162,0.2347333299636303,0.10335629826188589
10,3,1,56,19,1,7,1386725.0,1387081.0,0.0002567199697128126,0.2,0.14285714285714285,0.14285714285714285,0.0,0.522218887555022,0.417922168867547,0.10429671868747498,0.49343080750585483,0.37294096311198494,0.1204898443938699
10,3,1,56,19,1,7,1386725.0,1387081.0,0.0002567199697128126,0.4,0.14285714285714285,0.14285714285714285,0.0,0.6592186874749899,0.5673202614379085,0.09189842603708143,0.5874683276854453,0.47192031258544587,0.11554801509999946
11,3,2,20,6,2,8,1410567.0,1412638.0,0.0014682039208346715,0.05,0.0,0.125,0.125,0.08576242997198878,0.2630861479207067,0.17732371794871793,0.07440985462987901,0.2090499069542409,0.13464005232436188
11,3,2,20,6,2,8,1410567.0,1412638.0,0.0014682039208346715,0.1,0.125,0.25,0.125,0.37613795518207277,0.4213900988717165,0.04525214368964375,0.31121669426750986,0.38636590686723554,0.07514921259972568
11,3,2,20,6,2,8,1410567.0,1412638.0,0.0014682039208346715,0.2,0.25,0.25,0.0,0.5465248599439776,0.5365038148126383,0.010021045131339279,0.5142514296448928,0.5228478085792935,0.008596378934400684
11,3,2,20,6,2,8,1410567.0,1412638.0,0.0014682039208346715,0.4,0.25,0.25,0.0,0.7141544117647058,0.7027667491821904,0.011387662582515445,0.6669621131578032,0.6941199774129918,0.027157864255188624
11,3,2,29,9,2,8,1410567.0,1412638.0,0.0014682039208346715,0.05,0.0,0.125,0.125,0.08576242997198878,0.2630861479207067,0.17732371794871793,0.07440985462987901,0.2090499069542409,0.13464005232436188
11,3,2,29,9,2,8,1410567.0,1412638.0,0.0014682039208346715,0.1,0.125,0.25,0.125,0.37613795518207277,0.4213900988717165,0.04525214368964375,0.31121669426750986,0.3906246545652098,0.07940796029769992
11,3,2,29,9,2,8,1410567.0,1412638.0,0.0014682039208346715,0.2,0.25,0.25,0.0,0.5465248599439776,0.5365038148126383,0.010021045131339279,0.5142514296448928,0.5228478085792935,0.008596378934400684
11,3,2,29,9,2,8,1410567.0,1412638.0,0.0014682039208346715,0.4,0.25,0.25,0.0,0.7141544117647058,0.7141303855458268,2.4026218879091843e-05,0.6669621131578032,0.7057085819518619,0.03874646879405874
11,3,2,32,10,2,8,1410567.0,1424338.0,0.00976274079855831,0.05,0.0,0.25,0.25,0.08576242997198878,0.3624460005574136,0.2766835705854248,0.07440985462987901,0.34919155580301486,0.27478170117313583
11,3,2,32,10,2,8,1410567.0,1424338.0,0.00976274079855831,0.1,0.125,0.25,0.125,0.37613795518207277,0.4706573996655518,0.09451944448347904,0.31121669426750986,0.46265275683164875,0.15143606256413888
11,3,2,32,10,2,8,1410567.0,1424338.0,0.00976274079855831,0.2,0.25,0.25,0.0,0.5465248599439776,0.5773602982162764,0.030835438272298843,0.5142514296448928,0.5686857355514869,0.05443430590659415
11,3,2,32,10,2,8,1410567.0,1424338.0,0.00976274079855831,0.4,0.25,0.25,0.0,0.7141544117647058,0.7288513795986623,0.014696967833956465,0.6669621131578032,0.7109868120358923,0.04402469887808913
11,3,2,51,17,2,8,1410567.0,1383663.0,0.01944404092615037,0.05,0.0,0.125,0.125,0.08576242997198878,0.19720763305322128,0.1114452030812325,0.07440985462987901,0.19178622022723588,0.11737636559735687
11,3,2,51,17,2,8,1410567.0,1383663.0,0.01944404092615037,0.1,0.125,0.25,0.125,0.37613795518207277,0.42707895658263306,0.05094100140056029,0.31121669426750986,0.40298541979011343,0.09176872552260357
11,3,2,51,17,2,8,1410567.0,1383663.0,0.01944404092615037,0.2,0.25,0.25,0.0,0.5465248599439776,0.5339592086834734,0.01256565126050424,0.5142514296448928,0.5156384842747966,0.00138705462990385
11,3,2,51,17,2,8,1410567.0,1383663.0,0.01944404092615037,0.4,0.25,0.25,0.0,0.7141544117647058,0.6544555322128851,0.05969887955182074,0.6669621131578032,0.6075269249666768,0.059435188191126365
11,3,2,57,19,2,8,1410567.0,1428930.0,0.01301816928937087,0.05,0.0,0.25,0.25,0.08576242997198878,0.31348079004329005,0.22771836007130125,0.07440985462987901,0.28795703264573613,0.21354717801585713
11,3,2,57,19,2,8,1410567.0,1428930.0,0.01301816928937087,0.1,0.125,0.25,0.125,0.37613795518207277,0.3623286435786436,0.013809311603429186,0.31121669426750986,0.3521569674006251,0.04094027313311521
11,3,2,57,19,2,8,1410567.0,1428930.0,0.01301816928937087,0.2,0.25,0.25,0.0,0.5465248599439776,0.5113410894660895,0.03518377047788812,0.5142514296448928,0.4726512165189088,0.041600213125984
11,3,2,57,19,2,8,1410567.0,1428930.0,0.01301816928937087,0.4,0.25,0.25,0.0,0.7141544117647058,0.6460137085137085,0.0681407032509973,0.6669621131578032,0.5689033882820436,0.09805872487575962
12,4,0,15,5,0,6,1367047.0,1367936.0,0.0006503068292458123,0.05,0.0,0.0,0.0,0.10227272727272728,0.10399304857509191,0.0017203213023646302,0.06865721764369756,0.0753579144479183,0.006700696804220738
12,4,0,15,5,0,6,1367047.0,1367936.0,0.0006503068292458123,0.1,0.0,0.0,0.0,0.17476851851851852,0.1400595964063456,0.03470892211217291,0.1022079563072082,0.08809429234672261,0.014113663960485592
12,4,0,15,5,0,6,1367047.0,1367936.0,0.0006503068292458123,0.2,0.0,0.0,0.0,0.3033150128738364,0.2410973958961575,0.062217616977678886,0.2114882695716845,0.14274898824645035,0.06873928132523416
12,4,0,15,5,0,6,1367047.0,1367936.0,0.0006503068292458123,0.4,0.0,0.0,0.0,0.42380917013269953,0.4252931794727461,0.0014840093400465548,0.3193168200218914,0.30910914118055394,0.010207678841337442
12,4,0,18,6,0,6,1367047.0,1371804.0,0.0034797633146482895,0.05,0.0,0.0,0.0,0.10227272727272728,0.09454365079365079,0.007729076479076488,0.06865721764369756,0.07873589567391169,0.01007867803021413
12,4,0,18,6,0,6,1367047.0,1371804.0,0.0034797633146482895,0.1,0.0,0.0,0.0,0.17476851851851852,0.20291305916305916,0.02814454064454064,0.1022079563072082,0.1665100080918799,0.0643020517846717
12,4,0,18,6,0,6,1367047.0,1371804.0,0.0034797633146482895,0.2,0.0,0.0,0.0,0.3033150128738364,0.270211038961039,0.0331039739127974,0.2114882695716845,0.24545514111370995,0.033966871542025434
12,4,0,18,6,0,6,1367047.0,1371804.0,0.0034797633146482895,0.4,0.0,0.0,0.0,0.42380917013269953,0.4237614237614238,4.7746371275747546e-05,0.3193168200218914,0.3403583669093661,0.021041546887474727
12,4,0,21,7,0,6,1367047.0,1375231.0,0.005986626648535127,0.05,0.0,0.0,0.0,0.10227272727272728,0.0772642390289449,0.02500848824378238,0.06865721764369756,0.07265701046607322,0.003999792822375656
12,4,0,21,7,0,6,1367047.0,1375231.0,0.005986626648535127,0.1,0.0,0.0,0.0,0.17476851851851852,0.12068160597572364,0.05408691254279488,0.1022079563072082,0.12886347776078688,0.026655521453578676
12,4,0,21,7,0,6,1367047.0,1375231.0,0.005986626648535127,0.2,0.0,0.0,0.0,0.3033150128738364,0.26050420168067223,0.042810811193164156,0.2114882695716845,0.23634590118152907,0.024857631609844555
12,4,0,21,7,0,6,1367047.0,1375231.0,0.005986626648535127,0.4,0.0,0.0,0.0,0.42380917013269953,0.42787114845938373,0.004061978326684201,0.3193168200218914,0.317902760242065,0.0014140597798263932
12,4,0,24,8,0,6,1367047.0,1383049.0,0.011705522926424622,0.05,0.0,0.0,0.0,0.10227272727272728,0.12500862663906143,0.022735899366334147,0.06865721764369756,0.10402965699878153,0.03537243935508397
12,4,0,24,8,0,6,1367047.0,1383049.0,0.011705522926424622,0.1,0.0,0.0,0.0,0.17476851851851852,0.19674344375431332,0.021974925235794807,0.1022079563072082,0.183797944069681,0.0815899877624728
12,4,0,24,8,0,6,1367047.0,1383049.0,0.011705522926424622,0.2,0.0,0.0,0.0,0.3033150128738364,0.33211190273210733,0.028796889858270946,0.2114882695716845,0.292290815913867,0.08080254634218251
12,4,0,24,8,0,6,1367047.0,1383049.0,0.011705522926424622,0.4,0.0,0.0,0.0,0.42380917013269953,0.4639261864165956,0.04011701628389608,0.3193168200218914,0.3735914096600797,0.05427458963818832
12,4,0,27,9,0,6,1367047.0,1371804.0,0.0034797633146482895,0.05,0.0,0.0,0.0,0.10227272727272728,0.09454365079365079,0.007729076479076488,0.06865721764369756,0.07873589567391169,0.01007867803021413
12,4,0,27,9,0,6,1367047.0,1371804.0,0.0034797633146482895,0.1,0.0,0.0,0.0,0.17476851851851852,0.20291305916305916,0.02814454064454064,0.1022079563072082,0.1665100080918799,0.0643020517846717
12,4,0,27,9,0,6,1367047.0,1371804.0,0.0034797633146482895,0.2,0.0,0.0,0.0,0.3033150128738364,0.270211038961039,0.0331039739127974,0.2114882695716845,0.24545514111370995,0.033966871542025434
12,4,0,27,9,0,6,1367047.0,1371804.0,0.0034797633146482895,0.4,0.0,0.0,0.0,0.42380917013269953,0.4313371813371813,0.007528011204481766,0.3193168200218914,0.3484060089502481,0.029089188928356713
12,4,0,30,10,0,6,1367047.0,1375390.0,0.0061029357439795415,0.05,0.0,0.0,0.0,0.10227272727272728,0.09375970008962337,0.008513027183103913,0.06865721764369756,0.07157236980277769,0.0029151521590801283
12,4,0,30,10,0,6,1367047.0,1375390.0,0.0061029357439795415,0.1,0.0,0.0,0.0,0.17476851851851852,0.16753420989354495,0.007234308624973568,0.1022079563072082,0.17153048616202302,0.06932252985481481
12,4,0,30,10,0,6,1367047.0,1375390.0,0.0061029357439795415,0.2,0.0,0.0,0.0,0.3033150128738364,0.25371813998732157,0.04959687288651482,0.2114882695716845,0.2605323747592341,0.049044105187549564
12,4,0,30,10,0,6,1367047.0,1375390.0,0.0061029357439795415,0.4,0.0,0.0,0.0,0.42380917013269953,0.40448622314031524,0.019322946992384293,0.3193168200218914,0.33928804162648296,0.019971221604591582
12,4,0,33,11,0,6,1367047.0,1386668.0,0.014352834979338676,0.05,0.0,0.0,0.0,0.10227272727272728,0.08280723905723905,0.019465488215488227,0.06865721764369756,0.062325026098195103,0.006332191545502457
12,4,0,33,11,0,6,1367047.0,1386668.0,0.014352834979338676,0.1,0.0,0.0,0.0,0.17476851851851852,0.10890151515151514,0.06586700336700338,0.1022079563072082,0.08743931410738963,0.014768642199818577
12,4,0,33,11,0,6,1367047.0,1386668.0,0.014352834979338676,0.2,0.0,0.0,0.0,0.3033150128738364,0.22762551990493166,0.07568949296890473,0.2114882695716845,0.16242837083747017,0.04905989873421435
12,4,0,33,11,0,6,1367047.0,1386668.0,0.014352834979338676,0.4,0.0,0.0,0.0,0.42380917013269953,0.3589943553178847,0.06481481481481483,0.3193168200218914,0.25150951586686815,0.06780730415502323
12,4,0,36,12,0,6,1367047.0,1374351.0,0.005342903352993715,0.05,0.0,0.0,0.0,0.10227272727272728,0.10725762527233114,0.00498489799960386,0.06865721764369756,0.09256809528564619,0.02391087764194863
12,4,0,36,12,0,6,1367047.0,1374351.0,0.005342903352993715,0.1,0.0,0.0,0.0,0.17476851851851852,0.19780402059813826,0.02303550207961974,0.1022079563072082,0.1701410441000012,0.06793308779279299
12,4,0,36,12,0,6,1367047.0,1374351.0,0.005342903352993715,0.2,0.0,0.0,0.0,0.3033150128738364,0.33347073677956035,0.030155723905723963,0.2114882695716845,0.2480093074865692,0.0365210379148847
12,4,0,36,12,0,6,1367047.0,1374351.0,0.005342903352993715,0.4,0.0,0.0,0.0,0.42380917013269953,0.4302040007922361,0.0063948306595365545,0.3193168200218914,0.3430053005195745,0.02368848049768313
12,4,0,40,14,0,6,1367047.0,1380685.0,0.009976248073402012,0.05,0.0,0.0,0.0,0.10227272727272728,0.1387057387057387,0.036433011433011434,0.06865721764369756,0.0794947482281858,0.010837530584488234
12,4,0,40,14,0,6,1367047.0,1380685.0,0.009976248073402012,0.1,0.0,0.0,0.0,0.17476851851851852,0.14912240537240537,0.025646113146113148,0.1022079563072082,0.13171553654226464,0.029507580235056438
12,4,0,40,14,0,6,1367047.0,1380685.0,0.009976248073402012,0.2,0.0,0.0,0.0,0.3033150128738364,0.2768346441140559,0.026480368759780493,0.2114882695716845,0.19935426618346538,0.012134003388219128
12,4,0,40,14,0,6,1367047.0,1380685.0,0.009976248073402012,0.4,0.0,0.0,0.0,0.42380917013269953,0.4141066041801336,0.009702565952565911,0.3193168200218914,0.32203816272098823,0.0027213426990968514
12,4,0,43,15,0,6,1367047.0,1384972.0,0.013112204627931593,0.05,0.0,0.0,0.0,0.10227272727272728,0.14682539682539683,0.04455266955266955,0.06865721764369756,0.11473941496550104,0.04608219732180348
12,4,0,43,15,0,6,1367047.0,1384972.0,0.013112204627931593,0.1,0.0,0.0,0.0,0.17476851851851852,0.2396475256769374,0.06487900715841888,0.1022079563072082,0.19339035332418597,0.09118239701697776
12,4,0,43,15,0,6,1367047.0,1384972.0,0.013112204627931593,0.2,0.0,0.0,0.0,0.3033150128738364,0.33901727357609707,0.03570226070226068,0.2114882695716845,0.26904744964306765,0.05755918007138314
12,4,0,43,15,0,6,1367047.0,1384972.0,0.013112204627931593,0.4,0.0,0.0,0.0,0.42380917013269953,0.4776552287581699,0.05384605862547037,0.3193168200218914,0.34280014587325863,0.023483325851367254
12,4,0,46,16,0,6,1367047.0,1364614.0,0.001782921763956694,0.05,0.0,0.0,0.0,0.10227272727272728,0.11543240374762113,0.013159676474893856,0.06865721764369756,0.06185424530457101,0.006802972339126551
12,4,0,46,16,0,6,1367047.0,1364614.0,0.001782921763956694,0.1,0.0,0.0,0.0,0.17476851851851852,0.14824696237739715,0.026521556141121366,0.1022079563072082,0.08748862419149596,0.014719332115712247
12,4,0,46,16,0,6,1367047.0,1364614.0,0.001782921763956694,0.2,0.0,0.0,0.0,0.3033150128738364,0.31756988038957346,0.014254867515737069,0.2114882695716845,0.19566138586890977,0.01582688370277474
12,4,0,46,16,0,6,1367047.0,1364614.0,0.001782921763956694,0.4,0.0,0.0,0.0,0.42380917013269953,0.4404923058375744,0.016683135704874896,0.3193168200218914,0.2963262925144507,0.022990527507440683
12,4,0,49,17,0,6,1367047.0,1359667.0,0.005427799600931699,0.05,0.0,0.0,0.0,0.10227272727272728,0.11752450980392155,0.015251782531194275,0.06865721764369756,0.08610930380042849,0.017452086156730925
12,4,0,49,17,0,6,1367047.0,1359667.0,0.005427799600931699,0.1,0.0,0.0,0.0,0.17476851851851852,0.21165382819794584,0.036885309679427325,0.1022079563072082,0.2017950831413792,0.099587126834171
12,4,0,49,17,0,6,1367047.0,1359667.0,0.005427799600931699,0.2,0.0,0.0,0.0,0.3033150128738364,0.3324171335200747,0.029102120646238294,0.2114882695716845,0.31166639775790395,0.10017812818621943
12,4,0,49,17,0,6,1367047.0,1359667.0,0.005427799600931699,0.4,0.0,0.0,0.0,0.42380917013269953,0.4684932306255835,0.04468406049288398,0.3193168200218914,0.35494163073014645,0.03562481070825507
12,4,0,52,18,0,6,1367047.0,1371470.0,0.0032354410638405265,0.05,0.0,0.0,0.0,0.10227272727272728,0.09858597285067873,0.0036867544220485493,0.06865721764369756,0.07684747547441267,0.008190257830715114
12,4,0,52,18,0,6,1367047.0,1371470.0,0.0032354410638405265,0.1,0.0,0.0,0.0,0.17476851851851852,0.16413084464555053,0.01063767387296799,0.1022079563072082,0.1351563542906124,0.032948397983404196
12,4,0,52,18,0,6,1367047.0,1371470.0,0.0032354410638405265,0.2,0.0,0.0,0.0,0.3033150128738364,0.24802889104359693,0.055286121830239454,0.2114882695716845,0.1815228096200987,0.02996545995158581
12,4,0,52,18,0,6,1367047.0,1371470.0,0.0032354410638405265,0.4,0.0,0.0,0.0,0.42380917013269953,0.46610689147453854,0.04229772134183901,0.3193168200218914,0.31818779508935224,0.0011290249325391355
12,4,0,55,19,0,6,1367047.0,1362162.0,0.003586210744390168,0.05,0.0,0.0,0.0,0.10227272727272728,0.08464105339105339,0.017631673881673887,0.06865721764369756,0.05993449144925397,0.008722726194443593
12,4,0,55,19,0,6,1367047.0,1362162.0,0.003586210744390168,0.1,0.0,0.0,0.0,0.17476851851851852,0.1090518278018278,0.06571669071669071,0.1022079563072082,0.08804841280418402,0.014159543503024188
12,4,0,55,19,0,6,1367047.0,1362162.0,0.003586210744390168,0.2,0.0,0.0,0.0,0.3033150128738364,0.2862501061030473,0.01706490677078909,0.2114882695716845,0.22268514157189803,0.01119687200021352
12,4,0,55,19,0,6,1367047.0,1362162.0,0.003586210744390168,0.4,0.0,0.0,0.0,0.42380917013269953,0.4242733709645474,0.00046420083184789407,0.3193168200218914,0.3235831975308268,0.004266377508935437
13,4,1,16,5,1,7,1417981.0,1392855.0,0.01803920723980601,0.05,0.14285714285714285,0.14285714285714285,0.0,0.2541872809729953,0.25017585981761126,0.004011421155384054,0.223267333782079,0.2304144809933693,0.007147147211290311
13,4,1,16,5,1,7,1417981.0,1392855.0,0.01803920723980601,0.1,0.14285714285714285,0.14285714285714285,0.0,0.3155019583591012,0.2919125544954824,0.023589403863618796,0.2583212242030647,0.24644470549972922,0.011876518703335476
13,4,1,16,5,1,7,1417981.0,1392855.0,0.01803920723980601,0.2,0.14285714285714285,0.14285714285714285,0.0,0.4734871221215759,0.3798150839283081,0.0936720381932678,0.371523777083596,0.30932052440989377,0.06220325267370225
13,4,1,16,5,1,7,1417981.0,1392855.0,0.01803920723980601,0.4,0.14285714285714285,0.14285714285714285,0.0,0.5895486982671857,0.559501695415008,0.03004700285217765,0.5247562368309389,0.4644672996029365,0.06028893722800238
13,4,1,19,6,1,7,1417981.0,1395657.0,0.015995334097131317,0.05,0.14285714285714285,0.14285714285714285,0.0,0.2541872809729953,0.24486794717887153,0.00931933379412378,0.223267333782079,0.22265178433862576,0.0006155494434532394
13,4,1,19,6,1,7,1417981.0,1395657.0,0.015995334097131317,0.1,0.14285714285714285,0.14285714285714285,0.0,0.3155019583591012,0.3466845829240787,0.0311826245649775,0.2583212242030647,0.3100604931852845,0.05173926898221981
13,4,1,19,6,1,7,1417981.0,1395657.0,0.015995334097131317,0.2,0.14285714285714285,0.14285714285714285,0.0,0.4734871221215759,0.43199052348212014,0.04149659863945576,0.371523777083596,0.4243291512409799,0.0528053741573839
13,4,1,19,6,1,7,1417981.0,1395657.0,0.015995334097131317,0.4,0.14285714285714285,0.14285714285714285,0.0,0.5895486982671857,0.5911687402233621,0.0016200419561763768,0.5247562368309389,0.5593090134225456,0.034552776591606715
13,4,1,22,7,1,7,1417981.0,1402094.0,0.01133090933988734,0.05,0.14285714285714285,0.0,0.14285714285714285,0.2541872809729953,0.10080395794681508,0.15338332302618024,0.223267333782079,0.07439221240321196,0.14887512137886705
13,4,1,22,7,1,7,1417981.0,1402094.0,0.01133090933988734,0.1,0.14285714285714285,0.14285714285714285,0.0,0.3155019583591012,0.25644803375895814,0.05905392460014308,0.2583212242030647,0.2553622281656104,0.002958996037454309
13,4,1,22,7,1,7,1417981.0,1402094.0,0.01133090933988734,0.2,0.14285714285714285,0.14285714285714285,0.0,0.4734871221215759,0.3892829859216414,0.0842041361999345,0.371523777083596,0.36451701349323334,0.007006763590362675
13,4,1,22,7,1,7,1417981.0,1402094.0,0.01133090933988734,0.4,0.14285714285714285,0.14285714285714285,0.0,0.5895486982671857,0.5755211175379242,0.014027580729261468,0.5247562368309389,0.5180138066135823,0.006742430217356543
13,4,1,25,8,1,7,1417981.0,1399799.0,0.012989007707535154,0.05,0.14285714285714285,0.0,0.14285714285714285,0.2541872809729953,0.12367017040930084,0.13051711056369447,0.223267333782079,0.10938416782884551,0.11388316595323349
13,4,1,25,8,1,7,1417981.0,1399799.0,0.012989007707535154,0.1,0.14285714285714285,0.14285714285714285,0.0,0.3155019583591012,0.31316889632107026,0.002333062038030964,0.2583212242030647,0.29127565743497275,0.032954433231908054
13,4,1,25,8,1,7,1417981.0,1399799.0,0.012989007707535154,0.2,0.14285714285714285,0.14285714285714285,0.0,0.4734871221215759,0.49308748583045253,0.019600363708876634,0.371523777083596,0.42753642553379567,0.056012648450199654
13,4,1,25,8,1,7,1417981.0,1399799.0,0.012989007707535154,0.4,0.14285714285714285,0.14285714285714285,0.0,0.5895486982671857,0.6570381664371434,0.06748946816995771,0.5247562368309389,0.6033501323529225,0.07859389552198359
13,4,1,28,9,1,7,1417981.0,1423848.0,0.004137573070443116,0.05,0.14285714285714285,0.14285714285714285,0.0,0.2541872809729953,0.22389455782312925,0.030292723149866058,0.223267333782079,0.21177158695831924,0.011495746823759756
13,4,1,28,9,1,7,1417981.0,1423848.0,0.004137573070443116,0.1,0.14285714285714285,0.14285714285714285,0.0,0.3155019583591012,0.3102891156462585,0.005212842712842725,0.2583212242030647,0.28710960031918115,0.028788376116116454
13,4,1,28,9,1,7,1417981.0,1423848.0,0.004137573070443116,0.2,0.14285714285714285,0.14285714285714285,0.0,0.4734871221215759,0.39467120181405896,0.07881592030751694,0.371523777083596,0.39082946136003516,0.01930568427643914
13,4,1,28,9,1,7,1417981.0,1423848.0,0.004137573070443116,0.4,0.14285714285714285,0.14285714285714285,0.0,0.5895486982671857,0.5794501133786848,0.010098584888500906,0.5247562368309389,0.5522923444488644,0.027536107617925576
13,4,1,31,10,1,7,1417981.0,1399232.0,0.013399493436399396,0.05,0.14285714285714285,0.0,0.14285714285714285,0.2541872809729953,0.06727021912443908,0.18691706184855622,0.223267333782079,0.048166495697596234,0.17510083808448276
13,4,1,31,10,1,7,1417981.0,1399232.0,0.013399493436399396,0.1,0.14285714285714285,0.0,0.14285714285714285,0.3155019583591012,0.12626881856421499,0.18923313979488623,0.2583212242030647,0.11867711797463938,0.13964410622842532
13,4,1,31,10,1,7,1417981.0,1399232.0,0.013399493436399396,0.2,0.14285714285714285,0.14285714285714285,0.0,0.4734871221215759,0.35437745332246606,0.11910966879910984,0.371523777083596,0.34500376439955444,0.026520012684041583
13,4,1,31,10,1,7,1417981.0,1399232.0,0.013399493436399396,0.4,0.14285714285714285,0.14285714285714285,0.0,0.5895486982671857,0.54672671744283,0.04282198082435573,0.5247562368309389,0.5529781455008683,0.028221908669929463
13,4,1,34,11,1,7,1417981.0,1438712.0,0.014620083061761758,0.05,0.14285714285714285,0.14285714285714285,0.0,0.2541872809729953,0.24702380952380953,0.0071634714491857765,0.223267333782079,0.21307654532352704,0.010190788458551953
13,4,1,34,11,1,7,1417981.0,1438712.0,0.014620083061761758,0.1,0.14285714285714285,0.14285714285714285,0.0,0.3155019583591012,0.2696995464852608,0.04580241187384043,0.2583212242030647,0.23524312416831014,0.02307810003475455
13,4,1,34,11,1,7,1417981.0,1438712.0,0.014620083061761758,0.2,0.14285714285714285,0.14285714285714285,0.0,0.4734871221215759,0.38826363878884884,0.08522348333272706,0.371523777083596,0.32138972116657766,0.05013405591701836
13,4,1,34,11,1,7,1417981.0,1438712.0,0.014620083061761758,0.4,0.14285714285714285,0.14285714285714285,0.0,0.5895486982671857,0.5468354008269974,0.04271329744018826,0.5247562368309389,0.5040949292037097,0.020661307627229175
13,4,1,37,12,1,7,1417981.0,1415012.0,0.0020982154214946587,0.05,0.14285714285714285,0.14285714285714285,0.0,0.2541872809729953,0.23432539682539685,0.019861884147598458,0.223267333782079,0.21895220243191907,0.004315131350159929
13,4,1,37,12,1,7,1417981.0,1415012.0,0.0020982154214946587,0.1,0.14285714285714285,0.14285714285714285,0.0,0.3155019583591012,0.36477272727272725,0.04927076891362603,0.2583212242030647,0.3281023101239939,0.06978108592092919
13,4,1,37,12,1,7,1417981.0,1415012.0,0.0020982154214946587,0.2,0.14285714285714285,0.14285714285714285,0.0,0.4734871221215759,0.4587121212121212,0.014775000909454716,0.371523777083596,0.43182042278467847,0.06029664570108245
13,4,1,37,12,1,7,1417981.0,1415012.0,0.0020982154214946587,0.4,0.14285714285714285,0.14285714285714285,0.0,0.5895486982671857,0.6043290043290044,0.014780306061818682,0.5247562368309389,0.5307489279462465,0.005992691115307647
13,4,1,41,14,1,7,1417981.0,1406792.0,0.007953556744707107,0.05,0.14285714285714285,0.14285714285714285,0.0,0.2541872809729953,0.27180416701093396,0.01761688603793865,0.223267333782079,0.2383411166392823,0.015073782857203316
13,4,1,41,14,1,7,1417981.0,1406792.0,0.007953556744707107,0.1,0.14285714285714285,0.14285714285714285,0.0,0.3155019583591012,0.28753545952794074,0.02796649883116048,0.2583212242030647,0.287668412478665,0.02934718827560029
13,4,1,41,14,1,7,1417981.0,1406792.0,0.007953556744707107,0.2,0.14285714285714285,0.14285714285714285,0.0,0.4734871221215759,0.39954068672003207,0.07394643540154383,0.371523777083596,0.34788502385439646,0.02363875322919956
13,4,1,41,14,1,7,1417981.0,1406792.0,0.007953556744707107,0.4,0.14285714285714285,0.14285714285714285,0.0,0.5895486982671857,0.5612043400356094,0.028344358231576328,0.5247562368309389,0.4712456372365453,0.05351059959439358
13,4,1,44,15,1,7,1417981.0,1425633.0,0.0053964051704500976,0.05,0.14285714285714285,0.14285714285714285,0.0,0.2541872809729953,0.2776360544217687,0.023448773448773386,0.223267333782079,0.24755283425257768,0.024285500470498683
13,4,1,44,15,1,7,1417981.0,1425633.0,0.0053964051704500976,0.1,0.14285714285714285,0.14285714285714285,0.0,0.3155019583591012,0.38562925170068024,0.07012729334157902,0.2583212242030647,0.3442295766046117,0.08590835240154698
13,4,1,44,15,1,7,1417981.0,1425633.0,0.0053964051704500976,0.2,0.14285714285714285,0.14285714285714285,0.0,0.4734871221215759,0.48137755102040813,0.007890428898832236,0.371523777083596,0.4306263225867292,0.05910254550313321
13,4,1,44,15,1,7,1417981.0,1425633.0,0.0053964051704500976,0.4,0.14285714285714285,0.14285714285714285,0.0,0.5895486982671857,0.6433673469387754,0.0538186486715897,0.5247562368309389,0.5442798358542487,0.0195235990233098
13,4,1,47,16,1,7,1417981.0,1405275.0,0.00904164665279038,0.05,0.14285714285714285,0.14285714285714285,0.0,0.2541872809729953,0.25132301273605623,0.0028642682369390826,0.223267333782079,0.2023553353520759,0.020911998430003104
13,4,1,47,16,1,7,1417981.0,1405275.0,0.00904164665279038,0.1,0.14285714285714285,0.14285714285714285,0.0,0.3155019583591012,0.3143523746784616,0.0011495836806396098,0.2583212242030647,0.25341328992963436,0.004907934273430337
13,4,1,47,16,1,7,1417981.0,1405275.0,0.00904164665279038,0.2,0.14285714285714285,0.14285714285714285,0.0,0.4734871221215759,0.46680626137147874,0.006680860750097162,0.371523777083596,0.34528154350753415,0.02624223357606187
13,4,1,47,16,1,7,1417981.0,1405275.0,0.00904164665279038,0.4,0.14285714285714285,0.14285714285714285,0.0,0.5895486982671857,0.5847669238973587,0.004781774369826963,0.5247562368309389,0.49236558120453394,0.03239065562640492
13,4,1,50,17,1,7,1417981.0,1410308.0,0.005440655516383655,0.05,0.14285714285714285,0.0,0.14285714285714285,0.2541872809729953,0.07304421768707482,0.1811430632859205,0.223267333782079,0.06337998395180733,0.15988734983027167
13,4,1,50,17,1,7,1417981.0,1410308.0,0.005440655516383655,0.1,0.14285714285714285,0.14285714285714285,0.0,0.3155019583591012,0.3092236894757904,0.006278268883310845,0.2583212242030647,0.30934205636033374,0.05102083215726905
13,4,1,50,17,1,7,1417981.0,1410308.0,0.005440655516383655,0.2,0.14285714285714285,0.14285714285714285,0.0,0.4734871221215759,0.4463935574229692,0.027093564698606687,0.371523777083596,0.44015322511271343,0.06862944802911741
13,4,1,50,17,1,7,1417981.0,1410308.0,0.005440655516383655,0.4,0.14285714285714285,0.14285714285714285,0.0,0.5895486982671857,0.6276110444177672,0.03806234615058146,0.5247562368309389,0.5725379032466139,0.04778166641567505
13,4,1,53,18,1,7,1417981.0,1422668.0,0.0033054039511107693,0.05,0.14285714285714285,0.14285714285714285,0.0,0.2541872809729953,0.26088745214685066,0.0067001711738553515,0.223267333782079,0.23484630073239607,0.011578966950317071
13,4,1,53,18,1,7,1417981.0,1422668.0,0.0033054039511107693,0.1,0.14285714285714285,0.14285714285714285,0.0,0.3155019583591012,0.2903842711173539,0.025117687241747344,0.2583212242030647,0.2728497963575233,0.01452857215445863
13,4,1,53,18,1,7,1417981.0,1422668.0,0.0033054039511107693,0.2,0.14285714285714285,0.14285714285714285,0.0,0.4734871221215759,0.39489307868896545,0.07859404343261045,0.371523777083596,0.3589751690676331,0.012548608015962914
13,4,1,53,18,1,7,1417981.0,1422668.0,0.0033054039511107693,0.4,0.14285714285714285,0.14285714285714285,0.0,0.5895486982671857,0.5922056069391319,0.0026569086719462343,0.5247562368309389,0.5132425953037963,0.011513641527142515
14,4,2,17,5,2,8,1443770.0,1446087.0,0.0016048262534891292,0.05,0.25,0.25,0.0,0.3519593253968254,0.35640225787284613,0.004442932476020733,0.3299169254067823,0.3251611988792153,0.004755726527567006
14,4,2,17,5,2,8,1443770.0,1446087.0,0.0016048262534891292,0.1,0.25,0.25,0.0,0.40674603174603174,0.40538844325609036,0.001357588489941386,0.3599182124147243,0.365336435318231,0.0054182229035066864
14,4,2,17,5,2,8,1443770.0,1446087.0,0.0016048262534891292,0.2,0.25,0.25,0.0,0.5667002217553688,0.4872660427807487,0.07943417897462013,0.4888776152737776,0.45183931596693444,0.03703829930684316
14,4,2,17,5,2,8,1443770.0,1446087.0,0.0016048262534891292,0.4,0.375,0.25,0.125,0.6749460200746966,0.6976641414141415,0.02271812133944484,0.6226270895002012,0.6302667549388701,0.007639665438668897
14,4,2,23,7,2,8,1443770.0,1451214.0,0.005155945891658644,0.05,0.25,0.0,0.25,0.3519593253968254,0.1290688478188478,0.22289047757797759,0.3299169254067823,0.10161814751910364,0.22829877788767866
14,4,2,23,7,2,8,1443770.0,1451214.0,0.005155945891658644,0.1,0.25,0.125,0.125,0.40674603174603174,0.3156800307535601,0.09106600099247164,0.3599182124147243,0.3340195207780987,0.025898691636625615
14,4,2,23,7,2,8,1443770.0,1451214.0,0.005155945891658644,0.2,0.25,0.25,0.0,0.5667002217553688,0.4939300895183249,0.07277013223704393,0.4888776152737776,0.48506418476057983,0.0038134305131977686
14,4,2,23,7,2,8,1443770.0,1451214.0,0.005155945891658644,0.4,0.375,0.375,0.0,0.6749460200746966,0.7284357799063682,0.05348975983167159,0.6226270895002012,0.7114716475386339,0.08884455803843272
14,4,2,26,8,2,8,1443770.0,1451843.0,0.00559161085214404,0.05,0.25,0.125,0.125,0.3519593253968254,0.23608318764568761,0.11587613775113778,0.3299169254067823,0.22079989271505424,0.10911703269172807
14,4,2,26,8,2,8,1443770.0,1451843.0,0.00559161085214404,0.1,0.25,0.25,0.0,0.40674603174603174,0.4000109265734266,0.006735105172605171,0.3599182124147243,0.38411540192593635,0.024197189511212025
14,4,2,26,8,2,8,1443770.0,1451843.0,0.00559161085214404,0.2,0.25,0.25,0.0,0.5667002217553688,0.575882481489099,0.009182259733730214,0.4888776152737776,0.5180213357957242,0.02914372052194658
14,4,2,26,8,2,8,1443770.0,1451843.0,0.00559161085214404,0.4,0.375,0.25,0.125,0.6749460200746966,0.7538810760318114,0.07893505595711481,0.6226270895002012,0.7110317481036057,0.08840465860340452
14,4,2,32,10,2,8,1443770.0,1424338.0,0.013642829159932543,0.05,0.25,0.25,0.0,0.3519593253968254,0.3624460005574136,0.01048667516058821,0.3299169254067823,0.34919155580301486,0.01927463039623256
14,4,2,32,10,2,8,1443770.0,1424338.0,0.013642829159932543,0.1,0.25,0.25,0.0,0.40674603174603174,0.4706573996655518,0.06391136791952007,0.3599182124147243,0.46265275683164875,0.10273454441692442
14,4,2,32,10,2,8,1443770.0,1424338.0,0.013642829159932543,0.2,0.25,0.25,0.0,0.5667002217553688,0.5773602982162764,0.010660076460907608,0.4888776152737776,0.5686857355514869,0.07980812027770934
14,4,2,32,10,2,8,1443770.0,1424338.0,0.013642829159932543,0.4,0.375,0.25,0.125,0.6749460200746966,0.7288513795986623,0.05390535952396569,0.6226270895002012,0.7109868120358923,0.08835972253569113
14,4,2,35,11,2,8,1443770.0,1453118.0,0.006474715501776598,0.05,0.25,0.125,0.125,0.3519593253968254,0.2287210338680927,0.1232382915287327,0.3299169254067823,0.20564100301163304,0.12427592239514926
14,4,2,35,11,2,8,1443770.0,1453118.0,0.006474715501776598,0.1,0.25,0.125,0.125,0.40674603174603174,0.26132650029708854,0.1454195314489432,0.3599182124147243,0.2227132647389211,0.1372049476758032
14,4,2,35,11,2,8,1443770.0,1453118.0,0.006474715501776598,0.2,0.25,0.25,0.0,0.5667002217553688,0.49262849079025545,0.07407173096511338,0.4888776152737776,0.4226752043569933,0.0662024109167843
14,4,2,35,11,2,8,1443770.0,1453118.0,0.006474715501776598,0.4,0.375,0.25,0.125,0.6749460200746966,0.5927891042780749,0.08215691579662177,0.6226270895002012,0.5067091408598186,0.11591794864038263
14,4,2,38,12,2,8,1443770.0,1463540.0,0.0136933168025378,0.05,0.25,0.125,0.125,0.3519593253968254,0.29798344017094014,0.053975885225885256,0.3299169254067823,0.2962707623378338,0.03364616306894852
14,4,2,38,12,2,8,1443770.0,1463540.0,0.0136933168025378,0.1,0.25,0.25,0.0,0.40674603174603174,0.430354020979021,0.023607989232989235,0.3599182124147243,0.40489429155800855,0.04497607914328422
14,4,2,38,12,2,8,1443770.0,1463540.0,0.0136933168025378,0.2,0.25,0.25,0.0,0.5667002217553688,0.541310945998446,0.025389275756922847,0.4888776152737776,0.5288210210430845,0.03994340576930688
14,4,2,38,12,2,8,1443770.0,1463540.0,0.0136933168025378,0.4,0.375,0.25,0.125,0.6749460200746966,0.7063786907536908,0.031432670678994135,0.6226270895002012,0.7071537133043326,0.08452662380413145
14,4,2,39,13,2,8,1443770.0,1444899.0,0.0007819805093609093,0.05,0.25,0.25,0.0,0.3519593253968254,0.3518833849329205,7.594046390491105e-05,0.3299169254067823,0.3285515193907805,0.0013654060160018244
14,4,2,39,13,2,8,1443770.0,1444899.0,0.0007819805093609093,0.1,0.25,0.25,0.0,0.40674603174603174,0.3967363261093911,0.010009705636640664,0.3599182124147243,0.3610726644291827,0.0011544520144583514
14,4,2,39,13,2,8,1443770.0,1444899.0,0.0007819805093609093,0.2,0.25,0.25,0.0,0.5667002217553688,0.4912732198142415,0.07542700194112734,0.4888776152737776,0.4355257274454036,0.05335188782837402
14,4,2,39,13,2,8,1443770.0,1444899.0,0.0007819805093609093,0.4,0.375,0.375,0.0,0.6749460200746966,0.6895704334365325,0.014624413361835842,0.6226270895002012,0.62219715816473,0.0004299313354712009
14,4,2,42,14,2,8,1443770.0,1447453.0,0.0025509603330170316,0.05,0.25,0.25,0.0,0.3519593253968254,0.3628286461345672,0.010869320737741828,0.3299169254067823,0.33354847705937196,0.0036315516525896596
14,4,2,42,14,2,8,1443770.0,1447453.0,0.0025509603330170316,0.1,0.25,0.25,0.0,0.40674603174603174,0.3940214117023328,0.012724620043698953,0.3599182124147243,0.3877300715496347,0.027811859134910355
14,4,2,42,14,2,8,1443770.0,1447453.0,0.0025509603330170316,0.2,0.25,0.25,0.0,0.5667002217553688,0.5157183824946983,0.05098183926067057,0.4888776152737776,0.4728881245034391,0.01598949077033851
14,4,2,42,14,2,8,1443770.0,1447453.0,0.0025509603330170316,0.4,0.375,0.25,0.125,0.6749460200746966,0.6661982480239059,0.008747772050790692,0.6226270895002012,0.6074270082576239,0.015200081242577324
14,4,2,48,16,2,8,1443770.0,1453803.0,0.0069491678037360526,0.05,0.25,0.125,0.125,0.3519593253968254,0.31285635409276713,0.039102971304058265,0.3299169254067823,0.28331198081620423,0.04660494459057807
14,4,2,48,16,2,8,1443770.0,1453803.0,0.0069491678037360526,0.1,0.25,0.25,0.0,0.40674603174603174,0.40967371245903855,0.0029276807130068083,0.3599182124147243,0.36487375139872347,0.0049555389839991415
14,4,2,48,16,2,8,1443770.0,1453803.0,0.0069491678037360526,0.2,0.25,0.25,0.0,0.5667002217553688,0.5269511059592582,0.03974911579611062,0.4888776152737776,0.4656490855220771,0.023228529751700477
14,4,2,48,16,2,8,1443770.0,1453803.0,0.0069491678037360526,0.4,0.375,0.25,0.125,0.6749460200746966,0.7048692928448363,0.02992327277013973,0.6226270895002012,0.6605523549452259,0.037925265445024725
14,4,2,54,18,2,8,1443770.0,1463329.0,0.013547171640912334,0.05,0.25,0.25,0.0,0.3519593253968254,0.3532765206284943,0.0013171952316688995,0.3299169254067823,0.3304905131408465,0.0005735877340641848
14,4,2,54,18,2,8,1443770.0,1463329.0,0.013547171640912334,0.1,0.25,0.25,0.0,0.40674603174603174,0.3983170064584538,0.00842902528757794,0.3599182124147243,0.3748231415762101,0.01490492916148578
14,4,2,54,18,2,8,1443770.0,1463329.0,0.013547171640912334,0.2,0.25,0.25,0.0,0.5667002217553688,0.5206405436668594,0.046059678088509415,0.4888776152737776,0.48556615489853944,0.003311460375238162
14,4,2,54,18,2,8,1443770.0,1463329.0,0.013547171640912334,0.4,0.375,0.25,0.125,0.6749460200746966,0.7088921221322537,0.033946102057557104,0.6226270895002012,0.6500168870213467,0.027389797521145565
14,4,2,57,19,2,8,1443770.0,1428930.0,0.010385393266290162,0.05,0.25,0.25,0.0,0.3519593253968254,0.31348079004329005,0.03847853535353535,0.3299169254067823,0.28795703264573613,0.04195989276104617
14,4,2,57,19,2,8,1443770.0,1428930.0,0.010385393266290162,0.1,0.25,0.25,0.0,0.40674603174603174,0.3623286435786436,0.04441738816738816,0.3599182124147243,0.3521569674006251,0.0077612450140992495
14,4,2,57,19,2,8,1443770.0,1428930.0,0.010385393266290162,0.2,0.25,0.25,0.0,0.5667002217553688,0.5113410894660895,0.055359132289279356,0.4888776152737776,0.4726512165189088,0.01622639875486881
14,4,2,57,19,2,8,1443770.0,1428930.0,0.010385393266290162,0.4,0.375,0.25,0.125,0.6749460200746966,0.6460137085137085,0.028932311560988078,0.6226270895002012,0.5689033882820436,0.053723701218157616
15,5,0,18,6,0,6,1367936.0,1371804.0,0.0028276176663235707,0.05,0.0,0.0,0.0,0.10399304857509191,0.09454365079365079,0.009449397781441118,0.0753579144479183,0.07873589567391169,0.003377981225993393
15,5,0,18,6,0,6,1367936.0,1371804.0,0.0028276176663235707,0.1,0.0,0.0,0.0,0.1400595964063456,0.20291305916305916,0.06285346275671355,0.08809429234672261,0.1665100080918799,0.0784157157451573
15,5,0,18,6,0,6,1367936.0,1371804.0,0.0028276176663235707,0.2,0.0,0.0,0.0,0.2410973958961575,0.270211038961039,0.029113643064881484,0.14274898824645035,0.24545514111370995,0.10270615286725959
15,5,0,18,6,0,6,1367936.0,1371804.0,0.0028276176663235707,0.4,0.0,0.0,0.0,0.4252931794727461,0.4237614237614238,0.0015317557113223024,0.30910914118055394,0.3403583669093661,0.03124922572881217
15,5,0,21,7,0,6,1367936.0,1375231.0,0.005332851829325348,0.05,0.0,0.0,0.0,0.10399304857509191,0.0772642390289449,0.02672880954614701,0.0753579144479183,0.07265701046607322,0.002700903981845082
15,5,0,21,7,0,6,1367936.0,1375231.0,0.005332851829325348,0.1,0.0,0.0,0.0,0.1400595964063456,0.12068160597572364,0.019377990430621966,0.08809429234672261,0.12886347776078688,0.04076918541406427
15,5,0,21,7,0,6,1367936.0,1375231.0,0.005332851829325348,0.2,0.0,0.0,0.0,0.2410973958961575,0.26050420168067223,0.01940680578451473,0.14274898824645035,0.23634590118152907,0.09359691293507871
15,5,0,21,7,0,6,1367936.0,1375231.0,0.005332851829325348,0.4,0.0,0.0,0.0,0.4252931794727461,0.42787114845938373,0.0025779689866376465,0.30910914118055394,0.317902760242065,0.008793619061511049
15,5,0,24,8,0,6,1367936.0,1383049.0,0.011048031486853186,0.05,0.0,0.0,0.0,0.10399304857509191,0.12500862663906143,0.021015578063969517,0.0753579144479183,0.10402965699878153,0.02867174255086323
15,5,0,24,8,0,6,1367936.0,1383049.0,0.011048031486853186,0.1,0.0,0.0,0.0,0.1400595964063456,0.19674344375431332,0.05668384734796772,0.08809429234672261,0.183797944069681,0.09570365172295839
15,5,0,24,8,0,6,1367936.0,1383049.0,0.011048031486853186,0.2,0.0,0.0,0.0,0.2410973958961575,0.33211190273210733,0.09101450683594983,0.14274898824645035,0.292290815913867,0.14954182766741667
15,5,0,24,8,0,6,1367936.0,1383049.0,0.011048031486853186,0.4,0.0,0.0,0.0,0.4252931794727461,0.4639261864165956,0.038633006943849524,0.30910914118055394,0.3735914096600797,0.06448226847952576
15,5,0,27,9,0,6,1367936.0,1371804.0,0.0028276176663235707,0.05,0.0,0.0,0.0,0.10399304857509191,0.09454365079365079,0.009449397781441118,0.0753579144479183,0.07873589567391169,0.003377981225993393
15,5,0,27,9,0,6,1367936.0,1371804.0,0.0028276176663235707,0.1,0.0,0.0,0.0,0.1400595964063456,0.20291305916305916,0.06285346275671355,0.08809429234672261,0.1665100080918799,0.0784157157451573
15,5,0,27,9,0,6,1367936.0,1371804.0,0.0028276176663235707,0.2,0.0,0.0,0.0,0.2410973958961575,0.270211038961039,0.029113643064881484,0.14274898824645035,0.24545514111370995,0.10270615286725959
15,5,0,27,9,0,6,1367936.0,1371804.0,0.0028276176663235707,0.4,0.0,0.0,0.0,0.4252931794727461,0.4313371813371813,0.006044001864435211,0.30910914118055394,0.3484060089502481,0.039296867769694155
15,5,0,30,10,0,6,1367936.0,1375390.0,0.005449085337325723,0.05,0.0,0.0,0.0,0.10399304857509191,0.09375970008962337,0.010233348485468544,0.0753579144479183,0.07157236980277769,0.0037855446451406094
15,5,0,30,10,0,6,1367936.0,1375390.0,0.005449085337325723,0.1,0.0,0.0,0.0,0.1400595964063456,0.16753420989354495,0.027474613487199345,0.08809429234672261,0.17153048616202302,0.0834361938153004
15,5,0,30,10,0,6,1367936.0,1375390.0,0.005449085337325723,0.2,0.0,0.0,0.0,0.2410973958961575,0.25371813998732157,0.012620744091164066,0.14274898824645035,0.2605323747592341,0.11778338651278372
15,5,0,30,10,0,6,1367936.0,1375390.0,0.005449085337325723,0.4,0.0,0.0,0.0,0.4252931794727461,0.40448622314031524,0.020806956332430848,0.30910914118055394,0.33928804162648296,0.030178900445929024
15,5,0,33,11,0,6,1367936.0,1386668.0,0.013693623093478057,0.05,0.0,0.0,0.0,0.10399304857509191,0.08280723905723905,0.021185809517852858,0.0753579144479183,0.062325026098195103,0.013032888349723194
15,5,0,33,11,0,6,1367936.0,1386668.0,0.013693623093478057,0.1,0.0,0.0,0.0,0.1400595964063456,0.10890151515151514,0.031158081254830466,0.08809429234672261,0.08743931410738963,0.0006549782393329845
15,5,0,33,11,0,6,1367936.0,1386668.0,0.013693623093478057,0.2,0.0,0.0,0.0,0.2410973958961575,0.22762551990493166,0.013471875991225846,0.14274898824645035,0.16242837083747017,0.01967938259101981
15,5,0,33,11,0,6,1367936.0,1386668.0,0.013693623093478057,0.4,0.0,0.0,0.0,0.4252931794727461,0.3589943553178847,0.06629882415486138,0.30910914118055394,0.25150951586686815,0.05759962531368579
15,5,0,36,12,0,6,1367936.0,1374351.0,0.00468954687938617,0.05,0.0,0.0,0.0,0.10399304857509191,0.10725762527233114,0.00326457669723923,0.0753579144479183,0.09256809528564619,0.017210180837727893
15,5,0,36,12,0,6,1367936.0,1374351.0,0.00468954687938617,0.1,0.0,0.0,0.0,0.1400595964063456,0.19780402059813826,0.057744424191792654,0.08809429234672261,0.1701410441000012,0.08204675175327858
15,5,0,36,12,0,6,1367936.0,1374351.0,0.00468954687938617,0.2,0.0,0.0,0.0,0.2410973958961575,0.33347073677956035,0.09237334088340285,0.14274898824645035,0.2480093074865692,0.10526031924011886
15,5,0,36,12,0,6,1367936.0,1374351.0,0.00468954687938617,0.4,0.0,0.0,0.0,0.4252931794727461,0.4302040007922361,0.00491082131949,0.30910914118055394,0.3430053005195745,0.03389615933902057
15,5,0,40,14,0,6,1367936.0,1380685.0,0.009319880462243848,0.05,0.0,0.0,0.0,0.10399304857509191,0.1387057387057387,0.0347126901306468,0.0753579144479183,0.0794947482281858,0.004136833780267496
15,5,0,40,14,0,6,1367936.0,1380685.0,0.009319880462243848,0.1,0.0,0.0,0.0,0.1400595964063456,0.14912240537240537,0.009062808966059765,0.08809429234672261,0.13171553654226464,0.04362124419554203
15,5,0,40,14,0,6,1367936.0,1380685.0,0.009319880462243848,0.2,0.0,0.0,0.0,0.2410973958961575,0.2768346441140559,0.03573724821789839,0.14274898824645035,0.19935426618346538,0.05660527793701503
15,5,0,40,14,0,6,1367936.0,1380685.0,0.009319880462243848,0.4,0.0,0.0,0.0,0.4252931794727461,0.4141066041801336,0.011186575292612466,0.30910914118055394,0.32203816272098823,0.012929021540434293
15,5,0,43,15,0,6,1367936.0,1384972.0,0.012453799008140731,0.05,0.0,0.0,0.0,0.10399304857509191,0.14682539682539683,0.04283234825030492,0.0753579144479183,0.11473941496550104,0.03938150051758274
15,5,0,43,15,0,6,1367936.0,1384972.0,0.012453799008140731,0.1,0.0,0.0,0.0,0.1400595964063456,0.2396475256769374,0.09958792927059179,0.08809429234672261,0.19339035332418597,0.10529606097746336
15,5,0,43,15,0,6,1367936.0,1384972.0,0.012453799008140731,0.2,0.0,0.0,0.0,0.2410973958961575,0.33901727357609707,0.09791987767993957,0.14274898824645035,0.26904744964306765,0.1262984613966173
15,5,0,43,15,0,6,1367936.0,1384972.0,0.012453799008140731,0.4,0.0,0.0,0.0,0.4252931794727461,0.4776552287581699,0.05236204928542382,0.30910914118055394,0.34280014587325863,0.033691004692704696
15,5,0,46,16,0,6,1367936.0,1364614.0,0.0024343880394016183,0.05,0.0,0.0,0.0,0.10399304857509191,0.11543240374762113,0.011439355172529225,0.0753579144479183,0.06185424530457101,0.013503669143347288
15,5,0,46,16,0,6,1367936.0,1364614.0,0.0024343880394016183,0.1,0.0,0.0,0.0,0.1400595964063456,0.14824696237739715,0.008187365971051547,0.08809429234672261,0.08748862419149596,0.0006056681552266546
15,5,0,46,16,0,6,1367936.0,1364614.0,0.0024343880394016183,0.2,0.0,0.0,0.0,0.2410973958961575,0.31756988038957346,0.07647248449341595,0.14274898824645035,0.19566138586890977,0.05291239762245942
15,5,0,46,16,0,6,1367936.0,1364614.0,0.0024343880394016183,0.4,0.0,0.0,0.0,0.4252931794727461,0.4404923058375744,0.015199126364828341,0.30910914118055394,0.2963262925144507,0.012782848666103241
15,5,0,49,17,0,6,1367936.0,1359667.0,0.006081636165325774,0.05,0.0,0.0,0.0,0.10399304857509191,0.11752450980392155,0.013531461228829644,0.0753579144479183,0.08610930380042849,0.010751389352510188
15,5,0,49,17,0,6,1367936.0,1359667.0,0.006081636165325774,0.1,0.0,0.0,0.0,0.1400595964063456,0.21165382819794584,0.07159423179160024,0.08809429234672261,0.2017950831413792,0.11370079079465659
15,5,0,49,17,0,6,1367936.0,1359667.0,0.006081636165325774,0.2,0.0,0.0,0.0,0.2410973958961575,0.3324171335200747,0.09131973762391718,0.14274898824645035,0.31166639775790395,0.1689174095114536
15,5,0,49,17,0,6,1367936.0,1359667.0,0.006081636165325774,0.4,0.0,0.0,0.0,0.4252931794727461,0.4684932306255835,0.043200051152837426,0.30910914118055394,0.35494163073014645,0.045832489549592514
15,5,0,52,18,0,6,1367936.0,1371470.0,0.0025834541966875645,0.05,0.0,0.0,0.0,0.10399304857509191,0.09858597285067873,0.0054070757244131795,0.0753579144479183,0.07684747547441267,0.0014895610264943765
15,5,0,52,18,0,6,1367936.0,1371470.0,0.0025834541966875645,0.1,0.0,0.0,0.0,0.1400595964063456,0.16413084464555053,0.024071248239204923,0.08809429234672261,0.1351563542906124,0.04706206194388979
15,5,0,52,18,0,6,1367936.0,1371470.0,0.0025834541966875645,0.2,0.0,0.0,0.0,0.2410973958961575,0.24802889104359693,0.0069314951474394315,0.14274898824645035,0.1815228096200987,0.03877382137364835
15,5,0,52,18,0,6,1367936.0,1371470.0,0.0025834541966875645,0.4,0.0,0.0,0.0,0.4252931794727461,0.46610689147453854,0.04081371200179246,0.30910914118055394,0.31818779508935224,0.009078653908798306
15,5,0,55,19,0,6,1367936.0,1362162.0,0.004238849710974172,0.05,0.0,0.0,0.0,0.10399304857509191,0.08464105339105339,0.019351995184038517,0.0753579144479183,0.05993449144925397,0.015423422998664331
15,5,0,55,19,0,6,1367936.0,1362162.0,0.004238849710974172,0.1,0.0,0.0,0.0,0.1400595964063456,0.1090518278018278,0.031007768604517802,0.08809429234672261,0.08804841280418402,4.587954253859605e-05
15,5,0,55,19,0,6,1367936.0,1362162.0,0.004238849710974172,0.2,0.0,0.0,0.0,0.2410973958961575,0.2862501061030473,0.045152710206889796,0.14274898824645035,0.22268514157189803,0.07993615332544768
15,5,0,55,19,0,6,1367936.0,1362162.0,0.004238849710974172,0.4,0.0,0.0,0.0,0.4252931794727461,0.4242733709645474,0.0010198085081986608,0.30910914118055394,0.3235831975308268,0.01447405635027288
16,5,1,19,6,1,7,1392855.0,1395657.0,0.0020116954026083117,0.05,0.14285714285714285,0.14285714285714285,0.0,0.25017585981761126,0.24486794717887153,0.005307912638739726,0.2304144809933693,0.22265178433862576,0.0077626966547435505
16,5,1,19,6,1,7,1392855.0,1395657.0,0.0020116954026083117,0.1,0.14285714285714285,0.14285714285714285,0.0,0.2919125544954824,0.3466845829240787,0.0547720284285963,0.24644470549972922,0.3100604931852845,0.06361578768555529
16,5,1,19,6,1,7,1392855.0,1395657.0,0.0020116954026083117,0.2,0.14285714285714285,0.14285714285714285,0.0,0.3798150839283081,0.43199052348212014,0.05217543955381204,0.30932052440989377,0.4243291512409799,0.11500862683108615
16,5,1,19,6,1,7,1392855.0,1395657.0,0.0020116954026083117,0.4,0.14285714285714285,0.14285714285714285,0.0,0.559501695415008,0.5911687402233621,0.03166704480835403,0.4644672996029365,0.5593090134225456,0.0948417138196091
16,5,1,22,7,1,7,1392855.0,1402094.0,0.006633138409956528,0.05,0.14285714285714285,0.0,0.14285714285714285,0.25017585981761126,0.10080395794681508,0.1493719018707962,0.2304144809933693,0.07439221240321196,0.15602226859015733
16,5,1,22,7,1,7,1392855.0,1402094.0,0.006633138409956528,0.1,0.14285714285714285,0.14285714285714285,0.0,0.2919125544954824,0.25644803375895814,0.035464520736524285,0.24644470549972922,0.2553622281656104,0.008917522665881167
16,5,1,22,7,1,7,1392855.0,1402094.0,0.006633138409956528,0.2,0.14285714285714285,0.14285714285714285,0.0,0.3798150839283081,0.3892829859216414,0.009467901993333305,0.30932052440989377,0.36451701349323334,0.05519648908333957
16,5,1,22,7,1,7,1392855.0,1402094.0,0.006633138409956528,0.4,0.14285714285714285,0.14285714285714285,0.0,0.559501695415008,0.5755211175379242,0.016019422122916183,0.4644672996029365,0.5180138066135823,0.05354650701064584
16,5,1,25,8,1,7,1392855.0,1399799.0,0.004985443567349078,0.05,0.14285714285714285,0.0,0.14285714285714285,0.25017585981761126,0.12367017040930084,0.12650568940831042,0.2304144809933693,0.10938416782884551,0.1210303131645238
16,5,1,25,8,1,7,1392855.0,1399799.0,0.004985443567349078,0.1,0.14285714285714285,0.14285714285714285,0.0,0.2919125544954824,0.31316889632107026,0.021256341825587832,0.24644470549972922,0.29127565743497275,0.04483095193524353
16,5,1,25,8,1,7,1392855.0,1399799.0,0.004985443567349078,0.2,0.14285714285714285,0.14285714285714285,0.0,0.3798150839283081,0.49308748583045253,0.11327240190214444,0.30932052440989377,0.42753642553379567,0.1182159011239019
16,5,1,25,8,1,7,1392855.0,1399799.0,0.004985443567349078,0.4,0.14285714285714285,0.14285714285714285,0.0,0.559501695415008,0.6570381664371434,0.09753647102213536,0.4644672996029365,0.6033501323529225,0.13888283274998597
16,5,1,31,10,1,7,1392855.0,1399232.0,0.004578366017999002,0.05,0.14285714285714285,0.0,0.14285714285714285,0.25017585981761126,0.06727021912443908,0.18290564069317217,0.2304144809933693,0.048166495697596234,0.18224798529577307
16,5,1,31,10,1,7,1392855.0,1399232.0,0.004578366017999002,0.1,0.14285714285714285,0.0,0.14285714285714285,0.2919125544954824,0.12626881856421499,0.16564373593126744,0.24644470549972922,0.11867711797463938,0.12776758752508982
16,5,1,31,10,1,7,1392855.0,1399232.0,0.004578366017999002,0.2,0.14285714285714285,0.14285714285714285,0.0,0.3798150839283081,0.35437745332246606,0.025437630605842032,0.30932052440989377,0.34500376439955444,0.035683239989660664
16,5,1,31,10,1,7,1392855.0,1399232.0,0.004578366017999002,0.4,0.14285714285714285,0.14285714285714285,0.0,0.559501695415008,0.54672671744283,0.012774977972178081,0.4644672996029365,0.5529781455008683,0.08851084589793184
16,5,1,37,12,1,7,1392855.0,1415012.0,0.015907614216842385,0.05,0.14285714285714285,0.14285714285714285,0.0,0.25017585981761126,0.23432539682539685,0.015850462992214404,0.2304144809933693,0.21895220243191907,0.01146227856145024
16,5,1,37,12,1,7,1392855.0,1415012.0,0.015907614216842385,0.1,0.14285714285714285,0.14285714285714285,0.0,0.2919125544954824,0.36477272727272725,0.07286017277724482,0.24644470549972922,0.3281023101239939,0.08165760462426466
16,5,1,37,12,1,7,1392855.0,1415012.0,0.015907614216842385,0.2,0.14285714285714285,0.14285714285714285,0.0,0.3798150839283081,0.4587121212121212,0.07889703728381309,0.30932052440989377,0.43182042278467847,0.1224998983747847
16,5,1,37,12,1,7,1392855.0,1415012.0,0.015907614216842385,0.4,0.14285714285714285,0.14285714285714285,0.0,0.559501695415008,0.6043290043290044,0.04482730891399633,0.4644672996029365,0.5307489279462465,0.06628162834331003
16,5,1,41,14,1,7,1392855.0,1406792.0,0.010006066676000014,0.05,0.14285714285714285,0.14285714285714285,0.0,0.25017585981761126,0.27180416701093396,0.021628307193322704,0.2304144809933693,0.2383411166392823,0.007926635645913005
16,5,1,41,14,1,7,1392855.0,1406792.0,0.010006066676000014,0.1,0.14285714285714285,0.14285714285714285,0.0,0.2919125544954824,0.28753545952794074,0.004377094967541684,0.24644470549972922,0.287668412478665,0.041223706978935765
16,5,1,41,14,1,7,1392855.0,1406792.0,0.010006066676000014,0.2,0.14285714285714285,0.14285714285714285,0.0,0.3798150839283081,0.39954068672003207,0.019725602791723973,0.30932052440989377,0.34788502385439646,0.03856449944450269
16,5,1,41,14,1,7,1392855.0,1406792.0,0.010006066676000014,0.4,0.14285714285714285,0.14285714285714285,0.0,0.559501695415008,0.5612043400356094,0.0017026446206013235,0.4644672996029365,0.4712456372365453,0.0067783376336088
16,5,1,47,16,1,7,1392855.0,1405275.0,0.008916936795287378,0.05,0.14285714285714285,0.14285714285714285,0.0,0.25017585981761126,0.25132301273605623,0.0011471529184449714,0.2304144809933693,0.2023553353520759,0.028059145641293415
16,5,1,47,16,1,7,1392855.0,1405275.0,0.008916936795287378,0.1,0.14285714285714285,0.14285714285714285,0.0,0.2919125544954824,0.3143523746784616,0.022439820182979187,0.24644470549972922,0.25341328992963436,0.006968584429905139
16,5,1,47,16,1,7,1392855.0,1405275.0,0.008916936795287378,0.2,0.14285714285714285,0.14285714285714285,0.0,0.3798150839283081,0.46680626137147874,0.08699117744317064,0.30932052440989377,0.34528154350753415,0.03596101909764038
16,5,1,47,16,1,7,1392855.0,1405275.0,0.008916936795287378,0.4,0.14285714285714285,0.14285714285714285,0.0,0.559501695415008,0.5847669238973587,0.025265228482350688,0.4644672996029365,0.49236558120453394,0.027898281601597463
16,5,1,50,17,1,7,1392855.0,1410308.0,0.012530378251863978,0.05,0.14285714285714285,0.0,0.14285714285714285,0.25017585981761126,0.07304421768707482,0.17713164213053645,0.2304144809933693,0.06337998395180733,0.16703449704156198
16,5,1,50,17,1,7,1392855.0,1410308.0,0.012530378251863978,0.1,0.14285714285714285,0.14285714285714285,0.0,0.2919125544954824,0.3092236894757904,0.01731113498030795,0.24644470549972922,0.30934205636033374,0.06289735086060452
16,5,1,50,17,1,7,1392855.0,1410308.0,0.012530378251863978,0.2,0.14285714285714285,0.14285714285714285,0.0,0.3798150839283081,0.4463935574229692,0.06657847349466112,0.30932052440989377,0.44015322511271343,0.13083270070281966
16,5,1,50,17,1,7,1392855.0,1410308.0,0.012530378251863978,0.4,0.14285714285714285,0.14285714285714285,0.0,0.559501695415008,0.6276110444177672,0.06810934900275911,0.4644672996029365,0.5725379032466139,0.10807060364367743
16,5,1,56,19,1,7,1392855.0,1387081.0,0.004162698501385283,0.05,0.14285714285714285,0.14285714285714285,0.0,0.25017585981761126,0.21930272108843538,0.03087313872917588,0.2304144809933693,0.2011702561189622,0.029244224874407115
16,5,1,56,19,1,7,1392855.0,1387081.0,0.004162698501385283,0.1,0.14285714285714285,0.14285714285714285,0.0,0.2919125544954824,0.2558106575963719,0.03610189689911053,0.24644470549972922,0.2347333299636303,0.011711375536098911
16,5,1,56,19,1,7,1392855.0,1387081.0,0.004162698501385283,0.2,0.14285714285714285,0.14285714285714285,0.0,0.3798150839283081,0.417922168867547,0.03810708493923892,0.30932052440989377,0.37294096311198494,0.06362043870209116
16,5,1,56,19,1,7,1392855.0,1387081.0,0.004162698501385283,0.4,0.14285714285714285,0.14285714285714285,0.0,0.559501695415008,0.5673202614379085,0.00781856602290043,0.4644672996029365,0.47192031258544587,0.007453012982509388
17,5,2,23,7,2,8,1446087.0,1451214.0,0.0035454298392835286,0.05,0.25,0.0,0.25,0.35640225787284613,0.1290688478188478,0.22733341005399832,0.3251611988792153,0.10161814751910364,0.22354305136011166
17,5,2,23,7,2,8,1446087.0,1451214.0,0.0035454298392835286,0.1,0.25,0.125,0.125,0.40538844325609036,0.3156800307535601,0.08970841250253025,0.365336435318231,0.3340195207780987,0.0313169145401323
17,5,2,23,7,2,8,1446087.0,1451214.0,0.0035454298392835286,0.2,0.25,0.25,0.0,0.4872660427807487,0.4939300895183249,0.006664046737576201,0.45183931596693444,0.48506418476057983,0.03322486879364539
17,5,2,23,7,2,8,1446087.0,1451214.0,0.0035454298392835286,0.4,0.25,0.375,0.125,0.6976641414141415,0.7284357799063682,0.03077163849222675,0.6302667549388701,0.7114716475386339,0.08120489259976382
17,5,2,26,8,2,8,1446087.0,1451843.0,0.003980396753445678,0.05,0.25,0.125,0.125,0.35640225787284613,0.23608318764568761,0.12031907022715851,0.3251611988792153,0.22079989271505424,0.10436130616416106
17,5,2,26,8,2,8,1446087.0,1451843.0,0.003980396753445678,0.1,0.25,0.25,0.0,0.40538844325609036,0.4000109265734266,0.0053775166826637855,0.365336435318231,0.38411540192593635,0.01877896660770534
17,5,2,26,8,2,8,1446087.0,1451843.0,0.003980396753445678,0.2,0.25,0.25,0.0,0.4872660427807487,0.575882481489099,0.08861643870835034,0.45183931596693444,0.5180213357957242,0.06618201982878974
17,5,2,26,8,2,8,1446087.0,1451843.0,0.003980396753445678,0.4,0.25,0.25,0.0,0.6976641414141415,0.7538810760318114,0.05621693461766997,0.6302667549388701,0.7110317481036057,0.08076499316473562
17,5,2,32,10,2,8,1446087.0,1424338.0,0.0152695497838294,0.05,0.25,0.25,0.0,0.35640225787284613,0.3624460005574136,0.006043742684567477,0.3251611988792153,0.34919155580301486,0.024030356923799567
17,5,2,32,10,2,8,1446087.0,1424338.0,0.0152695497838294,0.1,0.25,0.25,0.0,0.40538844325609036,0.4706573996655518,0.06526895640946145,0.365336435318231,0.46265275683164875,0.09731632151341774
17,5,2,32,10,2,8,1446087.0,1424338.0,0.0152695497838294,0.2,0.25,0.25,0.0,0.4872660427807487,0.5773602982162764,0.09009425543552774,0.45183931596693444,0.5686857355514869,0.1168464195845525
17,5,2,32,10,2,8,1446087.0,1424338.0,0.0152695497838294,0.4,0.25,0.25,0.0,0.6976641414141415,0.7288513795986623,0.03118723818452085,0.6302667549388701,0.7109868120358923,0.08072005709702224
17,5,2,35,11,2,8,1446087.0,1453118.0,0.0048620864443149,0.05,0.25,0.125,0.125,0.35640225787284613,0.2287210338680927,0.12768122400475343,0.3251611988792153,0.20564100301163304,0.11952019586758225
17,5,2,35,11,2,8,1446087.0,1453118.0,0.0048620864443149,0.1,0.25,0.125,0.125,0.40538844325609036,0.26132650029708854,0.14406194295900182,0.365336435318231,0.2227132647389211,0.1426231705793099
17,5,2,35,11,2,8,1446087.0,1453118.0,0.0048620864443149,0.2,0.25,0.25,0.0,0.4872660427807487,0.49262849079025545,0.005362448009506748,0.45183931596693444,0.4226752043569933,0.029164111609941146
17,5,2,35,11,2,8,1446087.0,1453118.0,0.0048620864443149,0.4,0.25,0.25,0.0,0.6976641414141415,0.5927891042780749,0.1048750371360666,0.6302667549388701,0.5067091408598186,0.12355761407905153
17,5,2,38,12,2,8,1446087.0,1463540.0,0.012069121705678842,0.05,0.25,0.125,0.125,0.35640225787284613,0.29798344017094014,0.05841881770190599,0.3251611988792153,0.2962707623378338,0.028890436541381515
17,5,2,38,12,2,8,1446087.0,1463540.0,0.012069121705678842,0.1,0.25,0.25,0.0,0.40538844325609036,0.430354020979021,0.02496557772293062,0.365336435318231,0.40489429155800855,0.039557856239777534
17,5,2,38,12,2,8,1446087.0,1463540.0,0.012069121705678842,0.2,0.25,0.25,0.0,0.4872660427807487,0.541310945998446,0.05404490321769728,0.45183931596693444,0.5288210210430845,0.07698170507615004
17,5,2,38,12,2,8,1446087.0,1463540.0,0.012069121705678842,0.4,0.25,0.25,0.0,0.6976641414141415,0.7063786907536908,0.008714549339549293,0.6302667549388701,0.7071537133043326,0.07688695836546255
17,5,2,39,13,2,8,1446087.0,1444899.0,0.0008222027975657814,0.05,0.25,0.25,0.0,0.35640225787284613,0.3518833849329205,0.004518872939925644,0.3251611988792153,0.3285515193907805,0.0033903205115651813
17,5,2,39,13,2,8,1446087.0,1444899.0,0.0008222027975657814,0.1,0.25,0.25,0.0,0.40538844325609036,0.3967363261093911,0.008652117146699279,0.365336435318231,0.3610726644291827,0.004263770889048335
17,5,2,39,13,2,8,1446087.0,1444899.0,0.0008222027975657814,0.2,0.25,0.25,0.0,0.4872660427807487,0.4912732198142415,0.0040071770334927925,0.45183931596693444,0.4355257274454036,0.016313588521530864
17,5,2,39,13,2,8,1446087.0,1444899.0,0.0008222027975657814,0.4,0.25,0.375,0.125,0.6976641414141415,0.6895704334365325,0.008093707977609,0.6302667549388701,0.62219715816473,0.008069596774140098
17,5,2,42,14,2,8,1446087.0,1447453.0,0.000944618131550868,0.05,0.25,0.25,0.0,0.35640225787284613,0.3628286461345672,0.006426388261721094,0.3251611988792153,0.33354847705937196,0.008387278180156665
17,5,2,42,14,2,8,1446087.0,1447453.0,0.000944618131550868,0.1,0.25,0.25,0.0,0.40538844325609036,0.3940214117023328,0.011367031553757567,0.365336435318231,0.3877300715496347,0.02239363623140367
17,5,2,42,14,2,8,1446087.0,1447453.0,0.000944618131550868,0.2,0.25,0.25,0.0,0.4872660427807487,0.5157183824946983,0.02845233971394956,0.45183931596693444,0.4728881245034391,0.02104880853650465
17,5,2,42,14,2,8,1446087.0,1447453.0,0.000944618131550868,0.4,0.25,0.25,0.0,0.6976641414141415,0.6661982480239059,0.03146589339023553,0.6302667549388701,0.6074270082576239,0.02283974668124622
17,5,2,48,16,2,8,1446087.0,1453803.0,0.005335778552742677,0.05,0.25,0.125,0.125,0.35640225787284613,0.31285635409276713,0.043545903780079,0.3251611988792153,0.28331198081620423,0.04184921806301106
17,5,2,48,16,2,8,1446087.0,1453803.0,0.005335778552742677,0.1,0.25,0.25,0.0,0.40538844325609036,0.40967371245903855,0.004285269202948194,0.365336435318231,0.36487375139872347,0.00046268391950754495
17,5,2,48,16,2,8,1446087.0,1453803.0,0.005335778552742677,0.2,0.25,0.25,0.0,0.4872660427807487,0.5269511059592582,0.039685063178509505,0.45183931596693444,0.4656490855220771,0.013809769555142681
17,5,2,48,16,2,8,1446087.0,1453803.0,0.005335778552742677,0.4,0.25,0.25,0.0,0.6976641414141415,0.7048692928448363,0.007205151430694889,0.6302667549388701,0.6605523549452259,0.03028560000635583
17,5,2,54,18,2,8,1446087.0,1463329.0,0.011923210705856562,0.05,0.25,0.25,0.0,0.35640225787284613,0.3532765206284943,0.003125737244351834,0.3251611988792153,0.3304905131408465,0.005329314261631191
17,5,2,54,18,2,8,1446087.0,1463329.0,0.011923210705856562,0.1,0.25,0.25,0.0,0.40538844325609036,0.3983170064584538,0.007071436797636554,0.365336435318231,0.3748231415762101,0.009486706257979094
17,5,2,54,18,2,8,1446087.0,1463329.0,0.011923210705856562,0.2,0.25,0.25,0.0,0.4872660427807487,0.5206405436668594,0.033374500886110714,0.45183931596693444,0.48556615489853944,0.033726838931605
17,5,2,54,18,2,8,1446087.0,1463329.0,0.011923210705856562,0.4,0.25,0.25,0.0,0.6976641414141415,0.7088921221322537,0.011227980718112263,0.6302667549388701,0.6500168870213467,0.019750132082476668
17,5,2,57,19,2,8,1446087.0,1428930.0,0.012006886271545843,0.05,0.25,0.25,0.0,0.35640225787284613,0.31348079004329005,0.04292146782955608,0.3251611988792153,0.28795703264573613,0.03720416623347916
17,5,2,57,19,2,8,1446087.0,1428930.0,0.012006886271545843,0.1,0.25,0.25,0.0,0.40538844325609036,0.3623286435786436,0.043059799677446775,0.365336435318231,0.3521569674006251,0.013179467917605936
17,5,2,57,19,2,8,1446087.0,1428930.0,0.012006886271545843,0.2,0.25,0.25,0.0,0.4872660427807487,0.5113410894660895,0.024075046685340773,0.45183931596693444,0.4726512165189088,0.02081190055197435
17,5,2,57,19,2,8,1446087.0,1428930.0,0.012006886271545843,0.4,0.25,0.25,0.0,0.6976641414141415,0.6460137085137085,0.05165043290043292,0.6302667549388701,0.5689033882820436,0.06136336665682651
18,6,0,21,7,0,6,1371804.0,1375231.0,0.0024981702925490814,0.05,0.0,0.0,0.0,0.09454365079365079,0.0772642390289449,0.01727941176470589,0.07873589567391169,0.07265701046607322,0.006078885207838475
18,6,0,21,7,0,6,1371804.0,1375231.0,0.0024981702925490814,0.1,0.0,0.0,0.0,0.20291305916305916,0.12068160597572364,0.08223145318733552,0.1665100080918799,0.12886347776078688,0.037646530331093025
18,6,0,21,7,0,6,1371804.0,1375231.0,0.0024981702925490814,0.2,0.0,0.0,0.0,0.270211038961039,0.26050420168067223,0.009706837280366754,0.24545514111370995,0.23634590118152907,0.00910923993218088
18,6,0,21,7,0,6,1371804.0,1375231.0,0.0024981702925490814,0.4,0.0,0.0,0.0,0.4237614237614238,0.42787114845938373,0.004109724697959949,0.3403583669093661,0.317902760242065,0.02245560666730112
18,6,0,24,8,0,6,1371804.0,1383049.0,0.00819723517353791,0.05,0.0,0.0,0.0,0.09454365079365079,0.12500862663906143,0.030464975845410636,0.07873589567391169,0.10402965699878153,0.025293761324869837
18,6,0,24,8,0,6,1371804.0,1383049.0,0.00819723517353791,0.1,0.0,0.0,0.0,0.20291305916305916,0.19674344375431332,0.006169615408745832,0.1665100080918799,0.183797944069681,0.017287935977801094
18,6,0,24,8,0,6,1371804.0,1383049.0,0.00819723517353791,0.2,0.0,0.0,0.0,0.270211038961039,0.33211190273210733,0.06190086377106835,0.24545514111370995,0.292290815913867,0.04683567480015707
18,6,0,24,8,0,6,1371804.0,1383049.0,0.00819723517353791,0.4,0.0,0.0,0.0,0.4237614237614238,0.4639261864165956,0.040164762655171826,0.3403583669093661,0.3735914096600797,0.03323304275071359
18,6,0,27,9,0,6,1371804.0,1371804.0,0.0,0.05,0.0,0.0,0.0,0.09454365079365079,0.09454365079365079,0.0,0.07873589567391169,0.07873589567391169,0.0
18,6,0,27,9,0,6,1371804.0,1371804.0,0.0,0.1,0.0,0.0,0.0,0.20291305916305916,0.20291305916305916,0.0,0.1665100080918799,0.1665100080918799,0.0
18,6,0,27,9,0,6,1371804.0,1371804.0,0.0,0.2,0.0,0.0,0.0,0.270211038961039,0.270211038961039,0.0,0.24545514111370995,0.24545514111370995,0.0
18,6,0,27,9,0,6,1371804.0,1371804.0,0.0,0.4,0.0,0.0,0.0,0.4237614237614238,0.4313371813371813,0.0075757575757575135,0.3403583669093661,0.3484060089502481,0.008047642040881986
18,6,0,30,10,0,6,1371804.0,1375390.0,0.002614076063344326,0.05,0.0,0.0,0.0,0.09454365079365079,0.09375970008962337,0.0007839507040274252,0.07873589567391169,0.07157236980277769,0.007163525871134002
18,6,0,30,10,0,6,1371804.0,1375390.0,0.002614076063344326,0.1,0.0,0.0,0.0,0.20291305916305916,0.16753420989354495,0.035378849269514206,0.1665100080918799,0.17153048616202302,0.005020478070143108
18,6,0,30,10,0,6,1371804.0,1375390.0,0.002614076063344326,0.2,0.0,0.0,0.0,0.270211038961039,0.25371813998732157,0.016492898973717418,0.24545514111370995,0.2605323747592341,0.01507723364552413
18,6,0,30,10,0,6,1371804.0,1375390.0,0.002614076063344326,0.4,0.0,0.0,0.0,0.4237614237614238,0.40448622314031524,0.019275200621108546,0.3403583669093661,0.33928804162648296,0.0010703252828831444
18,6,0,33,11,0,6,1371804.0,1386668.0,0.01083536715157559,0.05,0.0,0.0,0.0,0.09454365079365079,0.08280723905723905,0.01173641173641174,0.07873589567391169,0.062325026098195103,0.016410869575716587
18,6,0,33,11,0,6,1371804.0,1386668.0,0.01083536715157559,0.1,0.0,0.0,0.0,0.20291305916305916,0.10890151515151514,0.09401154401154402,0.1665100080918799,0.08743931410738963,0.07907069398449028
18,6,0,33,11,0,6,1371804.0,1386668.0,0.01083536715157559,0.2,0.0,0.0,0.0,0.270211038961039,0.22762551990493166,0.04258551905610733,0.24545514111370995,0.16242837083747017,0.08302677027623978
18,6,0,33,11,0,6,1371804.0,1386668.0,0.01083536715157559,0.4,0.0,0.0,0.0,0.4237614237614238,0.3589943553178847,0.06476706844353908,0.3403583669093661,0.25150951586686815,0.08884885104249796
18,6,0,36,12,0,6,1371804.0,1374351.0,0.0018566792340596761,0.05,0.0,0.0,0.0,0.09454365079365079,0.10725762527233114,0.012713974478680348,0.07873589567391169,0.09256809528564619,0.0138321996117345
18,6,0,36,12,0,6,1371804.0,1374351.0,0.0018566792340596761,0.1,0.0,0.0,0.0,0.20291305916305916,0.19780402059813826,0.005109038564920898,0.1665100080918799,0.1701410441000012,0.0036310360081212856
18,6,0,36,12,0,6,1371804.0,1374351.0,0.0018566792340596761,0.2,0.0,0.0,0.0,0.270211038961039,0.33347073677956035,0.06325969781852137,0.24545514111370995,0.2480093074865692,0.002554166372859268
18,6,0,36,12,0,6,1371804.0,1374351.0,0.0018566792340596761,0.4,0.0,0.0,0.0,0.4237614237614238,0.4302040007922361,0.006442577030812302,0.3403583669093661,0.3430053005195745,0.002646933610208402
18,6,0,40,14,0,6,1371804.0,1380685.0,0.006473956920959554,0.05,0.0,0.0,0.0,0.09454365079365079,0.1387057387057387,0.04416208791208792,0.07873589567391169,0.0794947482281858,0.0007588525542741031
18,6,0,40,14,0,6,1371804.0,1380685.0,0.006473956920959554,0.1,0.0,0.0,0.0,0.20291305916305916,0.14912240537240537,0.053790653790653786,0.1665100080918799,0.13171553654226464,0.03479447154961526
18,6,0,40,14,0,6,1371804.0,1380685.0,0.006473956920959554,0.2,0.0,0.0,0.0,0.270211038961039,0.2768346441140559,0.006623605153016909,0.24545514111370995,0.19935426618346538,0.04610087493024456
18,6,0,40,14,0,6,1371804.0,1380685.0,0.006473956920959554,0.4,0.0,0.0,0.0,0.4237614237614238,0.4141066041801336,0.009654819581290164,0.3403583669093661,0.32203816272098823,0.018320204188377875
18,6,0,43,15,0,6,1371804.0,1384972.0,0.009599038929759645,0.05,0.0,0.0,0.0,0.09454365079365079,0.14682539682539683,0.05228174603174604,0.07873589567391169,0.11473941496550104,0.03600351929158935
18,6,0,43,15,0,6,1371804.0,1384972.0,0.009599038929759645,0.1,0.0,0.0,0.0,0.20291305916305916,0.2396475256769374,0.03673446651387824,0.1665100080918799,0.19339035332418597,0.026880345232306063
18,6,0,43,15,0,6,1371804.0,1384972.0,0.009599038929759645,0.2,0.0,0.0,0.0,0.270211038961039,0.33901727357609707,0.06880623461505808,0.24545514111370995,0.26904744964306765,0.023592308529357703
18,6,0,43,15,0,6,1371804.0,1384972.0,0.009599038929759645,0.4,0.0,0.0,0.0,0.4237614237614238,0.4776552287581699,0.05389380499674612,0.3403583669093661,0.34280014587325863,0.002441778963892527
18,6,0,46,16,0,6,1371804.0,1364614.0,0.005268889224352088,0.05,0.0,0.0,0.0,0.09454365079365079,0.11543240374762113,0.020888752953970344,0.07873589567391169,0.06185424530457101,0.01688165036934068
18,6,0,46,16,0,6,1371804.0,1364614.0,0.005268889224352088,0.1,0.0,0.0,0.0,0.20291305916305916,0.14824696237739715,0.054666096785662005,0.1665100080918799,0.08748862419149596,0.07902138390038395
18,6,0,46,16,0,6,1371804.0,1364614.0,0.005268889224352088,0.2,0.0,0.0,0.0,0.270211038961039,0.31756988038957346,0.04735884142853447,0.24545514111370995,0.19566138586890977,0.049793755244800175
18,6,0,46,16,0,6,1371804.0,1364614.0,0.005268889224352088,0.4,0.0,0.0,0.0,0.4237614237614238,0.4404923058375744,0.016730882076150644,0.3403583669093661,0.2963262925144507,0.04403207439491541
18,6,0,49,17,0,6,1371804.0,1359667.0,0.008926450373510572,0.05,0.0,0.0,0.0,0.09454365079365079,0.11752450980392155,0.022980859010270763,0.07873589567391169,0.08610930380042849,0.007373408126516795
18,6,0,49,17,0,6,1371804.0,1359667.0,0.008926450373510572,0.1,0.0,0.0,0.0,0.20291305916305916,0.21165382819794584,0.008740769034886686,0.1665100080918799,0.2017950831413792,0.03528507504949929
18,6,0,49,17,0,6,1371804.0,1359667.0,0.008926450373510572,0.2,0.0,0.0,0.0,0.270211038961039,0.3324171335200747,0.062206094559035696,0.24545514111370995,0.31166639775790395,0.066211256644194
18,6,0,49,17,0,6,1371804.0,1359667.0,0.008926450373510572,0.4,0.0,0.0,0.0,0.4237614237614238,0.4684932306255835,0.04473180686415973,0.3403583669093661,0.35494163073014645,0.014583263820780346
18,6,0,52,18,0,6,1371804.0,1371470.0,0.00024353430990105507,0.05,0.0,0.0,0.0,0.09454365079365079,0.09858597285067873,0.004042322057027939,0.07873589567391169,0.07684747547441267,0.0018884201994990163
18,6,0,52,18,0,6,1371804.0,1371470.0,0.00024353430990105507,0.1,0.0,0.0,0.0,0.20291305916305916,0.16413084464555053,0.03878221451750863,0.1665100080918799,0.1351563542906124,0.031353653801267506
18,6,0,52,18,0,6,1371804.0,1371470.0,0.00024353430990105507,0.2,0.0,0.0,0.0,0.270211038961039,0.24802889104359693,0.022182147917442052,0.24545514111370995,0.1815228096200987,0.06393233149361124
18,6,0,52,18,0,6,1371804.0,1371470.0,0.00024353430990105507,0.4,0.0,0.0,0.0,0.4237614237614238,0.46610689147453854,0.04234546771311476,0.3403583669093661,0.31818779508935224,0.022170571820013862
18,6,0,55,19,0,6,1371804.0,1362162.0,0.007078453223625384,0.05,0.0,0.0,0.0,0.09454365079365079,0.08464105339105339,0.009902597402597399,0.07873589567391169,0.05993449144925397,0.018801404224657724
18,6,0,55,19,0,6,1371804.0,1362162.0,0.007078453223625384,0.1,0.0,0.0,0.0,0.20291305916305916,0.1090518278018278,0.09386123136123135,0.1665100080918799,0.08804841280418402,0.07846159528769589
18,6,0,55,19,0,6,1371804.0,1362162.0,0.007078453223625384,0.2,0.0,0.0,0.0,0.270211038961039,0.2862501061030473,0.016039067142008312,0.24545514111370995,0.22268514157189803,0.022769999541811914
18,6,0,55,19,0,6,1371804.0,1362162.0,0.007078453223625384,0.4,0.0,0.0,0.0,0.4237614237614238,0.4242733709645474,0.0005119472031236416,0.3403583669093661,0.3235831975308268,0.01677516937853929
19,6,1,22,7,1,7,1395657.0,1402094.0,0.004612164736751222,0.05,0.14285714285714285,0.0,0.14285714285714285,0.24486794717887153,0.10080395794681508,0.14406398923205643,0.22265178433862576,0.07439221240321196,0.14825957193541378
19,6,1,22,7,1,7,1395657.0,1402094.0,0.004612164736751222,0.1,0.14285714285714285,0.14285714285714285,0.0,0.3466845829240787,0.25644803375895814,0.09023654916512058,0.3100604931852845,0.2553622281656104,0.05469826501967412
19,6,1,22,7,1,7,1395657.0,1402094.0,0.004612164736751222,0.2,0.14285714285714285,0.14285714285714285,0.0,0.43199052348212014,0.3892829859216414,0.04270753756047874,0.4243291512409799,0.36451701349323334,0.059812137747746574
19,6,1,22,7,1,7,1395657.0,1402094.0,0.004612164736751222,0.4,0.14285714285714285,0.14285714285714285,0.0,0.5911687402233621,0.5755211175379242,0.015647622685437845,0.5593090134225456,0.5180138066135823,0.04129520680896326
19,6,1,25,8,1,7,1395657.0,1399799.0,0.00296777789958421,0.05,0.14285714285714285,0.0,0.14285714285714285,0.24486794717887153,0.12367017040930084,0.12119777676957069,0.22265178433862576,0.10938416782884551,0.11326761650978025
19,6,1,25,8,1,7,1395657.0,1399799.0,0.00296777789958421,0.1,0.14285714285714285,0.14285714285714285,0.0,0.3466845829240787,0.31316889632107026,0.033515686603008465,0.3100604931852845,0.29127565743497275,0.018784835750311757
19,6,1,25,8,1,7,1395657.0,1399799.0,0.00296777789958421,0.2,0.14285714285714285,0.14285714285714285,0.0,0.43199052348212014,0.49308748583045253,0.061096962348332395,0.4243291512409799,0.42753642553379567,0.003207274292815754
19,6,1,25,8,1,7,1395657.0,1399799.0,0.00296777789958421,0.4,0.14285714285714285,0.14285714285714285,0.0,0.5911687402233621,0.6570381664371434,0.06586942621378133,0.5593090134225456,0.6033501323529225,0.04404111893037688
19,6,1,31,10,1,7,1395657.0,1399232.0,0.0025615176221664778,0.05,0.14285714285714285,0.0,0.14285714285714285,0.24486794717887153,0.06727021912443908,0.17759772805443247,0.22265178433862576,0.048166495697596234,0.17448528864102952
19,6,1,31,10,1,7,1395657.0,1399232.0,0.0025615176221664778,0.1,0.14285714285714285,0.0,0.14285714285714285,0.3466845829240787,0.12626881856421499,0.22041576435986374,0.3100604931852845,0.11867711797463938,0.19138337521064513
19,6,1,31,10,1,7,1395657.0,1399232.0,0.0025615176221664778,0.2,0.14285714285714285,0.14285714285714285,0.0,0.43199052348212014,0.35437745332246606,0.07761307015965407,0.4243291512409799,0.34500376439955444,0.07932538684142548
19,6,1,31,10,1,7,1395657.0,1399232.0,0.0025615176221664778,0.4,0.14285714285714285,0.14285714285714285,0.0,0.5911687402233621,0.54672671744283,0.04444202278053211,0.5593090134225456,0.5529781455008683,0.006330867921677252
19,6,1,37,12,1,7,1395657.0,1415012.0,0.013868020580988022,0.05,0.14285714285714285,0.14285714285714285,0.0,0.24486794717887153,0.23432539682539685,0.010542550353474678,0.22265178433862576,0.21895220243191907,0.0036995819067066893
19,6,1,37,12,1,7,1395657.0,1415012.0,0.013868020580988022,0.1,0.14285714285714285,0.14285714285714285,0.0,0.3466845829240787,0.36477272727272725,0.018088144348648527,0.3100604931852845,0.3281023101239939,0.018041816938709376
19,6,1,37,12,1,7,1395657.0,1415012.0,0.013868020580988022,0.2,0.14285714285714285,0.14285714285714285,0.0,0.43199052348212014,0.4587121212121212,0.026721597730001045,0.4243291512409799,0.43182042278467847,0.007491271543698552
19,6,1,37,12,1,7,1395657.0,1415012.0,0.013868020580988022,0.4,0.14285714285714285,0.14285714285714285,0.0,0.5911687402233621,0.6043290043290044,0.013160264105642305,0.5593090134225456,0.5307489279462465,0.02856008547629907
19,6,1,41,14,1,7,1395657.0,1406792.0,0.007978321321069575,0.05,0.14285714285714285,0.14285714285714285,0.0,0.24486794717887153,0.27180416701093396,0.02693621983206243,0.22265178433862576,0.2383411166392823,0.015689332300656555
19,6,1,41,14,1,7,1395657.0,1406792.0,0.007978321321069575,0.1,0.14285714285714285,0.14285714285714285,0.0,0.3466845829240787,0.28753545952794074,0.05914912339613798,0.3100604931852845,0.287668412478665,0.02239208070661952
19,6,1,41,14,1,7,1395657.0,1406792.0,0.007978321321069575,0.2,0.14285714285714285,0.14285714285714285,0.0,0.43199052348212014,0.39954068672003207,0.03244983676208807,0.4243291512409799,0.34788502385439646,0.07644412738658346
19,6,1,41,14,1,7,1395657.0,1406792.0,0.007978321321069575,0.4,0.14285714285714285,0.14285714285714285,0.0,0.5911687402233621,0.5612043400356094,0.029964400187752704,0.5593090134225456,0.4712456372365453,0.0880633761860003
19,6,1,47,16,1,7,1395657.0,1405275.0,0.006891378039160051,0.05,0.14285714285714285,0.14285714285714285,0.0,0.24486794717887153,0.25132301273605623,0.006455065557184697,0.22265178433862576,0.2023553353520759,0.020296448986549864
19,6,1,47,16,1,7,1395657.0,1405275.0,0.006891378039160051,0.1,0.14285714285714285,0.14285714285714285,0.0,0.3466845829240787,0.3143523746784616,0.03233220824561711,0.3100604931852845,0.25341328992963436,0.05664720325565015
19,6,1,47,16,1,7,1395657.0,1405275.0,0.006891378039160051,0.2,0.14285714285714285,0.14285714285714285,0.0,0.43199052348212014,0.46680626137147874,0.0348157378893586,0.4243291512409799,0.34528154350753415,0.07904760773344577
19,6,1,47,16,1,7,1395657.0,1405275.0,0.006891378039160051,0.4,0.14285714285714285,0.14285714285714285,0.0,0.5911687402233621,0.5847669238973587,0.00640181632600334,0.5593090134225456,0.49236558120453394,0.06694343221801163
19,6,1,50,17,1,7,1395657.0,1410308.0,0.010497564946114984,0.05,0.14285714285714285,0.0,0.14285714285714285,0.24486794717887153,0.07304421768707482,0.1718237294917967,0.22265178433862576,0.06337998395180733,0.15927180038681843
19,6,1,50,17,1,7,1395657.0,1410308.0,0.010497564946114984,0.1,0.14285714285714285,0.14285714285714285,0.0,0.3466845829240787,0.3092236894757904,0.037460893448288346,0.3100604931852845,0.30934205636033374,0.0007184368249507633
19,6,1,50,17,1,7,1395657.0,1410308.0,0.010497564946114984,0.2,0.14285714285714285,0.14285714285714285,0.0,0.43199052348212014,0.4463935574229692,0.014403033940849075,0.4243291512409799,0.44015322511271343,0.015824073871733513
19,6,1,50,17,1,7,1395657.0,1410308.0,0.010497564946114984,0.4,0.14285714285714285,0.14285714285714285,0.0,0.5911687402233621,0.6276110444177672,0.036442304194405084,0.5593090134225456,0.5725379032466139,0.013228889824068335
19,6,1,53,18,1,7,1395657.0,1422668.0,0.01935360908876608,0.05,0.14285714285714285,0.14285714285714285,0.0,0.24486794717887153,0.26088745214685066,0.01601950496797913,0.22265178433862576,0.23484630073239607,0.01219451639377031
19,6,1,53,18,1,7,1395657.0,1422668.0,0.01935360908876608,0.1,0.14285714285714285,0.14285714285714285,0.0,0.3466845829240787,0.2903842711173539,0.056300311806724845,0.3100604931852845,0.2728497963575233,0.03721069682776118
19,6,1,53,18,1,7,1395657.0,1422668.0,0.01935360908876608,0.2,0.14285714285714285,0.14285714285714285,0.0,0.43199052348212014,0.39489307868896545,0.03709744479315469,0.4243291512409799,0.3589751690676331,0.06535398217334681
19,6,1,53,18,1,7,1395657.0,1422668.0,0.01935360908876608,0.4,0.14285714285714285,0.14285714285714285,0.0,0.5911687402233621,0.5922056069391319,0.0010368667157698574,0.5593090134225456,0.5132425953037963,0.04606641811874923
19,6,1,56,19,1,7,1395657.0,1387081.0,0.006182767985431276,0.05,0.14285714285714285,0.14285714285714285,0.0,0.24486794717887153,0.21930272108843538,0.025565226090436155,0.22265178433862576,0.2011702561189622,0.021481528219663565
19,6,1,56,19,1,7,1395657.0,1387081.0,0.006182767985431276,0.1,0.14285714285714285,0.14285714285714285,0.0,0.3466845829240787,0.2558106575963719,0.09087392532770683,0.3100604931852845,0.2347333299636303,0.0753271632216542
19,6,1,56,19,1,7,1395657.0,1387081.0,0.006182767985431276,0.2,0.14285714285714285,0.14285714285714285,0.0,0.43199052348212014,0.417922168867547,0.01406835461457312,0.4243291512409799,0.37294096311198494,0.05138818812899498
19,6,1,56,19,1,7,1395657.0,1387081.0,0.006182767985431276,0.4,0.14285714285714285,0.14285714285714285,0.0,0.5911687402233621,0.5673202614379085,0.023848478785453597,0.5593090134225456,0.47192031258544587,0.08738870083709971
20,6,2,29,9,2,8,1412638.0,1412638.0,0.0,0.05,0.125,0.125,0.0,0.2630861479207067,0.2630861479207067,0.0,0.2090499069542409,0.2090499069542409,0.0
20,6,2,29,9,2,8,1412638.0,1412638.0,0.0,0.1,0.25,0.25,0.0,0.4213900988717165,0.4213900988717165,0.0,0.38636590686723554,0.3906246545652098,0.004258747697974241
20,6,2,29,9,2,8,1412638.0,1412638.0,0.0,0.2,0.25,0.25,0.0,0.5365038148126383,0.5365038148126383,0.0,0.5228478085792935,0.5228478085792935,0.0
20,6,2,29,9,2,8,1412638.0,1412638.0,0.0,0.4,0.25,0.25,0.0,0.7027667491821904,0.7141303855458268,0.011363636363636354,0.6941199774129918,0.7057085819518619,0.011588604538870118
20,6,2,32,10,2,8,1412638.0,1424338.0,0.008282376659837835,0.05,0.125,0.25,0.125,0.2630861479207067,0.3624460005574136,0.09935985263670688,0.2090499069542409,0.34919155580301486,0.14014164884877398
20,6,2,32,10,2,8,1412638.0,1424338.0,0.008282376659837835,0.1,0.25,0.25,0.0,0.4213900988717165,0.4706573996655518,0.04926730079383529,0.38636590686723554,0.46265275683164875,0.0762868499644132
20,6,2,32,10,2,8,1412638.0,1424338.0,0.008282376659837835,0.2,0.25,0.25,0.0,0.5365038148126383,0.5773602982162764,0.04085648340363812,0.5228478085792935,0.5686857355514869,0.045837926972193466
20,6,2,32,10,2,8,1412638.0,1424338.0,0.008282376659837835,0.4,0.25,0.25,0.0,0.7027667491821904,0.7288513795986623,0.02608463041647191,0.6941199774129918,0.7109868120358923,0.016866834622900506
20,6,2,57,19,2,8,1412638.0,1428930.0,0.011533032524963932,0.05,0.125,0.25,0.125,0.2630861479207067,0.31348079004329005,0.05039464212258332,0.2090499069542409,0.28795703264573613,0.07890712569149524
20,6,2,57,19,2,8,1412638.0,1428930.0,0.011533032524963932,0.1,0.25,0.25,0.0,0.4213900988717165,0.3623286435786436,0.05906145529307294,0.38636590686723554,0.3521569674006251,0.034208939466610466
20,6,2,57,19,2,8,1412638.0,1428930.0,0.011533032524963932,0.2,0.25,0.25,0.0,0.5365038148126383,0.5113410894660895,0.025162725346548842,0.5228478085792935,0.4726512165189088,0.05019659206038468
20,6,2,57,19,2,8,1412638.0,1428930.0,0.011533032524963932,0.4,0.25,0.25,0.0,0.7027667491821904,0.6460137085137085,0.05675304066848186,0.6941199774129918,0.5689033882820436,0.12521658913094824
21,7,0,24,8,0,6,1375231.0,1383049.0,0.005684863124813213,0.05,0.0,0.0,0.0,0.0772642390289449,0.12500862663906143,0.047744387610116526,0.07265701046607322,0.10402965699878153,0.03137264653270831
21,7,0,24,8,0,6,1375231.0,1383049.0,0.005684863124813213,0.1,0.0,0.0,0.0,0.12068160597572364,0.19674344375431332,0.07606183777858969,0.12886347776078688,0.183797944069681,0.05493446630889412
21,7,0,24,8,0,6,1375231.0,1383049.0,0.005684863124813213,0.2,0.0,0.0,0.0,0.26050420168067223,0.33211190273210733,0.0716077010514351,0.23634590118152907,0.292290815913867,0.05594491473233795
21,7,0,24,8,0,6,1375231.0,1383049.0,0.005684863124813213,0.4,0.0,0.0,0.0,0.42787114845938373,0.4639261864165956,0.03605503795721188,0.317902760242065,0.3735914096600797,0.05568864941801471
21,7,0,27,9,0,6,1375231.0,1371804.0,0.0024981702925490814,0.05,0.0,0.0,0.0,0.0772642390289449,0.09454365079365079,0.01727941176470589,0.07265701046607322,0.07873589567391169,0.006078885207838475
21,7,0,27,9,0,6,1375231.0,1371804.0,0.0024981702925490814,0.1,0.0,0.0,0.0,0.12068160597572364,0.20291305916305916,0.08223145318733552,0.12886347776078688,0.1665100080918799,0.037646530331093025
21,7,0,27,9,0,6,1375231.0,1371804.0,0.0024981702925490814,0.2,0.0,0.0,0.0,0.26050420168067223,0.270211038961039,0.009706837280366754,0.23634590118152907,0.24545514111370995,0.00910923993218088
21,7,0,27,9,0,6,1375231.0,1371804.0,0.0024981702925490814,0.4,0.0,0.0,0.0,0.42787114845938373,0.4313371813371813,0.0034660328777975646,0.317902760242065,0.3484060089502481,0.030503248708183106
21,7,0,30,10,0,6,1375231.0,1375390.0,0.00011561693999044523,0.05,0.0,0.0,0.0,0.0772642390289449,0.09375970008962337,0.016495461060678465,0.07265701046607322,0.07157236980277769,0.0010846406632955274
21,7,0,30,10,0,6,1375231.0,1375390.0,0.00011561693999044523,0.1,0.0,0.0,0.0,0.12068160597572364,0.16753420989354495,0.04685260391782131,0.12886347776078688,0.17153048616202302,0.042667008401236134
21,7,0,30,10,0,6,1375231.0,1375390.0,0.00011561693999044523,0.2,0.0,0.0,0.0,0.26050420168067223,0.25371813998732157,0.0067860616933506646,0.23634590118152907,0.2605323747592341,0.02418647357770501
21,7,0,30,10,0,6,1375231.0,1375390.0,0.00011561693999044523,0.4,0.0,0.0,0.0,0.42787114845938373,0.40448622314031524,0.023384925319068495,0.317902760242065,0.33928804162648296,0.021385281384417976
21,7,0,33,11,0,6,1375231.0,1386668.0,0.008316421023086303,0.05,0.0,0.0,0.0,0.0772642390289449,0.08280723905723905,0.005543000028294151,0.07265701046607322,0.062325026098195103,0.010331984367878112
21,7,0,33,11,0,6,1375231.0,1386668.0,0.008316421023086303,0.1,0.0,0.0,0.0,0.12068160597572364,0.10890151515151514,0.0117800908242085,0.12886347776078688,0.08743931410738963,0.04142416365339725
21,7,0,33,11,0,6,1375231.0,1386668.0,0.008316421023086303,0.2,0.0,0.0,0.0,0.26050420168067223,0.22762551990493166,0.032878681775740576,0.23634590118152907,0.16242837083747017,0.0739175303440589
21,7,0,33,11,0,6,1375231.0,1386668.0,0.008316421023086303,0.4,0.0,0.0,0.0,0.42787114845938373,0.3589943553178847,0.06887679314149903,0.317902760242065,0.25150951586686815,0.06639324437519684
21,7,0,36,12,0,6,1375231.0,1374351.0,0.0006403022226490904,0.05,0.0,0.0,0.0,0.0772642390289449,0.10725762527233114,0.02999338624338624,0.07265701046607322,0.09256809528564619,0.019911084819572974
21,7,0,36,12,0,6,1375231.0,1374351.0,0.0006403022226490904,0.1,0.0,0.0,0.0,0.12068160597572364,0.19780402059813826,0.07712241462241462,0.12886347776078688,0.1701410441000012,0.04127756633921431
21,7,0,36,12,0,6,1375231.0,1374351.0,0.0006403022226490904,0.2,0.0,0.0,0.0,0.26050420168067223,0.33347073677956035,0.07296653509888812,0.23634590118152907,0.2480093074865692,0.011663406305040147
21,7,0,36,12,0,6,1375231.0,1374351.0,0.0006403022226490904,0.4,0.0,0.0,0.0,0.42787114845938373,0.4302040007922361,0.002332852332852353,0.317902760242065,0.3430053005195745,0.025102540277509522
21,7,0,40,14,0,6,1375231.0,1380685.0,0.003965879186842065,0.05,0.0,0.0,0.0,0.0772642390289449,0.1387057387057387,0.06144149967679381,0.07265701046607322,0.0794947482281858,0.006837737762112578
21,7,0,40,14,0,6,1375231.0,1380685.0,0.003965879186842065,0.1,0.0,0.0,0.0,0.12068160597572364,0.14912240537240537,0.028440799396681732,0.12886347776078688,0.13171553654226464,0.002852058781477762
21,7,0,40,14,0,6,1375231.0,1380685.0,0.003965879186842065,0.2,0.0,0.0,0.0,0.26050420168067223,0.2768346441140559,0.016330442433383663,0.23634590118152907,0.19935426618346538,0.03699163499806368
21,7,0,40,14,0,6,1375231.0,1380685.0,0.003965879186842065,0.4,0.0,0.0,0.0,0.42787114845938373,0.4141066041801336,0.013764544279250113,0.317902760242065,0.32203816272098823,0.004135402478923245
21,7,0,43,15,0,6,1375231.0,1384972.0,0.00708317366318822,0.05,0.0,0.0,0.0,0.0772642390289449,0.14682539682539683,0.06956115779645193,0.07265701046607322,0.11473941496550104,0.04208240449942782
21,7,0,43,15,0,6,1375231.0,1384972.0,0.00708317366318822,0.1,0.0,0.0,0.0,0.12068160597572364,0.2396475256769374,0.11896591970121376,0.12886347776078688,0.19339035332418597,0.06452687556339909
21,7,0,43,15,0,6,1375231.0,1384972.0,0.00708317366318822,0.2,0.0,0.0,0.0,0.26050420168067223,0.33901727357609707,0.07851307189542484,0.23634590118152907,0.26904744964306765,0.03270154846153858
21,7,0,43,15,0,6,1375231.0,1384972.0,0.00708317366318822,0.4,0.0,0.0,0.0,0.42787114845938373,0.4776552287581699,0.04978408029878617,0.317902760242065,0.34280014587325863,0.024897385631193647
21,7,0,46,16,0,6,1375231.0,1364614.0,0.007780222099436178,0.05,0.0,0.0,0.0,0.0772642390289449,0.11543240374762113,0.038168164718676234,0.07265701046607322,0.06185424530457101,0.010802765161502206
21,7,0,46,16,0,6,1375231.0,1364614.0,0.007780222099436178,0.1,0.0,0.0,0.0,0.12068160597572364,0.14824696237739715,0.027565356401673513,0.12886347776078688,0.08748862419149596,0.04137485356929092
21,7,0,46,16,0,6,1375231.0,1364614.0,0.007780222099436178,0.2,0.0,0.0,0.0,0.26050420168067223,0.31756988038957346,0.057065678708901224,0.23634590118152907,0.19566138586890977,0.040684515312619296
21,7,0,46,16,0,6,1375231.0,1364614.0,0.007780222099436178,0.4,0.0,0.0,0.0,0.42787114845938373,0.4404923058375744,0.012621157378190695,0.317902760242065,0.2963262925144507,0.02157646772761429
21,7,0,49,17,0,6,1375231.0,1359667.0,0.011446920459200672,0.05,0.0,0.0,0.0,0.0772642390289449,0.11752450980392155,0.04026027077497665,0.07265701046607322,0.08610930380042849,0.01345229333435527
21,7,0,49,17,0,6,1375231.0,1359667.0,0.011446920459200672,0.1,0.0,0.0,0.0,0.12068160597572364,0.21165382819794584,0.0909722222222222,0.12886347776078688,0.2017950831413792,0.07293160538059232
21,7,0,49,17,0,6,1375231.0,1359667.0,0.011446920459200672,0.2,0.0,0.0,0.0,0.26050420168067223,0.3324171335200747,0.07191293183940245,0.23634590118152907,0.31166639775790395,0.07532049657637488
21,7,0,49,17,0,6,1375231.0,1359667.0,0.011446920459200672,0.4,0.0,0.0,0.0,0.42787114845938373,0.4684932306255835,0.04062208216619978,0.317902760242065,0.35494163073014645,0.037038870488081466
21,7,0,52,18,0,6,1375231.0,1371470.0,0.002742312992628348,0.05,0.0,0.0,0.0,0.0772642390289449,0.09858597285067873,0.02132173382173383,0.07265701046607322,0.07684747547441267,0.0041904650083394585
21,7,0,52,18,0,6,1375231.0,1371470.0,0.002742312992628348,0.1,0.0,0.0,0.0,0.12068160597572364,0.16413084464555053,0.04344923866982689,0.12886347776078688,0.1351563542906124,0.00629287652982552
21,7,0,52,18,0,6,1375231.0,1371470.0,0.002742312992628348,0.2,0.0,0.0,0.0,0.26050420168067223,0.24802889104359693,0.012475310637075299,0.23634590118152907,0.1815228096200987,0.054823091561430365
21,7,0,52,18,0,6,1375231.0,1371470.0,0.002742312992628348,0.4,0.0,0.0,0.0,0.42787114845938373,0.46610689147453854,0.03823574301515481,0.317902760242065,0.31818779508935224,0.0002850348472872577
21,7,0,55,19,0,6,1375231.0,1362162.0,0.009594306697734924,0.05,0.0,0.0,0.0,0.0772642390289449,0.08464105339105339,0.007376814362108491,0.07265701046607322,0.05993449144925397,0.012722519016819249
21,7,0,55,19,0,6,1375231.0,1362162.0,0.009594306697734924,0.1,0.0,0.0,0.0,0.12068160597572364,0.1090518278018278,0.011629778173895836,0.12886347776078688,0.08804841280418402,0.040815064956602864
21,7,0,55,19,0,6,1375231.0,1362162.0,0.009594306697734924,0.2,0.0,0.0,0.0,0.26050420168067223,0.2862501061030473,0.025745904422375065,0.23634590118152907,0.22268514157189803,0.013660759609631035
21,7,0,55,19,0,6,1375231.0,1362162.0,0.009594306697734924,0.4,0.0,0.0,0.0,0.42787114845938373,0.4242733709645474,0.0035977774948363073,0.317902760242065,0.3235831975308268,0.00568043728876183
22,7,1,25,8,1,7,1402094.0,1399799.0,0.001639521102672598,0.05,0.0,0.0,0.0,0.10080395794681508,0.12367017040930084,0.022866212462485755,0.07439221240321196,0.10938416782884551,0.03499195542563355
22,7,1,25,8,1,7,1402094.0,1399799.0,0.001639521102672598,0.1,0.14285714285714285,0.14285714285714285,0.0,0.25644803375895814,0.31316889632107026,0.05672086256211212,0.2553622281656104,0.29127565743497275,0.03591342926936236
22,7,1,25,8,1,7,1402094.0,1399799.0,0.001639521102672598,0.2,0.14285714285714285,0.14285714285714285,0.0,0.3892829859216414,0.49308748583045253,0.10380449990881113,0.36451701349323334,0.42753642553379567,0.06301941204056233
22,7,1,25,8,1,7,1402094.0,1399799.0,0.001639521102672598,0.4,0.14285714285714285,0.14285714285714285,0.0,0.5755211175379242,0.6570381664371434,0.08151704889921918,0.5180138066135823,0.6033501323529225,0.08533632573934014
22,7,1,28,9,1,7,1402094.0,1423848.0,0.015515364875678806,0.05,0.0,0.14285714285714285,0.14285714285714285,0.10080395794681508,0.22389455782312925,0.12309059987631417,0.07439221240321196,0.21177158695831924,0.1373793745551073
22,7,1,28,9,1,7,1402094.0,1423848.0,0.015515364875678806,0.1,0.14285714285714285,0.14285714285714285,0.0,0.25644803375895814,0.3102891156462585,0.05384108188730036,0.2553622281656104,0.28710960031918115,0.03174737215357076
22,7,1,28,9,1,7,1402094.0,1423848.0,0.015515364875678806,0.2,0.14285714285714285,0.14285714285714285,0.0,0.3892829859216414,0.39467120181405896,0.005388215892417558,0.36451701349323334,0.39082946136003516,0.026312447866801814
22,7,1,28,9,1,7,1402094.0,1423848.0,0.015515364875678806,0.4,0.14285714285714285,0.14285714285714285,0.0,0.5755211175379242,0.5794501133786848,0.003928995840760563,0.5180138066135823,0.5522923444488644,0.03427853783528212
22,7,1,31,10,1,7,1402094.0,1399232.0,0.0020454077665462197,0.05,0.0,0.0,0.0,0.10080395794681508,0.06727021912443908,0.03353373882237601,0.07439221240321196,0.048166495697596234,0.02622571670561573
22,7,1,31,10,1,7,1402094.0,1399232.0,0.0020454077665462197,0.1,0.14285714285714285,0.0,0.14285714285714285,0.25644803375895814,0.12626881856421499,0.13017921519474315,0.2553622281656104,0.11867711797463938,0.13668511019097102
22,7,1,31,10,1,7,1402094.0,1399232.0,0.0020454077665462197,0.2,0.14285714285714285,0.14285714285714285,0.0,0.3892829859216414,0.35437745332246606,0.03490553259917534,0.36451701349323334,0.34500376439955444,0.019513249093678908
22,7,1,31,10,1,7,1402094.0,1399232.0,0.0020454077665462197,0.4,0.14285714285714285,0.14285714285714285,0.0,0.5755211175379242,0.54672671744283,0.028794400095094264,0.5180138066135823,0.5529781455008683,0.034964338887286006
22,7,1,37,12,1,7,1402094.0,1415012.0,0.009213362299531985,0.05,0.0,0.14285714285714285,0.14285714285714285,0.10080395794681508,0.23432539682539685,0.13352143887858176,0.07439221240321196,0.21895220243191907,0.14455999002870712
22,7,1,37,12,1,7,1402094.0,1415012.0,0.009213362299531985,0.1,0.14285714285714285,0.14285714285714285,0.0,0.25644803375895814,0.36477272727272725,0.10832469351376911,0.2553622281656104,0.3281023101239939,0.0727400819583835
22,7,1,37,12,1,7,1402094.0,1415012.0,0.009213362299531985,0.2,0.14285714285714285,0.14285714285714285,0.0,0.3892829859216414,0.4587121212121212,0.06942913529047978,0.36451701349323334,0.43182042278467847,0.06730340929144513
22,7,1,37,12,1,7,1402094.0,1415012.0,0.009213362299531985,0.4,0.14285714285714285,0.14285714285714285,0.0,0.5755211175379242,0.6043290043290044,0.02880788679108015,0.5180138066135823,0.5307489279462465,0.01273512133266419
22,7,1,41,14,1,7,1402094.0,1406792.0,0.003350702591980281,0.05,0.0,0.14285714285714285,0.14285714285714285,0.10080395794681508,0.27180416701093396,0.1710002090641189,0.07439221240321196,0.2383411166392823,0.16394890423607034
22,7,1,41,14,1,7,1402094.0,1406792.0,0.003350702591980281,0.1,0.14285714285714285,0.14285714285714285,0.0,0.25644803375895814,0.28753545952794074,0.0310874257689826,0.2553622281656104,0.287668412478665,0.0323061843130546
22,7,1,41,14,1,7,1402094.0,1406792.0,0.003350702591980281,0.2,0.14285714285714285,0.14285714285714285,0.0,0.3892829859216414,0.39954068672003207,0.010257700798390668,0.36451701349323334,0.34788502385439646,0.016631989638836886
22,7,1,41,14,1,7,1402094.0,1406792.0,0.003350702591980281,0.4,0.14285714285714285,0.14285714285714285,0.0,0.5755211175379242,0.5612043400356094,0.014316777502314859,0.5180138066135823,0.4712456372365453,0.04676816937703704
22,7,1,44,15,1,7,1402094.0,1425633.0,0.016788460688085108,0.05,0.0,0.14285714285714285,0.14285714285714285,0.10080395794681508,0.2776360544217687,0.17683209647495363,0.07439221240321196,0.24755283425257768,0.1731606218493657
22,7,1,44,15,1,7,1402094.0,1425633.0,0.016788460688085108,0.1,0.14285714285714285,0.14285714285714285,0.0,0.25644803375895814,0.38562925170068024,0.1291812179417221,0.2553622281656104,0.3442295766046117,0.08886734843900129
22,7,1,44,15,1,7,1402094.0,1425633.0,0.016788460688085108,0.2,0.14285714285714285,0.14285714285714285,0.0,0.3892829859216414,0.48137755102040813,0.09209456509876673,0.36451701349323334,0.4306263225867292,0.06610930909349588
22,7,1,44,15,1,7,1402094.0,1425633.0,0.016788460688085108,0.4,0.14285714285714285,0.14285714285714285,0.0,0.5755211175379242,0.6433673469387754,0.06784622940085117,0.5180138066135823,0.5442798358542487,0.026266029240666344
22,7,1,47,16,1,7,1402094.0,1405275.0,0.002268749456170556,0.05,0.0,0.14285714285714285,0.14285714285714285,0.10080395794681508,0.25132301273605623,0.15051905478924116,0.07439221240321196,0.2023553353520759,0.12796312294886392
22,7,1,47,16,1,7,1402094.0,1405275.0,0.002268749456170556,0.1,0.14285714285714285,0.14285714285714285,0.0,0.25644803375895814,0.3143523746784616,0.05790434091950347,0.2553622281656104,0.25341328992963436,0.0019489382359760277
22,7,1,47,16,1,7,1402094.0,1405275.0,0.002268749456170556,0.2,0.14285714285714285,0.14285714285714285,0.0,0.3892829859216414,0.46680626137147874,0.07752327544983734,0.36451701349323334,0.34528154350753415,0.019235469985699194
22,7,1,47,16,1,7,1402094.0,1405275.0,0.002268749456170556,0.4,0.14285714285714285,0.14285714285714285,0.0,0.5755211175379242,0.5847669238973587,0.009245806359434505,0.5180138066135823,0.49236558120453394,0.025648225409048375
22,7,1,50,17,1,7,1402094.0,1410308.0,0.005858380393896558,0.05,0.0,0.0,0.0,0.10080395794681508,0.07304421768707482,0.027759740259740262,0.07439221240321196,0.06337998395180733,0.011012228451404635
22,7,1,50,17,1,7,1402094.0,1410308.0,0.005858380393896558,0.1,0.14285714285714285,0.14285714285714285,0.0,0.25644803375895814,0.3092236894757904,0.05277565571683224,0.2553622281656104,0.30934205636033374,0.053979828194723356
22,7,1,50,17,1,7,1402094.0,1410308.0,0.005858380393896558,0.2,0.14285714285714285,0.14285714285714285,0.0,0.3892829859216414,0.4463935574229692,0.05711057150132781,0.36451701349323334,0.44015322511271343,0.07563621161948009
22,7,1,50,17,1,7,1402094.0,1410308.0,0.005858380393896558,0.4,0.14285714285714285,0.14285714285714285,0.0,0.5755211175379242,0.6276110444177672,0.05208992687984293,0.5180138066135823,0.5725379032466139,0.054524096633031593
22,7,1,53,18,1,7,1402094.0,1422668.0,0.01467376652349985,0.05,0.0,0.14285714285714285,0.14285714285714285,0.10080395794681508,0.26088745214685066,0.1600834942000356,0.07439221240321196,0.23484630073239607,0.16045408832918412
22,7,1,53,18,1,7,1402094.0,1422668.0,0.01467376652349985,0.1,0.14285714285714285,0.14285714285714285,0.0,0.25644803375895814,0.2903842711173539,0.03393623735839574,0.2553622281656104,0.2728497963575233,0.01748756819191294
22,7,1,53,18,1,7,1402094.0,1422668.0,0.01467376652349985,0.2,0.14285714285714285,0.14285714285714285,0.0,0.3892829859216414,0.39489307868896545,0.005610092767324049,0.36451701349323334,0.3589751690676331,0.00554184442560024
22,7,1,53,18,1,7,1402094.0,1422668.0,0.01467376652349985,0.4,0.14285714285714285,0.14285714285714285,0.0,0.5755211175379242,0.5922056069391319,0.016684489401207703,0.5180138066135823,0.5132425953037963,0.004771211309785972
22,7,1,56,19,1,7,1402094.0,1387081.0,0.010823448666660419,0.05,0.0,0.14285714285714285,0.14285714285714285,0.10080395794681508,0.21930272108843538,0.11849876314162029,0.07439221240321196,0.2011702561189622,0.12677804371575024
22,7,1,56,19,1,7,1402094.0,1387081.0,0.010823448666660419,0.1,0.14285714285714285,0.14285714285714285,0.0,0.25644803375895814,0.2558106575963719,0.0006373761625862451,0.2553622281656104,0.2347333299636303,0.020628898201980078
22,7,1,56,19,1,7,1402094.0,1387081.0,0.010823448666660419,0.2,0.14285714285714285,0.14285714285714285,0.0,0.3892829859216414,0.417922168867547,0.028639182945905617,0.36451701349323334,0.37294096311198494,0.008423949618751592
22,7,1,56,19,1,7,1402094.0,1387081.0,0.010823448666660419,0.4,0.14285714285714285,0.14285714285714285,0.0,0.5755211175379242,0.5673202614379085,0.008200856100015752,0.5180138066135823,0.47192031258544587,0.04609349402813645
23,7,2,26,8,2,8,1451214.0,1451843.0,0.00043343021773494466,0.05,0.0,0.125,0.125,0.1290688478188478,0.23608318764568761,0.1070143398268398,0.10161814751910364,0.22079989271505424,0.1191817451959506
23,7,2,26,8,2,8,1451214.0,1451843.0,0.00043343021773494466,0.1,0.125,0.25,0.125,0.3156800307535601,0.4000109265734266,0.08433089581986647,0.3340195207780987,0.38411540192593635,0.05009588114783764
23,7,2,26,8,2,8,1451214.0,1451843.0,0.00043343021773494466,0.2,0.25,0.25,0.0,0.4939300895183249,0.575882481489099,0.08195239197077414,0.48506418476057983,0.5180213357957242,0.03295715103514435
23,7,2,26,8,2,8,1451214.0,1451843.0,0.00043343021773494466,0.4,0.375,0.25,0.125,0.7284357799063682,0.7538810760318114,0.025445296125443218,0.7114716475386339,0.7110317481036057,0.0004398994350282015
23,7,2,32,10,2,8,1451214.0,1424338.0,0.018869116740548943,0.05,0.0,0.25,0.25,0.1290688478188478,0.3624460005574136,0.2333771527385658,0.10161814751910364,0.34919155580301486,0.24757340828391122
23,7,2,32,10,2,8,1451214.0,1424338.0,0.018869116740548943,0.1,0.125,0.25,0.125,0.3156800307535601,0.4706573996655518,0.1549773689119917,0.3340195207780987,0.46265275683164875,0.12863323605355004
23,7,2,32,10,2,8,1451214.0,1424338.0,0.018869116740548943,0.2,0.25,0.25,0.0,0.4939300895183249,0.5773602982162764,0.08343020869795154,0.48506418476057983,0.5686857355514869,0.0836215507909071
23,7,2,32,10,2,8,1451214.0,1424338.0,0.018869116740548943,0.4,0.375,0.25,0.125,0.7284357799063682,0.7288513795986623,0.00041559969229409965,0.7114716475386339,0.7109868120358923,0.0004848355027415874
23,7,2,35,11,2,8,1451214.0,1453118.0,0.0013120049834138866,0.05,0.0,0.125,0.125,0.1290688478188478,0.2287210338680927,0.09965218604924489,0.10161814751910364,0.20564100301163304,0.1040228554925294
23,7,2,35,11,2,8,1451214.0,1453118.0,0.0013120049834138866,0.1,0.125,0.125,0.0,0.3156800307535601,0.26132650029708854,0.054353530456471566,0.3340195207780987,0.2227132647389211,0.1113062560391776
23,7,2,35,11,2,8,1451214.0,1453118.0,0.0013120049834138866,0.2,0.25,0.25,0.0,0.4939300895183249,0.49262849079025545,0.001301598728069453,0.48506418476057983,0.4226752043569933,0.062388980403586536
23,7,2,35,11,2,8,1451214.0,1453118.0,0.0013120049834138866,0.4,0.375,0.25,0.125,0.7284357799063682,0.5927891042780749,0.13564667562829336,0.7114716475386339,0.5067091408598186,0.20476250667881535
23,7,2,38,12,2,8,1451214.0,1463540.0,0.008493578479810696,0.05,0.0,0.125,0.125,0.1290688478188478,0.29798344017094014,0.16891459235209233,0.10161814751910364,0.2962707623378338,0.19465261481873014
23,7,2,38,12,2,8,1451214.0,1463540.0,0.008493578479810696,0.1,0.125,0.25,0.125,0.3156800307535601,0.430354020979021,0.11467399022546088,0.3340195207780987,0.40489429155800855,0.07087477077990983
23,7,2,38,12,2,8,1451214.0,1463540.0,0.008493578479810696,0.2,0.25,0.25,0.0,0.4939300895183249,0.541310945998446,0.04738085648012108,0.48506418476057983,0.5288210210430845,0.04375683628250465
23,7,2,38,12,2,8,1451214.0,1463540.0,0.008493578479810696,0.4,0.375,0.25,0.125,0.7284357799063682,0.7063786907536908,0.022057089152677456,0.7114716475386339,0.7071537133043326,0.004317934234301268
23,7,2,39,13,2,8,1451214.0,1444899.0,0.004370547699181742,0.05,0.0,0.25,0.25,0.1290688478188478,0.3518833849329205,0.22281453711407267,0.10161814751910364,0.3285515193907805,0.22693337187167684
23,7,2,39,13,2,8,1451214.0,1444899.0,0.004370547699181742,0.1,0.125,0.25,0.125,0.3156800307535601,0.3967363261093911,0.08105629535583098,0.3340195207780987,0.3610726644291827,0.027053143651083966
23,7,2,39,13,2,8,1451214.0,1444899.0,0.004370547699181742,0.2,0.25,0.25,0.0,0.4939300895183249,0.4912732198142415,0.002656869704083409,0.48506418476057983,0.4355257274454036,0.049538457315176254
23,7,2,39,13,2,8,1451214.0,1444899.0,0.004370547699181742,0.4,0.375,0.375,0.0,0.7284357799063682,0.6895704334365325,0.03886534646983575,0.7114716475386339,0.62219715816473,0.08927448937390392
23,7,2,42,14,2,8,1451214.0,1447453.0,0.0025983572523598348,0.05,0.0,0.25,0.25,0.1290688478188478,0.3628286461345672,0.2337597983157194,0.10161814751910364,0.33354847705937196,0.23193032954026832
23,7,2,42,14,2,8,1451214.0,1447453.0,0.0025983572523598348,0.1,0.125,0.25,0.125,0.3156800307535601,0.3940214117023328,0.07834138094877269,0.3340195207780987,0.3877300715496347,0.05371055077153597
23,7,2,42,14,2,8,1451214.0,1447453.0,0.0025983572523598348,0.2,0.25,0.25,0.0,0.4939300895183249,0.5157183824946983,0.021788292976373358,0.48506418476057983,0.4728881245034391,0.012176060257140742
23,7,2,42,14,2,8,1451214.0,1447453.0,0.0025983572523598348,0.4,0.375,0.25,0.125,0.7284357799063682,0.6661982480239059,0.06223753188246228,0.7114716475386339,0.6074270082576239,0.10404463928101004
23,7,2,48,16,2,8,1451214.0,1453803.0,0.0017840235830139455,0.05,0.0,0.125,0.125,0.1290688478188478,0.31285635409276713,0.18378750627391932,0.10161814751910364,0.28331198081620423,0.1816938332971006
23,7,2,48,16,2,8,1451214.0,1453803.0,0.0017840235830139455,0.1,0.125,0.25,0.125,0.3156800307535601,0.40967371245903855,0.09399368170547845,0.3340195207780987,0.36487375139872347,0.030854230620624756
23,7,2,48,16,2,8,1451214.0,1453803.0,0.0017840235830139455,0.2,0.25,0.25,0.0,0.4939300895183249,0.5269511059592582,0.033021016440933304,0.48506418476057983,0.4656490855220771,0.01941509923850271
23,7,2,48,16,2,8,1451214.0,1453803.0,0.0017840235830139455,0.4,0.375,0.25,0.125,0.7284357799063682,0.7048692928448363,0.02356648706153186,0.7114716475386339,0.6605523549452259,0.050919292593407994
23,7,2,54,18,2,8,1451214.0,1463329.0,0.008348182969568926,0.05,0.0,0.25,0.25,0.1290688478188478,0.3532765206284943,0.22420767280964649,0.10161814751910364,0.3304905131408465,0.22887236562174285
23,7,2,54,18,2,8,1451214.0,1463329.0,0.008348182969568926,0.1,0.125,0.25,0.125,0.3156800307535601,0.3983170064584538,0.0826369757048937,0.3340195207780987,0.3748231415762101,0.040803620798111395
23,7,2,54,18,2,8,1451214.0,1463329.0,0.008348182969568926,0.2,0.25,0.25,0.0,0.4939300895183249,0.5206405436668594,0.026710454148534513,0.48506418476057983,0.48556615489853944,0.0005019701379596064
23,7,2,54,18,2,8,1451214.0,1463329.0,0.008348182969568926,0.4,0.375,0.25,0.125,0.7284357799063682,0.7088921221322537,0.019543657774114487,0.7114716475386339,0.6500168870213467,0.061454760517287155
23,7,2,57,19,2,8,1451214.0,1428930.0,0.015594885683693393,0.05,0.0,0.25,0.25,0.1290688478188478,0.31348079004329005,0.18441194222444224,0.10161814751910364,0.28795703264573613,0.1863388851266325
23,7,2,57,19,2,8,1451214.0,1428930.0,0.015594885683693393,0.1,0.125,0.25,0.125,0.3156800307535601,0.3623286435786436,0.04664861282508348,0.3340195207780987,0.3521569674006251,0.018137446622526365
23,7,2,57,19,2,8,1451214.0,1428930.0,0.015594885683693393,0.2,0.25,0.25,0.0,0.4939300895183249,0.5113410894660895,0.01741099994776457,0.48506418476057983,0.4726512165189088,0.01241296824167104
23,7,2,57,19,2,8,1451214.0,1428930.0,0.015594885683693393,0.4,0.375,0.25,0.125,0.7284357799063682,0.6460137085137085,0.08242207139265967,0.7114716475386339,0.5689033882820436,0.14256825925659034
24,8,0,27,9,0,6,1383049.0,1371804.0,0.00819723517353791,0.05,0.0,0.0,0.0,0.12500862663906143,0.09454365079365079,0.030464975845410636,0.10402965699878153,0.07873589567391169,0.025293761324869837
24,8,0,27,9,0,6,1383049.0,1371804.0,0.00819723517353791,0.1,0.0,0.0,0.0,0.19674344375431332,0.20291305916305916,0.006169615408745832,0.183797944069681,0.1665100080918799,0.017287935977801094
24,8,0,27,9,0,6,1383049.0,1371804.0,0.00819723517353791,0.2,0.0,0.0,0.0,0.33211190273210733,0.270211038961039,0.06190086377106835,0.292290815913867,0.24545514111370995,0.04683567480015707
24,8,0,27,9,0,6,1383049.0,1371804.0,0.00819723517353791,0.4,0.0,0.0,0.0,0.4639261864165956,0.4313371813371813,0.03258900507941431,0.3735914096600797,0.3484060089502481,0.025185400709831607
24,8,0,30,10,0,6,1383049.0,1375390.0,0.005568602360057875,0.05,0.0,0.0,0.0,0.12500862663906143,0.09375970008962337,0.03124892654943806,0.10402965699878153,0.07157236980277769,0.03245728719600384
24,8,0,30,10,0,6,1383049.0,1375390.0,0.005568602360057875,0.1,0.0,0.0,0.0,0.19674344375431332,0.16753420989354495,0.029209233860768374,0.183797944069681,0.17153048616202302,0.012267457907657986
24,8,0,30,10,0,6,1383049.0,1375390.0,0.005568602360057875,0.2,0.0,0.0,0.0,0.33211190273210733,0.25371813998732157,0.07839376274478577,0.292290815913867,0.2605323747592341,0.031758441154632944
24,8,0,30,10,0,6,1383049.0,1375390.0,0.005568602360057875,0.4,0.0,0.0,0.0,0.4639261864165956,0.40448622314031524,0.05943996327628037,0.3735914096600797,0.33928804162648296,0.03430336803359674
24,8,0,33,11,0,6,1383049.0,1386668.0,0.002616682416891954,0.05,0.0,0.0,0.0,0.12500862663906143,0.08280723905723905,0.042201387581822375,0.10402965699878153,0.062325026098195103,0.041704630900586424
24,8,0,33,11,0,6,1383049.0,1386668.0,0.002616682416891954,0.1,0.0,0.0,0.0,0.19674344375431332,0.10890151515151514,0.08784192860279819,0.183797944069681,0.08743931410738963,0.09635862996229137
24,8,0,33,11,0,6,1383049.0,1386668.0,0.002616682416891954,0.2,0.0,0.0,0.0,0.33211190273210733,0.22762551990493166,0.10448638282717568,0.292290815913867,0.16242837083747017,0.12986244507639685
24,8,0,33,11,0,6,1383049.0,1386668.0,0.002616682416891954,0.4,0.0,0.0,0.0,0.4639261864165956,0.3589943553178847,0.1049318310987109,0.3735914096600797,0.25150951586686815,0.12208189379321155
24,8,0,36,12,0,6,1383049.0,1374351.0,0.006328805377956577,0.05,0.0,0.0,0.0,0.12500862663906143,0.10725762527233114,0.017751001366730287,0.10402965699878153,0.09256809528564619,0.011461561713135338
24,8,0,36,12,0,6,1383049.0,1374351.0,0.006328805377956577,0.1,0.0,0.0,0.0,0.19674344375431332,0.19780402059813826,0.0010605768438249341,0.183797944069681,0.1701410441000012,0.013656899969679809
24,8,0,36,12,0,6,1383049.0,1374351.0,0.006328805377956577,0.2,0.0,0.0,0.0,0.33211190273210733,0.33347073677956035,0.001358834047453017,0.292290815913867,0.2480093074865692,0.044281508427297805
24,8,0,36,12,0,6,1383049.0,1374351.0,0.006328805377956577,0.4,0.0,0.0,0.0,0.4639261864165956,0.4302040007922361,0.033722185624359524,0.3735914096600797,0.3430053005195745,0.03058610914050519
24,8,0,40,14,0,6,1383049.0,1380685.0,0.0017121935850682812,0.05,0.0,0.0,0.0,0.12500862663906143,0.1387057387057387,0.013697112066677286,0.10402965699878153,0.0794947482281858,0.024534908770595734
24,8,0,40,14,0,6,1383049.0,1380685.0,0.0017121935850682812,0.1,0.0,0.0,0.0,0.19674344375431332,0.14912240537240537,0.047621038381907954,0.183797944069681,0.13171553654226464,0.05208240752741636
24,8,0,40,14,0,6,1383049.0,1380685.0,0.0017121935850682812,0.2,0.0,0.0,0.0,0.33211190273210733,0.2768346441140559,0.05527725861805144,0.292290815913867,0.19935426618346538,0.09293654973040164
24,8,0,40,14,0,6,1383049.0,1380685.0,0.0017121935850682812,0.4,0.0,0.0,0.0,0.4639261864165956,0.4141066041801336,0.04981958223646199,0.3735914096600797,0.32203816272098823,0.05155324693909147
24,8,0,43,15,0,6,1383049.0,1384972.0,0.0013904062690475898,0.05,0.0,0.0,0.0,0.12500862663906143,0.14682539682539683,0.021816770186335405,0.10402965699878153,0.11473941496550104,0.01070975796671951
24,8,0,43,15,0,6,1383049.0,1384972.0,0.0013904062690475898,0.1,0.0,0.0,0.0,0.19674344375431332,0.2396475256769374,0.04290408192262407,0.183797944069681,0.19339035332418597,0.009592409254504969
24,8,0,43,15,0,6,1383049.0,1384972.0,0.0013904062690475898,0.2,0.0,0.0,0.0,0.33211190273210733,0.33901727357609707,0.006905370843989733,0.292290815913867,0.26904744964306765,0.02324336627079937
24,8,0,43,15,0,6,1383049.0,1384972.0,0.0013904062690475898,0.4,0.0,0.0,0.0,0.4639261864165956,0.4776552287581699,0.013729042341574293,0.3735914096600797,0.34280014587325863,0.030791263786821066
24,8,0,46,16,0,6,1383049.0,1364614.0,0.013509314721965333,0.05,0.0,0.0,0.0,0.12500862663906143,0.11543240374762113,0.009576222891440292,0.10402965699878153,0.06185424530457101,0.04217541169421052
24,8,0,46,16,0,6,1383049.0,1364614.0,0.013509314721965333,0.1,0.0,0.0,0.0,0.19674344375431332,0.14824696237739715,0.04849648137691617,0.183797944069681,0.08748862419149596,0.09630931987818504
24,8,0,46,16,0,6,1383049.0,1364614.0,0.013509314721965333,0.2,0.0,0.0,0.0,0.33211190273210733,0.31756988038957346,0.014542022342533878,0.292290815913867,0.19566138586890977,0.09662943004495725
24,8,0,46,16,0,6,1383049.0,1364614.0,0.013509314721965333,0.4,0.0,0.0,0.0,0.4639261864165956,0.4404923058375744,0.023433880579021182,0.3735914096600797,0.2963262925144507,0.077265117145629
24,8,0,49,17,0,6,1383049.0,1359667.0,0.017196857760025067,0.05,0.0,0.0,0.0,0.12500862663906143,0.11752450980392155,0.007484116835139873,0.10402965699878153,0.08610930380042849,0.017920353198353042
24,8,0,49,17,0,6,1383049.0,1359667.0,0.017196857760025067,0.1,0.0,0.0,0.0,0.19674344375431332,0.21165382819794584,0.014910384443632518,0.183797944069681,0.2017950831413792,0.017997139071698198
24,8,0,49,17,0,6,1383049.0,1359667.0,0.017196857760025067,0.2,0.0,0.0,0.0,0.33211190273210733,0.3324171335200747,0.0003052307879673477,0.292290815913867,0.31166639775790395,0.019375581844036927
24,8,0,49,17,0,6,1383049.0,1359667.0,0.017196857760025067,0.4,0.0,0.0,0.0,0.4639261864165956,0.4684932306255835,0.004567044208987903,0.3735914096600797,0.35494163073014645,0.018649778929933247
24,8,0,52,18,0,6,1383049.0,1371470.0,0.00844276579145005,0.05,0.0,0.0,0.0,0.12500862663906143,0.09858597285067873,0.026422653788382697,0.10402965699878153,0.07684747547441267,0.027182181524368854
24,8,0,52,18,0,6,1383049.0,1371470.0,0.00844276579145005,0.1,0.0,0.0,0.0,0.19674344375431332,0.16413084464555053,0.032612599108762796,0.183797944069681,0.1351563542906124,0.0486415897790686
24,8,0,52,18,0,6,1383049.0,1371470.0,0.00844276579145005,0.2,0.0,0.0,0.0,0.33211190273210733,0.24802889104359693,0.0840830116885104,0.292290815913867,0.1815228096200987,0.11076800629376832
24,8,0,52,18,0,6,1383049.0,1371470.0,0.00844276579145005,0.4,0.0,0.0,0.0,0.4639261864165956,0.46610689147453854,0.0021807050579429332,0.3735914096600797,0.31818779508935224,0.055403614570727455
24,8,0,55,19,0,6,1383049.0,1362162.0,0.01533371214290224,0.05,0.0,0.0,0.0,0.12500862663906143,0.08464105339105339,0.040367573248008035,0.10402965699878153,0.05993449144925397,0.04409516554952756
24,8,0,55,19,0,6,1383049.0,1362162.0,0.01533371214290224,0.1,0.0,0.0,0.0,0.19674344375431332,0.1090518278018278,0.08769161595248552,0.183797944069681,0.08804841280418402,0.09574953126549698
24,8,0,55,19,0,6,1383049.0,1362162.0,0.01533371214290224,0.2,0.0,0.0,0.0,0.33211190273210733,0.2862501061030473,0.045861796629060037,0.292290815913867,0.22268514157189803,0.06960567434196899
24,8,0,55,19,0,6,1383049.0,1362162.0,0.01533371214290224,0.4,0.0,0.0,0.0,0.4639261864165956,0.4242733709645474,0.039652815452048185,0.3735914096600797,0.3235831975308268,0.05000821212925288
25,8,1,28,9,1,7,1399799.0,1423848.0,0.017180323746480746,0.05,0.0,0.14285714285714285,0.14285714285714285,0.12367017040930084,0.22389455782312925,0.10022438741382841,0.10938416782884551,0.21177158695831924,0.10238741912947373
25,8,1,28,9,1,7,1399799.0,1423848.0,0.017180323746480746,0.1,0.14285714285714285,0.14285714285714285,0.0,0.31316889632107026,0.3102891156462585,0.0028797806748117605,0.29127565743497275,0.28710960031918115,0.004166057115791599
25,8,1,28,9,1,7,1399799.0,1423848.0,0.017180323746480746,0.2,0.14285714285714285,0.14285714285714285,0.0,0.49308748583045253,0.39467120181405896,0.09841628401639357,0.42753642553379567,0.39082946136003516,0.036706964173760515
25,8,1,28,9,1,7,1399799.0,1423848.0,0.017180323746480746,0.4,0.14285714285714285,0.14285714285714285,0.0,0.6570381664371434,0.5794501133786848,0.07758805305845862,0.6033501323529225,0.5522923444488644,0.051057787904058016
25,8,1,31,10,1,7,1399799.0,1399232.0,0.0004052222933723643,0.05,0.0,0.0,0.0,0.12367017040930084,0.06727021912443908,0.05639995128486176,0.10938416782884551,0.048166495697596234,0.061217672131249276
25,8,1,31,10,1,7,1399799.0,1399232.0,0.0004052222933723643,0.1,0.14285714285714285,0.0,0.14285714285714285,0.31316889632107026,0.12626881856421499,0.18690007775685527,0.29127565743497275,0.11867711797463938,0.17259853946033338
25,8,1,31,10,1,7,1399799.0,1399232.0,0.0004052222933723643,0.2,0.14285714285714285,0.14285714285714285,0.0,0.49308748583045253,0.35437745332246606,0.13871003250798647,0.42753642553379567,0.34500376439955444,0.08253266113424124
25,8,1,31,10,1,7,1399799.0,1399232.0,0.0004052222933723643,0.4,0.14285714285714285,0.14285714285714285,0.0,0.6570381664371434,0.54672671744283,0.11031144899431344,0.6033501323529225,0.5529781455008683,0.05037198685205413
25,8,1,37,12,1,7,1399799.0,1415012.0,0.010867988904121235,0.05,0.0,0.14285714285714285,0.14285714285714285,0.12367017040930084,0.23432539682539685,0.11065522641609601,0.10938416782884551,0.21895220243191907,0.10956803460307356
25,8,1,37,12,1,7,1399799.0,1415012.0,0.010867988904121235,0.1,0.14285714285714285,0.14285714285714285,0.0,0.31316889632107026,0.36477272727272725,0.05160383095165699,0.29127565743497275,0.3281023101239939,0.03682665268902113
25,8,1,37,12,1,7,1399799.0,1415012.0,0.010867988904121235,0.2,0.14285714285714285,0.14285714285714285,0.0,0.49308748583045253,0.4587121212121212,0.03437536461833135,0.42753642553379567,0.43182042278467847,0.004283997250882798
25,8,1,37,12,1,7,1399799.0,1415012.0,0.010867988904121235,0.4,0.14285714285714285,0.14285714285714285,0.0,0.6570381664371434,0.6043290043290044,0.05270916210813903,0.6033501323529225,0.5307489279462465,0.07260120440667595
25,8,1,41,14,1,7,1399799.0,1406792.0,0.0049957172422612104,0.05,0.0,0.14285714285714285,0.14285714285714285,0.12367017040930084,0.27180416701093396,0.14813399660163312,0.10938416782884551,0.2383411166392823,0.1289569488104368
25,8,1,41,14,1,7,1399799.0,1406792.0,0.0049957172422612104,0.1,0.14285714285714285,0.14285714285714285,0.0,0.31316889632107026,0.28753545952794074,0.025633436793129516,0.29127565743497275,0.287668412478665,0.0036072449563077646
25,8,1,41,14,1,7,1399799.0,1406792.0,0.0049957172422612104,0.2,0.14285714285714285,0.14285714285714285,0.0,0.49308748583045253,0.39954068672003207,0.09354679911042046,0.42753642553379567,0.34788502385439646,0.07965140167939921
25,8,1,41,14,1,7,1399799.0,1406792.0,0.0049957172422612104,0.4,0.14285714285714285,0.14285714285714285,0.0,0.6570381664371434,0.5612043400356094,0.09583382640153404,0.6033501323529225,0.4712456372365453,0.13210449511637717
25,8,1,44,15,1,7,1399799.0,1425633.0,0.01845550682633721,0.05,0.0,0.14285714285714285,0.14285714285714285,0.12367017040930084,0.2776360544217687,0.15396588401246786,0.10938416782884551,0.24755283425257768,0.13816866642373216
25,8,1,44,15,1,7,1399799.0,1425633.0,0.01845550682633721,0.1,0.14285714285714285,0.14285714285714285,0.0,0.31316889632107026,0.38562925170068024,0.07246035537960999,0.29127565743497275,0.3442295766046117,0.05295391916963893
25,8,1,44,15,1,7,1399799.0,1425633.0,0.01845550682633721,0.2,0.14285714285714285,0.14285714285714285,0.0,0.49308748583045253,0.48137755102040813,0.011709934810044398,0.42753642553379567,0.4306263225867292,0.0030898970529335545
25,8,1,44,15,1,7,1399799.0,1425633.0,0.01845550682633721,0.4,0.14285714285714285,0.14285714285714285,0.0,0.6570381664371434,0.6433673469387754,0.013670819498368014,0.6033501323529225,0.5442798358542487,0.05907029649867379
25,8,1,47,16,1,7,1399799.0,1405275.0,0.003911990221453223,0.05,0.0,0.14285714285714285,0.14285714285714285,0.12367017040930084,0.25132301273605623,0.1276528423267554,0.10938416782884551,0.2023553353520759,0.09297116752323038
25,8,1,47,16,1,7,1399799.0,1405275.0,0.003911990221453223,0.1,0.14285714285714285,0.14285714285714285,0.0,0.31316889632107026,0.3143523746784616,0.0011834783573913543,0.29127565743497275,0.25341328992963436,0.03786236750533839
25,8,1,47,16,1,7,1399799.0,1405275.0,0.003911990221453223,0.2,0.14285714285714285,0.14285714285714285,0.0,0.49308748583045253,0.46680626137147874,0.026281224458973795,0.42753642553379567,0.34528154350753415,0.08225488202626152
25,8,1,47,16,1,7,1399799.0,1405275.0,0.003911990221453223,0.4,0.14285714285714285,0.14285714285714285,0.0,0.6570381664371434,0.5847669238973587,0.07227124253978467,0.6033501323529225,0.49236558120453394,0.11098455114838851
25,8,1,50,17,1,7,1399799.0,1410308.0,0.0075075064348524324,0.05,0.0,0.0,0.0,0.12367017040930084,0.07304421768707482,0.05062595272222602,0.10938416782884551,0.06337998395180733,0.04600418387703818
25,8,1,50,17,1,7,1399799.0,1410308.0,0.0075075064348524324,0.1,0.14285714285714285,0.14285714285714285,0.0,0.31316889632107026,0.3092236894757904,0.0039452068452798805,0.29127565743497275,0.30934205636033374,0.018066398925360994
25,8,1,50,17,1,7,1399799.0,1410308.0,0.0075075064348524324,0.2,0.14285714285714285,0.14285714285714285,0.0,0.49308748583045253,0.4463935574229692,0.04669392840748332,0.42753642553379567,0.44015322511271343,0.012616799578917759
25,8,1,50,17,1,7,1399799.0,1410308.0,0.0075075064348524324,0.4,0.14285714285714285,0.14285714285714285,0.0,0.6570381664371434,0.6276110444177672,0.02942712201937625,0.6033501323529225,0.5725379032466139,0.030812229106308542
25,8,1,53,18,1,7,1399799.0,1422668.0,0.016337345576043417,0.05,0.0,0.14285714285714285,0.14285714285714285,0.12367017040930084,0.26088745214685066,0.13721728173754982,0.10938416782884551,0.23484630073239607,0.12546213290355057
25,8,1,53,18,1,7,1399799.0,1422668.0,0.016337345576043417,0.1,0.14285714285714285,0.14285714285714285,0.0,0.31316889632107026,0.2903842711173539,0.02278462520371638,0.29127565743497275,0.2728497963575233,0.018425861077449424
25,8,1,53,18,1,7,1399799.0,1422668.0,0.016337345576043417,0.2,0.14285714285714285,0.14285714285714285,0.0,0.49308748583045253,0.39489307868896545,0.09819440714148708,0.42753642553379567,0.3589751690676331,0.06856125646616257
25,8,1,53,18,1,7,1399799.0,1422668.0,0.016337345576043417,0.4,0.14285714285714285,0.14285714285714285,0.0,0.6570381664371434,0.5922056069391319,0.06483255949801148,0.6033501323529225,0.5132425953037963,0.09010753704912611
25,8,1,56,19,1,7,1399799.0,1387081.0,0.009168894967200907,0.05,0.0,0.14285714285714285,0.14285714285714285,0.12367017040930084,0.21930272108843538,0.09563255067913454,0.10938416782884551,0.2011702561189622,0.09178608829011668
25,8,1,56,19,1,7,1399799.0,1387081.0,0.009168894967200907,0.1,0.14285714285714285,0.14285714285714285,0.0,0.31316889632107026,0.2558106575963719,0.05735823872469836,0.29127565743497275,0.2347333299636303,0.05654232747134244
25,8,1,56,19,1,7,1399799.0,1387081.0,0.009168894967200907,0.2,0.14285714285714285,0.14285714285714285,0.0,0.49308748583045253,0.417922168867547,0.07516531696290552,0.42753642553379567,0.37294096311198494,0.054595462421810736
25,8,1,56,19,1,7,1399799.0,1387081.0,0.009168894967200907,0.4,0.14285714285714285,0.14285714285714285,0.0,0.6570381664371434,0.5673202614379085,0.08971790499923493,0.6033501323529225,0.47192031258544587,0.13142981976747659
26,8,2,32,10,2,8,1451843.0,1424338.0,0.01931072540366121,0.05,0.125,0.25,0.125,0.23608318764568761,0.3624460005574136,0.126362812911726,0.22079989271505424,0.34919155580301486,0.12839166308796063
26,8,2,32,10,2,8,1451843.0,1424338.0,0.01931072540366121,0.1,0.25,0.25,0.0,0.4000109265734266,0.4706573996655518,0.07064647309212524,0.38411540192593635,0.46265275683164875,0.0785373549057124
26,8,2,32,10,2,8,1451843.0,1424338.0,0.01931072540366121,0.2,0.25,0.25,0.0,0.575882481489099,0.5773602982162764,0.0014778167271773945,0.5180213357957242,0.5686857355514869,0.05066439975576276
26,8,2,32,10,2,8,1451843.0,1424338.0,0.01931072540366121,0.4,0.25,0.25,0.0,0.7538810760318114,0.7288513795986623,0.025029696433149118,0.7110317481036057,0.7109868120358923,4.4936067713385874e-05
26,8,2,35,11,2,8,1451843.0,1453118.0,0.0008781941298060466,0.05,0.125,0.125,0.0,0.23608318764568761,0.2287210338680927,0.007362153777594915,0.22079989271505424,0.20564100301163304,0.015158889703421191
26,8,2,35,11,2,8,1451843.0,1453118.0,0.0008781941298060466,0.1,0.25,0.125,0.125,0.4000109265734266,0.26132650029708854,0.13868442627633804,0.38411540192593635,0.2227132647389211,0.16140213718701524
26,8,2,35,11,2,8,1451843.0,1453118.0,0.0008781941298060466,0.2,0.25,0.25,0.0,0.575882481489099,0.49262849079025545,0.0832539906988436,0.5180213357957242,0.4226752043569933,0.09534613143873089
26,8,2,35,11,2,8,1451843.0,1453118.0,0.0008781941298060466,0.4,0.25,0.25,0.0,0.7538810760318114,0.5927891042780749,0.16109197175373657,0.7110317481036057,0.5067091408598186,0.20432260724378715
26,8,2,38,12,2,8,1451843.0,1463540.0,0.008056656263797118,0.05,0.125,0.125,0.0,0.23608318764568761,0.29798344017094014,0.061900252525252525,0.22079989271505424,0.2962707623378338,0.07547086962277955
26,8,2,38,12,2,8,1451843.0,1463540.0,0.008056656263797118,0.1,0.25,0.25,0.0,0.4000109265734266,0.430354020979021,0.030343094405594406,0.38411540192593635,0.40489429155800855,0.020778889632072195
26,8,2,38,12,2,8,1451843.0,1463540.0,0.008056656263797118,0.2,0.25,0.25,0.0,0.575882481489099,0.541310945998446,0.03457153549065306,0.5180213357957242,0.5288210210430845,0.010799685247360302
26,8,2,38,12,2,8,1451843.0,1463540.0,0.008056656263797118,0.4,0.25,0.25,0.0,0.7538810760318114,0.7063786907536908,0.04750238527812067,0.7110317481036057,0.7071537133043326,0.003878034799273067
26,8,2,39,13,2,8,1451843.0,1444899.0,0.004805872244357564,0.05,0.125,0.25,0.125,0.23608318764568761,0.3518833849329205,0.11580019728723287,0.22079989271505424,0.3285515193907805,0.10775162667572624
26,8,2,39,13,2,8,1451843.0,1444899.0,0.004805872244357564,0.1,0.25,0.25,0.0,0.4000109265734266,0.3967363261093911,0.003274600464035493,0.38411540192593635,0.3610726644291827,0.023042737496753674
26,8,2,39,13,2,8,1451843.0,1444899.0,0.004805872244357564,0.2,0.25,0.25,0.0,0.575882481489099,0.4912732198142415,0.08460926167485755,0.5180213357957242,0.4355257274454036,0.0824956083503206
26,8,2,39,13,2,8,1451843.0,1444899.0,0.004805872244357564,0.4,0.25,0.375,0.125,0.7538810760318114,0.6895704334365325,0.06431064259527897,0.7110317481036057,0.62219715816473,0.08883458993887572
26,8,2,42,14,2,8,1451843.0,1447453.0,0.003032913676644423,0.05,0.125,0.25,0.125,0.23608318764568761,0.3628286461345672,0.1267454584888796,0.22079989271505424,0.33354847705937196,0.11274858434431773
26,8,2,42,14,2,8,1451843.0,1447453.0,0.003032913676644423,0.1,0.25,0.25,0.0,0.4000109265734266,0.3940214117023328,0.005989514871093782,0.38411540192593635,0.3877300715496347,0.00361466962369833
26,8,2,42,14,2,8,1451843.0,1447453.0,0.003032913676644423,0.2,0.25,0.25,0.0,0.575882481489099,0.5157183824946983,0.06016409899440078,0.5180213357957242,0.4728881245034391,0.04513321129228509
26,8,2,42,14,2,8,1451843.0,1447453.0,0.003032913676644423,0.4,0.25,0.25,0.0,0.7538810760318114,0.6661982480239059,0.0876828280079055,0.7110317481036057,0.6074270082576239,0.10360473984598184
26,8,2,48,16,2,8,1451843.0,1453803.0,0.0013500082309175303,0.05,0.125,0.125,0.0,0.23608318764568761,0.31285635409276713,0.07677316644707952,0.22079989271505424,0.28331198081620423,0.06251208810115
26,8,2,48,16,2,8,1451843.0,1453803.0,0.0013500082309175303,0.1,0.25,0.25,0.0,0.4000109265734266,0.40967371245903855,0.00966278588561198,0.38411540192593635,0.36487375139872347,0.019241650527212883
26,8,2,48,16,2,8,1451843.0,1453803.0,0.0013500082309175303,0.2,0.25,0.25,0.0,0.575882481489099,0.5269511059592582,0.04893137552984084,0.5180213357957242,0.4656490855220771,0.05237225027364706
26,8,2,48,16,2,8,1451843.0,1453803.0,0.0013500082309175303,0.4,0.25,0.25,0.0,0.7538810760318114,0.7048692928448363,0.04901178318697508,0.7110317481036057,0.6605523549452259,0.05047939315837979
26,8,2,54,18,2,8,1451843.0,1463329.0,0.00791132374506059,0.05,0.125,0.25,0.125,0.23608318764568761,0.3532765206284943,0.11719333298280668,0.22079989271505424,0.3304905131408465,0.10969062042579225
26,8,2,54,18,2,8,1451843.0,1463329.0,0.00791132374506059,0.1,0.25,0.25,0.0,0.4000109265734266,0.3983170064584538,0.001693920114972769,0.38411540192593635,0.3748231415762101,0.009292260349726245
26,8,2,54,18,2,8,1451843.0,1463329.0,0.00791132374506059,0.2,0.25,0.25,0.0,0.575882481489099,0.5206405436668594,0.05524193782223963,0.5180213357957242,0.48556615489853944,0.03245518089718474
26,8,2,54,18,2,8,1451843.0,1463329.0,0.00791132374506059,0.4,0.25,0.25,0.0,0.7538810760318114,0.7088921221322537,0.044988953899557704,0.7110317481036057,0.6500168870213467,0.06101486108225895
26,8,2,57,19,2,8,1451843.0,1428930.0,0.01603507519612577,0.05,0.125,0.25,0.125,0.23608318764568761,0.31348079004329005,0.07739760239760243,0.22079989271505424,0.28795703264573613,0.0671571399306819
26,8,2,57,19,2,8,1451843.0,1428930.0,0.01603507519612577,0.1,0.25,0.25,0.0,0.4000109265734266,0.3623286435786436,0.03768228299478299,0.38411540192593635,0.3521569674006251,0.031958434525311274
26,8,2,57,19,2,8,1451843.0,1428930.0,0.01603507519612577,0.2,0.25,0.25,0.0,0.575882481489099,0.5113410894660895,0.06454139202300957,0.5180213357957242,0.4726512165189088,0.04537011927681539
26,8,2,57,19,2,8,1451843.0,1428930.0,0.01603507519612577,0.4,0.25,0.25,0.0,0.7538810760318114,0.6460137085137085,0.10786736751810289,0.7110317481036057,0.5689033882820436,0.14212835982156213
27,9,0,30,10,0,6,1371804.0,1375390.0,0.002614076063344326,0.05,0.0,0.0,0.0,0.09454365079365079,0.09375970008962337,0.0007839507040274252,0.07873589567391169,0.07157236980277769,0.007163525871134002
27,9,0,30,10,0,6,1371804.0,1375390.0,0.002614076063344326,0.1,0.0,0.0,0.0,0.20291305916305916,0.16753420989354495,0.035378849269514206,0.1665100080918799,0.17153048616202302,0.005020478070143108
27,9,0,30,10,0,6,1371804.0,1375390.0,0.002614076063344326,0.2,0.0,0.0,0.0,0.270211038961039,0.25371813998732157,0.016492898973717418,0.24545514111370995,0.2605323747592341,0.01507723364552413
27,9,0,30,10,0,6,1371804.0,1375390.0,0.002614076063344326,0.4,0.0,0.0,0.0,0.4313371813371813,0.40448622314031524,0.02685095819686606,0.3484060089502481,0.33928804162648296,0.00911796732376513
27,9,0,33,11,0,6,1371804.0,1386668.0,0.01083536715157559,0.05,0.0,0.0,0.0,0.09454365079365079,0.08280723905723905,0.01173641173641174,0.07873589567391169,0.062325026098195103,0.016410869575716587
27,9,0,33,11,0,6,1371804.0,1386668.0,0.01083536715157559,0.1,0.0,0.0,0.0,0.20291305916305916,0.10890151515151514,0.09401154401154402,0.1665100080918799,0.08743931410738963,0.07907069398449028
27,9,0,33,11,0,6,1371804.0,1386668.0,0.01083536715157559,0.2,0.0,0.0,0.0,0.270211038961039,0.22762551990493166,0.04258551905610733,0.24545514111370995,0.16242837083747017,0.08302677027623978
27,9,0,33,11,0,6,1371804.0,1386668.0,0.01083536715157559,0.4,0.0,0.0,0.0,0.4313371813371813,0.3589943553178847,0.07234282601929659,0.3484060089502481,0.25150951586686815,0.09689649308337994
27,9,0,36,12,0,6,1371804.0,1374351.0,0.0018566792340596761,0.05,0.0,0.0,0.0,0.09454365079365079,0.10725762527233114,0.012713974478680348,0.07873589567391169,0.09256809528564619,0.0138321996117345
27,9,0,36,12,0,6,1371804.0,1374351.0,0.0018566792340596761,0.1,0.0,0.0,0.0,0.20291305916305916,0.19780402059813826,0.005109038564920898,0.1665100080918799,0.1701410441000012,0.0036310360081212856
27,9,0,36,12,0,6,1371804.0,1374351.0,0.0018566792340596761,0.2,0.0,0.0,0.0,0.270211038961039,0.33347073677956035,0.06325969781852137,0.24545514111370995,0.2480093074865692,0.002554166372859268
27,9,0,36,12,0,6,1371804.0,1374351.0,0.0018566792340596761,0.4,0.0,0.0,0.0,0.4313371813371813,0.4302040007922361,0.0011331805449452115,0.3484060089502481,0.3430053005195745,0.005400708430673584
27,9,0,40,14,0,6,1371804.0,1380685.0,0.006473956920959554,0.05,0.0,0.0,0.0,0.09454365079365079,0.1387057387057387,0.04416208791208792,0.07873589567391169,0.0794947482281858,0.0007588525542741031
27,9,0,40,14,0,6,1371804.0,1380685.0,0.006473956920959554,0.1,0.0,0.0,0.0,0.20291305916305916,0.14912240537240537,0.053790653790653786,0.1665100080918799,0.13171553654226464,0.03479447154961526
27,9,0,40,14,0,6,1371804.0,1380685.0,0.006473956920959554,0.2,0.0,0.0,0.0,0.270211038961039,0.2768346441140559,0.006623605153016909,0.24545514111370995,0.19935426618346538,0.04610087493024456
27,9,0,40,14,0,6,1371804.0,1380685.0,0.006473956920959554,0.4,0.0,0.0,0.0,0.4313371813371813,0.4141066041801336,0.017230577157047677,0.3484060089502481,0.32203816272098823,0.02636784622925986
27,9,0,43,15,0,6,1371804.0,1384972.0,0.009599038929759645,0.05,0.0,0.0,0.0,0.09454365079365079,0.14682539682539683,0.05228174603174604,0.07873589567391169,0.11473941496550104,0.03600351929158935
27,9,0,43,15,0,6,1371804.0,1384972.0,0.009599038929759645,0.1,0.0,0.0,0.0,0.20291305916305916,0.2396475256769374,0.03673446651387824,0.1665100080918799,0.19339035332418597,0.026880345232306063
27,9,0,43,15,0,6,1371804.0,1384972.0,0.009599038929759645,0.2,0.0,0.0,0.0,0.270211038961039,0.33901727357609707,0.06880623461505808,0.24545514111370995,0.26904744964306765,0.023592308529357703
27,9,0,43,15,0,6,1371804.0,1384972.0,0.009599038929759645,0.4,0.0,0.0,0.0,0.4313371813371813,0.4776552287581699,0.046318047420988606,0.3484060089502481,0.34280014587325863,0.005605863076989459
27,9,0,46,16,0,6,1371804.0,1364614.0,0.005268889224352088,0.05,0.0,0.0,0.0,0.09454365079365079,0.11543240374762113,0.020888752953970344,0.07873589567391169,0.06185424530457101,0.01688165036934068
27,9,0,46,16,0,6,1371804.0,1364614.0,0.005268889224352088,0.1,0.0,0.0,0.0,0.20291305916305916,0.14824696237739715,0.054666096785662005,0.1665100080918799,0.08748862419149596,0.07902138390038395
27,9,0,46,16,0,6,1371804.0,1364614.0,0.005268889224352088,0.2,0.0,0.0,0.0,0.270211038961039,0.31756988038957346,0.04735884142853447,0.24545514111370995,0.19566138586890977,0.049793755244800175
27,9,0,46,16,0,6,1371804.0,1364614.0,0.005268889224352088,0.4,0.0,0.0,0.0,0.4313371813371813,0.4404923058375744,0.00915512450039313,0.3484060089502481,0.2963262925144507,0.052079716435797396
27,9,0,49,17,0,6,1371804.0,1359667.0,0.008926450373510572,0.05,0.0,0.0,0.0,0.09454365079365079,0.11752450980392155,0.022980859010270763,0.07873589567391169,0.08610930380042849,0.007373408126516795
27,9,0,49,17,0,6,1371804.0,1359667.0,0.008926450373510572,0.1,0.0,0.0,0.0,0.20291305916305916,0.21165382819794584,0.008740769034886686,0.1665100080918799,0.2017950831413792,0.03528507504949929
27,9,0,49,17,0,6,1371804.0,1359667.0,0.008926450373510572,0.2,0.0,0.0,0.0,0.270211038961039,0.3324171335200747,0.062206094559035696,0.24545514111370995,0.31166639775790395,0.066211256644194
27,9,0,49,17,0,6,1371804.0,1359667.0,0.008926450373510572,0.4,0.0,0.0,0.0,0.4313371813371813,0.4684932306255835,0.037156049288402215,0.3484060089502481,0.35494163073014645,0.00653562177989836
27,9,0,52,18,0,6,1371804.0,1371470.0,0.00024353430990105507,0.05,0.0,0.0,0.0,0.09454365079365079,0.09858597285067873,0.004042322057027939,0.07873589567391169,0.07684747547441267,0.0018884201994990163
27,9,0,52,18,0,6,1371804.0,1371470.0,0.00024353430990105507,0.1,0.0,0.0,0.0,0.20291305916305916,0.16413084464555053,0.03878221451750863,0.1665100080918799,0.1351563542906124,0.031353653801267506
27,9,0,52,18,0,6,1371804.0,1371470.0,0.00024353430990105507,0.2,0.0,0.0,0.0,0.270211038961039,0.24802889104359693,0.022182147917442052,0.24545514111370995,0.1815228096200987,0.06393233149361124
27,9,0,52,18,0,6,1371804.0,1371470.0,0.00024353430990105507,0.4,0.0,0.0,0.0,0.4313371813371813,0.46610689147453854,0.034769710137357246,0.3484060089502481,0.31818779508935224,0.03021821386089585
27,9,0,55,19,0,6,1371804.0,1362162.0,0.007078453223625384,0.05,0.0,0.0,0.0,0.09454365079365079,0.08464105339105339,0.009902597402597399,0.07873589567391169,0.05993449144925397,0.018801404224657724
27,9,0,55,19,0,6,1371804.0,1362162.0,0.007078453223625384,0.1,0.0,0.0,0.0,0.20291305916305916,0.1090518278018278,0.09386123136123135,0.1665100080918799,0.08804841280418402,0.07846159528769589
27,9,0,55,19,0,6,1371804.0,1362162.0,0.007078453223625384,0.2,0.0,0.0,0.0,0.270211038961039,0.2862501061030473,0.016039067142008312,0.24545514111370995,0.22268514157189803,0.022769999541811914
27,9,0,55,19,0,6,1371804.0,1362162.0,0.007078453223625384,0.4,0.0,0.0,0.0,0.4313371813371813,0.4242733709645474,0.007063810372633872,0.3484060089502481,0.3235831975308268,0.024822811419421276
28,9,1,31,10,1,7,1423848.0,1399232.0,0.017592507890042536,0.05,0.14285714285714285,0.0,0.14285714285714285,0.22389455782312925,0.06727021912443908,0.1566243386986902,0.21177158695831924,0.048166495697596234,0.163605091260723
28,9,1,31,10,1,7,1423848.0,1399232.0,0.017592507890042536,0.1,0.14285714285714285,0.0,0.14285714285714285,0.3102891156462585,0.12626881856421499,0.1840202970820435,0.28710960031918115,0.11867711797463938,0.16843248234454178
28,9,1,31,10,1,7,1423848.0,1399232.0,0.017592507890042536,0.2,0.14285714285714285,0.14285714285714285,0.0,0.39467120181405896,0.35437745332246606,0.040293748491592896,0.39082946136003516,0.34500376439955444,0.04582569696048072
28,9,1,31,10,1,7,1423848.0,1399232.0,0.017592507890042536,0.4,0.14285714285714285,0.14285714285714285,0.0,0.5794501133786848,0.54672671744283,0.03272339593585483,0.5522923444488644,0.5529781455008683,0.0006858010520038871
28,9,1,34,11,1,7,1423848.0,1438712.0,0.010439316556261624,0.05,0.14285714285714285,0.14285714285714285,0.0,0.22389455782312925,0.24702380952380953,0.02312925170068028,0.21177158695831924,0.21307654532352704,0.0013049583652078034
28,9,1,34,11,1,7,1423848.0,1438712.0,0.010439316556261624,0.1,0.14285714285714285,0.14285714285714285,0.0,0.3102891156462585,0.2696995464852608,0.04058956916099771,0.28710960031918115,0.23524312416831014,0.051866476150871005
28,9,1,34,11,1,7,1423848.0,1438712.0,0.010439316556261624,0.2,0.14285714285714285,0.14285714285714285,0.0,0.39467120181405896,0.38826363878884884,0.006407563025210117,0.39082946136003516,0.32138972116657766,0.0694397401934575
28,9,1,34,11,1,7,1423848.0,1438712.0,0.010439316556261624,0.4,0.14285714285714285,0.14285714285714285,0.0,0.5794501133786848,0.5468354008269974,0.03261471255168735,0.5522923444488644,0.5040949292037097,0.04819741524515475
28,9,1,37,12,1,7,1423848.0,1415012.0,0.00624447001156174,0.05,0.14285714285714285,0.14285714285714285,0.0,0.22389455782312925,0.23432539682539685,0.0104308390022676,0.21177158695831924,0.21895220243191907,0.007180615473599827
28,9,1,37,12,1,7,1423848.0,1415012.0,0.00624447001156174,0.1,0.14285714285714285,0.14285714285714285,0.0,0.3102891156462585,0.36477272727272725,0.05448361162646875,0.28710960031918115,0.3281023101239939,0.04099270980481273
28,9,1,37,12,1,7,1423848.0,1415012.0,0.00624447001156174,0.2,0.14285714285714285,0.14285714285714285,0.0,0.39467120181405896,0.4587121212121212,0.06404091939806222,0.39082946136003516,0.43182042278467847,0.04099096142464331
28,9,1,37,12,1,7,1423848.0,1415012.0,0.00624447001156174,0.4,0.14285714285714285,0.14285714285714285,0.0,0.5794501133786848,0.6043290043290044,0.024878890950319588,0.5522923444488644,0.5307489279462465,0.02154341650261793
28,9,1,41,14,1,7,1423848.0,1406792.0,0.012124038237351364,0.05,0.14285714285714285,0.14285714285714285,0.0,0.22389455782312925,0.27180416701093396,0.04790960918780471,0.21177158695831924,0.2383411166392823,0.026569529680963072
28,9,1,41,14,1,7,1423848.0,1406792.0,0.012124038237351364,0.1,0.14285714285714285,0.14285714285714285,0.0,0.3102891156462585,0.28753545952794074,0.022753656118317755,0.28710960031918115,0.287668412478665,0.0005588121594838347
28,9,1,41,14,1,7,1423848.0,1406792.0,0.012124038237351364,0.2,0.14285714285714285,0.14285714285714285,0.0,0.39467120181405896,0.39954068672003207,0.004869484905973109,0.39082946136003516,0.34788502385439646,0.0429444375056387
28,9,1,41,14,1,7,1423848.0,1406792.0,0.012124038237351364,0.4,0.14285714285714285,0.14285714285714285,0.0,0.5794501133786848,0.5612043400356094,0.018245773343075422,0.5522923444488644,0.4712456372365453,0.08104670721231916
28,9,1,44,15,1,7,1423848.0,1425633.0,0.0012536450519999326,0.05,0.14285714285714285,0.14285714285714285,0.0,0.22389455782312925,0.2776360544217687,0.05374149659863944,0.21177158695831924,0.24755283425257768,0.03578124729425844
28,9,1,44,15,1,7,1423848.0,1425633.0,0.0012536450519999326,0.1,0.14285714285714285,0.14285714285714285,0.0,0.3102891156462585,0.38562925170068024,0.07534013605442175,0.28710960031918115,0.3442295766046117,0.05711997628543053
28,9,1,44,15,1,7,1423848.0,1425633.0,0.0012536450519999326,0.2,0.14285714285714285,0.14285714285714285,0.0,0.39467120181405896,0.48137755102040813,0.08670634920634918,0.39082946136003516,0.4306263225867292,0.03979686122669407
28,9,1,44,15,1,7,1423848.0,1425633.0,0.0012536450519999326,0.4,0.14285714285714285,0.14285714285714285,0.0,0.5794501133786848,0.6433673469387754,0.0639172335600906,0.5522923444488644,0.5442798358542487,0.008012508594615775
28,9,1,47,16,1,7,1423848.0,1405275.0,0.013216630196936544,0.05,0.14285714285714285,0.14285714285714285,0.0,0.22389455782312925,0.25132301273605623,0.027428454912926975,0.21177158695831924,0.2023553353520759,0.009416251606243348
28,9,1,47,16,1,7,1423848.0,1405275.0,0.013216630196936544,0.1,0.14285714285714285,0.14285714285714285,0.0,0.3102891156462585,0.3143523746784616,0.004063259032203115,0.28710960031918115,0.25341328992963436,0.03369631038954679
28,9,1,47,16,1,7,1423848.0,1405275.0,0.013216630196936544,0.2,0.14285714285714285,0.14285714285714285,0.0,0.39467120181405896,0.46680626137147874,0.07213505955741978,0.39082946136003516,0.34528154350753415,0.04554791785250101
28,9,1,47,16,1,7,1423848.0,1405275.0,0.013216630196936544,0.4,0.14285714285714285,0.14285714285714285,0.0,0.5794501133786848,0.5847669238973587,0.005316810518673942,0.5522923444488644,0.49236558120453394,0.059926763244330494
28,9,1,50,17,1,7,1423848.0,1410308.0,0.009600739696576918,0.05,0.14285714285714285,0.0,0.14285714285714285,0.22389455782312925,0.07304421768707482,0.15085034013605442,0.21177158695831924,0.06337998395180733,0.1483916030065119
28,9,1,50,17,1,7,1423848.0,1410308.0,0.009600739696576918,0.1,0.14285714285714285,0.14285714285714285,0.0,0.3102891156462585,0.3092236894757904,0.00106542617046812,0.28710960031918115,0.30934205636033374,0.022232456041152593
28,9,1,50,17,1,7,1423848.0,1410308.0,0.009600739696576918,0.2,0.14285714285714285,0.14285714285714285,0.0,0.39467120181405896,0.4463935574229692,0.05172235560891025,0.39082946136003516,0.44015322511271343,0.049323763752678274
28,9,1,50,17,1,7,1423848.0,1410308.0,0.009600739696576918,0.4,0.14285714285714285,0.14285714285714285,0.0,0.5794501133786848,0.6276110444177672,0.048160931039082366,0.5522923444488644,0.5725379032466139,0.020245558797749474
28,9,1,53,18,1,7,1423848.0,1422668.0,0.0008294275263097222,0.05,0.14285714285714285,0.14285714285714285,0.0,0.22389455782312925,0.26088745214685066,0.03699289432372141,0.21177158695831924,0.23484630073239607,0.023074713774076827
28,9,1,53,18,1,7,1423848.0,1422668.0,0.0008294275263097222,0.1,0.14285714285714285,0.14285714285714285,0.0,0.3102891156462585,0.2903842711173539,0.01990484452890462,0.28710960031918115,0.2728497963575233,0.014259803961657824
28,9,1,53,18,1,7,1423848.0,1422668.0,0.0008294275263097222,0.2,0.14285714285714285,0.14285714285714285,0.0,0.39467120181405896,0.39489307868896545,0.00022187687490649033,0.39082946136003516,0.3589751690676331,0.03185429229240205
28,9,1,53,18,1,7,1423848.0,1422668.0,0.0008294275263097222,0.4,0.14285714285714285,0.14285714285714285,0.0,0.5794501133786848,0.5922056069391319,0.01275549356044714,0.5522923444488644,0.5132425953037963,0.03904974914506809
29,9,2,32,10,2,8,1412638.0,1424338.0,0.008282376659837835,0.05,0.125,0.25,0.125,0.2630861479207067,0.3624460005574136,0.09935985263670688,0.2090499069542409,0.34919155580301486,0.14014164884877398
29,9,2,32,10,2,8,1412638.0,1424338.0,0.008282376659837835,0.1,0.25,0.25,0.0,0.4213900988717165,0.4706573996655518,0.04926730079383529,0.3906246545652098,0.46265275683164875,0.07202810226643896
29,9,2,32,10,2,8,1412638.0,1424338.0,0.008282376659837835,0.2,0.25,0.25,0.0,0.5365038148126383,0.5773602982162764,0.04085648340363812,0.5228478085792935,0.5686857355514869,0.045837926972193466
29,9,2,32,10,2,8,1412638.0,1424338.0,0.008282376659837835,0.4,0.25,0.25,0.0,0.7141303855458268,0.7288513795986623,0.014720994052835557,0.7057085819518619,0.7109868120358923,0.005278230084030389
29,9,2,57,19,2,8,1412638.0,1428930.0,0.011533032524963932,0.05,0.125,0.25,0.125,0.2630861479207067,0.31348079004329005,0.05039464212258332,0.2090499069542409,0.28795703264573613,0.07890712569149524
29,9,2,57,19,2,8,1412638.0,1428930.0,0.011533032524963932,0.1,0.25,0.25,0.0,0.4213900988717165,0.3623286435786436,0.05906145529307294,0.3906246545652098,0.3521569674006251,0.03846768716458471
29,9,2,57,19,2,8,1412638.0,1428930.0,0.011533032524963932,0.2,0.25,0.25,0.0,0.5365038148126383,0.5113410894660895,0.025162725346548842,0.5228478085792935,0.4726512165189088,0.05019659206038468
29,9,2,57,19,2,8,1412638.0,1428930.0,0.011533032524963932,0.4,0.25,0.25,0.0,0.7141303855458268,0.6460137085137085,0.06811667703211821,0.7057085819518619,0.5689033882820436,0.13680519366981836
30,10,0,33,11,0,6,1375390.0,1386668.0,0.008199856040832055,0.05,0.0,0.0,0.0,0.09375970008962337,0.08280723905723905,0.010952461032384314,0.07157236980277769,0.062325026098195103,0.009247343704582585
30,10,0,33,11,0,6,1375390.0,1386668.0,0.008199856040832055,0.1,0.0,0.0,0.0,0.16753420989354495,0.10890151515151514,0.05863269474202981,0.17153048616202302,0.08743931410738963,0.08409117205463339
30,10,0,33,11,0,6,1375390.0,1386668.0,0.008199856040832055,0.2,0.0,0.0,0.0,0.25371813998732157,0.22762551990493166,0.02609262008238991,0.2605323747592341,0.16242837083747017,0.09810400392176391
30,10,0,33,11,0,6,1375390.0,1386668.0,0.008199856040832055,0.4,0.0,0.0,0.0,0.40448622314031524,0.3589943553178847,0.04549186782243053,0.33928804162648296,0.25150951586686815,0.08777852575961481
30,10,0,36,12,0,6,1375390.0,1374351.0,0.0007559931924231874,0.05,0.0,0.0,0.0,0.09375970008962337,0.10725762527233114,0.013497925182707773,0.07157236980277769,0.09256809528564619,0.020995725482868502
30,10,0,36,12,0,6,1375390.0,1374351.0,0.0007559931924231874,0.1,0.0,0.0,0.0,0.16753420989354495,0.19780402059813826,0.03026981070459331,0.17153048616202302,0.1701410441000012,0.0013894420620218229
30,10,0,36,12,0,6,1375390.0,1374351.0,0.0007559931924231874,0.2,0.0,0.0,0.0,0.25371813998732157,0.33347073677956035,0.07975259679223878,0.2605323747592341,0.2480093074865692,0.012523067272664862
30,10,0,36,12,0,6,1375390.0,1374351.0,0.0007559931924231874,0.4,0.0,0.0,0.0,0.40448622314031524,0.4302040007922361,0.025717777651920848,0.33928804162648296,0.3430053005195745,0.0037172588930915462
30,10,0,40,14,0,6,1375390.0,1380685.0,0.0038498171427740497,0.05,0.0,0.0,0.0,0.09375970008962337,0.1387057387057387,0.04494603861611535,0.07157236980277769,0.0794947482281858,0.007922378425408105
30,10,0,40,14,0,6,1375390.0,1380685.0,0.0038498171427740497,0.1,0.0,0.0,0.0,0.16753420989354495,0.14912240537240537,0.01841180452113958,0.17153048616202302,0.13171553654226464,0.03981494961975837
30,10,0,40,14,0,6,1375390.0,1380685.0,0.0038498171427740497,0.2,0.0,0.0,0.0,0.25371813998732157,0.2768346441140559,0.023116504126734327,0.2605323747592341,0.19935426618346538,0.06117810857576869
30,10,0,40,14,0,6,1375390.0,1380685.0,0.0038498171427740497,0.4,0.0,0.0,0.0,0.40448622314031524,0.4141066041801336,0.009620381039818382,0.33928804162648296,0.32203816272098823,0.01724987890549473
30,10,0,43,15,0,6,1375390.0,1384972.0,0.0069667512487367215,0.05,0.0,0.0,0.0,0.09375970008962337,0.14682539682539683,0.053065696735773465,0.07157236980277769,0.11473941496550104,0.04316704516272335
30,10,0,43,15,0,6,1375390.0,1384972.0,0.0069667512487367215,0.1,0.0,0.0,0.0,0.16753420989354495,0.2396475256769374,0.07211331578339245,0.17153048616202302,0.19339035332418597,0.021859867162162955
30,10,0,43,15,0,6,1375390.0,1384972.0,0.0069667512487367215,0.2,0.0,0.0,0.0,0.25371813998732157,0.33901727357609707,0.0852991335887755,0.2605323747592341,0.26904744964306765,0.008515074883833573
30,10,0,43,15,0,6,1375390.0,1384972.0,0.0069667512487367215,0.4,0.0,0.0,0.0,0.40448622314031524,0.4776552287581699,0.07316900561785467,0.33928804162648296,0.34280014587325863,0.0035121042467756713
30,10,0,46,16,0,6,1375390.0,1364614.0,0.007896738564898205,0.05,0.0,0.0,0.0,0.09375970008962337,0.11543240374762113,0.02167270365799777,0.07157236980277769,0.06185424530457101,0.009718124498206679
30,10,0,46,16,0,6,1375390.0,1364614.0,0.007896738564898205,0.1,0.0,0.0,0.0,0.16753420989354495,0.14824696237739715,0.0192872475161478,0.17153048616202302,0.08748862419149596,0.08404186197052706
30,10,0,46,16,0,6,1375390.0,1364614.0,0.007896738564898205,0.2,0.0,0.0,0.0,0.25371813998732157,0.31756988038957346,0.06385174040225189,0.2605323747592341,0.19566138586890977,0.0648709888903243
30,10,0,46,16,0,6,1375390.0,1364614.0,0.007896738564898205,0.4,0.0,0.0,0.0,0.40448622314031524,0.4404923058375744,0.03600608269725919,0.33928804162648296,0.2963262925144507,0.042961749112032266
30,10,0,49,17,0,6,1375390.0,1359667.0,0.011563860857106924,0.05,0.0,0.0,0.0,0.09375970008962337,0.11752450980392155,0.023764809714298188,0.07157236980277769,0.08610930380042849,0.014536933997650797
30,10,0,49,17,0,6,1375390.0,1359667.0,0.011563860857106924,0.1,0.0,0.0,0.0,0.16753420989354495,0.21165382819794584,0.04411961830440089,0.17153048616202302,0.2017950831413792,0.030264596979356184
30,10,0,49,17,0,6,1375390.0,1359667.0,0.011563860857106924,0.2,0.0,0.0,0.0,0.25371813998732157,0.3324171335200747,0.07869899353275311,0.2605323747592341,0.31166639775790395,0.05113402299866987
30,10,0,49,17,0,6,1375390.0,1359667.0,0.011563860857106924,0.4,0.0,0.0,0.0,0.40448622314031524,0.4684932306255835,0.06400700748526827,0.33928804162648296,0.35494163073014645,0.01565358910366349
30,10,0,52,18,0,6,1375390.0,1371470.0,0.0028582469904554967,0.05,0.0,0.0,0.0,0.09375970008962337,0.09858597285067873,0.004826272761055364,0.07157236980277769,0.07684747547441267,0.005275105671634986
30,10,0,52,18,0,6,1375390.0,1371470.0,0.0028582469904554967,0.1,0.0,0.0,0.0,0.16753420989354495,0.16413084464555053,0.003403365247994422,0.17153048616202302,0.1351563542906124,0.036374131871410614
30,10,0,52,18,0,6,1375390.0,1371470.0,0.0028582469904554967,0.2,0.0,0.0,0.0,0.25371813998732157,0.24802889104359693,0.005689248943724634,0.2605323747592341,0.1815228096200987,0.07900956513913537
30,10,0,52,18,0,6,1375390.0,1371470.0,0.0028582469904554967,0.4,0.0,0.0,0.0,0.40448622314031524,0.46610689147453854,0.061620668334223305,0.33928804162648296,0.31818779508935224,0.021100246537130718
30,10,0,55,19,0,6,1375390.0,1362162.0,0.009711032902107092,0.05,0.0,0.0,0.0,0.09375970008962337,0.08464105339105339,0.009118646698569974,0.07157236980277769,0.05993449144925397,0.011637878353523722
30,10,0,55,19,0,6,1375390.0,1362162.0,0.009711032902107092,0.1,0.0,0.0,0.0,0.16753420989354495,0.1090518278018278,0.05848238209171715,0.17153048616202302,0.08804841280418402,0.083482073357839
30,10,0,55,19,0,6,1375390.0,1362162.0,0.009711032902107092,0.2,0.0,0.0,0.0,0.25371813998732157,0.2862501061030473,0.03253196611572573,0.2605323747592341,0.22268514157189803,0.037847233187336043
30,10,0,55,19,0,6,1375390.0,1362162.0,0.009711032902107092,0.4,0.0,0.0,0.0,0.40448622314031524,0.4242733709645474,0.019787147824232187,0.33928804162648296,0.3235831975308268,0.015704844095656145
31,10,1,37,12,1,7,1399232.0,1415012.0,0.011277615148881672,0.05,0.0,0.14285714285714285,0.14285714285714285,0.06727021912443908,0.23432539682539685,0.1670551777009578,0.048166495697596234,0.21895220243191907,0.17078570673432283
31,10,1,37,12,1,7,1399232.0,1415012.0,0.011277615148881672,0.1,0.0,0.14285714285714285,0.14285714285714285,0.12626881856421499,0.36477272727272725,0.23850390870851226,0.11867711797463938,0.3281023101239939,0.2094251921493545
31,10,1,37,12,1,7,1399232.0,1415012.0,0.011277615148881672,0.2,0.14285714285714285,0.14285714285714285,0.0,0.35437745332246606,0.4587121212121212,0.10433466788965512,0.34500376439955444,0.43182042278467847,0.08681665838512403
31,10,1,37,12,1,7,1399232.0,1415012.0,0.011277615148881672,0.4,0.14285714285714285,0.14285714285714285,0.0,0.54672671744283,0.6043290043290044,0.057602286886174414,0.5529781455008683,0.5307489279462465,0.022229217554621816
31,10,1,41,14,1,7,1399232.0,1406792.0,0.005402963911631524,0.05,0.0,0.14285714285714285,0.14285714285714285,0.06727021912443908,0.27180416701093396,0.20453394788649487,0.048166495697596234,0.2383411166392823,0.19017462094168608
31,10,1,41,14,1,7,1399232.0,1406792.0,0.005402963911631524,0.1,0.0,0.14285714285714285,0.14285714285714285,0.12626881856421499,0.28753545952794074,0.16126664096372575,0.11867711797463938,0.287668412478665,0.1689912945040256
31,10,1,41,14,1,7,1399232.0,1406792.0,0.005402963911631524,0.2,0.14285714285714285,0.14285714285714285,0.0,0.35437745332246606,0.39954068672003207,0.045163233397566005,0.34500376439955444,0.34788502385439646,0.0028812594548420223
31,10,1,41,14,1,7,1399232.0,1406792.0,0.005402963911631524,0.4,0.14285714285714285,0.14285714285714285,0.0,0.54672671744283,0.5612043400356094,0.014477622592779404,0.5529781455008683,0.4712456372365453,0.08173250826432304
31,10,1,44,15,1,7,1399232.0,1425633.0,0.018868207702511092,0.05,0.0,0.14285714285714285,0.14285714285714285,0.06727021912443908,0.2776360544217687,0.2103658352973296,0.048166495697596234,0.24755283425257768,0.19938633855498145
31,10,1,44,15,1,7,1399232.0,1425633.0,0.018868207702511092,0.1,0.0,0.14285714285714285,0.14285714285714285,0.12626881856421499,0.38562925170068024,0.2593604331364653,0.11867711797463938,0.3442295766046117,0.2255524586299723
31,10,1,44,15,1,7,1399232.0,1425633.0,0.018868207702511092,0.2,0.14285714285714285,0.14285714285714285,0.0,0.35437745332246606,0.48137755102040813,0.12700009769794207,0.34500376439955444,0.4306263225867292,0.08562255818717479
31,10,1,44,15,1,7,1399232.0,1425633.0,0.018868207702511092,0.4,0.14285714285714285,0.14285714285714285,0.0,0.54672671744283,0.6433673469387754,0.09664062949594543,0.5529781455008683,0.5442798358542487,0.008698309646619662
31,10,1,47,16,1,7,1399232.0,1405275.0,0.0043187977404747745,0.05,0.0,0.14285714285714285,0.14285714285714285,0.06727021912443908,0.25132301273605623,0.18405279361161714,0.048166495697596234,0.2023553353520759,0.15418883965447966
31,10,1,47,16,1,7,1399232.0,1405275.0,0.0043187977404747745,0.1,0.0,0.14285714285714285,0.14285714285714285,0.12626881856421499,0.3143523746784616,0.18808355611424663,0.11867711797463938,0.25341328992963436,0.134736171954995
31,10,1,47,16,1,7,1399232.0,1405275.0,0.0043187977404747745,0.2,0.14285714285714285,0.14285714285714285,0.0,0.35437745332246606,0.46680626137147874,0.11242880804901267,0.34500376439955444,0.34528154350753415,0.0002777791079797143
31,10,1,47,16,1,7,1399232.0,1405275.0,0.0043187977404747745,0.4,0.14285714285714285,0.14285714285714285,0.0,0.54672671744283,0.5847669238973587,0.03804020645452877,0.5529781455008683,0.49236558120453394,0.06061256429633438
31,10,1,50,17,1,7,1399232.0,1410308.0,0.007915770937199836,0.05,0.0,0.0,0.0,0.06727021912443908,0.07304421768707482,0.005773998562635746,0.048166495697596234,0.06337998395180733,0.015213488254211094
31,10,1,50,17,1,7,1399232.0,1410308.0,0.007915770937199836,0.1,0.0,0.14285714285714285,0.14285714285714285,0.12626881856421499,0.3092236894757904,0.1829548709115754,0.11867711797463938,0.30934205636033374,0.19066493838569437
31,10,1,50,17,1,7,1399232.0,1410308.0,0.007915770937199836,0.2,0.14285714285714285,0.14285714285714285,0.0,0.35437745332246606,0.4463935574229692,0.09201610410050315,0.34500376439955444,0.44015322511271343,0.095149460713159
31,10,1,50,17,1,7,1399232.0,1410308.0,0.007915770937199836,0.4,0.14285714285714285,0.14285714285714285,0.0,0.54672671744283,0.6276110444177672,0.08088432697493719,0.5529781455008683,0.5725379032466139,0.019559757745745587
31,10,1,53,18,1,7,1399232.0,1422668.0,0.01674918812605772,0.05,0.0,0.14285714285714285,0.14285714285714285,0.06727021912443908,0.26088745214685066,0.19361723302241157,0.048166495697596234,0.23484630073239607,0.18667980503479983
31,10,1,53,18,1,7,1399232.0,1422668.0,0.01674918812605772,0.1,0.0,0.14285714285714285,0.14285714285714285,0.12626881856421499,0.2903842711173539,0.1641154525531389,0.11867711797463938,0.2728497963575233,0.15417267838288395
31,10,1,53,18,1,7,1399232.0,1422668.0,0.01674918812605772,0.2,0.14285714285714285,0.14285714285714285,0.0,0.35437745332246606,0.39489307868896545,0.040515625366499386,0.34500376439955444,0.3589751690676331,0.013971404668078669
31,10,1,53,18,1,7,1399232.0,1422668.0,0.01674918812605772,0.4,0.14285714285714285,0.14285714285714285,0.0,0.54672671744283,0.5922056069391319,0.045478889496301966,0.5529781455008683,0.5132425953037963,0.03973555019707198
31,10,1,56,19,1,7,1399232.0,1387081.0,0.008760122876746204,0.05,0.0,0.14285714285714285,0.14285714285714285,0.06727021912443908,0.21930272108843538,0.1520325019639963,0.048166495697596234,0.2011702561189622,0.15300376042136596
31,10,1,56,19,1,7,1399232.0,1387081.0,0.008760122876746204,0.1,0.0,0.14285714285714285,0.14285714285714285,0.12626881856421499,0.2558106575963719,0.1295418390321569,0.11867711797463938,0.2347333299636303,0.11605621198899092
31,10,1,56,19,1,7,1399232.0,1387081.0,0.008760122876746204,0.2,0.14285714285714285,0.14285714285714285,0.0,0.35437745332246606,0.417922168867547,0.06354471554508095,0.34500376439955444,0.37294096311198494,0.0279371987124305
31,10,1,56,19,1,7,1399232.0,1387081.0,0.008760122876746204,0.4,0.14285714285714285,0.14285714285714285,0.0,0.54672671744283,0.5673202614379085,0.02059354399507851,0.5529781455008683,0.47192031258544587,0.08105783291542246
32,10,2,39,13,2,8,1424338.0,1444899.0,0.01443547809578906,0.05,0.25,0.25,0.0,0.3624460005574136,0.3518833849329205,0.010562615624493121,0.34919155580301486,0.3285515193907805,0.020640036412234386
32,10,2,39,13,2,8,1424338.0,1444899.0,0.01443547809578906,0.1,0.25,0.25,0.0,0.4706573996655518,0.3967363261093911,0.07392107355616073,0.46265275683164875,0.3610726644291827,0.10158009240246607
32,10,2,39,13,2,8,1424338.0,1444899.0,0.01443547809578906,0.2,0.25,0.25,0.0,0.5773602982162764,0.4912732198142415,0.08608707840203494,0.5686857355514869,0.4355257274454036,0.13316000810608336
32,10,2,39,13,2,8,1424338.0,1444899.0,0.01443547809578906,0.4,0.25,0.375,0.125,0.7288513795986623,0.6895704334365325,0.03928094616212985,0.7109868120358923,0.62219715816473,0.08878965387116233
32,10,2,42,14,2,8,1424338.0,1447453.0,0.016228591808966693,0.05,0.25,0.25,0.0,0.3624460005574136,0.3628286461345672,0.00038264557715361747,0.34919155580301486,0.33354847705937196,0.015643078743642902
32,10,2,42,14,2,8,1424338.0,1447453.0,0.016228591808966693,0.1,0.25,0.25,0.0,0.4706573996655518,0.3940214117023328,0.07663598796321902,0.46265275683164875,0.3877300715496347,0.07492268528201407
32,10,2,42,14,2,8,1424338.0,1447453.0,0.016228591808966693,0.2,0.25,0.25,0.0,0.5773602982162764,0.5157183824946983,0.06164191572157818,0.5686857355514869,0.4728881245034391,0.09579761104804785
32,10,2,42,14,2,8,1424338.0,1447453.0,0.016228591808966693,0.4,0.25,0.25,0.0,0.7288513795986623,0.6661982480239059,0.06265313157475638,0.7109868120358923,0.6074270082576239,0.10355980377826846
32,10,2,57,19,2,8,1424338.0,1428930.0,0.003223953864883195,0.05,0.25,0.25,0.0,0.3624460005574136,0.31348079004329005,0.04896521051412356,0.34919155580301486,0.28795703264573613,0.06123452315727873
32,10,2,57,19,2,8,1424338.0,1428930.0,0.003223953864883195,0.1,0.25,0.25,0.0,0.4706573996655518,0.3623286435786436,0.10832875608690823,0.46265275683164875,0.3521569674006251,0.11049578943102367
32,10,2,57,19,2,8,1424338.0,1428930.0,0.003223953864883195,0.2,0.25,0.25,0.0,0.5773602982162764,0.5113410894660895,0.06601920875018696,0.5686857355514869,0.4726512165189088,0.09603451903257815
32,10,2,57,19,2,8,1424338.0,1428930.0,0.003223953864883195,0.4,0.25,0.25,0.0,0.7288513795986623,0.6460137085137085,0.08283767108495377,0.7109868120358923,0.5689033882820436,0.14208342375384875
33,11,0,36,12,0,6,1386668.0,1374351.0,0.008962048268600961,0.05,0.0,0.0,0.0,0.08280723905723905,0.10725762527233114,0.024450386215092088,0.062325026098195103,0.09256809528564619,0.030243069187451087
33,11,0,36,12,0,6,1386668.0,1374351.0,0.008962048268600961,0.1,0.0,0.0,0.0,0.10890151515151514,0.19780402059813826,0.08890250544662312,0.08743931410738963,0.1701410441000012,0.08270172999261156
33,11,0,36,12,0,6,1386668.0,1374351.0,0.008962048268600961,0.2,0.0,0.0,0.0,0.22762551990493166,0.33347073677956035,0.1058452168746287,0.16242837083747017,0.2480093074865692,0.08558093664909905
33,11,0,36,12,0,6,1386668.0,1374351.0,0.008962048268600961,0.4,0.0,0.0,0.0,0.3589943553178847,0.4302040007922361,0.07120964547435138,0.25150951586686815,0.3430053005195745,0.09149578465270636
33,11,0,40,14,0,6,1386668.0,1380685.0,0.004333356268808599,0.05,0.0,0.0,0.0,0.08280723905723905,0.1387057387057387,0.05589849964849966,0.062325026098195103,0.0794947482281858,0.01716972212999069
33,11,0,40,14,0,6,1386668.0,1380685.0,0.004333356268808599,0.1,0.0,0.0,0.0,0.10890151515151514,0.14912240537240537,0.04022089022089023,0.08743931410738963,0.13171553654226464,0.044276222434875015
33,11,0,40,14,0,6,1386668.0,1380685.0,0.004333356268808599,0.2,0.0,0.0,0.0,0.22762551990493166,0.2768346441140559,0.04920912420912424,0.16242837083747017,0.19935426618346538,0.03692589534599522
33,11,0,40,14,0,6,1386668.0,1380685.0,0.004333356268808599,0.4,0.0,0.0,0.0,0.3589943553178847,0.4141066041801336,0.055112248862248914,0.25150951586686815,0.32203816272098823,0.07052864685412008
33,11,0,43,15,0,6,1386668.0,1384972.0,0.0012245734931825337,0.05,0.0,0.0,0.0,0.08280723905723905,0.14682539682539683,0.06401815776815778,0.062325026098195103,0.11473941496550104,0.052414388867305935
33,11,0,43,15,0,6,1386668.0,1384972.0,0.0012245734931825337,0.1,0.0,0.0,0.0,0.10890151515151514,0.2396475256769374,0.13074601052542226,0.08743931410738963,0.19339035332418597,0.10595103921679634
33,11,0,43,15,0,6,1386668.0,1384972.0,0.0012245734931825337,0.2,0.0,0.0,0.0,0.22762551990493166,0.33901727357609707,0.11139175367116541,0.16242837083747017,0.26904744964306765,0.10661907880559748
33,11,0,43,15,0,6,1386668.0,1384972.0,0.0012245734931825337,0.4,0.0,0.0,0.0,0.3589943553178847,0.4776552287581699,0.1186608734402852,0.25150951586686815,0.34280014587325863,0.09129063000639048
33,11,0,46,16,0,6,1386668.0,1364614.0,0.016161346725154513,0.05,0.0,0.0,0.0,0.08280723905723905,0.11543240374762113,0.03262516469038208,0.062325026098195103,0.06185424530457101,0.00047078079362409403
33,11,0,46,16,0,6,1386668.0,1364614.0,0.016161346725154513,0.1,0.0,0.0,0.0,0.10890151515151514,0.14824696237739715,0.03934544722588201,0.08743931410738963,0.08748862419149596,4.9310084106329866e-05
33,11,0,46,16,0,6,1386668.0,1364614.0,0.016161346725154513,0.2,0.0,0.0,0.0,0.22762551990493166,0.31756988038957346,0.0899443604846418,0.16242837083747017,0.19566138586890977,0.033233015031439606
33,11,0,46,16,0,6,1386668.0,1364614.0,0.016161346725154513,0.4,0.0,0.0,0.0,0.3589943553178847,0.4404923058375744,0.08149795051968972,0.25150951586686815,0.2963262925144507,0.044816776647582546
33,11,0,49,17,0,6,1386668.0,1359667.0,0.01985853889224347,0.05,0.0,0.0,0.0,0.08280723905723905,0.11752450980392155,0.0347172707466825,0.062325026098195103,0.08610930380042849,0.023784277702233382
33,11,0,49,17,0,6,1386668.0,1359667.0,0.01985853889224347,0.1,0.0,0.0,0.0,0.10890151515151514,0.21165382819794584,0.1027523130464307,0.08743931410738963,0.2017950831413792,0.11435576903398957
33,11,0,49,17,0,6,1386668.0,1359667.0,0.01985853889224347,0.2,0.0,0.0,0.0,0.22762551990493166,0.3324171335200747,0.10479161361514303,0.16242837083747017,0.31166639775790395,0.14923802692043378
33,11,0,49,17,0,6,1386668.0,1359667.0,0.01985853889224347,0.4,0.0,0.0,0.0,0.3589943553178847,0.4684932306255835,0.1094988753076988,0.25150951586686815,0.35494163073014645,0.1034321148632783
33,11,0,52,18,0,6,1386668.0,1371470.0,0.011081540245138428,0.05,0.0,0.0,0.0,0.08280723905723905,0.09858597285067873,0.015778733793439678,0.062325026098195103,0.07684747547441267,0.01452244937621757
33,11,0,52,18,0,6,1386668.0,1371470.0,0.011081540245138428,0.1,0.0,0.0,0.0,0.10890151515151514,0.16413084464555053,0.05522932949403539,0.08743931410738963,0.1351563542906124,0.04771704018322277
33,11,0,52,18,0,6,1386668.0,1371470.0,0.011081540245138428,0.2,0.0,0.0,0.0,0.22762551990493166,0.24802889104359693,0.020403371138665277,0.16242837083747017,0.1815228096200987,0.019094438782628537
33,11,0,52,18,0,6,1386668.0,1371470.0,0.011081540245138428,0.4,0.0,0.0,0.0,0.3589943553178847,0.46610689147453854,0.10711253615665384,0.25150951586686815,0.31818779508935224,0.0666782792224841
33,11,0,55,19,0,6,1386668.0,1362162.0,0.01799051801474421,0.05,0.0,0.0,0.0,0.08280723905723905,0.08464105339105339,0.0018338143338143403,0.062325026098195103,0.05993449144925397,0.0023905346489411367
33,11,0,55,19,0,6,1386668.0,1362162.0,0.01799051801474421,0.1,0.0,0.0,0.0,0.10890151515151514,0.1090518278018278,0.0001503126503126645,0.08743931410738963,0.08804841280418402,0.0006090986967943884
33,11,0,55,19,0,6,1386668.0,1362162.0,0.01799051801474421,0.2,0.0,0.0,0.0,0.22762551990493166,0.2862501061030473,0.05862458619811564,0.16242837083747017,0.22268514157189803,0.06025677073442787
33,11,0,55,19,0,6,1386668.0,1362162.0,0.01799051801474421,0.4,0.0,0.0,0.0,0.3589943553178847,0.4242733709645474,0.06527901564666272,0.25150951586686815,0.3235831975308268,0.07207368166395867
34,11,1,37,12,1,7,1438712.0,1415012.0,0.016748974567000138,0.05,0.14285714285714285,0.14285714285714285,0.0,0.24702380952380953,0.23432539682539685,0.012698412698412681,0.21307654532352704,0.21895220243191907,0.005875657108392024
34,11,1,37,12,1,7,1438712.0,1415012.0,0.016748974567000138,0.1,0.14285714285714285,0.14285714285714285,0.0,0.2696995464852608,0.36477272727272725,0.09507318078746646,0.23524312416831014,0.3281023101239939,0.09285918595568374
34,11,1,37,12,1,7,1438712.0,1415012.0,0.016748974567000138,0.2,0.14285714285714285,0.14285714285714285,0.0,0.38826363878884884,0.4587121212121212,0.07044848242327234,0.32138972116657766,0.43182042278467847,0.11043070161810081
34,11,1,37,12,1,7,1438712.0,1415012.0,0.016748974567000138,0.4,0.14285714285714285,0.14285714285714285,0.0,0.5468354008269974,0.6043290043290044,0.05749360350200694,0.5040949292037097,0.5307489279462465,0.026653998742536822
34,11,1,44,15,1,7,1438712.0,1425633.0,0.009174170350994961,0.05,0.14285714285714285,0.14285714285714285,0.0,0.24702380952380953,0.2776360544217687,0.030612244897959162,0.21307654532352704,0.24755283425257768,0.034476288929050636
34,11,1,44,15,1,7,1438712.0,1425633.0,0.009174170350994961,0.1,0.14285714285714285,0.14285714285714285,0.0,0.2696995464852608,0.38562925170068024,0.11592970521541945,0.23524312416831014,0.3442295766046117,0.10898645243630153
34,11,1,44,15,1,7,1438712.0,1425633.0,0.009174170350994961,0.2,0.14285714285714285,0.14285714285714285,0.0,0.38826363878884884,0.48137755102040813,0.09311391223155929,0.32138972116657766,0.4306263225867292,0.10923660142015157
34,11,1,44,15,1,7,1438712.0,1425633.0,0.009174170350994961,0.4,0.14285714285714285,0.14285714285714285,0.0,0.5468354008269974,0.6433673469387754,0.09653194611177796,0.5040949292037097,0.5442798358542487,0.040184906650538976
34,11,1,53,18,1,7,1438712.0,1422668.0,0.01127740273907897,0.05,0.14285714285714285,0.14285714285714285,0.0,0.24702380952380953,0.26088745214685066,0.013863642623041128,0.21307654532352704,0.23484630073239607,0.021769755408869024
34,11,1,53,18,1,7,1438712.0,1422668.0,0.01127740273907897,0.1,0.14285714285714285,0.14285714285714285,0.0,0.2696995464852608,0.2903842711173539,0.020684724632093088,0.23524312416831014,0.2728497963575233,0.03760667218921318
34,11,1,53,18,1,7,1438712.0,1422668.0,0.01127740273907897,0.2,0.14285714285714285,0.14285714285714285,0.0,0.38826363878884884,0.39489307868896545,0.006629439900116607,0.32138972116657766,0.3589751690676331,0.037585447901055447
34,11,1,53,18,1,7,1438712.0,1422668.0,0.01127740273907897,0.4,0.14285714285714285,0.14285714285714285,0.0,0.5468354008269974,0.5922056069391319,0.04537020611213449,0.5040949292037097,0.5132425953037963,0.00914766610008666
35,11,2,38,12,2,8,1453118.0,1463540.0,0.00717216358203532,0.05,0.125,0.125,0.0,0.2287210338680927,0.29798344017094014,0.06926240630284744,0.20564100301163304,0.2962707623378338,0.09062975932620074
35,11,2,38,12,2,8,1453118.0,1463540.0,0.00717216358203532,0.1,0.125,0.25,0.125,0.26132650029708854,0.430354020979021,0.16902752068193244,0.2227132647389211,0.40489429155800855,0.18218102681908743
35,11,2,38,12,2,8,1453118.0,1463540.0,0.00717216358203532,0.2,0.25,0.25,0.0,0.49262849079025545,0.541310945998446,0.048682455208190534,0.4226752043569933,0.5288210210430845,0.10614581668609119
35,11,2,38,12,2,8,1453118.0,1463540.0,0.00717216358203532,0.4,0.25,0.25,0.0,0.5927891042780749,0.7063786907536908,0.1135895864756159,0.5067091408598186,0.7071537133043326,0.20044457244451408
35,11,2,39,13,2,8,1453118.0,1444899.0,0.005688286862957203,0.05,0.125,0.25,0.125,0.2287210338680927,0.3518833849329205,0.12316235106482779,0.20564100301163304,0.3285515193907805,0.12291051637914743
35,11,2,39,13,2,8,1453118.0,1444899.0,0.005688286862957203,0.1,0.125,0.25,0.125,0.26132650029708854,0.3967363261093911,0.13540982581230254,0.2227132647389211,0.3610726644291827,0.13835939969026156
35,11,2,39,13,2,8,1453118.0,1444899.0,0.005688286862957203,0.2,0.25,0.25,0.0,0.49262849079025545,0.4912732198142415,0.0013552709760139559,0.4226752043569933,0.4355257274454036,0.012850523088410282
35,11,2,39,13,2,8,1453118.0,1444899.0,0.005688286862957203,0.4,0.25,0.375,0.125,0.5927891042780749,0.6895704334365325,0.09678132915845761,0.5067091408598186,0.62219715816473,0.11548801730491143
35,11,2,42,14,2,8,1453118.0,1447453.0,0.003913771293437507,0.05,0.125,0.25,0.125,0.2287210338680927,0.3628286461345672,0.13410761226647452,0.20564100301163304,0.33354847705937196,0.12790747404773892
35,11,2,42,14,2,8,1453118.0,1447453.0,0.003913771293437507,0.1,0.125,0.25,0.125,0.26132650029708854,0.3940214117023328,0.13269491140524425,0.2227132647389211,0.3877300715496347,0.16501680681071357
35,11,2,42,14,2,8,1453118.0,1447453.0,0.003913771293437507,0.2,0.25,0.25,0.0,0.49262849079025545,0.5157183824946983,0.02308989170444281,0.4226752043569933,0.4728881245034391,0.050212920146445794
35,11,2,42,14,2,8,1453118.0,1447453.0,0.003913771293437507,0.4,0.25,0.25,0.0,0.5927891042780749,0.6661982480239059,0.07340914374583107,0.5067091408598186,0.6074270082576239,0.1007178673978053
35,11,2,48,16,2,8,1453118.0,1453803.0,0.0004714001202930526,0.05,0.125,0.125,0.0,0.2287210338680927,0.31285635409276713,0.08413532022467443,0.20564100301163304,0.28331198081620423,0.07767097780457119
35,11,2,48,16,2,8,1453118.0,1453803.0,0.0004714001202930526,0.1,0.125,0.25,0.125,0.26132650029708854,0.40967371245903855,0.14834721216195002,0.2227132647389211,0.36487375139872347,0.14216048665980235
35,11,2,48,16,2,8,1453118.0,1453803.0,0.0004714001202930526,0.2,0.25,0.25,0.0,0.49262849079025545,0.5269511059592582,0.03432261516900276,0.4226752043569933,0.4656490855220771,0.04297388116508383
35,11,2,48,16,2,8,1453118.0,1453803.0,0.0004714001202930526,0.4,0.25,0.25,0.0,0.5927891042780749,0.7048692928448363,0.1120801885667615,0.5067091408598186,0.6605523549452259,0.15384321408540735
35,11,2,54,18,2,8,1453118.0,1463329.0,0.007026958581477898,0.05,0.125,0.25,0.125,0.2287210338680927,0.3532765206284943,0.1245554867604016,0.20564100301163304,0.3304905131408465,0.12484951012921344
35,11,2,54,18,2,8,1453118.0,1463329.0,0.007026958581477898,0.1,0.125,0.25,0.125,0.26132650029708854,0.3983170064584538,0.13699050616136527,0.2227132647389211,0.3748231415762101,0.152109876837289
35,11,2,54,18,2,8,1453118.0,1463329.0,0.007026958581477898,0.2,0.25,0.25,0.0,0.49262849079025545,0.5206405436668594,0.028012052876603966,0.4226752043569933,0.48556615489853944,0.06289095054154614
35,11,2,54,18,2,8,1453118.0,1463329.0,0.007026958581477898,0.4,0.25,0.25,0.0,0.5927891042780749,0.7088921221322537,0.11610301785417887,0.5067091408598186,0.6500168870213467,0.1433077461615282
35,11,2,57,19,2,8,1453118.0,1428930.0,0.016927351234840054,0.05,0.125,0.25,0.125,0.2287210338680927,0.31348079004329005,0.08475975617519735,0.20564100301163304,0.28795703264573613,0.08231602963410309
35,11,2,57,19,2,8,1453118.0,1428930.0,0.016927351234840054,0.1,0.125,0.25,0.125,0.26132650029708854,0.3623286435786436,0.10100214328155505,0.2227132647389211,0.3521569674006251,0.12944370266170396
35,11,2,57,19,2,8,1453118.0,1428930.0,0.016927351234840054,0.2,0.25,0.25,0.0,0.49262849079025545,0.5113410894660895,0.018712598675834025,0.4226752043569933,0.4726512165189088,0.049976012161915495
35,11,2,57,19,2,8,1453118.0,1428930.0,0.016927351234840054,0.4,0.25,0.25,0.0,0.5927891042780749,0.6460137085137085,0.05322460423563369,0.5067091408598186,0.5689033882820436,0.06219424742222501
36,12,0,40,14,0,6,1374351.0,1380685.0,0.0046087207707492485,0.05,0.0,0.0,0.0,0.10725762527233114,0.1387057387057387,0.031448113433407573,0.09256809528564619,0.0794947482281858,0.013073347057460397
36,12,0,40,14,0,6,1374351.0,1380685.0,0.0046087207707492485,0.1,0.0,0.0,0.0,0.19780402059813826,0.14912240537240537,0.04868161522573289,0.1701410441000012,0.13171553654226464,0.03842550755773655
36,12,0,40,14,0,6,1374351.0,1380685.0,0.0046087207707492485,0.2,0.0,0.0,0.0,0.33347073677956035,0.2768346441140559,0.056636092665504456,0.2480093074865692,0.19935426618346538,0.04865504130310383
36,12,0,40,14,0,6,1374351.0,1380685.0,0.0046087207707492485,0.4,0.0,0.0,0.0,0.4302040007922361,0.4141066041801336,0.016097396612102466,0.3430053005195745,0.32203816272098823,0.020967137798586277
36,12,0,43,15,0,6,1374351.0,1384972.0,0.00772801125767726,0.05,0.0,0.0,0.0,0.10725762527233114,0.14682539682539683,0.03956777155306569,0.09256809528564619,0.11473941496550104,0.022171319679854848
36,12,0,43,15,0,6,1374351.0,1384972.0,0.00772801125767726,0.1,0.0,0.0,0.0,0.19780402059813826,0.2396475256769374,0.04184350507879914,0.1701410441000012,0.19339035332418597,0.023249309224184778
36,12,0,43,15,0,6,1374351.0,1384972.0,0.00772801125767726,0.2,0.0,0.0,0.0,0.33347073677956035,0.33901727357609707,0.005546536796536716,0.2480093074865692,0.26904744964306765,0.021038142156498435
36,12,0,43,15,0,6,1374351.0,1384972.0,0.00772801125767726,0.4,0.0,0.0,0.0,0.4302040007922361,0.4776552287581699,0.04745122796593382,0.3430053005195745,0.34280014587325863,0.00020515464631587488
36,12,0,46,16,0,6,1374351.0,1364614.0,0.007135351095621179,0.05,0.0,0.0,0.0,0.10725762527233114,0.11543240374762113,0.008174778475289995,0.09256809528564619,0.06185424530457101,0.03071384998107518
36,12,0,46,16,0,6,1374351.0,1364614.0,0.007135351095621179,0.1,0.0,0.0,0.0,0.19780402059813826,0.14824696237739715,0.04955705822074111,0.1701410441000012,0.08748862419149596,0.08265241990850523
36,12,0,46,16,0,6,1374351.0,1364614.0,0.007135351095621179,0.2,0.0,0.0,0.0,0.33347073677956035,0.31756988038957346,0.015900856389986895,0.2480093074865692,0.19566138586890977,0.05234792161765944
36,12,0,46,16,0,6,1374351.0,1364614.0,0.007135351095621179,0.4,0.0,0.0,0.0,0.4302040007922361,0.4404923058375744,0.010288305045338342,0.3430053005195745,0.2963262925144507,0.04667900800512381
36,12,0,49,17,0,6,1374351.0,1359667.0,0.01079970316261261,0.05,0.0,0.0,0.0,0.10725762527233114,0.11752450980392155,0.010266884531590414,0.09256809528564619,0.08610930380042849,0.006458791485217705
36,12,0,49,17,0,6,1374351.0,1359667.0,0.01079970316261261,0.1,0.0,0.0,0.0,0.19780402059813826,0.21165382819794584,0.013849807599807584,0.1701410441000012,0.2017950831413792,0.03165403904137801
36,12,0,49,17,0,6,1374351.0,1359667.0,0.01079970316261261,0.2,0.0,0.0,0.0,0.33347073677956035,0.3324171335200747,0.0010536032594856692,0.2480093074865692,0.31166639775790395,0.06365709027133473
36,12,0,49,17,0,6,1374351.0,1359667.0,0.01079970316261261,0.4,0.0,0.0,0.0,0.4302040007922361,0.4684932306255835,0.03828922983334743,0.3430053005195745,0.35494163073014645,0.011936330210571944
36,12,0,52,18,0,6,1374351.0,1371470.0,0.0021006657090567055,0.05,0.0,0.0,0.0,0.10725762527233114,0.09858597285067873,0.00867165242165241,0.09256809528564619,0.07684747547441267,0.015720619811233516
36,12,0,52,18,0,6,1374351.0,1371470.0,0.0021006657090567055,0.1,0.0,0.0,0.0,0.19780402059813826,0.16413084464555053,0.03367317595258773,0.1701410441000012,0.1351563542906124,0.03498468980938879
36,12,0,52,18,0,6,1374351.0,1371470.0,0.0021006657090567055,0.2,0.0,0.0,0.0,0.33347073677956035,0.24802889104359693,0.08544184573596342,0.2480093074865692,0.1815228096200987,0.06648649786647051
36,12,0,52,18,0,6,1374351.0,1371470.0,0.0021006657090567055,0.4,0.0,0.0,0.0,0.4302040007922361,0.46610689147453854,0.03590289068230246,0.3430053005195745,0.31818779508935224,0.024817505430222264
36,12,0,55,19,0,6,1374351.0,1362162.0,0.008948274874794628,0.05,0.0,0.0,0.0,0.10725762527233114,0.08464105339105339,0.022616571881277747,0.09256809528564619,0.05993449144925397,0.03263360383639222
36,12,0,55,19,0,6,1374351.0,1362162.0,0.008948274874794628,0.1,0.0,0.0,0.0,0.19780402059813826,0.1090518278018278,0.08875219279631046,0.1701410441000012,0.08804841280418402,0.08209263129581718
36,12,0,55,19,0,6,1374351.0,1362162.0,0.008948274874794628,0.2,0.0,0.0,0.0,0.33347073677956035,0.2862501061030473,0.04722063067651305,0.2480093074865692,0.22268514157189803,0.02532416591467118
36,12,0,55,19,0,6,1374351.0,1362162.0,0.008948274874794628,0.4,0.0,0.0,0.0,0.4302040007922361,0.4242733709645474,0.00593062982768866,0.3430053005195745,0.3235831975308268,0.01942210298874769
37,12,1,41,14,1,7,1415012.0,1406792.0,0.0058430812799617855,0.05,0.14285714285714285,0.14285714285714285,0.0,0.23432539682539685,0.27180416701093396,0.03747877018553711,0.21895220243191907,0.2383411166392823,0.019388914207363245
37,12,1,41,14,1,7,1415012.0,1406792.0,0.0058430812799617855,0.1,0.14285714285714285,0.14285714285714285,0.0,0.36477272727272725,0.28753545952794074,0.07723726774478651,0.3281023101239939,0.287668412478665,0.0404338976453289
37,12,1,41,14,1,7,1415012.0,1406792.0,0.0058430812799617855,0.2,0.14285714285714285,0.14285714285714285,0.0,0.4587121212121212,0.39954068672003207,0.059171434492089114,0.43182042278467847,0.34788502385439646,0.08393539893028201
37,12,1,41,14,1,7,1415012.0,1406792.0,0.0058430812799617855,0.4,0.14285714285714285,0.14285714285714285,0.0,0.6043290043290044,0.5612043400356094,0.04312466429339501,0.5307489279462465,0.4712456372365453,0.05950329070970123
37,12,1,44,15,1,7,1415012.0,1425633.0,0.007505943412494029,0.05,0.14285714285714285,0.14285714285714285,0.0,0.23432539682539685,0.2776360544217687,0.04331065759637184,0.21895220243191907,0.24755283425257768,0.028600631820658612
37,12,1,44,15,1,7,1415012.0,1425633.0,0.007505943412494029,0.1,0.14285714285714285,0.14285714285714285,0.0,0.36477272727272725,0.38562925170068024,0.020856524427952994,0.3281023101239939,0.3442295766046117,0.016127266480617797
37,12,1,44,15,1,7,1415012.0,1425633.0,0.007505943412494029,0.2,0.14285714285714285,0.14285714285714285,0.0,0.4587121212121212,0.48137755102040813,0.022665429808286952,0.43182042278467847,0.4306263225867292,0.0011941001979492438
37,12,1,44,15,1,7,1415012.0,1425633.0,0.007505943412494029,0.4,0.14285714285714285,0.14285714285714285,0.0,0.6043290043290044,0.6433673469387754,0.039038342609771015,0.5307489279462465,0.5442798358542487,0.013530907908002154
37,12,1,47,16,1,7,1415012.0,1405275.0,0.006928892921314334,0.05,0.14285714285714285,0.14285714285714285,0.0,0.23432539682539685,0.25132301273605623,0.016997615910659375,0.21895220243191907,0.2023553353520759,0.016596867079843175
37,12,1,47,16,1,7,1415012.0,1405275.0,0.006928892921314334,0.1,0.14285714285714285,0.14285714285714285,0.0,0.36477272727272725,0.3143523746784616,0.05042035259426564,0.3281023101239939,0.25341328992963436,0.07468902019435952
37,12,1,47,16,1,7,1415012.0,1405275.0,0.006928892921314334,0.2,0.14285714285714285,0.14285714285714285,0.0,0.4587121212121212,0.46680626137147874,0.008094140159357555,0.43182042278467847,0.34528154350753415,0.08653887927714432
37,12,1,47,16,1,7,1415012.0,1405275.0,0.006928892921314334,0.4,0.14285714285714285,0.14285714285714285,0.0,0.6043290043290044,0.5847669238973587,0.019562080431645645,0.5307489279462465,0.49236558120453394,0.038383346741712565
37,12,1,50,17,1,7,1415012.0,1410308.0,0.003335441619844743,0.05,0.14285714285714285,0.0,0.14285714285714285,0.23432539682539685,0.07304421768707482,0.16128117913832202,0.21895220243191907,0.06337998395180733,0.15557221848011174
37,12,1,50,17,1,7,1415012.0,1410308.0,0.003335441619844743,0.1,0.14285714285714285,0.14285714285714285,0.0,0.36477272727272725,0.3092236894757904,0.05554903779693687,0.3281023101239939,0.30934205636033374,0.01876025376366014
37,12,1,50,17,1,7,1415012.0,1410308.0,0.003335441619844743,0.2,0.14285714285714285,0.14285714285714285,0.0,0.4587121212121212,0.4463935574229692,0.01231856378915197,0.43182042278467847,0.44015322511271343,0.00833280232803496
37,12,1,50,17,1,7,1415012.0,1410308.0,0.003335441619844743,0.4,0.14285714285714285,0.14285714285714285,0.0,0.6043290043290044,0.6276110444177672,0.02328204008876278,0.5307489279462465,0.5725379032466139,0.041788975300367404
37,12,1,53,18,1,7,1415012.0,1422668.0,0.005410554822149918,0.05,0.14285714285714285,0.14285714285714285,0.0,0.23432539682539685,0.26088745214685066,0.02656205532145381,0.21895220243191907,0.23484630073239607,0.015894098300477
37,12,1,53,18,1,7,1415012.0,1422668.0,0.005410554822149918,0.1,0.14285714285714285,0.14285714285714285,0.0,0.36477272727272725,0.2903842711173539,0.07438845615537337,0.3281023101239939,0.2728497963575233,0.05525251376647056
37,12,1,53,18,1,7,1415012.0,1422668.0,0.005410554822149918,0.2,0.14285714285714285,0.14285714285714285,0.0,0.4587121212121212,0.39489307868896545,0.06381904252315573,0.43182042278467847,0.3589751690676331,0.07284525371704537
37,12,1,53,18,1,7,1415012.0,1422668.0,0.005410554822149918,0.4,0.14285714285714285,0.14285714285714285,0.0,0.6043290043290044,0.5922056069391319,0.012123397389872448,0.5307489279462465,0.5132425953037963,0.017506332642450162
38,12,2,39,13,2,8,1463540.0,1444899.0,0.012901247768875196,0.05,0.125,0.25,0.125,0.29798344017094014,0.3518833849329205,0.053899944761980345,0.2962707623378338,0.3285515193907805,0.032280757052946696
38,12,2,39,13,2,8,1463540.0,1444899.0,0.012901247768875196,0.1,0.25,0.25,0.0,0.430354020979021,0.3967363261093911,0.0336176948696299,0.40489429155800855,0.3610726644291827,0.04382162712882587
38,12,2,39,13,2,8,1463540.0,1444899.0,0.012901247768875196,0.2,0.25,0.25,0.0,0.541310945998446,0.4912732198142415,0.05003772618420449,0.5288210210430845,0.4355257274454036,0.0932952935976809
38,12,2,39,13,2,8,1463540.0,1444899.0,0.012901247768875196,0.4,0.25,0.375,0.125,0.7063786907536908,0.6895704334365325,0.016808257317158293,0.7071537133043326,0.62219715816473,0.08495655513960265
38,12,2,42,14,2,8,1463540.0,1447453.0,0.011114005083412034,0.05,0.125,0.25,0.125,0.29798344017094014,0.3628286461345672,0.06484520596362708,0.2962707623378338,0.33354847705937196,0.03727771472153818
38,12,2,42,14,2,8,1463540.0,1447453.0,0.011114005083412034,0.1,0.25,0.25,0.0,0.430354020979021,0.3940214117023328,0.03633260927668819,0.40489429155800855,0.3877300715496347,0.017164220008373865
38,12,2,42,14,2,8,1463540.0,1447453.0,0.011114005083412034,0.2,0.25,0.25,0.0,0.541310945998446,0.5157183824946983,0.025592563503747723,0.5288210210430845,0.4728881245034391,0.055932896539645394
38,12,2,42,14,2,8,1463540.0,1447453.0,0.011114005083412034,0.4,0.25,0.25,0.0,0.7063786907536908,0.6661982480239059,0.04018044272978483,0.7071537133043326,0.6074270082576239,0.09972670504670877
38,12,2,45,15,2,8,1463540.0,1491403.0,0.019038085737321835,0.05,0.125,0.25,0.125,0.29798344017094014,0.40897671568627453,0.11099327551533439,0.2962707623378338,0.3669279444390996,0.07065718210126581
38,12,2,45,15,2,8,1463540.0,1491403.0,0.019038085737321835,0.1,0.25,0.25,0.0,0.430354020979021,0.45520027089783277,0.02484624991881179,0.40489429155800855,0.42647428702883505,0.021579995470826507
38,12,2,45,15,2,8,1463540.0,1491403.0,0.019038085737321835,0.2,0.25,0.25,0.0,0.541310945998446,0.5571529927760578,0.015842046777611807,0.5288210210430845,0.5191772234297753,0.009643797613309135
38,12,2,45,15,2,8,1463540.0,1491403.0,0.019038085737321835,0.4,0.25,0.25,0.0,0.7063786907536908,0.7322126547987615,0.025833964045070767,0.7071537133043326,0.6824928330233228,0.024660880281009878
38,12,2,48,16,2,8,1463540.0,1453803.0,0.006697606209369495,0.05,0.125,0.125,0.0,0.29798344017094014,0.31285635409276713,0.014872913921826991,0.2962707623378338,0.28331198081620423,0.012958781521629548
38,12,2,48,16,2,8,1463540.0,1453803.0,0.006697606209369495,0.1,0.25,0.25,0.0,0.430354020979021,0.40967371245903855,0.020680308519982427,0.40489429155800855,0.36487375139872347,0.04002054015928508
38,12,2,48,16,2,8,1463540.0,1453803.0,0.006697606209369495,0.2,0.25,0.25,0.0,0.541310945998446,0.5269511059592582,0.014359840039187777,0.5288210210430845,0.4656490855220771,0.06317193552100736
38,12,2,48,16,2,8,1463540.0,1453803.0,0.006697606209369495,0.4,0.25,0.25,0.0,0.7063786907536908,0.7048692928448363,0.001509397908854404,0.7071537133043326,0.6605523549452259,0.046601358359106726
38,12,2,54,18,2,8,1463540.0,1463329.0,0.00014419177095513039,0.05,0.125,0.25,0.125,0.29798344017094014,0.3532765206284943,0.055293080457554156,0.2962707623378338,0.3304905131408465,0.034219750803012705
38,12,2,54,18,2,8,1463540.0,1463329.0,0.00014419177095513039,0.1,0.25,0.25,0.0,0.430354020979021,0.3983170064584538,0.032037014520567175,0.40489429155800855,0.3748231415762101,0.03007114998179844
38,12,2,54,18,2,8,1463540.0,1463329.0,0.00014419177095513039,0.2,0.25,0.25,0.0,0.541310945998446,0.5206405436668594,0.020670402331586568,0.5288210210430845,0.48556615489853944,0.043254866144545046
38,12,2,54,18,2,8,1463540.0,1463329.0,0.00014419177095513039,0.4,0.25,0.25,0.0,0.7063786907536908,0.7088921221322537,0.002513431378562969,0.7071537133043326,0.6500168870213467,0.057136826282985886
39,13,2,42,14,2,8,1444899.0,1447453.0,0.001767597596787042,0.05,0.25,0.25,0.0,0.3518833849329205,0.3628286461345672,0.010945261201646739,0.3285515193907805,0.33354847705937196,0.004996957668591484
39,13,2,42,14,2,8,1444899.0,1447453.0,0.001767597596787042,0.1,0.25,0.25,0.0,0.3967363261093911,0.3940214117023328,0.0027149144070582887,0.3610726644291827,0.3877300715496347,0.026657407120452004
39,13,2,42,14,2,8,1444899.0,1447453.0,0.001767597596787042,0.2,0.25,0.25,0.0,0.4912732198142415,0.5157183824946983,0.024445162680456767,0.4355257274454036,0.4728881245034391,0.03736239705803551
39,13,2,42,14,2,8,1444899.0,1447453.0,0.001767597596787042,0.4,0.375,0.25,0.125,0.6895704334365325,0.6661982480239059,0.023372185412626534,0.62219715816473,0.6074270082576239,0.014770149907106123
39,13,2,48,16,2,8,1444899.0,1453803.0,0.0061623684423617155,0.05,0.25,0.125,0.125,0.3518833849329205,0.31285635409276713,0.039027030840153354,0.3285515193907805,0.28331198081620423,0.045239538574576244
39,13,2,48,16,2,8,1444899.0,1453803.0,0.0061623684423617155,0.1,0.25,0.25,0.0,0.3967363261093911,0.40967371245903855,0.012937386349647473,0.3610726644291827,0.36487375139872347,0.00380108696954079
39,13,2,48,16,2,8,1444899.0,1453803.0,0.0061623684423617155,0.2,0.25,0.25,0.0,0.4912732198142415,0.5269511059592582,0.03567788614501671,0.4355257274454036,0.4656490855220771,0.030123358076673545
39,13,2,48,16,2,8,1444899.0,1453803.0,0.0061623684423617155,0.4,0.375,0.25,0.125,0.6895704334365325,0.7048692928448363,0.015298859408303889,0.62219715816473,0.6605523549452259,0.038355196780495926
39,13,2,54,18,2,8,1444899.0,1463329.0,0.012755216800620667,0.05,0.25,0.25,0.0,0.3518833849329205,0.3532765206284943,0.0013931356955738106,0.3285515193907805,0.3304905131408465,0.0019389937500660093
39,13,2,54,18,2,8,1444899.0,1463329.0,0.012755216800620667,0.1,0.25,0.25,0.0,0.3967363261093911,0.3983170064584538,0.0015806803490627241,0.3610726644291827,0.3748231415762101,0.013750477147027429
39,13,2,54,18,2,8,1444899.0,1463329.0,0.012755216800620667,0.2,0.25,0.25,0.0,0.4912732198142415,0.5206405436668594,0.02936732385261792,0.4355257274454036,0.48556615489853944,0.05004042745313586
39,13,2,54,18,2,8,1444899.0,1463329.0,0.012755216800620667,0.4,0.375,0.25,0.125,0.6895704334365325,0.7088921221322537,0.019321688695721262,0.62219715816473,0.6500168870213467,0.027819728856616766
39,13,2,57,19,2,8,1444899.0,1428930.0,0.011175494950767357,0.05,0.25,0.25,0.0,0.3518833849329205,0.31348079004329005,0.03840259488963044,0.3285515193907805,0.28795703264573613,0.040594486745044345
39,13,2,57,19,2,8,1444899.0,1428930.0,0.011175494950767357,0.1,0.25,0.25,0.0,0.3967363261093911,0.3623286435786436,0.034407682530747496,0.3610726644291827,0.3521569674006251,0.008915697028557601
39,13,2,57,19,2,8,1444899.0,1428930.0,0.011175494950767357,0.2,0.25,0.25,0.0,0.4912732198142415,0.5113410894660895,0.02006786965184798,0.4355257274454036,0.4726512165189088,0.03712548907350521
39,13,2,57,19,2,8,1444899.0,1428930.0,0.011175494950767357,0.4,0.375,0.25,0.125,0.6895704334365325,0.6460137085137085,0.04355672492282392,0.62219715816473,0.5689033882820436,0.053293769882686415
40,14,0,43,15,0,6,1380685.0,1384972.0,0.003104980498810373,0.05,0.0,0.0,0.0,0.1387057387057387,0.14682539682539683,0.008119658119658119,0.0794947482281858,0.11473941496550104,0.035244666737315244
40,14,0,43,15,0,6,1380685.0,1384972.0,0.003104980498810373,0.1,0.0,0.0,0.0,0.14912240537240537,0.2396475256769374,0.09052512030453203,0.13171553654226464,0.19339035332418597,0.06167481678192133
40,14,0,43,15,0,6,1380685.0,1384972.0,0.003104980498810373,0.2,0.0,0.0,0.0,0.2768346441140559,0.33901727357609707,0.06218262946204117,0.19935426618346538,0.26904744964306765,0.06969318345960226
40,14,0,43,15,0,6,1380685.0,1384972.0,0.003104980498810373,0.4,0.0,0.0,0.0,0.4141066041801336,0.4776552287581699,0.06354862457803628,0.32203816272098823,0.34280014587325863,0.020761983152270402
40,14,0,46,16,0,6,1380685.0,1364614.0,0.011776956707171405,0.05,0.0,0.0,0.0,0.1387057387057387,0.11543240374762113,0.023273334958117578,0.0794947482281858,0.06185424530457101,0.017640502923614784
40,14,0,46,16,0,6,1380685.0,1364614.0,0.011776956707171405,0.1,0.0,0.0,0.0,0.14912240537240537,0.14824696237739715,0.0008754429950082188,0.13171553654226464,0.08748862419149596,0.044226912350768685
40,14,0,46,16,0,6,1380685.0,1364614.0,0.011776956707171405,0.2,0.0,0.0,0.0,0.2768346441140559,0.31756988038957346,0.04073523627551756,0.19935426618346538,0.19566138586890977,0.0036928803145556133
40,14,0,46,16,0,6,1380685.0,1364614.0,0.011776956707171405,0.4,0.0,0.0,0.0,0.4141066041801336,0.4404923058375744,0.026385701657440808,0.32203816272098823,0.2963262925144507,0.025711870206537535
40,14,0,49,17,0,6,1380685.0,1359667.0,0.015458196749645317,0.05,0.0,0.0,0.0,0.1387057387057387,0.11752450980392155,0.02118122890181716,0.0794947482281858,0.08610930380042849,0.006614555572242692
40,14,0,49,17,0,6,1380685.0,1359667.0,0.015458196749645317,0.1,0.0,0.0,0.0,0.14912240537240537,0.21165382819794584,0.06253142282554047,0.13171553654226464,0.2017950831413792,0.07007954659911456
40,14,0,49,17,0,6,1380685.0,1359667.0,0.015458196749645317,0.2,0.0,0.0,0.0,0.2768346441140559,0.3324171335200747,0.05558248940601879,0.19935426618346538,0.31166639775790395,0.11231213157443856
40,14,0,49,17,0,6,1380685.0,1359667.0,0.015458196749645317,0.4,0.0,0.0,0.0,0.4141066041801336,0.4684932306255835,0.05438662644544989,0.32203816272098823,0.35494163073014645,0.03290346800915822
40,14,0,52,18,0,6,1380685.0,1371470.0,0.006719067861491684,0.05,0.0,0.0,0.0,0.1387057387057387,0.09858597285067873,0.04011976585505998,0.0794947482281858,0.07684747547441267,0.0026472727537731194
40,14,0,52,18,0,6,1380685.0,1371470.0,0.006719067861491684,0.1,0.0,0.0,0.0,0.14912240537240537,0.16413084464555053,0.015008439273145158,0.13171553654226464,0.1351563542906124,0.0034408177483477576
40,14,0,52,18,0,6,1380685.0,1371470.0,0.006719067861491684,0.2,0.0,0.0,0.0,0.2768346441140559,0.24802889104359693,0.02880575307045896,0.19935426618346538,0.1815228096200987,0.017831456563366682
40,14,0,52,18,0,6,1380685.0,1371470.0,0.006719067861491684,0.4,0.0,0.0,0.0,0.4141066041801336,0.46610689147453854,0.05200028729440492,0.32203816272098823,0.31818779508935224,0.003850367631635987
40,14,0,55,19,0,6,1380685.0,1362162.0,0.013598235745821715,0.05,0.0,0.0,0.0,0.1387057387057387,0.08464105339105339,0.05406468531468532,0.0794947482281858,0.05993449144925397,0.019560256778931827
40,14,0,55,19,0,6,1380685.0,1362162.0,0.013598235745821715,0.1,0.0,0.0,0.0,0.14912240537240537,0.1090518278018278,0.04007057757057757,0.13171553654226464,0.08804841280418402,0.043667123738080627
40,14,0,55,19,0,6,1380685.0,1362162.0,0.013598235745821715,0.2,0.0,0.0,0.0,0.2768346441140559,0.2862501061030473,0.009415461988991403,0.19935426618346538,0.22268514157189803,0.023330875388432648
40,14,0,55,19,0,6,1380685.0,1362162.0,0.013598235745821715,0.4,0.0,0.0,0.0,0.4141066041801336,0.4242733709645474,0.010166766784413805,0.32203816272098823,0.3235831975308268,0.0015450348098385858
41,14,1,44,15,1,7,1406792.0,1425633.0,0.01339288252989781,0.05,0.14285714285714285,0.14285714285714285,0.0,0.27180416701093396,0.2776360544217687,0.005831887410834735,0.2383411166392823,0.24755283425257768,0.009211717613295367
41,14,1,44,15,1,7,1406792.0,1425633.0,0.01339288252989781,0.1,0.14285714285714285,0.14285714285714285,0.0,0.28753545952794074,0.38562925170068024,0.0980937921727395,0.287668412478665,0.3442295766046117,0.056561164125946695
41,14,1,44,15,1,7,1406792.0,1425633.0,0.01339288252989781,0.2,0.14285714285714285,0.14285714285714285,0.0,0.39954068672003207,0.48137755102040813,0.08183686430037607,0.34788502385439646,0.4306263225867292,0.08274129873233277
41,14,1,44,15,1,7,1406792.0,1425633.0,0.01339288252989781,0.4,0.14285714285714285,0.14285714285714285,0.0,0.5612043400356094,0.6433673469387754,0.08216300690316602,0.4712456372365453,0.5442798358542487,0.07303419861770338
41,14,1,47,16,1,7,1406792.0,1405275.0,0.0010795040116703136,0.05,0.14285714285714285,0.14285714285714285,0.0,0.27180416701093396,0.25132301273605623,0.020481154274877733,0.2383411166392823,0.2023553353520759,0.03598578128720642
41,14,1,47,16,1,7,1406792.0,1405275.0,0.0010795040116703136,0.1,0.14285714285714285,0.14285714285714285,0.0,0.28753545952794074,0.3143523746784616,0.02681691515052087,0.287668412478665,0.25341328992963436,0.034255122549030625
41,14,1,47,16,1,7,1406792.0,1405275.0,0.0010795040116703136,0.2,0.14285714285714285,0.14285714285714285,0.0,0.39954068672003207,0.46680626137147874,0.06726557465144667,0.34788502385439646,0.34528154350753415,0.002603480346862308
41,14,1,47,16,1,7,1406792.0,1405275.0,0.0010795040116703136,0.4,0.14285714285714285,0.14285714285714285,0.0,0.5612043400356094,0.5847669238973587,0.023562583861749364,0.4712456372365453,0.49236558120453394,0.021119943967988664
41,14,1,50,17,1,7,1406792.0,1410308.0,0.002499303379604092,0.05,0.14285714285714285,0.0,0.14285714285714285,0.27180416701093396,0.07304421768707482,0.19875994932385915,0.2383411166392823,0.06337998395180733,0.17496113268747499
41,14,1,50,17,1,7,1406792.0,1410308.0,0.002499303379604092,0.1,0.14285714285714285,0.14285714285714285,0.0,0.28753545952794074,0.3092236894757904,0.021688229947849635,0.287668412478665,0.30934205636033374,0.021673643881668758
41,14,1,50,17,1,7,1406792.0,1410308.0,0.002499303379604092,0.2,0.14285714285714285,0.14285714285714285,0.0,0.39954068672003207,0.4463935574229692,0.046852870702937144,0.34788502385439646,0.44015322511271343,0.09226820125831697
41,14,1,50,17,1,7,1406792.0,1410308.0,0.002499303379604092,0.4,0.14285714285714285,0.14285714285714285,0.0,0.5612043400356094,0.6276110444177672,0.06640670438215779,0.4712456372365453,0.5725379032466139,0.10129226601006863
41,14,1,53,18,1,7,1406792.0,1422668.0,0.011285250413707214,0.05,0.14285714285714285,0.14285714285714285,0.0,0.27180416701093396,0.26088745214685066,0.010916714864083299,0.2383411166392823,0.23484630073239607,0.003494815906886245
41,14,1,53,18,1,7,1406792.0,1422668.0,0.011285250413707214,0.1,0.14285714285714285,0.14285714285714285,0.0,0.28753545952794074,0.2903842711173539,0.002848811589413136,0.287668412478665,0.2728497963575233,0.014818616121141659
41,14,1,53,18,1,7,1406792.0,1422668.0,0.011285250413707214,0.2,0.14285714285714285,0.14285714285714285,0.0,0.39954068672003207,0.39489307868896545,0.004647608031066619,0.34788502385439646,0.3589751690676331,0.011090145213236646
41,14,1,53,18,1,7,1406792.0,1422668.0,0.011285250413707214,0.4,0.14285714285714285,0.14285714285714285,0.0,0.5612043400356094,0.5922056069391319,0.031001266903522562,0.4712456372365453,0.5132425953037963,0.04199695806725107
41,14,1,56,19,1,7,1406792.0,1387081.0,0.014210417416142243,0.05,0.14285714285714285,0.14285714285714285,0.0,0.27180416701093396,0.21930272108843538,0.052501445922498585,0.2383411166392823,0.2011702561189622,0.03717086052032012
41,14,1,56,19,1,7,1406792.0,1387081.0,0.014210417416142243,0.1,0.14285714285714285,0.14285714285714285,0.0,0.28753545952794074,0.2558106575963719,0.03172480193156885,0.287668412478665,0.2347333299636303,0.052935082515034676
41,14,1,56,19,1,7,1406792.0,1387081.0,0.014210417416142243,0.2,0.14285714285714285,0.14285714285714285,0.0,0.39954068672003207,0.417922168867547,0.01838148214751495,0.34788502385439646,0.37294096311198494,0.025055939257588478
41,14,1,56,19,1,7,1406792.0,1387081.0,0.014210417416142243,0.4,0.14285714285714285,0.14285714285714285,0.0,0.5612043400356094,0.5673202614379085,0.006115921402299107,0.4712456372365453,0.47192031258544587,0.0006746753489005886
42,14,2,48,16,2,8,1447453.0,1453803.0,0.004387016365989086,0.05,0.25,0.125,0.125,0.3628286461345672,0.31285635409276713,0.04997229204180009,0.33354847705937196,0.28331198081620423,0.05023649624316773
42,14,2,48,16,2,8,1447453.0,1453803.0,0.004387016365989086,0.1,0.25,0.25,0.0,0.3940214117023328,0.40967371245903855,0.01565230075670576,0.3877300715496347,0.36487375139872347,0.022856320150911213
42,14,2,48,16,2,8,1447453.0,1453803.0,0.004387016365989086,0.2,0.25,0.25,0.0,0.5157183824946983,0.5269511059592582,0.011232723464559946,0.4728881245034391,0.4656490855220771,0.007239038981361967
42,14,2,48,16,2,8,1447453.0,1453803.0,0.004387016365989086,0.4,0.25,0.25,0.0,0.6661982480239059,0.7048692928448363,0.03867104482093042,0.6074270082576239,0.6605523549452259,0.05312534668760205
42,14,2,54,18,2,8,1447453.0,1463329.0,0.010968231783691768,0.05,0.25,0.25,0.0,0.3628286461345672,0.3532765206284943,0.009552125506072928,0.33354847705937196,0.3304905131408465,0.0030579639185254748
42,14,2,54,18,2,8,1447453.0,1463329.0,0.010968231783691768,0.1,0.25,0.25,0.0,0.3940214117023328,0.3983170064584538,0.004295594756121013,0.3877300715496347,0.3748231415762101,0.012906929973424575
42,14,2,54,18,2,8,1447453.0,1463329.0,0.010968231783691768,0.2,0.25,0.25,0.0,0.5157183824946983,0.5206405436668594,0.004922161172161155,0.4728881245034391,0.48556615489853944,0.012678030395100348
42,14,2,54,18,2,8,1447453.0,1463329.0,0.010968231783691768,0.4,0.25,0.25,0.0,0.6661982480239059,0.7088921221322537,0.042693874108347796,0.6074270082576239,0.6500168870213467,0.04258987876372289
42,14,2,57,19,2,8,1447453.0,1428930.0,0.012962846325572281,0.05,0.25,0.25,0.0,0.3628286461345672,0.31348079004329005,0.049347856091277176,0.33354847705937196,0.28795703264573613,0.04559144441363583
42,14,2,57,19,2,8,1447453.0,1428930.0,0.012962846325572281,0.1,0.25,0.25,0.0,0.3940214117023328,0.3623286435786436,0.03169276812368921,0.3877300715496347,0.3521569674006251,0.035573104149009604
42,14,2,57,19,2,8,1447453.0,1428930.0,0.012962846325572281,0.2,0.25,0.25,0.0,0.5157183824946983,0.5113410894660895,0.004377293028608786,0.4728881245034391,0.4726512165189088,0.00023690798453029904
42,14,2,57,19,2,8,1447453.0,1428930.0,0.012962846325572281,0.4,0.25,0.25,0.0,0.6661982480239059,0.6460137085137085,0.020184539510197386,0.6074270082576239,0.5689033882820436,0.03852361997558029
43,15,0,46,16,0,6,1384972.0,1364614.0,0.01491850442689288,0.05,0.0,0.0,0.0,0.14682539682539683,0.11543240374762113,0.0313929930777757,0.11473941496550104,0.06185424530457101,0.05288516966093003
43,15,0,46,16,0,6,1384972.0,1364614.0,0.01491850442689288,0.1,0.0,0.0,0.0,0.2396475256769374,0.14824696237739715,0.09140056329954024,0.19339035332418597,0.08748862419149596,0.10590172913269001
43,15,0,46,16,0,6,1384972.0,1364614.0,0.01491850442689288,0.2,0.0,0.0,0.0,0.33901727357609707,0.31756988038957346,0.02144739318652361,0.26904744964306765,0.19566138586890977,0.07338606377415788
43,15,0,46,16,0,6,1384972.0,1364614.0,0.01491850442689288,0.4,0.0,0.0,0.0,0.4776552287581699,0.4404923058375744,0.037162922920595476,0.34280014587325863,0.2963262925144507,0.04647385335880794
43,15,0,49,17,0,6,1384972.0,1359667.0,0.018611174647910112,0.05,0.0,0.0,0.0,0.14682539682539683,0.11752450980392155,0.029300887021475278,0.11473941496550104,0.08610930380042849,0.028630111165072553
43,15,0,49,17,0,6,1384972.0,1359667.0,0.018611174647910112,0.1,0.0,0.0,0.0,0.2396475256769374,0.21165382819794584,0.027993697478991553,0.19339035332418597,0.2017950831413792,0.00840472981719323
43,15,0,49,17,0,6,1384972.0,1359667.0,0.018611174647910112,0.2,0.0,0.0,0.0,0.33901727357609707,0.3324171335200747,0.0066001400560223855,0.26904744964306765,0.31166639775790395,0.0426189481148363
43,15,0,49,17,0,6,1384972.0,1359667.0,0.018611174647910112,0.4,0.0,0.0,0.0,0.4776552287581699,0.4684932306255835,0.00916199813258639,0.34280014587325863,0.35494163073014645,0.012141484856887819
43,15,0,52,18,0,6,1384972.0,1371470.0,0.009844910934982172,0.05,0.0,0.0,0.0,0.14682539682539683,0.09858597285067873,0.0482394239747181,0.11473941496550104,0.07684747547441267,0.037891939491088364
43,15,0,52,18,0,6,1384972.0,1371470.0,0.009844910934982172,0.1,0.0,0.0,0.0,0.2396475256769374,0.16413084464555053,0.07551668103138687,0.19339035332418597,0.1351563542906124,0.05823399903357357
43,15,0,52,18,0,6,1384972.0,1371470.0,0.009844910934982172,0.2,0.0,0.0,0.0,0.33901727357609707,0.24802889104359693,0.09098838253250013,0.26904744964306765,0.1815228096200987,0.08752464002296895
43,15,0,52,18,0,6,1384972.0,1371470.0,0.009844910934982172,0.4,0.0,0.0,0.0,0.4776552287581699,0.46610689147453854,0.01154833728363136,0.34280014587325863,0.31818779508935224,0.02461235078390639
43,15,0,55,19,0,6,1384972.0,1362162.0,0.01674543850144109,0.05,0.0,0.0,0.0,0.14682539682539683,0.08464105339105339,0.06218434343434344,0.11473941496550104,0.05993449144925397,0.05480492351624707
43,15,0,55,19,0,6,1384972.0,1362162.0,0.01674543850144109,0.1,0.0,0.0,0.0,0.2396475256769374,0.1090518278018278,0.1305956978751096,0.19339035332418597,0.08804841280418402,0.10534194052000195
43,15,0,55,19,0,6,1384972.0,1362162.0,0.01674543850144109,0.2,0.0,0.0,0.0,0.33901727357609707,0.2862501061030473,0.05276716747304977,0.26904744964306765,0.22268514157189803,0.04636230807116962
43,15,0,55,19,0,6,1384972.0,1362162.0,0.01674543850144109,0.4,0.0,0.0,0.0,0.4776552287581699,0.4242733709645474,0.05338185779362248,0.34280014587325863,0.3235831975308268,0.019216948342431817
44,15,1,47,16,1,7,1425633.0,1405275.0,0.014486844211986977,0.05,0.14285714285714285,0.14285714285714285,0.0,0.2776360544217687,0.25132301273605623,0.026313041685712468,0.24755283425257768,0.2023553353520759,0.04519749890050179
44,15,1,47,16,1,7,1425633.0,1405275.0,0.014486844211986977,0.1,0.14285714285714285,0.14285714285714285,0.0,0.38562925170068024,0.3143523746784616,0.07127687702221863,0.3442295766046117,0.25341328992963436,0.09081628667497732
44,15,1,47,16,1,7,1425633.0,1405275.0,0.014486844211986977,0.2,0.14285714285714285,0.14285714285714285,0.0,0.48137755102040813,0.46680626137147874,0.014571289648929397,0.4306263225867292,0.34528154350753415,0.08534477907919508
44,15,1,47,16,1,7,1425633.0,1405275.0,0.014486844211986977,0.4,0.14285714285714285,0.14285714285714285,0.0,0.6433673469387754,0.5847669238973587,0.05860042304141666,0.5442798358542487,0.49236558120453394,0.05191425464971472
44,15,1,50,17,1,7,1425633.0,1410308.0,0.010866420668393004,0.05,0.14285714285714285,0.0,0.14285714285714285,0.2776360544217687,0.07304421768707482,0.2045918367346939,0.24755283425257768,0.06337998395180733,0.18417285030077035
44,15,1,50,17,1,7,1425633.0,1410308.0,0.010866420668393004,0.1,0.14285714285714285,0.14285714285714285,0.0,0.38562925170068024,0.3092236894757904,0.07640556222488987,0.3442295766046117,0.30934205636033374,0.034887520244277936
44,15,1,50,17,1,7,1425633.0,1410308.0,0.010866420668393004,0.2,0.14285714285714285,0.14285714285714285,0.0,0.48137755102040813,0.4463935574229692,0.03498399359743892,0.4306263225867292,0.44015322511271343,0.009526902525984204
44,15,1,50,17,1,7,1425633.0,1410308.0,0.010866420668393004,0.4,0.14285714285714285,0.14285714285714285,0.0,0.6433673469387754,0.6276110444177672,0.015756302521008236,0.5442798358542487,0.5725379032466139,0.02825806739236525
44,15,1,53,18,1,7,1425633.0,1422668.0,0.0020841123860240057,0.05,0.14285714285714285,0.14285714285714285,0.0,0.2776360544217687,0.26088745214685066,0.016748602274918034,0.24755283425257768,0.23484630073239607,0.012706533520181612
44,15,1,53,18,1,7,1425633.0,1422668.0,0.0020841123860240057,0.1,0.14285714285714285,0.14285714285714285,0.0,0.38562925170068024,0.2903842711173539,0.09524498058332637,0.3442295766046117,0.2728497963575233,0.07137978024708835
44,15,1,53,18,1,7,1425633.0,1422668.0,0.0020841123860240057,0.2,0.14285714285714285,0.14285714285714285,0.0,0.48137755102040813,0.39489307868896545,0.08648447233144269,0.4306263225867292,0.3589751690676331,0.07165115351909612
44,15,1,53,18,1,7,1425633.0,1422668.0,0.0020841123860240057,0.4,0.14285714285714285,0.14285714285714285,0.0,0.6433673469387754,0.5922056069391319,0.05116173999964346,0.5442798358542487,0.5132425953037963,0.031037240550452316
45,15,2,54,18,2,8,1491403.0,1463329.0,0.019185022643575026,0.05,0.25,0.25,0.0,0.40897671568627453,0.3532765206284943,0.05570019505778023,0.3669279444390996,0.3304905131408465,0.03643743129825311
45,15,2,54,18,2,8,1491403.0,1463329.0,0.019185022643575026,0.1,0.25,0.25,0.0,0.45520027089783277,0.3983170064584538,0.05688326443937897,0.42647428702883505,0.3748231415762101,0.05165114545262495
45,15,2,54,18,2,8,1491403.0,1463329.0,0.019185022643575026,0.2,0.25,0.25,0.0,0.5571529927760578,0.5206405436668594,0.036512449109198375,0.5191772234297753,0.48556615489853944,0.03361106853123591
45,15,2,54,18,2,8,1491403.0,1463329.0,0.019185022643575026,0.4,0.25,0.25,0.0,0.7322126547987615,0.7088921221322537,0.0233205326665078,0.6824928330233228,0.6500168870213467,0.03247594600197601
46,16,0,49,17,0,6,1364614.0,1359667.0,0.003638390870705842,0.05,0.0,0.0,0.0,0.11543240374762113,0.11752450980392155,0.002092106056300419,0.06185424530457101,0.08610930380042849,0.024255058495857476
46,16,0,49,17,0,6,1364614.0,1359667.0,0.003638390870705842,0.1,0.0,0.0,0.0,0.14824696237739715,0.21165382819794584,0.06340686582054869,0.08748862419149596,0.2017950831413792,0.11430645894988324
46,16,0,49,17,0,6,1364614.0,1359667.0,0.003638390870705842,0.2,0.0,0.0,0.0,0.31756988038957346,0.3324171335200747,0.014847253130501226,0.19566138586890977,0.31166639775790395,0.11600501188899418
46,16,0,49,17,0,6,1364614.0,1359667.0,0.003638390870705842,0.4,0.0,0.0,0.0,0.4404923058375744,0.4684932306255835,0.028000924788009085,0.2963262925144507,0.35494163073014645,0.058615338215695756
46,16,0,52,18,0,6,1364614.0,1371470.0,0.0050241313660859405,0.05,0.0,0.0,0.0,0.11543240374762113,0.09858597285067873,0.016846430896942405,0.06185424530457101,0.07684747547441267,0.014993230169841665
46,16,0,52,18,0,6,1364614.0,1371470.0,0.0050241313660859405,0.1,0.0,0.0,0.0,0.14824696237739715,0.16413084464555053,0.015883882268153376,0.08748862419149596,0.1351563542906124,0.04766773009911644
46,16,0,52,18,0,6,1364614.0,1371470.0,0.0050241313660859405,0.2,0.0,0.0,0.0,0.31756988038957346,0.24802889104359693,0.06954098934597652,0.19566138586890977,0.1815228096200987,0.014138576248811069
46,16,0,52,18,0,6,1364614.0,1371470.0,0.0050241313660859405,0.4,0.0,0.0,0.0,0.4404923058375744,0.46610689147453854,0.025614585636964116,0.2963262925144507,0.31818779508935224,0.021861502574901548
46,16,0,55,19,0,6,1364614.0,1362162.0,0.0018000795793745531,0.05,0.0,0.0,0.0,0.11543240374762113,0.08464105339105339,0.030791350356567743,0.06185424530457101,0.05993449144925397,0.0019197538553170426
46,16,0,55,19,0,6,1364614.0,1362162.0,0.0018000795793745531,0.1,0.0,0.0,0.0,0.14824696237739715,0.1090518278018278,0.03919513457556935,0.08748862419149596,0.08804841280418402,0.0005597886126880586
46,16,0,55,19,0,6,1364614.0,1362162.0,0.0018000795793745531,0.2,0.0,0.0,0.0,0.31756988038957346,0.2862501061030473,0.03131977428652616,0.19566138586890977,0.22268514157189803,0.02702375570298826
46,16,0,55,19,0,6,1364614.0,1362162.0,0.0018000795793745531,0.4,0.0,0.0,0.0,0.4404923058375744,0.4242733709645474,0.016218934873027002,0.2963262925144507,0.3235831975308268,0.02725690501637612
47,16,1,50,17,1,7,1405275.0,1410308.0,0.0035815053992990695,0.05,0.14285714285714285,0.0,0.14285714285714285,0.25132301273605623,0.07304421768707482,0.17827879504898142,0.2023553353520759,0.06337998395180733,0.13897535140026857
47,16,1,50,17,1,7,1405275.0,1410308.0,0.0035815053992990695,0.1,0.14285714285714285,0.14285714285714285,0.0,0.3143523746784616,0.3092236894757904,0.005128685202671235,0.25341328992963436,0.30934205636033374,0.055928766430699384
47,16,1,50,17,1,7,1405275.0,1410308.0,0.0035815053992990695,0.2,0.14285714285714285,0.14285714285714285,0.0,0.46680626137147874,0.4463935574229692,0.020412703948509525,0.34528154350753415,0.44015322511271343,0.09487168160517928
47,16,1,50,17,1,7,1405275.0,1410308.0,0.0035815053992990695,0.4,0.14285714285714285,0.14285714285714285,0.0,0.5847669238973587,0.6276110444177672,0.042844120520408424,0.49236558120453394,0.5725379032466139,0.08017232204207997
47,16,1,53,18,1,7,1405275.0,1422668.0,0.01237693689847183,0.05,0.14285714285714285,0.14285714285714285,0.0,0.25132301273605623,0.26088745214685066,0.009564439410794434,0.2023553353520759,0.23484630073239607,0.032490965380320175
47,16,1,53,18,1,7,1405275.0,1422668.0,0.01237693689847183,0.1,0.14285714285714285,0.14285714285714285,0.0,0.3143523746784616,0.2903842711173539,0.023968103561107734,0.25341328992963436,0.2728497963575233,0.019436506427888967
47,16,1,53,18,1,7,1405275.0,1422668.0,0.01237693689847183,0.2,0.14285714285714285,0.14285714285714285,0.0,0.46680626137147874,0.39489307868896545,0.07191318268251329,0.34528154350753415,0.3589751690676331,0.013693625560098954
47,16,1,53,18,1,7,1405275.0,1422668.0,0.01237693689847183,0.4,0.14285714285714285,0.14285714285714285,0.0,0.5847669238973587,0.5922056069391319,0.0074386830417731975,0.49236558120453394,0.5132425953037963,0.020877014099262403
47,16,1,56,19,1,7,1405275.0,1387081.0,0.01311675381610735,0.05,0.14285714285714285,0.14285714285714285,0.0,0.25132301273605623,0.21930272108843538,0.03202029164762085,0.2023553353520759,0.2011702561189622,0.0011850792331137006
47,16,1,56,19,1,7,1405275.0,1387081.0,0.01311675381610735,0.1,0.14285714285714285,0.14285714285714285,0.0,0.3143523746784616,0.2558106575963719,0.05854171708208972,0.25341328992963436,0.2347333299636303,0.01867995996600405
47,16,1,56,19,1,7,1405275.0,1387081.0,0.01311675381610735,0.2,0.14285714285714285,0.14285714285714285,0.0,0.46680626137147874,0.417922168867547,0.04888409250393172,0.34528154350753415,0.37294096311198494,0.027659419604450786
47,16,1,56,19,1,7,1405275.0,1387081.0,0.01311675381610735,0.4,0.14285714285714285,0.14285714285714285,0.0,0.5847669238973587,0.5673202614379085,0.017446662459450257,0.49236558120453394,0.47192031258544587,0.020445268619088075
48,16,2,54,18,2,8,1453803.0,1463329.0,0.006552469626214831,0.05,0.125,0.25,0.125,0.31285635409276713,0.3532765206284943,0.040420166535727164,0.28331198081620423,0.3304905131408465,0.04717853232464225
48,16,2,54,18,2,8,1453803.0,1463329.0,0.006552469626214831,0.1,0.25,0.25,0.0,0.40967371245903855,0.3983170064584538,0.011356706000584749,0.36487375139872347,0.3748231415762101,0.009949390177486639
48,16,2,54,18,2,8,1453803.0,1463329.0,0.006552469626214831,0.2,0.25,0.25,0.0,0.5269511059592582,0.5206405436668594,0.006310562292398791,0.4656490855220771,0.48556615489853944,0.019917069376462315
48,16,2,54,18,2,8,1453803.0,1463329.0,0.006552469626214831,0.4,0.25,0.25,0.0,0.7048692928448363,0.7088921221322537,0.004022829287417373,0.6605523549452259,0.6500168870213467,0.01053546792387916
48,16,2,57,19,2,8,1453803.0,1428930.0,0.017406730910541453,0.05,0.125,0.25,0.125,0.31285635409276713,0.31348079004329005,0.0006244359505229169,0.28331198081620423,0.28795703264573613,0.004645051829531899
48,16,2,57,19,2,8,1453803.0,1428930.0,0.017406730910541453,0.1,0.25,0.25,0.0,0.40967371245903855,0.3623286435786436,0.04734506888039497,0.36487375139872347,0.3521569674006251,0.012716783998098391
48,16,2,57,19,2,8,1453803.0,1428930.0,0.017406730910541453,0.2,0.25,0.25,0.0,0.5269511059592582,0.5113410894660895,0.015610016493168732,0.4656490855220771,0.4726512165189088,0.007002130996831668
48,16,2,57,19,2,8,1453803.0,1428930.0,0.017406730910541453,0.4,0.25,0.25,0.0,0.7048692928448363,0.6460137085137085,0.05885558433112781,0.6605523549452259,0.5689033882820436,0.09164896666318234
49,17,0,52,18,0,6,1359667.0,1371470.0,0.008680801990487376,0.05,0.0,0.0,0.0,0.11752450980392155,0.09858597285067873,0.018938536953242824,0.08610930380042849,0.07684747547441267,0.009261828326015811
49,17,0,52,18,0,6,1359667.0,1371470.0,0.008680801990487376,0.1,0.0,0.0,0.0,0.21165382819794584,0.16413084464555053,0.047522983552395315,0.2017950831413792,0.1351563542906124,0.0666387288507668
49,17,0,52,18,0,6,1359667.0,1371470.0,0.008680801990487376,0.2,0.0,0.0,0.0,0.3324171335200747,0.24802889104359693,0.08438824247647775,0.31166639775790395,0.1815228096200987,0.13014358813780524
49,17,0,52,18,0,6,1359667.0,1371470.0,0.008680801990487376,0.4,0.0,0.0,0.0,0.4684932306255835,0.46610689147453854,0.0023863391510449694,0.35494163073014645,0.31818779508935224,0.03675383564079421
49,17,0,55,19,0,6,1359667.0,1362162.0,0.0018350081306672884,0.05,0.0,0.0,0.0,0.11752450980392155,0.08464105339105339,0.03288345641286816,0.08610930380042849,0.05993449144925397,0.02617481235117452
49,17,0,55,19,0,6,1359667.0,1362162.0,0.0018350081306672884,0.1,0.0,0.0,0.0,0.21165382819794584,0.1090518278018278,0.10260200039611804,0.2017950831413792,0.08804841280418402,0.11374667033719518
49,17,0,55,19,0,6,1359667.0,1362162.0,0.0018350081306672884,0.2,0.0,0.0,0.0,0.3324171335200747,0.2862501061030473,0.046167027417027384,0.31166639775790395,0.22268514157189803,0.08898125618600591
49,17,0,55,19,0,6,1359667.0,1362162.0,0.0018350081306672884,0.4,0.0,0.0,0.0,0.4684932306255835,0.4242733709645474,0.04421985966103609,0.35494163073014645,0.3235831975308268,0.031358433199319635
50,17,1,53,18,1,7,1410308.0,1422668.0,0.008764043031734912,0.05,0.0,0.14285714285714285,0.14285714285714285,0.07304421768707482,0.26088745214685066,0.18784323445977585,0.06337998395180733,0.23484630073239607,0.17146631678058874
50,17,1,53,18,1,7,1410308.0,1422668.0,0.008764043031734912,0.1,0.14285714285714285,0.14285714285714285,0.0,0.3092236894757904,0.2903842711173539,0.0188394183584365,0.30934205636033374,0.2728497963575233,0.03649226000281042
50,17,1,53,18,1,7,1410308.0,1422668.0,0.008764043031734912,0.2,0.14285714285714285,0.14285714285714285,0.0,0.4463935574229692,0.39489307868896545,0.05150047873400376,0.44015322511271343,0.3589751690676331,0.08117805604508033
50,17,1,53,18,1,7,1410308.0,1422668.0,0.008764043031734912,0.4,0.14285714285714285,0.14285714285714285,0.0,0.6276110444177672,0.5922056069391319,0.03540543747863523,0.5725379032466139,0.5132425953037963,0.059295307942817566
50,17,1,56,19,1,7,1410308.0,1387081.0,0.016745236940020086,0.05,0.0,0.14285714285714285,0.14285714285714285,0.07304421768707482,0.21930272108843538,0.14625850340136054,0.06337998395180733,0.2011702561189622,0.13779027216715486
50,17,1,56,19,1,7,1410308.0,1387081.0,0.016745236940020086,0.1,0.14285714285714285,0.14285714285714285,0.0,0.3092236894757904,0.2558106575963719,0.05341303187941848,0.30934205636033374,0.2347333299636303,0.07460872639670343
50,17,1,56,19,1,7,1410308.0,1387081.0,0.016745236940020086,0.2,0.14285714285714285,0.14285714285714285,0.0,0.4463935574229692,0.417922168867547,0.028471388555422195,0.44015322511271343,0.37294096311198494,0.0672122620007285
50,17,1,56,19,1,7,1410308.0,1387081.0,0.016745236940020086,0.4,0.14285714285714285,0.14285714285714285,0.0,0.6276110444177672,0.5673202614379085,0.06029078297985868,0.5725379032466139,0.47192031258544587,0.10061759066116804
52,18,0,55,19,0,6,1371470.0,1362162.0,0.00683325478173668,0.05,0.0,0.0,0.0,0.09858597285067873,0.08464105339105339,0.013944919459625338,0.07684747547441267,0.05993449144925397,0.016912984025158707
52,18,0,55,19,0,6,1371470.0,1362162.0,0.00683325478173668,0.1,0.0,0.0,0.0,0.16413084464555053,0.1090518278018278,0.055079016843722725,0.1351563542906124,0.08804841280418402,0.047107941486428384
52,18,0,55,19,0,6,1371470.0,1362162.0,0.00683325478173668,0.2,0.0,0.0,0.0,0.24802889104359693,0.2862501061030473,0.038221215059450364,0.1815228096200987,0.22268514157189803,0.04116233195179933
52,18,0,55,19,0,6,1371470.0,1362162.0,0.00683325478173668,0.4,0.0,0.0,0.0,0.46610689147453854,0.4242733709645474,0.04183352050999112,0.31818779508935224,0.3235831975308268,0.005395402441474573
