{"city": "shanghai", "centre": [31.2304, 121.4737], "nodes": [[1890502815, 31.2304434, 121.473888, "DEPOT"], [6369165291, 31.215504, 121.4405265, "Baker & Spice"], [13871850579, 31.2043774, 121.4303703, "shop"], [638736481, 31.2379529, 121.4654209, "shop"], [265747573, 31.2811649, 121.4861448, "\u5168\u5bb6"], [12649819112, 31.2825276, 121.4212204, "\u4f18\u8863\u5e93"], [517777640, 31.2492495, 121.4527052, "shop"], [601669709, 31.2113903, 121.4549255, "\u50b2\u96c4\u53ee\u53ee"], [243843501, 31.1963492, 121.447876, "\u8f66\u4eab\u6c7d\u8f66\u751f\u6d3b\u5e7f\u573a"], [385113795, 31.2273078, 121.4928173, "\u5168\u5bb6"], [624787444, 31.2442947, 121.4670485, "shop"], [971168076, 31.2136747, 121.4732864, "\u5965\u4e50\u9f50"], [131349812, 31.2308946, 121.4467442, "shop"], [469888202, 31.2372869, 121.4469455, "\u5168\u5bb6"], [2412404188, 31.1897028, 121.4542716, "shop"], [9905601355, 31.2202649, 121.4700603, "shop"], [638736485, 31.2405178, 121.464544, "\u8054\u534e\u8d85\u5e02"], [1679025070, 31.195414, 121.4318127, "shop"], [9722149122, 31.2225255, 121.4346469, "\u89d2\u5546\u6c47\u5178\u5f53"], [267195122, 31.2371615, 121.4761819, "shop"], [602377783, 31.2323908, 121.5214397, "\u5fae\u8f6f"], [856909256, 31.210645, 121.4826425, "\u4e00\u70b9\u70b9"], [857585674, 31.2271545, 121.4363534, "shop"], [156261881, 31.2407149, 121.4439049, "shop"], [603837310, 31.2019309, 121.481189, "shop"], [559817989, 31.2543191, 121.5049664, "shop"], [475975643, 31.2290446, 121.4861989, "\u8001\u5e99\u9ec4\u91d1"], [9808125077, 31.234842, 121.4618744, "shop"], [267197609, 31.2719893, 121.5105232, "shop"], [773662896, 31.2281566, 121.488503, "shop"], [602360474, 31.2319411, 121.5108612, "\u5168\u5bb6"], [477628417, 31.2390106, 121.4753737, "\u5168\u5bb6"], [856908626, 31.193962, 121.4373371, "\u4e0a\u6d77\u76ae\u978b\u5382"], [618749465, 31.2423456, 121.4330595, "\u7ecf\u7eac\u65f6\u5c1a\u5e7f\u573a"], [601661132, 31.2139737, 121.4713139, "shop"], [618745491, 31.2279896, 121.4453794, "Cinnaswirl STB Spread the Bagel"], [7118978996, 31.2099255, 121.4658877, "Feiyue"], [1314685710, 31.2389372, 121.4778341, "\u8521\u540c\u5fb7\u5802"], [1893030171, 31.18698, 121.5138527, "\u519c\u5de5\u5546\u5965\u7279\u83b1\u65af"], [858404226, 31.2103531, 121.4572091, "\u6c49\u6e90\u4e66\u5e97"], [1448905863, 31.2431831, 121.4311327, "\u5168\u5bb6"], [103781049, 31.2413209, 121.4855411, "Swatch"], [130022540, 31.2229349, 121.4495239, "shop"], [385113791, 31.2273853, 121.4909629, "\u8499\u8fea\u9e7f\u738b\u7f8a\u7ed2\u5de5\u5382\u5e97"], [109425491, 31.2166922, 121.4604706, "shop"], [4691879870, 31.2540489, 121.5280362, "\u5168\u5bb6"], [477568284, 31.2305194, 121.4668043, "Yu Massage"], [93792925, 31.2312822, 121.5113321, "shop"], [103781196, 31.2414928, 121.4835939, "\u540d\u521b\u4f18\u54c1"], [843042336, 31.218923, 121.4173561, "\u5168\u5bb6"], [265738938, 31.2618373, 121.4952415, "\u7f57\u68ee"], [5390742157, 31.2594053, 121.4882739, "\u597d\u5fb7"], [477593106, 31.2353992, 121.4646125, "shop"], [78627019, 31.2286284, 121.4484501, "Cartier"], [483159211, 31.2705143, 121.4772217, "\u8679\u53e3\u7cd5\u56e2\u98df\u54c1\u5382"], [651011929, 31.2744618, 121.4615716, "\u5473\u591a\u7f8e"], [9776973406, 31.2091671, 121.4625407, "Feiyue"], [601675075, 31.2061693, 121.4510109, "shop"], [475428856, 31.2818829, 121.4198136, "\u7406\u60f3"], [469886976, 31.2334317, 121.437348, "shop"], [479302873, 31.2255394, 121.4708644, "Victoria's Secret"], [554174238, 31.2311731, 121.4362098, "\u9762\u5305\u65b0\u8bed"], [483103362, 31.2133636, 121.4773992, "\u949c\u660c\u5178\u5f53"], [601675077, 31.2069671, 121.4535322, "Bread etc"], [747593344, 31.1803187, 121.5294494, "\u540d\u521b\u4f18\u54c1"], [469887249, 31.2312796, 121.4419916, "\u5168\u5bb6"], [483103066, 31.2135207, 121.4786496, "\u7f8a\u7ed2\u4e16\u5bb6"], [600487399, 31.2220421, 121.4531638, "\u90ed\u8bb8"], [2822040271, 31.2174595, 121.4407119, "Le Vin"], [622622429, 31.2088472, 121.480181, "\u56de\u6536\u73e0\u5b9d\u540d\u5305"], [994212309, 31.2080179, 121.4346195, "La Farine"], [64849276, 31.2328795, 121.4575502, "DS World"], [1490096863, 31.2300897, 121.4473442, "shop"], [994212529, 31.2122203, 121.4247635, "\u65e9\u5b89\u5df4\u9ece"], [6360292379, 31.2179548, 121.4435966, "shop"], [618745434, 31.2263977, 121.4409255, "Kimberlite Diamond"], [5658751868, 31.2192843, 121.423363, "\u4e00\u9999\u840c\u5ba0\u7269"], [76482085, 31.2182139, 121.4704602, "shop"], [603172147, 31.181582, 121.516334, "\u5df4\u9ece\u8d1d\u751c"], [601669706, 31.2091424, 121.4502207, "\u7f57\u68ee"], [726711357, 31.2373264, 121.4158695, "shop"], [1803562530, 31.2181653, 121.5274726, "\u5168\u5bb6"], [623410149, 31.2002502, 121.4677533, "Market and street food"], [640198396, 31.2199376, 121.4113612, "Zara"], [552679267, 31.2203882, 121.4536832, "Liv Tyler"], [267198231, 31.2383684, 121.4797257, "\u4f18\u8863\u5e93"], [651011945, 31.2672252, 121.4632716, "\u5473\u591a\u7f8e"], [9776973408, 31.2072278, 121.4630064, "shop"], [109425203, 31.2129153, 121.4614703, "\u5168\u5bb6"], [495771302, 31.2365157, 121.4996412, "shop"], [994212278, 31.210337, 121.426658, "Uptown Records"], [1718975200, 31.2099947, 121.5153957, "\u5df4\u9ece\u6625\u5929"], [483090542, 31.2204121, 121.4821051, "shop"], [622624180, 31.1963037, 121.4360017, "\u5c71\u6797\u719f\u98df"], [1871670585, 31.2706057, 121.4546615, "\u5168\u5bb6"], [2483436130, 31.2761404, 121.4471958, "\u5df4\u9ece\u8d1d\u751c"], [640008163, 31.240483, 121.4537551, "Pedal House"], [602334140, 31.2332804, 121.48616, "\u5168\u5bb6"], [469887442, 31.2343777, 121.4440774, "\u5168\u5bb6"], [1881822817, 31.2683227, 121.5109085, "\u8bda\u4fe1\u70df\u9152\u8d85\u5e02"], [850261339, 31.2405419, 121.4770812, "shop"]]}