plan_id,seed,split_level,K,distance,delta_frac,lost_route_idx,lost_route_len,lost_route_cost,lost_workload,fully_absorbable,extra_units,max_absorbed_customers,absorbed_customer_frac,max_absorbed_workload,absorbed_workload_frac,min_full_absorption_delta,feasible_block_insertions,lost_route
0,0,0,6,1371997.0,0.05,0,22,257613.0,199.59999999999997,0,1,2,0.09090909090909091,16.6,0.08316633266533069,,4,96 4 22 36 28 38 34 6 45 97 14 9 27 56 50 58 62 21 66 15 3 19
0,0,0,6,1371997.0,0.05,1,17,280453.0,212.1,0,1,0,0.0,0.0,0.0,,0,76 26 46 17 68 64 39 24 100 49 82 41 51 79 35 70 2
0,0,0,6,1371997.0,0.05,2,16,269371.0,225.60000000000002,0,1,1,0.0625,11.600000000000001,0.051418439716312055,,1,33 89 69 93 74 31 25 63 67 87 83 78 18 88 90 54
0,0,0,6,1371997.0,0.05,3,15,148538.0,217.09999999999997,0,1,2,0.13333333333333333,26.799999999999997,0.12344541685859052,,5,80 8 20 29 32 91 42 75 85 59 55 60 48 1 16
0,0,0,6,1371997.0,0.05,4,16,216967.0,200.8,0,1,1,0.0625,9.9,0.04930278884462151,,5,40 77 10 81 13 99 44 95 73 47 84 12 23 61 43 7
0,0,0,6,1371997.0,0.05,5,14,199055.0,160.09999999999997,0,1,2,0.14285714285714285,22.7,0.1417863835103061,,4,72 57 71 53 92 98 11 52 37 5 30 65 94 86
0,0,0,6,1371997.0,0.1,0,22,257613.0,199.59999999999997,0,1,3,0.13636363636363635,20.700000000000003,0.10370741482965935,,18,96 4 22 36 28 38 34 6 45 97 14 9 27 56 50 58 62 21 66 15 3 19
0,0,0,6,1371997.0,0.1,1,17,280453.0,212.1,0,1,0,0.0,0.0,0.0,,0,76 26 46 17 68 64 39 24 100 49 82 41 51 79 35 70 2
0,0,0,6,1371997.0,0.1,2,16,269371.0,225.60000000000002,0,1,2,0.125,40.8,0.1808510638297872,,5,33 89 69 93 74 31 25 63 67 87 83 78 18 88 90 54
0,0,0,6,1371997.0,0.1,3,15,148538.0,217.09999999999997,0,1,6,0.4,87.10000000000001,0.40119760479041927,,21,80 8 20 29 32 91 42 75 85 59 55 60 48 1 16
0,0,0,6,1371997.0,0.1,4,16,216967.0,200.8,0,1,2,0.125,5.4,0.026892430278884463,,7,40 77 10 81 13 99 44 95 73 47 84 12 23 61 43 7
0,0,0,6,1371997.0,0.1,5,14,199055.0,160.09999999999997,0,1,5,0.35714285714285715,35.0,0.21861336664584638,,12,72 57 71 53 92 98 11 52 37 5 30 65 94 86
0,0,0,6,1371997.0,0.2,0,22,257613.0,199.59999999999997,0,1,5,0.22727272727272727,29.1,0.1457915831663327,,32,96 4 22 36 28 38 34 6 45 97 14 9 27 56 50 58 62 21 66 15 3 19
0,0,0,6,1371997.0,0.2,1,17,280453.0,212.1,0,1,3,0.17647058823529413,22.5,0.10608203677510608,,10,76 26 46 17 68 64 39 24 100 49 82 41 51 79 35 70 2
0,0,0,6,1371997.0,0.2,2,16,269371.0,225.60000000000002,0,1,6,0.375,93.5,0.414450354609929,,18,33 89 69 93 74 31 25 63 67 87 83 78 18 88 90 54
0,0,0,6,1371997.0,0.2,3,15,148538.0,217.09999999999997,0,1,8,0.5333333333333333,93.7,0.43159834177798256,,50,80 8 20 29 32 91 42 75 85 59 55 60 48 1 16
0,0,0,6,1371997.0,0.2,4,16,216967.0,200.8,0,1,4,0.25,24.200000000000003,0.1205179282868526,,12,40 77 10 81 13 99 44 95 73 47 84 12 23 61 43 7
0,0,0,6,1371997.0,0.2,5,14,199055.0,160.09999999999997,0,1,5,0.35714285714285715,35.0,0.21861336664584638,,20,72 57 71 53 92 98 11 52 37 5 30 65 94 86
0,0,0,6,1371997.0,0.4,0,22,257613.0,199.59999999999997,0,1,9,0.4090909090909091,70.1,0.3512024048096193,,70,96 4 22 36 28 38 34 6 45 97 14 9 27 56 50 58 62 21 66 15 3 19
0,0,0,6,1371997.0,0.4,1,17,280453.0,212.1,0,1,7,0.4117647058823529,84.4,0.39792550683639794,,40,76 26 46 17 68 64 39 24 100 49 82 41 51 79 35 70 2
0,0,0,6,1371997.0,0.4,2,16,269371.0,225.60000000000002,0,1,9,0.5625,94.0,0.41666666666666663,,71,33 89 69 93 74 31 25 63 67 87 83 78 18 88 90 54
0,0,0,6,1371997.0,0.4,3,15,148538.0,217.09999999999997,0,1,9,0.6,88.2,0.4062643942883465,,84,80 8 20 29 32 91 42 75 85 59 55 60 48 1 16
0,0,0,6,1371997.0,0.4,4,16,216967.0,200.8,0,1,7,0.4375,78.7,0.39193227091633465,,37,40 77 10 81 13 99 44 95 73 47 84 12 23 61 43 7
0,0,0,6,1371997.0,0.4,5,14,199055.0,160.09999999999997,0,1,5,0.35714285714285715,36.4,0.22735790131168024,,24,72 57 71 53 92 98 11 52 37 5 30 65 94 86
1,0,1,7,1422931.0,0.05,0,1,50934.0,11.100000000000001,1,0,1,1.0,11.100000000000001,1.0,0.0,2,96
1,0,1,7,1422931.0,0.05,1,21,257613.0,188.5,0,1,1,0.047619047619047616,5.5,0.029177718832891247,,2,4 22 36 28 38 34 6 45 97 14 9 27 56 50 58 62 21 66 15 3 19
1,0,1,7,1422931.0,0.05,2,17,280453.0,212.1,0,1,0,0.0,0.0,0.0,,0,76 26 46 17 68 64 39 24 100 49 82 41 51 79 35 70 2
1,0,1,7,1422931.0,0.05,3,16,269371.0,225.60000000000002,0,1,1,0.0625,11.600000000000001,0.051418439716312055,,1,33 89 69 93 74 31 25 63 67 87 83 78 18 88 90 54
1,0,1,7,1422931.0,0.05,4,15,148538.0,217.09999999999997,0,1,3,0.2,41.199999999999996,0.1897742975587287,,7,80 8 20 29 32 91 42 75 85 59 55 60 48 1 16
1,0,1,7,1422931.0,0.05,5,16,216967.0,200.8,0,1,2,0.125,18.4,0.09163346613545816,,8,40 77 10 81 13 99 44 95 73 47 84 12 23 61 43 7
1,0,1,7,1422931.0,0.05,6,14,199055.0,160.09999999999997,0,1,3,0.21428571428571427,33.9,0.21174266083697693,,7,72 57 71 53 92 98 11 52 37 5 30 65 94 86
1,0,1,7,1422931.0,0.1,0,1,50934.0,11.100000000000001,1,0,1,1.0,11.100000000000001,1.0,0.0,2,96
1,0,1,7,1422931.0,0.1,1,21,257613.0,188.5,0,1,3,0.14285714285714285,18.1,0.0960212201591512,,15,4 22 36 28 38 34 6 45 97 14 9 27 56 50 58 62 21 66 15 3 19
1,0,1,7,1422931.0,0.1,2,17,280453.0,212.1,0,1,0,0.0,0.0,0.0,,0,76 26 46 17 68 64 39 24 100 49 82 41 51 79 35 70 2
1,0,1,7,1422931.0,0.1,3,16,269371.0,225.60000000000002,0,1,3,0.1875,48.699999999999996,0.2158687943262411,,7,33 89 69 93 74 31 25 63 67 87 83 78 18 88 90 54
1,0,1,7,1422931.0,0.1,4,15,148538.0,217.09999999999997,0,1,6,0.4,94.30000000000001,0.4343620451404884,,25,80 8 20 29 32 91 42 75 85 59 55 60 48 1 16
1,0,1,7,1422931.0,0.1,5,16,216967.0,200.8,0,1,3,0.1875,21.700000000000003,0.10806772908366534,,16,40 77 10 81 13 99 44 95 73 47 84 12 23 61 43 7
1,0,1,7,1422931.0,0.1,6,14,199055.0,160.09999999999997,0,1,6,0.42857142857142855,50.0,0.31230480949406625,,18,72 57 71 53 92 98 11 52 37 5 30 65 94 86
1,0,1,7,1422931.0,0.2,0,1,50934.0,11.100000000000001,1,0,1,1.0,11.100000000000001,1.0,0.0,2,96
1,0,1,7,1422931.0,0.2,1,21,257613.0,188.5,0,1,6,0.2857142857142857,31.0,0.16445623342175067,,30,4 22 36 28 38 34 6 45 97 14 9 27 56 50 58 62 21 66 15 3 19
1,0,1,7,1422931.0,0.2,2,17,280453.0,212.1,0,1,4,0.23529411764705882,35.8,0.16878830740216877,,15,76 26 46 17 68 64 39 24 100 49 82 41 51 79 35 70 2
1,0,1,7,1422931.0,0.2,3,16,269371.0,225.60000000000002,0,1,7,0.4375,100.80000000000001,0.44680851063829785,,23,33 89 69 93 74 31 25 63 67 87 83 78 18 88 90 54
1,0,1,7,1422931.0,0.2,4,15,148538.0,217.09999999999997,0,1,8,0.5333333333333333,100.9,0.46476278212805167,,59,80 8 20 29 32 91 42 75 85 59 55 60 48 1 16
1,0,1,7,1422931.0,0.2,5,16,216967.0,200.8,0,1,6,0.375,49.0,0.2440239043824701,,28,40 77 10 81 13 99 44 95 73 47 84 12 23 61 43 7
1,0,1,7,1422931.0,0.2,6,14,199055.0,160.09999999999997,0,1,6,0.42857142857142855,50.0,0.31230480949406625,,29,72 57 71 53 92 98 11 52 37 5 30 65 94 86
1,0,1,7,1422931.0,0.4,0,1,50934.0,11.100000000000001,1,0,1,1.0,11.100000000000001,1.0,0.0,3,96
1,0,1,7,1422931.0,0.4,1,21,257613.0,188.5,0,1,10,0.47619047619047616,77.4,0.41061007957559686,,72,4 22 36 28 38 34 6 45 97 14 9 27 56 50 58 62 21 66 15 3 19
1,0,1,7,1422931.0,0.4,2,17,280453.0,212.1,0,1,7,0.4117647058823529,87.4,0.4120697784064121,,49,76 26 46 17 68 64 39 24 100 49 82 41 51 79 35 70 2
1,0,1,7,1422931.0,0.4,3,16,269371.0,225.60000000000002,0,1,9,0.5625,106.80000000000001,0.4734042553191489,,79,33 89 69 93 74 31 25 63 67 87 83 78 18 88 90 54
1,0,1,7,1422931.0,0.4,4,15,148538.0,217.09999999999997,0,1,13,0.8666666666666667,179.5,0.826807922616306,,106,80 8 20 29 32 91 42 75 85 59 55 60 48 1 16
1,0,1,7,1422931.0,0.4,5,16,216967.0,200.8,0,1,9,0.5625,104.60000000000001,0.5209163346613546,,59,40 77 10 81 13 99 44 95 73 47 84 12 23 61 43 7
1,0,1,7,1422931.0,0.4,6,14,199055.0,160.09999999999997,0,1,6,0.42857142857142855,63.0,0.3935040599625235,,36,72 57 71 53 92 98 11 52 37 5 30 65 94 86
2,0,2,8,1474722.0,0.05,0,1,50934.0,11.100000000000001,1,0,1,1.0,11.100000000000001,1.0,0.0,2,96
2,0,2,8,1474722.0,0.05,1,20,254708.0,185.8,0,1,1,0.05,5.5,0.02960172228202368,,2,4 22 36 28 38 34 6 45 97 14 9 27 56 50 58 62 21 66 15 3
2,0,2,8,1474722.0,0.05,2,1,54696.0,2.7,1,0,1,1.0,2.7,1.0,2905.0,1,19
2,0,2,8,1474722.0,0.05,3,17,280453.0,212.1,0,1,0,0.0,0.0,0.0,,0,76 26 46 17 68 64 39 24 100 49 82 41 51 79 35 70 2
2,0,2,8,1474722.0,0.05,4,16,269371.0,225.60000000000002,0,1,2,0.125,23.5,0.10416666666666666,,3,33 89 69 93 74 31 25 63 67 87 83 78 18 88 90 54
2,0,2,8,1474722.0,0.05,5,15,148538.0,217.09999999999997,0,1,4,0.26666666666666666,43.9,0.20221096269000463,,10,80 8 20 29 32 91 42 75 85 59 55 60 48 1 16
2,0,2,8,1474722.0,0.05,6,16,216967.0,200.8,0,1,2,0.125,18.4,0.09163346613545816,,8,40 77 10 81 13 99 44 95 73 47 84 12 23 61 43 7
2,0,2,8,1474722.0,0.05,7,14,199055.0,160.09999999999997,0,1,3,0.21428571428571427,33.9,0.21174266083697693,,8,72 57 71 53 92 98 11 52 37 5 30 65 94 86
2,0,2,8,1474722.0,0.1,0,1,50934.0,11.100000000000001,1,0,1,1.0,11.100000000000001,1.0,0.0,2,96
2,0,2,8,1474722.0,0.1,1,20,254708.0,185.8,0,1,2,0.1,15.4,0.08288482238966631,,12,4 22 36 28 38 34 6 45 97 14 9 27 56 50 58 62 21 66 15 3
2,0,2,8,1474722.0,0.1,2,1,54696.0,2.7,1,0,1,1.0,2.7,1.0,2905.0,2,19
2,0,2,8,1474722.0,0.1,3,17,280453.0,212.1,0,1,0,0.0,0.0,0.0,,0,76 26 46 17 68 64 39 24 100 49 82 41 51 79 35 70 2
2,0,2,8,1474722.0,0.1,4,16,269371.0,225.60000000000002,0,1,3,0.1875,48.699999999999996,0.2158687943262411,,7,33 89 69 93 74 31 25 63 67 87 83 78 18 88 90 54
2,0,2,8,1474722.0,0.1,5,15,148538.0,217.09999999999997,0,1,7,0.4666666666666667,101.5,0.4675264854905574,,27,80 8 20 29 32 91 42 75 85 59 55 60 48 1 16
2,0,2,8,1474722.0,0.1,6,16,216967.0,200.8,0,1,3,0.1875,21.700000000000003,0.10806772908366534,,16,40 77 10 81 13 99 44 95 73 47 84 12 23 61 43 7
2,0,2,8,1474722.0,0.1,7,14,199055.0,160.09999999999997,0,1,6,0.42857142857142855,50.0,0.31230480949406625,,20,72 57 71 53 92 98 11 52 37 5 30 65 94 86
2,0,2,8,1474722.0,0.2,0,1,50934.0,11.100000000000001,1,0,1,1.0,11.100000000000001,1.0,0.0,3,96
2,0,2,8,1474722.0,0.2,1,20,254708.0,185.8,0,1,6,0.3,36.4,0.1959095801937567,,27,4 22 36 28 38 34 6 45 97 14 9 27 56 50 58 62 21 66 15 3
2,0,2,8,1474722.0,0.2,2,1,54696.0,2.7,1,0,1,1.0,2.7,1.0,2905.0,4,19
2,0,2,8,1474722.0,0.2,3,17,280453.0,212.1,0,1,4,0.23529411764705882,35.8,0.16878830740216877,,15,76 26 46 17 68 64 39 24 100 49 82 41 51 79 35 70 2
2,0,2,8,1474722.0,0.2,4,16,269371.0,225.60000000000002,0,1,7,0.4375,105.1,0.46586879432624106,,24,33 89 69 93 74 31 25 63 67 87 83 78 18 88 90 54
2,0,2,8,1474722.0,0.2,5,15,148538.0,217.09999999999997,0,1,10,0.6666666666666666,149.1,0.6867802855826809,,64,80 8 20 29 32 91 42 75 85 59 55 60 48 1 16
2,0,2,8,1474722.0,0.2,6,16,216967.0,200.8,0,1,6,0.375,56.599999999999994,0.28187250996015933,,30,40 77 10 81 13 99 44 95 73 47 84 12 23 61 43 7
2,0,2,8,1474722.0,0.2,7,14,199055.0,160.09999999999997,0,1,7,0.5,65.4,0.40849469081823875,,34,72 57 71 53 92 98 11 52 37 5 30 65 94 86
2,0,2,8,1474722.0,0.4,0,1,50934.0,11.100000000000001,1,0,1,1.0,11.100000000000001,1.0,0.0,4,96
2,0,2,8,1474722.0,0.4,1,20,254708.0,185.8,0,1,9,0.45,74.7,0.40204520990312165,,63,4 22 36 28 38 34 6 45 97 14 9 27 56 50 58 62 21 66 15 3
2,0,2,8,1474722.0,0.4,2,1,54696.0,2.7,1,0,1,1.0,2.7,1.0,2905.0,6,19
2,0,2,8,1474722.0,0.4,3,17,280453.0,212.1,0,1,7,0.4117647058823529,93.9,0.44271570014144274,,50,76 26 46 17 68 64 39 24 100 49 82 41 51 79 35 70 2
2,0,2,8,1474722.0,0.4,4,16,269371.0,225.60000000000002,0,1,10,0.625,129.9,0.5757978723404255,,83,33 89 69 93 74 31 25 63 67 87 83 78 18 88 90 54
2,0,2,8,1474722.0,0.4,5,15,148538.0,217.09999999999997,1,0,15,1.0,217.09999999999997,1.0,180632.0,130,80 8 20 29 32 91 42 75 85 59 55 60 48 1 16
2,0,2,8,1474722.0,0.4,6,16,216967.0,200.8,0,1,10,0.625,121.50000000000001,0.6050796812749004,,66,40 77 10 81 13 99 44 95 73 47 84 12 23 61 43 7
2,0,2,8,1474722.0,0.4,7,14,199055.0,160.09999999999997,0,1,8,0.5714285714285714,72.5,0.4528419737663961,,45,72 57 71 53 92 98 11 52 37 5 30 65 94 86
3,1,0,6,1368718.0,0.05,0,21,301836.0,203.49999999999997,0,1,0,0.0,0.0,0.0,,0,99 44 95 47 73 38 6 34 28 45 97 14 9 27 56 50 58 62 21 66 19
3,1,0,6,1368718.0,0.05,1,13,251669.0,178.6,0,1,1,0.07692307692307693,15.0,0.083986562150056,,2,76 39 24 100 49 82 41 51 79 35 70 2 72
3,1,0,6,1368718.0,0.05,2,16,269371.0,225.60000000000002,0,1,1,0.0625,11.899999999999999,0.052748226950354596,,2,33 89 69 93 74 31 25 63 67 87 83 78 18 88 90 54
3,1,0,6,1368718.0,0.05,3,16,171344.0,195.0,0,1,4,0.25,23.200000000000003,0.11897435897435898,,9,80 20 8 64 68 17 46 26 13 81 10 23 61 43 7 96
3,1,0,6,1368718.0,0.05,4,17,153148.0,194.6,0,1,3,0.17647058823529413,19.5,0.10020554984583761,,7,40 77 12 84 36 22 4 15 3 60 48 55 59 1 85 75 42
3,1,0,6,1368718.0,0.05,5,17,221350.0,218.0,0,1,2,0.11764705882352941,18.9,0.08669724770642201,,6,16 91 57 71 53 92 98 11 52 37 5 30 29 65 32 94 86
3,1,0,6,1368718.0,0.1,0,21,301836.0,203.49999999999997,0,1,1,0.047619047619047616,2.7,0.013267813267813271,,2,99 44 95 47 73 38 6 34 28 45 97 14 9 27 56 50 58 62 21 66 19
3,1,0,6,1368718.0,0.1,1,13,251669.0,178.6,0,1,2,0.15384615384615385,28.8,0.1612541993281075,,3,76 39 24 100 49 82 41 51 79 35 70 2 72
3,1,0,6,1368718.0,0.1,2,16,269371.0,225.60000000000002,0,1,3,0.1875,27.499999999999996,0.12189716312056735,,7,33 89 69 93 74 31 25 63 67 87 83 78 18 88 90 54
3,1,0,6,1368718.0,0.1,3,16,171344.0,195.0,0,1,7,0.4375,59.5,0.30512820512820515,,23,80 20 8 64 68 17 46 26 13 81 10 23 61 43 7 96
3,1,0,6,1368718.0,0.1,4,17,153148.0,194.6,0,1,5,0.29411764705882354,37.0,0.19013360739979446,,21,40 77 12 84 36 22 4 15 3 60 48 55 59 1 85 75 42
3,1,0,6,1368718.0,0.1,5,17,221350.0,218.0,0,1,8,0.47058823529411764,66.89999999999999,0.3068807339449541,,40,16 91 57 71 53 92 98 11 52 37 5 30 29 65 32 94 86
3,1,0,6,1368718.0,0.2,0,21,301836.0,203.49999999999997,0,1,4,0.19047619047619047,39.6,0.19459459459459463,,17,99 44 95 47 73 38 6 34 28 45 97 14 9 27 56 50 58 62 21 66 19
3,1,0,6,1368718.0,0.2,1,13,251669.0,178.6,0,1,2,0.15384615384615385,28.8,0.1612541993281075,,4,76 39 24 100 49 82 41 51 79 35 70 2 72
3,1,0,6,1368718.0,0.2,2,16,269371.0,225.60000000000002,0,1,4,0.25,45.099999999999994,0.19991134751773046,,14,33 89 69 93 74 31 25 63 67 87 83 78 18 88 90 54
3,1,0,6,1368718.0,0.2,3,16,171344.0,195.0,0,1,8,0.5,64.39999999999999,0.3302564102564102,,54,80 20 8 64 68 17 46 26 13 81 10 23 61 43 7 96
3,1,0,6,1368718.0,0.2,4,17,153148.0,194.6,0,1,8,0.47058823529411764,73.6,0.3782117163412127,,52,40 77 12 84 36 22 4 15 3 60 48 55 59 1 85 75 42
3,1,0,6,1368718.0,0.2,5,17,221350.0,218.0,0,1,9,0.5294117647058824,93.6,0.4293577981651376,,73,16 91 57 71 53 92 98 11 52 37 5 30 29 65 32 94 86
3,1,0,6,1368718.0,0.4,0,21,301836.0,203.49999999999997,0,1,10,0.47619047619047616,82.6,0.40589680589680593,,90,99 44 95 47 73 38 6 34 28 45 97 14 9 27 56 50 58 62 21 66 19
3,1,0,6,1368718.0,0.4,1,13,251669.0,178.6,0,1,4,0.3076923076923077,45.3,0.2536394176931691,,10,76 39 24 100 49 82 41 51 79 35 70 2 72
3,1,0,6,1368718.0,0.4,2,16,269371.0,225.60000000000002,0,1,9,0.5625,88.69999999999999,0.39317375886524814,,59,33 89 69 93 74 31 25 63 67 87 83 78 18 88 90 54
3,1,0,6,1368718.0,0.4,3,16,171344.0,195.0,0,1,8,0.5,75.60000000000001,0.3876923076923077,,78,80 20 8 64 68 17 46 26 13 81 10 23 61 43 7 96
3,1,0,6,1368718.0,0.4,4,17,153148.0,194.6,0,1,10,0.5882352941176471,86.4,0.4439876670092498,,105,40 77 12 84 36 22 4 15 3 60 48 55 59 1 85 75 42
3,1,0,6,1368718.0,0.4,5,17,221350.0,218.0,0,1,10,0.5882352941176471,88.79999999999998,0.4073394495412843,,86,16 91 57 71 53 92 98 11 52 37 5 30 29 65 32 94 86
4,1,1,7,1419359.0,0.05,0,21,300248.0,211.89999999999998,0,1,1,0.047619047619047616,11.100000000000001,0.05238319962246344,,2,99 44 95 47 73 38 6 34 28 45 97 14 9 27 56 50 58 62 21 66 96
4,1,1,7,1419359.0,0.05,1,1,54696.0,2.7,0,1,0,0.0,0.0,0.0,,0,19
4,1,1,7,1419359.0,0.05,2,13,251669.0,178.6,0,1,1,0.07692307692307693,15.0,0.083986562150056,,3,76 39 24 100 49 82 41 51 79 35 70 2 72
4,1,1,7,1419359.0,0.05,3,16,269371.0,225.60000000000002,0,1,1,0.0625,11.899999999999999,0.052748226950354596,,2,33 89 69 93 74 31 25 63 67 87 83 78 18 88 90 54
4,1,1,7,1419359.0,0.05,4,15,168877.0,183.90000000000003,0,1,2,0.13333333333333333,8.7,0.047308319738988566,,4,80 20 8 64 68 17 46 26 13 81 10 23 61 43 7
4,1,1,7,1419359.0,0.05,5,17,153148.0,194.6,0,1,1,0.058823529411764705,8.9,0.04573484069886948,,2,40 77 12 84 36 22 4 15 3 60 48 55 59 1 85 75 42
4,1,1,7,1419359.0,0.05,6,17,221350.0,218.0,0,1,2,0.11764705882352941,18.9,0.08669724770642201,,6,16 91 57 71 53 92 98 11 52 37 5 30 29 65 32 94 86
4,1,1,7,1419359.0,0.1,0,21,300248.0,211.89999999999998,0,1,1,0.047619047619047616,11.100000000000001,0.05238319962246344,,2,99 44 95 47 73 38 6 34 28 45 97 14 9 27 56 50 58 62 21 66 96
4,1,1,7,1419359.0,0.1,1,1,54696.0,2.7,1,0,1,1.0,2.7,1.0,8529.0,2,19
4,1,1,7,1419359.0,0.1,2,13,251669.0,178.6,0,1,2,0.15384615384615385,28.8,0.1612541993281075,,4,76 39 24 100 49 82 41 51 79 35 70 2 72
4,1,1,7,1419359.0,0.1,3,16,269371.0,225.60000000000002,0,1,2,0.125,19.799999999999997,0.08776595744680848,,5,33 89 69 93 74 31 25 63 67 87 83 78 18 88 90 54
4,1,1,7,1419359.0,0.1,4,15,168877.0,183.90000000000003,0,1,5,0.3333333333333333,54.1,0.29418162044589447,,17,80 20 8 64 68 17 46 26 13 81 10 23 61 43 7
4,1,1,7,1419359.0,0.1,5,17,153148.0,194.6,0,1,3,0.17647058823529413,24.700000000000003,0.12692702980472767,,11,40 77 12 84 36 22 4 15 3 60 48 55 59 1 85 75 42
4,1,1,7,1419359.0,0.1,6,17,221350.0,218.0,0,1,8,0.47058823529411764,90.8,0.4165137614678899,,36,16 91 57 71 53 92 98 11 52 37 5 30 29 65 32 94 86
4,1,1,7,1419359.0,0.2,0,21,300248.0,211.89999999999998,0,1,4,0.19047619047619047,48.0,0.22652194431335537,,16,99 44 95 47 73 38 6 34 28 45 97 14 9 27 56 50 58 62 21 66 96
4,1,1,7,1419359.0,0.2,1,1,54696.0,2.7,1,0,1,1.0,2.7,1.0,8529.0,4,19
4,1,1,7,1419359.0,0.2,2,13,251669.0,178.6,0,1,2,0.15384615384615385,28.8,0.1612541993281075,,5,76 39 24 100 49 82 41 51 79 35 70 2 72
4,1,1,7,1419359.0,0.2,3,16,269371.0,225.60000000000002,0,1,2,0.125,29.5,0.1307624113475177,,9,33 89 69 93 74 31 25 63 67 87 83 78 18 88 90 54
4,1,1,7,1419359.0,0.2,4,15,168877.0,183.90000000000003,0,1,7,0.4666666666666667,45.39999999999999,0.24687330070690583,,45,80 20 8 64 68 17 46 26 13 81 10 23 61 43 7
4,1,1,7,1419359.0,0.2,5,17,153148.0,194.6,0,1,7,0.4117647058823529,76.7,0.39414182939362796,,51,40 77 12 84 36 22 4 15 3 60 48 55 59 1 85 75 42
4,1,1,7,1419359.0,0.2,6,17,221350.0,218.0,0,1,10,0.5882352941176471,134.60000000000002,0.6174311926605506,,75,16 91 57 71 53 92 98 11 52 37 5 30 29 65 32 94 86
4,1,1,7,1419359.0,0.4,0,21,300248.0,211.89999999999998,0,1,10,0.47619047619047616,88.4,0.41717791411042954,,89,99 44 95 47 73 38 6 34 28 45 97 14 9 27 56 50 58 62 21 66 96
4,1,1,7,1419359.0,0.4,1,1,54696.0,2.7,1,0,1,1.0,2.7,1.0,8529.0,4,19
4,1,1,7,1419359.0,0.4,2,13,251669.0,178.6,0,1,3,0.23076923076923078,51.7,0.2894736842105263,,7,76 39 24 100 49 82 41 51 79 35 70 2 72
4,1,1,7,1419359.0,0.4,3,16,269371.0,225.60000000000002,0,1,9,0.5625,116.69999999999999,0.5172872340425531,,60,33 89 69 93 74 31 25 63 67 87 83 78 18 88 90 54
4,1,1,7,1419359.0,0.4,4,15,168877.0,183.90000000000003,0,1,9,0.6,81.8,0.4448069603045132,,71,80 20 8 64 68 17 46 26 13 81 10 23 61 43 7
4,1,1,7,1419359.0,0.4,5,17,153148.0,194.6,0,1,14,0.8235294117647058,148.1,0.7610483042137718,,137,40 77 12 84 36 22 4 15 3 60 48 55 59 1 85 75 42
4,1,1,7,1419359.0,0.4,6,17,221350.0,218.0,0,1,12,0.7058823529411765,145.0,0.6651376146788991,,96,16 91 57 71 53 92 98 11 52 37 5 30 29 65 32 94 86
5,1,2,8,1408017.0,0.05,0,21,301836.0,203.49999999999997,0,1,0,0.0,0.0,0.0,,0,99 44 95 47 73 38 6 34 28 45 97 14 9 27 56 50 58 62 21 66 19
5,1,2,8,1408017.0,0.05,1,13,251669.0,178.6,0,1,1,0.07692307692307693,15.0,0.083986562150056,,4,76 39 24 100 49 82 41 51 79 35 70 2 72
5,1,2,8,1408017.0,0.05,2,16,269371.0,225.60000000000002,0,1,2,0.125,19.5,0.08643617021276595,,2,33 89 69 93 74 31 25 63 67 87 83 78 18 88 90 54
5,1,2,8,1408017.0,0.05,3,16,171344.0,195.0,0,1,3,0.1875,12.1,0.06205128205128205,,8,80 20 8 64 68 17 46 26 13 81 10 23 61 43 7 96
5,1,2,8,1408017.0,0.05,4,1,27822.0,8.9,1,0,1,1.0,8.9,1.0,6235.0,2,40
5,1,2,8,1408017.0,0.05,5,17,151433.0,202.79999999999998,0,1,3,0.17647058823529413,27.699999999999996,0.13658777120315582,,6,77 12 84 36 22 4 15 3 60 48 55 59 1 85 75 42 91
5,1,2,8,1408017.0,0.05,6,1,27036.0,41.0,0,1,0,0.0,0.0,0.0,,0,16
5,1,2,8,1408017.0,0.05,7,15,207506.0,159.89999999999998,0,1,2,0.13333333333333333,18.9,0.11819887429643527,,5,57 71 53 92 98 11 52 37 5 30 29 65 32 94 86
5,1,2,8,1408017.0,0.1,0,21,301836.0,203.49999999999997,0,1,1,0.047619047619047616,2.7,0.013267813267813271,,2,99 44 95 47 73 38 6 34 28 45 97 14 9 27 56 50 58 62 21 66 19
5,1,2,8,1408017.0,0.1,1,13,251669.0,178.6,0,1,2,0.15384615384615385,28.8,0.1612541993281075,,5,76 39 24 100 49 82 41 51 79 35 70 2 72
5,1,2,8,1408017.0,0.1,2,16,269371.0,225.60000000000002,0,1,3,0.1875,44.5,0.19725177304964536,,6,33 89 69 93 74 31 25 63 67 87 83 78 18 88 90 54
5,1,2,8,1408017.0,0.1,3,16,171344.0,195.0,0,1,6,0.375,40.5,0.2076923076923077,,20,80 20 8 64 68 17 46 26 13 81 10 23 61 43 7 96
5,1,2,8,1408017.0,0.1,4,1,27822.0,8.9,1,0,1,1.0,8.9,1.0,6235.0,2,40
5,1,2,8,1408017.0,0.1,5,17,151433.0,202.79999999999998,0,1,6,0.35294117647058826,78.1,0.38510848126232744,,23,77 12 84 36 22 4 15 3 60 48 55 59 1 85 75 42 91
5,1,2,8,1408017.0,0.1,6,1,27036.0,41.0,1,0,1,1.0,41.0,1.0,12800.0,2,16
5,1,2,8,1408017.0,0.1,7,15,207506.0,159.89999999999998,0,1,6,0.4,45.400000000000006,0.283927454659162,,30,57 71 53 92 98 11 52 37 5 30 29 65 32 94 86
5,1,2,8,1408017.0,0.2,0,21,301836.0,203.49999999999997,0,1,4,0.19047619047619047,35.7,0.17542997542997546,,10,99 44 95 47 73 38 6 34 28 45 97 14 9 27 56 50 58 62 21 66 19
5,1,2,8,1408017.0,0.2,1,13,251669.0,178.6,0,1,2,0.15384615384615385,28.8,0.1612541993281075,,5,76 39 24 100 49 82 41 51 79 35 70 2 72
5,1,2,8,1408017.0,0.2,2,16,269371.0,225.60000000000002,0,1,7,0.4375,99.7,0.44193262411347517,,17,33 89 69 93 74 31 25 63 67 87 83 78 18 88 90 54
5,1,2,8,1408017.0,0.2,3,16,171344.0,195.0,0,1,9,0.5625,77.1,0.39538461538461533,,54,80 20 8 64 68 17 46 26 13 81 10 23 61 43 7 96
5,1,2,8,1408017.0,0.2,4,1,27822.0,8.9,1,0,1,1.0,8.9,1.0,6235.0,3,40
5,1,2,8,1408017.0,0.2,5,17,151433.0,202.79999999999998,0,1,10,0.5882352941176471,125.6,0.6193293885601578,,63,77 12 84 36 22 4 15 3 60 48 55 59 1 85 75 42 91
5,1,2,8,1408017.0,0.2,6,1,27036.0,41.0,1,0,1,1.0,41.0,1.0,12800.0,2,16
5,1,2,8,1408017.0,0.2,7,15,207506.0,159.89999999999998,0,1,9,0.6,94.20000000000002,0.5891181988742966,,60,57 71 53 92 98 11 52 37 5 30 29 65 32 94 86
5,1,2,8,1408017.0,0.4,0,21,301836.0,203.49999999999997,0,1,9,0.42857142857142855,71.9,0.3533169533169534,,77,99 44 95 47 73 38 6 34 28 45 97 14 9 27 56 50 58 62 21 66 19
5,1,2,8,1408017.0,0.4,1,13,251669.0,178.6,0,1,6,0.46153846153846156,83.8,0.46920492721164614,,18,76 39 24 100 49 82 41 51 79 35 70 2 72
5,1,2,8,1408017.0,0.4,2,16,269371.0,225.60000000000002,0,1,11,0.6875,144.8,0.6418439716312057,,89,33 89 69 93 74 31 25 63 67 87 83 78 18 88 90 54
5,1,2,8,1408017.0,0.4,3,16,171344.0,195.0,0,1,10,0.625,109.0,0.558974358974359,,111,80 20 8 64 68 17 46 26 13 81 10 23 61 43 7 96
5,1,2,8,1408017.0,0.4,4,1,27822.0,8.9,1,0,1,1.0,8.9,1.0,6235.0,3,40
5,1,2,8,1408017.0,0.4,5,17,151433.0,202.79999999999998,0,1,15,0.8823529411764706,150.8,0.7435897435897437,,155,77 12 84 36 22 4 15 3 60 48 55 59 1 85 75 42 91
5,1,2,8,1408017.0,0.4,6,1,27036.0,41.0,1,0,1,1.0,41.0,1.0,12800.0,2,16
5,1,2,8,1408017.0,0.4,7,15,207506.0,159.89999999999998,0,1,10,0.6666666666666666,103.90000000000002,0.6497811131957476,,75,57 71 53 92 98 11 52 37 5 30 29 65 32 94 86
6,2,0,6,1349536.0,0.05,0,21,242946.0,214.4,0,1,2,0.09523809523809523,27.400000000000002,0.12779850746268656,,9,7 61 43 22 36 84 12 99 44 95 47 73 38 6 34 28 45 97 14 4 96
6,2,0,6,1349536.0,0.05,1,17,280453.0,212.1,0,1,0,0.0,0.0,0.0,,0,2 70 35 79 51 41 82 49 100 24 39 64 68 17 46 26 76
6,2,0,6,1349536.0,0.05,2,15,248827.0,219.9,0,1,0,0.0,0.0,0.0,,0,31 74 25 63 67 87 83 78 18 88 90 54 53 71 57
6,2,0,6,1349536.0,0.05,3,16,200785.0,187.5,0,1,2,0.125,25.7,0.13706666666666667,,4,19 66 21 62 9 27 56 50 58 69 93 59 85 75 42 91
6,2,0,6,1349536.0,0.05,4,15,151769.0,209.6,0,1,3,0.2,22.6,0.10782442748091604,,9,40 13 81 10 77 23 15 3 89 60 33 48 55 1 16
6,2,0,6,1349536.0,0.05,5,16,224756.0,171.8,0,1,5,0.3125,48.7,0.28346915017462165,,14,72 80 20 8 37 52 11 98 92 5 30 29 65 32 94 86
6,2,0,6,1349536.0,0.1,0,21,242946.0,214.4,0,1,5,0.23809523809523808,36.900000000000006,0.1721082089552239,,23,7 61 43 22 36 84 12 99 44 95 47 73 38 6 34 28 45 97 14 4 96
6,2,0,6,1349536.0,0.1,1,17,280453.0,212.1,0,1,1,0.058823529411764705,13.299999999999999,0.0627062706270627,,2,2 70 35 79 51 41 82 49 100 24 39 64 68 17 46 26 76
6,2,0,6,1349536.0,0.1,2,15,248827.0,219.9,0,1,2,0.13333333333333333,11.0,0.05002273760800364,,6,31 74 25 63 67 87 83 78 18 88 90 54 53 71 57
6,2,0,6,1349536.0,0.1,3,16,200785.0,187.5,0,1,3,0.1875,42.9,0.2288,,10,19 66 21 62 9 27 56 50 58 69 93 59 85 75 42 91
6,2,0,6,1349536.0,0.1,4,15,151769.0,209.6,0,1,4,0.26666666666666666,43.099999999999994,0.2056297709923664,,21,40 13 81 10 77 23 15 3 89 60 33 48 55 1 16
6,2,0,6,1349536.0,0.1,5,16,224756.0,171.8,0,1,6,0.375,53.8,0.3131548311990687,,25,72 80 20 8 37 52 11 98 92 5 30 29 65 32 94 86
6,2,0,6,1349536.0,0.2,0,21,242946.0,214.4,0,1,8,0.38095238095238093,62.0,0.2891791044776119,,48,7 61 43 22 36 84 12 99 44 95 47 73 38 6 34 28 45 97 14 4 96
6,2,0,6,1349536.0,0.2,1,17,280453.0,212.1,0,1,5,0.29411764705882354,58.7,0.2767562470532768,,21,2 70 35 79 51 41 82 49 100 24 39 64 68 17 46 26 76
6,2,0,6,1349536.0,0.2,2,15,248827.0,219.9,0,1,6,0.4,70.5,0.32060027285129605,,26,31 74 25 63 67 87 83 78 18 88 90 54 53 71 57
6,2,0,6,1349536.0,0.2,3,16,200785.0,187.5,0,1,6,0.375,65.0,0.3466666666666667,,28,19 66 21 62 9 27 56 50 58 69 93 59 85 75 42 91
6,2,0,6,1349536.0,0.2,4,15,151769.0,209.6,0,1,5,0.3333333333333333,80.3,0.38311068702290074,,28,40 13 81 10 77 23 15 3 89 60 33 48 55 1 16
6,2,0,6,1349536.0,0.2,5,16,224756.0,171.8,0,1,6,0.375,57.199999999999996,0.33294528521536665,,38,72 80 20 8 37 52 11 98 92 5 30 29 65 32 94 86
6,2,0,6,1349536.0,0.4,0,21,242946.0,214.4,0,1,11,0.5238095238095238,87.89999999999999,0.40998134328358204,,109,7 61 43 22 36 84 12 99 44 95 47 73 38 6 34 28 45 97 14 4 96
6,2,0,6,1349536.0,0.4,1,17,280453.0,212.1,0,1,7,0.4117647058823529,85.19999999999999,0.40169731258840163,,49,2 70 35 79 51 41 82 49 100 24 39 64 68 17 46 26 76
6,2,0,6,1349536.0,0.4,2,15,248827.0,219.9,0,1,8,0.5333333333333333,100.2,0.45566166439290584,,53,31 74 25 63 67 87 83 78 18 88 90 54 53 71 57
6,2,0,6,1349536.0,0.4,3,16,200785.0,187.5,0,1,8,0.5,69.4,0.37013333333333337,,52,19 66 21 62 9 27 56 50 58 69 93 59 85 75 42 91
6,2,0,6,1349536.0,0.4,4,15,151769.0,209.6,0,1,8,0.5333333333333333,78.7,0.37547709923664124,,75,40 13 81 10 77 23 15 3 89 60 33 48 55 1 16
6,2,0,6,1349536.0,0.4,5,16,224756.0,171.8,0,1,7,0.4375,56.699999999999996,0.33003492433061693,,48,72 80 20 8 37 52 11 98 92 5 30 29 65 32 94 86
7,2,1,7,1350254.0,0.05,0,21,242946.0,214.4,0,1,2,0.09523809523809523,27.400000000000002,0.12779850746268656,,9,7 61 43 22 36 84 12 99 44 95 47 73 38 6 34 28 45 97 14 4 96
7,2,1,7,1350254.0,0.05,1,17,280453.0,212.1,0,1,0,0.0,0.0,0.0,,0,2 70 35 79 51 41 82 49 100 24 39 64 68 17 46 26 76
7,2,1,7,1350254.0,0.05,2,15,248827.0,219.9,0,1,0,0.0,0.0,0.0,,0,31 74 25 63 67 87 83 78 18 88 90 54 53 71 57
7,2,1,7,1350254.0,0.05,3,16,200785.0,187.5,0,1,2,0.125,25.7,0.13706666666666667,,4,19 66 21 62 9 27 56 50 58 69 93 59 85 75 42 91
7,2,1,7,1350254.0,0.05,4,15,151769.0,209.6,0,1,3,0.2,22.6,0.10782442748091604,,9,40 13 81 10 77 23 15 3 89 60 33 48 55 1 16
7,2,1,7,1350254.0,0.05,5,1,800.0,15.0,1,0,1,1.0,15.0,1.0,82.0,3,72
7,2,1,7,1350254.0,0.05,6,15,224674.0,156.79999999999998,0,1,4,0.26666666666666666,33.7,0.21492346938775514,,12,80 20 8 37 52 11 98 92 5 30 29 65 32 94 86
7,2,1,7,1350254.0,0.1,0,21,242946.0,214.4,0,1,5,0.23809523809523808,36.900000000000006,0.1721082089552239,,23,7 61 43 22 36 84 12 99 44 95 47 73 38 6 34 28 45 97 14 4 96
7,2,1,7,1350254.0,0.1,1,17,280453.0,212.1,0,1,1,0.058823529411764705,13.299999999999999,0.0627062706270627,,2,2 70 35 79 51 41 82 49 100 24 39 64 68 17 46 26 76
7,2,1,7,1350254.0,0.1,2,15,248827.0,219.9,0,1,2,0.13333333333333333,11.0,0.05002273760800364,,6,31 74 25 63 67 87 83 78 18 88 90 54 53 71 57
7,2,1,7,1350254.0,0.1,3,16,200785.0,187.5,0,1,3,0.1875,42.9,0.2288,,10,19 66 21 62 9 27 56 50 58 69 93 59 85 75 42 91
7,2,1,7,1350254.0,0.1,4,15,151769.0,209.6,0,1,4,0.26666666666666666,43.099999999999994,0.2056297709923664,,21,40 13 81 10 77 23 15 3 89 60 33 48 55 1 16
7,2,1,7,1350254.0,0.1,5,1,800.0,15.0,1,0,1,1.0,15.0,1.0,82.0,3,72
7,2,1,7,1350254.0,0.1,6,15,224674.0,156.79999999999998,0,1,5,0.3333333333333333,38.800000000000004,0.2474489795918368,,23,80 20 8 37 52 11 98 92 5 30 29 65 32 94 86
7,2,1,7,1350254.0,0.2,0,21,242946.0,214.4,0,1,8,0.38095238095238093,62.0,0.2891791044776119,,48,7 61 43 22 36 84 12 99 44 95 47 73 38 6 34 28 45 97 14 4 96
7,2,1,7,1350254.0,0.2,1,17,280453.0,212.1,0,1,5,0.29411764705882354,58.7,0.2767562470532768,,21,2 70 35 79 51 41 82 49 100 24 39 64 68 17 46 26 76
7,2,1,7,1350254.0,0.2,2,15,248827.0,219.9,0,1,6,0.4,70.5,0.32060027285129605,,26,31 74 25 63 67 87 83 78 18 88 90 54 53 71 57
7,2,1,7,1350254.0,0.2,3,16,200785.0,187.5,0,1,7,0.4375,82.5,0.44,,30,19 66 21 62 9 27 56 50 58 69 93 59 85 75 42 91
7,2,1,7,1350254.0,0.2,4,15,151769.0,209.6,0,1,5,0.3333333333333333,80.3,0.38311068702290074,,28,40 13 81 10 77 23 15 3 89 60 33 48 55 1 16
7,2,1,7,1350254.0,0.2,5,1,800.0,15.0,1,0,1,1.0,15.0,1.0,82.0,3,72
7,2,1,7,1350254.0,0.2,6,15,224674.0,156.79999999999998,0,1,6,0.4,57.199999999999996,0.3647959183673469,,36,80 20 8 37 52 11 98 92 5 30 29 65 32 94 86
7,2,1,7,1350254.0,0.4,0,21,242946.0,214.4,0,1,12,0.5714285714285714,104.2,0.48600746268656714,,110,7 61 43 22 36 84 12 99 44 95 47 73 38 6 34 28 45 97 14 4 96
7,2,1,7,1350254.0,0.4,1,17,280453.0,212.1,0,1,7,0.4117647058823529,85.2,0.40169731258840174,,51,2 70 35 79 51 41 82 49 100 24 39 64 68 17 46 26 76
7,2,1,7,1350254.0,0.4,2,15,248827.0,219.9,0,1,8,0.5333333333333333,100.7,0.4579354251932697,,55,31 74 25 63 67 87 83 78 18 88 90 54 53 71 57
7,2,1,7,1350254.0,0.4,3,16,200785.0,187.5,0,1,8,0.5,69.4,0.37013333333333337,,55,19 66 21 62 9 27 56 50 58 69 93 59 85 75 42 91
7,2,1,7,1350254.0,0.4,4,15,151769.0,209.6,0,1,9,0.6,87.6,0.4179389312977099,,81,40 13 81 10 77 23 15 3 89 60 33 48 55 1 16
7,2,1,7,1350254.0,0.4,5,1,800.0,15.0,1,0,1,1.0,15.0,1.0,82.0,3,72
7,2,1,7,1350254.0,0.4,6,15,224674.0,156.79999999999998,0,1,7,0.4666666666666667,56.699999999999996,0.36160714285714285,,46,80 20 8 37 52 11 98 92 5 30 29 65 32 94 86
8,2,2,8,1454581.0,0.05,0,1,54268.0,16.3,1,0,1,1.0,16.3,1.0,157.0,2,7
8,2,2,8,1454581.0,0.05,1,19,242789.0,187.0,0,1,2,0.10526315789473684,9.6,0.051336898395721926,,5,61 43 22 36 84 12 99 44 95 47 73 38 6 34 28 45 97 14 4
8,2,2,8,1454581.0,0.05,2,1,50934.0,11.100000000000001,1,0,1,1.0,11.100000000000001,1.0,0.0,4,96
8,2,2,8,1454581.0,0.05,3,17,280453.0,212.1,0,1,0,0.0,0.0,0.0,,0,2 70 35 79 51 41 82 49 100 24 39 64 68 17 46 26 76
8,2,2,8,1454581.0,0.05,4,15,248827.0,219.9,0,1,0,0.0,0.0,0.0,,0,31 74 25 63 67 87 83 78 18 88 90 54 53 71 57
8,2,2,8,1454581.0,0.05,5,16,200785.0,187.5,0,1,4,0.25,42.9,0.2288,,10,19 66 21 62 9 27 56 50 58 69 93 59 85 75 42 91
8,2,2,8,1454581.0,0.05,6,15,151769.0,209.6,0,1,4,0.26666666666666666,41.800000000000004,0.19942748091603055,,14,40 13 81 10 77 23 15 3 89 60 33 48 55 1 16
8,2,2,8,1454581.0,0.05,7,16,224756.0,171.8,0,1,5,0.3125,48.7,0.28346915017462165,,18,72 80 20 8 37 52 11 98 92 5 30 29 65 32 94 86
8,2,2,8,1454581.0,0.1,0,1,54268.0,16.3,1,0,1,1.0,16.3,1.0,157.0,3,7
8,2,2,8,1454581.0,0.1,1,19,242789.0,187.0,0,1,4,0.21052631578947367,21.1,0.11283422459893049,,14,61 43 22 36 84 12 99 44 95 47 73 38 6 34 28 45 97 14 4
8,2,2,8,1454581.0,0.1,2,1,50934.0,11.100000000000001,1,0,1,1.0,11.100000000000001,1.0,0.0,5,96
8,2,2,8,1454581.0,0.1,3,17,280453.0,212.1,0,1,1,0.058823529411764705,13.299999999999999,0.0627062706270627,,2,2 70 35 79 51 41 82 49 100 24 39 64 68 17 46 26 76
8,2,2,8,1454581.0,0.1,4,15,248827.0,219.9,0,1,2,0.13333333333333333,21.6,0.09822646657571624,,7,31 74 25 63 67 87 83 78 18 88 90 54 53 71 57
8,2,2,8,1454581.0,0.1,5,16,200785.0,187.5,0,1,5,0.3125,66.2,0.3530666666666667,,20,19 66 21 62 9 27 56 50 58 69 93 59 85 75 42 91
8,2,2,8,1454581.0,0.1,6,15,151769.0,209.6,0,1,7,0.4666666666666667,65.7,0.3134541984732825,,41,40 13 81 10 77 23 15 3 89 60 33 48 55 1 16
8,2,2,8,1454581.0,0.1,7,16,224756.0,171.8,0,1,6,0.375,53.80000000000001,0.31315483119906873,,35,72 80 20 8 37 52 11 98 92 5 30 29 65 32 94 86
8,2,2,8,1454581.0,0.2,0,1,54268.0,16.3,1,0,1,1.0,16.3,1.0,157.0,4,7
8,2,2,8,1454581.0,0.2,1,19,242789.0,187.0,0,1,7,0.3684210526315789,50.9,0.2721925133689839,,41,61 43 22 36 84 12 99 44 95 47 73 38 6 34 28 45 97 14 4
8,2,2,8,1454581.0,0.2,2,1,50934.0,11.100000000000001,1,0,1,1.0,11.100000000000001,1.0,0.0,6,96
8,2,2,8,1454581.0,0.2,3,17,280453.0,212.1,0,1,6,0.35294117647058826,71.8,0.33851956624233853,,31,2 70 35 79 51 41 82 49 100 24 39 64 68 17 46 26 76
8,2,2,8,1454581.0,0.2,4,15,248827.0,219.9,0,1,7,0.4666666666666667,82.1,0.3733515234197362,,33,31 74 25 63 67 87 83 78 18 88 90 54 53 71 57
8,2,2,8,1454581.0,0.2,5,16,200785.0,187.5,0,1,8,0.5,89.6,0.47786666666666666,,53,19 66 21 62 9 27 56 50 58 69 93 59 85 75 42 91
8,2,2,8,1454581.0,0.2,6,15,151769.0,209.6,0,1,9,0.6,110.3,0.5262404580152672,,56,40 13 81 10 77 23 15 3 89 60 33 48 55 1 16
8,2,2,8,1454581.0,0.2,7,16,224756.0,171.8,0,1,9,0.5625,97.90000000000002,0.5698486612339931,,62,72 80 20 8 37 52 11 98 92 5 30 29 65 32 94 86
8,2,2,8,1454581.0,0.4,0,1,54268.0,16.3,1,0,1,1.0,16.3,1.0,157.0,5,7
8,2,2,8,1454581.0,0.4,1,19,242789.0,187.0,0,1,12,0.631578947368421,89.69999999999999,0.4796791443850267,,103,61 43 22 36 84 12 99 44 95 47 73 38 6 34 28 45 97 14 4
8,2,2,8,1454581.0,0.4,2,1,50934.0,11.100000000000001,1,0,1,1.0,11.100000000000001,1.0,0.0,6,96
8,2,2,8,1454581.0,0.4,3,17,280453.0,212.1,0,1,8,0.47058823529411764,110.4,0.5205091937765205,,65,2 70 35 79 51 41 82 49 100 24 39 64 68 17 46 26 76
8,2,2,8,1454581.0,0.4,4,15,248827.0,219.9,0,1,10,0.6666666666666666,120.6,0.548431105047749,,73,31 74 25 63 67 87 83 78 18 88 90 54 53 71 57
8,2,2,8,1454581.0,0.4,5,16,200785.0,187.5,0,1,13,0.8125,157.8,0.8416,,105,19 66 21 62 9 27 56 50 58 69 93 59 85 75 42 91
8,2,2,8,1454581.0,0.4,6,15,151769.0,209.6,0,1,12,0.8,171.6,0.8187022900763359,,113,40 13 81 10 77 23 15 3 89 60 33 48 55 1 16
8,2,2,8,1454581.0,0.4,7,16,224756.0,171.8,0,1,11,0.6875,112.0,0.6519208381839348,,82,72 80 20 8 37 52 11 98 92 5 30 29 65 32 94 86
9,3,0,6,1369975.0,0.05,0,21,301836.0,203.49999999999997,0,1,0,0.0,0.0,0.0,,0,99 44 95 47 73 38 34 6 28 45 97 14 9 27 56 50 58 62 21 66 19
9,3,0,6,1369975.0,0.05,1,17,280453.0,212.1,0,1,1,0.058823529411764705,5.4,0.02545968882602546,,2,76 26 46 17 68 64 39 24 100 49 82 41 51 79 35 70 2
9,3,0,6,1369975.0,0.05,2,16,269371.0,225.60000000000002,0,1,2,0.125,23.5,0.10416666666666666,,3,33 89 69 93 74 31 25 63 67 87 83 78 18 88 90 54
9,3,0,6,1369975.0,0.05,3,15,183201.0,227.79999999999998,0,1,3,0.2,35.400000000000006,0.15539947322212472,,8,72 80 20 8 10 81 13 12 84 36 22 43 61 7 16
9,3,0,6,1369975.0,0.05,4,16,127608.0,186.39999999999998,0,1,3,0.1875,27.699999999999996,0.14860515021459228,,6,40 77 23 96 4 15 3 60 48 55 59 1 85 75 42 91
9,3,0,6,1369975.0,0.05,5,15,207506.0,159.89999999999998,0,1,3,0.2,28.6,0.1788617886178862,,6,57 71 53 92 98 11 52 37 5 30 29 65 32 94 86
9,3,0,6,1369975.0,0.1,0,21,301836.0,203.49999999999997,0,1,1,0.047619047619047616,2.7,0.013267813267813271,,2,99 44 95 47 73 38 34 6 28 45 97 14 9 27 56 50 58 62 21 66 19
9,3,0,6,1369975.0,0.1,1,17,280453.0,212.1,0,1,2,0.11764705882352941,8.7,0.04101838755304102,,4,76 26 46 17 68 64 39 24 100 49 82 41 51 79 35 70 2
9,3,0,6,1369975.0,0.1,2,16,269371.0,225.60000000000002,0,1,4,0.25,56.39999999999999,0.24999999999999994,,7,33 89 69 93 74 31 25 63 67 87 83 78 18 88 90 54
9,3,0,6,1369975.0,0.1,3,15,183201.0,227.79999999999998,0,1,5,0.3333333333333333,66.8,0.2932396839332748,,15,72 80 20 8 10 81 13 12 84 36 22 43 61 7 16
9,3,0,6,1369975.0,0.1,4,16,127608.0,186.39999999999998,0,1,3,0.1875,45.9,0.24624463519313308,,12,40 77 23 96 4 15 3 60 48 55 59 1 85 75 42 91
9,3,0,6,1369975.0,0.1,5,15,207506.0,159.89999999999998,0,1,5,0.3333333333333333,40.3,0.2520325203252033,,19,57 71 53 92 98 11 52 37 5 30 29 65 32 94 86
9,3,0,6,1369975.0,0.2,0,21,301836.0,203.49999999999997,0,1,3,0.14285714285714285,21.900000000000002,0.10761670761670764,,7,99 44 95 47 73 38 34 6 28 45 97 14 9 27 56 50 58 62 21 66 19
9,3,0,6,1369975.0,0.2,1,17,280453.0,212.1,0,1,3,0.17647058823529413,22.0,0.10372465818010372,,6,76 26 46 17 68 64 39 24 100 49 82 41 51 79 35 70 2
9,3,0,6,1369975.0,0.2,2,16,269371.0,225.60000000000002,0,1,6,0.375,92.4,0.4095744680851064,,18,33 89 69 93 74 31 25 63 67 87 83 78 18 88 90 54
9,3,0,6,1369975.0,0.2,3,15,183201.0,227.79999999999998,0,1,7,0.4666666666666667,64.9,0.28489903424056195,,34,72 80 20 8 10 81 13 12 84 36 22 43 61 7 16
9,3,0,6,1369975.0,0.2,4,16,127608.0,186.39999999999998,0,1,6,0.375,74.0,0.39699570815450647,,29,40 77 23 96 4 15 3 60 48 55 59 1 85 75 42 91
9,3,0,6,1369975.0,0.2,5,15,207506.0,159.89999999999998,0,1,6,0.4,38.6,0.24140087554721706,,30,57 71 53 92 98 11 52 37 5 30 29 65 32 94 86
9,3,0,6,1369975.0,0.4,0,21,301836.0,203.49999999999997,0,1,7,0.3333333333333333,50.900000000000006,0.2501228501228502,,35,99 44 95 47 73 38 34 6 28 45 97 14 9 27 56 50 58 62 21 66 19
9,3,0,6,1369975.0,0.4,1,17,280453.0,212.1,0,1,7,0.4117647058823529,74.4,0.3507779349363508,,39,76 26 46 17 68 64 39 24 100 49 82 41 51 79 35 70 2
9,3,0,6,1369975.0,0.4,2,16,269371.0,225.60000000000002,0,1,9,0.5625,90.30000000000001,0.40026595744680854,,67,33 89 69 93 74 31 25 63 67 87 83 78 18 88 90 54
9,3,0,6,1369975.0,0.4,3,15,183201.0,227.79999999999998,0,1,8,0.5333333333333333,86.19999999999999,0.3784021071115013,,66,72 80 20 8 10 81 13 12 84 36 22 43 61 7 16
9,3,0,6,1369975.0,0.4,4,16,127608.0,186.39999999999998,0,1,9,0.5625,73.7,0.3953862660944207,,85,40 77 23 96 4 15 3 60 48 55 59 1 85 75 42 91
9,3,0,6,1369975.0,0.4,5,15,207506.0,159.89999999999998,0,1,6,0.4,40.7,0.2545340838023765,,36,57 71 53 92 98 11 52 37 5 30 29 65 32 94 86
10,3,1,7,1386725.0,0.05,0,21,301836.0,203.49999999999997,0,1,0,0.0,0.0,0.0,,0,99 44 95 47 73 38 34 6 28 45 97 14 9 27 56 50 58 62 21 66 19
10,3,1,7,1386725.0,0.05,1,1,27036.0,41.0,0,1,0,0.0,0.0,0.0,,0,16
10,3,1,7,1386725.0,0.05,2,17,280453.0,212.1,0,1,2,0.11764705882352941,19.200000000000003,0.09052333804809054,,4,76 26 46 17 68 64 39 24 100 49 82 41 51 79 35 70 2
10,3,1,7,1386725.0,0.05,3,16,269371.0,225.60000000000002,0,1,2,0.125,23.5,0.10416666666666666,,3,33 89 69 93 74 31 25 63 67 87 83 78 18 88 90 54
10,3,1,7,1386725.0,0.05,4,14,172915.0,186.79999999999998,0,1,3,0.21428571428571427,35.400000000000006,0.18950749464668099,,9,72 80 20 8 10 81 13 12 84 36 22 43 61 7
10,3,1,7,1386725.0,0.05,5,16,127608.0,186.39999999999998,0,1,3,0.1875,33.7,0.18079399141630906,,8,40 77 23 96 4 15 3 60 48 55 59 1 85 75 42 91
10,3,1,7,1386725.0,0.05,6,15,207506.0,159.89999999999998,0,1,2,0.13333333333333333,20.9,0.13070669168230145,,6,57 71 53 92 98 11 52 37 5 30 29 65 32 94 86
10,3,1,7,1386725.0,0.1,0,21,301836.0,203.49999999999997,0,1,2,0.09523809523809523,14.599999999999998,0.07174447174447174,,3,99 44 95 47 73 38 34 6 28 45 97 14 9 27 56 50 58 62 21 66 19
10,3,1,7,1386725.0,0.1,1,1,27036.0,41.0,1,0,1,1.0,41.0,1.0,10286.0,2,16
10,3,1,7,1386725.0,0.1,2,17,280453.0,212.1,0,1,4,0.23529411764705882,45.6,0.214992927864215,,10,76 26 46 17 68 64 39 24 100 49 82 41 51 79 35 70 2
10,3,1,7,1386725.0,0.1,3,16,269371.0,225.60000000000002,0,1,4,0.25,56.39999999999999,0.24999999999999994,,7,33 89 69 93 74 31 25 63 67 87 83 78 18 88 90 54
10,3,1,7,1386725.0,0.1,4,14,172915.0,186.79999999999998,0,1,5,0.35714285714285715,40.8,0.21841541755888652,,15,72 80 20 8 10 81 13 12 84 36 22 43 61 7
10,3,1,7,1386725.0,0.1,5,16,127608.0,186.39999999999998,0,1,5,0.3125,67.0,0.35944206008583696,,22,40 77 23 96 4 15 3 60 48 55 59 1 85 75 42 91
10,3,1,7,1386725.0,0.1,6,15,207506.0,159.89999999999998,0,1,5,0.3333333333333333,40.3,0.2520325203252033,,22,57 71 53 92 98 11 52 37 5 30 29 65 32 94 86
10,3,1,7,1386725.0,0.2,0,21,301836.0,203.49999999999997,0,1,4,0.19047619047619047,39.6,0.19459459459459463,,16,99 44 95 47 73 38 34 6 28 45 97 14 9 27 56 50 58 62 21 66 19
10,3,1,7,1386725.0,0.2,1,1,27036.0,41.0,1,0,1,1.0,41.0,1.0,10286.0,2,16
10,3,1,7,1386725.0,0.2,2,17,280453.0,212.1,0,1,4,0.23529411764705882,45.6,0.214992927864215,,19,76 26 46 17 68 64 39 24 100 49 82 41 51 79 35 70 2
10,3,1,7,1386725.0,0.2,3,16,269371.0,225.60000000000002,0,1,7,0.4375,110.0,0.48758865248226946,,21,33 89 69 93 74 31 25 63 67 87 83 78 18 88 90 54
10,3,1,7,1386725.0,0.2,4,14,172915.0,186.79999999999998,0,1,8,0.5714285714285714,77.1,0.4127408993576017,,34,72 80 20 8 10 81 13 12 84 36 22 43 61 7
10,3,1,7,1386725.0,0.2,5,16,127608.0,186.39999999999998,0,1,11,0.6875,122.1,0.6550429184549357,,62,40 77 23 96 4 15 3 60 48 55 59 1 85 75 42 91
10,3,1,7,1386725.0,0.2,6,15,207506.0,159.89999999999998,0,1,8,0.5333333333333333,78.2,0.4890556597873672,,49,57 71 53 92 98 11 52 37 5 30 29 65 32 94 86
10,3,1,7,1386725.0,0.4,0,21,301836.0,203.49999999999997,0,1,10,0.47619047619047616,83.7,0.4113022113022114,,84,99 44 95 47 73 38 34 6 28 45 97 14 9 27 56 50 58 62 21 66 19
10,3,1,7,1386725.0,0.4,1,1,27036.0,41.0,1,0,1,1.0,41.0,1.0,10286.0,2,16
10,3,1,7,1386725.0,0.4,2,17,280453.0,212.1,0,1,9,0.5294117647058824,101.6,0.479019330504479,,56,76 26 46 17 68 64 39 24 100 49 82 41 51 79 35 70 2
10,3,1,7,1386725.0,0.4,3,16,269371.0,225.60000000000002,0,1,11,0.6875,121.80000000000001,0.5398936170212766,,87,33 89 69 93 74 31 25 63 67 87 83 78 18 88 90 54
10,3,1,7,1386725.0,0.4,4,14,172915.0,186.79999999999998,0,1,8,0.5714285714285714,93.69999999999999,0.5016059957173448,,63,72 80 20 8 10 81 13 12 84 36 22 43 61 7
10,3,1,7,1386725.0,0.4,5,16,127608.0,186.39999999999998,0,1,12,0.75,121.30000000000001,0.6507510729613736,,128,40 77 23 96 4 15 3 60 48 55 59 1 85 75 42 91
10,3,1,7,1386725.0,0.4,6,15,207506.0,159.89999999999998,0,1,9,0.6,84.7,0.5297060662914322,,63,57 71 53 92 98 11 52 37 5 30 29 65 32 94 86
11,3,2,8,1410567.0,0.05,0,21,301836.0,203.49999999999997,0,1,0,0.0,0.0,0.0,,0,99 44 95 47 73 38 34 6 28 45 97 14 9 27 56 50 58 62 21 66 19
11,3,2,8,1410567.0,0.05,1,17,280453.0,212.1,0,1,2,0.11764705882352941,19.200000000000003,0.09052333804809054,,4,76 26 46 17 68 64 39 24 100 49 82 41 51 79 35 70 2
11,3,2,8,1410567.0,0.05,2,16,269371.0,225.60000000000002,0,1,1,0.0625,11.899999999999999,0.052748226950354596,,2,33 89 69 93 74 31 25 63 67 87 83 78 18 88 90 54
11,3,2,8,1410567.0,0.05,3,3,39329.0,39.4,0,1,0,0.0,0.0,0.0,,0,57 53 71
11,3,2,8,1410567.0,0.05,4,1,27036.0,41.0,0,1,0,0.0,0.0,0.0,,0,16
11,3,2,8,1410567.0,0.05,5,14,172915.0,186.79999999999998,0,1,3,0.21428571428571427,35.400000000000006,0.18950749464668099,,10,72 80 20 8 10 81 13 12 84 36 22 43 61 7
11,3,2,8,1410567.0,0.05,6,16,127608.0,186.39999999999998,0,1,2,0.125,16.6,0.08905579399141633,,7,40 77 23 96 4 15 3 60 48 55 59 1 85 75 42 91
11,3,2,8,1410567.0,0.05,7,12,192019.0,120.5,0,1,2,0.16666666666666666,20.9,0.17344398340248962,,6,29 30 37 52 11 98 92 5 65 32 94 86
11,3,2,8,1410567.0,0.1,0,21,301836.0,203.49999999999997,0,1,2,0.09523809523809523,14.599999999999998,0.07174447174447174,,3,99 44 95 47 73 38 34 6 28 45 97 14 9 27 56 50 58 62 21 66 19
11,3,2,8,1410567.0,0.1,1,17,280453.0,212.1,0,1,4,0.23529411764705882,45.6,0.214992927864215,,10,76 26 46 17 68 64 39 24 100 49 82 41 51 79 35 70 2
11,3,2,8,1410567.0,0.1,2,16,269371.0,225.60000000000002,0,1,3,0.1875,27.499999999999996,0.12189716312056735,,5,33 89 69 93 74 31 25 63 67 87 83 78 18 88 90 54
11,3,2,8,1410567.0,0.1,3,3,39329.0,39.4,0,1,1,0.3333333333333333,6.6,0.16751269035532995,,2,57 53 71
11,3,2,8,1410567.0,0.1,4,1,27036.0,41.0,1,0,1,1.0,41.0,1.0,10286.0,1,16
11,3,2,8,1410567.0,0.1,5,14,172915.0,186.79999999999998,0,1,6,0.42857142857142855,59.2,0.31691648822269813,,18,72 80 20 8 10 81 13 12 84 36 22 43 61 7
11,3,2,8,1410567.0,0.1,6,16,127608.0,186.39999999999998,0,1,5,0.3125,51.2,0.2746781115879829,,21,40 77 23 96 4 15 3 60 48 55 59 1 85 75 42 91
11,3,2,8,1410567.0,0.1,7,12,192019.0,120.5,0,1,5,0.4166666666666667,38.8,0.32199170124481324,,21,29 30 37 52 11 98 92 5 65 32 94 86
11,3,2,8,1410567.0,0.2,0,21,301836.0,203.49999999999997,0,1,4,0.19047619047619047,39.6,0.19459459459459463,,16,99 44 95 47 73 38 34 6 28 45 97 14 9 27 56 50 58 62 21 66 19
11,3,2,8,1410567.0,0.2,1,17,280453.0,212.1,0,1,4,0.23529411764705882,45.6,0.214992927864215,,19,76 26 46 17 68 64 39 24 100 49 82 41 51 79 35 70 2
11,3,2,8,1410567.0,0.2,2,16,269371.0,225.60000000000002,0,1,5,0.3125,56.699999999999996,0.25132978723404253,,15,33 89 69 93 74 31 25 63 67 87 83 78 18 88 90 54
11,3,2,8,1410567.0,0.2,3,3,39329.0,39.4,1,0,3,1.0,39.4,1.0,27137.0,18,57 53 71
11,3,2,8,1410567.0,0.2,4,1,27036.0,41.0,1,0,1,1.0,41.0,1.0,10286.0,2,16
11,3,2,8,1410567.0,0.2,5,14,172915.0,186.79999999999998,0,1,8,0.5714285714285714,86.19999999999999,0.4614561027837259,,38,72 80 20 8 10 81 13 12 84 36 22 43 61 7
11,3,2,8,1410567.0,0.2,6,16,127608.0,186.39999999999998,0,1,9,0.5625,101.0,0.5418454935622318,,55,40 77 23 96 4 15 3 60 48 55 59 1 85 75 42 91
11,3,2,8,1410567.0,0.2,7,12,192019.0,120.5,0,1,6,0.5,54.2,0.44979253112033196,,33,29 30 37 52 11 98 92 5 65 32 94 86
11,3,2,8,1410567.0,0.4,0,21,301836.0,203.49999999999997,0,1,9,0.42857142857142855,71.10000000000001,0.34938574938574946,,77,99 44 95 47 73 38 34 6 28 45 97 14 9 27 56 50 58 62 21 66 19
11,3,2,8,1410567.0,0.4,1,17,280453.0,212.1,0,1,10,0.5882352941176471,118.0,0.5563413484205564,,59,76 26 46 17 68 64 39 24 100 49 82 41 51 79 35 70 2
11,3,2,8,1410567.0,0.4,2,16,269371.0,225.60000000000002,0,1,10,0.625,134.8,0.5975177304964538,,61,33 89 69 93 74 31 25 63 67 87 83 78 18 88 90 54
11,3,2,8,1410567.0,0.4,3,3,39329.0,39.4,1,0,3,1.0,39.4,1.0,27137.0,18,57 53 71
11,3,2,8,1410567.0,0.4,4,1,27036.0,41.0,1,0,1,1.0,41.0,1.0,10286.0,3,16
11,3,2,8,1410567.0,0.4,5,14,172915.0,186.79999999999998,0,1,8,0.5714285714285714,93.69999999999999,0.5016059957173448,,56,72 80 20 8 10 81 13 12 84 36 22 43 61 7
11,3,2,8,1410567.0,0.4,6,16,127608.0,186.39999999999998,0,1,12,0.75,133.6,0.7167381974248928,,125,40 77 23 96 4 15 3 60 48 55 59 1 85 75 42 91
11,3,2,8,1410567.0,0.4,7,12,192019.0,120.5,0,1,9,0.75,74.0,0.6141078838174274,,52,29 30 37 52 11 98 92 5 65 32 94 86
12,4,0,6,1367047.0,0.05,0,22,257613.0,199.59999999999997,0,1,2,0.09090909090909091,16.6,0.08316633266533069,,5,96 4 22 36 28 38 34 6 45 97 14 9 27 56 50 58 62 21 66 15 3 19
12,4,0,6,1367047.0,0.05,1,17,280453.0,212.1,0,1,0,0.0,0.0,0.0,,0,76 26 46 17 68 64 39 24 100 49 82 41 51 79 35 70 2
12,4,0,6,1367047.0,0.05,2,18,278158.0,212.39999999999998,0,1,0,0.0,0.0,0.0,,0,33 48 60 89 69 93 63 67 87 83 78 18 25 74 31 59 55 1
12,4,0,6,1367047.0,0.05,3,11,106253.0,180.39999999999998,0,1,3,0.2727272727272727,29.8,0.16518847006651888,,6,72 80 8 20 29 32 91 85 75 42 16
12,4,0,6,1367047.0,0.05,4,16,216967.0,200.8,0,1,1,0.0625,9.9,0.04930278884462151,,5,40 77 10 81 13 99 44 95 73 47 84 12 23 43 61 7
12,4,0,6,1367047.0,0.05,5,16,227603.0,210.0,0,1,3,0.1875,24.0,0.11428571428571428,,6,57 71 53 54 90 88 92 98 11 52 37 5 30 65 94 86
12,4,0,6,1367047.0,0.1,0,22,257613.0,199.59999999999997,0,1,3,0.13636363636363635,20.700000000000003,0.10370741482965935,,18,96 4 22 36 28 38 34 6 45 97 14 9 27 56 50 58 62 21 66 15 3 19
12,4,0,6,1367047.0,0.1,1,17,280453.0,212.1,0,1,0,0.0,0.0,0.0,,0,76 26 46 17 68 64 39 24 100 49 82 41 51 79 35 70 2
12,4,0,6,1367047.0,0.1,2,18,278158.0,212.39999999999998,0,1,2,0.1111111111111111,10.600000000000001,0.049905838041431276,,7,33 48 60 89 69 93 63 67 87 83 78 18 25 74 31 59 55 1
12,4,0,6,1367047.0,0.1,3,11,106253.0,180.39999999999998,0,1,4,0.36363636363636365,48.0,0.2660753880266076,,14,72 80 8 20 29 32 91 85 75 42 16
12,4,0,6,1367047.0,0.1,4,16,216967.0,200.8,0,1,2,0.125,5.4,0.026892430278884463,,7,40 77 10 81 13 99 44 95 73 47 84 12 23 43 61 7
12,4,0,6,1367047.0,0.1,5,16,227603.0,210.0,0,1,5,0.3125,35.0,0.16666666666666666,,15,57 71 53 54 90 88 92 98 11 52 37 5 30 65 94 86
12,4,0,6,1367047.0,0.2,0,22,257613.0,199.59999999999997,0,1,5,0.22727272727272727,34.7,0.1738476953907816,,32,96 4 22 36 28 38 34 6 45 97 14 9 27 56 50 58 62 21 66 15 3 19
12,4,0,6,1367047.0,0.2,1,17,280453.0,212.1,0,1,4,0.23529411764705882,35.8,0.16878830740216877,,11,76 26 46 17 68 64 39 24 100 49 82 41 51 79 35 70 2
12,4,0,6,1367047.0,0.2,2,18,278158.0,212.39999999999998,0,1,5,0.2777777777777778,51.9,0.24435028248587573,,29,33 48 60 89 69 93 63 67 87 83 78 18 25 74 31 59 55 1
12,4,0,6,1367047.0,0.2,3,11,106253.0,180.39999999999998,0,1,5,0.45454545454545453,51.8,0.287139689578714,,28,72 80 8 20 29 32 91 85 75 42 16
12,4,0,6,1367047.0,0.2,4,16,216967.0,200.8,0,1,4,0.25,24.200000000000003,0.1205179282868526,,13,40 77 10 81 13 99 44 95 73 47 84 12 23 43 61 7
12,4,0,6,1367047.0,0.2,5,16,227603.0,210.0,0,1,6,0.375,57.6,0.2742857142857143,,31,57 71 53 54 90 88 92 98 11 52 37 5 30 65 94 86
12,4,0,6,1367047.0,0.4,0,22,257613.0,199.59999999999997,0,1,8,0.36363636363636365,62.00000000000001,0.31062124248497003,,68,96 4 22 36 28 38 34 6 45 97 14 9 27 56 50 58 62 21 66 15 3 19
12,4,0,6,1367047.0,0.4,1,17,280453.0,212.1,0,1,5,0.29411764705882354,68.0,0.3206034889203206,,31,76 26 46 17 68 64 39 24 100 49 82 41 51 79 35 70 2
12,4,0,6,1367047.0,0.4,2,18,278158.0,212.39999999999998,0,1,10,0.5555555555555556,82.99999999999999,0.3907721280602636,,77,33 48 60 89 69 93 63 67 87 83 78 18 25 74 31 59 55 1
12,4,0,6,1367047.0,0.4,3,11,106253.0,180.39999999999998,0,1,5,0.45454545454545453,51.8,0.287139689578714,,29,72 80 8 20 29 32 91 85 75 42 16
12,4,0,6,1367047.0,0.4,4,16,216967.0,200.8,0,1,6,0.375,44.099999999999994,0.21962151394422308,,27,40 77 10 81 13 99 44 95 73 47 84 12 23 43 61 7
12,4,0,6,1367047.0,0.4,5,16,227603.0,210.0,0,1,8,0.5,81.3,0.3871428571428571,,48,57 71 53 54 90 88 92 98 11 52 37 5 30 65 94 86
13,4,1,7,1417981.0,0.05,0,1,50934.0,11.100000000000001,1,0,1,1.0,11.100000000000001,1.0,0.0,2,96
13,4,1,7,1417981.0,0.05,1,21,257613.0,188.5,0,1,1,0.047619047619047616,5.5,0.029177718832891247,,3,4 22 36 28 38 34 6 45 97 14 9 27 56 50 58 62 21 66 15 3 19
13,4,1,7,1417981.0,0.05,2,17,280453.0,212.1,0,1,0,0.0,0.0,0.0,,0,76 26 46 17 68 64 39 24 100 49 82 41 51 79 35 70 2
13,4,1,7,1417981.0,0.05,3,18,278158.0,212.39999999999998,0,1,1,0.05555555555555555,14.4,0.06779661016949154,,1,33 48 60 89 69 93 63 67 87 83 78 18 25 74 31 59 55 1
13,4,1,7,1417981.0,0.05,4,11,106253.0,180.39999999999998,0,1,4,0.36363636363636365,46.9,0.2599778270509978,,9,72 80 8 20 29 32 91 85 75 42 16
13,4,1,7,1417981.0,0.05,5,16,216967.0,200.8,0,1,2,0.125,18.4,0.09163346613545816,,8,40 77 10 81 13 99 44 95 73 47 84 12 23 43 61 7
13,4,1,7,1417981.0,0.05,6,16,227603.0,210.0,0,1,3,0.1875,24.0,0.11428571428571428,,7,57 71 53 54 90 88 92 98 11 52 37 5 30 65 94 86
13,4,1,7,1417981.0,0.1,0,1,50934.0,11.100000000000001,1,0,1,1.0,11.100000000000001,1.0,0.0,2,96
13,4,1,7,1417981.0,0.1,1,21,257613.0,188.5,0,1,3,0.14285714285714285,18.1,0.0960212201591512,,15,4 22 36 28 38 34 6 45 97 14 9 27 56 50 58 62 21 66 15 3 19
13,4,1,7,1417981.0,0.1,2,17,280453.0,212.1,0,1,0,0.0,0.0,0.0,,0,76 26 46 17 68 64 39 24 100 49 82 41 51 79 35 70 2
13,4,1,7,1417981.0,0.1,3,18,278158.0,212.39999999999998,0,1,2,0.1111111111111111,17.1,0.08050847457627121,,10,33 48 60 89 69 93 63 67 87 83 78 18 25 74 31 59 55 1
13,4,1,7,1417981.0,0.1,4,11,106253.0,180.39999999999998,0,1,5,0.45454545454545453,64.4,0.3569844789356985,,18,72 80 8 20 29 32 91 85 75 42 16
13,4,1,7,1417981.0,0.1,5,16,216967.0,200.8,0,1,3,0.1875,21.700000000000003,0.10806772908366534,,15,40 77 10 81 13 99 44 95 73 47 84 12 23 43 61 7
13,4,1,7,1417981.0,0.1,6,16,227603.0,210.0,0,1,5,0.3125,35.0,0.16666666666666666,,18,57 71 53 54 90 88 92 98 11 52 37 5 30 65 94 86
13,4,1,7,1417981.0,0.2,0,1,50934.0,11.100000000000001,1,0,1,1.0,11.100000000000001,1.0,0.0,3,96
13,4,1,7,1417981.0,0.2,1,21,257613.0,188.5,0,1,5,0.23809523809523808,31.7,0.16816976127320954,,29,4 22 36 28 38 34 6 45 97 14 9 27 56 50 58 62 21 66 15 3 19
13,4,1,7,1417981.0,0.2,2,17,280453.0,212.1,0,1,5,0.29411764705882354,48.900000000000006,0.23055162659123057,,16,76 26 46 17 68 64 39 24 100 49 82 41 51 79 35 70 2
13,4,1,7,1417981.0,0.2,3,18,278158.0,212.39999999999998,0,1,6,0.3333333333333333,56.1,0.26412429378531077,,36,33 48 60 89 69 93 63 67 87 83 78 18 25 74 31 59 55 1
13,4,1,7,1417981.0,0.2,4,11,106253.0,180.39999999999998,0,1,7,0.6363636363636364,71.89999999999999,0.3985587583148559,,37,72 80 8 20 29 32 91 85 75 42 16
13,4,1,7,1417981.0,0.2,5,16,216967.0,200.8,0,1,6,0.375,49.0,0.2440239043824701,,28,40 77 10 81 13 99 44 95 73 47 84 12 23 43 61 7
13,4,1,7,1417981.0,0.2,6,16,227603.0,210.0,0,1,7,0.4375,62.0,0.29523809523809524,,37,57 71 53 54 90 88 92 98 11 52 37 5 30 65 94 86
13,4,1,7,1417981.0,0.4,0,1,50934.0,11.100000000000001,1,0,1,1.0,11.100000000000001,1.0,0.0,4,96
13,4,1,7,1417981.0,0.4,1,21,257613.0,188.5,0,1,9,0.42857142857142855,65.60000000000001,0.3480106100795756,,70,4 22 36 28 38 34 6 45 97 14 9 27 56 50 58 62 21 66 15 3 19
13,4,1,7,1417981.0,0.4,2,17,280453.0,212.1,0,1,6,0.35294117647058826,74.4,0.3507779349363508,,40,76 26 46 17 68 64 39 24 100 49 82 41 51 79 35 70 2
13,4,1,7,1417981.0,0.4,3,18,278158.0,212.39999999999998,0,1,10,0.5555555555555556,97.0,0.45668549905838046,,85,33 48 60 89 69 93 63 67 87 83 78 18 25 74 31 59 55 1
13,4,1,7,1417981.0,0.4,4,11,106253.0,180.39999999999998,0,1,8,0.7272727272727273,130.8,0.7250554323725057,,51,72 80 8 20 29 32 91 85 75 42 16
13,4,1,7,1417981.0,0.4,5,16,216967.0,200.8,0,1,8,0.5,71.6,0.35657370517928283,,48,40 77 10 81 13 99 44 95 73 47 84 12 23 43 61 7
13,4,1,7,1417981.0,0.4,6,16,227603.0,210.0,0,1,9,0.5625,91.6,0.4361904761904762,,58,57 71 53 54 90 88 92 98 11 52 37 5 30 65 94 86
14,4,2,8,1443770.0,0.05,0,1,50934.0,11.100000000000001,1,0,1,1.0,11.100000000000001,1.0,0.0,2,96
14,4,2,8,1443770.0,0.05,1,21,257613.0,188.5,0,1,1,0.047619047619047616,5.5,0.029177718832891247,,3,4 22 36 28 38 34 6 45 97 14 9 27 56 50 58 62 21 66 15 3 19
14,4,2,8,1443770.0,0.05,2,17,280453.0,212.1,0,1,0,0.0,0.0,0.0,,0,76 26 46 17 68 64 39 24 100 49 82 41 51 79 35 70 2
14,4,2,8,1443770.0,0.05,3,18,279028.0,212.39999999999998,0,1,1,0.05555555555555555,14.4,0.06779661016949154,,1,1 48 55 59 31 74 25 18 78 83 87 67 63 93 69 89 60 33
14,4,2,8,1443770.0,0.05,4,1,27036.0,41.0,1,0,1,1.0,41.0,1.0,2117.0,1,16
14,4,2,8,1443770.0,0.05,5,10,104136.0,139.39999999999998,0,1,4,0.4,46.9,0.33644189383070305,,10,72 80 8 20 29 32 91 85 75 42
14,4,2,8,1443770.0,0.05,6,16,216967.0,200.8,0,1,2,0.125,18.4,0.09163346613545816,,8,40 77 10 81 13 99 44 95 73 47 84 12 23 43 61 7
14,4,2,8,1443770.0,0.05,7,16,227603.0,210.0,0,1,3,0.1875,24.0,0.11428571428571428,,7,57 71 53 54 90 88 92 98 11 52 37 5 30 65 94 86
14,4,2,8,1443770.0,0.1,0,1,50934.0,11.100000000000001,1,0,1,1.0,11.100000000000001,1.0,0.0,2,96
14,4,2,8,1443770.0,0.1,1,21,257613.0,188.5,0,1,3,0.14285714285714285,18.1,0.0960212201591512,,15,4 22 36 28 38 34 6 45 97 14 9 27 56 50 58 62 21 66 15 3 19
14,4,2,8,1443770.0,0.1,2,17,280453.0,212.1,0,1,0,0.0,0.0,0.0,,0,76 26 46 17 68 64 39 24 100 49 82 41 51 79 35 70 2
14,4,2,8,1443770.0,0.1,3,18,279028.0,212.39999999999998,0,1,2,0.1111111111111111,9.9,0.04661016949152543,,9,1 48 55 59 31 74 25 18 78 83 87 67 63 93 69 89 60 33
14,4,2,8,1443770.0,0.1,4,1,27036.0,41.0,1,0,1,1.0,41.0,1.0,2117.0,1,16
14,4,2,8,1443770.0,0.1,5,10,104136.0,139.39999999999998,0,1,5,0.5,64.4,0.46197991391678633,,19,72 80 8 20 29 32 91 85 75 42
14,4,2,8,1443770.0,0.1,6,16,216967.0,200.8,0,1,3,0.1875,21.700000000000003,0.10806772908366534,,15,40 77 10 81 13 99 44 95 73 47 84 12 23 43 61 7
14,4,2,8,1443770.0,0.1,7,16,227603.0,210.0,0,1,5,0.3125,35.0,0.16666666666666666,,19,57 71 53 54 90 88 92 98 11 52 37 5 30 65 94 86
14,4,2,8,1443770.0,0.2,0,1,50934.0,11.100000000000001,1,0,1,1.0,11.100000000000001,1.0,0.0,3,96
14,4,2,8,1443770.0,0.2,1,21,257613.0,188.5,0,1,5,0.23809523809523808,31.7,0.16816976127320954,,29,4 22 36 28 38 34 6 45 97 14 9 27 56 50 58 62 21 66 15 3 19
14,4,2,8,1443770.0,0.2,2,17,280453.0,212.1,0,1,5,0.29411764705882354,48.900000000000006,0.23055162659123057,,16,76 26 46 17 68 64 39 24 100 49 82 41 51 79 35 70 2
14,4,2,8,1443770.0,0.2,3,18,279028.0,212.39999999999998,0,1,7,0.3888888888888889,47.5,0.22363465160075333,,35,1 48 55 59 31 74 25 18 78 83 87 67 63 93 69 89 60 33
14,4,2,8,1443770.0,0.2,4,1,27036.0,41.0,1,0,1,1.0,41.0,1.0,2117.0,1,16
14,4,2,8,1443770.0,0.2,5,10,104136.0,139.39999999999998,0,1,8,0.8,88.99999999999999,0.6384505021520803,,39,72 80 8 20 29 32 91 85 75 42
14,4,2,8,1443770.0,0.2,6,16,216967.0,200.8,0,1,6,0.375,49.0,0.2440239043824701,,28,40 77 10 81 13 99 44 95 73 47 84 12 23 43 61 7
14,4,2,8,1443770.0,0.2,7,16,227603.0,210.0,0,1,7,0.4375,85.30000000000001,0.40619047619047627,,41,57 71 53 54 90 88 92 98 11 52 37 5 30 65 94 86
14,4,2,8,1443770.0,0.4,0,1,50934.0,11.100000000000001,1,0,1,1.0,11.100000000000001,1.0,0.0,4,96
14,4,2,8,1443770.0,0.4,1,21,257613.0,188.5,0,1,9,0.42857142857142855,65.60000000000001,0.3480106100795756,,70,4 22 36 28 38 34 6 45 97 14 9 27 56 50 58 62 21 66 15 3 19
14,4,2,8,1443770.0,0.4,2,17,280453.0,212.1,0,1,6,0.35294117647058826,74.4,0.3507779349363508,,39,76 26 46 17 68 64 39 24 100 49 82 41 51 79 35 70 2
14,4,2,8,1443770.0,0.4,3,18,279028.0,212.39999999999998,0,1,10,0.5555555555555556,95.5,0.4496233521657251,,81,1 48 55 59 31 74 25 18 78 83 87 67 63 93 69 89 60 33
14,4,2,8,1443770.0,0.4,4,1,27036.0,41.0,1,0,1,1.0,41.0,1.0,2117.0,2,16
14,4,2,8,1443770.0,0.4,5,10,104136.0,139.39999999999998,1,0,10,1.0,139.39999999999998,1.0,107867.0,53,72 80 8 20 29 32 91 85 75 42
14,4,2,8,1443770.0,0.4,6,16,216967.0,200.8,0,1,8,0.5,79.6,0.396414342629482,,52,40 77 10 81 13 99 44 95 73 47 84 12 23 43 61 7
14,4,2,8,1443770.0,0.4,7,16,227603.0,210.0,0,1,9,0.5625,91.60000000000001,0.43619047619047624,,60,57 71 53 54 90 88 92 98 11 52 37 5 30 65 94 86
15,5,0,6,1367936.0,0.05,0,21,296543.0,208.49999999999997,0,1,1,0.047619047619047616,2.7,0.012949640287769787,,2,23 44 95 47 73 38 6 34 28 45 97 14 9 27 56 50 58 62 21 66 19
15,5,0,6,1367936.0,0.05,1,17,280453.0,212.1,0,1,0,0.0,0.0,0.0,,0,76 26 46 17 68 64 39 24 100 49 82 41 51 79 35 70 2
15,5,0,6,1367936.0,0.05,2,17,284903.0,214.50000000000003,0,1,2,0.11764705882352941,31.599999999999998,0.1473193473193473,,3,1 59 55 48 89 69 93 74 31 25 63 67 87 83 78 18 88
15,5,0,6,1367936.0,0.05,3,11,106253.0,180.39999999999998,0,1,3,0.2727272727272727,32.599999999999994,0.18070953436807094,,7,72 80 8 20 29 32 91 85 75 42 16
15,5,0,6,1367936.0,0.05,4,19,181904.0,214.20000000000002,0,1,1,0.05263157894736842,2.0,0.009337068160597572,,1,40 77 10 81 13 99 12 84 36 22 43 61 7 96 4 15 3 60 33
15,5,0,6,1367936.0,0.05,5,15,217880.0,185.6,0,1,2,0.13333333333333333,18.9,0.10183189655172413,,5,57 71 53 54 90 92 98 11 52 37 5 30 65 94 86
15,5,0,6,1367936.0,0.1,0,21,296543.0,208.49999999999997,0,1,1,0.047619047619047616,2.7,0.012949640287769787,,2,23 44 95 47 73 38 6 34 28 45 97 14 9 27 56 50 58 62 21 66 19
15,5,0,6,1367936.0,0.1,1,17,280453.0,212.1,0,1,0,0.0,0.0,0.0,,0,76 26 46 17 68 64 39 24 100 49 82 41 51 79 35 70 2
15,5,0,6,1367936.0,0.1,2,17,284903.0,214.50000000000003,0,1,3,0.17647058823529413,34.3,0.15990675990675987,,4,1 59 55 48 89 69 93 74 31 25 63 67 87 83 78 18 88
15,5,0,6,1367936.0,0.1,3,11,106253.0,180.39999999999998,0,1,4,0.36363636363636365,37.7,0.20898004434589804,,11,72 80 8 20 29 32 91 85 75 42 16
15,5,0,6,1367936.0,0.1,4,19,181904.0,214.20000000000002,0,1,1,0.05263157894736842,2.0,0.009337068160597572,,2,40 77 10 81 13 99 12 84 36 22 43 61 7 96 4 15 3 60 33
15,5,0,6,1367936.0,0.1,5,15,217880.0,185.6,0,1,3,0.2,25.5,0.13739224137931036,,10,57 71 53 54 90 92 98 11 52 37 5 30 65 94 86
15,5,0,6,1367936.0,0.2,0,21,296543.0,208.49999999999997,0,1,2,0.09523809523809523,10.8,0.05179856115107915,,8,23 44 95 47 73 38 6 34 28 45 97 14 9 27 56 50 58 62 21 66 19
15,5,0,6,1367936.0,0.2,1,17,280453.0,212.1,0,1,1,0.058823529411764705,5.4,0.02545968882602546,,2,76 26 46 17 68 64 39 24 100 49 82 41 51 79 35 70 2
15,5,0,6,1367936.0,0.2,2,17,284903.0,214.50000000000003,0,1,5,0.29411764705882354,42.7,0.19906759906759905,,14,1 59 55 48 89 69 93 74 31 25 63 67 87 83 78 18 88
15,5,0,6,1367936.0,0.2,3,11,106253.0,180.39999999999998,0,1,5,0.45454545454545453,43.400000000000006,0.2405764966740577,,28,72 80 8 20 29 32 91 85 75 42 16
15,5,0,6,1367936.0,0.2,4,19,181904.0,214.20000000000002,0,1,4,0.21052631578947367,27.5,0.1283846872082166,,14,40 77 10 81 13 99 12 84 36 22 43 61 7 96 4 15 3 60 33
15,5,0,6,1367936.0,0.2,5,15,217880.0,185.6,0,1,5,0.3333333333333333,39.2,0.21120689655172417,,20,57 71 53 54 90 92 98 11 52 37 5 30 65 94 86
15,5,0,6,1367936.0,0.4,0,21,296543.0,208.49999999999997,0,1,7,0.3333333333333333,52.10000000000001,0.24988009592326146,,30,23 44 95 47 73 38 6 34 28 45 97 14 9 27 56 50 58 62 21 66 19
15,5,0,6,1367936.0,0.4,1,17,280453.0,212.1,0,1,5,0.29411764705882354,49.2,0.23196605374823198,,28,76 26 46 17 68 64 39 24 100 49 82 41 51 79 35 70 2
15,5,0,6,1367936.0,0.4,2,17,284903.0,214.50000000000003,0,1,9,0.5294117647058824,90.5,0.42191142191142184,,66,1 59 55 48 89 69 93 74 31 25 63 67 87 83 78 18 88
15,5,0,6,1367936.0,0.4,3,11,106253.0,180.39999999999998,0,1,5,0.45454545454545453,54.599999999999994,0.3026607538802661,,32,72 80 8 20 29 32 91 85 75 42 16
15,5,0,6,1367936.0,0.4,4,19,181904.0,214.20000000000002,0,1,9,0.47368421052631576,74.8,0.3492063492063492,,75,40 77 10 81 13 99 12 84 36 22 43 61 7 96 4 15 3 60 33
15,5,0,6,1367936.0,0.4,5,15,217880.0,185.6,0,1,7,0.4666666666666667,55.5,0.2990301724137931,,34,57 71 53 54 90 92 98 11 52 37 5 30 65 94 86
16,5,1,7,1392855.0,0.05,0,21,296543.0,208.49999999999997,0,1,1,0.047619047619047616,2.7,0.012949640287769787,,2,23 44 95 47 73 38 6 34 28 45 97 14 9 27 56 50 58 62 21 66 19
16,5,1,7,1392855.0,0.05,1,17,280453.0,212.1,0,1,0,0.0,0.0,0.0,,0,76 26 46 17 68 64 39 24 100 49 82 41 51 79 35 70 2
16,5,1,7,1392855.0,0.05,2,1,27036.0,41.0,1,0,1,1.0,41.0,1.0,2117.0,1,16
16,5,1,7,1392855.0,0.05,3,17,284903.0,214.50000000000003,0,1,2,0.11764705882352941,31.599999999999998,0.1473193473193473,,3,1 59 55 48 89 69 93 74 31 25 63 67 87 83 78 18 88
16,5,1,7,1392855.0,0.05,4,10,104136.0,139.39999999999998,0,1,4,0.4,47.599999999999994,0.34146341463414637,,8,72 80 8 20 29 32 91 85 75 42
16,5,1,7,1392855.0,0.05,5,19,181904.0,214.20000000000002,0,1,1,0.05263157894736842,2.0,0.009337068160597572,,1,40 77 10 81 13 99 12 84 36 22 43 61 7 96 4 15 3 60 33
16,5,1,7,1392855.0,0.05,6,15,217880.0,185.6,0,1,2,0.13333333333333333,18.9,0.10183189655172413,,5,57 71 53 54 90 92 98 11 52 37 5 30 65 94 86
16,5,1,7,1392855.0,0.1,0,21,296543.0,208.49999999999997,0,1,1,0.047619047619047616,2.7,0.012949640287769787,,2,23 44 95 47 73 38 6 34 28 45 97 14 9 27 56 50 58 62 21 66 19
16,5,1,7,1392855.0,0.1,1,17,280453.0,212.1,0,1,0,0.0,0.0,0.0,,0,76 26 46 17 68 64 39 24 100 49 82 41 51 79 35 70 2
16,5,1,7,1392855.0,0.1,2,1,27036.0,41.0,1,0,1,1.0,41.0,1.0,2117.0,2,16
16,5,1,7,1392855.0,0.1,3,17,284903.0,214.50000000000003,0,1,3,0.17647058823529413,34.3,0.15990675990675987,,4,1 59 55 48 89 69 93 74 31 25 63 67 87 83 78 18 88
16,5,1,7,1392855.0,0.1,4,10,104136.0,139.39999999999998,0,1,5,0.5,52.7,0.37804878048780494,,11,72 80 8 20 29 32 91 85 75 42
16,5,1,7,1392855.0,0.1,5,19,181904.0,214.20000000000002,0,1,1,0.05263157894736842,2.0,0.009337068160597572,,2,40 77 10 81 13 99 12 84 36 22 43 61 7 96 4 15 3 60 33
16,5,1,7,1392855.0,0.1,6,15,217880.0,185.6,0,1,4,0.26666666666666666,30.599999999999998,0.1648706896551724,,11,57 71 53 54 90 92 98 11 52 37 5 30 65 94 86
16,5,1,7,1392855.0,0.2,0,21,296543.0,208.49999999999997,0,1,2,0.09523809523809523,10.8,0.05179856115107915,,8,23 44 95 47 73 38 6 34 28 45 97 14 9 27 56 50 58 62 21 66 19
16,5,1,7,1392855.0,0.2,1,17,280453.0,212.1,0,1,1,0.058823529411764705,5.4,0.02545968882602546,,2,76 26 46 17 68 64 39 24 100 49 82 41 51 79 35 70 2
16,5,1,7,1392855.0,0.2,2,1,27036.0,41.0,1,0,1,1.0,41.0,1.0,2117.0,2,16
16,5,1,7,1392855.0,0.2,3,17,284903.0,214.50000000000003,0,1,5,0.29411764705882354,42.7,0.19906759906759905,,14,1 59 55 48 89 69 93 74 31 25 63 67 87 83 78 18 88
16,5,1,7,1392855.0,0.2,4,10,104136.0,139.39999999999998,0,1,6,0.6,58.39999999999999,0.41893830703012913,,29,72 80 8 20 29 32 91 85 75 42
16,5,1,7,1392855.0,0.2,5,19,181904.0,214.20000000000002,0,1,4,0.21052631578947367,27.5,0.1283846872082166,,14,40 77 10 81 13 99 12 84 36 22 43 61 7 96 4 15 3 60 33
16,5,1,7,1392855.0,0.2,6,15,217880.0,185.6,0,1,6,0.4,63.400000000000006,0.34159482758620696,,24,57 71 53 54 90 92 98 11 52 37 5 30 65 94 86
16,5,1,7,1392855.0,0.4,0,21,296543.0,208.49999999999997,0,1,7,0.3333333333333333,66.3,0.3179856115107914,,31,23 44 95 47 73 38 6 34 28 45 97 14 9 27 56 50 58 62 21 66 19
16,5,1,7,1392855.0,0.4,1,17,280453.0,212.1,0,1,5,0.29411764705882354,49.2,0.23196605374823198,,27,76 26 46 17 68 64 39 24 100 49 82 41 51 79 35 70 2
16,5,1,7,1392855.0,0.4,2,1,27036.0,41.0,1,0,1,1.0,41.0,1.0,2117.0,2,16
16,5,1,7,1392855.0,0.4,3,17,284903.0,214.50000000000003,0,1,9,0.5294117647058824,90.5,0.42191142191142184,,64,1 59 55 48 89 69 93 74 31 25 63 67 87 83 78 18 88
16,5,1,7,1392855.0,0.4,4,10,104136.0,139.39999999999998,0,1,7,0.7,76.8,0.550932568149211,,35,72 80 8 20 29 32 91 85 75 42
16,5,1,7,1392855.0,0.4,5,19,181904.0,214.20000000000002,0,1,10,0.5263157894736842,80.10000000000001,0.3739495798319328,,84,40 77 10 81 13 99 12 84 36 22 43 61 7 96 4 15 3 60 33
16,5,1,7,1392855.0,0.4,6,15,217880.0,185.6,0,1,8,0.5333333333333333,65.8,0.3545258620689655,,36,57 71 53 54 90 92 98 11 52 37 5 30 65 94 86
17,5,2,8,1446087.0,0.05,0,20,293891.0,205.79999999999998,0,1,0,0.0,0.0,0.0,,0,23 44 95 47 73 38 6 34 28 45 97 14 9 27 56 50 58 62 21 66
17,5,2,8,1446087.0,0.05,1,1,54696.0,2.7,1,0,1,1.0,2.7,1.0,2652.0,3,19
17,5,2,8,1446087.0,0.05,2,17,280453.0,212.1,0,1,0,0.0,0.0,0.0,,0,76 26 46 17 68 64 39 24 100 49 82 41 51 79 35 70 2
17,5,2,8,1446087.0,0.05,3,17,284903.0,214.50000000000003,0,1,3,0.17647058823529413,39.0,0.1818181818181818,,5,1 59 55 48 89 69 93 74 31 25 63 67 87 83 78 18 88
17,5,2,8,1446087.0,0.05,4,11,106253.0,180.39999999999998,0,1,4,0.36363636363636365,47.599999999999994,0.2638580931263858,,10,72 80 8 20 29 32 91 85 75 42 16
17,5,2,8,1446087.0,0.05,5,1,27822.0,8.9,1,0,1,1.0,8.9,1.0,1715.0,1,40
17,5,2,8,1446087.0,0.05,6,18,180189.0,205.3,0,1,2,0.1111111111111111,5.4,0.02630297126156844,,6,77 10 81 13 99 12 84 36 22 43 61 7 96 4 15 3 60 33
17,5,2,8,1446087.0,0.05,7,15,217880.0,185.6,0,1,3,0.2,24.0,0.12931034482758622,,6,57 71 53 54 90 92 98 11 52 37 5 30 65 94 86
17,5,2,8,1446087.0,0.1,0,20,293891.0,205.79999999999998,0,1,1,0.05,12.600000000000001,0.06122448979591838,,2,23 44 95 47 73 38 6 34 28 45 97 14 9 27 56 50 58 62 21 66
17,5,2,8,1446087.0,0.1,1,1,54696.0,2.7,1,0,1,1.0,2.7,1.0,2652.0,3,19
17,5,2,8,1446087.0,0.1,2,17,280453.0,212.1,0,1,1,0.058823529411764705,3.3,0.015558698727015558,,1,76 26 46 17 68 64 39 24 100 49 82 41 51 79 35 70 2
17,5,2,8,1446087.0,0.1,3,17,284903.0,214.50000000000003,0,1,4,0.23529411764705882,42.5,0.19813519813519812,,8,1 59 55 48 89 69 93 74 31 25 63 67 87 83 78 18 88
17,5,2,8,1446087.0,0.1,4,11,106253.0,180.39999999999998,0,1,5,0.45454545454545453,76.6,0.4246119733924612,,16,72 80 8 20 29 32 91 85 75 42 16
17,5,2,8,1446087.0,0.1,5,1,27822.0,8.9,1,0,1,1.0,8.9,1.0,1715.0,1,40
17,5,2,8,1446087.0,0.1,6,18,180189.0,205.3,0,1,2,0.1111111111111111,7.1,0.034583536288358495,,7,77 10 81 13 99 12 84 36 22 43 61 7 96 4 15 3 60 33
17,5,2,8,1446087.0,0.1,7,15,217880.0,185.6,0,1,5,0.3333333333333333,35.0,0.18857758620689655,,15,57 71 53 54 90 92 98 11 52 37 5 30 65 94 86
17,5,2,8,1446087.0,0.2,0,20,293891.0,205.79999999999998,0,1,1,0.05,12.600000000000001,0.06122448979591838,,11,23 44 95 47 73 38 6 34 28 45 97 14 9 27 56 50 58 62 21 66
17,5,2,8,1446087.0,0.2,1,1,54696.0,2.7,1,0,1,1.0,2.7,1.0,2652.0,4,19
17,5,2,8,1446087.0,0.2,2,17,280453.0,212.1,0,1,2,0.11764705882352941,17.1,0.08062234794908063,,7,76 26 46 17 68 64 39 24 100 49 82 41 51 79 35 70 2
17,5,2,8,1446087.0,0.2,3,17,284903.0,214.50000000000003,0,1,5,0.29411764705882354,54.900000000000006,0.25594405594405595,,21,1 59 55 48 89 69 93 74 31 25 63 67 87 83 78 18 88
17,5,2,8,1446087.0,0.2,4,11,106253.0,180.39999999999998,0,1,7,0.6363636363636364,127.9,0.7089800443458981,,38,72 80 8 20 29 32 91 85 75 42 16
17,5,2,8,1446087.0,0.2,5,1,27822.0,8.9,1,0,1,1.0,8.9,1.0,1715.0,3,40
17,5,2,8,1446087.0,0.2,6,18,180189.0,205.3,0,1,6,0.3333333333333333,35.7,0.17389186556259134,,21,77 10 81 13 99 12 84 36 22 43 61 7 96 4 15 3 60 33
17,5,2,8,1446087.0,0.2,7,15,217880.0,185.6,0,1,7,0.4666666666666667,62.0,0.33405172413793105,,27,57 71 53 54 90 92 98 11 52 37 5 30 65 94 86
17,5,2,8,1446087.0,0.4,0,20,293891.0,205.79999999999998,0,1,7,0.35,60.5,0.293974732750243,,40,23 44 95 47 73 38 6 34 28 45 97 14 9 27 56 50 58 62 21 66
17,5,2,8,1446087.0,0.4,1,1,54696.0,2.7,1,0,1,1.0,2.7,1.0,2652.0,6,19
17,5,2,8,1446087.0,0.4,2,17,280453.0,212.1,0,1,6,0.35294117647058826,62.3,0.29372937293729373,,35,76 26 46 17 68 64 39 24 100 49 82 41 51 79 35 70 2
17,5,2,8,1446087.0,0.4,3,17,284903.0,214.50000000000003,0,1,11,0.6470588235294118,104.7,0.48811188811188805,,81,1 59 55 48 89 69 93 74 31 25 63 67 87 83 78 18 88
17,5,2,8,1446087.0,0.4,4,11,106253.0,180.39999999999998,0,1,10,0.9090909090909091,168.2,0.9323725055432373,,58,72 80 8 20 29 32 91 85 75 42 16
17,5,2,8,1446087.0,0.4,5,1,27822.0,8.9,1,0,1,1.0,8.9,1.0,1715.0,4,40
17,5,2,8,1446087.0,0.4,6,18,180189.0,205.3,0,1,13,0.7222222222222222,118.80000000000001,0.5786653677545056,,100,77 10 81 13 99 12 84 36 22 43 61 7 96 4 15 3 60 33
17,5,2,8,1446087.0,0.4,7,15,217880.0,185.6,0,1,9,0.6,84.5,0.4552801724137931,,46,57 71 53 54 90 92 98 11 52 37 5 30 65 94 86
18,6,0,6,1371804.0,0.05,0,22,309906.0,207.09999999999997,0,1,0,0.0,0.0,0.0,,0,77 99 44 95 47 73 38 34 6 28 45 97 14 9 27 56 50 58 62 21 66 19
18,6,0,6,1371804.0,0.05,1,14,251834.0,181.9,0,1,1,0.07142857142857142,15.0,0.08246289169873557,,1,76 68 39 24 100 49 82 41 51 79 35 70 2 72
18,6,0,6,1371804.0,0.05,2,16,269371.0,225.60000000000002,0,1,1,0.0625,11.600000000000001,0.051418439716312055,,1,33 89 69 93 74 31 25 63 67 87 83 78 18 88 90 54
18,6,0,6,1371804.0,0.05,3,15,171440.0,230.50000000000003,0,1,2,0.13333333333333333,16.7,0.07245119305856831,,3,80 20 8 64 17 46 26 10 23 61 43 7 96 42 16
18,6,0,6,1371804.0,0.05,4,18,161747.0,210.29999999999998,0,1,3,0.16666666666666666,31.099999999999998,0.14788397527341893,,4,40 81 13 12 84 36 22 4 15 3 60 48 55 59 1 85 75 91
18,6,0,6,1371804.0,0.05,5,15,207506.0,159.89999999999998,0,1,2,0.13333333333333333,18.9,0.11819887429643527,,3,57 71 53 92 98 11 52 37 5 30 29 65 32 94 86
18,6,0,6,1371804.0,0.1,0,22,309906.0,207.09999999999997,0,1,1,0.045454545454545456,2.7,0.013037180106228879,,1,77 99 44 95 47 73 38 34 6 28 45 97 14 9 27 56 50 58 62 21 66 19
18,6,0,6,1371804.0,0.1,1,14,251834.0,181.9,0,1,2,0.14285714285714285,18.3,0.10060472787245739,,2,76 68 39 24 100 49 82 41 51 79 35 70 2 72
18,6,0,6,1371804.0,0.1,2,16,269371.0,225.60000000000002,0,1,1,0.0625,28.9,0.1281028368794326,,2,33 89 69 93 74 31 25 63 67 87 83 78 18 88 90 54
18,6,0,6,1371804.0,0.1,3,15,171440.0,230.50000000000003,0,1,6,0.4,78.2,0.33926247288503253,,15,80 20 8 64 17 46 26 10 23 61 43 7 96 42 16
18,6,0,6,1371804.0,0.1,4,18,161747.0,210.29999999999998,0,1,3,0.16666666666666666,31.099999999999998,0.14788397527341893,,6,40 81 13 12 84 36 22 4 15 3 60 48 55 59 1 85 75 91
18,6,0,6,1371804.0,0.1,5,15,207506.0,159.89999999999998,0,1,6,0.4,43.199999999999996,0.2701688555347092,,19,57 71 53 92 98 11 52 37 5 30 29 65 32 94 86
18,6,0,6,1371804.0,0.2,0,22,309906.0,207.09999999999997,0,1,2,0.09090909090909091,14.599999999999998,0.07049734427812651,,4,77 99 44 95 47 73 38 34 6 28 45 97 14 9 27 56 50 58 62 21 66 19
18,6,0,6,1371804.0,0.2,1,14,251834.0,181.9,0,1,2,0.14285714285714285,18.3,0.10060472787245739,,2,76 68 39 24 100 49 82 41 51 79 35 70 2 72
18,6,0,6,1371804.0,0.2,2,16,269371.0,225.60000000000002,0,1,3,0.1875,64.9,0.287677304964539,,7,33 89 69 93 74 31 25 63 67 87 83 78 18 88 90 54
18,6,0,6,1371804.0,0.2,3,15,171440.0,230.50000000000003,0,1,7,0.4666666666666667,83.1,0.3605206073752711,,40,80 20 8 64 17 46 26 10 23 61 43 7 96 42 16
18,6,0,6,1371804.0,0.2,4,18,161747.0,210.29999999999998,0,1,6,0.3333333333333333,80.6,0.38326200665715643,,24,40 81 13 12 84 36 22 4 15 3 60 48 55 59 1 85 75 91
18,6,0,6,1371804.0,0.2,5,15,207506.0,159.89999999999998,0,1,6,0.4,43.199999999999996,0.2701688555347092,,32,57 71 53 92 98 11 52 37 5 30 29 65 32 94 86
18,6,0,6,1371804.0,0.4,0,22,309906.0,207.09999999999997,0,1,6,0.2727272727272727,50.400000000000006,0.2433606953162724,,42,77 99 44 95 47 73 38 34 6 28 45 97 14 9 27 56 50 58 62 21 66 19
18,6,0,6,1371804.0,0.4,1,14,251834.0,181.9,0,1,3,0.21428571428571427,48.3,0.2655305112699285,,11,76 68 39 24 100 49 82 41 51 79 35 70 2 72
18,6,0,6,1371804.0,0.4,2,16,269371.0,225.60000000000002,0,1,8,0.5,82.6,0.3661347517730496,,62,33 89 69 93 74 31 25 63 67 87 83 78 18 88 90 54
18,6,0,6,1371804.0,0.4,3,15,171440.0,230.50000000000003,0,1,9,0.6,103.5,0.44902386117136656,,84,80 20 8 64 17 46 26 10 23 61 43 7 96 42 16
18,6,0,6,1371804.0,0.4,4,18,161747.0,210.29999999999998,0,1,10,0.5555555555555556,94.2,0.44793152639087025,,113,40 81 13 12 84 36 22 4 15 3 60 48 55 59 1 85 75 91
18,6,0,6,1371804.0,0.4,5,15,207506.0,159.89999999999998,0,1,6,0.4,43.199999999999996,0.2701688555347092,,39,57 71 53 92 98 11 52 37 5 30 29 65 32 94 86
19,6,1,7,1395657.0,0.05,0,22,309906.0,207.09999999999997,0,1,0,0.0,0.0,0.0,,0,77 99 44 95 47 73 38 34 6 28 45 97 14 9 27 56 50 58 62 21 66 19
19,6,1,7,1395657.0,0.05,1,14,251834.0,181.9,0,1,1,0.07142857142857142,15.0,0.08246289169873557,,3,76 68 39 24 100 49 82 41 51 79 35 70 2 72
19,6,1,7,1395657.0,0.05,2,16,269371.0,225.60000000000002,0,1,2,0.125,23.5,0.10416666666666666,,3,33 89 69 93 74 31 25 63 67 87 83 78 18 88 90 54
19,6,1,7,1395657.0,0.05,3,15,171440.0,230.50000000000003,0,1,3,0.2,27.8,0.12060737527114966,,4,80 20 8 64 17 46 26 10 23 61 43 7 96 42 16
19,6,1,7,1395657.0,0.05,4,17,161748.0,193.2,0,1,2,0.11764705882352941,14.0,0.07246376811594203,,3,40 81 13 12 84 36 22 4 15 3 60 48 55 59 1 85 75
19,6,1,7,1395657.0,0.05,5,1,23852.0,17.099999999999998,1,0,1,1.0,17.099999999999998,1.0,-1.0,2,91
19,6,1,7,1395657.0,0.05,6,15,207506.0,159.89999999999998,0,1,3,0.2,28.599999999999998,0.17886178861788618,,5,57 71 53 92 98 11 52 37 5 30 29 65 32 94 86
19,6,1,7,1395657.0,0.1,0,22,309906.0,207.09999999999997,0,1,1,0.045454545454545456,11.899999999999999,0.057460164171897636,,3,77 99 44 95 47 73 38 34 6 28 45 97 14 9 27 56 50 58 62 21 66 19
19,6,1,7,1395657.0,0.1,1,14,251834.0,181.9,0,1,2,0.14285714285714285,18.3,0.10060472787245739,,4,76 68 39 24 100 49 82 41 51 79 35 70 2 72
19,6,1,7,1395657.0,0.1,2,16,269371.0,225.60000000000002,0,1,3,0.1875,48.699999999999996,0.2158687943262411,,7,33 89 69 93 74 31 25 63 67 87 83 78 18 88 90 54
19,6,1,7,1395657.0,0.1,3,15,171440.0,230.50000000000003,0,1,7,0.4666666666666667,95.1,0.412581344902386,,22,80 20 8 64 17 46 26 10 23 61 43 7 96 42 16
19,6,1,7,1395657.0,0.1,4,17,161748.0,193.2,0,1,2,0.11764705882352941,14.0,0.07246376811594203,,4,40 81 13 12 84 36 22 4 15 3 60 48 55 59 1 85 75
19,6,1,7,1395657.0,0.1,5,1,23852.0,17.099999999999998,1,0,1,1.0,17.099999999999998,1.0,-1.0,3,91
19,6,1,7,1395657.0,0.1,6,15,207506.0,159.89999999999998,0,1,7,0.4666666666666667,49.8,0.31144465290806755,,29,57 71 53 92 98 11 52 37 5 30 29 65 32 94 86
19,6,1,7,1395657.0,0.2,0,22,309906.0,207.09999999999997,0,1,3,0.13636363636363635,31.7,0.15306615161757609,,16,77 99 44 95 47 73 38 34 6 28 45 97 14 9 27 56 50 58 62 21 66 19
19,6,1,7,1395657.0,0.2,1,14,251834.0,181.9,0,1,3,0.21428571428571427,32.1,0.17647058823529413,,7,76 68 39 24 100 49 82 41 51 79 35 70 2 72
19,6,1,7,1395657.0,0.2,2,16,269371.0,225.60000000000002,0,1,5,0.3125,84.7,0.3754432624113475,,15,33 89 69 93 74 31 25 63 67 87 83 78 18 88 90 54
19,6,1,7,1395657.0,0.2,3,15,171440.0,230.50000000000003,0,1,8,0.5333333333333333,101.5,0.44034707158351405,,54,80 20 8 64 17 46 26 10 23 61 43 7 96 42 16
19,6,1,7,1395657.0,0.2,4,17,161748.0,193.2,0,1,5,0.29411764705882354,64.9,0.33592132505175987,,19,40 81 13 12 84 36 22 4 15 3 60 48 55 59 1 85 75
19,6,1,7,1395657.0,0.2,5,1,23852.0,17.099999999999998,1,0,1,1.0,17.099999999999998,1.0,-1.0,3,91
19,6,1,7,1395657.0,0.2,6,15,207506.0,159.89999999999998,0,1,8,0.5333333333333333,78.2,0.4890556597873672,,48,57 71 53 92 98 11 52 37 5 30 29 65 32 94 86
19,6,1,7,1395657.0,0.4,0,22,309906.0,207.09999999999997,0,1,8,0.36363636363636365,69.1,0.33365523901496863,,74,77 99 44 95 47 73 38 34 6 28 45 97 14 9 27 56 50 58 62 21 66 19
19,6,1,7,1395657.0,0.4,1,14,251834.0,181.9,0,1,5,0.35714285714285715,77.1,0.42385926333150076,,16,76 68 39 24 100 49 82 41 51 79 35 70 2 72
19,6,1,7,1395657.0,0.4,2,16,269371.0,225.60000000000002,0,1,9,0.5625,107.0,0.47429078014184395,,78,33 89 69 93 74 31 25 63 67 87 83 78 18 88 90 54
19,6,1,7,1395657.0,0.4,3,15,171440.0,230.50000000000003,0,1,11,0.7333333333333333,162.89999999999998,0.7067245119305855,,103,80 20 8 64 17 46 26 10 23 61 43 7 96 42 16
19,6,1,7,1395657.0,0.4,4,17,161748.0,193.2,0,1,10,0.5882352941176471,94.2,0.4875776397515528,,107,40 81 13 12 84 36 22 4 15 3 60 48 55 59 1 85 75
19,6,1,7,1395657.0,0.4,5,1,23852.0,17.099999999999998,1,0,1,1.0,17.099999999999998,1.0,-1.0,3,91
19,6,1,7,1395657.0,0.4,6,15,207506.0,159.89999999999998,0,1,8,0.5333333333333333,78.2,0.4890556597873672,,58,57 71 53 92 98 11 52 37 5 30 29 65 32 94 86
20,6,2,8,1412638.0,0.05,0,22,309906.0,207.09999999999997,0,1,0,0.0,0.0,0.0,,0,77 99 44 95 47 73 38 34 6 28 45 97 14 9 27 56 50 58 62 21 66 19
20,6,2,8,1412638.0,0.05,1,13,251669.0,178.6,0,1,1,0.07692307692307693,15.0,0.083986562150056,,4,76 39 24 100 49 82 41 51 79 35 70 2 72
20,6,2,8,1412638.0,0.05,2,16,269371.0,225.60000000000002,0,1,1,0.0625,11.600000000000001,0.051418439716312055,,1,33 89 69 93 74 31 25 63 67 87 83 78 18 88 90 54
20,6,2,8,1412638.0,0.05,3,14,155621.0,159.9,0,1,3,0.21428571428571427,12.1,0.0756722951844903,,5,80 20 8 64 68 17 46 26 10 23 61 43 7 96
20,6,2,8,1412638.0,0.05,4,1,27822.0,8.9,1,0,1,1.0,8.9,1.0,6235.0,2,40
20,6,2,8,1412638.0,0.05,5,17,160878.0,217.20000000000002,0,1,2,0.11764705882352941,10.6,0.048802946593001835,,3,81 13 12 84 36 22 4 15 3 60 48 55 59 1 85 75 42
20,6,2,8,1412638.0,0.05,6,2,29865.0,58.099999999999994,0,1,1,0.5,17.099999999999998,0.2943201376936317,,1,16 91
20,6,2,8,1412638.0,0.05,7,15,207506.0,159.89999999999998,0,1,2,0.13333333333333333,18.9,0.11819887429643527,,4,57 71 53 92 98 11 52 37 5 30 29 65 32 94 86
20,6,2,8,1412638.0,0.1,0,22,309906.0,207.09999999999997,0,1,2,0.09090909090909091,6.3,0.030420086914534045,,3,77 99 44 95 47 73 38 34 6 28 45 97 14 9 27 56 50 58 62 21 66 19
20,6,2,8,1412638.0,0.1,1,13,251669.0,178.6,0,1,2,0.15384615384615385,28.8,0.1612541993281075,,5,76 39 24 100 49 82 41 51 79 35 70 2 72
20,6,2,8,1412638.0,0.1,2,16,269371.0,225.60000000000002,0,1,1,0.0625,28.9,0.1281028368794326,,2,33 89 69 93 74 31 25 63 67 87 83 78 18 88 90 54
20,6,2,8,1412638.0,0.1,3,14,155621.0,159.9,0,1,6,0.42857142857142855,40.5,0.25328330206378985,,18,80 20 8 64 68 17 46 26 10 23 61 43 7 96
20,6,2,8,1412638.0,0.1,4,1,27822.0,8.9,1,0,1,1.0,8.9,1.0,6235.0,2,40
20,6,2,8,1412638.0,0.1,5,17,160878.0,217.20000000000002,0,1,4,0.23529411764705882,53.8,0.2476979742173112,,11,81 13 12 84 36 22 4 15 3 60 48 55 59 1 85 75 42
20,6,2,8,1412638.0,0.1,6,2,29865.0,58.099999999999994,1,0,2,1.0,58.099999999999994,1.0,13115.0,8,16 91
20,6,2,8,1412638.0,0.1,7,15,207506.0,159.89999999999998,0,1,6,0.4,43.2,0.27016885553470926,,25,57 71 53 92 98 11 52 37 5 30 29 65 32 94 86
20,6,2,8,1412638.0,0.2,0,22,309906.0,207.09999999999997,0,1,3,0.13636363636363635,27.2,0.1313375181071946,,8,77 99 44 95 47 73 38 34 6 28 45 97 14 9 27 56 50 58 62 21 66 19
20,6,2,8,1412638.0,0.2,1,13,251669.0,178.6,0,1,2,0.15384615384615385,28.8,0.1612541993281075,,5,76 39 24 100 49 82 41 51 79 35 70 2 72
20,6,2,8,1412638.0,0.2,2,16,269371.0,225.60000000000002,0,1,4,0.25,76.80000000000001,0.3404255319148936,,9,33 89 69 93 74 31 25 63 67 87 83 78 18 88 90 54
20,6,2,8,1412638.0,0.2,3,14,155621.0,159.9,0,1,8,0.5714285714285714,71.4,0.4465290806754222,,44,80 20 8 64 68 17 46 26 10 23 61 43 7 96
20,6,2,8,1412638.0,0.2,4,1,27822.0,8.9,1,0,1,1.0,8.9,1.0,6235.0,3,40
20,6,2,8,1412638.0,0.2,5,17,160878.0,217.20000000000002,0,1,11,0.6470588235294118,133.4,0.6141804788213627,,60,81 13 12 84 36 22 4 15 3 60 48 55 59 1 85 75 42
20,6,2,8,1412638.0,0.2,6,2,29865.0,58.099999999999994,1,0,2,1.0,58.099999999999994,1.0,13115.0,8,16 91
20,6,2,8,1412638.0,0.2,7,15,207506.0,159.89999999999998,0,1,8,0.5333333333333333,78.2,0.4890556597873672,,54,57 71 53 92 98 11 52 37 5 30 29 65 32 94 86
20,6,2,8,1412638.0,0.4,0,22,309906.0,207.09999999999997,0,1,8,0.36363636363636365,68.8,0.3322066634476099,,69,77 99 44 95 47 73 38 34 6 28 45 97 14 9 27 56 50 58 62 21 66 19
20,6,2,8,1412638.0,0.4,1,13,251669.0,178.6,0,1,4,0.3076923076923077,76.4,0.4277715565509519,,13,76 39 24 100 49 82 41 51 79 35 70 2 72
20,6,2,8,1412638.0,0.4,2,16,269371.0,225.60000000000002,0,1,11,0.6875,130.8,0.5797872340425532,,84,33 89 69 93 74 31 25 63 67 87 83 78 18 88 90 54
20,6,2,8,1412638.0,0.4,3,14,155621.0,159.9,0,1,10,0.7142857142857143,101.9,0.6372732958098812,,94,80 20 8 64 68 17 46 26 10 23 61 43 7 96
20,6,2,8,1412638.0,0.4,4,1,27822.0,8.9,1,0,1,1.0,8.9,1.0,6235.0,3,40
20,6,2,8,1412638.0,0.4,5,17,160878.0,217.20000000000002,0,1,15,0.8823529411764706,192.6,0.8867403314917126,,187,81 13 12 84 36 22 4 15 3 60 48 55 59 1 85 75 42
20,6,2,8,1412638.0,0.4,6,2,29865.0,58.099999999999994,1,0,2,1.0,58.099999999999994,1.0,13115.0,8,16 91
20,6,2,8,1412638.0,0.4,7,15,207506.0,159.89999999999998,0,1,10,0.6666666666666666,110.2,0.6891807379612259,,80,57 71 53 92 98 11 52 37 5 30 29 65 32 94 86
21,7,0,6,1375231.0,0.05,0,21,296654.0,210.89999999999998,0,1,1,0.047619047619047616,16.9,0.08013276434329066,,2,23 44 95 47 73 38 34 6 28 45 97 14 9 27 56 50 58 62 21 66 3
21,7,0,6,1375231.0,0.05,1,17,280453.0,212.1,0,1,0,0.0,0.0,0.0,,0,76 26 46 17 68 64 39 24 100 49 82 41 51 79 35 70 2
21,7,0,6,1375231.0,0.05,2,17,268886.0,229.49999999999997,0,1,1,0.058823529411764705,11.600000000000001,0.0505446623093682,,1,1 48 33 60 89 69 93 25 63 67 87 83 78 18 88 90 54
21,7,0,6,1375231.0,0.05,3,14,154800.0,218.49999999999997,0,1,3,0.21428571428571427,37.2,0.1702517162471396,,5,72 80 8 20 29 91 42 75 85 31 74 59 55 16
21,7,0,6,1375231.0,0.05,4,17,173041.0,189.5,0,1,0,0.0,0.0,0.0,,0,40 77 10 81 13 99 12 84 36 22 43 61 7 96 4 15 19
21,7,0,6,1375231.0,0.05,5,14,201397.0,154.79999999999998,0,1,2,0.14285714285714285,20.9,0.13501291989664083,,4,57 71 53 92 98 11 52 37 5 30 65 32 94 86
21,7,0,6,1375231.0,0.1,0,21,296654.0,210.89999999999998,0,1,1,0.047619047619047616,16.9,0.08013276434329066,,3,23 44 95 47 73 38 34 6 28 45 97 14 9 27 56 50 58 62 21 66 3
21,7,0,6,1375231.0,0.1,1,17,280453.0,212.1,0,1,0,0.0,0.0,0.0,,0,76 26 46 17 68 64 39 24 100 49 82 41 51 79 35 70 2
21,7,0,6,1375231.0,0.1,2,17,268886.0,229.49999999999997,0,1,2,0.11764705882352941,43.3,0.18867102396514163,,4,1 48 33 60 89 69 93 25 63 67 87 83 78 18 88 90 54
21,7,0,6,1375231.0,0.1,3,14,154800.0,218.49999999999997,0,1,5,0.35714285714285715,78.4,0.3588100686498857,,13,72 80 8 20 29 91 42 75 85 31 74 59 55 16
21,7,0,6,1375231.0,0.1,4,17,173041.0,189.5,0,1,1,0.058823529411764705,2.0,0.010554089709762533,,1,40 77 10 81 13 99 12 84 36 22 43 61 7 96 4 15 19
21,7,0,6,1375231.0,0.1,5,14,201397.0,154.79999999999998,0,1,2,0.14285714285714285,20.9,0.13501291989664083,,5,57 71 53 92 98 11 52 37 5 30 65 32 94 86
21,7,0,6,1375231.0,0.2,0,21,296654.0,210.89999999999998,0,1,3,0.14285714285714285,24.9,0.11806543385490754,,15,23 44 95 47 73 38 34 6 28 45 97 14 9 27 56 50 58 62 21 66 3
21,7,0,6,1375231.0,0.2,1,17,280453.0,212.1,0,1,2,0.11764705882352941,26.900000000000002,0.12682696841112684,,7,76 26 46 17 68 64 39 24 100 49 82 41 51 79 35 70 2
21,7,0,6,1375231.0,0.2,2,17,268886.0,229.49999999999997,0,1,7,0.4117647058823529,97.10000000000001,0.4230936819172114,,21,1 48 33 60 89 69 93 25 63 67 87 83 78 18 88 90 54
21,7,0,6,1375231.0,0.2,3,14,154800.0,218.49999999999997,0,1,6,0.42857142857142855,95.30000000000001,0.43615560640732276,,40,72 80 8 20 29 91 42 75 85 31 74 59 55 16
21,7,0,6,1375231.0,0.2,4,17,173041.0,189.5,0,1,3,0.17647058823529413,16.4,0.08654353562005276,,9,40 77 10 81 13 99 12 84 36 22 43 61 7 96 4 15 19
21,7,0,6,1375231.0,0.2,5,14,201397.0,154.79999999999998,0,1,4,0.2857142857142857,35.2,0.227390180878553,,19,57 71 53 92 98 11 52 37 5 30 65 32 94 86
21,7,0,6,1375231.0,0.4,0,21,296654.0,210.89999999999998,0,1,6,0.2857142857142857,55.7,0.2641062114746326,,58,23 44 95 47 73 38 34 6 28 45 97 14 9 27 56 50 58 62 21 66 3
21,7,0,6,1375231.0,0.4,1,17,280453.0,212.1,0,1,6,0.35294117647058826,65.3,0.30787364450730786,,38,76 26 46 17 68 64 39 24 100 49 82 41 51 79 35 70 2
21,7,0,6,1375231.0,0.4,2,17,268886.0,229.49999999999997,0,1,9,0.5294117647058824,87.0,0.3790849673202615,,82,1 48 33 60 89 69 93 25 63 67 87 83 78 18 88 90 54
21,7,0,6,1375231.0,0.4,3,14,154800.0,218.49999999999997,0,1,9,0.6428571428571429,95.4,0.4366132723112129,,79,72 80 8 20 29 91 42 75 85 31 74 59 55 16
21,7,0,6,1375231.0,0.4,4,17,173041.0,189.5,0,1,8,0.47058823529411764,55.40000000000001,0.29234828496042226,,58,40 77 10 81 13 99 12 84 36 22 43 61 7 96 4 15 19
21,7,0,6,1375231.0,0.4,5,14,201397.0,154.79999999999998,0,1,4,0.2857142857142857,35.2,0.227390180878553,,25,57 71 53 92 98 11 52 37 5 30 65 32 94 86
22,7,1,7,1402094.0,0.05,0,21,296654.0,210.89999999999998,0,1,1,0.047619047619047616,16.9,0.08013276434329066,,2,23 44 95 47 73 38 34 6 28 45 97 14 9 27 56 50 58 62 21 66 3
22,7,1,7,1402094.0,0.05,1,17,280453.0,212.1,0,1,0,0.0,0.0,0.0,,0,76 26 46 17 68 64 39 24 100 49 82 41 51 79 35 70 2
22,7,1,7,1402094.0,0.05,2,17,268886.0,229.49999999999997,0,1,0,0.0,0.0,0.0,,0,1 48 33 60 89 69 93 25 63 67 87 83 78 18 88 90 54
22,7,1,7,1402094.0,0.05,3,3,39329.0,39.4,0,1,1,0.3333333333333333,6.6,0.16751269035532995,,2,57 53 71
22,7,1,7,1402094.0,0.05,4,14,154800.0,218.49999999999997,0,1,2,0.14285714285714285,20.1,0.09199084668192221,,5,72 80 8 20 29 91 42 75 85 31 74 59 55 16
22,7,1,7,1402094.0,0.05,5,17,173041.0,189.5,0,1,0,0.0,0.0,0.0,,0,40 77 10 81 13 99 12 84 36 22 43 61 7 96 4 15 19
22,7,1,7,1402094.0,0.05,6,11,188931.0,115.40000000000002,0,1,2,0.18181818181818182,20.9,0.18110918544194102,,4,92 98 11 52 37 5 30 65 32 94 86
22,7,1,7,1402094.0,0.1,0,21,296654.0,210.89999999999998,0,1,1,0.047619047619047616,16.9,0.08013276434329066,,3,23 44 95 47 73 38 34 6 28 45 97 14 9 27 56 50 58 62 21 66 3
22,7,1,7,1402094.0,0.1,1,17,280453.0,212.1,0,1,0,0.0,0.0,0.0,,0,76 26 46 17 68 64 39 24 100 49 82 41 51 79 35 70 2
22,7,1,7,1402094.0,0.1,2,17,268886.0,229.49999999999997,0,1,1,0.058823529411764705,14.4,0.0627450980392157,,2,1 48 33 60 89 69 93 25 63 67 87 83 78 18 88 90 54
22,7,1,7,1402094.0,0.1,3,3,39329.0,39.4,1,0,3,1.0,39.4,1.0,12900.0,6,57 53 71
22,7,1,7,1402094.0,0.1,4,14,154800.0,218.49999999999997,0,1,5,0.35714285714285715,84.4,0.38627002288329526,,14,72 80 8 20 29 91 42 75 85 31 74 59 55 16
22,7,1,7,1402094.0,0.1,5,17,173041.0,189.5,0,1,1,0.058823529411764705,2.0,0.010554089709762533,,1,40 77 10 81 13 99 12 84 36 22 43 61 7 96 4 15 19
22,7,1,7,1402094.0,0.1,6,11,188931.0,115.40000000000002,0,1,3,0.2727272727272727,28.6,0.2478336221837088,,6,92 98 11 52 37 5 30 65 32 94 86
22,7,1,7,1402094.0,0.2,0,21,296654.0,210.89999999999998,0,1,3,0.14285714285714285,24.9,0.11806543385490754,,15,23 44 95 47 73 38 34 6 28 45 97 14 9 27 56 50 58 62 21 66 3
22,7,1,7,1402094.0,0.2,1,17,280453.0,212.1,0,1,2,0.11764705882352941,26.900000000000002,0.12682696841112684,,7,76 26 46 17 68 64 39 24 100 49 82 41 51 79 35 70 2
22,7,1,7,1402094.0,0.2,2,17,268886.0,229.49999999999997,0,1,6,0.35294117647058826,85.5,0.3725490196078432,,19,1 48 33 60 89 69 93 25 63 67 87 83 78 18 88 90 54
22,7,1,7,1402094.0,0.2,3,3,39329.0,39.4,1,0,3,1.0,39.4,1.0,12900.0,13,57 53 71
22,7,1,7,1402094.0,0.2,4,14,154800.0,218.49999999999997,0,1,8,0.5714285714285714,121.4,0.5556064073226545,,44,72 80 8 20 29 91 42 75 85 31 74 59 55 16
22,7,1,7,1402094.0,0.2,5,17,173041.0,189.5,0,1,3,0.17647058823529413,16.4,0.08654353562005276,,9,40 77 10 81 13 99 12 84 36 22 43 61 7 96 4 15 19
22,7,1,7,1402094.0,0.2,6,11,188931.0,115.40000000000002,0,1,4,0.36363636363636365,33.7,0.2920277296360485,,15,92 98 11 52 37 5 30 65 32 94 86
22,7,1,7,1402094.0,0.4,0,21,296654.0,210.89999999999998,0,1,6,0.2857142857142857,55.7,0.2641062114746326,,55,23 44 95 47 73 38 34 6 28 45 97 14 9 27 56 50 58 62 21 66 3
22,7,1,7,1402094.0,0.4,1,17,280453.0,212.1,0,1,6,0.35294117647058826,93.19999999999999,0.4394153701084394,,41,76 26 46 17 68 64 39 24 100 49 82 41 51 79 35 70 2
22,7,1,7,1402094.0,0.4,2,17,268886.0,229.49999999999997,0,1,10,0.5882352941176471,94.20000000000002,0.41045751633986943,,77,1 48 33 60 89 69 93 25 63 67 87 83 78 18 88 90 54
22,7,1,7,1402094.0,0.4,3,3,39329.0,39.4,1,0,3,1.0,39.4,1.0,12900.0,13,57 53 71
22,7,1,7,1402094.0,0.4,4,14,154800.0,218.49999999999997,0,1,11,0.7857142857142857,151.4,0.6929061784897026,,95,72 80 8 20 29 91 42 75 85 31 74 59 55 16
22,7,1,7,1402094.0,0.4,5,17,173041.0,189.5,0,1,8,0.47058823529411764,55.400000000000006,0.2923482849604222,,48,40 77 10 81 13 99 12 84 36 22 43 61 7 96 4 15 19
22,7,1,7,1402094.0,0.4,6,11,188931.0,115.40000000000002,0,1,6,0.5454545454545454,60.800000000000004,0.5268630849220104,,27,92 98 11 52 37 5 30 65 32 94 86
23,7,2,8,1451214.0,0.05,0,21,296543.0,208.49999999999997,0,1,1,0.047619047619047616,2.7,0.012949640287769787,,1,23 44 95 47 73 38 34 6 28 45 97 14 9 27 56 50 58 62 21 66 19
23,7,2,8,1451214.0,0.05,1,4,67210.0,32.0,0,1,1,0.25,11.100000000000001,0.34687500000000004,,2,96 4 15 3
23,7,2,8,1451214.0,0.05,2,17,280453.0,212.1,0,1,0,0.0,0.0,0.0,,0,76 26 46 17 68 64 39 24 100 49 82 41 51 79 35 70 2
23,7,2,8,1451214.0,0.05,3,17,268886.0,229.49999999999997,0,1,0,0.0,0.0,0.0,,0,1 48 33 60 89 69 93 25 63 67 87 83 78 18 88 90 54
23,7,2,8,1451214.0,0.05,4,3,39329.0,39.4,0,1,1,0.3333333333333333,6.6,0.16751269035532995,,2,57 53 71
23,7,2,8,1451214.0,0.05,5,14,154800.0,218.49999999999997,0,1,2,0.14285714285714285,20.1,0.09199084668192221,,6,72 80 8 20 29 91 42 75 85 31 74 59 55 16
23,7,2,8,1451214.0,0.05,6,13,155062.0,159.9,0,1,1,0.07692307692307693,2.0,0.012507817385866166,,1,40 77 10 81 13 99 12 84 36 22 43 61 7
23,7,2,8,1451214.0,0.05,7,11,188931.0,115.40000000000002,0,1,2,0.18181818181818182,20.9,0.18110918544194102,,4,92 98 11 52 37 5 30 65 32 94 86
23,7,2,8,1451214.0,0.1,0,21,296543.0,208.49999999999997,0,1,2,0.09523809523809523,19.599999999999998,0.09400479616306955,,4,23 44 95 47 73 38 34 6 28 45 97 14 9 27 56 50 58 62 21 66 19
23,7,2,8,1451214.0,0.1,1,4,67210.0,32.0,0,1,3,0.75,26.900000000000002,0.8406250000000001,,6,96 4 15 3
23,7,2,8,1451214.0,0.1,2,17,280453.0,212.1,0,1,0,0.0,0.0,0.0,,0,76 26 46 17 68 64 39 24 100 49 82 41 51 79 35 70 2
23,7,2,8,1451214.0,0.1,3,17,268886.0,229.49999999999997,0,1,1,0.058823529411764705,2.7,0.011764705882352943,,1,1 48 33 60 89 69 93 25 63 67 87 83 78 18 88 90 54
23,7,2,8,1451214.0,0.1,4,3,39329.0,39.4,1,0,3,1.0,39.4,1.0,12900.0,6,57 53 71
23,7,2,8,1451214.0,0.1,5,14,154800.0,218.49999999999997,0,1,4,0.2857142857142857,94.0,0.43020594965675063,,13,72 80 8 20 29 91 42 75 85 31 74 59 55 16
23,7,2,8,1451214.0,0.1,6,13,155062.0,159.9,0,1,2,0.15384615384615385,18.3,0.11444652908067542,,4,40 77 10 81 13 99 12 84 36 22 43 61 7
23,7,2,8,1451214.0,0.1,7,11,188931.0,115.40000000000002,0,1,2,0.18181818181818182,20.9,0.18110918544194102,,6,92 98 11 52 37 5 30 65 32 94 86
23,7,2,8,1451214.0,0.2,0,21,296543.0,208.49999999999997,0,1,2,0.09523809523809523,19.599999999999998,0.09400479616306955,,9,23 44 95 47 73 38 34 6 28 45 97 14 9 27 56 50 58 62 21 66 19
23,7,2,8,1451214.0,0.2,1,4,67210.0,32.0,1,0,4,1.0,32.0,1.0,18743.0,12,96 4 15 3
23,7,2,8,1451214.0,0.2,2,17,280453.0,212.1,0,1,2,0.11764705882352941,26.4,0.12446958981612447,,4,76 26 46 17 68 64 39 24 100 49 82 41 51 79 35 70 2
23,7,2,8,1451214.0,0.2,3,17,268886.0,229.49999999999997,0,1,6,0.35294117647058826,90.19999999999999,0.3930283224400871,,21,1 48 33 60 89 69 93 25 63 67 87 83 78 18 88 90 54
23,7,2,8,1451214.0,0.2,4,3,39329.0,39.4,1,0,3,1.0,39.4,1.0,12900.0,12,57 53 71
23,7,2,8,1451214.0,0.2,5,14,154800.0,218.49999999999997,0,1,10,0.7142857142857143,170.7,0.7812356979405035,,51,72 80 8 20 29 91 42 75 85 31 74 59 55 16
23,7,2,8,1451214.0,0.2,6,13,155062.0,159.9,0,1,4,0.3076923076923077,31.3,0.1957473420888055,,13,40 77 10 81 13 99 12 84 36 22 43 61 7
23,7,2,8,1451214.0,0.2,7,11,188931.0,115.40000000000002,0,1,4,0.36363636363636365,33.7,0.2920277296360485,,17,92 98 11 52 37 5 30 65 32 94 86
23,7,2,8,1451214.0,0.4,0,21,296543.0,208.49999999999997,0,1,10,0.47619047619047616,97.39999999999999,0.46714628297362115,,72,23 44 95 47 73 38 34 6 28 45 97 14 9 27 56 50 58 62 21 66 19
23,7,2,8,1451214.0,0.4,1,4,67210.0,32.0,1,0,4,1.0,32.0,1.0,18743.0,22,96 4 15 3
23,7,2,8,1451214.0,0.4,2,17,280453.0,212.1,0,1,8,0.47058823529411764,110.3,0.5200377180575201,,46,76 26 46 17 68 64 39 24 100 49 82 41 51 79 35 70 2
23,7,2,8,1451214.0,0.4,3,17,268886.0,229.49999999999997,0,1,12,0.7058823529411765,164.7,0.7176470588235294,,99,1 48 33 60 89 69 93 25 63 67 87 83 78 18 88 90 54
23,7,2,8,1451214.0,0.4,4,3,39329.0,39.4,1,0,3,1.0,39.4,1.0,12900.0,18,57 53 71
23,7,2,8,1451214.0,0.4,5,14,154800.0,218.49999999999997,1,0,14,1.0,218.5,1.0000000000000002,143345.0,130,72 80 8 20 29 91 42 75 85 31 74 59 55 16
23,7,2,8,1451214.0,0.4,6,13,155062.0,159.9,0,1,7,0.5384615384615384,66.5,0.41588492808005,,42,40 77 10 81 13 99 12 84 36 22 43 61 7
23,7,2,8,1451214.0,0.4,7,11,188931.0,115.40000000000002,0,1,7,0.6363636363636364,65.9,0.57105719237435,,43,92 98 11 52 37 5 30 65 32 94 86
24,8,0,6,1383049.0,0.05,0,23,303887.0,213.3,0,1,2,0.08695652173913043,6.1,0.02859821847163619,,4,19 66 21 62 58 50 56 27 9 14 97 45 28 6 34 38 73 47 95 44 43 61 7
24,8,0,6,1383049.0,0.05,1,17,280453.0,212.1,0,1,0,0.0,0.0,0.0,,0,76 26 46 17 68 64 39 24 100 49 82 41 51 79 35 70 2
24,8,0,6,1383049.0,0.05,2,16,266352.0,221.59999999999997,0,1,2,0.125,26.0,0.11732851985559568,,5,1 48 60 89 69 93 25 63 67 87 83 78 18 88 90 54
24,8,0,6,1383049.0,0.05,3,15,161237.0,195.70000000000002,0,1,3,0.2,40.3,0.20592743995912108,,9,72 80 20 8 15 3 33 55 59 74 31 75 85 42 91
24,8,0,6,1383049.0,0.05,4,14,163614.0,212.7,0,1,1,0.07142857142857142,11.100000000000001,0.05218617771509169,,3,40 77 23 10 81 13 99 12 84 36 22 4 96 16
24,8,0,6,1383049.0,0.05,5,15,207506.0,159.89999999999998,0,1,4,0.26666666666666666,35.199999999999996,0.22013758599124453,,12,57 71 53 92 98 11 52 37 5 30 29 65 32 94 86
24,8,0,6,1383049.0,0.1,0,23,303887.0,213.3,0,1,4,0.17391304347826086,21.1,0.09892170651664323,,13,19 66 21 62 58 50 56 27 9 14 97 45 28 6 34 38 73 47 95 44 43 61 7
24,8,0,6,1383049.0,0.1,1,17,280453.0,212.1,0,1,0,0.0,0.0,0.0,,0,76 26 46 17 68 64 39 24 100 49 82 41 51 79 35 70 2
24,8,0,6,1383049.0,0.1,2,16,266352.0,221.59999999999997,0,1,3,0.1875,38.8,0.17509025270758125,,9,1 48 60 89 69 93 25 63 67 87 83 78 18 88 90 54
24,8,0,6,1383049.0,0.1,3,15,161237.0,195.70000000000002,0,1,3,0.2,56.099999999999994,0.28666326009197746,,13,72 80 20 8 15 3 33 55 59 74 31 75 85 42 91
24,8,0,6,1383049.0,0.1,4,14,163614.0,212.7,0,1,4,0.2857142857142857,61.7,0.2900799247766808,,9,40 77 23 10 81 13 99 12 84 36 22 4 96 16
24,8,0,6,1383049.0,0.1,5,15,207506.0,159.89999999999998,0,1,5,0.3333333333333333,40.3,0.2520325203252033,,22,57 71 53 92 98 11 52 37 5 30 29 65 32 94 86
24,8,0,6,1383049.0,0.2,0,23,303887.0,213.3,0,1,5,0.21739130434782608,38.5,0.18049695264885138,,31,19 66 21 62 58 50 56 27 9 14 97 45 28 6 34 38 73 47 95 44 43 61 7
24,8,0,6,1383049.0,0.2,1,17,280453.0,212.1,0,1,3,0.17647058823529413,32.5,0.15322960867515323,,11,76 26 46 17 68 64 39 24 100 49 82 41 51 79 35 70 2
24,8,0,6,1383049.0,0.2,2,16,266352.0,221.59999999999997,0,1,6,0.375,89.2,0.4025270758122744,,21,1 48 60 89 69 93 25 63 67 87 83 78 18 88 90 54
24,8,0,6,1383049.0,0.2,3,15,161237.0,195.70000000000002,0,1,7,0.4666666666666667,83.1,0.42462953500255485,,34,72 80 20 8 15 3 33 55 59 74 31 75 85 42 91
24,8,0,6,1383049.0,0.2,4,14,163614.0,212.7,0,1,5,0.35714285714285715,70.1,0.32957216737188527,,18,40 77 23 10 81 13 99 12 84 36 22 4 96 16
24,8,0,6,1383049.0,0.2,5,15,207506.0,159.89999999999998,0,1,6,0.4,42.1,0.2632895559724828,,33,57 71 53 92 98 11 52 37 5 30 29 65 32 94 86
24,8,0,6,1383049.0,0.4,0,23,303887.0,213.3,0,1,10,0.43478260869565216,73.7,0.3455227379278012,,77,19 66 21 62 58 50 56 27 9 14 97 45 28 6 34 38 73 47 95 44 43 61 7
24,8,0,6,1383049.0,0.4,1,17,280453.0,212.1,0,1,6,0.35294117647058826,80.9,0.38142385667138146,,41,76 26 46 17 68 64 39 24 100 49 82 41 51 79 35 70 2
24,8,0,6,1383049.0,0.4,2,16,266352.0,221.59999999999997,0,1,9,0.5625,90.6,0.4088447653429603,,67,1 48 60 89 69 93 25 63 67 87 83 78 18 88 90 54
24,8,0,6,1383049.0,0.4,3,15,161237.0,195.70000000000002,0,1,8,0.5333333333333333,80.5,0.4113438937148697,,70,72 80 20 8 15 3 33 55 59 74 31 75 85 42 91
24,8,0,6,1383049.0,0.4,4,14,163614.0,212.7,0,1,7,0.5,91.7,0.43112364833098266,,48,40 77 23 10 81 13 99 12 84 36 22 4 96 16
24,8,0,6,1383049.0,0.4,5,15,207506.0,159.89999999999998,0,1,6,0.4,42.1,0.2632895559724828,,37,57 71 53 92 98 11 52 37 5 30 29 65 32 94 86
25,8,1,7,1399799.0,0.05,0,1,27036.0,41.0,0,1,0,0.0,0.0,0.0,,0,16
25,8,1,7,1399799.0,0.05,1,23,303887.0,213.3,0,1,3,0.13043478260869565,22.4,0.10501640881387715,,5,19 66 21 62 58 50 56 27 9 14 97 45 28 6 34 38 73 47 95 44 43 61 7
25,8,1,7,1399799.0,0.05,2,17,280453.0,212.1,0,1,0,0.0,0.0,0.0,,0,76 26 46 17 68 64 39 24 100 49 82 41 51 79 35 70 2
25,8,1,7,1399799.0,0.05,3,16,266352.0,221.59999999999997,0,1,2,0.125,26.0,0.11732851985559568,,5,1 48 60 89 69 93 25 63 67 87 83 78 18 88 90 54
25,8,1,7,1399799.0,0.05,4,15,161237.0,195.70000000000002,0,1,4,0.26666666666666666,50.599999999999994,0.25855901890648947,,10,72 80 20 8 15 3 33 55 59 74 31 75 85 42 91
25,8,1,7,1399799.0,0.05,5,13,153328.0,171.7,0,1,1,0.07692307692307693,11.100000000000001,0.06464764123471171,,3,40 77 23 10 81 13 99 12 84 36 22 4 96
25,8,1,7,1399799.0,0.05,6,15,207506.0,159.89999999999998,0,1,4,0.26666666666666666,35.199999999999996,0.22013758599124453,,12,57 71 53 92 98 11 52 37 5 30 29 65 32 94 86
25,8,1,7,1399799.0,0.1,0,1,27036.0,41.0,1,0,1,1.0,41.0,1.0,10286.0,2,16
25,8,1,7,1399799.0,0.1,1,23,303887.0,213.3,0,1,4,0.17391304347826086,25.0,0.11720581340834504,,15,19 66 21 62 58 50 56 27 9 14 97 45 28 6 34 38 73 47 95 44 43 61 7
25,8,1,7,1399799.0,0.1,2,17,280453.0,212.1,0,1,0,0.0,0.0,0.0,,0,76 26 46 17 68 64 39 24 100 49 82 41 51 79 35 70 2
25,8,1,7,1399799.0,0.1,3,16,266352.0,221.59999999999997,0,1,3,0.1875,38.8,0.17509025270758125,,9,1 48 60 89 69 93 25 63 67 87 83 78 18 88 90 54
25,8,1,7,1399799.0,0.1,4,15,161237.0,195.70000000000002,0,1,4,0.26666666666666666,73.19999999999999,0.37404190086867645,,13,72 80 20 8 15 3 33 55 59 74 31 75 85 42 91
25,8,1,7,1399799.0,0.1,5,13,153328.0,171.7,0,1,3,0.23076923076923078,20.700000000000003,0.12055911473500294,,8,40 77 23 10 81 13 99 12 84 36 22 4 96
25,8,1,7,1399799.0,0.1,6,15,207506.0,159.89999999999998,0,1,5,0.3333333333333333,40.3,0.2520325203252033,,19,57 71 53 92 98 11 52 37 5 30 29 65 32 94 86
25,8,1,7,1399799.0,0.2,0,1,27036.0,41.0,1,0,1,1.0,41.0,1.0,10286.0,2,16
25,8,1,7,1399799.0,0.2,1,23,303887.0,213.3,0,1,6,0.2608695652173913,45.1,0.21143928738865447,,35,19 66 21 62 58 50 56 27 9 14 97 45 28 6 34 38 73 47 95 44 43 61 7
25,8,1,7,1399799.0,0.2,2,17,280453.0,212.1,0,1,4,0.23529411764705882,45.6,0.214992927864215,,11,76 26 46 17 68 64 39 24 100 49 82 41 51 79 35 70 2
25,8,1,7,1399799.0,0.2,3,16,266352.0,221.59999999999997,0,1,7,0.4375,101.1,0.45622743682310474,,23,1 48 60 89 69 93 25 63 67 87 83 78 18 88 90 54
25,8,1,7,1399799.0,0.2,4,15,161237.0,195.70000000000002,0,1,9,0.6,110.5,0.5646397547266223,,43,72 80 20 8 15 3 33 55 59 74 31 75 85 42 91
25,8,1,7,1399799.0,0.2,5,13,153328.0,171.7,0,1,5,0.38461538461538464,33.2,0.19336051252184044,,17,40 77 23 10 81 13 99 12 84 36 22 4 96
25,8,1,7,1399799.0,0.2,6,15,207506.0,159.89999999999998,0,1,8,0.5333333333333333,56.300000000000004,0.35209505941213265,,43,57 71 53 92 98 11 52 37 5 30 29 65 32 94 86
25,8,1,7,1399799.0,0.4,0,1,27036.0,41.0,1,0,1,1.0,41.0,1.0,10286.0,2,16
25,8,1,7,1399799.0,0.4,1,23,303887.0,213.3,0,1,13,0.5652173913043478,99.80000000000001,0.4678856071261135,,114,19 66 21 62 58 50 56 27 9 14 97 45 28 6 34 38 73 47 95 44 43 61 7
25,8,1,7,1399799.0,0.4,2,17,280453.0,212.1,0,1,8,0.47058823529411764,107.3,0.5058934464875059,,53,76 26 46 17 68 64 39 24 100 49 82 41 51 79 35 70 2
25,8,1,7,1399799.0,0.4,3,16,266352.0,221.59999999999997,0,1,10,0.625,135.1,0.6096570397111915,,80,1 48 60 89 69 93 25 63 67 87 83 78 18 88 90 54
25,8,1,7,1399799.0,0.4,4,15,161237.0,195.70000000000002,0,1,11,0.7333333333333333,128.2,0.6550843127235564,,98,72 80 20 8 15 3 33 55 59 74 31 75 85 42 91
25,8,1,7,1399799.0,0.4,5,13,153328.0,171.7,0,1,7,0.5384615384615384,88.9,0.5177635410599885,,44,40 77 23 10 81 13 99 12 84 36 22 4 96
25,8,1,7,1399799.0,0.4,6,15,207506.0,159.89999999999998,0,1,10,0.6666666666666666,74.7,0.4671669793621014,,60,57 71 53 92 98 11 52 37 5 30 29 65 32 94 86
26,8,2,8,1451843.0,0.05,0,1,27036.0,41.0,0,1,0,0.0,0.0,0.0,,0,16
26,8,2,8,1451843.0,0.05,1,1,54696.0,2.7,1,0,1,1.0,2.7,1.0,2652.0,3,19
26,8,2,8,1451843.0,0.05,2,22,301235.0,210.60000000000002,0,1,2,0.09090909090909091,19.7,0.09354226020892686,,3,66 21 62 58 50 56 27 9 14 97 45 28 6 34 38 73 47 95 44 43 61 7
26,8,2,8,1451843.0,0.05,3,17,280453.0,212.1,0,1,0,0.0,0.0,0.0,,0,76 26 46 17 68 64 39 24 100 49 82 41 51 79 35 70 2
26,8,2,8,1451843.0,0.05,4,16,266352.0,221.59999999999997,0,1,3,0.1875,28.700000000000003,0.1295126353790614,,6,1 48 60 89 69 93 25 63 67 87 83 78 18 88 90 54
26,8,2,8,1451843.0,0.05,5,15,161237.0,195.70000000000002,0,1,4,0.26666666666666666,50.599999999999994,0.25855901890648947,,11,72 80 20 8 15 3 33 55 59 74 31 75 85 42 91
26,8,2,8,1451843.0,0.05,6,13,153328.0,171.7,0,1,1,0.07692307692307693,11.100000000000001,0.06464764123471171,,3,40 77 23 10 81 13 99 12 84 36 22 4 96
26,8,2,8,1451843.0,0.05,7,15,207506.0,159.89999999999998,0,1,4,0.26666666666666666,35.199999999999996,0.22013758599124453,,12,57 71 53 92 98 11 52 37 5 30 29 65 32 94 86
26,8,2,8,1451843.0,0.1,0,1,27036.0,41.0,1,0,1,1.0,41.0,1.0,10286.0,2,16
26,8,2,8,1451843.0,0.1,1,1,54696.0,2.7,1,0,1,1.0,2.7,1.0,2652.0,4,19
26,8,2,8,1451843.0,0.1,2,22,301235.0,210.60000000000002,0,1,4,0.18181818181818182,25.0,0.11870845204178536,,12,66 21 62 58 50 56 27 9 14 97 45 28 6 34 38 73 47 95 44 43 61 7
26,8,2,8,1451843.0,0.1,3,17,280453.0,212.1,0,1,0,0.0,0.0,0.0,,0,76 26 46 17 68 64 39 24 100 49 82 41 51 79 35 70 2
26,8,2,8,1451843.0,0.1,4,16,266352.0,221.59999999999997,0,1,3,0.1875,46.0,0.20758122743682314,,10,1 48 60 89 69 93 25 63 67 87 83 78 18 88 90 54
26,8,2,8,1451843.0,0.1,5,15,161237.0,195.70000000000002,0,1,4,0.26666666666666666,73.19999999999999,0.37404190086867645,,14,72 80 20 8 15 3 33 55 59 74 31 75 85 42 91
26,8,2,8,1451843.0,0.1,6,13,153328.0,171.7,0,1,3,0.23076923076923078,20.700000000000003,0.12055911473500294,,8,40 77 23 10 81 13 99 12 84 36 22 4 96
26,8,2,8,1451843.0,0.1,7,15,207506.0,159.89999999999998,0,1,5,0.3333333333333333,40.3,0.2520325203252033,,19,57 71 53 92 98 11 52 37 5 30 29 65 32 94 86
26,8,2,8,1451843.0,0.2,0,1,27036.0,41.0,1,0,1,1.0,41.0,1.0,8886.0,3,16
26,8,2,8,1451843.0,0.2,1,1,54696.0,2.7,1,0,1,1.0,2.7,1.0,2652.0,5,19
26,8,2,8,1451843.0,0.2,2,22,301235.0,210.60000000000002,0,1,6,0.2727272727272727,43.3,0.20560303893637225,,31,66 21 62 58 50 56 27 9 14 97 45 28 6 34 38 73 47 95 44 43 61 7
26,8,2,8,1451843.0,0.2,3,17,280453.0,212.1,0,1,4,0.23529411764705882,45.6,0.214992927864215,,11,76 26 46 17 68 64 39 24 100 49 82 41 51 79 35 70 2
26,8,2,8,1451843.0,0.2,4,16,266352.0,221.59999999999997,0,1,7,0.4375,102.7,0.463447653429603,,24,1 48 60 89 69 93 25 63 67 87 83 78 18 88 90 54
26,8,2,8,1451843.0,0.2,5,15,161237.0,195.70000000000002,0,1,10,0.6666666666666666,125.5,0.6412876852324987,,46,72 80 20 8 15 3 33 55 59 74 31 75 85 42 91
26,8,2,8,1451843.0,0.2,6,13,153328.0,171.7,0,1,6,0.46153846153846156,45.800000000000004,0.26674432149097266,,20,40 77 23 10 81 13 99 12 84 36 22 4 96
26,8,2,8,1451843.0,0.2,7,15,207506.0,159.89999999999998,0,1,8,0.5333333333333333,56.300000000000004,0.35209505941213265,,44,57 71 53 92 98 11 52 37 5 30 29 65 32 94 86
26,8,2,8,1451843.0,0.4,0,1,27036.0,41.0,1,0,1,1.0,41.0,1.0,8886.0,3,16
26,8,2,8,1451843.0,0.4,1,1,54696.0,2.7,1,0,1,1.0,2.7,1.0,2652.0,6,19
26,8,2,8,1451843.0,0.4,2,22,301235.0,210.60000000000002,0,1,13,0.5909090909090909,117.7,0.5588793922127255,,107,66 21 62 58 50 56 27 9 14 97 45 28 6 34 38 73 47 95 44 43 61 7
26,8,2,8,1451843.0,0.4,3,17,280453.0,212.1,0,1,8,0.47058823529411764,107.3,0.5058934464875059,,53,76 26 46 17 68 64 39 24 100 49 82 41 51 79 35 70 2
26,8,2,8,1451843.0,0.4,4,16,266352.0,221.59999999999997,0,1,11,0.6875,133.6,0.6028880866425993,,87,1 48 60 89 69 93 25 63 67 87 83 78 18 88 90 54
26,8,2,8,1451843.0,0.4,5,15,161237.0,195.70000000000002,0,1,14,0.9333333333333333,185.39999999999998,0.9473684210526314,,115,72 80 20 8 15 3 33 55 59 74 31 75 85 42 91
26,8,2,8,1451843.0,0.4,6,13,153328.0,171.7,0,1,8,0.6153846153846154,93.0,0.5416423995340711,,48,40 77 23 10 81 13 99 12 84 36 22 4 96
26,8,2,8,1451843.0,0.4,7,15,207506.0,159.89999999999998,0,1,11,0.7333333333333333,85.0,0.5315822388993121,,66,57 71 53 92 98 11 52 37 5 30 29 65 32 94 86
27,9,0,6,1371804.0,0.05,0,22,309906.0,207.1,0,1,0,0.0,0.0,0.0,,0,19 66 21 62 58 50 56 27 9 14 97 45 28 34 6 38 73 47 95 44 99 77
27,9,0,6,1371804.0,0.05,1,14,251834.0,181.9,0,1,1,0.07142857142857142,15.0,0.08246289169873557,,1,76 68 39 24 100 49 82 41 51 79 35 70 2 72
27,9,0,6,1371804.0,0.05,2,16,269371.0,225.60000000000002,0,1,1,0.0625,11.600000000000001,0.051418439716312055,,1,33 89 69 93 74 31 25 63 67 87 83 78 18 88 90 54
27,9,0,6,1371804.0,0.05,3,15,171440.0,230.50000000000003,0,1,2,0.13333333333333333,16.7,0.07245119305856831,,3,80 20 8 64 17 46 26 10 23 43 61 7 96 42 16
27,9,0,6,1371804.0,0.05,4,18,161747.0,210.29999999999998,0,1,3,0.16666666666666666,31.099999999999998,0.14788397527341893,,4,40 81 13 12 84 36 22 4 15 3 60 48 55 59 1 85 75 91
27,9,0,6,1371804.0,0.05,5,15,207506.0,159.89999999999998,0,1,2,0.13333333333333333,18.9,0.11819887429643527,,3,57 71 53 92 98 11 52 37 5 30 29 65 32 94 86
27,9,0,6,1371804.0,0.1,0,22,309906.0,207.1,0,1,1,0.045454545454545456,2.7,0.013037180106228875,,1,19 66 21 62 58 50 56 27 9 14 97 45 28 34 6 38 73 47 95 44 99 77
27,9,0,6,1371804.0,0.1,1,14,251834.0,181.9,0,1,2,0.14285714285714285,18.3,0.10060472787245739,,2,76 68 39 24 100 49 82 41 51 79 35 70 2 72
27,9,0,6,1371804.0,0.1,2,16,269371.0,225.60000000000002,0,1,1,0.0625,28.9,0.1281028368794326,,2,33 89 69 93 74 31 25 63 67 87 83 78 18 88 90 54
27,9,0,6,1371804.0,0.1,3,15,171440.0,230.50000000000003,0,1,6,0.4,78.2,0.33926247288503253,,15,80 20 8 64 17 46 26 10 23 43 61 7 96 42 16
27,9,0,6,1371804.0,0.1,4,18,161747.0,210.29999999999998,0,1,3,0.16666666666666666,31.099999999999998,0.14788397527341893,,6,40 81 13 12 84 36 22 4 15 3 60 48 55 59 1 85 75 91
27,9,0,6,1371804.0,0.1,5,15,207506.0,159.89999999999998,0,1,6,0.4,43.199999999999996,0.2701688555347092,,19,57 71 53 92 98 11 52 37 5 30 29 65 32 94 86
27,9,0,6,1371804.0,0.2,0,22,309906.0,207.1,0,1,2,0.09090909090909091,14.599999999999998,0.0704973442781265,,4,19 66 21 62 58 50 56 27 9 14 97 45 28 34 6 38 73 47 95 44 99 77
27,9,0,6,1371804.0,0.2,1,14,251834.0,181.9,0,1,2,0.14285714285714285,18.3,0.10060472787245739,,2,76 68 39 24 100 49 82 41 51 79 35 70 2 72
27,9,0,6,1371804.0,0.2,2,16,269371.0,225.60000000000002,0,1,3,0.1875,64.9,0.287677304964539,,7,33 89 69 93 74 31 25 63 67 87 83 78 18 88 90 54
27,9,0,6,1371804.0,0.2,3,15,171440.0,230.50000000000003,0,1,7,0.4666666666666667,83.1,0.3605206073752711,,40,80 20 8 64 17 46 26 10 23 43 61 7 96 42 16
27,9,0,6,1371804.0,0.2,4,18,161747.0,210.29999999999998,0,1,6,0.3333333333333333,80.6,0.38326200665715643,,24,40 81 13 12 84 36 22 4 15 3 60 48 55 59 1 85 75 91
27,9,0,6,1371804.0,0.2,5,15,207506.0,159.89999999999998,0,1,6,0.4,43.199999999999996,0.2701688555347092,,32,57 71 53 92 98 11 52 37 5 30 29 65 32 94 86
27,9,0,6,1371804.0,0.4,0,22,309906.0,207.1,0,1,7,0.3181818181818182,60.4,0.29164654756156444,,52,19 66 21 62 58 50 56 27 9 14 97 45 28 34 6 38 73 47 95 44 99 77
27,9,0,6,1371804.0,0.4,1,14,251834.0,181.9,0,1,3,0.21428571428571427,48.3,0.2655305112699285,,11,76 68 39 24 100 49 82 41 51 79 35 70 2 72
27,9,0,6,1371804.0,0.4,2,16,269371.0,225.60000000000002,0,1,8,0.5,82.6,0.3661347517730496,,62,33 89 69 93 74 31 25 63 67 87 83 78 18 88 90 54
27,9,0,6,1371804.0,0.4,3,15,171440.0,230.50000000000003,0,1,9,0.6,103.5,0.44902386117136656,,84,80 20 8 64 17 46 26 10 23 43 61 7 96 42 16
27,9,0,6,1371804.0,0.4,4,18,161747.0,210.29999999999998,0,1,10,0.5555555555555556,94.2,0.44793152639087025,,113,40 81 13 12 84 36 22 4 15 3 60 48 55 59 1 85 75 91
27,9,0,6,1371804.0,0.4,5,15,207506.0,159.89999999999998,0,1,6,0.4,43.199999999999996,0.2701688555347092,,39,57 71 53 92 98 11 52 37 5 30 29 65 32 94 86
28,9,1,7,1423848.0,0.05,0,1,54696.0,2.7,1,0,1,1.0,2.7,1.0,2652.0,1,19
28,9,1,7,1423848.0,0.05,1,21,307254.0,204.4,0,1,0,0.0,0.0,0.0,,0,66 21 62 58 50 56 27 9 14 97 45 28 34 6 38 73 47 95 44 99 77
28,9,1,7,1423848.0,0.05,2,14,251834.0,181.9,0,1,1,0.07142857142857142,15.0,0.08246289169873557,,2,76 68 39 24 100 49 82 41 51 79 35 70 2 72
28,9,1,7,1423848.0,0.05,3,16,269371.0,225.60000000000002,0,1,1,0.0625,11.600000000000001,0.051418439716312055,,1,33 89 69 93 74 31 25 63 67 87 83 78 18 88 90 54
28,9,1,7,1423848.0,0.05,4,15,171440.0,230.50000000000003,0,1,2,0.13333333333333333,16.7,0.07245119305856831,,4,80 20 8 64 17 46 26 10 23 43 61 7 96 42 16
28,9,1,7,1423848.0,0.05,5,18,161747.0,210.29999999999998,0,1,3,0.16666666666666666,33.2,0.15786970993818358,,8,40 81 13 12 84 36 22 4 15 3 60 48 55 59 1 85 75 91
28,9,1,7,1423848.0,0.05,6,15,207506.0,159.89999999999998,0,1,2,0.13333333333333333,18.9,0.11819887429643527,,3,57 71 53 92 98 11 52 37 5 30 29 65 32 94 86
28,9,1,7,1423848.0,0.1,0,1,54696.0,2.7,1,0,1,1.0,2.7,1.0,2652.0,2,19
28,9,1,7,1423848.0,0.1,1,21,307254.0,204.4,0,1,0,0.0,0.0,0.0,,0,66 21 62 58 50 56 27 9 14 97 45 28 34 6 38 73 47 95 44 99 77
28,9,1,7,1423848.0,0.1,2,14,251834.0,181.9,0,1,2,0.14285714285714285,18.3,0.10060472787245739,,3,76 68 39 24 100 49 82 41 51 79 35 70 2 72
28,9,1,7,1423848.0,0.1,3,16,269371.0,225.60000000000002,0,1,1,0.0625,28.9,0.1281028368794326,,2,33 89 69 93 74 31 25 63 67 87 83 78 18 88 90 54
28,9,1,7,1423848.0,0.1,4,15,171440.0,230.50000000000003,0,1,6,0.4,78.2,0.33926247288503253,,16,80 20 8 64 17 46 26 10 23 43 61 7 96 42 16
28,9,1,7,1423848.0,0.1,5,18,161747.0,210.29999999999998,0,1,3,0.16666666666666666,33.2,0.15786970993818358,,9,40 81 13 12 84 36 22 4 15 3 60 48 55 59 1 85 75 91
28,9,1,7,1423848.0,0.1,6,15,207506.0,159.89999999999998,0,1,6,0.4,45.4,0.283927454659162,,21,57 71 53 92 98 11 52 37 5 30 29 65 32 94 86
28,9,1,7,1423848.0,0.2,0,1,54696.0,2.7,1,0,1,1.0,2.7,1.0,2652.0,3,19
28,9,1,7,1423848.0,0.2,1,21,307254.0,204.4,0,1,1,0.047619047619047616,11.899999999999999,0.05821917808219177,,2,66 21 62 58 50 56 27 9 14 97 45 28 34 6 38 73 47 95 44 99 77
28,9,1,7,1423848.0,0.2,2,14,251834.0,181.9,0,1,2,0.14285714285714285,18.3,0.10060472787245739,,3,76 68 39 24 100 49 82 41 51 79 35 70 2 72
28,9,1,7,1423848.0,0.2,3,16,269371.0,225.60000000000002,0,1,4,0.25,70.30000000000001,0.311613475177305,,8,33 89 69 93 74 31 25 63 67 87 83 78 18 88 90 54
28,9,1,7,1423848.0,0.2,4,15,171440.0,230.50000000000003,0,1,8,0.5333333333333333,116.0,0.5032537960954446,,44,80 20 8 64 17 46 26 10 23 43 61 7 96 42 16
28,9,1,7,1423848.0,0.2,5,18,161747.0,210.29999999999998,0,1,7,0.3888888888888889,88.2,0.41940085592011417,,30,40 81 13 12 84 36 22 4 15 3 60 48 55 59 1 85 75 91
28,9,1,7,1423848.0,0.2,6,15,207506.0,159.89999999999998,0,1,6,0.4,54.80000000000001,0.3427141963727331,,35,57 71 53 92 98 11 52 37 5 30 29 65 32 94 86
28,9,1,7,1423848.0,0.4,0,1,54696.0,2.7,1,0,1,1.0,2.7,1.0,2652.0,4,19
28,9,1,7,1423848.0,0.4,1,21,307254.0,204.4,0,1,6,0.2857142857142857,57.7,0.28228962818003916,,43,66 21 62 58 50 56 27 9 14 97 45 28 34 6 38 73 47 95 44 99 77
28,9,1,7,1423848.0,0.4,2,14,251834.0,181.9,0,1,4,0.2857142857142857,63.3,0.3479934029686641,,12,76 68 39 24 100 49 82 41 51 79 35 70 2 72
28,9,1,7,1423848.0,0.4,3,16,269371.0,225.60000000000002,0,1,9,0.5625,105.5,0.46764184397163117,,66,33 89 69 93 74 31 25 63 67 87 83 78 18 88 90 54
28,9,1,7,1423848.0,0.4,4,15,171440.0,230.50000000000003,0,1,11,0.7333333333333333,172.5,0.7483731019522776,,97,80 20 8 64 17 46 26 10 23 43 61 7 96 42 16
28,9,1,7,1423848.0,0.4,5,18,161747.0,210.29999999999998,0,1,13,0.7222222222222222,133.7,0.6357584403233476,,139,40 81 13 12 84 36 22 4 15 3 60 48 55 59 1 85 75 91
28,9,1,7,1423848.0,0.4,6,15,207506.0,159.89999999999998,0,1,7,0.4666666666666667,61.400000000000006,0.3839899937460914,,48,57 71 53 92 98 11 52 37 5 30 29 65 32 94 86
29,9,2,8,1412638.0,0.05,0,22,309906.0,207.1,0,1,0,0.0,0.0,0.0,,0,19 66 21 62 58 50 56 27 9 14 97 45 28 34 6 38 73 47 95 44 99 77
29,9,2,8,1412638.0,0.05,1,13,251669.0,178.6,0,1,1,0.07692307692307693,15.0,0.083986562150056,,4,76 39 24 100 49 82 41 51 79 35 70 2 72
29,9,2,8,1412638.0,0.05,2,16,269371.0,225.60000000000002,0,1,1,0.0625,11.600000000000001,0.051418439716312055,,1,33 89 69 93 74 31 25 63 67 87 83 78 18 88 90 54
29,9,2,8,1412638.0,0.05,3,14,155621.0,159.9,0,1,3,0.21428571428571427,12.1,0.0756722951844903,,5,80 20 8 64 68 17 46 26 10 23 43 61 7 96
29,9,2,8,1412638.0,0.05,4,1,27822.0,8.9,1,0,1,1.0,8.9,1.0,6235.0,2,40
29,9,2,8,1412638.0,0.05,5,17,160878.0,217.20000000000002,0,1,2,0.11764705882352941,10.6,0.048802946593001835,,3,81 13 12 84 36 22 4 15 3 60 48 55 59 1 85 75 42
29,9,2,8,1412638.0,0.05,6,2,29865.0,58.099999999999994,0,1,1,0.5,17.099999999999998,0.2943201376936317,,1,16 91
29,9,2,8,1412638.0,0.05,7,15,207506.0,159.89999999999998,0,1,2,0.13333333333333333,18.9,0.11819887429643527,,4,57 71 53 92 98 11 52 37 5 30 29 65 32 94 86
29,9,2,8,1412638.0,0.1,0,22,309906.0,207.1,0,1,2,0.09090909090909091,6.3,0.03042008691453404,,3,19 66 21 62 58 50 56 27 9 14 97 45 28 34 6 38 73 47 95 44 99 77
29,9,2,8,1412638.0,0.1,1,13,251669.0,178.6,0,1,2,0.15384615384615385,28.8,0.1612541993281075,,5,76 39 24 100 49 82 41 51 79 35 70 2 72
29,9,2,8,1412638.0,0.1,2,16,269371.0,225.60000000000002,0,1,1,0.0625,28.9,0.1281028368794326,,2,33 89 69 93 74 31 25 63 67 87 83 78 18 88 90 54
29,9,2,8,1412638.0,0.1,3,14,155621.0,159.9,0,1,6,0.42857142857142855,40.5,0.25328330206378985,,18,80 20 8 64 68 17 46 26 10 23 43 61 7 96
29,9,2,8,1412638.0,0.1,4,1,27822.0,8.9,1,0,1,1.0,8.9,1.0,6235.0,2,40
29,9,2,8,1412638.0,0.1,5,17,160878.0,217.20000000000002,0,1,4,0.23529411764705882,61.2,0.281767955801105,,12,81 13 12 84 36 22 4 15 3 60 48 55 59 1 85 75 42
29,9,2,8,1412638.0,0.1,6,2,29865.0,58.099999999999994,1,0,2,1.0,58.099999999999994,1.0,13115.0,8,16 91
29,9,2,8,1412638.0,0.1,7,15,207506.0,159.89999999999998,0,1,6,0.4,43.2,0.27016885553470926,,25,57 71 53 92 98 11 52 37 5 30 29 65 32 94 86
29,9,2,8,1412638.0,0.2,0,22,309906.0,207.1,0,1,3,0.13636363636363635,27.2,0.1313375181071946,,8,19 66 21 62 58 50 56 27 9 14 97 45 28 34 6 38 73 47 95 44 99 77
29,9,2,8,1412638.0,0.2,1,13,251669.0,178.6,0,1,2,0.15384615384615385,28.8,0.1612541993281075,,5,76 39 24 100 49 82 41 51 79 35 70 2 72
29,9,2,8,1412638.0,0.2,2,16,269371.0,225.60000000000002,0,1,4,0.25,76.80000000000001,0.3404255319148936,,9,33 89 69 93 74 31 25 63 67 87 83 78 18 88 90 54
29,9,2,8,1412638.0,0.2,3,14,155621.0,159.9,0,1,8,0.5714285714285714,71.4,0.4465290806754222,,44,80 20 8 64 68 17 46 26 10 23 43 61 7 96
29,9,2,8,1412638.0,0.2,4,1,27822.0,8.9,1,0,1,1.0,8.9,1.0,6235.0,3,40
29,9,2,8,1412638.0,0.2,5,17,160878.0,217.20000000000002,0,1,11,0.6470588235294118,133.4,0.6141804788213627,,62,81 13 12 84 36 22 4 15 3 60 48 55 59 1 85 75 42
29,9,2,8,1412638.0,0.2,6,2,29865.0,58.099999999999994,1,0,2,1.0,58.099999999999994,1.0,13115.0,8,16 91
29,9,2,8,1412638.0,0.2,7,15,207506.0,159.89999999999998,0,1,8,0.5333333333333333,78.2,0.4890556597873672,,54,57 71 53 92 98 11 52 37 5 30 29 65 32 94 86
29,9,2,8,1412638.0,0.4,0,22,309906.0,207.1,0,1,10,0.45454545454545453,88.0,0.42491549975857074,,81,19 66 21 62 58 50 56 27 9 14 97 45 28 34 6 38 73 47 95 44 99 77
29,9,2,8,1412638.0,0.4,1,13,251669.0,178.6,0,1,4,0.3076923076923077,76.4,0.4277715565509519,,13,76 39 24 100 49 82 41 51 79 35 70 2 72
29,9,2,8,1412638.0,0.4,2,16,269371.0,225.60000000000002,0,1,11,0.6875,130.8,0.5797872340425532,,84,33 89 69 93 74 31 25 63 67 87 83 78 18 88 90 54
29,9,2,8,1412638.0,0.4,3,14,155621.0,159.9,0,1,10,0.7142857142857143,101.9,0.6372732958098812,,94,80 20 8 64 68 17 46 26 10 23 43 61 7 96
29,9,2,8,1412638.0,0.4,4,1,27822.0,8.9,1,0,1,1.0,8.9,1.0,6235.0,3,40
29,9,2,8,1412638.0,0.4,5,17,160878.0,217.20000000000002,0,1,15,0.8823529411764706,192.6,0.8867403314917126,,187,81 13 12 84 36 22 4 15 3 60 48 55 59 1 85 75 42
29,9,2,8,1412638.0,0.4,6,2,29865.0,58.099999999999994,1,0,2,1.0,58.099999999999994,1.0,13115.0,8,16 91
29,9,2,8,1412638.0,0.4,7,15,207506.0,159.89999999999998,0,1,10,0.6666666666666666,110.2,0.6891807379612259,,80,57 71 53 92 98 11 52 37 5 30 29 65 32 94 86
30,10,0,6,1375390.0,0.05,0,23,303887.0,213.29999999999995,0,1,1,0.043478260869565216,3.4,0.01593999062353493,,3,7 61 43 44 95 47 73 38 34 6 28 45 97 14 9 27 56 50 58 62 21 66 19
30,10,0,6,1375390.0,0.05,1,13,251669.0,178.6,0,1,1,0.07692307692307693,15.0,0.083986562150056,,1,76 39 24 100 49 82 41 51 79 35 70 2 72
30,10,0,6,1375390.0,0.05,2,16,269371.0,225.60000000000002,0,1,1,0.0625,11.600000000000001,0.051418439716312055,,1,33 89 69 93 74 31 25 63 67 87 83 78 18 88 90 54
30,10,0,6,1375390.0,0.05,3,16,170545.0,215.09999999999997,0,1,3,0.1875,25.799999999999997,0.11994421199442121,,5,80 20 8 64 68 17 46 26 10 77 23 96 85 75 42 91
30,10,0,6,1375390.0,0.05,4,17,172412.0,222.8,0,1,1,0.058823529411764705,8.9,0.039946140035906644,,1,40 81 13 99 12 84 36 22 4 15 3 60 48 55 59 1 16
30,10,0,6,1375390.0,0.05,5,15,207506.0,159.89999999999998,0,1,2,0.13333333333333333,18.9,0.11819887429643527,,3,57 71 53 92 98 11 52 37 5 30 29 65 32 94 86
30,10,0,6,1375390.0,0.1,0,23,303887.0,213.29999999999995,0,1,1,0.043478260869565216,3.4,0.01593999062353493,,3,7 61 43 44 95 47 73 38 34 6 28 45 97 14 9 27 56 50 58 62 21 66 19
30,10,0,6,1375390.0,0.1,1,13,251669.0,178.6,0,1,1,0.07692307692307693,15.0,0.083986562150056,,1,76 39 24 100 49 82 41 51 79 35 70 2 72
30,10,0,6,1375390.0,0.1,2,16,269371.0,225.60000000000002,0,1,1,0.0625,28.9,0.1281028368794326,,2,33 89 69 93 74 31 25 63 67 87 83 78 18 88 90 54
30,10,0,6,1375390.0,0.1,3,16,170545.0,215.09999999999997,0,1,5,0.3125,68.0,0.3161320316132032,,16,80 20 8 64 68 17 46 26 10 77 23 96 85 75 42 91
30,10,0,6,1375390.0,0.1,4,17,172412.0,222.8,0,1,3,0.17647058823529413,54.0,0.2423698384201077,,5,40 81 13 99 12 84 36 22 4 15 3 60 48 55 59 1 16
30,10,0,6,1375390.0,0.1,5,15,207506.0,159.89999999999998,0,1,5,0.3333333333333333,38.8,0.24265165728580365,,16,57 71 53 92 98 11 52 37 5 30 29 65 32 94 86
30,10,0,6,1375390.0,0.2,0,23,303887.0,213.29999999999995,0,1,3,0.13043478260869565,21.7,0.10173464603844352,,8,7 61 43 44 95 47 73 38 34 6 28 45 97 14 9 27 56 50 58 62 21 66 19
30,10,0,6,1375390.0,0.2,1,13,251669.0,178.6,0,1,1,0.07692307692307693,15.0,0.083986562150056,,1,76 39 24 100 49 82 41 51 79 35 70 2 72
30,10,0,6,1375390.0,0.2,2,16,269371.0,225.60000000000002,0,1,3,0.1875,64.9,0.287677304964539,,7,33 89 69 93 74 31 25 63 67 87 83 78 18 88 90 54
30,10,0,6,1375390.0,0.2,3,16,170545.0,215.09999999999997,0,1,8,0.5,96.19999999999999,0.4472338447233845,,52,80 20 8 64 68 17 46 26 10 77 23 96 85 75 42 91
30,10,0,6,1375390.0,0.2,4,17,172412.0,222.8,0,1,5,0.29411764705882354,89.1,0.3999102333931777,,16,40 81 13 99 12 84 36 22 4 15 3 60 48 55 59 1 16
30,10,0,6,1375390.0,0.2,5,15,207506.0,159.89999999999998,0,1,5,0.3333333333333333,38.8,0.24265165728580365,,29,57 71 53 92 98 11 52 37 5 30 29 65 32 94 86
30,10,0,6,1375390.0,0.4,0,23,303887.0,213.29999999999995,0,1,8,0.34782608695652173,57.8,0.27097984060009384,,56,7 61 43 44 95 47 73 38 34 6 28 45 97 14 9 27 56 50 58 62 21 66 19
30,10,0,6,1375390.0,0.4,1,13,251669.0,178.6,0,1,2,0.15384615384615385,45.0,0.251959686450168,,8,76 39 24 100 49 82 41 51 79 35 70 2 72
30,10,0,6,1375390.0,0.4,2,16,269371.0,225.60000000000002,0,1,8,0.5,82.6,0.3661347517730496,,63,33 89 69 93 74 31 25 63 67 87 83 78 18 88 90 54
30,10,0,6,1375390.0,0.4,3,16,170545.0,215.09999999999997,0,1,9,0.5625,98.1,0.4560669456066946,,95,80 20 8 64 68 17 46 26 10 77 23 96 85 75 42 91
30,10,0,6,1375390.0,0.4,4,17,172412.0,222.8,0,1,9,0.5294117647058824,99.80000000000001,0.447935368043088,,106,40 81 13 99 12 84 36 22 4 15 3 60 48 55 59 1 16
30,10,0,6,1375390.0,0.4,5,15,207506.0,159.89999999999998,0,1,5,0.3333333333333333,38.8,0.24265165728580365,,37,57 71 53 92 98 11 52 37 5 30 29 65 32 94 86
31,10,1,7,1399232.0,0.05,0,23,303887.0,213.29999999999995,0,1,1,0.043478260869565216,3.4,0.01593999062353493,,3,7 61 43 44 95 47 73 38 34 6 28 45 97 14 9 27 56 50 58 62 21 66 19
31,10,1,7,1399232.0,0.05,1,13,251669.0,178.6,0,1,1,0.07692307692307693,15.0,0.083986562150056,,2,76 39 24 100 49 82 41 51 79 35 70 2 72
31,10,1,7,1399232.0,0.05,2,16,269371.0,225.60000000000002,0,1,0,0.0,0.0,0.0,,0,33 89 69 93 74 31 25 63 67 87 83 78 18 88 90 54
31,10,1,7,1399232.0,0.05,3,3,39329.0,39.4,0,1,0,0.0,0.0,0.0,,0,57 53 71
31,10,1,7,1399232.0,0.05,4,16,170545.0,215.09999999999997,0,1,2,0.125,8.7,0.040446304044630406,,4,80 20 8 64 68 17 46 26 10 77 23 96 85 75 42 91
31,10,1,7,1399232.0,0.05,5,17,172412.0,222.8,0,1,1,0.058823529411764705,8.9,0.039946140035906644,,1,40 81 13 99 12 84 36 22 4 15 3 60 48 55 59 1 16
31,10,1,7,1399232.0,0.05,6,12,192019.0,120.5,0,1,2,0.16666666666666666,18.9,0.15684647302904564,,3,29 30 37 52 11 98 92 5 65 32 94 86
31,10,1,7,1399232.0,0.1,0,23,303887.0,213.29999999999995,0,1,1,0.043478260869565216,3.4,0.01593999062353493,,3,7 61 43 44 95 47 73 38 34 6 28 45 97 14 9 27 56 50 58 62 21 66 19
31,10,1,7,1399232.0,0.1,1,13,251669.0,178.6,0,1,1,0.07692307692307693,15.0,0.083986562150056,,2,76 39 24 100 49 82 41 51 79 35 70 2 72
31,10,1,7,1399232.0,0.1,2,16,269371.0,225.60000000000002,0,1,0,0.0,0.0,0.0,,0,33 89 69 93 74 31 25 63 67 87 83 78 18 88 90 54
31,10,1,7,1399232.0,0.1,3,3,39329.0,39.4,0,1,0,0.0,0.0,0.0,,0,57 53 71
31,10,1,7,1399232.0,0.1,4,16,170545.0,215.09999999999997,0,1,5,0.3125,53.5,0.24872152487215252,,16,80 20 8 64 68 17 46 26 10 77 23 96 85 75 42 91
31,10,1,7,1399232.0,0.1,5,17,172412.0,222.8,0,1,2,0.11764705882352941,45.1,0.20242369838420107,,4,40 81 13 99 12 84 36 22 4 15 3 60 48 55 59 1 16
31,10,1,7,1399232.0,0.1,6,12,192019.0,120.5,0,1,4,0.3333333333333333,33.7,0.2796680497925311,,13,29 30 37 52 11 98 92 5 65 32 94 86
31,10,1,7,1399232.0,0.2,0,23,303887.0,213.29999999999995,0,1,3,0.13043478260869565,21.7,0.10173464603844352,,8,7 61 43 44 95 47 73 38 34 6 28 45 97 14 9 27 56 50 58 62 21 66 19
31,10,1,7,1399232.0,0.2,1,13,251669.0,178.6,0,1,1,0.07692307692307693,15.0,0.083986562150056,,2,76 39 24 100 49 82 41 51 79 35 70 2 72
31,10,1,7,1399232.0,0.2,2,16,269371.0,225.60000000000002,0,1,1,0.0625,11.600000000000001,0.051418439716312055,,1,33 89 69 93 74 31 25 63 67 87 83 78 18 88 90 54
31,10,1,7,1399232.0,0.2,3,3,39329.0,39.4,1,0,3,1.0,39.4,1.0,27137.0,12,57 53 71
31,10,1,7,1399232.0,0.2,4,16,170545.0,215.09999999999997,0,1,8,0.5,88.79999999999998,0.4128312412831241,,49,80 20 8 64 68 17 46 26 10 77 23 96 85 75 42 91
31,10,1,7,1399232.0,0.2,5,17,172412.0,222.8,0,1,5,0.29411764705882354,89.1,0.3999102333931777,,14,40 81 13 99 12 84 36 22 4 15 3 60 48 55 59 1 16
31,10,1,7,1399232.0,0.2,6,12,192019.0,120.5,0,1,5,0.4166666666666667,44.0,0.3651452282157676,,20,29 30 37 52 11 98 92 5 65 32 94 86
31,10,1,7,1399232.0,0.4,0,23,303887.0,213.29999999999995,0,1,8,0.34782608695652173,57.8,0.27097984060009384,,49,7 61 43 44 95 47 73 38 34 6 28 45 97 14 9 27 56 50 58 62 21 66 19
31,10,1,7,1399232.0,0.4,1,13,251669.0,178.6,0,1,4,0.3076923076923077,76.4,0.4277715565509519,,10,76 39 24 100 49 82 41 51 79 35 70 2 72
31,10,1,7,1399232.0,0.4,2,16,269371.0,225.60000000000002,0,1,6,0.375,105.2,0.46631205673758863,,37,33 89 69 93 74 31 25 63 67 87 83 78 18 88 90 54
31,10,1,7,1399232.0,0.4,3,3,39329.0,39.4,1,0,3,1.0,39.4,1.0,27137.0,12,57 53 71
31,10,1,7,1399232.0,0.4,4,16,170545.0,215.09999999999997,0,1,10,0.625,125.5,0.5834495583449559,,89,80 20 8 64 68 17 46 26 10 77 23 96 85 75 42 91
31,10,1,7,1399232.0,0.4,5,17,172412.0,222.8,0,1,10,0.5882352941176471,127.1,0.5704667863554758,,92,40 81 13 99 12 84 36 22 4 15 3 60 48 55 59 1 16
31,10,1,7,1399232.0,0.4,6,12,192019.0,120.5,0,1,7,0.5833333333333334,66.5,0.5518672199170125,,38,29 30 37 52 11 98 92 5 65 32 94 86
32,10,2,8,1424338.0,0.05,0,23,303887.0,213.29999999999995,0,1,1,0.043478260869565216,16.3,0.076418190342241,,4,7 61 43 44 95 47 73 38 34 6 28 45 97 14 9 27 56 50 58 62 21 66 19
32,10,2,8,1424338.0,0.05,1,13,251669.0,178.6,0,1,1,0.07692307692307693,15.0,0.083986562150056,,5,76 39 24 100 49 82 41 51 79 35 70 2 72
32,10,2,8,1424338.0,0.05,2,16,269371.0,225.60000000000002,0,1,3,0.1875,31.4,0.13918439716312056,,4,33 89 69 93 74 31 25 63 67 87 83 78 18 88 90 54
32,10,2,8,1424338.0,0.05,3,15,170545.0,198.0,0,1,4,0.26666666666666666,32.0,0.16161616161616163,,10,80 20 8 64 68 17 46 26 10 77 23 96 85 75 42
32,10,2,8,1424338.0,0.05,4,1,23852.0,17.099999999999998,1,0,1,1.0,17.099999999999998,1.0,0.0,3,91
32,10,2,8,1424338.0,0.05,5,16,170472.0,181.8,0,1,2,0.125,27.9,0.15346534653465344,,3,40 81 13 99 12 84 36 22 4 15 3 60 48 55 59 1
32,10,2,8,1424338.0,0.05,6,1,27036.0,41.0,1,0,1,1.0,41.0,1.0,1940.0,1,16
32,10,2,8,1424338.0,0.05,7,15,207506.0,159.89999999999998,0,1,3,0.2,28.6,0.1788617886178862,,8,57 71 53 92 98 11 52 37 5 30 29 65 32 94 86
32,10,2,8,1424338.0,0.1,0,23,303887.0,213.29999999999995,0,1,4,0.17391304347826086,34.1,0.1598687294889827,,12,7 61 43 44 95 47 73 38 34 6 28 45 97 14 9 27 56 50 58 62 21 66 19
32,10,2,8,1424338.0,0.1,1,13,251669.0,178.6,0,1,2,0.15384615384615385,28.8,0.1612541993281075,,6,76 39 24 100 49 82 41 51 79 35 70 2 72
32,10,2,8,1424338.0,0.1,2,16,269371.0,225.60000000000002,0,1,3,0.1875,58.4,0.25886524822695034,,9,33 89 69 93 74 31 25 63 67 87 83 78 18 88 90 54
32,10,2,8,1424338.0,0.1,3,15,170545.0,198.0,0,1,7,0.4666666666666667,91.30000000000001,0.4611111111111112,,24,80 20 8 64 68 17 46 26 10 77 23 96 85 75 42
32,10,2,8,1424338.0,0.1,4,1,23852.0,17.099999999999998,1,0,1,1.0,17.099999999999998,1.0,0.0,4,91
32,10,2,8,1424338.0,0.1,5,16,170472.0,181.8,0,1,4,0.25,31.1,0.17106710671067107,,22,40 81 13 99 12 84 36 22 4 15 3 60 48 55 59 1
32,10,2,8,1424338.0,0.1,6,1,27036.0,41.0,1,0,1,1.0,41.0,1.0,1940.0,3,16
32,10,2,8,1424338.0,0.1,7,15,207506.0,159.89999999999998,0,1,8,0.5333333333333333,78.19999999999999,0.4890556597873671,,43,57 71 53 92 98 11 52 37 5 30 29 65 32 94 86
32,10,2,8,1424338.0,0.2,0,23,303887.0,213.29999999999995,0,1,6,0.2608695652173913,50.8,0.2381622128457572,,35,7 61 43 44 95 47 73 38 34 6 28 45 97 14 9 27 56 50 58 62 21 66 19
32,10,2,8,1424338.0,0.2,1,13,251669.0,178.6,0,1,2,0.15384615384615385,28.8,0.1612541993281075,,7,76 39 24 100 49 82 41 51 79 35 70 2 72
32,10,2,8,1424338.0,0.2,2,16,269371.0,225.60000000000002,0,1,8,0.5,112.80000000000001,0.5,,30,33 89 69 93 74 31 25 63 67 87 83 78 18 88 90 54
32,10,2,8,1424338.0,0.2,3,15,170545.0,198.0,0,1,10,0.6666666666666666,125.2,0.6323232323232323,,71,80 20 8 64 68 17 46 26 10 77 23 96 85 75 42
32,10,2,8,1424338.0,0.2,4,1,23852.0,17.099999999999998,1,0,1,1.0,17.099999999999998,1.0,0.0,5,91
32,10,2,8,1424338.0,0.2,5,16,170472.0,181.8,0,1,7,0.4375,74.4,0.40924092409240925,,38,40 81 13 99 12 84 36 22 4 15 3 60 48 55 59 1
32,10,2,8,1424338.0,0.2,6,1,27036.0,41.0,1,0,1,1.0,41.0,1.0,1940.0,3,16
32,10,2,8,1424338.0,0.2,7,15,207506.0,159.89999999999998,0,1,9,0.6,97.3,0.6085053158223891,,69,57 71 53 92 98 11 52 37 5 30 29 65 32 94 86
32,10,2,8,1424338.0,0.4,0,23,303887.0,213.29999999999995,0,1,14,0.6086956521739131,111.5,0.5227379278012191,,141,7 61 43 44 95 47 73 38 34 6 28 45 97 14 9 27 56 50 58 62 21 66 19
32,10,2,8,1424338.0,0.4,1,13,251669.0,178.6,0,1,5,0.38461538461538464,90.2,0.5050391937290034,,16,76 39 24 100 49 82 41 51 79 35 70 2 72
32,10,2,8,1424338.0,0.4,2,16,269371.0,225.60000000000002,0,1,12,0.75,155.2,0.6879432624113474,,110,33 89 69 93 74 31 25 63 67 87 83 78 18 88 90 54
32,10,2,8,1424338.0,0.4,3,15,170545.0,198.0,0,1,11,0.7333333333333333,128.9,0.651010101010101,,125,80 20 8 64 68 17 46 26 10 77 23 96 85 75 42
32,10,2,8,1424338.0,0.4,4,1,23852.0,17.099999999999998,1,0,1,1.0,17.099999999999998,1.0,0.0,5,91
32,10,2,8,1424338.0,0.4,5,16,170472.0,181.8,0,1,11,0.6875,116.60000000000001,0.6413641364136413,,125,40 81 13 99 12 84 36 22 4 15 3 60 48 55 59 1
32,10,2,8,1424338.0,0.4,6,1,27036.0,41.0,1,0,1,1.0,41.0,1.0,1940.0,4,16
32,10,2,8,1424338.0,0.4,7,15,207506.0,159.89999999999998,0,1,10,0.6666666666666666,108.70000000000002,0.6797998749218264,,84,57 71 53 92 98 11 52 37 5 30 29 65 32 94 86
33,11,0,6,1386668.0,0.05,0,22,289802.0,207.89999999999995,0,1,1,0.045454545454545456,2.7,0.012987012987012991,,1,4 22 36 28 38 95 47 73 34 6 45 97 14 9 27 56 50 58 62 21 66 19
33,11,0,6,1386668.0,0.05,1,17,280453.0,212.1,0,1,0,0.0,0.0,0.0,,0,76 26 46 17 68 64 39 24 100 49 82 41 51 79 35 70 2
33,11,0,6,1386668.0,0.05,2,16,269371.0,225.60000000000002,0,1,1,0.0625,11.600000000000001,0.051418439716312055,,1,33 89 69 93 74 31 25 63 67 87 83 78 18 88 90 54
33,11,0,6,1386668.0,0.05,3,9,100675.0,155.7,0,1,2,0.2222222222222222,19.099999999999998,0.12267180475272961,,4,72 91 16 42 23 61 43 7 96
33,11,0,6,1386668.0,0.05,4,18,200123.0,217.8,0,1,1,0.05555555555555555,17.5,0.08034894398530762,,1,40 77 10 81 13 99 44 12 84 15 3 60 48 55 59 1 75 85
33,11,0,6,1386668.0,0.05,5,18,246244.0,196.2,0,1,2,0.1111111111111111,20.9,0.10652395514780835,,5,57 71 53 92 98 11 52 37 5 30 20 8 80 29 65 32 94 86
33,11,0,6,1386668.0,0.1,0,22,289802.0,207.89999999999995,0,1,2,0.09090909090909091,8.2,0.039442039442039445,,3,4 22 36 28 38 95 47 73 34 6 45 97 14 9 27 56 50 58 62 21 66 19
33,11,0,6,1386668.0,0.1,1,17,280453.0,212.1,0,1,0,0.0,0.0,0.0,,0,76 26 46 17 68 64 39 24 100 49 82 41 51 79 35 70 2
33,11,0,6,1386668.0,0.1,2,16,269371.0,225.60000000000002,0,1,1,0.0625,24.4,0.10815602836879432,,2,33 89 69 93 74 31 25 63 67 87 83 78 18 88 90 54
33,11,0,6,1386668.0,0.1,3,9,100675.0,155.7,0,1,2,0.2222222222222222,19.099999999999998,0.12267180475272961,,4,72 91 16 42 23 61 43 7 96
33,11,0,6,1386668.0,0.1,4,18,200123.0,217.8,0,1,3,0.16666666666666666,32.2,0.14784205693296604,,6,40 77 10 81 13 99 44 12 84 15 3 60 48 55 59 1 75 85
33,11,0,6,1386668.0,0.1,5,18,246244.0,196.2,0,1,2,0.1111111111111111,20.9,0.10652395514780835,,7,57 71 53 92 98 11 52 37 5 30 20 8 80 29 65 32 94 86
33,11,0,6,1386668.0,0.2,0,22,289802.0,207.89999999999995,0,1,5,0.22727272727272727,34.7,0.16690716690716695,,14,4 22 36 28 38 95 47 73 34 6 45 97 14 9 27 56 50 58 62 21 66 19
33,11,0,6,1386668.0,0.2,1,17,280453.0,212.1,0,1,2,0.11764705882352941,17.1,0.08062234794908063,,5,76 26 46 17 68 64 39 24 100 49 82 41 51 79 35 70 2
33,11,0,6,1386668.0,0.2,2,16,269371.0,225.60000000000002,0,1,3,0.1875,44.199999999999996,0.1959219858156028,,9,33 89 69 93 74 31 25 63 67 87 83 78 18 88 90 54
33,11,0,6,1386668.0,0.2,3,9,100675.0,155.7,0,1,3,0.3333333333333333,22.5,0.14450867052023122,,9,72 91 16 42 23 61 43 7 96
33,11,0,6,1386668.0,0.2,4,18,200123.0,217.8,0,1,5,0.2777777777777778,51.900000000000006,0.23829201101928377,,31,40 77 10 81 13 99 44 12 84 15 3 60 48 55 59 1 75 85
33,11,0,6,1386668.0,0.2,5,18,246244.0,196.2,0,1,4,0.2222222222222222,29.1,0.14831804281345567,,21,57 71 53 92 98 11 52 37 5 30 20 8 80 29 65 32 94 86
33,11,0,6,1386668.0,0.4,0,22,289802.0,207.89999999999995,0,1,7,0.3181818181818182,57.7,0.27753727753727764,,43,4 22 36 28 38 95 47 73 34 6 45 97 14 9 27 56 50 58 62 21 66 19
33,11,0,6,1386668.0,0.4,1,17,280453.0,212.1,0,1,5,0.29411764705882354,48.5,0.22866572371522867,,22,76 26 46 17 68 64 39 24 100 49 82 41 51 79 35 70 2
33,11,0,6,1386668.0,0.4,2,16,269371.0,225.60000000000002,0,1,6,0.375,62.199999999999996,0.275709219858156,,32,33 89 69 93 74 31 25 63 67 87 83 78 18 88 90 54
33,11,0,6,1386668.0,0.4,3,9,100675.0,155.7,0,1,3,0.3333333333333333,22.5,0.14450867052023122,,16,72 91 16 42 23 61 43 7 96
33,11,0,6,1386668.0,0.4,4,18,200123.0,217.8,0,1,9,0.5,76.5,0.3512396694214876,,76,40 77 10 81 13 99 44 12 84 15 3 60 48 55 59 1 75 85
33,11,0,6,1386668.0,0.4,5,18,246244.0,196.2,0,1,6,0.3333333333333333,45.4,0.23139653414882774,,37,57 71 53 92 98 11 52 37 5 30 20 8 80 29 65 32 94 86
34,11,1,7,1438712.0,0.05,0,21,287150.0,205.19999999999996,0,1,0,0.0,0.0,0.0,,0,4 22 36 28 38 95 47 73 34 6 45 97 14 9 27 56 50 58 62 21 66
34,11,1,7,1438712.0,0.05,1,1,54696.0,2.7,1,0,1,1.0,2.7,1.0,2652.0,2,19
34,11,1,7,1438712.0,0.05,2,17,280453.0,212.1,0,1,0,0.0,0.0,0.0,,0,76 26 46 17 68 64 39 24 100 49 82 41 51 79 35 70 2
34,11,1,7,1438712.0,0.05,3,16,269371.0,225.60000000000002,0,1,1,0.0625,11.600000000000001,0.051418439716312055,,1,33 89 69 93 74 31 25 63 67 87 83 78 18 88 90 54
34,11,1,7,1438712.0,0.05,4,9,100675.0,155.7,0,1,4,0.4444444444444444,37.49999999999999,0.24084778420038533,,6,72 91 16 42 23 61 43 7 96
34,11,1,7,1438712.0,0.05,5,18,200123.0,217.8,0,1,2,0.1111111111111111,20.2,0.09274563820018365,,2,40 77 10 81 13 99 44 12 84 15 3 60 48 55 59 1 75 85
34,11,1,7,1438712.0,0.05,6,18,246244.0,196.2,0,1,2,0.1111111111111111,20.9,0.10652395514780835,,5,57 71 53 92 98 11 52 37 5 30 20 8 80 29 65 32 94 86
34,11,1,7,1438712.0,0.1,0,21,287150.0,205.19999999999996,0,1,1,0.047619047619047616,5.5,0.02680311890838207,,1,4 22 36 28 38 95 47 73 34 6 45 97 14 9 27 56 50 58 62 21 66
34,11,1,7,1438712.0,0.1,1,1,54696.0,2.7,1,0,1,1.0,2.7,1.0,2652.0,3,19
34,11,1,7,1438712.0,0.1,2,17,280453.0,212.1,0,1,0,0.0,0.0,0.0,,0,76 26 46 17 68 64 39 24 100 49 82 41 51 79 35 70 2
34,11,1,7,1438712.0,0.1,3,16,269371.0,225.60000000000002,0,1,1,0.0625,24.4,0.10815602836879432,,2,33 89 69 93 74 31 25 63 67 87 83 78 18 88 90 54
34,11,1,7,1438712.0,0.1,4,9,100675.0,155.7,0,1,4,0.4444444444444444,37.49999999999999,0.24084778420038533,,6,72 91 16 42 23 61 43 7 96
34,11,1,7,1438712.0,0.1,5,18,200123.0,217.8,0,1,4,0.2222222222222222,35.8,0.16437098255280072,,8,40 77 10 81 13 99 44 12 84 15 3 60 48 55 59 1 75 85
34,11,1,7,1438712.0,0.1,6,18,246244.0,196.2,0,1,2,0.1111111111111111,20.9,0.10652395514780835,,7,57 71 53 92 98 11 52 37 5 30 20 8 80 29 65 32 94 86
34,11,1,7,1438712.0,0.2,0,21,287150.0,205.19999999999996,0,1,4,0.19047619047619047,32.0,0.15594541910331386,,11,4 22 36 28 38 95 47 73 34 6 45 97 14 9 27 56 50 58 62 21 66
34,11,1,7,1438712.0,0.2,1,1,54696.0,2.7,1,0,1,1.0,2.7,1.0,2652.0,5,19
34,11,1,7,1438712.0,0.2,2,17,280453.0,212.1,0,1,2,0.11764705882352941,17.1,0.08062234794908063,,6,76 26 46 17 68 64 39 24 100 49 82 41 51 79 35 70 2
34,11,1,7,1438712.0,0.2,3,16,269371.0,225.60000000000002,0,1,3,0.1875,44.199999999999996,0.1959219858156028,,9,33 89 69 93 74 31 25 63 67 87 83 78 18 88 90 54
34,11,1,7,1438712.0,0.2,4,9,100675.0,155.7,0,1,5,0.5555555555555556,53.8,0.3455362877328195,,15,72 91 16 42 23 61 43 7 96
34,11,1,7,1438712.0,0.2,5,18,200123.0,217.8,0,1,7,0.3888888888888889,58.0,0.2662993572084481,,34,40 77 10 81 13 99 44 12 84 15 3 60 48 55 59 1 75 85
34,11,1,7,1438712.0,0.2,6,18,246244.0,196.2,0,1,5,0.2777777777777778,40.300000000000004,0.20540265035677882,,22,57 71 53 92 98 11 52 37 5 30 20 8 80 29 65 32 94 86
34,11,1,7,1438712.0,0.4,0,21,287150.0,205.19999999999996,0,1,8,0.38095238095238093,61.8,0.3011695906432749,,38,4 22 36 28 38 95 47 73 34 6 45 97 14 9 27 56 50 58 62 21 66
34,11,1,7,1438712.0,0.4,1,1,54696.0,2.7,1,0,1,1.0,2.7,1.0,2652.0,5,19
34,11,1,7,1438712.0,0.4,2,17,280453.0,212.1,0,1,5,0.29411764705882354,48.5,0.22866572371522867,,23,76 26 46 17 68 64 39 24 100 49 82 41 51 79 35 70 2
34,11,1,7,1438712.0,0.4,3,16,269371.0,225.60000000000002,0,1,6,0.375,62.199999999999996,0.275709219858156,,35,33 89 69 93 74 31 25 63 67 87 83 78 18 88 90 54
34,11,1,7,1438712.0,0.4,4,9,100675.0,155.7,0,1,7,0.7777777777777778,128.3,0.8240205523442519,,34,72 91 16 42 23 61 43 7 96
34,11,1,7,1438712.0,0.4,5,18,200123.0,217.8,0,1,11,0.6111111111111112,125.0,0.573921028466483,,94,40 77 10 81 13 99 44 12 84 15 3 60 48 55 59 1 75 85
34,11,1,7,1438712.0,0.4,6,18,246244.0,196.2,0,1,7,0.3888888888888889,63.8,0.3251783893985729,,43,57 71 53 92 98 11 52 37 5 30 20 8 80 29 65 32 94 86
35,11,2,8,1453118.0,0.05,0,22,289802.0,207.89999999999995,0,1,1,0.045454545454545456,5.5,0.02645502645502646,,3,4 22 36 28 38 95 47 73 34 6 45 97 14 9 27 56 50 58 62 21 66 19
35,11,2,8,1453118.0,0.05,1,1,44694.0,13.8,0,1,0,0.0,0.0,0.0,,0,76
35,11,2,8,1453118.0,0.05,2,17,276502.0,213.29999999999998,0,1,1,0.058823529411764705,15.0,0.07032348804500704,,5,26 46 17 68 64 39 24 100 49 82 41 51 79 35 70 2 72
35,11,2,8,1453118.0,0.05,3,16,269371.0,225.60000000000002,0,1,2,0.125,23.5,0.10416666666666666,,3,33 89 69 93 74 31 25 63 67 87 83 78 18 88 90 54
35,11,2,8,1453118.0,0.05,4,8,100275.0,140.7,0,1,3,0.375,30.2,0.2146410803127221,,5,91 16 42 23 61 43 7 96
35,11,2,8,1453118.0,0.05,5,1,27822.0,8.9,1,0,1,1.0,8.9,1.0,1715.0,2,40
35,11,2,8,1453118.0,0.05,6,17,198408.0,208.9,0,1,1,0.058823529411764705,17.5,0.08377213977979894,,1,77 10 81 13 99 44 12 84 15 3 60 48 55 59 1 75 85
35,11,2,8,1453118.0,0.05,7,18,246244.0,196.2,0,1,3,0.16666666666666666,28.6,0.14576962283384304,,8,57 71 53 92 98 11 52 37 5 30 20 8 80 29 65 32 94 86
35,11,2,8,1453118.0,0.1,0,22,289802.0,207.89999999999995,0,1,3,0.13636363636363635,12.3,0.05916305916305918,,6,4 22 36 28 38 95 47 73 34 6 45 97 14 9 27 56 50 58 62 21 66 19
35,11,2,8,1453118.0,0.1,1,1,44694.0,13.8,0,1,0,0.0,0.0,0.0,,0,76
35,11,2,8,1453118.0,0.1,2,17,276502.0,213.29999999999998,0,1,1,0.058823529411764705,15.0,0.07032348804500704,,5,26 46 17 68 64 39 24 100 49 82 41 51 79 35 70 2 72
35,11,2,8,1453118.0,0.1,3,16,269371.0,225.60000000000002,0,1,2,0.125,36.3,0.1609042553191489,,5,33 89 69 93 74 31 25 63 67 87 83 78 18 88 90 54
35,11,2,8,1453118.0,0.1,4,8,100275.0,140.7,0,1,3,0.375,30.2,0.2146410803127221,,6,91 16 42 23 61 43 7 96
35,11,2,8,1453118.0,0.1,5,1,27822.0,8.9,1,0,1,1.0,8.9,1.0,1715.0,4,40
35,11,2,8,1453118.0,0.1,6,17,198408.0,208.9,0,1,2,0.11764705882352941,23.3,0.11153662039253232,,4,77 10 81 13 99 44 12 84 15 3 60 48 55 59 1 75 85
35,11,2,8,1453118.0,0.1,7,18,246244.0,196.2,0,1,5,0.2777777777777778,32.4,0.1651376146788991,,16,57 71 53 92 98 11 52 37 5 30 20 8 80 29 65 32 94 86
35,11,2,8,1453118.0,0.2,0,22,289802.0,207.89999999999995,0,1,6,0.2727272727272727,46.10000000000001,0.22174122174122185,,27,4 22 36 28 38 95 47 73 34 6 45 97 14 9 27 56 50 58 62 21 66 19
35,11,2,8,1453118.0,0.2,1,1,44694.0,13.8,1,0,1,1.0,13.8,1.0,20484.0,2,76
35,11,2,8,1453118.0,0.2,2,17,276502.0,213.29999999999998,0,1,4,0.23529411764705882,37.1,0.17393342709798407,,13,26 46 17 68 64 39 24 100 49 82 41 51 79 35 70 2 72
35,11,2,8,1453118.0,0.2,3,16,269371.0,225.60000000000002,0,1,4,0.25,55.8,0.24734042553191485,,18,33 89 69 93 74 31 25 63 67 87 83 78 18 88 90 54
35,11,2,8,1453118.0,0.2,4,8,100275.0,140.7,0,1,4,0.5,33.6,0.23880597014925375,,12,91 16 42 23 61 43 7 96
35,11,2,8,1453118.0,0.2,5,1,27822.0,8.9,1,0,1,1.0,8.9,1.0,1715.0,4,40
35,11,2,8,1453118.0,0.2,6,17,198408.0,208.9,0,1,5,0.29411764705882354,50.7,0.24269985639061753,,29,77 10 81 13 99 44 12 84 15 3 60 48 55 59 1 75 85
35,11,2,8,1453118.0,0.2,7,18,246244.0,196.2,0,1,7,0.3888888888888889,50.400000000000006,0.2568807339449542,,35,57 71 53 92 98 11 52 37 5 30 20 8 80 29 65 32 94 86
35,11,2,8,1453118.0,0.4,0,22,289802.0,207.89999999999995,0,1,8,0.36363636363636365,69.80000000000001,0.3357383357383359,,62,4 22 36 28 38 95 47 73 34 6 45 97 14 9 27 56 50 58 62 21 66 19
35,11,2,8,1453118.0,0.4,1,1,44694.0,13.8,1,0,1,1.0,13.8,1.0,20484.0,3,76
35,11,2,8,1453118.0,0.4,2,17,276502.0,213.29999999999998,0,1,7,0.4117647058823529,86.39999999999999,0.4050632911392405,,35,26 46 17 68 64 39 24 100 49 82 41 51 79 35 70 2 72
35,11,2,8,1453118.0,0.4,3,16,269371.0,225.60000000000002,0,1,7,0.4375,73.8,0.32712765957446804,,44,33 89 69 93 74 31 25 63 67 87 83 78 18 88 90 54
35,11,2,8,1453118.0,0.4,4,8,100275.0,140.7,0,1,4,0.5,33.6,0.23880597014925375,,19,91 16 42 23 61 43 7 96
35,11,2,8,1453118.0,0.4,5,1,27822.0,8.9,1,0,1,1.0,8.9,1.0,1715.0,5,40
35,11,2,8,1453118.0,0.4,6,17,198408.0,208.9,0,1,9,0.5294117647058824,76.5,0.3662039253231211,,72,77 10 81 13 99 44 12 84 15 3 60 48 55 59 1 75 85
35,11,2,8,1453118.0,0.4,7,18,246244.0,196.2,0,1,9,0.5,74.7,0.3807339449541285,,55,57 71 53 92 98 11 52 37 5 30 20 8 80 29 65 32 94 86
36,12,0,6,1374351.0,0.05,0,22,309906.0,207.1,0,1,0,0.0,0.0,0.0,,0,77 99 44 95 47 73 38 6 34 28 45 97 14 9 27 56 50 58 62 21 66 19
36,12,0,6,1374351.0,0.05,1,17,280453.0,212.1,0,1,1,0.058823529411764705,13.8,0.06506364922206506,,1,76 26 46 17 68 64 39 24 100 49 82 41 51 79 35 70 2
36,12,0,6,1374351.0,0.05,2,16,269371.0,225.60000000000002,0,1,1,0.0625,11.600000000000001,0.051418439716312055,,1,33 89 69 93 74 31 25 63 67 87 83 78 18 88 90 54
36,12,0,6,1374351.0,0.05,3,12,145368.0,200.3,0,1,2,0.16666666666666666,18.4,0.09186220668996505,,2,72 80 20 8 10 23 43 61 7 96 42 16
36,12,0,6,1374351.0,0.05,4,18,161747.0,210.29999999999998,0,1,4,0.2222222222222222,45.5,0.2163575844032335,,9,40 81 13 12 84 36 22 4 15 3 60 48 55 59 1 75 85 91
36,12,0,6,1374351.0,0.05,5,15,207506.0,159.89999999999998,0,1,2,0.13333333333333333,20.9,0.13070669168230145,,5,57 71 53 92 98 11 52 37 5 30 29 65 32 94 86
36,12,0,6,1374351.0,0.1,0,22,309906.0,207.1,0,1,2,0.09090909090909091,6.3,0.03042008691453404,,3,77 99 44 95 47 73 38 6 34 28 45 97 14 9 27 56 50 58 62 21 66 19
36,12,0,6,1374351.0,0.1,1,17,280453.0,212.1,0,1,3,0.17647058823529413,30.200000000000003,0.1423856671381424,,8,76 26 46 17 68 64 39 24 100 49 82 41 51 79 35 70 2
36,12,0,6,1374351.0,0.1,2,16,269371.0,225.60000000000002,0,1,2,0.125,36.8,0.16312056737588648,,3,33 89 69 93 74 31 25 63 67 87 83 78 18 88 90 54
36,12,0,6,1374351.0,0.1,3,12,145368.0,200.3,0,1,3,0.25,46.4,0.23165252121817273,,7,72 80 20 8 10 23 43 61 7 96 42 16
36,12,0,6,1374351.0,0.1,4,18,161747.0,210.29999999999998,0,1,5,0.2777777777777778,51.0,0.24251069900142655,,23,40 81 13 12 84 36 22 4 15 3 60 48 55 59 1 75 85 91
36,12,0,6,1374351.0,0.1,5,15,207506.0,159.89999999999998,0,1,4,0.26666666666666666,33.699999999999996,0.21075672295184492,,14,57 71 53 92 98 11 52 37 5 30 29 65 32 94 86
36,12,0,6,1374351.0,0.2,0,22,309906.0,207.1,0,1,3,0.13636363636363635,18.900000000000002,0.09126026074360213,,6,77 99 44 95 47 73 38 6 34 28 45 97 14 9 27 56 50 58 62 21 66 19
36,12,0,6,1374351.0,0.2,1,17,280453.0,212.1,0,1,4,0.23529411764705882,35.099999999999994,0.16548797736916546,,13,76 26 46 17 68 64 39 24 100 49 82 41 51 79 35 70 2
36,12,0,6,1374351.0,0.2,2,16,269371.0,225.60000000000002,0,1,5,0.3125,84.7,0.3754432624113475,,10,33 89 69 93 74 31 25 63 67 87 83 78 18 88 90 54
36,12,0,6,1374351.0,0.2,3,12,145368.0,200.3,0,1,5,0.4166666666666667,44.5,0.2221667498751872,,17,72 80 20 8 10 23 43 61 7 96 42 16
36,12,0,6,1374351.0,0.2,4,18,161747.0,210.29999999999998,0,1,9,0.5,82.5,0.3922967189728959,,55,40 81 13 12 84 36 22 4 15 3 60 48 55 59 1 75 85 91
36,12,0,6,1374351.0,0.2,5,15,207506.0,159.89999999999998,0,1,6,0.4,38.599999999999994,0.241400875547217,,29,57 71 53 92 98 11 52 37 5 30 29 65 32 94 86
36,12,0,6,1374351.0,0.4,0,22,309906.0,207.1,0,1,6,0.2727272727272727,55.3,0.2670207629164655,,42,77 99 44 95 47 73 38 6 34 28 45 97 14 9 27 56 50 58 62 21 66 19
36,12,0,6,1374351.0,0.4,1,17,280453.0,212.1,0,1,6,0.35294117647058826,80.1,0.37765205091937765,,39,76 26 46 17 68 64 39 24 100 49 82 41 51 79 35 70 2
36,12,0,6,1374351.0,0.4,2,16,269371.0,225.60000000000002,0,1,8,0.5,82.6,0.3661347517730496,,65,33 89 69 93 74 31 25 63 67 87 83 78 18 88 90 54
36,12,0,6,1374351.0,0.4,3,12,145368.0,200.3,0,1,6,0.5,71.4,0.3564653020469296,,41,72 80 20 8 10 23 43 61 7 96 42 16
36,12,0,6,1374351.0,0.4,4,18,161747.0,210.29999999999998,0,1,10,0.5555555555555556,94.5,0.449358059914408,,112,40 81 13 12 84 36 22 4 15 3 60 48 55 59 1 75 85 91
36,12,0,6,1374351.0,0.4,5,15,207506.0,159.89999999999998,0,1,6,0.4,38.599999999999994,0.241400875547217,,34,57 71 53 92 98 11 52 37 5 30 29 65 32 94 86
37,12,1,7,1415012.0,0.05,0,22,309906.0,207.1,0,1,0,0.0,0.0,0.0,,0,77 99 44 95 47 73 38 6 34 28 45 97 14 9 27 56 50 58 62 21 66 19
37,12,1,7,1415012.0,0.05,1,1,44694.0,13.8,1,0,1,1.0,13.8,1.0,4033.0,2,76
37,12,1,7,1415012.0,0.05,2,16,276420.0,198.29999999999998,0,1,0,0.0,0.0,0.0,,0,26 46 17 68 64 39 24 100 49 82 41 51 79 35 70 2
37,12,1,7,1415012.0,0.05,3,16,269371.0,225.60000000000002,0,1,1,0.0625,11.600000000000001,0.051418439716312055,,1,33 89 69 93 74 31 25 63 67 87 83 78 18 88 90 54
37,12,1,7,1415012.0,0.05,4,12,145368.0,200.3,0,1,2,0.16666666666666666,18.4,0.09186220668996505,,4,72 80 20 8 10 23 43 61 7 96 42 16
37,12,1,7,1415012.0,0.05,5,18,161747.0,210.29999999999998,0,1,5,0.2777777777777778,54.39999999999999,0.25867807893485495,,10,40 81 13 12 84 36 22 4 15 3 60 48 55 59 1 75 85 91
37,12,1,7,1415012.0,0.05,6,15,207506.0,159.89999999999998,0,1,2,0.13333333333333333,20.9,0.13070669168230145,,7,57 71 53 92 98 11 52 37 5 30 29 65 32 94 86
37,12,1,7,1415012.0,0.1,0,22,309906.0,207.1,0,1,2,0.09090909090909091,6.3,0.03042008691453404,,3,77 99 44 95 47 73 38 6 34 28 45 97 14 9 27 56 50 58 62 21 66 19
37,12,1,7,1415012.0,0.1,1,1,44694.0,13.8,1,0,1,1.0,13.8,1.0,4033.0,2,76
37,12,1,7,1415012.0,0.1,2,16,276420.0,198.29999999999998,0,1,3,0.1875,29.7,0.1497730711043873,,6,26 46 17 68 64 39 24 100 49 82 41 51 79 35 70 2
37,12,1,7,1415012.0,0.1,3,16,269371.0,225.60000000000002,0,1,2,0.125,36.8,0.16312056737588648,,3,33 89 69 93 74 31 25 63 67 87 83 78 18 88 90 54
37,12,1,7,1415012.0,0.1,4,12,145368.0,200.3,0,1,5,0.4166666666666667,79.8,0.3984023964053919,,11,72 80 20 8 10 23 43 61 7 96 42 16
37,12,1,7,1415012.0,0.1,5,18,161747.0,210.29999999999998,0,1,6,0.3333333333333333,59.89999999999999,0.28483119353304803,,25,40 81 13 12 84 36 22 4 15 3 60 48 55 59 1 75 85 91
37,12,1,7,1415012.0,0.1,6,15,207506.0,159.89999999999998,0,1,6,0.4,43.199999999999996,0.2701688555347092,,22,57 71 53 92 98 11 52 37 5 30 29 65 32 94 86
37,12,1,7,1415012.0,0.2,0,22,309906.0,207.1,0,1,4,0.18181818181818182,30.8,0.14872042491549978,,8,77 99 44 95 47 73 38 6 34 28 45 97 14 9 27 56 50 58 62 21 66 19
37,12,1,7,1415012.0,0.2,1,1,44694.0,13.8,1,0,1,1.0,13.8,1.0,4033.0,2,76
37,12,1,7,1415012.0,0.2,2,16,276420.0,198.29999999999998,0,1,4,0.25,35.099999999999994,0.17700453857791223,,11,26 46 17 68 64 39 24 100 49 82 41 51 79 35 70 2
37,12,1,7,1415012.0,0.2,3,16,269371.0,225.60000000000002,0,1,5,0.3125,84.7,0.3754432624113475,,11,33 89 69 93 74 31 25 63 67 87 83 78 18 88 90 54
37,12,1,7,1415012.0,0.2,4,12,145368.0,200.3,0,1,6,0.5,79.3,0.39590614078881675,,27,72 80 20 8 10 23 43 61 7 96 42 16
37,12,1,7,1415012.0,0.2,5,18,161747.0,210.29999999999998,0,1,9,0.5,100.5,0.4778887303851641,,69,40 81 13 12 84 36 22 4 15 3 60 48 55 59 1 75 85 91
37,12,1,7,1415012.0,0.2,6,15,207506.0,159.89999999999998,0,1,7,0.4666666666666667,71.6,0.4477798624140088,,40,57 71 53 92 98 11 52 37 5 30 29 65 32 94 86
37,12,1,7,1415012.0,0.4,0,22,309906.0,207.1,0,1,8,0.36363636363636365,68.2,0.32930951231289235,,67,77 99 44 95 47 73 38 6 34 28 45 97 14 9 27 56 50 58 62 21 66 19
37,12,1,7,1415012.0,0.4,1,1,44694.0,13.8,1,0,1,1.0,13.8,1.0,4033.0,3,76
37,12,1,7,1415012.0,0.4,2,16,276420.0,198.29999999999998,0,1,7,0.4375,93.5,0.4715078164397378,,38,26 46 17 68 64 39 24 100 49 82 41 51 79 35 70 2
37,12,1,7,1415012.0,0.4,3,16,269371.0,225.60000000000002,0,1,9,0.5625,90.3,0.4002659574468085,,76,33 89 69 93 74 31 25 63 67 87 83 78 18 88 90 54
37,12,1,7,1415012.0,0.4,4,12,145368.0,200.3,0,1,8,0.6666666666666666,98.6,0.49226160758861703,,51,72 80 20 8 10 23 43 61 7 96 42 16
37,12,1,7,1415012.0,0.4,5,18,161747.0,210.29999999999998,0,1,12,0.6666666666666666,121.00000000000001,0.5753685211602474,,134,40 81 13 12 84 36 22 4 15 3 60 48 55 59 1 75 85 91
37,12,1,7,1415012.0,0.4,6,15,207506.0,159.89999999999998,0,1,8,0.5333333333333333,71.4,0.44652908067542224,,52,57 71 53 92 98 11 52 37 5 30 29 65 32 94 86
38,12,2,8,1463540.0,0.05,0,22,309906.0,207.1,0,1,0,0.0,0.0,0.0,,0,77 99 44 95 47 73 38 6 34 28 45 97 14 9 27 56 50 58 62 21 66 19
38,12,2,8,1463540.0,0.05,1,1,44694.0,13.8,1,0,1,1.0,13.8,1.0,2538.0,3,76
38,12,2,8,1463540.0,0.05,2,3,62179.0,31.799999999999997,0,1,2,0.6666666666666666,26.4,0.8301886792452831,,5,26 46 17
38,12,2,8,1463540.0,0.05,3,13,262769.0,166.5,0,1,1,0.07692307692307693,3.3,0.01981981981981982,,1,68 64 39 24 100 49 82 41 51 79 35 70 2
38,12,2,8,1463540.0,0.05,4,16,269371.0,225.60000000000002,0,1,1,0.0625,11.600000000000001,0.051418439716312055,,1,33 89 69 93 74 31 25 63 67 87 83 78 18 88 90 54
38,12,2,8,1463540.0,0.05,5,12,145368.0,200.3,0,1,2,0.16666666666666666,18.4,0.09186220668996505,,5,72 80 20 8 10 23 43 61 7 96 42 16
38,12,2,8,1463540.0,0.05,6,18,161747.0,210.29999999999998,0,1,5,0.2777777777777778,54.39999999999999,0.25867807893485495,,10,40 81 13 12 84 36 22 4 15 3 60 48 55 59 1 75 85 91
38,12,2,8,1463540.0,0.05,7,15,207506.0,159.89999999999998,0,1,2,0.13333333333333333,18.9,0.11819887429643527,,6,57 71 53 92 98 11 52 37 5 30 29 65 32 94 86
38,12,2,8,1463540.0,0.1,0,22,309906.0,207.1,0,1,2,0.09090909090909091,6.3,0.03042008691453404,,3,77 99 44 95 47 73 38 6 34 28 45 97 14 9 27 56 50 58 62 21 66 19
38,12,2,8,1463540.0,0.1,1,1,44694.0,13.8,1,0,1,1.0,13.8,1.0,2538.0,3,76
38,12,2,8,1463540.0,0.1,2,3,62179.0,31.799999999999997,1,0,3,1.0,31.8,1.0000000000000002,13651.0,10,26 46 17
38,12,2,8,1463540.0,0.1,3,13,262769.0,166.5,0,1,1,0.07692307692307693,3.3,0.01981981981981982,,3,68 64 39 24 100 49 82 41 51 79 35 70 2
38,12,2,8,1463540.0,0.1,4,16,269371.0,225.60000000000002,0,1,2,0.125,36.8,0.16312056737588648,,3,33 89 69 93 74 31 25 63 67 87 83 78 18 88 90 54
38,12,2,8,1463540.0,0.1,5,12,145368.0,200.3,0,1,5,0.4166666666666667,94.3,0.47079380928607084,,14,72 80 20 8 10 23 43 61 7 96 42 16
38,12,2,8,1463540.0,0.1,6,18,161747.0,210.29999999999998,0,1,6,0.3333333333333333,59.89999999999999,0.28483119353304803,,26,40 81 13 12 84 36 22 4 15 3 60 48 55 59 1 75 85 91
38,12,2,8,1463540.0,0.1,7,15,207506.0,159.89999999999998,0,1,6,0.4,43.2,0.27016885553470926,,26,57 71 53 92 98 11 52 37 5 30 29 65 32 94 86
38,12,2,8,1463540.0,0.2,0,22,309906.0,207.1,0,1,3,0.13636363636363635,27.2,0.1313375181071946,,7,77 99 44 95 47 73 38 6 34 28 45 97 14 9 27 56 50 58 62 21 66 19
38,12,2,8,1463540.0,0.2,1,1,44694.0,13.8,1,0,1,1.0,13.8,1.0,2538.0,3,76
38,12,2,8,1463540.0,0.2,2,3,62179.0,31.799999999999997,1,0,3,1.0,31.8,1.0000000000000002,13651.0,12,26 46 17
38,12,2,8,1463540.0,0.2,3,13,262769.0,166.5,0,1,2,0.15384615384615385,16.7,0.1003003003003003,,4,68 64 39 24 100 49 82 41 51 79 35 70 2
38,12,2,8,1463540.0,0.2,4,16,269371.0,225.60000000000002,0,1,5,0.3125,84.7,0.3754432624113475,,10,33 89 69 93 74 31 25 63 67 87 83 78 18 88 90 54
38,12,2,8,1463540.0,0.2,5,12,145368.0,200.3,0,1,7,0.5833333333333334,97.69999999999999,0.4877683474787817,,35,72 80 20 8 10 23 43 61 7 96 42 16
38,12,2,8,1463540.0,0.2,6,18,161747.0,210.29999999999998,0,1,11,0.6111111111111112,121.0,0.5753685211602473,,67,40 81 13 12 84 36 22 4 15 3 60 48 55 59 1 75 85 91
38,12,2,8,1463540.0,0.2,7,15,207506.0,159.89999999999998,0,1,8,0.5333333333333333,89.60000000000001,0.5603502188868044,,56,57 71 53 92 98 11 52 37 5 30 29 65 32 94 86
38,12,2,8,1463540.0,0.4,0,22,309906.0,207.1,0,1,8,0.36363636363636365,68.2,0.32930951231289235,,73,77 99 44 95 47 73 38 6 34 28 45 97 14 9 27 56 50 58 62 21 66 19
38,12,2,8,1463540.0,0.4,1,1,44694.0,13.8,1,0,1,1.0,13.8,1.0,2538.0,4,76
38,12,2,8,1463540.0,0.4,2,3,62179.0,31.799999999999997,1,0,3,1.0,31.8,1.0000000000000002,13651.0,22,26 46 17
38,12,2,8,1463540.0,0.4,3,13,262769.0,166.5,0,1,5,0.38461538461538464,78.1,0.46906906906906903,,17,68 64 39 24 100 49 82 41 51 79 35 70 2
38,12,2,8,1463540.0,0.4,4,16,269371.0,225.60000000000002,0,1,10,0.625,119.19999999999999,0.5283687943262411,,87,33 89 69 93 74 31 25 63 67 87 83 78 18 88 90 54
38,12,2,8,1463540.0,0.4,5,12,145368.0,200.3,0,1,10,0.8333333333333334,169.7,0.8472291562656015,,78,72 80 20 8 10 23 43 61 7 96 42 16
38,12,2,8,1463540.0,0.4,6,18,161747.0,210.29999999999998,0,1,14,0.7777777777777778,164.1,0.7803138373751783,,178,40 81 13 12 84 36 22 4 15 3 60 48 55 59 1 75 85 91
38,12,2,8,1463540.0,0.4,7,15,207506.0,159.89999999999998,0,1,10,0.6666666666666666,112.39999999999998,0.7029393370856785,,81,57 71 53 92 98 11 52 37 5 30 29 65 32 94 86
39,13,2,8,1444899.0,0.05,0,20,293891.0,205.79999999999998,0,1,0,0.0,0.0,0.0,,0,23 44 95 47 73 38 6 34 28 45 97 14 9 27 56 50 58 62 21 66
39,13,2,8,1444899.0,0.05,1,1,54696.0,2.7,1,0,1,1.0,2.7,1.0,2652.0,3,19
39,13,2,8,1444899.0,0.05,2,17,280453.0,212.1,0,1,0,0.0,0.0,0.0,,0,76 26 46 17 68 64 39 24 100 49 82 41 51 79 35 70 2
39,13,2,8,1444899.0,0.05,3,1,27036.0,41.0,1,0,1,1.0,41.0,1.0,2117.0,1,16
39,13,2,8,1444899.0,0.05,4,17,284903.0,214.50000000000003,0,1,3,0.17647058823529413,34.3,0.15990675990675987,,4,1 59 55 48 89 69 93 74 31 25 63 67 87 83 78 18 88
39,13,2,8,1444899.0,0.05,5,10,104136.0,139.39999999999998,0,1,4,0.4,47.599999999999994,0.34146341463414637,,9,72 80 8 20 29 32 91 85 75 42
39,13,2,8,1444899.0,0.05,6,19,181904.0,214.20000000000002,0,1,2,0.10526315789473684,5.4,0.025210084033613446,,6,40 77 10 81 13 99 12 84 36 22 43 61 7 96 4 15 3 60 33
39,13,2,8,1444899.0,0.05,7,15,217880.0,185.6,0,1,2,0.13333333333333333,18.9,0.10183189655172413,,5,57 71 53 54 90 92 98 11 52 37 5 30 65 94 86
39,13,2,8,1444899.0,0.1,0,20,293891.0,205.79999999999998,0,1,0,0.0,0.0,0.0,,0,23 44 95 47 73 38 6 34 28 45 97 14 9 27 56 50 58 62 21 66
39,13,2,8,1444899.0,0.1,1,1,54696.0,2.7,1,0,1,1.0,2.7,1.0,2652.0,3,19
39,13,2,8,1444899.0,0.1,2,17,280453.0,212.1,0,1,1,0.058823529411764705,3.3,0.015558698727015558,,1,76 26 46 17 68 64 39 24 100 49 82 41 51 79 35 70 2
39,13,2,8,1444899.0,0.1,3,1,27036.0,41.0,1,0,1,1.0,41.0,1.0,2117.0,2,16
39,13,2,8,1444899.0,0.1,4,17,284903.0,214.50000000000003,0,1,3,0.17647058823529413,34.3,0.15990675990675987,,4,1 59 55 48 89 69 93 74 31 25 63 67 87 83 78 18 88
39,13,2,8,1444899.0,0.1,5,10,104136.0,139.39999999999998,0,1,5,0.5,68.5,0.49139167862266864,,13,72 80 8 20 29 32 91 85 75 42
39,13,2,8,1444899.0,0.1,6,19,181904.0,214.20000000000002,0,1,2,0.10526315789473684,7.1,0.033146591970121375,,7,40 77 10 81 13 99 12 84 36 22 43 61 7 96 4 15 3 60 33
39,13,2,8,1444899.0,0.1,7,15,217880.0,185.6,0,1,5,0.3333333333333333,35.0,0.18857758620689655,,13,57 71 53 54 90 92 98 11 52 37 5 30 65 94 86
39,13,2,8,1444899.0,0.2,0,20,293891.0,205.79999999999998,0,1,1,0.05,8.1,0.03935860058309038,,5,23 44 95 47 73 38 6 34 28 45 97 14 9 27 56 50 58 62 21 66
39,13,2,8,1444899.0,0.2,1,1,54696.0,2.7,1,0,1,1.0,2.7,1.0,2652.0,4,19
39,13,2,8,1444899.0,0.2,2,17,280453.0,212.1,0,1,2,0.11764705882352941,8.7,0.04101838755304102,,3,76 26 46 17 68 64 39 24 100 49 82 41 51 79 35 70 2
39,13,2,8,1444899.0,0.2,3,1,27036.0,41.0,1,0,1,1.0,41.0,1.0,2117.0,3,16
39,13,2,8,1444899.0,0.2,4,17,284903.0,214.50000000000003,0,1,5,0.29411764705882354,42.7,0.19906759906759905,,14,1 59 55 48 89 69 93 74 31 25 63 67 87 83 78 18 88
39,13,2,8,1444899.0,0.2,5,10,104136.0,139.39999999999998,0,1,7,0.7,91.3,0.6549497847919656,,32,72 80 8 20 29 32 91 85 75 42
39,13,2,8,1444899.0,0.2,6,19,181904.0,214.20000000000002,0,1,7,0.3684210526315789,44.6,0.20821661998132585,,23,40 77 10 81 13 99 12 84 36 22 43 61 7 96 4 15 3 60 33
39,13,2,8,1444899.0,0.2,7,15,217880.0,185.6,0,1,6,0.4,63.400000000000006,0.34159482758620696,,27,57 71 53 54 90 92 98 11 52 37 5 30 65 94 86
39,13,2,8,1444899.0,0.4,0,20,293891.0,205.79999999999998,0,1,7,0.35,66.3,0.32215743440233235,,24,23 44 95 47 73 38 6 34 28 45 97 14 9 27 56 50 58 62 21 66
39,13,2,8,1444899.0,0.4,1,1,54696.0,2.7,1,0,1,1.0,2.7,1.0,2652.0,6,19
39,13,2,8,1444899.0,0.4,2,17,280453.0,212.1,0,1,5,0.29411764705882354,61.0,0.28760018859028763,,28,76 26 46 17 68 64 39 24 100 49 82 41 51 79 35 70 2
39,13,2,8,1444899.0,0.4,3,1,27036.0,41.0,1,0,1,1.0,41.0,1.0,2117.0,3,16
39,13,2,8,1444899.0,0.4,4,17,284903.0,214.50000000000003,0,1,10,0.5882352941176471,93.29999999999998,0.4349650349650348,,68,1 59 55 48 89 69 93 74 31 25 63 67 87 83 78 18 88
39,13,2,8,1444899.0,0.4,5,10,104136.0,139.39999999999998,1,0,10,1.0,139.39999999999998,1.0,99838.0,50,72 80 8 20 29 32 91 85 75 42
39,13,2,8,1444899.0,0.4,6,19,181904.0,214.20000000000002,0,1,13,0.6842105263157895,118.80000000000001,0.5546218487394958,,114,40 77 10 81 13 99 12 84 36 22 43 61 7 96 4 15 3 60 33
39,13,2,8,1444899.0,0.4,7,15,217880.0,185.6,0,1,9,0.6,70.2,0.37823275862068967,,42,57 71 53 54 90 92 98 11 52 37 5 30 65 94 86
40,14,0,6,1380685.0,0.05,0,21,292962.0,208.69999999999996,0,1,1,0.047619047619047616,2.7,0.012937230474365121,,1,23 12 47 73 95 38 34 6 28 45 97 14 9 27 56 50 58 62 21 66 19
40,14,0,6,1380685.0,0.05,1,17,280453.0,212.1,0,1,0,0.0,0.0,0.0,,0,76 26 46 17 68 64 39 24 100 49 82 41 51 79 35 70 2
40,14,0,6,1380685.0,0.05,2,13,247875.0,221.49999999999997,0,1,1,0.07692307692307693,11.600000000000001,0.05237020316027089,,1,16 31 74 25 63 67 87 83 78 18 88 90 54
40,14,0,6,1380685.0,0.05,3,16,161460.0,211.9,0,1,4,0.25,40.8,0.19254365266635204,,10,72 80 8 20 29 32 91 42 75 85 55 59 93 69 89 33
40,14,0,6,1380685.0,0.05,4,20,199280.0,216.0,0,1,3,0.15,11.9,0.055092592592592596,,3,40 77 10 81 13 99 44 84 36 22 43 61 7 96 4 15 3 60 48 1
40,14,0,6,1380685.0,0.05,5,13,198655.0,145.1,0,1,4,0.3076923076923077,23.8,0.16402481047553413,,8,57 71 53 92 98 11 52 37 5 30 65 94 86
40,14,0,6,1380685.0,0.1,0,21,292962.0,208.69999999999996,0,1,1,0.047619047619047616,2.7,0.012937230474365121,,3,23 12 47 73 95 38 34 6 28 45 97 14 9 27 56 50 58 62 21 66 19
40,14,0,6,1380685.0,0.1,1,17,280453.0,212.1,0,1,0,0.0,0.0,0.0,,0,76 26 46 17 68 64 39 24 100 49 82 41 51 79 35 70 2
40,14,0,6,1380685.0,0.1,2,13,247875.0,221.49999999999997,0,1,1,0.07692307692307693,41.0,0.1851015801354402,,3,16 31 74 25 63 67 87 83 78 18 88 90 54
40,14,0,6,1380685.0,0.1,3,16,161460.0,211.9,0,1,5,0.3125,77.4,0.3652666352052855,,19,72 80 8 20 29 32 91 42 75 85 55 59 93 69 89 33
40,14,0,6,1380685.0,0.1,4,20,199280.0,216.0,0,1,3,0.15,13.600000000000001,0.06296296296296297,,6,40 77 10 81 13 99 44 84 36 22 43 61 7 96 4 15 3 60 48 1
40,14,0,6,1380685.0,0.1,5,13,198655.0,145.1,0,1,4,0.3076923076923077,23.8,0.16402481047553413,,11,57 71 53 92 98 11 52 37 5 30 65 94 86
40,14,0,6,1380685.0,0.2,0,21,292962.0,208.69999999999996,0,1,4,0.19047619047619047,21.8,0.10445615716339245,,13,23 12 47 73 95 38 34 6 28 45 97 14 9 27 56 50 58 62 21 66 19
40,14,0,6,1380685.0,0.2,1,17,280453.0,212.1,0,1,2,0.11764705882352941,8.7,0.04101838755304102,,4,76 26 46 17 68 64 39 24 100 49 82 41 51 79 35 70 2
40,14,0,6,1380685.0,0.2,2,13,247875.0,221.49999999999997,0,1,4,0.3076923076923077,70.30000000000001,0.31738148984198655,,9,16 31 74 25 63 67 87 83 78 18 88 90 54
40,14,0,6,1380685.0,0.2,3,16,161460.0,211.9,0,1,7,0.4375,90.80000000000001,0.4285040113260973,,41,72 80 8 20 29 32 91 42 75 85 55 59 93 69 89 33
40,14,0,6,1380685.0,0.2,4,20,199280.0,216.0,0,1,6,0.3,30.4,0.14074074074074072,,26,40 77 10 81 13 99 44 84 36 22 43 61 7 96 4 15 3 60 48 1
40,14,0,6,1380685.0,0.2,5,13,198655.0,145.1,0,1,4,0.3076923076923077,23.8,0.16402481047553413,,13,57 71 53 92 98 11 52 37 5 30 65 94 86
40,14,0,6,1380685.0,0.4,0,21,292962.0,208.69999999999996,0,1,6,0.2857142857142857,47.2,0.22616195495927174,,36,23 12 47 73 95 38 34 6 28 45 97 14 9 27 56 50 58 62 21 66 19
40,14,0,6,1380685.0,0.4,1,17,280453.0,212.1,0,1,5,0.29411764705882354,48.900000000000006,0.23055162659123057,,29,76 26 46 17 68 64 39 24 100 49 82 41 51 79 35 70 2
40,14,0,6,1380685.0,0.4,2,13,247875.0,221.49999999999997,0,1,5,0.38461538461538464,91.0,0.41083521444695265,,34,16 31 74 25 63 67 87 83 78 18 88 90 54
40,14,0,6,1380685.0,0.4,3,16,161460.0,211.9,0,1,9,0.5625,96.0,0.4530438886267107,,83,72 80 8 20 29 32 91 42 75 85 55 59 93 69 89 33
40,14,0,6,1380685.0,0.4,4,20,199280.0,216.0,0,1,13,0.65,94.60000000000001,0.437962962962963,,107,40 77 10 81 13 99 44 84 36 22 43 61 7 96 4 15 3 60 48 1
40,14,0,6,1380685.0,0.4,5,13,198655.0,145.1,0,1,4,0.3076923076923077,25.2,0.17367332873880084,,18,57 71 53 92 98 11 52 37 5 30 65 94 86
41,14,1,7,1406792.0,0.05,0,21,292962.0,208.69999999999996,0,1,1,0.047619047619047616,12.6,0.06037374221370389,,2,23 12 47 73 95 38 34 6 28 45 97 14 9 27 56 50 58 62 21 66 19
41,14,1,7,1406792.0,0.05,1,17,280453.0,212.1,0,1,0,0.0,0.0,0.0,,0,76 26 46 17 68 64 39 24 100 49 82 41 51 79 35 70 2
41,14,1,7,1406792.0,0.05,2,13,247875.0,221.49999999999997,0,1,1,0.07692307692307693,11.600000000000001,0.05237020316027089,,1,16 31 74 25 63 67 87 83 78 18 88 90 54
41,14,1,7,1406792.0,0.05,3,16,161460.0,211.9,0,1,5,0.3125,61.9,0.2921189240207645,,15,72 80 8 20 29 32 91 42 75 85 55 59 93 69 89 33
41,14,1,7,1406792.0,0.05,4,1,27822.0,8.9,1,0,1,1.0,8.9,1.0,1715.0,1,40
41,14,1,7,1406792.0,0.05,5,19,197565.0,207.1,0,1,3,0.15789473684210525,11.9,0.057460164171897636,,3,77 10 81 13 99 44 84 36 22 43 61 7 96 4 15 3 60 48 1
41,14,1,7,1406792.0,0.05,6,13,198655.0,145.1,0,1,4,0.3076923076923077,29.9,0.20606478290833907,,9,57 71 53 92 98 11 52 37 5 30 65 94 86
41,14,1,7,1406792.0,0.1,0,21,292962.0,208.69999999999996,0,1,2,0.09523809523809523,15.3,0.07331097268806902,,5,23 12 47 73 95 38 34 6 28 45 97 14 9 27 56 50 58 62 21 66 19
41,14,1,7,1406792.0,0.1,1,17,280453.0,212.1,0,1,0,0.0,0.0,0.0,,0,76 26 46 17 68 64 39 24 100 49 82 41 51 79 35 70 2
41,14,1,7,1406792.0,0.1,2,13,247875.0,221.49999999999997,0,1,1,0.07692307692307693,41.0,0.1851015801354402,,3,16 31 74 25 63 67 87 83 78 18 88 90 54
41,14,1,7,1406792.0,0.1,3,16,161460.0,211.9,0,1,6,0.375,104.20000000000002,0.491741387446909,,26,72 80 8 20 29 32 91 42 75 85 55 59 93 69 89 33
41,14,1,7,1406792.0,0.1,4,1,27822.0,8.9,1,0,1,1.0,8.9,1.0,1715.0,2,40
41,14,1,7,1406792.0,0.1,5,19,197565.0,207.1,0,1,3,0.15789473684210525,11.9,0.057460164171897636,,5,77 10 81 13 99 44 84 36 22 43 61 7 96 4 15 3 60 48 1
41,14,1,7,1406792.0,0.1,6,13,198655.0,145.1,0,1,4,0.3076923076923077,29.9,0.20606478290833907,,14,57 71 53 92 98 11 52 37 5 30 65 94 86
41,14,1,7,1406792.0,0.2,0,21,292962.0,208.69999999999996,0,1,5,0.23809523809523808,28.4,0.13608049832295163,,23,23 12 47 73 95 38 34 6 28 45 97 14 9 27 56 50 58 62 21 66 19
41,14,1,7,1406792.0,0.2,1,17,280453.0,212.1,0,1,2,0.11764705882352941,19.200000000000003,0.09052333804809054,,8,76 26 46 17 68 64 39 24 100 49 82 41 51 79 35 70 2
41,14,1,7,1406792.0,0.2,2,13,247875.0,221.49999999999997,0,1,4,0.3076923076923077,79.9,0.36072234762979694,,11,16 31 74 25 63 67 87 83 78 18 88 90 54
41,14,1,7,1406792.0,0.2,3,16,161460.0,211.9,0,1,9,0.5625,114.0,0.5379896177442189,,52,72 80 8 20 29 32 91 42 75 85 55 59 93 69 89 33
41,14,1,7,1406792.0,0.2,4,1,27822.0,8.9,1,0,1,1.0,8.9,1.0,1715.0,3,40
41,14,1,7,1406792.0,0.2,5,19,197565.0,207.1,0,1,5,0.2631578947368421,21.5,0.10381458232737809,,24,77 10 81 13 99 44 84 36 22 43 61 7 96 4 15 3 60 48 1
41,14,1,7,1406792.0,0.2,6,13,198655.0,145.1,0,1,4,0.3076923076923077,29.9,0.20606478290833907,,17,57 71 53 92 98 11 52 37 5 30 65 94 86
41,14,1,7,1406792.0,0.4,0,21,292962.0,208.69999999999996,0,1,7,0.3333333333333333,58.3,0.27934834690943944,,55,23 12 47 73 95 38 34 6 28 45 97 14 9 27 56 50 58 62 21 66 19
41,14,1,7,1406792.0,0.4,1,17,280453.0,212.1,0,1,6,0.35294117647058826,65.30000000000001,0.3078736445073079,,36,76 26 46 17 68 64 39 24 100 49 82 41 51 79 35 70 2
41,14,1,7,1406792.0,0.4,2,13,247875.0,221.49999999999997,0,1,6,0.46153846153846156,99.8,0.45056433408577884,,40,16 31 74 25 63 67 87 83 78 18 88 90 54
41,14,1,7,1406792.0,0.4,3,16,161460.0,211.9,0,1,11,0.6875,118.9,0.561113732892874,,95,72 80 8 20 29 32 91 42 75 85 55 59 93 69 89 33
41,14,1,7,1406792.0,0.4,4,1,27822.0,8.9,1,0,1,1.0,8.9,1.0,1715.0,3,40
41,14,1,7,1406792.0,0.4,5,19,197565.0,207.1,0,1,12,0.631578947368421,85.7,0.41380975374215356,,102,77 10 81 13 99 44 84 36 22 43 61 7 96 4 15 3 60 48 1
41,14,1,7,1406792.0,0.4,6,13,198655.0,145.1,0,1,6,0.46153846153846156,41.5,0.28600964851826327,,23,57 71 53 92 98 11 52 37 5 30 65 94 86
42,14,2,8,1447453.0,0.05,0,21,292962.0,208.69999999999996,0,1,1,0.047619047619047616,12.6,0.06037374221370389,,2,23 12 47 73 95 38 34 6 28 45 97 14 9 27 56 50 58 62 21 66 19
42,14,2,8,1447453.0,0.05,1,1,44694.0,13.8,1,0,1,1.0,13.8,1.0,4033.0,1,76
42,14,2,8,1447453.0,0.05,2,16,276420.0,198.29999999999998,0,1,0,0.0,0.0,0.0,,0,26 46 17 68 64 39 24 100 49 82 41 51 79 35 70 2
42,14,2,8,1447453.0,0.05,3,13,247875.0,221.49999999999997,0,1,1,0.07692307692307693,11.600000000000001,0.05237020316027089,,1,16 31 74 25 63 67 87 83 78 18 88 90 54
42,14,2,8,1447453.0,0.05,4,16,161460.0,211.9,0,1,5,0.3125,61.9,0.2921189240207645,,17,72 80 8 20 29 32 91 42 75 85 55 59 93 69 89 33
42,14,2,8,1447453.0,0.05,5,1,27822.0,8.9,1,0,1,1.0,8.9,1.0,1715.0,2,40
42,14,2,8,1447453.0,0.05,6,19,197565.0,207.1,0,1,3,0.15789473684210525,11.9,0.057460164171897636,,3,77 10 81 13 99 44 84 36 22 43 61 7 96 4 15 3 60 48 1
42,14,2,8,1447453.0,0.05,7,13,198655.0,145.1,0,1,4,0.3076923076923077,29.9,0.20606478290833907,,11,57 71 53 92 98 11 52 37 5 30 65 94 86
42,14,2,8,1447453.0,0.1,0,21,292962.0,208.69999999999996,0,1,2,0.09523809523809523,15.3,0.07331097268806902,,5,23 12 47 73 95 38 34 6 28 45 97 14 9 27 56 50 58 62 21 66 19
42,14,2,8,1447453.0,0.1,1,1,44694.0,13.8,1,0,1,1.0,13.8,1.0,4033.0,1,76
42,14,2,8,1447453.0,0.1,2,16,276420.0,198.29999999999998,0,1,0,0.0,0.0,0.0,,0,26 46 17 68 64 39 24 100 49 82 41 51 79 35 70 2
42,14,2,8,1447453.0,0.1,3,13,247875.0,221.49999999999997,0,1,1,0.07692307692307693,41.0,0.1851015801354402,,3,16 31 74 25 63 67 87 83 78 18 88 90 54
42,14,2,8,1447453.0,0.1,4,16,161460.0,211.9,0,1,7,0.4375,109.30000000000001,0.515809344030203,,32,72 80 8 20 29 32 91 42 75 85 55 59 93 69 89 33
42,14,2,8,1447453.0,0.1,5,1,27822.0,8.9,1,0,1,1.0,8.9,1.0,1715.0,3,40
42,14,2,8,1447453.0,0.1,6,19,197565.0,207.1,0,1,3,0.15789473684210525,11.9,0.057460164171897636,,5,77 10 81 13 99 44 84 36 22 43 61 7 96 4 15 3 60 48 1
42,14,2,8,1447453.0,0.1,7,13,198655.0,145.1,0,1,5,0.38461538461538464,39.199999999999996,0.27015851137146796,,18,57 71 53 92 98 11 52 37 5 30 65 94 86
42,14,2,8,1447453.0,0.2,0,21,292962.0,208.69999999999996,0,1,5,0.23809523809523808,43.2,0.20699568758984194,,25,23 12 47 73 95 38 34 6 28 45 97 14 9 27 56 50 58 62 21 66 19
42,14,2,8,1447453.0,0.2,1,1,44694.0,13.8,1,0,1,1.0,13.8,1.0,4033.0,2,76
42,14,2,8,1447453.0,0.2,2,16,276420.0,198.29999999999998,0,1,2,0.125,18.7,0.09430156328794756,,7,26 46 17 68 64 39 24 100 49 82 41 51 79 35 70 2
42,14,2,8,1447453.0,0.2,3,13,247875.0,221.49999999999997,0,1,4,0.3076923076923077,79.9,0.36072234762979694,,11,16 31 74 25 63 67 87 83 78 18 88 90 54
42,14,2,8,1447453.0,0.2,4,16,161460.0,211.9,0,1,10,0.625,126.20000000000002,0.5955639452571968,,62,72 80 8 20 29 32 91 42 75 85 55 59 93 69 89 33
42,14,2,8,1447453.0,0.2,5,1,27822.0,8.9,1,0,1,1.0,8.9,1.0,1715.0,4,40
42,14,2,8,1447453.0,0.2,6,19,197565.0,207.1,0,1,7,0.3684210526315789,36.9,0.17817479478512796,,41,77 10 81 13 99 44 84 36 22 43 61 7 96 4 15 3 60 48 1
42,14,2,8,1447453.0,0.2,7,13,198655.0,145.1,0,1,6,0.46153846153846156,50.4,0.3473466574776017,,24,57 71 53 92 98 11 52 37 5 30 65 94 86
42,14,2,8,1447453.0,0.4,0,21,292962.0,208.69999999999996,0,1,8,0.38095238095238093,70.9,0.33972208912314333,,77,23 12 47 73 95 38 34 6 28 45 97 14 9 27 56 50 58 62 21 66 19
42,14,2,8,1447453.0,0.4,1,1,44694.0,13.8,1,0,1,1.0,13.8,1.0,4033.0,3,76
42,14,2,8,1447453.0,0.4,2,16,276420.0,198.29999999999998,0,1,7,0.4375,96.5,0.486636409480585,,36,26 46 17 68 64 39 24 100 49 82 41 51 79 35 70 2
42,14,2,8,1447453.0,0.4,3,13,247875.0,221.49999999999997,0,1,7,0.5384615384615384,110.6,0.4993227990970655,,47,16 31 74 25 63 67 87 83 78 18 88 90 54
42,14,2,8,1447453.0,0.4,4,16,161460.0,211.9,0,1,12,0.75,124.69999999999997,0.5884851344974042,,109,72 80 8 20 29 32 91 42 75 85 55 59 93 69 89 33
42,14,2,8,1447453.0,0.4,5,1,27822.0,8.9,1,0,1,1.0,8.9,1.0,1715.0,5,40
42,14,2,8,1447453.0,0.4,6,19,197565.0,207.1,0,1,13,0.6842105263157895,104.70000000000002,0.5055528730082087,,121,77 10 81 13 99 44 84 36 22 43 61 7 96 4 15 3 60 48 1
42,14,2,8,1447453.0,0.4,7,13,198655.0,145.1,0,1,7,0.5384615384615384,63.8,0.43969676085458304,,37,57 71 53 92 98 11 52 37 5 30 65 94 86
43,15,0,6,1384972.0,0.05,0,21,314838.0,207.4,0,1,1,0.047619047619047616,2.7,0.013018322082931534,,1,77 84 12 99 44 95 47 73 38 6 34 28 45 97 14 9 27 56 50 58 19
43,15,0,6,1384972.0,0.05,1,17,280453.0,212.1,0,1,0,0.0,0.0,0.0,,0,76 26 46 17 68 64 39 24 100 49 82 41 51 79 35 70 2
43,15,0,6,1384972.0,0.05,2,15,272634.0,214.0,0,1,1,0.06666666666666667,11.600000000000001,0.05420560747663552,,1,59 69 93 74 31 25 63 67 87 83 78 18 88 90 54
43,15,0,6,1384972.0,0.05,3,16,164560.0,221.6,0,1,4,0.25,51.3,0.23149819494584836,,16,72 80 20 8 43 22 36 66 21 62 89 60 33 75 42 16
43,15,0,6,1384972.0,0.05,4,16,144981.0,200.3,0,1,4,0.25,38.099999999999994,0.1902146779830254,,13,40 13 81 10 23 61 7 96 4 15 3 48 55 1 85 91
43,15,0,6,1384972.0,0.05,5,15,207506.0,159.89999999999998,0,1,4,0.26666666666666666,31.9,0.19949968730456538,,11,57 71 53 92 98 11 52 37 5 30 29 65 32 94 86
43,15,0,6,1384972.0,0.1,0,21,314838.0,207.4,0,1,2,0.09523809523809523,6.8999999999999995,0.033269045323047246,,4,77 84 12 99 44 95 47 73 38 6 34 28 45 97 14 9 27 56 50 58 19
43,15,0,6,1384972.0,0.1,1,17,280453.0,212.1,0,1,2,0.11764705882352941,26.4,0.12446958981612447,,5,76 26 46 17 68 64 39 24 100 49 82 41 51 79 35 70 2
43,15,0,6,1384972.0,0.1,2,15,272634.0,214.0,0,1,3,0.2,44.8,0.20934579439252335,,5,59 69 93 74 31 25 63 67 87 83 78 18 88 90 54
43,15,0,6,1384972.0,0.1,3,16,164560.0,221.6,0,1,5,0.3125,75.4,0.3402527075812275,,22,72 80 20 8 43 22 36 66 21 62 89 60 33 75 42 16
43,15,0,6,1384972.0,0.1,4,16,144981.0,200.3,0,1,5,0.3125,38.0,0.18971542685971043,,21,40 13 81 10 23 61 7 96 4 15 3 48 55 1 85 91
43,15,0,6,1384972.0,0.1,5,15,207506.0,159.89999999999998,0,1,6,0.4,42.1,0.2632895559724828,,25,57 71 53 92 98 11 52 37 5 30 29 65 32 94 86
43,15,0,6,1384972.0,0.2,0,21,314838.0,207.4,0,1,4,0.19047619047619047,26.599999999999998,0.12825458052073288,,14,77 84 12 99 44 95 47 73 38 6 34 28 45 97 14 9 27 56 50 58 19
43,15,0,6,1384972.0,0.2,1,17,280453.0,212.1,0,1,4,0.23529411764705882,35.9,0.16925978312116927,,14,76 26 46 17 68 64 39 24 100 49 82 41 51 79 35 70 2
43,15,0,6,1384972.0,0.2,2,15,272634.0,214.0,0,1,5,0.3333333333333333,81.9,0.3827102803738318,,18,59 69 93 74 31 25 63 67 87 83 78 18 88 90 54
43,15,0,6,1384972.0,0.2,3,16,164560.0,221.6,0,1,7,0.4375,78.8,0.3555956678700361,,43,72 80 20 8 43 22 36 66 21 62 89 60 33 75 42 16
43,15,0,6,1384972.0,0.2,4,16,144981.0,200.3,0,1,7,0.4375,61.0,0.3045431852221667,,29,40 13 81 10 23 61 7 96 4 15 3 48 55 1 85 91
43,15,0,6,1384972.0,0.2,5,15,207506.0,159.89999999999998,0,1,6,0.4,43.8,0.27392120075046905,,34,57 71 53 92 98 11 52 37 5 30 29 65 32 94 86
43,15,0,6,1384972.0,0.4,0,21,314838.0,207.4,0,1,7,0.3333333333333333,49.5,0.2386692381870781,,41,77 84 12 99 44 95 47 73 38 6 34 28 45 97 14 9 27 56 50 58 19
43,15,0,6,1384972.0,0.4,1,17,280453.0,212.1,0,1,7,0.4117647058823529,76.4,0.36020744931636023,,40,76 26 46 17 68 64 39 24 100 49 82 41 51 79 35 70 2
43,15,0,6,1384972.0,0.4,2,15,272634.0,214.0,0,1,8,0.5333333333333333,83.0,0.3878504672897196,,58,59 69 93 74 31 25 63 67 87 83 78 18 88 90 54
43,15,0,6,1384972.0,0.4,3,16,164560.0,221.6,0,1,10,0.625,85.4,0.3853790613718412,,82,72 80 20 8 43 22 36 66 21 62 89 60 33 75 42 16
43,15,0,6,1384972.0,0.4,4,16,144981.0,200.3,0,1,9,0.5625,80.9,0.40389415876185725,,90,40 13 81 10 23 61 7 96 4 15 3 48 55 1 85 91
43,15,0,6,1384972.0,0.4,5,15,207506.0,159.89999999999998,0,1,6,0.4,44.89999999999999,0.28080050031269543,,40,57 71 53 92 98 11 52 37 5 30 29 65 32 94 86
44,15,1,7,1425633.0,0.05,0,21,314838.0,207.4,0,1,1,0.047619047619047616,2.7,0.013018322082931534,,1,77 84 12 99 44 95 47 73 38 6 34 28 45 97 14 9 27 56 50 58 19
44,15,1,7,1425633.0,0.05,1,1,44694.0,13.8,1,0,1,1.0,13.8,1.0,4033.0,1,76
44,15,1,7,1425633.0,0.05,2,16,276420.0,198.29999999999998,0,1,0,0.0,0.0,0.0,,0,26 46 17 68 64 39 24 100 49 82 41 51 79 35 70 2
44,15,1,7,1425633.0,0.05,3,15,272634.0,214.0,0,1,1,0.06666666666666667,11.600000000000001,0.05420560747663552,,1,59 69 93 74 31 25 63 67 87 83 78 18 88 90 54
44,15,1,7,1425633.0,0.05,4,16,164560.0,221.6,0,1,4,0.25,51.3,0.23149819494584836,,18,72 80 20 8 43 22 36 66 21 62 89 60 33 75 42 16
44,15,1,7,1425633.0,0.05,5,16,144981.0,200.3,0,1,5,0.3125,47.0,0.2346480279580629,,14,40 13 81 10 23 61 7 96 4 15 3 48 55 1 85 91
44,15,1,7,1425633.0,0.05,6,15,207506.0,159.89999999999998,0,1,4,0.26666666666666666,31.9,0.19949968730456538,,13,57 71 53 92 98 11 52 37 5 30 29 65 32 94 86
44,15,1,7,1425633.0,0.1,0,21,314838.0,207.4,0,1,2,0.09523809523809523,6.8999999999999995,0.033269045323047246,,4,77 84 12 99 44 95 47 73 38 6 34 28 45 97 14 9 27 56 50 58 19
44,15,1,7,1425633.0,0.1,1,1,44694.0,13.8,1,0,1,1.0,13.8,1.0,4033.0,1,76
44,15,1,7,1425633.0,0.1,2,16,276420.0,198.29999999999998,0,1,2,0.125,26.4,0.13313161875945537,,5,26 46 17 68 64 39 24 100 49 82 41 51 79 35 70 2
44,15,1,7,1425633.0,0.1,3,15,272634.0,214.0,0,1,3,0.2,44.8,0.20934579439252335,,5,59 69 93 74 31 25 63 67 87 83 78 18 88 90 54
44,15,1,7,1425633.0,0.1,4,16,164560.0,221.6,0,1,7,0.4375,108.2,0.48826714801444043,,26,72 80 20 8 43 22 36 66 21 62 89 60 33 75 42 16
44,15,1,7,1425633.0,0.1,5,16,144981.0,200.3,0,1,6,0.375,46.9,0.23414877683474786,,23,40 13 81 10 23 61 7 96 4 15 3 48 55 1 85 91
44,15,1,7,1425633.0,0.1,6,15,207506.0,159.89999999999998,0,1,7,0.4666666666666667,49.8,0.31144465290806755,,33,57 71 53 92 98 11 52 37 5 30 29 65 32 94 86
44,15,1,7,1425633.0,0.2,0,21,314838.0,207.4,0,1,4,0.19047619047619047,40.50000000000001,0.19527483124397302,,17,77 84 12 99 44 95 47 73 38 6 34 28 45 97 14 9 27 56 50 58 19
44,15,1,7,1425633.0,0.2,1,1,44694.0,13.8,1,0,1,1.0,13.8,1.0,4033.0,2,76
44,15,1,7,1425633.0,0.2,2,16,276420.0,198.29999999999998,0,1,4,0.25,35.4,0.17851739788199697,,13,26 46 17 68 64 39 24 100 49 82 41 51 79 35 70 2
44,15,1,7,1425633.0,0.2,3,15,272634.0,214.0,0,1,5,0.3333333333333333,81.9,0.3827102803738318,,18,59 69 93 74 31 25 63 67 87 83 78 18 88 90 54
44,15,1,7,1425633.0,0.2,4,16,164560.0,221.6,0,1,9,0.5625,107.0,0.4828519855595668,,52,72 80 20 8 43 22 36 66 21 62 89 60 33 75 42 16
44,15,1,7,1425633.0,0.2,5,16,144981.0,200.3,0,1,8,0.5,78.19999999999999,0.3904143784323514,,45,40 13 81 10 23 61 7 96 4 15 3 48 55 1 85 91
44,15,1,7,1425633.0,0.2,6,15,207506.0,159.89999999999998,0,1,8,0.5333333333333333,61.5,0.3846153846153847,,45,57 71 53 92 98 11 52 37 5 30 29 65 32 94 86
44,15,1,7,1425633.0,0.4,0,21,314838.0,207.4,0,1,9,0.42857142857142855,62.400000000000006,0.3008678881388621,,62,77 84 12 99 44 95 47 73 38 6 34 28 45 97 14 9 27 56 50 58 19
44,15,1,7,1425633.0,0.4,1,1,44694.0,13.8,1,0,1,1.0,13.8,1.0,4033.0,3,76
44,15,1,7,1425633.0,0.4,2,16,276420.0,198.29999999999998,0,1,8,0.5,107.6,0.5426122037317196,,40,26 46 17 68 64 39 24 100 49 82 41 51 79 35 70 2
44,15,1,7,1425633.0,0.4,3,15,272634.0,214.0,0,1,9,0.6,90.29999999999998,0.4219626168224298,,67,59 69 93 74 31 25 63 67 87 83 78 18 88 90 54
44,15,1,7,1425633.0,0.4,4,16,164560.0,221.6,0,1,12,0.75,110.2,0.4972924187725632,,99,72 80 20 8 43 22 36 66 21 62 89 60 33 75 42 16
44,15,1,7,1425633.0,0.4,5,16,144981.0,200.3,0,1,10,0.625,111.30000000000001,0.5556665002496256,,108,40 13 81 10 23 61 7 96 4 15 3 48 55 1 85 91
44,15,1,7,1425633.0,0.4,6,15,207506.0,159.89999999999998,0,1,9,0.6,78.6,0.4915572232645404,,58,57 71 53 92 98 11 52 37 5 30 29 65 32 94 86
45,15,2,8,1491403.0,0.05,0,1,63364.0,3.5999999999999996,1,0,1,1.0,3.5999999999999996,1.0,8070.0,1,77
45,15,2,8,1491403.0,0.05,1,19,303209.0,201.1,0,1,0,0.0,0.0,0.0,,0,99 12 84 44 95 47 73 38 6 34 28 45 97 14 9 27 56 50 58
45,15,2,8,1491403.0,0.05,2,1,54696.0,2.7,1,0,1,1.0,2.7,1.0,5436.0,2,19
45,15,2,8,1491403.0,0.05,3,17,280453.0,212.1,0,1,2,0.11764705882352941,8.7,0.04101838755304102,,6,76 26 46 17 68 64 39 24 100 49 82 41 51 79 35 70 2
45,15,2,8,1491403.0,0.05,4,15,272634.0,214.0,0,1,2,0.13333333333333333,29.200000000000003,0.13644859813084115,,3,59 69 93 74 31 25 63 67 87 83 78 18 88 90 54
45,15,2,8,1491403.0,0.05,5,16,164560.0,221.6,0,1,5,0.3125,55.0,0.24819494584837545,,22,72 80 20 8 43 22 36 66 21 62 89 60 33 75 42 16
45,15,2,8,1491403.0,0.05,6,16,144981.0,200.3,0,1,6,0.375,52.5,0.2621068397403894,,21,40 13 81 10 23 61 7 96 4 15 3 48 55 1 85 91
45,15,2,8,1491403.0,0.05,7,15,207506.0,159.89999999999998,0,1,5,0.3333333333333333,39.6,0.24765478424015014,,17,57 71 53 92 98 11 52 37 5 30 29 65 32 94 86
45,15,2,8,1491403.0,0.1,0,1,63364.0,3.5999999999999996,1,0,1,1.0,3.5999999999999996,1.0,8070.0,2,77
45,15,2,8,1491403.0,0.1,1,19,303209.0,201.1,0,1,1,0.05263157894736842,3.3,0.016409746394828444,,1,99 12 84 44 95 47 73 38 6 34 28 45 97 14 9 27 56 50 58
45,15,2,8,1491403.0,0.1,2,1,54696.0,2.7,1,0,1,1.0,2.7,1.0,5436.0,3,19
45,15,2,8,1491403.0,0.1,3,17,280453.0,212.1,0,1,3,0.17647058823529413,30.0,0.14144271570014144,,10,76 26 46 17 68 64 39 24 100 49 82 41 51 79 35 70 2
45,15,2,8,1491403.0,0.1,4,15,272634.0,214.0,0,1,3,0.2,54.7,0.25560747663551403,,8,59 69 93 74 31 25 63 67 87 83 78 18 88 90 54
45,15,2,8,1491403.0,0.1,5,16,164560.0,221.6,0,1,6,0.375,96.0,0.4332129963898917,,30,72 80 20 8 43 22 36 66 21 62 89 60 33 75 42 16
45,15,2,8,1491403.0,0.1,6,16,144981.0,200.3,0,1,7,0.4375,57.2,0.2855716425361957,,29,40 13 81 10 23 61 7 96 4 15 3 48 55 1 85 91
45,15,2,8,1491403.0,0.1,7,15,207506.0,159.89999999999998,0,1,6,0.4,44.7,0.2795497185741089,,28,57 71 53 92 98 11 52 37 5 30 29 65 32 94 86
45,15,2,8,1491403.0,0.2,0,1,63364.0,3.5999999999999996,1,0,1,1.0,3.5999999999999996,1.0,8070.0,4,77
45,15,2,8,1491403.0,0.2,1,19,303209.0,201.1,0,1,2,0.10526315789473684,20.3,0.10094480358030831,,6,99 12 84 44 95 47 73 38 6 34 28 45 97 14 9 27 56 50 58
45,15,2,8,1491403.0,0.2,2,1,54696.0,2.7,1,0,1,1.0,2.7,1.0,5436.0,5,19
45,15,2,8,1491403.0,0.2,3,17,280453.0,212.1,0,1,4,0.23529411764705882,35.900000000000006,0.1692597831211693,,17,76 26 46 17 68 64 39 24 100 49 82 41 51 79 35 70 2
45,15,2,8,1491403.0,0.2,4,15,272634.0,214.0,0,1,6,0.4,89.2,0.41682242990654206,,23,59 69 93 74 31 25 63 67 87 83 78 18 88 90 54
45,15,2,8,1491403.0,0.2,5,16,164560.0,221.6,0,1,10,0.625,131.89999999999998,0.5952166064981949,,54,72 80 20 8 43 22 36 66 21 62 89 60 33 75 42 16
45,15,2,8,1491403.0,0.2,6,16,144981.0,200.3,0,1,10,0.625,105.6,0.5272091862206689,,47,40 13 81 10 23 61 7 96 4 15 3 48 55 1 85 91
45,15,2,8,1491403.0,0.2,7,15,207506.0,159.89999999999998,0,1,7,0.4666666666666667,55.0,0.3439649781113196,,39,57 71 53 92 98 11 52 37 5 30 29 65 32 94 86
45,15,2,8,1491403.0,0.4,0,1,63364.0,3.5999999999999996,1,0,1,1.0,3.5999999999999996,1.0,8070.0,5,77
45,15,2,8,1491403.0,0.4,1,19,303209.0,201.1,0,1,6,0.3157894736842105,46.8,0.23272003978120337,,29,99 12 84 44 95 47 73 38 6 34 28 45 97 14 9 27 56 50 58
45,15,2,8,1491403.0,0.4,2,1,54696.0,2.7,1,0,1,1.0,2.7,1.0,5436.0,7,19
45,15,2,8,1491403.0,0.4,3,17,280453.0,212.1,0,1,9,0.5294117647058824,110.7,0.521923620933522,,51,76 26 46 17 68 64 39 24 100 49 82 41 51 79 35 70 2
45,15,2,8,1491403.0,0.4,4,15,272634.0,214.0,0,1,9,0.6,90.29999999999998,0.4219626168224298,,63,59 69 93 74 31 25 63 67 87 83 78 18 88 90 54
45,15,2,8,1491403.0,0.4,5,16,164560.0,221.6,0,1,14,0.875,196.70000000000002,0.8876353790613719,,113,72 80 20 8 43 22 36 66 21 62 89 60 33 75 42 16
45,15,2,8,1491403.0,0.4,6,16,144981.0,200.3,0,1,15,0.9375,181.10000000000002,0.9041437843235148,,149,40 13 81 10 23 61 7 96 4 15 3 48 55 1 85 91
45,15,2,8,1491403.0,0.4,7,15,207506.0,159.89999999999998,0,1,9,0.6,78.6,0.4915572232645404,,60,57 71 53 92 98 11 52 37 5 30 29 65 32 94 86
46,16,0,6,1364614.0,0.05,0,23,294867.0,204.2,0,1,1,0.043478260869565216,5.5,0.02693437806072478,,2,19 3 15 66 21 62 58 50 56 27 9 14 97 45 34 6 73 47 95 38 28 22 4
46,16,0,6,1364614.0,0.05,1,17,280453.0,212.1,0,1,0,0.0,0.0,0.0,,0,76 26 46 17 68 64 39 24 100 49 82 41 51 79 35 70 2
46,16,0,6,1364614.0,0.05,2,18,278158.0,212.4,0,1,1,0.05555555555555555,7.9,0.0371939736346516,,1,1 55 59 31 74 25 18 78 83 87 67 63 93 69 89 60 48 33
46,16,0,6,1364614.0,0.05,3,11,106253.0,180.39999999999998,0,1,3,0.2727272727272727,29.8,0.16518847006651888,,6,72 80 8 20 29 32 91 85 75 42 16
46,16,0,6,1364614.0,0.05,4,15,177280.0,196.20000000000002,0,1,2,0.13333333333333333,5.4,0.027522935779816512,,3,40 77 10 81 13 99 44 12 84 36 23 43 61 7 96
46,16,0,6,1364614.0,0.05,5,16,227603.0,210.0,0,1,3,0.1875,24.0,0.11428571428571428,,6,57 71 53 54 90 88 92 98 11 52 37 5 30 65 94 86
46,16,0,6,1364614.0,0.1,0,23,294867.0,204.2,0,1,2,0.08695652173913043,9.6,0.04701273261508325,,6,19 3 15 66 21 62 58 50 56 27 9 14 97 45 34 6 73 47 95 38 28 22 4
46,16,0,6,1364614.0,0.1,1,17,280453.0,212.1,0,1,0,0.0,0.0,0.0,,0,76 26 46 17 68 64 39 24 100 49 82 41 51 79 35 70 2
46,16,0,6,1364614.0,0.1,2,18,278158.0,212.4,0,1,1,0.05555555555555555,8.2,0.03860640301318267,,5,1 55 59 31 74 25 18 78 83 87 67 63 93 69 89 60 48 33
46,16,0,6,1364614.0,0.1,3,11,106253.0,180.39999999999998,0,1,4,0.36363636363636365,48.0,0.2660753880266076,,12,72 80 8 20 29 32 91 85 75 42 16
46,16,0,6,1364614.0,0.1,4,15,177280.0,196.20000000000002,0,1,2,0.13333333333333333,5.4,0.027522935779816512,,4,40 77 10 81 13 99 44 12 84 36 23 43 61 7 96
46,16,0,6,1364614.0,0.1,5,16,227603.0,210.0,0,1,4,0.25,30.6,0.1457142857142857,,13,57 71 53 54 90 88 92 98 11 52 37 5 30 65 94 86
46,16,0,6,1364614.0,0.2,0,23,294867.0,204.2,0,1,4,0.17391304347826086,23.6,0.11557296767874634,,20,19 3 15 66 21 62 58 50 56 27 9 14 97 45 34 6 73 47 95 38 28 22 4
46,16,0,6,1364614.0,0.2,1,17,280453.0,212.1,0,1,4,0.23529411764705882,35.8,0.16878830740216877,,10,76 26 46 17 68 64 39 24 100 49 82 41 51 79 35 70 2
46,16,0,6,1364614.0,0.2,2,18,278158.0,212.4,0,1,6,0.3333333333333333,46.3,0.21798493408662897,,27,1 55 59 31 74 25 18 78 83 87 67 63 93 69 89 60 48 33
46,16,0,6,1364614.0,0.2,3,11,106253.0,180.39999999999998,0,1,5,0.45454545454545453,51.19999999999999,0.2838137472283814,,26,72 80 8 20 29 32 91 85 75 42 16
46,16,0,6,1364614.0,0.2,4,15,177280.0,196.20000000000002,0,1,5,0.3333333333333333,29.0,0.14780835881753313,,11,40 77 10 81 13 99 44 12 84 36 23 43 61 7 96
46,16,0,6,1364614.0,0.2,5,16,227603.0,210.0,0,1,6,0.375,50.4,0.24,,28,57 71 53 54 90 88 92 98 11 52 37 5 30 65 94 86
46,16,0,6,1364614.0,0.4,0,23,294867.0,204.2,0,1,8,0.34782608695652173,52.6,0.257590597453477,,67,19 3 15 66 21 62 58 50 56 27 9 14 97 45 34 6 73 47 95 38 28 22 4
46,16,0,6,1364614.0,0.4,1,17,280453.0,212.1,0,1,5,0.29411764705882354,52.300000000000004,0.2465818010372466,,30,76 26 46 17 68 64 39 24 100 49 82 41 51 79 35 70 2
46,16,0,6,1364614.0,0.4,2,18,278158.0,212.4,0,1,10,0.5555555555555556,83.0,0.3907721280602636,,71,1 55 59 31 74 25 18 78 83 87 67 63 93 69 89 60 48 33
46,16,0,6,1364614.0,0.4,3,11,106253.0,180.39999999999998,0,1,6,0.5454545454545454,56.89999999999999,0.31541019955654104,,30,72 80 8 20 29 32 91 85 75 42 16
46,16,0,6,1364614.0,0.4,4,15,177280.0,196.20000000000002,0,1,6,0.4,55.400000000000006,0.2823649337410805,,26,40 77 10 81 13 99 44 12 84 36 23 43 61 7 96
46,16,0,6,1364614.0,0.4,5,16,227603.0,210.0,0,1,8,0.5,59.9,0.28523809523809524,,47,57 71 53 54 90 88 92 98 11 52 37 5 30 65 94 86
47,16,1,7,1405275.0,0.05,0,23,294867.0,204.2,0,1,1,0.043478260869565216,5.5,0.02693437806072478,,2,19 3 15 66 21 62 58 50 56 27 9 14 97 45 34 6 73 47 95 38 28 22 4
47,16,1,7,1405275.0,0.05,1,1,44694.0,13.8,1,0,1,1.0,13.8,1.0,4033.0,1,76
47,16,1,7,1405275.0,0.05,2,16,276420.0,198.29999999999998,0,1,0,0.0,0.0,0.0,,0,26 46 17 68 64 39 24 100 49 82 41 51 79 35 70 2
47,16,1,7,1405275.0,0.05,3,18,278158.0,212.4,0,1,1,0.05555555555555555,7.9,0.0371939736346516,,1,1 55 59 31 74 25 18 78 83 87 67 63 93 69 89 60 48 33
47,16,1,7,1405275.0,0.05,4,11,106253.0,180.39999999999998,0,1,3,0.2727272727272727,29.8,0.16518847006651888,,8,72 80 8 20 29 32 91 85 75 42 16
47,16,1,7,1405275.0,0.05,5,15,177280.0,196.20000000000002,0,1,3,0.2,14.3,0.0728848114169215,,4,40 77 10 81 13 99 44 12 84 36 23 43 61 7 96
47,16,1,7,1405275.0,0.05,6,16,227603.0,210.0,0,1,3,0.1875,24.0,0.11428571428571428,,8,57 71 53 54 90 88 92 98 11 52 37 5 30 65 94 86
47,16,1,7,1405275.0,0.1,0,23,294867.0,204.2,0,1,2,0.08695652173913043,9.6,0.04701273261508325,,6,19 3 15 66 21 62 58 50 56 27 9 14 97 45 34 6 73 47 95 38 28 22 4
47,16,1,7,1405275.0,0.1,1,1,44694.0,13.8,1,0,1,1.0,13.8,1.0,4033.0,1,76
47,16,1,7,1405275.0,0.1,2,16,276420.0,198.29999999999998,0,1,0,0.0,0.0,0.0,,0,26 46 17 68 64 39 24 100 49 82 41 51 79 35 70 2
47,16,1,7,1405275.0,0.1,3,18,278158.0,212.4,0,1,1,0.05555555555555555,8.2,0.03860640301318267,,5,1 55 59 31 74 25 18 78 83 87 67 63 93 69 89 60 48 33
47,16,1,7,1405275.0,0.1,4,11,106253.0,180.39999999999998,0,1,6,0.5454545454545454,71.49999999999999,0.3963414634146341,,18,72 80 8 20 29 32 91 85 75 42 16
47,16,1,7,1405275.0,0.1,5,15,177280.0,196.20000000000002,0,1,3,0.2,14.3,0.0728848114169215,,5,40 77 10 81 13 99 44 12 84 36 23 43 61 7 96
47,16,1,7,1405275.0,0.1,6,16,227603.0,210.0,0,1,5,0.3125,46.0,0.21904761904761905,,17,57 71 53 54 90 88 92 98 11 52 37 5 30 65 94 86
47,16,1,7,1405275.0,0.2,0,23,294867.0,204.2,0,1,5,0.21739130434782608,27.700000000000003,0.13565132223310483,,25,19 3 15 66 21 62 58 50 56 27 9 14 97 45 34 6 73 47 95 38 28 22 4
47,16,1,7,1405275.0,0.2,1,1,44694.0,13.8,1,0,1,1.0,13.8,1.0,4033.0,3,76
47,16,1,7,1405275.0,0.2,2,16,276420.0,198.29999999999998,0,1,3,0.1875,22.0,0.11094301563287949,,8,26 46 17 68 64 39 24 100 49 82 41 51 79 35 70 2
47,16,1,7,1405275.0,0.2,3,18,278158.0,212.4,0,1,7,0.3888888888888889,53.5,0.2518832391713748,,30,1 55 59 31 74 25 18 78 83 87 67 63 93 69 89 60 48 33
47,16,1,7,1405275.0,0.2,4,11,106253.0,180.39999999999998,0,1,7,0.6363636363636364,71.89999999999999,0.3985587583148559,,35,72 80 8 20 29 32 91 85 75 42 16
47,16,1,7,1405275.0,0.2,5,15,177280.0,196.20000000000002,0,1,6,0.4,45.300000000000004,0.2308868501529052,,23,40 77 10 81 13 99 44 12 84 36 23 43 61 7 96
47,16,1,7,1405275.0,0.2,6,16,227603.0,210.0,0,1,7,0.4375,60.7,0.28904761904761905,,35,57 71 53 54 90 88 92 98 11 52 37 5 30 65 94 86
47,16,1,7,1405275.0,0.4,0,23,294867.0,204.2,0,1,10,0.43478260869565216,60.4,0.2957884427032321,,93,19 3 15 66 21 62 58 50 56 27 9 14 97 45 34 6 73 47 95 38 28 22 4
47,16,1,7,1405275.0,0.4,1,1,44694.0,13.8,1,0,1,1.0,13.8,1.0,4033.0,4,76
47,16,1,7,1405275.0,0.4,2,16,276420.0,198.29999999999998,0,1,6,0.375,64.9,0.3272818961169945,,33,26 46 17 68 64 39 24 100 49 82 41 51 79 35 70 2
47,16,1,7,1405275.0,0.4,3,18,278158.0,212.4,0,1,10,0.5555555555555556,96.0,0.4519774011299435,,83,1 55 59 31 74 25 18 78 83 87 67 63 93 69 89 60 48 33
47,16,1,7,1405275.0,0.4,4,11,106253.0,180.39999999999998,0,1,7,0.6363636363636364,83.6,0.4634146341463415,,39,72 80 8 20 29 32 91 85 75 42 16
47,16,1,7,1405275.0,0.4,5,15,177280.0,196.20000000000002,0,1,7,0.4666666666666667,78.2,0.3985728848114169,,40,40 77 10 81 13 99 44 12 84 36 23 43 61 7 96
47,16,1,7,1405275.0,0.4,6,16,227603.0,210.0,0,1,10,0.625,107.0,0.5095238095238095,,63,57 71 53 54 90 88 92 98 11 52 37 5 30 65 94 86
48,16,2,8,1453803.0,0.05,0,23,294867.0,204.2,0,1,1,0.043478260869565216,5.5,0.02693437806072478,,2,19 3 15 66 21 62 58 50 56 27 9 14 97 45 34 6 73 47 95 38 28 22 4
48,16,2,8,1453803.0,0.05,1,1,44694.0,13.8,1,0,1,1.0,13.8,1.0,2538.0,2,76
48,16,2,8,1453803.0,0.05,2,3,62179.0,31.799999999999997,0,1,2,0.6666666666666666,26.4,0.8301886792452831,,5,26 46 17
48,16,2,8,1453803.0,0.05,3,13,262769.0,166.5,0,1,1,0.07692307692307693,3.3,0.01981981981981982,,1,68 64 39 24 100 49 82 41 51 79 35 70 2
48,16,2,8,1453803.0,0.05,4,18,278158.0,212.4,0,1,1,0.05555555555555555,7.9,0.0371939736346516,,1,1 55 59 31 74 25 18 78 83 87 67 63 93 69 89 60 48 33
48,16,2,8,1453803.0,0.05,5,11,106253.0,180.39999999999998,0,1,3,0.2727272727272727,29.8,0.16518847006651888,,8,72 80 8 20 29 32 91 85 75 42 16
48,16,2,8,1453803.0,0.05,6,15,177280.0,196.20000000000002,0,1,3,0.2,14.3,0.0728848114169215,,4,40 77 10 81 13 99 44 12 84 36 23 43 61 7 96
48,16,2,8,1453803.0,0.05,7,16,227603.0,210.0,0,1,3,0.1875,24.0,0.11428571428571428,,8,57 71 53 54 90 88 92 98 11 52 37 5 30 65 94 86
48,16,2,8,1453803.0,0.1,0,23,294867.0,204.2,0,1,2,0.08695652173913043,9.6,0.04701273261508325,,6,19 3 15 66 21 62 58 50 56 27 9 14 97 45 34 6 73 47 95 38 28 22 4
48,16,2,8,1453803.0,0.1,1,1,44694.0,13.8,1,0,1,1.0,13.8,1.0,2538.0,2,76
48,16,2,8,1453803.0,0.1,2,3,62179.0,31.799999999999997,1,0,3,1.0,31.799999999999997,1.0,13651.0,6,26 46 17
48,16,2,8,1453803.0,0.1,3,13,262769.0,166.5,0,1,1,0.07692307692307693,3.3,0.01981981981981982,,1,68 64 39 24 100 49 82 41 51 79 35 70 2
48,16,2,8,1453803.0,0.1,4,18,278158.0,212.4,0,1,1,0.05555555555555555,8.2,0.03860640301318267,,5,1 55 59 31 74 25 18 78 83 87 67 63 93 69 89 60 48 33
48,16,2,8,1453803.0,0.1,5,11,106253.0,180.39999999999998,0,1,6,0.5454545454545454,94.1,0.5216186252771619,,22,72 80 8 20 29 32 91 85 75 42 16
48,16,2,8,1453803.0,0.1,6,15,177280.0,196.20000000000002,0,1,3,0.2,14.3,0.0728848114169215,,6,40 77 10 81 13 99 44 12 84 36 23 43 61 7 96
48,16,2,8,1453803.0,0.1,7,16,227603.0,210.0,0,1,5,0.3125,46.0,0.21904761904761905,,19,57 71 53 54 90 88 92 98 11 52 37 5 30 65 94 86
48,16,2,8,1453803.0,0.2,0,23,294867.0,204.2,0,1,4,0.17391304347826086,23.6,0.11557296767874634,,19,19 3 15 66 21 62 58 50 56 27 9 14 97 45 34 6 73 47 95 38 28 22 4
48,16,2,8,1453803.0,0.2,1,1,44694.0,13.8,1,0,1,1.0,13.8,1.0,2538.0,4,76
48,16,2,8,1453803.0,0.2,2,3,62179.0,31.799999999999997,1,0,3,1.0,31.8,1.0000000000000002,13651.0,11,26 46 17
48,16,2,8,1453803.0,0.2,3,13,262769.0,166.5,0,1,1,0.07692307692307693,3.3,0.01981981981981982,,3,68 64 39 24 100 49 82 41 51 79 35 70 2
48,16,2,8,1453803.0,0.2,4,18,278158.0,212.4,0,1,6,0.3333333333333333,46.3,0.21798493408662897,,27,1 55 59 31 74 25 18 78 83 87 67 63 93 69 89 60 48 33
48,16,2,8,1453803.0,0.2,5,11,106253.0,180.39999999999998,0,1,8,0.7272727272727273,100.79999999999998,0.5587583148558758,,56,72 80 8 20 29 32 91 85 75 42 16
48,16,2,8,1453803.0,0.2,6,15,177280.0,196.20000000000002,0,1,7,0.4666666666666667,85.9,0.43781855249745155,,30,40 77 10 81 13 99 44 12 84 36 23 43 61 7 96
48,16,2,8,1453803.0,0.2,7,16,227603.0,210.0,0,1,7,0.4375,78.8,0.3752380952380952,,46,57 71 53 54 90 88 92 98 11 52 37 5 30 65 94 86
48,16,2,8,1453803.0,0.4,0,23,294867.0,204.2,0,1,11,0.4782608695652174,89.0,0.435847208619001,,107,19 3 15 66 21 62 58 50 56 27 9 14 97 45 34 6 73 47 95 38 28 22 4
48,16,2,8,1453803.0,0.4,1,1,44694.0,13.8,1,0,1,1.0,13.8,1.0,2538.0,5,76
48,16,2,8,1453803.0,0.4,2,3,62179.0,31.799999999999997,1,0,3,1.0,31.8,1.0000000000000002,13651.0,21,26 46 17
48,16,2,8,1453803.0,0.4,3,13,262769.0,166.5,0,1,3,0.23076923076923078,33.099999999999994,0.19879879879879878,,14,68 64 39 24 100 49 82 41 51 79 35 70 2
48,16,2,8,1453803.0,0.4,4,18,278158.0,212.4,0,1,12,0.6666666666666666,127.89999999999999,0.6021657250470809,,101,1 55 59 31 74 25 18 78 83 87 67 63 93 69 89 60 48 33
48,16,2,8,1453803.0,0.4,5,11,106253.0,180.39999999999998,0,1,10,0.9090909090909091,147.5,0.8176274944567629,,70,72 80 8 20 29 32 91 85 75 42 16
48,16,2,8,1453803.0,0.4,6,15,177280.0,196.20000000000002,0,1,10,0.6666666666666666,115.10000000000001,0.5866462793068298,,72,40 77 10 81 13 99 44 12 84 36 23 43 61 7 96
48,16,2,8,1453803.0,0.4,7,16,227603.0,210.0,0,1,11,0.6875,135.1,0.6433333333333333,,89,57 71 53 54 90 88 92 98 11 52 37 5 30 65 94 86
49,17,0,6,1359667.0,0.05,0,21,301836.0,203.49999999999997,0,1,0,0.0,0.0,0.0,,0,99 44 95 47 73 38 34 6 28 45 97 14 9 27 56 50 58 62 21 66 19
49,17,0,6,1359667.0,0.05,1,16,280955.0,214.5,0,1,1,0.0625,15.0,0.06993006993006994,,2,72 80 20 8 64 39 24 100 49 82 41 51 79 35 70 2
49,17,0,6,1359667.0,0.05,2,16,269371.0,225.60000000000002,0,1,2,0.125,23.5,0.10416666666666666,,3,33 89 69 93 74 31 25 63 67 87 83 78 18 88 90 54
49,17,0,6,1359667.0,0.05,3,15,146851.0,217.2,0,1,4,0.26666666666666666,36.9,0.16988950276243095,,7,76 68 17 46 26 13 81 10 23 43 61 7 96 16 91
49,17,0,6,1359667.0,0.05,4,17,153148.0,194.6,0,1,2,0.11764705882352941,10.6,0.05447070914696814,,5,40 77 12 84 36 22 4 15 3 60 48 55 59 1 85 75 42
49,17,0,6,1359667.0,0.05,5,15,207506.0,159.89999999999998,0,1,2,0.13333333333333333,18.9,0.11819887429643527,,4,57 71 53 92 98 11 52 37 5 30 29 65 32 94 86
49,17,0,6,1359667.0,0.1,0,21,301836.0,203.49999999999997,0,1,1,0.047619047619047616,2.7,0.013267813267813271,,2,99 44 95 47 73 38 34 6 28 45 97 14 9 27 56 50 58 62 21 66 19
49,17,0,6,1359667.0,0.1,1,16,280955.0,214.5,0,1,1,0.0625,15.0,0.06993006993006994,,2,72 80 20 8 64 39 24 100 49 82 41 51 79 35 70 2
49,17,0,6,1359667.0,0.1,2,16,269371.0,225.60000000000002,0,1,4,0.25,56.39999999999999,0.24999999999999994,,9,33 89 69 93 74 31 25 63 67 87 83 78 18 88 90 54
49,17,0,6,1359667.0,0.1,3,15,146851.0,217.2,0,1,6,0.4,87.89999999999999,0.4046961325966851,,16,76 68 17 46 26 13 81 10 23 43 61 7 96 16 91
49,17,0,6,1359667.0,0.1,4,17,153148.0,194.6,0,1,3,0.17647058823529413,50.4,0.2589928057553957,,15,40 77 12 84 36 22 4 15 3 60 48 55 59 1 85 75 42
49,17,0,6,1359667.0,0.1,5,15,207506.0,159.89999999999998,0,1,5,0.3333333333333333,34.199999999999996,0.21388367729831145,,20,57 71 53 92 98 11 52 37 5 30 29 65 32 94 86
49,17,0,6,1359667.0,0.2,0,21,301836.0,203.49999999999997,0,1,2,0.09523809523809523,15.3,0.0751842751842752,,12,99 44 95 47 73 38 34 6 28 45 97 14 9 27 56 50 58 62 21 66 19
49,17,0,6,1359667.0,0.2,1,16,280955.0,214.5,0,1,5,0.3125,64.7,0.30163170163170167,,12,72 80 20 8 64 39 24 100 49 82 41 51 79 35 70 2
49,17,0,6,1359667.0,0.2,2,16,269371.0,225.60000000000002,0,1,6,0.375,102.30000000000001,0.45345744680851063,,20,33 89 69 93 74 31 25 63 67 87 83 78 18 88 90 54
49,17,0,6,1359667.0,0.2,3,15,146851.0,217.2,0,1,6,0.4,87.89999999999999,0.4046961325966851,,23,76 68 17 46 26 13 81 10 23 43 61 7 96 16 91
49,17,0,6,1359667.0,0.2,4,17,153148.0,194.6,0,1,7,0.4117647058823529,76.6,0.3936279547790339,,31,40 77 12 84 36 22 4 15 3 60 48 55 59 1 85 75 42
49,17,0,6,1359667.0,0.2,5,15,207506.0,159.89999999999998,0,1,6,0.4,38.599999999999994,0.241400875547217,,30,57 71 53 92 98 11 52 37 5 30 29 65 32 94 86
49,17,0,6,1359667.0,0.4,0,21,301836.0,203.49999999999997,0,1,6,0.2857142857142857,56.7,0.2786240786240787,,52,99 44 95 47 73 38 34 6 28 45 97 14 9 27 56 50 58 62 21 66 19
49,17,0,6,1359667.0,0.4,1,16,280955.0,214.5,0,1,7,0.4375,83.69999999999999,0.39020979020979013,,31,72 80 20 8 64 39 24 100 49 82 41 51 79 35 70 2
49,17,0,6,1359667.0,0.4,2,16,269371.0,225.60000000000002,0,1,10,0.625,91.4,0.40514184397163117,,72,33 89 69 93 74 31 25 63 67 87 83 78 18 88 90 54
49,17,0,6,1359667.0,0.4,3,15,146851.0,217.2,0,1,8,0.5333333333333333,88.4,0.4069981583793739,,71,76 68 17 46 26 13 81 10 23 43 61 7 96 16 91
49,17,0,6,1359667.0,0.4,4,17,153148.0,194.6,0,1,9,0.5294117647058824,76.7,0.39414182939362796,,82,40 77 12 84 36 22 4 15 3 60 48 55 59 1 85 75 42
49,17,0,6,1359667.0,0.4,5,15,207506.0,159.89999999999998,0,1,6,0.4,40.699999999999996,0.2545340838023765,,35,57 71 53 92 98 11 52 37 5 30 29 65 32 94 86
50,17,1,7,1410308.0,0.05,0,21,300248.0,211.89999999999998,0,1,1,0.047619047619047616,11.100000000000001,0.05238319962246344,,2,99 44 95 47 73 38 34 6 28 45 97 14 9 27 56 50 58 62 21 66 96
50,17,1,7,1410308.0,0.05,1,1,54696.0,2.7,0,1,0,0.0,0.0,0.0,,0,19
50,17,1,7,1410308.0,0.05,2,16,280955.0,214.5,0,1,1,0.0625,15.0,0.06993006993006994,,4,72 80 20 8 64 39 24 100 49 82 41 51 79 35 70 2
50,17,1,7,1410308.0,0.05,3,16,269371.0,225.60000000000002,0,1,2,0.125,23.5,0.10416666666666666,,3,33 89 69 93 74 31 25 63 67 87 83 78 18 88 90 54
50,17,1,7,1410308.0,0.05,4,14,144384.0,206.1,0,1,2,0.14285714285714285,20.4,0.09898107714701601,,2,76 68 17 46 26 13 81 10 23 43 61 7 16 91
50,17,1,7,1410308.0,0.05,5,17,153148.0,194.6,0,1,0,0.0,0.0,0.0,,0,40 77 12 84 36 22 4 15 3 60 48 55 59 1 85 75 42
50,17,1,7,1410308.0,0.05,6,15,207506.0,159.89999999999998,0,1,2,0.13333333333333333,18.9,0.11819887429643527,,5,57 71 53 92 98 11 52 37 5 30 29 65 32 94 86
50,17,1,7,1410308.0,0.1,0,21,300248.0,211.89999999999998,0,1,1,0.047619047619047616,11.100000000000001,0.05238319962246344,,2,99 44 95 47 73 38 34 6 28 45 97 14 9 27 56 50 58 62 21 66 96
50,17,1,7,1410308.0,0.1,1,1,54696.0,2.7,1,0,1,1.0,2.7,1.0,8529.0,2,19
50,17,1,7,1410308.0,0.1,2,16,280955.0,214.5,0,1,1,0.0625,15.0,0.06993006993006994,,4,72 80 20 8 64 39 24 100 49 82 41 51 79 35 70 2
50,17,1,7,1410308.0,0.1,3,16,269371.0,225.60000000000002,0,1,3,0.1875,48.699999999999996,0.2158687943262411,,7,33 89 69 93 74 31 25 63 67 87 83 78 18 88 90 54
50,17,1,7,1410308.0,0.1,4,14,144384.0,206.1,0,1,5,0.35714285714285715,68.89999999999999,0.33430373605046093,,10,76 68 17 46 26 13 81 10 23 43 61 7 16 91
50,17,1,7,1410308.0,0.1,5,17,153148.0,194.6,0,1,3,0.17647058823529413,48.7,0.25025693730729703,,9,40 77 12 84 36 22 4 15 3 60 48 55 59 1 85 75 42
50,17,1,7,1410308.0,0.1,6,15,207506.0,159.89999999999998,0,1,5,0.3333333333333333,38.8,0.24265165728580365,,19,57 71 53 92 98 11 52 37 5 30 29 65 32 94 86
50,17,1,7,1410308.0,0.2,0,21,300248.0,211.89999999999998,0,1,3,0.14285714285714285,35.6,0.16800377536573857,,12,99 44 95 47 73 38 34 6 28 45 97 14 9 27 56 50 58 62 21 66 96
50,17,1,7,1410308.0,0.2,1,1,54696.0,2.7,1,0,1,1.0,2.7,1.0,8529.0,3,19
50,17,1,7,1410308.0,0.2,2,16,280955.0,214.5,0,1,5,0.3125,64.7,0.30163170163170167,,16,72 80 20 8 64 39 24 100 49 82 41 51 79 35 70 2
50,17,1,7,1410308.0,0.2,3,16,269371.0,225.60000000000002,0,1,6,0.375,102.30000000000001,0.45345744680851063,,17,33 89 69 93 74 31 25 63 67 87 83 78 18 88 90 54
50,17,1,7,1410308.0,0.2,4,14,144384.0,206.1,0,1,5,0.35714285714285715,81.8,0.39689471130519166,,19,76 68 17 46 26 13 81 10 23 43 61 7 16 91
50,17,1,7,1410308.0,0.2,5,17,153148.0,194.6,0,1,8,0.47058823529411764,87.5,0.4496402877697842,,37,40 77 12 84 36 22 4 15 3 60 48 55 59 1 85 75 42
50,17,1,7,1410308.0,0.2,6,15,207506.0,159.89999999999998,0,1,7,0.4666666666666667,49.800000000000004,0.3114446529080676,,33,57 71 53 92 98 11 52 37 5 30 29 65 32 94 86
50,17,1,7,1410308.0,0.4,0,21,300248.0,211.89999999999998,0,1,8,0.38095238095238093,71.1,0.33553563001415765,,57,99 44 95 47 73 38 34 6 28 45 97 14 9 27 56 50 58 62 21 66 96
50,17,1,7,1410308.0,0.4,1,1,54696.0,2.7,1,0,1,1.0,2.7,1.0,8529.0,4,19
50,17,1,7,1410308.0,0.4,2,16,280955.0,214.5,0,1,6,0.375,97.5,0.45454545454545453,,32,72 80 20 8 64 39 24 100 49 82 41 51 79 35 70 2
50,17,1,7,1410308.0,0.4,3,16,269371.0,225.60000000000002,0,1,10,0.625,118.80000000000001,0.526595744680851,,73,33 89 69 93 74 31 25 63 67 87 83 78 18 88 90 54
50,17,1,7,1410308.0,0.4,4,14,144384.0,206.1,0,1,10,0.7142857142857143,131.4,0.6375545851528385,,69,76 68 17 46 26 13 81 10 23 43 61 7 16 91
50,17,1,7,1410308.0,0.4,5,17,153148.0,194.6,0,1,13,0.7647058823529411,136.5,0.7014388489208633,,112,40 77 12 84 36 22 4 15 3 60 48 55 59 1 85 75 42
50,17,1,7,1410308.0,0.4,6,15,207506.0,159.89999999999998,0,1,8,0.5333333333333333,56.3,0.3520950594121326,,42,57 71 53 92 98 11 52 37 5 30 29 65 32 94 86
51,17,2,8,1383663.0,0.05,0,21,301836.0,203.49999999999997,0,1,0,0.0,0.0,0.0,,0,99 44 95 47 73 38 34 6 28 45 97 14 9 27 56 50 58 62 21 66 19
51,17,2,8,1383663.0,0.05,1,1,800.0,15.0,1,0,1,1.0,15.0,1.0,82.0,4,72
51,17,2,8,1383663.0,0.05,2,15,280873.0,199.50000000000003,0,1,0,0.0,0.0,0.0,,0,80 20 8 64 39 24 100 49 82 41 51 79 35 70 2
51,17,2,8,1383663.0,0.05,3,16,269371.0,225.60000000000002,0,1,2,0.125,19.5,0.08643617021276595,,2,33 89 69 93 74 31 25 63 67 87 83 78 18 88 90 54
51,17,2,8,1383663.0,0.05,4,14,144022.0,200.1,0,1,2,0.14285714285714285,8.7,0.043478260869565216,,5,76 68 17 46 26 13 81 10 23 43 61 7 96 16
51,17,2,8,1383663.0,0.05,5,1,27822.0,8.9,0,1,0,0.0,0.0,0.0,,0,40
51,17,2,8,1383663.0,0.05,6,17,151433.0,202.79999999999998,0,1,3,0.17647058823529413,55.5,0.27366863905325445,,8,77 12 84 36 22 4 15 3 60 48 55 59 1 85 75 42 91
51,17,2,8,1383663.0,0.05,7,15,207506.0,159.89999999999998,0,1,2,0.13333333333333333,20.9,0.13070669168230145,,7,57 71 53 92 98 11 52 37 5 30 29 65 32 94 86
51,17,2,8,1383663.0,0.1,0,21,301836.0,203.49999999999997,0,1,1,0.047619047619047616,2.7,0.013267813267813271,,2,99 44 95 47 73 38 34 6 28 45 97 14 9 27 56 50 58 62 21 66 19
51,17,2,8,1383663.0,0.1,1,1,800.0,15.0,1,0,1,1.0,15.0,1.0,82.0,4,72
51,17,2,8,1383663.0,0.1,2,15,280873.0,199.50000000000003,0,1,0,0.0,0.0,0.0,,0,80 20 8 64 39 24 100 49 82 41 51 79 35 70 2
51,17,2,8,1383663.0,0.1,3,16,269371.0,225.60000000000002,0,1,3,0.1875,44.5,0.19725177304964536,,6,33 89 69 93 74 31 25 63 67 87 83 78 18 88 90 54
51,17,2,8,1383663.0,0.1,4,14,144022.0,200.1,0,1,6,0.42857142857142855,68.9,0.34432783608195905,,17,76 68 17 46 26 13 81 10 23 43 61 7 96 16
51,17,2,8,1383663.0,0.1,5,1,27822.0,8.9,1,0,1,1.0,8.9,1.0,10835.0,2,40
51,17,2,8,1383663.0,0.1,6,17,151433.0,202.79999999999998,0,1,6,0.35294117647058826,78.1,0.38510848126232744,,24,77 12 84 36 22 4 15 3 60 48 55 59 1 85 75 42 91
51,17,2,8,1383663.0,0.1,7,15,207506.0,159.89999999999998,0,1,6,0.4,45.400000000000006,0.283927454659162,,25,57 71 53 92 98 11 52 37 5 30 29 65 32 94 86
51,17,2,8,1383663.0,0.2,0,21,301836.0,203.49999999999997,0,1,3,0.14285714285714285,23.099999999999998,0.11351351351351352,,8,99 44 95 47 73 38 34 6 28 45 97 14 9 27 56 50 58 62 21 66 19
51,17,2,8,1383663.0,0.2,1,1,800.0,15.0,1,0,1,1.0,15.0,1.0,82.0,4,72
51,17,2,8,1383663.0,0.2,2,15,280873.0,199.50000000000003,0,1,4,0.26666666666666666,49.699999999999996,0.2491228070175438,,10,80 20 8 64 39 24 100 49 82 41 51 79 35 70 2
51,17,2,8,1383663.0,0.2,3,16,269371.0,225.60000000000002,0,1,7,0.4375,99.7,0.44193262411347517,,17,33 89 69 93 74 31 25 63 67 87 83 78 18 88 90 54
51,17,2,8,1383663.0,0.2,4,14,144022.0,200.1,0,1,6,0.42857142857142855,68.9,0.34432783608195905,,25,76 68 17 46 26 13 81 10 23 43 61 7 96 16
51,17,2,8,1383663.0,0.2,5,1,27822.0,8.9,1,0,1,1.0,8.9,1.0,10835.0,3,40
51,17,2,8,1383663.0,0.2,6,17,151433.0,202.79999999999998,0,1,9,0.5294117647058824,113.0,0.557199211045365,,59,77 12 84 36 22 4 15 3 60 48 55 59 1 85 75 42 91
51,17,2,8,1383663.0,0.2,7,15,207506.0,159.89999999999998,0,1,7,0.4666666666666667,67.0,0.41901188242651666,,43,57 71 53 92 98 11 52 37 5 30 29 65 32 94 86
51,17,2,8,1383663.0,0.4,0,21,301836.0,203.49999999999997,0,1,7,0.3333333333333333,70.6,0.3469287469287469,,55,99 44 95 47 73 38 34 6 28 45 97 14 9 27 56 50 58 62 21 66 19
51,17,2,8,1383663.0,0.4,1,1,800.0,15.0,1,0,1,1.0,15.0,1.0,82.0,4,72
51,17,2,8,1383663.0,0.4,2,15,280873.0,199.50000000000003,0,1,7,0.4666666666666667,88.69999999999999,0.444611528822055,,28,80 20 8 64 39 24 100 49 82 41 51 79 35 70 2
51,17,2,8,1383663.0,0.4,3,16,269371.0,225.60000000000002,0,1,10,0.625,127.20000000000002,0.5638297872340425,,83,33 89 69 93 74 31 25 63 67 87 83 78 18 88 90 54
51,17,2,8,1383663.0,0.4,4,14,144022.0,200.1,0,1,8,0.5714285714285714,90.9,0.45427286356821595,,72,76 68 17 46 26 13 81 10 23 43 61 7 96 16
51,17,2,8,1383663.0,0.4,5,1,27822.0,8.9,1,0,1,1.0,8.9,1.0,10835.0,3,40
51,17,2,8,1383663.0,0.4,6,17,151433.0,202.79999999999998,0,1,12,0.7058823529411765,112.10000000000001,0.5527613412228798,,126,77 12 84 36 22 4 15 3 60 48 55 59 1 85 75 42 91
51,17,2,8,1383663.0,0.4,7,15,207506.0,159.89999999999998,0,1,8,0.5333333333333333,79.60000000000001,0.49781113195747356,,56,57 71 53 92 98 11 52 37 5 30 29 65 32 94 86
52,18,0,6,1371470.0,0.05,0,21,301836.0,203.49999999999997,0,1,0,0.0,0.0,0.0,,0,99 44 95 47 73 38 34 6 28 45 97 14 9 27 56 50 58 62 21 66 19
52,18,0,6,1371470.0,0.05,1,17,280453.0,212.1,0,1,1,0.058823529411764705,5.4,0.02545968882602546,,2,76 26 46 17 68 64 39 24 100 49 82 41 51 79 35 70 2
52,18,0,6,1371470.0,0.05,2,16,269371.0,225.60000000000002,0,1,2,0.125,19.5,0.08643617021276595,,2,33 89 69 93 74 31 25 63 67 87 83 78 18 88 90 54
52,18,0,6,1371470.0,0.05,3,13,136076.0,207.79999999999995,0,1,2,0.15384615384615385,26.799999999999997,0.12897016361886432,,6,72 80 8 20 29 32 91 42 75 85 59 55 16
52,18,0,6,1371470.0,0.05,4,20,185079.0,221.2,0,1,2,0.1,19.9,0.08996383363471971,,9,40 77 23 10 81 13 12 84 36 22 43 61 7 96 4 15 3 60 48 1
52,18,0,6,1371470.0,0.05,5,13,198655.0,145.1,0,1,2,0.15384615384615385,18.9,0.1302549965541006,,6,57 71 53 92 98 11 52 37 5 30 65 94 86
52,18,0,6,1371470.0,0.1,0,21,301836.0,203.49999999999997,0,1,0,0.0,0.0,0.0,,0,99 44 95 47 73 38 34 6 28 45 97 14 9 27 56 50 58 62 21 66 19
52,18,0,6,1371470.0,0.1,1,17,280453.0,212.1,0,1,1,0.058823529411764705,5.4,0.02545968882602546,,2,76 26 46 17 68 64 39 24 100 49 82 41 51 79 35 70 2
52,18,0,6,1371470.0,0.1,2,16,269371.0,225.60000000000002,0,1,3,0.1875,48.699999999999996,0.2158687943262411,,6,33 89 69 93 74 31 25 63 67 87 83 78 18 88 90 54
52,18,0,6,1371470.0,0.1,3,13,136076.0,207.79999999999995,0,1,4,0.3076923076923077,65.5,0.3152069297401348,,13,72 80 8 20 29 32 91 42 75 85 59 55 16
52,18,0,6,1371470.0,0.1,4,20,185079.0,221.2,0,1,4,0.2,17.4,0.07866184448462929,,14,40 77 23 10 81 13 12 84 36 22 43 61 7 96 4 15 3 60 48 1
52,18,0,6,1371470.0,0.1,5,13,198655.0,145.1,0,1,3,0.23076923076923078,25.5,0.1757408683666437,,10,57 71 53 92 98 11 52 37 5 30 65 94 86
52,18,0,6,1371470.0,0.2,0,21,301836.0,203.49999999999997,0,1,1,0.047619047619047616,2.7,0.013267813267813271,,2,99 44 95 47 73 38 34 6 28 45 97 14 9 27 56 50 58 62 21 66 19
52,18,0,6,1371470.0,0.2,1,17,280453.0,212.1,0,1,1,0.058823529411764705,5.4,0.02545968882602546,,2,76 26 46 17 68 64 39 24 100 49 82 41 51 79 35 70 2
52,18,0,6,1371470.0,0.2,2,16,269371.0,225.60000000000002,0,1,5,0.3125,84.7,0.3754432624113475,,15,33 89 69 93 74 31 25 63 67 87 83 78 18 88 90 54
52,18,0,6,1371470.0,0.2,3,13,136076.0,207.79999999999995,0,1,6,0.46153846153846156,76.3,0.3671799807507219,,33,72 80 8 20 29 32 91 42 75 85 59 55 16
52,18,0,6,1371470.0,0.2,4,20,185079.0,221.2,0,1,6,0.3,31.799999999999997,0.14376130198915008,,27,40 77 23 10 81 13 12 84 36 22 43 61 7 96 4 15 3 60 48 1
52,18,0,6,1371470.0,0.2,5,13,198655.0,145.1,0,1,4,0.3076923076923077,23.799999999999997,0.1640248104755341,,16,57 71 53 92 98 11 52 37 5 30 65 94 86
52,18,0,6,1371470.0,0.4,0,21,301836.0,203.49999999999997,0,1,4,0.19047619047619047,33.8,0.1660933660933661,,18,99 44 95 47 73 38 34 6 28 45 97 14 9 27 56 50 58 62 21 66 19
52,18,0,6,1371470.0,0.4,1,17,280453.0,212.1,0,1,8,0.47058823529411764,69.7,0.3286185761433286,,36,76 26 46 17 68 64 39 24 100 49 82 41 51 79 35 70 2
52,18,0,6,1371470.0,0.4,2,16,269371.0,225.60000000000002,0,1,9,0.5625,93.1,0.4126773049645389,,62,33 89 69 93 74 31 25 63 67 87 83 78 18 88 90 54
52,18,0,6,1371470.0,0.4,3,13,136076.0,207.79999999999995,0,1,8,0.6153846153846154,82.19999999999999,0.3955726660250241,,58,72 80 8 20 29 32 91 42 75 85 59 55 16
52,18,0,6,1371470.0,0.4,4,20,185079.0,221.2,0,1,13,0.65,94.60000000000001,0.4276672694394214,,116,40 77 23 10 81 13 12 84 36 22 43 61 7 96 4 15 3 60 48 1
52,18,0,6,1371470.0,0.4,5,13,198655.0,145.1,0,1,4,0.3076923076923077,25.9,0.17849758787043418,,19,57 71 53 92 98 11 52 37 5 30 65 94 86
53,18,1,7,1422668.0,0.05,0,21,300053.0,209.7,0,1,1,0.047619047619047616,8.9,0.042441583214115404,,1,40 99 44 95 47 73 38 34 6 28 45 97 14 9 27 56 50 58 62 21 66
53,18,1,7,1422668.0,0.05,1,1,54696.0,2.7,1,0,1,1.0,2.7,1.0,8529.0,1,19
53,18,1,7,1422668.0,0.05,2,17,280453.0,212.1,0,1,0,0.0,0.0,0.0,,0,76 26 46 17 68 64 39 24 100 49 82 41 51 79 35 70 2
53,18,1,7,1422668.0,0.05,3,16,269371.0,225.60000000000002,0,1,3,0.1875,31.4,0.13918439716312056,,4,33 89 69 93 74 31 25 63 67 87 83 78 18 88 90 54
53,18,1,7,1422668.0,0.05,4,13,136076.0,207.79999999999995,0,1,4,0.3076923076923077,47.599999999999994,0.22906641000962466,,9,72 80 8 20 29 32 91 42 75 85 59 55 16
53,18,1,7,1422668.0,0.05,5,19,183364.0,212.29999999999998,0,1,1,0.05263157894736842,14.4,0.06782854451248234,,3,77 23 10 81 13 12 84 36 22 43 61 7 96 4 15 3 60 48 1
53,18,1,7,1422668.0,0.05,6,13,198655.0,145.1,0,1,3,0.23076923076923078,24.0,0.16540317022742937,,7,57 71 53 92 98 11 52 37 5 30 65 94 86
53,18,1,7,1422668.0,0.1,0,21,300053.0,209.7,0,1,1,0.047619047619047616,8.9,0.042441583214115404,,1,40 99 44 95 47 73 38 34 6 28 45 97 14 9 27 56 50 58 62 21 66
53,18,1,7,1422668.0,0.1,1,1,54696.0,2.7,1,0,1,1.0,2.7,1.0,8529.0,1,19
53,18,1,7,1422668.0,0.1,2,17,280453.0,212.1,0,1,0,0.0,0.0,0.0,,0,76 26 46 17 68 64 39 24 100 49 82 41 51 79 35 70 2
53,18,1,7,1422668.0,0.1,3,16,269371.0,225.60000000000002,0,1,3,0.1875,48.699999999999996,0.2158687943262411,,6,33 89 69 93 74 31 25 63 67 87 83 78 18 88 90 54
53,18,1,7,1422668.0,0.1,4,13,136076.0,207.79999999999995,0,1,5,0.38461538461538464,82.9,0.3989412897016363,,16,72 80 8 20 29 32 91 42 75 85 59 55 16
53,18,1,7,1422668.0,0.1,5,19,183364.0,212.29999999999998,0,1,2,0.10526315789473684,9.9,0.04663212435233161,,4,77 23 10 81 13 12 84 36 22 43 61 7 96 4 15 3 60 48 1
53,18,1,7,1422668.0,0.1,6,13,198655.0,145.1,0,1,4,0.3076923076923077,29.9,0.20606478290833907,,11,57 71 53 92 98 11 52 37 5 30 65 94 86
53,18,1,7,1422668.0,0.2,0,21,300053.0,209.7,0,1,2,0.09523809523809523,18.8,0.08965188364329996,,11,40 99 44 95 47 73 38 34 6 28 45 97 14 9 27 56 50 58 62 21 66
53,18,1,7,1422668.0,0.2,1,1,54696.0,2.7,1,0,1,1.0,2.7,1.0,8529.0,3,19
53,18,1,7,1422668.0,0.2,2,17,280453.0,212.1,0,1,2,0.11764705882352941,8.7,0.04101838755304102,,3,76 26 46 17 68 64 39 24 100 49 82 41 51 79 35 70 2
53,18,1,7,1422668.0,0.2,3,16,269371.0,225.60000000000002,0,1,5,0.3125,84.7,0.3754432624113475,,16,33 89 69 93 74 31 25 63 67 87 83 78 18 88 90 54
53,18,1,7,1422668.0,0.2,4,13,136076.0,207.79999999999995,0,1,7,0.5384615384615384,120.4,0.5794032723772861,,38,72 80 8 20 29 32 91 42 75 85 59 55 16
53,18,1,7,1422668.0,0.2,5,19,183364.0,212.29999999999998,0,1,6,0.3157894736842105,31.9,0.15025906735751296,,19,77 23 10 81 13 12 84 36 22 43 61 7 96 4 15 3 60 48 1
53,18,1,7,1422668.0,0.2,6,13,198655.0,145.1,0,1,5,0.38461538461538464,40.2,0.2770503101309442,,18,57 71 53 92 98 11 52 37 5 30 65 94 86
53,18,1,7,1422668.0,0.4,0,21,300053.0,209.7,0,1,5,0.23809523809523808,50.300000000000004,0.2398664759179781,,30,40 99 44 95 47 73 38 34 6 28 45 97 14 9 27 56 50 58 62 21 66
53,18,1,7,1422668.0,0.4,1,1,54696.0,2.7,1,0,1,1.0,2.7,1.0,8529.0,4,19
53,18,1,7,1422668.0,0.4,2,17,280453.0,212.1,0,1,6,0.35294117647058826,62.300000000000004,0.29372937293729373,,33,76 26 46 17 68 64 39 24 100 49 82 41 51 79 35 70 2
53,18,1,7,1422668.0,0.4,3,16,269371.0,225.60000000000002,0,1,9,0.5625,94.6,0.4193262411347517,,68,33 89 69 93 74 31 25 63 67 87 83 78 18 88 90 54
53,18,1,7,1422668.0,0.4,4,13,136076.0,207.79999999999995,0,1,11,0.8461538461538461,147.59999999999997,0.710298363811357,,76,72 80 8 20 29 32 91 42 75 85 59 55 16
53,18,1,7,1422668.0,0.4,5,19,183364.0,212.29999999999998,0,1,13,0.6842105263157895,129.0,0.6076307112576543,,125,77 23 10 81 13 12 84 36 22 43 61 7 96 4 15 3 60 48 1
53,18,1,7,1422668.0,0.4,6,13,198655.0,145.1,0,1,6,0.46153846153846156,46.7,0.32184700206753963,,23,57 71 53 92 98 11 52 37 5 30 65 94 86
54,18,2,8,1463329.0,0.05,0,21,300053.0,209.7,0,1,1,0.047619047619047616,8.9,0.042441583214115404,,2,40 99 44 95 47 73 38 34 6 28 45 97 14 9 27 56 50 58 62 21 66
54,18,2,8,1463329.0,0.05,1,1,54696.0,2.7,1,0,1,1.0,2.7,1.0,8529.0,1,19
54,18,2,8,1463329.0,0.05,2,1,44694.0,13.8,1,0,1,1.0,13.8,1.0,4033.0,1,76
54,18,2,8,1463329.0,0.05,3,16,276420.0,198.29999999999998,0,1,0,0.0,0.0,0.0,,0,26 46 17 68 64 39 24 100 49 82 41 51 79 35 70 2
54,18,2,8,1463329.0,0.05,4,16,269371.0,225.60000000000002,0,1,3,0.1875,31.4,0.13918439716312056,,4,33 89 69 93 74 31 25 63 67 87 83 78 18 88 90 54
54,18,2,8,1463329.0,0.05,5,13,136076.0,207.79999999999995,0,1,4,0.3076923076923077,47.599999999999994,0.22906641000962466,,11,72 80 8 20 29 32 91 42 75 85 59 55 16
54,18,2,8,1463329.0,0.05,6,19,183364.0,212.29999999999998,0,1,1,0.05263157894736842,14.4,0.06782854451248234,,3,77 23 10 81 13 12 84 36 22 43 61 7 96 4 15 3 60 48 1
54,18,2,8,1463329.0,0.05,7,13,198655.0,145.1,0,1,3,0.23076923076923078,24.0,0.16540317022742937,,9,57 71 53 92 98 11 52 37 5 30 65 94 86
54,18,2,8,1463329.0,0.1,0,21,300053.0,209.7,0,1,1,0.047619047619047616,8.9,0.042441583214115404,,2,40 99 44 95 47 73 38 34 6 28 45 97 14 9 27 56 50 58 62 21 66
54,18,2,8,1463329.0,0.1,1,1,54696.0,2.7,1,0,1,1.0,2.7,1.0,8529.0,1,19
54,18,2,8,1463329.0,0.1,2,1,44694.0,13.8,1,0,1,1.0,13.8,1.0,4033.0,1,76
54,18,2,8,1463329.0,0.1,3,16,276420.0,198.29999999999998,0,1,0,0.0,0.0,0.0,,0,26 46 17 68 64 39 24 100 49 82 41 51 79 35 70 2
54,18,2,8,1463329.0,0.1,4,16,269371.0,225.60000000000002,0,1,3,0.1875,48.699999999999996,0.2158687943262411,,6,33 89 69 93 74 31 25 63 67 87 83 78 18 88 90 54
54,18,2,8,1463329.0,0.1,5,13,136076.0,207.79999999999995,0,1,6,0.46153846153846156,88.0,0.42348411934552466,,22,72 80 8 20 29 32 91 42 75 85 59 55 16
54,18,2,8,1463329.0,0.1,6,19,183364.0,212.29999999999998,0,1,2,0.10526315789473684,9.9,0.04663212435233161,,4,77 23 10 81 13 12 84 36 22 43 61 7 96 4 15 3 60 48 1
54,18,2,8,1463329.0,0.1,7,13,198655.0,145.1,0,1,5,0.38461538461538464,39.199999999999996,0.27015851137146796,,15,57 71 53 92 98 11 52 37 5 30 65 94 86
54,18,2,8,1463329.0,0.2,0,21,300053.0,209.7,0,1,3,0.14285714285714285,30.699999999999996,0.14639961850262279,,13,40 99 44 95 47 73 38 34 6 28 45 97 14 9 27 56 50 58 62 21 66
54,18,2,8,1463329.0,0.2,1,1,54696.0,2.7,1,0,1,1.0,2.7,1.0,8529.0,3,19
54,18,2,8,1463329.0,0.2,2,1,44694.0,13.8,1,0,1,1.0,13.8,1.0,4033.0,1,76
54,18,2,8,1463329.0,0.2,3,16,276420.0,198.29999999999998,0,1,2,0.125,8.7,0.04387291981845688,,3,26 46 17 68 64 39 24 100 49 82 41 51 79 35 70 2
54,18,2,8,1463329.0,0.2,4,16,269371.0,225.60000000000002,0,1,6,0.375,92.4,0.4095744680851064,,17,33 89 69 93 74 31 25 63 67 87 83 78 18 88 90 54
54,18,2,8,1463329.0,0.2,5,13,136076.0,207.79999999999995,0,1,9,0.6923076923076923,147.60000000000002,0.7102983638113574,,47,72 80 8 20 29 32 91 42 75 85 59 55 16
54,18,2,8,1463329.0,0.2,6,19,183364.0,212.29999999999998,0,1,7,0.3684210526315789,48.2,0.22703721149317008,,37,77 23 10 81 13 12 84 36 22 43 61 7 96 4 15 3 60 48 1
54,18,2,8,1463329.0,0.2,7,13,198655.0,145.1,0,1,6,0.46153846153846156,50.4,0.3473466574776017,,25,57 71 53 92 98 11 52 37 5 30 65 94 86
54,18,2,8,1463329.0,0.4,0,21,300053.0,209.7,0,1,7,0.3333333333333333,63.199999999999996,0.30138292799237004,,54,40 99 44 95 47 73 38 34 6 28 45 97 14 9 27 56 50 58 62 21 66
54,18,2,8,1463329.0,0.4,1,1,54696.0,2.7,1,0,1,1.0,2.7,1.0,8529.0,4,19
54,18,2,8,1463329.0,0.4,2,1,44694.0,13.8,1,0,1,1.0,13.8,1.0,4033.0,3,76
54,18,2,8,1463329.0,0.4,3,16,276420.0,198.29999999999998,0,1,7,0.4375,93.5,0.4715078164397378,,33,26 46 17 68 64 39 24 100 49 82 41 51 79 35 70 2
54,18,2,8,1463329.0,0.4,4,16,269371.0,225.60000000000002,0,1,10,0.625,108.69999999999999,0.4818262411347517,,79,33 89 69 93 74 31 25 63 67 87 83 78 18 88 90 54
54,18,2,8,1463329.0,0.4,5,13,136076.0,207.79999999999995,0,1,12,0.9230769230769231,166.79999999999995,0.8026948989412896,,86,72 80 8 20 29 32 91 42 75 85 59 55 16
54,18,2,8,1463329.0,0.4,6,19,183364.0,212.29999999999998,0,1,14,0.7368421052631579,143.4,0.6754592557701367,,144,77 23 10 81 13 12 84 36 22 43 61 7 96 4 15 3 60 48 1
54,18,2,8,1463329.0,0.4,7,13,198655.0,145.1,0,1,8,0.6153846153846154,67.8,0.4672639558924879,,37,57 71 53 92 98 11 52 37 5 30 65 94 86
55,19,0,6,1362162.0,0.05,0,21,296654.0,210.89999999999998,0,1,1,0.047619047619047616,16.9,0.08013276434329066,,2,23 44 95 47 73 38 6 34 28 45 97 14 9 27 56 50 58 62 21 66 3
55,19,0,6,1362162.0,0.05,1,17,280453.0,212.1,0,1,0,0.0,0.0,0.0,,0,76 26 46 17 68 64 39 24 100 49 82 41 51 79 35 70 2
55,19,0,6,1362162.0,0.05,2,18,278158.0,212.4,0,1,0,0.0,0.0,0.0,,0,1 55 59 31 74 25 18 78 83 87 67 63 93 69 89 60 48 33
55,19,0,6,1362162.0,0.05,3,11,106253.0,180.39999999999998,0,1,3,0.2727272727272727,29.8,0.16518847006651888,,6,72 80 8 20 29 32 91 85 75 42 16
55,19,0,6,1362162.0,0.05,4,17,173041.0,189.5,0,1,0,0.0,0.0,0.0,,0,40 77 10 81 13 99 12 84 36 22 43 61 7 96 4 15 19
55,19,0,6,1362162.0,0.05,5,16,227603.0,210.0,0,1,3,0.1875,24.0,0.11428571428571428,,6,57 71 53 54 90 88 92 98 11 52 37 5 30 65 94 86
55,19,0,6,1362162.0,0.1,0,21,296654.0,210.89999999999998,0,1,1,0.047619047619047616,16.9,0.08013276434329066,,3,23 44 95 47 73 38 6 34 28 45 97 14 9 27 56 50 58 62 21 66 3
55,19,0,6,1362162.0,0.1,1,17,280453.0,212.1,0,1,0,0.0,0.0,0.0,,0,76 26 46 17 68 64 39 24 100 49 82 41 51 79 35 70 2
55,19,0,6,1362162.0,0.1,2,18,278158.0,212.4,0,1,1,0.05555555555555555,14.4,0.06779661016949153,,2,1 55 59 31 74 25 18 78 83 87 67 63 93 69 89 60 48 33
55,19,0,6,1362162.0,0.1,3,11,106253.0,180.39999999999998,0,1,4,0.36363636363636365,48.0,0.2660753880266076,,12,72 80 8 20 29 32 91 85 75 42 16
55,19,0,6,1362162.0,0.1,4,17,173041.0,189.5,0,1,0,0.0,0.0,0.0,,0,40 77 10 81 13 99 12 84 36 22 43 61 7 96 4 15 19
55,19,0,6,1362162.0,0.1,5,16,227603.0,210.0,0,1,3,0.1875,24.0,0.11428571428571428,,8,57 71 53 54 90 88 92 98 11 52 37 5 30 65 94 86
55,19,0,6,1362162.0,0.2,0,21,296654.0,210.89999999999998,0,1,3,0.14285714285714285,24.9,0.11806543385490754,,15,23 44 95 47 73 38 6 34 28 45 97 14 9 27 56 50 58 62 21 66 3
55,19,0,6,1362162.0,0.2,1,17,280453.0,212.1,0,1,3,0.17647058823529413,40.2,0.18953323903818955,,8,76 26 46 17 68 64 39 24 100 49 82 41 51 79 35 70 2
55,19,0,6,1362162.0,0.2,2,18,278158.0,212.4,0,1,6,0.3333333333333333,50.49999999999999,0.23775894538606399,,27,1 55 59 31 74 25 18 78 83 87 67 63 93 69 89 60 48 33
55,19,0,6,1362162.0,0.2,3,11,106253.0,180.39999999999998,0,1,5,0.45454545454545453,60.39999999999999,0.3348115299334811,,26,72 80 8 20 29 32 91 85 75 42 16
55,19,0,6,1362162.0,0.2,4,17,173041.0,189.5,0,1,4,0.23529411764705882,25.400000000000002,0.1340369393139842,,11,40 77 10 81 13 99 12 84 36 22 43 61 7 96 4 15 19
55,19,0,6,1362162.0,0.2,5,16,227603.0,210.0,0,1,6,0.375,67.6,0.32190476190476186,,27,57 71 53 54 90 88 92 98 11 52 37 5 30 65 94 86
55,19,0,6,1362162.0,0.4,0,21,296654.0,210.89999999999998,0,1,7,0.3333333333333333,56.699999999999996,0.26884779516358465,,58,23 44 95 47 73 38 6 34 28 45 97 14 9 27 56 50 58 62 21 66 3
55,19,0,6,1362162.0,0.4,1,17,280453.0,212.1,0,1,6,0.35294117647058826,62.3,0.29372937293729373,,30,76 26 46 17 68 64 39 24 100 49 82 41 51 79 35 70 2
55,19,0,6,1362162.0,0.4,2,18,278158.0,212.4,0,1,10,0.5555555555555556,83.0,0.3907721280602636,,75,1 55 59 31 74 25 18 78 83 87 67 63 93 69 89 60 48 33
55,19,0,6,1362162.0,0.4,3,11,106253.0,180.39999999999998,0,1,5,0.45454545454545453,60.39999999999999,0.3348115299334811,,32,72 80 8 20 29 32 91 85 75 42 16
55,19,0,6,1362162.0,0.4,4,17,173041.0,189.5,0,1,7,0.4117647058823529,52.7,0.27810026385224274,,40,40 77 10 81 13 99 12 84 36 22 43 61 7 96 4 15 19
55,19,0,6,1362162.0,0.4,5,16,227603.0,210.0,0,1,7,0.4375,78.8,0.3752380952380952,,48,57 71 53 54 90 88 92 98 11 52 37 5 30 65 94 86
56,19,1,7,1387081.0,0.05,0,21,296654.0,210.89999999999998,0,1,1,0.047619047619047616,16.9,0.08013276434329066,,2,23 44 95 47 73 38 6 34 28 45 97 14 9 27 56 50 58 62 21 66 3
56,19,1,7,1387081.0,0.05,1,17,280453.0,212.1,0,1,0,0.0,0.0,0.0,,0,76 26 46 17 68 64 39 24 100 49 82 41 51 79 35 70 2
56,19,1,7,1387081.0,0.05,2,1,27036.0,41.0,1,0,1,1.0,41.0,1.0,2117.0,1,16
56,19,1,7,1387081.0,0.05,3,18,278158.0,212.4,0,1,0,0.0,0.0,0.0,,0,1 55 59 31 74 25 18 78 83 87 67 63 93 69 89 60 48 33
56,19,1,7,1387081.0,0.05,4,10,104136.0,139.39999999999998,0,1,3,0.3,29.8,0.2137733142037303,,7,72 80 8 20 29 32 91 85 75 42
56,19,1,7,1387081.0,0.05,5,17,173041.0,189.5,0,1,0,0.0,0.0,0.0,,0,40 77 10 81 13 99 12 84 36 22 43 61 7 96 4 15 19
56,19,1,7,1387081.0,0.05,6,16,227603.0,210.0,0,1,3,0.1875,24.0,0.11428571428571428,,6,57 71 53 54 90 88 92 98 11 52 37 5 30 65 94 86
56,19,1,7,1387081.0,0.1,0,21,296654.0,210.89999999999998,0,1,1,0.047619047619047616,16.9,0.08013276434329066,,3,23 44 95 47 73 38 6 34 28 45 97 14 9 27 56 50 58 62 21 66 3
56,19,1,7,1387081.0,0.1,1,17,280453.0,212.1,0,1,0,0.0,0.0,0.0,,0,76 26 46 17 68 64 39 24 100 49 82 41 51 79 35 70 2
56,19,1,7,1387081.0,0.1,2,1,27036.0,41.0,1,0,1,1.0,41.0,1.0,2117.0,1,16
56,19,1,7,1387081.0,0.1,3,18,278158.0,212.4,0,1,1,0.05555555555555555,14.4,0.06779661016949153,,2,1 55 59 31 74 25 18 78 83 87 67 63 93 69 89 60 48 33
56,19,1,7,1387081.0,0.1,4,10,104136.0,139.39999999999998,0,1,5,0.5,53.1,0.3809182209469154,,13,72 80 8 20 29 32 91 85 75 42
56,19,1,7,1387081.0,0.1,5,17,173041.0,189.5,0,1,0,0.0,0.0,0.0,,0,40 77 10 81 13 99 12 84 36 22 43 61 7 96 4 15 19
56,19,1,7,1387081.0,0.1,6,16,227603.0,210.0,0,1,3,0.1875,24.0,0.11428571428571428,,9,57 71 53 54 90 88 92 98 11 52 37 5 30 65 94 86
56,19,1,7,1387081.0,0.2,0,21,296654.0,210.89999999999998,0,1,3,0.14285714285714285,24.9,0.11806543385490754,,15,23 44 95 47 73 38 6 34 28 45 97 14 9 27 56 50 58 62 21 66 3
56,19,1,7,1387081.0,0.2,1,17,280453.0,212.1,0,1,3,0.17647058823529413,40.2,0.18953323903818955,,8,76 26 46 17 68 64 39 24 100 49 82 41 51 79 35 70 2
56,19,1,7,1387081.0,0.2,2,1,27036.0,41.0,1,0,1,1.0,41.0,1.0,2117.0,1,16
56,19,1,7,1387081.0,0.2,3,18,278158.0,212.4,0,1,6,0.3333333333333333,50.49999999999999,0.23775894538606399,,27,1 55 59 31 74 25 18 78 83 87 67 63 93 69 89 60 48 33
56,19,1,7,1387081.0,0.2,4,10,104136.0,139.39999999999998,0,1,6,0.6,77.49999999999999,0.5559540889526542,,28,72 80 8 20 29 32 91 85 75 42
56,19,1,7,1387081.0,0.2,5,17,173041.0,189.5,0,1,4,0.23529411764705882,25.400000000000002,0.1340369393139842,,11,40 77 10 81 13 99 12 84 36 22 43 61 7 96 4 15 19
56,19,1,7,1387081.0,0.2,6,16,227603.0,210.0,0,1,7,0.4375,78.8,0.3752380952380952,,31,57 71 53 54 90 88 92 98 11 52 37 5 30 65 94 86
56,19,1,7,1387081.0,0.4,0,21,296654.0,210.89999999999998,0,1,7,0.3333333333333333,68.5,0.3247984826932196,,59,23 44 95 47 73 38 6 34 28 45 97 14 9 27 56 50 58 62 21 66 3
56,19,1,7,1387081.0,0.4,1,17,280453.0,212.1,0,1,6,0.35294117647058826,62.3,0.29372937293729373,,29,76 26 46 17 68 64 39 24 100 49 82 41 51 79 35 70 2
56,19,1,7,1387081.0,0.4,2,1,27036.0,41.0,1,0,1,1.0,41.0,1.0,2117.0,1,16
56,19,1,7,1387081.0,0.4,3,18,278158.0,212.4,0,1,10,0.5555555555555556,83.0,0.3907721280602636,,73,1 55 59 31 74 25 18 78 83 87 67 63 93 69 89 60 48 33
56,19,1,7,1387081.0,0.4,4,10,104136.0,139.39999999999998,0,1,7,0.7,83.3,0.5975609756097562,,36,72 80 8 20 29 32 91 85 75 42
56,19,1,7,1387081.0,0.4,5,17,173041.0,189.5,0,1,9,0.5294117647058824,51.6,0.27229551451187334,,50,40 77 10 81 13 99 12 84 36 22 43 61 7 96 4 15 19
56,19,1,7,1387081.0,0.4,6,16,227603.0,210.0,0,1,8,0.5,89.10000000000001,0.4242857142857143,,50,57 71 53 54 90 88 92 98 11 52 37 5 30 65 94 86
57,19,2,8,1428930.0,0.05,0,21,296654.0,210.89999999999998,0,1,1,0.047619047619047616,5.1,0.02418207681365576,,1,23 44 95 47 73 38 6 34 28 45 97 14 9 27 56 50 58 62 21 66 3
57,19,2,8,1428930.0,0.05,1,1,44694.0,13.8,1,0,1,1.0,13.8,1.0,4033.0,1,76
57,19,2,8,1428930.0,0.05,2,16,276420.0,198.29999999999998,0,1,0,0.0,0.0,0.0,,0,26 46 17 68 64 39 24 100 49 82 41 51 79 35 70 2
57,19,2,8,1428930.0,0.05,3,18,278158.0,212.4,0,1,0,0.0,0.0,0.0,,0,1 55 59 31 74 25 18 78 83 87 67 63 93 69 89 60 48 33
57,19,2,8,1428930.0,0.05,4,11,106253.0,180.39999999999998,0,1,3,0.2727272727272727,29.8,0.16518847006651888,,9,72 80 8 20 29 32 91 85 75 42 16
57,19,2,8,1428930.0,0.05,5,1,27822.0,8.9,1,0,1,1.0,8.9,1.0,1715.0,2,40
57,19,2,8,1428930.0,0.05,6,16,171326.0,180.60000000000002,0,1,0,0.0,0.0,0.0,,0,77 10 81 13 99 12 84 36 22 43 61 7 96 4 15 19
57,19,2,8,1428930.0,0.05,7,16,227603.0,210.0,0,1,3,0.1875,24.0,0.11428571428571428,,8,57 71 53 54 90 88 92 98 11 52 37 5 30 65 94 86
57,19,2,8,1428930.0,0.1,0,21,296654.0,210.89999999999998,0,1,1,0.047619047619047616,16.9,0.08013276434329066,,3,23 44 95 47 73 38 6 34 28 45 97 14 9 27 56 50 58 62 21 66 3
57,19,2,8,1428930.0,0.1,1,1,44694.0,13.8,1,0,1,1.0,13.8,1.0,4033.0,1,76
57,19,2,8,1428930.0,0.1,2,16,276420.0,198.29999999999998,0,1,0,0.0,0.0,0.0,,0,26 46 17 68 64 39 24 100 49 82 41 51 79 35 70 2
57,19,2,8,1428930.0,0.1,3,18,278158.0,212.4,0,1,1,0.05555555555555555,14.4,0.06779661016949153,,2,1 55 59 31 74 25 18 78 83 87 67 63 93 69 89 60 48 33
57,19,2,8,1428930.0,0.1,4,11,106253.0,180.39999999999998,0,1,6,0.5454545454545454,86.9,0.4817073170731708,,21,72 80 8 20 29 32 91 85 75 42 16
57,19,2,8,1428930.0,0.1,5,1,27822.0,8.9,1,0,1,1.0,8.9,1.0,1715.0,2,40
57,19,2,8,1428930.0,0.1,6,16,171326.0,180.60000000000002,0,1,0,0.0,0.0,0.0,,0,77 10 81 13 99 12 84 36 22 43 61 7 96 4 15 19
57,19,2,8,1428930.0,0.1,7,16,227603.0,210.0,0,1,4,0.25,39.4,0.1876190476190476,,12,57 71 53 54 90 88 92 98 11 52 37 5 30 65 94 86
57,19,2,8,1428930.0,0.2,0,21,296654.0,210.89999999999998,0,1,4,0.19047619047619047,46.7,0.22143195827406356,,17,23 44 95 47 73 38 6 34 28 45 97 14 9 27 56 50 58 62 21 66 3
57,19,2,8,1428930.0,0.2,1,1,44694.0,13.8,1,0,1,1.0,13.8,1.0,4033.0,3,76
57,19,2,8,1428930.0,0.2,2,16,276420.0,198.29999999999998,0,1,2,0.125,26.4,0.13313161875945537,,7,26 46 17 68 64 39 24 100 49 82 41 51 79 35 70 2
57,19,2,8,1428930.0,0.2,3,18,278158.0,212.4,0,1,7,0.3888888888888889,72.60000000000001,0.3418079096045198,,32,1 55 59 31 74 25 18 78 83 87 67 63 93 69 89 60 48 33
57,19,2,8,1428930.0,0.2,4,11,106253.0,180.39999999999998,0,1,7,0.6363636363636364,86.4,0.4789356984478937,,40,72 80 8 20 29 32 91 85 75 42 16
57,19,2,8,1428930.0,0.2,5,1,27822.0,8.9,1,0,1,1.0,8.9,1.0,1715.0,4,40
57,19,2,8,1428930.0,0.2,6,16,171326.0,180.60000000000002,0,1,4,0.25,32.800000000000004,0.18161683277962348,,25,77 10 81 13 99 12 84 36 22 43 61 7 96 4 15 19
57,19,2,8,1428930.0,0.2,7,16,227603.0,210.0,0,1,8,0.5,89.10000000000001,0.4242857142857143,,35,57 71 53 54 90 88 92 98 11 52 37 5 30 65 94 86
57,19,2,8,1428930.0,0.4,0,21,296654.0,210.89999999999998,0,1,10,0.47619047619047616,77.69999999999999,0.3684210526315789,,93,23 44 95 47 73 38 6 34 28 45 97 14 9 27 56 50 58 62 21 66 3
57,19,2,8,1428930.0,0.4,1,1,44694.0,13.8,1,0,1,1.0,13.8,1.0,4033.0,4,76
57,19,2,8,1428930.0,0.4,2,16,276420.0,198.29999999999998,0,1,6,0.375,64.9,0.3272818961169945,,33,26 46 17 68 64 39 24 100 49 82 41 51 79 35 70 2
57,19,2,8,1428930.0,0.4,3,18,278158.0,212.4,0,1,10,0.5555555555555556,109.30000000000001,0.5145951035781544,,95,1 55 59 31 74 25 18 78 83 87 67 63 93 69 89 60 48 33
57,19,2,8,1428930.0,0.4,4,11,106253.0,180.39999999999998,0,1,7,0.6363636363636364,86.4,0.4789356984478937,,50,72 80 8 20 29 32 91 85 75 42 16
57,19,2,8,1428930.0,0.4,5,1,27822.0,8.9,1,0,1,1.0,8.9,1.0,1715.0,5,40
57,19,2,8,1428930.0,0.4,6,16,171326.0,180.60000000000002,0,1,8,0.5,55.400000000000006,0.3067552602436323,,51,77 10 81 13 99 12 84 36 22 43 61 7 96 4 15 19
57,19,2,8,1428930.0,0.4,7,16,227603.0,210.0,0,1,10,0.625,116.60000000000002,0.5552380952380953,,71,57 71 53 54 90 88 92 98 11 52 37 5 30 65 94 86
