{"city": "shanghai", "centre": [31.2304, 121.4737], "nodes": [[1890502815, 31.2304434, 121.473888, "DEPOT"], [152888329, 31.218636, 121.4482261, "Dragonfly Xinle Flagship Retreat"], [1576353731, 31.2073467, 121.465148, "\u559c\u58eb\u591a"], [2991482218, 31.2135647, 121.4800923, "\u66fc\u4e4b\u521d"], [469945843, 31.2248665, 121.4180261, "\u7f57\u68ee"], [623415093, 31.2042419, 121.4779589, "shop"], [600504932, 31.2186583, 121.4544926, "Apple \u4e0a\u6d77\u73af\u8d38 iapm"], [93793976, 31.2299579, 121.5136951, "Pandora"], [469945841, 31.2264254, 121.4162342, "\u8054\u534e"], [267671967, 31.2122339, 121.4493202, "\u4e09\u662f\u4e24\u542c"], [994910719, 31.1979562, 121.4237891, "\u5df4\u9ece\u8d1d\u751c"], [483103066, 31.2135207, 121.4786496, "\u7f8a\u7ed2\u4e16\u5bb6"], [5535921329, 31.2116883, 121.4259574, "\u597d\u5fb7"], [9776973406, 31.2091671, 121.4625407, "\u65e5\u6708\u5149\u4e2d\u5fc3"], [5082972161, 31.2311683, 121.4628334, "shop"], [9808125077, 31.234842, 121.4618744, "shop"], [600504930, 31.205209, 121.4576931, "DADA"], [559822203, 31.2150814, 121.426833, "\u597d\u9ea5\u5f97"], [602360459, 31.2319862, 121.5110329, "ole\u8d85\u5e02"], [267195118, 31.2393945, 121.4837537, "New Balance"], [9905601355, 31.2202649, 121.4700603, "\u65b0\u5929\u5730\u65f6\u5c1a"], [486184083, 31.2110267, 121.4686379, "\u7f57\u68ee"], [858404226, 31.2103531, 121.4572091, "Boobies tattoo studio shanghia"], [622622483, 31.2096614, 121.4829844, "\u6211\u4e0d\u662f\u8c46\u795e"], [312947132, 31.2272508, 121.4364096, "shop"], [483119728, 31.2194812, 121.4597408, "\u5168\u5bb6"], [618749468, 31.2403187, 121.4310531, "\u65b0\u767e\u5b89\u5546\u573a"], [103781336, 31.2414095, 121.4827593, "\u5168\u5bb6"], [475428856, 31.2818829, 121.4198136, "\u7406\u60f3"], [601145285, 31.2138865, 121.4813745, "\u5370\u666e\u68ee\u56fe\u6587"], [618487088, 31.2288592, 121.4318358, "\u5168\u5bb6"], [994217569, 31.2150849, 121.426368, "\u90fd\u53ef"], [266082088, 31.2501468, 121.4806767, "shop"], [601669709, 31.2113903, 121.4549255, "shop"], [476078767, 31.2335085, 121.4870197, "\u5168\u5bb6"], [1490096863, 31.2300897, 121.4473442, "shop"], [475975643, 31.2290446, 121.4861989, "\u8001\u5e99\u9ec4\u91d1"], [601669708, 31.2109688, 121.4533553, "\u5168\u5bb6"], [115177373, 31.2286358, 121.5220717, "Puma"], [63283246, 31.2346134, 121.4491054, "shop"], [423833592, 31.2076269, 121.4663417, "\u5feb\u5ba2"], [474812298, 31.2743363, 121.5042018, "Aldi"], [601669728, 31.2149162, 121.4544785, "shop"], [2483786493, 31.2306642, 121.4553904, "\u5168\u5bb6"], [600487399, 31.2220421, 121.4531638, "Wiz.R"], [483152442, 31.2701442, 121.4836355, "\u529f\u5fb7\u6797"], [64849276, 31.2328795, 121.4575502, "shop"], [4475361259, 31.232792, 121.4595253, "shop"], [640198393, 31.2197932, 121.411429, "shop"], [1890502796, 31.230492, 121.4740036, "shop"], [601712459, 31.2120907, 121.482359, "shop"], [9811801912, 31.2347819, 121.456677, "Hongyi Li Shop"], [131151425, 31.2238176, 121.4523716, "Lady Fafa"], [395353299, 31.1852468, 121.5313155, "\u516d\u91cc\u76ca\u4e30\u7cae\u6cb9\u7efc\u5408\u5546\u5e97"], [6360292379, 31.2179548, 121.4435966, "Chun Lei Tea Store"], [477572746, 31.2295794, 121.4646154, "\u4fe1\u751f\u6c34\u66a7\u536b\u6d74\u6d01\u5177"], [265747573, 31.2811649, 121.4861448, "\u5168\u5bb6"], [7114684949, 31.2246743, 121.4687791, "Simply life"], [477634427, 31.2385213, 121.4715399, "shop"], [477629510, 31.2410731, 121.4816452, "\u6cf0\u5eb7\u98df\u54c1"], [648491550, 31.2561377, 121.4699674, "\u4e2d\u56fd\u79fb\u52a8"], [9768668961, 31.2052941, 121.4596721, "\u4fbf\u5229\u5e97"], [105253431, 31.205829, 121.4332681, "\u597d\u5fb7"], [469888104, 31.2343233, 121.4392163, "7-Eleven"], [648296972, 31.2506186, 121.4346539, "\u6d45\u6c34\u6e7e1600"], [85011021, 31.223151, 121.4695328, "shop"], [574703885, 31.221105, 121.4263444, "\u821c\u5143\u5929\u5730"], [476560879, 31.2220853, 121.4943787, "shop"], [267198231, 31.2383684, 121.4797257, "\u4e09\u661f"], [62540343, 31.2332507, 121.535664, "\u5317\u4eac\u534e\u8054"], [554224858, 31.2084318, 121.457444, "shop"], [601675077, 31.2069671, 121.4535322, "Muray"], [477628490, 31.2397128, 121.4774844, "shop"], [856909251, 31.2095155, 121.4799097, "\u516b\u559c\u51b0\u6fc0\u51cc\u86cb\u7cd5"], [483133333, 31.2196065, 121.4567313, "\u540d\u521b\u4f18\u54c1"], [5536013940, 31.1963826, 121.4146366, "\u5bb6\u5f97\u5229\u8d85\u5e02"], [13871788317, 31.2031809, 121.4282499, "shop"], [243843501, 31.1963492, 121.447876, "\u8f66\u4eab\u6c7d\u8f66\u751f\u6d3b\u5e7f\u573a"], [554177080, 31.2324922, 121.4351425, "shop"], [103788043, 31.238562, 121.484024, "\u5916\u6ee9\u5564\u9152\u603b\u6c47"], [475919383, 31.2594492, 121.4879957, "\u7f57\u68ee"], [603891525, 31.2124455, 121.439496, "shop"], [12649819109, 31.2826528, 121.423372, "\u7f57\u68ee"], [479302873, 31.2255394, 121.4708644, "\u9999\u6e2f\u5e7f\u573a\u5317\u5ea7"], [476078905, 31.2298319, 121.4881386, "shop"], [601669719, 31.2077294, 121.4556995, "shop"], [622624180, 31.1963037, 121.4360017, "\u532f\u806f\u5546\u5ec8"], [11539974538, 31.2416654, 121.4172326, "FamilyMart"], [479298745, 31.2264076, 121.4729833, "shop"], [555631228, 31.2337985, 121.4572097, "1\u70b9\u70b9"], [109425825, 31.2207468, 121.4593952, "niko and ..."], [9775005118, 31.2017676, 121.4384972, "shop"], [71129470, 31.2219828, 121.4710652, "shop"], [994910492, 31.2005981, 121.4217843, "\u5168\u5bb6"], [1887913947, 31.2341287, 121.4768922, "Manner Coffee"], [266081938, 31.2665998, 121.4790266, "\u65b0\u534e\u4e66\u5e97"], [856909256, 31.210645, 121.4826425, "\u4e00\u70b9\u70b9"], [154073348, 31.2136865, 121.449932, "\u7f57\u68ee"], [602360474, 31.2319411, 121.5108612, "\u5168\u5bb6"], [483133315, 31.2128998, 121.4590269, "\u53ef\u7684"], [313634469, 31.2254325, 121.4399622, "Enjoy Easy"]]}