{"city": "shanghai", "centre": [31.2304, 121.4737], "nodes": [[1890502815, 31.2304434, 121.473888, "DEPOT"], [1490096863, 31.2300897, 121.4473442, "shop"], [1765485347, 31.238737, 121.4992793, "Louis Vuitton"], [130015482, 31.2217946, 121.4461335, "shop"], [152846422, 31.217358, 121.4514226, "shop"], [479934019, 31.2470212, 121.4788173, "\u4e0a\u6d77\u5174\u65fa\u56fd\u9645\u670d\u9970\u57ce"], [640458286, 31.1950959, 121.4341746, "\u5c0f\u7c73\u4e4b\u5bb6"], [552679258, 31.2170411, 121.4552488, "Lucky Dessert"], [1317671269, 31.2264261, 121.490867, "\u8001\u5b8b\u70df\u9152\u4e13\u5356"], [9849380283, 31.211894, 121.4204024, "Mercedes-Benz"], [2974114621, 31.2104218, 121.4620997, "shop"], [4756333593, 31.2834841, 121.5014128, "shop"], [601675056, 31.2023226, 121.4568065, "\u534e\u8054\u8d85\u5e02"], [7118978996, 31.2099255, 121.4658877, "\u5168\u5bb6"], [994212309, 31.2080179, 121.4346195, "shop"], [152888329, 31.218636, 121.4482261, "Dragonfly Xinle Flagship Retreat"], [5082972161, 31.2311683, 121.4628334, "shop"], [856909251, 31.2095155, 121.4799097, "HAI YAN"], [640199622, 31.2555045, 121.4371187, "\u519c\u5de5\u5546\u8d85\u5e02"], [130022540, 31.2229349, 121.4495239, "695 Julu Wine Shop"], [773662836, 31.2284035, 121.4898834, "\u656c\u4e00\u5802"], [603891408, 31.214947, 121.435431, "shop"], [267671967, 31.2122339, 121.4493202, "\u4e09\u662f\u4e24\u542c"], [554236871, 31.2120504, 121.4570331, "shop"], [1893030171, 31.18698, 121.5138527, "shop"], [469886991, 31.2439236, 121.4353456, "\u534e\u4e3a\u6388\u6743\u4f53\u9a8c\u5e97"], [856909111, 31.2108184, 121.4766853, "\u5d07\u660e\u5e73\u4ef7\u8089\u5e97"], [9722149142, 31.214771, 121.4173904, "\u82b1\u4ed9\u5973"], [622624180, 31.1963037, 121.4360017, "\u5468\u9ed1\u9e2d"], [267194971, 31.2363639, 121.4800443, "shop"], [477629510, 31.2410731, 121.4816452, "shop"], [156261805, 31.2410741, 121.4436152, "\u5168\u5bb6"], [7116075700, 31.2372156, 121.4732444, "\u540d\u521b\u4f18\u54c1"], [618746983, 31.2271774, 121.4457887, "Bread etc."], [640464962, 31.1931238, 121.4334908, "shop"], [84488206, 31.2352784, 121.4958717, "\u5168\u5bb6"], [601669704, 31.2079026, 121.4477691, "shop"], [853046565, 31.2671683, 121.4954642, "Aldi"], [856908626, 31.193962, 121.4373371, "\u62cc\u5c06"], [677224695, 31.1891959, 121.512851, "shop"], [87781592, 31.2216618, 121.4698096, "BoConcept"], [747593343, 31.1809578, 121.5330281, "\u4f18\u8863\u5e93"], [64849276, 31.2328795, 121.4575502, "DS World"], [131166911, 31.2144688, 121.4527606, "shop"], [3026283738, 31.1949985, 121.4563211, "\u826f\u53cb"], [1490932759, 31.1985418, 121.4330661, "shop"], [622622441, 31.2091807, 121.4759907, "\u4e3d\u95e8\u70df\u9152\u5e97"], [622621866, 31.1930196, 121.4413154, "\u94fe\u5bb6"], [618745491, 31.2279896, 121.4453794, "Let's Relax Thai Massage"], [395353137, 31.1814827, 121.5112724, "\u5927\u811a\u4e2b\u978b"], [618751757, 31.2202598, 121.4129498, "\u9f99\u4e4b\u68a6\u8d2d\u7269\u4e2d\u5fc3"], [395353299, 31.1852468, 121.5313155, "\u4e2d\u56fd\u8054\u901a"], [265696609, 31.270639, 121.5018763, "\u6668\u5149\u6587\u5177"], [4470023363, 31.2422342, 121.4616892, "\u5564\u9152\u963f\u59e8"], [109431506, 31.2471285, 121.4572458, "shop"], [618747263, 31.2299713, 121.444623, "shop"], [843042336, 31.218923, 121.4173561, "\u5168\u5bb6"], [638736485, 31.2405178, 121.464544, "7-Eleven"], [9722149122, 31.2225255, 121.4346469, "shop"], [1490098826, 31.2331536, 121.4453038, "shop"], [131937881, 31.2260589, 121.4435047, "\u9759\u5b89\u5609\u91cc\u4e2d\u5fc3"], [483126248, 31.2160736, 121.452471, "\u4e2d\u56fd\u79fb\u52a8"], [574737620, 31.2172801, 121.4340368, "\u5168\u5bb6"], [469886961, 31.2401762, 121.4311242, "\u826f\u53cb"], [623411698, 31.2088924, 121.492506, "shop"], [267195122, 31.2371615, 121.4761819, "\u540d\u521b\u4f18\u54c1"], [154072919, 31.2144433, 121.4413847, "Mala Mala"], [618749479, 31.239755, 121.4297755, "\u5143\u7956\u98df\u54c1"], [622622483, 31.2096614, 121.4829844, "\u5a01\u6d01\u65b0\u6d17\u8863\u5e97"], [857764925, 31.2273388, 121.43523, "shop"], [93466463, 31.2398446, 121.4955416, "ROG"], [1490101116, 31.2412297, 121.4624557, "\u7f57\u68ee"], [1890502796, 31.230492, 121.4740036, "shop"], [622624184, 31.1917306, 121.437532, "\u5f90\u5357\u83dc\u5e02\u573a"], [469887010, 31.2392142, 121.4395388, "shop"], [2483786493, 31.2306642, 121.4553904, "\u5168\u5bb6"], [2991482218, 31.2135647, 121.4800923, "\u76db\u8fbe\u70df\u9152"], [109425203, 31.2129153, 121.4614703, "\u5168\u5bb6"], [616797631, 31.2814811, 121.4170427, "\u4e5d\u767e\u8d2d\u7269\u4e2d\u5fc3"], [618426616, 31.2098853, 121.5242308, "\u535c\u8702\u83b2\u82b1"], [475975643, 31.2290446, 121.4861989, "\u5b89\u8e0f"], [9776973406, 31.2091671, 121.4625407, "shop"], [395353139, 31.1835303, 121.5151845, "\u6377\u5b89\u7279"], [829675299, 31.2518058, 121.4194757, "\u5143\u534e\u8d85\u5e02"], [856908984, 31.2014839, 121.4493275, "\u559c\u58eb\u591a"], [109427633, 31.2319525, 121.4547602, "H&M"], [267198543, 31.2322341, 121.4740708, "shop"], [11539974538, 31.2416654, 121.4172326, "FamilyMart"], [469878260, 31.2506606, 121.446952, "P\u00e9b\u00e9o"], [4380028727, 31.2250372, 121.4416624, "Le Salon de Joel Robuchon"], [517777640, 31.2492495, 121.4527052, "\u73af\u9f99\u624b\u673a\u914d\u4ef6"], [132491635, 31.2330554, 121.4656952, "\u4fdd\u65f6\u6377"], [517681886, 31.2666992, 121.4732393, "shop"], [469886976, 31.2334317, 121.437348, "shop"], [9381975891, 31.2347386, 121.4749687, "\u5706\u58f0\u5e26"], [601712280, 31.1822653, 121.4401865, "shop"], [600504932, 31.2186583, 121.4544926, "shop"], [105253431, 31.205829, 121.4332681, "\u514b\u8389\u7d72\u6c40"], [483159211, 31.2705143, 121.4772217, "\u8679\u53e3\u7cd5\u56e2\u98df\u54c1\u5382"], [623410145, 31.1994265, 121.4644403, "\u5154\u5b9d\u5b9d"], [1893030116, 31.1859335, 121.514259, "shop"]]}