{"city": "shanghai", "centre": [31.2304, 121.4737], "nodes": [[1890502815, 31.2304434, 121.473888], [475433143, 31.2568622, 121.4434515], [9850899082, 31.1992402, 121.4725967], [267198471, 31.2324192, 121.4727022], [9778574568, 31.255623, 121.4723371], [1867076784, 31.2575722, 121.483558], [849138353, 31.2786701, 121.5022187], [476561951, 31.2150639, 121.4912872], [554177080, 31.2324922, 121.4351425], [10569486882, 31.1879174, 121.4237654], [8793154622, 31.2240073, 121.5343507], [10137858226, 31.2823965, 121.504379], [6522645407, 31.1838801, 121.4471022], [6522609483, 31.1831932, 121.4478753], [475649669, 31.2682183, 121.5313774], [13871850548, 31.2049087, 121.4279451], [475684123, 31.27137, 121.5109876], [12625591744, 31.2720652, 121.4920799], [9808152569, 31.2248669, 121.466437], [559817989, 31.2543191, 121.5049664], [747593408, 31.1808872, 121.5330562], [477598679, 31.224329, 121.4654727], [265970862, 31.2761648, 121.4918312], [618428081, 31.2057422, 121.514207], [4946175146, 31.2720169, 121.4444776], [565166511, 31.2841518, 121.4782772], [564280346, 31.2811676, 121.4860669], [714016203, 31.1908612, 121.4555747], [84487663, 31.2388134, 121.4931917], [601712324, 31.2033528, 121.4435133], [1889249235, 31.2323425, 121.4769833], [93466273, 31.2423951, 121.4926563], [8485710283, 31.2121842, 121.4171335], [1316471746, 31.2219166, 121.4911097], [640200256, 31.2488642, 121.4398353], [1720121384, 31.2133121, 121.510253], [994212336, 31.2085966, 121.4247409], [618751493, 31.2230174, 121.4199837], [475977913, 31.2240584, 121.4909765], [616797446, 31.2670814, 121.4231282], [647358756, 31.2288627, 121.5259981], [5031550691, 31.225752, 121.4536375], [602360348, 31.2399388, 121.5117452], [827637314, 31.2812287, 121.4473319], [93793803, 31.2291401, 121.5141989], [10137858231, 31.2819897, 121.5039618], [93310009, 31.2219856, 121.4756711], [2356000366, 31.252963, 121.4290842], [11811815956, 31.2645705, 121.5169764], [9775024281, 31.2203597, 121.4419913], [115548357, 31.2400481, 121.5061629], [874290376, 31.2455708, 121.4681992], [2518906077, 31.1868161, 121.5258391], [648297112, 31.2486164, 121.4364468], [495771182, 31.2323245, 121.4993599], [1871659134, 31.2770014, 121.4720935], [639334152, 31.258988, 121.4728046], [11863987725, 31.2465856, 121.427885], [10578094810, 31.1873409, 121.4235575], [603172169, 31.1898882, 121.4999157], [4149881379, 31.1858315, 121.4793762], [8366096929, 31.212183, 121.494879], [601716797, 31.1862096, 121.4368576], [9856086336, 31.259199, 121.4415369], [266081859, 31.269276, 121.4779253], [1317175521, 31.2102449, 121.4314909], [622623813, 31.1937779, 121.4531521], [648491527, 31.2630771, 121.4623288], [475859443, 31.2462799, 121.4878125], [12246203038, 31.2503589, 121.4941666], [618751589, 31.2201073, 121.4129388], [616797076, 31.2642145, 121.4264069], [715790202, 31.1995948, 121.482459], [4402293316, 31.2335101, 121.4616078], [477444694, 31.2147785, 121.48863], [6522645415, 31.1833885, 121.4473091], [624449426, 31.2571761, 121.5260736], [265747574, 31.2842454, 121.4862478], [1718975209, 31.2101701, 121.5126331], [475687402, 31.2785209, 121.5038394], [554175076, 31.2315556, 121.4358829], [1785697732, 31.2404448, 121.4963862], [829488048, 31.2785296, 121.4859682], [1679025087, 31.1911683, 121.4223295], [84489488, 31.2321732, 121.4995047], [618849898, 31.2004639, 121.5038153], [618403882, 31.2076625, 121.5347272], [95386508, 31.2356054, 121.4832596], [654382693, 31.2122454, 121.4982444], [4988370714, 31.2245063, 121.4661849], [9109687086, 31.1799697, 121.480582], [156261648, 31.2420709, 121.442703], [475979698, 31.2243115, 121.4986212], [1888322976, 31.2341956, 121.4854569], [2298485648, 31.2383918, 121.4285706], [8797267176, 31.252754, 121.4951381], [1165227588, 31.2475821, 121.5349361], [6203234770, 31.2058413, 121.5237527], [8872744886, 31.242464, 121.4588096], [857586231, 31.212799, 121.4297931], [4308307141, 31.2785922, 121.4725368]]}