Instance,Plan,N_cust,K_routes,Travel_km,Fixed_cost,none_rec,none_TBC,none_S,none_HO,none_fail,none_cvar95,none_p95,none_pem,none_fit_s,v1_end_rec,v1_end_TBC,v1_end_S,v1_end_HO,v1_end_fail,v1_end_saving,v1_end_gap,v1_end_cvar95,v1_end_p95,v1_end_pem,v1_end_fit_s,v1_myo_rec,v1_myo_TBC,v1_myo_S,v1_myo_HO,v1_myo_fail,v1_myo_saving,v1_myo_gap,v1_myo_cvar95,v1_myo_p95,v1_myo_pem,v1_myo_fit_s,fb_tau_rec,fb_tau_TBC,fb_tau_S,fb_tau_HO,fb_tau_fail,fb_tau_saving,fb_tau_gap,fb_tau_cvar95,fb_tau_p95,fb_tau_pem,fb_tau_fit_s,pi1_rec,pi1_TBC,pi1_S,pi1_HO,pi1_fail,pi1_saving,pi1_gap,pi1_cvar95,pi1_p95,pi1_pem,pi1_fit_s,pi2_rec,pi2_TBC,pi2_S,pi2_HO,pi2_fail,pi2_saving,pi2_gap,pi2_cvar95,pi2_p95,pi2_pem,pi2_fit_s,pi3_rec,pi3_TBC,pi3_S,pi3_HO,pi3_fail,pi3_saving,pi3_gap,pi3_cvar95,pi3_p95,pi3_pem,pi3_fit_s,rollout_rec,rollout_TBC,rollout_S,rollout_HO,rollout_fail,rollout_saving,rollout_gap,rollout_cvar95,rollout_p95,rollout_pem,rollout_fit_s,restock_rec,restock_TBC,restock_S,restock_HO,restock_fail,restock_saving,restock_gap,restock_cvar95,restock_p95,restock_pem,restock_fit_s,thr_k_rec,thr_k_TBC,thr_k_S,thr_k_HO,thr_k_fail,thr_k_saving,thr_k_gap,thr_k_cvar95,thr_k_p95,thr_k_pem,thr_k_fit_s,ro_theta_rec,ro_theta_TBC,ro_theta_S,ro_theta_HO,ro_theta_fail,ro_theta_saving,ro_theta_gap,ro_theta_cvar95,ro_theta_p95,ro_theta_pem,ro_theta_fit_s,thr2_rec,thr2_TBC,thr2_S,thr2_HO,thr2_fail,thr2_saving,thr2_gap,thr2_cvar95,thr2_p95,thr2_pem,thr2_fit_s,dp3_n_rec,dp3_n_TBC,dp3_n_S,dp3_n_HO,dp3_n_fail,dp3_n_saving,dp3_n_gap,dp3_n_cvar95,dp3_n_p95,dp3_n_pem,dp3_n_fit_s,v2_lsm_rec,v2_lsm_TBC,v2_lsm_S,v2_lsm_HO,v2_lsm_fail,v2_lsm_saving,v2_lsm_gap,v2_lsm_cvar95,v2_lsm_p95,v2_lsm_pem,v2_lsm_fit_s,v2_act_rec,v2_act_TBC,v2_act_S,v2_act_HO,v2_act_fail,v2_act_saving,v2_act_gap,v2_act_cvar95,v2_act_p95,v2_act_pem,v2_act_fit_s,v2_cf_rec,v2_cf_TBC,v2_cf_S,v2_cf_HO,v2_cf_fail,v2_cf_saving,v2_cf_gap,v2_cf_cvar95,v2_cf_p95,v2_cf_pem,v2_cf_fit_s,dp_n_rec,dp_n_TBC,dp_n_S,dp_n_HO,dp_n_fail,dp_n_saving,dp_n_gap,dp_n_cvar95,dp_n_p95,dp_n_pem,dp_n_fit_s,dp_xl_rec,dp_xl_TBC,dp_xl_S,dp_xl_HO,dp_xl_fail,dp_xl_saving,dp_xl_gap,dp_xl_cvar95,dp_xl_p95,dp_xl_pem,dp_xl_fit_s,dp_xl3_rec,dp_xl3_TBC,dp_xl3_S,dp_xl3_HO,dp_xl3_fail,dp_xl3_saving,dp_xl3_gap,dp_xl3_cvar95,dp_xl3_p95,dp_xl3_pem,dp_xl3_fit_s,oracle_rec,oracle_TBC,oracle_S,oracle_HO,oracle_fail,oracle_saving,oracle_cvar95,oracle_p95,oracle_pem,oracle_fit_s,oracle3_rec,oracle3_TBC,oracle3_S,oracle3_HO,oracle3_fail,oracle3_saving,oracle3_cvar95,oracle3_p95,oracle3_pem,oracle3_fit_s,online_us,act_routes,n_routes,solve_s,eval_s
CON3-1,Det,50,4,554.47,195.45,126.34,321.78,0,0.0,0.3448,325.951,314.107,0.5775,0.0,88.58,284.03,3,0.2797,0.0971,29.88,31.03,236.364,215.73,0.335,0.2701,102.87,298.32,3,0.421,0.0521,18.57,57.13,229.133,215.73,0.193,0.0235,87.29,282.73,3,0.2986,0.0827,30.91,28.66,233.381,215.331,0.296,0.2516,92.31,287.76,3,0.3144,0.0906,26.93,37.84,255.321,214.951,0.309,0.0213,96.91,292.35,3,0.2541,0.13,23.29,46.24,318.777,273.826,0.351,0.0226,90.42,285.86,3,0.2846,0.0968,28.43,34.39,279.235,217.932,0.312,0.021,95.37,290.82,3,0.3824,0.0559,24.51,43.44,229.15,215.73,0.207,0.0245,124.53,319.97,1,0.026,0.3257,1.43,96.69,336.884,325.82,0.557,0.0287,86.22,281.66,3,0.295,0.0839,31.76,26.71,239.433,213.954,0.294,1.071,87.41,282.86,3,0.2825,0.0927,30.81,28.89,235.954,215.73,0.325,0.212,86.25,281.7,3,0.287,0.077,31.73,26.77,233.317,215.331,0.2795,1.7835,84.27,279.72,3,0.2797,0.0722,33.3,23.15,235.329,214.387,0.26,0.0391,85.76,281.21,3,0.2986,0.0809,32.12,25.88,238.657,213.954,0.2845,0.0308,84.53,279.98,3,0.2774,0.0819,33.09,23.63,238.889,213.954,0.2875,0.1187,83.86,279.31,3,0.263,0.0794,33.62,22.41,239.555,213.954,0.281,0.1297,85.96,281.41,3,0.3103,0.0754,31.96,26.24,237.285,213.954,0.2685,0.014,85.35,280.79,3,0.3074,0.0751,32.44,25.12,233.33,214.352,0.269,0.373,82.84,278.29,3,0.2661,0.0751,34.43,20.54,235.321,213.954,0.2695,1.2418,71.6,267.04,3,0.2958,0.049,43.33,225.753,208.682,0.181,0.0,66.63,262.08,0,0.0,0.0,47.26,225.753,208.682,0.0,0.0,0.075,3,4,0.0,5.5
CON3-1,SAA,50,5,616.97,236.7,11.49,248.19,0,0.0,0.0376,204.797,67.817,0.0725,0.0,8.35,245.04,1,0.0346,0.0069,27.38,39.86,141.353,65.326,0.031,0.2563,11.07,247.77,2,0.0533,0.0016,3.68,91.92,155.743,84.686,0.0075,0.0231,8.3,245.0,1,0.0355,0.0062,27.77,39.0,140.624,63.214,0.0275,0.2445,10.07,246.77,1,0.0226,0.0203,12.39,72.78,170.816,67.817,0.061,0.019,9.09,245.79,1,0.0232,0.0169,20.87,54.16,160.123,59.084,0.048,0.0209,9.56,246.26,1,0.0197,0.0197,16.81,63.08,168.361,67.817,0.0625,0.0209,9.68,246.38,2,0.0455,0.0031,15.76,65.37,149.965,79.32,0.014,0.0259,4.65,241.35,3,0.0672,0.0036,59.51,-30.74,66.815,29.252,0.0135,0.0217,7.96,244.66,1,0.0346,0.0067,30.75,32.46,137.026,60.843,0.0285,0.6454,8.18,244.87,1,0.035,0.0069,28.86,36.59,138.241,63.64,0.0295,0.2001,4.75,241.44,0,0.0,0.0045,58.7,-28.94,71.722,29.184,0.018,1.719,6.04,242.74,0,0.0,0.0028,47.42,-4.18,81.482,43.898,0.0095,0.0298,7.93,244.63,1,0.0338,0.0071,30.99,31.92,137.196,60.843,0.029,0.0277,3.6,240.3,0,0.0,0.0025,68.65,-50.8,59.353,24.872,0.01,0.1065,3.66,240.36,0,0.0006,0.0024,68.13,-49.67,60.536,24.872,0.0095,0.1084,9.48,246.17,1,0.0277,0.015,17.55,61.45,163.721,64.268,0.042,0.012,7.53,244.23,1,0.0348,0.0053,34.46,24.29,130.037,54.263,0.025,0.4451,3.47,240.17,0,0.0,0.0021,69.82,-53.37,57.624,23.905,0.008,1.0251,6.26,242.96,1,0.0376,0.0,45.52,111.21,36.208,0.0,0.0,2.19,238.89,0,0.0,0.0,80.9,40.185,16.018,0.0,0.0,0.072,5,5,0.0,4.7
CON3-1,WDRO,50,6,637.92,273.79,2.77,276.56,0,0.0,0.0083,55.303,0.0,0.0225,0.0,2.4,276.19,0,0.0091,0.0012,13.17,69.8,48.019,0.0,0.007,0.1982,4.18,277.97,1,0.0166,0.0004,-51.12,217.2,82.973,30.55,0.0025,0.0192,2.4,276.19,0,0.0091,0.0012,13.17,69.8,48.019,0.0,0.007,0.1917,2.2,275.99,0,0.0066,0.0027,20.37,53.29,44.036,0.0,0.0135,0.0165,2.08,275.88,0,0.0058,0.003,24.62,43.56,41.689,0.0,0.013,0.0196,2.23,276.02,0,0.0053,0.0034,19.31,55.73,44.624,0.0,0.0135,0.0177,2.68,276.47,0,0.0113,0.0006,3.07,92.96,53.604,0.0,0.0035,0.0205,1.1,274.89,0,0.0126,0.0011,60.32,-38.3,21.944,0.0,0.006,0.0175,2.55,276.35,0,0.0108,0.0012,7.63,82.5,51.083,0.0,0.0055,0.4042,2.2,275.99,0,0.0085,0.0015,20.51,52.98,43.96,0.0,0.007,0.152,1.1,274.9,0,0.0011,0.0004,60.08,-37.75,22.076,0.0,0.0025,1.3544,2.05,275.84,0,0.0,0.0027,25.89,40.64,36.477,13.159,0.009,0.0224,2.3,276.1,0,0.0093,0.0014,16.67,61.77,46.082,0.0,0.0065,0.0231,1.11,274.91,0,0.0,0.0017,59.76,-37.02,22.253,0.0,0.0065,0.0748,1.08,274.87,0,0.0,0.0016,61.07,-40.01,21.531,0.0,0.0065,0.0721,2.77,276.56,0,0.0,0.0083,0.0,100.0,55.303,0.0,0.0225,0.0104,2.19,275.99,0,0.0059,0.0031,20.63,52.7,43.893,0.0,0.0135,0.3567,0.98,274.77,0,0.0,0.001,64.6,-48.11,19.577,0.0,0.0045,0.7905,1.56,275.35,0,0.0083,0.0,43.62,31.182,0.0,0.0,0.0,0.42,274.21,0,0.0,0.0,84.82,8.396,0.0,0.0,0.0,0.058,6,6,0.0,3.6
CON3-1,Gounaris,50,5,603.05,235.3,11.38,246.69,0,0.0,0.0372,204.434,65.064,0.071,0.0,8.17,243.47,1,0.0346,0.0062,28.24,37.53,138.509,63.453,0.0265,0.2253,11.77,247.07,2,0.054,0.0026,-3.37,107.45,161.171,102.5,0.011,0.0214,8.18,243.48,1,0.0345,0.0063,28.14,37.75,138.731,63.453,0.027,0.2241,9.71,245.02,1,0.0234,0.0185,14.69,67.51,168.808,65.064,0.0535,0.0212,8.57,243.88,1,0.0285,0.0122,24.69,45.39,149.077,59.813,0.042,0.0227,8.42,243.72,1,0.0257,0.0132,26.07,42.34,148.761,53.644,0.0475,0.0216,9.41,244.72,2,0.0439,0.0035,17.32,61.68,149.343,75.497,0.015,0.0255,5.0,240.31,3,0.057,0.0059,56.07,-24.02,80.827,28.902,0.0225,0.0232,7.7,243.01,1,0.0336,0.0064,32.35,28.44,133.94,51.888,0.0275,0.5203,7.96,243.26,1,0.0325,0.0074,30.09,33.44,136.696,61.577,0.032,0.1888,4.85,240.16,0,0.0,0.0037,57.37,-26.92,71.928,28.803,0.013,1.7579,6.32,241.62,0,0.0,0.0061,44.51,1.54,87.519,42.65,0.019,0.0338,7.68,242.99,1,0.0325,0.007,32.53,28.05,134.178,51.888,0.0295,0.0276,3.71,239.02,0,0.0,0.0037,67.39,-49.07,64.043,23.059,0.0155,0.0922,3.7,239.0,0,0.0004,0.0037,67.51,-49.34,63.766,23.059,0.0155,0.095,9.13,244.43,1,0.0367,0.0087,19.84,56.11,149.286,65.114,0.0305,0.0124,7.52,242.82,1,0.0341,0.0056,33.98,24.83,130.74,53.938,0.0245,0.415,3.63,238.93,0,0.0,0.0029,68.11,-50.67,61.643,23.085,0.0125,1.0136,6.24,241.54,1,0.0372,0.0,45.21,111.809,35.777,0.0,0.0,2.11,237.42,0,0.0,0.0,81.43,38.919,12.495,0.0,0.0,0.066,5,5,0.0,4.5
CON3-1,Cui,50,5,603.9,235.39,11.34,246.73,0,0.0,0.0361,210.21,66.289,0.065,0.0,8.2,243.59,1,0.0352,0.0051,27.72,39.9,141.407,61.952,0.022,0.2608,11.19,246.58,2,0.0527,0.0013,1.37,97.02,159.441,98.67,0.0065,0.0252,7.67,243.06,1,0.0333,0.0054,32.36,29.84,138.08,52.233,0.023,0.252,9.33,244.72,1,0.0252,0.0154,17.71,61.6,170.261,66.289,0.0465,0.0197,8.9,244.29,1,0.0206,0.0172,21.52,53.35,165.225,53.644,0.0455,0.0225,9.15,244.54,0,0.0187,0.0186,19.29,58.19,170.359,66.289,0.055,0.0214,9.3,244.69,2,0.0436,0.0026,17.97,61.04,150.475,76.892,0.0125,0.0261,4.8,240.19,2,0.0505,0.0052,57.69,-25.06,80.43,27.372,0.02,0.0231,7.43,242.82,1,0.0317,0.0061,34.47,25.26,136.393,36.195,0.025,0.6023,7.45,242.84,1,0.032,0.006,34.35,25.54,135.281,51.676,0.025,0.1927,4.76,240.15,0,0.0,0.0049,58.01,-25.77,77.637,23.877,0.0185,1.7218,6.41,241.8,0,0.0,0.0016,43.49,5.71,79.658,53.019,0.0065,0.0282,7.38,242.77,1,0.0318,0.0059,34.91,24.31,135.628,36.314,0.0245,0.0287,3.6,238.99,0,0.0,0.0027,68.26,-47.98,63.416,19.599,0.0115,0.1092,3.49,238.88,0,0.0001,0.0023,69.2,-50.03,61.269,19.599,0.0105,0.1151,9.06,244.45,1,0.033,0.0101,20.11,56.41,157.357,67.319,0.0325,0.0125,7.13,242.52,1,0.0341,0.004,37.1,19.58,130.822,37.405,0.018,0.4311,3.44,238.83,0,0.0,0.0022,69.67,-51.05,61.521,20.969,0.01,1.069,6.11,241.5,1,0.0361,0.0,46.13,113.035,36.195,0.0,0.0,2.26,237.65,0,0.0,0.0,80.09,42.589,13.251,0.0,0.0,0.172,5,5,0.0,4.8
CON3-1,MDRO,50,6,636.03,273.6,3.14,276.75,0,0.0,0.0095,62.886,0.0,0.0235,0.0,2.68,276.28,0,0.0085,0.0026,14.75,66.71,53.61,0.0,0.012,0.2395,3.32,276.92,0,0.011,0.0022,-5.49,112.38,66.336,0.0,0.0105,0.0225,2.68,276.28,0,0.0085,0.0026,14.75,66.71,53.61,0.0,0.012,0.225,2.6,276.2,0,0.0053,0.0048,17.37,60.79,51.959,0.0,0.0175,0.02,2.66,276.26,0,0.0044,0.0056,15.41,65.23,53.197,0.0,0.017,0.0212,2.53,276.13,0,0.0056,0.0046,19.51,55.98,50.618,0.0,0.017,0.0208,2.77,276.37,0,0.009,0.0025,12.02,72.86,55.324,0.0,0.012,0.0246,1.44,275.04,0,0.0097,0.0028,54.32,-22.58,28.728,0.0,0.0105,0.0221,2.56,276.16,0,0.0071,0.0037,18.68,57.84,51.138,0.0,0.014,0.4753,2.42,276.03,0,0.0075,0.0031,22.96,48.19,48.447,0.0,0.0135,0.1798,1.43,275.04,0,0.0,0.0028,54.41,-22.78,28.671,0.0,0.0115,1.7419,2.61,276.21,0,0.0,0.0039,17.02,61.59,44.391,14.759,0.0135,0.0258,2.52,276.12,0,0.0066,0.0039,19.91,55.06,50.364,0.0,0.014,0.0274,1.48,275.08,0,0.0,0.003,52.91,-19.41,29.612,0.0,0.012,0.0873,1.45,275.05,0,0.0,0.0029,54.01,-21.89,28.921,0.0,0.012,0.0793,3.14,276.75,0,0.0,0.0095,0.0,100.0,62.886,0.0,0.0235,0.0117,2.47,276.07,0,0.0069,0.0035,21.38,51.74,49.438,0.0,0.0155,0.4157,1.04,274.64,0,0.0,0.0008,66.92,-51.02,20.803,0.0,0.0045,0.8842,1.75,275.35,0,0.0095,0.0,44.31,35.02,0.0,0.0,0.0,0.48,274.09,0,0.0,0.0,84.61,9.68,0.0,0.0,0.0,0.061,6,6,0.0,4.3
CON3-2,Det,50,4,523.46,192.35,114.44,306.78,0,0.0,0.3103,326.678,323.365,0.5395,0.0,80.64,272.99,3,0.2386,0.1041,29.53,31.92,245.989,204.897,0.3435,0.2614,93.64,285.99,3,0.3798,0.0586,18.17,58.1,217.096,200.005,0.223,0.0235,79.7,272.04,3,0.2501,0.0935,30.36,30.01,242.983,200.005,0.3165,0.2512,85.7,278.04,3,0.2721,0.0994,25.11,42.1,260.798,218.198,0.327,0.0191,97.27,289.62,2,0.1731,0.1713,15.0,65.42,326.678,323.365,0.3775,0.0206,91.33,283.68,2,0.1956,0.1422,20.19,53.45,280.61,270.708,0.3905,0.0201,87.63,279.97,3,0.3455,0.0612,23.43,45.99,219.322,200.005,0.2295,0.0235,113.43,305.77,1,0.0226,0.2965,0.88,97.97,335.41,325.82,0.5305,0.0261,78.7,271.04,3,0.2564,0.0865,31.23,28.0,249.557,207.653,0.2955,1.1033,80.42,272.77,3,0.2484,0.0963,29.72,31.47,245.233,200.005,0.3265,0.191,79.96,272.3,3,0.2545,0.0912,30.13,30.53,242.743,200.005,0.3105,1.7177,80.65,273.0,3,0.2655,0.0784,29.52,31.94,249.163,198.877,0.2705,0.0308,78.47,270.82,3,0.2566,0.0859,31.43,27.54,249.909,207.653,0.292,0.0318,78.34,270.69,3,0.255,0.0854,31.54,27.28,249.909,207.653,0.29,0.1313,77.81,270.16,3,0.2481,0.0842,32.0,26.21,249.909,207.653,0.2875,0.1553,78.98,271.32,3,0.2679,0.0816,30.98,28.56,245.254,200.005,0.281,0.0133,78.59,270.93,3,0.264,0.0824,31.33,27.77,246.268,200.005,0.284,0.3637,77.93,270.28,3,0.2525,0.082,31.9,26.46,247.951,200.005,0.2815,1.1645,64.8,257.15,3,0.2569,0.0534,43.37,207.633,198.022,0.208,0.0,61.74,254.08,0,0.0,0.0,46.05,207.633,198.022,0.0,0.0,0.083,3,4,0.0,5.3
CON3-2,SAA,50,5,570.07,232.01,7.3,239.31,0,0.0,0.0236,137.81,59.717,0.0575,0.0,6.0,238.01,1,0.026,0.0037,17.82,59.96,105.581,41.142,0.017,0.2639,8.57,240.57,2,0.0415,0.0011,-17.36,139.0,123.969,72.673,0.0055,0.0222,6.0,238.01,1,0.026,0.0037,17.82,59.96,105.581,41.142,0.017,0.2363,6.24,238.25,0,0.0121,0.0132,14.47,67.49,116.009,38.264,0.038,0.0174,5.54,237.55,1,0.0182,0.0077,24.09,45.87,102.901,38.264,0.024,0.0194,5.83,237.84,1,0.0154,0.0101,20.1,54.83,108.78,39.503,0.031,0.0188,6.75,238.76,1,0.0322,0.0019,7.49,83.17,112.473,44.643,0.009,0.0233,3.19,235.2,2,0.043,0.0026,56.26,-26.41,50.186,21.026,0.0105,0.0198,5.17,237.18,1,0.0232,0.0037,29.12,34.57,93.198,38.326,0.016,0.5076,5.49,237.5,1,0.0239,0.004,24.77,44.35,97.152,41.142,0.0185,0.1907,3.17,235.17,0,0.0,0.0022,56.63,-27.24,48.656,21.026,0.009,1.7804,5.5,237.5,0,0.0,0.0035,24.71,44.48,68.69,39.206,0.01,0.0293,5.2,237.21,1,0.0228,0.004,28.78,35.34,93.697,38.264,0.017,0.0262,2.32,234.33,0,0.0,0.0022,68.21,-53.25,42.808,11.727,0.01,0.1001,2.4,234.41,0,0.0001,0.0025,67.09,-50.73,44.442,11.727,0.01,0.1008,5.93,237.94,1,0.0225,0.0064,18.71,57.96,103.258,38.264,0.0205,0.0112,4.97,236.98,1,0.0221,0.0037,31.88,28.37,91.315,38.264,0.017,0.3964,2.14,234.15,0,0.0,0.0011,70.7,-58.85,38.298,11.84,0.005,1.0478,4.05,236.06,1,0.0236,0.0,44.51,76.497,31.567,0.0,0.0,1.33,233.34,0,0.0,0.0,81.76,25.455,9.684,0.0,0.0,0.073,5,5,0.0,4.6
CON3-2,WDRO,50,6,598.97,269.9,1.68,271.58,0,0.0,0.0049,33.593,0.0,0.0185,0.0,1.78,271.68,0,0.0075,0.0002,-6.26,114.35,35.697,0.0,0.001,0.2238,2.12,272.01,0,0.0087,0.0002,-26.06,159.72,42.346,0.0,0.001,0.0222,1.78,271.68,0,0.0073,0.0003,-6.04,113.85,35.622,0.0,0.0015,0.2301,1.53,271.42,0,0.0028,0.0028,9.18,78.97,30.51,0.0,0.011,0.023,1.32,271.22,0,0.0036,0.0018,21.28,51.23,26.444,0.0,0.0085,0.0251,1.22,271.11,0,0.0037,0.0014,27.62,36.7,24.314,0.0,0.008,0.0253,1.79,271.69,0,0.0073,0.0003,-6.81,115.62,35.882,0.0,0.002,0.0283,0.83,270.73,0,0.0083,0.0013,50.56,-15.86,16.609,0.0,0.006,0.0229,1.28,271.18,0,0.005,0.0009,23.52,46.1,25.691,0.0,0.0045,0.4764,1.2,271.1,0,0.0046,0.0009,28.47,34.75,24.028,0.0,0.0055,0.1988,0.88,270.78,0,0.0021,0.0008,47.32,-8.45,17.695,0.0,0.004,1.5378,1.8,271.69,0,0.0,0.0039,-6.98,115.99,32.762,5.774,0.0145,0.0236,1.22,271.12,0,0.0047,0.0009,27.23,37.59,24.445,0.0,0.0045,0.0264,0.64,270.53,0,0.0,0.0008,62.15,-42.43,12.714,0.0,0.004,0.0835,0.62,270.52,0,0.0,0.0008,62.92,-44.19,12.457,0.0,0.004,0.0815,1.68,271.58,0,0.0,0.0049,0.0,100.0,33.593,0.0,0.0185,0.0123,1.19,271.08,0,0.0055,0.0003,29.42,32.58,23.71,0.0,0.002,0.4505,0.52,270.41,0,0.0,0.0001,69.22,-58.63,10.34,0.0,0.0005,0.8583,0.95,270.84,0,0.0049,0.0,43.64,18.934,0.0,0.0,0.0,0.28,270.18,0,0.0,0.0,83.17,5.652,0.0,0.0,0.0,0.064,6,6,0.0,4.1
CON3-2,Gounaris,50,5,551.26,230.13,9.24,239.37,0,0.0,0.0302,156.708,64.08,0.0735,0.0,7.23,237.36,1,0.027,0.0066,21.78,50.98,115.831,64.08,0.0295,0.2541,10.49,240.62,2,0.0488,0.0018,-13.53,130.46,127.654,84.489,0.009,0.0233,7.22,237.35,1,0.0275,0.0063,21.86,50.79,115.568,64.08,0.0285,0.2476,8.52,238.65,1,0.0164,0.0185,7.79,82.45,137.47,67.791,0.0625,0.0193,7.21,237.34,1,0.0189,0.013,21.93,50.62,121.245,52.757,0.0465,0.0214,7.67,237.79,1,0.0138,0.0174,17.02,61.67,129.671,64.08,0.057,0.0211,8.3,238.42,1,0.0351,0.0044,10.24,76.95,118.7,74.58,0.02,0.0252,4.2,234.32,2,0.0543,0.0041,54.6,-22.92,61.396,23.026,0.0165,0.0227,6.59,236.72,1,0.0253,0.0074,28.66,35.47,108.756,64.08,0.0315,0.5828,6.57,236.69,1,0.0232,0.0083,28.96,34.81,108.424,64.08,0.036,0.1991,4.0,234.12,0,0.0,0.0034,56.74,-27.73,58.406,22.982,0.016,1.7846,5.72,235.85,0,0.0,0.0037,38.08,14.28,70.791,40.287,0.011,0.0305,6.56,236.69,1,0.0248,0.0076,28.98,34.76,108.531,64.08,0.0325,0.0327,3.48,233.61,0,0.0,0.0037,62.32,-40.3,58.066,22.3,0.0155,0.1012,3.35,233.48,0,0.0001,0.004,63.71,-43.43,56.011,21.759,0.017,0.092,7.38,237.51,1,0.0272,0.0085,20.1,54.76,117.513,64.08,0.0325,0.0123,6.49,236.62,1,0.026,0.0066,29.75,33.03,105.833,60.594,0.0295,0.4482,2.97,233.09,0,0.0,0.0019,67.88,-52.81,47.979,21.748,0.0095,1.0113,5.14,235.26,1,0.0302,0.0,44.42,86.15,38.27,0.0,0.0,1.78,231.91,0,0.0,0.0,80.74,30.471,13.227,0.0,0.0,0.067,5,5,0.0,4.7
CON3-2,Cui,50,5,568.94,231.89,7.23,239.13,0,0.0,0.0235,137.535,57.157,0.0565,0.0,5.89,237.78,1,0.0226,0.0052,18.59,58.06,105.748,41.142,0.023,0.2626,8.39,240.29,2,0.0406,0.0011,-16.09,136.31,120.898,73.078,0.0055,0.0243,5.89,237.78,1,0.0226,0.0052,18.59,58.06,105.748,41.142,0.023,0.2465,6.21,238.11,1,0.015,0.0116,14.06,68.28,113.514,38.264,0.035,0.0195,5.93,237.83,1,0.0156,0.0106,17.93,59.54,109.995,38.264,0.032,0.0216,6.13,238.03,0,0.0098,0.0144,15.22,65.66,115.739,41.142,0.0415,0.0212,6.45,238.34,1,0.0297,0.0023,10.83,75.56,109.029,44.36,0.0115,0.0251,3.04,234.93,2,0.0454,0.002,57.96,-30.81,46.353,20.23,0.007,0.0224,5.16,237.05,1,0.0215,0.0047,28.66,35.33,93.286,38.264,0.021,0.5793,5.32,237.21,1,0.0193,0.0062,26.46,40.28,98.349,39.503,0.0275,0.194,3.03,234.93,0,0.0,0.0016,58.07,-31.06,44.827,20.27,0.0065,1.8,5.1,236.99,0,0.0,0.0033,29.48,33.48,65.489,36.331,0.0105,0.0272,5.16,237.05,1,0.0206,0.0052,28.68,35.27,93.879,38.264,0.023,0.0284,2.24,234.14,0,0.0,0.0016,69.0,-55.71,40.475,11.727,0.007,0.101,2.32,234.22,0,0.0001,0.0019,67.87,-53.16,42.11,11.727,0.0075,0.1046,6.05,237.94,1,0.0232,0.0065,16.39,63.0,106.246,38.264,0.022,0.0145,4.9,236.8,1,0.0217,0.0037,32.21,27.31,90.697,38.264,0.0165,0.4459,2.13,234.02,0,0.0,0.001,70.57,-59.26,37.782,11.765,0.004,1.0378,4.03,235.92,1,0.0235,0.0,44.31,76.63,30.55,0.0,0.0,1.32,233.21,0,0.0,0.0,81.75,25.327,10.616,0.0,0.0,0.071,5,5,0.0,4.8
CON3-2,MDRO,50,6,596.94,269.69,2.3,271.99,0,0.0,0.0064,45.914,0.0,0.022,0.0,2.31,272.0,0,0.0089,0.0006,-0.59,101.37,46.183,0.0,0.0035,0.2587,2.74,272.44,0,0.0108,0.0003,-19.52,145.54,54.878,0.0,0.002,0.025,2.32,272.01,0,0.0088,0.0007,-1.07,102.49,46.404,0.0,0.004,0.2688,1.93,271.63,0,0.0047,0.0027,15.74,63.29,38.688,0.0,0.011,0.0242,1.84,271.53,0,0.0047,0.0024,19.89,53.61,36.783,0.0,0.0115,0.0251,1.73,271.42,0,0.0043,0.0023,24.64,42.51,34.599,0.0,0.0135,0.0254,2.31,272.01,0,0.009,0.0005,-0.76,101.78,46.265,0.0,0.003,0.0283,1.1,270.8,0,0.0087,0.0017,51.98,-21.26,22.047,0.0,0.0085,0.0267,1.76,271.45,0,0.0066,0.0011,23.49,45.2,35.127,0.0,0.0055,0.5987,1.71,271.4,0,0.0065,0.001,25.48,40.55,34.214,0.0,0.0055,0.2042,1.09,270.79,0,0.0008,0.001,52.41,-22.25,21.853,0.0,0.005,1.596,2.37,272.06,0,0.0,0.0032,-3.14,107.31,39.314,11.727,0.012,0.025,1.71,271.4,0,0.0062,0.0012,25.57,40.35,34.173,0.0,0.006,0.034,0.8,270.49,0,0.0,0.0009,65.26,-52.25,15.949,0.0,0.005,0.0957,0.82,270.51,0,0.0,0.001,64.4,-50.24,16.343,0.0,0.005,0.0854,2.3,271.99,0,0.0,0.0064,0.0,100.0,45.914,0.0,0.022,0.0182,1.74,271.44,0,0.006,0.0014,24.14,43.68,34.83,0.0,0.008,0.4851,0.77,270.46,0,0.0,0.0005,66.67,-55.53,15.303,0.0,0.0025,0.9026,1.31,271.01,0,0.0064,0.0,42.87,26.232,0.0,0.0,0.0,0.41,270.1,0,0.0,0.0,82.26,8.145,0.0,0.0,0.0,0.074,6,6,0.0,4.5
CON3-0,Det,50,4,617.59,201.76,101.65,303.41,0,0.0,0.2548,290.89,224.858,0.5765,0.0,86.49,288.25,2,0.1544,0.1171,14.91,42.31,235.135,192.74,0.432,0.2655,103.69,305.45,2,0.259,0.0909,-2.01,107.76,241.758,223.874,0.3625,0.0227,85.82,287.58,2,0.1423,0.124,15.57,39.78,234.202,197.222,0.45,0.2434,89.04,290.8,2,0.1772,0.1192,12.4,52.04,242.494,197.222,0.4255,0.0219,87.88,289.64,2,0.1444,0.1351,13.54,47.62,253.827,218.849,0.4435,0.0219,87.74,289.49,1,0.1179,0.144,13.69,47.06,250.84,197.222,0.4875,0.0213,92.19,293.95,2,0.2084,0.0954,9.31,64.0,240.194,220.162,0.3745,0.0243,91.05,292.81,1,0.0907,0.1926,10.42,59.69,250.221,225.862,0.5535,0.0225,82.95,284.7,2,0.1638,0.1095,18.4,28.83,231.092,197.222,0.406,1.0372,84.5,286.26,2,0.136,0.1286,16.87,34.75,234.34,204.162,0.454,0.1982,79.97,281.73,1,0.0554,0.1161,21.33,17.51,244.96,216.71,0.394,1.6066,78.81,280.57,1,0.0776,0.1116,22.47,13.1,235.341,198.567,0.3945,0.0312,82.93,284.69,2,0.1661,0.1081,18.41,28.78,230.0,206.144,0.406,0.0294,79.13,280.89,1,0.05,0.1225,22.15,14.32,246.137,218.849,0.4075,0.1192,77.0,278.76,1,0.0736,0.1116,24.25,6.2,216.564,196.614,0.4045,0.1222,84.45,286.21,2,0.1694,0.1126,16.92,34.54,251.273,208.23,0.393,0.0116,82.56,284.31,2,0.1668,0.1064,18.78,27.34,226.501,197.222,0.403,0.3795,76.54,278.3,1,0.0761,0.1074,24.7,4.45,210.236,191.431,0.4015,1.1411,75.37,277.13,2,0.1658,0.089,25.85,213.564,179.352,0.356,0.0,66.84,268.6,0,0.0,0.0,34.24,190.209,176.998,0.0,0.0,0.073,4,4,0.0,5.1
CON3-0,SAA,50,5,700.38,245.04,12.6,257.64,0,0.0,0.038,225.605,87.818,0.0725,0.0,9.21,254.25,1,0.0371,0.0058,26.9,40.14,153.585,76.626,0.0275,0.2875,12.35,257.39,2,0.0572,0.0016,1.99,95.58,168.801,104.908,0.008,0.0226,9.29,254.33,1,0.0376,0.0056,26.26,41.56,153.954,76.626,0.0265,0.2588,11.31,256.35,1,0.0163,0.0244,10.24,77.22,198.544,81.796,0.06,0.0215,9.68,254.71,1,0.0253,0.0153,23.24,48.3,166.786,75.909,0.05,0.0231,10.25,255.29,1,0.0208,0.0187,18.69,58.42,179.834,87.571,0.062,0.0226,10.41,255.45,2,0.0475,0.0027,17.37,61.35,158.52,81.821,0.0135,0.0287,6.75,251.79,2,0.0571,0.0098,46.42,-3.28,112.321,33.071,0.037,0.0223,8.51,253.55,1,0.0347,0.006,32.49,27.71,146.288,70.141,0.026,0.6308,9.15,254.19,1,0.0368,0.006,27.43,38.98,152.594,76.199,0.0265,0.2138,6.02,251.06,0,0.006,0.0053,52.26,-16.27,98.807,35.417,0.0245,1.7749,6.42,251.46,0,0.0,0.0033,49.06,-9.16,82.775,45.459,0.0115,0.0256,8.79,253.82,1,0.0355,0.0063,30.29,32.6,150.174,69.539,0.0275,0.028,4.32,249.36,0,0.0,0.0042,65.75,-46.29,73.909,27.205,0.02,0.0906,4.32,249.36,0,0.0,0.0042,65.75,-46.29,73.909,27.205,0.02,0.0895,10.05,255.09,1,0.028,0.0143,20.27,54.9,172.31,83.439,0.0535,0.0112,8.39,253.43,1,0.0349,0.0056,33.41,25.66,144.4,67.892,0.0255,0.4531,3.86,248.9,0,0.0,0.0024,69.36,-54.32,63.655,26.547,0.0115,0.9672,6.94,251.98,1,0.038,0.0,44.94,123.771,46.462,0.0,0.0,2.33,247.37,0,0.0,0.0,81.48,42.345,16.518,0.0,0.0,0.066,5,5,0.0,4.7
CON3-0,WDRO,50,6,736.26,283.63,2.1,285.73,0,0.0,0.0062,42.066,0.0,0.0175,0.0,2.24,285.87,0,0.0082,0.0014,-6.64,115.25,44.861,0.0,0.006,0.222,2.61,286.23,0,0.0097,0.0013,-23.85,154.74,52.1,0.0,0.006,0.0213,2.24,285.87,0,0.0082,0.0014,-6.64,115.25,44.861,0.0,0.006,0.2176,1.85,285.48,0,0.004,0.0031,11.81,72.9,37.098,0.0,0.011,0.0227,1.76,285.38,0,0.0036,0.0032,16.46,62.22,35.142,0.0,0.012,0.0239,1.92,285.54,0,0.003,0.0038,8.87,79.65,38.337,0.0,0.0125,0.0242,2.21,285.83,0,0.0082,0.0013,-5.04,111.56,44.186,0.0,0.0065,0.0303,1.21,284.83,0,0.0072,0.0024,42.55,2.34,24.166,0.0,0.0085,0.0213,2.01,285.63,0,0.0062,0.0022,4.67,89.28,40.101,0.0,0.01,0.4503,1.97,285.59,0,0.0061,0.0021,6.56,84.94,39.306,0.0,0.01,0.2054,1.04,284.66,0,0.0,0.0017,50.63,-16.2,20.768,0.0,0.0075,1.6086,1.91,285.54,0,0.0,0.0043,8.97,79.41,35.814,5.059,0.0135,0.0267,1.92,285.55,0,0.0051,0.0026,8.52,80.45,38.482,0.0,0.0105,0.0247,1.22,284.84,0,0.0,0.0025,42.1,3.39,24.357,0.0,0.01,0.0785,1.22,284.84,0,0.0,0.0025,42.1,3.39,24.357,0.0,0.01,0.075,2.1,285.73,0,0.0,0.0062,0.0,100.0,42.066,0.0,0.0175,0.0125,1.7,285.33,0,0.0051,0.002,19.0,56.39,34.072,0.0,0.0095,0.4169,0.78,284.4,0,0.0,0.0003,62.98,-44.55,15.571,0.0,0.002,0.8755,1.19,284.81,0,0.0062,0.0,43.57,23.737,0.0,0.0,0.0,0.31,283.93,0,0.0,0.0,85.3,6.185,0.0,0.0,0.0,0.066,6,6,0.0,4.2
CON3-0,Gounaris,50,5,720.84,247.08,12.94,260.03,0,0.0,0.0393,223.876,107.262,0.0775,0.0,10.25,257.33,1,0.0349,0.0102,20.81,52.95,163.091,86.268,0.039,0.276,12.69,259.77,2,0.0577,0.0026,1.97,95.55,169.692,106.029,0.0125,0.0254,10.2,257.29,1,0.0364,0.0091,21.15,52.17,161.101,86.268,0.0355,0.2675,12.17,259.25,1,0.0142,0.0287,5.99,86.46,207.092,89.697,0.067,0.0205,9.86,256.95,1,0.0236,0.017,23.78,46.23,165.134,86.268,0.0585,0.0233,10.46,257.55,1,0.0212,0.0196,19.14,56.73,173.679,86.268,0.0635,0.0225,11.62,258.71,2,0.0491,0.005,10.17,77.0,168.731,88.214,0.0205,0.0247,6.81,253.89,3,0.0749,0.0085,47.4,-7.18,96.205,38.831,0.032,0.0204,9.51,256.6,1,0.0339,0.0095,26.51,40.06,157.819,86.268,0.038,0.6669,9.86,256.94,1,0.0339,0.0101,23.83,46.12,159.62,86.268,0.04,0.1872,7.15,254.24,0,0.0083,0.0078,44.72,-1.11,111.788,60.054,0.0325,1.7287,5.93,253.01,0,0.0,0.006,54.19,-22.54,85.122,37.743,0.019,0.0273,9.53,256.62,1,0.0353,0.0088,26.33,40.46,157.654,86.268,0.035,0.0281,4.62,251.71,0,0.0,0.0057,64.28,-45.35,79.194,27.756,0.023,0.1105,4.62,251.71,0,0.0,0.0057,64.28,-45.35,79.194,27.756,0.023,0.1179,10.3,257.38,1,0.0306,0.0137,20.44,53.77,165.351,86.268,0.051,0.0117,9.16,256.25,1,0.0351,0.008,29.2,33.97,150.793,77.257,0.033,0.4148,4.05,251.14,0,0.0,0.0028,68.69,-55.33,64.53,26.557,0.0125,1.1381,7.22,254.3,2,0.0393,0.0,44.23,124.625,60.487,0.0,0.0,2.25,249.34,0,0.0,0.0,82.6,39.523,16.488,0.0,0.0,0.087,5,5,0.0,4.9
CON3-0,Cui,50,5,705.44,245.54,11.98,257.52,0,0.0,0.0364,216.445,78.271,0.069,0.0,9.09,254.64,1,0.0334,0.0077,24.09,46.09,157.407,72.263,0.034,0.2596,12.5,258.04,2,0.0573,0.0017,-4.31,109.64,171.993,107.697,0.008,0.0237,9.14,254.68,1,0.0339,0.0075,23.69,46.98,157.401,72.971,0.0335,0.2641,11.1,256.64,1,0.0167,0.0239,7.37,83.5,196.869,85.825,0.058,0.0208,8.99,254.53,1,0.0301,0.0112,25.0,44.07,154.409,71.461,0.0435,0.0235,10.46,256.0,1,0.018,0.0213,12.69,71.6,185.099,78.036,0.0605,0.0229,9.9,255.44,2,0.0432,0.0038,17.38,61.1,157.598,82.713,0.0175,0.0347,6.5,252.05,3,0.0552,0.0097,45.71,-2.27,109.242,33.045,0.0355,0.0213,8.53,254.08,1,0.0325,0.0078,28.77,35.61,148.118,66.297,0.034,0.6386,8.76,254.31,1,0.032,0.0084,26.86,39.9,152.375,66.16,0.0365,0.2066,6.22,251.76,0,0.0068,0.0068,48.11,-7.66,104.864,37.798,0.0285,1.6959,5.75,251.3,0,0.0,0.0025,51.97,-16.3,72.882,45.711,0.009,0.0258,8.45,254.0,1,0.0328,0.0074,29.45,34.1,147.236,66.297,0.0325,0.0296,4.13,249.68,0,0.0,0.0049,65.49,-46.54,73.018,29.438,0.02,0.0934,4.16,249.7,0,0.0,0.0051,65.3,-46.13,73.496,29.438,0.021,0.0916,9.61,255.15,2,0.0336,0.0103,19.82,55.65,158.576,76.744,0.0395,0.0131,8.2,253.75,1,0.0323,0.007,31.54,29.43,144.028,66.07,0.0315,0.4279,3.87,249.41,0,0.0,0.003,67.73,-51.55,65.396,30.218,0.0135,0.9658,6.63,252.17,1,0.0364,0.0,44.69,119.106,42.348,0.0,0.0,2.18,247.72,0,0.0,0.0,81.81,39.744,15.339,0.0,0.0,0.075,5,5,0.0,4.6
CON3-0,MDRO,50,6,750.2,285.02,2.25,287.27,0,0.0,0.0064,44.953,0.0,0.0205,0.0,2.17,287.19,0,0.008,0.0011,3.5,91.73,43.379,0.0,0.0055,0.2922,2.76,287.78,0,0.0102,0.001,-22.91,154.1,55.254,0.0,0.005,0.0314,2.17,287.19,0,0.008,0.0011,3.5,91.73,43.379,0.0,0.0055,0.3076,2.11,287.13,0,0.001,0.0054,6.23,85.3,42.155,0.0,0.019,0.0246,2.03,287.05,0,0.005,0.0029,9.74,77.0,40.574,0.0,0.0115,0.0287,2.05,287.07,0,0.0041,0.0034,8.7,79.46,41.043,0.0,0.0145,0.0315,2.18,287.2,0,0.0079,0.0011,2.9,93.16,43.651,0.0,0.0055,0.0269,1.83,286.85,1,0.0124,0.0033,18.63,56.02,34.455,7.328,0.014,0.024,1.98,287.0,0,0.0073,0.0014,11.7,72.38,39.695,0.0,0.007,0.746,1.86,286.88,0,0.0047,0.0025,17.32,59.1,37.166,0.0,0.0105,0.2323,1.99,287.01,0,0.0029,0.0032,11.33,73.24,39.859,0.0,0.014,1.6966,2.25,287.27,0,0.0,0.0064,0.0,100.0,44.953,0.0,0.0205,0.0245,1.74,286.76,0,0.006,0.0015,22.66,46.49,34.765,0.0,0.007,0.0361,0.82,285.84,0,0.0,0.0009,63.57,-50.1,16.377,0.0,0.005,0.1064,0.82,285.84,0,0.0,0.0009,63.57,-50.1,16.377,0.0,0.005,0.0994,2.25,287.27,0,0.0,0.0064,0.0,100.0,44.953,0.0,0.0205,0.0182,1.86,286.88,0,0.0049,0.0025,17.05,59.75,37.29,0.0,0.009,0.5493,0.78,285.8,0,0.0,0.0003,65.12,-53.77,15.678,0.0,0.002,0.8942,1.3,286.32,0,0.0064,0.0,42.35,25.915,0.0,0.0,0.0,0.41,285.43,0,0.0,0.0,81.71,8.22,0.0,0.0,0.0,0.07,6,6,0.0,4.9
CON3-3,Det,50,4,607.67,200.77,130.55,331.31,0,0.0,0.3615,322.937,316.509,0.5735,0.0,79.12,279.88,3,0.3508,0.0425,39.4,24.7,196.167,168.146,0.1535,0.2832,102.14,302.91,3,0.497,0.007,21.76,58.41,175.411,151.079,0.0275,0.0249,77.54,278.31,3,0.3374,0.0501,40.6,22.4,204.174,177.749,0.1785,0.2642,84.55,285.32,3,0.3858,0.0444,35.23,32.66,227.815,209.85,0.16,0.0193,90.81,291.57,3,0.3299,0.0939,30.44,41.81,260.854,251.261,0.281,0.0203,80.67,281.44,3,0.3257,0.0604,38.2,26.98,215.369,199.37,0.213,0.0196,92.34,293.1,3,0.453,0.0101,29.27,44.06,175.816,151.079,0.039,0.0239,125.46,326.22,1,0.0512,0.3264,3.9,92.54,337.011,324.295,0.5395,0.028,75.52,276.29,3,0.3598,0.0341,42.15,19.44,206.297,185.787,0.126,1.1558,77.08,277.85,3,0.3453,0.0436,40.96,21.72,198.591,169.552,0.158,0.2094,77.29,278.06,3,0.3511,0.0275,40.8,22.02,193.081,162.923,0.102,1.8516,73.63,274.4,3,0.3015,0.0345,43.6,16.67,211.96,186.627,0.1265,0.0409,75.3,276.07,3,0.3552,0.0356,42.32,19.11,206.172,185.388,0.132,0.0359,74.54,275.31,3,0.3399,0.036,42.9,18.0,206.862,185.787,0.1325,0.123,72.41,273.17,3,0.3013,0.0358,44.54,14.88,208.739,185.787,0.134,0.1276,75.1,275.87,3,0.3621,0.0315,42.47,18.82,203.56,178.71,0.117,0.0119,75.03,275.8,3,0.3596,0.0323,42.52,18.72,203.101,177.376,0.1195,0.3678,71.72,272.49,3,0.2974,0.0346,45.06,13.87,203.3,178.689,0.1295,1.3659,62.25,263.01,3,0.3583,0.0032,52.32,158.481,142.799,0.0125,0.0,53.67,254.44,0,0.0,0.0,58.89,158.399,142.799,0.0,0.0,0.078,3,4,0.0,5.8
CON3-3,SAA,50,5,713.82,246.38,16.43,262.81,0,0.0,0.0568,243.087,120.538,0.106,0.0,12.76,259.15,2,0.0494,0.0133,22.32,49.75,174.389,113.73,0.054,0.2657,19.92,266.3,4,0.0919,0.0032,-21.21,147.75,200.365,159.376,0.015,0.025,12.76,259.15,2,0.0494,0.0133,22.32,49.75,174.389,113.73,0.054,0.2776,13.71,260.09,2,0.0399,0.0244,16.57,62.69,187.87,122.99,0.0855,0.0185,12.3,258.68,2,0.0476,0.016,25.13,43.42,172.837,97.441,0.0545,0.0205,12.01,258.4,2,0.0468,0.0139,26.88,39.49,167.623,106.676,0.0565,0.0203,14.67,261.05,3,0.0675,0.0059,10.72,75.87,180.985,121.795,0.0265,0.026,6.43,252.81,4,0.0947,0.0065,60.87,-37.04,84.803,41.195,0.021,0.0212,11.57,257.95,2,0.049,0.0124,29.6,33.37,160.726,99.595,0.05,0.6257,12.13,258.51,2,0.0472,0.0143,26.19,41.03,166.039,105.909,0.0575,0.2034,6.07,252.45,0,0.0,0.003,63.07,-41.99,72.301,42.674,0.0135,1.8573,6.37,252.75,0,0.0,0.0057,61.23,-37.86,81.666,45.075,0.018,0.0274,11.55,257.93,2,0.0484,0.0127,29.72,33.1,160.166,97.617,0.0515,0.031,5.22,251.61,0,0.0,0.0066,68.21,-53.56,76.928,36.123,0.023,0.0975,5.21,251.59,0,0.0,0.0064,68.32,-53.82,76.508,36.123,0.0235,0.101,12.19,258.57,2,0.0491,0.014,25.83,41.85,168.899,100.451,0.056,0.012,11.47,257.85,2,0.051,0.0109,30.2,32.0,157.488,98.44,0.045,0.436,4.86,251.24,0,0.0,0.0043,70.43,-58.56,69.142,35.596,0.0155,1.0313,9.13,255.52,2,0.0568,0.0,44.42,134.593,66.626,0.0,0.0,2.82,249.2,0,0.0,0.0,82.85,42.968,21.712,0.0,0.0,0.074,5,5,0.0,4.8
CON3-3,WDRO,50,6,726.56,282.66,3.21,285.87,0,0.0,0.0095,64.258,0.0,0.021,0.0,3.07,285.72,0,0.0122,0.0013,4.51,89.35,61.357,0.0,0.0065,0.254,3.81,286.47,0,0.015,0.0009,-18.73,144.22,76.296,0.0,0.005,0.0275,3.08,285.73,0,0.0121,0.0013,4.17,90.15,61.578,0.0,0.007,0.2562,2.88,285.54,0,0.0048,0.0056,10.34,75.59,57.612,0.0,0.019,0.0363,2.64,285.29,0,0.0047,0.005,17.94,57.67,52.733,0.0,0.0195,0.0228,2.81,285.46,0,0.0035,0.0062,12.67,70.09,56.114,0.0,0.0195,0.023,3.18,285.83,0,0.0125,0.0013,1.07,97.48,63.572,0.0,0.007,0.0265,1.55,284.2,0,0.0132,0.0022,51.83,-22.33,30.953,0.0,0.0105,0.0233,2.82,285.48,0,0.0103,0.0022,12.08,71.49,56.497,0.0,0.01,0.538,2.73,285.38,0,0.0088,0.0028,15.14,64.27,54.531,0.0,0.013,0.1972,1.51,284.17,0,0.0,0.0015,53.03,-25.17,30.18,0.0,0.006,1.6496,3.23,285.89,0,0.0,0.0046,-0.61,101.43,54.245,15.677,0.011,0.031,2.7,285.35,0,0.0092,0.0025,16.05,62.11,53.943,0.0,0.012,0.0307,1.12,283.77,0,0.0,0.001,65.24,-53.99,22.335,0.0,0.0045,0.0924,1.12,283.77,0,0.0,0.001,65.24,-53.99,22.335,0.0,0.0045,0.0922,3.21,285.87,0,0.0,0.0095,0.0,100.0,64.258,0.0,0.021,0.0132,2.48,285.14,0,0.0072,0.0031,22.81,46.17,49.602,0.0,0.014,0.4373,1.0,283.65,0,0.0,0.0004,69.03,-62.93,19.901,0.0,0.002,0.9629,1.85,284.51,0,0.0095,0.0,42.37,37.033,0.0,0.0,0.0,0.49,283.15,0,0.0,0.0,84.75,9.801,0.0,0.0,0.0,0.08,6,6,0.0,4.5
CON3-3,Gounaris,50,5,673.39,242.34,16.37,258.71,0,0.0,0.0579,241.449,157.541,0.1055,0.0,11.93,254.27,2,0.0497,0.0115,27.11,38.1,165.053,108.114,0.0455,0.2925,18.96,261.29,4,0.0915,0.0029,-15.8,136.07,189.338,149.486,0.0125,0.0286,11.93,254.27,2,0.0497,0.0115,27.11,38.1,165.053,108.114,0.0455,0.2936,13.0,255.34,2,0.042,0.0215,20.58,53.0,185.347,98.306,0.0655,0.0204,13.23,255.57,2,0.0465,0.0202,19.18,56.21,181.362,115.48,0.0685,0.0222,11.85,254.19,2,0.0466,0.0147,27.59,36.99,168.494,104.526,0.057,0.0234,13.71,256.04,3,0.0666,0.0055,16.28,62.83,170.733,124.087,0.025,0.0283,6.07,248.41,3,0.0771,0.0083,62.94,-43.74,90.609,37.399,0.029,0.0258,11.47,253.81,2,0.0467,0.0138,29.94,31.63,160.912,104.526,0.055,0.8145,11.75,254.09,2,0.0428,0.0167,28.2,35.6,164.432,112.456,0.064,0.2284,5.89,248.23,0,0.0,0.0065,64.02,-46.2,85.204,37.438,0.024,1.9107,6.24,248.58,0,0.0,0.0038,61.89,-41.34,79.362,42.863,0.0125,0.0253,11.54,253.88,2,0.0514,0.0114,29.48,32.68,159.764,99.192,0.047,0.0324,5.16,247.5,0,0.0,0.0065,68.5,-56.44,78.941,34.641,0.026,0.0966,5.11,247.45,0,0.0001,0.0063,68.81,-57.14,77.937,34.641,0.0265,0.0867,11.67,254.01,2,0.0511,0.0114,28.71,34.43,160.206,113.016,0.0475,0.0118,11.17,253.51,2,0.0522,0.0096,31.76,27.46,155.322,99.734,0.041,0.419,4.77,247.11,0,0.0,0.0045,70.84,-61.77,70.849,32.861,0.0165,0.9837,9.2,251.54,3,0.0579,0.0,43.79,134.718,90.458,0.0,0.0,2.7,245.04,0,0.0,0.0,83.5,42.862,20.442,0.0,0.0,0.07,5,5,0.0,5.1
CON3-3,Cui,50,6,684.83,278.48,7.13,285.62,0,0.0,0.0202,127.791,60.724,0.0635,0.0,5.51,284.0,1,0.0173,0.0046,22.72,48.56,97.031,42.652,0.026,0.2331,7.1,285.59,1,0.0267,0.0019,0.43,99.04,109.124,47.715,0.0115,0.022,5.51,284.0,1,0.0173,0.0046,22.72,48.56,97.031,42.652,0.026,0.2429,5.76,284.24,0,0.0116,0.0097,19.23,56.44,104.741,34.737,0.0395,0.0198,5.76,284.25,1,0.0133,0.0088,19.21,56.51,102.052,34.737,0.031,0.0214,5.68,284.16,0,0.0127,0.0085,20.4,53.8,102.661,37.633,0.0385,0.0208,5.96,284.45,1,0.0207,0.0031,16.39,62.89,98.66,46.23,0.0185,0.0255,3.09,281.57,1,0.0279,0.0033,56.75,-28.52,51.693,13.46,0.0135,0.025,5.29,283.77,1,0.0166,0.0056,25.88,41.38,92.906,36.523,0.029,0.5205,5.23,283.72,0,0.0158,0.0055,26.64,39.67,94.294,36.523,0.03,0.1992,2.98,281.47,0,0.0018,0.0026,58.16,-31.72,50.964,11.639,0.0125,1.8144,4.66,283.14,0,0.0,0.0051,34.74,21.32,70.898,29.609,0.0165,0.0266,5.27,283.75,1,0.0159,0.0059,26.14,40.81,92.918,36.523,0.03,0.028,2.59,281.07,0,0.0,0.0033,63.68,-44.2,46.113,13.46,0.015,0.088,2.59,281.08,0,0.0,0.0033,63.63,-44.11,46.174,13.46,0.015,0.0944,6.22,284.7,1,0.0125,0.0105,12.8,71.01,109.933,37.633,0.0375,0.0127,5.23,283.72,1,0.0161,0.0058,26.63,39.69,93.136,34.746,0.0295,0.4397,2.46,280.94,0,0.0,0.0018,65.58,-48.52,41.31,13.46,0.009,0.9543,3.98,282.47,1,0.0202,0.0,44.16,71.207,34.737,0.0,0.0,1.28,279.76,0,0.0,0.0,82.1,23.4,11.351,0.0,0.0,0.065,6,6,0.0,4.6
CON3-3,MDRO,50,6,712.36,281.24,3.27,284.51,0,0.0,0.0096,65.386,0.0,0.021,0.0,2.91,284.15,0,0.0113,0.0012,10.92,75.19,58.247,0.0,0.0065,0.2451,3.92,285.15,0,0.0148,0.0008,-19.81,145.01,78.339,0.0,0.005,0.0259,2.92,284.16,0,0.0112,0.0013,10.58,75.96,58.467,0.0,0.0065,0.2672,2.71,283.95,0,0.0041,0.0055,17.11,61.13,54.199,0.0,0.017,0.0238,2.56,283.8,0,0.0056,0.0043,21.71,50.67,51.191,0.0,0.0165,0.0249,2.67,283.91,0,0.0046,0.0052,18.31,58.4,53.413,0.0,0.0175,0.0275,2.99,284.22,0,0.0117,0.001,8.62,80.42,59.751,0.0,0.005,0.0266,1.19,282.42,0,0.0134,0.001,63.69,-44.69,23.745,0.0,0.005,0.026,2.42,283.66,0,0.0092,0.0018,25.94,41.06,48.425,0.0,0.009,0.5762,2.5,283.74,0,0.0081,0.0026,23.53,46.55,50.003,0.0,0.0125,0.2178,1.44,282.68,0,0.0025,0.0008,55.93,-27.08,28.813,0.0,0.005,1.5755,3.04,284.28,0,0.0,0.0059,6.9,84.32,56.269,11.377,0.015,0.0242,2.43,283.66,0,0.0085,0.0023,25.72,41.57,48.571,0.0,0.011,0.0305,1.03,282.27,0,0.0,0.0011,68.52,-55.68,20.583,0.0,0.006,0.0914,1.03,282.27,0,0.0,0.0011,68.52,-55.68,20.583,0.0,0.006,0.0859,3.27,284.51,0,0.0,0.0096,0.0,100.0,65.386,0.0,0.021,0.0128,2.41,283.65,0,0.0082,0.0023,26.3,40.25,48.192,0.0,0.0125,0.4924,0.94,282.18,0,0.0,0.0003,71.23,-61.85,18.809,0.0,0.0015,1.2602,1.83,283.07,0,0.0096,0.0,44.01,36.607,0.0,0.0,0.0,0.53,281.76,0,0.0,0.0,83.86,10.556,0.0,0.0,0.0,0.068,6,6,0.0,4.8
CON3-4,Det,50,4,599.73,199.97,159.18,359.15,0,0.0,0.38,347.27,344.937,0.6,0.0,98.72,298.7,3,0.4105,0.044,37.98,30.24,244.666,221.713,0.158,0.2585,103.52,303.49,3,0.4891,0.0145,34.97,35.77,209.859,149.822,0.0535,0.0228,98.2,298.17,3,0.3929,0.0503,38.31,29.63,246.521,223.276,0.1795,0.2508,102.66,302.63,3,0.4336,0.0414,35.51,34.78,234.579,197.913,0.1475,0.0199,114.59,314.56,3,0.3674,0.0975,28.01,48.54,304.825,287.233,0.3015,0.0217,126.38,326.36,2,0.2585,0.1599,20.6,62.16,295.636,282.538,0.5265,0.0211,100.39,300.36,3,0.4681,0.0187,36.94,32.16,216.503,187.691,0.0695,0.0239,157.43,357.4,1,0.0204,0.3652,1.1,97.98,358.947,354.628,0.5965,0.0295,95.92,295.9,3,0.3796,0.0536,39.74,27.01,244.523,214.25,0.1895,1.1534,98.11,298.09,3,0.3881,0.0534,38.36,29.54,246.834,226.995,0.189,0.2,97.62,297.6,3,0.3775,0.0525,38.67,28.97,247.655,214.679,0.1875,1.9286,98.81,298.79,3,0.3701,0.0559,37.92,30.34,241.139,208.855,0.2005,0.0315,96.01,295.98,3,0.3801,0.0535,39.68,27.11,245.222,212.681,0.189,0.0287,96.0,295.98,3,0.3801,0.0533,39.69,27.1,245.301,212.681,0.188,0.1258,94.84,294.81,3,0.3521,0.0578,40.42,25.76,246.924,211.149,0.1985,0.1376,97.05,297.02,3,0.4109,0.0406,39.03,28.31,234.453,199.065,0.146,0.0115,95.41,295.38,3,0.3966,0.0441,40.06,26.42,235.721,199.065,0.159,0.3488,94.68,294.65,3,0.3735,0.046,40.52,25.57,239.101,201.289,0.1635,1.0638,72.52,272.49,3,0.375,0.005,54.44,172.853,149.507,0.0175,0.0,66.97,266.94,0,0.0,0.0,57.93,172.372,149.507,0.0,0.0,0.087,3,4,0.0,5.5
CON3-4,SAA,50,5,650.56,240.06,8.19,248.25,0,0.0,0.0289,147.801,54.463,0.065,0.0,7.01,247.07,1,0.0274,0.0064,14.39,67.04,118.303,52.697,0.029,0.2302,9.11,249.17,2,0.0408,0.0034,-11.26,125.78,134.194,71.396,0.0165,0.0211,6.94,246.99,1,0.0277,0.006,15.32,64.91,117.323,52.697,0.0275,0.2209,6.89,246.95,0,0.0142,0.0161,15.85,63.7,123.067,54.463,0.055,0.0185,6.84,246.9,0,0.0145,0.0158,16.51,62.2,124.43,52.779,0.047,0.0203,7.21,247.26,0,0.0107,0.0192,12.04,72.43,130.297,54.463,0.0555,0.0199,7.6,247.66,1,0.0326,0.0048,7.18,83.55,123.143,57.328,0.0225,0.0242,3.78,243.84,2,0.0423,0.0061,53.86,-23.35,63.268,21.965,0.028,0.0205,6.28,246.34,1,0.0267,0.0067,23.36,46.5,109.483,52.697,0.0285,0.569,6.3,246.36,1,0.0257,0.0072,23.05,47.21,110.071,52.779,0.0325,0.1796,3.72,243.78,0,0.0,0.0065,54.61,-25.05,63.701,20.529,0.0275,1.5372,5.47,245.52,0,0.0,0.0111,33.26,23.84,86.793,25.703,0.0315,0.0259,6.26,246.31,1,0.0262,0.0069,23.61,45.94,108.88,52.779,0.03,0.029,2.79,242.85,0,0.0,0.0039,65.95,-51.03,49.122,15.934,0.0165,0.0872,2.79,242.85,0,0.0,0.0039,65.95,-51.03,49.122,15.934,0.0165,0.0828,7.32,247.38,1,0.0158,0.0164,10.59,75.74,126.962,54.353,0.0505,0.0135,6.07,246.12,1,0.0257,0.0065,25.94,40.59,107.646,52.697,0.029,0.4333,2.26,242.32,0,0.0,0.001,72.41,-65.81,38.126,16.193,0.005,0.9422,4.62,244.67,1,0.0289,0.0,43.67,83.126,32.55,0.0,0.0,1.34,241.4,0,0.0,0.0,83.62,24.713,8.07,0.0,0.0,0.074,5,5,0.0,4.3
CON3-4,WDRO,50,6,670.68,277.07,0.74,277.81,0,0.0,0.0022,14.847,0.0,0.008,0.0,0.79,277.86,0,0.0024,0.001,-6.54,114.72,15.818,0.0,0.0055,0.2312,0.87,277.94,0,0.0028,0.001,-17.44,139.24,17.436,0.0,0.0055,0.0212,0.79,277.86,0,0.0024,0.001,-6.54,114.72,15.818,0.0,0.0055,0.2222,0.64,277.71,0,0.0011,0.0013,13.71,69.15,12.811,0.0,0.0065,0.0196,0.71,277.78,0,0.0006,0.0018,3.81,91.43,14.281,0.0,0.0065,0.0213,0.69,277.76,0,0.0007,0.0017,7.23,83.74,13.774,0.0,0.0065,0.0208,0.85,277.92,0,0.0028,0.001,-15.05,133.87,17.081,0.0,0.0055,0.0245,0.48,277.54,0,0.0019,0.0012,36.0,19.02,9.503,0.0,0.0055,0.0202,0.7,277.77,0,0.0016,0.0013,5.48,87.66,14.032,0.0,0.0055,0.5292,0.62,277.68,0,0.0011,0.0013,17.09,61.55,12.309,0.0,0.0055,0.1759,0.5,277.57,0,0.0,0.001,32.5,26.88,10.021,0.0,0.0055,1.4263,0.74,277.81,0,0.0,0.0022,0.0,100.0,14.847,0.0,0.008,0.024,0.69,277.75,0,0.0015,0.0013,7.46,83.21,13.739,0.0,0.0055,0.0279,0.52,277.58,0,0.0,0.0013,30.6,31.16,10.303,0.0,0.0055,0.091,0.52,277.58,0,0.0,0.0013,30.6,31.16,10.303,0.0,0.0055,0.0849,0.74,277.81,0,0.0,0.0022,0.0,100.0,14.847,0.0,0.008,0.0142,0.58,277.64,0,0.0019,0.0007,22.36,49.7,11.527,0.0,0.003,0.493,0.26,277.32,0,0.0,0.0001,65.36,-47.05,5.142,0.0,0.0005,0.8636,0.41,277.48,0,0.0022,0.0,44.45,8.247,0.0,0.0,0.0,0.11,277.18,0,0.0,0.0,85.31,2.182,0.0,0.0,0.0,0.058,6,6,0.0,4.1
CON3-4,Gounaris,50,5,645.15,239.52,8.71,248.23,0,0.0,0.0305,148.943,54.083,0.0735,0.0,7.29,246.8,1,0.0277,0.0069,16.39,61.15,117.324,54.083,0.0335,0.2164,10.98,250.5,2,0.0476,0.0027,-26.04,161.75,140.944,85.679,0.013,0.019,7.24,246.75,1,0.0271,0.0071,16.95,59.82,116.66,54.083,0.034,0.2197,6.96,246.48,1,0.0225,0.0103,20.11,52.32,118.634,50.689,0.0395,0.017,6.83,246.35,1,0.0222,0.0107,21.59,48.82,115.958,53.259,0.038,0.0176,7.4,246.91,1,0.0209,0.0124,15.11,64.19,125.232,54.083,0.0415,0.0175,8.42,247.94,1,0.0372,0.0036,3.34,92.08,126.875,66.431,0.0175,0.0209,3.21,242.73,2,0.0398,0.0041,63.13,-49.68,55.41,19.538,0.0185,0.0181,6.49,246.01,1,0.0288,0.0057,25.51,39.51,107.511,47.791,0.025,0.4668,6.52,246.03,1,0.0288,0.0053,25.19,40.27,108.319,54.083,0.0255,0.1771,3.22,242.74,0,0.0,0.0042,63.02,-49.43,55.861,17.77,0.019,1.5232,5.47,244.99,0,0.0,0.0083,37.24,11.71,79.115,29.376,0.0225,0.0265,6.42,245.94,1,0.0281,0.0059,26.29,37.67,107.46,48.106,0.026,0.0236,2.95,242.46,0,0.0,0.0039,66.18,-56.91,49.302,13.695,0.014,0.0935,2.95,242.46,0,0.0,0.0039,66.18,-56.91,49.302,13.695,0.014,0.0913,7.86,247.38,1,0.0208,0.015,9.8,76.76,130.729,54.905,0.044,0.0104,6.26,245.78,1,0.0266,0.0062,28.15,33.26,105.339,54.083,0.029,0.3653,2.49,242.01,0,0.0,0.0021,71.37,-69.22,41.207,14.92,0.01,1.0298,5.04,244.55,1,0.0305,0.0,42.18,85.409,33.111,0.0,0.0,1.36,240.88,0,0.0,0.0,84.39,24.014,6.85,0.0,0.0,0.067,5,5,0.0,4.2
CON3-4,Cui,50,5,650.56,240.06,8.19,248.25,0,0.0,0.0289,147.801,54.463,0.065,0.0,7.01,247.07,1,0.0274,0.0064,14.39,67.04,118.303,52.697,0.029,0.2315,9.11,249.17,2,0.0408,0.0034,-11.26,125.78,134.194,71.396,0.0165,0.0226,6.94,246.99,1,0.0277,0.006,15.32,64.91,117.323,52.697,0.0275,0.2329,6.89,246.95,0,0.0142,0.0161,15.85,63.7,123.067,54.463,0.055,0.0182,6.84,246.9,0,0.0145,0.0158,16.51,62.2,124.43,52.779,0.047,0.02,7.21,247.26,0,0.0107,0.0192,12.04,72.43,130.297,54.463,0.0555,0.0205,7.6,247.66,1,0.0326,0.0048,7.18,83.55,123.143,57.328,0.0225,0.0241,3.78,243.84,2,0.0423,0.0061,53.86,-23.35,63.268,21.965,0.028,0.0204,6.28,246.34,1,0.0267,0.0067,23.36,46.5,109.483,52.697,0.0285,0.5394,6.3,246.36,1,0.0257,0.0072,23.05,47.21,110.071,52.779,0.0325,0.1788,3.72,243.78,0,0.0,0.0065,54.61,-25.05,63.701,20.529,0.0275,1.4848,5.47,245.52,0,0.0,0.0111,33.26,23.84,86.793,25.703,0.0315,0.0274,6.26,246.31,1,0.0262,0.0069,23.61,45.94,108.88,52.779,0.03,0.0263,2.79,242.85,0,0.0,0.0039,65.95,-51.03,49.122,15.934,0.0165,0.0872,2.79,242.85,0,0.0,0.0039,65.95,-51.03,49.122,15.934,0.0165,0.0857,7.32,247.38,1,0.0158,0.0164,10.59,75.74,126.962,54.353,0.0505,0.0116,6.07,246.12,1,0.0257,0.0065,25.94,40.59,107.646,52.697,0.029,0.4171,2.26,242.32,0,0.0,0.001,72.41,-65.81,38.126,16.193,0.005,0.9813,4.62,244.67,1,0.0289,0.0,43.67,83.126,32.55,0.0,0.0,1.34,241.4,0,0.0,0.0,83.62,24.713,8.07,0.0,0.0,0.067,5,5,0.0,4.2
CON3-4,MDRO,50,6,667.6,276.76,0.89,277.65,0,0.0,0.0027,17.711,0.0,0.012,0.0,0.91,277.67,0,0.0028,0.0011,-2.76,106.36,18.2,0.0,0.0065,0.2067,1.03,277.79,0,0.0033,0.001,-16.32,137.58,20.602,0.0,0.006,0.0199,0.91,277.67,0,0.0028,0.0011,-2.76,106.36,18.2,0.0,0.0065,0.208,0.81,277.57,0,0.0005,0.0022,8.24,81.03,16.252,0.0,0.0105,0.0177,0.87,277.63,0,0.0001,0.0026,1.23,97.17,17.493,0.0,0.0115,0.0199,0.85,277.61,0,0.0003,0.0024,4.23,90.25,16.961,0.0,0.0105,0.0195,0.93,277.69,0,0.0027,0.0013,-5.35,112.31,18.658,0.0,0.007,0.0216,0.58,277.34,0,0.0015,0.0015,34.97,19.49,11.518,0.0,0.008,0.0179,0.86,277.62,0,0.002,0.0014,3.27,92.46,17.131,0.0,0.007,0.4351,0.82,277.58,0,0.0014,0.0017,7.17,83.5,16.442,0.0,0.0085,0.1615,0.5,277.26,0,0.0,0.0012,43.64,-0.48,9.982,0.0,0.0065,1.4285,0.89,277.65,0,0.0,0.0027,0.0,100.0,17.711,0.0,0.012,0.0224,0.82,277.58,0,0.001,0.0019,6.99,83.9,16.473,0.0,0.0095,0.0243,0.61,277.37,0,0.0,0.0016,30.57,29.62,12.297,0.0,0.008,0.0778,0.61,277.37,0,0.0,0.0016,30.57,29.62,12.297,0.0,0.008,0.0752,0.89,277.65,0,0.0,0.0027,0.0,100.0,17.711,0.0,0.012,0.0107,0.68,277.44,0,0.0028,0.0004,23.49,45.91,13.55,0.0,0.0025,0.3896,0.29,277.05,0,0.0,0.0001,67.36,-55.1,5.78,0.0,0.0005,0.8422,0.5,277.26,0,0.0027,0.0,43.43,10.019,0.0,0.0,0.0,0.14,276.9,0,0.0,0.0,84.44,2.755,0.0,0.0,0.0,0.059,6,6,0.0,3.8
CON3-7,Det,50,4,586.71,198.67,118.73,317.4,0,0.0,0.3134,334.001,323.514,0.5485,0.0,77.24,275.91,3,0.2849,0.0634,34.94,34.03,215.81,196.969,0.22,0.2511,89.03,287.7,3,0.4311,0.0109,25.02,52.77,178.927,147.589,0.0435,0.0223,75.76,274.43,3,0.2948,0.0541,36.2,31.66,213.9,195.991,0.189,0.2455,81.59,280.26,3,0.3329,0.0479,31.28,40.94,225.331,198.509,0.172,0.0196,87.78,286.45,3,0.2649,0.1031,26.07,50.77,294.925,257.659,0.2755,0.0198,99.62,298.29,1,0.1293,0.196,16.1,69.61,283.485,261.993,0.461,0.0191,82.0,280.67,3,0.3912,0.017,30.94,41.58,188.606,150.123,0.067,0.0233,118.73,317.4,0,0.0,0.3134,0.0,100.0,334.001,323.514,0.5485,0.0343,72.38,271.05,3,0.311,0.0417,39.04,26.29,214.916,193.499,0.1485,1.3177,75.1,273.77,3,0.2973,0.0505,36.75,30.61,211.289,195.826,0.183,0.2024,75.68,274.35,3,0.2926,0.0541,36.26,31.54,215.46,196.255,0.1915,1.8974,71.73,270.4,3,0.2996,0.0424,39.58,25.26,213.942,192.625,0.1555,0.0305,71.91,270.58,3,0.3157,0.038,39.44,25.55,214.286,191.952,0.139,0.0289,71.61,270.28,3,0.3075,0.0399,39.69,25.06,214.416,192.552,0.1445,0.1135,71.79,270.46,3,0.3053,0.0411,39.54,25.35,214.416,192.552,0.1485,0.1575,72.31,270.98,3,0.3299,0.0318,39.1,26.18,207.572,187.373,0.117,0.0138,71.42,270.09,3,0.3154,0.0366,39.85,24.76,210.938,188.095,0.1315,0.3454,70.94,269.61,3,0.3067,0.037,40.25,24.01,210.08,188.164,0.1345,0.9779,55.85,254.52,3,0.3077,0.0056,52.97,168.237,144.775,0.0225,0.0,53.47,252.14,0,0.0,0.0,54.97,167.844,144.775,0.0,0.0,9.743,3,4,0.0,5.5
CON3-7,SAA,50,5,635.3,238.53,5.98,244.52,0,0.0,0.0193,116.531,53.868,0.053,0.0,4.86,243.39,1,0.0181,0.0044,18.8,58.29,89.37,40.394,0.02,0.275,7.15,245.68,1,0.0319,0.0014,-19.5,143.25,103.344,51.492,0.007,0.024,4.91,243.44,1,0.0187,0.0041,18.03,60.0,89.35,40.394,0.019,0.2404,4.73,243.26,1,0.0151,0.0067,20.91,53.62,88.92,30.285,0.027,0.0195,4.93,243.46,0,0.0101,0.0103,17.58,60.99,94.7,33.501,0.0315,0.0215,5.08,243.61,0,0.0077,0.0121,15.15,66.38,98.579,33.501,0.0375,0.0213,5.38,243.91,1,0.0234,0.0025,10.15,77.48,92.852,41.917,0.0115,0.0254,2.79,241.32,1,0.0304,0.0024,53.45,-18.58,46.939,17.991,0.011,0.022,4.43,242.96,1,0.0184,0.0039,26.01,42.3,82.363,33.501,0.0155,0.5824,4.75,243.28,1,0.0173,0.0051,20.64,54.21,87.746,35.165,0.023,0.1961,2.55,241.08,0,0.0,0.0014,57.45,-27.46,42.155,17.991,0.007,1.688,3.71,242.24,0,0.0,0.0042,38.01,15.68,59.156,20.611,0.016,0.0265,4.48,243.02,1,0.0175,0.0046,25.07,44.39,83.797,33.501,0.019,0.0274,1.88,240.41,0,0.0,0.0013,68.6,-52.2,34.711,9.451,0.0065,0.0897,1.88,240.41,0,0.0,0.0013,68.59,-52.18,34.723,9.451,0.0065,0.0882,5.25,243.78,1,0.0158,0.0076,12.32,72.67,94.128,35.752,0.024,0.012,4.22,242.75,1,0.0169,0.0041,29.45,34.67,80.384,33.501,0.018,0.4272,1.83,240.36,0,0.0,0.0007,69.49,-54.18,32.943,9.451,0.0035,1.0219,3.29,241.82,1,0.0193,0.0,45.07,63.953,30.285,0.0,0.0,1.11,239.64,0,0.0,0.0,81.42,21.835,7.594,0.0,0.0,0.069,5,5,0.0,4.6
CON3-7,WDRO,50,6,680.95,278.1,0.33,278.42,0,0.0,0.0008,6.537,0.0,0.0045,0.0,0.51,278.6,0,0.0016,0.0002,-55.88,220.95,10.191,0.0,0.001,0.2008,0.71,278.8,0,0.0022,0.0002,-116.2,351.5,14.134,0.0,0.001,0.0191,0.51,278.6,0,0.0016,0.0002,-55.88,220.95,10.191,0.0,0.001,0.1952,0.34,278.43,0,0.0007,0.0004,-3.49,107.54,6.765,0.0,0.0025,0.0166,0.31,278.4,0,0.0008,0.0003,6.64,85.64,6.104,0.0,0.0015,0.018,0.28,278.38,0,0.0004,0.0004,13.26,71.3,5.67,0.0,0.0025,0.018,0.51,278.6,0,0.0016,0.0002,-55.88,220.95,10.191,0.0,0.001,0.0206,0.26,278.36,0,0.0008,0.0004,20.49,55.65,5.198,0.0,0.0025,0.0166,0.32,278.41,0,0.001,0.0002,3.45,92.53,6.312,0.0,0.001,0.4068,0.29,278.38,0,0.0008,0.0002,12.71,72.48,5.706,0.0,0.001,0.1479,0.24,278.34,0,0.0,0.0004,26.24,43.22,4.822,0.0,0.0025,1.2928,0.33,278.42,0,0.0,0.0008,0.0,100.0,6.537,0.0,0.0045,0.0211,0.29,278.39,0,0.0009,0.0002,9.8,78.79,5.897,0.0,0.001,0.0229,0.16,278.25,0,0.0,0.0002,51.45,-11.36,3.174,0.0,0.001,0.0735,0.16,278.25,0,0.0,0.0002,51.45,-11.36,3.174,0.0,0.001,0.0699,0.33,278.42,0,0.0,0.0008,0.0,100.0,6.537,0.0,0.0045,0.0103,0.28,278.38,0,0.0008,0.0002,13.74,70.25,5.639,0.0,0.001,0.3631,0.18,278.28,0,0.0,0.0,44.39,3.92,3.635,0.0,0.0,0.7743,0.18,278.27,0,0.0008,0.0,46.2,3.517,0.0,0.0,0.0,0.07,278.16,0,0.0,0.0,79.61,1.333,0.0,0.0,0.0,0.055,6,6,0.0,3.5
CON3-7,Gounaris,50,5,648.99,239.9,4.49,244.39,0,0.0,0.0147,89.747,0.0,0.0415,0.0,3.77,243.67,0,0.0121,0.005,15.99,64.24,75.398,0.0,0.0225,0.1994,5.05,244.95,1,0.0231,0.0017,-12.64,128.28,86.524,39.971,0.008,0.0191,3.77,243.67,0,0.0121,0.005,15.99,64.24,75.398,0.0,0.0225,0.1932,3.69,243.59,0,0.01,0.0063,17.82,60.14,73.756,0.0,0.0255,0.0155,3.72,243.62,0,0.0056,0.0093,17.01,61.96,74.484,0.0,0.036,0.0173,3.93,243.83,0,0.0046,0.0103,12.48,72.09,78.547,0.0,0.0375,0.0168,3.99,243.89,1,0.0166,0.0028,10.98,75.43,77.092,31.591,0.0125,0.0204,2.29,242.19,1,0.0202,0.0036,48.93,-9.45,43.2,9.534,0.0165,0.017,3.46,243.36,0,0.0119,0.0048,22.91,48.75,69.186,0.0,0.022,0.4257,3.54,243.44,0,0.0101,0.0059,21.12,52.76,70.793,0.0,0.0255,0.1508,2.12,242.02,0,0.0,0.0024,52.71,-17.9,39.556,9.594,0.012,1.3045,2.94,242.84,0,0.0,0.0028,34.56,22.7,47.232,18.248,0.0105,0.0214,3.43,243.33,0,0.0114,0.005,23.47,47.49,68.679,0.0,0.023,0.0225,1.48,241.38,0,0.0,0.0016,66.95,-49.75,29.163,6.274,0.008,0.0751,1.48,241.38,0,0.0,0.0016,66.95,-49.75,29.163,6.274,0.008,0.073,4.0,243.89,0,0.0125,0.0061,10.96,75.48,78.644,31.591,0.0215,0.0103,3.28,243.18,0,0.0117,0.0042,26.93,39.76,65.579,0.0,0.019,0.35,1.33,241.23,0,0.0,0.0006,70.38,-57.42,26.021,6.274,0.003,0.8032,2.48,242.38,0,0.0147,0.0,44.71,49.625,0.0,0.0,0.0,0.78,240.68,0,0.0,0.0,82.69,15.531,0.0,0.0,0.0,0.054,5,5,0.0,3.6
CON3-7,Cui,50,5,642.3,239.23,6.19,245.42,0,0.0,0.0193,119.68,52.276,0.054,0.0,4.94,244.17,1,0.0183,0.0043,20.31,55.64,89.672,38.312,0.0205,0.1965,7.34,246.57,1,0.0349,0.0005,-18.48,140.36,104.462,55.089,0.0025,0.0186,4.85,244.08,1,0.0189,0.0037,21.73,52.52,87.926,36.017,0.0175,0.1945,4.68,243.91,1,0.0183,0.004,24.38,46.74,86.837,31.551,0.018,0.0156,5.57,244.8,0,0.0059,0.014,10.09,77.95,108.113,41.634,0.0485,0.0167,5.5,244.73,0,0.007,0.013,11.22,75.5,106.898,33.828,0.047,0.017,5.5,244.73,1,0.0255,0.0014,11.22,75.5,90.07,45.996,0.007,0.02,2.54,241.77,1,0.0246,0.0026,58.96,-28.8,47.57,15.245,0.0125,0.0173,4.36,243.59,1,0.0187,0.0032,29.67,35.19,81.38,32.304,0.0155,0.436,4.64,243.87,1,0.0188,0.0034,25.05,45.28,85.621,34.525,0.016,0.1511,2.44,241.67,0,0.0,0.0022,60.64,-32.46,44.946,16.669,0.009,1.3301,3.81,243.04,0,0.0,0.0054,38.48,15.94,63.126,20.063,0.021,0.0243,4.34,243.57,1,0.0186,0.0032,29.94,34.6,81.045,32.304,0.0155,0.0229,2.27,241.5,0,0.0,0.0025,63.38,-38.46,43.037,7.951,0.0125,0.0751,2.16,241.39,0,0.0002,0.0023,65.16,-42.35,40.906,6.316,0.0115,0.0729,5.28,244.51,1,0.0214,0.0034,14.8,67.68,92.893,43.847,0.0155,0.0098,4.29,243.52,0,0.0172,0.0037,30.76,32.8,81.154,32.304,0.0165,0.3489,2.06,241.29,0,0.0,0.0015,66.72,-45.75,37.942,8.2,0.0075,0.8341,3.36,242.59,1,0.0193,0.0,45.78,64.766,29.966,0.0,0.0,1.22,240.45,0,0.0,0.0,80.22,23.998,6.23,0.0,0.0,0.061,5,5,0.0,3.6
CON3-7,MDRO,50,6,680.95,278.1,0.33,278.42,0,0.0,0.0008,6.537,0.0,0.0045,0.0,0.51,278.6,0,0.0016,0.0002,-55.88,220.95,10.191,0.0,0.001,0.1887,0.71,278.8,0,0.0022,0.0002,-116.2,351.5,14.134,0.0,0.001,0.0182,0.51,278.6,0,0.0016,0.0002,-55.88,220.95,10.191,0.0,0.001,0.1884,0.34,278.43,0,0.0007,0.0004,-3.49,107.54,6.765,0.0,0.0025,0.016,0.31,278.4,0,0.0008,0.0003,6.64,85.64,6.104,0.0,0.0015,0.0209,0.28,278.38,0,0.0004,0.0004,13.26,71.3,5.67,0.0,0.0025,0.0211,0.51,278.6,0,0.0016,0.0002,-55.88,220.95,10.191,0.0,0.001,0.0239,0.26,278.36,0,0.0008,0.0004,20.49,55.65,5.198,0.0,0.0025,0.0204,0.32,278.41,0,0.001,0.0002,3.45,92.53,6.312,0.0,0.001,0.4363,0.29,278.38,0,0.0008,0.0002,12.71,72.48,5.706,0.0,0.001,0.176,0.24,278.34,0,0.0,0.0004,26.24,43.22,4.822,0.0,0.0025,1.294,0.33,278.42,0,0.0,0.0008,0.0,100.0,6.537,0.0,0.0045,0.0198,0.29,278.39,0,0.0009,0.0002,9.8,78.79,5.897,0.0,0.001,0.026,0.16,278.25,0,0.0,0.0002,51.45,-11.36,3.174,0.0,0.001,0.0738,0.16,278.25,0,0.0,0.0002,51.45,-11.36,3.174,0.0,0.001,0.0658,0.33,278.42,0,0.0,0.0008,0.0,100.0,6.537,0.0,0.0045,0.0098,0.28,278.38,0,0.0008,0.0002,13.74,70.25,5.639,0.0,0.001,0.415,0.19,278.28,0,0.0,0.0,42.79,7.38,3.74,0.0,0.0,0.7179,0.18,278.27,0,0.0008,0.0,46.2,3.517,0.0,0.0,0.0,0.07,278.16,0,0.0,0.0,79.61,1.333,0.0,0.0,0.0,0.054,6,6,0.0,3.6
CON3-6,Det,50,4,515.59,191.56,117.21,308.77,0,0.0,0.2883,317.54,307.69,0.5715,0.0,79.82,271.38,3,0.2571,0.0678,31.9,30.55,231.542,224.801,0.248,0.2674,88.31,279.87,3,0.3582,0.0349,24.65,46.32,226.242,225.646,0.138,0.0281,79.17,270.73,3,0.2508,0.0694,32.45,29.34,233.627,224.416,0.2485,0.3197,84.49,276.05,2,0.2712,0.0767,27.91,39.23,260.286,233.034,0.2475,0.0183,94.84,286.4,2,0.1991,0.1328,19.09,58.45,299.398,265.404,0.3685,0.019,109.47,301.03,1,0.0541,0.2416,6.6,85.62,317.54,307.69,0.504,0.0215,83.97,275.53,3,0.3317,0.0381,28.35,38.27,226.375,224.681,0.1485,0.0347,113.71,305.27,1,0.0464,0.2593,2.98,93.51,327.455,315.336,0.56,0.0274,77.27,268.83,3,0.2549,0.0634,34.07,25.81,232.086,223.863,0.2345,1.4276,79.34,270.9,3,0.2597,0.065,32.31,29.66,232.699,224.416,0.2345,0.2223,79.07,270.63,2,0.2079,0.077,32.54,29.16,238.471,224.248,0.2725,1.8158,76.9,268.46,2,0.2215,0.0633,34.39,25.12,237.618,224.128,0.228,0.0274,77.16,268.72,3,0.2561,0.0625,34.17,25.6,231.746,223.863,0.2315,0.0385,75.82,267.37,2,0.2057,0.0666,35.32,23.11,248.06,214.369,0.2335,0.1184,75.4,266.96,2,0.2107,0.0663,35.67,22.34,242.359,214.369,0.233,0.1185,78.45,270.01,3,0.2536,0.0665,33.07,28.0,234.88,223.869,0.241,0.0153,76.75,268.31,3,0.2632,0.0581,34.52,24.84,231.051,223.562,0.2165,0.3981,74.68,266.24,2,0.2215,0.0581,36.28,21.01,236.855,212.056,0.211,1.0419,63.37,254.93,3,0.2578,0.0305,45.93,222.865,218.394,0.122,0.0,58.87,250.43,0,0.0,0.0,49.77,214.826,200.797,0.0,0.0,0.152,4,4,0.0,5.6
CON3-6,SAA,50,5,562.39,231.24,7.56,238.8,0,0.0,0.0245,136.011,57.59,0.064,0.0,5.84,237.08,1,0.0224,0.0055,22.76,49.51,100.56,45.456,0.0245,0.2437,7.94,239.18,1,0.0364,0.0018,-5.01,111.12,112.228,60.885,0.009,0.0217,5.8,237.04,1,0.023,0.005,23.38,48.14,99.556,44.337,0.0225,0.2467,6.33,237.57,1,0.0144,0.0122,16.31,63.82,114.146,35.076,0.0395,0.0205,5.9,237.14,1,0.0176,0.0091,21.98,51.25,103.348,37.211,0.0305,0.0223,6.74,237.98,0,0.0097,0.0161,10.89,75.85,122.097,52.626,0.0495,0.0217,6.83,238.07,1,0.0309,0.0024,9.72,78.43,103.434,50.7,0.0115,0.0331,4.02,235.25,1,0.0345,0.0064,46.91,-4.05,69.322,19.82,0.0285,0.0227,5.27,236.51,1,0.0237,0.0039,30.28,32.85,91.918,37.211,0.0175,0.5393,5.5,236.74,1,0.0207,0.0061,27.23,39.6,96.909,37.211,0.0275,0.2051,3.94,235.18,0,0.0095,0.0022,47.94,-6.33,67.757,25.674,0.011,1.6526,4.78,236.02,0,0.0,0.002,36.78,18.43,56.712,36.503,0.007,0.0242,5.26,236.5,1,0.0229,0.0043,30.47,32.42,91.936,37.211,0.0195,0.0261,2.67,233.91,0,0.0,0.0026,64.69,-43.47,43.609,15.514,0.0125,0.0886,2.61,233.85,0,0.0004,0.0026,65.45,-45.16,42.699,15.514,0.0125,0.0892,6.38,237.62,1,0.0182,0.0103,15.7,65.17,107.29,52.608,0.037,0.0124,5.13,236.37,1,0.0226,0.0041,32.17,28.64,89.403,37.211,0.0185,0.4308,2.21,233.45,0,0.0,0.0011,70.72,-56.86,37.228,15.514,0.005,0.9606,4.15,235.39,1,0.0245,0.0,45.09,74.304,32.462,0.0,0.0,1.41,232.65,0,0.0,0.0,81.38,25.898,10.588,0.0,0.0,0.113,5,5,0.0,4.5
CON3-6,WDRO,50,6,588.11,268.81,0.97,269.78,0,0.0,0.0028,19.432,0.0,0.009,0.0,1.23,270.04,0,0.0045,0.0006,-26.32,159.59,24.547,0.0,0.003,0.2595,1.68,270.49,0,0.0067,0.0003,-72.51,264.15,33.522,0.0,0.002,0.0243,1.23,270.04,0,0.0045,0.0006,-26.32,159.59,24.547,0.0,0.003,0.3226,0.93,269.75,0,0.0007,0.0023,3.87,91.25,18.68,0.0,0.008,0.0244,0.97,269.78,0,0.0,0.0028,0.0,100.0,19.432,0.0,0.009,0.0261,0.96,269.77,0,0.0001,0.0028,1.24,97.2,19.191,0.0,0.009,0.026,1.15,269.97,0,0.0041,0.0007,-18.83,142.63,23.091,0.0,0.0035,0.0256,0.59,269.4,0,0.0037,0.0012,39.02,11.68,11.85,0.0,0.005,0.022,0.83,269.64,0,0.0028,0.0008,15.05,65.92,16.506,0.0,0.004,0.6667,0.92,269.73,0,0.0017,0.0017,5.15,88.35,18.431,0.0,0.0065,0.2082,0.66,269.48,0,0.0,0.0014,31.56,28.55,13.299,0.0,0.006,1.7396,0.97,269.78,0,0.0,0.0028,0.0,100.0,19.432,0.0,0.009,0.024,0.86,269.67,0,0.0019,0.0014,11.79,73.31,17.141,0.0,0.006,0.0504,0.53,269.34,0,0.0,0.001,45.5,-3.01,10.59,0.0,0.0045,0.1149,0.53,269.34,0,0.0,0.001,45.5,-3.01,10.59,0.0,0.0045,0.0955,0.97,269.78,0,0.0,0.0028,0.0,100.0,19.432,0.0,0.009,0.0186,0.78,269.6,0,0.0024,0.0009,19.22,56.49,15.697,0.0,0.0045,0.4887,0.4,269.22,0,0.0,0.0002,58.34,-32.07,8.095,0.0,0.001,0.9351,0.54,269.35,0,0.0028,0.0,44.17,10.848,0.0,0.0,0.0,0.17,268.98,0,0.0,0.0,82.5,3.4,0.0,0.0,0.0,0.068,6,6,0.0,4.8
CON3-6,Gounaris,50,5,555.5,230.55,8.18,238.73,0,0.0,0.0264,139.925,62.924,0.0695,0.0,7.09,237.64,1,0.0275,0.0053,13.31,69.86,107.493,52.608,0.023,0.2585,9.36,239.91,2,0.0415,0.0015,-14.48,132.78,112.924,79.379,0.0075,0.0228,6.92,237.47,1,0.0252,0.0066,15.4,65.14,106.631,52.155,0.0265,0.2504,7.45,238.0,1,0.0161,0.015,8.85,79.97,117.398,62.924,0.058,0.0194,6.64,237.18,1,0.0166,0.0116,18.87,57.29,113.443,36.297,0.039,0.0217,7.13,237.68,1,0.0119,0.0162,12.83,70.96,122.997,38.664,0.0475,0.0226,7.62,238.17,1,0.0336,0.0025,6.84,84.52,107.479,72.072,0.0115,0.0267,3.71,234.26,2,0.0471,0.0038,54.6,-23.61,55.077,20.776,0.015,0.0227,5.88,236.43,1,0.0255,0.0044,28.13,36.31,96.518,38.664,0.019,0.6075,6.36,236.91,1,0.0259,0.0049,22.27,49.58,100.909,48.142,0.0205,0.1996,3.65,234.2,0,0.0013,0.002,55.36,-25.34,50.143,21.407,0.008,1.6444,4.47,235.02,0,0.0,0.002,45.33,-2.62,52.801,32.798,0.006,0.025,5.8,236.35,1,0.0253,0.0043,29.02,34.3,95.764,38.664,0.018,0.029,2.64,233.19,0,0.0,0.0024,67.66,-53.19,42.469,18.884,0.0105,0.0983,2.71,233.26,0,0.0,0.0026,66.9,-51.46,43.723,18.884,0.011,0.0966,6.56,237.11,1,0.0221,0.008,19.78,55.22,105.592,45.461,0.0275,0.013,5.75,236.3,1,0.0233,0.0053,29.74,32.68,95.411,38.664,0.023,0.4491,2.52,233.07,0,0.0,0.0016,69.13,-56.51,39.85,18.732,0.0075,0.9904,4.57,235.12,1,0.0264,0.0,44.17,77.698,36.297,0.0,0.0,1.53,232.08,0,0.0,0.0,81.24,26.354,12.335,0.0,0.0,0.069,5,5,0.0,4.6
CON3-6,Cui,50,5,550.44,230.04,7.63,237.67,0,0.0,0.0238,140.975,56.07,0.0605,0.0,6.3,236.34,1,0.0242,0.0053,17.44,61.52,106.573,49.997,0.024,0.2521,7.6,237.64,1,0.0345,0.0015,0.4,99.11,112.7,49.997,0.0075,0.0237,6.13,236.17,1,0.0218,0.0062,19.68,56.6,107.516,49.997,0.027,0.2501,7.15,237.19,1,0.0163,0.0133,6.33,86.04,124.056,56.07,0.0455,0.0194,5.98,236.02,1,0.0179,0.0088,21.65,52.25,104.357,41.395,0.0285,0.0201,6.68,236.72,0,0.0083,0.0157,12.49,72.46,124.888,56.07,0.0515,0.0215,6.75,236.79,1,0.0303,0.0023,11.56,74.5,108.987,49.997,0.011,0.0244,4.21,234.25,2,0.0409,0.0055,44.84,1.1,67.295,25.192,0.022,0.023,5.47,235.51,1,0.0245,0.0034,28.31,37.56,93.699,41.395,0.016,0.6259,5.73,235.77,1,0.0195,0.0067,24.95,44.96,103.004,43.335,0.0295,0.189,4.48,234.53,0,0.0074,0.0028,41.23,9.07,72.685,28.41,0.012,1.6603,4.84,234.88,0,0.0,0.002,36.58,19.31,58.358,38.285,0.006,0.0249,5.38,235.42,1,0.0237,0.0036,29.48,34.98,93.247,39.366,0.0165,0.0273,2.6,232.64,0,0.0,0.0022,65.96,-45.48,45.373,20.014,0.0105,0.0885,2.6,232.64,0,0.0001,0.0022,65.97,-45.51,45.353,20.014,0.01,0.0872,6.87,236.91,1,0.0241,0.0075,9.96,78.03,108.078,41.395,0.024,0.0122,5.41,235.46,1,0.021,0.0053,29.06,35.91,97.076,39.26,0.0235,0.4131,2.46,232.51,0,0.0,0.0015,67.71,-49.33,42.937,18.875,0.007,0.9334,4.17,234.21,1,0.0238,0.0,45.34,76.526,33.828,0.0,0.0,1.48,231.52,0,0.0,0.0,80.61,27.766,9.157,0.0,0.0,0.063,5,5,0.0,4.5
CON3-6,MDRO,50,6,578.21,267.82,1.58,269.41,0,0.0,0.0048,31.696,0.0,0.018,0.0,1.82,269.64,0,0.0079,0.0002,-14.61,133.94,36.327,0.0,0.001,0.2701,2.33,270.15,0,0.0098,0.0002,-46.84,208.82,46.543,0.0,0.001,0.0242,1.82,269.64,0,0.0079,0.0002,-14.61,133.94,36.327,0.0,0.001,0.2914,1.2,269.02,0,0.0042,0.0013,24.09,44.03,24.06,0.0,0.0055,0.0219,1.14,268.97,0,0.0032,0.0017,27.76,35.5,22.896,0.0,0.009,0.0229,1.39,269.22,0,0.0039,0.0017,11.98,72.18,27.9,0.0,0.0095,0.0231,1.82,269.64,0,0.0079,0.0002,-14.56,133.83,36.311,0.0,0.001,0.0265,0.5,268.32,0,0.0062,0.0006,68.35,-58.77,10.033,0.0,0.003,0.0173,1.32,269.14,0,0.0064,0.0003,16.56,61.53,26.447,0.0,0.002,0.5743,1.25,269.07,0,0.0059,0.0003,21.16,50.84,24.989,0.0,0.002,0.2034,0.64,268.46,0,0.0013,0.0003,59.8,-38.92,12.742,0.0,0.0015,1.5751,1.83,269.65,0,0.0,0.0013,-15.62,136.3,27.614,15.335,0.005,0.0236,1.15,268.97,0,0.0053,0.0004,27.71,35.64,22.914,0.0,0.0025,0.0347,0.38,268.2,0,0.0,0.0003,75.79,-76.07,7.673,0.0,0.0015,0.0922,0.38,268.2,0,0.0,0.0003,75.79,-76.07,7.673,0.0,0.0015,0.0865,1.58,269.41,0,0.0,0.0048,0.0,100.0,31.696,0.0,0.018,0.0148,1.16,268.98,0,0.0047,0.0008,26.62,38.15,23.257,0.0,0.005,0.4324,0.4,268.22,0,0.0,0.0001,74.8,-73.78,7.986,0.0,0.0005,0.9497,0.9,268.72,0,0.0048,0.0,43.05,18.052,0.0,0.0,0.0,0.23,268.05,0,0.0,0.0,85.42,4.621,0.0,0.0,0.0,0.07,6,6,0.0,4.4
CON3-5,Det,50,4,593.84,199.38,152.35,351.73,0,0.0,0.3596,343.55,341.065,0.5915,0.0,112.01,311.39,3,0.3246,0.112,26.48,38.96,294.242,289.167,0.3415,0.2418,117.08,316.46,3,0.4069,0.0854,23.15,46.63,289.58,289.167,0.271,0.0213,112.52,311.9,3,0.2726,0.1377,26.15,39.73,296.807,288.657,0.4025,0.2516,122.73,322.12,3,0.4124,0.098,19.44,55.18,291.218,288.657,0.3045,0.0226,117.48,316.87,3,0.3171,0.1295,22.89,47.24,301.55,288.657,0.373,0.0208,141.02,340.4,1,0.0786,0.2918,7.44,82.85,341.414,337.498,0.5755,0.0201,116.34,315.72,3,0.3968,0.0881,23.64,45.51,289.58,289.167,0.2795,0.0246,150.13,349.52,1,0.053,0.33,1.45,96.65,359.566,351.956,0.559,0.0298,111.78,311.16,3,0.3141,0.1178,26.63,38.61,296.746,288.657,0.357,1.3563,111.58,310.97,3,0.3181,0.114,26.76,38.31,293.876,289.167,0.3485,0.2111,111.66,311.04,3,0.2689,0.1321,26.71,38.43,296.794,288.657,0.3875,1.8355,111.33,310.72,3,0.2995,0.1116,26.92,37.93,295.151,288.657,0.34,0.0328,111.72,311.1,3,0.3224,0.1133,26.67,38.52,296.248,288.657,0.3455,0.0261,111.09,310.47,3,0.3151,0.1125,27.08,37.57,296.179,288.657,0.343,0.1129,111.03,310.42,3,0.3148,0.112,27.12,37.48,296.179,288.657,0.3415,0.1244,111.56,310.95,3,0.3277,0.1101,26.77,38.28,293.513,288.657,0.335,0.0122,111.13,310.51,3,0.323,0.111,27.06,37.62,291.75,288.657,0.3375,0.3328,110.59,309.97,3,0.3095,0.111,27.41,36.81,295.227,288.657,0.334,1.1445,86.26,285.65,3,0.2893,0.0704,43.38,288.557,285.78,0.226,0.0,80.98,280.36,0,0.0,0.0,46.85,288.505,285.78,0.0,0.0,0.081,4,4,0.0,5.6
CON3-5,SAA,50,5,630.37,238.04,6.85,244.89,0,0.0,0.022,130.351,51.838,0.0565,0.0,5.7,243.74,1,0.0236,0.0039,16.82,63.22,101.609,37.653,0.017,0.2611,7.82,245.86,1,0.0376,0.0009,-14.17,130.99,113.694,53.86,0.0045,0.0249,5.7,243.74,1,0.0236,0.0039,16.82,63.22,101.609,37.653,0.017,0.2585,5.62,243.66,0,0.014,0.0101,17.89,60.87,104.393,33.812,0.0345,0.0185,5.55,243.59,0,0.0127,0.0108,18.92,58.61,103.101,37.555,0.036,0.0203,5.7,243.74,0,0.0117,0.0116,16.82,63.21,107.248,29.476,0.037,0.0198,6.34,244.37,1,0.0316,0.0012,7.5,83.6,101.855,49.703,0.0055,0.0255,3.21,241.24,1,0.0286,0.0051,53.21,-16.37,58.276,13.529,0.0205,0.0205,4.93,242.97,1,0.0203,0.0046,27.99,38.79,89.701,35.591,0.0195,0.6084,5.09,243.13,1,0.0202,0.0049,25.65,43.91,92.169,35.129,0.019,0.1856,3.49,241.53,0,0.005,0.0032,49.06,-7.29,60.213,22.867,0.0145,1.6688,4.57,242.61,0,0.0,0.0043,33.31,27.16,65.827,26.662,0.0145,0.0278,4.8,242.84,1,0.0197,0.0045,29.93,34.54,87.621,31.67,0.019,0.0304,2.47,240.51,0,0.0,0.0027,63.97,-39.91,45.411,11.351,0.012,0.0946,2.46,240.5,0,0.0,0.0027,64.06,-40.1,45.293,11.351,0.012,0.0925,5.94,243.98,1,0.0225,0.0062,13.31,70.89,101.435,36.492,0.0215,0.0133,4.75,242.79,1,0.0209,0.0037,30.61,33.05,86.625,31.67,0.015,0.4163,2.2,240.24,0,0.0,0.0018,67.85,-48.38,40.572,11.303,0.009,1.0516,3.72,241.76,1,0.022,0.0,45.72,70.567,29.46,0.0,0.0,1.26,239.29,0,0.0,0.0,81.67,24.421,5.838,0.0,0.0,0.068,5,5,0.0,4.6
CON3-5,WDRO,50,6,649.9,274.99,0.8,275.79,0,0.0,0.0023,16.033,0.0,0.0085,0.0,0.99,275.98,0,0.004,0.0003,-23.05,151.91,19.729,0.0,0.0015,0.245,1.56,276.55,0,0.0062,0.0003,-94.86,313.61,31.241,0.0,0.0015,0.0252,0.99,275.98,0,0.004,0.0003,-23.05,151.91,19.729,0.0,0.0015,0.2555,0.75,275.74,0,0.0005,0.0019,5.86,86.81,15.093,0.0,0.0075,0.0207,0.64,275.63,0,0.0014,0.0011,19.71,55.63,12.873,0.0,0.0035,0.0332,0.6,275.59,0,0.0015,0.0009,25.03,43.65,12.02,0.0,0.003,0.0238,1.2,276.19,0,0.0049,0.0003,-49.13,210.63,23.91,0.0,0.0015,0.0252,0.63,275.62,0,0.0043,0.0012,20.87,53.0,12.686,0.0,0.004,0.0213,0.77,275.76,0,0.0029,0.0006,4.01,90.98,15.39,0.0,0.0025,0.519,0.64,275.63,0,0.0024,0.0005,20.47,53.91,12.751,0.0,0.002,0.1877,0.69,275.68,0,0.0019,0.0005,13.91,68.68,13.803,0.0,0.002,1.8377,0.8,275.79,0,0.0,0.0023,0.0,100.0,16.033,0.0,0.0085,0.0294,0.69,275.68,0,0.0025,0.0006,14.34,67.7,13.733,0.0,0.0025,0.0299,0.35,275.34,0,0.0,0.0005,55.88,-25.83,7.074,0.0,0.002,0.0926,0.35,275.34,0,0.0,0.0005,55.88,-25.83,7.074,0.0,0.002,0.0958,0.8,275.79,0,0.0,0.0023,0.0,100.0,16.033,0.0,0.0085,0.0124,0.65,275.65,0,0.0019,0.0008,18.3,58.79,13.099,0.0,0.0025,0.4411,0.33,275.32,0,0.0,0.0002,58.96,-32.76,6.58,0.0,0.0005,0.95,0.45,275.44,0,0.0023,0.0,44.41,8.913,0.0,0.0,0.0,0.14,275.13,0,0.0,0.0,82.1,2.869,0.0,0.0,0.0,0.067,6,6,0.0,4.6
CON3-5,Gounaris,50,5,626.43,237.64,7.78,245.42,0,0.0,0.0246,130.653,57.395,0.0725,0.0,5.99,243.63,1,0.027,0.0026,22.98,49.76,98.189,45.087,0.013,0.2514,7.32,244.96,1,0.0351,0.0008,5.94,87.02,105.839,55.47,0.004,0.0244,5.99,243.63,1,0.027,0.0026,22.98,49.76,98.189,45.087,0.013,0.2559,6.67,244.31,0,0.011,0.0149,14.29,68.75,112.542,57.395,0.056,0.0208,5.85,243.49,1,0.0159,0.0095,24.84,45.7,101.748,37.396,0.0325,0.023,5.7,243.34,1,0.0189,0.0073,26.78,41.45,95.933,31.488,0.026,0.0225,6.32,243.96,1,0.0296,0.0018,18.81,58.88,99.948,51.623,0.009,0.0278,3.75,241.39,2,0.0377,0.0047,51.76,-13.18,58.87,21.816,0.021,0.0222,5.31,242.95,1,0.0244,0.0031,31.7,30.68,88.543,36.387,0.015,0.5642,5.55,243.2,1,0.023,0.0045,28.59,37.49,92.529,38.414,0.0215,0.1989,4.25,241.89,1,0.0127,0.0024,45.41,0.71,64.301,39.123,0.012,1.7227,5.24,242.88,0,0.0,0.0098,32.64,28.63,84.733,24.659,0.024,0.0284,5.26,242.9,1,0.0232,0.0036,32.37,29.22,88.112,37.396,0.0175,0.029,2.62,240.27,0,0.0,0.0029,66.28,-44.91,46.479,12.738,0.0125,0.0977,2.63,240.28,0,0.0008,0.0028,66.15,-44.64,46.675,12.738,0.0125,0.0962,6.38,244.03,1,0.0188,0.0089,17.94,60.77,101.24,53.155,0.036,0.0129,5.06,242.7,1,0.0239,0.0026,34.95,23.58,84.263,33.165,0.0125,0.448,2.56,240.21,0,0.0,0.0019,67.05,-46.59,43.58,13.531,0.008,1.0114,4.22,241.86,1,0.0246,0.0,45.74,70.625,31.439,0.0,0.0,1.55,239.19,0,0.0,0.0,80.07,26.961,10.735,0.0,0.0,0.069,5,5,0.0,4.6
CON3-5,Cui,50,5,626.6,237.66,7.17,244.83,0,0.0,0.0226,136.183,53.681,0.057,0.0,5.8,243.46,1,0.0228,0.0042,19.07,57.9,104.99,49.124,0.0195,0.245,8.68,246.34,1,0.0375,0.0017,-21.04,146.45,123.172,81.794,0.0085,0.0235,5.8,243.46,1,0.0228,0.0042,19.07,57.9,104.99,49.124,0.0195,0.2365,5.94,243.6,0,0.0132,0.0112,17.22,62.0,110.735,36.492,0.037,0.0186,5.66,243.32,0,0.014,0.0101,21.1,53.41,105.195,37.555,0.037,0.0209,5.9,243.56,0,0.0114,0.0122,17.65,61.03,111.689,37.555,0.039,0.0201,6.76,244.42,1,0.03,0.0024,5.71,87.39,110.887,49.708,0.012,0.0265,3.61,241.27,1,0.0271,0.0057,49.59,-9.47,65.904,15.639,0.021,0.0216,5.15,242.81,1,0.0204,0.0049,28.22,37.71,94.127,36.492,0.0205,0.5642,5.35,243.01,1,0.0195,0.0057,25.42,43.89,98.369,40.6,0.0235,0.1892,3.89,241.55,0,0.005,0.0039,45.7,-0.87,67.424,28.866,0.017,1.6545,5.41,243.07,0,0.0,0.0057,24.55,45.81,78.346,33.248,0.0155,0.0265,5.07,242.73,1,0.0196,0.0051,29.36,35.19,92.999,36.492,0.022,0.0274,2.69,240.35,0,0.0,0.0024,62.54,-38.06,48.685,13.497,0.011,0.104,2.74,240.4,0,0.0005,0.0026,61.75,-36.31,49.82,13.497,0.012,0.0998,6.02,243.68,1,0.0233,0.0055,16.11,64.44,103.459,36.492,0.0185,0.012,4.96,242.62,1,0.0222,0.0033,30.83,31.94,90.551,36.492,0.0145,0.418,2.6,240.26,0,0.0,0.0023,63.79,-40.82,47.352,14.505,0.0105,1.0317,3.92,241.58,1,0.0226,0.0,45.3,74.293,31.67,0.0,0.0,1.43,239.09,0,0.0,0.0,80.0,27.883,7.44,0.0,0.0,0.07,5,5,0.0,4.5
CON3-5,MDRO,50,6,648.53,274.85,1.26,276.12,0,0.0,0.0037,25.27,0.0,0.0145,0.0,1.37,276.22,0,0.006,0.0003,-8.07,118.35,27.309,0.0,0.0015,0.3041,2.09,276.95,0,0.009,0.0002,-65.61,249.2,41.849,0.0,0.001,0.0327,1.37,276.22,0,0.006,0.0003,-8.07,118.35,27.309,0.0,0.0015,0.2932,1.05,275.91,0,0.0021,0.0019,16.71,61.99,21.047,0.0,0.008,0.0208,1.1,275.95,0,0.0043,0.0008,13.13,70.14,21.953,0.0,0.0035,0.0209,0.94,275.79,0,0.0038,0.0006,25.94,41.01,18.716,0.0,0.003,0.0223,1.52,276.37,0,0.0066,0.0003,-20.22,146.0,30.381,0.0,0.0015,0.026,0.66,275.52,0,0.006,0.0009,47.54,-8.12,13.256,0.0,0.004,0.0216,1.17,276.02,0,0.0051,0.0005,7.59,82.74,23.352,0.0,0.0025,0.5886,0.9,275.75,0,0.0041,0.0003,29.07,33.89,17.925,0.0,0.002,0.1894,0.75,275.6,0,0.0019,0.0003,40.99,6.78,14.913,0.0,0.002,1.7278,1.26,276.12,0,0.0,0.0037,0.0,100.0,25.27,0.0,0.0145,0.0302,1.03,275.89,0,0.0044,0.0005,18.3,58.38,20.646,0.0,0.0025,0.0368,0.56,275.41,0,0.0,0.0005,55.78,-26.86,11.175,0.0,0.0025,0.1245,0.56,275.41,0,0.0,0.0005,55.78,-26.86,11.175,0.0,0.0025,0.0953,1.26,276.12,0,0.0,0.0037,0.0,100.0,25.27,0.0,0.0145,0.0122,0.95,275.81,0,0.0037,0.0008,24.47,44.35,19.087,0.0,0.003,0.4132,0.46,275.31,0,0.0,0.0003,63.75,-44.98,9.161,0.0,0.001,1.0612,0.71,275.56,0,0.0037,0.0,43.97,14.159,0.0,0.0,0.0,0.21,275.06,0,0.0,0.0,83.33,4.213,0.0,0.0,0.0,0.068,6,6,0.0,4.7
CON8-1,Det,50,9,740.93,389.09,273.48,662.57,0,0.0,0.4473,633.649,628.411,0.7325,0.0,225.11,614.2,6,0.2822,0.22,17.69,50.73,511.453,484.398,0.682,0.2505,232.32,621.41,7,0.3771,0.1773,15.05,58.07,480.712,456.278,0.6535,0.0218,225.35,614.45,6,0.2934,0.2144,17.6,50.98,508.1,481.642,0.6795,0.2442,241.77,630.86,5,0.2834,0.2481,11.6,67.7,536.114,512.799,0.6865,0.0256,241.87,630.97,5,0.2196,0.2776,11.56,67.81,597.862,575.384,0.6915,0.0253,237.58,626.68,5,0.2159,0.2746,13.13,63.44,567.184,535.352,0.692,0.0252,228.46,617.55,6,0.3404,0.1921,16.46,54.14,492.605,469.682,0.668,0.0235,258.75,647.84,3,0.1047,0.3947,5.39,84.99,643.711,636.328,0.72,0.0342,225.12,614.21,6,0.2866,0.2183,17.68,50.74,514.131,483.15,0.6825,0.5762,225.26,614.35,6,0.2914,0.2154,17.63,50.88,508.055,481.187,0.681,0.2012,217.65,606.74,5,0.2429,0.2086,20.42,43.13,506.374,476.5,0.6725,1.6932,216.92,606.01,5,0.2392,0.2111,20.68,42.39,508.246,479.925,0.6755,0.0204,224.92,614.02,6,0.2907,0.2157,17.75,50.54,511.756,483.085,0.6815,0.0263,219.16,608.25,5,0.2272,0.2234,19.86,44.67,519.864,486.335,0.6825,0.0807,215.66,604.75,5,0.2401,0.21,21.14,41.11,509.452,479.925,0.673,0.0701,225.65,614.74,6,0.2968,0.2133,17.49,51.28,510.193,484.404,0.677,0.0113,223.74,612.83,6,0.3088,0.204,18.19,49.33,503.519,479.479,0.6715,0.3202,215.18,604.27,5,0.2377,0.2049,21.32,40.61,507.559,480.394,0.665,0.5406,175.3,564.4,7,0.3336,0.1137,35.9,458.99,427.345,0.5325,0.0,158.96,548.05,0,0.0,0.0,41.87,451.679,422.941,0.0,0.0,0.09,5,9,0.0,4.0
CON8-1,SAA,50,14,963.63,586.36,27.7,614.07,0,0.0,0.0344,385.409,180.827,0.145,0.0,24.02,610.38,2,0.0235,0.0163,13.3,68.88,310.565,168.458,0.1105,0.1936,26.56,612.93,3,0.0335,0.013,4.11,90.38,314.957,185.139,0.096,0.0182,24.02,610.38,2,0.0235,0.0163,13.3,68.88,310.565,168.458,0.1105,0.1916,25.45,611.81,2,0.0158,0.0224,8.14,80.95,339.224,176.84,0.1255,0.0236,25.69,612.05,2,0.0157,0.0229,7.27,82.98,342.869,172.81,0.119,0.0226,25.79,612.15,2,0.0155,0.0231,6.92,83.81,339.73,173.916,0.1225,0.0235,25.76,612.12,3,0.0299,0.0143,7.01,83.6,315.74,181.552,0.101,0.0199,16.72,603.08,5,0.0627,0.0112,39.65,7.22,205.538,97.084,0.084,0.0229,24.04,610.4,2,0.0238,0.0163,13.22,69.06,312.458,167.014,0.107,0.3191,23.93,610.29,2,0.0227,0.0168,13.63,68.1,311.082,169.256,0.111,0.1472,16.25,602.61,1,0.0046,0.0104,41.35,3.24,207.224,102.066,0.0825,1.2535,15.9,602.26,0,0.0,0.0082,42.6,0.32,186.764,91.911,0.0645,0.0161,23.89,610.25,2,0.023,0.0166,13.77,67.77,311.09,166.035,0.1085,0.0225,14.07,600.44,0,0.0,0.0079,49.2,-15.13,181.563,86.106,0.0635,0.0612,13.59,599.95,0,0.0004,0.0079,50.94,-19.2,174.961,83.94,0.0645,0.047,25.37,611.74,2,0.0235,0.0184,8.41,80.33,320.651,179.506,0.113,0.0099,23.92,610.28,2,0.0201,0.0182,13.66,68.03,313.847,159.586,0.116,0.3083,13.64,600.0,0,0.0,0.0086,50.78,-18.82,176.57,87.266,0.0695,0.459,15.86,602.23,3,0.0341,0.0003,42.74,220.146,103.48,0.0045,0.0,5.4,591.76,0,0.0,0.0,80.51,80.63,35.097,0.0,0.0,0.071,14,14,0.0,3.0
CON8-1,WDRO,50,17,1152.62,710.26,4.6,714.86,0,0.0,0.0046,92.054,0.0,0.0335,0.0,4.5,714.76,0,0.0017,0.0035,2.28,94.51,89.952,0.0,0.0305,0.1836,4.66,714.92,0,0.0021,0.0034,-1.15,102.77,93.114,0.0,0.03,0.0171,4.54,714.8,0,0.0016,0.0036,1.29,96.9,90.868,0.0,0.0305,0.1764,4.43,714.69,0,0.0009,0.0039,3.84,90.75,88.518,0.0,0.032,0.026,4.42,714.69,0,0.0005,0.0042,3.87,90.69,88.491,0.0,0.033,0.0245,4.42,714.69,0,0.0005,0.0042,3.87,90.69,88.491,0.0,0.033,0.0256,4.65,714.91,0,0.002,0.0035,-1.03,102.48,93.002,0.0,0.03,0.0185,3.51,713.77,1,0.0064,0.0025,23.81,42.69,67.899,9.495,0.0245,0.0219,4.41,714.67,0,0.0016,0.0035,4.15,90.01,88.232,0.0,0.0305,0.289,4.49,714.75,0,0.0015,0.0036,2.42,94.18,89.827,0.0,0.0305,0.1374,3.67,713.94,0,0.0006,0.0026,20.19,51.42,72.935,6.209,0.0255,1.1692,4.42,714.68,0,0.0,0.0034,3.99,90.4,78.048,9.495,0.0245,0.0157,4.45,714.71,0,0.0014,0.0036,3.38,91.87,88.942,0.0,0.031,0.0205,3.31,713.57,0,0.0001,0.0023,28.12,32.33,64.669,9.495,0.025,0.0561,3.29,713.55,0,0.0001,0.0022,28.47,31.49,63.494,9.495,0.024,0.0427,4.6,714.86,0,0.0,0.0046,0.0,100.0,92.054,0.0,0.0335,0.0097,4.35,714.62,0,0.0014,0.0036,5.41,86.98,87.073,0.0,0.0295,0.2951,3.0,713.26,0,0.0,0.0018,34.8,16.26,55.694,9.495,0.0215,0.4046,2.69,712.95,0,0.0046,0.0,41.55,53.801,0.0,0.0005,0.0,0.84,711.1,0,0.0,0.0,81.8,16.758,0.0,0.0,0.0,0.073,16,17,0.0,2.8
CON8-1,Gounaris,50,14,933.36,583.34,30.17,613.51,0,0.0,0.0375,390.516,218.718,0.164,0.0,25.04,608.37,2,0.0253,0.0166,17.02,59.76,305.38,176.398,0.1255,0.2086,26.24,609.58,3,0.0321,0.0139,13.03,69.21,300.402,185.793,0.114,0.0191,25.04,608.37,2,0.0253,0.0166,17.02,59.76,305.38,176.398,0.1255,0.2018,26.41,609.75,2,0.0191,0.0217,12.46,70.54,331.23,178.066,0.1305,0.026,25.87,609.21,2,0.0192,0.0213,14.25,66.31,325.614,188.312,0.133,0.0251,25.26,608.59,2,0.0216,0.0191,16.29,61.5,312.125,174.744,0.126,0.026,25.78,609.11,3,0.0309,0.0141,14.57,65.56,299.68,185.793,0.115,0.0224,16.8,600.14,5,0.06,0.0112,44.3,-4.73,209.853,106.323,0.0815,0.0257,24.94,608.27,3,0.0264,0.016,17.36,58.97,301.464,180.821,0.1225,0.3394,25.11,608.45,2,0.0252,0.0167,16.78,60.33,306.365,178.109,0.1255,0.1655,15.78,599.12,0,0.0039,0.0102,47.69,-12.74,206.466,105.984,0.082,1.3739,15.18,598.51,0,0.0,0.0081,49.7,-17.48,183.069,86.304,0.063,0.0175,25.03,608.37,2,0.0257,0.0165,17.04,59.71,302.657,180.821,0.125,0.0233,13.83,597.16,0,0.0,0.0074,54.17,-28.05,170.11,84.385,0.068,0.0651,13.58,596.92,0,0.0007,0.0074,54.98,-29.96,166.204,88.05,0.07,0.0536,25.11,608.44,3,0.0264,0.0163,16.79,60.31,304.721,168.358,0.1195,0.0111,24.5,607.84,2,0.025,0.0163,18.79,55.58,299.587,172.144,0.127,0.3312,13.2,596.54,0,0.0004,0.0072,56.25,-32.98,167.427,79.149,0.064,0.4933,17.41,600.74,4,0.0364,0.0011,42.3,225.668,125.314,0.0135,0.0,6.21,589.54,0,0.0,0.0,79.42,90.431,39.9,0.0,0.0,0.083,14,14,0.0,3.3
CON8-1,Cui,50,14,930.74,583.07,26.85,609.93,0,0.0,0.0328,384.116,178.216,0.138,0.0,24.57,607.64,1,0.0162,0.0208,8.51,79.14,326.375,165.918,0.123,0.2204,25.31,608.38,2,0.0241,0.0169,5.75,85.89,320.736,176.336,0.1125,0.0203,24.57,607.64,1,0.0162,0.0208,8.51,79.14,326.375,165.918,0.123,0.2127,25.01,608.08,1,0.0107,0.0245,6.87,83.15,344.359,171.646,0.1285,0.0275,25.31,608.39,1,0.0077,0.0267,5.73,85.94,355.701,174.575,0.1295,0.0282,25.55,608.62,1,0.0059,0.0279,4.85,88.1,359.251,175.792,0.132,0.0273,25.17,608.24,2,0.0209,0.0186,6.29,84.58,323.601,172.927,0.1175,0.023,18.01,601.09,5,0.0481,0.0139,32.93,19.26,238.202,124.023,0.0905,0.0296,24.11,607.18,1,0.0156,0.0207,10.23,74.91,326.238,166.012,0.1205,0.357,24.33,607.41,1,0.0155,0.021,9.38,77.0,325.902,165.918,0.123,0.1668,17.53,600.6,0,0.0033,0.0119,34.72,14.86,226.881,114.708,0.086,1.4515,18.14,601.22,0,0.0,0.0108,32.43,20.47,212.495,114.833,0.0815,0.0182,24.1,607.17,1,0.0161,0.0204,10.26,74.83,324.793,160.834,0.12,0.024,16.71,599.79,0,0.0,0.0111,37.77,7.39,216.319,106.718,0.0815,0.0681,16.09,599.16,0,0.0014,0.0107,40.1,1.68,208.167,104.675,0.0805,0.0536,25.36,608.43,2,0.0163,0.022,5.56,86.36,337.592,176.349,0.123,0.0109,23.64,606.72,2,0.0174,0.0192,11.96,70.68,318.576,161.804,0.1175,0.3497,15.47,598.54,0,0.0004,0.0108,42.39,-3.94,202.588,99.241,0.08,0.5112,15.9,598.98,3,0.0306,0.0022,40.78,227.24,99.857,0.029,0.0,7.2,590.27,0,0.0,0.0,73.2,109.97,53.047,0.0,0.0,0.09,14,14,0.0,3.4
CON8-1,MDRO,50,17,1154.56,710.46,4.99,715.45,0,0.0,0.005,99.845,0.0,0.038,0.0,5.14,715.6,0,0.0036,0.003,-3.04,107.15,102.883,1.466,0.0285,0.2073,5.21,715.66,0,0.0037,0.003,-4.29,110.09,102.956,29.336,0.029,0.02,5.14,715.6,0,0.0036,0.003,-3.04,107.15,102.883,1.466,0.0285,0.2012,4.71,715.17,0,0.002,0.0036,5.56,86.94,94.296,0.0,0.031,0.0321,4.85,715.3,0,0.0019,0.0037,2.88,93.24,96.973,0.0,0.032,0.0286,4.95,715.41,0,0.0022,0.0036,0.81,98.1,99.037,0.0,0.032,0.0298,5.18,715.63,0,0.0036,0.0031,-3.72,108.74,102.972,29.326,0.0295,0.0215,3.42,713.88,1,0.0058,0.0025,31.4,26.19,66.915,6.675,0.0235,0.0256,5.09,715.55,0,0.0036,0.003,-1.96,104.61,101.805,0.0,0.028,0.3264,5.04,715.49,0,0.0034,0.003,-0.89,102.08,100.729,0.0,0.0285,0.1595,3.79,714.25,0,0.001,0.0024,24.08,43.41,73.288,6.675,0.0225,1.3087,5.13,715.59,0,0.0,0.0036,-2.81,106.6,86.7,13.067,0.0275,0.0177,4.96,715.42,0,0.0032,0.0031,0.64,98.49,99.203,0.0,0.03,0.0231,3.02,713.48,0,0.0,0.0018,39.44,7.3,57.245,7.465,0.019,0.0684,3.0,713.45,0,0.0,0.0018,39.99,6.0,56.834,6.682,0.019,0.0489,4.99,715.45,0,0.0,0.005,0.0,100.0,99.845,0.0,0.038,0.0118,4.66,715.12,0,0.0019,0.0035,6.65,84.37,93.207,0.0,0.0315,0.3287,3.03,713.49,0,0.0,0.0016,39.24,7.76,56.187,8.017,0.02,0.4532,2.87,713.32,0,0.005,0.0,42.55,57.364,0.0,0.0,0.0,0.86,711.32,0,0.0,0.0,82.72,17.258,0.0,0.0,0.0,0.085,17,17,0.0,3.2
CON8-0,Det,50,9,871.84,402.18,281.29,683.47,0,0.0,0.4545,657.17,645.856,0.733,0.0,226.06,628.24,7,0.3191,0.1874,19.63,45.53,509.651,483.175,0.676,0.2888,235.34,637.52,7,0.4031,0.1522,16.34,54.68,495.757,474.691,0.648,0.0216,226.06,628.24,7,0.3227,0.1855,19.63,45.53,508.626,482.956,0.675,0.259,249.55,651.73,6,0.2779,0.2487,11.28,68.7,563.411,533.75,0.6995,0.0251,243.12,645.31,6,0.2768,0.2401,13.57,62.36,589.257,554.972,0.671,0.0236,245.75,647.93,4,0.1882,0.2909,12.63,64.95,573.405,550.3,0.705,0.0244,229.02,631.2,7,0.3666,0.1639,18.58,48.45,501.5,479.745,0.6595,0.0228,269.99,672.18,2,0.0844,0.4135,4.01,88.86,664.185,654.712,0.7175,0.0346,223.84,626.03,7,0.3208,0.185,20.42,43.35,508.963,481.76,0.672,0.6177,225.86,628.04,7,0.3189,0.1878,19.7,45.34,509.628,483.175,0.6755,0.2115,223.52,625.71,6,0.2818,0.1889,20.53,43.03,514.642,484.294,0.6735,1.7564,221.05,623.24,6,0.2834,0.1842,21.41,40.59,517.131,485.613,0.6585,0.0244,224.16,626.34,7,0.3247,0.1832,20.31,43.66,508.298,481.209,0.6725,0.0288,218.16,620.34,6,0.2895,0.1817,22.44,37.74,512.106,482.431,0.666,0.0966,217.19,619.37,6,0.2837,0.1804,22.79,36.78,511.857,482.431,0.664,0.0936,226.0,628.18,7,0.3251,0.1847,19.66,45.47,511.947,482.677,0.675,0.0113,223.78,625.97,7,0.3283,0.1807,20.44,43.29,508.841,480.374,0.666,0.3296,216.88,619.06,6,0.275,0.1801,22.9,36.48,514.43,482.85,0.659,0.5837,179.89,582.08,8,0.3568,0.0977,36.05,472.859,440.838,0.5295,0.0,161.7,563.88,0,0.0,0.0,42.51,471.52,438.569,0.0,0.0,0.116,6,9,0.0,4.3
CON8-0,SAA,50,15,1164.19,641.42,18.55,659.97,0,0.0,0.0213,263.833,124.329,0.119,0.0,16.75,658.17,1,0.0101,0.0133,9.69,77.25,225.576,124.277,0.109,0.2081,17.19,658.61,1,0.0145,0.0111,7.32,82.82,223.454,127.047,0.101,0.0218,16.75,658.17,1,0.0101,0.0133,9.69,77.25,225.576,124.277,0.109,0.2056,17.23,658.65,1,0.0071,0.0156,7.11,83.3,235.454,124.287,0.1115,0.0263,16.82,658.24,1,0.0105,0.0133,9.31,78.14,224.255,124.329,0.1055,0.0251,17.25,658.67,1,0.0093,0.0144,6.99,83.58,230.376,127.989,0.1085,0.026,17.11,658.53,1,0.0123,0.0123,7.73,81.84,227.405,125.732,0.105,0.0218,11.91,653.33,3,0.0327,0.0084,35.78,15.97,153.078,82.587,0.0815,0.0248,16.73,658.15,1,0.01,0.0134,9.8,76.98,224.814,124.329,0.1095,0.3399,16.85,658.27,1,0.0097,0.0136,9.18,78.45,226.967,124.28,0.1095,0.1603,12.56,653.98,0,0.0033,0.0075,32.28,24.2,155.947,88.169,0.0775,1.3339,13.55,654.97,0,0.0,0.0092,26.97,36.67,172.485,88.522,0.078,0.0175,16.83,658.24,1,0.0111,0.0128,9.29,78.19,224.524,124.329,0.106,0.0234,11.42,652.84,0,0.0009,0.0068,38.45,9.71,145.086,80.042,0.072,0.064,11.26,652.68,0,0.0007,0.0068,39.27,7.77,141.024,81.323,0.074,0.0472,17.82,659.24,1,0.0079,0.0159,3.91,90.82,239.95,137.08,0.1095,0.0103,16.48,657.9,1,0.0113,0.0124,11.16,73.79,218.95,122.394,0.104,0.3232,10.7,652.12,0,0.0002,0.0066,42.31,0.64,137.255,80.753,0.0715,0.4448,10.65,652.07,2,0.0213,0.0,42.58,151.186,71.394,0.0,0.0,4.29,645.71,0,0.0,0.0,76.87,66.055,33.778,0.0,0.0,0.08,14,15,0.0,3.2
CON8-0,WDRO,50,17,1251.03,720.1,4.39,724.49,0,0.0,0.0044,87.833,0.0,0.038,0.0,4.2,724.3,0,0.003,0.0024,4.35,89.49,84.017,0.0,0.0255,0.2146,4.3,724.4,0,0.0029,0.0026,2.1,94.93,85.99,0.0,0.027,0.0206,4.14,724.24,0,0.0029,0.0024,5.7,86.23,82.829,0.0,0.0255,0.2175,4.16,724.26,0,0.0018,0.0031,5.25,87.31,83.222,0.0,0.031,0.0314,4.07,724.17,0,0.0012,0.0033,7.41,82.08,81.324,0.0,0.032,0.0295,4.07,724.17,0,0.0011,0.0034,7.4,82.1,81.33,0.0,0.033,0.0315,4.16,724.26,0,0.0026,0.0026,5.35,87.07,83.137,0.0,0.027,0.0221,3.15,723.25,0,0.0049,0.0023,28.29,31.6,61.608,7.181,0.025,0.0319,4.12,724.22,0,0.0029,0.0024,6.2,85.02,82.39,0.0,0.025,0.3431,4.12,724.23,0,0.0028,0.0025,6.12,85.21,82.459,0.0,0.026,0.1899,2.96,723.07,0,0.0003,0.0021,32.5,21.43,57.595,7.181,0.023,1.4975,4.64,724.74,0,0.0,0.004,-5.56,113.44,87.093,8.832,0.038,0.0185,4.12,724.23,0,0.0025,0.0026,6.1,85.26,82.479,0.0,0.027,0.0238,3.03,723.14,0,0.0,0.0019,30.9,25.3,57.122,8.832,0.0225,0.0688,3.03,723.13,0,0.0,0.0019,31.02,25.01,57.016,8.832,0.0225,0.0551,4.39,724.49,0,0.0,0.0044,0.0,100.0,87.833,0.0,0.038,0.0118,4.0,724.1,0,0.0018,0.0029,8.88,78.53,80.033,0.0,0.0305,0.3454,2.8,722.9,0,0.0,0.0017,36.22,12.43,53.631,7.181,0.0215,0.4905,2.58,722.68,0,0.0043,0.0,41.36,51.504,0.0,0.0005,0.0,0.96,721.06,0,0.0,0.0,78.13,19.205,0.0,0.0,0.0,2.289,17,17,0.0,3.5
CON8-0,Gounaris,50,14,1143.4,604.34,31.05,635.39,0,0.0,0.0384,381.859,232.95,0.162,0.0,27.0,631.34,2,0.0195,0.0216,13.06,67.56,317.383,191.642,0.1415,0.2523,28.65,632.99,3,0.031,0.0162,7.73,80.79,311.337,205.611,0.1285,0.0215,27.0,631.34,2,0.0195,0.0216,13.06,67.56,317.383,191.642,0.1415,0.2332,28.32,632.66,1,0.0134,0.0268,8.8,78.14,339.995,213.881,0.149,0.0276,27.04,631.38,2,0.0195,0.0219,12.92,67.9,316.78,192.074,0.136,0.0263,27.43,631.77,2,0.0172,0.0236,11.65,71.07,325.902,193.325,0.1425,0.0277,27.48,631.82,3,0.0255,0.0184,11.5,71.42,309.398,195.571,0.1335,0.0222,19.3,623.64,4,0.0401,0.0171,37.85,5.96,239.721,138.466,0.117,0.0261,26.7,631.04,2,0.0208,0.0206,14.01,65.19,312.394,190.591,0.137,0.4018,26.96,631.3,2,0.0197,0.0214,13.16,67.3,316.548,191.642,0.1405,0.1941,19.44,623.78,0,0.004,0.0159,37.39,7.12,236.653,136.485,0.1175,1.4871,18.98,623.32,0,0.0,0.0133,38.86,3.46,219.407,115.211,0.0965,0.0181,26.87,631.21,2,0.022,0.0201,13.45,66.58,312.1,191.642,0.136,0.0264,16.84,621.18,0,0.0017,0.0119,45.78,-13.72,197.391,105.985,0.1,0.0795,16.62,620.96,0,0.0016,0.0119,46.46,-15.43,197.394,105.985,0.101,0.0659,27.86,632.2,2,0.023,0.0206,10.29,74.43,318.654,198.368,0.1345,0.0119,26.52,630.86,2,0.022,0.0197,14.59,63.74,308.935,193.683,0.135,0.3536,15.89,620.23,0,0.0011,0.0104,48.84,-21.33,187.984,101.938,0.0915,0.5108,18.55,622.89,4,0.0375,0.0009,40.25,227.979,137.493,0.012,0.0,7.45,611.79,0,0.0,0.0,76.0,99.059,53.92,0.0,0.0,0.1,13,14,0.0,3.6
CON8-0,Cui,50,14,1095.97,599.6,33.16,632.76,0,0.0,0.0401,402.791,245.935,0.1685,0.0,30.03,629.62,2,0.0224,0.0231,9.45,77.8,337.919,224.37,0.153,0.2402,30.43,630.02,3,0.0314,0.0183,8.25,80.62,324.998,224.4,0.1405,0.0219,30.02,629.61,2,0.0226,0.023,9.48,77.73,337.919,224.37,0.153,0.232,30.34,629.94,2,0.014,0.0285,8.51,80.01,357.345,229.084,0.157,0.0346,29.92,629.52,2,0.0145,0.0279,9.77,77.05,350.002,229.077,0.156,0.0288,30.09,629.69,1,0.0129,0.0289,9.26,78.25,353.92,227.129,0.1575,0.0273,30.17,629.77,2,0.0245,0.0221,9.01,78.84,334.325,224.332,0.1505,0.0221,21.15,620.75,5,0.0557,0.0155,36.21,14.92,231.058,147.19,0.118,0.0253,29.96,629.56,2,0.0235,0.0225,9.65,77.33,337.4,224.351,0.152,0.3839,29.78,629.38,2,0.0225,0.0229,10.2,76.04,336.255,222.367,0.151,0.1784,20.99,620.59,1,0.0064,0.0134,36.69,13.8,224.131,147.739,0.116,1.5268,20.03,619.63,0,0.0,0.0106,39.6,6.96,207.073,128.488,0.0905,0.0187,29.83,629.43,2,0.0228,0.0227,10.04,76.41,336.377,224.103,0.1525,0.0252,18.9,618.5,0,0.0,0.011,42.99,-1.01,202.48,121.212,0.097,0.0721,18.59,618.19,0,0.0014,0.0112,43.94,-3.23,198.729,127.127,0.103,0.0553,30.26,629.86,2,0.019,0.0257,8.74,79.45,347.304,220.4,0.1465,0.0117,28.51,628.1,3,0.0253,0.02,14.04,67.02,316.851,202.305,0.1445,0.3761,18.04,617.63,0,0.0012,0.0107,45.61,-7.16,195.578,120.867,0.099,0.5184,19.05,618.64,4,0.0396,0.0005,42.56,231.868,138.45,0.006,0.0,7.3,606.89,0,0.0,0.0,78.0,98.136,53.606,0.0,0.0,0.093,14,14,0.0,3.6
CON8-0,MDRO,50,17,1235.84,718.58,4.77,723.35,0,0.0,0.0049,95.332,0.0,0.037,0.0,4.58,723.17,0,0.0024,0.0033,3.82,90.93,91.691,0.0,0.03,0.2002,4.7,723.29,0,0.0025,0.0034,1.31,96.89,94.084,0.0,0.03,0.0177,4.6,723.18,0,0.0023,0.0034,3.48,91.74,92.013,0.0,0.03,0.2128,4.66,723.24,0,0.0009,0.0042,2.21,94.75,93.224,0.0,0.033,0.0313,4.61,723.2,0,0.0009,0.0042,3.18,92.45,92.297,0.0,0.0325,0.0283,4.62,723.2,0,0.0009,0.0042,3.16,92.49,92.315,0.0,0.033,0.0395,4.6,723.18,0,0.0022,0.0034,3.51,91.67,91.985,0.0,0.03,0.0219,3.81,722.39,0,0.0044,0.0031,20.16,52.17,75.387,7.086,0.028,0.0234,4.66,723.24,0,0.0022,0.0035,2.34,94.45,93.104,0.0,0.0305,0.3423,4.7,723.28,0,0.0021,0.0036,1.42,96.62,93.976,0.0,0.031,0.1552,3.74,722.32,0,0.0003,0.0029,21.59,48.77,73.337,7.094,0.0265,1.3838,5.45,724.04,0,0.0,0.0043,-14.42,134.23,95.705,8.832,0.035,0.0199,4.65,723.23,0,0.002,0.0036,2.54,93.97,92.911,0.0,0.031,0.0229,3.48,722.07,0,0.0,0.0021,26.94,36.07,63.499,8.962,0.021,0.0616,3.49,722.07,0,0.0,0.0022,26.81,36.37,64.199,8.832,0.022,0.0447,4.77,723.35,0,0.0,0.0049,0.0,100.0,95.332,0.0,0.037,0.0117,4.47,723.05,0,0.002,0.0034,6.28,85.1,89.346,0.0,0.03,0.342,3.24,721.83,0,0.0,0.002,31.97,24.13,60.635,7.869,0.021,0.4167,2.76,721.34,0,0.0049,0.0,42.14,55.16,0.0,0.0,0.0,1.01,719.59,0,0.0,0.0,78.9,20.112,0.0,0.0,0.0,1.906,17,17,0.0,3.2
CON3-9,Det,50,4,590.64,199.06,63.62,262.68,0,0.0,0.1965,293.252,271.951,0.378,0.0,42.77,241.83,3,0.1875,0.0305,32.77,35.88,179.917,160.041,0.1135,0.2578,49.91,248.97,3,0.2609,0.0071,21.54,57.85,156.64,136.765,0.0285,0.0251,42.07,241.13,3,0.1835,0.0314,33.87,33.73,179.053,150.476,0.117,0.2672,53.93,252.99,3,0.1996,0.0596,15.23,70.2,227.813,198.969,0.2005,0.0188,44.68,243.74,3,0.1821,0.0441,29.77,41.75,216.407,170.191,0.138,0.0203,53.09,252.15,2,0.0959,0.1069,16.55,67.61,257.142,235.059,0.276,0.0207,46.11,245.17,3,0.2399,0.0103,27.52,46.16,155.594,136.765,0.0405,0.029,51.25,250.31,2,0.1635,0.1082,19.44,61.97,279.591,231.423,0.267,0.0327,39.73,238.79,3,0.1901,0.0249,37.55,26.53,172.249,135.425,0.094,0.9424,41.35,240.41,3,0.1859,0.0286,35.0,31.52,170.317,135.775,0.1095,0.2306,40.32,239.38,2,0.124,0.0384,36.62,28.35,183.795,152.511,0.1435,2.1346,35.74,234.8,2,0.0803,0.0241,43.82,14.27,188.247,142.335,0.085,0.0295,39.65,238.72,3,0.1903,0.025,37.66,26.31,169.339,135.425,0.095,0.0301,38.36,237.42,2,0.1531,0.0291,39.7,22.32,176.457,138.165,0.11,0.1041,33.23,232.29,2,0.0864,0.023,47.76,6.55,167.162,135.425,0.0845,0.1071,40.26,239.32,3,0.1944,0.0236,36.72,28.16,169.256,135.775,0.089,0.0162,39.77,238.84,3,0.1866,0.0275,37.48,26.67,178.828,146.719,0.1035,0.4499,33.02,232.08,2,0.0654,0.024,48.1,5.9,171.105,139.497,0.089,1.1363,31.1,230.16,3,0.1965,0.0,51.11,136.846,127.171,0.0,0.0,20.85,219.91,0,0.0,0.0,67.23,120.556,105.067,0.0,0.0,0.07,2,4,0.0,5.6
CON3-9,SAA,50,5,653.43,240.34,9.03,249.37,0,0.0,0.0325,147.394,57.869,0.081,0.0,6.92,247.26,1,0.0332,0.0044,23.4,47.37,105.119,59.819,0.02,0.2215,10.37,250.71,2,0.0543,0.0014,-14.8,133.28,118.194,74.426,0.007,0.0207,6.92,247.26,1,0.0332,0.0044,23.4,47.37,105.119,59.819,0.02,0.2205,6.93,247.27,1,0.0248,0.0108,23.25,47.72,110.07,59.336,0.038,0.017,6.68,247.03,1,0.0262,0.0093,25.97,41.61,106.074,59.028,0.0325,0.0192,6.99,247.34,1,0.0192,0.0141,22.54,49.3,115.67,54.577,0.048,0.0188,7.87,248.21,2,0.0419,0.0016,12.86,71.09,107.126,67.065,0.008,0.0229,3.29,243.63,2,0.0583,0.0017,63.54,-42.89,45.676,21.089,0.008,0.0197,6.2,246.55,1,0.03,0.0052,31.29,29.65,99.439,57.925,0.0235,0.5898,6.39,246.73,1,0.0293,0.0059,29.23,34.26,101.269,52.183,0.0255,0.1763,3.43,243.77,0,0.0,0.0012,62.03,-39.48,45.084,23.832,0.0055,1.5261,4.48,244.82,0,0.0,0.0037,50.38,-13.3,56.246,29.002,0.013,0.0242,6.12,246.46,1,0.0303,0.0047,32.27,27.43,97.699,52.303,0.0205,0.0249,2.46,242.8,0,0.0,0.0025,72.74,-63.58,40.005,16.443,0.012,0.0822,2.47,242.81,0,0.0002,0.0025,72.64,-63.35,40.185,16.443,0.012,0.0787,6.84,247.19,1,0.0293,0.0078,24.22,45.53,106.895,61.318,0.027,0.0111,5.91,246.25,1,0.0304,0.0039,34.56,22.28,95.05,54.577,0.0185,0.389,2.35,242.69,0,0.0,0.0012,74.03,-66.47,37.6,16.443,0.006,0.9184,5.01,245.36,1,0.0325,0.0,44.47,81.689,31.491,0.0,0.0,1.45,241.79,0,0.0,0.0,83.94,24.485,10.53,0.0,0.0,0.062,5,5,0.0,4.2
CON3-9,WDRO,50,6,669.82,276.98,1.37,278.36,0,0.0,0.0041,27.5,0.0,0.0155,0.0,1.33,278.31,0,0.0048,0.0008,3.53,91.76,26.53,0.0,0.0045,0.221,1.57,278.55,0,0.0062,0.0007,-14.12,132.98,31.382,0.0,0.004,0.0216,1.33,278.31,0,0.0048,0.0008,3.53,91.76,26.53,0.0,0.0045,0.2172,1.21,278.19,0,0.0041,0.0012,12.01,71.94,24.196,0.0,0.0055,0.0212,1.2,278.18,0,0.0021,0.0023,13.05,69.52,23.911,0.0,0.011,0.0227,1.16,278.15,0,0.0023,0.0021,15.41,64.01,23.262,0.0,0.0095,0.0274,1.41,278.39,0,0.0055,0.0007,-2.27,105.31,28.125,0.0,0.004,0.0272,0.6,277.59,0,0.0058,0.0008,56.13,-31.11,12.065,0.0,0.003,0.0225,1.09,278.08,0,0.0047,0.0005,20.48,52.16,21.868,0.0,0.0025,0.4494,1.3,278.28,0,0.0042,0.0013,5.45,87.27,26.001,0.0,0.0065,0.201,0.65,277.63,0,0.0005,0.0005,52.62,-22.92,13.029,0.0,0.0025,1.5463,1.66,278.64,0,0.0,0.0032,-20.67,148.28,30.039,9.248,0.013,0.0241,1.07,278.05,0,0.0037,0.001,22.54,47.34,21.3,0.0,0.0055,0.0259,0.51,277.49,0,0.0,0.0007,63.04,-47.27,10.163,0.0,0.0035,0.0837,0.5,277.49,0,0.0,0.0007,63.34,-47.95,10.083,0.0,0.0035,0.0795,1.37,278.36,0,0.0,0.0041,0.0,100.0,27.5,0.0,0.0155,0.0115,1.14,278.12,0,0.004,0.001,17.41,59.33,22.712,0.0,0.005,0.4193,0.55,277.53,0,0.0,0.0003,60.32,-40.91,10.911,0.0,0.002,0.8885,0.79,277.77,0,0.0041,0.0,42.81,15.727,0.0,0.0,0.0,0.22,277.2,0,0.0,0.0,84.09,4.375,0.0,0.0,0.0,0.066,6,6,0.0,4.1
CON3-9,Gounaris,50,5,647.5,239.75,10.42,250.17,0,0.0,0.0372,160.493,105.659,0.091,0.0,7.71,247.46,2,0.0375,0.0045,26.0,41.67,109.243,69.609,0.022,0.2326,11.19,250.94,2,0.0582,0.0013,-7.39,116.58,120.995,82.811,0.0065,0.0213,7.71,247.46,2,0.0375,0.0045,26.0,41.67,109.243,69.609,0.022,0.2244,8.53,248.28,1,0.0314,0.0126,18.14,59.3,121.406,66.109,0.0455,0.0174,7.6,247.35,2,0.0327,0.0086,27.02,39.39,112.229,60.926,0.0295,0.019,7.23,246.98,1,0.0307,0.0083,30.57,31.43,108.476,61.968,0.0345,0.019,9.38,249.13,2,0.0497,0.0018,10.01,77.54,110.953,73.298,0.009,0.0259,3.82,243.57,2,0.0566,0.0038,63.3,-41.99,54.159,24.088,0.0155,0.0213,7.13,246.88,2,0.0341,0.0063,31.59,29.15,104.278,60.926,0.026,0.535,7.41,247.16,2,0.0338,0.0068,28.89,35.19,107.802,63.46,0.0305,0.179,3.79,243.54,0,0.0,0.0023,63.58,-42.63,48.983,24.286,0.0105,1.7212,4.77,244.52,0,0.0,0.0026,54.22,-21.63,57.291,34.479,0.008,0.0272,7.11,246.86,2,0.0345,0.006,31.75,28.77,103.52,60.926,0.025,0.0247,2.83,242.58,0,0.0,0.0029,72.79,-63.29,44.442,16.738,0.012,0.0862,2.83,242.58,0,0.0003,0.0028,72.86,-63.45,44.297,16.738,0.012,0.0851,7.56,247.31,1,0.031,0.0089,27.47,38.37,111.571,67.936,0.036,0.0117,6.95,246.7,2,0.0369,0.0039,33.3,25.3,101.965,61.469,0.0185,0.403,2.72,242.47,0,0.0,0.0015,73.85,-65.66,41.926,18.859,0.007,1.0288,5.77,245.52,2,0.0372,0.0,44.58,88.428,59.901,0.0,0.0,1.71,241.46,0,0.0,0.0,83.58,27.901,13.472,0.0,0.0,0.063,5,5,0.0,4.5
CON3-9,Cui,50,5,632.64,238.26,9.83,248.1,0,0.0,0.0323,175.684,59.031,0.069,0.0,7.85,246.11,1,0.0318,0.0064,20.2,55.91,129.75,60.467,0.0275,0.2117,11.39,249.66,2,0.0545,0.0014,-15.87,134.63,146.012,93.292,0.007,0.0196,7.85,246.11,1,0.0309,0.0069,20.21,55.9,131.239,60.43,0.0285,0.2042,8.5,246.77,1,0.0151,0.0191,13.5,70.53,151.254,59.031,0.0555,0.0164,7.73,245.99,1,0.0212,0.0137,21.41,53.28,135.279,59.031,0.0495,0.0178,8.65,246.91,1,0.0147,0.0197,12.04,73.73,153.579,61.158,0.058,0.0176,9.0,247.26,2,0.0442,0.0021,8.49,81.47,133.079,78.152,0.0105,0.0208,5.39,243.66,2,0.0508,0.0074,45.14,1.48,87.029,31.332,0.0275,0.0186,7.2,245.46,1,0.0318,0.0057,26.78,41.55,122.235,60.435,0.024,0.5964,7.35,245.61,1,0.0259,0.0094,25.29,44.81,127.919,59.031,0.036,0.16,5.61,243.88,0,0.0056,0.0033,42.91,6.36,82.181,39.33,0.015,1.4725,7.42,245.68,0,0.0,0.0026,24.56,46.39,83.952,58.813,0.0105,0.0226,7.28,245.54,1,0.0319,0.0059,26.0,43.27,122.518,60.559,0.0255,0.0238,3.83,242.09,0,0.0,0.0039,61.08,-33.3,66.738,24.449,0.016,0.0794,3.76,242.03,0,0.0003,0.0038,61.73,-34.72,65.922,22.758,0.016,0.0769,7.78,246.05,2,0.0358,0.0051,20.84,54.52,124.267,68.256,0.0215,0.0106,6.93,245.19,1,0.0326,0.0045,29.55,35.51,117.617,60.022,0.0205,0.3655,3.69,241.95,0,0.0,0.0023,62.49,-36.39,62.285,24.434,0.01,0.8916,5.33,243.59,1,0.0323,0.0,45.82,94.821,33.536,0.0,0.0,2.08,240.35,0,0.0,0.0,78.83,38.363,12.248,0.0,0.0,0.064,5,5,0.0,4.0
CON3-9,MDRO,50,6,658.26,275.83,1.72,277.55,0,0.0,0.005,34.469,0.0,0.019,0.0,1.63,277.45,0,0.0057,0.0011,5.66,87.36,32.516,0.0,0.0065,0.2478,2.05,277.87,0,0.0077,0.0008,-18.74,141.83,40.928,0.0,0.005,0.0218,1.63,277.45,0,0.0057,0.0011,5.66,87.36,32.516,0.0,0.0065,0.2315,1.48,277.31,0,0.0024,0.0029,14.15,68.42,29.592,0.0,0.012,0.0172,1.43,277.26,0,0.0028,0.0027,17.1,61.82,28.573,0.0,0.012,0.0188,1.53,277.36,0,0.0013,0.0037,11.28,74.82,30.58,0.0,0.0165,0.0186,1.83,277.66,0,0.0068,0.0009,-6.27,113.99,36.63,0.0,0.0055,0.022,1.18,277.01,0,0.0067,0.0019,31.39,29.94,23.65,0.0,0.008,0.018,1.25,277.08,0,0.0043,0.0013,27.47,38.69,25.001,0.0,0.007,0.4823,1.3,277.12,0,0.0037,0.0017,24.7,44.86,25.954,0.0,0.0095,0.1637,1.06,276.88,0,0.002,0.0014,38.64,13.75,21.149,0.0,0.0075,1.5817,2.68,278.51,0,0.0,0.0008,-55.76,224.45,38.602,24.832,0.0025,0.0218,1.25,277.08,0,0.0037,0.0016,27.43,38.77,25.013,0.0,0.0085,0.0251,0.74,276.56,0,0.0,0.0009,57.35,-28.0,14.702,0.0,0.005,0.095,0.65,276.47,0,0.0,0.0009,62.5,-39.51,12.924,0.0,0.005,0.0916,1.72,277.55,0,0.0,0.005,0.0,100.0,34.469,0.0,0.019,0.0112,1.33,277.16,0,0.0039,0.0017,22.79,49.13,26.613,0.0,0.0085,0.3782,0.63,276.45,0,0.0,0.0002,63.61,-41.98,12.544,0.0,0.001,0.8853,0.95,276.78,0,0.005,0.0,44.8,19.026,0.0,0.0,0.0,0.29,276.12,0,0.0,0.0,83.07,5.837,0.0,0.0,0.0,0.061,6,6,0.0,4.2
CON3-8,Det,50,4,523.05,192.3,101.19,293.49,0,0.0,0.2466,270.083,232.17,0.5425,0.0,63.99,256.29,2,0.2214,0.0526,36.76,26.68,204.811,168.041,0.1875,0.2494,70.22,262.52,2,0.3113,0.0219,30.61,38.95,196.521,161.686,0.078,0.0213,62.67,254.97,2,0.2451,0.0377,38.07,24.08,200.119,163.076,0.1345,0.2265,68.6,260.9,2,0.2849,0.0319,32.21,35.77,205.539,168.041,0.105,0.0553,76.7,269.0,2,0.2095,0.0867,24.2,51.73,253.988,231.75,0.259,0.0266,83.14,275.44,1,0.123,0.1363,17.84,64.42,247.551,224.45,0.465,0.0299,67.74,260.05,2,0.2954,0.0231,33.05,34.08,194.747,161.686,0.083,0.0339,98.13,290.44,1,0.0406,0.2194,3.02,93.98,260.992,250.55,0.5125,0.0241,62.41,254.72,2,0.239,0.04,38.32,23.58,203.633,168.041,0.1405,1.0738,62.94,255.24,2,0.2364,0.0431,37.8,24.61,200.22,163.024,0.1545,0.2477,61.84,254.15,2,0.2289,0.0394,38.89,22.45,189.494,167.096,0.1415,1.674,62.63,254.94,2,0.2233,0.0368,38.1,24.01,187.88,167.833,0.134,0.0362,62.26,254.56,2,0.2429,0.0376,38.47,23.27,203.444,167.438,0.131,0.0254,61.18,253.49,2,0.2305,0.0377,39.54,21.15,195.17,167.096,0.1305,0.104,60.66,252.97,2,0.2156,0.0406,40.05,20.13,196.212,167.406,0.1405,0.1159,63.29,255.6,2,0.2464,0.0386,37.45,25.31,201.976,171.014,0.1385,0.0123,62.03,254.33,2,0.24,0.0387,38.7,22.81,201.343,167.406,0.135,0.5652,60.5,252.8,2,0.211,0.0381,40.21,19.8,192.996,167.106,0.1335,1.0431,50.45,242.76,2,0.2289,0.0177,50.14,189.573,160.569,0.0635,0.0,45.13,237.43,0,0.0,0.0,55.4,179.081,160.569,0.0,0.0,0.065,3,4,0.0,5.4
CON3-8,SAA,50,5,624.76,237.48,9.57,247.04,0,0.0,0.0317,160.047,63.47,0.078,0.0,7.19,244.67,1,0.0289,0.0056,24.8,44.97,118.193,54.917,0.0255,0.2323,9.9,247.37,2,0.0453,0.0017,-3.47,107.71,132.662,84.442,0.0085,0.0218,7.19,244.67,1,0.0289,0.0056,24.8,44.97,118.193,54.917,0.0255,0.2421,8.01,245.48,1,0.0251,0.0124,16.31,63.8,127.818,64.259,0.0435,0.0178,8.12,245.59,1,0.0173,0.0172,15.15,66.39,131.075,63.47,0.059,0.0199,8.11,245.59,1,0.0176,0.0169,15.23,66.21,130.932,63.47,0.059,0.0235,8.3,245.78,1,0.0369,0.0031,13.23,70.64,125.775,70.685,0.0145,0.0254,4.47,241.95,2,0.0381,0.007,53.26,-18.19,75.83,24.568,0.0305,0.0208,6.43,243.91,1,0.0282,0.0057,32.77,27.28,107.284,54.197,0.025,0.5404,6.67,244.15,1,0.0269,0.0064,30.25,32.87,110.49,54.21,0.029,0.2331,4.42,241.9,0,0.002,0.0056,53.8,-19.39,73.347,24.457,0.025,1.5769,5.01,242.49,0,0.0,0.0043,47.6,-5.62,69.722,37.242,0.0145,0.0256,6.47,243.94,1,0.0275,0.0062,32.41,28.07,107.765,54.197,0.027,0.0287,3.29,240.77,0,0.0,0.004,65.6,-45.56,57.542,22.824,0.02,0.0923,3.35,240.82,0,0.0,0.0043,64.99,-44.23,58.749,23.076,0.0205,0.0897,7.76,245.23,1,0.0177,0.0156,18.93,58.0,126.92,54.466,0.0555,0.0124,6.28,243.76,1,0.0304,0.0037,34.34,23.8,103.409,53.581,0.018,0.407,3.13,240.6,0,0.0,0.0022,67.3,-49.34,52.638,22.824,0.0105,0.9692,5.26,242.73,1,0.0317,0.0,45.06,87.321,34.835,0.0,0.0,1.9,239.37,0,0.0,0.0,80.18,32.766,14.817,0.0,0.0,0.065,5,5,0.0,4.4
CON3-8,WDRO,50,6,681.5,278.15,0.87,279.02,0,0.0,0.0025,17.429,0.0,0.0085,0.0,0.9,279.05,0,0.0019,0.0013,-2.86,106.96,17.928,0.0,0.0055,0.2433,1.29,279.44,0,0.0052,0.0003,-47.88,216.51,25.775,0.0,0.0015,0.0258,0.91,279.06,0,0.0018,0.0013,-4.16,110.11,18.154,0.0,0.006,0.2663,0.81,278.96,0,0.001,0.0017,7.5,81.76,16.123,0.0,0.006,0.018,0.81,278.96,0,0.001,0.0017,7.45,81.87,16.131,0.0,0.006,0.0194,0.87,279.02,0,0.0014,0.0016,0.3,99.27,17.377,0.0,0.006,0.0191,0.88,279.03,0,0.0031,0.0005,-0.48,101.18,17.513,0.0,0.003,0.0218,0.52,278.67,0,0.0023,0.0011,40.03,2.59,10.452,0.0,0.0055,0.0196,0.88,279.03,0,0.0024,0.001,-0.5,101.21,17.516,0.0,0.005,0.5351,0.93,279.08,0,0.0024,0.0011,-7.06,117.18,18.66,0.0,0.005,0.1621,0.54,278.69,0,0.0002,0.001,37.96,7.62,10.812,0.0,0.005,1.5264,0.87,279.02,0,0.0,0.0025,0.0,100.0,17.429,0.0,0.0085,0.0265,0.74,278.89,0,0.0027,0.0005,14.54,64.63,14.895,0.0,0.003,0.0294,0.38,278.53,0,0.0,0.0003,56.52,-37.53,7.578,0.0,0.0015,0.0846,0.37,278.52,0,0.0,0.0003,57.34,-39.52,7.435,0.0,0.0015,0.081,0.87,279.02,0,0.0,0.0025,0.0,100.0,17.429,0.0,0.0085,0.013,0.72,278.87,0,0.0024,0.0006,17.28,57.96,14.418,0.0,0.003,0.3964,0.35,278.5,0,0.0,0.0001,59.63,-45.08,7.037,0.0,0.0005,0.8681,0.51,278.66,0,0.0025,0.0,41.1,10.266,0.0,0.0,0.0,0.15,278.3,0,0.0,0.0,83.2,2.927,0.0,0.0,0.0,0.063,6,6,0.0,4.1
CON3-8,Gounaris,50,5,605.62,235.56,8.14,243.7,0,0.0,0.0286,148.633,54.197,0.0635,0.0,6.52,242.08,1,0.0227,0.0084,19.93,54.85,114.778,52.727,0.0365,0.2244,8.83,244.39,2,0.0429,0.0012,-8.48,119.21,129.017,78.037,0.006,0.0216,6.52,242.08,1,0.0227,0.0084,19.93,54.85,114.778,52.727,0.0365,0.2225,6.52,242.08,1,0.0191,0.012,19.92,54.87,118.008,54.466,0.0425,0.0203,6.31,241.87,1,0.02,0.0105,22.53,48.94,114.7,34.622,0.0375,0.0235,6.11,241.68,1,0.0197,0.0101,24.91,43.57,111.224,52.727,0.0415,0.0225,7.07,242.63,1,0.0344,0.0023,13.17,70.16,117.215,54.544,0.011,0.0264,3.36,238.92,2,0.0446,0.0042,58.73,-33.06,55.833,19.844,0.019,0.0215,5.69,241.25,1,0.0261,0.0052,30.1,31.8,101.179,34.841,0.0245,0.536,6.12,241.68,1,0.0232,0.008,24.81,43.78,108.667,51.183,0.035,0.2505,3.36,238.92,0,0.0,0.0041,58.76,-33.13,55.962,18.938,0.0195,1.5842,4.43,240.0,0,0.0,0.0043,45.52,-3.14,63.793,33.343,0.014,0.0258,5.65,241.21,1,0.0264,0.0049,30.64,30.57,100.124,34.841,0.023,0.0257,2.42,237.98,0,0.0,0.0021,70.27,-59.2,43.103,14.496,0.01,0.0926,2.43,238.0,0,0.0001,0.0021,70.1,-58.83,43.372,14.496,0.01,0.0951,6.42,241.98,1,0.0299,0.0053,21.19,52.0,109.495,61.906,0.021,0.0138,5.49,241.05,1,0.0267,0.0042,32.59,26.17,98.413,33.751,0.0195,0.4435,2.2,237.77,0,0.0,0.0009,72.93,-65.24,38.63,16.116,0.0045,1.0091,4.55,240.11,1,0.0286,0.0,44.14,82.929,32.101,0.0,0.0,1.43,236.99,0,0.0,0.0,82.42,26.869,7.843,0.0,0.0,0.064,5,5,0.0,4.5
CON3-8,Cui,50,5,599.51,234.95,9.21,244.16,0,0.0,0.0297,164.116,64.714,0.0675,0.0,7.24,242.19,1,0.0295,0.005,21.36,53.8,120.256,56.939,0.0225,0.3006,10.6,245.55,2,0.0484,0.0011,-15.12,132.71,135.176,90.677,0.005,0.0321,7.14,242.09,1,0.0293,0.0048,22.44,51.48,119.654,55.245,0.0205,0.308,7.84,242.79,1,0.0228,0.013,14.9,67.78,132.8,64.949,0.0445,0.0199,8.05,243.0,1,0.0135,0.0182,12.59,72.77,142.402,62.882,0.057,0.0219,8.77,243.72,0,0.0051,0.025,4.78,89.65,155.689,64.714,0.0655,0.0216,7.63,242.58,1,0.0355,0.002,17.16,62.9,121.412,69.727,0.009,0.0253,4.04,238.99,2,0.0469,0.0037,56.12,-21.36,64.108,28.136,0.016,0.0225,6.28,241.23,1,0.0295,0.004,31.8,31.24,107.602,55.16,0.0175,0.7827,6.84,241.79,1,0.0277,0.0059,25.74,44.34,115.132,55.155,0.025,0.192,4.15,239.1,0,0.0,0.0047,54.95,-18.83,68.279,27.394,0.0205,1.6584,5.34,240.3,0,0.0,0.0031,41.96,9.27,73.703,44.946,0.0115,0.0282,6.3,241.25,1,0.0288,0.0045,31.59,31.69,108.2,54.501,0.019,0.0366,3.42,238.37,0,0.0,0.0021,62.86,-35.92,57.566,26.226,0.009,0.104,3.42,238.37,0,0.0001,0.0025,62.91,-36.03,58.067,26.226,0.0105,0.096,7.15,242.1,1,0.0301,0.0061,22.4,51.56,115.529,68.788,0.021,0.0127,6.03,240.98,1,0.0294,0.0035,34.49,25.41,105.309,39.261,0.015,0.4825,3.08,238.03,0,0.0,0.0016,66.51,-43.81,52.523,24.272,0.0075,1.0718,4.95,239.9,1,0.0297,0.0,46.24,88.114,34.437,0.0,0.0,1.95,236.9,0,0.0,0.0,78.87,35.464,15.89,0.0,0.0,0.07,5,5,0.0,4.9
CON3-8,MDRO,50,6,642.8,274.28,1.34,275.62,0,0.0,0.0039,26.723,0.0,0.014,0.0,1.51,275.79,0,0.0048,0.0011,-13.16,131.2,30.239,0.0,0.0055,0.26,1.62,275.9,0,0.0065,0.0003,-21.44,150.85,32.453,0.0,0.0015,0.0306,1.51,275.79,0,0.0048,0.0011,-13.16,131.2,30.239,0.0,0.0055,0.2453,1.16,275.44,0,0.0024,0.0019,12.91,69.39,23.273,0.0,0.0085,0.02,1.09,275.37,0,0.0028,0.0015,18.09,57.11,21.89,0.0,0.0075,0.0214,1.05,275.33,0,0.0032,0.0011,21.12,49.92,21.08,0.0,0.0065,0.0225,1.4,275.68,0,0.0055,0.0004,-4.7,111.15,27.979,0.0,0.0025,0.0247,0.68,274.96,0,0.0066,0.0009,48.85,-15.85,13.669,0.0,0.005,0.0228,1.3,275.58,0,0.0047,0.0008,2.39,94.33,26.084,0.0,0.0045,0.5308,1.31,275.59,0,0.0043,0.0011,2.29,94.58,26.112,0.0,0.0055,0.1938,0.6,274.88,0,0.0,0.0008,54.81,-29.98,12.077,0.0,0.0045,1.7625,1.34,275.62,0,0.0,0.0039,0.0,100.0,26.723,0.0,0.014,0.0234,1.23,275.51,0,0.0042,0.0009,8.06,80.89,24.57,0.0,0.005,0.0326,0.51,274.79,0,0.0,0.0003,61.99,-47.01,10.158,0.0,0.0015,0.102,0.51,274.79,0,0.0,0.0003,61.99,-47.01,10.158,0.0,0.0015,0.0881,1.34,275.62,0,0.0,0.0039,0.0,100.0,26.723,0.0,0.014,0.0168,1.01,275.29,0,0.0046,0.0003,24.24,42.5,20.244,0.0,0.0015,0.4485,0.44,274.72,0,0.0,0.0001,67.03,-58.98,8.81,0.0,0.0005,0.8246,0.77,275.05,0,0.0039,0.0,42.17,15.455,0.0,0.0,0.0,0.22,274.5,0,0.0,0.0,83.24,4.48,0.0,0.0,0.0,0.061,6,6,0.0,4.4
CON8-2,Det,50,9,715.17,386.52,235.99,622.51,0,0.0,0.39,623.318,617.315,0.6785,0.0,202.11,588.63,5,0.2296,0.2087,14.35,52.74,519.072,500.424,0.6325,0.2399,209.18,595.7,6,0.2984,0.1818,11.36,62.6,511.219,486.833,0.613,0.0205,202.02,588.54,5,0.2126,0.218,14.39,52.61,523.161,504.85,0.635,0.2258,218.33,604.85,5,0.2607,0.2188,7.48,75.37,536.437,506.112,0.6215,0.0296,210.19,596.71,5,0.2517,0.2134,10.93,64.01,540.904,510.297,0.6175,0.034,212.17,598.69,4,0.154,0.2677,10.09,66.77,565.039,540.277,0.654,0.0303,206.16,592.68,6,0.2827,0.1856,12.64,58.38,511.525,486.178,0.614,0.0294,226.16,612.67,2,0.0729,0.3517,4.17,86.29,639.093,630.982,0.667,0.0356,201.15,587.67,5,0.2303,0.2079,14.76,51.4,519.686,498.464,0.631,0.5429,202.58,589.09,5,0.2316,0.2082,14.16,53.39,519.011,499.977,0.632,0.2415,198.01,584.52,5,0.1944,0.2072,16.09,47.01,522.219,500.424,0.6265,2.0196,197.2,583.72,4,0.1888,0.2067,16.44,45.89,524.995,499.15,0.62,0.0193,200.94,587.46,5,0.2338,0.2054,14.85,51.11,520.024,498.331,0.6265,0.0243,197.17,583.69,4,0.1967,0.2064,16.45,45.85,533.968,498.471,0.6245,0.0864,194.99,581.51,4,0.1892,0.2038,17.37,42.81,528.975,494.619,0.621,0.0818,201.06,587.57,5,0.2366,0.2043,14.8,51.27,519.345,498.331,0.626,0.013,200.3,586.82,5,0.2286,0.2073,15.12,50.21,519.273,498.464,0.6255,0.3559,195.04,581.56,4,0.1855,0.2063,17.35,42.87,527.968,497.83,0.6185,0.5724,164.31,550.83,6,0.2577,0.1323,30.37,489.334,460.613,0.544,0.0,150.38,536.9,0,0.0,0.0,36.27,480.885,449.296,0.0,0.0,0.081,3,9,0.0,4.4
CON8-2,SAA,50,14,930.63,583.06,22.09,605.16,0,0.0,0.0275,307.866,169.512,0.1355,0.0,19.64,602.7,2,0.0178,0.014,11.12,73.73,261.246,134.468,0.106,0.2147,20.06,603.13,2,0.0226,0.0115,9.18,78.31,258.652,129.77,0.0965,0.0225,19.64,602.7,2,0.0178,0.014,11.12,73.73,261.246,134.468,0.106,0.2288,19.63,602.69,2,0.0145,0.0159,11.15,73.65,265.479,127.173,0.1065,0.0285,19.99,603.05,1,0.0122,0.0177,9.51,77.53,272.618,142.006,0.114,0.0284,19.74,602.8,1,0.0118,0.0177,10.65,74.82,270.799,143.27,0.1135,0.027,19.97,603.04,2,0.0206,0.0126,9.6,77.32,260.205,136.797,0.1005,0.0236,12.11,595.17,4,0.0408,0.0082,45.18,-6.76,157.702,82.488,0.069,0.0248,19.47,602.53,2,0.0182,0.0136,11.87,71.94,258.929,126.823,0.105,0.396,19.55,602.61,2,0.0177,0.014,11.5,72.81,261.336,134.468,0.107,0.1677,12.68,595.74,0,0.0018,0.0084,42.59,-0.65,168.217,81.129,0.0715,1.4455,13.78,596.84,0,0.0,0.0057,37.63,11.07,151.588,82.737,0.0525,0.0184,19.3,602.36,2,0.0174,0.0139,12.64,70.12,256.414,124.847,0.1055,0.0258,10.82,593.88,0,0.0,0.006,51.03,-20.58,134.793,73.71,0.06,0.0716,10.56,593.63,0,0.0001,0.0063,52.18,-23.3,135.631,73.969,0.0625,0.0588,20.07,603.13,2,0.0155,0.0159,9.18,78.32,262.986,126.073,0.1035,0.0114,18.73,601.79,2,0.0168,0.0135,15.23,64.0,250.119,127.45,0.1025,0.3814,10.59,593.65,0,0.0,0.0064,52.06,-23.03,136.015,77.049,0.0625,0.5045,12.74,595.81,3,0.0271,0.0004,42.32,177.784,96.299,0.005,0.0,4.49,587.55,0,0.0,0.0,79.69,66.467,28.803,0.0,0.0,0.081,14,14,0.0,3.5
CON8-2,WDRO,50,16,1064.51,666.45,4.44,670.89,0,0.0,0.005,88.753,0.0,0.037,0.0,4.52,670.97,0,0.0035,0.003,-1.76,104.22,90.313,0.0,0.028,0.2129,4.56,671.01,0,0.0037,0.0029,-2.72,106.54,91.171,0.0,0.028,0.0221,4.53,670.98,0,0.0036,0.003,-2.1,105.04,90.617,0.0,0.028,0.226,4.5,670.95,0,0.0025,0.0036,-1.48,103.54,90.063,0.0,0.0315,0.03,4.32,670.77,0,0.0016,0.0039,2.73,93.45,86.333,0.0,0.0325,0.0284,4.25,670.7,0,0.0014,0.004,4.16,90.02,85.064,0.0,0.033,0.0298,4.55,671.0,0,0.0037,0.0029,-2.55,106.12,91.017,0.0,0.028,0.0232,2.86,669.31,1,0.0085,0.002,35.62,14.48,54.123,7.22,0.019,0.0311,4.57,671.02,0,0.0037,0.003,-2.9,106.96,91.326,0.0,0.028,0.3635,4.45,670.9,0,0.0033,0.0031,-0.35,100.84,89.065,0.0,0.029,0.1656,3.21,669.66,0,0.0004,0.0024,27.68,33.54,61.048,8.32,0.0235,1.388,5.21,671.66,0,0.0,0.003,-17.46,141.91,79.413,18.713,0.0245,0.019,4.44,670.89,0,0.0031,0.0032,0.04,99.91,88.719,0.0,0.03,0.0261,2.8,669.25,0,0.0,0.0019,37.0,11.18,52.584,8.32,0.02,0.0701,2.78,669.23,0,0.0,0.0021,37.41,10.18,52.611,8.32,0.0205,0.0528,4.44,670.89,0,0.0,0.005,0.0,100.0,88.753,0.0,0.037,0.0125,4.43,670.88,0,0.0024,0.0036,0.15,99.63,88.618,0.0,0.031,0.3577,2.7,669.15,0,0.0,0.0017,39.22,5.85,49.957,9.116,0.0185,0.4784,2.59,669.04,0,0.005,0.0,41.65,51.783,0.0,0.0,0.0,0.75,667.2,0,0.0,0.0,83.02,15.066,0.0,0.0,0.0,0.093,16,16,0.0,3.4
CON8-2,Gounaris,50,14,910.34,581.03,25.08,606.11,0,0.0,0.0309,313.784,176.723,0.156,0.0,21.96,603.0,2,0.0196,0.0156,12.42,71.32,260.094,170.777,0.1195,0.2148,22.71,603.74,3,0.026,0.0125,9.46,78.15,254.82,166.23,0.1095,0.0206,21.96,603.0,2,0.0196,0.0156,12.42,71.32,260.094,170.777,0.1195,0.2151,22.73,603.77,1,0.0138,0.02,9.35,78.41,277.43,173.479,0.127,0.0265,22.09,603.12,2,0.0151,0.0185,11.92,72.48,266.655,166.701,0.126,0.0252,22.3,603.34,1,0.0137,0.0195,11.08,74.43,269.539,170.476,0.1305,0.0266,22.18,603.22,2,0.0235,0.0135,11.55,73.34,256.345,163.128,0.113,0.0217,14.67,595.7,4,0.0449,0.0104,41.51,4.17,173.257,100.713,0.0885,0.0248,21.65,602.69,2,0.0198,0.0153,13.66,68.45,257.061,166.687,0.12,0.3558,21.83,602.86,2,0.0194,0.0156,12.95,70.09,259.418,170.777,0.1205,0.1733,14.68,595.72,0,0.0017,0.0091,41.45,4.31,169.646,98.814,0.082,1.3918,15.11,596.15,0,0.0,0.0066,39.74,8.26,155.008,88.954,0.062,0.0187,21.59,602.62,2,0.0192,0.0155,13.92,67.87,256.652,166.668,0.1205,0.0234,13.02,594.05,0,0.0,0.0074,48.09,-11.03,147.872,85.268,0.074,0.0667,12.63,593.66,0,0.0009,0.0076,49.66,-14.64,146.92,86.977,0.0775,0.0555,22.18,603.22,2,0.0182,0.0169,11.55,73.35,261.247,161.647,0.125,0.0106,21.37,602.41,2,0.0202,0.0147,14.77,65.9,248.597,161.703,0.118,0.3441,12.38,593.42,0,0.0005,0.0072,50.63,-16.89,143.473,84.943,0.072,0.5021,14.22,595.25,3,0.0308,0.0001,43.32,177.896,101.384,0.001,0.0,5.13,586.17,0,0.0,0.0,79.54,69.918,34.681,0.0,0.0,0.085,14,14,0.0,3.4
CON8-2,Cui,50,13,865.58,541.56,33.25,574.81,0,0.0,0.0439,426.463,248.959,0.1635,0.0,29.0,570.56,2,0.0258,0.0235,12.8,69.35,347.458,211.829,0.133,0.2379,29.88,571.44,3,0.0323,0.0205,10.14,75.71,345.034,215.041,0.1285,0.0219,28.96,570.52,2,0.0259,0.0234,12.9,69.09,347.211,211.829,0.1325,0.2306,30.13,571.69,2,0.0177,0.0296,9.39,77.51,373.742,221.254,0.1415,0.0289,30.08,571.64,1,0.0146,0.0313,9.54,77.16,377.878,222.944,0.1465,0.028,30.02,571.58,1,0.0143,0.0313,9.71,76.74,378.263,222.978,0.1455,0.0286,29.1,570.66,3,0.0294,0.0212,12.48,70.11,341.982,212.983,0.1295,0.024,19.71,561.26,5,0.0656,0.0148,40.74,2.44,231.827,137.191,0.099,0.0289,28.37,569.93,3,0.028,0.0216,14.69,64.81,337.636,211.451,0.1315,0.3923,28.82,570.37,2,0.0257,0.0234,13.34,68.05,345.277,211.829,0.1345,0.1854,19.48,561.04,0,0.0018,0.0137,41.43,0.78,225.194,133.387,0.096,1.5652,21.27,562.83,0,0.0,0.0118,36.04,13.67,221.916,130.879,0.088,0.0195,28.46,570.02,2,0.0272,0.0222,14.42,65.47,338.997,211.451,0.133,0.0271,18.26,559.82,0,0.0013,0.0132,45.07,-7.95,215.157,122.204,0.0975,0.0777,17.75,559.31,0,0.0023,0.0126,46.62,-11.65,210.969,121.858,0.095,0.0621,30.02,571.58,2,0.0246,0.0258,9.72,76.72,353.061,211.158,0.1395,0.0117,27.95,569.51,3,0.0278,0.0211,15.94,61.82,332.803,210.547,0.132,0.3807,17.68,559.23,0,0.0014,0.0127,46.84,-12.19,210.622,121.37,0.096,0.565,19.37,560.93,4,0.0414,0.0025,41.75,247.829,151.737,0.0275,0.0,8.7,550.25,0,0.0,0.0,73.85,118.676,65.113,0.0,0.0,0.094,12,13,0.0,3.7
CON8-2,MDRO,50,16,1073.47,667.35,4.17,671.51,0,0.0,0.0046,83.305,0.0,0.037,0.0,4.1,671.44,0,0.0039,0.0023,1.68,95.9,81.903,0.0,0.025,0.1949,4.2,671.55,0,0.0043,0.0021,-0.81,101.97,82.175,30.207,0.0245,0.0186,4.1,671.44,0,0.0039,0.0023,1.68,95.9,81.903,0.0,0.025,0.1889,4.02,671.36,0,0.0025,0.0029,3.59,91.25,80.312,0.0,0.029,0.0289,3.89,671.24,0,0.0018,0.0033,6.53,84.09,77.861,0.0,0.0295,0.0276,3.87,671.22,0,0.0018,0.0032,6.97,83.03,77.497,0.0,0.03,0.0276,4.21,671.56,0,0.0043,0.0021,-1.15,102.8,82.46,30.207,0.025,0.0211,3.01,670.36,1,0.0087,0.002,27.76,32.42,54.289,9.45,0.0225,0.0249,4.21,671.56,0,0.0041,0.0023,-1.13,102.75,83.648,29.918,0.024,0.3113,4.11,671.45,0,0.0037,0.0023,1.44,96.48,82.102,0.0,0.0255,0.1524,2.97,670.32,0,0.0009,0.0018,28.73,30.05,56.078,8.32,0.0195,1.3319,4.95,672.3,0,0.0,0.003,-18.8,145.76,75.335,20.508,0.0255,0.017,4.01,671.35,0,0.0035,0.0024,3.79,90.78,80.151,0.0,0.026,0.0215,2.64,669.99,0,0.0,0.0018,36.62,10.84,49.726,8.32,0.022,0.061,2.58,669.93,0,0.0001,0.0019,38.06,7.35,48.987,8.32,0.022,0.0463,4.17,671.51,0,0.0,0.0046,0.0,100.0,83.305,0.0,0.037,0.0102,3.93,671.27,0,0.0026,0.0028,5.74,86.02,78.521,0.0,0.0275,0.3344,2.47,669.82,0,0.0,0.0016,40.59,1.19,46.228,8.32,0.019,0.4305,2.45,669.8,0,0.0046,0.0,41.08,49.087,0.0,0.0,0.0,0.87,668.21,0,0.0,0.0,79.17,17.35,0.0,0.0,0.0,0.078,16,16,0.0,3.1
CON8-3,Det,50,10,824.69,432.47,263.05,695.52,0,0.0,0.3801,640.815,623.737,0.733,0.0,216.28,648.75,6,0.2653,0.162,17.78,45.54,482.157,461.143,0.668,0.284,228.98,661.45,7,0.3492,0.1301,12.95,60.32,465.577,444.136,0.6345,0.0298,216.64,649.1,6,0.2598,0.166,17.65,45.95,482.197,461.192,0.672,0.3236,234.43,666.9,6,0.2761,0.1842,10.88,66.67,510.488,483.601,0.68,0.0256,229.16,661.63,5,0.2315,0.2021,12.88,60.54,550.026,512.642,0.677,0.0324,223.77,656.24,5,0.2291,0.1932,14.93,54.26,525.081,495.531,0.674,0.0291,219.84,652.31,6,0.311,0.1408,16.43,49.68,467.302,444.139,0.6485,0.0257,243.86,676.33,3,0.1181,0.3215,7.3,77.65,617.734,598.342,0.706,0.036,214.14,646.61,6,0.2626,0.1625,18.59,43.04,483.357,459.245,0.6695,0.6656,216.51,648.98,6,0.2672,0.1614,17.69,45.8,480.373,460.515,0.6705,0.2209,206.33,638.79,5,0.1737,0.1724,21.57,33.94,481.873,459.964,0.6695,1.8155,203.28,635.75,5,0.1949,0.1574,22.72,30.4,481.798,457.288,0.649,0.0217,214.61,647.08,6,0.271,0.1585,18.42,43.59,483.346,460.243,0.6625,0.0312,204.0,636.47,5,0.1976,0.1602,22.45,31.24,477.717,454.751,0.6575,0.1028,201.25,633.72,5,0.191,0.1576,23.49,28.04,478.134,453.771,0.656,0.0854,214.94,647.41,6,0.2735,0.1577,18.29,43.98,484.625,458.709,0.663,0.0112,214.02,646.49,6,0.2678,0.1595,18.64,42.9,481.308,455.525,0.6655,0.3363,201.23,633.7,5,0.1915,0.1571,23.5,28.01,477.541,451.095,0.6515,0.6604,177.17,609.64,7,0.2824,0.0977,32.65,443.244,412.774,0.5665,0.0,155.32,587.79,0,0.0,0.0,40.96,422.005,407.602,0.0,0.0,0.148,6,10,0.0,4.5
CON8-3,SAA,50,15,1099.49,634.95,27.41,662.36,0,0.0,0.0317,405.832,186.903,0.131,0.0,24.16,659.11,2,0.0198,0.0163,11.86,71.99,329.726,183.21,0.1115,0.2002,25.28,660.23,2,0.0245,0.0145,7.78,81.63,334.52,190.526,0.1065,0.0183,24.17,659.12,2,0.0197,0.0163,11.82,72.1,329.981,183.21,0.1115,0.1974,25.05,660.0,1,0.014,0.0206,8.61,79.67,353.968,185.242,0.116,0.0256,24.52,659.47,2,0.0152,0.0195,10.53,75.14,345.839,180.511,0.1155,0.0249,24.27,659.22,1,0.0145,0.0196,11.47,72.93,342.87,181.616,0.115,0.0257,24.54,659.49,2,0.0221,0.0153,10.49,75.24,332.315,185.796,0.109,0.0206,16.23,651.18,4,0.055,0.0109,40.77,3.75,207.838,103.007,0.085,0.0246,24.23,659.18,2,0.02,0.0164,11.6,72.61,333.376,184.766,0.1095,0.3346,24.15,659.1,2,0.0197,0.0163,11.9,71.92,329.852,181.374,0.1115,0.1558,16.73,651.68,1,0.0048,0.0114,38.97,8.0,224.205,129.41,0.0925,1.3542,15.69,650.64,0,0.0,0.007,42.77,-0.97,178.566,92.641,0.067,0.0173,24.07,659.01,2,0.0197,0.0164,12.21,71.18,331.896,180.669,0.1095,0.0219,13.72,648.67,0,0.0,0.008,49.96,-17.94,178.139,90.425,0.0725,0.065,13.6,648.54,0,0.0004,0.0085,50.4,-18.98,180.11,86.221,0.0775,0.0509,25.11,660.06,2,0.0146,0.0207,8.39,80.19,350.28,180.541,0.115,0.01,23.56,658.51,2,0.0186,0.0165,14.06,66.8,327.747,175.62,0.111,0.3133,13.01,647.96,0,0.0,0.0067,52.55,-24.04,161.121,88.585,0.07,0.4831,15.8,650.75,3,0.0316,0.0001,42.36,233.81,106.687,0.001,0.0,4.96,639.91,0,0.0,0.0,81.91,76.512,34.933,0.0,0.0,2.381,15,15,0.0,3.2
CON8-3,WDRO,50,18,1184.13,748.41,5.72,754.13,0,0.0,0.0056,114.312,0.0,0.0455,0.0,5.44,753.85,0,0.003,0.0035,4.79,88.46,107.356,30.103,0.036,0.1923,5.6,754.02,0,0.0035,0.0034,1.99,95.22,108.748,30.103,0.0355,0.0188,5.47,753.88,0,0.0029,0.0036,4.31,89.62,107.904,30.103,0.0365,0.1906,5.58,753.99,0,0.0013,0.0047,2.45,94.11,111.212,30.103,0.041,0.0284,5.46,753.87,0,0.0008,0.0049,4.44,89.31,109.234,0.0,0.042,0.0269,5.45,753.86,0,0.0008,0.0048,4.68,88.74,108.964,0.0,0.042,0.0281,5.49,753.9,0,0.0029,0.0036,4.0,90.37,108.843,30.103,0.037,0.0197,4.05,752.47,1,0.0066,0.0029,29.1,29.95,77.857,11.544,0.0325,0.025,5.45,753.86,0,0.0029,0.0036,4.71,88.67,107.455,30.103,0.036,0.3087,5.51,753.92,0,0.0028,0.0037,3.67,91.18,108.635,30.103,0.0375,0.1486,3.78,752.2,0,0.0004,0.0021,33.78,18.69,69.926,11.557,0.025,1.2382,5.74,754.15,0,0.0,0.0037,-0.4,100.96,95.324,17.347,0.0355,0.0164,5.42,753.83,0,0.0026,0.0038,5.14,87.62,107.84,30.103,0.0375,0.0214,3.96,752.38,0,0.0002,0.0025,30.64,26.24,74.713,11.544,0.0275,0.0604,3.81,752.22,0,0.0,0.0024,33.38,19.67,71.367,11.544,0.0275,0.0466,5.72,754.13,0,0.0,0.0056,0.0,100.0,114.312,0.0,0.0455,0.0098,5.34,753.75,0,0.0023,0.0038,6.63,84.05,106.154,29.224,0.037,0.3069,3.38,751.79,0,0.0,0.0017,40.9,1.56,61.933,11.96,0.0235,0.4251,3.34,751.75,0,0.0056,0.0,41.55,66.819,0.0,0.0005,0.0,1.05,749.46,0,0.0,0.0,81.67,20.953,0.0,0.0,0.0,5.961,17,18,0.0,3.0
CON8-3,Gounaris,50,14,1025.82,592.58,44.59,637.17,0,0.0,0.0557,526.184,335.646,0.204,0.0,37.81,630.39,4,0.0379,0.0253,15.22,64.12,405.474,278.051,0.166,0.2103,38.68,631.26,4,0.0434,0.0227,13.26,68.73,403.388,283.804,0.1605,0.0188,37.81,630.39,4,0.0379,0.0253,15.22,64.12,405.474,278.051,0.166,0.2042,39.19,631.77,2,0.0238,0.035,12.12,71.43,449.503,285.773,0.175,0.0259,38.38,630.96,3,0.0272,0.0323,13.94,67.12,430.848,289.157,0.174,0.0248,38.72,631.3,3,0.0281,0.032,13.17,68.95,429.981,279.271,0.176,0.0259,38.42,631.0,4,0.0402,0.0244,13.85,67.34,406.192,277.022,0.164,0.0208,24.53,617.11,6,0.0782,0.0181,44.99,-6.1,279.144,152.931,0.12,0.0248,37.66,630.24,3,0.0371,0.0258,15.54,63.34,405.395,273.99,0.1665,0.4069,37.76,630.34,3,0.0373,0.0256,15.32,63.86,406.22,274.046,0.166,0.163,24.49,617.07,1,0.0064,0.016,45.08,-6.3,275.585,155.68,0.1155,1.3622,23.44,616.02,0,0.0,0.0128,47.43,-11.85,231.863,146.265,0.106,0.0176,37.49,630.08,3,0.0374,0.0255,15.92,62.45,403.366,276.876,0.1645,0.0227,22.05,614.64,0,0.0,0.0127,50.54,-19.19,239.415,141.136,0.0995,0.066,20.99,613.57,0,0.0002,0.0123,52.94,-24.84,227.16,132.807,0.099,0.0525,38.76,631.34,3,0.0337,0.0291,13.08,69.15,425.193,277.704,0.168,0.01,36.95,629.53,4,0.0368,0.0251,17.14,59.59,405.257,273.727,0.1615,0.3301,20.3,612.88,0,0.0003,0.0114,54.48,-28.47,213.883,130.806,0.1005,0.4982,25.68,618.27,6,0.055,0.0006,42.41,303.711,191.891,0.0085,0.0,8.89,601.48,0,0.0,0.0,80.06,119.645,61.213,0.0,0.0,0.086,14,14,0.0,3.3
CON8-3,Cui,50,14,1062.11,596.21,46.29,642.5,0,0.0,0.0573,521.443,339.27,0.2155,0.0,39.78,635.99,3,0.0362,0.0283,14.06,66.66,408.923,274.522,0.1765,0.214,41.09,637.3,4,0.0421,0.0262,11.22,73.38,410.873,284.019,0.173,0.0205,39.73,635.94,3,0.0365,0.0281,14.17,66.4,408.26,274.522,0.176,0.2302,41.83,638.04,3,0.0263,0.0364,9.62,77.18,442.677,287.681,0.194,0.0257,40.82,637.03,3,0.028,0.0344,11.82,71.97,433.024,282.085,0.182,0.0249,41.89,638.1,2,0.0208,0.0396,9.5,77.46,447.873,292.25,0.1995,0.0259,40.4,636.61,4,0.0393,0.0272,12.72,69.84,410.621,279.929,0.1755,0.0223,25.49,621.7,7,0.1109,0.014,44.92,-6.54,238.014,143.374,0.109,0.0259,39.56,635.77,3,0.0356,0.0286,14.54,65.52,408.462,279.468,0.1765,0.3778,39.72,635.93,3,0.0352,0.0289,14.19,66.34,409.98,274.522,0.1775,0.167,26.16,622.37,1,0.0063,0.0181,43.48,-3.11,268.815,172.161,0.1345,1.4139,23.31,619.52,0,0.0,0.0121,49.64,-17.72,221.225,134.149,0.1035,0.0174,39.61,635.82,3,0.0348,0.0291,14.43,65.78,409.987,279.468,0.178,0.025,21.64,617.86,0,0.0,0.0118,53.24,-26.26,216.666,122.493,0.0995,0.0713,21.7,617.91,0,0.0006,0.0123,53.13,-26.01,220.568,132.559,0.1025,0.0637,40.98,637.19,3,0.0352,0.0306,11.47,72.81,425.666,286.997,0.174,0.0103,38.99,635.21,4,0.0356,0.0279,15.75,62.64,399.892,269.882,0.179,0.3551,21.73,617.94,0,0.0,0.0124,53.06,-25.85,218.718,132.372,0.1035,0.4911,26.77,622.98,6,0.0558,0.0015,42.16,301.998,196.122,0.0165,0.0,9.37,605.58,0,0.0,0.0,79.75,118.646,63.86,0.0,0.0,0.087,14,14,0.0,3.4
CON8-3,MDRO,50,18,1213.71,751.37,5.93,757.3,0,0.0,0.0058,118.566,0.0,0.041,0.0,5.58,756.95,0,0.0037,0.0033,5.92,85.99,111.551,0.0,0.0315,0.2071,5.68,757.06,0,0.0039,0.0032,4.11,90.27,112.78,30.757,0.031,0.019,5.6,756.98,0,0.0035,0.0034,5.46,87.08,112.098,0.0,0.032,0.2003,5.62,756.99,0,0.0013,0.0047,5.28,87.5,112.309,0.0,0.0375,0.033,5.54,756.91,0,0.0015,0.0045,6.6,84.36,110.738,0.0,0.0365,0.0278,5.56,756.93,0,0.0012,0.0047,6.23,85.23,111.174,0.0,0.038,0.0287,5.53,756.9,0,0.0033,0.0034,6.71,84.1,110.605,0.0,0.033,0.0208,3.83,755.21,1,0.0071,0.0027,35.32,16.35,73.773,7.742,0.028,0.0242,5.51,756.88,0,0.0034,0.0034,7.11,83.16,110.134,0.0,0.0315,0.3392,5.6,756.97,0,0.0033,0.0035,5.5,86.98,112.049,0.0,0.0335,0.1527,3.85,755.22,0,0.0007,0.0023,35.07,16.93,73.684,11.96,0.0255,1.3827,5.9,757.27,0,0.0,0.0036,0.43,98.98,98.682,20.254,0.0315,0.0211,5.46,756.84,0,0.003,0.0036,7.83,81.45,109.282,0.0,0.0335,0.0221,3.47,754.84,0,0.0,0.0022,41.44,1.85,65.715,11.96,0.025,0.0689,3.49,754.86,0,0.0,0.0022,41.1,2.67,66.293,11.96,0.025,0.0478,5.93,757.3,0,0.0,0.0058,0.0,100.0,118.566,0.0,0.041,0.0102,5.5,756.87,0,0.0029,0.0036,7.25,82.83,109.969,0.0,0.034,0.336,3.27,754.64,0,0.0,0.0018,44.78,-6.06,61.876,10.522,0.0245,0.4947,3.43,754.8,0,0.0058,0.0,42.22,68.506,0.0,0.0,0.0,1.1,752.47,0,0.0,0.0,81.39,22.068,0.0,0.0,0.0,6.054,18,18,0.0,3.3
CON8-5,Det,50,9,764.43,391.44,227.32,618.76,0,0.0,0.3661,613.903,572.398,0.6825,0.0,184.23,575.68,6,0.2734,0.1468,18.95,48.27,477.235,439.5,0.5905,0.268,191.52,582.96,7,0.3489,0.1166,15.75,57.02,462.403,426.76,0.5355,0.0238,185.21,576.65,6,0.2782,0.146,18.52,49.44,478.728,440.365,0.581,0.2672,204.23,595.67,5,0.2271,0.2075,10.16,72.28,521.092,484.646,0.6175,0.0261,201.9,593.34,5,0.1943,0.2171,11.18,69.48,559.392,515.158,0.603,0.0258,198.2,589.64,5,0.2039,0.2011,12.81,65.04,529.81,493.187,0.63,0.0256,188.76,580.21,6,0.3242,0.1262,16.96,53.71,467.56,430.042,0.5565,0.0256,218.45,609.89,2,0.0467,0.3381,3.9,89.35,605.15,578.338,0.673,0.0333,183.8,575.25,6,0.2821,0.1413,19.14,47.76,474.706,438.702,0.578,0.6229,184.79,576.23,6,0.2808,0.1437,18.71,48.94,476.92,439.64,0.58,0.21,179.72,571.16,5,0.2283,0.152,20.94,42.85,479.923,440.528,0.5865,1.8463,178.29,569.73,5,0.2325,0.1465,21.57,41.13,474.062,435.883,0.5785,0.0234,183.9,575.34,6,0.2841,0.1404,19.1,47.87,474.356,437.655,0.578,0.029,178.43,569.87,5,0.2339,0.1445,21.51,41.3,478.36,440.691,0.57,0.0888,177.95,569.4,5,0.2363,0.1432,21.72,40.73,473.359,435.834,0.5745,0.0772,185.12,576.57,6,0.2744,0.148,18.56,49.34,478.232,442.342,0.5815,0.0148,182.12,573.56,6,0.2726,0.1437,19.88,45.73,477.223,437.653,0.5855,0.3527,176.74,568.18,5,0.2273,0.1442,22.25,39.27,476.134,436.109,0.578,0.6167,144.02,535.47,7,0.2963,0.0698,36.64,442.042,405.328,0.385,0.0,131.72,523.17,0,0.0,0.0,42.05,429.775,392.071,0.0,0.0,0.093,7,9,0.0,4.4
CON8-5,SAA,50,14,1028.65,592.86,16.66,609.52,0,0.0,0.0206,271.136,108.065,0.102,0.0,15.48,608.34,1,0.0131,0.0116,7.06,83.51,236.543,89.838,0.0785,0.2149,15.82,608.69,1,0.0169,0.0098,4.99,88.35,234.285,90.748,0.073,0.0205,15.48,608.34,1,0.0131,0.0116,7.06,83.51,236.543,89.838,0.0785,0.2096,15.5,608.36,1,0.0091,0.0139,6.95,83.77,243.974,90.356,0.083,0.0263,15.75,608.61,1,0.0057,0.0163,5.46,87.25,253.247,87.434,0.0845,0.0257,15.67,608.54,1,0.0047,0.0167,5.89,86.23,254.99,88.564,0.0855,0.0263,15.57,608.44,1,0.0148,0.0107,6.51,84.79,235.255,89.855,0.0755,0.0222,11.51,604.37,2,0.0273,0.0099,30.91,27.8,173.284,69.218,0.0705,0.0248,15.43,608.29,1,0.0129,0.0118,7.38,82.76,237.563,93.203,0.0765,0.3904,15.42,608.28,1,0.0128,0.0118,7.43,82.65,234.964,88.384,0.0785,0.1634,11.22,604.09,0,0.0008,0.0087,32.63,23.79,164.186,70.772,0.0685,1.3568,13.77,606.64,0,0.0,0.0085,17.3,59.58,179.576,77.765,0.061,0.0182,15.23,608.09,1,0.0123,0.0118,8.57,79.98,234.391,89.251,0.0775,0.0262,10.11,602.97,0,0.0005,0.0077,39.31,8.17,153.904,66.142,0.0665,0.0686,10.22,603.08,0,0.0008,0.0078,38.66,9.7,156.778,65.425,0.066,0.0496,16.18,609.04,1,0.0037,0.018,2.87,93.29,261.639,85.935,0.0885,0.011,14.69,607.55,1,0.0125,0.011,11.82,72.39,227.278,88.327,0.078,0.346,9.85,602.71,0,0.0,0.0073,40.86,4.56,149.476,66.955,0.0625,0.4806,9.52,602.39,2,0.0205,0.0001,42.81,155.611,60.942,0.0015,0.0,3.92,596.79,0,0.0,0.0,76.46,66.493,21.688,0.0,0.0,0.08,13,14,0.0,3.3
CON8-5,WDRO,50,16,1147.76,674.78,5.34,680.11,0,0.0,0.006,106.743,0.0,0.0365,0.0,5.23,680.0,0,0.0039,0.0035,2.06,94.8,104.546,0.0,0.0305,0.1752,5.36,680.14,0,0.0041,0.0035,-0.46,101.17,107.237,0.0,0.0305,0.0163,5.24,680.01,0,0.0038,0.0035,1.87,95.28,104.747,0.0,0.0305,0.163,5.12,679.9,0,0.0021,0.0046,4.09,89.68,102.382,0.0,0.0325,0.0232,5.14,679.91,0,0.0009,0.0052,3.73,90.57,102.759,0.0,0.034,0.022,5.16,679.94,0,0.0007,0.0054,3.32,91.62,103.201,0.0,0.034,0.0226,5.25,680.02,0,0.0039,0.0035,1.68,95.75,104.945,0.0,0.0305,0.0182,3.35,678.13,1,0.0112,0.0023,37.18,6.08,62.447,8.171,0.021,0.02,5.04,679.81,0,0.0037,0.0035,5.63,85.78,100.736,0.0,0.03,0.2707,4.97,679.75,0,0.0033,0.0037,6.82,82.78,99.467,0.0,0.0305,0.1281,3.56,678.34,0,0.0004,0.0022,33.29,15.9,64.629,8.191,0.0205,1.066,4.75,679.52,0,0.0,0.003,11.09,71.99,76.522,16.423,0.023,0.0146,4.86,679.63,0,0.0031,0.0037,8.99,77.3,97.15,0.0,0.031,0.0193,3.1,677.88,0,0.0,0.002,41.84,-5.7,57.604,6.871,0.0205,0.0557,3.01,677.79,0,0.0001,0.0019,43.6,-10.13,55.949,6.627,0.0205,0.0422,5.34,680.11,0,0.0,0.006,0.0,100.0,106.743,0.0,0.0365,0.0097,4.99,679.77,0,0.0027,0.004,6.44,83.72,99.865,0.0,0.03,0.28,3.05,677.82,0,0.0,0.0021,42.94,-8.47,57.423,6.99,0.022,0.3911,3.22,678.0,0,0.0057,0.0003,39.59,64.486,0.0,0.0055,0.0,1.15,675.92,0,0.0,0.0,78.55,22.901,0.0,0.0,0.0,2.144,16,16,0.0,2.6
CON8-5,Gounaris,50,13,1053.86,560.39,29.36,589.75,0,0.0,0.041,384.753,208.981,0.1685,0.0,25.69,586.08,2,0.0278,0.0193,12.5,70.1,307.037,170.75,0.135,0.193,28.32,588.71,4,0.0409,0.0146,3.54,91.54,306.943,187.179,0.1235,0.0183,25.69,586.08,2,0.0278,0.0193,12.5,70.1,307.037,170.75,0.135,0.1858,26.56,586.95,2,0.0213,0.0246,9.55,77.16,328.675,170.018,0.1385,0.025,26.71,587.1,2,0.0188,0.0262,9.02,78.42,331.222,170.596,0.1405,0.0243,26.55,586.93,2,0.0185,0.0261,9.59,77.06,328.296,170.596,0.1465,0.0248,26.22,586.61,3,0.0327,0.017,10.69,74.42,304.822,174.524,0.129,0.0231,18.27,578.65,4,0.0415,0.0191,37.79,9.57,240.112,105.579,0.1215,0.024,25.66,586.04,2,0.0275,0.0196,12.62,69.8,308.229,171.361,0.1345,0.3723,25.53,585.92,2,0.0275,0.0193,13.04,68.8,304.922,170.437,0.136,0.1642,18.28,578.67,0,0.0051,0.0159,37.73,9.72,231.825,110.816,0.1145,1.2781,19.18,579.56,0,0.0,0.0163,34.69,17.0,230.801,106.676,0.108,0.0162,25.51,585.89,2,0.0268,0.0198,13.13,68.59,306.046,170.725,0.136,0.0212,16.87,577.25,0,0.0021,0.0145,42.56,-1.84,207.495,100.96,0.11,0.0614,16.39,576.77,0,0.0013,0.0148,44.19,-5.74,202.928,98.967,0.1155,0.0472,26.62,587.0,2,0.0221,0.0239,9.34,77.64,326.688,179.284,0.1405,0.01,25.11,585.49,2,0.0255,0.0201,14.5,65.31,302.923,170.135,0.14,0.3563,15.43,575.81,0,0.0019,0.0125,47.45,-13.54,184.897,91.646,0.1055,0.4595,17.09,577.48,4,0.0409,0.0001,41.79,223.989,120.908,0.001,0.0,7.37,567.75,0,0.0,0.0,74.91,96.585,46.166,0.0,0.0,0.072,12,13,0.0,3.2
CON8-5,Cui,50,13,992.6,554.26,33.35,587.61,0,0.0,0.0446,412.219,218.228,0.191,0.0,29.21,583.47,2,0.0275,0.0233,12.41,69.05,327.455,191.134,0.1635,0.234,31.98,586.24,3,0.0393,0.0193,4.11,89.76,332.554,217.098,0.1555,0.0243,29.2,583.46,2,0.0275,0.0233,12.45,68.96,327.414,187.661,0.1635,0.2114,30.39,584.65,2,0.0209,0.0285,8.86,77.89,355.111,189.424,0.166,0.0254,31.23,585.49,1,0.0093,0.0365,6.36,84.14,377.864,195.098,0.1815,0.0265,31.64,585.9,1,0.0075,0.0381,5.11,87.24,385.523,199.303,0.182,0.0291,30.59,584.85,3,0.0352,0.0202,8.27,79.38,327.685,211.608,0.1555,0.0215,22.55,576.81,4,0.0526,0.0217,32.38,19.25,272.921,130.4,0.135,0.0294,28.92,583.18,3,0.0289,0.0222,13.27,66.91,323.626,186.81,0.159,0.3798,29.2,583.46,3,0.0287,0.0227,12.43,69.0,324.344,197.178,0.1615,0.1891,21.53,575.79,0,0.0033,0.0186,35.44,11.6,251.731,135.289,0.1335,1.5963,23.17,577.43,0,0.0,0.0181,30.51,23.92,257.747,134.568,0.123,0.0207,28.97,583.23,3,0.0287,0.0224,13.13,67.26,324.412,188.034,0.159,0.0228,20.12,574.38,0,0.0,0.0153,39.68,1.05,231.736,116.391,0.112,0.0688,19.64,573.9,0,0.0017,0.0166,41.1,-2.51,233.233,121.702,0.122,0.0594,29.67,583.93,2,0.0254,0.0253,11.02,72.52,335.167,195.153,0.161,0.0108,28.32,582.58,3,0.0279,0.0221,15.09,62.37,316.875,189.498,0.1595,0.3637,19.34,573.6,0,0.0017,0.0153,42.01,-4.77,224.17,120.665,0.118,0.5126,19.98,574.24,4,0.0411,0.0035,40.1,243.725,126.742,0.044,0.0,9.76,564.02,0,0.0,0.0,70.75,129.207,65.563,0.0,0.0,0.089,13,13,0.0,3.7
CON8-5,MDRO,50,16,1175.46,677.55,4.97,682.51,0,0.0,0.0054,99.353,0.0,0.032,0.0,4.8,682.35,0,0.0035,0.0031,3.31,91.64,96.065,0.0,0.022,0.1957,5.0,682.55,0,0.0038,0.003,-0.67,101.69,100.015,0.0,0.021,0.0184,4.8,682.35,0,0.0035,0.0031,3.31,91.64,96.065,0.0,0.022,0.1905,4.59,682.14,0,0.0017,0.004,7.54,80.93,91.857,0.0,0.0255,0.0255,4.58,682.13,0,0.0012,0.0043,7.74,80.43,91.659,0.0,0.0295,0.0249,4.6,682.15,0,0.001,0.0044,7.31,81.52,92.087,0.0,0.03,0.0286,4.95,682.49,0,0.0036,0.0031,0.42,98.94,98.934,0.0,0.022,0.0225,3.25,680.8,0,0.0054,0.0027,34.59,12.56,64.985,0.0,0.021,0.0225,4.69,682.23,0,0.0038,0.0028,5.64,85.74,93.746,0.0,0.021,0.3112,4.55,682.09,0,0.0027,0.0034,8.43,78.68,90.974,0.0,0.024,0.1501,3.36,680.91,0,0.0009,0.0026,32.3,18.35,67.258,0.0,0.0205,1.2303,4.52,682.07,0,0.0,0.0043,8.95,77.38,87.336,5.139,0.029,0.0164,4.54,682.09,0,0.0029,0.0032,8.56,78.37,90.852,0.0,0.0225,0.0211,2.88,680.43,0,0.0,0.0022,42.02,-6.22,57.601,0.0,0.0195,0.0733,2.89,680.44,0,0.0001,0.0022,41.74,-5.51,57.88,0.0,0.0195,0.0563,4.97,682.51,0,0.0,0.0054,0.0,100.0,99.353,0.0,0.032,0.0098,4.45,681.99,0,0.0019,0.0037,10.52,73.41,88.901,0.0,0.0235,0.3151,2.67,680.22,0,0.0,0.0018,46.2,-16.79,53.042,4.506,0.017,0.5061,3.0,680.55,0,0.0051,0.0003,39.56,60.047,0.0,0.0055,0.0,1.19,678.74,0,0.0,0.0,76.02,23.829,0.0,0.0,0.0,2.098,16,16,0.0,3.1
CON8-4,Det,50,9,812.81,396.28,263.85,660.13,0,0.0,0.4214,644.408,632.961,0.714,0.0,207.15,603.43,7,0.3197,0.1574,21.49,47.65,508.293,472.501,0.605,0.2306,210.93,607.21,8,0.4048,0.1148,20.06,51.14,494.342,454.345,0.5265,0.0185,206.81,603.09,7,0.3119,0.1619,21.62,47.34,509.265,475.594,0.611,0.2185,228.3,624.58,6,0.2997,0.2046,13.47,67.18,539.272,503.643,0.6445,0.0238,218.75,615.03,6,0.2731,0.2041,17.09,58.36,566.688,523.247,0.6085,0.0222,221.25,617.53,5,0.2388,0.2229,16.14,60.67,560.303,523.283,0.656,0.0226,208.47,604.75,7,0.3787,0.1266,20.99,48.87,498.332,460.952,0.553,0.0206,253.65,649.93,3,0.0839,0.3814,3.86,90.59,664.42,649.661,0.7075,0.0295,204.71,600.99,7,0.3343,0.1475,22.41,45.4,507.72,468.794,0.585,0.5226,207.07,603.35,7,0.3286,0.1532,21.52,47.58,505.878,467.732,0.5995,0.1766,201.74,598.02,6,0.284,0.1556,23.54,42.65,509.851,466.134,0.6015,1.5204,198.85,595.13,6,0.2811,0.1421,24.63,39.99,518.904,467.233,0.5585,0.0185,204.33,600.61,7,0.3437,0.1417,22.56,45.05,506.606,464.037,0.574,0.0231,198.88,595.16,5,0.2556,0.1514,24.62,40.02,554.002,487.699,0.5645,0.074,196.65,592.93,6,0.2765,0.1439,25.47,37.96,520.538,467.142,0.5625,0.0618,207.0,603.28,7,0.3497,0.1429,21.55,47.51,506.872,464.693,0.5725,0.0101,203.24,599.52,7,0.3522,0.1352,22.97,44.04,500.97,462.344,0.568,0.3011,194.83,591.11,6,0.2809,0.1353,26.16,36.28,513.105,462.762,0.553,0.5174,155.54,551.82,8,0.3748,0.0466,41.05,478.69,424.632,0.234,0.0,137.23,533.51,0,0.0,0.0,47.99,458.007,396.942,0.0,0.0,0.083,6,9,0.0,3.6
CON8-4,SAA,50,14,1001.63,590.16,26.62,616.79,0,0.0,0.0337,384.918,171.681,0.136,0.0,23.33,613.49,2,0.0211,0.0168,12.37,69.24,318.119,161.208,0.11,0.2179,25.86,616.03,4,0.0352,0.0111,2.85,92.92,313.59,173.068,0.0855,0.0195,23.32,613.48,2,0.02,0.0174,12.42,69.12,319.73,156.259,0.1115,0.2239,23.37,613.54,2,0.0196,0.0182,12.21,69.65,321.428,155.372,0.1075,0.0276,23.9,614.06,1,0.0131,0.0226,10.22,74.58,340.113,155.206,0.115,0.0264,23.84,614.0,1,0.0136,0.0223,10.47,73.97,337.781,152.527,0.115,0.0279,24.47,614.63,3,0.0279,0.014,8.1,79.86,313.064,163.208,0.099,0.0227,13.96,604.13,5,0.0584,0.0082,47.55,-18.24,177.1,82.296,0.061,0.0271,23.29,613.45,2,0.0231,0.0162,12.53,68.83,313.246,155.015,0.104,0.4254,22.97,613.14,2,0.0188,0.018,13.7,65.93,318.306,156.091,0.111,0.1729,13.58,603.74,0,0.0,0.0089,49.0,-21.85,178.651,80.977,0.0665,1.5286,15.09,605.25,0,0.0,0.0103,43.31,-7.7,199.881,85.146,0.068,0.0221,23.26,613.42,2,0.0224,0.0165,12.63,68.59,314.486,155.102,0.1045,0.026,13.43,603.59,0,0.0,0.0072,49.57,-23.25,171.095,77.755,0.0585,0.0732,12.92,603.08,0,0.0001,0.0075,51.49,-28.03,167.166,73.851,0.0595,0.0583,24.11,614.28,2,0.02,0.019,9.43,76.56,329.681,154.178,0.1045,0.0121,22.49,612.65,2,0.0209,0.0164,15.53,61.37,308.473,152.391,0.1065,0.3649,12.39,602.56,0,0.0,0.0079,53.45,-32.91,164.965,79.687,0.0655,0.544,15.92,606.08,3,0.0317,0.002,40.22,230.639,99.098,0.0245,0.0,6.02,596.18,0,0.0,0.0,77.38,95.977,35.08,0.0,0.0,0.085,14,14,0.0,3.6
CON8-4,WDRO,50,17,1113.87,706.39,4.16,710.55,0,0.0,0.0044,83.213,0.0,0.03,0.0,4.03,710.42,0,0.0016,0.0033,3.19,92.38,80.559,0.0,0.028,0.1926,3.99,710.37,0,0.0012,0.0035,4.22,89.93,79.704,0.0,0.029,0.0182,4.05,710.44,0,0.0015,0.0034,2.66,93.65,81.0,0.0,0.028,0.1887,4.02,710.4,0,0.0009,0.0037,3.48,91.68,80.313,0.0,0.029,0.0284,4.09,710.48,0,0.0003,0.0041,1.72,95.9,81.785,0.0,0.0295,0.0273,4.08,710.47,0,0.0003,0.0041,1.91,95.45,81.627,0.0,0.0295,0.0281,3.99,710.37,0,0.0011,0.0035,4.17,90.04,79.743,0.0,0.029,0.0207,3.22,709.61,1,0.0064,0.0026,22.58,46.1,61.43,4.835,0.024,0.0237,4.01,710.4,0,0.0016,0.0033,3.59,91.43,80.225,0.0,0.028,0.3112,4.02,710.41,0,0.0013,0.0034,3.31,92.11,80.462,0.0,0.0285,0.1549,3.24,709.63,0,0.0002,0.0028,22.16,47.1,64.774,0.0,0.0245,1.2375,4.16,710.54,0,0.0,0.004,0.12,99.72,79.344,4.835,0.0295,0.0169,4.0,710.39,0,0.001,0.0036,3.88,90.75,79.988,0.0,0.029,0.0215,3.29,709.67,0,0.0,0.0027,21.03,49.8,63.83,4.835,0.0245,0.0607,3.25,709.64,0,0.0,0.0027,21.8,47.96,63.335,4.835,0.0245,0.0454,4.16,710.55,0,0.0,0.0044,0.0,100.0,83.213,0.0,0.03,0.0102,4.16,710.54,0,0.0004,0.0041,0.12,99.72,83.117,0.0,0.027,0.3226,2.84,709.23,0,0.0,0.0019,31.78,24.13,54.712,5.777,0.0205,0.4316,2.42,708.81,0,0.0044,0.0,41.89,48.359,0.0,0.0,0.0,0.88,707.27,0,0.0,0.0,78.76,17.677,0.0,0.0,0.0,2.275,16,17,0.0,3.0
CON8-4,Gounaris,50,14,993.36,589.34,27.77,617.11,0,0.0,0.0352,395.289,175.972,0.1415,0.0,24.33,613.67,2,0.0242,0.0165,12.39,70.95,320.233,169.716,0.112,0.2215,25.65,614.99,3,0.0318,0.0133,7.64,82.1,315.885,179.668,0.1045,0.0201,24.32,613.65,2,0.0231,0.0171,12.44,70.84,322.54,165.678,0.1125,0.2102,24.95,614.28,2,0.0174,0.0215,10.18,76.13,341.017,159.594,0.1165,0.0275,24.74,614.08,1,0.0131,0.0238,10.91,74.42,343.382,171.741,0.1235,0.0262,24.62,613.95,1,0.0139,0.0231,11.37,73.35,340.737,170.899,0.1225,0.0272,24.83,614.17,2,0.0271,0.0154,10.59,75.16,317.957,167.051,0.11,0.0224,15.57,604.91,6,0.0615,0.01,43.94,-3.0,193.381,91.237,0.0745,0.0274,23.93,613.27,2,0.0237,0.0167,13.82,67.6,317.993,167.798,0.11,0.3954,24.06,613.4,2,0.0222,0.0176,13.36,68.68,321.761,169.314,0.1135,0.1856,15.73,605.06,0,0.0001,0.0116,43.37,-1.67,206.434,90.726,0.0845,1.4555,15.82,605.16,0,0.0,0.0104,43.03,-0.88,196.489,91.661,0.0775,0.0187,23.86,613.2,2,0.0228,0.0171,14.08,66.99,319.299,167.798,0.1115,0.0241,14.17,603.51,0,0.0,0.0079,48.97,-14.79,176.729,85.161,0.0645,0.0703,13.63,602.96,0,0.0002,0.0088,50.93,-19.4,175.635,83.867,0.0725,0.0564,24.47,613.8,3,0.0257,0.0163,11.9,72.11,317.814,171.806,0.107,0.0115,23.26,612.59,2,0.0219,0.0169,16.26,61.89,313.75,167.719,0.112,0.3567,13.09,602.42,0,0.0007,0.008,52.88,-23.97,169.561,82.03,0.07,0.5313,15.93,605.26,3,0.0347,0.0005,42.66,226.911,99.923,0.0055,0.0,5.63,594.96,0,0.0,0.0,79.73,86.769,33.946,0.0,0.0,0.089,14,14,0.0,3.5
CON8-4,Cui,50,13,986.13,553.61,43.51,597.13,0,0.0,0.0579,541.355,285.337,0.1865,0.0,37.73,591.34,3,0.0378,0.0278,13.3,68.73,426.331,240.955,0.1595,0.2434,39.7,593.31,4,0.0481,0.0237,8.78,79.37,424.037,263.516,0.149,0.021,37.78,591.39,3,0.038,0.0278,13.18,69.02,426.842,240.955,0.1595,0.2667,38.69,592.3,3,0.0278,0.0353,11.09,73.94,458.453,249.978,0.1655,0.0279,38.9,592.51,2,0.0205,0.0401,10.6,75.08,464.637,270.169,0.176,0.0311,39.99,593.61,2,0.0187,0.0423,8.1,80.97,480.206,269.936,0.1775,0.0274,38.33,591.95,3,0.0414,0.0264,11.91,72.01,423.6,254.946,0.1565,0.028,26.28,579.89,6,0.077,0.0221,39.61,6.9,301.976,165.528,0.132,0.0274,37.08,590.7,3,0.0372,0.0281,14.78,65.26,421.606,240.79,0.1595,0.5032,37.23,590.84,3,0.0367,0.0283,14.45,66.03,423.323,240.881,0.1595,0.1915,25.32,578.94,0,0.0033,0.0197,41.81,1.73,287.138,165.516,0.126,1.7003,23.54,577.16,0,0.0,0.0148,45.9,-7.89,249.309,138.84,0.1015,0.0192,37.09,590.7,3,0.0363,0.0287,14.76,65.3,423.279,240.79,0.1605,0.0255,22.78,576.39,0,0.0,0.0136,47.66,-12.02,240.532,134.861,0.097,0.0778,21.69,575.3,0,0.0004,0.0144,50.16,-17.9,236.306,133.675,0.1025,0.0637,38.04,591.65,4,0.0433,0.0259,12.58,70.42,420.668,259.815,0.1545,0.0121,36.81,590.42,3,0.0363,0.0283,15.41,63.77,421.025,241.732,0.157,0.4126,21.34,574.96,0,0.0005,0.0143,50.95,-19.77,235.268,128.067,0.105,0.6373,25.0,578.62,5,0.0568,0.0012,42.54,313.815,163.56,0.0105,0.0,8.99,562.61,0,0.0,0.0,79.33,125.179,56.187,0.0,0.0,0.087,13,13,0.0,4.1
CON8-4,MDRO,50,16,1098.85,669.89,7.34,677.22,0,0.0,0.0082,146.719,0.0,0.0455,0.0,7.29,677.18,0,0.0038,0.0058,0.6,98.57,143.118,30.415,0.04,0.2233,7.41,677.29,0,0.004,0.0057,-0.97,102.3,145.725,30.415,0.0395,0.0207,7.34,677.23,0,0.0038,0.0058,-0.09,100.22,143.525,30.415,0.0395,0.2076,7.01,676.89,0,0.0025,0.0063,4.49,89.35,139.233,30.415,0.041,0.0295,7.15,677.03,0,0.0006,0.0076,2.55,93.95,142.977,0.0,0.0445,0.0289,7.15,677.03,0,0.0006,0.0076,2.55,93.95,142.977,0.0,0.0445,0.0376,7.26,677.14,0,0.0037,0.0058,1.04,97.53,143.08,30.415,0.0395,0.0195,5.01,674.89,1,0.0104,0.004,31.73,24.66,95.072,10.382,0.0315,0.0259,7.25,677.14,0,0.0041,0.0057,1.11,97.37,142.069,30.415,0.039,0.3439,7.29,677.18,0,0.0035,0.006,0.59,98.6,142.526,30.415,0.0395,0.1491,5.18,675.06,0,0.0003,0.0042,29.44,30.11,99.345,10.382,0.032,1.3243,7.42,677.3,0,0.0,0.0049,-1.09,102.6,116.295,22.562,0.033,0.016,7.07,676.95,0,0.0033,0.0059,3.65,91.33,140.159,30.415,0.0395,0.0205,4.78,674.67,0,0.0,0.0032,34.8,17.37,86.944,15.263,0.0275,0.0625,4.77,674.65,0,0.0,0.0035,35.03,16.84,88.997,11.072,0.028,0.0575,7.34,677.22,0,0.0,0.0082,0.0,100.0,146.719,0.0,0.0455,0.0143,7.05,676.94,0,0.0027,0.0063,3.85,90.87,141.077,0.0,0.0405,0.3474,4.42,674.31,0,0.0,0.0031,39.72,5.7,82.706,10.747,0.027,0.499,4.25,674.13,0,0.0081,0.0,42.12,84.92,0.0,0.0005,0.0,1.48,671.36,0,0.0,0.0,79.87,29.538,0.0,0.0,0.0,0.138,16,16,0.0,3.3
CON8-6,Det,50,9,688.46,383.85,217.6,601.44,0,0.0,0.3601,592.928,559.704,0.7185,0.0,192.01,575.86,5,0.192,0.2089,11.76,59.22,495.539,465.687,0.685,0.3068,197.7,581.55,5,0.2661,0.173,9.14,68.29,479.01,450.928,0.659,0.0253,191.72,575.57,5,0.201,0.2028,11.89,58.76,494.303,465.814,0.6805,0.3033,208.03,591.87,3,0.1559,0.2579,4.4,84.75,543.376,513.973,0.694,0.0281,196.16,580.01,4,0.1486,0.2401,9.85,65.84,529.525,497.439,0.6875,0.0274,199.32,583.17,3,0.1151,0.2639,8.4,70.87,536.039,505.992,0.6935,0.0236,193.81,577.65,5,0.2457,0.1793,10.93,62.09,483.189,455.631,0.661,0.0261,213.74,597.59,2,0.0473,0.3422,1.77,93.85,576.205,559.033,0.711,0.0288,190.62,574.47,5,0.2116,0.1961,12.4,57.01,493.162,466.287,0.6735,0.6598,191.9,575.75,5,0.2118,0.1969,11.81,59.05,493.284,465.464,0.679,0.209,190.52,574.37,5,0.1941,0.2003,12.44,56.85,485.79,455.825,0.68,1.7313,190.18,574.02,4,0.1987,0.193,12.6,56.3,489.6,461.843,0.67,0.0242,190.37,574.21,5,0.2097,0.1969,12.51,56.6,493.439,466.287,0.673,0.034,188.68,572.52,5,0.2082,0.1922,13.29,53.91,481.361,450.887,0.6715,0.0985,188.15,572.0,5,0.2019,0.1927,13.53,53.08,482.095,451.109,0.6715,0.0761,190.31,574.16,5,0.2123,0.1948,12.54,56.51,489.344,463.948,0.673,0.0108,189.14,572.99,5,0.2073,0.1957,13.08,54.65,488.154,460.748,0.6755,0.3266,187.22,571.07,5,0.1909,0.1949,13.96,51.59,481.581,448.229,0.676,0.6192,154.85,538.7,6,0.2436,0.1165,28.84,448.416,410.094,0.5775,0.0,148.6,532.45,0,0.0,0.0,31.71,432.821,405.505,0.0,0.0,0.088,5,9,0.0,4.3
CON8-6,SAA,50,14,860.66,576.07,17.31,593.38,0,0.0,0.0217,264.295,111.822,0.113,0.0,15.32,591.39,1,0.013,0.0115,11.51,72.53,219.024,104.419,0.092,0.2289,15.88,591.95,2,0.0169,0.0099,8.26,80.3,216.016,106.502,0.0855,0.027,15.21,591.27,1,0.0126,0.0117,12.16,70.98,218.587,104.419,0.092,0.244,15.71,591.78,1,0.0095,0.0141,9.26,77.9,231.382,107.943,0.0945,0.0295,16.08,592.15,1,0.0094,0.0147,7.1,83.06,233.248,104.419,0.0985,0.028,15.66,591.73,1,0.0093,0.0142,9.53,77.27,228.865,104.419,0.098,0.0287,15.74,591.8,2,0.016,0.0103,9.1,78.29,217.287,109.545,0.088,0.0247,9.82,585.88,3,0.038,0.0069,43.3,-3.31,135.623,61.392,0.057,0.0264,15.35,591.42,1,0.0137,0.0112,11.35,72.93,218.338,104.419,0.0905,0.4239,15.23,591.3,1,0.0125,0.0118,12.03,71.29,218.83,104.419,0.0925,0.1755,9.94,586.01,0,0.0002,0.0067,42.58,-1.6,136.409,61.401,0.0565,1.5315,10.57,586.63,0,0.0,0.0081,38.97,7.01,147.751,67.82,0.0645,0.0193,15.15,591.21,1,0.013,0.0114,12.51,70.16,216.768,102.858,0.0905,0.027,8.88,584.94,0,0.0002,0.0046,48.72,-16.25,113.381,51.096,0.045,0.0765,9.13,585.19,0,0.0004,0.0055,47.28,-12.82,120.06,59.313,0.054,0.0636,16.09,592.16,1,0.0104,0.0142,7.04,83.19,231.722,104.419,0.097,0.0117,14.86,590.93,1,0.013,0.0111,14.17,66.19,212.67,98.035,0.093,0.36,8.6,584.67,0,0.0,0.0054,50.33,-20.09,115.001,58.421,0.0535,0.5512,10.06,586.12,2,0.0215,0.0002,41.91,153.472,64.746,0.0025,0.0,3.22,579.28,0,0.0,0.0,81.41,53.065,16.795,0.0,0.0,2.98,13,14,0.0,3.7
CON8-6,WDRO,50,17,1004.81,695.48,2.62,698.1,0,0.0,0.0028,52.438,0.0,0.0245,0.0,2.56,698.04,0,0.0009,0.0022,2.49,94.0,51.133,0.0,0.0215,0.2036,2.64,698.12,0,0.0012,0.0021,-0.54,101.3,52.722,0.0,0.021,0.0207,2.56,698.04,0,0.0009,0.0022,2.49,94.0,51.133,0.0,0.0215,0.2073,2.57,698.05,0,0.0001,0.0027,1.85,95.54,51.468,0.0,0.024,0.0325,2.55,698.03,0,0.0003,0.0026,2.9,93.01,50.917,0.0,0.0225,0.0294,2.55,698.03,0,0.0003,0.0026,2.9,93.01,50.917,0.0,0.0225,0.0317,2.62,698.1,0,0.001,0.0022,0.16,99.62,52.355,0.0,0.022,0.0234,2.32,697.8,0,0.0026,0.0021,11.43,72.44,46.442,0.0,0.0205,0.0291,2.56,698.04,0,0.0009,0.0022,2.21,94.66,51.278,0.0,0.0215,0.3456,2.5,697.98,0,0.0007,0.0023,4.5,89.16,50.08,0.0,0.0215,0.1669,2.27,697.75,0,0.0008,0.0017,13.46,67.55,45.38,0.0,0.0185,1.4408,2.62,698.1,0,0.0,0.0028,0.0,100.0,52.438,0.0,0.0245,0.0185,2.56,698.04,0,0.0007,0.0023,2.38,94.26,51.191,0.0,0.022,0.0244,2.05,697.53,0,0.0001,0.0016,21.85,47.32,40.979,0.0,0.0185,0.0683,1.98,697.46,0,0.0001,0.0013,24.52,40.9,38.298,6.549,0.0165,0.0523,2.62,698.1,0,0.0,0.0028,0.0,100.0,52.438,0.0,0.0245,0.0114,2.63,698.11,0,0.0006,0.0025,-0.13,100.31,52.506,0.0,0.022,0.3478,1.96,697.44,0,0.0,0.0014,25.4,38.76,39.02,4.855,0.0155,0.5072,1.53,697.02,0,0.0028,0.0,41.48,30.685,0.0,0.0,0.0,0.59,696.07,0,0.0,0.0,77.58,11.755,0.0,0.0,0.0,7.904,15,17,0.0,3.4
CON8-6,Gounaris,50,13,854.05,540.41,29.01,569.42,0,0.0,0.0394,362.608,220.683,0.172,0.0,25.38,565.78,3,0.0302,0.0163,12.53,69.6,279.496,176.92,0.131,0.217,27.31,567.72,3,0.0373,0.0142,5.87,85.76,282.543,179.676,0.116,0.0198,25.39,565.79,3,0.0301,0.0164,12.5,69.67,279.666,176.92,0.131,0.2122,26.49,566.9,2,0.019,0.0247,8.7,78.91,309.393,186.17,0.1475,0.0256,25.4,565.81,2,0.0244,0.02,12.45,69.81,293.055,180.327,0.138,0.0265,25.13,565.54,2,0.0232,0.0204,13.37,67.56,291.186,180.132,0.141,0.0255,26.17,566.57,3,0.0338,0.0152,9.81,76.2,280.45,178.584,0.1225,0.0214,19.09,559.5,4,0.0517,0.0179,34.19,17.07,224.505,119.435,0.1225,0.0263,24.82,565.22,3,0.0276,0.0174,14.47,64.9,283.44,175.413,0.131,0.3575,25.22,565.63,3,0.0298,0.0165,13.08,68.28,278.458,175.736,0.131,0.1812,18.4,558.81,0,0.0042,0.0158,36.57,11.3,215.996,119.224,0.1195,1.5102,17.84,558.24,0,0.0,0.0154,38.53,6.55,209.515,104.181,0.11,0.0191,24.74,565.15,3,0.0275,0.0174,14.72,64.3,281.785,175.274,0.1305,0.0243,16.73,557.13,0,0.0004,0.0135,42.35,-2.72,203.309,96.506,0.097,0.0676,16.84,557.24,0,0.0016,0.0137,41.96,-1.78,205.285,94.284,0.0995,0.0532,25.14,565.54,2,0.0236,0.0202,13.37,67.58,289.111,178.446,0.1405,0.0108,24.8,565.2,2,0.0254,0.0188,14.53,64.75,281.708,176.447,0.142,0.3655,16.1,556.51,0,0.0018,0.012,44.51,-7.95,186.388,95.177,0.0965,0.5018,17.05,557.46,4,0.039,0.0004,41.23,212.985,129.382,0.005,0.0,6.95,547.35,0,0.0,0.0,76.06,95.968,41.743,0.0,0.0,0.083,11,13,0.0,3.5
CON8-6,Cui,50,13,856.51,540.65,29.29,569.94,0,0.0,0.039,392.745,195.04,0.1595,0.0,26.26,566.91,2,0.0248,0.0205,10.33,74.99,325.579,185.036,0.1325,0.2209,27.03,567.68,3,0.0323,0.0169,7.72,81.3,318.867,193.768,0.127,0.0177,26.32,566.97,2,0.0245,0.0207,10.13,75.46,326.777,183.546,0.133,0.2102,26.41,567.06,2,0.0167,0.0253,9.84,76.16,342.609,181.046,0.14,0.027,27.75,568.4,1,0.0115,0.0301,5.24,87.31,363.317,190.811,0.147,0.0225,27.47,568.12,1,0.0102,0.0305,6.2,84.97,363.567,181.555,0.147,0.0272,26.35,567.0,3,0.0275,0.019,10.03,75.69,321.276,177.47,0.131,0.0199,19.11,559.76,3,0.037,0.0195,34.75,15.84,258.895,123.144,0.1125,0.0268,25.93,566.58,3,0.0269,0.019,11.46,72.23,320.55,179.398,0.13,0.375,26.42,567.07,2,0.0239,0.0213,9.78,76.31,328.857,183.546,0.134,0.1727,19.21,559.86,1,0.0059,0.0157,34.42,16.62,245.338,126.083,0.108,1.6314,19.04,559.69,0,0.0,0.0143,34.99,15.24,227.482,106.466,0.0955,0.0205,25.65,566.31,2,0.0251,0.0197,12.41,69.95,318.557,177.256,0.133,0.026,17.98,558.63,0,0.0018,0.0144,38.63,6.44,220.846,108.247,0.106,0.0662,17.71,558.36,0,0.0018,0.0147,39.54,4.22,219.512,104.144,0.1075,0.0573,26.06,566.71,2,0.0235,0.0211,11.02,73.32,321.776,181.138,0.138,0.0097,25.45,566.1,2,0.0244,0.0198,13.1,68.27,316.386,181.133,0.1315,0.353,16.47,557.12,0,0.0015,0.0126,43.78,-6.05,202.363,97.183,0.098,0.5982,17.2,557.85,3,0.0374,0.0015,41.28,230.109,124.883,0.0185,0.0,7.44,548.1,0,0.0,0.0,74.58,108.875,47.863,0.0,0.0,3.118,11,13,0.0,3.7
CON8-6,MDRO,50,17,983.95,693.4,2.47,695.87,0,0.0,0.0026,49.438,0.0,0.0205,0.0,2.48,695.87,0,0.0015,0.0018,-0.2,100.52,49.538,0.0,0.017,0.2409,2.48,695.88,0,0.0015,0.0017,-0.35,100.92,49.613,0.0,0.017,0.0267,2.48,695.87,0,0.0015,0.0018,-0.2,100.52,49.538,0.0,0.017,0.2374,2.36,695.76,0,0.0006,0.0022,4.37,88.66,47.28,0.0,0.019,0.0407,2.36,695.75,0,0.0004,0.0023,4.7,87.79,47.114,0.0,0.019,0.0304,2.4,695.79,0,0.0003,0.0024,3.05,92.07,47.929,0.0,0.019,0.0402,2.48,695.87,0,0.0015,0.0017,-0.29,100.75,49.58,0.0,0.017,0.0335,1.76,695.16,1,0.0047,0.0013,28.77,25.25,34.566,4.617,0.0135,0.024,2.46,695.85,0,0.0016,0.0017,0.56,98.55,49.163,0.0,0.017,0.394,2.43,695.82,0,0.0014,0.0018,1.78,95.39,48.56,0.0,0.0175,0.2185,1.8,695.19,0,0.0006,0.0011,27.38,28.87,34.887,4.617,0.0125,1.7621,2.21,695.61,0,0.0,0.0021,10.5,72.72,43.969,4.617,0.0175,0.0208,2.37,695.76,0,0.0013,0.0018,4.14,89.23,47.389,0.0,0.017,0.0343,1.79,695.18,0,0.0004,0.0012,27.68,28.1,35.756,0.0,0.0135,0.0871,1.73,695.13,0,0.0004,0.0011,29.92,22.28,34.648,0.0,0.0135,0.06,2.47,695.87,0,0.0,0.0026,0.0,100.0,49.438,0.0,0.0205,0.0105,2.34,695.73,0,0.0009,0.002,5.51,85.69,46.714,0.0,0.018,0.416,1.69,695.09,0,0.0,0.0011,31.58,17.97,33.828,0.0,0.012,0.5731,1.52,694.92,0,0.0024,0.0002,38.49,30.409,0.0,0.004,0.0,0.65,694.04,0,0.0,0.0,73.82,12.944,0.0,0.0,0.0,4.189,16,17,0.0,4.1
CON8-7,Det,50,9,829.46,397.95,229.25,627.2,0,0.0,0.3718,638.366,617.88,0.6995,0.0,191.68,589.63,5,0.2426,0.1775,16.39,52.92,506.526,472.238,0.626,0.3103,195.87,593.82,6,0.3348,0.1322,14.56,58.17,491.401,448.349,0.547,0.0337,191.0,588.94,5,0.2322,0.1826,16.69,52.06,517.312,481.963,0.6265,0.3323,208.22,606.17,5,0.2448,0.2026,9.17,73.65,549.032,510.623,0.624,0.0268,203.4,601.34,4,0.202,0.2179,11.28,67.6,585.747,547.181,0.6145,0.0262,211.12,609.07,3,0.1288,0.2667,7.91,77.28,589.968,556.801,0.666,0.0265,191.82,589.76,6,0.2969,0.1475,16.33,53.09,496.791,465.442,0.582,0.0266,217.85,615.8,2,0.092,0.3327,4.97,85.71,609.368,584.824,0.686,0.0374,190.54,588.49,5,0.2374,0.1789,16.89,51.49,516.433,479.269,0.6235,0.6667,190.66,588.6,5,0.2432,0.1756,16.84,51.64,514.973,479.269,0.6175,0.2147,187.21,585.16,5,0.1971,0.1782,18.34,47.32,509.2,466.274,0.62,2.0746,184.9,582.84,4,0.1806,0.1808,19.35,44.42,512.873,479.578,0.613,0.0215,190.63,588.58,5,0.2427,0.1764,16.85,51.6,516.904,479.047,0.62,0.0363,182.48,580.43,4,0.1886,0.1764,20.4,41.39,506.979,461.195,0.618,0.0997,181.95,579.89,4,0.1837,0.1778,20.63,40.72,505.436,459.054,0.616,0.0803,190.7,588.65,6,0.2553,0.1694,16.82,51.7,512.734,475.772,0.607,0.0125,189.18,587.12,6,0.2644,0.162,17.48,49.78,506.229,470.315,0.5975,0.3775,181.59,579.54,5,0.2056,0.1654,20.79,40.28,497.224,450.748,0.599,0.6909,149.45,547.39,6,0.2836,0.0883,34.81,474.597,437.571,0.409,0.0,136.33,534.28,0,0.0,0.0,40.53,456.98,409.821,0.0,0.0,0.089,7,9,0.0,4.8
CON8-7,SAA,50,14,1064.1,596.41,16.19,612.6,0,0.0,0.0203,244.316,110.415,0.114,0.0,14.56,610.97,1,0.0135,0.0103,10.1,75.62,203.39,92.265,0.091,0.2244,15.84,612.25,2,0.0193,0.0081,2.19,94.72,213.185,111.257,0.08,0.0236,14.54,610.95,1,0.0135,0.0102,10.18,75.41,203.111,92.265,0.091,0.2176,14.81,611.22,1,0.0088,0.0133,8.56,79.34,215.107,92.904,0.099,0.0265,14.77,611.18,1,0.0082,0.0137,8.76,78.85,215.831,92.254,0.0995,0.0255,14.91,611.32,1,0.0087,0.0135,7.95,80.81,215.594,92.691,0.0995,0.0267,15.36,611.76,1,0.0171,0.0089,5.18,87.5,210.509,96.169,0.0845,0.0221,11.08,607.49,4,0.0458,0.0068,31.61,23.69,138.369,68.978,0.061,0.0263,14.37,610.78,1,0.0138,0.01,11.27,72.79,201.997,91.425,0.0885,0.3904,14.5,610.91,1,0.0134,0.0103,10.48,74.69,203.731,91.73,0.0905,0.1725,10.67,607.08,0,0.0021,0.0075,34.13,17.59,147.652,71.27,0.0685,1.5481,11.58,607.99,0,0.0,0.0068,28.46,31.27,146.531,68.345,0.0585,0.0197,14.29,610.7,1,0.0134,0.0101,11.74,71.66,201.607,91.42,0.0895,0.026,9.65,606.06,0,0.0,0.006,40.43,2.38,130.193,59.345,0.056,0.0708,9.47,605.88,0,0.0008,0.0058,41.54,-0.3,128.331,57.036,0.0575,0.0555,15.79,612.2,2,0.0174,0.0097,2.52,93.93,212.217,95.703,0.087,0.0111,14.18,610.59,1,0.012,0.0108,12.43,70.0,201.483,90.814,0.0905,0.3505,8.88,605.29,0,0.0005,0.0061,45.16,-9.04,127.163,63.376,0.0595,0.5189,9.49,605.9,2,0.0199,0.0004,41.42,143.393,63.501,0.0055,0.0,3.83,600.24,0,0.0,0.0,76.33,63.464,20.933,0.0,0.0,2.571,14,14,0.0,3.6
CON8-7,WDRO,50,17,1227.61,717.76,3.3,721.06,0,0.0,0.0034,66.061,0.0,0.0295,0.0,3.09,720.86,0,0.0021,0.002,6.33,84.41,61.882,0.0,0.024,0.1806,3.15,720.91,0,0.0021,0.002,4.67,88.51,62.979,0.0,0.024,0.0164,3.09,720.86,0,0.0021,0.002,6.33,84.41,61.882,0.0,0.024,0.1769,3.22,720.98,0,0.0009,0.0028,2.56,93.71,64.373,0.0,0.0265,0.0248,3.11,720.87,0,0.0006,0.0029,5.73,85.88,62.275,0.0,0.026,0.0239,3.2,720.96,0,0.0004,0.0031,3.15,92.23,63.978,0.0,0.0265,0.0257,3.11,720.87,0,0.0021,0.002,5.98,85.27,62.112,0.0,0.024,0.0184,2.02,719.78,0,0.0033,0.0016,38.75,4.54,40.465,0.0,0.02,0.0212,3.01,720.77,0,0.0021,0.002,9.0,77.82,60.115,0.0,0.0235,0.2845,3.01,720.77,0,0.0019,0.0021,8.97,77.91,60.137,0.0,0.0245,0.1383,2.22,719.98,0,0.0006,0.0015,32.8,19.2,44.395,0.0,0.02,1.1469,3.04,720.81,0,0.0,0.0027,7.84,80.67,57.848,6.062,0.024,0.0147,2.96,720.73,0,0.0018,0.0021,10.27,74.71,59.279,0.0,0.0245,0.0198,2.12,719.88,0,0.0003,0.0014,35.73,11.99,41.733,6.062,0.0185,0.0643,2.07,719.83,0,0.0003,0.0014,37.42,7.81,40.675,6.062,0.0185,0.0419,3.3,721.06,0,0.0,0.0034,0.0,100.0,66.061,0.0,0.0295,0.009,2.93,720.7,0,0.0018,0.0021,11.16,72.52,58.692,0.0,0.0225,0.319,2.02,719.78,0,0.0,0.0012,38.83,4.33,38.084,6.706,0.0185,0.3945,1.96,719.72,0,0.0033,0.0002,40.59,39.247,0.0,0.003,0.0,0.67,718.43,0,0.0,0.0,79.61,13.473,0.0,0.0,0.0,1.908,16,17,0.0,2.8
CON8-7,Gounaris,50,14,1070.68,597.07,15.52,612.59,0,0.0,0.0199,235.732,105.132,0.1125,0.0,14.18,611.24,1,0.0119,0.0112,8.68,79.81,198.72,100.039,0.1,0.1974,14.89,611.96,1,0.016,0.0092,4.08,90.5,201.964,101.312,0.0905,0.0187,14.19,611.26,1,0.0119,0.0112,8.59,80.02,199.007,100.039,0.1,0.193,14.0,611.07,1,0.0104,0.0119,9.81,77.19,202.11,91.465,0.094,0.0232,13.99,611.06,1,0.0083,0.0133,9.89,77.0,204.599,93.042,0.0995,0.0228,14.06,611.12,1,0.0077,0.0136,9.46,78.0,206.953,93.77,0.1005,0.0234,14.76,611.83,1,0.0154,0.0095,4.91,88.59,202.308,103.474,0.091,0.0195,9.64,606.71,3,0.0439,0.0057,37.9,11.87,121.982,66.977,0.058,0.0218,13.75,610.82,1,0.0119,0.0109,11.43,73.43,194.248,93.042,0.098,0.3434,14.14,611.21,1,0.0119,0.0112,8.91,79.29,198.357,100.039,0.1,0.1487,9.4,606.47,0,0.0039,0.0057,39.45,8.28,129.29,66.278,0.0605,1.2724,10.07,607.14,0,0.0,0.0067,35.11,18.35,138.355,59.345,0.054,0.0245,13.65,610.72,1,0.0116,0.0109,12.07,71.95,193.037,91.531,0.098,0.0213,8.49,605.56,0,0.0,0.0049,45.29,-5.31,117.444,52.08,0.0485,0.0618,8.33,605.4,0,0.0005,0.0047,46.35,-7.78,114.707,56.145,0.0475,0.0482,14.25,611.31,1,0.01,0.0126,8.23,80.86,207.112,93.039,0.095,0.0094,13.42,610.49,1,0.0132,0.0097,13.56,68.48,189.57,91.465,0.089,0.3191,8.07,605.14,0,0.0004,0.0049,47.99,-11.58,112.456,59.345,0.0525,0.465,8.85,605.92,2,0.0197,0.0002,43.01,134.697,60.061,0.0025,0.0,3.16,600.23,0,0.0,0.0,79.62,52.454,17.766,0.0,0.0,2.543,14,14,0.0,3.1
CON8-7,Cui,50,13,989.76,553.98,27.98,581.96,0,0.0,0.037,377.893,190.366,0.152,0.0,24.41,578.38,3,0.0277,0.016,12.77,68.44,295.386,174.208,0.1155,0.2196,25.4,579.38,3,0.0356,0.0123,9.23,77.19,293.868,174.248,0.1,0.0201,24.34,578.32,2,0.0276,0.016,13.02,67.82,295.625,174.208,0.1155,0.2237,24.82,578.79,2,0.0222,0.0198,11.31,72.04,315.468,172.981,0.124,0.0257,24.45,578.43,2,0.018,0.0218,12.61,68.83,316.471,172.563,0.1325,0.0236,25.03,579.01,1,0.0154,0.024,10.54,73.96,330.373,174.22,0.1355,0.0245,24.96,578.93,3,0.0335,0.0131,10.81,73.29,294.344,168.867,0.1025,0.0208,17.96,571.94,4,0.0438,0.0155,35.81,11.49,237.307,106.637,0.097,0.0242,23.95,577.92,2,0.0275,0.0158,14.43,64.34,292.67,173.447,0.115,0.4004,24.44,578.41,3,0.0278,0.016,12.67,68.69,295.985,174.208,0.1165,0.1696,17.42,571.4,1,0.0054,0.0118,37.74,6.72,218.922,104.63,0.089,1.5352,19.92,573.9,1,0.0053,0.009,28.8,28.81,210.538,119.687,0.0705,0.0175,23.77,577.75,3,0.0277,0.0155,15.05,62.81,291.029,166.367,0.1125,0.0256,16.71,570.69,0,0.0,0.0115,40.28,0.43,213.819,109.619,0.084,0.0757,15.57,569.54,0,0.0048,0.0097,44.37,-9.67,195.24,101.374,0.0805,0.0639,24.69,578.67,2,0.0255,0.0178,11.77,70.92,301.088,166.421,0.121,0.0109,23.2,577.17,2,0.0247,0.0165,17.1,57.73,290.458,162.183,0.119,0.3447,15.28,569.25,0,0.0031,0.0098,45.41,-12.23,192.344,94.448,0.0805,0.5496,16.66,570.64,3,0.0347,0.0023,40.46,222.396,125.027,0.028,0.0,7.89,561.86,0,0.0,0.0,71.81,116.366,59.822,0.0,0.0,6.08,13,13,0.0,3.6
CON8-7,MDRO,50,17,1231.4,718.14,2.86,721.0,0,0.0,0.0029,57.22,0.0,0.0245,0.0,2.76,720.9,0,0.0026,0.0013,3.41,91.65,55.271,0.0,0.016,0.3588,2.73,720.87,0,0.0025,0.0013,4.55,88.83,54.615,0.0,0.0165,0.0279,2.76,720.9,0,0.0026,0.0013,3.41,91.65,55.271,0.0,0.016,0.3292,2.66,720.8,0,0.0012,0.002,6.87,83.14,53.286,0.0,0.0185,0.0359,2.84,720.98,0,0.0007,0.0025,0.84,97.94,56.74,0.0,0.0215,0.0426,2.78,720.92,0,0.0004,0.0026,2.88,92.93,55.572,0.0,0.022,0.0443,2.71,720.85,0,0.0025,0.0013,5.29,87.02,54.191,0.0,0.0165,0.0244,1.56,719.7,1,0.0059,0.0008,45.46,-11.46,29.784,5.092,0.01,0.0426,2.84,720.98,0,0.0026,0.0014,0.82,97.99,56.751,0.0,0.0165,0.5365,2.71,720.85,0,0.0024,0.0014,5.18,87.3,54.256,0.0,0.016,0.2561,1.65,719.79,0,0.0,0.0007,42.31,-3.76,29.954,5.092,0.0085,2.0905,2.63,720.77,0,0.0,0.002,8.05,80.27,47.944,7.082,0.017,0.0245,2.66,720.8,0,0.0023,0.0014,6.98,82.88,53.225,0.0,0.017,0.0438,1.42,719.56,0,0.0,0.0006,50.29,-23.31,26.918,5.092,0.0085,0.1005,1.42,719.56,0,0.0,0.0006,50.29,-23.31,26.918,5.092,0.0085,0.0987,2.86,721.0,0,0.0,0.0029,0.0,100.0,57.22,0.0,0.0245,0.0142,2.55,720.69,0,0.0018,0.0016,11.0,73.02,50.925,0.0,0.017,0.5157,1.51,719.65,0,0.0,0.0008,47.24,-15.83,29.274,5.092,0.0105,0.7616,1.69,719.83,0,0.0029,0.0001,40.78,33.885,0.0,0.001,0.0,0.57,718.7,0,0.0,0.0,80.24,11.308,0.0,0.0,0.0,2.733,16,17,0.0,5.1
CON8-8,Det,50,9,783.97,393.4,265.08,658.48,0,0.0,0.4161,639.425,630.453,0.7415,0.0,233.61,627.01,5,0.1927,0.2583,11.87,52.69,556.185,523.086,0.7135,0.2671,235.83,629.22,5,0.2442,0.2327,11.04,56.02,546.627,517.897,0.699,0.0224,233.58,626.98,5,0.2052,0.2513,11.88,52.64,554.565,521.724,0.709,0.2553,249.31,642.71,4,0.1982,0.2823,5.95,76.29,579.496,548.067,0.7125,0.0304,238.4,631.8,4,0.1624,0.2836,10.06,59.89,585.819,556.726,0.712,0.03,237.82,631.22,4,0.1639,0.2801,10.28,59.02,577.411,539.076,0.7215,0.0265,234.7,628.1,5,0.2371,0.2348,11.46,54.33,547.042,518.902,0.701,0.0279,258.75,652.15,2,0.0741,0.3838,2.39,90.48,654.657,642.713,0.723,0.0403,232.56,625.95,5,0.2054,0.2497,12.27,51.1,554.938,523.137,0.7085,0.5467,233.7,627.09,5,0.2107,0.2484,11.84,52.82,553.493,521.572,0.7065,0.2052,230.63,624.03,4,0.1582,0.2581,13.0,48.21,557.211,525.176,0.709,2.003,230.15,623.55,5,0.1744,0.2469,13.18,47.49,558.966,525.856,0.7015,0.0213,232.56,625.96,5,0.2143,0.2446,12.27,51.11,551.728,521.572,0.7045,0.0269,231.34,624.74,5,0.2088,0.2434,12.73,49.28,551.434,521.271,0.7025,0.0816,227.81,621.2,5,0.1801,0.2441,14.06,43.96,553.689,523.069,0.6995,0.0735,232.99,626.38,5,0.2201,0.2424,12.11,51.75,551.785,521.255,0.7025,0.0118,231.53,624.93,5,0.2162,0.2422,12.66,49.56,549.548,519.962,0.704,0.3689,228.26,621.66,5,0.1744,0.2455,13.89,44.64,553.262,523.069,0.702,0.5911,198.56,591.96,6,0.2422,0.1739,25.09,529.026,489.259,0.644,0.0,184.65,578.04,0,0.0,0.0,30.34,526.383,484.468,0.0,0.0,0.093,3,9,0.0,4.4
CON8-8,SAA,50,14,1013.64,591.36,23.5,614.86,0,0.0,0.0286,356.447,176.287,0.1165,0.0,20.91,612.27,2,0.0194,0.014,11.01,74.17,289.89,164.643,0.0965,0.2522,22.51,613.88,3,0.0269,0.0112,4.18,90.19,294.272,164.699,0.088,0.0219,20.91,612.27,2,0.0194,0.014,11.01,74.17,289.89,164.643,0.0965,0.2485,20.66,612.03,1,0.014,0.017,12.07,71.69,300.887,155.111,0.1005,0.0273,21.96,613.32,1,0.0111,0.0203,6.55,84.63,317.836,164.488,0.106,0.0251,21.84,613.21,1,0.0117,0.0198,7.04,83.48,315.817,165.413,0.1045,0.0258,21.33,612.69,2,0.0225,0.0126,9.23,78.33,287.974,170.845,0.092,0.022,12.48,603.85,4,0.0409,0.0084,46.87,-9.96,168.969,89.252,0.071,0.0248,20.52,611.89,2,0.02,0.0134,12.66,70.3,286.671,166.042,0.0955,0.4307,20.85,612.21,2,0.0191,0.0142,11.28,73.53,289.471,164.643,0.0965,0.165,12.58,603.95,0,0.0008,0.0079,46.45,-8.97,169.836,93.676,0.0695,1.4841,13.5,604.87,0,0.0,0.0076,42.54,0.2,172.588,94.186,0.065,0.0206,20.44,611.81,2,0.019,0.014,12.99,69.51,287.996,166.196,0.0955,0.025,12.38,603.74,0,0.0,0.007,47.31,-11.01,161.767,83.018,0.0625,0.0709,12.47,603.84,0,0.0007,0.0073,46.92,-10.09,164.988,89.032,0.064,0.0579,21.09,612.46,2,0.0166,0.016,10.22,76.01,298.037,160.131,0.096,0.0114,20.17,611.53,2,0.0174,0.0145,14.18,66.73,285.893,155.749,0.0965,0.3884,11.51,602.87,0,0.0,0.0068,51.01,-19.68,154.242,82.233,0.0625,0.51,13.48,604.85,3,0.0285,0.0001,42.62,204.568,101.318,0.0015,0.0,4.67,596.04,0,0.0,0.0,80.11,72.44,33.827,0.0,0.0,0.091,14,14,0.0,3.6
CON8-8,WDRO,50,17,1161.63,711.16,2.5,713.67,0,0.0,0.0026,50.045,0.0,0.0225,0.0,2.8,713.96,0,0.0024,0.0015,-11.89,129.05,55.994,0.0,0.0165,0.185,3.26,714.42,0,0.0032,0.0014,-30.28,174.0,65.199,0.0,0.0155,0.0173,2.8,713.96,0,0.0024,0.0015,-11.89,129.05,55.994,0.0,0.0165,0.17,2.46,713.62,0,0.0013,0.0018,1.8,95.61,49.147,0.0,0.0175,0.0252,2.4,713.57,0,0.0005,0.0022,3.93,90.39,48.077,0.0,0.0195,0.0239,2.4,713.57,0,0.0005,0.0022,3.93,90.39,48.077,0.0,0.0195,0.0245,2.71,713.88,0,0.0021,0.0015,-8.39,120.51,54.245,0.0,0.0165,0.0185,1.7,712.87,1,0.0056,0.001,31.91,22.02,33.238,5.743,0.0135,0.0216,2.71,713.87,0,0.0021,0.0015,-8.15,119.92,54.125,0.0,0.0165,0.2787,2.71,713.87,0,0.0021,0.0016,-8.32,120.34,54.21,0.0,0.0165,0.149,1.66,712.83,0,0.0,0.0009,33.5,18.14,33.014,5.396,0.013,1.1636,2.99,714.15,0,0.0,0.0021,-19.37,147.34,51.64,7.469,0.0195,0.015,2.62,713.78,0,0.0019,0.0016,-4.75,111.6,52.42,0.0,0.0165,0.0202,1.61,712.78,0,0.0,0.0008,35.54,13.15,31.29,6.686,0.0115,0.0591,1.61,712.77,0,0.0,0.0008,35.7,12.76,31.209,6.686,0.0115,0.0438,2.5,713.67,0,0.0,0.0026,0.0,100.0,50.045,0.0,0.0225,0.0092,2.39,713.55,0,0.001,0.0019,4.59,88.78,47.748,0.0,0.018,0.2851,1.37,712.54,0,0.0,0.0007,45.07,-10.15,27.488,0.0,0.0115,0.4313,1.48,712.64,0,0.0026,0.0,40.92,29.567,0.0,0.0005,0.0,0.44,711.61,0,0.0,0.0,82.32,8.847,0.0,0.0,0.0,1.925,17,17,0.0,2.8
CON8-8,Gounaris,50,14,987.14,588.71,24.79,613.51,0,0.0,0.0299,342.22,177.216,0.135,0.0,22.02,610.74,2,0.0227,0.0134,11.17,72.95,274.626,168.138,0.1035,0.2397,23.32,612.04,3,0.0288,0.011,5.93,85.64,280.153,174.467,0.0955,0.021,22.02,610.74,2,0.0227,0.0134,11.17,72.95,274.626,168.138,0.1035,0.2533,22.78,611.49,2,0.0151,0.0183,8.12,80.34,302.527,160.053,0.106,0.0399,22.49,611.21,2,0.0146,0.0185,9.28,77.53,295.44,160.821,0.1085,0.0263,22.05,610.76,1,0.0134,0.0187,11.07,73.2,292.725,160.09,0.112,0.0361,22.79,611.5,3,0.0271,0.0115,8.08,80.45,274.715,171.769,0.096,0.0278,14.78,603.49,4,0.0486,0.0102,40.4,2.2,184.742,99.065,0.0825,0.0262,21.89,610.6,2,0.0236,0.0128,11.72,71.62,272.682,164.412,0.099,0.4123,21.83,610.55,2,0.0224,0.0135,11.95,71.08,272.717,166.87,0.103,0.1888,14.51,603.22,0,0.001,0.0093,41.48,-0.42,178.69,98.139,0.0805,1.6767,14.67,603.38,0,0.0,0.0072,40.84,1.13,170.958,91.116,0.063,0.0251,21.76,610.47,2,0.0227,0.0131,12.25,70.34,270.46,163.94,0.102,0.0254,13.46,602.17,0,0.0,0.0077,45.71,-10.67,165.884,90.783,0.0705,0.076,13.38,602.09,0,0.0015,0.0076,46.05,-11.47,162.967,91.728,0.071,0.068,22.38,611.09,2,0.0194,0.0158,9.75,76.4,285.988,160.838,0.1,0.0118,21.25,609.96,2,0.0182,0.0152,14.31,65.36,276.423,164.557,0.108,0.3734,12.72,601.44,0,0.0008,0.0074,48.68,-17.85,157.584,83.141,0.0685,0.6423,14.55,603.27,3,0.0289,0.001,41.31,200.917,102.074,0.014,0.0,5.68,594.4,0,0.0,0.0,77.08,85.484,36.637,0.0,0.0,0.097,14,14,0.0,4.0
CON8-8,Cui,50,13,985.02,553.5,34.94,588.44,0,0.0,0.0466,478.786,281.602,0.149,0.0,30.63,584.13,3,0.0348,0.0206,12.34,71.38,372.629,236.597,0.1245,0.2702,33.61,587.11,4,0.0474,0.0166,3.8,91.19,372.382,229.358,0.1125,0.0235,30.63,584.13,3,0.0348,0.0206,12.34,71.38,372.633,236.597,0.1245,0.2511,32.05,585.55,2,0.0231,0.0295,8.27,80.82,412.939,248.346,0.139,0.0452,31.65,585.16,2,0.021,0.0302,9.4,78.18,411.555,236.791,0.1365,0.0366,32.21,585.71,1,0.015,0.0342,7.81,81.88,426.455,251.713,0.1405,0.0369,31.65,585.15,4,0.0395,0.019,9.41,78.17,372.686,225.773,0.121,0.0299,20.69,574.19,5,0.0673,0.0169,40.78,5.4,244.359,146.469,0.11,0.028,30.27,583.77,3,0.0345,0.0206,13.38,68.97,372.153,225.867,0.125,0.4348,30.37,583.87,3,0.0345,0.0206,13.09,69.64,370.728,235.772,0.124,0.2398,20.08,573.58,1,0.0056,0.0126,42.53,1.34,228.557,138.677,0.0985,2.0257,20.92,574.43,1,0.0045,0.0138,40.11,6.95,238.683,141.726,0.099,0.0252,30.15,583.65,3,0.0333,0.0211,13.72,68.18,373.152,229.951,0.1255,0.0276,19.28,572.79,1,0.0039,0.0121,44.81,-3.94,225.964,128.848,0.096,0.0865,18.9,572.41,1,0.0047,0.0118,45.89,-6.46,222.6,128.777,0.0935,0.0786,30.79,584.29,3,0.0366,0.02,11.89,72.43,372.927,221.354,0.123,0.019,29.65,583.15,3,0.0298,0.0225,15.13,64.89,372.57,219.716,0.13,0.4756,18.26,571.76,0,0.0023,0.0125,47.75,-10.76,216.34,131.015,0.099,0.6385,19.88,573.38,5,0.0465,0.0001,43.11,272.352,159.107,0.0015,0.0,7.53,561.03,0,0.0,0.0,78.45,107.689,53.25,0.0,0.0,0.085,12,13,0.0,4.6
CON8-8,MDRO,50,17,1161.5,711.15,4.38,715.53,0,0.0,0.0044,87.67,0.0,0.037,0.0,4.33,715.48,0,0.0029,0.0026,1.31,96.85,86.517,0.0,0.03,0.336,4.56,715.71,0,0.0035,0.0024,-4.0,109.58,89.243,33.627,0.03,0.0245,4.33,715.48,0,0.0029,0.0026,1.31,96.85,86.517,0.0,0.03,0.3462,4.17,715.32,0,0.0018,0.0031,4.93,88.21,83.351,0.0,0.0325,0.0602,4.31,715.46,0,0.0013,0.0035,1.71,95.9,86.17,0.0,0.033,0.0401,4.31,715.47,0,0.001,0.0037,1.57,96.25,86.297,0.0,0.034,0.0609,4.36,715.51,0,0.0032,0.0024,0.49,98.82,87.239,0.0,0.03,0.0465,2.71,713.86,1,0.01,0.0011,38.14,8.69,46.388,12.008,0.016,0.0424,4.28,715.43,0,0.0032,0.0024,2.29,94.52,85.663,0.0,0.0285,0.5783,4.23,715.38,0,0.0028,0.0026,3.58,91.43,84.532,0.0,0.03,0.318,2.98,714.13,0,0.0004,0.0011,32.07,23.22,51.489,12.008,0.0165,2.0378,4.28,715.43,0,0.0,0.0017,2.38,94.31,62.085,20.405,0.02,0.0343,4.15,715.3,0,0.0027,0.0026,5.25,87.42,83.064,0.0,0.0305,0.0439,2.7,713.85,0,0.0,0.001,38.35,8.19,46.563,12.008,0.0155,0.1019,2.71,713.86,0,0.0001,0.001,38.26,8.39,46.986,12.008,0.0155,0.0633,4.38,715.53,0,0.0,0.0044,0.0,100.0,87.67,0.0,0.037,0.025,4.05,715.2,0,0.0021,0.0028,7.53,81.97,81.069,0.0,0.0305,0.5789,2.38,713.53,0,0.0,0.0014,45.65,-9.3,45.082,8.397,0.02,0.7258,2.55,713.7,0,0.0044,0.0,41.77,51.054,0.0,0.0,0.0,0.93,712.08,0,0.0,0.0,78.88,18.517,0.0,0.0,0.0,4.273,17,17,0.0,5.2
CON8-9,Det,50,9,845.77,399.58,224.71,624.29,0,0.0,0.3749,648.65,636.497,0.662,0.0,181.7,581.28,7,0.2702,0.1497,19.14,48.01,511.935,479.417,0.5795,0.3091,191.36,590.94,7,0.3427,0.1209,14.84,59.68,500.826,457.418,0.54,0.0228,181.47,581.05,7,0.2761,0.1458,19.24,47.73,510.353,478.005,0.578,0.2757,196.42,595.99,6,0.3077,0.1547,12.59,65.8,523.703,489.245,0.5635,0.0257,188.55,588.13,6,0.2549,0.1716,16.09,56.29,554.919,517.567,0.58,0.0248,188.05,587.63,6,0.2356,0.1773,16.31,55.69,538.035,508.734,0.5995,0.0255,185.54,585.12,7,0.3107,0.132,17.43,52.65,507.001,470.332,0.558,0.0239,211.18,610.75,2,0.0691,0.3294,6.02,83.64,668.49,651.589,0.645,0.0325,180.83,580.4,7,0.2821,0.1427,19.53,46.95,511.741,479.713,0.5725,0.6265,180.98,580.56,7,0.2744,0.1462,19.46,47.14,510.351,475.849,0.578,0.2071,174.75,574.32,6,0.2121,0.1451,22.23,39.6,519.324,480.149,0.5715,1.8867,174.75,574.32,6,0.2138,0.1484,22.23,39.6,520.131,480.915,0.5665,0.0265,180.74,580.32,7,0.2769,0.1455,19.57,46.85,511.65,479.713,0.576,0.0295,176.02,575.6,6,0.2349,0.1461,21.67,41.14,522.794,484.687,0.5695,0.0944,172.49,572.07,5,0.1984,0.1522,23.24,36.87,527.247,485.057,0.5755,0.0857,180.96,580.54,7,0.2842,0.1418,19.47,47.11,511.624,477.783,0.5705,0.0118,179.83,579.41,7,0.2838,0.1404,19.97,45.75,510.826,478.703,0.5675,0.3551,173.02,572.6,6,0.2168,0.1462,23.0,37.51,521.166,484.71,0.5655,0.6624,141.99,541.57,8,0.3123,0.0626,36.81,481.638,448.177,0.331,0.0,125.36,524.94,0,0.0,0.0,44.21,472.525,422.566,0.0,0.0,0.097,1,9,0.0,4.5
CON8-9,SAA,50,14,1065.93,596.59,24.79,621.38,0,0.0,0.0312,358.754,165.507,0.138,0.0,21.84,618.44,2,0.0191,0.0165,11.88,72.23,296.731,153.47,0.1145,0.2298,22.01,618.6,2,0.0211,0.0154,11.21,73.81,295.623,155.06,0.11,0.0204,21.94,618.53,2,0.0189,0.0168,11.5,73.13,298.192,152.219,0.1155,0.2212,22.82,619.41,1,0.0126,0.0213,7.95,81.43,319.909,153.454,0.1225,0.0273,21.88,618.48,2,0.0154,0.0188,11.72,72.6,301.5,153.47,0.1175,0.0264,23.09,619.68,1,0.0091,0.0237,6.85,83.99,324.897,159.372,0.128,0.0272,22.03,618.62,2,0.0204,0.0159,11.12,74.01,296.319,155.224,0.1105,0.0222,15.86,612.45,3,0.0348,0.0143,36.03,15.81,218.852,99.628,0.0985,0.0268,21.84,618.44,2,0.019,0.0167,11.88,72.25,298.205,157.084,0.113,0.3612,21.79,618.38,2,0.0184,0.017,12.11,71.71,296.828,152.219,0.115,0.173,15.96,612.56,0,0.004,0.0134,35.6,16.8,219.034,110.177,0.1005,1.4416,16.67,613.26,0,0.0,0.0135,32.75,23.47,218.227,100.542,0.097,0.0183,21.72,618.31,2,0.0183,0.017,12.39,71.05,297.502,153.642,0.113,0.024,13.67,610.27,0,0.0003,0.0095,44.84,-4.77,178.518,84.935,0.078,0.0687,13.19,609.79,0,0.0008,0.0097,46.78,-9.31,173.861,86.466,0.082,0.0523,22.51,619.1,2,0.0163,0.019,9.2,78.49,309.061,153.642,0.114,0.0109,21.25,617.85,1,0.0159,0.0178,14.27,66.66,293.878,153.47,0.116,0.3526,12.96,609.55,0,0.0002,0.0087,47.73,-11.53,168.509,81.009,0.0745,0.501,14.18,610.77,3,0.0312,0.0,42.8,204.954,94.298,0.0,0.0,5.37,601.97,0,0.0,0.0,78.32,82.521,40.893,0.0,0.0,0.082,13,14,0.0,3.4
CON8-9,WDRO,50,17,1175.69,712.57,4.18,716.75,0,0.0,0.0043,83.586,0.0,0.034,0.0,4.28,716.85,0,0.0029,0.0027,-2.39,107.4,85.587,0.0,0.0305,0.1775,4.22,716.79,0,0.0026,0.0028,-0.99,103.06,84.412,0.0,0.031,0.017,4.28,716.85,0,0.0029,0.0027,-2.39,107.4,85.587,0.0,0.0305,0.1732,4.04,716.61,0,0.0012,0.0034,3.33,89.7,80.801,0.0,0.033,0.0244,3.98,716.55,0,0.0009,0.0035,4.71,85.43,79.646,0.0,0.033,0.0236,4.13,716.7,0,0.0005,0.0039,1.22,96.24,82.57,0.0,0.0335,0.0267,4.18,716.75,0,0.0025,0.0028,0.03,99.91,83.56,0.0,0.0315,0.0184,3.18,715.75,1,0.0049,0.0025,24.01,25.77,61.049,6.74,0.03,0.0235,4.25,716.82,0,0.0027,0.0028,-1.78,105.51,85.075,0.0,0.0305,0.2835,4.08,716.65,0,0.0023,0.0028,2.43,92.5,81.558,0.0,0.031,0.1348,3.2,715.77,0,0.0,0.0027,23.45,27.51,63.381,6.74,0.0305,1.2017,4.17,716.74,0,0.0,0.0032,0.23,99.29,72.92,6.876,0.027,0.0167,4.12,716.69,0,0.0022,0.0029,1.34,95.86,82.465,0.0,0.0315,0.0195,3.12,715.69,0,0.0,0.0024,25.27,21.88,60.064,6.74,0.029,0.0547,3.12,715.69,0,0.0,0.0024,25.27,21.88,60.064,6.74,0.029,0.042,4.18,716.75,0,0.0,0.0043,0.0,100.0,83.586,0.0,0.034,0.0094,4.07,716.64,0,0.0013,0.0034,2.58,92.02,81.427,0.0,0.033,0.2875,2.78,715.35,0,0.0,0.0018,33.56,-3.73,52.918,6.876,0.0245,0.4134,2.83,715.4,0,0.0034,0.0009,32.35,56.544,0.0,0.0155,0.0,1.51,714.08,0,0.0,0.0,63.8,30.261,0.0,0.0,0.0,4.164,17,17,0.0,2.8
CON8-9,Gounaris,50,14,1055.46,595.55,25.71,621.26,0,0.0,0.0315,369.742,174.779,0.1405,0.0,22.76,618.3,2,0.0182,0.0173,11.49,72.35,303.334,174.904,0.125,0.2489,22.91,618.46,3,0.0234,0.0141,10.89,73.8,296.39,165.334,0.116,0.0175,22.82,618.37,2,0.0179,0.0175,11.25,72.95,304.611,170.48,0.125,0.2327,23.87,619.41,1,0.0118,0.0221,7.18,82.73,330.508,174.835,0.13,0.0321,23.52,619.07,1,0.0092,0.0235,8.52,79.52,329.728,172.449,0.1295,0.0228,23.87,619.41,1,0.0078,0.0246,7.17,82.75,337.433,174.586,0.1305,0.0275,23.0,618.55,2,0.0205,0.0161,10.53,74.66,302.432,169.839,0.123,0.0247,17.18,612.73,3,0.0321,0.0153,33.17,20.21,226.39,112.806,0.1115,0.0259,22.59,618.13,2,0.018,0.0172,12.15,70.78,302.863,163.137,0.1245,0.4041,22.71,618.26,2,0.0178,0.0174,11.66,71.96,303.648,174.848,0.125,0.1826,17.5,613.05,0,0.0027,0.0148,31.93,23.21,228.418,125.346,0.113,1.5951,18.95,614.49,0,0.0,0.0158,26.3,36.73,242.599,116.814,0.112,0.02,22.49,618.03,2,0.0172,0.0176,12.55,69.82,303.183,160.592,0.1245,0.0298,15.97,611.52,0,0.0005,0.012,37.88,8.88,198.419,102.307,0.105,0.0872,15.43,610.97,0,0.0009,0.0116,40.0,3.8,194.398,103.968,0.104,0.0677,24.39,619.94,1,0.0114,0.0231,5.13,87.67,336.19,174.768,0.1325,0.0097,21.89,617.44,2,0.0172,0.0169,14.87,64.24,298.045,156.185,0.122,0.3761,15.16,610.71,0,0.001,0.0106,41.02,1.33,185.583,96.869,0.1005,0.5233,15.02,610.57,3,0.0315,0.0,41.57,214.081,105.785,0.0,0.0,7.18,602.73,0,0.0,0.0,72.08,98.793,48.378,0.0,0.0,0.1,13,14,0.0,3.8
CON8-9,Cui,50,13,1004.79,555.48,36.32,591.8,0,0.0,0.048,473.407,267.264,0.173,0.0,31.89,587.37,3,0.0321,0.0234,12.2,71.18,378.442,229.898,0.1455,0.4127,32.36,587.84,4,0.0395,0.0196,10.89,74.27,374.857,229.575,0.138,0.0305,31.92,587.4,3,0.0325,0.0232,12.12,71.38,378.211,229.898,0.145,0.4138,33.87,589.35,2,0.02,0.0332,6.74,84.08,424.796,244.308,0.152,0.0352,32.5,587.98,2,0.0198,0.0317,10.53,75.13,404.28,227.991,0.1595,0.0341,33.7,589.18,1,0.0102,0.0387,7.23,82.93,425.311,238.586,0.17,0.047,32.26,587.74,3,0.0357,0.0218,11.18,73.6,379.316,225.283,0.1425,0.0319,24.62,580.1,4,0.0492,0.0242,32.21,23.92,313.499,159.313,0.1305,0.0314,31.57,587.05,3,0.0317,0.0235,13.08,69.1,377.928,229.898,0.146,0.6508,31.76,587.24,3,0.0304,0.0244,12.56,70.32,379.681,229.898,0.1465,0.2436,24.34,579.82,1,0.0067,0.0205,32.98,22.1,301.722,160.03,0.1245,2.0328,24.16,579.64,0,0.0,0.0165,33.48,20.92,257.505,148.291,0.117,0.0321,31.76,587.24,3,0.0322,0.0235,12.55,70.37,379.717,220.118,0.1445,0.0455,21.54,577.02,0,0.0001,0.016,40.69,3.88,258.974,132.104,0.115,0.1193,20.88,576.36,0,0.0015,0.0168,42.51,-0.4,254.867,133.646,0.119,0.1091,33.24,588.72,3,0.0273,0.0285,8.49,79.95,403.774,220.858,0.148,0.0195,30.74,586.22,2,0.0283,0.0245,15.36,63.71,371.34,221.734,0.151,0.5387,20.56,576.04,0,0.002,0.0157,43.4,-2.52,242.2,133.146,0.12,0.7879,20.94,576.42,5,0.0474,0.0006,42.34,271.941,154.184,0.008,0.0,10.13,565.61,0,0.0,0.0,72.11,131.437,67.16,0.0,0.0,0.287,12,13,0.0,5.3
CON8-9,MDRO,50,16,1208.66,680.87,6.72,687.58,0,0.0,0.0074,134.303,0.0,0.047,0.0,6.61,687.48,0,0.0048,0.0044,1.54,95.74,128.328,30.826,0.042,0.3053,6.51,687.38,0,0.0042,0.0047,3.06,91.53,126.893,30.826,0.043,0.0356,6.61,687.48,0,0.0048,0.0044,1.54,95.74,128.328,30.826,0.042,0.3465,6.44,687.3,0,0.0026,0.0056,4.13,88.57,128.752,0.0,0.044,0.0369,6.49,687.35,0,0.0014,0.0063,3.41,90.56,129.719,0.0,0.045,0.0436,6.52,687.38,0,0.0016,0.0063,2.94,91.87,130.355,1.456,0.0445,0.0442,6.47,687.33,0,0.004,0.0048,3.68,89.82,126.373,30.826,0.043,0.0413,4.68,685.54,1,0.0076,0.004,30.35,16.09,90.445,6.876,0.038,0.0386,6.31,687.18,0,0.0042,0.0045,5.99,83.43,124.799,29.151,0.042,0.5684,6.29,687.15,0,0.0036,0.0048,6.36,82.43,124.595,29.738,0.0435,0.3074,5.13,686.0,0,0.0,0.0047,23.6,34.77,99.765,7.521,0.0395,2.3976,6.59,687.46,0,0.0,0.0053,1.84,94.92,114.024,18.075,0.039,0.0255,6.24,687.11,0,0.0034,0.0049,7.07,80.46,123.648,29.121,0.043,0.0479,4.06,684.93,0,0.0,0.0029,39.54,-9.31,76.854,10.295,0.0305,0.1091,4.08,684.94,0,0.0,0.003,39.32,-8.69,77.216,10.295,0.0305,0.0766,6.72,687.58,0,0.0,0.0074,0.0,100.0,134.303,0.0,0.047,0.0163,6.23,687.1,0,0.0029,0.0052,7.2,80.08,124.336,29.151,0.042,0.5709,3.9,684.77,0,0.0,0.0027,41.87,-15.75,74.571,9.298,0.0305,0.6934,4.29,685.15,0,0.0064,0.001,36.17,85.724,0.0,0.0155,0.0,2.06,682.93,0,0.0,0.0,69.29,41.24,0.0,0.0,0.0,2.521,16,16,0.0,5.4
SCA3-0,Det,50,4,642.9,204.29,62.43,266.72,0,0.0,0.2146,270.676,243.79,0.445,0.0,40.54,244.83,3,0.1835,0.0411,35.06,30.01,160.976,143.724,0.149,0.3594,55.24,259.53,3,0.3086,0.0032,11.51,77.03,149.802,137.827,0.013,0.0445,40.6,244.89,3,0.1826,0.0418,34.96,30.21,160.534,143.671,0.1525,0.3624,46.75,251.04,3,0.2385,0.0359,25.1,49.89,191.026,157.87,0.124,0.0283,44.13,248.42,3,0.2398,0.0302,29.3,41.51,181.961,146.129,0.105,0.0379,41.54,245.83,3,0.2076,0.0296,33.46,33.21,185.316,164.778,0.111,0.0288,47.88,252.17,3,0.2695,0.006,23.31,53.47,147.061,136.961,0.0235,0.0577,53.77,258.06,2,0.0972,0.1515,13.87,72.31,277.457,238.453,0.3875,0.0414,37.2,241.49,3,0.2127,0.0184,40.4,19.35,148.402,127.481,0.0695,1.3825,40.16,244.45,3,0.18,0.0428,35.66,28.81,159.388,141.542,0.156,0.371,39.65,243.94,2,0.1245,0.0404,36.49,27.16,182.368,144.707,0.147,2.6761,33.86,238.15,2,0.1366,0.019,45.77,8.64,157.718,127.481,0.0665,0.0446,37.13,241.42,3,0.2132,0.0179,40.52,19.12,149.017,127.481,0.067,0.0296,33.97,238.26,2,0.1303,0.0219,45.59,9.01,163.923,123.755,0.0815,0.1271,32.13,236.42,2,0.1261,0.021,48.54,3.11,154.329,127.481,0.079,0.1359,37.49,241.78,3,0.2111,0.0201,39.95,20.26,148.758,127.505,0.076,0.0121,36.65,240.94,3,0.2126,0.0171,41.28,17.59,143.289,125.618,0.066,0.542,31.6,235.89,2,0.1197,0.0199,49.38,1.43,149.966,125.618,0.0745,1.9923,31.15,235.44,3,0.2146,0.0,50.1,128.152,119.554,0.0,0.0,22.67,226.96,0,0.0,0.0,63.69,118.202,101.423,0.0,0.0,0.109,3,4,0.0,8.0
SCA3-0,SAA,50,5,719.21,246.92,12.42,259.34,0,0.0,0.0374,204.618,109.385,0.083,0.0,9.12,256.04,1,0.034,0.008,26.53,43.41,142.114,76.252,0.0345,0.2804,12.7,259.63,2,0.0591,0.0019,-2.32,104.95,155.356,101.308,0.0085,0.0264,9.18,256.1,1,0.034,0.0082,26.04,44.46,142.987,76.252,0.035,0.3229,11.09,258.01,1,0.0225,0.0209,10.7,77.18,177.312,92.689,0.057,0.0253,9.52,256.44,1,0.0279,0.0137,23.37,50.15,149.068,72.202,0.053,0.0269,11.43,258.35,0,0.0111,0.0273,7.96,83.02,185.482,97.964,0.0785,0.0266,10.97,257.89,2,0.0493,0.0031,11.67,75.11,144.623,84.655,0.014,0.037,7.45,254.37,2,0.0432,0.0124,39.97,14.73,119.23,41.681,0.0395,0.0322,8.51,255.43,1,0.0356,0.0064,31.46,32.89,132.455,71.293,0.0285,0.8653,8.96,255.89,1,0.0331,0.0086,27.8,40.7,139.932,74.695,0.037,0.2901,7.68,254.6,0,0.01,0.0103,38.17,18.57,121.385,55.515,0.037,2.5237,6.91,253.83,0,0.0,0.002,44.36,5.35,78.808,48.309,0.0085,0.0467,8.46,255.38,1,0.0342,0.007,31.86,32.02,131.759,71.279,0.0305,0.0452,4.79,251.71,0,0.0,0.0043,61.44,-31.08,75.865,35.042,0.018,0.1249,4.82,251.74,0,0.0001,0.0045,61.21,-30.59,76.563,34.132,0.0185,0.1369,9.47,256.39,2,0.0403,0.0071,23.7,49.44,140.052,71.604,0.0235,0.0238,8.18,255.1,1,0.0339,0.0064,34.1,27.25,129.099,69.222,0.0275,0.4951,4.67,251.59,0,0.0,0.0034,62.42,-33.17,72.763,35.042,0.0145,1.6339,6.6,253.52,2,0.0374,0.0,46.87,108.54,62.51,0.0,0.0,2.89,249.81,0,0.0,0.0,76.72,48.033,19.93,0.0,0.0,0.069,5,5,0.0,6.7
SCA3-0,WDRO,50,6,767.49,286.75,1.54,288.29,0,0.0,0.0043,30.854,0.0,0.0135,0.0,1.54,288.29,0,0.0052,0.0012,0.17,99.62,30.801,0.0,0.007,0.3674,1.6,288.34,0,0.0056,0.0009,-3.43,107.69,31.911,0.0,0.005,0.0485,1.54,288.28,0,0.005,0.0013,0.46,98.96,30.711,0.0,0.007,0.2887,1.49,288.24,0,0.0012,0.0035,3.2,92.83,29.867,0.0,0.0135,0.0345,1.37,288.12,0,0.0011,0.0033,11.34,74.56,27.354,0.0,0.011,0.0299,1.39,288.14,0,0.0021,0.0028,9.7,78.26,27.862,0.0,0.0105,0.0384,1.41,288.16,0,0.0045,0.0012,8.79,80.29,28.141,0.0,0.0065,0.0385,1.19,287.94,0,0.0031,0.0027,22.57,49.4,23.891,0.0,0.0115,0.0199,1.33,288.08,0,0.0039,0.0015,13.57,69.58,26.668,0.0,0.007,0.6168,1.3,288.05,0,0.0018,0.0027,15.5,65.25,26.072,0.0,0.0105,0.2221,1.32,288.07,0,0.0037,0.0013,14.48,67.53,26.386,0.0,0.0075,2.1327,1.54,288.29,0,0.0,0.0043,0.0,100.0,30.854,0.0,0.0135,0.0423,1.24,287.99,0,0.0022,0.0023,19.84,55.52,24.733,0.0,0.0095,0.0304,0.79,287.54,0,0.0,0.0014,48.89,-9.62,15.77,0.0,0.007,0.1286,0.79,287.54,0,0.0,0.0014,48.89,-9.62,15.77,0.0,0.007,0.1147,1.54,288.29,0,0.0,0.0043,0.0,100.0,30.854,0.0,0.0135,0.0119,1.23,287.98,0,0.0039,0.0013,20.51,54.0,24.524,0.0,0.006,0.5926,0.71,287.46,0,0.0,0.0004,53.72,-20.45,14.28,0.0,0.002,1.3147,0.85,287.6,0,0.0043,0.0,44.6,17.094,0.0,0.0,0.0,0.31,287.06,0,0.0,0.0,80.11,6.136,0.0,0.0,0.0,0.175,6,6,0.0,5.8
SCA3-0,Gounaris,50,5,728.95,247.89,10.54,258.43,0,0.0,0.0355,176.372,62.303,0.0805,0.0,8.03,255.92,1,0.0326,0.0071,23.82,46.18,126.498,67.436,0.0305,0.4167,12.57,260.46,2,0.0585,0.0031,-19.25,143.48,141.92,87.287,0.014,0.0368,7.92,255.81,1,0.0336,0.0062,24.84,43.88,124.294,67.436,0.027,0.4049,8.86,256.76,1,0.0256,0.0149,15.88,64.13,140.63,66.75,0.0455,0.0254,8.69,256.59,1,0.0215,0.0169,17.49,60.48,142.993,64.133,0.048,0.0298,8.58,256.47,1,0.0241,0.0149,18.61,57.96,139.466,64.584,0.051,0.0255,9.19,257.09,2,0.0401,0.0051,12.77,71.15,133.46,75.589,0.022,0.0341,5.82,253.72,2,0.0434,0.009,44.74,-1.07,89.768,33.639,0.031,0.0216,7.29,255.18,1,0.0308,0.0072,30.86,30.29,116.813,64.545,0.029,0.8854,7.37,255.27,1,0.0301,0.0076,30.02,32.19,118.797,65.341,0.0325,0.228,5.89,253.79,0,0.0,0.0084,44.07,0.44,88.443,33.639,0.0285,1.9995,6.6,254.49,0,0.0,0.0066,37.37,15.57,84.486,40.114,0.018,0.0345,7.42,255.31,1,0.0296,0.0084,29.61,33.11,119.215,64.545,0.033,0.0539,4.25,252.14,0,0.0,0.0067,59.69,-34.83,73.053,23.182,0.027,0.1569,4.03,251.93,0,0.0005,0.0062,61.74,-39.48,69.152,23.182,0.0255,0.1762,8.47,256.36,1,0.0308,0.0109,19.67,55.57,130.515,66.213,0.0305,0.0208,7.17,255.06,1,0.0319,0.0061,31.96,27.8,114.613,64.545,0.0265,0.5871,3.65,251.54,0,0.0009,0.0026,65.38,-47.7,57.832,23.182,0.011,1.5245,5.87,253.77,1,0.0355,0.0,44.27,97.604,34.229,0.0,0.0,2.14,250.04,0,0.0,0.0,79.68,36.999,14.55,0.0,0.0,0.127,5,5,0.0,6.3
SCA3-0,Cui,50,5,737.34,248.73,10.58,259.31,0,0.0,0.0338,187.384,64.068,0.0725,0.0,8.12,256.85,1,0.0319,0.0069,23.24,48.83,135.451,64.809,0.03,0.2964,11.25,259.99,2,0.0554,0.0014,-6.4,114.09,147.685,81.448,0.0065,0.0249,8.13,256.86,1,0.0314,0.0072,23.12,49.1,135.269,64.417,0.0315,0.2611,9.42,258.15,1,0.0176,0.0197,10.93,75.93,165.485,63.598,0.047,0.0266,8.27,257.01,1,0.0231,0.0134,21.78,52.05,143.271,61.845,0.0425,0.0328,9.27,258.0,0,0.0122,0.0218,12.35,72.82,165.204,63.9,0.0615,0.0279,9.36,258.1,2,0.045,0.0023,11.45,74.78,137.232,74.378,0.0105,0.0361,5.97,254.7,2,0.0561,0.0079,43.57,4.06,95.218,31.094,0.025,0.0289,7.58,256.31,1,0.0315,0.0064,28.35,37.59,128.602,56.114,0.026,0.6001,7.85,256.58,1,0.029,0.0084,25.8,43.19,131.779,56.216,0.035,0.2753,6.17,254.91,0,0.0084,0.0072,41.61,8.37,105.64,25.525,0.0275,2.1214,6.17,254.9,0,0.0,0.0087,41.68,8.24,95.118,29.005,0.0255,0.0449,7.49,256.23,1,0.0306,0.0067,29.13,35.87,128.029,51.664,0.0275,0.0289,3.74,252.47,0,0.0,0.0032,64.68,-42.41,62.393,21.806,0.0135,0.1082,3.75,252.48,0,0.0001,0.0032,64.56,-42.16,62.632,21.806,0.0135,0.1176,8.98,257.72,1,0.0241,0.0153,15.05,66.86,154.098,62.123,0.0425,0.0154,7.41,256.15,1,0.0311,0.0064,29.89,34.2,127.148,56.082,0.0245,0.657,3.58,252.31,0,0.0,0.0027,66.14,-45.63,61.274,21.967,0.011,1.2418,5.77,254.51,1,0.0338,0.0,45.42,101.443,35.137,0.0,0.0,2.09,250.83,0,0.0,0.0,80.21,38.775,12.882,0.0,0.0,0.074,5,5,0.0,5.8
SCA3-0,MDRO,50,6,767.49,286.75,1.48,288.23,0,0.0,0.0043,29.691,0.0,0.0135,0.0,1.54,288.29,0,0.0047,0.0016,-3.83,108.89,30.829,0.0,0.008,0.3491,1.59,288.34,0,0.0057,0.0009,-7.27,116.86,31.849,0.0,0.0045,0.0367,1.54,288.29,0,0.0045,0.0017,-3.53,108.18,30.739,0.0,0.008,0.3293,1.5,288.25,0,0.0009,0.0038,-1.04,102.41,30.0,0.0,0.0135,0.0301,1.38,288.13,0,0.0008,0.0036,7.26,83.16,27.535,0.0,0.0125,0.0269,1.39,288.14,0,0.0007,0.0037,6.37,85.23,27.801,0.0,0.0125,0.0189,1.4,288.15,0,0.0034,0.0019,5.82,86.5,27.963,0.0,0.0085,0.0337,1.18,287.93,0,0.0042,0.0027,20.39,52.71,23.637,0.0,0.0115,0.035,1.38,288.13,0,0.0039,0.0017,7.02,83.73,27.608,0.0,0.008,0.6888,1.39,288.14,0,0.0013,0.0033,6.58,84.74,27.738,0.0,0.012,0.231,1.27,288.02,0,0.0029,0.0015,14.64,66.03,25.343,0.0,0.008,2.0281,1.48,288.23,0,0.0,0.0043,0.0,100.0,29.691,0.0,0.0135,0.0306,1.37,288.11,0,0.0018,0.0029,8.02,81.4,27.31,0.0,0.0115,0.0325,0.75,287.5,0,0.0,0.0013,49.36,-14.5,15.034,0.0,0.006,0.1215,0.75,287.5,0,0.0,0.0013,49.36,-14.5,15.034,0.0,0.006,0.132,1.48,288.23,0,0.0,0.0043,0.0,100.0,29.691,0.0,0.0135,0.0202,1.22,287.97,0,0.003,0.0018,18.07,58.08,24.325,0.0,0.0075,0.5721,0.65,287.4,0,0.0,0.0005,56.35,-30.69,12.962,0.0,0.0025,1.102,0.84,287.59,0,0.0043,0.0,43.11,16.89,0.0,0.0,0.0,0.26,287.01,0,0.0,0.0,82.16,5.298,0.0,0.0,0.0,0.172,6,6,0.0,5.6
SCA3-1,Det,50,4,701.73,210.17,120.56,330.73,0,0.0,0.2885,346.608,340.194,0.5835,0.0,88.87,299.04,2,0.2264,0.099,26.28,35.44,255.831,225.063,0.339,0.4445,94.91,305.08,3,0.2965,0.0729,21.27,47.75,238.702,225.063,0.28,0.0388,90.04,300.22,2,0.2074,0.1105,25.31,37.83,256.628,225.063,0.3835,0.4406,94.07,304.25,2,0.2425,0.0998,21.97,46.05,276.379,223.622,0.343,0.0394,95.5,305.68,2,0.1784,0.1394,20.78,48.96,295.556,278.687,0.4145,0.0819,113.24,323.41,1,0.0798,0.2239,6.07,85.09,346.608,340.194,0.5175,0.0387,93.15,303.33,3,0.281,0.077,22.73,44.17,239.043,225.088,0.294,0.0465,114.63,324.8,1,0.0643,0.2521,4.92,87.92,316.322,265.293,0.561,0.0395,87.78,297.95,2,0.2336,0.0926,27.19,33.21,253.267,223.622,0.331,1.9469,88.72,298.89,2,0.2137,0.1062,26.41,35.14,258.795,225.063,0.356,0.3958,89.18,299.35,2,0.1997,0.1068,26.03,36.07,251.797,223.622,0.378,2.9394,88.88,299.06,2,0.1945,0.0986,26.27,35.47,273.843,216.331,0.329,0.051,87.54,297.71,2,0.2367,0.0905,27.39,32.73,250.883,222.884,0.327,0.0501,85.92,296.09,2,0.199,0.0935,28.73,29.43,259.232,216.661,0.33,0.1986,85.58,295.75,2,0.2003,0.0938,29.02,28.74,259.756,202.705,0.3275,0.2179,88.26,298.43,2,0.2398,0.0901,26.79,34.19,254.525,223.622,0.32,0.0285,87.17,297.34,2,0.2365,0.0899,27.7,31.97,250.088,223.622,0.321,0.7214,85.26,295.43,2,0.2049,0.0901,29.28,28.08,247.888,210.843,0.3225,1.8741,71.47,281.65,2,0.2301,0.0584,40.72,234.636,220.501,0.224,0.0,66.65,276.82,0,0.0,0.0,44.72,222.467,199.584,0.0,0.0,0.082,4,4,0.0,9.2
SCA3-1,SAA,50,5,798.05,254.8,12.46,267.27,0,0.0,0.0397,200.292,107.748,0.0915,0.0,9.63,264.43,2,0.042,0.0053,22.74,49.25,138.528,73.506,0.022,0.3476,12.74,267.55,2,0.0593,0.0022,-2.25,105.02,154.147,104.735,0.01,0.0393,9.6,264.4,2,0.0408,0.0061,22.98,48.72,138.561,71.852,0.0255,0.3991,10.55,265.35,1,0.0263,0.0183,15.36,65.72,164.62,67.066,0.0555,0.0353,10.24,265.05,1,0.0268,0.017,17.8,60.28,159.923,68.067,0.0545,0.0373,10.48,265.28,1,0.0192,0.0218,15.93,64.44,169.188,66.499,0.0625,0.0382,10.76,265.57,2,0.0487,0.0035,13.62,69.6,145.736,84.628,0.015,0.0496,6.4,261.2,2,0.0518,0.009,48.66,-8.59,101.705,36.876,0.0325,0.0341,9.01,263.81,2,0.0391,0.0066,27.72,38.14,134.213,67.469,0.0265,0.8891,9.11,263.92,1,0.0374,0.0072,26.89,40.0,135.234,68.152,0.03,0.3745,6.27,261.08,0,0.0013,0.0075,49.67,-10.83,98.014,36.816,0.0275,2.4998,8.1,262.9,0,0.0,0.0115,35.04,21.81,117.109,39.365,0.033,0.0364,8.91,263.72,1,0.0375,0.0072,28.49,36.42,133.985,66.23,0.028,0.0464,4.34,259.14,0,0.0,0.0044,65.19,-45.48,71.173,26.647,0.0175,0.1473,4.34,259.14,0,0.0,0.0044,65.21,-45.53,71.163,26.647,0.0175,0.1547,10.58,265.38,2,0.0352,0.0125,15.12,66.25,154.04,70.816,0.0435,0.0274,8.46,263.26,1,0.0355,0.007,32.14,28.28,129.437,66.207,0.031,0.5855,4.02,258.83,0,0.0,0.0022,67.73,-51.16,62.066,26.647,0.0095,1.1777,6.88,261.68,2,0.0397,0.0,44.81,109.297,64.069,0.0,0.0,2.57,257.38,0,0.0,0.0,79.37,43.102,15.664,0.0,0.0,0.074,5,5,0.0,6.5
SCA3-1,WDRO,50,6,889.24,298.92,1.59,300.51,0,0.0,0.0045,31.773,0.0,0.0135,0.0,1.32,300.24,0,0.0047,0.0009,16.95,61.52,26.386,0.0,0.005,0.4012,1.43,300.36,0,0.0048,0.0011,9.7,77.98,28.69,0.0,0.006,0.0471,1.36,300.28,0,0.0045,0.0012,14.38,67.35,27.203,0.0,0.006,0.3956,1.33,300.25,0,0.0019,0.0027,16.29,63.02,26.596,0.0,0.01,0.0337,1.42,300.35,0,0.0011,0.0034,10.34,76.53,28.487,0.0,0.0105,0.0384,1.45,300.38,0,0.0009,0.0036,8.65,80.36,29.023,0.0,0.012,0.0331,1.28,300.21,0,0.0037,0.0014,19.27,56.25,25.649,0.0,0.007,0.0331,0.64,299.56,0,0.0052,0.0008,59.92,-36.0,12.736,0.0,0.0035,0.0278,1.36,300.29,0,0.0038,0.0017,14.1,67.99,27.292,0.0,0.007,0.7842,1.13,300.06,0,0.0032,0.0014,28.79,34.64,22.624,0.0,0.007,0.2728,0.6,299.53,0,0.0,0.0006,62.0,-40.73,12.072,0.0,0.003,2.5903,1.59,300.51,0,0.0,0.0045,0.0,100.0,31.773,0.0,0.0135,0.0587,1.26,300.19,0,0.0027,0.0021,20.58,53.29,25.234,0.0,0.0085,0.0428,0.8,299.72,0,0.0,0.0016,49.68,-12.76,15.988,0.0,0.0075,0.1369,0.8,299.72,0,0.0,0.0016,49.68,-12.76,15.988,0.0,0.0075,0.1318,1.59,300.51,0,0.0,0.0045,0.0,100.0,31.773,0.0,0.0135,0.0198,1.3,300.22,0,0.0048,0.0008,18.43,58.16,25.917,0.0,0.0045,0.689,0.59,299.51,0,0.0,0.0001,62.94,-42.86,11.775,0.0,0.0005,1.4841,0.89,299.81,0,0.0045,0.0,44.06,17.775,0.0,0.0,0.0,0.3,299.23,0,0.0,0.0,80.88,6.076,0.0,0.0,0.0,0.076,6,6,0.0,6.8
SCA3-1,Gounaris,50,5,790.99,254.1,11.5,265.6,0,0.0,0.0357,197.505,66.828,0.0775,0.0,9.36,263.46,1,0.0351,0.0081,18.62,58.57,146.889,75.472,0.0355,0.2426,11.82,265.92,2,0.0543,0.0022,-2.79,106.21,157.288,90.3,0.0105,0.0229,9.37,263.47,1,0.035,0.0082,18.52,58.8,147.123,75.472,0.036,0.3308,10.15,264.25,1,0.019,0.0204,11.78,73.8,169.781,67.349,0.0585,0.0208,9.49,263.59,1,0.0229,0.0163,17.53,60.99,157.874,67.976,0.0525,0.0345,10.04,264.14,1,0.018,0.0205,12.68,71.8,168.606,67.967,0.0595,0.0266,10.33,264.43,2,0.0474,0.0027,10.22,77.25,150.209,85.25,0.013,0.0307,6.72,260.82,2,0.0526,0.0102,41.61,7.42,106.799,42.805,0.037,0.0232,8.83,262.93,1,0.0321,0.0095,23.21,48.37,140.735,69.596,0.0395,0.9855,9.12,263.22,1,0.0337,0.0085,20.71,53.92,143.949,71.882,0.0375,0.2121,6.91,261.01,0,0.0086,0.0074,39.93,11.15,108.783,51.055,0.0295,2.3084,8.07,262.17,0,0.0,0.0108,29.85,33.58,114.657,41.751,0.034,0.0295,8.71,262.81,1,0.0332,0.0083,24.31,45.91,140.861,67.954,0.0335,0.0584,4.43,258.53,0,0.0,0.0042,61.52,-36.88,72.835,27.712,0.0175,0.1425,4.51,258.61,0,0.0001,0.0044,60.81,-35.3,74.475,27.712,0.018,0.0895,10.43,264.53,1,0.0269,0.017,9.33,79.24,165.769,71.61,0.054,0.019,8.17,262.27,1,0.0334,0.0067,29.01,35.46,132.297,67.944,0.0295,0.5252,4.29,258.39,0,0.0,0.0034,62.71,-39.53,69.285,28.264,0.0145,1.5699,6.33,260.43,1,0.0357,0.0,44.95,107.997,36.162,0.0,0.0,2.41,256.51,0,0.0,0.0,79.01,42.231,14.259,0.0,0.0,0.065,5,5,0.0,6.3
SCA3-1,Cui,50,5,787.83,253.78,11.78,265.57,0,0.0,0.0352,204.862,66.859,0.075,0.0,9.26,263.04,1,0.036,0.0064,21.45,53.33,145.552,76.681,0.0285,0.3325,11.83,265.61,2,0.0525,0.0028,-0.39,100.84,154.795,89.749,0.0135,0.0249,9.26,263.04,1,0.036,0.0064,21.45,53.33,145.552,76.681,0.0285,0.2281,10.27,264.05,1,0.0198,0.0201,12.83,72.08,171.576,72.462,0.057,0.0211,9.74,263.52,1,0.0215,0.0167,17.35,62.25,165.8,69.49,0.0575,0.023,10.37,264.16,1,0.0158,0.0216,11.97,73.95,178.226,67.441,0.0655,0.0189,10.24,264.02,2,0.0444,0.0037,13.09,71.52,149.243,84.083,0.018,0.0224,6.53,260.32,2,0.0564,0.008,44.55,3.08,99.464,42.37,0.033,0.0283,8.47,262.25,1,0.0331,0.0071,28.13,38.79,137.35,68.973,0.0305,0.5282,8.79,262.57,1,0.0334,0.0071,25.44,44.66,141.878,71.624,0.031,0.2061,7.04,260.83,0,0.0114,0.0063,40.21,12.51,110.976,53.296,0.0265,2.2882,8.32,262.1,0,0.0,0.006,29.41,36.01,100.499,61.432,0.02,0.0433,8.37,262.15,1,0.0316,0.0076,28.99,36.92,138.541,67.647,0.032,0.0252,4.66,258.45,0,0.0,0.0046,60.42,-31.46,78.471,27.505,0.0195,0.1408,4.75,258.53,0,0.0001,0.0048,59.73,-29.95,80.091,27.684,0.02,0.1605,10.02,263.8,2,0.0354,0.0101,14.95,67.47,153.788,79.022,0.036,0.0113,8.07,261.85,1,0.0321,0.0066,31.5,31.46,134.701,66.859,0.031,0.4656,4.29,258.08,0,0.0,0.0032,63.56,-38.3,70.264,27.684,0.0145,1.5665,6.37,260.15,1,0.0352,0.0,45.96,110.2,36.162,0.0,0.0,2.56,256.34,0,0.0,0.0,78.26,45.167,15.541,0.0,0.0,0.067,5,5,0.0,6.0
SCA3-1,MDRO,50,6,851.64,295.16,2.04,297.21,0,0.0,0.0057,40.876,0.0,0.018,0.0,1.74,296.91,0,0.0051,0.0017,14.75,66.53,34.846,0.0,0.0085,0.3584,2.17,297.34,0,0.0077,0.0011,-6.26,114.21,43.435,0.0,0.0055,0.0457,1.74,296.91,0,0.0051,0.0017,14.75,66.53,34.846,0.0,0.0085,0.4554,1.71,296.87,0,0.0029,0.0031,16.41,62.76,34.167,0.0,0.012,0.023,1.93,297.09,0,0.0008,0.0048,5.67,87.14,38.56,0.0,0.016,0.0246,1.79,296.96,0,0.0021,0.0037,12.31,72.06,35.843,0.0,0.0145,0.0249,1.76,296.93,0,0.0053,0.0017,13.74,68.82,35.258,0.0,0.008,0.0266,1.18,296.34,0,0.0049,0.0022,42.47,3.63,23.514,0.0,0.009,0.0229,1.67,296.83,0,0.0049,0.0018,18.35,58.36,33.374,0.0,0.0085,0.8043,1.63,296.79,0,0.0045,0.0019,20.38,53.77,32.547,0.0,0.0085,0.2118,1.17,296.33,0,0.0,0.002,42.9,2.66,23.339,0.0,0.0075,2.1211,2.04,297.21,0,0.0,0.0057,0.0,100.0,40.876,0.0,0.018,0.0343,1.61,296.78,0,0.0045,0.0019,21.12,52.09,32.245,0.0,0.0085,0.0463,1.06,296.22,0,0.0,0.0016,48.15,-9.26,21.193,0.0,0.0075,0.1312,1.06,296.22,0,0.0,0.0016,48.15,-9.26,21.193,0.0,0.0075,0.1068,2.04,297.21,0,0.0,0.0057,0.0,100.0,40.876,0.0,0.018,0.0205,1.54,296.7,0,0.0046,0.0017,24.71,43.93,30.775,0.0,0.009,0.4776,0.84,296.01,0,0.0,0.0007,58.66,-33.1,16.897,0.0,0.004,1.3728,1.14,296.31,0,0.0057,0.0,44.07,22.861,0.0,0.0,0.0,0.41,295.57,0,0.0,0.0,79.93,8.206,0.0,0.0,0.0,0.104,6,6,0.0,5.8
SCA3-2,Det,50,4,673.17,207.32,76.19,283.5,0,0.0,0.251,293.652,241.346,0.4835,0.0,48.22,255.54,3,0.2294,0.0374,36.71,26.63,170.107,148.137,0.139,0.2566,64.39,271.71,4,0.3633,0.0013,15.48,69.06,177.564,168.6,0.005,0.0228,47.41,254.73,3,0.2299,0.0351,37.77,24.5,168.476,146.762,0.131,0.2889,54.4,261.72,3,0.2616,0.0441,28.6,42.85,212.761,163.345,0.141,0.0225,53.75,261.07,3,0.2751,0.0364,29.45,41.14,192.587,158.753,0.1225,0.024,47.0,254.32,3,0.2407,0.0299,38.31,23.44,181.447,144.215,0.1135,0.0274,58.9,266.21,3,0.3331,0.0028,22.69,54.64,168.888,135.576,0.011,0.0375,61.38,268.69,2,0.1549,0.1465,19.44,61.15,254.39,215.382,0.3515,0.0354,45.28,252.6,3,0.2527,0.0199,40.57,18.92,163.818,145.227,0.076,1.1117,48.14,255.46,3,0.232,0.036,36.81,26.43,169.248,147.743,0.136,0.2955,42.76,250.08,2,0.1598,0.0181,43.87,12.31,148.157,126.299,0.072,2.6351,39.36,246.68,2,0.1375,0.0191,48.33,3.4,152.199,120.63,0.069,0.0395,44.94,252.25,3,0.2464,0.022,41.02,18.02,163.1,143.822,0.0845,0.0422,40.89,248.2,2,0.1506,0.0245,46.33,7.39,154.08,125.147,0.093,0.1382,38.19,245.51,2,0.129,0.0224,49.87,0.33,148.715,123.77,0.0855,0.1032,45.15,252.47,3,0.2485,0.0215,40.73,18.59,163.777,142.292,0.0825,0.0202,44.49,251.8,3,0.25,0.0185,41.61,16.84,160.151,137.904,0.071,0.6157,37.43,244.75,2,0.1284,0.0193,50.87,-1.67,141.545,122.252,0.0745,1.5625,38.07,245.39,3,0.251,0.0,50.03,144.223,116.844,0.0,0.0,27.33,234.65,0,0.0,0.0,64.12,115.312,98.637,0.0,0.0,0.122,3,4,0.0,7.0
SCA3-2,SAA,50,5,737.24,248.72,15.41,264.13,0,0.0,0.0493,241.75,121.535,0.094,0.0,11.08,259.81,2,0.0453,0.0086,28.08,37.76,166.933,91.621,0.0345,0.3847,17.87,266.59,4,0.0859,0.0012,-15.95,135.34,190.894,154.266,0.006,0.0445,11.08,259.81,2,0.0453,0.0086,28.08,37.76,166.933,91.621,0.0345,0.4853,12.9,261.63,2,0.0354,0.0215,16.29,63.91,193.507,99.263,0.066,0.0332,11.77,260.49,1,0.0348,0.0181,23.63,47.63,184.767,94.112,0.052,0.0356,11.33,260.05,2,0.0372,0.0153,26.5,41.28,171.217,94.228,0.059,0.0398,14.49,263.22,3,0.0693,0.0024,5.96,86.79,178.795,119.672,0.011,0.0434,7.47,256.19,3,0.0773,0.0074,51.55,-14.25,101.566,47.665,0.0255,0.0408,10.86,259.59,2,0.0458,0.009,29.52,34.59,163.307,96.492,0.036,1.0033,10.71,259.43,2,0.042,0.0102,30.52,32.36,162.867,92.613,0.0405,0.3392,7.15,255.87,0,0.0,0.0069,53.6,-18.79,99.999,46.136,0.026,2.734,8.52,257.25,0,0.0,0.0089,44.68,0.98,114.005,52.591,0.019,0.045,10.85,259.57,2,0.0452,0.0093,29.61,34.37,163.64,95.986,0.0365,0.0655,5.56,254.28,0,0.0,0.0043,63.92,-41.65,84.979,38.005,0.0165,0.1854,5.52,254.25,0,0.0,0.0043,64.15,-42.16,84.255,38.005,0.0165,0.1573,12.29,261.02,2,0.0523,0.0095,20.23,55.18,177.034,104.817,0.037,0.0204,10.33,259.06,2,0.0462,0.0073,32.94,27.0,156.483,90.894,0.0315,0.6287,5.3,254.03,0,0.0,0.0038,65.58,-45.33,81.892,40.441,0.017,1.203,8.46,257.18,2,0.0493,0.0,45.12,132.18,67.509,0.0,0.0,3.45,252.17,0,0.0,0.0,77.62,55.81,25.04,0.0,0.0,0.073,5,5,0.0,7.0
SCA3-2,WDRO,50,7,848.43,329.84,1.21,331.05,0,0.0,0.003,24.23,0.0,0.011,0.0,0.99,330.84,0,0.0017,0.0014,18.0,57.34,19.868,0.0,0.008,0.3817,1.21,331.06,0,0.0029,0.0011,-0.07,100.16,24.246,0.0,0.0065,0.0348,0.99,330.84,0,0.0017,0.0014,18.0,57.34,19.868,0.0,0.008,0.3476,1.11,330.95,0,0.0006,0.0024,8.44,80.0,22.184,0.0,0.011,0.0334,1.09,330.93,0,0.0008,0.0022,10.44,75.27,21.701,0.0,0.01,0.0333,1.07,330.92,0,0.0009,0.0021,11.35,73.12,21.481,0.0,0.01,0.0247,1.01,330.85,0,0.0016,0.0015,16.54,60.81,20.222,0.0,0.0085,0.0293,0.67,330.51,0,0.0026,0.001,44.63,-5.73,13.417,0.0,0.0055,0.0281,0.95,330.79,0,0.0017,0.0013,21.73,48.52,18.965,0.0,0.0075,0.7076,1.01,330.85,0,0.0014,0.0016,16.72,60.38,20.178,0.0,0.009,0.2431,0.88,330.72,0,0.0013,0.0012,27.31,35.29,17.612,0.0,0.0075,2.3572,1.21,331.05,0,0.0,0.003,0.0,100.0,24.23,0.0,0.011,0.0303,0.99,330.84,0,0.0014,0.0016,17.91,57.56,19.889,0.0,0.0085,0.0397,0.61,330.45,0,0.0,0.0009,49.72,-17.79,12.183,0.0,0.004,0.1155,0.61,330.45,0,0.0,0.0009,49.72,-17.79,12.183,0.0,0.004,0.1095,1.21,331.05,0,0.0,0.003,0.0,100.0,24.23,0.0,0.011,0.0167,0.98,330.82,0,0.0017,0.0014,19.13,54.68,19.595,0.0,0.0075,0.6047,0.49,330.33,0,0.0,0.0004,59.65,-41.32,9.777,0.0,0.002,1.0125,0.7,330.54,0,0.003,0.0,42.21,14.003,0.0,0.0,0.0,0.22,330.06,0,0.0,0.0,82.02,4.356,0.0,0.0,0.0,0.126,7,7,0.0,5.9
SCA3-2,Gounaris,50,5,736.71,248.67,15.31,263.98,0,0.0,0.0492,239.117,120.013,0.0945,0.0,11.21,259.88,2,0.0424,0.0105,26.8,40.1,164.746,96.046,0.0455,0.3772,17.46,266.13,3,0.083,0.0018,-14.03,131.37,184.778,126.213,0.009,0.0431,11.25,259.92,2,0.0418,0.011,26.51,40.75,165.412,96.046,0.0475,0.3514,12.4,261.07,1,0.0333,0.0212,19.02,57.49,188.591,97.23,0.064,0.0251,11.29,259.96,2,0.0395,0.0139,26.28,41.25,173.774,89.872,0.045,0.0236,10.81,259.48,2,0.0382,0.0129,29.4,34.29,165.407,93.742,0.049,0.0229,13.33,262.0,2,0.0611,0.0041,12.92,71.12,171.923,110.679,0.019,0.0312,7.16,255.83,3,0.0778,0.0068,53.23,-18.98,98.014,44.639,0.026,0.0286,10.7,259.38,2,0.0444,0.0092,30.08,32.76,160.577,94.368,0.0365,0.7111,10.88,259.55,2,0.0433,0.0095,28.95,35.29,161.896,96.042,0.0405,0.235,6.55,255.23,0,0.0,0.0054,57.19,-27.84,91.154,41.057,0.0235,2.3542,8.73,257.4,0,0.0,0.0103,42.96,3.98,118.38,52.204,0.024,0.0614,10.77,259.44,2,0.0429,0.0103,29.67,33.67,161.436,94.078,0.041,0.0352,5.2,253.87,0,0.0,0.0038,66.04,-47.62,79.602,37.606,0.0155,0.1354,5.09,253.77,0,0.0,0.0037,66.73,-49.15,78.072,36.618,0.0155,0.1656,11.94,260.62,2,0.0557,0.0064,21.98,50.86,167.279,100.499,0.0235,0.0158,10.1,258.77,2,0.0451,0.007,34.02,23.95,153.324,74.539,0.0285,0.4733,4.97,253.64,0,0.0,0.0031,67.55,-50.98,76.284,34.854,0.013,1.4398,8.46,257.13,2,0.0492,0.0,44.74,131.601,67.355,0.0,0.0,3.31,251.98,0,0.0,0.0,78.39,53.655,23.395,0.0,0.0,0.07,5,5,0.0,6.2
SCA3-2,Cui,50,5,749.59,249.96,15.25,265.21,0,0.0,0.0498,245.003,119.393,0.092,0.0,11.7,261.66,2,0.0393,0.0144,23.31,47.75,175.572,99.181,0.0565,0.3562,16.72,266.68,3,0.079,0.0027,-9.61,121.54,186.119,130.244,0.0115,0.0465,11.7,261.66,2,0.0393,0.0144,23.31,47.75,175.572,99.181,0.0565,0.3516,13.49,263.45,2,0.0389,0.0221,11.56,74.09,199.696,118.574,0.0685,0.0313,11.41,261.37,2,0.0394,0.015,25.18,43.56,178.711,93.206,0.049,0.0326,12.4,262.36,1,0.0253,0.0258,18.68,58.13,196.685,99.68,0.0765,0.0279,12.9,262.85,3,0.0608,0.0039,15.45,65.36,172.631,114.208,0.0165,0.0404,7.44,257.4,4,0.0912,0.0055,51.22,-14.81,93.374,49.363,0.0195,0.0289,10.79,260.75,2,0.0483,0.008,29.26,34.41,160.92,100.674,0.033,0.7353,11.09,261.05,2,0.0437,0.0103,27.28,38.84,169.013,91.384,0.041,0.2678,7.09,257.05,0,0.0,0.006,53.53,-19.99,94.01,48.874,0.0245,2.7781,7.82,257.78,0,0.0,0.0072,48.71,-9.2,102.516,53.615,0.0185,0.0433,10.7,260.66,2,0.0473,0.0083,29.83,33.13,160.8,97.912,0.034,0.0392,5.34,255.3,0,0.0,0.0042,64.97,-45.64,82.902,37.658,0.0165,0.1407,5.27,255.22,0,0.0,0.0046,65.48,-46.78,81.436,37.167,0.017,0.1472,11.63,261.59,2,0.0524,0.0079,23.74,46.78,166.29,103.629,0.032,0.0119,10.25,260.21,2,0.0456,0.008,32.77,26.54,157.718,88.466,0.0345,0.5911,5.11,255.07,0,0.0008,0.003,66.5,-49.08,77.018,37.658,0.014,1.3008,8.45,258.41,2,0.0498,0.0,44.61,134.941,66.749,0.0,0.0,3.25,253.2,0,0.0,0.0,78.73,54.181,22.711,0.0,0.0,0.154,5,5,0.0,6.6
SCA3-2,MDRO,50,6,864.84,296.48,2.92,299.41,0,0.0,0.0082,58.498,0.0,0.0195,0.0,2.43,298.92,0,0.0082,0.0017,16.83,61.58,48.653,0.0,0.0095,0.3438,3.51,299.99,0,0.0132,0.0011,-20.01,145.7,70.206,0.0,0.0065,0.032,2.43,298.92,0,0.0082,0.0017,16.83,61.58,48.653,0.0,0.0095,0.4449,2.4,298.89,0,0.0043,0.0043,17.83,59.29,48.067,0.0,0.017,0.0409,2.24,298.72,0,0.0064,0.0026,23.56,46.21,44.716,0.0,0.0125,0.0338,2.13,298.61,0,0.0068,0.002,27.17,37.97,42.606,0.0,0.011,0.0379,2.62,299.1,0,0.0092,0.0015,10.46,76.12,52.379,0.0,0.0085,0.046,1.63,298.12,1,0.0162,0.0018,44.17,-0.85,30.116,7.944,0.009,0.0334,2.28,298.77,0,0.0071,0.0022,22.0,49.77,45.628,0.0,0.0095,0.9696,2.24,298.73,0,0.007,0.0021,23.31,46.79,44.864,0.0,0.0115,0.306,1.61,298.09,0,0.0017,0.0023,45.06,-2.88,32.139,0.0,0.011,2.0272,2.92,299.41,0,0.0,0.0082,0.0,100.0,58.498,0.0,0.0195,0.0217,2.24,298.72,0,0.0067,0.0023,23.4,46.57,44.808,0.0,0.01,0.0644,1.29,297.77,0,0.0,0.0019,56.01,-27.87,25.734,0.0,0.0085,0.1631,1.29,297.77,0,0.0,0.0019,56.01,-27.87,25.734,0.0,0.0085,0.1599,2.92,299.41,0,0.0,0.0082,0.0,100.0,58.498,0.0,0.0195,0.0348,2.19,298.67,0,0.0072,0.002,25.13,42.62,43.796,0.0,0.011,0.7691,1.12,297.6,0,0.0,0.0008,61.73,-40.93,22.39,0.0,0.0045,1.4623,1.64,298.13,0,0.0082,0.0,43.8,32.876,0.0,0.0,0.0,0.56,297.04,0,0.0,0.0,81.0,11.112,0.0,0.0,0.0,0.117,6,6,0.0,6.6
SCA3-3,Det,50,4,695.57,209.56,116.92,326.48,0,0.0,0.3099,335.489,330.943,0.522,0.0,74.29,283.85,3,0.3033,0.047,36.46,30.1,218.349,202.333,0.1655,0.4513,89.85,299.41,3,0.4193,0.0154,23.16,55.6,200.302,162.578,0.0605,0.0334,74.12,283.68,3,0.2888,0.0536,36.61,29.81,225.666,203.204,0.1885,0.3045,84.02,293.58,3,0.3285,0.0564,28.14,46.04,247.757,208.02,0.194,0.0259,83.23,292.79,3,0.307,0.0668,28.81,44.76,255.814,223.064,0.219,0.0276,102.05,311.61,2,0.1799,0.1751,12.72,75.61,301.032,278.024,0.4635,0.0313,81.01,290.57,3,0.3695,0.0224,30.71,41.11,205.633,187.379,0.0855,0.0409,108.14,317.69,2,0.0895,0.2472,7.52,85.59,355.58,339.552,0.4425,0.042,72.49,282.04,3,0.3008,0.0451,38.0,27.14,219.533,202.245,0.1635,1.2739,73.43,282.99,3,0.294,0.0501,37.2,28.68,219.289,202.19,0.1795,0.3173,73.91,283.46,3,0.2894,0.0526,36.79,29.47,225.162,203.482,0.1855,2.5167,70.97,280.52,3,0.2286,0.0475,39.31,24.64,226.481,204.314,0.172,0.0371,72.24,281.8,3,0.2995,0.045,38.21,26.74,218.834,202.19,0.163,0.0316,71.46,281.02,3,0.2732,0.0469,38.88,25.45,220.344,202.333,0.169,0.1677,68.67,278.23,3,0.2356,0.043,41.27,20.88,221.002,202.245,0.1555,0.2367,73.04,282.6,3,0.3096,0.0416,37.53,28.04,213.806,198.665,0.1525,0.0216,72.58,282.14,3,0.3073,0.0416,37.92,27.3,217.352,201.701,0.153,0.6095,69.0,278.56,3,0.2335,0.043,40.99,21.42,223.734,202.333,0.1515,1.7369,55.94,265.49,3,0.306,0.0039,52.16,166.16,149.427,0.0155,0.0,46.77,256.32,0,0.0,0.0,60.0,165.579,149.275,0.0,0.0,0.067,2,4,0.0,7.8
SCA3-3,SAA,50,5,753.89,250.39,9.81,260.2,0,0.0,0.0338,171.718,56.247,0.0725,0.0,7.73,258.12,1,0.0296,0.0083,21.22,51.58,128.063,59.168,0.0355,0.2543,11.04,261.43,2,0.0523,0.0023,-12.55,128.63,149.451,84.969,0.0115,0.0278,7.73,258.12,1,0.0296,0.0083,21.22,51.58,128.063,59.168,0.0355,0.3023,7.63,258.02,1,0.0274,0.0106,22.27,49.18,130.461,61.634,0.04,0.037,7.93,258.32,1,0.025,0.0129,19.15,56.31,136.157,60.033,0.044,0.0387,7.33,257.72,1,0.0269,0.0095,25.27,42.33,125.74,56.247,0.037,0.0424,9.15,259.54,2,0.0426,0.0035,6.73,84.64,137.371,80.23,0.017,0.0481,4.22,254.61,2,0.0534,0.0046,57.01,-30.11,66.155,28.037,0.0195,0.0317,7.24,257.63,1,0.0333,0.0058,26.23,40.14,121.208,62.902,0.0245,0.7282,7.6,257.99,1,0.0335,0.0059,22.56,48.52,125.751,64.552,0.0255,0.3384,4.23,254.62,0,0.0,0.0043,56.86,-29.75,65.891,28.037,0.0195,2.6077,5.6,255.99,0,0.0,0.0011,42.89,2.13,68.642,44.946,0.0045,0.0306,7.23,257.62,1,0.0327,0.0061,26.36,39.84,121.32,62.902,0.0255,0.0458,3.3,253.69,0,0.0,0.0034,66.35,-51.41,56.768,20.668,0.0135,0.1294,3.3,253.69,0,0.0,0.0034,66.38,-51.47,56.719,20.668,0.0135,0.1234,7.95,258.34,2,0.0352,0.0065,19.01,56.62,127.922,65.193,0.0255,0.0154,6.98,257.36,1,0.0308,0.0063,28.91,34.02,118.723,59.168,0.027,0.7579,3.17,253.56,0,0.0,0.0024,67.65,-54.37,53.314,20.676,0.011,1.7143,5.51,255.9,1,0.0338,0.0,43.82,96.206,32.055,0.0,0.0,1.75,252.14,0,0.0,0.0,82.16,31.391,9.468,0.0,0.0,0.074,5,5,0.0,7.0
SCA3-3,WDRO,50,6,795.0,289.5,1.39,290.89,0,0.0,0.0041,27.705,0.0,0.011,0.0,1.38,290.88,0,0.0053,0.0006,0.11,99.75,27.675,0.0,0.0035,0.381,1.81,291.31,0,0.0072,0.0004,-30.93,172.31,36.273,0.0,0.0025,0.0317,1.38,290.88,0,0.0053,0.0006,0.11,99.75,27.675,0.0,0.0035,0.261,1.07,290.57,0,0.0033,0.0013,22.8,46.69,21.388,0.0,0.0065,0.0282,1.12,290.62,0,0.0023,0.0019,19.5,54.41,22.303,0.0,0.009,0.0253,1.01,290.51,0,0.0031,0.0012,27.28,36.2,20.146,0.0,0.0065,0.029,1.45,290.95,0,0.0058,0.0004,-4.82,111.27,29.04,0.0,0.0025,0.037,0.58,290.08,0,0.0058,0.0005,58.03,-35.68,11.628,0.0,0.003,0.0201,1.03,290.53,0,0.0043,0.0005,25.61,40.13,20.61,0.0,0.003,0.534,1.07,290.57,0,0.0039,0.0008,22.68,46.97,21.421,0.0,0.0045,0.2593,0.66,290.16,0,0.0,0.0006,52.29,-22.26,13.219,0.0,0.003,2.2692,1.53,291.03,0,0.0,0.002,-10.59,124.76,27.169,6.362,0.0055,0.0459,1.03,290.53,0,0.0038,0.0008,25.72,39.85,20.578,0.0,0.0045,0.029,0.55,290.05,0,0.0,0.0007,60.6,-41.69,10.916,0.0,0.0035,0.1389,0.55,290.05,0,0.0,0.0007,60.6,-41.69,10.916,0.0,0.0035,0.1545,1.39,290.89,0,0.0,0.0041,0.0,100.0,27.705,0.0,0.011,0.0167,1.13,290.63,0,0.0042,0.0008,18.71,56.26,22.522,0.0,0.0045,0.559,0.52,290.02,0,0.0,0.0004,62.32,-45.71,10.44,0.0,0.0025,1.5842,0.79,290.29,0,0.0041,0.0,42.77,15.856,0.0,0.0,0.0,0.23,289.73,0,0.0,0.0,83.08,4.689,0.0,0.0,0.0,0.066,6,6,0.0,6.2
SCA3-3,Gounaris,50,5,748.14,249.81,9.73,259.54,0,0.0,0.0328,171.959,58.273,0.07,0.0,7.67,257.48,1,0.029,0.0077,21.17,52.27,130.215,59.312,0.0325,0.3841,11.36,261.17,2,0.0523,0.0023,-16.76,137.79,149.962,85.993,0.0105,0.0303,7.67,257.48,1,0.029,0.0077,21.17,52.27,130.215,59.312,0.0325,0.3088,7.76,257.57,1,0.023,0.0131,20.22,54.42,134.933,59.168,0.046,0.0306,7.51,257.33,1,0.0283,0.0092,22.76,48.67,130.825,59.949,0.0355,0.0286,7.11,256.92,1,0.0258,0.0089,26.91,39.32,124.173,58.273,0.0355,0.0325,9.25,259.07,2,0.0425,0.003,4.84,89.08,140.048,76.181,0.0135,0.0407,4.55,254.37,3,0.059,0.0036,53.19,-19.92,68.835,33.015,0.0145,0.0335,7.03,256.85,1,0.0329,0.005,27.68,37.59,120.47,58.318,0.0215,0.6932,7.31,257.12,1,0.0303,0.0065,24.89,43.88,124.742,58.318,0.0265,0.3,4.51,254.33,0,0.0,0.0035,53.62,-20.89,68.633,31.929,0.014,2.57,5.68,255.49,0,0.0,0.002,41.62,6.15,71.7,46.7,0.008,0.032,7.02,256.83,1,0.0326,0.0051,27.87,37.17,120.106,58.318,0.022,0.0382,3.35,253.16,0,0.0,0.0029,65.6,-47.92,56.274,20.977,0.012,0.1713,3.33,253.14,0,0.0,0.003,65.77,-48.3,56.12,20.977,0.012,0.1813,7.73,257.54,1,0.0325,0.007,20.56,53.65,128.833,67.015,0.0285,0.0236,6.71,256.52,1,0.0296,0.0057,31.02,30.06,116.549,58.273,0.0235,0.6764,3.26,253.07,0,0.0,0.0029,66.49,-49.92,56.275,22.678,0.0115,1.5886,5.41,255.23,1,0.0328,0.0,44.35,95.474,32.819,0.0,0.0,1.86,251.67,0,0.0,0.0,80.87,33.387,10.998,0.0,0.0,0.073,5,5,0.0,7.0
SCA3-3,Cui,50,5,753.89,250.39,9.81,260.2,0,0.0,0.0338,171.718,56.247,0.0725,0.0,7.73,258.12,1,0.0296,0.0083,21.22,51.58,128.063,59.168,0.0355,0.4137,11.04,261.43,2,0.0523,0.0023,-12.55,128.63,149.451,84.969,0.0115,0.0341,7.73,258.12,1,0.0296,0.0083,21.22,51.58,128.063,59.168,0.0355,0.4135,7.63,258.02,1,0.0274,0.0106,22.27,49.18,130.461,61.634,0.04,0.0258,7.93,258.32,1,0.025,0.0129,19.15,56.31,136.157,60.033,0.044,0.0321,7.33,257.72,1,0.0269,0.0095,25.27,42.33,125.74,56.247,0.037,0.0284,9.15,259.54,2,0.0426,0.0035,6.73,84.64,137.371,80.23,0.017,0.0354,4.22,254.61,2,0.0534,0.0046,57.01,-30.11,66.155,28.037,0.0195,0.0379,7.24,257.63,1,0.0333,0.0058,26.23,40.14,121.208,62.902,0.0245,0.8435,7.6,257.99,1,0.0335,0.0059,22.56,48.52,125.751,64.552,0.0255,0.2572,4.23,254.62,0,0.0,0.0043,56.86,-29.75,65.891,28.037,0.0195,2.6735,5.6,255.99,0,0.0,0.0011,42.89,2.13,68.642,44.946,0.0045,0.0314,7.23,257.62,1,0.0327,0.0061,26.36,39.84,121.32,62.902,0.0255,0.0467,3.3,253.69,0,0.0,0.0034,66.35,-51.41,56.768,20.668,0.0135,0.1036,3.3,253.69,0,0.0,0.0034,66.38,-51.47,56.719,20.668,0.0135,0.0802,7.95,258.34,2,0.0352,0.0065,19.01,56.62,127.922,65.193,0.0255,0.0157,6.98,257.36,1,0.0308,0.0063,28.91,34.02,118.723,59.168,0.027,0.6702,3.17,253.56,0,0.0,0.0024,67.65,-54.37,53.314,20.676,0.011,1.1465,5.51,255.9,1,0.0338,0.0,43.82,96.206,32.055,0.0,0.0,1.75,252.14,0,0.0,0.0,82.16,31.391,9.468,0.0,0.0,0.104,5,5,0.0,6.5
SCA3-3,MDRO,50,6,793.01,289.3,1.6,290.9,0,0.0,0.0047,31.941,0.0,0.0125,0.0,1.55,290.85,0,0.005,0.0013,3.23,92.4,30.91,0.0,0.0065,0.3946,1.98,291.29,0,0.0076,0.0006,-24.28,157.18,39.696,0.0,0.0035,0.0401,1.55,290.85,0,0.005,0.0013,3.23,92.4,30.91,0.0,0.0065,0.4197,1.29,290.59,0,0.0033,0.0018,19.25,54.66,25.792,0.0,0.0085,0.0268,1.36,290.66,0,0.0021,0.0027,14.91,64.89,27.178,0.0,0.011,0.024,1.28,290.58,0,0.0027,0.0022,20.07,52.72,25.529,0.0,0.01,0.0291,1.56,290.86,0,0.0055,0.0009,2.18,94.86,31.243,0.0,0.005,0.0363,0.68,289.98,0,0.0065,0.0007,57.61,-35.67,13.54,0.0,0.0035,0.0325,1.23,290.53,0,0.0043,0.0011,22.91,46.04,24.623,0.0,0.006,0.8555,1.28,290.58,0,0.0037,0.0015,20.06,52.75,25.532,0.0,0.008,0.2768,0.78,290.08,0,0.0,0.0008,51.27,-20.75,15.564,0.0,0.0035,2.8222,1.73,291.03,0,0.0,0.0022,-8.59,120.23,30.656,9.493,0.0065,0.0292,1.21,290.51,0,0.0037,0.0013,24.01,43.46,24.272,0.0,0.007,0.0575,0.68,289.98,0,0.0,0.0009,57.5,-35.42,13.575,0.0,0.004,0.1639,0.68,289.98,0,0.0,0.0009,57.5,-35.42,13.575,0.0,0.004,0.1655,1.6,290.9,0,0.0,0.0047,0.0,100.0,31.941,0.0,0.0125,0.0122,1.29,290.59,0,0.0043,0.0013,19.05,55.13,25.855,0.0,0.0065,0.65,0.66,289.96,0,0.0,0.0007,58.57,-37.93,13.234,0.0,0.0035,1.273,0.92,290.22,0,0.0047,0.0,42.46,18.378,0.0,0.0,0.0,0.27,289.57,0,0.0,0.0,82.86,5.474,0.0,0.0,0.0,0.062,6,6,0.0,6.9
SCA3-4,Det,50,4,690.5,209.05,107.41,316.46,0,0.0,0.2925,328.65,319.706,0.515,0.0,77.34,286.39,3,0.2421,0.08,28.0,35.98,231.825,219.503,0.28,0.4843,90.79,299.84,3,0.3661,0.0413,15.48,64.61,221.804,221.096,0.1635,0.0398,77.14,286.19,3,0.2596,0.0708,28.18,35.57,230.171,218.0,0.2525,0.5844,82.23,291.28,3,0.2916,0.0668,23.44,46.4,254.696,216.947,0.2285,0.0274,81.64,290.69,3,0.2447,0.095,23.99,45.14,269.697,247.427,0.296,0.0247,87.32,296.37,2,0.2,0.1229,18.7,57.23,269.855,249.374,0.4145,0.0328,83.82,292.86,3,0.3284,0.0446,21.97,49.77,222.053,220.556,0.1755,0.0331,99.57,308.62,1,0.0747,0.24,7.3,83.31,338.916,316.68,0.4875,0.0246,74.92,283.97,3,0.2724,0.0601,30.25,30.84,226.978,215.864,0.2235,2.4744,76.47,285.52,3,0.2528,0.073,28.8,34.14,233.47,220.044,0.256,0.2363,75.21,284.26,3,0.2566,0.0524,29.98,31.46,226.227,216.253,0.199,2.7887,73.31,282.36,3,0.2117,0.067,31.74,27.41,235.364,219.503,0.2375,0.0605,74.75,283.8,3,0.2741,0.0586,30.41,30.47,227.143,215.864,0.2175,0.094,73.48,282.53,2,0.2074,0.0633,31.59,27.76,255.351,212.68,0.22,0.2201,71.08,280.12,2,0.2038,0.0612,33.83,22.65,233.253,213.363,0.22,0.1748,74.73,283.78,3,0.2737,0.0581,30.43,30.43,226.861,216.947,0.2155,0.0155,74.07,283.12,3,0.264,0.0626,31.04,29.02,227.7,215.201,0.2275,0.7339,70.63,279.68,2,0.1996,0.0649,34.24,21.71,230.699,214.457,0.229,1.8209,60.44,269.49,3,0.2575,0.035,43.73,215.705,212.756,0.14,0.0,53.35,262.4,0,0.0,0.0,50.33,213.065,205.724,0.0,0.0,0.078,3,4,0.0,9.2
SCA3-4,SAA,50,5,813.91,256.39,11.21,267.6,0,0.0,0.0353,194.377,68.918,0.076,0.0,8.48,264.87,1,0.0325,0.007,24.4,46.39,136.763,76.087,0.031,0.2371,12.12,268.51,2,0.0548,0.0024,-8.06,117.7,150.336,90.487,0.012,0.0222,8.5,264.89,1,0.0326,0.007,24.24,46.77,136.763,76.087,0.031,0.2422,8.71,265.1,1,0.0268,0.0119,22.37,50.87,145.619,65.935,0.0435,0.0188,8.88,265.27,1,0.0255,0.0135,20.81,54.3,149.373,65.993,0.0455,0.0207,8.57,264.96,1,0.0249,0.0122,23.59,48.19,146.185,65.806,0.0485,0.0206,9.95,266.34,2,0.0442,0.0033,11.29,75.2,141.784,82.258,0.016,0.0249,5.76,262.15,2,0.0465,0.0073,48.65,-6.87,94.964,30.905,0.0265,0.0218,7.93,264.32,1,0.0314,0.0072,29.3,35.63,131.23,67.806,0.0305,0.6416,8.17,264.56,1,0.0318,0.007,27.16,40.34,133.826,75.877,0.031,0.207,5.67,262.06,0,0.0094,0.004,49.41,-8.53,91.276,49.846,0.016,1.7729,6.26,262.65,0,0.0,0.0022,44.21,2.88,76.427,48.1,0.0075,0.0325,7.88,264.27,1,0.031,0.0073,29.77,34.61,130.834,65.783,0.0305,0.0286,4.06,260.45,0,0.0,0.0033,63.77,-40.07,66.148,29.106,0.013,0.0935,4.06,260.45,0,0.0,0.0033,63.76,-40.06,66.157,29.106,0.013,0.0911,8.89,265.29,1,0.0323,0.0094,20.68,54.57,138.864,74.245,0.0375,0.0118,7.66,264.05,1,0.0315,0.0065,31.67,30.44,127.747,65.783,0.0285,0.4231,3.74,260.13,0,0.0,0.002,66.62,-46.34,61.2,29.137,0.01,1.1124,6.11,262.5,1,0.0353,0.0,45.53,105.213,36.09,0.0,0.0,2.33,258.72,0,0.0,0.0,79.22,41.357,15.696,0.0,0.0,0.071,5,5,0.0,4.8
SCA3-4,WDRO,50,7,886.09,333.61,0.75,334.36,0,0.0,0.0019,14.933,0.0,0.007,0.0,0.71,334.32,0,0.0018,0.0006,4.75,88.6,14.223,0.0,0.004,0.2164,0.72,334.33,0,0.0019,0.0005,3.78,90.94,14.368,0.0,0.0035,0.0208,0.71,334.32,0,0.0018,0.0006,4.75,88.6,14.223,0.0,0.004,0.2468,0.56,334.17,0,0.0011,0.0008,24.99,40.07,11.2,0.0,0.0045,0.0231,0.66,334.27,0,0.0005,0.0014,11.91,71.44,13.154,0.0,0.007,0.0201,0.61,334.22,0,0.0008,0.0011,18.73,55.08,12.135,0.0,0.006,0.0243,0.64,334.25,0,0.0016,0.0006,13.8,66.91,12.872,0.0,0.004,0.027,0.34,333.95,0,0.0014,0.0006,54.81,-31.44,6.748,0.0,0.0035,0.031,0.57,334.18,0,0.0012,0.0007,23.79,42.96,11.381,0.0,0.0045,0.4868,0.56,334.17,0,0.0013,0.0006,25.52,38.81,11.122,0.0,0.0045,0.1979,0.36,333.97,0,0.0,0.0006,51.66,-23.88,7.218,0.0,0.004,1.5722,0.75,334.36,0,0.0,0.0019,0.0,100.0,14.933,0.0,0.007,0.0221,0.58,334.19,0,0.0011,0.0008,22.19,46.8,11.619,0.0,0.0045,0.0254,0.36,333.97,0,0.0,0.0006,51.15,-22.64,7.295,0.0,0.004,0.0784,0.36,333.97,0,0.0,0.0006,51.15,-22.64,7.295,0.0,0.004,0.0719,0.75,334.36,0,0.0,0.0019,0.0,100.0,14.933,0.0,0.007,0.0112,0.54,334.15,0,0.0016,0.0004,28.0,32.87,10.752,0.0,0.0025,0.4285,0.26,333.87,0,0.0,0.0,65.5,-57.07,5.151,0.0,0.0,0.7642,0.44,334.04,0,0.0019,0.0,41.7,8.705,0.0,0.0,0.0,0.13,333.74,0,0.0,0.0,81.98,2.691,0.0,0.0,0.0,0.062,7,7,0.0,4.0
SCA3-4,Gounaris,50,5,812.7,256.27,10.15,266.42,0,0.0,0.0322,180.639,61.139,0.0695,0.0,7.76,264.03,1,0.0316,0.0057,23.52,47.58,130.311,66.992,0.0255,0.2037,11.27,267.54,2,0.0528,0.0012,-11.02,124.56,147.644,85.403,0.006,0.0191,7.76,264.03,1,0.0316,0.0057,23.52,47.58,130.311,66.992,0.0255,0.1966,8.07,264.34,1,0.027,0.0105,20.5,54.32,134.062,63.466,0.0415,0.0159,8.28,264.55,1,0.0283,0.0103,18.44,58.9,138.772,65.053,0.0345,0.0168,8.49,264.76,1,0.02,0.015,16.4,63.46,148.349,61.139,0.0505,0.0169,9.23,265.5,2,0.0421,0.0029,9.02,79.89,138.427,78.888,0.014,0.0207,4.56,260.83,2,0.0431,0.005,55.04,-22.65,73.858,27.029,0.0205,0.0176,7.23,263.5,1,0.0274,0.0075,28.78,35.87,126.64,57.514,0.029,0.4389,7.18,263.45,1,0.0278,0.007,29.31,34.69,124.58,56.511,0.0285,0.1552,4.44,260.71,0,0.0,0.0044,56.23,-25.31,70.199,27.029,0.019,1.3322,6.24,262.51,0,0.0,0.0055,38.53,14.14,91.137,45.16,0.015,0.0216,7.25,263.52,1,0.0271,0.0077,28.62,36.22,126.958,57.514,0.0295,0.0228,3.83,260.1,0,0.0,0.0046,62.26,-38.75,67.027,21.686,0.016,0.0764,3.83,260.1,0,0.0,0.0046,62.26,-38.75,67.027,21.686,0.016,0.0758,8.08,264.35,1,0.0262,0.0106,20.44,54.45,138.711,64.373,0.0365,0.0111,6.86,263.13,1,0.0303,0.0049,32.43,27.74,119.124,56.511,0.022,0.3534,3.28,259.55,0,0.0,0.0017,67.66,-50.78,55.135,23.286,0.0075,0.8467,5.6,261.87,1,0.0322,0.0,44.87,99.102,33.826,0.0,0.0,2.11,258.38,0,0.0,0.0,79.24,38.066,13.579,0.0,0.0,0.057,5,5,0.0,3.7
SCA3-4,Cui,50,6,842.68,294.27,5.2,299.47,0,0.0,0.0128,104.026,0.0,0.046,0.0,4.0,298.27,0,0.0121,0.0028,23.09,50.16,75.748,36.277,0.015,0.2324,5.87,300.14,1,0.0223,0.0005,-12.94,127.94,84.105,47.111,0.003,0.0216,3.93,298.2,0,0.0123,0.0026,24.45,47.22,74.719,36.277,0.0135,0.2254,4.87,299.14,0,0.0067,0.0083,6.31,86.39,94.805,35.111,0.0365,0.0199,4.29,298.56,0,0.0087,0.0059,17.55,62.12,82.999,34.884,0.026,0.0217,5.14,299.4,0,0.0004,0.0124,1.26,97.28,102.717,0.0,0.046,0.0214,5.11,299.38,1,0.0194,0.0008,1.78,96.15,78.184,44.726,0.0045,0.0247,3.46,297.72,1,0.023,0.0032,33.55,27.59,57.982,18.561,0.014,0.0217,4.0,298.27,1,0.0154,0.0013,23.06,50.22,71.738,34.884,0.0075,0.4751,4.23,298.5,1,0.0138,0.0025,18.67,59.7,75.679,40.424,0.0135,0.1959,3.46,297.73,0,0.0,0.0032,33.41,27.89,58.269,14.646,0.0155,1.5548,3.87,298.13,0,0.0,0.0024,25.69,44.54,54.204,31.507,0.008,0.0249,3.91,298.18,1,0.015,0.0013,24.74,46.6,69.993,34.884,0.0075,0.0267,2.25,296.52,0,0.0,0.0013,56.74,-22.47,41.311,14.646,0.007,0.0874,2.25,296.52,0,0.0,0.0013,56.74,-22.47,41.311,14.646,0.007,0.0851,4.39,298.66,1,0.013,0.0036,15.6,66.32,78.067,38.055,0.016,0.0115,3.55,297.82,0,0.0123,0.002,31.8,31.35,69.262,34.884,0.011,0.4049,2.15,296.42,0,0.0,0.0012,58.64,-26.59,40.143,11.174,0.0065,0.9093,2.79,297.06,0,0.0128,0.0,46.33,55.835,0.0,0.0,0.0,1.19,295.46,0,0.0,0.0,77.16,23.763,0.0,0.0,0.0,0.067,6,6,0.0,4.2
SCA3-4,MDRO,50,6,858.77,295.88,1.69,297.57,0,0.0,0.0049,33.838,0.0,0.0155,0.0,1.56,297.44,0,0.004,0.0019,7.5,82.33,31.3,0.0,0.0085,0.246,1.75,297.63,0,0.0057,0.0013,-3.47,108.17,35.012,0.0,0.0065,0.0251,1.56,297.44,0,0.004,0.0019,7.5,82.33,31.3,0.0,0.0085,0.2499,1.44,297.32,0,0.0019,0.0031,14.63,65.53,28.886,0.0,0.0105,0.0213,1.39,297.26,0,0.0021,0.0028,18.06,57.45,27.726,0.0,0.0095,0.0225,1.32,297.19,0,0.0026,0.0023,22.24,47.61,26.312,0.0,0.0085,0.0227,1.64,297.52,0,0.0045,0.0018,2.93,93.09,32.846,0.0,0.008,0.0266,0.78,296.66,0,0.0059,0.0012,53.93,-27.03,15.589,0.0,0.0065,0.0211,1.43,297.3,0,0.0036,0.002,15.62,63.21,28.553,0.0,0.009,0.5096,1.39,297.27,0,0.0033,0.0021,17.7,58.31,27.849,0.0,0.0095,0.197,0.82,296.7,0,0.0,0.0011,51.58,-21.49,16.384,0.0,0.0065,1.7158,1.69,297.57,0,0.0,0.0035,-0.15,100.34,32.127,7.999,0.0095,0.0259,1.4,297.28,0,0.0032,0.0022,17.15,59.6,28.034,0.0,0.0095,0.028,0.62,296.49,0,0.0,0.0007,63.49,-49.55,12.354,0.0,0.004,0.0898,0.62,296.49,0,0.0,0.0007,63.49,-49.55,12.354,0.0,0.004,0.0839,1.69,297.57,0,0.0,0.0049,0.0,100.0,33.838,0.0,0.0155,0.0125,1.19,297.07,0,0.0043,0.001,29.61,30.26,23.818,0.0,0.005,0.4421,0.44,296.32,0,0.0,0.0,73.73,-73.66,8.889,0.0,0.0,0.9095,0.97,296.85,0,0.0049,0.0,42.46,19.472,0.0,0.0,0.0,0.29,296.17,0,0.0,0.0,82.58,5.895,0.0,0.0,0.0,0.07,6,6,0.0,4.4
SCA3-7,Det,50,4,666.15,206.61,137.19,343.8,0,0.0,0.3565,316.662,315.94,0.5975,0.0,101.64,308.26,3,0.3064,0.1022,25.91,34.01,237.524,219.567,0.3725,0.3372,112.39,319.0,3,0.3865,0.0809,18.08,53.96,226.535,219.567,0.3155,0.0313,101.07,307.68,3,0.282,0.113,26.33,32.95,253.247,219.567,0.395,0.3515,112.78,319.39,3,0.2994,0.1409,17.79,54.68,283.33,255.727,0.4115,0.0199,112.34,318.95,2,0.2747,0.1501,18.11,53.86,279.921,269.992,0.4685,0.021,101.27,307.89,3,0.2849,0.1114,26.18,33.33,248.454,214.618,0.3915,0.0208,106.77,313.39,3,0.3523,0.0868,22.17,43.54,227.55,219.567,0.3365,0.0241,127.57,334.18,1,0.0783,0.2955,7.01,82.14,323.902,315.94,0.5845,0.0274,99.93,306.54,3,0.287,0.1092,27.16,30.82,256.132,213.82,0.3825,1.4335,100.35,306.97,3,0.2873,0.1089,26.85,31.61,243.689,219.567,0.389,0.2016,99.45,306.06,3,0.2782,0.1005,27.51,29.94,240.494,219.567,0.367,1.6905,97.38,303.99,2,0.2373,0.1038,29.02,26.09,246.092,214.524,0.372,0.0273,99.76,306.37,3,0.2784,0.1134,27.29,30.51,255.881,213.855,0.3965,0.0838,97.11,303.73,2,0.1849,0.1191,29.21,25.6,272.709,253.082,0.3915,0.1749,95.5,302.11,2,0.2154,0.1124,30.39,22.6,258.38,216.478,0.3875,0.1105,100.53,307.15,3,0.3031,0.102,26.72,31.95,243.231,214.524,0.3705,0.0126,99.27,305.89,3,0.2879,0.107,27.64,29.61,242.332,213.82,0.386,0.3497,95.24,301.85,2,0.2229,0.1064,30.58,22.12,246.398,213.82,0.379,0.9925,83.32,289.94,3,0.2855,0.071,39.26,213.866,213.82,0.284,0.0,76.06,282.67,0,0.0,0.0,44.56,213.784,212.669,0.0,0.0,0.078,4,4,0.0,5.5
SCA3-7,SAA,50,5,765.68,251.57,13.11,264.68,0,0.0,0.0416,226.167,67.379,0.081,0.0,10.07,261.64,1,0.04,0.0083,23.19,48.99,155.935,82.686,0.0375,0.2222,14.58,266.14,3,0.0685,0.0025,-11.19,124.61,176.324,118.05,0.0115,0.0211,9.98,261.55,1,0.0409,0.0074,23.86,47.52,154.932,80.19,0.0335,0.2202,11.59,263.16,1,0.0283,0.021,11.59,74.51,188.211,93.846,0.0565,0.0163,10.1,261.67,1,0.0275,0.017,22.96,49.5,163.789,87.982,0.0605,0.0181,11.06,262.62,1,0.0182,0.0247,15.66,65.55,187.194,73.112,0.0675,0.0178,12.19,263.76,2,0.0571,0.0034,6.99,84.63,165.747,84.652,0.0155,0.0221,6.65,258.22,3,0.0606,0.0092,49.27,-8.36,107.479,38.459,0.03,0.0192,9.36,260.92,1,0.0372,0.0089,28.62,37.05,151.33,71.605,0.0335,0.5007,9.97,261.53,1,0.042,0.0067,23.97,47.27,153.194,80.19,0.0295,0.1642,6.67,258.24,0,0.007,0.0062,49.11,-8.02,105.762,44.126,0.023,1.5468,7.78,259.35,0,0.0,0.0061,40.65,10.59,101.817,49.407,0.017,0.0244,9.3,260.87,1,0.0375,0.0086,29.07,36.06,151.107,70.411,0.033,0.0249,5.16,256.73,0,0.0,0.0046,60.64,-33.38,84.522,32.563,0.016,0.0818,5.19,256.75,0,0.0003,0.0046,60.44,-32.93,85.054,31.763,0.0165,0.08,10.41,261.98,2,0.0444,0.0076,20.6,54.69,157.19,74.48,0.0285,0.011,9.07,260.63,2,0.0409,0.0062,30.84,32.16,145.145,68.749,0.027,0.3707,4.46,256.03,0,0.0,0.0022,65.96,-45.07,71.843,32.563,0.0095,0.9783,7.15,258.72,1,0.0416,0.0,45.47,122.685,36.502,0.0,0.0,2.77,254.34,0,0.0,0.0,78.86,49.3,15.522,0.0,0.0,0.061,5,5,0.0,4.1
SCA3-7,WDRO,50,6,828.05,292.8,2.49,295.29,0,0.0,0.0071,49.787,0.0,0.018,0.0,2.24,295.04,0,0.0065,0.0022,10.01,76.23,44.803,0.0,0.0105,0.2157,3.12,295.93,0,0.0111,0.0014,-25.47,160.5,62.47,0.0,0.008,0.0205,2.24,295.04,0,0.0065,0.0022,10.01,76.23,44.803,0.0,0.0105,0.2136,2.37,295.17,0,0.0048,0.0039,4.82,88.56,47.389,0.0,0.014,0.0184,1.94,294.75,0,0.0038,0.0034,21.92,47.95,38.875,0.0,0.014,0.02,2.14,294.94,0,0.0032,0.0042,14.17,66.35,42.732,0.0,0.0165,0.0198,2.41,295.22,0,0.0077,0.0018,3.03,92.79,48.277,0.0,0.009,0.0226,1.45,294.26,0,0.013,0.0016,41.6,1.21,29.077,0.0,0.008,0.0197,1.98,294.79,0,0.0043,0.0032,20.45,51.44,39.607,0.0,0.014,0.4419,1.97,294.77,0,0.0041,0.0032,21.05,50.01,39.307,0.0,0.0135,0.1681,1.39,294.2,0,0.0009,0.0015,44.07,-4.67,27.845,0.0,0.008,1.4591,2.49,295.29,0,0.0,0.0071,0.0,100.0,49.787,0.0,0.018,0.0227,1.98,294.78,0,0.0041,0.0032,20.65,50.96,39.506,0.0,0.014,0.0242,1.05,293.85,0,0.0,0.0014,57.81,-37.29,21.005,0.0,0.0065,0.0762,1.05,293.85,0,0.0,0.0014,57.81,-37.29,21.005,0.0,0.0065,0.071,2.49,295.29,0,0.0,0.0071,0.0,100.0,49.787,0.0,0.018,0.0112,1.91,294.72,0,0.0056,0.0022,23.16,45.0,38.258,0.0,0.0105,0.387,0.88,293.68,0,0.0,0.0005,64.68,-53.61,17.585,0.0,0.003,0.8081,1.44,294.25,0,0.0071,0.0,42.11,28.823,0.0,0.0,0.0,0.46,293.27,0,0.0,0.0,81.49,9.214,0.0,0.0,0.0,0.058,6,6,0.0,3.8
SCA3-7,Gounaris,50,5,764.82,251.48,12.5,263.98,0,0.0,0.0411,217.109,67.13,0.079,0.0,9.77,261.25,1,0.0393,0.008,21.8,50.99,155.581,71.657,0.033,0.2197,14.18,265.66,3,0.067,0.002,-13.47,130.28,175.294,118.696,0.01,0.0199,9.77,261.25,1,0.0393,0.008,21.8,50.99,155.581,71.657,0.033,0.2223,10.3,261.79,1,0.0259,0.0186,17.54,60.57,175.964,69.099,0.0535,0.017,9.73,261.22,1,0.0306,0.0148,22.1,50.33,162.447,63.775,0.047,0.0198,9.28,260.76,1,0.0308,0.0129,25.75,42.11,157.803,64.056,0.047,0.0185,11.45,262.94,2,0.0542,0.0031,8.34,81.26,161.475,84.477,0.015,0.0219,6.54,258.02,2,0.0536,0.0091,47.68,-7.17,106.597,40.282,0.0355,0.019,9.12,260.6,2,0.0387,0.0082,27.01,39.3,150.176,67.22,0.0355,0.5107,9.42,260.9,1,0.038,0.0082,24.63,44.64,153.442,70.321,0.0345,0.1684,6.8,258.28,0,0.0066,0.0069,45.6,-2.5,107.64,45.245,0.0285,1.3873,7.75,259.23,0,0.0,0.0072,37.98,14.63,101.929,49.078,0.0185,0.0228,8.98,260.46,2,0.0391,0.0076,28.14,36.74,147.117,67.144,0.0325,0.025,4.71,256.19,0,0.0,0.0048,62.34,-40.12,79.41,29.435,0.0195,0.0788,4.79,256.27,0,0.0002,0.0052,61.69,-38.67,81.252,29.035,0.021,0.0938,10.2,261.69,2,0.0498,0.0043,18.33,58.79,154.508,74.606,0.018,0.0105,8.53,260.02,1,0.0375,0.007,31.7,28.74,141.515,66.517,0.0305,0.3766,4.17,255.65,0,0.0,0.0021,66.61,-49.73,68.819,29.015,0.0085,0.8467,6.94,258.42,1,0.0411,0.0,44.49,119.969,35.892,0.0,0.0,2.58,254.07,0,0.0,0.0,79.32,46.395,14.083,0.0,0.0,0.059,5,5,0.0,3.9
SCA3-7,Cui,50,5,787.16,253.72,13.55,267.27,0,0.0,0.0428,232.315,116.383,0.082,0.0,10.3,264.02,1,0.0382,0.01,24.01,47.4,162.22,80.287,0.0415,0.2062,14.72,268.43,3,0.0688,0.0023,-8.58,118.79,179.416,116.615,0.0105,0.0192,10.28,264.0,1,0.0386,0.0097,24.13,47.14,161.99,79.12,0.0405,0.2025,11.76,265.47,1,0.0301,0.0204,13.25,70.97,193.039,94.308,0.0555,0.0161,10.12,263.83,1,0.0305,0.0152,25.35,44.46,163.461,70.505,0.0575,0.0174,11.72,265.44,0,0.0131,0.0299,13.52,70.38,197.875,90.175,0.0775,0.0174,12.57,266.28,2,0.0593,0.0027,7.3,84.01,171.495,104.284,0.012,0.0209,7.02,260.73,3,0.0681,0.0086,48.22,-5.65,106.991,42.326,0.028,0.0187,9.57,263.28,2,0.0423,0.0065,29.42,35.54,151.699,70.215,0.026,0.4443,9.96,263.68,2,0.0412,0.0073,26.51,41.93,155.084,77.187,0.031,0.1583,7.05,260.77,0,0.0,0.009,47.96,-5.06,108.629,44.703,0.0325,1.4737,8.61,262.33,0,0.0,0.0094,36.45,20.16,117.523,51.615,0.023,0.0221,9.45,263.17,2,0.0411,0.0069,30.25,33.72,151.485,70.215,0.0275,0.0236,5.29,259.01,0,0.0,0.0051,60.94,-33.51,87.379,34.968,0.0215,0.0785,5.16,258.88,0,0.0007,0.005,61.9,-35.6,85.132,32.461,0.0215,0.0747,10.78,264.5,2,0.0467,0.0077,20.45,55.2,163.768,74.774,0.0265,0.0102,9.15,262.87,1,0.0409,0.0063,32.47,28.88,146.993,69.185,0.028,0.3599,4.6,258.31,0,0.0,0.0027,66.1,-44.79,74.127,30.886,0.0125,0.8487,7.37,261.08,2,0.0428,0.0,45.65,125.682,65.112,0.0,0.0,2.86,256.58,0,0.0,0.0,78.86,50.618,18.129,0.0,0.0,0.06,5,5,0.0,3.8
SCA3-7,MDRO,50,6,830.76,293.08,2.43,295.51,0,0.0,0.007,48.636,0.0,0.0195,0.0,2.15,295.22,0,0.0062,0.0022,11.65,72.28,42.97,0.0,0.011,0.192,2.77,295.85,0,0.0102,0.001,-13.9,133.08,55.397,0.0,0.0055,0.0187,2.15,295.22,0,0.0062,0.0022,11.65,72.28,42.97,0.0,0.011,0.1859,2.0,295.08,0,0.0045,0.0031,17.67,57.95,40.043,0.0,0.014,0.0161,1.95,295.03,0,0.0041,0.0033,19.8,52.87,39.004,0.0,0.0145,0.0172,2.02,295.1,0,0.0034,0.0038,16.89,59.81,40.421,0.0,0.0155,0.0212,2.46,295.54,0,0.0082,0.0016,-1.12,102.66,49.179,0.0,0.008,0.0205,1.04,294.12,0,0.0089,0.0013,57.12,-35.95,20.853,0.0,0.0065,0.0172,1.9,294.98,0,0.0045,0.0028,21.74,48.26,38.061,0.0,0.013,0.3883,1.98,295.05,0,0.0048,0.0028,18.74,55.41,39.523,0.0,0.0135,0.1624,1.15,294.23,0,0.0013,0.0011,52.75,-25.53,22.981,0.0,0.006,1.3275,2.43,295.51,0,0.0,0.007,0.0,100.0,48.636,0.0,0.0195,0.0215,1.92,295.0,0,0.0042,0.0031,21.03,49.96,38.41,0.0,0.014,0.0221,0.98,294.06,0,0.0,0.0016,59.5,-41.6,19.698,0.0,0.008,0.0721,0.98,294.06,0,0.0,0.0016,59.5,-41.6,19.698,0.0,0.008,0.0668,2.43,295.51,0,0.0,0.007,0.0,100.0,48.636,0.0,0.0195,0.0098,1.92,295.0,0,0.0059,0.002,20.93,50.18,38.454,0.0,0.011,0.3678,0.86,293.93,0,0.0,0.0007,64.7,-53.98,17.167,0.0,0.0035,0.7391,1.41,294.49,0,0.007,0.0,42.02,28.199,0.0,0.0,0.0,0.43,293.51,0,0.0,0.0,82.25,8.632,0.0,0.0,0.0,0.054,6,6,0.0,3.5
SCA3-5,Det,50,4,683.23,208.32,138.25,346.58,0,0.0,0.3624,342.379,337.678,0.581,0.0,95.48,303.8,3,0.3364,0.0737,30.94,33.51,246.809,231.937,0.256,0.2754,111.86,320.19,3,0.4756,0.0326,19.09,58.98,238.212,231.937,0.125,0.0232,94.53,302.85,3,0.3405,0.0687,31.63,32.03,247.892,231.937,0.2405,0.2557,99.44,307.76,3,0.3995,0.0527,28.08,39.66,247.361,229.566,0.193,0.0392,104.69,313.01,3,0.3543,0.0939,24.28,47.83,289.957,268.747,0.2845,0.0483,104.46,312.79,2,0.2652,0.13,24.44,47.48,262.054,230.847,0.456,0.0511,102.11,310.43,3,0.4229,0.0399,26.15,43.81,239.707,231.937,0.15,0.0462,135.61,343.94,1,0.0351,0.3389,1.91,95.9,351.141,341.06,0.554,0.0511,91.48,299.8,3,0.341,0.065,33.83,27.29,248.16,228.784,0.224,1.5819,94.24,302.56,3,0.3491,0.0633,31.84,31.58,246.852,231.937,0.224,0.3749,93.91,302.23,3,0.3375,0.0636,32.08,31.07,247.638,230.847,0.2255,2.8446,90.96,299.28,3,0.3169,0.0624,34.21,26.49,249.931,230.334,0.2245,0.0448,90.78,299.11,3,0.338,0.0645,34.34,26.22,247.986,228.784,0.227,0.0321,90.25,298.57,3,0.3296,0.065,34.72,25.38,248.5,228.784,0.228,0.1098,89.51,297.84,3,0.314,0.0646,35.25,24.24,248.417,228.784,0.232,0.1288,92.06,300.39,3,0.3545,0.0576,33.41,28.2,246.713,228.784,0.205,0.0185,90.93,299.25,3,0.3419,0.0625,34.23,26.45,247.701,228.784,0.2225,0.641,89.88,298.2,3,0.3061,0.0674,34.99,24.81,249.905,228.784,0.24,1.2593,73.92,282.24,3,0.334,0.0284,46.53,234.478,227.756,0.109,0.0,68.03,276.35,0,0.0,0.0,50.79,234.478,227.756,0.0,0.0,0.069,3,4,0.0,7.6
SCA3-5,SAA,50,5,824.17,257.42,12.15,269.57,0,0.0,0.0367,211.195,65.136,0.0765,0.0,8.84,266.26,1,0.0296,0.0094,27.25,39.8,144.764,65.063,0.041,0.2691,12.51,269.92,2,0.0537,0.0026,-2.89,106.39,156.318,91.241,0.012,0.022,8.84,266.26,1,0.0296,0.0094,27.25,39.8,144.764,65.063,0.041,0.2886,10.44,267.86,1,0.0189,0.0206,14.09,68.87,176.362,70.301,0.06,0.0182,9.84,267.26,1,0.0211,0.0179,19.0,58.01,167.132,65.189,0.055,0.0198,9.65,267.06,1,0.0213,0.0172,20.63,54.41,163.134,65.063,0.055,0.0229,10.06,267.48,2,0.0425,0.0039,17.22,61.96,147.31,80.723,0.018,0.0241,6.33,263.75,2,0.051,0.0066,47.89,-5.82,96.947,47.346,0.0265,0.0321,8.56,265.97,1,0.0307,0.009,29.6,34.6,139.428,59.815,0.039,0.6557,8.57,265.99,1,0.0282,0.0102,29.47,34.89,141.255,59.407,0.0435,0.1941,6.21,263.62,0,0.006,0.0052,48.93,-8.11,97.503,47.644,0.0235,1.7526,7.85,265.26,0,0.0,0.0076,35.43,21.71,109.127,49.093,0.024,0.0302,8.55,265.97,1,0.0302,0.0093,29.61,34.57,139.755,59.815,0.0405,0.0409,4.61,262.02,0,0.0,0.0047,62.09,-37.2,78.659,26.829,0.021,0.1037,4.54,261.96,0,0.0001,0.0046,62.62,-38.35,77.385,26.829,0.021,0.0882,9.2,266.62,1,0.0324,0.0093,24.3,46.3,146.084,70.393,0.0405,0.0139,8.35,265.77,1,0.0317,0.0078,31.26,30.94,137.593,59.615,0.034,0.4846,4.47,261.89,0,0.0,0.0039,63.23,-39.71,74.939,27.789,0.017,1.0087,6.65,264.07,1,0.0367,0.0,45.26,114.773,35.321,0.0,0.0,2.67,260.09,0,0.0,0.0,78.04,47.308,16.059,0.0,0.0,0.074,5,5,0.0,4.8
SCA3-5,WDRO,50,6,852.2,295.22,2.08,297.3,0,0.0,0.0055,41.506,0.0,0.0165,0.0,1.65,296.87,0,0.0047,0.0017,20.29,53.62,33.085,0.0,0.0085,0.2442,2.36,297.58,0,0.009,0.0005,-13.62,131.13,47.158,0.0,0.0025,0.0239,1.65,296.87,0,0.0047,0.0017,20.29,53.62,33.085,0.0,0.0085,0.2651,1.86,297.08,0,0.0033,0.0029,10.58,75.81,37.114,0.0,0.0115,0.0178,1.9,297.12,0,0.0022,0.0037,8.68,80.15,37.903,0.0,0.0145,0.0201,1.85,297.07,0,0.0024,0.0036,10.75,75.42,37.042,0.0,0.0145,0.0214,1.92,297.14,0,0.0073,0.0005,7.57,82.69,38.364,0.0,0.0025,0.0234,1.22,296.44,0,0.0065,0.0018,41.17,5.89,24.419,0.0,0.0085,0.0194,1.65,296.87,0,0.0056,0.0012,20.46,53.22,33.012,0.0,0.005,0.5286,1.51,296.73,0,0.0051,0.0011,27.31,37.57,30.172,0.0,0.005,0.1761,1.18,296.4,0,0.0028,0.0008,43.36,0.89,23.511,0.0,0.004,1.656,2.08,297.3,0,0.0,0.0055,0.0,100.0,41.506,0.0,0.0165,0.0258,1.58,296.8,0,0.0048,0.0014,23.93,45.29,31.573,0.0,0.006,0.0257,0.88,296.1,0,0.0,0.0012,57.71,-31.93,17.552,0.0,0.005,0.0841,0.88,296.1,0,0.0,0.0012,57.71,-31.93,17.552,0.0,0.005,0.0862,2.08,297.3,0,0.0,0.0055,0.0,100.0,41.506,0.0,0.0165,0.0125,1.53,296.75,0,0.0059,0.0007,26.45,39.53,30.528,0.0,0.003,0.4411,0.78,296.0,0,0.0,0.0003,62.32,-42.47,15.639,0.0,0.002,0.9069,1.17,296.39,0,0.0055,0.0,43.74,23.35,0.0,0.0,0.0,0.42,295.64,0,0.0,0.0,79.54,8.492,0.0,0.0,0.0,0.065,6,6,0.0,4.3
SCA3-5,Gounaris,50,5,819.33,256.93,12.2,269.13,0,0.0,0.0372,213.694,70.301,0.0735,0.0,8.71,265.65,1,0.0333,0.007,28.58,37.33,146.37,70.301,0.0285,0.2801,12.17,269.1,2,0.0553,0.0019,0.23,99.49,161.026,89.795,0.008,0.0262,8.71,265.65,1,0.0333,0.007,28.58,37.34,146.381,70.301,0.0285,0.3065,10.1,267.03,1,0.0232,0.0175,17.21,62.27,171.743,70.301,0.051,0.0209,9.28,266.22,1,0.0219,0.0161,23.9,47.59,163.495,70.301,0.0475,0.024,8.95,265.88,1,0.0243,0.0142,26.67,41.53,154.714,70.301,0.049,0.0228,10.59,267.53,2,0.0469,0.0031,13.17,71.12,154.941,81.162,0.014,0.0264,5.86,262.79,2,0.0558,0.0056,51.97,-13.96,89.697,34.427,0.0215,0.0243,8.13,265.06,1,0.0346,0.0059,33.37,26.83,137.745,43.737,0.0245,0.7355,8.5,265.43,1,0.0328,0.0071,30.37,33.42,142.529,70.301,0.0295,0.2032,5.73,262.66,0,0.0,0.0054,53.04,-16.3,87.675,33.468,0.0215,1.7549,8.55,265.49,0,0.0,0.0122,29.88,34.48,123.945,48.169,0.035,0.0274,8.14,265.07,1,0.0336,0.0065,33.29,27.01,138.922,43.737,0.026,0.0326,4.43,261.36,0,0.0,0.005,63.68,-39.62,76.75,26.084,0.018,0.0917,4.44,261.37,0,0.0004,0.0049,63.61,-39.48,76.911,26.084,0.018,0.0844,9.54,266.47,1,0.0357,0.0094,21.81,52.17,156.29,73.576,0.038,0.0153,7.88,264.81,1,0.0349,0.0048,35.44,22.29,134.371,59.407,0.021,0.4607,4.02,260.95,0,0.0,0.0027,67.05,-47.02,67.883,26.084,0.0105,0.9627,6.64,263.57,1,0.0372,0.0,45.61,115.891,38.642,0.0,0.0,2.61,259.55,0,0.0,0.0,78.58,46.228,15.266,0.0,0.0,0.064,5,5,0.0,4.8
SCA3-5,Cui,50,5,805.79,255.58,11.53,267.11,0,0.0,0.0348,211.083,62.605,0.0665,0.0,8.29,263.87,1,0.0318,0.0069,28.08,39.82,144.538,59.075,0.028,0.2867,11.17,266.75,2,0.0517,0.002,3.1,93.36,158.956,79.654,0.01,0.0224,8.29,263.87,1,0.0318,0.0069,28.08,39.82,144.538,59.075,0.028,0.2816,10.15,265.73,1,0.0209,0.0191,11.93,74.43,181.03,64.8,0.049,0.0182,9.42,265.0,1,0.0191,0.0179,18.24,60.91,170.902,59.224,0.0515,0.022,9.4,264.98,1,0.0168,0.0188,18.43,60.49,172.718,59.224,0.0525,0.047,9.69,265.27,2,0.0437,0.0029,15.9,65.92,152.785,74.484,0.014,0.0422,7.46,263.04,2,0.0414,0.0127,35.28,24.4,128.139,37.063,0.038,0.0211,7.99,263.57,1,0.0328,0.0061,30.68,34.24,141.204,59.075,0.0265,0.7626,8.03,263.61,1,0.0282,0.0086,30.31,35.05,144.536,59.224,0.0335,0.2095,6.66,262.24,0,0.0058,0.0062,42.19,9.58,112.228,37.006,0.0255,1.7297,8.27,263.85,0,0.0,0.009,28.25,39.45,119.242,44.688,0.031,0.0265,7.9,263.48,1,0.0322,0.0062,31.48,32.52,139.651,42.607,0.0265,0.0279,4.46,260.04,0,0.0,0.0043,61.32,-31.43,78.719,22.639,0.0195,0.1056,4.59,260.16,0,0.0016,0.0041,60.22,-29.06,81.267,22.639,0.0185,0.0943,8.94,264.52,1,0.0388,0.0056,22.45,51.9,150.786,65.139,0.02,0.0117,7.75,263.33,1,0.0308,0.0067,32.76,29.79,137.541,57.314,0.029,0.409,4.21,259.79,0,0.0,0.0029,63.45,-35.98,73.894,22.67,0.012,1.0472,6.15,261.73,1,0.0348,0.0,46.66,112.091,34.383,0.0,0.0,2.64,258.22,0,0.0,0.0,77.07,49.128,13.389,0.0,0.0,0.068,5,5,0.0,4.9
SCA3-5,MDRO,50,6,828.4,292.84,2.49,295.33,0,0.0,0.0068,49.814,0.0,0.02,0.0,2.16,295.0,0,0.0063,0.0022,13.16,70.15,43.26,0.0,0.011,0.2515,2.65,295.49,0,0.0099,0.001,-6.4,114.52,53.003,0.0,0.0055,0.0557,2.18,295.02,0,0.0063,0.0022,12.65,71.31,43.514,0.0,0.011,0.3359,2.09,294.93,0,0.0049,0.0028,16.06,63.57,41.815,0.0,0.013,0.0195,2.17,295.01,0,0.0022,0.0047,12.69,71.2,43.491,0.0,0.017,0.0212,2.15,294.99,0,0.0023,0.0046,13.59,69.17,43.045,0.0,0.017,0.021,2.32,295.16,0,0.0082,0.0013,6.79,84.6,46.432,0.0,0.007,0.0246,1.19,294.03,0,0.0097,0.0011,52.27,-18.59,23.774,0.0,0.0055,0.0268,2.12,294.96,0,0.0071,0.0018,15.05,65.86,42.317,0.0,0.0085,0.6297,1.9,294.74,0,0.0062,0.0017,23.83,45.94,37.943,0.0,0.008,0.2079,1.47,294.32,0,0.0022,0.0017,40.78,7.48,29.498,0.0,0.0075,1.8171,2.49,295.33,0,0.0,0.0068,0.0,100.0,49.814,0.0,0.02,0.0342,1.97,294.81,0,0.0057,0.0022,20.84,52.71,39.431,0.0,0.0105,0.0383,1.11,293.95,0,0.0,0.0015,55.52,-25.95,22.158,0.0,0.0075,0.1026,1.11,293.95,0,0.0,0.0015,55.52,-25.95,22.158,0.0,0.0075,0.0905,2.49,295.33,0,0.0,0.0068,0.0,100.0,49.814,0.0,0.02,0.0123,1.9,294.74,0,0.0065,0.0015,23.86,45.87,37.928,0.0,0.0075,0.4261,0.9,293.74,0,0.0,0.0006,63.76,-44.64,18.053,0.0,0.0035,1.129,1.39,294.23,0,0.0068,0.0,44.08,27.856,0.0,0.0,0.0,0.49,293.33,0,0.0,0.0,80.17,9.878,0.0,0.0,0.0,0.067,6,6,0.0,4.9
SCA3-6,Det,50,4,672.87,207.29,69.01,276.3,0,0.0,0.1955,274.478,259.087,0.431,0.0,44.73,252.01,3,0.1853,0.0329,35.19,31.33,157.234,141.486,0.123,0.2951,52.55,259.84,3,0.27,0.0059,23.84,53.47,152.521,141.57,0.0225,0.0256,43.71,251.0,3,0.1921,0.0259,36.66,28.45,156.001,141.486,0.0985,0.2907,52.16,259.45,2,0.2056,0.0444,24.41,52.35,199.71,159.691,0.149,0.022,46.85,254.14,2,0.1684,0.05,32.11,37.33,193.757,155.479,0.168,0.0238,58.07,265.36,1,0.0908,0.1199,15.85,69.07,226.886,206.502,0.3485,0.0233,47.1,254.38,3,0.2364,0.0096,31.75,38.03,151.112,140.938,0.037,0.031,55.62,262.91,2,0.117,0.1174,19.4,62.15,253.229,223.335,0.2935,0.0301,42.39,249.68,3,0.1897,0.0255,38.57,24.73,155.376,136.959,0.097,1.1632,43.59,250.88,2,0.1745,0.0366,36.83,28.13,160.146,145.092,0.1355,0.2202,40.92,248.2,2,0.1149,0.0271,40.71,20.55,163.192,145.092,0.102,1.7346,39.37,246.66,2,0.1055,0.0222,42.95,16.18,163.347,134.747,0.083,0.0263,42.45,249.73,3,0.1874,0.027,38.49,24.88,156.386,136.959,0.1015,0.0352,41.47,248.76,2,0.1725,0.0271,39.91,22.12,154.783,132.588,0.1025,0.1238,37.68,244.97,2,0.1039,0.029,45.39,11.42,164.143,145.092,0.107,0.1259,43.25,250.54,3,0.1977,0.0236,37.32,27.17,156.082,136.786,0.0895,0.0157,41.91,249.19,3,0.1951,0.0213,39.27,23.36,153.939,136.959,0.0815,0.5637,36.73,244.01,2,0.1015,0.0225,46.78,8.71,158.351,137.452,0.0845,1.4366,33.65,240.93,3,0.1955,0.0,51.24,131.624,127.055,0.0,0.0,24.2,231.48,0,0.0,0.0,64.94,112.245,102.018,0.0,0.0,0.066,2,4,0.0,5.9
SCA3-6,SAA,50,5,736.17,248.62,6.3,254.92,0,0.0,0.0204,114.272,59.423,0.06,0.0,5.26,253.87,1,0.0207,0.0046,16.61,63.26,89.865,37.314,0.021,0.2225,8.65,257.27,1,0.0428,0.0007,-37.33,182.56,115.811,44.155,0.0035,0.0212,5.26,253.87,1,0.0207,0.0046,16.61,63.26,89.865,37.314,0.021,0.2299,5.31,253.93,1,0.0222,0.0047,15.72,65.22,87.217,34.402,0.0195,0.0178,5.13,253.74,0,0.0122,0.0098,18.65,58.74,92.167,33.43,0.0355,0.0194,5.35,253.97,1,0.0144,0.0093,15.13,66.53,89.712,34.39,0.0315,0.0193,7.66,256.28,1,0.0369,0.0016,-21.59,147.75,105.34,41.688,0.0075,0.0237,2.92,251.53,1,0.0305,0.0025,53.73,-18.84,48.409,17.266,0.0105,0.0204,4.66,253.28,1,0.0224,0.0026,26.07,42.34,78.163,33.84,0.013,0.4941,4.83,253.45,1,0.017,0.0059,23.31,48.44,86.651,36.946,0.027,0.1794,3.66,252.28,0,0.0048,0.0018,41.88,7.37,58.812,22.608,0.0085,1.7149,5.04,253.65,0,0.0,0.0006,20.08,55.59,57.683,38.991,0.0025,0.0248,4.59,253.21,1,0.0215,0.0029,27.13,39.99,77.492,33.84,0.014,0.0248,2.34,250.96,0,0.0,0.0013,62.8,-38.91,37.458,11.725,0.0065,0.0859,2.33,250.94,0,0.0001,0.0013,63.07,-39.5,37.121,11.725,0.0065,0.0861,5.09,253.71,1,0.0204,0.0047,19.24,57.45,87.685,36.156,0.02,0.0154,4.44,253.06,1,0.0181,0.0043,29.56,34.62,78.765,33.84,0.02,0.4653,2.27,250.88,0,0.0003,0.0012,64.04,-41.65,38.672,13.089,0.006,1.0074,3.45,252.07,1,0.0204,0.0,45.21,62.435,33.43,0.0,0.0,1.3,249.92,0,0.0,0.0,79.34,23.798,11.653,0.0,0.0,0.067,5,5,0.0,4.5
SCA3-6,WDRO,50,6,770.5,287.05,0.47,287.52,0,0.0,0.0013,9.371,0.0,0.0045,0.0,0.55,287.6,0,0.0016,0.0006,-16.46,138.18,10.913,0.0,0.003,0.2366,1.48,288.53,0,0.0059,0.0003,-215.34,599.54,29.55,0.0,0.0015,0.023,0.55,287.6,0,0.0016,0.0006,-16.46,138.18,10.913,0.0,0.003,0.2544,0.47,287.52,0,0.0008,0.0009,-0.7,101.63,9.436,0.0,0.004,0.0197,0.46,287.51,0,0.0001,0.0013,2.63,93.91,9.125,0.0,0.0045,0.0236,0.44,287.49,0,0.0002,0.0012,5.56,87.1,8.85,0.0,0.0045,0.0238,0.86,287.91,0,0.0034,0.0003,-83.15,292.87,17.162,0.0,0.0015,0.0272,0.29,287.34,0,0.0023,0.0004,37.48,13.06,5.859,0.0,0.0025,0.0228,0.43,287.47,0,0.0017,0.0003,9.26,78.51,8.503,0.0,0.0015,0.5264,0.45,287.5,0,0.0009,0.0008,3.2,92.59,9.071,0.0,0.0035,0.2047,0.34,287.39,0,0.0,0.0004,26.8,37.83,6.859,0.0,0.0025,1.6463,0.47,287.52,0,0.0,0.0013,0.0,100.0,9.371,0.0,0.0045,0.0244,0.43,287.48,0,0.0013,0.0005,8.42,80.47,8.582,0.0,0.003,0.0306,0.24,287.29,0,0.0,0.0003,48.54,-12.6,4.822,0.0,0.0015,0.0905,0.24,287.29,0,0.0,0.0003,48.54,-12.6,4.822,0.0,0.0015,0.0858,0.47,287.52,0,0.0,0.0013,0.0,100.0,9.371,0.0,0.0045,0.0203,0.36,287.41,0,0.0013,0.0003,23.13,46.34,7.203,0.0,0.0015,0.4618,0.19,287.24,0,0.0,0.0001,58.64,-36.03,3.875,0.0,0.0005,0.8869,0.27,287.32,0,0.0013,0.0,43.11,5.331,0.0,0.0,0.0,0.08,287.13,0,0.0,0.0,81.88,1.698,0.0,0.0,0.0,0.068,6,6,0.0,4.4
SCA3-6,Gounaris,50,5,724.74,247.47,5.77,253.25,0,0.0,0.0186,115.43,0.0,0.0485,0.0,4.74,252.21,1,0.0206,0.0029,17.89,60.34,87.12,36.531,0.0145,0.2609,9.2,256.68,2,0.0445,0.0004,-59.47,231.83,113.154,75.099,0.002,0.023,4.78,252.26,1,0.0214,0.0026,17.1,62.1,86.808,36.52,0.013,0.2503,5.29,252.76,0,0.0121,0.0103,8.34,81.52,99.625,31.018,0.0345,0.0205,4.73,252.2,1,0.0144,0.0071,18.04,60.0,89.337,33.069,0.0245,0.0216,4.64,252.11,0,0.0104,0.0091,19.67,56.4,91.753,33.479,0.0315,0.0214,6.2,253.67,1,0.0307,0.0008,-7.41,116.42,97.73,41.909,0.004,0.0256,3.23,250.7,2,0.0362,0.0033,44.11,2.21,54.615,18.349,0.0145,0.0198,4.09,251.57,1,0.0202,0.0019,29.07,35.55,77.041,33.069,0.009,0.5463,4.5,251.98,1,0.0199,0.0029,21.97,51.29,83.791,35.725,0.014,0.1846,3.72,251.19,0,0.0048,0.0041,35.55,21.18,66.515,15.744,0.0175,1.5815,6.68,254.16,0,0.0,0.0,-15.75,134.92,73.797,54.565,0.0,0.027,4.09,251.57,1,0.0193,0.0024,29.07,35.56,77.661,33.069,0.0115,0.0282,2.11,249.58,0,0.0,0.0019,63.49,-40.75,40.014,10.855,0.009,0.0857,2.12,249.59,0,0.0001,0.0019,63.34,-40.42,40.189,10.855,0.009,0.0891,4.58,252.05,1,0.0178,0.0046,20.69,54.12,85.254,35.725,0.0195,0.0124,3.98,251.46,0,0.0175,0.0031,30.99,31.3,78.098,33.069,0.014,0.4167,2.12,249.59,0,0.0,0.0015,63.27,-40.27,40.28,10.855,0.007,0.9747,3.17,250.64,0,0.0186,0.0,45.11,63.362,0.0,0.0,0.0,1.24,248.72,0,0.0,0.0,78.45,24.876,0.0,0.0,0.0,0.064,5,5,0.0,4.4
SCA3-6,Cui,50,5,737.21,248.72,5.51,254.23,0,0.0,0.0178,110.209,0.0,0.043,0.0,4.88,253.6,1,0.0185,0.0043,11.4,74.19,91.663,36.306,0.0195,0.2221,8.11,256.83,1,0.0385,0.0008,-47.19,206.82,120.993,45.001,0.004,0.0236,4.8,253.52,1,0.0192,0.0036,12.97,70.65,90.032,36.306,0.0165,0.2209,5.61,254.33,0,0.0143,0.0102,-1.73,103.92,107.685,31.791,0.0335,0.0171,4.47,253.19,0,0.0136,0.0068,18.91,57.19,88.058,32.726,0.0235,0.019,4.52,253.24,0,0.0087,0.0097,17.92,59.45,90.464,0.0,0.0315,0.0191,5.98,254.7,1,0.028,0.0013,-8.47,119.17,100.842,40.466,0.006,0.0235,3.38,252.1,2,0.0454,0.002,38.72,12.36,52.106,21.483,0.009,0.0196,4.06,252.78,0,0.0194,0.002,26.32,40.42,80.565,31.837,0.01,0.4942,4.34,253.06,1,0.0185,0.003,21.22,51.98,84.194,33.131,0.014,0.1728,3.81,252.53,0,0.0048,0.0025,30.88,30.12,62.956,19.417,0.01,1.5068,5.31,254.03,0,0.0,0.0007,3.71,91.61,63.756,45.136,0.0025,0.0238,4.06,252.78,0,0.0187,0.0024,26.31,40.46,80.901,31.791,0.0115,0.0255,1.99,250.71,0,0.0,0.0018,63.87,-44.57,39.218,10.636,0.0085,0.0869,1.99,250.71,0,0.0,0.0018,63.92,-44.67,39.169,10.636,0.0085,0.0844,5.0,253.72,1,0.0227,0.0029,9.35,78.84,91.143,36.306,0.0135,0.0109,3.99,252.71,0,0.0166,0.0034,27.59,37.56,79.806,0.0,0.0145,0.3973,1.92,250.64,0,0.0,0.0011,65.25,-47.68,37.244,10.855,0.0055,0.9286,3.08,251.8,0,0.0178,0.0,44.18,61.518,0.0,0.0,0.0,1.13,249.85,0,0.0,0.0,79.47,22.625,0.0,0.0,0.0,0.063,5,5,0.0,4.1
SCA3-6,MDRO,50,6,773.54,287.35,1.14,288.49,0,0.0,0.0032,22.81,0.0,0.011,0.0,1.26,288.61,0,0.005,0.0004,-10.15,123.95,25.125,0.0,0.0025,0.2443,2.6,289.95,0,0.0104,0.0003,-128.01,402.14,52.011,0.0,0.0015,0.0287,1.26,288.61,0,0.005,0.0004,-10.15,123.95,25.125,0.0,0.0025,0.296,1.07,288.42,0,0.0032,0.0011,6.46,84.76,21.338,0.0,0.0045,0.022,1.02,288.37,0,0.0024,0.0014,10.52,75.18,20.411,0.0,0.005,0.0266,1.03,288.39,0,0.0031,0.0011,9.34,77.95,20.68,0.0,0.004,0.0198,1.62,288.97,0,0.0066,0.0003,-42.09,199.34,32.411,0.0,0.002,0.0273,0.59,287.94,0,0.0047,0.0007,48.66,-14.85,11.711,0.0,0.003,0.0184,0.98,288.34,0,0.004,0.0004,13.69,67.68,19.687,0.0,0.002,0.6554,1.11,288.46,0,0.0042,0.0006,2.67,93.69,22.201,0.0,0.003,0.1858,0.66,288.01,0,0.0,0.0007,42.41,-0.11,13.135,0.0,0.003,1.6116,2.42,289.77,0,0.0,0.0008,-112.16,364.73,34.632,19.164,0.003,0.0314,0.95,288.3,0,0.0032,0.0008,16.84,60.24,18.968,0.0,0.004,0.0379,0.45,287.8,0,0.0,0.0004,60.7,-43.27,8.964,0.0,0.002,0.1102,0.45,287.8,0,0.0,0.0004,60.7,-43.27,8.964,0.0,0.002,0.0977,1.14,288.49,0,0.0,0.0032,0.0,100.0,22.81,0.0,0.011,0.0127,1.0,288.35,0,0.0042,0.0003,12.5,70.49,19.958,0.0,0.0015,0.4761,0.48,287.84,0,0.0,0.0001,57.52,-35.75,9.691,0.0,0.0005,1.0617,0.66,288.01,0,0.0032,0.0,42.37,13.146,0.0,0.0,0.0,0.22,287.57,0,0.0,0.0,80.71,4.4,0.0,0.0,0.0,0.105,6,6,0.0,4.7
SCA8-0,Det,50,9,983.77,413.38,268.2,681.58,0,0.0,0.4267,666.867,656.437,0.724,0.0,230.72,644.1,5,0.2299,0.2409,13.98,51.28,547.669,525.037,0.6875,0.2668,239.89,653.26,6,0.3058,0.2114,10.56,63.19,536.483,526.187,0.6775,0.0221,230.44,643.82,5,0.2304,0.2403,14.08,50.92,546.898,524.535,0.6875,0.259,249.12,662.49,5,0.2206,0.2774,7.12,75.19,575.139,552.334,0.7005,0.0236,242.82,656.2,4,0.1654,0.2937,9.46,67.01,624.148,597.419,0.693,0.0232,240.38,653.76,4,0.1637,0.2917,10.37,63.83,597.382,573.813,0.7,0.023,236.12,649.5,6,0.2891,0.2162,11.96,58.3,537.335,524.359,0.679,0.0223,259.69,673.07,2,0.0747,0.3929,3.17,88.94,677.578,666.786,0.706,0.0304,229.63,643.01,5,0.2346,0.2383,14.38,49.86,551.329,522.717,0.685,0.6211,230.27,643.65,5,0.2173,0.2477,14.14,50.7,550.319,525.037,0.692,0.1953,227.16,640.54,5,0.1899,0.2437,15.3,46.65,551.055,525.608,0.68,1.6395,227.84,641.22,5,0.2034,0.2333,15.05,47.53,550.899,524.072,0.6755,0.0211,229.69,643.07,5,0.2433,0.2334,14.36,49.94,548.978,522.7,0.6845,0.0266,225.49,638.87,5,0.2181,0.2322,15.93,44.48,549.612,522.717,0.676,0.0845,223.93,637.31,5,0.1971,0.2343,16.51,42.45,552.159,523.85,0.6755,0.0767,230.67,644.05,5,0.2458,0.2333,13.99,51.21,550.396,523.218,0.683,0.0113,229.01,642.38,5,0.2409,0.2337,14.61,49.05,544.417,522.021,0.683,0.3172,224.16,637.53,5,0.2001,0.2333,16.42,42.75,548.535,523.225,0.6765,0.5972,191.27,604.65,6,0.2684,0.1582,28.68,513.991,485.857,0.611,0.0,178.56,591.93,0,0.0,0.0,33.42,511.093,485.573,0.0,0.0,0.097,5,9,0.0,4.1
SCA8-0,SAA,50,14,1371.13,627.11,26.51,653.63,0,0.0,0.0319,361.633,181.751,0.1495,0.0,23.9,651.01,1,0.0146,0.0204,9.86,75.71,312.46,160.163,0.136,0.2104,24.91,652.02,2,0.0216,0.017,6.04,85.13,309.054,182.663,0.1305,0.0193,23.89,651.0,1,0.0147,0.0203,9.9,75.61,312.46,160.163,0.1355,0.1991,24.77,651.88,1,0.0126,0.0224,6.57,83.81,326.206,180.029,0.1335,0.0243,23.81,650.92,1,0.0101,0.023,10.2,74.89,317.336,171.088,0.1375,0.0222,24.05,651.16,1,0.0112,0.0225,9.3,77.09,317.815,171.471,0.136,0.023,24.6,651.71,2,0.0191,0.0183,7.21,82.24,311.754,179.677,0.1325,0.0193,17.34,644.46,3,0.0318,0.0153,34.58,14.81,224.201,118.946,0.1135,0.0222,23.61,650.72,1,0.0155,0.0197,10.95,73.02,307.704,170.281,0.1335,0.3306,23.73,650.85,1,0.0141,0.0205,10.48,74.19,311.2,160.163,0.135,0.1449,17.14,644.25,1,0.006,0.0121,35.36,12.91,212.461,115.476,0.1055,1.2413,18.51,645.62,0,0.0,0.0145,30.18,25.65,222.863,117.526,0.111,0.0169,23.46,650.57,1,0.0147,0.02,11.52,71.63,306.654,157.375,0.1335,0.0209,16.05,643.16,0,0.0,0.0126,39.47,2.77,202.914,101.816,0.104,0.1089,16.02,643.14,0,0.0006,0.0133,39.56,2.55,204.476,102.884,0.1095,0.0588,24.68,651.8,2,0.0179,0.0196,6.9,82.99,313.557,180.77,0.1285,0.0094,23.17,650.29,1,0.0164,0.0187,12.59,68.99,299.241,168.384,0.1315,0.3029,15.38,642.49,0,0.0007,0.0109,42.0,-3.46,188.122,100.442,0.0955,0.4824,15.75,642.86,3,0.0301,0.0018,40.6,216.584,104.264,0.0235,0.0,7.68,634.79,0,0.0,0.0,71.03,111.348,56.182,0.0,0.0,0.079,14,14,0.0,3.1
SCA8-0,WDRO,50,17,1574.05,752.4,4.13,756.54,0,0.0,0.0041,82.652,0.0,0.037,0.0,4.15,756.56,0,0.0026,0.0026,-0.53,101.23,83.089,0.0,0.028,0.1711,4.08,756.49,0,0.0023,0.0027,1.22,97.14,81.641,0.0,0.0285,0.0167,4.18,756.58,0,0.0026,0.0026,-1.12,102.62,83.579,0.0,0.0285,0.1657,4.0,756.4,0,0.0005,0.0036,3.25,92.4,79.965,0.0,0.0335,0.024,3.96,756.37,0,0.0009,0.0034,4.1,90.42,79.264,0.0,0.0315,0.023,4.09,756.49,0,0.0005,0.0037,1.15,97.32,81.705,0.0,0.0345,0.0236,4.07,756.48,0,0.0023,0.0027,1.4,96.73,81.496,0.0,0.029,0.0182,3.6,756.01,0,0.0028,0.0031,12.87,69.92,71.87,4.917,0.0305,0.0204,4.17,756.58,0,0.0024,0.0027,-0.92,102.16,83.417,0.0,0.0295,0.27,4.22,756.63,0,0.0021,0.0029,-2.13,104.97,84.411,0.0,0.03,0.1286,3.95,756.36,0,0.0016,0.0026,4.3,89.95,78.598,7.27,0.0295,1.0745,4.13,756.54,0,0.0,0.0041,0.0,100.0,82.652,0.0,0.037,0.0144,4.1,756.51,0,0.002,0.0029,0.72,98.31,82.056,0.0,0.03,0.019,3.47,755.87,0,0.0006,0.0024,16.13,62.31,67.746,11.821,0.0275,0.0543,3.57,755.98,0,0.0007,0.0025,13.58,68.26,70.085,11.821,0.0275,0.0417,4.13,756.54,0,0.0,0.0041,0.0,100.0,82.652,0.0,0.037,0.0088,3.81,756.21,0,0.0011,0.0031,7.84,81.68,76.173,0.0,0.03,0.2714,3.18,755.58,0,0.0,0.0022,23.08,46.07,62.024,10.797,0.026,0.39,2.36,754.77,0,0.004,0.0,42.79,47.282,0.0,0.0005,0.0,1.07,753.48,0,0.0,0.0,74.04,21.461,0.0,0.0,0.0,2.018,15,17,0.0,2.6
SCA8-0,Gounaris,50,14,1327.68,622.77,27.09,649.85,0,0.0,0.0325,364.168,183.121,0.156,0.0,25.06,647.82,1,0.0152,0.0212,7.49,82.44,322.497,188.475,0.138,0.2119,25.52,648.29,2,0.0191,0.0191,5.79,86.44,318.951,194.372,0.133,0.0193,25.05,647.81,1,0.0152,0.0211,7.53,82.34,322.497,188.475,0.1375,0.2068,26.25,649.02,1,0.0071,0.0272,3.09,92.76,346.185,183.121,0.15,0.0256,24.68,647.45,1,0.0103,0.0239,8.89,79.17,322.955,177.838,0.143,0.0253,24.52,647.29,1,0.0124,0.0224,9.47,77.8,317.308,177.825,0.139,0.0263,25.04,647.81,1,0.0165,0.0203,7.54,82.33,317.669,188.878,0.1375,0.0214,22.59,645.36,2,0.0189,0.0228,16.59,61.11,293.203,178.062,0.1385,0.0273,24.87,647.63,1,0.0148,0.0213,8.19,80.8,321.066,182.792,0.137,0.3436,24.96,647.73,1,0.0141,0.0218,7.85,81.6,322.551,181.196,0.138,0.1909,21.63,644.4,1,0.009,0.0172,20.15,52.77,273.08,167.519,0.124,1.4741,19.12,641.89,0,0.0,0.0154,29.4,31.08,230.674,120.652,0.106,0.0183,24.7,647.47,1,0.0135,0.0219,8.8,79.36,321.204,177.869,0.1375,0.0253,18.18,640.95,0,0.0015,0.0138,32.86,22.95,224.35,127.309,0.105,0.07,18.28,641.04,0,0.0019,0.0142,32.52,23.74,225.051,132.08,0.1085,0.0533,24.59,647.36,1,0.0124,0.0225,9.22,78.38,317.75,178.801,0.137,0.0105,24.04,646.8,1,0.0164,0.0196,11.26,73.6,306.566,180.905,0.13,0.3483,17.37,640.14,0,0.0007,0.0129,35.86,15.91,210.149,125.242,0.1025,0.5104,15.53,638.3,3,0.0322,0.0003,42.65,208.92,104.727,0.0045,0.0,7.36,630.12,0,0.0,0.0,72.84,103.507,53.304,0.0,0.0,0.088,12,14,0.0,3.5
SCA8-0,Cui,50,14,1274.14,617.41,38.61,656.02,0,0.0,0.0454,453.169,253.121,0.194,0.0,33.91,651.33,2,0.025,0.0255,12.16,69.74,363.738,236.153,0.1645,0.2301,34.61,652.03,3,0.0294,0.0236,10.35,74.24,362.061,238.047,0.161,0.0211,33.99,651.41,2,0.0248,0.0257,11.95,70.25,364.671,240.837,0.164,0.2407,35.69,653.1,2,0.0174,0.0321,7.57,81.16,400.587,253.114,0.172,0.0291,34.85,652.26,1,0.016,0.0318,9.73,75.77,389.646,243.163,0.1765,0.0286,35.96,653.37,1,0.0119,0.0355,6.86,82.93,409.209,243.782,0.18,0.029,34.27,651.69,3,0.0273,0.0245,11.23,72.04,362.662,236.077,0.1625,0.0235,25.43,642.85,4,0.051,0.0203,34.13,15.06,278.344,168.636,0.139,0.0278,33.72,651.13,2,0.025,0.0254,12.66,68.49,363.844,231.282,0.165,0.414,33.98,651.39,2,0.0246,0.0258,11.99,70.15,365.406,240.837,0.164,0.1829,24.9,642.31,0,0.0027,0.0171,35.51,11.61,261.139,168.628,0.1295,1.586,25.69,643.1,0,0.0,0.0158,33.46,16.71,254.283,152.519,0.1235,0.025,33.76,651.17,2,0.0244,0.0257,12.56,68.74,365.513,231.282,0.165,0.0259,24.18,641.6,0,0.0,0.0169,37.36,7.0,260.956,155.956,0.129,0.0712,23.57,640.98,0,0.0008,0.0173,38.96,3.02,255.609,155.943,0.1295,0.055,34.78,652.2,3,0.0251,0.0267,9.91,75.33,375.403,243.378,0.166,0.0152,33.05,650.47,2,0.0258,0.0243,14.39,64.19,354.841,233.004,0.1635,0.386,22.97,640.38,0,0.001,0.0148,40.51,-0.84,238.957,144.833,0.125,0.601,23.1,640.51,4,0.0421,0.0032,40.17,269.683,165.606,0.0395,0.0,11.68,629.09,0,0.0,0.0,69.75,147.555,79.105,0.0,0.0,5.636,14,14,0.0,3.8
SCA8-0,MDRO,50,17,1523.65,747.36,5.18,752.55,0,0.0,0.0051,103.649,0.0,0.045,0.0,5.23,752.6,0,0.0046,0.0025,-0.92,102.24,99.443,33.365,0.0275,0.1919,5.13,752.5,0,0.0043,0.0026,0.98,97.62,98.053,33.738,0.028,0.0191,5.23,752.6,0,0.0046,0.0025,-0.92,102.24,99.443,33.365,0.0275,0.1872,4.82,752.19,0,0.0021,0.0035,6.9,83.21,95.569,31.007,0.033,0.0273,4.77,752.13,0,0.0015,0.0039,7.96,80.61,95.393,0.0,0.0355,0.0258,4.83,752.19,0,0.0016,0.0038,6.81,83.42,96.591,0.0,0.0355,0.0267,5.1,752.47,0,0.0041,0.0026,1.59,96.14,97.762,33.738,0.028,0.0202,3.93,751.29,0,0.0041,0.0031,24.19,41.11,76.163,10.821,0.0305,0.0237,5.11,752.47,0,0.0042,0.0026,1.41,96.56,97.708,33.11,0.028,0.316,5.14,752.5,0,0.004,0.0027,0.91,97.79,98.833,33.11,0.029,0.1452,4.46,751.83,0,0.0024,0.0026,13.91,66.13,87.667,11.658,0.0275,1.1759,5.45,752.82,0,0.0,0.0044,-5.24,112.75,97.918,10.238,0.042,0.0156,4.9,752.27,0,0.0035,0.0028,5.45,86.74,95.432,33.11,0.029,0.0213,3.76,751.13,0,0.0002,0.0024,27.36,33.38,70.104,12.288,0.0255,0.0606,3.65,751.02,0,0.0003,0.0026,29.51,28.17,71.147,10.251,0.027,0.0468,5.18,752.55,0,0.0,0.0051,0.0,100.0,103.649,0.0,0.045,0.0099,4.72,752.08,0,0.002,0.0035,8.98,78.14,94.342,0.0,0.034,0.3016,3.36,750.73,0,0.0,0.0021,35.08,14.61,62.311,11.658,0.0225,0.4086,3.05,750.42,0,0.0049,0.0002,41.08,61.072,0.0,0.004,0.0,1.48,748.84,0,0.0,0.0,71.48,29.562,0.0,0.0,0.0,4.643,16,17,0.0,2.9
SCA8-1,Det,50,9,1091.2,424.12,263.17,687.29,0,0.0,0.4077,690.597,678.975,0.702,0.0,221.38,645.5,6,0.2834,0.1829,15.88,52.42,554.268,515.914,0.646,0.247,230.28,654.4,7,0.3589,0.1528,12.5,62.55,541.393,498.406,0.61,0.0221,221.15,645.27,6,0.2773,0.1861,15.97,52.16,553.51,514.485,0.649,0.2457,240.53,664.65,6,0.2811,0.2157,8.61,74.22,583.855,550.345,0.6485,0.0251,238.36,662.48,4,0.1876,0.2607,9.43,71.76,640.461,614.589,0.6535,0.0249,235.26,659.38,4,0.1845,0.2563,10.61,68.23,611.753,585.406,0.667,0.0249,223.68,647.8,7,0.3152,0.168,15.01,55.04,547.453,507.528,0.6315,0.0232,253.32,677.44,2,0.0825,0.3714,3.74,88.78,700.689,684.211,0.6905,0.0334,220.82,644.94,6,0.278,0.1857,16.09,51.78,554.261,515.355,0.6465,0.5204,221.47,645.59,6,0.2809,0.1846,15.84,52.53,554.06,515.769,0.6485,0.1947,218.62,642.74,6,0.2536,0.1843,16.93,49.28,556.393,513.275,0.6445,1.7437,216.51,640.63,5,0.2503,0.1727,17.73,46.88,557.775,511.648,0.63,0.0231,220.71,644.83,6,0.2871,0.1802,16.14,51.66,554.236,514.432,0.6405,0.0271,214.66,638.78,5,0.2237,0.1863,18.43,44.77,571.143,522.009,0.6405,0.0836,213.7,637.82,5,0.2343,0.1804,18.8,43.68,562.12,518.158,0.637,0.073,222.07,646.19,6,0.2893,0.1813,15.62,53.21,555.515,514.41,0.6355,0.0112,220.92,645.04,6,0.2802,0.1843,16.05,51.9,556.429,516.225,0.641,0.3376,213.44,637.56,5,0.2211,0.1852,18.9,43.38,562.923,518.176,0.642,0.6017,175.34,599.46,7,0.3116,0.0961,33.38,515.141,473.244,0.4855,0.0,159.4,583.52,0,0.0,0.0,39.43,506.092,453.296,0.0,0.0,0.103,5,9,0.0,4.1
SCA8-1,SAA,50,14,1439.41,633.94,26.47,660.41,0,0.0,0.0314,373.618,178.171,0.14,0.0,23.87,657.81,2,0.0196,0.0167,9.82,74.71,317.997,159.748,0.1155,0.2414,24.3,658.24,2,0.0237,0.0147,8.21,78.84,315.669,159.336,0.1115,0.022,23.84,657.78,2,0.0199,0.0166,9.93,74.43,316.752,159.748,0.116,0.2167,23.8,657.74,2,0.0165,0.0186,10.09,74.01,322.867,150.62,0.1185,0.0303,24.79,658.73,1,0.0125,0.022,6.36,83.63,334.599,159.75,0.1235,0.0294,25.34,659.28,1,0.0108,0.0236,4.26,89.02,343.667,162.986,0.1265,0.0305,23.91,657.85,2,0.0217,0.0156,9.68,75.08,312.696,161.369,0.115,0.0256,16.38,650.32,3,0.0386,0.0123,38.13,1.78,220.524,98.429,0.09,0.0301,23.64,657.58,2,0.0208,0.0159,10.71,72.42,310.956,155.18,0.1145,0.3994,23.95,657.89,2,0.0189,0.0173,9.51,75.51,319.85,159.788,0.116,0.1925,16.13,650.07,0,0.0007,0.0117,39.06,-0.61,214.116,103.464,0.0905,1.5831,19.02,652.96,0,0.0,0.0114,28.15,27.48,225.716,107.129,0.0855,0.0202,23.33,657.27,2,0.02,0.016,11.87,69.42,310.38,151.35,0.114,0.0247,16.06,650.0,0,0.0,0.0108,39.32,-1.28,207.814,98.808,0.0855,0.0713,15.73,649.67,0,0.002,0.0105,40.59,-4.56,206.174,98.332,0.089,0.0577,24.8,658.74,1,0.0129,0.0219,6.3,83.76,336.903,159.75,0.1255,0.0119,23.15,657.09,2,0.0166,0.0179,12.55,67.69,316.357,152.76,0.116,0.3782,15.68,649.62,0,0.0,0.0109,40.76,-4.99,204.328,96.844,0.088,0.5686,16.19,650.14,3,0.0291,0.0023,38.82,229.748,104.231,0.028,0.0,7.72,641.66,0,0.0,0.0,70.83,119.922,49.399,0.0,0.0,0.099,14,14,0.0,3.8
SCA8-1,WDRO,50,17,1654.47,760.45,4.69,765.14,0,0.0,0.0045,93.804,0.0,0.0325,0.0,4.61,765.05,0,0.0012,0.0037,1.77,95.46,92.147,0.0,0.0305,0.2159,4.62,765.07,0,0.0014,0.0036,1.52,96.09,92.378,0.0,0.0305,0.0198,4.61,765.05,0,0.0012,0.0037,1.77,95.46,92.147,0.0,0.0305,0.2203,4.52,764.97,0,0.0006,0.004,3.53,90.93,90.494,0.0,0.031,0.03,4.63,765.07,0,0.0001,0.0044,1.33,96.57,92.553,0.0,0.032,0.028,4.63,765.07,0,0.0001,0.0044,1.33,96.57,92.553,0.0,0.032,0.0302,4.64,765.09,0,0.0014,0.0037,1.06,97.26,92.805,0.0,0.0305,0.0208,3.39,763.84,0,0.0035,0.0026,27.67,28.84,67.846,0.0,0.0245,0.0258,4.57,765.02,0,0.0012,0.0037,2.55,93.44,91.411,0.0,0.0305,0.3596,4.62,765.06,0,0.001,0.0039,1.57,95.97,92.335,0.0,0.0305,0.1538,3.79,764.24,0,0.0003,0.0028,19.19,50.66,74.289,10.492,0.025,1.3565,4.86,765.31,0,0.0,0.0025,-3.64,109.35,74.597,17.709,0.02,0.0172,4.57,765.01,0,0.001,0.0038,2.67,93.14,91.302,0.0,0.0305,0.0237,3.28,763.72,0,0.0,0.002,30.12,22.55,62.205,10.492,0.019,0.0651,3.38,763.83,0,0.0003,0.0021,27.9,28.25,64.47,10.492,0.02,0.0493,4.69,765.14,0,0.0,0.0045,0.0,100.0,93.804,0.0,0.0325,0.0116,4.52,764.96,0,0.0009,0.0039,3.73,90.42,90.307,0.0,0.03,0.3333,2.87,763.32,0,0.0,0.0016,38.75,0.36,55.033,8.65,0.017,0.4581,2.87,763.31,0,0.0042,0.0003,38.89,57.324,0.0,0.004,0.0,1.15,761.6,0,0.0,0.0,75.41,23.067,0.0,0.0,0.0,2.344,17,17,0.0,3.2
SCA8-1,Gounaris,50,14,1370.35,627.03,24.92,651.96,0,0.0,0.0292,359.742,133.688,0.1395,0.0,22.52,649.55,2,0.0184,0.0158,9.66,77.0,304.109,151.298,0.1095,0.2361,22.95,649.98,2,0.0215,0.0145,7.93,81.12,300.36,150.487,0.1075,0.0219,22.61,649.65,2,0.0192,0.0155,9.28,77.9,301.775,152.093,0.1095,0.2201,23.38,650.41,1,0.014,0.0192,6.19,85.25,319.007,152.021,0.116,0.0283,22.9,649.93,1,0.0129,0.0194,8.12,80.66,316.717,150.039,0.1155,0.0276,23.3,650.33,1,0.0102,0.0213,6.52,84.48,328.114,151.933,0.118,0.0285,22.95,649.98,2,0.0208,0.015,7.92,81.13,301.55,152.093,0.11,0.0244,18.02,645.06,3,0.0338,0.0141,27.69,34.05,243.864,106.933,0.098,0.0281,22.28,649.31,2,0.019,0.0153,10.6,74.74,296.277,151.243,0.1095,0.3749,22.56,649.59,2,0.0182,0.016,9.48,77.41,300.726,153.051,0.11,0.1767,17.71,644.75,1,0.0059,0.0124,28.93,31.07,234.689,118.671,0.0945,1.493,19.92,646.96,0,0.0,0.0126,20.07,52.18,245.066,116.966,0.0915,0.0189,22.35,649.39,2,0.0185,0.0157,10.32,75.42,298.423,151.298,0.11,0.0248,16.97,644.01,0,0.0001,0.0125,31.89,24.03,224.198,106.506,0.095,0.077,16.51,643.54,0,0.0026,0.0119,33.77,19.55,219.401,107.249,0.094,0.0641,23.25,650.28,1,0.0146,0.0189,6.73,83.97,315.285,151.343,0.117,0.0116,21.93,648.97,2,0.0161,0.0166,12.0,71.42,299.772,141.025,0.1075,0.3665,16.37,643.41,0,0.0009,0.0117,34.3,18.28,216.491,109.531,0.093,0.5942,14.46,641.5,2,0.0282,0.001,41.98,209.065,94.614,0.0125,0.0,7.46,634.5,0,0.0,0.0,70.05,113.541,45.819,0.0,0.0,0.093,13,14,0.0,3.7
SCA8-1,Cui,50,13,1355.65,590.56,39.57,630.13,0,0.0,0.0502,488.155,242.163,0.188,0.0,34.37,624.93,3,0.036,0.0228,13.14,65.53,387.412,216.504,0.15,0.2145,36.67,627.24,4,0.0427,0.0212,7.32,80.79,394.685,225.005,0.147,0.0203,34.41,624.97,3,0.0362,0.0228,13.04,65.79,387.147,216.504,0.15,0.2042,35.11,625.68,3,0.0287,0.0281,11.26,70.46,410.512,216.168,0.157,0.0265,35.68,626.24,2,0.019,0.0342,9.83,74.22,432.269,225.864,0.1645,0.0263,35.91,626.48,2,0.0183,0.0349,9.24,75.76,435.757,225.878,0.1645,0.0266,35.52,626.08,3,0.0393,0.0221,10.24,73.14,391.831,220.46,0.1495,0.0224,24.36,614.92,6,0.071,0.0175,38.45,-0.87,283.223,137.22,0.108,0.0263,33.91,624.47,3,0.0353,0.0229,14.31,62.46,382.608,216.342,0.15,0.3851,34.36,624.92,3,0.0361,0.0228,13.17,65.45,386.551,224.137,0.15,0.1746,23.76,614.32,0,0.0003,0.0165,39.95,-4.83,271.177,138.302,0.111,1.3961,23.93,614.5,0,0.0,0.0142,39.51,-3.67,261.031,139.697,0.0995,0.0192,33.66,624.22,3,0.033,0.024,14.93,60.83,387.299,211.569,0.152,0.0223,22.41,612.98,0,0.0001,0.0153,43.35,-13.75,261.937,124.667,0.1045,0.0733,22.03,612.6,0,0.0005,0.0152,44.31,-16.26,255.018,123.804,0.1045,0.0607,35.13,625.69,3,0.0309,0.0268,11.21,70.58,403.072,223.876,0.156,0.0107,33.67,624.24,3,0.0325,0.0242,14.9,60.9,385.617,212.927,0.1515,0.3493,21.71,612.27,0,0.0003,0.015,45.14,-18.43,248.784,122.895,0.108,0.5461,24.49,615.05,4,0.0444,0.0058,38.11,302.096,162.451,0.0605,0.0,12.04,602.61,0,0.0,0.0,69.56,162.914,78.335,0.0,0.0,0.095,12,13,0.0,3.5
SCA8-1,MDRO,50,17,1644.51,759.45,4.83,764.28,0,0.0,0.0047,96.615,0.0,0.031,0.0,4.54,763.99,0,0.0022,0.0031,5.94,85.35,90.878,0.0,0.0265,0.1918,4.65,764.1,0,0.0025,0.0031,3.76,90.73,92.985,0.0,0.0265,0.0169,4.54,763.99,0,0.0022,0.0031,5.94,85.35,90.878,0.0,0.0265,0.176,4.63,764.08,0,0.0007,0.0041,4.12,89.82,92.631,0.0,0.03,0.0237,4.69,764.14,0,0.0004,0.0043,2.92,92.8,93.798,0.0,0.0305,0.0261,4.7,764.15,0,0.0004,0.0043,2.8,93.08,93.906,0.0,0.0305,0.0233,4.63,764.08,0,0.0024,0.0031,4.23,89.56,92.527,0.0,0.0265,0.0276,3.55,763.0,0,0.0035,0.0027,26.55,34.46,70.959,0.0,0.0225,0.0244,4.44,763.89,0,0.0021,0.0032,8.11,79.99,88.782,0.0,0.027,0.2947,4.41,763.86,0,0.0019,0.0033,8.73,78.44,88.177,0.0,0.0275,0.1376,3.48,762.93,0,0.001,0.0023,27.88,31.18,69.677,0.0,0.021,1.1419,4.76,764.21,0,0.0,0.0037,1.43,96.47,88.096,9.234,0.0275,0.0147,4.4,763.85,0,0.0017,0.0033,8.98,77.84,87.94,0.0,0.0275,0.024,3.05,762.51,0,0.0,0.002,36.77,9.24,60.325,6.444,0.0185,0.0643,3.13,762.58,0,0.0003,0.002,35.17,13.2,61.872,6.444,0.0185,0.0454,4.83,764.28,0,0.0,0.0047,0.0,100.0,96.615,0.0,0.031,0.0086,4.45,763.9,0,0.0018,0.0033,7.96,80.34,88.92,0.0,0.025,0.2873,3.01,762.46,0,0.0,0.0019,37.61,7.17,58.762,6.444,0.017,0.4285,2.87,762.32,0,0.0046,0.0002,40.52,57.471,0.0,0.002,0.0,1.14,760.6,0,0.0,0.0,76.3,22.894,0.0,0.0,0.0,5.863,17,17,0.0,2.8
SCA3-8,Det,50,4,721.45,212.15,88.45,300.6,0,0.0,0.2342,266.031,220.784,0.5125,0.0,65.45,277.59,2,0.1943,0.0656,26.01,38.66,203.987,182.059,0.246,0.3666,81.36,293.5,2,0.3174,0.0318,8.02,81.08,206.253,182.059,0.1265,0.0346,64.17,276.31,2,0.1924,0.0641,27.45,35.26,205.146,180.257,0.24,0.3178,66.9,279.05,2,0.2107,0.0655,24.37,42.54,199.872,175.974,0.2465,0.0182,70.94,283.09,2,0.1724,0.0936,19.8,53.31,252.599,217.615,0.294,0.0205,64.98,277.13,2,0.1537,0.0903,26.54,37.43,218.619,175.974,0.309,0.0201,73.54,285.69,2,0.2776,0.0359,16.86,60.25,203.56,182.059,0.142,0.0238,86.43,298.58,1,0.0281,0.215,2.29,94.61,251.25,236.067,0.509,0.0257,62.17,274.32,2,0.2004,0.0583,29.71,29.94,204.083,173.901,0.2165,0.9526,64.0,276.15,2,0.1842,0.0699,27.64,34.82,207.939,180.257,0.251,0.1973,62.77,274.91,2,0.182,0.0537,29.04,31.52,196.002,180.257,0.208,1.886,61.75,273.9,2,0.1765,0.0546,30.19,28.82,204.493,190.332,0.205,0.0309,62.08,274.22,2,0.2017,0.0574,29.82,29.68,203.929,173.901,0.213,0.0286,60.01,272.16,2,0.171,0.0569,32.15,24.18,197.341,175.974,0.2115,0.1203,59.95,272.1,2,0.1733,0.0566,32.22,24.02,197.476,175.974,0.211,0.1403,62.98,275.13,2,0.2071,0.0566,28.8,32.1,210.328,178.162,0.208,0.0112,61.36,273.5,2,0.2017,0.055,30.64,27.76,199.0,175.974,0.2105,0.3754,59.67,271.81,2,0.1693,0.0545,32.54,23.27,191.177,175.974,0.2105,1.2269,50.94,263.09,2,0.2041,0.0301,42.41,189.396,173.463,0.1205,0.0,47.35,259.5,0,0.0,0.0,46.47,182.161,173.463,0.0,0.0,0.121,4,4,0.0,5.5
SCA3-8,SAA,50,5,796.62,254.66,6.99,261.66,0,0.0,0.0223,138.266,53.506,0.0515,0.0,5.83,260.49,1,0.0197,0.0064,16.65,62.8,107.038,41.847,0.027,0.1957,6.82,261.48,1,0.031,0.0019,2.47,94.49,110.114,50.998,0.009,0.0189,5.84,260.5,1,0.0199,0.0063,16.54,63.04,106.921,41.847,0.0265,0.1958,6.2,260.86,0,0.0102,0.0139,11.4,74.52,119.878,32.793,0.0395,0.0158,5.87,260.54,0,0.0095,0.0134,16.01,64.23,115.278,31.921,0.0405,0.0171,6.39,261.06,0,0.005,0.0174,8.57,80.84,126.62,31.921,0.0475,0.017,6.04,260.71,1,0.026,0.0028,13.57,69.67,103.837,41.847,0.0135,0.0202,3.92,258.58,1,0.0282,0.0066,44.02,1.63,70.614,16.513,0.0215,0.0171,5.04,259.71,0,0.0173,0.0064,27.89,37.68,97.775,31.011,0.0245,0.4632,5.31,259.97,1,0.0179,0.0066,24.13,46.08,101.212,33.719,0.0265,0.1533,3.69,258.35,0,0.0,0.0055,47.22,-5.51,67.124,16.048,0.0225,1.3737,5.05,259.71,0,0.0,0.005,27.83,37.82,72.382,35.52,0.0105,0.023,4.99,259.65,0,0.0173,0.0062,28.67,35.94,96.65,31.921,0.0245,0.0225,2.89,257.55,0,0.0,0.0037,58.7,-31.17,54.954,16.513,0.0155,0.0753,3.07,257.73,0,0.0,0.0044,56.09,-25.35,58.686,15.099,0.0175,0.0737,6.17,260.83,1,0.023,0.0064,11.74,73.77,106.534,40.027,0.018,0.0099,5.05,259.71,1,0.0188,0.0056,27.83,37.81,95.755,33.749,0.0235,0.349,2.46,257.12,0,0.0,0.0015,64.88,-44.99,46.528,13.276,0.007,0.8495,3.86,258.53,1,0.0223,0.0,44.75,76.358,30.703,0.0,0.0,1.54,256.2,0,0.0,0.0,77.96,30.609,7.292,0.0,0.0,0.056,5,5,0.0,3.7
SCA3-8,WDRO,50,6,879.68,297.97,1.28,299.25,0,0.0,0.0037,25.566,0.0,0.0095,0.0,1.07,299.04,0,0.0035,0.0009,16.41,62.4,21.37,0.0,0.0055,0.2193,1.11,299.07,0,0.0042,0.0005,13.52,69.02,22.109,0.0,0.003,0.021,1.07,299.04,0,0.0035,0.0009,16.41,62.4,21.37,0.0,0.0055,0.2161,1.04,299.01,0,0.002,0.0018,18.46,57.7,20.846,0.0,0.008,0.0189,1.12,299.09,0,0.0018,0.0022,12.09,72.31,22.476,0.0,0.0075,0.0202,1.06,299.03,0,0.0023,0.0018,17.18,60.63,21.173,0.0,0.0075,0.02,1.04,299.01,0,0.0037,0.0008,18.28,58.12,20.893,0.0,0.0045,0.0235,0.69,298.66,0,0.0037,0.0013,45.75,-4.82,13.869,0.0,0.0065,0.0186,1.2,299.17,0,0.0032,0.0016,5.8,86.71,24.083,0.0,0.0075,0.451,0.96,298.93,0,0.0028,0.0012,24.55,43.75,19.289,0.0,0.007,0.1695,0.52,298.49,0,0.0,0.0004,59.18,-35.59,10.435,0.0,0.0025,1.5499,1.28,299.25,0,0.0,0.0037,0.0,100.0,25.566,0.0,0.0095,0.0237,1.03,299.0,0,0.0022,0.0017,19.09,56.27,20.686,0.0,0.008,0.0252,0.55,298.51,0,0.0,0.0007,57.34,-31.38,10.905,0.0,0.0035,0.0863,0.55,298.51,0,0.0,0.0007,57.34,-31.38,10.905,0.0,0.0035,0.0817,1.28,299.25,0,0.0,0.0037,0.0,100.0,25.566,0.0,0.0095,0.012,1.08,299.05,0,0.0033,0.0012,15.49,64.51,21.606,0.0,0.0055,0.401,0.48,298.45,0,0.0,0.0002,62.66,-43.56,9.545,0.0,0.001,0.877,0.72,298.69,0,0.0037,0.0,43.65,14.407,0.0,0.0,0.0,0.24,298.21,0,0.0,0.0,81.14,4.823,0.0,0.0,0.0,0.065,6,6,0.0,4.1
SCA3-8,Gounaris,50,5,796.62,254.66,6.99,261.66,0,0.0,0.0223,138.266,53.506,0.0515,0.0,5.83,260.49,1,0.0197,0.0064,16.65,62.8,107.038,41.847,0.027,0.2372,6.82,261.48,1,0.031,0.0019,2.47,94.49,110.114,50.998,0.009,0.023,5.84,260.5,1,0.0199,0.0063,16.54,63.04,106.921,41.847,0.0265,0.241,6.2,260.86,0,0.0102,0.0139,11.4,74.52,119.878,32.793,0.0395,0.0204,5.87,260.54,0,0.0095,0.0134,16.01,64.23,115.278,31.921,0.0405,0.0217,6.39,261.06,0,0.005,0.0174,8.57,80.84,126.62,31.921,0.0475,0.0209,6.04,260.71,1,0.026,0.0028,13.57,69.67,103.837,41.847,0.0135,0.0263,3.92,258.58,1,0.0282,0.0066,44.02,1.63,70.614,16.513,0.0215,0.02,5.04,259.71,0,0.0173,0.0064,27.89,37.68,97.775,31.011,0.0245,0.5954,5.31,259.97,1,0.0179,0.0066,24.13,46.08,101.212,33.719,0.0265,0.191,3.69,258.35,0,0.0,0.0055,47.22,-5.51,67.124,16.048,0.0225,1.6035,5.05,259.71,0,0.0,0.005,27.83,37.82,72.382,35.52,0.0105,0.0259,4.99,259.65,0,0.0173,0.0062,28.67,35.94,96.65,31.921,0.0245,0.0278,2.89,257.55,0,0.0,0.0037,58.7,-31.17,54.954,16.513,0.0155,0.0887,3.07,257.73,0,0.0,0.0044,56.09,-25.35,58.686,15.099,0.0175,0.0856,6.17,260.83,1,0.023,0.0064,11.74,73.77,106.534,40.027,0.018,0.0124,5.05,259.71,1,0.0188,0.0056,27.83,37.81,95.755,33.749,0.0235,0.4437,2.46,257.12,0,0.0,0.0015,64.88,-44.99,46.528,13.276,0.007,0.9854,3.86,258.53,1,0.0223,0.0,44.75,76.358,30.703,0.0,0.0,1.54,256.2,0,0.0,0.0,77.96,30.609,7.292,0.0,0.0,0.062,5,5,0.0,4.4
SCA3-8,Cui,50,5,799.28,254.93,7.25,262.18,0,0.0,0.0232,133.976,55.472,0.06,0.0,5.77,260.7,1,0.0222,0.005,20.41,55.02,102.306,38.21,0.0215,0.2657,7.25,262.18,1,0.0352,0.0012,-0.03,100.06,106.843,41.937,0.006,0.0246,5.77,260.7,1,0.0222,0.005,20.41,55.02,102.306,38.21,0.0215,0.2627,5.59,260.52,1,0.0171,0.008,22.88,49.57,101.304,33.184,0.027,0.0182,6.24,261.17,0,0.0107,0.0139,13.97,69.22,116.034,32.562,0.0425,0.0197,6.35,261.28,0,0.0098,0.0145,12.38,72.72,119.285,35.618,0.047,0.0196,6.25,261.18,1,0.0287,0.0024,13.79,69.6,100.436,39.576,0.011,0.0231,3.58,258.5,1,0.0311,0.0045,50.69,-11.71,60.115,16.705,0.016,0.0191,5.26,260.18,1,0.0199,0.0057,27.52,39.35,93.905,36.99,0.022,0.6962,5.48,260.41,1,0.0184,0.0071,24.38,46.27,97.409,36.99,0.029,0.1773,3.41,258.34,0,0.0,0.0038,52.93,-16.66,57.277,16.705,0.0155,1.6497,5.0,259.93,0,0.0,0.0045,30.99,31.71,67.918,30.474,0.01,0.0252,5.25,260.18,1,0.0198,0.0057,27.63,39.12,93.506,36.99,0.022,0.0366,2.83,257.76,0,0.0,0.0031,61.0,-34.44,51.284,16.705,0.012,0.1044,2.82,257.75,0,0.0,0.0031,61.07,-34.59,51.187,16.705,0.012,0.0987,6.46,261.38,1,0.0119,0.0141,10.97,75.82,111.322,38.03,0.0385,0.0125,5.04,259.97,1,0.0207,0.0046,30.52,32.75,90.571,35.219,0.0195,0.4273,2.68,257.61,0,0.0009,0.0016,62.99,-38.81,47.831,14.093,0.0075,0.9604,3.96,258.89,1,0.0232,0.0,45.38,72.75,32.562,0.0,0.0,1.59,256.52,0,0.0,0.0,78.1,30.02,8.861,0.0,0.0,0.075,5,5,0.0,4.6
SCA3-8,MDRO,50,6,879.68,297.97,1.32,299.28,0,0.0,0.0037,26.331,0.0,0.0095,0.0,1.1,299.07,0,0.0035,0.0009,16.25,61.95,22.053,0.0,0.0055,0.3004,1.13,299.1,0,0.0042,0.0005,14.32,66.46,22.561,0.0,0.003,0.0258,1.1,299.07,0,0.0035,0.0009,16.25,61.95,22.053,0.0,0.0055,0.2163,1.14,299.1,0,0.0013,0.0024,13.63,68.07,22.742,0.0,0.0085,0.0167,1.21,299.18,0,0.0011,0.0028,7.92,81.44,24.245,0.0,0.0085,0.0187,1.18,299.15,0,0.0013,0.0026,10.19,76.12,23.647,0.0,0.0085,0.0234,1.07,299.03,0,0.0036,0.0008,19.1,55.26,21.302,0.0,0.0045,0.021,0.76,298.72,0,0.0038,0.0014,42.64,0.12,15.103,0.0,0.006,0.0168,1.11,299.08,0,0.0028,0.0015,15.33,64.1,22.296,0.0,0.007,0.4455,1.04,299.01,0,0.0027,0.0013,21.05,50.68,20.787,0.0,0.0065,0.1553,0.55,298.52,0,0.0,0.0004,58.09,-36.06,11.035,0.0,0.002,1.3319,1.32,299.28,0,0.0,0.0037,0.0,100.0,26.331,0.0,0.0095,0.0249,1.09,299.06,0,0.0023,0.0017,17.3,59.47,21.775,0.0,0.0075,0.0249,0.56,298.53,0,0.0,0.0007,57.36,-34.36,11.227,0.0,0.003,0.0878,0.56,298.53,0,0.0,0.0007,57.36,-34.36,11.227,0.0,0.003,0.0887,1.32,299.28,0,0.0,0.0037,0.0,100.0,26.331,0.0,0.0095,0.0121,1.07,299.04,0,0.003,0.0013,18.55,56.56,21.447,0.0,0.0055,0.3737,0.55,298.51,0,0.0,0.0003,58.55,-37.13,10.915,0.0,0.0015,0.9175,0.75,298.72,0,0.0037,0.0,42.69,15.089,0.0,0.0,0.0,0.24,298.21,0,0.0,0.0,81.56,4.857,0.0,0.0,0.0,0.057,6,6,0.0,3.9
SCA3-9,Det,50,4,680.99,208.1,100.87,308.97,0,0.0,0.2841,300.098,293.986,0.5095,0.0,71.13,279.23,3,0.2461,0.0713,29.49,35.71,217.874,209.11,0.2555,0.2133,83.63,291.73,3,0.3676,0.032,17.09,62.75,212.761,211.729,0.127,0.0191,70.39,278.49,3,0.2494,0.0655,30.21,34.13,215.825,208.694,0.24,0.2079,80.86,288.96,3,0.2727,0.0845,19.84,56.74,263.052,243.857,0.257,0.016,72.21,280.31,3,0.2521,0.0746,28.42,38.05,246.593,206.276,0.2385,0.0171,75.01,283.1,3,0.2561,0.0723,25.64,44.1,224.852,208.694,0.2565,0.0162,78.0,286.1,3,0.3355,0.035,22.68,50.56,212.388,210.003,0.1365,0.0209,89.52,297.62,2,0.1096,0.2086,11.25,75.48,314.414,300.319,0.463,0.0222,68.59,276.69,3,0.2624,0.0575,32.0,30.24,217.621,201.368,0.2065,0.8022,70.17,278.27,3,0.2476,0.0668,30.44,33.65,215.535,207.082,0.2435,0.171,68.29,276.39,3,0.2131,0.0549,32.3,29.58,219.547,208.694,0.204,1.4737,65.51,273.61,2,0.1831,0.0537,35.05,23.59,220.916,204.627,0.193,0.0246,68.27,276.37,3,0.2639,0.0556,32.32,29.55,216.527,201.368,0.202,0.0235,67.79,275.89,2,0.2027,0.0652,32.8,28.5,242.737,205.171,0.2165,0.0891,64.27,272.37,2,0.1969,0.0561,36.29,20.89,218.779,201.368,0.1995,0.0928,69.26,277.36,3,0.2615,0.059,31.34,31.68,213.868,203.638,0.2175,0.0097,68.1,276.19,3,0.259,0.0569,32.49,29.17,216.259,201.368,0.2085,0.3122,64.1,272.2,2,0.1745,0.0586,36.45,20.54,220.366,204.627,0.209,0.9215,54.6,262.7,3,0.2596,0.0245,45.87,203.559,200.836,0.098,0.0,47.25,255.35,0,0.0,0.0,53.16,201.031,187.546,0.0,0.0,0.061,2,4,0.0,4.3
SCA3-9,SAA,50,5,785.29,253.53,13.08,266.61,0,0.0,0.0433,210.567,114.338,0.088,0.0,10.5,264.03,1,0.0389,0.0109,19.73,54.94,154.649,89.579,0.0425,0.2348,13.64,267.17,3,0.0626,0.003,-4.22,109.65,166.673,106.762,0.0145,0.0193,10.48,264.01,1,0.0391,0.0107,19.89,54.59,154.435,89.358,0.042,0.2106,11.11,264.64,1,0.0233,0.0234,15.05,65.62,172.645,95.747,0.073,0.0194,10.76,264.29,1,0.0296,0.0187,17.76,59.44,169.014,87.89,0.0565,0.0201,10.75,264.28,1,0.0236,0.0214,17.86,59.2,169.805,89.624,0.067,0.0197,11.29,264.82,2,0.0511,0.0048,13.68,68.75,154.98,92.036,0.0215,0.0349,6.65,260.18,3,0.0804,0.0052,49.17,-12.29,86.472,44.922,0.0225,0.0201,9.53,263.06,2,0.0413,0.0078,27.14,38.02,142.851,87.295,0.034,0.5057,10.2,263.73,1,0.0368,0.0117,22.04,49.66,151.982,89.125,0.045,0.1947,6.66,260.19,0,0.0,0.006,49.07,-12.06,88.496,49.443,0.0275,1.6191,7.62,261.15,0,0.0,0.0037,41.78,4.59,93.624,59.36,0.016,0.0235,9.62,263.15,2,0.0406,0.0085,26.46,39.56,144.497,88.408,0.0355,0.024,4.59,258.12,0,0.0,0.0041,64.9,-48.21,72.334,29.888,0.0175,0.0902,4.69,258.22,0,0.0006,0.0043,64.18,-46.57,74.212,29.888,0.0185,0.1018,11.02,264.55,2,0.0419,0.0114,15.76,64.02,160.762,89.775,0.0465,0.012,9.25,262.78,1,0.0399,0.0079,29.3,33.08,139.883,85.053,0.033,0.3974,4.42,257.95,0,0.0,0.0032,66.23,-51.26,67.701,29.888,0.0135,0.9313,7.36,260.88,2,0.0433,0.0,43.79,117.73,65.284,0.0,0.0,2.64,256.17,0,0.0,0.0,79.79,43.861,19.675,0.0,0.0,0.075,5,5,0.0,4.3
SCA3-9,WDRO,50,6,888.27,298.83,2.19,301.02,0,0.0,0.006,43.861,0.0,0.0155,0.0,2.42,301.25,0,0.0101,0.0004,-10.24,123.14,48.354,0.0,0.0025,0.2409,3.19,302.02,0,0.0131,0.0003,-45.48,202.76,63.81,0.0,0.002,0.0217,2.42,301.25,0,0.0101,0.0004,-10.24,123.14,48.354,0.0,0.0025,0.2597,1.98,300.81,0,0.0032,0.0036,9.67,78.14,39.618,0.0,0.013,0.0195,1.83,300.66,0,0.0047,0.0023,16.55,62.6,36.602,0.0,0.0105,0.0206,2.02,300.85,0,0.0028,0.0038,7.83,82.31,40.427,0.0,0.014,0.0212,2.55,301.38,0,0.0108,0.0003,-16.34,136.93,51.03,0.0,0.002,0.024,1.48,300.31,0,0.0083,0.0025,32.53,26.49,29.591,0.0,0.0095,0.021,1.9,300.72,0,0.0076,0.0008,13.56,69.36,37.913,0.0,0.0045,0.5089,2.06,300.88,0,0.008,0.0009,6.26,85.85,41.115,0.0,0.0055,0.181,1.82,300.65,0,0.0056,0.0009,16.8,62.05,36.493,0.0,0.0055,1.5383,2.75,301.57,0,0.0,0.0039,-25.27,157.1,45.892,11.576,0.014,0.024,1.89,300.72,0,0.0074,0.0009,13.86,68.7,37.784,0.0,0.005,0.0262,0.93,299.75,0,0.0,0.0008,57.77,-30.52,18.524,0.0,0.0045,0.087,0.93,299.75,0,0.0,0.0008,57.77,-30.52,18.524,0.0,0.0045,0.0864,2.19,301.02,0,0.0,0.006,0.0,100.0,43.861,0.0,0.0155,0.0123,1.77,300.6,0,0.0056,0.0017,19.36,56.25,35.369,0.0,0.0085,0.4113,0.87,299.69,0,0.0,0.0005,60.5,-36.69,17.327,0.0,0.003,0.8844,1.22,300.05,0,0.006,0.0,44.26,24.448,0.0,0.0,0.0,0.44,299.27,0,0.0,0.0,79.93,8.804,0.0,0.0,0.0,0.118,6,6,0.0,4.2
SCA3-9,Gounaris,50,5,836.99,258.7,13.81,272.51,0,0.0,0.0447,213.24,118.76,0.094,0.0,10.72,269.42,2,0.0395,0.0105,22.37,49.83,154.169,89.172,0.044,0.2984,14.53,273.23,3,0.0662,0.0031,-5.2,111.67,172.006,119.752,0.015,0.0227,10.64,269.34,2,0.0408,0.0095,22.95,48.52,153.354,89.023,0.0405,0.2438,11.15,269.85,1,0.0341,0.0166,19.29,56.72,164.408,95.156,0.0565,0.0192,10.25,268.94,2,0.0378,0.0117,25.82,42.07,151.78,87.234,0.0445,0.0216,10.62,269.32,1,0.0331,0.015,23.09,48.21,156.281,94.62,0.058,0.0208,12.15,270.85,2,0.0535,0.0052,12.04,72.99,160.719,99.038,0.0245,0.0244,6.52,265.22,2,0.0606,0.0085,52.76,-18.36,96.195,41.969,0.0325,0.0234,9.88,268.58,2,0.039,0.0099,28.49,36.09,146.886,85.476,0.04,0.6568,10.13,268.82,1,0.0369,0.0112,26.69,40.12,148.739,88.031,0.046,0.1912,6.52,265.22,0,0.0026,0.0067,52.79,-18.42,95.356,41.08,0.03,1.7011,7.23,265.93,0,0.0,0.0015,47.64,-6.86,87.169,56.249,0.0055,0.0271,9.79,268.49,2,0.0392,0.0095,29.11,34.71,145.155,87.458,0.04,0.028,5.21,263.91,0,0.0,0.0062,62.27,-39.7,82.669,35.988,0.027,0.0927,5.07,263.77,0,0.0002,0.0061,63.26,-41.9,80.419,35.982,0.0265,0.0911,10.27,268.97,2,0.0407,0.0092,25.61,42.55,151.764,89.05,0.037,0.0122,9.27,267.96,2,0.0419,0.0064,32.91,26.17,136.868,84.387,0.0295,0.426,4.73,263.43,0,0.0,0.0041,65.77,-47.54,73.455,35.982,0.018,0.9948,7.65,266.35,2,0.0447,0.0,44.58,117.343,66.266,0.0,0.0,2.89,261.59,0,0.0,0.0,79.04,46.215,23.776,0.0,0.0,0.079,5,5,0.0,4.7
SCA3-9,Cui,50,5,800.21,255.02,13.83,268.86,0,0.0,0.0438,227.823,117.518,0.0855,0.0,10.73,265.75,2,0.0367,0.0119,22.46,49.8,168.241,90.784,0.047,0.2474,14.09,269.11,3,0.0638,0.0032,-1.83,104.09,174.544,118.493,0.0155,0.0229,10.61,265.64,2,0.0369,0.0116,23.27,47.99,166.696,90.253,0.046,0.2494,11.32,266.34,1,0.031,0.0184,18.15,59.44,178.481,90.784,0.062,0.0202,10.91,265.93,1,0.0331,0.016,21.16,52.71,173.236,99.355,0.0595,0.0219,11.58,266.6,1,0.0218,0.0237,16.31,63.54,188.182,95.192,0.0725,0.0215,12.12,267.14,2,0.0521,0.0058,12.4,72.28,168.771,106.36,0.026,0.0266,6.31,261.33,3,0.061,0.007,54.4,-21.6,96.506,40.611,0.027,0.0266,9.98,265.0,2,0.0412,0.0084,27.88,37.68,153.219,82.973,0.0355,0.6269,10.26,265.28,1,0.0337,0.0131,25.84,42.24,163.752,89.298,0.0495,0.2198,6.32,261.34,0,0.0022,0.0056,54.33,-21.44,95.392,44.746,0.024,1.9973,7.81,262.83,0,0.0,0.0014,43.55,2.66,91.626,63.812,0.006,0.0398,9.96,264.98,2,0.0395,0.0093,27.99,37.45,154.675,84.746,0.038,0.0278,5.17,260.19,0,0.0,0.0052,62.66,-40.06,82.409,40.757,0.021,0.1021,5.21,260.23,0,0.0014,0.0049,62.36,-39.4,83.22,40.778,0.0205,0.1041,11.05,266.07,2,0.0366,0.0136,20.15,54.95,170.226,91.825,0.05,0.0122,9.58,264.6,2,0.0406,0.0076,30.78,31.2,151.069,85.986,0.0325,0.4331,4.92,259.94,0,0.0,0.0041,64.43,-44.03,77.954,38.952,0.017,1.0392,7.65,262.67,2,0.0438,0.0,44.74,125.074,66.985,0.0,0.0,2.94,257.96,0,0.0,0.0,78.74,50.006,21.657,0.0,0.0,0.064,5,5,0.0,5.0
SCA3-9,MDRO,50,6,840.08,294.01,2.39,296.39,0,0.0,0.0068,47.718,0.0,0.0205,0.0,2.5,296.51,0,0.0082,0.0019,-4.82,111.03,50.017,0.0,0.01,0.2844,3.2,297.21,0,0.0117,0.0015,-34.3,178.52,64.086,0.0,0.008,0.0227,2.5,296.51,0,0.0082,0.0019,-4.82,111.03,50.017,0.0,0.01,0.2512,2.02,296.02,0,0.0045,0.0032,15.53,64.46,40.309,0.0,0.0145,0.019,2.09,296.1,0,0.0051,0.0031,12.29,71.86,41.853,0.0,0.0145,0.0187,1.99,296.0,0,0.0048,0.0029,16.46,62.32,39.864,0.0,0.014,0.02,2.69,296.7,0,0.0093,0.0017,-12.65,128.96,53.756,0.0,0.0085,0.0218,1.27,295.28,0,0.0079,0.0019,46.82,-7.19,25.375,0.0,0.0085,0.0232,2.09,296.1,0,0.0056,0.0028,12.39,71.65,41.808,0.0,0.014,0.5202,2.04,296.05,0,0.0052,0.0028,14.58,66.61,40.759,0.0,0.0145,0.164,1.3,295.31,0,0.0,0.0019,45.6,-4.39,25.959,0.0,0.009,1.4989,2.68,296.69,0,0.0,0.0016,-12.32,128.2,40.971,21.044,0.0045,0.0216,2.02,296.03,0,0.0053,0.0028,15.36,64.83,40.388,0.0,0.014,0.0349,1.26,295.27,0,0.0,0.0015,47.29,-8.27,25.15,0.0,0.007,0.1096,1.26,295.27,0,0.0,0.0015,47.29,-8.27,25.15,0.0,0.007,0.083,2.39,296.39,0,0.0,0.0068,0.0,100.0,47.718,0.0,0.0205,0.0155,2.11,296.12,0,0.006,0.0026,11.49,73.7,42.235,0.0,0.0125,0.4227,1.1,295.11,0,0.0,0.0012,53.8,-23.17,22.044,0.0,0.006,0.8983,1.34,295.35,0,0.0068,0.0,43.68,26.874,0.0,0.0,0.0,0.44,294.45,0,0.0,0.0,81.6,8.779,0.0,0.0,0.0,0.061,6,6,0.0,4.2
SCA8-2,Det,50,10,1051.42,455.14,217.0,672.14,0,0.0,0.3219,678.615,632.023,0.681,0.0,170.18,625.32,7,0.2757,0.1,21.58,49.91,473.644,431.982,0.54,0.3019,177.26,632.4,8,0.3686,0.0582,18.31,57.48,457.499,410.454,0.395,0.0261,169.82,624.96,7,0.2631,0.1066,21.74,49.52,475.936,432.399,0.5555,0.3254,188.74,643.88,7,0.3236,0.1028,13.03,69.76,509.807,452.841,0.4845,0.0257,186.75,641.89,5,0.2024,0.1655,13.94,67.64,574.831,524.664,0.5835,0.0272,182.6,637.74,5,0.1895,0.1653,15.86,63.19,558.595,511.954,0.611,0.0256,175.12,630.27,8,0.343,0.0694,19.3,55.2,459.632,414.728,0.4455,0.025,196.31,651.45,3,0.1216,0.2569,9.54,77.86,674.999,620.463,0.6435,0.0337,168.78,623.92,7,0.2745,0.0993,22.22,48.41,480.26,438.69,0.532,0.6817,169.72,624.86,7,0.2552,0.1111,21.79,49.41,475.597,433.552,0.564,0.2095,160.47,615.61,6,0.204,0.1031,26.05,39.52,477.286,421.002,0.5305,1.8635,159.65,614.79,5,0.2087,0.0881,26.43,38.64,478.964,420.895,0.4845,0.0218,168.78,623.93,7,0.286,0.093,22.22,48.41,479.454,437.364,0.5105,0.0365,158.8,613.94,5,0.1746,0.1026,26.82,37.73,531.417,454.729,0.4965,0.0998,154.86,610.01,6,0.2018,0.0897,28.63,33.52,468.978,414.096,0.487,0.0728,169.63,624.77,8,0.29,0.092,21.83,49.32,475.121,429.298,0.5135,0.0123,167.45,622.59,7,0.284,0.0922,22.84,46.98,475.976,435.105,0.511,0.3838,154.75,609.89,5,0.1968,0.0917,28.69,33.4,470.364,418.934,0.491,0.6506,123.53,578.67,8,0.3035,0.0183,43.07,426.291,369.084,0.1335,0.0,99.24,554.38,0,0.0,0.0,54.27,395.399,331.741,0.0,0.0,0.093,7,10,0.0,4.5
SCA8-2,SAA,50,15,1455.81,670.58,23.97,694.55,0,0.0,0.026,374.238,134.68,0.1165,0.0,20.9,691.49,2,0.0155,0.0139,12.78,69.59,310.909,132.68,0.092,0.2166,21.17,691.75,2,0.0191,0.012,11.66,72.24,306.035,135.371,0.089,0.02,20.94,691.52,2,0.0156,0.0139,12.63,69.94,310.979,132.68,0.0925,0.2124,22.01,692.59,1,0.0112,0.0174,8.17,80.55,332.141,132.693,0.104,0.0283,21.58,692.16,1,0.0116,0.0168,9.97,76.29,325.873,134.039,0.094,0.0271,22.4,692.98,1,0.0076,0.0198,6.54,84.43,343.261,135.528,0.1045,0.0284,20.82,691.4,2,0.0177,0.0125,13.12,68.77,304.85,132.874,0.0905,0.0222,16.91,687.49,3,0.0261,0.0134,29.44,29.95,250.042,122.504,0.09,0.0276,20.66,691.24,2,0.0159,0.0135,13.81,67.14,305.482,131.898,0.092,0.3526,20.95,691.54,2,0.0153,0.0141,12.57,70.09,311.311,132.68,0.0925,0.1743,15.85,686.43,0,0.0022,0.0097,33.88,19.37,221.608,102.774,0.0755,1.4163,17.7,688.28,0,0.0,0.0114,26.17,37.74,246.202,109.705,0.0735,0.0178,20.54,691.13,2,0.0161,0.0133,14.28,66.02,303.822,131.898,0.091,0.0246,13.57,684.16,0,0.0,0.0084,43.36,-3.17,196.357,85.129,0.068,0.0671,13.49,684.07,0,0.0002,0.0083,43.72,-4.04,195.604,84.692,0.068,0.0493,21.81,692.39,1,0.011,0.0176,9.0,78.57,330.268,134.039,0.0955,0.0118,20.29,690.88,1,0.0153,0.0134,15.32,63.54,303.08,130.601,0.0915,0.3464,13.04,683.62,0,0.0004,0.0074,45.6,-8.5,185.192,87.46,0.068,0.4632,13.89,684.48,2,0.0252,0.0008,42.03,218.411,73.659,0.0095,0.0,6.44,677.02,0,0.0,0.0,73.12,104.421,35.317,0.0,0.0,2.418,15,15,0.0,3.3
SCA8-2,WDRO,50,17,1697.07,764.71,6.98,771.69,0,0.0,0.0068,139.68,0.0,0.043,0.0,6.66,771.37,0,0.0035,0.0044,4.61,88.71,133.247,0.0,0.0355,0.1801,6.68,771.38,0,0.0038,0.0043,4.42,89.17,133.508,0.0,0.037,0.0192,6.66,771.37,0,0.0035,0.0044,4.61,88.71,133.247,0.0,0.0355,0.1775,6.69,771.4,0,0.002,0.0054,4.23,89.63,133.768,0.0,0.039,0.0247,6.66,771.36,0,0.0012,0.0058,4.68,88.52,133.137,0.0,0.0405,0.0235,6.73,771.44,0,0.0011,0.0059,3.61,91.16,134.643,0.0,0.041,0.0241,6.58,771.29,0,0.0036,0.0043,5.76,85.89,131.637,0.0,0.037,0.0184,4.8,769.51,0,0.0054,0.0037,31.29,23.33,94.775,9.301,0.0335,0.0237,6.88,771.58,0,0.0039,0.0044,1.52,96.27,136.6,31.874,0.0365,0.295,6.66,771.37,0,0.0034,0.0045,4.65,88.61,133.186,0.0,0.036,0.1469,4.97,769.67,0,0.0009,0.0034,28.89,29.22,97.604,11.541,0.033,1.1854,6.86,771.57,0,0.0,0.006,1.73,95.76,130.528,11.416,0.04,0.0145,6.72,771.42,0,0.0032,0.0047,3.84,90.59,134.319,0.0,0.0375,0.0199,5.22,769.93,0,0.0001,0.0035,25.24,38.16,98.439,11.862,0.033,0.0564,4.95,769.65,0,0.0,0.0036,29.16,28.54,96.308,11.541,0.0335,0.0412,6.98,771.69,0,0.0,0.0068,0.0,100.0,139.68,0.0,0.043,0.0094,6.32,771.03,0,0.0025,0.0047,9.45,76.85,126.484,0.0,0.036,0.2866,4.37,769.08,0,0.0,0.0026,37.46,8.22,82.897,11.968,0.028,0.3774,4.13,768.84,0,0.0066,0.0002,40.81,82.676,0.0,0.003,0.0,1.72,766.43,0,0.0,0.0,75.31,34.487,0.0,0.0,0.0,2.495,16,17,0.0,2.8
SCA8-2,Gounaris,50,14,1381.38,628.14,36.93,665.06,0,0.0,0.0432,486.113,246.042,0.1635,0.0,31.78,659.92,2,0.0266,0.0219,13.93,67.54,384.528,223.404,0.1395,0.2343,32.99,661.13,3,0.0337,0.0192,10.65,75.2,379.885,222.897,0.1315,0.0214,31.77,659.91,2,0.0266,0.0219,13.97,67.46,384.274,223.404,0.1395,0.2205,33.13,661.27,2,0.0159,0.0297,10.28,76.05,422.673,248.572,0.1475,0.025,33.14,661.28,2,0.0151,0.0301,10.26,76.11,424.89,243.844,0.147,0.024,32.98,661.12,2,0.0155,0.0297,10.68,75.12,424.52,242.827,0.145,0.0245,32.47,660.61,3,0.032,0.0196,12.07,71.88,378.015,222.42,0.132,0.0214,26.9,655.04,4,0.0435,0.0225,27.15,36.77,331.461,175.483,0.1315,0.024,31.26,659.4,2,0.0265,0.0215,15.34,64.26,380.787,221.053,0.1385,0.3714,31.58,659.71,2,0.0262,0.0219,14.49,66.25,384.155,221.165,0.1395,0.1568,25.78,653.92,1,0.0081,0.019,30.19,29.69,323.678,178.085,0.1235,1.3065,25.8,653.93,0,0.0,0.0155,30.14,29.79,293.063,156.422,0.106,0.0161,31.35,659.49,2,0.0263,0.0218,15.1,64.84,381.343,221.661,0.138,0.0254,23.01,651.15,0,0.0014,0.0128,37.69,12.22,265.192,139.61,0.0985,0.0674,22.11,650.25,0,0.0008,0.0139,40.13,6.54,263.392,136.891,0.104,0.0514,33.04,661.18,3,0.0298,0.0217,10.53,75.48,390.884,223.825,0.1335,0.0106,30.94,659.07,2,0.0259,0.0215,16.22,62.21,380.537,220.277,0.1375,0.3237,21.46,649.6,0,0.0018,0.0132,41.88,2.45,254.213,142.331,0.103,0.4429,21.07,649.21,4,0.0425,0.0006,42.93,278.635,139.617,0.0075,0.0,9.93,638.07,0,0.0,0.0,73.11,139.362,64.6,0.0,0.0,0.088,13,14,0.0,3.2
SCA8-2,Cui,50,14,1396.32,629.63,40.84,670.48,0,0.0,0.0479,502.849,292.397,0.188,0.0,35.61,665.24,2,0.0258,0.027,12.81,64.64,403.716,240.709,0.1695,0.2047,36.75,666.38,3,0.0302,0.0256,10.03,72.32,403.825,251.021,0.1665,0.0186,35.83,665.46,3,0.0267,0.0267,12.28,66.1,403.846,238.44,0.169,0.2053,36.49,666.12,2,0.0202,0.0312,10.65,70.58,426.309,251.124,0.1705,0.0255,36.92,666.55,2,0.019,0.0324,9.6,73.49,437.061,251.174,0.17,0.0247,37.54,667.17,2,0.0171,0.034,8.1,77.65,446.112,252.712,0.172,0.0256,36.07,665.71,3,0.0277,0.0263,11.68,67.76,403.602,243.769,0.1695,0.0206,27.6,657.23,4,0.0458,0.0228,32.43,10.47,313.978,166.024,0.1475,0.0249,35.53,665.17,2,0.0257,0.027,13.0,64.1,403.905,238.183,0.1685,0.357,35.82,665.45,2,0.0257,0.0273,12.31,66.01,404.712,244.846,0.1695,0.1609,27.01,656.64,0,0.0031,0.0189,33.87,6.49,289.76,166.382,0.1415,1.3663,28.49,658.13,0,0.0,0.0187,30.24,16.51,292.883,156.674,0.132,0.017,35.59,665.23,2,0.025,0.0275,12.85,64.51,405.153,241.006,0.17,0.0231,24.37,654.0,0,0.0,0.016,40.34,-11.36,253.899,141.87,0.1315,0.0643,24.18,653.81,0,0.0009,0.0159,40.81,-12.67,251.926,142.131,0.1315,0.0499,36.66,666.3,2,0.021,0.031,10.24,71.74,426.245,249.407,0.171,0.0102,35.03,664.66,2,0.026,0.0264,14.23,60.7,398.165,240.6,0.1675,0.3289,24.42,654.05,0,0.0,0.0175,40.21,-11.0,261.35,156.055,0.138,0.4613,26.05,655.68,4,0.0402,0.0077,36.22,312.098,169.884,0.094,0.0,14.19,643.82,0,0.0,0.0,65.27,170.303,94.18,0.0,0.0,0.082,14,14,0.0,3.2
SCA8-2,MDRO,50,17,1668.48,761.85,7.96,769.81,0,0.0,0.0076,159.262,0.0,0.049,0.0,7.52,769.37,0,0.0037,0.0051,5.58,86.75,147.31,35.132,0.0445,0.2077,7.54,769.39,0,0.0034,0.0052,5.28,87.45,147.774,35.144,0.0445,0.0204,7.52,769.37,0,0.0037,0.0051,5.58,86.75,147.31,35.132,0.0445,0.2114,7.43,769.28,0,0.0016,0.0062,6.7,84.08,148.593,1.607,0.0455,0.0345,7.58,769.43,0,0.001,0.0067,4.82,88.55,151.589,0.0,0.0465,0.0289,7.56,769.41,0,0.0011,0.0066,5.04,88.02,151.232,0.0,0.046,0.0322,7.53,769.38,0,0.0033,0.0053,5.42,87.13,147.911,35.132,0.0445,0.0212,5.82,767.67,0,0.0049,0.0046,26.87,36.15,114.309,11.958,0.0365,0.0273,7.52,769.37,0,0.0036,0.0051,5.53,86.87,147.385,35.144,0.0445,0.334,7.5,769.34,0,0.0032,0.0053,5.85,86.09,147.21,35.144,0.045,0.1872,6.05,767.9,0,0.0006,0.0046,24.05,42.85,119.134,11.958,0.0405,1.3777,7.95,769.8,0,0.0,0.0052,0.19,99.54,130.325,24.554,0.039,0.0171,7.42,769.26,0,0.0029,0.0054,6.87,83.66,146.286,35.132,0.045,0.023,5.69,767.54,0,0.0005,0.0041,28.52,32.24,110.586,11.958,0.0355,0.0646,5.53,767.38,0,0.0002,0.004,30.5,27.53,106.955,11.958,0.0355,0.0518,7.96,769.81,0,0.0,0.0076,0.0,100.0,159.262,0.0,0.049,0.0108,7.31,769.16,0,0.0026,0.0055,8.2,80.51,144.486,35.363,0.0425,0.3328,4.82,766.67,0,0.0,0.0028,39.5,6.13,90.566,12.759,0.029,0.4331,4.61,766.46,0,0.0075,0.0001,42.08,92.239,0.0,0.0025,0.0,2.04,763.89,0,0.0,0.0,74.41,40.762,0.0,0.0,0.0,2.429,15,17,0.0,3.3
SCA8-3,Det,50,9,1020.1,417.01,247.76,664.77,0,0.0,0.3972,673.282,660.209,0.6565,0.0,204.84,621.85,7,0.2853,0.1685,17.32,50.56,546.534,500.074,0.588,0.2484,216.09,633.1,7,0.3789,0.1317,12.78,63.52,530.757,482.312,0.5475,0.0249,205.13,622.14,7,0.2886,0.1673,17.2,50.9,545.886,499.852,0.586,0.3031,221.31,638.32,5,0.2188,0.23,10.68,69.53,589.218,554.564,0.6265,0.0251,223.38,640.39,5,0.207,0.2426,9.84,71.92,617.724,573.459,0.6145,0.0241,219.4,636.41,5,0.2303,0.2174,11.45,67.34,588.017,552.092,0.607,0.0244,209.72,626.73,7,0.3387,0.1451,15.35,56.18,536.093,490.838,0.563,0.023,234.19,651.2,2,0.0786,0.3539,5.48,84.37,680.612,663.243,0.6435,0.0345,203.42,620.43,7,0.2878,0.1664,17.9,48.93,549.125,502.328,0.584,0.6668,205.18,622.19,7,0.281,0.1719,17.19,50.95,546.472,501.09,0.591,0.2033,198.2,615.21,6,0.2392,0.1712,20.0,42.92,549.256,504.049,0.592,1.8584,196.62,613.63,5,0.2276,0.164,20.64,41.09,556.383,505.602,0.5785,0.0204,203.17,620.18,7,0.2808,0.1699,18.0,48.64,549.786,502.676,0.587,0.0355,194.61,611.62,5,0.1968,0.1749,21.45,38.78,586.173,527.03,0.578,0.0964,193.06,610.07,5,0.2128,0.1686,22.08,36.99,561.156,510.094,0.58,0.0819,204.15,621.16,7,0.2852,0.1686,17.6,49.76,548.757,498.054,0.586,0.0124,201.98,618.99,7,0.2831,0.1666,18.48,47.26,547.11,500.245,0.586,0.342,192.75,609.76,5,0.2102,0.1682,22.2,36.64,558.546,506.962,0.5785,0.6326,160.95,577.96,7,0.3091,0.0881,35.04,513.291,454.15,0.433,0.0,145.69,562.71,0,0.0,0.0,41.19,504.149,440.649,0.0,0.0,0.101,8,9,0.0,4.4
SCA8-3,SAA,50,14,1385.92,628.59,25.22,653.81,0,0.0,0.0308,379.792,165.717,0.13,0.0,22.59,651.18,2,0.0203,0.0159,10.42,74.48,315.741,147.083,0.1085,0.2322,23.13,651.72,2,0.0235,0.0145,8.27,79.74,316.864,157.619,0.1045,0.0257,22.61,651.2,2,0.0203,0.0159,10.34,74.68,315.741,147.083,0.1085,0.2414,23.47,652.07,1,0.0152,0.0198,6.92,83.06,338.554,148.375,0.1115,0.0262,23.69,652.28,1,0.0113,0.0224,6.07,85.13,346.563,153.827,0.1155,0.0255,23.35,651.94,1,0.0111,0.022,7.42,81.81,342.867,150.265,0.117,0.0263,23.02,651.61,2,0.0232,0.0145,8.73,78.62,315.941,157.619,0.105,0.0214,15.91,644.5,4,0.0462,0.0109,36.91,9.58,215.158,90.451,0.08,0.0258,22.44,651.03,2,0.0217,0.0149,11.02,73.0,313.247,142.878,0.1045,0.3912,22.4,650.99,2,0.0197,0.016,11.18,72.6,314.317,147.083,0.1085,0.1606,15.41,644.0,0,0.0049,0.0095,38.9,4.72,212.783,90.454,0.078,1.3355,16.32,644.92,0,0.0,0.0099,35.27,13.6,206.093,91.584,0.072,0.0168,22.31,650.91,2,0.0212,0.0151,11.51,71.8,312.082,148.526,0.1055,0.0249,14.05,642.64,0,0.0,0.0093,44.3,-8.52,190.607,82.585,0.073,0.0678,14.18,642.77,0,0.0011,0.0092,43.78,-7.26,192.639,82.547,0.073,0.0519,23.72,652.32,2,0.0172,0.0189,5.93,85.48,332.645,150.993,0.108,0.0131,22.02,650.62,1,0.0171,0.0172,12.67,68.97,316.505,150.731,0.112,0.3359,13.77,642.37,0,0.0,0.0091,45.39,-11.18,185.089,83.218,0.074,0.479,14.92,643.52,3,0.0296,0.0012,40.82,226.262,96.609,0.0125,0.0,5.75,634.34,0,0.0,0.0,77.21,95.476,27.897,0.0,0.0,0.086,14,14,0.0,3.3
SCA8-3,WDRO,50,17,1584.1,753.41,5.85,759.26,0,0.0,0.0059,117.062,0.0,0.033,0.0,5.42,758.83,0,0.0044,0.0029,7.42,82.08,108.377,0.0,0.025,0.1929,5.72,759.13,0,0.0048,0.0029,2.26,94.53,114.413,0.0,0.0255,0.0186,5.46,758.87,0,0.0043,0.003,6.78,83.63,109.129,0.0,0.025,0.1978,5.72,759.13,0,0.0025,0.0043,2.29,94.48,114.386,0.0,0.029,0.0296,5.5,758.91,0,0.0018,0.0045,6.09,85.29,109.931,0.0,0.0295,0.0279,5.51,758.92,0,0.0019,0.0044,5.82,85.93,110.244,0.0,0.0295,0.0297,5.42,758.83,0,0.004,0.0031,7.4,82.14,108.404,0.0,0.0255,0.022,4.12,757.52,0,0.0047,0.0034,29.69,28.28,81.928,5.405,0.026,0.0255,5.41,758.82,0,0.0042,0.003,7.63,81.57,108.13,0.0,0.0255,0.3355,5.19,758.6,0,0.0035,0.0032,11.37,72.54,103.753,0.0,0.0265,0.1546,4.0,757.41,0,0.0014,0.0026,31.68,23.47,79.596,5.405,0.025,1.2361,5.28,758.69,0,0.0,0.0041,9.85,76.22,97.258,8.929,0.027,0.0181,5.3,758.71,0,0.0038,0.0032,9.51,77.03,105.928,0.0,0.026,0.0217,3.71,757.12,0,0.0,0.0024,36.68,11.41,72.009,8.607,0.0245,0.0638,3.64,757.05,0,0.0,0.0024,37.84,8.61,71.398,6.307,0.025,0.0452,5.85,759.26,0,0.0,0.0059,0.0,100.0,117.062,0.0,0.033,0.011,5.2,758.61,0,0.0025,0.0039,11.12,73.13,104.04,0.0,0.0285,0.3178,3.27,756.68,0,0.0,0.002,44.19,-6.73,63.389,5.405,0.0215,0.428,3.43,756.84,0,0.0058,0.0001,41.4,68.594,0.0,0.0015,0.0,1.38,754.79,0,0.0,0.0,76.49,27.522,0.0,0.0,0.0,5.352,16,17,0.0,3.0
SCA8-3,Gounaris,50,14,1341.74,624.17,26.72,650.89,0,0.0,0.0323,377.871,172.408,0.1445,0.0,24.29,648.46,2,0.0245,0.015,9.09,77.64,309.475,164.704,0.1125,0.2292,26.11,650.29,3,0.0329,0.0119,2.27,94.42,307.508,167.986,0.0965,0.0219,24.29,648.46,2,0.0245,0.015,9.09,77.64,309.475,164.704,0.1125,0.2324,24.04,648.21,1,0.0162,0.0195,10.03,75.33,324.563,158.869,0.1175,0.0294,24.24,648.41,1,0.0126,0.0219,9.28,77.18,334.005,154.21,0.1225,0.0282,23.94,648.12,1,0.0151,0.0201,10.38,74.48,325.457,151.393,0.118,0.0291,24.79,648.97,2,0.0272,0.014,7.2,82.3,307.957,167.519,0.11,0.0238,16.82,640.99,4,0.0428,0.012,37.05,8.87,222.158,98.169,0.088,0.0282,23.62,647.79,2,0.023,0.0152,11.61,71.45,304.795,159.977,0.1115,0.3968,23.64,647.81,2,0.022,0.0157,11.52,71.66,307.911,162.919,0.113,0.1823,16.26,640.44,0,0.0013,0.0102,39.13,3.76,210.894,93.523,0.0825,1.5227,16.81,640.98,0,0.0,0.0105,37.1,8.76,215.704,95.655,0.0745,0.0206,23.63,647.81,2,0.0232,0.0151,11.55,71.59,303.917,160.855,0.1125,0.0264,15.13,639.3,0,0.0,0.0087,43.38,-6.68,196.001,86.667,0.0705,0.0745,15.18,639.35,0,0.0017,0.0089,43.18,-6.21,197.901,86.732,0.076,0.0582,24.83,649.0,2,0.0222,0.0171,7.07,82.61,316.271,155.173,0.115,0.0119,22.74,646.91,2,0.0198,0.0161,14.9,63.35,301.344,149.213,0.114,0.3721,15.01,639.19,0,0.0003,0.0099,43.81,-7.75,196.776,84.818,0.0815,0.5403,15.85,640.03,3,0.0314,0.0009,40.66,224.595,103.471,0.012,0.0,6.59,630.76,0,0.0,0.0,75.34,103.915,35.023,0.0,0.0,0.098,14,14,0.0,3.6
SCA8-3,Cui,50,14,1323.01,622.3,34.14,656.44,0,0.0,0.0399,462.009,235.343,0.16,0.0,29.64,651.94,2,0.0269,0.019,13.18,64.02,370.422,203.519,0.129,0.2166,31.48,653.78,3,0.0351,0.0161,7.79,78.73,366.427,208.687,0.1215,0.0206,29.72,652.02,2,0.0268,0.0191,12.94,64.66,371.361,203.519,0.1295,0.2132,31.42,653.72,1,0.0146,0.0281,7.96,78.27,412.688,212.541,0.1455,0.0276,30.81,653.11,1,0.0133,0.0283,9.75,73.37,410.581,208.401,0.144,0.0272,30.6,652.9,1,0.0134,0.0279,10.37,71.68,407.708,210.465,0.1435,0.0282,29.96,652.26,3,0.0296,0.0177,12.23,66.6,369.086,203.39,0.1255,0.0224,22.07,644.37,5,0.0488,0.016,35.35,3.5,283.493,129.326,0.105,0.0277,29.37,651.67,3,0.0269,0.0187,13.98,61.83,367.642,198.421,0.128,0.3788,29.55,651.85,2,0.0255,0.0197,13.43,63.32,372.49,203.519,0.13,0.1744,21.91,644.21,0,0.003,0.0143,35.82,2.21,278.487,138.359,0.101,1.4186,21.73,644.03,0,0.0,0.0121,36.34,0.77,250.862,124.789,0.09,0.0184,29.13,651.43,2,0.0259,0.0191,14.68,59.91,368.718,195.745,0.1275,0.0246,19.56,641.86,0,0.0,0.0125,42.71,-16.62,246.759,115.16,0.0955,0.0695,19.62,641.92,0,0.0011,0.0127,42.53,-16.12,247.582,116.371,0.097,0.0551,30.38,652.68,2,0.0218,0.0229,11.0,69.96,389.703,201.899,0.1305,0.0112,28.64,650.95,2,0.0238,0.0198,16.1,56.05,366.788,195.656,0.1275,0.3551,19.28,641.58,0,0.0,0.0134,43.54,-18.87,245.123,116.746,0.101,0.5148,21.64,643.94,3,0.0347,0.0052,36.63,292.284,142.689,0.056,0.0,11.04,633.34,0,0.0,0.0,67.66,161.213,74.122,0.0,0.0,2.937,14,14,0.0,3.4
SCA8-3,MDRO,50,17,1547.55,749.75,6.67,756.42,0,0.0,0.0067,133.361,0.0,0.0405,0.0,6.53,756.29,0,0.0058,0.0031,2.03,95.04,125.811,36.16,0.0315,0.2258,7.06,756.82,1,0.0067,0.003,-5.89,114.4,130.741,37.302,0.031,0.0217,6.53,756.29,0,0.0058,0.0031,2.03,95.04,125.811,36.16,0.0315,0.2341,6.19,755.94,0,0.0034,0.0042,7.21,82.37,123.751,0.0,0.034,0.0285,6.28,756.04,0,0.004,0.004,5.77,85.88,125.064,29.953,0.033,0.0281,6.26,756.01,0,0.0041,0.0039,6.17,84.92,124.241,29.953,0.033,0.0296,6.61,756.36,0,0.0059,0.0031,0.94,97.7,126.591,36.149,0.031,0.0217,3.77,753.53,1,0.0068,0.0027,43.4,-6.16,73.623,8.147,0.0255,0.0268,6.16,755.91,0,0.0056,0.0029,7.67,81.24,119.729,33.663,0.031,0.3746,6.33,756.08,0,0.0052,0.0033,5.08,87.58,122.805,34.476,0.0315,0.1662,4.0,753.76,0,0.0007,0.0026,39.97,2.21,76.759,7.99,0.027,1.4458,5.35,755.11,0,0.0,0.0027,19.72,51.77,86.995,19.91,0.0225,0.0206,6.13,755.89,0,0.0051,0.0032,8.04,80.34,119.912,30.984,0.031,0.024,3.59,753.34,0,0.0,0.0023,46.2,-13.01,69.347,8.147,0.025,0.0852,3.51,753.27,0,0.0,0.0022,47.32,-15.75,67.853,8.147,0.0255,0.0741,6.67,756.42,0,0.0,0.0067,0.0,100.0,133.361,0.0,0.0405,0.0105,6.02,755.78,0,0.0033,0.0041,9.68,76.33,120.455,0.0,0.0335,0.3306,3.42,753.17,0,0.0,0.0019,48.74,-19.22,64.168,8.929,0.0205,0.5539,3.94,753.7,0,0.0067,0.0001,40.88,78.844,0.0,0.001,0.0,1.32,751.07,0,0.0,0.0,80.26,26.332,0.0,0.0,0.0,3.976,16,17,0.0,3.5
SCA8-4,Det,50,9,1081.05,423.1,262.53,685.63,0,0.0,0.4129,674.606,663.952,0.6845,0.0,211.6,634.71,7,0.3146,0.1613,19.4,47.37,534.916,500.019,0.586,0.264,221.59,644.7,7,0.3914,0.1309,15.59,57.69,525.403,491.752,0.533,0.0234,210.93,634.03,7,0.3072,0.1642,19.66,46.67,536.782,500.221,0.589,0.27,232.06,655.17,6,0.2753,0.2139,11.6,68.52,569.532,538.197,0.626,0.0295,223.98,647.09,6,0.2461,0.2187,14.68,60.17,611.157,574.609,0.6015,0.026,214.18,637.28,6,0.2775,0.1856,18.42,50.03,564.985,524.871,0.6015,0.0309,216.38,639.49,7,0.3669,0.1376,17.58,52.31,527.059,491.752,0.5475,0.0352,247.79,670.89,3,0.1013,0.3585,5.61,84.77,700.491,683.818,0.6665,0.0351,210.34,633.45,7,0.3034,0.1662,19.88,46.07,541.584,501.163,0.5865,0.7271,210.94,634.05,7,0.3089,0.1635,19.65,46.69,535.998,500.221,0.5885,0.2196,203.28,626.38,5,0.2516,0.1585,22.57,38.77,539.095,499.969,0.572,1.965,205.58,628.69,5,0.2242,0.1754,21.69,41.15,553.831,519.119,0.589,0.0207,210.76,633.86,7,0.311,0.1624,19.72,46.5,541.352,501.155,0.5775,0.0283,205.77,628.87,5,0.2338,0.1737,21.62,41.34,555.798,523.693,0.578,0.0859,201.51,624.61,6,0.2527,0.1595,23.24,36.94,542.337,500.513,0.567,0.0722,212.62,635.72,7,0.3134,0.1641,19.01,48.42,541.441,503.181,0.584,0.0231,209.36,632.46,7,0.3153,0.1578,20.25,45.05,534.879,497.898,0.5765,0.393,201.12,624.22,5,0.2504,0.1566,23.39,36.53,542.525,499.281,0.5645,0.573,165.77,588.87,7,0.3311,0.0818,36.86,506.368,457.663,0.379,0.0,147.8,570.91,0,0.0,0.0,43.7,497.305,446.751,0.0,0.0,0.093,7,9,0.0,4.6
SCA8-4,SAA,50,15,1467.73,671.77,19.42,691.2,0,0.0,0.0213,281.087,119.879,0.125,0.0,17.25,689.02,1,0.0138,0.0111,11.21,74.25,237.931,103.601,0.0945,0.2266,18.06,689.83,2,0.0176,0.0098,7.04,83.83,236.017,116.176,0.091,0.0211,17.23,689.01,1,0.014,0.0109,11.27,74.11,236.94,103.601,0.0945,0.2166,17.6,689.37,1,0.0106,0.0132,9.39,78.41,247.441,103.677,0.1005,0.0306,18.1,689.87,1,0.0088,0.0148,6.82,84.33,252.617,105.04,0.1105,0.0293,17.58,689.35,1,0.0102,0.0136,9.51,78.15,244.478,99.463,0.105,0.0319,17.45,689.22,2,0.016,0.0101,10.17,76.63,233.463,105.963,0.0925,0.0264,12.47,684.25,3,0.0282,0.0083,35.78,17.79,171.3,79.425,0.0725,0.0261,16.97,688.75,1,0.0139,0.0108,12.61,71.01,233.687,99.531,0.0945,0.3581,16.99,688.77,1,0.0131,0.0112,12.5,71.27,236.367,102.779,0.097,0.1802,12.15,683.92,0,0.0015,0.006,37.46,13.91,155.776,71.341,0.057,1.357,12.53,684.3,0,0.0,0.0063,35.49,18.44,153.693,72.201,0.058,0.0196,17.02,688.79,1,0.0139,0.0108,12.39,71.54,233.459,99.576,0.095,0.0242,10.41,682.18,0,0.0,0.0052,46.41,-6.64,133.582,65.638,0.0515,0.0702,10.53,682.31,0,0.0006,0.0055,45.77,-5.17,136.192,67.123,0.055,0.0517,18.21,689.98,2,0.0141,0.012,6.26,85.61,244.161,119.879,0.0965,0.0106,16.9,688.67,1,0.0126,0.0115,12.99,70.16,234.938,97.254,0.096,0.3395,10.22,681.99,0,0.0,0.0055,47.37,-8.85,133.997,68.397,0.0565,0.4764,10.97,682.74,2,0.021,0.0002,43.52,158.823,68.054,0.0035,0.0,4.05,675.83,0,0.0,0.0,79.14,61.813,22.241,0.0,0.0,0.107,15,15,0.0,3.3
SCA8-4,WDRO,50,17,1678.89,762.89,4.43,767.31,0,0.0,0.0043,88.505,0.0,0.034,0.0,4.39,767.28,0,0.0025,0.0028,0.72,98.3,87.87,0.0,0.028,0.1967,4.76,767.65,0,0.0031,0.0028,-7.56,117.95,95.196,0.0,0.0285,0.0201,4.38,767.26,0,0.0025,0.0028,1.12,97.34,87.515,0.0,0.028,0.1845,4.39,767.28,0,0.0015,0.0034,0.76,98.19,87.829,0.0,0.0315,0.0257,4.37,767.26,0,0.0002,0.0041,1.24,97.04,87.403,0.0,0.0335,0.0243,4.37,767.26,0,0.0002,0.0041,1.24,97.04,87.403,0.0,0.0335,0.0257,4.74,767.63,0,0.0031,0.0028,-7.16,116.99,94.837,0.0,0.0285,0.0202,3.2,766.09,1,0.0089,0.0014,27.76,34.08,59.284,11.074,0.016,0.0221,4.37,767.26,0,0.0025,0.0028,1.27,96.98,87.381,0.0,0.028,0.295,4.33,767.22,0,0.0024,0.0028,2.12,94.97,86.63,0.0,0.0285,0.1387,3.51,766.4,0,0.001,0.0016,20.69,50.87,65.901,9.427,0.019,1.1655,4.76,767.65,0,0.0,0.0036,-7.56,117.94,86.395,11.074,0.0295,0.0164,4.33,767.21,0,0.0023,0.0029,2.24,94.67,86.518,0.0,0.0285,0.0202,2.92,765.81,0,0.0,0.0013,33.97,19.32,54.527,9.693,0.015,0.0608,2.98,765.87,0,0.0002,0.0013,32.71,22.33,55.722,9.702,0.015,0.0467,4.43,767.31,0,0.0,0.0043,0.0,100.0,88.505,0.0,0.034,0.0094,4.15,767.04,0,0.0021,0.0028,6.13,85.44,83.079,0.0,0.026,0.3047,2.81,765.7,0,0.0,0.0014,36.57,13.16,53.802,9.092,0.0165,0.4268,2.56,765.45,0,0.0043,0.0,42.11,51.235,0.0,0.0005,0.0,0.96,763.85,0,0.0,0.0,78.28,19.221,0.0,0.0,0.0,0.077,16,17,0.0,2.9
SCA8-4,Gounaris,50,14,1467.82,636.78,33.9,670.69,0,0.0,0.0409,447.183,233.841,0.1725,0.0,30.36,667.14,2,0.0256,0.0214,10.45,75.57,364.44,208.725,0.147,0.205,31.43,668.21,3,0.034,0.0174,7.3,82.93,358.094,202.504,0.1345,0.0192,30.36,667.14,2,0.0256,0.0214,10.45,75.57,364.44,208.725,0.147,0.2035,30.14,666.92,2,0.019,0.0251,11.1,74.04,380.356,204.902,0.15,0.0251,30.5,667.28,2,0.0224,0.0239,10.06,76.49,372.819,208.74,0.147,0.0245,30.33,667.11,2,0.0194,0.0253,10.55,75.34,379.78,210.93,0.1485,0.0265,31.01,667.79,3,0.0326,0.0179,8.54,80.03,357.276,202.065,0.1365,0.021,21.93,658.71,3,0.0394,0.0184,35.31,17.43,277.999,138.234,0.119,0.0255,29.63,666.42,2,0.0283,0.0193,12.6,70.54,354.203,198.99,0.137,0.3358,30.28,667.06,2,0.0253,0.0215,10.69,74.99,363.581,202.687,0.148,0.1609,21.79,658.58,1,0.0087,0.0131,35.72,16.47,261.11,143.334,0.1055,1.4623,22.13,658.91,0,0.0,0.0152,34.74,18.77,265.422,131.662,0.106,0.0172,29.69,666.48,2,0.0277,0.0198,12.42,70.96,355.728,198.99,0.1395,0.0228,20.96,657.74,1,0.0049,0.013,38.18,10.74,248.178,136.081,0.1025,0.0661,20.22,657.01,0,0.0028,0.0138,40.35,5.66,240.584,131.614,0.1085,0.0527,30.53,667.32,2,0.0236,0.0231,9.94,76.76,372.452,207.065,0.139,0.0101,29.42,666.2,2,0.0244,0.0214,13.23,69.07,360.503,197.589,0.14,0.3384,19.71,656.49,0,0.0017,0.0135,41.88,2.08,234.719,125.886,0.1065,0.4875,19.4,656.19,4,0.0408,0.0001,42.77,256.165,134.784,0.001,0.0,8.42,645.2,0,0.0,0.0,75.16,119.624,49.594,0.0,0.0,2.415,12,14,0.0,3.3
SCA8-4,Cui,50,14,1425.52,632.55,27.34,659.9,0,0.0,0.0327,385.933,176.488,0.141,0.0,24.63,657.18,2,0.0213,0.0171,9.94,76.72,317.997,173.623,0.1195,0.225,26.08,658.64,3,0.0295,0.0138,4.61,89.2,321.201,181.203,0.1075,0.0211,24.56,657.11,2,0.0209,0.0173,10.19,76.12,318.529,174.682,0.1195,0.2425,24.85,657.4,1,0.0146,0.0211,9.11,78.65,340.015,162.19,0.1235,0.0301,24.81,657.37,1,0.0133,0.0221,9.25,78.33,335.922,161.164,0.129,0.0275,25.02,657.57,1,0.0097,0.0243,8.52,80.05,347.236,168.666,0.1315,0.0284,25.34,657.9,2,0.025,0.0156,7.31,82.87,321.957,170.774,0.113,0.0235,17.84,650.39,4,0.0446,0.0129,34.77,18.55,234.229,108.873,0.0875,0.0291,24.29,656.85,2,0.0198,0.0178,11.15,73.88,318.559,173.623,0.1205,0.4249,24.27,656.82,2,0.0195,0.0178,11.23,73.69,316.571,173.623,0.122,0.1866,17.98,650.53,1,0.0056,0.0098,34.25,19.76,222.638,109.589,0.0775,1.6045,17.52,650.07,0,0.0,0.0077,35.92,15.86,194.176,103.046,0.06,0.0193,23.75,656.31,2,0.0195,0.0173,13.13,69.25,315.208,165.573,0.118,0.0323,15.09,647.64,0,0.0,0.0079,44.81,-4.96,190.66,94.554,0.064,0.0804,14.85,647.4,0,0.0012,0.0081,45.71,-7.08,189.241,91.078,0.066,0.059,25.31,657.86,2,0.0189,0.0194,7.44,82.58,329.951,174.682,0.118,0.0119,23.84,656.39,2,0.0206,0.0167,12.8,70.0,314.374,173.623,0.118,0.3886,14.61,647.16,0,0.0006,0.0087,46.56,-9.07,190.061,91.151,0.0685,0.5332,15.67,648.22,3,0.0324,0.0003,42.69,221.223,100.575,0.004,0.0,6.15,638.7,0,0.0,0.0,77.5,93.594,35.846,0.0,0.0,0.088,14,14,0.0,3.8
SCA8-4,MDRO,50,16,1694.96,729.5,6.75,736.25,0,0.0,0.0071,135.096,0.0,0.043,0.0,6.99,736.49,0,0.0042,0.0049,-3.47,108.32,134.609,36.694,0.0395,0.2253,7.23,736.72,0,0.0051,0.0045,-7.01,116.83,136.794,37.025,0.038,0.0243,6.99,736.49,0,0.0042,0.0049,-3.47,108.32,134.609,36.694,0.0395,0.2401,6.69,736.19,0,0.0029,0.0053,0.98,97.66,132.793,33.444,0.0395,0.0326,6.56,736.05,0,0.0015,0.006,2.91,93.01,131.16,0.0,0.0405,0.0313,6.56,736.06,0,0.0015,0.006,2.87,93.11,131.217,0.0,0.0405,0.0405,7.2,736.7,0,0.0046,0.0048,-6.6,115.83,137.361,36.694,0.039,0.0273,4.87,734.37,1,0.0078,0.0037,27.87,33.11,92.227,13.608,0.0315,0.0289,6.94,736.44,0,0.0043,0.0047,-2.8,106.72,133.479,35.062,0.0385,0.3826,6.91,736.4,0,0.0035,0.0052,-2.26,105.42,134.138,33.513,0.0395,0.184,4.74,734.24,0,0.0005,0.0031,29.79,28.5,89.164,13.608,0.031,1.4365,6.73,736.23,0,0.0,0.0036,0.36,99.14,101.704,24.904,0.028,0.018,6.86,736.36,0,0.0037,0.005,-1.57,103.77,133.538,34.815,0.039,0.0248,4.68,734.18,0,0.0006,0.0027,30.67,26.39,84.596,14.098,0.028,0.0838,4.77,734.27,0,0.0004,0.0027,29.36,29.52,85.214,17.695,0.0285,0.0543,6.75,736.25,0,0.0,0.0071,0.0,100.0,135.096,0.0,0.043,0.0109,6.42,735.92,0,0.0027,0.0051,4.9,88.25,128.482,0.0,0.038,0.3849,4.43,733.93,0,0.0,0.0028,34.42,17.39,82.48,13.955,0.0295,0.5083,3.94,733.44,0,0.0071,0.0,41.66,78.814,0.0,0.0,0.0,1.53,731.02,0,0.0,0.0,77.38,30.558,0.0,0.0,0.0,0.091,13,16,0.0,3.6
SCA8-5,Det,50,9,1043.73,419.37,240.95,660.32,0,0.0,0.3913,656.621,628.918,0.678,0.0,188.84,608.21,7,0.3252,0.121,21.63,50.05,481.42,434.348,0.5565,0.2368,200.39,619.77,8,0.4346,0.0734,16.83,61.12,459.467,410.121,0.4185,0.0202,188.9,608.27,7,0.3186,0.1249,21.6,50.1,481.124,434.32,0.5655,0.2341,201.26,620.63,7,0.2916,0.1592,16.47,61.95,515.212,465.537,0.607,0.024,214.45,633.82,4,0.1816,0.2468,11.0,74.6,615.72,569.373,0.6095,0.024,202.9,622.27,6,0.2583,0.1787,15.79,63.52,546.398,498.321,0.593,0.0242,192.32,611.7,8,0.3873,0.0892,20.18,53.38,464.376,418.004,0.473,0.0224,232.02,651.4,2,0.0488,0.3596,3.71,91.44,647.547,610.908,0.6715,0.0309,186.03,605.41,7,0.3256,0.1191,22.79,47.35,482.533,432.845,0.552,0.6406,189.06,608.44,7,0.3184,0.1262,21.53,50.26,484.648,436.178,0.564,0.1983,185.45,604.82,7,0.2873,0.1268,23.04,46.79,479.105,431.319,0.564,1.6695,184.19,603.56,6,0.2871,0.1253,23.56,45.58,484.292,437.474,0.544,0.0194,186.3,605.67,7,0.3286,0.1178,22.68,47.61,482.862,432.845,0.546,0.0254,184.47,603.84,7,0.3205,0.1167,23.44,45.85,472.916,423.762,0.5455,0.0774,181.4,600.78,7,0.2869,0.1207,24.71,42.92,480.346,433.292,0.547,0.0665,186.69,606.06,8,0.3414,0.1113,22.52,47.98,480.911,426.873,0.534,0.011,185.87,605.25,8,0.3411,0.1101,22.86,47.2,475.107,426.59,0.5305,0.3488,181.62,601.0,7,0.2996,0.1147,24.62,43.13,474.347,426.201,0.5345,0.5565,136.63,556.01,8,0.3704,0.0209,43.29,430.474,375.434,0.122,0.0,123.75,543.12,0,0.0,0.0,48.64,409.472,349.665,0.0,0.0,0.088,5,9,0.0,4.0
SCA8-5,SAA,50,14,1504.16,640.42,24.7,665.12,0,0.0,0.0289,349.749,176.63,0.1385,0.0,22.61,663.03,2,0.0173,0.0163,8.46,78.88,300.671,155.894,0.11,0.2604,23.85,664.27,2,0.0238,0.0138,3.45,91.4,300.012,157.714,0.104,0.0223,22.61,663.03,2,0.0173,0.0163,8.46,78.88,300.671,155.894,0.11,0.2302,23.51,663.92,1,0.0097,0.0216,4.85,87.9,325.789,155.853,0.1225,0.0302,23.71,664.12,1,0.0054,0.0245,4.03,89.94,331.571,155.184,0.132,0.0288,23.62,664.04,1,0.0056,0.0243,4.38,89.08,329.864,155.184,0.132,0.0292,23.19,663.6,2,0.0214,0.0146,6.13,84.69,297.162,157.714,0.1075,0.0243,17.68,658.1,3,0.038,0.0133,28.42,29.07,231.134,100.52,0.089,0.0277,22.6,663.02,2,0.0184,0.0158,8.51,78.77,298.493,155.861,0.108,0.3883,22.53,662.95,1,0.0169,0.0165,8.78,78.08,300.757,157.525,0.11,0.1789,17.6,658.02,1,0.0048,0.0124,28.75,28.25,233.262,102.504,0.092,1.5512,17.94,658.36,0,0.0,0.0118,27.37,31.68,222.218,105.664,0.086,0.0206,22.57,662.98,2,0.018,0.0159,8.66,78.39,298.415,155.861,0.109,0.026,15.56,655.98,0,0.001,0.0105,36.99,7.66,204.26,93.538,0.0865,0.0759,15.26,655.67,0,0.0009,0.0104,38.24,4.55,199.539,94.213,0.0865,0.0641,23.64,664.05,1,0.0126,0.0205,4.32,89.21,317.23,158.586,0.1135,0.0126,22.08,662.5,1,0.0159,0.0167,10.61,73.53,298.952,143.665,0.1105,0.3753,15.2,655.62,0,0.0001,0.0106,38.46,4.0,198.665,97.686,0.0865,0.5598,14.81,655.22,3,0.0275,0.0013,40.06,208.445,102.807,0.018,0.0,6.86,647.28,0,0.0,0.0,72.23,103.563,44.285,0.0,0.0,0.097,12,14,0.0,3.7
SCA8-5,WDRO,50,17,1644.38,759.44,3.73,763.17,0,0.0,0.0037,74.607,0.0,0.031,0.0,3.78,763.22,0,0.0022,0.0024,-1.38,103.66,75.639,0.0,0.025,0.1902,3.7,763.14,0,0.0019,0.0026,0.84,97.78,73.98,0.0,0.026,0.0188,3.78,763.22,0,0.0022,0.0024,-1.38,103.66,75.639,0.0,0.025,0.1875,3.62,763.06,0,0.0011,0.0029,2.87,92.4,72.462,0.0,0.0275,0.029,3.61,763.05,0,0.0006,0.0032,3.26,91.37,72.171,0.0,0.028,0.0272,3.61,763.05,0,0.0006,0.0032,3.26,91.37,72.171,0.0,0.028,0.0282,3.64,763.07,0,0.0017,0.0026,2.53,93.32,72.722,0.0,0.026,0.0212,3.12,762.56,0,0.003,0.0025,16.24,57.07,62.494,0.0,0.0265,0.0245,3.73,763.17,0,0.0021,0.0025,-0.07,100.19,74.659,0.0,0.025,0.3078,3.66,763.1,0,0.0016,0.0027,1.92,94.92,73.173,0.0,0.0265,0.1525,2.95,762.39,0,0.0004,0.0024,20.88,44.79,59.03,0.0,0.0255,1.3322,3.59,763.03,0,0.0,0.0032,3.79,89.99,69.323,4.918,0.028,0.0162,3.56,763.0,0,0.0016,0.0026,4.59,87.86,71.18,0.0,0.026,0.0211,3.05,762.49,0,0.0,0.0024,18.22,51.81,61.011,0.0,0.026,0.0611,3.02,762.46,0,0.0,0.0024,18.91,50.0,60.5,0.0,0.026,0.0469,3.73,763.17,0,0.0,0.0037,0.0,100.0,74.607,0.0,0.031,0.0103,3.55,762.99,0,0.0011,0.0029,4.82,87.26,71.012,0.0,0.0275,0.3207,2.79,762.22,0,0.0,0.0018,25.29,33.12,54.601,5.083,0.0205,0.4304,2.32,761.76,0,0.0034,0.0003,37.82,46.393,0.0,0.005,0.0,1.13,760.57,0,0.0,0.0,69.61,22.676,0.0,0.0,0.0,0.084,17,17,0.0,3.1
SCA8-5,Gounaris,50,14,1426.34,632.63,28.4,661.04,0,0.0,0.0334,372.749,186.557,0.1595,0.0,25.16,657.8,2,0.0221,0.0169,11.4,72.65,301.977,168.522,0.12,0.2157,25.61,658.24,2,0.0247,0.0159,9.83,76.43,300.378,168.522,0.118,0.0189,25.16,657.8,2,0.0221,0.0169,11.4,72.65,301.977,168.522,0.12,0.2022,25.92,658.55,1,0.0134,0.0226,8.74,79.03,328.364,178.367,0.1365,0.0281,26.24,658.88,1,0.013,0.0236,7.6,81.78,330.184,164.773,0.136,0.0275,25.95,658.58,2,0.0146,0.0222,8.64,79.27,325.712,169.784,0.1295,0.0282,25.39,658.03,2,0.0241,0.016,10.59,74.59,298.903,168.522,0.119,0.0234,19.14,651.78,4,0.0511,0.0128,32.6,21.81,224.7,106.792,0.0965,0.0274,24.78,657.41,2,0.0214,0.017,12.77,69.37,298.539,164.478,0.121,0.3451,24.88,657.51,2,0.0215,0.017,12.42,70.22,300.041,165.025,0.12,0.1746,19.17,651.81,1,0.0061,0.0129,32.49,22.08,235.846,114.683,0.0995,1.4275,20.06,652.69,0,0.0,0.0129,29.37,29.56,229.987,115.066,0.098,0.0184,24.68,657.32,2,0.0215,0.0169,13.09,68.6,297.383,164.478,0.1215,0.0227,17.65,650.28,0,0.0,0.0116,37.87,9.17,215.489,103.197,0.0955,0.0666,16.84,649.47,0,0.0008,0.0114,40.71,2.35,205.332,98.237,0.095,0.0533,25.67,658.3,2,0.0191,0.0195,9.64,76.89,311.306,162.774,0.1275,0.0108,24.34,656.97,2,0.0192,0.0178,14.31,65.68,300.81,164.478,0.126,0.356,16.62,649.26,0,0.0004,0.0113,41.47,0.54,201.467,92.864,0.0955,0.5026,16.56,649.19,3,0.0319,0.0015,41.69,218.725,104.825,0.018,0.0,7.92,640.55,0,0.0,0.0,72.12,112.324,50.098,0.0,0.0,0.088,14,14,0.0,3.4
SCA8-5,Cui,50,14,1383.83,628.38,27.07,655.45,0,0.0,0.0316,341.706,180.477,0.169,0.0,24.75,653.13,2,0.0192,0.0179,8.59,79.34,287.625,159.553,0.1385,0.295,25.83,654.21,2,0.0236,0.0165,4.61,88.92,290.511,163.725,0.1365,0.0245,24.8,653.18,2,0.0185,0.0184,8.4,79.81,288.224,159.857,0.14,0.2634,25.6,653.99,2,0.0162,0.0207,5.42,86.97,302.113,160.914,0.1455,0.0392,25.23,653.61,1,0.0086,0.0247,6.81,83.62,308.893,167.753,0.1525,0.0303,25.37,653.75,1,0.0076,0.0254,6.3,84.86,312.864,167.753,0.1525,0.0373,25.41,653.79,2,0.0226,0.0166,6.14,85.23,287.423,161.447,0.1365,0.0258,19.01,647.4,3,0.0347,0.0154,29.77,28.42,233.194,112.269,0.1135,0.0279,24.35,652.73,2,0.0204,0.0169,10.06,75.8,282.747,158.701,0.1365,0.4316,24.45,652.83,2,0.0195,0.0174,9.69,76.7,284.728,159.064,0.1385,0.1903,18.93,647.31,0,0.0025,0.0131,30.07,27.68,223.883,108.007,0.106,1.6825,19.03,647.41,0,0.0,0.0136,29.71,28.56,223.019,105.171,0.102,0.0193,24.33,652.72,2,0.0195,0.0173,10.12,75.67,283.649,158.206,0.138,0.025,17.52,645.91,0,0.0014,0.0117,35.27,15.2,206.329,97.828,0.098,0.0773,17.45,645.83,0,0.0024,0.0116,35.55,14.51,209.701,101.686,0.0965,0.0713,25.4,653.78,2,0.0182,0.0193,6.19,85.13,296.736,157.935,0.1395,0.0116,24.1,652.48,2,0.0174,0.0183,10.98,73.6,283.038,156.312,0.138,0.4161,17.34,645.72,0,0.001,0.0116,35.95,13.54,202.133,102.938,0.0965,0.6274,15.81,644.2,3,0.0305,0.0011,41.58,200.053,103.154,0.013,0.0,7.54,635.92,0,0.0,0.0,72.15,105.552,45.776,0.0,0.0,0.093,13,14,0.0,4.1
SCA8-5,MDRO,50,16,1642.22,724.22,5.46,729.69,0,0.0,0.0057,109.29,0.0,0.0405,0.0,5.31,729.53,0,0.0034,0.0035,2.91,92.98,106.109,0.0,0.033,0.2086,5.3,729.52,0,0.0029,0.0038,3.0,92.75,106.007,0.0,0.036,0.0183,5.31,729.53,0,0.0031,0.0037,2.86,93.1,106.165,0.0,0.0355,0.2153,5.17,729.39,0,0.0015,0.0045,5.36,87.06,103.43,0.0,0.0365,0.0289,5.21,729.44,0,0.001,0.0048,4.6,88.89,104.259,0.0,0.0375,0.0309,5.19,729.42,0,0.0011,0.0048,4.95,88.04,103.875,0.0,0.0375,0.031,5.25,729.48,0,0.0028,0.0038,3.85,90.7,105.081,0.0,0.036,0.0206,4.04,728.26,0,0.0049,0.0033,26.07,37.07,79.984,6.686,0.03,0.0235,5.44,729.66,0,0.0036,0.0036,0.46,98.89,108.789,0.0,0.0345,0.3551,5.26,729.48,0,0.0027,0.0039,3.77,90.9,105.169,0.0,0.0355,0.1519,4.07,728.29,0,0.0009,0.0031,25.52,38.38,81.084,6.564,0.031,1.2725,5.49,729.71,0,0.0,0.0053,-0.46,101.12,106.521,6.686,0.038,0.0171,5.18,729.4,0,0.0026,0.0039,5.17,87.53,103.644,0.0,0.036,0.022,3.77,728.0,0,0.0,0.0028,30.96,25.27,73.652,9.082,0.028,0.0657,3.79,728.01,0,0.0003,0.0029,30.63,26.04,74.698,6.686,0.028,0.0512,5.46,729.69,0,0.0,0.0057,0.0,100.0,109.29,0.0,0.0405,0.0102,5.04,729.26,0,0.0019,0.0041,7.77,81.23,100.793,0.0,0.0335,0.3561,3.59,727.82,0,0.0,0.0022,34.25,17.32,67.749,9.861,0.023,0.4683,3.2,727.42,0,0.0057,0.0,41.42,64.02,0.0,0.0005,0.0,1.39,725.62,0,0.0,0.0,74.47,27.897,0.0,0.0,0.0,0.086,16,16,0.0,3.2
SCA8-6,Det,50,9,995.44,414.54,266.05,680.6,0,0.0,0.4132,614.036,599.53,0.7295,0.0,217.3,631.84,6,0.2837,0.1807,18.33,49.69,487.517,461.896,0.683,0.255,225.37,639.92,7,0.3977,0.1292,15.29,58.02,469.467,431.935,0.613,0.022,217.25,631.79,6,0.2819,0.1816,18.34,49.63,490.414,464.46,0.682,0.253,241.38,655.92,6,0.3376,0.1897,9.27,74.54,518.486,475.107,0.6835,0.0296,230.14,644.69,5,0.2693,0.2076,13.5,62.94,534.523,503.683,0.6645,0.0296,228.87,643.41,4,0.2051,0.2427,13.98,61.63,519.354,496.298,0.701,0.0299,220.91,635.45,7,0.3633,0.1415,16.97,53.41,474.937,433.809,0.636,0.0243,261.8,676.34,1,0.028,0.3969,1.6,95.61,615.132,604.535,0.726,0.0412,215.99,630.53,6,0.3033,0.1683,18.82,48.34,485.384,458.832,0.6695,0.6602,217.02,631.56,6,0.2754,0.1852,18.43,49.4,491.835,464.469,0.686,0.2316,215.65,630.19,6,0.2782,0.1767,18.94,47.99,488.699,462.87,0.6785,1.8477,216.45,630.99,6,0.2878,0.1661,18.64,48.81,491.63,461.913,0.66,0.0222,216.23,630.78,6,0.3122,0.1638,18.73,48.59,485.424,458.566,0.663,0.0268,215.54,630.08,6,0.3073,0.1634,18.99,47.87,482.197,458.518,0.6615,0.0866,214.24,628.79,6,0.2866,0.167,19.47,46.53,484.685,458.836,0.664,0.076,218.08,632.62,6,0.3259,0.1591,18.03,50.49,483.83,456.632,0.6565,0.0113,215.66,630.2,6,0.3147,0.1616,18.94,48.0,483.972,456.641,0.662,0.3558,214.21,628.76,6,0.2928,0.1639,19.48,46.51,482.695,458.518,0.657,0.6816,169.15,583.69,7,0.3303,0.0829,36.42,451.744,422.078,0.4785,0.0,160.65,575.19,0,0.0,0.0,39.62,448.46,418.538,0.0,0.0,0.095,7,9,0.0,4.5
SCA8-6,SAA,50,14,1355.12,625.51,23.92,649.44,0,0.0,0.0278,345.173,126.999,0.1345,0.0,21.45,646.96,1,0.0153,0.016,10.34,76.02,292.186,129.117,0.1135,0.2262,22.15,647.66,2,0.0211,0.0133,7.41,82.8,285.717,134.726,0.1065,0.0211,21.46,646.97,1,0.0152,0.016,10.3,76.1,292.362,129.117,0.1135,0.2255,22.26,647.77,1,0.0083,0.021,6.96,83.86,314.258,127.896,0.12,0.0279,21.74,647.25,1,0.0101,0.0194,9.13,78.82,305.844,126.917,0.1145,0.0269,21.78,647.29,1,0.0102,0.0194,8.95,79.23,303.951,127.002,0.1195,0.0274,22.01,647.52,2,0.0189,0.0145,7.99,81.46,290.12,134.837,0.1095,0.0227,18.04,643.55,3,0.0326,0.0147,24.61,42.91,243.904,112.577,0.0975,0.0281,21.5,647.01,1,0.017,0.0151,10.13,76.49,287.927,130.415,0.11,0.368,21.31,646.82,1,0.0154,0.0157,10.93,74.64,291.337,129.117,0.112,0.1772,18.07,643.58,0,0.0044,0.0129,24.46,43.25,238.446,110.27,0.095,1.5361,16.86,642.37,0,0.0,0.0111,29.53,31.5,213.267,95.208,0.082,0.0193,21.46,646.97,1,0.0163,0.0154,10.31,76.08,289.893,130.573,0.1105,0.025,16.0,641.51,0,0.0016,0.0108,33.13,23.14,212.265,97.123,0.087,0.0713,15.55,641.06,0,0.0018,0.0106,35.0,18.81,208.479,93.728,0.0855,0.0554,22.58,648.09,1,0.0096,0.0206,5.62,86.97,316.699,129.095,0.1135,0.0118,20.77,646.28,1,0.0156,0.0151,13.17,69.44,281.683,126.943,0.113,0.3646,14.87,640.39,0,0.0003,0.0099,37.83,12.24,194.669,91.79,0.0835,0.5126,13.61,639.12,2,0.0276,0.0001,43.1,196.612,71.715,0.0015,0.0,6.26,631.77,0,0.0,0.0,73.85,95.383,36.487,0.0,0.0,0.087,12,14,0.0,3.6
SCA8-6,WDRO,50,17,1611.45,756.14,5.14,761.28,0,0.0,0.005,102.701,0.0,0.0335,0.0,4.96,761.1,0,0.0032,0.0029,3.44,91.86,99.167,0.0,0.025,0.1841,5.2,761.34,0,0.0034,0.003,-1.17,102.77,103.906,0.0,0.0265,0.0173,5.03,761.17,0,0.0029,0.0032,2.06,95.13,100.586,0.0,0.0275,0.1854,4.81,760.95,0,0.0016,0.0037,6.35,85.0,96.183,0.0,0.029,0.0266,5.2,761.35,0,0.0006,0.0047,-1.31,103.11,104.051,0.0,0.033,0.0255,5.19,761.33,0,0.0006,0.0047,-1.04,102.46,103.769,0.0,0.033,0.0263,5.07,761.22,0,0.0029,0.0032,1.17,97.23,101.498,0.0,0.028,0.0185,3.6,759.75,0,0.0051,0.0025,29.85,29.43,71.233,7.457,0.022,0.0226,5.0,761.15,0,0.0032,0.003,2.59,93.88,100.044,0.0,0.0275,0.298,4.79,760.94,0,0.0026,0.0031,6.62,84.34,95.899,0.0,0.0275,0.1427,3.58,759.73,0,0.0003,0.0023,30.2,28.59,70.692,9.727,0.0205,1.1867,5.14,761.28,0,0.0,0.0043,-0.08,100.2,96.544,11.147,0.0305,0.0157,4.84,760.98,0,0.0024,0.0033,5.81,86.27,96.736,0.0,0.0285,0.0201,3.43,759.58,0,0.0,0.0021,33.11,21.71,67.382,10.041,0.0195,0.056,3.24,759.38,0,0.0,0.0021,36.91,12.73,64.424,7.419,0.0195,0.0421,5.14,761.28,0,0.0,0.005,0.0,100.0,102.701,0.0,0.0335,0.0094,4.73,760.88,0,0.0024,0.0032,7.86,81.4,94.623,0.0,0.026,0.2976,3.36,759.51,0,0.0,0.0021,34.55,18.3,65.084,10.096,0.0205,0.4057,2.96,759.11,0,0.005,0.0,42.29,59.264,0.0,0.0,0.0,1.29,757.43,0,0.0,0.0,74.97,25.702,0.0,0.0,0.0,2.074,17,17,0.0,2.8
SCA8-6,Gounaris,50,13,1320.32,587.03,35.39,622.42,0,0.0,0.0443,445.497,242.874,0.1775,0.0,29.52,616.55,3,0.0304,0.0194,16.6,61.75,345.717,199.332,0.1345,0.2138,30.68,617.71,3,0.0385,0.0159,13.33,69.29,336.025,212.9,0.122,0.0195,29.53,616.56,3,0.0304,0.0194,16.57,61.81,345.893,199.332,0.1345,0.2119,32.35,619.38,2,0.0172,0.0305,8.6,80.18,396.453,219.507,0.1495,0.0249,30.89,617.92,2,0.021,0.0266,12.73,70.67,377.562,214.519,0.1475,0.024,30.65,617.69,2,0.0228,0.0252,13.39,69.14,371.956,205.187,0.1445,0.0249,30.18,617.22,3,0.0342,0.0179,14.72,66.08,341.893,209.001,0.13,0.0216,24.65,611.68,4,0.0567,0.0202,30.36,30.03,297.548,154.822,0.116,0.0246,29.53,616.56,3,0.031,0.0192,16.58,61.8,343.713,203.935,0.1325,0.378,29.56,616.59,3,0.03,0.0197,16.49,62.0,346.881,199.332,0.1345,0.1683,24.57,611.6,1,0.0077,0.016,30.59,29.5,287.175,146.829,0.1065,1.4161,23.72,610.75,0,0.0,0.0172,32.97,24.01,289.587,131.896,0.0985,0.0175,29.51,616.54,3,0.0309,0.0192,16.61,61.72,344.248,203.935,0.1315,0.0232,21.3,608.33,0,0.0009,0.0141,39.81,8.25,266.158,128.41,0.0925,0.0674,20.64,607.67,0,0.0033,0.0142,41.68,3.95,257.761,127.382,0.096,0.0525,31.27,618.3,2,0.0243,0.025,11.64,73.18,374.243,205.613,0.14,0.0104,29.26,616.29,3,0.0297,0.0196,17.32,60.07,344.841,199.011,0.1335,0.3342,20.42,607.45,0,0.0011,0.0139,42.31,2.49,257.755,124.697,0.0895,0.4922,20.04,607.07,4,0.0443,0.0,43.39,251.482,138.657,0.0005,0.0,9.43,596.46,0,0.0,0.0,73.35,130.613,56.102,0.0,0.0,0.087,12,13,0.0,3.4
SCA8-6,Cui,50,13,1286.55,583.65,32.39,616.05,0,0.0,0.0408,436.845,236.705,0.159,0.0,28.1,611.75,2,0.0253,0.0207,13.27,69.31,355.232,192.771,0.1255,0.2309,28.92,612.57,3,0.033,0.0172,10.74,75.17,345.307,197.592,0.119,0.021,28.14,611.8,2,0.025,0.021,13.12,69.65,355.763,193.634,0.1255,0.2274,30.06,613.71,1,0.0127,0.0303,7.21,83.33,400.599,196.679,0.1355,0.027,29.37,613.03,1,0.014,0.0289,9.33,78.42,387.047,193.298,0.1405,0.0264,29.69,613.34,1,0.0124,0.0302,8.36,80.67,393.482,194.465,0.1415,0.0276,28.63,612.29,3,0.0296,0.0189,11.61,73.15,348.835,190.653,0.122,0.0237,23.78,607.44,3,0.0392,0.0221,26.58,38.52,316.961,154.148,0.113,0.0272,28.04,611.69,2,0.0257,0.0205,13.46,68.88,353.472,187.29,0.124,0.3786,28.14,611.8,2,0.0249,0.021,13.12,69.65,355.93,194.495,0.1255,0.1793,23.35,607.0,1,0.0064,0.0187,27.93,35.41,305.629,144.382,0.1095,1.5687,22.95,606.6,0,0.0,0.0192,29.16,32.56,292.068,140.565,0.11,0.0201,28.12,611.78,2,0.0248,0.0211,13.18,69.52,355.689,187.29,0.1255,0.0256,20.6,604.26,0,0.0002,0.0154,36.4,15.83,270.769,133.057,0.096,0.0726,20.31,603.96,0,0.0039,0.0148,37.32,13.69,262.063,131.622,0.0965,0.0569,29.74,613.4,2,0.0159,0.0282,8.18,81.08,388.158,192.649,0.134,0.0115,27.68,611.33,2,0.0229,0.0216,14.56,66.32,353.06,187.006,0.1275,0.3653,19.5,603.16,0,0.0008,0.0143,39.8,7.95,251.059,121.599,0.096,0.5364,18.39,602.04,4,0.0405,0.0003,43.24,247.784,134.771,0.0035,0.0,8.73,592.38,0,0.0,0.0,73.06,127.263,53.449,0.0,0.0,0.091,12,13,0.0,3.6
SCA8-6,MDRO,50,16,1575.07,717.51,6.9,724.41,0,0.0,0.0072,138.068,0.0,0.041,0.0,6.59,724.09,0,0.0034,0.0048,4.58,89.19,131.741,0.0,0.0375,0.1956,6.73,724.24,0,0.0037,0.0049,2.49,94.12,133.001,32.45,0.0375,0.0185,6.55,724.06,0,0.0033,0.0048,5.09,88.0,131.044,0.0,0.0375,0.2026,6.68,724.18,0,0.0022,0.0057,3.3,92.22,133.514,0.0,0.0385,0.0269,6.77,724.27,0,0.0005,0.0067,1.97,95.36,135.348,0.0,0.0405,0.0261,6.78,724.29,0,0.0004,0.0068,1.81,95.74,135.572,0.0,0.0405,0.0274,6.38,723.89,0,0.0027,0.005,7.51,82.28,127.693,0.0,0.038,0.0205,5.61,723.12,1,0.0053,0.0048,18.74,55.81,109.134,10.695,0.036,0.0237,6.56,724.07,0,0.0029,0.0051,4.94,88.36,131.254,0.0,0.038,0.3285,6.49,724.0,0,0.0027,0.0052,5.95,85.97,129.856,0.0,0.038,0.1554,5.38,722.89,0,0.0008,0.0041,22.07,47.96,104.753,10.695,0.0335,1.19,6.85,724.36,0,0.0,0.0064,0.76,98.21,130.712,10.695,0.038,0.0153,6.43,723.94,0,0.0023,0.0053,6.79,83.99,128.693,0.0,0.038,0.0224,5.12,722.62,0,0.0004,0.0035,25.89,38.94,97.088,11.461,0.0295,0.0615,5.21,722.71,0,0.0004,0.0036,24.59,42.01,98.398,12.68,0.029,0.0439,6.9,724.41,0,0.0,0.0072,0.0,100.0,138.068,0.0,0.041,0.0105,6.45,723.95,0,0.0028,0.0051,6.63,84.37,128.917,0.0,0.037,0.3176,4.73,722.24,0,0.0,0.0034,31.5,25.71,91.603,10.816,0.031,0.4026,3.98,721.48,0,0.0072,0.0,42.4,79.521,0.0,0.0,0.0,1.78,719.29,0,0.0,0.0,74.23,35.583,0.0,0.0,0.0,0.091,15,16,0.0,2.9
SCA8-8,Det,50,9,1085.37,423.54,221.68,645.22,0,0.0,0.3361,676.806,645.095,0.669,0.0,187.48,611.01,5,0.1995,0.1733,15.43,53.21,551.548,504.824,0.5945,0.3087,191.57,615.1,6,0.273,0.1375,13.59,58.8,534.093,479.736,0.5565,0.0251,187.31,610.85,5,0.2018,0.1719,15.51,52.98,550.667,505.084,0.593,0.2414,198.58,622.12,4,0.2009,0.1913,10.42,68.4,582.674,538.207,0.5845,0.028,199.0,622.53,4,0.1719,0.2066,10.23,68.96,589.538,548.619,0.599,0.0249,196.41,619.95,4,0.1652,0.2059,11.4,65.43,592.695,556.475,0.603,0.0259,189.06,612.6,6,0.2548,0.1443,14.72,55.38,537.719,488.785,0.5635,0.0229,211.74,635.28,2,0.0624,0.3007,4.48,86.4,653.969,612.906,0.6465,0.0341,186.89,610.43,5,0.2216,0.161,15.69,52.41,545.464,502.611,0.5805,0.5665,187.18,610.72,5,0.2039,0.1705,15.56,52.8,548.631,504.824,0.5925,0.2006,183.8,607.34,4,0.1853,0.1648,17.09,48.18,544.066,490.159,0.585,1.9019,186.34,609.88,4,0.1832,0.1631,15.94,51.66,549.59,495.851,0.5815,0.0275,187.38,610.92,5,0.2224,0.1612,15.47,53.08,545.128,502.847,0.582,0.0254,184.57,608.11,4,0.1852,0.1643,16.74,49.24,547.349,493.924,0.583,0.0873,182.7,606.24,4,0.1809,0.1642,17.59,46.67,543.383,496.967,0.583,0.0773,187.94,611.48,5,0.2282,0.1589,15.22,53.85,547.388,502.611,0.5785,0.0113,186.03,609.56,5,0.2237,0.1583,16.09,51.22,543.665,500.281,0.5835,0.3332,182.41,605.94,4,0.1822,0.1596,17.72,46.28,538.082,483.85,0.5795,0.6127,148.58,572.11,6,0.2494,0.0867,32.98,504.757,440.279,0.4415,0.0,135.44,558.97,0,0.0,0.0,38.91,482.331,421.95,0.0,0.0,0.087,7,9,0.0,4.4
SCA8-8,SAA,50,14,1437.05,633.71,13.89,647.59,0,0.0,0.0163,237.013,61.699,0.0845,0.0,13.28,646.98,1,0.0088,0.0105,4.38,89.75,214.112,90.544,0.075,0.1947,13.7,647.41,1,0.0111,0.0096,1.33,96.87,215.524,90.622,0.0725,0.0196,13.29,647.0,1,0.0089,0.0105,4.29,89.96,213.95,90.544,0.075,0.1885,13.21,646.92,1,0.0069,0.0115,4.84,88.67,215.951,90.544,0.0765,0.0236,13.24,646.94,0,0.0037,0.0134,4.67,89.06,222.158,63.808,0.0795,0.0226,13.47,647.18,0,0.0023,0.0144,2.98,93.03,228.913,63.941,0.082,0.025,13.48,647.18,1,0.0102,0.0099,2.94,93.12,214.17,90.622,0.0725,0.0206,10.18,643.89,2,0.0162,0.0087,26.66,37.58,164.996,67.903,0.066,0.0222,13.16,646.87,1,0.0093,0.0101,5.2,87.83,212.475,90.544,0.074,0.3243,13.25,646.95,1,0.0088,0.0105,4.61,89.21,213.466,90.544,0.075,0.1467,10.36,644.07,0,0.0017,0.009,25.38,40.58,170.016,68.901,0.0675,1.2457,12.25,645.95,0,0.0,0.0105,11.8,72.36,192.033,78.616,0.0685,0.0177,13.06,646.77,1,0.0089,0.0103,5.92,86.14,211.09,89.894,0.074,0.0213,9.58,643.29,0,0.0,0.0073,31.01,27.39,152.583,61.588,0.0595,0.0613,9.99,643.7,0,0.0008,0.0077,28.05,34.33,158.711,67.898,0.0645,0.0511,13.63,647.34,0,0.0016,0.015,1.81,95.75,231.277,63.941,0.0805,0.0103,12.8,646.51,1,0.0084,0.0103,7.82,81.69,208.176,79.559,0.074,0.3183,8.89,642.6,0,0.0003,0.0057,35.97,15.78,141.12,56.949,0.048,0.4738,7.96,641.66,1,0.016,0.0003,42.71,135.714,35.764,0.0035,0.0,3.6,637.3,0,0.0,0.0,74.08,64.154,20.403,0.0,0.0,0.072,13,14,0.0,3.0
SCA8-8,WDRO,50,17,1664.72,761.47,2.25,763.72,0,0.0,0.0022,44.918,0.0,0.0205,0.0,2.64,764.11,0,0.0024,0.0011,-17.42,142.3,52.742,0.0,0.013,0.1688,2.91,764.38,0,0.0028,0.0011,-29.65,171.99,58.234,0.0,0.013,0.0163,2.64,764.11,0,0.0024,0.0011,-17.42,142.3,52.742,0.0,0.013,0.1631,2.24,763.71,0,0.0011,0.0015,0.26,99.37,44.801,0.0,0.0165,0.0242,2.19,763.66,0,0.0006,0.0018,2.39,94.19,43.843,0.0,0.017,0.0229,2.19,763.66,0,0.0006,0.0018,2.39,94.19,43.843,0.0,0.017,0.0234,2.61,764.08,0,0.0024,0.0011,-16.31,139.6,52.242,0.0,0.013,0.0185,1.76,763.23,0,0.0031,0.0011,21.56,47.63,35.232,0.0,0.013,0.0199,2.53,764.0,0,0.0022,0.0012,-12.58,130.55,50.569,0.0,0.0135,0.2724,2.53,764.01,0,0.0023,0.0011,-12.87,131.25,50.698,0.0,0.013,0.1295,1.74,763.21,0,0.0002,0.0011,22.6,45.11,34.765,0.0,0.012,1.0885,2.54,764.02,0,0.0,0.0014,-13.25,132.17,41.555,7.24,0.013,0.0152,2.37,763.84,0,0.0019,0.0012,-5.34,112.96,47.316,0.0,0.0135,0.0187,1.73,763.2,0,0.0,0.0011,23.01,44.12,34.581,0.0,0.013,0.0539,1.73,763.2,0,0.0,0.0011,23.01,44.12,34.581,0.0,0.013,0.0413,2.25,763.72,0,0.0,0.0022,0.0,100.0,44.918,0.0,0.0205,0.0088,2.19,763.66,0,0.0007,0.0017,2.39,94.2,43.845,0.0,0.017,0.274,1.78,763.26,0,0.0,0.0011,20.53,50.14,35.695,0.0,0.0125,0.3991,1.32,762.79,0,0.0022,0.0,41.18,26.421,0.0,0.0005,0.0,0.5,761.97,0,0.0,0.0,77.71,10.01,0.0,0.0,0.0,2.111,17,17,0.0,2.6
SCA8-8,Gounaris,50,14,1437.05,633.71,13.93,647.64,0,0.0,0.0163,237.903,61.699,0.0845,0.0,13.31,647.02,1,0.0087,0.0106,4.43,89.52,215.582,89.8,0.074,0.1914,13.75,647.46,1,0.011,0.0097,1.28,96.97,216.634,90.544,0.072,0.0188,13.33,647.03,1,0.0087,0.0106,4.34,89.74,215.42,89.8,0.074,0.1869,13.12,646.83,1,0.0068,0.0114,5.82,86.23,215.333,79.058,0.0755,0.0244,13.28,646.99,0,0.0037,0.0135,4.66,88.99,223.048,63.808,0.0795,0.0233,13.52,647.22,0,0.0023,0.0144,2.97,92.98,229.803,63.941,0.082,0.0241,13.53,647.24,1,0.0101,0.01,2.88,93.19,215.28,90.544,0.072,0.0206,10.08,643.78,1,0.0135,0.0091,27.65,34.61,166.775,67.903,0.066,0.0235,13.2,646.91,1,0.0091,0.0103,5.25,87.58,214.271,79.632,0.073,0.3194,13.28,646.99,1,0.0087,0.0106,4.66,88.98,214.936,89.8,0.074,0.1493,10.44,644.15,0,0.0014,0.0091,25.04,40.77,171.586,68.881,0.067,1.2717,12.56,646.26,0,0.0,0.0106,9.87,76.66,194.713,79.617,0.0685,0.0174,13.12,646.82,1,0.0088,0.0104,5.85,86.16,212.77,79.058,0.073,0.0221,9.82,643.52,0,0.0,0.0075,29.54,30.13,155.903,61.588,0.0595,0.0624,10.04,643.75,0,0.0006,0.008,27.9,34.01,161.474,67.903,0.064,0.0527,13.68,647.38,0,0.0016,0.0151,1.81,95.72,232.167,63.941,0.0805,0.0104,12.76,646.46,1,0.008,0.0104,8.42,80.08,208.028,73.065,0.074,0.3359,8.89,642.59,0,0.0003,0.006,36.21,14.35,143.809,57.073,0.0485,0.4794,8.04,641.75,1,0.0159,0.0004,42.28,137.417,35.764,0.0045,0.0,3.67,637.38,0,0.0,0.0,73.63,65.654,20.403,0.0,0.0,0.076,13,14,0.0,3.1
SCA8-8,Cui,50,13,1377.53,592.75,22.15,614.9,0,0.0,0.0285,342.541,127.442,0.12,0.0,20.36,613.11,2,0.0178,0.0157,8.1,80.53,294.081,135.437,0.095,0.2109,21.37,614.12,2,0.0226,0.0139,3.55,91.48,296.945,150.288,0.0915,0.0196,20.37,613.12,2,0.0178,0.0158,8.05,80.65,294.081,135.437,0.0955,0.2017,20.66,613.41,1,0.0125,0.0193,6.72,83.84,305.357,131.211,0.103,0.0244,21.03,613.78,0,0.0057,0.0237,5.07,87.81,321.415,122.879,0.1135,0.0234,21.16,613.91,0,0.0048,0.0243,4.49,89.22,324.086,122.439,0.114,0.0238,20.76,613.51,2,0.0208,0.0143,6.28,84.9,293.606,139.03,0.092,0.0216,14.85,607.61,2,0.0263,0.0138,32.95,20.81,220.833,87.579,0.085,0.0246,20.12,612.87,2,0.0182,0.0153,9.17,77.97,290.648,133.023,0.094,0.3562,20.33,613.09,2,0.0178,0.0157,8.21,80.26,293.74,135.437,0.0955,0.1592,14.99,607.75,0,0.002,0.0125,32.32,22.32,215.621,94.997,0.082,1.395,18.09,610.85,0,0.0,0.0137,18.33,55.95,240.672,108.66,0.0845,0.0225,20.09,612.84,2,0.0178,0.0155,9.3,77.64,290.859,128.823,0.0945,0.0238,13.14,605.89,0,0.0,0.0099,40.69,2.2,189.407,82.281,0.072,0.0753,13.4,606.15,0,0.0017,0.0101,39.51,5.04,194.992,81.681,0.0725,0.0638,21.07,613.82,2,0.0186,0.0162,4.89,88.24,301.584,133.954,0.09,0.0103,19.38,612.13,1,0.0168,0.0152,12.53,69.89,283.17,127.417,0.096,0.3365,12.15,604.9,0,0.0003,0.0081,45.16,-8.54,173.023,75.68,0.061,0.5794,12.94,605.69,2,0.0277,0.0008,41.6,200.732,71.497,0.0085,0.0,5.57,598.33,0,0.0,0.0,74.84,91.395,32.286,0.0,0.0,0.079,12,13,0.0,3.4
SCA8-8,MDRO,50,16,1694.34,729.43,3.14,732.58,0,0.0,0.0033,62.853,0.0,0.0265,0.0,3.52,732.95,0,0.0027,0.002,-11.87,130.33,70.317,0.0,0.019,0.2161,3.39,732.83,0,0.0025,0.002,-7.97,120.36,67.865,0.0,0.019,0.0205,3.52,732.95,0,0.0027,0.002,-11.87,130.33,70.317,0.0,0.019,0.2137,2.94,732.37,0,0.0017,0.0021,6.41,83.62,58.821,0.0,0.02,0.0298,3.07,732.5,0,0.0007,0.0028,2.34,94.04,61.386,0.0,0.0235,0.0286,3.07,732.51,0,0.0007,0.0028,2.24,94.27,61.443,0.0,0.0235,0.0311,3.38,732.81,0,0.0024,0.0021,-7.42,118.94,67.515,0.0,0.0195,0.0247,2.23,731.66,1,0.0052,0.0015,29.02,25.89,43.383,6.086,0.0155,0.0255,3.31,732.74,0,0.0024,0.002,-5.28,113.49,66.174,0.0,0.019,0.3625,3.18,732.61,0,0.0022,0.002,-1.17,103.0,63.592,0.0,0.019,0.1705,2.28,731.72,0,0.0002,0.0015,27.35,30.15,45.284,6.086,0.0155,1.3953,3.29,732.72,0,0.0,0.0023,-4.7,112.01,56.305,12.205,0.0195,0.0188,3.04,732.48,0,0.0018,0.0021,3.21,91.8,60.834,0.0,0.0195,0.0264,2.36,731.79,0,0.0002,0.0016,25.01,36.12,46.511,6.086,0.015,0.0726,2.25,731.68,0,0.0001,0.0015,28.55,27.08,44.346,6.086,0.015,0.0567,3.14,732.58,0,0.0,0.0033,0.0,100.0,62.853,0.0,0.0265,0.0118,2.96,732.39,0,0.0016,0.0021,5.87,85.01,59.165,0.0,0.0195,0.3534,2.21,731.65,0,0.0,0.0013,29.54,24.54,42.717,6.103,0.0135,0.5152,1.91,731.35,0,0.0032,0.0001,39.15,38.245,0.0,0.002,0.0,0.7,730.14,0,0.0,0.0,77.57,14.1,0.0,0.0,0.0,0.093,15,16,0.0,3.4
SCA8-7,Det,50,10,1077.58,457.76,229.64,687.39,0,0.0,0.3419,669.717,631.744,0.671,0.0,177.82,635.58,8,0.2944,0.1012,22.57,49.81,453.257,428.874,0.539,0.3208,188.2,645.95,9,0.3938,0.0581,18.05,59.87,431.727,403.331,0.395,0.0258,178.16,635.92,8,0.3008,0.098,22.41,50.15,452.317,428.048,0.529,0.2729,203.86,661.62,7,0.3327,0.1213,11.23,75.04,511.099,471.015,0.5225,0.0261,186.27,644.03,7,0.2895,0.1185,18.88,58.0,518.15,479.454,0.524,0.025,185.14,642.9,7,0.2623,0.1286,19.38,56.91,500.395,471.553,0.5595,0.0254,183.58,641.34,8,0.3669,0.0673,20.06,55.39,434.625,407.734,0.431,0.0246,213.49,671.25,3,0.0876,0.2907,7.03,84.36,666.131,630.87,0.649,0.0341,174.81,632.57,8,0.3061,0.0929,23.87,46.91,450.897,427.577,0.5105,0.5771,177.48,635.24,8,0.2895,0.1037,22.71,49.49,453.484,429.421,0.5505,0.2018,171.23,628.98,7,0.2545,0.099,25.44,43.43,460.188,429.55,0.524,1.8409,168.61,626.37,7,0.2387,0.0961,26.57,40.9,451.522,421.473,0.508,0.0249,174.97,632.73,8,0.3067,0.0927,23.81,47.06,449.84,426.415,0.5105,0.0268,170.91,628.67,7,0.2597,0.0948,25.57,43.13,462.357,431.849,0.5085,0.0915,164.94,622.69,7,0.2451,0.09,28.17,37.34,443.283,411.66,0.5,0.0786,176.63,634.39,8,0.3208,0.0874,23.08,48.66,446.629,418.535,0.498,0.0115,173.67,631.43,8,0.3065,0.0909,24.37,45.8,449.912,422.115,0.508,0.348,163.93,621.69,7,0.2412,0.0911,28.61,36.37,442.48,412.137,0.5035,0.6411,126.38,584.14,9,0.3337,0.0082,44.96,386.352,364.608,0.077,0.0,105.04,562.8,0,0.0,0.0,54.26,360.709,334.13,0.0,0.0,0.092,4,10,0.0,4.4
SCA8-7,SAA,50,15,1465.45,671.55,24.59,696.14,0,0.0,0.0269,375.731,181.941,0.116,0.0,21.34,692.89,2,0.0209,0.0114,13.22,69.81,302.932,156.571,0.0845,0.2041,22.61,694.16,3,0.0263,0.0094,8.05,81.62,301.958,157.762,0.0765,0.0207,21.34,692.89,2,0.0209,0.0114,13.22,69.81,302.932,156.571,0.0845,0.1975,21.89,693.43,1,0.0133,0.0163,11.0,74.87,329.403,157.06,0.0925,0.0267,22.36,693.9,1,0.0085,0.0197,9.09,79.23,339.609,156.967,0.103,0.0254,22.09,693.64,1,0.0088,0.0192,10.16,76.79,335.924,156.538,0.101,0.0264,22.24,693.79,3,0.0251,0.0098,9.56,78.16,302.237,157.052,0.0775,0.0214,15.36,686.91,4,0.0373,0.0097,37.53,14.28,216.365,99.322,0.071,0.0258,21.21,692.75,2,0.0204,0.0116,13.77,68.54,303.921,157.06,0.0855,0.3366,21.3,692.85,2,0.0209,0.0114,13.37,69.45,302.691,156.571,0.0845,0.1583,15.38,686.93,0,0.0029,0.0086,37.46,14.44,216.193,100.692,0.0695,1.3253,17.58,689.12,0,0.0,0.009,28.52,34.84,218.291,107.289,0.0665,0.0168,21.08,692.62,2,0.02,0.0117,14.3,67.33,303.497,156.575,0.0855,0.0221,13.78,685.32,0,0.0003,0.0071,43.97,-0.44,192.635,87.288,0.0625,0.0626,13.56,685.1,0,0.0005,0.0071,44.87,-2.5,189.851,86.9,0.0625,0.0479,22.38,693.92,2,0.0178,0.0145,9.02,79.4,314.508,155.157,0.092,0.0102,20.7,692.25,2,0.0173,0.0129,15.81,63.88,303.724,155.14,0.088,0.3194,12.95,684.49,0,0.0003,0.0072,47.35,-8.15,184.91,86.9,0.0635,0.45,13.83,685.37,3,0.0267,0.0002,43.78,211.834,101.456,0.002,0.0,5.82,677.37,0,0.0,0.0,76.33,90.96,37.643,0.0,0.0,2.818,14,15,0.0,3.1
SCA8-7,WDRO,50,17,1770.92,772.09,5.41,777.5,0,0.0,0.0053,108.175,0.0,0.0385,0.0,5.47,777.57,0,0.0029,0.0037,-1.19,102.88,109.466,0.0,0.0335,0.2019,5.42,777.51,0,0.0027,0.0037,-0.15,100.36,108.338,0.0,0.0335,0.0197,5.47,777.57,0,0.0029,0.0037,-1.19,102.88,109.466,0.0,0.0335,0.1976,5.4,777.49,0,0.0012,0.0046,0.22,99.47,107.938,0.0,0.0365,0.0294,5.26,777.35,0,0.0007,0.0048,2.83,93.18,105.116,0.0,0.0375,0.0281,5.3,777.39,0,0.0004,0.005,2.04,95.07,105.967,0.0,0.038,0.0287,5.43,777.52,0,0.0026,0.0038,-0.36,100.86,108.56,0.0,0.034,0.0215,3.94,776.03,1,0.0065,0.0029,27.16,34.49,76.413,9.67,0.03,0.0257,5.34,777.43,0,0.0027,0.0037,1.36,96.72,106.704,0.0,0.034,0.317,5.37,777.46,0,0.0023,0.004,0.7,98.31,107.416,0.0,0.034,0.1703,4.0,776.09,0,0.0005,0.0025,26.02,37.23,76.946,9.67,0.028,1.2797,5.16,777.25,0,0.0,0.0047,4.61,88.88,99.777,5.091,0.036,0.0166,5.35,777.44,0,0.0022,0.004,1.06,97.44,107.026,0.0,0.0345,0.0228,3.86,775.95,0,0.0003,0.0025,28.68,30.81,73.875,9.826,0.026,0.0617,3.87,775.97,0,0.0003,0.0026,28.37,31.57,74.582,9.826,0.027,0.0467,5.41,777.5,0,0.0,0.0053,0.0,100.0,108.175,0.0,0.0385,0.011,5.05,777.14,0,0.0018,0.0039,6.6,84.09,101.041,0.0,0.034,0.3224,3.66,775.75,0,0.0,0.0024,32.33,22.02,69.798,9.732,0.025,0.4262,3.17,775.26,0,0.0052,0.0001,41.46,63.33,0.0,0.0025,0.0,1.3,773.39,0,0.0,0.0,76.04,25.915,0.0,0.0,0.0,0.078,16,17,0.0,3.1
SCA8-7,Gounaris,50,14,1427.07,632.71,39.04,671.75,0,0.0,0.0457,522.073,298.402,0.157,0.0,33.98,666.69,3,0.0275,0.024,12.97,70.09,424.697,246.451,0.1365,0.216,35.07,667.78,4,0.0386,0.0185,10.18,76.53,414.815,244.609,0.123,0.02,33.98,666.69,3,0.0275,0.024,12.97,70.09,424.697,246.451,0.1365,0.2131,35.11,667.82,2,0.0199,0.0295,10.08,76.75,458.657,258.564,0.1365,0.0273,34.43,667.14,2,0.0212,0.0283,11.81,72.76,443.885,260.795,0.138,0.0262,35.07,667.78,2,0.0218,0.0286,10.18,76.52,446.488,259.497,0.139,0.029,34.76,667.46,4,0.0353,0.0201,10.98,74.67,419.569,243.889,0.1275,0.0222,24.65,657.36,5,0.0502,0.0189,36.86,14.98,313.877,175.451,0.1105,0.0271,33.44,666.15,3,0.0284,0.023,14.36,66.89,421.82,242.503,0.133,0.3956,33.79,666.5,3,0.0291,0.0228,13.45,68.98,420.678,246.536,0.1345,0.1705,25.04,657.75,1,0.0062,0.0175,35.87,17.26,314.064,177.846,0.114,1.4816,23.71,656.42,0,0.0032,0.0138,39.27,9.41,279.857,148.367,0.0945,0.0188,33.29,666.0,3,0.0284,0.0229,14.73,66.01,420.693,242.503,0.132,0.0241,23.06,655.77,0,0.0015,0.0153,40.93,5.58,287.264,165.788,0.105,0.0689,22.55,655.25,0,0.0028,0.015,42.26,2.52,280.517,162.787,0.104,0.0542,34.01,666.72,3,0.0258,0.0253,12.88,70.28,428.866,246.536,0.1335,0.011,32.94,665.64,3,0.0281,0.0226,15.64,63.93,416.513,246.536,0.132,0.3469,21.88,654.59,0,0.0014,0.0147,43.95,-1.39,275.624,156.411,0.1025,0.5021,22.12,654.82,5,0.0455,0.0002,43.35,295.339,167.995,0.003,0.0,9.98,642.69,0,0.0,0.0,74.44,137.992,69.425,0.0,0.0,0.093,13,14,0.0,3.5
SCA8-7,Cui,50,14,1425.35,632.53,37.78,670.32,0,0.0,0.0441,520.556,299.427,0.156,0.0,32.71,665.24,3,0.0266,0.0229,13.43,68.18,422.231,243.532,0.1315,0.2238,34.23,666.76,3,0.0365,0.0184,9.42,77.69,412.97,253.962,0.1165,0.0234,32.71,665.24,3,0.0266,0.0229,13.43,68.18,422.231,243.532,0.1315,0.2285,34.01,666.54,2,0.0171,0.0299,9.99,76.34,463.055,250.055,0.1305,0.0304,33.78,666.31,2,0.0184,0.0291,10.61,74.87,452.957,266.333,0.135,0.0298,33.61,666.14,2,0.018,0.029,11.06,73.8,451.982,249.45,0.1365,0.0305,33.35,665.88,3,0.0321,0.0202,11.74,72.19,417.055,247.809,0.121,0.0252,25.28,657.81,5,0.0497,0.0194,33.11,21.57,327.78,167.115,0.1085,0.0321,32.38,664.92,3,0.0271,0.0223,14.29,66.14,421.464,237.715,0.1255,0.3915,32.67,665.21,3,0.0265,0.0229,13.53,67.96,422.693,243.532,0.1315,0.1889,25.54,658.07,1,0.0079,0.0167,32.41,23.22,324.965,166.254,0.1035,1.5547,24.18,656.72,0,0.0032,0.0134,36.0,14.73,279.745,151.338,0.0935,0.0195,32.26,664.79,3,0.0269,0.0223,14.63,65.34,420.377,238.53,0.126,0.0254,21.74,654.28,0,0.0015,0.0137,42.45,-0.57,269.857,148.817,0.099,0.0717,21.27,653.8,0,0.0021,0.0131,43.71,-3.54,261.428,148.401,0.097,0.0549,33.82,666.35,3,0.0268,0.0243,10.49,75.14,431.048,232.334,0.1285,0.0116,32.03,664.56,3,0.0271,0.0219,15.24,63.89,416.543,247.445,0.1235,0.3692,20.85,653.38,0,0.0014,0.0136,44.82,-6.17,263.067,145.708,0.0985,0.5117,21.83,654.37,5,0.0431,0.001,42.21,300.575,171.391,0.0125,0.0,10.36,642.89,0,0.0,0.0,72.58,145.77,76.236,0.0,0.0,0.088,13,14,0.0,3.6
SCA8-7,MDRO,50,17,1679.74,762.97,6.11,769.09,0,0.0,0.006,122.287,0.0,0.043,0.0,6.25,769.23,0,0.0044,0.0036,-2.24,105.43,122.084,33.389,0.0365,0.1872,6.17,769.14,0,0.0045,0.0034,-0.91,102.21,120.793,33.427,0.0355,0.0179,6.27,769.25,0,0.0043,0.0036,-2.58,106.25,122.498,33.389,0.0365,0.1856,5.84,768.81,0,0.0021,0.0045,4.55,88.97,116.722,0.0,0.0375,0.028,5.92,768.89,0,0.0012,0.0051,3.19,92.27,118.389,0.0,0.04,0.0264,6.01,768.99,0,0.0014,0.0051,1.66,95.97,120.257,0.0,0.0405,0.0273,6.17,769.15,0,0.0044,0.0035,-0.96,102.34,120.857,33.427,0.036,0.0208,4.41,767.38,1,0.0064,0.0032,27.94,32.27,85.714,10.601,0.032,0.0242,6.21,769.18,0,0.0043,0.0036,-1.54,103.73,121.56,33.389,0.0355,0.3013,6.21,769.18,0,0.0042,0.0037,-1.5,103.63,121.843,33.389,0.0365,0.1488,4.64,767.61,0,0.0009,0.0029,24.14,41.49,89.757,11.214,0.031,1.2352,6.59,769.57,0,0.0,0.0056,-7.84,119.0,120.53,11.054,0.0415,0.016,6.11,769.09,0,0.0041,0.0036,0.01,99.98,120.669,33.389,0.036,0.0221,4.47,767.44,0,0.0008,0.0026,26.96,34.64,85.254,11.214,0.028,0.0605,4.36,767.33,0,0.0006,0.0026,28.75,30.3,83.624,11.214,0.028,0.0442,6.11,769.09,0,0.0,0.006,0.0,100.0,122.287,0.0,0.043,0.01,5.63,768.61,0,0.0024,0.0041,7.86,80.94,112.672,0.0,0.037,0.3103,3.95,766.92,0,0.0,0.0023,35.4,14.19,74.22,11.214,0.025,0.4013,3.59,766.57,0,0.0059,0.0001,41.25,71.844,0.0,0.0025,0.0,1.55,764.52,0,0.0,0.0,74.64,31.01,0.0,0.0,0.0,0.077,14,17,0.0,2.9
SCA8-9,Det,50,9,1075.38,422.54,268.49,691.02,0,0.0,0.4278,680.315,666.067,0.71,0.0,225.58,648.12,6,0.2492,0.216,15.98,46.39,580.52,545.644,0.67,0.2531,234.59,657.12,6,0.3355,0.1788,12.63,57.64,572.704,535.981,0.635,0.0217,224.39,646.93,6,0.2404,0.2197,16.42,44.9,583.432,546.143,0.6715,0.2505,236.03,658.56,5,0.2259,0.2479,12.09,59.44,607.814,572.388,0.671,0.026,235.88,658.42,5,0.2192,0.2538,12.14,59.26,618.578,584.408,0.6665,0.0251,226.9,649.44,6,0.2501,0.2171,15.49,48.03,585.89,549.227,0.666,0.0254,230.83,653.37,6,0.3118,0.1871,14.03,52.94,576.405,539.499,0.645,0.0243,260.14,682.68,2,0.0517,0.3984,3.11,89.57,684.687,672.06,0.706,0.0328,222.26,644.8,6,0.2547,0.2109,17.22,42.24,582.248,544.462,0.662,0.5274,224.69,647.22,6,0.2549,0.2118,16.31,45.27,581.153,544.451,0.667,0.205,220.11,642.65,5,0.1971,0.2238,18.02,39.55,589.626,547.716,0.665,1.7647,217.54,640.08,5,0.2068,0.2094,18.97,36.34,592.395,549.018,0.6565,0.0204,222.3,644.84,6,0.2525,0.2123,17.2,42.29,582.755,544.516,0.662,0.0271,217.44,639.98,5,0.2176,0.2127,19.01,36.22,583.462,544.047,0.6645,0.086,216.6,639.14,5,0.2003,0.2164,19.33,35.16,588.517,550.352,0.6605,0.0743,223.66,646.2,6,0.2535,0.214,16.7,43.99,582.882,544.465,0.663,0.0115,220.71,643.25,6,0.2599,0.2056,17.79,40.3,578.732,543.279,0.659,0.3386,215.78,638.31,5,0.2079,0.2075,19.63,34.13,585.014,544.162,0.659,0.5627,188.46,611.0,7,0.2907,0.1371,29.81,558.762,507.558,0.5655,0.0,174.37,596.91,0,0.0,0.0,35.05,552.145,496.684,0.0,0.0,0.095,5,9,0.0,4.1
SCA8-9,SAA,50,14,1450.61,635.06,23.61,658.67,0,0.0,0.0279,355.309,134.23,0.123,0.0,22.0,657.06,1,0.0151,0.0172,6.8,83.88,312.057,150.752,0.1065,0.2373,22.92,657.98,2,0.0218,0.0144,2.9,93.12,310.134,152.36,0.0995,0.0221,22.0,657.06,1,0.0151,0.0172,6.8,83.88,312.057,150.752,0.1065,0.2366,22.36,657.42,1,0.0097,0.0206,5.29,87.45,330.261,149.477,0.1085,0.0293,22.48,657.54,1,0.0082,0.0218,4.76,88.71,328.114,152.286,0.117,0.0294,22.31,657.37,1,0.0056,0.023,5.48,86.99,331.47,149.528,0.1175,0.029,22.67,657.73,2,0.0201,0.0151,3.98,90.56,311.716,152.092,0.101,0.0229,18.61,653.67,3,0.026,0.0165,21.17,49.79,268.658,118.469,0.098,0.0289,22.33,657.39,2,0.0185,0.0157,5.4,87.19,312.588,152.092,0.101,0.3912,21.95,657.01,1,0.0148,0.0173,7.0,83.4,312.409,148.196,0.107,0.1752,18.58,653.65,1,0.0055,0.0148,21.27,49.54,264.369,116.236,0.098,1.4858,20.81,655.87,0,0.0,0.0174,11.83,71.94,278.248,124.801,0.1005,0.0196,22.24,657.3,2,0.0178,0.016,5.79,86.27,311.944,152.092,0.1015,0.0269,17.08,652.14,0,0.001,0.0134,27.63,34.47,236.447,109.122,0.095,0.0744,16.57,651.63,0,0.0014,0.013,29.82,29.28,229.964,105.444,0.095,0.0574,23.11,658.17,1,0.0121,0.0201,2.1,95.02,331.706,152.827,0.106,0.0127,21.15,656.22,1,0.0152,0.0163,10.39,75.37,301.823,139.372,0.1065,0.3721,15.82,650.88,0,0.001,0.0116,32.97,21.8,214.005,95.969,0.092,0.5293,13.65,648.71,2,0.0274,0.0004,42.16,205.201,95.959,0.0055,0.0,6.58,641.64,0,0.0,0.0,72.13,102.576,42.299,0.0,0.0,0.088,11,14,0.0,3.6
SCA8-9,WDRO,50,17,1705.78,765.58,4.09,769.67,0,0.0,0.0039,81.811,0.0,0.0345,0.0,4.24,769.82,0,0.0031,0.0023,-3.67,109.64,84.816,0.0,0.0245,0.184,4.25,769.83,0,0.003,0.0024,-3.9,110.26,85.006,0.0,0.0245,0.0183,4.27,769.85,0,0.0031,0.0024,-4.32,111.35,85.346,0.0,0.0245,0.176,3.93,769.51,0,0.0011,0.0032,3.87,89.84,78.647,0.0,0.0295,0.0281,3.96,769.54,0,0.0005,0.0036,3.19,91.63,79.206,0.0,0.033,0.0259,4.05,769.63,0,0.0004,0.0037,0.96,97.48,81.026,0.0,0.0335,0.0261,4.28,769.86,0,0.0029,0.0025,-4.68,112.29,85.64,0.0,0.0255,0.0195,3.08,768.66,0,0.0043,0.0022,24.6,35.38,61.353,5.481,0.0235,0.0232,4.22,769.79,0,0.003,0.0024,-3.07,108.06,84.323,0.0,0.0245,0.2869,4.2,769.78,0,0.0027,0.0025,-2.62,106.87,83.951,0.0,0.0265,0.144,3.44,769.02,0,0.0011,0.0019,15.8,58.49,67.212,7.307,0.0205,1.1521,4.17,769.75,0,0.0,0.0035,-1.88,104.93,78.983,7.153,0.032,0.0154,4.18,769.76,0,0.0027,0.0025,-2.16,105.66,83.575,0.0,0.026,0.0208,3.16,768.73,0,0.0003,0.0019,22.87,39.93,61.348,7.153,0.0215,0.0559,3.06,768.64,0,0.0,0.002,25.14,33.96,59.704,7.153,0.0215,0.0434,4.09,769.67,0,0.0,0.0039,0.0,100.0,81.811,0.0,0.0345,0.0095,3.77,769.35,0,0.0015,0.0028,7.75,79.66,75.475,0.0,0.0275,0.2933,3.08,768.66,0,0.0,0.0019,24.62,35.34,60.918,7.153,0.021,0.3735,2.53,768.11,0,0.0035,0.0004,38.07,50.663,0.0,0.007,0.0,1.4,766.98,0,0.0,0.0,65.85,27.937,0.0,0.0,0.0,1.856,16,17,0.0,2.8
SCA8-9,Gounaris,50,14,1433.35,633.33,27.33,660.66,0,0.0,0.0319,382.077,184.757,0.138,0.0,24.87,658.2,2,0.0163,0.0195,9.01,78.11,326.866,164.533,0.125,0.1994,25.51,658.84,2,0.0221,0.0167,6.65,83.83,319.598,162.776,0.119,0.0204,24.87,658.2,2,0.0163,0.0195,9.01,78.11,326.866,164.533,0.125,0.1998,25.02,658.35,1,0.0131,0.0215,8.46,79.45,336.965,164.457,0.124,0.0249,24.69,658.03,1,0.0131,0.0213,9.64,76.59,331.802,164.46,0.1255,0.0253,24.8,658.14,1,0.0125,0.0216,9.24,77.56,335.676,164.457,0.126,0.0253,25.04,658.37,2,0.0196,0.0177,8.37,79.66,322.138,162.776,0.121,0.0205,19.5,652.83,3,0.0311,0.0168,28.65,30.39,267.51,134.177,0.104,0.0241,24.35,657.68,2,0.0178,0.0182,10.91,73.49,319.924,163.947,0.1225,0.3513,24.68,658.02,2,0.0164,0.0192,9.69,76.46,325.099,164.533,0.1245,0.1567,20.16,653.49,1,0.0057,0.0155,26.24,36.25,268.765,136.344,0.1055,1.3233,20.25,653.58,0,0.0,0.0145,25.91,37.05,254.544,120.959,0.0925,0.0183,24.26,657.6,2,0.0174,0.0183,11.21,72.76,318.679,163.156,0.1225,0.0218,17.31,650.65,0,0.0003,0.013,36.64,10.97,226.773,112.508,0.095,0.0636,16.96,650.3,0,0.0005,0.0127,37.92,7.86,222.381,113.884,0.096,0.0513,25.12,658.46,2,0.014,0.0211,8.08,80.37,336.886,166.197,0.1215,0.0104,23.78,657.11,2,0.0167,0.0181,13.0,68.42,314.668,160.437,0.123,0.3268,16.61,649.95,0,0.0001,0.0116,39.21,4.72,213.797,104.87,0.087,0.4869,16.08,649.42,3,0.0309,0.001,41.16,225.607,106.891,0.014,0.0,7.27,640.6,0,0.0,0.0,73.4,110.938,48.578,0.0,0.0,0.081,12,14,0.0,3.2
SCA8-9,Cui,50,14,1435.29,633.53,24.83,658.36,0,0.0,0.0294,358.663,173.897,0.134,0.0,22.44,655.97,1,0.0137,0.0187,9.62,77.07,311.443,154.98,0.1145,0.2249,23.27,656.8,2,0.0206,0.0155,6.29,85.0,308.497,157.136,0.1035,0.0206,22.44,655.97,1,0.0136,0.0187,9.64,77.01,311.333,154.98,0.1145,0.2103,23.1,656.63,1,0.0135,0.0195,6.99,83.33,321.056,153.427,0.1115,0.0266,23.55,657.08,1,0.0055,0.0247,5.15,87.7,334.446,161.788,0.128,0.0267,23.25,656.78,1,0.0061,0.024,6.37,84.8,331.06,157.651,0.1265,0.0294,23.01,656.54,2,0.0181,0.0166,7.35,82.47,309.631,156.519,0.107,0.0233,17.94,651.47,3,0.0286,0.0155,27.74,33.83,250.058,118.621,0.0985,0.0252,22.63,656.16,1,0.0157,0.0178,8.86,78.87,311.94,154.766,0.1105,0.3478,22.52,656.05,1,0.0139,0.0186,9.32,77.76,311.472,154.98,0.1145,0.1629,17.87,651.4,0,0.0032,0.0143,28.02,33.16,248.906,118.519,0.0975,1.4232,19.59,653.12,0,0.0,0.0154,21.1,49.68,250.635,115.544,0.1005,0.0177,22.55,656.08,1,0.0153,0.0179,9.2,78.05,311.932,154.766,0.1105,0.0241,16.72,650.25,0,0.0009,0.0132,32.68,22.05,228.82,100.842,0.095,0.0697,16.34,649.87,0,0.0009,0.0131,34.2,18.43,224.906,97.496,0.095,0.0504,23.93,657.46,1,0.0115,0.0216,3.62,91.35,333.012,152.55,0.115,0.0105,22.11,655.64,1,0.0165,0.0167,10.97,73.82,303.125,155.32,0.1095,0.3473,15.92,649.45,0,0.0009,0.0111,35.87,14.45,205.466,97.361,0.0905,0.4755,14.42,647.95,3,0.0286,0.0008,41.93,207.944,101.436,0.011,0.0,6.96,640.49,0,0.0,0.0,71.98,104.292,45.139,0.0,0.0,0.078,12,14,0.0,3.3
SCA8-9,MDRO,50,17,1641.23,759.12,5.28,764.4,0,0.0,0.0051,105.536,0.0,0.042,0.0,5.49,764.61,0,0.0028,0.0037,-4.05,109.32,108.51,32.437,0.037,0.1748,5.45,764.58,0,0.0027,0.0037,-3.34,107.7,108.741,32.437,0.037,0.0175,5.49,764.61,0,0.0028,0.0037,-4.05,109.32,108.51,32.437,0.037,0.1679,5.18,764.3,0,0.0008,0.0046,1.83,95.78,103.603,0.0,0.0405,0.0247,5.31,764.43,0,0.001,0.0046,-0.65,101.5,106.222,0.0,0.041,0.0241,5.39,764.52,0,0.0009,0.0047,-2.23,105.15,107.894,0.0,0.0415,0.0239,5.36,764.48,0,0.0025,0.0038,-1.61,103.7,107.233,0.0,0.037,0.019,4.48,763.6,1,0.0051,0.0035,15.19,65.02,86.551,8.641,0.035,0.0198,5.5,764.62,0,0.0028,0.0038,-4.21,109.69,109.003,32.437,0.0375,0.2705,5.3,764.43,0,0.0018,0.0041,-0.52,101.2,106.087,0.0,0.0395,0.1306,4.68,763.81,0,0.0009,0.0033,11.26,74.08,90.66,8.641,0.0345,1.083,5.48,764.6,0,0.0,0.0048,-3.88,108.94,104.674,7.999,0.041,0.0139,5.29,764.42,0,0.0024,0.0038,-0.3,100.69,105.854,0.0,0.0375,0.0206,4.39,763.51,0,0.0,0.0033,16.84,61.23,84.684,10.318,0.0345,0.0575,4.41,763.54,0,0.0,0.0034,16.35,62.34,85.391,8.031,0.035,0.0421,5.28,764.4,0,0.0,0.0051,0.0,100.0,105.536,0.0,0.042,0.0094,5.21,764.34,0,0.0015,0.0042,1.18,97.28,104.29,0.0,0.0395,0.2786,4.38,763.5,0,0.0,0.0032,16.96,60.95,85.531,8.722,0.034,0.3702,2.99,762.11,0,0.0051,0.0,43.42,59.707,0.0,0.0,0.0,1.62,760.74,0,0.0,0.0,69.35,32.351,0.0,0.0,0.0,0.072,16,17,0.0,2.6
