{
 "rl_total": 894.5674629118294,
 "v2_total": 817.1929578924179,
 "reactive_total": 1236.252788990736,
 "n_routes": 50,
 "wilcoxon_p": 1.2991383662609125e-08
}