Instance,Plan,route,m,none_rec,v1_end_rec,v1_myo_rec,fb_tau_rec,pi1_rec,pi2_rec,pi3_rec,rollout_rec,restock_rec,thr_k_rec,ro_theta_rec,v2_lsm_rec,v2_act_rec,v2_cf_rec,dp_n_rec,dp_xl_rec,dp_xl3_rec,oracle_rec
CON3-1,Det,0,20,34.1032,20.1449,29.9696,19.6004,21.3857,22.7611,22.0581,25.2687,34.1353,19.1201,19.5532,18.7661,18.7661,18.1313,18.9621,18.727,18.0362,15.7614
CON3-1,Det,1,11,36.2486,22.8381,24.1318,22.1659,24.5481,26.1535,22.4546,24.012,34.4067,21.9966,22.4676,21.9356,20.7076,20.6742,21.9112,21.723,20.3244,18.3966
CON3-1,Det,2,3,0.0,0.0,0.0,0.0,0.0,0.0,0.0,0.0,0.0,0.0,0.0,0.0,0.0,0.0,0.0,0.0,0.0,0.0
CON3-1,Det,3,16,55.9833,45.5996,48.7689,45.519,46.3772,47.9926,45.9048,46.0919,55.9833,44.612,45.3914,45.0589,45.0589,45.0589,45.0871,44.8958,44.4793,37.437
CON3-1,SAA,0,14,1.5839,1.1532,1.9361,1.1532,1.1245,1.1143,1.0356,1.553,0.5169,1.245,0.9664,1.084,0.6254,0.6254,1.419,0.9702,0.4614,0.8656
CON3-1,SAA,1,8,2.8167,2.157,2.3586,2.1066,2.6979,2.2709,2.0443,2.3276,1.244,2.2144,2.2117,2.0123,0.7954,0.7868,2.3224,1.9283,0.7581,1.5725
CON3-1,SAA,2,5,1.2627,0.8919,0.8495,0.8919,0.8734,1.0706,0.9044,0.8806,0.2587,1.2627,0.8919,0.8551,0.2402,0.2402,1.2627,0.811,0.2577,0.7066
CON3-1,SAA,3,10,3.4967,2.428,3.8492,2.4334,3.4989,2.6336,3.4967,3.0218,1.8646,2.6871,2.4828,2.4241,1.2553,1.323,2.7462,2.3668,1.301,1.8692
CON3-1,SAA,4,13,2.3325,1.7162,2.0764,1.7162,1.874,2.005,2.08,1.898,0.7687,1.5677,1.6226,1.5555,0.6871,0.6871,1.7257,1.4557,0.6904,1.247
CON3-1,WDRO,0,6,0.0274,0.0274,0.0274,0.0274,0.0274,0.0274,0.0274,0.0274,0.0274,0.0274,0.0274,0.0274,0.0274,0.0274,0.0274,0.0274,0.0274,0.0153
CON3-1,WDRO,1,12,0.515,0.4917,1.3044,0.4917,0.433,0.3701,0.515,0.5074,0.194,0.515,0.4484,0.4981,0.3291,0.3291,0.515,0.4074,0.2505,0.2844
CON3-1,WDRO,2,9,1.0258,0.8567,1.4607,0.8567,0.8023,0.7113,0.7519,1.0108,0.3192,0.8756,0.7251,0.8064,0.2803,0.2803,1.0258,0.7601,0.2799,0.5774
CON3-1,WDRO,3,9,0.8179,0.6187,0.9209,0.6187,0.56,0.6091,0.5703,0.7474,0.2163,0.8179,0.6192,0.6067,0.2486,0.2486,0.8179,0.607,0.1808,0.4725
CON3-1,WDRO,4,9,0.3013,0.3066,0.3652,0.3066,0.3013,0.2888,0.2888,0.2873,0.2997,0.3013,0.2781,0.2655,0.1867,0.1506,0.3013,0.315,0.2051,0.1654
CON3-1,WDRO,5,5,0.0777,0.0999,0.0999,0.0999,0.0777,0.0777,0.0777,0.0999,0.0405,0.0777,0.0999,0.0999,0.0405,0.0405,0.0777,0.0777,0.0351,0.044
CON3-1,Gounaris,0,11,0.8753,0.631,0.6524,0.6421,0.7277,0.7365,0.6075,0.6585,0.3665,0.8753,0.6284,0.6133,0.2943,0.2943,0.8753,0.5245,0.2506,0.4762
CON3-1,Gounaris,1,9,2.5214,1.7126,1.9894,1.7126,1.785,1.9873,1.955,1.9815,0.8637,1.7763,1.7025,1.5281,0.7109,0.69,1.9309,1.5318,0.7677,1.3563
CON3-1,Gounaris,2,15,2.3461,1.6327,3.3714,1.6327,1.9835,1.6169,1.7154,2.1867,1.0423,1.7481,1.4558,1.4911,0.7929,0.7929,1.8551,1.4367,0.715,1.2495
CON3-1,Gounaris,3,6,2.4761,1.7785,1.9196,1.7785,2.051,1.8124,1.8822,1.884,0.8429,1.8488,1.7785,1.8033,0.7709,0.7709,2.0147,1.778,0.6996,1.3745
CON3-1,Gounaris,4,9,3.1649,2.4143,3.8341,2.4143,3.1649,2.4203,2.2564,2.701,1.886,2.3647,2.3931,2.2452,1.1431,1.1501,2.449,2.2444,1.1973,1.7812
CON3-1,Cui,0,9,2.5214,1.7126,1.9894,1.7126,1.785,1.9873,1.955,1.9815,0.8637,1.7763,1.7025,1.5281,0.7109,0.69,1.9309,1.5318,0.7677,1.3563
CON3-1,Cui,1,15,2.3461,1.6327,3.3714,1.6327,1.9835,1.6169,1.7154,2.1867,1.0423,1.7481,1.4558,1.4911,0.7929,0.7929,1.8551,1.4367,0.715,1.2495
CON3-1,Cui,2,5,1.2627,0.8919,0.8495,0.8919,0.8734,1.0706,0.9044,0.8806,0.2587,1.2627,0.8919,0.8551,0.2402,0.2402,1.2627,0.811,0.2577,0.7066
CON3-1,Cui,3,12,2.126,1.2766,1.7716,1.2766,1.6932,1.8622,1.4941,1.4871,0.9883,1.3942,1.2329,1.2778,0.6908,0.6908,1.5793,1.1957,0.5712,1.1121
CON3-1,Cui,4,9,3.085,2.6834,3.2034,2.1572,2.9971,2.3639,3.085,2.7674,1.6459,2.4954,2.1626,2.2293,1.1653,1.0788,2.4329,2.1589,1.1277,1.6854
CON3-1,MDRO,0,6,0.0,0.0,0.0,0.0,0.0,0.0,0.0,0.0,0.0,0.0,0.0,0.0,0.0,0.0,0.0,0.0,0.0,0.0
CON3-1,MDRO,1,12,0.9948,0.9787,1.4877,0.9787,0.6945,0.8478,0.7937,0.9735,0.3682,0.9499,0.7986,0.7506,0.3867,0.3867,0.9948,0.7653,0.367,0.5609
CON3-1,MDRO,2,8,0.3002,0.3002,0.3002,0.3002,0.3002,0.3002,0.3002,0.3002,0.3002,0.3002,0.3002,0.3002,0.3002,0.3002,0.3002,0.2837,0.1266,0.1717
CON3-1,MDRO,3,10,0.9365,0.6261,0.7343,0.6261,0.8315,0.6786,0.616,0.7343,0.2876,0.825,0.6051,0.7001,0.3781,0.3781,0.9365,0.6242,0.265,0.5031
CON3-1,MDRO,4,8,0.2358,0.236,0.236,0.236,0.2002,0.2123,0.2123,0.2178,0.1656,0.2358,0.1788,0.1957,0.1812,0.1467,0.2358,0.2525,0.1637,0.1334
CON3-1,MDRO,5,6,0.677,0.5396,0.5586,0.5396,0.5715,0.6209,0.6086,0.5403,0.3148,0.677,0.5396,0.5715,0.2344,0.2344,0.677,0.5462,0.1179,0.382
CON3-0,Det,0,9,1.8849,1.3742,1.6479,1.3742,1.6749,1.6543,1.8849,1.3734,0.6783,1.6707,1.3895,1.3601,0.5243,0.5243,1.8849,1.227,0.4751,1.0103
CON3-0,Det,1,12,29.1725,20.7737,34.8563,20.4009,20.7184,20.7461,18.7652,24.7615,20.6561,18.3307,19.0076,17.9196,15.4328,13.2637,18.3269,17.8584,13.2931,15.4763
CON3-0,Det,2,12,1.3806,0.9161,1.4994,0.9161,0.9416,1.0381,1.3287,1.418,0.5099,1.215,0.9263,0.9574,0.5271,0.5271,1.5797,0.8553,0.4129,0.7355
CON3-0,Det,3,17,69.2104,63.4257,65.684,63.1325,65.7096,64.4449,65.7568,64.6352,69.2104,63.0525,63.1784,62.695,62.6489,62.6849,62.6549,62.6148,62.3575,58.148
CON3-0,SAA,0,11,2.97,2.316,3.7281,2.316,2.5748,2.2185,2.3029,2.6136,1.3163,2.2266,2.1914,2.0167,1.0143,1.0143,2.4254,1.9639,0.8471,1.6753
CON3-0,SAA,1,8,1.4158,0.9464,1.3098,0.9464,1.0948,1.1419,0.9351,1.1606,0.3723,1.0521,0.946,0.9102,0.2754,0.2754,1.1038,0.9097,0.249,0.7889
CON3-0,SAA,2,11,1.255,0.8371,1.2993,0.8371,1.0063,1.0973,0.9695,1.0506,0.6468,1.1739,0.8337,0.7943,0.308,0.308,1.255,0.8031,0.3186,0.682
CON3-0,SAA,3,10,2.6992,2.0495,2.3754,2.028,2.6223,1.9237,1.9462,2.1902,1.2662,1.9333,2.0158,1.8815,0.7399,0.7399,1.8591,1.7355,0.7566,1.4759
CON3-0,SAA,4,10,4.264,3.0641,3.6411,3.166,4.0152,3.2939,4.0946,3.3995,3.152,3.3731,3.1602,3.1832,1.9794,1.9794,3.4056,2.9804,1.6908,2.3171
CON3-0,WDRO,0,7,0.6378,0.5509,0.5509,0.5509,0.4355,0.4967,0.5105,0.5585,0.1092,0.6378,0.5127,0.4743,0.1369,0.1369,0.6378,0.5007,0.1464,0.3623
CON3-0,WDRO,1,8,0.0,0.0,0.0,0.0,0.0,0.0,0.0,0.0,0.0,0.0,0.0,0.0,0.0,0.0,0.0,0.0,0.0,0.0
CON3-0,WDRO,2,10,0.1989,0.1989,0.1989,0.1989,0.1989,0.1989,0.1989,0.1989,0.1989,0.1989,0.1989,0.1989,0.1989,0.1989,0.1989,0.1823,0.1236,0.1115
CON3-0,WDRO,3,9,0.4713,0.5854,0.9124,0.5854,0.4888,0.3647,0.4713,0.5901,0.4248,0.4713,0.5313,0.52,0.3374,0.3374,0.4713,0.384,0.2026,0.2681
CON3-0,WDRO,4,7,0.221,0.2483,0.2613,0.2483,0.2673,0.1831,0.221,0.2609,0.117,0.221,0.2479,0.2474,0.1545,0.1545,0.221,0.1761,0.0927,0.1217
CON3-0,WDRO,5,9,0.5742,0.6596,0.6816,0.6596,0.4644,0.5138,0.5151,0.6009,0.3584,0.5742,0.4745,0.4836,0.3901,0.3901,0.5742,0.4605,0.2132,0.3233
CON3-0,Gounaris,0,9,2.5932,2.2871,3.1954,2.2871,2.5448,2.062,2.3537,2.817,1.1804,2.2441,1.9952,2.2416,1.177,1.177,2.4233,2.0034,0.8335,1.4935
CON3-0,Gounaris,1,9,2.6821,2.0471,2.7219,2.0471,2.3989,2.0948,2.1481,2.3437,1.139,2.1817,2.0403,1.9435,0.6878,0.6878,2.1057,1.9505,0.6414,1.5332
CON3-0,Gounaris,2,12,0.7494,0.5726,0.7173,0.5726,0.7395,0.5781,0.7494,0.6447,0.4907,0.7494,0.5514,0.5546,0.2803,0.2803,0.7494,0.5768,0.2877,0.4108
CON3-0,Gounaris,3,10,2.6992,2.0495,2.3754,2.028,2.6223,1.9237,1.9462,2.1902,1.2662,1.9333,2.0158,1.8815,0.7399,0.7399,1.8591,1.7355,0.7566,1.4759
CON3-0,Gounaris,4,10,4.2174,3.2923,3.6767,3.2688,3.861,3.205,3.267,3.6293,2.7307,3.1889,3.2547,2.9123,1.7373,1.7373,3.1579,2.896,1.5321,2.3045
CON3-0,Cui,0,8,2.3957,1.5971,1.857,1.5971,1.9605,1.8633,1.8595,1.7752,0.9836,1.601,1.596,1.612,0.6855,0.6855,1.665,1.4979,0.5442,1.3396
CON3-0,Cui,1,12,1.8673,1.4063,2.2224,1.4063,1.8871,1.4147,1.8673,1.4839,1.2377,1.4418,1.4019,1.3061,0.8405,0.8626,1.6442,1.321,0.83,0.9965
CON3-0,Cui,2,9,1.0767,0.9555,1.2196,0.9555,0.8713,0.9528,0.8396,0.9909,0.2597,0.9833,0.9555,0.8447,0.2647,0.2647,1.0767,0.8334,0.2601,0.6006
CON3-0,Cui,3,9,3.1767,2.2797,2.8329,2.3274,2.9962,2.3395,3.1767,2.2989,2.5152,2.3636,2.3265,2.2833,1.1375,1.1375,2.4367,2.1958,1.1274,1.7411
CON3-0,Cui,4,12,3.4632,2.8549,4.3635,2.8549,3.3812,2.4148,2.7159,3.3482,1.5081,2.414,2.482,2.4053,1.2062,1.2062,2.7829,2.3532,1.1043,1.9482
CON3-0,MDRO,0,8,0.3707,0.3358,0.3483,0.3358,0.3472,0.3592,0.3466,0.3325,0.2611,0.3707,0.3521,0.3396,0.183,0.183,0.3707,0.3454,0.1036,0.2076
CON3-0,MDRO,1,11,0.026,0.0472,0.2239,0.0472,0.026,0.026,0.026,0.0472,0.006,0.026,0.026,0.0296,0.015,0.015,0.026,0.026,0.0649,0.0148
CON3-0,MDRO,2,8,0.6076,0.7566,0.9087,0.7566,0.5744,0.6538,0.634,0.8342,0.6329,0.6076,0.4863,0.5044,0.2346,0.2346,0.6076,0.5488,0.2746,0.3477
CON3-0,MDRO,3,10,0.1049,0.0935,0.0935,0.0935,0.0937,0.0937,0.0966,0.1046,0.0819,0.1049,0.0819,0.0937,0.0618,0.0618,0.1049,0.1049,0.0338,0.0592
CON3-0,MDRO,4,5,0.0,0.0,0.0,0.0,0.0,0.0,0.0,0.0,0.0,0.0,0.0,0.0,0.0,0.0,0.0,0.0,0.0,0.0
CON3-0,MDRO,5,8,1.1385,0.9359,1.1884,0.9359,1.0665,0.8961,0.949,0.864,0.8472,1.1385,0.9121,0.771,0.3244,0.3244,1.1385,0.8394,0.307,0.6664
CON3-2,Det,0,3,0.0,0.0,0.0,0.0,0.0,0.0,0.0,0.0,0.0,0.0,0.0,0.0,0.0,0.0,0.0,0.0,0.0,0.0
CON3-2,Det,1,14,39.1357,24.4005,32.6692,23.7357,25.3441,33.3159,23.7746,27.7352,39.1357,23.5549,24.4675,23.0459,23.034,23.0223,23.09,23.0082,23.1711,19.2929
CON3-2,Det,2,16,42.4338,34.3671,36.9877,34.1229,36.5776,34.3222,34.6899,36.6971,42.4431,33.8726,34.4057,33.6402,33.52,33.4943,33.9439,33.8367,33.4868,30.2013
CON3-2,Det,3,17,32.8657,21.8768,23.9838,21.8368,23.7749,29.6344,32.8657,23.1948,31.8481,21.7162,21.55,21.7864,21.7864,21.296,21.9439,21.742,21.2754,15.3087
CON3-2,SAA,0,9,0.4576,0.3214,0.4544,0.3214,0.4576,0.4576,0.4576,0.421,0.232,0.4576,0.3205,0.3302,0.209,0.209,0.4576,0.3484,0.1421,0.2408
CON3-2,SAA,1,8,3.2941,2.4258,3.678,2.4258,2.6455,2.4231,2.3404,2.8837,1.2968,2.3652,2.4257,2.4295,1.1141,1.1959,2.5026,2.2758,1.0339,1.8955
CON3-2,SAA,2,13,0.685,0.9082,1.3316,0.9082,0.5008,0.6722,0.685,0.924,0.2186,0.685,0.4744,0.4533,0.2015,0.2015,0.685,0.4452,0.2101,0.3709
CON3-2,SAA,3,9,1.4046,1.3497,1.5181,1.3497,1.3031,1.0798,1.437,1.3448,0.85,1.3812,1.3328,1.0586,0.4142,0.4142,1.1549,0.9681,0.3488,0.759
CON3-2,SAA,4,11,1.4585,0.9937,1.5848,0.9937,1.3364,0.9083,0.9121,1.1792,0.5953,0.9462,0.9381,0.9272,0.3817,0.3817,1.1338,0.935,0.4035,0.7845
CON3-2,WDRO,0,9,0.5054,0.4651,0.5192,0.4651,0.3951,0.4173,0.3546,0.4719,0.1719,0.5208,0.3324,0.3829,0.1517,0.1517,0.5054,0.3255,0.1191,0.2834
CON3-2,WDRO,1,7,0.4366,0.2993,0.4031,0.2993,0.4051,0.3231,0.3245,0.2993,0.2215,0.4366,0.3124,0.3224,0.2156,0.2027,0.4366,0.3189,0.1494,0.2622
CON3-2,WDRO,2,8,0.1984,0.1851,0.1837,0.1703,0.2146,0.1984,0.1984,0.1837,0.1297,0.1984,0.1703,0.1469,0.0996,0.0996,0.1984,0.1951,0.0967,0.1051
CON3-2,WDRO,3,12,0.5392,0.8354,1.0114,0.8464,0.5108,0.3833,0.3381,0.8392,0.3074,0.5392,0.3862,0.37,0.1688,0.1688,0.5392,0.3459,0.1517,0.296
CON3-2,WDRO,4,6,0.0,0.0,0.0,0.0,0.0,0.0,0.0,0.0,0.0,0.0,0.0,0.0,0.0,0.0,0.0,0.0,0.0,0.0
CON3-2,WDRO,5,8,0.0,0.0,0.0,0.0,0.0,0.0,0.0,0.0,0.0,0.0,0.0,0.0,0.0,0.0,0.0,0.0,0.0,0.0
CON3-2,Gounaris,0,9,4.4168,3.2038,4.1746,3.2038,4.2418,3.104,3.1635,3.9701,2.0606,3.3919,3.2024,3.1237,1.9176,1.7867,3.3668,3.1393,1.5636,2.5135
CON3-2,Gounaris,1,12,1.6298,1.6287,2.2835,1.6287,1.2313,1.3424,1.3099,1.6515,0.7847,1.3047,1.22,1.3014,0.5723,0.5723,1.3234,1.1958,0.451,0.9158
CON3-2,Gounaris,2,7,0.0,0.0,0.0,0.0,0.0,0.0,0.0,0.0,0.0,0.0,0.0,0.0,0.0,0.0,0.0,0.0,0.0394,0.0
CON3-2,Gounaris,3,9,0.9255,0.6273,0.8754,0.6163,0.8711,0.8703,0.9255,0.7627,0.3794,0.8454,0.6163,0.6153,0.2665,0.2691,0.9255,0.6498,0.2598,0.4836
CON3-2,Gounaris,4,13,2.2692,1.7691,3.1584,1.7727,2.177,1.8976,2.2692,1.9109,0.9707,1.5358,1.5269,1.523,0.7257,0.7257,1.7685,1.5073,0.6547,1.2236
CON3-2,Cui,0,8,3.2941,2.4258,3.678,2.4258,2.6455,2.4231,2.3404,2.8837,1.2968,2.3652,2.4257,2.4295,1.1141,1.1959,2.5026,2.2758,1.0339,1.8955
CON3-2,Cui,1,13,0.685,0.9082,1.3316,0.9082,0.5008,0.6722,0.685,0.924,0.2186,0.685,0.4744,0.4533,0.2015,0.2015,0.685,0.4452,0.2101,0.3709
CON3-2,Cui,2,10,1.7179,1.3899,1.7704,1.3899,1.6921,1.4497,1.648,1.3154,0.7212,1.1164,1.2323,1.2037,0.4648,0.4648,1.2594,1.0683,0.4557,0.9249
CON3-2,Cui,3,9,0.4576,0.3214,0.4544,0.3214,0.4576,0.4576,0.4576,0.421,0.232,0.4576,0.3205,0.3302,0.209,0.209,0.4576,0.3484,0.1421,0.2408
CON3-2,Cui,4,10,1.0767,0.842,1.1602,0.842,0.9189,0.9323,0.9999,0.904,0.5712,0.8388,0.8648,0.7406,0.2525,0.2525,1.1413,0.7647,0.2866,0.5951
CON3-2,MDRO,0,9,0.5054,0.4651,0.5192,0.4651,0.3951,0.4173,0.3546,0.4719,0.1719,0.5208,0.3324,0.3829,0.1517,0.1517,0.5054,0.3255,0.1191,0.2834
CON3-2,MDRO,1,8,0.1417,0.1545,0.1539,0.1545,0.1417,0.1417,0.1417,0.1539,0.1183,0.1417,0.1539,0.1206,0.0475,0.0475,0.1417,0.1795,0.077,0.0752
CON3-2,MDRO,2,7,1.1094,0.8542,1.0594,0.8542,0.8869,0.8968,0.8956,0.8482,0.5047,0.8613,0.8381,0.8352,0.4294,0.4492,1.1094,0.8906,0.4173,0.657
CON3-2,MDRO,3,12,0.5392,0.8354,1.0114,0.8464,0.5108,0.3833,0.3381,0.8392,0.3074,0.5392,0.3862,0.37,0.1688,0.1688,0.5392,0.3459,0.1517,0.296
CON3-2,MDRO,4,6,0.0,0.0,0.0,0.0,0.0,0.0,0.0,0.0,0.0,0.0,0.0,0.0,0.0,0.0,0.0,0.0,0.0,0.0
CON3-2,MDRO,5,8,0.0,0.0,0.0,0.0,0.0,0.0,0.0,0.0,0.0,0.0,0.0,0.0,0.0,0.0,0.0,0.0,0.0,0.0
CON3-3,Det,0,3,0.0,0.0,0.0,0.0,0.0,0.0,0.0,0.0,0.0,0.0,0.0,0.0,0.0,0.0,0.0,0.0,0.0,0.0
CON3-3,Det,1,14,46.2377,30.4214,45.7993,29.2153,31.2752,35.1001,28.5933,38.1676,41.556,27.576,29.1143,27.6125,27.6125,25.3462,27.491,27.587,24.9196,23.1965
CON3-3,Det,2,14,32.3943,20.6369,25.1831,20.3624,21.581,27.3153,20.2906,23.8833,32.4462,19.8543,20.2994,19.8315,19.3396,19.356,20.044,19.827,19.3773,16.4295
CON3-3,Det,3,19,51.9154,28.0575,31.1604,27.9672,31.6962,28.3896,31.7879,30.2861,51.4528,28.0134,27.667,27.854,27.5889,27.7046,27.5674,27.6206,27.4226,22.6199
CON3-3,SAA,0,7,3.5839,2.5085,3.2089,2.5085,2.7153,2.5779,2.3606,2.7765,1.0446,2.494,2.5126,2.3953,0.9429,0.9429,2.4485,2.4462,0.8348,1.9896
CON3-3,SAA,1,10,4.8888,3.751,5.0065,3.751,4.9598,3.4183,3.771,4.3259,2.2349,3.4659,3.5948,3.3776,1.7427,1.7451,3.4691,3.3088,1.7453,2.6946
CON3-3,SAA,2,13,2.6912,2.0855,4.181,2.0855,2.1315,2.1053,1.9357,2.5454,1.3395,2.0935,1.7988,1.7972,0.8083,0.7963,2.3079,1.8598,0.7765,1.4425
CON3-3,SAA,3,11,2.3159,1.9382,4.2983,1.9382,1.7265,1.7866,1.7478,2.1763,0.7148,1.7662,1.7399,1.7594,0.7821,0.7821,1.739,1.7064,0.7282,1.3284
CON3-3,SAA,4,9,2.9513,2.4805,3.221,2.4805,2.1747,2.4136,2.1998,2.8457,1.0963,2.4361,2.4814,2.2189,0.948,0.9389,2.2226,2.147,0.7743,1.6778
CON3-3,WDRO,0,5,0.2463,0.2588,0.2361,0.2698,0.2463,0.1955,0.2463,0.2361,0.0753,0.2463,0.1828,0.198,0.076,0.076,0.2463,0.2463,0.0561,0.1367
CON3-3,WDRO,1,5,0.6143,0.6135,0.6637,0.6135,0.5455,0.5513,0.5654,0.6467,0.2722,0.6143,0.6135,0.5549,0.1627,0.1627,0.6143,0.4551,0.1733,0.3458
CON3-3,WDRO,2,13,0.4778,0.3603,0.4888,0.3603,0.3184,0.3301,0.3152,0.3782,0.117,0.4778,0.3215,0.3135,0.1097,0.1097,0.4778,0.3141,0.1271,0.2695
CON3-3,WDRO,3,9,0.4057,0.3932,0.4902,0.3932,0.3334,0.3465,0.3465,0.3932,0.1724,0.4057,0.3539,0.4061,0.2029,0.2029,0.4057,0.3465,0.1241,0.2488
CON3-3,WDRO,4,10,0.7376,0.8556,1.2955,0.8556,0.8221,0.552,0.7222,0.9581,0.6179,0.7376,0.6451,0.645,0.3262,0.3262,0.7376,0.5601,0.3088,0.4193
CON3-3,WDRO,5,8,0.7313,0.5866,0.6406,0.5866,0.6148,0.6612,0.6101,0.5663,0.2928,0.7313,0.6098,0.5797,0.2393,0.2393,0.7313,0.558,0.2057,0.4315
CON3-3,Gounaris,0,8,2.4261,1.8007,2.1951,1.8007,2.0555,1.7495,1.8156,2.073,0.8477,1.7954,1.8104,1.8833,0.689,0.689,1.7973,1.7837,0.6231,1.3718
CON3-3,Gounaris,1,8,3.9008,2.8422,3.7284,2.8422,2.7674,3.0685,2.6006,3.1116,0.9951,2.7906,2.7675,2.5939,0.8111,0.8111,2.7041,2.5488,0.8423,2.2241
CON3-3,Gounaris,2,11,3.5139,2.5541,4.2017,2.5541,2.7269,2.9685,2.84,2.7413,1.4997,2.5145,2.4714,2.4782,1.2333,1.2333,2.4432,2.3721,1.1897,1.9267
CON3-3,Gounaris,3,13,2.9112,2.0696,3.4281,2.0696,2.4783,2.272,2.0305,2.7663,1.3292,2.1696,2.0539,1.9143,0.9786,0.9284,2.1414,1.9583,0.8834,1.5611
CON3-3,Gounaris,4,10,3.6182,2.6665,5.4028,2.6665,2.9734,3.1725,2.5668,3.0136,1.3954,3.0348,2.6509,2.6751,1.4448,1.4448,2.5844,2.508,1.2359,2.1184
CON3-3,Cui,0,4,0.5386,0.3886,0.4111,0.3886,0.5386,0.5386,0.4602,0.4104,0.2335,0.5386,0.3886,0.4265,0.1883,0.1883,0.5386,0.4669,0.1878,0.3036
CON3-3,Cui,1,10,1.1227,0.8026,1.0163,0.8026,0.8633,1.051,0.988,0.7848,0.4503,0.9246,0.8161,0.8469,0.393,0.393,1.1227,0.7631,0.3784,0.5997
CON3-3,Cui,2,8,3.3665,2.7012,3.5063,2.7012,2.7904,2.4983,2.6465,3.0528,1.4007,2.5139,2.5456,2.4876,1.2763,1.2793,2.551,2.5023,1.2226,1.8976
CON3-3,Cui,3,13,1.381,1.0505,1.415,1.0505,0.9063,1.0613,0.8935,1.0987,0.412,0.9039,0.9038,0.899,0.4265,0.4265,1.2832,0.8726,0.378,0.7628
CON3-3,Cui,4,11,0.7247,0.5701,0.7543,0.5701,0.6628,0.6143,0.6898,0.6178,0.5886,0.6939,0.579,0.609,0.3071,0.3071,0.7247,0.6287,0.2886,0.4199
CON3-3,Cui,5,4,0.0,0.0,0.0,0.0,0.0,0.0,0.0,0.0,0.0,0.0,0.0,0.0,0.0,0.0,0.0,0.0,0.0,0.0
CON3-3,MDRO,0,11,0.6792,0.7064,1.2876,0.7064,0.5478,0.4552,0.5043,0.6766,0.2016,0.5893,0.5177,0.512,0.2273,0.2273,0.6792,0.451,0.2178,0.3787
CON3-3,MDRO,1,4,0.4294,0.3122,0.3122,0.3122,0.3466,0.3347,0.3225,0.3122,0.1264,0.4294,0.3584,0.3347,0.1607,0.1607,0.4294,0.3229,0.1164,0.2393
CON3-3,MDRO,2,13,0.4778,0.3603,0.4888,0.3603,0.3184,0.3301,0.3152,0.3782,0.117,0.4778,0.3215,0.3135,0.1097,0.1097,0.4778,0.3141,0.1271,0.2695
CON3-3,MDRO,3,5,0.2463,0.2588,0.2361,0.2698,0.2463,0.1955,0.2463,0.2361,0.0753,0.2463,0.1828,0.198,0.076,0.076,0.2463,0.2463,0.0561,0.1367
CON3-3,MDRO,4,10,0.8398,0.7205,0.9713,0.7205,0.8178,0.7233,0.7692,0.8184,0.489,0.8398,0.6485,0.5947,0.2564,0.2564,0.8398,0.6264,0.2486,0.4755
CON3-3,MDRO,5,7,0.5968,0.5542,0.6209,0.5542,0.4331,0.5207,0.5132,0.566,0.1778,0.5968,0.4713,0.4756,0.199,0.199,0.5968,0.4489,0.1745,0.3307
CON3-4,Det,0,2,0.0,0.0,0.0,0.0,0.0,0.0,0.0,0.0,0.0,0.0,0.0,0.0,0.0,0.0,0.0,0.0,0.0,0.0
CON3-4,Det,1,13,45.4479,27.8743,31.0334,27.7351,29.3919,34.2041,27.3273,29.3004,43.6969,27.2151,27.9886,27.0097,27.0097,25.8978,27.1463,26.9125,26.1913,22.0299
CON3-4,Det,2,22,73.1099,45.3464,46.6061,45.075,45.9686,54.1909,72.911,45.2771,73.1099,43.8616,44.8508,43.8697,43.8664,43.8385,44.2405,43.3645,43.4333,31.5258
CON3-4,Det,3,13,40.6243,25.5025,25.8803,25.3882,27.2951,26.1928,26.1454,25.8096,40.6243,25.1942,25.2744,25.1326,25.1279,25.1034,25.6631,25.1345,25.051,18.9611
CON3-4,SAA,0,12,2.4141,2.5401,2.7812,2.464,2.4245,1.9744,2.3866,2.4905,1.588,2.0363,1.9592,1.9594,0.7488,0.7488,2.1161,1.8689,0.6851,1.3746
CON3-4,SAA,1,8,0.6896,0.5488,0.5488,0.5488,0.5564,0.6896,0.6896,0.5325,0.25,0.6896,0.5488,0.5372,0.2743,0.2743,0.6896,0.5124,0.1656,0.3856
CON3-4,SAA,2,9,1.7116,1.4286,2.2482,1.4286,1.3208,1.4105,1.5022,1.8478,0.7054,1.5447,1.352,1.3637,0.6078,0.6078,1.7116,1.3588,0.5099,0.9973
CON3-4,SAA,3,9,1.8782,1.285,1.6087,1.285,1.2919,1.5081,1.4851,1.4585,0.5057,1.4151,1.2963,1.2544,0.5624,0.5624,1.3084,1.2033,0.4086,1.0433
CON3-4,SAA,4,12,1.4992,1.2111,1.9279,1.2111,1.3005,1.2577,1.1429,1.275,0.7306,1.4327,1.1479,1.1441,0.5965,0.5965,1.4992,1.124,0.4916,0.8144
CON3-4,WDRO,0,11,0.0556,0.0556,0.0556,0.0556,0.0556,0.0556,0.0556,0.0556,0.0556,0.0556,0.0556,0.0556,0.0556,0.0556,0.0556,0.0462,0.0261,0.0307
CON3-4,WDRO,1,5,0.0,0.0,0.0,0.0,0.0,0.0,0.0,0.0,0.0,0.0,0.0,0.0,0.0,0.0,0.0,0.0,0.0,0.0
CON3-4,WDRO,2,8,0.0618,0.0618,0.0618,0.0618,0.0618,0.0618,0.0618,0.0618,0.0618,0.0618,0.0618,0.0618,0.0618,0.0618,0.0618,0.0618,0.0597,0.0348
CON3-4,WDRO,3,8,0.3005,0.3047,0.3826,0.3047,0.2342,0.2723,0.2469,0.3661,0.0928,0.3005,0.1968,0.2243,0.1065,0.1065,0.3005,0.1963,0.0633,0.1661
CON3-4,WDRO,4,11,0.2185,0.2185,0.2185,0.2185,0.2185,0.2185,0.2185,0.2185,0.2185,0.2185,0.2185,0.2185,0.2185,0.2185,0.2185,0.1716,0.062,0.122
CON3-4,WDRO,5,7,0.1059,0.1503,0.1533,0.1503,0.0704,0.1059,0.1059,0.1521,0.0464,0.1059,0.0827,0.1267,0.0728,0.0728,0.1059,0.1005,0.046,0.0589
CON3-4,Gounaris,0,12,3.856,3.4274,5.3608,3.4274,2.9672,2.9723,3.0312,3.8565,1.3216,2.9108,2.8541,2.8145,1.1597,1.1597,2.9484,2.7493,1.0383,2.2851
CON3-4,Gounaris,1,9,0.9359,0.762,0.9228,0.762,0.8184,0.7524,0.9359,0.7789,0.2442,0.9359,0.6883,0.6415,0.2144,0.2144,0.9359,0.6657,0.2293,0.5244
CON3-4,Gounaris,2,9,1.7116,1.4286,2.2482,1.4286,1.3208,1.4105,1.5022,1.8478,0.7054,1.5447,1.352,1.3637,0.6078,0.6078,1.7116,1.3588,0.5099,0.9973
CON3-4,Gounaris,3,8,1.6641,1.2536,1.4475,1.2047,1.3814,1.1748,1.4058,1.3923,0.6675,1.3287,1.2446,1.1517,0.6644,0.6644,1.7176,1.1201,0.5139,0.9329
CON3-4,Gounaris,4,12,0.5469,0.4151,1.0049,0.4151,0.4741,0.5232,0.5232,0.5481,0.2743,0.5469,0.38,0.4523,0.3012,0.3012,0.5469,0.3677,0.2035,0.2994
CON3-4,Cui,0,12,2.4141,2.5401,2.7812,2.464,2.4245,1.9744,2.3866,2.4905,1.588,2.0363,1.9592,1.9594,0.7488,0.7488,2.1161,1.8689,0.6851,1.3746
CON3-4,Cui,1,8,0.6896,0.5488,0.5488,0.5488,0.5564,0.6896,0.6896,0.5325,0.25,0.6896,0.5488,0.5372,0.2743,0.2743,0.6896,0.5124,0.1656,0.3856
CON3-4,Cui,2,9,1.7116,1.4286,2.2482,1.4286,1.3208,1.4105,1.5022,1.8478,0.7054,1.5447,1.352,1.3637,0.6078,0.6078,1.7116,1.3588,0.5099,0.9973
CON3-4,Cui,3,9,1.8782,1.285,1.6087,1.285,1.2919,1.5081,1.4851,1.4585,0.5057,1.4151,1.2963,1.2544,0.5624,0.5624,1.3084,1.2033,0.4086,1.0433
CON3-4,Cui,4,12,1.4992,1.2111,1.9279,1.2111,1.3005,1.2577,1.1429,1.275,0.7306,1.4327,1.1479,1.1441,0.5965,0.5965,1.4992,1.124,0.4916,0.8144
CON3-4,MDRO,0,11,0.0556,0.0556,0.0556,0.0556,0.0556,0.0556,0.0556,0.0556,0.0556,0.0556,0.0556,0.0556,0.0556,0.0556,0.0556,0.0462,0.0261,0.0307
CON3-4,MDRO,1,5,0.0,0.0,0.0,0.0,0.0,0.0,0.0,0.0,0.0,0.0,0.0,0.0,0.0,0.0,0.0,0.0,0.0,0.0
CON3-4,MDRO,2,9,0.5055,0.4856,0.6027,0.4856,0.468,0.4946,0.468,0.5066,0.2553,0.5055,0.4652,0.4228,0.268,0.268,0.5055,0.3592,0.1257,0.2894
CON3-4,MDRO,3,7,0.0,0.0,0.0,0.0,0.0,0.0,0.0,0.0,0.0,0.0,0.0,0.0,0.0,0.0,0.0,0.0,0.0292,0.0
CON3-4,MDRO,4,11,0.2185,0.2185,0.2185,0.2185,0.2185,0.2185,0.2185,0.2185,0.2185,0.2185,0.2185,0.2185,0.2185,0.2185,0.2185,0.1716,0.062,0.122
CON3-4,MDRO,5,7,0.1059,0.1503,0.1533,0.1503,0.0704,0.1059,0.1059,0.1521,0.0464,0.1059,0.0827,0.1267,0.0728,0.0728,0.1059,0.1005,0.046,0.0589
CON3-5,Det,0,14,43.9753,27.4855,31.3155,28.1018,35.7783,30.9999,33.8015,31.3569,41.42,27.3993,27.6094,27.8641,27.4119,27.3681,27.5844,27.5717,27.3417,20.2702
CON3-5,Det,1,19,65.0298,49.9448,50.4939,50.0886,51.0329,51.4771,63.8711,50.3513,65.0298,49.2313,49.6644,49.3206,49.3206,49.3206,49.4693,49.089,49.0588,38.3192
CON3-5,Det,2,15,43.3446,34.5791,35.2669,34.3261,35.9194,35.0064,43.3446,34.632,43.6843,34.5367,34.3089,34.5347,34.3577,34.3426,34.5072,34.4649,34.1867,27.6732
CON3-5,Det,3,2,0.0,0.0,0.0,0.0,0.0,0.0,0.0,0.0,0.0,0.0,0.0,0.0,0.0,0.0,0.0,0.0,0.0,0.0
CON3-5,SAA,0,8,1.6289,1.4267,1.8416,1.4267,1.4737,1.3242,1.5592,1.7905,1.0541,1.3597,1.3411,1.3006,0.612,0.612,1.3945,1.2794,0.5909,0.9032
CON3-5,SAA,1,8,1.7044,1.3216,1.575,1.3216,1.3266,1.5035,1.2394,1.4437,0.5302,1.1974,1.3216,1.173,0.56,0.56,1.4874,1.1241,0.3825,0.9394
CON3-5,SAA,2,10,0.5133,0.7272,0.889,0.7272,0.415,0.429,0.41,0.7237,0.2673,0.5133,0.3657,0.367,0.2034,0.2015,0.5133,0.3542,0.2021,0.2807
CON3-5,SAA,3,9,0.1319,0.2066,0.2218,0.2066,0.0965,0.1319,0.1319,0.2218,0.066,0.1319,0.1302,0.1093,0.0889,0.0889,0.1319,0.1681,0.1023,0.0739
CON3-5,SAA,4,15,2.8716,2.0158,3.2934,2.0158,2.3128,2.1653,2.3573,2.1567,1.2877,2.1241,1.9346,1.8499,1.0035,0.9994,2.4113,1.8272,0.9248,1.5206
CON3-5,WDRO,0,5,0.0,0.0,0.0,0.0,0.0,0.0,0.0,0.0,0.0,0.0,0.0,0.0,0.0,0.0,0.0,0.0,0.0,0.0
CON3-5,WDRO,1,9,0.0858,0.1616,0.2857,0.1616,0.0715,0.0858,0.0715,0.1849,0.0458,0.0858,0.0723,0.1255,0.0533,0.0533,0.0858,0.0858,0.0656,0.0504
CON3-5,WDRO,2,10,0.1196,0.1891,0.3557,0.1891,0.1196,0.1057,0.1057,0.3485,0.1829,0.1196,0.1686,0.1349,0.054,0.054,0.1196,0.1349,0.0742,0.0659
CON3-5,WDRO,3,7,0.0791,0.0791,0.0791,0.0791,0.0791,0.0791,0.0791,0.0791,0.0791,0.0791,0.0791,0.0791,0.0791,0.0791,0.0791,0.0791,0.0392,0.0441
CON3-5,WDRO,4,11,0.0953,0.1995,0.3526,0.1995,0.0741,0.0953,0.0953,0.1751,0.0316,0.0953,0.0542,0.0838,0.0766,0.0766,0.0953,0.0953,0.0488,0.0542
CON3-5,WDRO,5,8,0.4218,0.3571,0.4889,0.3571,0.4104,0.2778,0.2495,0.4079,0.2949,0.4218,0.2632,0.2632,0.0907,0.0907,0.4218,0.2598,0.1012,0.231
CON3-5,Gounaris,0,9,3.5611,2.5401,2.8647,2.5401,3.2886,2.5919,2.4738,2.66,2.0078,2.8392,2.4711,2.3859,1.2293,1.2576,2.6832,2.2711,1.2446,1.9278
CON3-5,Gounaris,1,8,0.3424,0.371,0.3741,0.371,0.2629,0.264,0.2517,0.3739,0.1114,0.3424,0.371,0.2526,0.0694,0.0694,0.3424,0.2099,0.0943,0.1922
CON3-5,Gounaris,2,10,0.517,0.501,0.5844,0.501,0.3826,0.454,0.4142,0.5199,0.1912,0.517,0.3662,0.3847,0.1541,0.1355,0.517,0.3615,0.1573,0.2999
CON3-5,Gounaris,3,9,0.1319,0.2066,0.2218,0.2066,0.0965,0.1319,0.1319,0.2218,0.066,0.1319,0.1302,0.1093,0.0889,0.0889,0.1319,0.1681,0.1023,0.0739
CON3-5,Gounaris,4,14,3.2258,2.3723,3.2715,2.3723,2.6357,2.4044,2.4235,2.5398,1.3753,2.4205,2.2157,2.1275,1.0811,1.0811,2.7082,2.0487,0.9646,1.7267
CON3-5,Cui,0,8,1.6289,1.4267,1.8416,1.4267,1.4737,1.3242,1.5592,1.7905,1.0541,1.3597,1.3411,1.3006,0.612,0.612,1.3945,1.2794,0.5909,0.9032
CON3-5,Cui,1,7,0.2905,0.3007,0.308,0.3007,0.2793,0.2793,0.2793,0.308,0.1287,0.2905,0.3007,0.2462,0.1089,0.1089,0.2905,0.1945,0.0526,0.1627
CON3-5,Cui,2,11,2.2472,1.8529,3.014,1.8529,1.7733,1.7562,1.5767,2.2836,1.078,1.539,1.6409,1.5591,0.8726,0.9334,1.7869,1.4903,0.9256,1.2616
CON3-5,Cui,3,9,0.1319,0.2066,0.2218,0.2066,0.0965,0.1319,0.1319,0.2218,0.066,0.1319,0.1302,0.1093,0.0889,0.0889,0.1319,0.1681,0.1023,0.0739
CON3-5,Cui,4,15,2.8716,2.0158,3.2934,2.0158,2.3128,2.1653,2.3573,2.1567,1.2877,2.1241,1.9346,1.8499,1.0035,0.9994,2.4113,1.8272,0.9248,1.5206
CON3-5,MDRO,0,5,0.0,0.0,0.0,0.0,0.0,0.0,0.0,0.0,0.0,0.0,0.0,0.0,0.0,0.0,0.0,0.0,0.0,0.0
CON3-5,MDRO,1,9,0.0858,0.1616,0.2857,0.1616,0.0715,0.0858,0.0715,0.1849,0.0458,0.0858,0.0723,0.1255,0.0533,0.0533,0.0858,0.0858,0.0656,0.0504
CON3-5,MDRO,2,11,0.6347,0.6212,0.9392,0.6212,0.4705,0.6128,0.4936,0.7253,0.2645,0.6347,0.4805,0.5337,0.3122,0.3122,0.6347,0.4875,0.2165,0.3576
CON3-5,MDRO,3,6,0.026,0.026,0.026,0.026,0.026,0.026,0.026,0.026,0.026,0.026,0.026,0.026,0.026,0.026,0.026,0.026,0.026,0.0147
CON3-5,MDRO,4,11,0.0953,0.1995,0.3526,0.1995,0.0741,0.0953,0.0953,0.1751,0.0316,0.0953,0.0542,0.0838,0.0766,0.0766,0.0953,0.0953,0.0488,0.0542
CON3-5,MDRO,5,8,0.4218,0.3571,0.4889,0.3571,0.4104,0.2778,0.2495,0.4079,0.2949,0.4218,0.2632,0.2632,0.0907,0.0907,0.4218,0.2598,0.1012,0.231
CON3-6,Det,0,18,64.7533,48.5204,52.8226,48.3148,49.3548,58.6365,57.1997,50.4264,64.7533,48.3515,48.4623,47.9088,47.8812,47.8812,48.213,47.6174,47.5117,39.8182
CON3-6,Det,1,12,10.1619,7.1415,9.4938,6.8845,8.533,8.555,10.1619,7.6049,8.0497,6.8249,6.8959,6.8243,6.0254,5.474,6.7971,6.683,5.2659,5.1946
CON3-6,Det,2,17,42.2924,24.1576,25.9944,23.97,26.6065,27.6459,42.1073,25.9434,40.9108,22.4326,23.9851,22.424,21.909,22.0476,23.4371,22.4478,21.9066,18.3615
CON3-6,Det,3,3,0.0,0.0,0.0,0.0,0.0,0.0,0.0,0.0,0.0,0.0,0.0,0.0,0.0,0.0,0.0,0.0,0.0,0.0
CON3-6,SAA,0,9,0.213,0.1649,0.4767,0.1649,0.19,0.2022,0.2022,0.1983,0.1032,0.213,0.1729,0.1598,0.0482,0.0482,0.213,0.2136,0.0729,0.1173
CON3-6,SAA,1,8,1.2292,1.0039,1.0039,1.0039,1.1196,0.9914,1.2292,1.0016,0.5059,1.2292,0.9911,0.9078,0.41,0.41,1.2292,0.9034,0.3355,0.6924
CON3-6,SAA,2,10,0.2904,0.269,0.269,0.269,0.2904,0.2904,0.2904,0.2819,0.2367,0.2904,0.2215,0.2355,0.0981,0.0981,0.2904,0.205,0.0981,0.1552
CON3-6,SAA,3,11,3.3677,2.4868,3.4708,2.4401,2.9723,2.4297,3.1206,3.1139,2.382,2.6618,2.3174,2.315,1.3525,1.2995,2.5538,2.2647,1.1318,1.8261
CON3-6,SAA,4,12,2.4646,1.9183,2.7238,1.9183,1.7585,1.9886,1.8987,2.2336,0.7882,1.8138,1.8016,1.6417,0.7626,0.7581,2.0906,1.5443,0.5764,1.363
CON3-6,WDRO,0,12,0.2226,0.3267,0.5704,0.3267,0.2001,0.2226,0.2105,0.3077,0.1764,0.2226,0.2001,0.2001,0.1134,0.1134,0.2226,0.17,0.0795,0.1275
CON3-6,WDRO,1,6,0.0526,0.0926,0.0926,0.0926,0.03,0.0526,0.0526,0.077,0.0164,0.0526,0.0926,0.06,0.0164,0.0164,0.0526,0.0526,0.036,0.03
CON3-6,WDRO,2,10,0.3927,0.5104,0.6375,0.5104,0.3927,0.3927,0.3927,0.4789,0.153,0.3927,0.3447,0.318,0.2351,0.2351,0.3927,0.3149,0.1506,0.2163
CON3-6,WDRO,3,6,0.0,0.0,0.0,0.0,0.0,0.0,0.0,0.0,0.0,0.0,0.0,0.0,0.0,0.0,0.0,0.0,0.0261,0.0
CON3-6,WDRO,4,6,0.0,0.0,0.0,0.0,0.0,0.0,0.0,0.0,0.0,0.0,0.0,0.0,0.0,0.0,0.0,0.0,0.0,0.0
CON3-6,WDRO,5,10,0.3037,0.2976,0.3757,0.2976,0.3112,0.3037,0.3037,0.291,0.2467,0.3037,0.2842,0.279,0.1646,0.1646,0.3037,0.2473,0.1125,0.1686
CON3-6,Gounaris,0,8,0.1567,0.1336,0.1336,0.1336,0.1146,0.1567,0.1567,0.1324,0.0691,0.1567,0.1288,0.1288,0.0509,0.0509,0.1567,0.1567,0.057,0.0876
CON3-6,Gounaris,1,9,1.0794,0.9094,0.9775,0.9094,0.8683,0.8494,0.8161,0.9299,0.4368,0.9453,0.9091,0.7799,0.3485,0.3485,1.0794,0.7397,0.305,0.5953
CON3-6,Gounaris,2,10,0.2922,0.269,0.2905,0.269,0.2922,0.2922,0.2922,0.269,0.2554,0.2922,0.2215,0.2225,0.103,0.103,0.2922,0.2073,0.0981,0.1555
CON3-6,Gounaris,3,12,4.4058,3.605,5.3784,3.6024,4.2354,3.7773,3.6203,4.0588,2.1097,3.2263,3.3571,3.1452,1.5246,1.5246,3.2638,3.0979,1.4393,2.4446
CON3-6,Gounaris,4,11,2.2439,2.1723,2.5821,2.0045,1.9438,1.5595,2.2439,2.2289,0.8421,1.7914,1.7404,1.5285,0.6174,0.6801,1.7684,1.5445,0.6254,1.2829
CON3-6,Cui,0,8,0.5147,0.5316,0.6047,0.5316,0.3945,0.5147,0.5147,0.5882,0.2075,0.5147,0.4274,0.4219,0.1544,0.1544,0.5147,0.4445,0.1602,0.2812
CON3-6,Cui,1,9,1.0794,0.9094,0.9775,0.9094,0.8683,0.8494,0.8161,0.9299,0.4368,0.9453,0.9091,0.7799,0.3485,0.3485,1.0794,0.7397,0.305,0.5953
CON3-6,Cui,2,12,2.7433,2.152,3.1486,2.152,2.775,2.04,2.0538,2.4884,1.2205,1.992,2.1124,1.9043,0.75,0.7809,2.2737,1.9297,0.7686,1.6084
CON3-6,Cui,3,8,0.2332,0.1506,0.1506,0.1506,0.1995,0.2332,0.2332,0.1503,0.1246,0.2332,0.1319,0.1298,0.0308,0.0308,0.2332,0.2332,0.0308,0.1295
CON3-6,Cui,4,13,3.0594,2.5553,2.7176,2.3851,2.9095,2.3408,3.0594,2.5909,2.2195,2.3195,2.1452,2.1446,1.3135,1.2816,2.769,2.0656,1.1996,1.5562
CON3-6,MDRO,0,11,0.2522,0.2744,0.2905,0.2744,0.2424,0.2156,0.2522,0.2905,0.1083,0.2522,0.2395,0.217,0.0661,0.0661,0.2522,0.2171,0.0798,0.1377
CON3-6,MDRO,1,6,0.0526,0.0926,0.0926,0.0926,0.03,0.0526,0.0526,0.077,0.0164,0.0526,0.0926,0.06,0.0164,0.0164,0.0526,0.0526,0.036,0.03
CON3-6,MDRO,2,9,0.0,0.0,0.0,0.0,0.0,0.0,0.0,0.0,0.0,0.0,0.0,0.0,0.0,0.0,0.0,0.0,0.0,0.0
CON3-6,MDRO,3,5,0.0,0.0,0.0,0.0,0.0,0.0,0.0,0.0,0.0,0.0,0.0,0.0,0.0,0.0,0.0,0.0,0.0,0.0
CON3-6,MDRO,4,9,0.6201,0.5165,0.6429,0.5165,0.4768,0.4656,0.4767,0.5165,0.1527,0.6201,0.4964,0.4498,0.157,0.157,0.6201,0.4551,0.137,0.3565
CON3-6,MDRO,5,10,0.66,0.9328,1.3012,0.9328,0.4538,0.411,0.6135,0.9317,0.2243,0.9589,0.4209,0.419,0.1441,0.1441,0.66,0.438,0.1465,0.3785
CON3-7,Det,0,13,24.3829,16.4259,19.4432,15.8341,17.3098,21.3363,24.2693,18.9802,24.3829,15.6864,15.7745,15.5528,15.4887,15.5055,15.826,15.4203,15.366,12.6138
CON3-7,Det,1,19,44.3323,28.6813,31.2988,28.1854,29.7564,34.6139,44.1863,29.5793,44.3323,27.3853,28.1753,26.954,26.954,26.954,27.1213,26.9628,26.8375,19.8027
CON3-7,Det,2,1,0.0,0.0,0.0,0.0,0.0,0.0,0.0,0.0,0.0,0.0,0.0,0.0,0.0,0.0,0.0,0.0,0.0,0.0
CON3-7,Det,3,17,50.0183,32.1367,38.2892,31.7363,34.525,31.8267,31.1633,33.4375,50.0183,29.5537,31.1482,29.4041,29.1631,29.3262,29.3649,29.0362,28.7393,23.429
CON3-7,SAA,0,10,1.0963,0.9997,1.3574,0.9997,0.7932,0.9573,1.0963,1.28,0.4038,0.8392,0.9997,0.8786,0.3473,0.3473,1.1232,0.769,0.3734,0.5997
CON3-7,SAA,1,7,0.0,0.0,0.0,0.0,0.0,0.0,0.0,0.0,0.0,0.0,0.0,0.0,0.0,0.0,0.0,0.0,0.0,0.0
CON3-7,SAA,2,12,0.8768,0.6982,1.0022,0.6982,0.635,0.8768,0.8768,0.7441,0.416,0.7463,0.6716,0.7759,0.3046,0.3046,0.8768,0.6647,0.2875,0.4837
CON3-7,SAA,3,9,0.9319,0.8044,1.079,0.8044,0.7658,0.841,0.8542,0.8293,0.5035,0.7801,0.8044,0.8101,0.3123,0.3123,0.9319,0.7444,0.2669,0.5244
CON3-7,SAA,4,12,3.0799,2.3576,3.7132,2.4036,2.5397,2.2576,2.2508,2.5239,1.4628,2.2608,2.2742,2.0202,0.915,0.9156,2.3158,2.0444,0.8981,1.6795
CON3-7,WDRO,0,11,0.0,0.0,0.0,0.0,0.0,0.0,0.0,0.0,0.0,0.0,0.0,0.0,0.0,0.0,0.0,0.0,0.0103,0.0
CON3-7,WDRO,1,8,0.0,0.0,0.0,0.0,0.0,0.0,0.0,0.0,0.0,0.0,0.0,0.0,0.0,0.0,0.0,0.0,0.005,0.0
CON3-7,WDRO,2,6,0.0,0.0,0.0,0.0,0.0,0.0,0.0,0.0,0.0,0.0,0.0,0.0,0.0,0.0,0.0,0.0,0.0,0.0
CON3-7,WDRO,3,7,0.0278,0.0278,0.0278,0.0278,0.0278,0.0278,0.0278,0.0278,0.0278,0.0278,0.0278,0.0278,0.0278,0.0278,0.0278,0.0278,0.0229,0.0154
CON3-7,WDRO,4,8,0.0,0.054,0.054,0.054,0.0,0.0,0.0,0.054,0.0,0.0,0.0,0.0,0.0,0.0,0.0,0.0,0.0159,0.0
CON3-7,WDRO,5,10,0.299,0.4277,0.6248,0.4277,0.3104,0.2773,0.2557,0.4277,0.2321,0.299,0.2575,0.267,0.1309,0.1309,0.299,0.2541,0.1277,0.1605
CON3-7,Gounaris,0,8,0.0539,0.0605,0.0539,0.0605,0.0303,0.0539,0.0539,0.0539,0.0114,0.0539,0.0539,0.0539,0.0311,0.0311,0.0539,0.0539,0.0207,0.0303
CON3-7,Gounaris,1,10,0.3528,0.3033,0.4255,0.3033,0.2421,0.2644,0.2489,0.422,0.122,0.3528,0.283,0.2839,0.1388,0.1388,0.3528,0.2785,0.129,0.2194
CON3-7,Gounaris,2,11,1.6318,1.4342,1.9891,1.4342,1.3745,1.4386,1.4663,1.4888,0.672,1.159,1.3521,1.2954,0.5153,0.5153,1.2691,1.2017,0.4063,0.9083
CON3-7,Gounaris,3,9,0.9319,0.8044,1.079,0.8044,0.7658,0.841,0.8542,0.8293,0.5035,0.7801,0.8044,0.8101,0.3123,0.3123,0.9319,0.7444,0.2669,0.5244
CON3-7,Gounaris,4,12,1.5169,1.1675,1.5071,1.1675,1.275,1.1263,1.3041,1.2005,0.9827,1.0928,1.0463,0.9907,0.4857,0.4857,1.3877,1.0004,0.5064,0.7988
CON3-7,Cui,0,10,0.2225,0.1635,0.2901,0.1635,0.2041,0.2225,0.2225,0.182,0.1757,0.2225,0.1703,0.1686,0.0714,0.0714,0.2225,0.1615,0.0544,0.1235
CON3-7,Cui,1,7,0.0,0.0,0.0,0.0,0.0,0.0,0.0,0.0,0.0,0.0,0.0,0.0,0.0,0.0,0.0,0.0,0.0,0.0
CON3-7,Cui,2,12,2.6332,2.0207,2.9469,1.9323,2.0193,2.5708,2.6332,2.1831,1.3482,2.1029,1.9364,1.8529,1.3575,1.247,2.0749,1.904,1.1273,1.3712
CON3-7,Cui,3,10,2.1621,1.6508,2.3899,1.6508,1.5448,1.8559,1.8339,1.9204,0.531,1.4955,1.5954,1.5456,0.5144,0.5144,1.6447,1.4675,0.5511,1.2004
CON3-7,Cui,4,11,1.1752,1.1005,1.7105,1.1005,0.9149,0.9187,0.8088,1.213,0.4868,1.1336,0.9397,0.7719,0.3247,0.3247,1.3347,0.7552,0.3285,0.663
CON3-7,MDRO,0,11,0.0,0.0,0.0,0.0,0.0,0.0,0.0,0.0,0.0,0.0,0.0,0.0,0.0,0.0,0.0,0.0,0.0103,0.0
CON3-7,MDRO,1,8,0.0,0.0,0.0,0.0,0.0,0.0,0.0,0.0,0.0,0.0,0.0,0.0,0.0,0.0,0.0,0.0,0.0103,0.0
CON3-7,MDRO,2,6,0.0,0.0,0.0,0.0,0.0,0.0,0.0,0.0,0.0,0.0,0.0,0.0,0.0,0.0,0.0,0.0,0.0,0.0
CON3-7,MDRO,3,7,0.0278,0.0278,0.0278,0.0278,0.0278,0.0278,0.0278,0.0278,0.0278,0.0278,0.0278,0.0278,0.0278,0.0278,0.0278,0.0278,0.0229,0.0154
CON3-7,MDRO,4,8,0.0,0.054,0.054,0.054,0.0,0.0,0.0,0.054,0.0,0.0,0.0,0.0,0.0,0.0,0.0,0.0,0.0159,0.0
CON3-7,MDRO,5,10,0.299,0.4277,0.6248,0.4277,0.3104,0.2773,0.2557,0.4277,0.2321,0.299,0.2575,0.267,0.1309,0.1309,0.299,0.2541,0.1277,0.1605
CON3-8,Det,0,14,47.23,30.0623,34.7935,29.9156,32.2785,37.1662,29.745,32.775,46.9734,30.0146,29.923,30.0383,29.6018,29.6968,30.1574,29.5987,29.1712,25.0854
CON3-8,Det,1,8,1.8289,1.4063,1.916,1.4063,1.4078,1.307,1.3199,1.5815,0.4453,1.3129,1.4115,1.298,0.658,0.658,1.5136,1.2799,0.4944,1.0393
CON3-8,Det,2,18,52.13,32.5212,33.5062,31.3467,34.914,38.2258,52.0707,33.3843,50.7156,31.2039,31.6033,30.9239,30.9239,30.3086,31.6213,31.1467,30.825,24.3264
CON3-8,Det,3,10,0.0,0.0,0.0,0.0,0.0,0.0,0.0,0.0,0.0,0.0,0.0,0.0,0.0,0.0,0.0,0.0,0.0069,0.0
CON3-8,SAA,0,8,0.7128,0.4716,0.6299,0.4716,0.5609,0.6598,0.6884,0.625,0.2687,0.7128,0.4833,0.5725,0.2599,0.2599,0.7128,0.4682,0.2045,0.3933
CON3-8,SAA,1,9,3.5511,2.4537,3.1161,2.4537,2.8623,2.8826,2.7154,2.6858,2.119,2.4415,2.4102,2.3238,1.304,1.33,2.5225,2.2302,1.2704,1.9491
CON3-8,SAA,2,10,3.2265,2.413,3.7231,2.413,2.977,2.4989,2.6297,2.9844,1.308,2.3705,2.2606,2.1469,0.9548,0.9864,2.4443,2.0721,0.9587,1.7765
CON3-8,SAA,3,13,1.9979,1.7634,2.3022,1.7634,1.5501,1.9979,1.9979,1.9131,0.7433,1.6697,1.4582,1.367,0.7631,0.7631,1.9979,1.4328,0.6531,1.0926
CON3-8,SAA,4,10,0.0784,0.0928,0.1278,0.0928,0.0557,0.0784,0.0784,0.0928,0.0325,0.0784,0.0604,0.0557,0.0095,0.0095,0.0784,0.0784,0.0417,0.0443
CON3-8,WDRO,0,11,0.1137,0.0765,0.0714,0.0765,0.1137,0.1137,0.1137,0.0696,0.0393,0.1137,0.0762,0.0659,0.0256,0.0256,0.1137,0.0659,0.0256,0.0631
CON3-8,WDRO,1,10,0.3281,0.3273,0.5312,0.3386,0.3281,0.3281,0.3281,0.2841,0.3281,0.3281,0.3386,0.2575,0.1785,0.1785,0.3281,0.2899,0.154,0.1826
CON3-8,WDRO,2,8,0.0529,0.0529,0.0529,0.0529,0.0529,0.0529,0.0529,0.0529,0.0529,0.0529,0.0529,0.0529,0.0529,0.0529,0.0529,0.0529,0.0282,0.0299
CON3-8,WDRO,3,5,0.0,0.0,0.0,0.0,0.0,0.0,0.0,0.0,0.0,0.0,0.0,0.0,0.0,0.0,0.0,0.0,0.0222,0.0
CON3-8,WDRO,4,6,0.3767,0.4397,0.6332,0.4397,0.3114,0.3118,0.3741,0.469,0.1023,0.3767,0.4653,0.3684,0.1219,0.1148,0.3767,0.3122,0.1219,0.2377
CON3-8,WDRO,5,10,0.0,0.0,0.0,0.0,0.0,0.0,0.0,0.0,0.0,0.0,0.0,0.0,0.0,0.0,0.0,0.0,0.0,0.0
CON3-8,Gounaris,0,9,1.4134,1.0558,1.3307,1.0558,1.054,0.9942,0.9689,1.2258,0.3371,1.0542,1.0473,0.9611,0.3331,0.3331,1.1726,0.9315,0.28,0.7945
CON3-8,Gounaris,1,10,0.0784,0.0928,0.1278,0.0928,0.0557,0.0784,0.0784,0.0928,0.0325,0.0784,0.0604,0.0557,0.0095,0.0095,0.0784,0.0784,0.0417,0.0443
CON3-8,Gounaris,2,9,2.6418,2.0636,2.7287,2.0636,2.0975,2.3081,1.8241,2.0318,1.3281,1.9248,2.0084,1.7804,0.8966,0.8966,1.8926,1.7312,0.8585,1.4741
CON3-8,Gounaris,3,13,1.8816,1.5676,2.5026,1.5676,1.3979,1.3664,1.5348,1.7462,0.6481,1.3971,1.3969,1.3183,0.5692,0.5708,1.6032,1.2911,0.4362,1.0486
CON3-8,Gounaris,4,9,2.1252,1.7383,2.1409,1.7383,1.9141,1.5589,1.7067,1.9716,1.0138,1.7598,1.6077,1.5305,0.6119,0.6238,1.669,1.4553,0.5871,1.1861
CON3-8,Cui,0,9,3.091,2.2257,3.3267,2.2052,2.7128,2.8046,3.091,2.3343,1.3704,2.1806,2.2376,2.1515,1.4363,1.3375,2.4423,1.9779,1.2203,1.6788
CON3-8,Cui,1,6,0.1279,0.0859,0.0859,0.0859,0.1058,0.1058,0.1058,0.0859,0.0363,0.1279,0.1062,0.0948,0.0363,0.0363,0.1279,0.1182,0.0246,0.0728
CON3-8,Cui,2,15,3.1873,2.5627,4.1924,2.4844,2.504,2.9726,3.1873,2.59,1.231,2.0517,2.2612,1.9406,1.0487,1.1309,2.2295,1.8989,0.9991,1.6507
CON3-8,Cui,3,9,2.1252,1.7383,2.1409,1.7383,1.9141,1.5589,1.7067,1.9716,1.0138,1.7598,1.6077,1.5305,0.6119,0.6238,1.669,1.4553,0.5871,1.1861
CON3-8,Cui,4,11,0.6766,0.6282,0.8546,0.6282,0.5993,0.6066,0.6766,0.6465,0.3886,0.828,0.6251,0.5819,0.287,0.287,0.6766,0.5817,0.2531,0.3615
CON3-8,MDRO,0,12,0.2783,0.2887,0.4726,0.2887,0.2783,0.1962,0.1856,0.2797,0.1937,0.2783,0.1766,0.2195,0.0684,0.0684,0.2783,0.1804,0.0673,0.1586
CON3-8,MDRO,1,8,0.0752,0.0698,0.0698,0.0698,0.0691,0.0688,0.0688,0.0695,0.0183,0.0752,0.0698,0.0695,0.0115,0.0115,0.0752,0.1034,0.043,0.0437
CON3-8,MDRO,2,4,0.0,0.0,0.0,0.0,0.0,0.0,0.0,0.0,0.0,0.0,0.0,0.0,0.0,0.0,0.0,0.0,0.0,0.0
CON3-8,MDRO,3,8,0.6201,0.5101,0.417,0.5101,0.489,0.489,0.4748,0.4272,0.2802,0.6201,0.5101,0.489,0.1705,0.1705,0.6201,0.431,0.1796,0.3662
CON3-8,MDRO,4,10,0.026,0.026,0.026,0.026,0.026,0.026,0.026,0.026,0.026,0.026,0.026,0.026,0.026,0.026,0.026,0.026,0.0117,0.0146
CON3-8,MDRO,5,8,0.3366,0.6172,0.6372,0.6172,0.3012,0.3145,0.2988,0.5965,0.1652,0.3366,0.523,0.4244,0.2315,0.2315,0.3366,0.2714,0.1389,0.1897
CON3-9,Det,0,11,24.1758,16.5696,18.2633,16.1554,20.0667,18.4719,16.7804,17.2539,19.7675,15.3976,16.158,15.3983,15.3983,12.9604,15.601,15.6129,13.1272,12.4043
CON3-9,Det,1,11,0.5998,0.5896,0.7438,0.5896,0.5328,0.5998,0.5998,0.6588,0.1998,0.5998,0.4647,0.4047,0.2252,0.1881,0.5998,0.4138,0.1736,0.3281
CON3-9,Det,2,16,29.8621,19.5241,23.2747,19.5288,25.0483,19.6175,26.7273,20.7382,25.0423,18.9064,18.9553,18.4317,18.4317,16.2538,18.6287,18.3439,15.7399,13.9828
CON3-9,Det,3,12,8.9779,6.0846,7.6284,5.7924,8.2778,5.987,8.9779,7.4594,6.2406,5.6955,5.7716,5.4202,4.3028,3.8284,5.4282,5.4023,3.9766,4.385
CON3-9,SAA,0,7,1.3807,1.1183,1.2788,1.1183,1.088,0.9784,1.0335,1.2594,0.4399,1.0243,1.1087,0.957,0.338,0.338,1.1822,0.9335,0.313,0.7843
CON3-9,SAA,1,12,2.7478,1.9092,3.1245,1.9092,1.8934,2.0312,2.5008,2.1306,0.7465,1.8502,1.8903,1.7621,0.7154,0.7154,2.0276,1.7318,0.6673,1.5064
CON3-9,SAA,2,10,4.0666,3.057,4.7596,3.057,3.2907,2.841,2.6252,3.6628,1.6756,2.9966,2.7281,2.6513,1.1526,1.1616,2.7982,2.5723,1.1097,2.253
CON3-9,SAA,3,10,0.269,0.2674,0.5214,0.2674,0.2042,0.269,0.269,0.2799,0.1174,0.269,0.2031,0.2135,0.1024,0.1024,0.269,0.2214,0.0963,0.1488
CON3-9,SAA,4,11,0.5652,0.5643,0.6813,0.5643,0.4538,0.5652,0.5652,0.5357,0.3126,0.5652,0.4596,0.5316,0.153,0.153,0.5652,0.4497,0.1589,0.3215
CON3-9,WDRO,0,10,0.2219,0.2105,0.2128,0.2105,0.1769,0.1769,0.1902,0.2098,0.1376,0.2219,0.1808,0.1711,0.0444,0.0444,0.2219,0.2158,0.0892,0.1255
CON3-9,WDRO,1,11,0.1257,0.1329,0.1387,0.1329,0.1257,0.1257,0.1257,0.115,0.1182,0.1257,0.1257,0.1091,0.101,0.101,0.1257,0.1257,0.0797,0.0682
CON3-9,WDRO,2,8,0.6294,0.4506,0.463,0.4506,0.4882,0.5178,0.4721,0.4293,0.163,0.6294,0.4611,0.4195,0.1465,0.1465,0.6294,0.4829,0.1751,0.3573
CON3-9,WDRO,3,8,0.3706,0.5052,0.7274,0.5052,0.3916,0.3478,0.3478,0.6249,0.1572,0.3706,0.5052,0.338,0.1889,0.1849,0.3706,0.2838,0.1743,0.2202
CON3-9,WDRO,4,5,0.0,0.0,0.0,0.0,0.0,0.0,0.0,0.0,0.0,0.0,0.0,0.0,0.0,0.0,0.0,0.0,0.0,0.0
CON3-9,WDRO,5,8,0.0273,0.0273,0.0273,0.0273,0.0273,0.0273,0.0273,0.0273,0.0273,0.0273,0.0273,0.0273,0.0273,0.0273,0.0273,0.0273,0.0273,0.0151
CON3-9,Gounaris,0,8,0.2978,0.2344,0.2344,0.2344,0.2978,0.2489,0.2612,0.2165,0.1605,0.2978,0.2176,0.2393,0.1188,0.1188,0.2978,0.3029,0.0957,0.1622
CON3-9,Gounaris,1,10,4.0666,3.057,4.7596,3.057,3.2907,2.841,2.6252,3.6628,1.6756,2.9966,2.7281,2.6513,1.1526,1.1616,2.7982,2.5723,1.1097,2.253
CON3-9,Gounaris,2,10,3.6387,2.578,3.5706,2.578,3.2145,2.6117,2.455,3.4885,1.1838,2.7138,2.661,2.4988,0.8887,0.8923,2.6346,2.4566,0.8403,2.0135
CON3-9,Gounaris,3,10,0.1442,0.1312,0.2627,0.1312,0.1087,0.1442,0.1442,0.1107,0.0454,0.1442,0.1166,0.0962,0.0334,0.0334,0.1442,0.1411,0.0829,0.0803
CON3-9,Gounaris,4,12,2.2723,1.7096,2.3625,1.7096,1.6175,1.7586,1.7488,1.8981,0.7589,1.6766,1.6858,1.6256,0.6413,0.6214,1.6822,1.4769,0.5958,1.2655
CON3-9,Cui,0,8,2.0073,1.6017,2.0963,1.6017,1.5889,1.3527,1.3962,1.9915,0.749,1.5451,1.5333,1.4216,0.4518,0.4713,1.558,1.3451,0.4607,1.1153
CON3-9,Cui,1,10,2.6502,2.2082,3.4529,2.1938,2.6708,2.1201,2.2461,2.7252,1.937,2.1669,2.1352,2.1447,1.2406,1.1944,2.2463,2.1311,1.2126,1.4746
CON3-9,Cui,2,7,0.0538,0.0435,0.0435,0.0435,0.0435,0.0538,0.0538,0.0435,0.0309,0.0538,0.0435,0.0435,0.0336,0.0336,0.0538,0.0538,0.0471,0.0307
CON3-9,Cui,3,13,2.8969,2.2445,3.1863,2.2586,2.5529,2.1762,2.8969,2.4342,1.838,2.1978,1.9954,1.9907,1.3124,1.3215,2.2031,1.8931,1.2484,1.4811
CON3-9,Cui,4,12,2.2237,1.7478,2.6129,1.7478,1.6483,2.0245,2.0556,1.8027,0.8387,1.6412,1.6384,1.6757,0.7885,0.7421,1.722,1.5035,0.7189,1.2253
CON3-9,MDRO,0,10,0.0628,0.0612,0.0636,0.0612,0.0782,0.0628,0.0628,0.0612,0.0678,0.0628,0.0548,0.0548,0.0215,0.0215,0.0628,0.0628,0.0828,0.0342
CON3-9,MDRO,1,10,0.5276,0.6214,0.7049,0.6214,0.4118,0.4073,0.4013,0.6214,0.162,0.5276,0.4233,0.4118,0.215,0.215,0.5276,0.3905,0.135,0.2954
CON3-9,MDRO,2,10,0.5497,0.4594,0.6156,0.4594,0.4894,0.4122,0.4816,0.5188,0.571,0.6867,0.3597,0.3453,0.3144,0.2255,0.5497,0.4207,0.2607,0.293
CON3-9,MDRO,3,8,0.504,0.4272,0.5944,0.4272,0.4209,0.467,0.504,0.562,0.3254,0.504,0.392,0.3709,0.151,0.151,0.504,0.3773,0.1105,0.2838
CON3-9,MDRO,4,4,0.0,0.0,0.0,0.0,0.0,0.0,0.0,0.0,0.0,0.0,0.0,0.0,0.0,0.0,0.0,0.0,0.0,0.0
CON3-9,MDRO,5,8,0.0793,0.0566,0.068,0.0566,0.0793,0.0793,0.0793,0.068,0.0563,0.0793,0.068,0.0679,0.0333,0.0333,0.0793,0.0793,0.0383,0.0449
CON8-0,Det,0,5,25.4157,18.0214,19.3737,18.0095,18.4087,21.0008,17.7394,18.5007,24.7386,17.675,18.1426,17.69,17.3146,17.3407,17.6078,17.5757,17.2195,14.538
CON8-0,Det,1,4,40.316,39.4379,39.5446,39.5544,40.2163,39.4401,39.3886,39.5446,39.6687,39.4412,39.5446,39.3821,39.0361,39.1052,39.4631,39.5029,39.3584,37.7397
CON8-0,Det,2,7,40.7939,28.824,30.9162,28.7298,30.6964,35.7198,29.0879,30.0454,40.7939,28.0002,28.8512,28.23,28.23,28.2356,29.5189,28.312,28.3947,21.4939
CON8-0,Det,3,7,32.9484,24.0485,28.229,24.5034,28.1136,27.1269,24.5353,25.3847,30.0201,24.1681,23.9729,23.866,23.866,23.0778,23.9737,23.9014,22.8594,18.5072
CON8-0,Det,4,6,23.8765,19.2802,19.258,19.0455,20.4859,21.4185,23.8765,18.8314,23.8765,18.8723,19.0615,19.0099,19.0099,18.9676,19.083,18.7163,18.6194,13.9466
CON8-0,Det,5,6,20.3634,14.8192,15.4551,14.7573,17.207,15.2591,19.9349,14.8556,19.5901,14.5619,14.8264,14.7121,13.7949,13.468,14.5657,14.6122,13.4384,10.9421
CON8-0,Det,6,4,26.3706,23.6214,23.6074,23.5935,26.2878,23.5604,26.3706,23.6074,20.5403,23.5494,23.6074,23.6074,19.7091,19.7869,23.5618,23.5642,19.6865,19.8463
CON8-0,Det,7,6,37.6412,29.6209,29.6496,29.6725,37.6837,30.0918,36.1115,29.7333,37.2048,29.6195,29.6761,29.6725,29.2478,29.2558,29.9538,29.707,29.3644,19.7431
CON8-0,Det,8,5,33.5606,28.385,29.3042,28.1914,30.4478,29.5068,28.7025,28.5142,33.5606,28.022,28.1768,27.9887,27.9492,27.9492,28.2708,27.8915,27.938,23.1358
CON8-0,SAA,0,4,2.6055,2.3237,2.3238,2.3237,2.5354,2.3528,2.6055,2.3393,1.9113,2.3913,2.3392,2.3439,1.6547,1.6547,2.6055,2.3451,1.5217,1.4317
CON8-0,SAA,1,2,2.891,2.6889,2.7237,2.6889,2.6776,2.6776,2.6776,2.7075,1.5786,2.6889,2.7075,2.7075,1.5756,1.5756,2.696,2.7227,1.5033,1.667
CON8-0,SAA,2,2,1.464,1.4769,1.4769,1.4769,1.4259,1.5683,1.5683,1.4613,0.7429,1.4259,1.4769,1.4613,0.7317,0.7317,1.5683,1.3822,0.7471,0.8437
CON8-0,SAA,3,5,1.8775,1.4691,1.4691,1.4691,1.6732,1.4409,1.4731,1.4924,1.2704,1.5125,1.5016,1.4655,0.7051,0.7051,1.6565,1.3938,0.688,1.0558
CON8-0,SAA,4,4,2.0442,1.8806,1.9387,1.8806,1.8733,1.8556,1.8556,1.8758,1.2199,2.0442,1.9244,1.8733,1.3796,1.2128,2.0442,1.8244,1.2691,1.1505
CON8-0,SAA,5,3,0.1448,0.1737,0.1136,0.1737,0.1448,0.1448,0.1448,0.123,0.0987,0.1448,0.1537,0.123,0.0813,0.0813,0.1448,0.1448,0.0723,0.0918
CON8-0,SAA,6,5,0.3499,0.3348,0.4858,0.3348,0.2993,0.329,0.329,0.4684,0.1628,0.3499,0.3421,0.3184,0.1754,0.1754,0.3499,0.3235,0.1037,0.2112
CON8-0,SAA,7,2,0.0261,0.0261,0.0261,0.0261,0.0261,0.0261,0.0261,0.0261,0.0261,0.0261,0.0261,0.0261,0.0261,0.0261,0.0261,0.0261,0.0327,0.0149
CON8-0,SAA,8,3,0.1067,0.1067,0.1067,0.1067,0.1067,0.1067,0.1067,0.1067,0.1011,0.1067,0.1067,0.1067,0.1046,0.1046,0.1067,0.1067,0.119,0.0606
CON8-0,SAA,9,4,0.9289,0.6188,0.6188,0.6188,0.7266,0.7925,0.7925,0.6405,0.3385,0.9289,0.6188,0.7022,0.2534,0.2534,0.9289,0.6571,0.2593,0.5279
CON8-0,SAA,10,3,0.0536,0.0569,0.0569,0.0569,0.0569,0.0536,0.0536,0.0569,0.0407,0.0536,0.0569,0.0569,0.1289,0.1289,0.0536,0.0536,0.0523,0.0301
CON8-0,SAA,11,5,0.3779,0.284,0.3867,0.284,0.3007,0.3274,0.3274,0.3854,0.1687,0.3779,0.282,0.3086,0.2317,0.2198,0.3779,0.319,0.1243,0.225
CON8-0,SAA,12,3,0.0268,0.0268,0.0268,0.0268,0.0268,0.0268,0.0268,0.0268,0.0268,0.0268,0.0268,0.0268,0.0268,0.0268,0.0268,0.0268,0.0268,0.0149
CON8-0,SAA,13,3,3.6552,3.3169,3.4701,3.3169,3.3628,3.1942,3.3394,3.4537,2.3861,3.1604,3.3162,3.3551,2.3911,2.4524,3.2418,3.1762,2.3134,2.1422
CON8-0,SAA,14,2,1.9959,1.9672,1.9672,1.9672,1.9926,1.9249,1.9249,1.9503,1.8386,1.9966,1.9672,1.9503,1.9503,1.9148,1.9959,1.9758,1.8667,1.1822
CON8-0,WDRO,0,4,0.0622,0.1243,0.0622,0.0649,0.0518,0.0622,0.0622,0.0622,0.0594,0.0622,0.0461,0.0622,0.0429,0.0429,0.0622,0.0622,0.0976,0.0357
CON8-0,WDRO,1,4,0.361,0.2943,0.2943,0.2943,0.3672,0.2881,0.3154,0.2943,0.3776,0.361,0.2943,0.2943,0.1881,0.1881,0.361,0.2913,0.2088,0.201
CON8-0,WDRO,2,3,0.0536,0.0569,0.0569,0.0569,0.0569,0.0536,0.0536,0.0569,0.0407,0.0536,0.0569,0.0569,0.1289,0.1289,0.0536,0.0536,0.0523,0.0301
CON8-0,WDRO,3,4,0.4586,0.345,0.4239,0.345,0.4195,0.4195,0.3926,0.345,0.2913,0.4586,0.3632,0.345,0.2113,0.206,0.4586,0.3387,0.1565,0.2597
CON8-0,WDRO,4,2,0.0789,0.0789,0.0789,0.0789,0.0789,0.0789,0.0789,0.0789,0.0789,0.0789,0.0789,0.0789,0.0789,0.0789,0.0789,0.0789,0.0751,0.0492
CON8-0,WDRO,5,3,1.0064,0.9457,0.9594,0.9457,0.9417,0.9534,0.9534,0.9594,0.7189,1.0064,0.9457,0.9594,0.7118,0.7118,1.0064,0.9357,0.726,0.5664
CON8-0,WDRO,6,5,0.0,0.0,0.0,0.0,0.0,0.0,0.0,0.0,0.0,0.0,0.0,0.0,0.0,0.0,0.0,0.0,0.0,0.0
CON8-0,WDRO,7,4,0.3692,0.3778,0.3778,0.3778,0.3023,0.2713,0.2713,0.3628,0.1225,0.3692,0.3628,0.3299,0.1351,0.1351,0.3692,0.2764,0.1045,0.211
CON8-0,WDRO,8,3,0.4611,0.4473,0.4961,0.4473,0.4315,0.4315,0.4315,0.4473,0.3137,0.4611,0.4473,0.4473,0.3461,0.3461,0.4611,0.4646,0.265,0.2907
CON8-0,WDRO,9,2,0.0829,0.0718,0.0829,0.0718,0.0829,0.0829,0.0829,0.0829,0.0597,0.0829,0.0718,0.0829,0.0597,0.0597,0.0829,0.0829,0.0586,0.0607
CON8-0,WDRO,10,1,0.0,0.0,0.0,0.0,0.0,0.0,0.0,0.0,0.0,0.0,0.0,0.0,0.0,0.0,0.0,0.0,0.0,0.0
CON8-0,WDRO,11,3,0.0,0.0,0.0,0.0,0.0,0.0,0.0,0.0,0.0,0.0,0.0,0.0,0.0,0.0,0.0,0.0,0.0121,0.0
CON8-0,WDRO,12,2,0.0533,0.0533,0.0533,0.0533,0.0533,0.0533,0.0533,0.0533,0.0533,0.0533,0.0533,0.0533,0.0533,0.0533,0.0533,0.0533,0.0166,0.0307
CON8-0,WDRO,13,3,0.1067,0.1067,0.1067,0.1067,0.1067,0.1067,0.1067,0.1067,0.1011,0.1067,0.1067,0.1067,0.1046,0.1046,0.1067,0.1067,0.119,0.0606
CON8-0,WDRO,14,2,0.2843,0.2584,0.2547,0.2584,0.2547,0.251,0.251,0.2547,0.1305,0.2843,0.2437,0.2547,0.1741,0.1741,0.2843,0.2437,0.14,0.1625
CON8-0,WDRO,15,2,1.0136,1.0404,1.0524,1.0404,1.0136,1.0136,1.0136,1.0524,0.8014,1.0136,1.0524,1.0524,0.7998,0.7998,1.0136,1.0136,0.7687,0.6171
CON8-0,WDRO,16,3,0.0,0.0,0.0,0.0,0.0,0.0,0.0,0.0,0.0,0.0,0.0,0.0,0.0,0.0,0.0,0.0,0.0,0.0
CON8-0,Gounaris,0,5,3.2754,2.865,3.7344,2.865,2.9399,2.9552,2.9552,2.9478,1.3563,2.7938,2.8972,2.8129,1.1085,1.1583,2.8037,2.8279,1.1355,2.1363
CON8-0,Gounaris,1,5,4.4024,3.6724,3.9174,3.6724,4.4494,3.4967,3.626,3.7059,3.7028,3.7645,3.6634,3.581,2.3455,2.4257,3.5622,3.4863,2.2723,2.4631
CON8-0,Gounaris,2,2,1.7664,1.6672,1.6685,1.6672,1.6968,1.7079,1.7079,1.6672,0.7446,1.6639,1.6672,1.6672,0.8114,0.8114,1.6692,1.6567,0.73,1.0398
CON8-0,Gounaris,3,5,1.9782,1.5527,1.5867,1.5527,1.6332,1.4932,1.6195,1.5527,1.2735,1.6389,1.5539,1.5516,0.9064,0.9064,1.9782,1.5548,0.8812,1.1205
CON8-0,Gounaris,4,3,4.4134,3.9683,3.9788,3.9683,4.1806,3.9503,3.9411,3.9683,3.5935,3.9199,3.9683,3.9514,3.9514,3.5125,4.1614,3.8959,3.297,2.5563
CON8-0,Gounaris,5,3,1.0064,0.9457,0.9594,0.9457,0.9417,0.9534,0.9534,0.9594,0.7189,1.0064,0.9457,0.9594,0.7118,0.7118,1.0064,0.9357,0.726,0.5664
CON8-0,Gounaris,6,2,0.287,0.2571,0.2571,0.2571,0.287,0.287,0.287,0.2571,0.1419,0.287,0.2571,0.2571,0.1489,0.1489,0.287,0.287,0.1582,0.1638
CON8-0,Gounaris,7,5,0.1026,0.1483,0.1483,0.1483,0.1026,0.1026,0.1026,0.1095,0.0515,0.1026,0.1026,0.1026,0.0477,0.0477,0.1026,0.1026,0.0276,0.0644
CON8-0,Gounaris,8,3,1.5476,1.5608,1.5608,1.5608,1.5476,1.5358,1.5358,1.5608,1.4972,1.5476,1.5608,1.5608,1.2416,1.2416,1.5476,1.5476,1.1633,1.1601
CON8-0,Gounaris,9,4,0.9289,0.6188,0.6188,0.6188,0.7266,0.7925,0.7925,0.6405,0.3385,0.9289,0.6188,0.7022,0.2534,0.2534,0.9289,0.6571,0.2593,0.5279
CON8-0,Gounaris,10,4,3.5255,3.0119,3.3731,3.0119,3.0627,3.1238,3.1238,3.2799,1.72,2.9988,3.0023,2.994,1.4219,1.3961,3.1209,2.9804,1.4855,2.2343
CON8-0,Gounaris,11,3,3.6552,3.3169,3.4701,3.3169,3.3628,3.1942,3.3394,3.4537,2.3861,3.1604,3.3162,3.3551,2.3911,2.4524,3.2418,3.1762,2.3134,2.1422
CON8-0,Gounaris,12,3,0.0542,0.0542,0.0542,0.0542,0.0542,0.0542,0.0542,0.0542,0.0542,0.0542,0.0542,0.0542,0.0542,0.0542,0.0542,0.0542,0.0359,0.0299
CON8-0,Gounaris,13,3,4.1078,3.3566,3.3223,3.3566,3.3332,3.3913,3.3963,3.3223,1.7186,3.3761,3.3566,3.3242,1.443,1.5036,3.3913,3.3569,1.401,2.3472
CON8-0,Cui,0,4,2.5159,2.4986,2.4964,2.4986,2.1565,2.2115,2.2115,2.4888,1.5291,2.0565,2.324,2.4885,1.8133,1.5482,2.5159,2.0918,1.5518,1.416
CON8-0,Cui,1,4,4.4087,4.035,3.9327,4.035,4.4087,4.4087,4.4087,4.035,4.4157,3.9856,4.035,4.0337,3.8132,3.7125,3.941,3.9439,3.716,2.4624
CON8-0,Cui,2,4,3.8863,3.2375,3.3678,3.2268,3.8336,3.2677,3.3316,3.2242,2.857,3.3016,3.2242,3.2518,2.2318,2.1952,3.3041,3.2261,2.12,2.1766
CON8-0,Cui,3,4,4.3002,4.098,4.2645,4.098,3.9802,4.0131,4.0182,4.1373,3.0887,4.0297,4.098,4.0945,2.9476,3.0279,4.0964,3.9187,3.0405,2.5203
CON8-0,Cui,4,5,1.9782,1.5527,1.5867,1.5527,1.6332,1.4932,1.6195,1.5527,1.2735,1.6389,1.5539,1.5516,0.9064,0.9064,1.9782,1.5548,0.8812,1.1205
CON8-0,Cui,5,2,0.0,0.0,0.0,0.0,0.0,0.0,0.0,0.0,0.0,0.0,0.0,0.0,0.0,0.0,0.0,0.0,0.0,0.0
CON8-0,Cui,6,4,3.8922,3.2445,3.4341,3.2445,3.1825,3.175,3.1491,3.4341,1.5266,3.2559,3.2253,3.0818,1.2827,1.3389,3.1477,2.9985,1.2924,2.19
CON8-0,Cui,7,4,0.9289,0.6188,0.6188,0.6188,0.7266,0.7925,0.7925,0.6405,0.3385,0.9289,0.6188,0.7022,0.2534,0.2534,0.9289,0.6571,0.2593,0.5279
CON8-0,Cui,8,3,0.1448,0.1737,0.1136,0.1737,0.1448,0.1448,0.1448,0.123,0.0987,0.1448,0.1537,0.123,0.0813,0.0813,0.1448,0.1448,0.0723,0.0918
CON8-0,Cui,9,2,1.7664,1.6672,1.6685,1.6672,1.6968,1.7079,1.7079,1.6672,0.7446,1.6639,1.6672,1.6672,0.8114,0.8114,1.6692,1.6567,0.73,1.0398
CON8-0,Cui,10,2,4.2788,3.7413,3.7413,3.7413,3.6631,3.7657,3.7657,3.7413,1.7101,3.574,3.7413,3.7413,1.9258,1.9258,3.5293,3.5568,1.7215,2.5274
CON8-0,Cui,11,3,3.4216,3.3153,3.356,3.3153,3.3121,3.3022,3.3027,3.3153,2.2674,3.2838,3.3153,3.3143,1.9773,1.9672,3.3667,3.3263,1.9228,2.0157
CON8-0,Cui,12,6,1.4297,1.6316,1.6316,1.6316,1.4054,1.4297,1.4297,1.5891,1.1869,1.5165,1.6093,1.5722,0.7551,0.718,1.4297,1.222,0.6045,0.8417
CON8-0,Cui,13,3,0.2087,0.2132,0.2132,0.2132,0.1952,0.2087,0.2087,0.2248,0.1157,0.2087,0.2132,0.2094,0.1048,0.1048,0.2087,0.2087,0.1234,0.1166
CON8-0,MDRO,0,5,0.2601,0.1756,0.1917,0.1917,0.2379,0.2601,0.2601,0.1917,0.1215,0.2601,0.2491,0.238,0.2173,0.2173,0.2601,0.2646,0.1295,0.1511
CON8-0,MDRO,1,3,0.0536,0.0569,0.0569,0.0569,0.0569,0.0536,0.0536,0.0569,0.0407,0.0536,0.0569,0.0569,0.1289,0.1289,0.0536,0.0536,0.0523,0.0301
CON8-0,MDRO,2,4,0.4586,0.345,0.4239,0.345,0.4195,0.4195,0.3926,0.345,0.2913,0.4586,0.3632,0.345,0.2113,0.206,0.4586,0.3387,0.1565,0.2597
CON8-0,MDRO,3,2,0.629,0.7707,0.7353,0.7707,0.6389,0.6664,0.6664,0.7353,0.5222,0.629,0.7707,0.7353,0.516,0.516,0.629,0.629,0.5019,0.354
CON8-0,MDRO,4,5,0.0,0.0,0.0,0.0,0.0,0.0,0.0,0.0,0.0,0.0,0.0,0.0,0.0,0.0,0.0,0.0,0.0,0.0
CON8-0,MDRO,5,5,0.5099,0.4502,0.4615,0.4502,0.4759,0.4622,0.4628,0.4842,0.2214,0.5099,0.4729,0.4842,0.2078,0.2078,0.5099,0.4383,0.2397,0.2832
CON8-0,MDRO,6,3,0.4611,0.4473,0.4961,0.4473,0.4315,0.4315,0.4315,0.4473,0.3137,0.4611,0.4473,0.4473,0.3461,0.3461,0.4611,0.4646,0.265,0.2907
CON8-0,MDRO,7,3,0.0,0.0,0.0,0.0,0.0,0.0,0.0,0.0,0.0,0.0,0.0,0.0,0.0,0.0,0.0,0.0,0.0121,0.0
CON8-0,MDRO,8,2,0.0261,0.0261,0.0261,0.0261,0.0261,0.0261,0.0261,0.0261,0.0261,0.0261,0.0261,0.0261,0.0261,0.0261,0.0261,0.0261,0.0327,0.0149
CON8-0,MDRO,9,2,0.5889,0.5889,0.5889,0.5889,0.5889,0.5889,0.5889,0.5889,0.5053,0.5889,0.5889,0.5889,0.4859,0.4826,0.5889,0.5889,0.5248,0.3372
CON8-0,MDRO,10,4,0.361,0.2943,0.2943,0.2943,0.3672,0.2881,0.3154,0.2943,0.3776,0.361,0.2943,0.2943,0.1881,0.1881,0.361,0.2913,0.2088,0.201
CON8-0,MDRO,11,1,0.0,0.0,0.0,0.0,0.0,0.0,0.0,0.0,0.0,0.0,0.0,0.0,0.0,0.0,0.0,0.0,0.0,0.0
CON8-0,MDRO,12,2,0.0855,0.0855,0.0855,0.0855,0.0855,0.0855,0.0855,0.0855,0.0855,0.0855,0.0855,0.0855,0.0855,0.0855,0.0855,0.0855,0.0855,0.0496
CON8-0,MDRO,13,2,0.4473,0.4473,0.4473,0.4473,0.4473,0.4473,0.4473,0.4473,0.4473,0.4473,0.4473,0.4473,0.1794,0.1794,0.4473,0.4011,0.2022,0.254
CON8-0,MDRO,14,2,0.3993,0.3993,0.3993,0.3993,0.3993,0.3993,0.3993,0.3993,0.3993,0.3993,0.3993,0.3993,0.4029,0.4029,0.3993,0.3993,0.3781,0.2435
CON8-0,MDRO,15,2,0.3796,0.3906,0.3906,0.3906,0.3796,0.3796,0.3796,0.3906,0.3529,0.3796,0.3906,0.3906,0.3826,0.397,0.3796,0.3796,0.3345,0.2285
CON8-0,MDRO,16,3,0.1067,0.1067,0.1067,0.1067,0.1067,0.1067,0.1067,0.1067,0.1011,0.1067,0.1067,0.1067,0.1046,0.1046,0.1067,0.1067,0.119,0.0606
CON8-1,Det,0,5,30.3745,24.8657,24.8559,24.8559,27.0993,25.044,25.0228,24.8344,30.1825,25.0682,24.8344,24.9832,24.9832,24.8206,25.0759,24.858,24.833,19.8945
CON8-1,Det,1,5,21.6384,19.3392,19.5469,19.3303,20.2871,20.1908,19.9193,19.5469,17.1116,19.2326,19.2478,19.2523,15.499,15.4996,19.2815,19.2529,15.659,16.5402
CON8-1,Det,2,3,16.5469,14.1614,14.1847,14.1614,15.775,14.0371,14.1656,14.0805,12.3542,13.9538,14.1614,14.1337,12.9358,11.0904,14.0565,14.038,11.177,9.3707
CON8-1,Det,3,9,50.8703,34.6141,37.413,34.7137,36.7743,40.2776,35.1418,35.3784,50.8703,35.3791,34.7065,34.7833,34.7882,34.7882,35.2833,34.4068,34.5249,25.9599
CON8-1,Det,4,6,30.3806,29.7894,29.9581,29.7224,30.3055,29.9436,30.3806,29.9581,30.4199,30.0004,29.7224,29.7322,29.7322,29.7322,29.8708,29.6886,29.7611,27.6991
CON8-1,Det,5,6,23.9379,19.2473,20.0342,19.4009,20.5563,22.2924,23.9379,19.9018,23.9477,19.2607,19.4586,19.2096,19.2096,19.2303,19.2004,18.9078,19.3233,12.3606
CON8-1,Det,6,6,32.2836,23.4407,25.0759,23.4971,27.8031,24.2101,23.5143,24.8635,27.5619,23.3472,23.4496,23.2929,23.2929,21.4362,23.1774,23.1566,21.2796,17.5622
CON8-1,Det,7,6,34.8102,27.768,29.3328,27.7645,30.9443,33.9146,33.6478,27.9692,34.8102,27.6148,27.7607,27.6092,27.5645,27.5966,27.8673,27.5458,27.533,18.1256
CON8-1,Det,8,4,32.6381,31.8829,31.9172,31.9062,32.2226,31.9626,31.8525,31.9282,31.4887,31.9133,31.9172,31.9282,31.151,31.4676,31.8362,31.884,31.086,27.7902
CON8-1,SAA,0,3,1.6836,1.493,1.493,1.493,1.524,1.6576,1.6836,1.5148,0.6226,1.5017,1.5148,1.5148,0.6989,0.6989,1.6836,1.4663,0.6628,1.0307
CON8-1,SAA,1,2,1.0218,0.9812,1.0692,0.9812,1.1013,1.0247,1.0247,0.9812,0.591,1.0692,0.9812,0.9812,0.5814,0.5814,1.2234,0.9184,0.6164,0.5784
CON8-1,SAA,2,4,2.2336,2.0692,2.1371,2.0692,2.0414,2.0452,2.0226,2.1508,1.5731,1.9815,2.0372,2.011,1.7601,1.5694,2.0347,1.9748,1.5494,1.2476
CON8-1,SAA,3,6,2.7247,2.253,3.2943,2.253,2.2861,2.296,2.2451,2.5724,1.1154,2.2036,2.1745,2.2113,0.9458,0.9331,2.1958,2.2593,0.9679,1.5681
CON8-1,SAA,4,6,2.7379,2.1843,2.6615,2.1843,2.6562,2.7379,2.7379,2.6722,1.7858,2.288,2.1843,2.1557,1.5975,1.4004,2.2674,2.1576,1.4429,1.4883
CON8-1,SAA,5,3,0.2635,0.252,0.252,0.252,0.2475,0.2635,0.2635,0.252,0.1601,0.2635,0.252,0.252,0.1508,0.1508,0.2635,0.2635,0.154,0.1518
CON8-1,SAA,6,4,4.4094,3.8,4.322,3.8,4.2012,3.8841,3.8777,4.322,3.7894,4.0117,3.8,3.8336,2.295,2.2013,4.0535,3.8287,2.3238,2.5488
CON8-1,SAA,7,4,0.2226,0.1612,0.2102,0.1612,0.2226,0.2226,0.2226,0.2102,0.2094,0.2226,0.1732,0.1884,0.1157,0.1157,0.2226,0.2226,0.1405,0.122
CON8-1,SAA,8,4,1.0377,0.9667,0.9667,0.9667,0.9007,1.0377,1.0377,0.9773,0.5251,0.915,0.966,0.9009,0.4032,0.4032,1.0377,0.9219,0.4292,0.5944
CON8-1,SAA,9,2,1.8129,1.6203,1.6057,1.6203,1.6101,1.6365,1.6365,1.6057,0.7601,1.5817,1.6057,1.6057,0.7334,0.7804,1.6101,1.5895,0.7381,1.0261
CON8-1,SAA,10,3,0.6634,0.6248,0.6248,0.6248,0.5936,0.6634,0.6634,0.6248,0.5681,0.6634,0.6248,0.6248,0.4771,0.4585,0.6634,0.6767,0.511,0.3818
CON8-1,SAA,11,3,2.2648,2.2349,2.2982,2.2349,2.1882,2.3508,2.3195,2.2349,1.6324,2.2099,2.2349,2.2349,1.7614,1.7455,2.4455,2.2249,1.6672,1.2663
CON8-1,SAA,12,3,3.0457,2.4833,2.735,2.4833,2.6529,2.4703,2.7316,2.7479,1.7799,2.486,2.4833,2.4834,1.3757,1.3757,2.5386,2.4969,1.2618,1.7318
CON8-1,SAA,13,3,3.5811,2.8944,2.8944,2.8944,3.2218,3.3977,3.319,2.8944,1.6055,3.1167,2.8944,2.8898,1.1764,1.1764,3.1339,2.9163,1.1702,2.1275
CON8-1,WDRO,0,2,0.2132,0.2132,0.2132,0.2132,0.2132,0.2132,0.2132,0.2132,0.2132,0.2132,0.2132,0.2132,0.1433,0.1433,0.2132,0.2132,0.1433,0.1217
CON8-1,WDRO,1,4,0.488,0.4484,0.5855,0.4484,0.488,0.4748,0.4748,0.5855,0.5116,0.488,0.4484,0.4352,0.3135,0.3135,0.488,0.4475,0.2823,0.29
CON8-1,WDRO,2,2,0.4954,0.5036,0.5036,0.5036,0.4954,0.4954,0.4954,0.5036,0.4954,0.4954,0.5036,0.5036,0.5036,0.4875,0.4954,0.5009,0.3367,0.2868
CON8-1,WDRO,3,3,0.0284,0.0284,0.0284,0.0284,0.0284,0.0284,0.0284,0.0284,0.0284,0.0284,0.0284,0.0284,0.0284,0.0284,0.0284,0.0284,0.0609,0.016
CON8-1,WDRO,4,2,0.8573,0.7718,0.7718,0.7718,0.8084,0.8084,0.8084,0.7718,0.4549,0.8573,0.7718,0.7718,0.4344,0.4344,0.8573,0.7718,0.4484,0.5275
CON8-1,WDRO,5,3,0.1591,0.1133,0.1591,0.1591,0.1591,0.1591,0.1591,0.1591,0.0858,0.1591,0.1591,0.1591,0.0728,0.0728,0.1591,0.1591,0.0797,0.0899
CON8-1,WDRO,6,3,0.1363,0.1938,0.1902,0.1938,0.1398,0.1363,0.1363,0.1747,0.1064,0.1363,0.1938,0.1432,0.1013,0.1013,0.1363,0.1363,0.0788,0.0768
CON8-1,WDRO,7,2,0.3201,0.3202,0.3202,0.3202,0.3202,0.3201,0.3201,0.3202,0.184,0.3201,0.3202,0.3202,0.1919,0.1919,0.3201,0.3202,0.2119,0.1951
CON8-1,WDRO,8,4,0.4255,0.3945,0.3206,0.3945,0.4032,0.4255,0.4255,0.3516,0.3275,0.4255,0.3945,0.398,0.4113,0.4113,0.4255,0.3574,0.3072,0.2382
CON8-1,WDRO,9,6,0.2663,0.2297,0.2824,0.2297,0.1921,0.1779,0.1779,0.2614,0.1547,0.2663,0.1777,0.1938,0.0849,0.0849,0.2663,0.2057,0.0794,0.1494
CON8-1,WDRO,10,5,0.0997,0.0997,0.0997,0.0997,0.0997,0.0997,0.0997,0.0997,0.0997,0.0997,0.0997,0.0997,0.0738,0.0738,0.0997,0.0997,0.0815,0.0581
CON8-1,WDRO,11,2,0.1036,0.1036,0.1036,0.1036,0.1036,0.1036,0.1036,0.1036,0.0401,0.1036,0.1036,0.1036,0.0637,0.0637,0.1036,0.1036,0.0496,0.0598
CON8-1,WDRO,12,3,0.0795,0.0722,0.0722,0.0722,0.0722,0.0795,0.0795,0.0722,0.0369,0.0795,0.0722,0.0722,0.0369,0.0369,0.0795,0.0795,0.0508,0.0457
CON8-1,WDRO,13,2,0.0,0.0,0.0,0.0,0.0,0.0,0.0,0.0,0.0,0.0,0.0,0.0,0.0,0.0,0.0,0.0,0.0,0.0
CON8-1,WDRO,14,2,0.0,0.0,0.0,0.0,0.0,0.0,0.0,0.0,0.0,0.0,0.0,0.0,0.0,0.0,0.0,0.0,0.0,0.0
CON8-1,WDRO,15,2,0.4454,0.4454,0.4454,0.4454,0.4454,0.4454,0.4454,0.4454,0.3105,0.4454,0.4454,0.4454,0.384,0.384,0.4454,0.4454,0.3653,0.2576
CON8-1,WDRO,16,3,0.4852,0.56,0.56,0.56,0.4575,0.4575,0.4575,0.56,0.4576,0.4852,0.56,0.56,0.4645,0.4645,0.4852,0.4852,0.4252,0.2775
CON8-1,Gounaris,0,3,3.1055,2.5952,2.8014,2.5952,2.7187,2.6546,2.6546,2.8014,1.5976,2.7016,2.5952,2.711,1.4096,1.3997,2.6837,2.6795,1.4841,1.7569
CON8-1,Gounaris,1,5,4.6443,3.4444,3.7299,3.4444,3.7976,3.8891,3.3743,3.6331,2.1744,3.5785,3.4444,3.4937,1.5405,1.5643,3.4754,3.3858,1.4282,2.708
CON8-1,Gounaris,2,2,3.9335,3.4393,3.4507,3.4393,3.4585,3.4315,3.4315,3.4507,1.9056,3.6771,3.4393,3.4507,1.8316,1.8316,3.4666,3.4005,1.8722,2.5685
CON8-1,Gounaris,3,5,2.9772,2.7368,2.6427,2.7368,2.9772,2.5863,2.7532,2.6427,2.9772,2.6735,2.7368,2.5955,2.3297,2.1342,2.5837,2.5946,2.1279,1.6284
CON8-1,Gounaris,4,4,0.1363,0.0931,0.0931,0.0931,0.1363,0.1363,0.1363,0.0931,0.0468,0.1363,0.1363,0.1033,0.0468,0.0468,0.1363,0.1363,0.0312,0.0761
CON8-1,Gounaris,5,3,1.5261,1.437,1.437,1.437,1.4231,1.4508,1.4508,1.437,0.9593,1.5261,1.437,1.437,1.0636,0.9595,1.5261,1.4153,0.9878,0.8601
CON8-1,Gounaris,6,4,4.0223,3.0833,3.3252,3.0833,3.0501,3.0565,3.1906,3.2137,1.3186,3.0368,3.0833,3.0953,1.2564,1.2564,3.1626,2.9902,1.1615,2.244
CON8-1,Gounaris,7,2,0.3201,0.3202,0.3202,0.3202,0.3202,0.3201,0.3201,0.3202,0.184,0.3201,0.3202,0.3202,0.1919,0.1919,0.3201,0.3202,0.2119,0.1951
CON8-1,Gounaris,8,2,1.8388,1.6033,1.5999,1.6033,1.5965,1.6233,1.6233,1.5999,0.7714,1.5965,1.6146,1.5999,0.7796,0.7796,1.5789,1.6077,0.8235,1.0409
CON8-1,Gounaris,9,6,2.4753,2.0388,2.4478,2.0388,2.5103,1.9348,2.0814,2.1802,2.1366,2.0924,2.0454,1.9893,1.2562,1.2417,1.999,1.8707,1.1153,1.3788
CON8-1,Gounaris,10,3,0.6634,0.6248,0.6248,0.6248,0.5936,0.6634,0.6634,0.6248,0.5681,0.6634,0.6248,0.6248,0.4771,0.4585,0.6634,0.6767,0.511,0.3818
CON8-1,Gounaris,11,5,3.3878,2.5497,2.6988,2.5497,2.8248,2.9832,2.4366,2.6988,1.5367,2.5131,2.5616,2.6042,1.1435,1.219,2.3694,2.3989,0.9109,1.916
CON8-1,Gounaris,12,4,1.0377,0.9667,0.9667,0.9667,0.9007,1.0377,1.0377,0.9773,0.5251,0.915,0.966,0.9009,0.4032,0.4032,1.0377,0.9219,0.4292,0.5944
CON8-1,Gounaris,13,2,0.1043,0.1043,0.1043,0.1043,0.1043,0.1043,0.1043,0.1043,0.1035,0.1043,0.1043,0.1043,0.0984,0.0984,0.1043,0.1043,0.1052,0.0598
CON8-1,Cui,0,2,0.0508,0.0508,0.0508,0.0508,0.0508,0.0508,0.0508,0.0508,0.0508,0.0508,0.0508,0.0508,0.0508,0.0508,0.0508,0.0508,0.0485,0.0295
CON8-1,Cui,1,3,1.1358,0.9757,0.9757,0.9757,0.9299,0.9387,0.9387,0.9752,0.6183,1.2622,0.9757,0.9752,0.4432,0.4432,1.1358,0.9752,0.4362,0.6902
CON8-1,Cui,2,2,1.0395,0.9419,0.9243,0.9419,1.0395,1.0163,1.0163,0.9419,0.4463,1.0395,0.9419,0.9419,0.4367,0.4367,1.0395,0.9243,0.3979,0.5869
CON8-1,Cui,3,4,4.5375,4.1044,4.074,4.1044,3.7872,3.6444,3.8546,4.0407,3.1141,3.9701,3.9171,3.8006,3.1003,2.7496,3.8754,3.5777,2.668,2.5331
CON8-1,Cui,4,6,1.1264,0.8314,0.8314,0.8314,1.0073,1.0434,1.0925,0.8314,0.5526,0.869,0.8059,0.8464,0.4396,0.4396,1.0708,0.8116,0.3675,0.6361
CON8-1,Cui,5,3,1.5261,1.437,1.437,1.437,1.4231,1.4508,1.4508,1.437,0.9593,1.5261,1.437,1.437,1.0636,0.9595,1.5261,1.4153,0.9878,0.8601
CON8-1,Cui,6,4,2.6362,2.4432,2.5142,2.4432,2.4197,2.4332,2.4414,2.4637,2.0127,2.4023,2.4552,2.4378,1.8269,1.8672,2.3866,2.3767,1.7981,1.4852
CON8-1,Cui,7,3,1.4564,1.3156,1.3985,1.3156,1.3292,1.4564,1.4564,1.3985,0.7395,1.3863,1.3007,1.3802,0.7993,0.7993,1.4465,1.3009,0.7054,0.8089
CON8-1,Cui,8,2,1.8391,1.607,1.607,1.607,1.7304,1.6881,1.6881,1.607,0.8918,1.5921,1.607,1.607,0.9328,0.9328,1.6707,1.6264,0.845,1.0508
CON8-1,Cui,9,6,2.7379,2.1843,2.6615,2.1843,2.6562,2.7379,2.7379,2.6722,1.7858,2.288,2.1843,2.1557,1.5975,1.4004,2.2674,2.1576,1.4429,1.4883
CON8-1,Cui,10,3,3.7487,3.7789,3.7488,3.7789,3.8086,3.7487,3.7487,3.7488,2.8443,3.7241,3.7789,3.7488,2.936,2.936,3.7487,3.7135,2.784,2.9088
CON8-1,Cui,11,3,2.2648,2.2349,2.2982,2.2349,2.1882,2.3508,2.3195,2.2349,1.6324,2.2099,2.2349,2.2349,1.7614,1.7455,2.4455,2.2249,1.6672,1.2663
CON8-1,Cui,12,5,1.7163,1.6968,1.8205,1.6968,1.7369,1.7163,1.7163,1.7856,1.8385,1.5167,1.6788,1.5801,0.92,0.9223,1.6577,1.5659,0.8929,0.9638
CON8-1,Cui,13,4,1.0377,0.9667,0.9667,0.9667,0.9007,1.0377,1.0377,0.9773,0.5251,0.915,0.966,0.9009,0.4032,0.4032,1.0377,0.9219,0.4292,0.5944
CON8-1,MDRO,0,2,0.7275,0.7003,0.7003,0.7003,0.6885,0.6929,0.6929,0.7121,0.3117,0.7275,0.7003,0.7121,0.3152,0.3152,0.7275,0.7047,0.3068,0.4567
CON8-1,MDRO,1,3,0.938,0.992,0.992,0.992,0.9066,0.8847,0.8866,0.992,0.5843,0.938,0.9246,0.9246,0.5874,0.5624,0.938,0.9246,0.785,0.5241
CON8-1,MDRO,2,3,0.5497,0.4625,0.557,0.4625,0.4536,0.4536,0.4777,0.557,0.2746,0.5497,0.4625,0.4625,0.2074,0.2074,0.5497,0.4077,0.2248,0.3058
CON8-1,MDRO,3,2,0.2132,0.2132,0.2132,0.2132,0.2132,0.2132,0.2132,0.2132,0.2132,0.2132,0.2132,0.2132,0.1433,0.1433,0.2132,0.2132,0.1433,0.1217
CON8-1,MDRO,4,3,0.0,0.0,0.0,0.0,0.0,0.0,0.0,0.0,0.0,0.0,0.0,0.0,0.0,0.0,0.0,0.0,0.0,0.0
CON8-1,MDRO,5,3,0.3967,0.339,0.339,0.339,0.362,0.3967,0.3967,0.339,0.2809,0.3967,0.339,0.339,0.2899,0.2872,0.3967,0.3685,0.1843,0.222
CON8-1,MDRO,6,2,0.0,0.0,0.0,0.0,0.0,0.0,0.0,0.0,0.0,0.0,0.0,0.0,0.0,0.0,0.0,0.0,0.0,0.0
CON8-1,MDRO,7,4,0.4303,0.4409,0.4038,0.4409,0.4409,0.4303,0.4303,0.4038,0.4643,0.4303,0.4409,0.4038,0.4167,0.4167,0.4303,0.4409,0.4305,0.2443
CON8-1,MDRO,8,6,0.2663,0.2297,0.2824,0.2297,0.1921,0.1779,0.1779,0.2614,0.1547,0.2663,0.1777,0.1938,0.0849,0.0849,0.2663,0.2057,0.0794,0.1494
CON8-1,MDRO,9,4,0.43,0.4007,0.4007,0.4007,0.4124,0.43,0.43,0.4007,0.345,0.43,0.4124,0.4124,0.345,0.345,0.43,0.3975,0.2175,0.2396
CON8-1,MDRO,10,2,0.3108,0.3157,0.3157,0.3157,0.3117,0.3108,0.3108,0.3157,0.1506,0.3108,0.3157,0.3157,0.1459,0.1459,0.3108,0.3108,0.1647,0.1792
CON8-1,MDRO,11,4,0.4933,0.6164,0.6164,0.6164,0.4933,0.6222,0.6994,0.5971,0.4933,0.4933,0.6164,0.5971,0.3501,0.3501,0.4933,0.4505,0.3556,0.2897
CON8-1,MDRO,12,3,0.0795,0.0722,0.0722,0.0722,0.0722,0.0795,0.0795,0.0722,0.0369,0.0795,0.0722,0.0722,0.0369,0.0369,0.0795,0.0795,0.0508,0.0457
CON8-1,MDRO,13,2,0.0276,0.0276,0.0276,0.0276,0.0276,0.0276,0.0276,0.0276,0.0276,0.0276,0.0276,0.0276,0.0276,0.0276,0.0276,0.0276,0.0276,0.0154
CON8-1,MDRO,14,2,0.102,0.1906,0.1428,0.1906,0.1135,0.102,0.102,0.1428,0.0354,0.102,0.1906,0.1428,0.0455,0.0455,0.102,0.102,0.0354,0.0587
CON8-1,MDRO,15,2,0.0273,0.1434,0.1434,0.1434,0.0273,0.0273,0.0273,0.1434,0.052,0.0273,0.1434,0.1434,0.0275,0.0275,0.0273,0.0273,0.0275,0.0159
CON8-1,MDRO,16,3,0.0,0.0,0.0,0.0,0.0,0.0,0.0,0.0,0.0,0.0,0.0,0.0,0.0,0.0,0.0,0.0,0.0,0.0
CON8-2,Det,0,5,22.3309,20.6899,22.4571,20.6831,22.6705,21.1175,21.2081,21.6071,22.3309,20.6296,20.6817,20.967,20.967,20.967,20.7319,20.7071,20.7317,18.8085
CON8-2,Det,1,5,34.7869,28.0615,28.2148,28.0333,31.1975,28.4543,28.0179,28.2449,31.6963,27.5244,28.0342,27.4631,27.4631,26.0952,27.4133,27.1544,25.7011,22.3327
CON8-2,Det,2,8,35.5984,26.7867,27.3352,26.3347,30.0638,26.9981,26.41,27.1771,35.4583,26.1423,27.1771,26.3367,26.3367,26.307,26.3713,26.3767,26.4053,18.0562
CON8-2,Det,3,5,25.8304,25.6457,25.9944,25.7227,25.7815,25.8304,25.8304,25.9944,25.8304,25.9504,25.6746,25.6607,25.6607,25.6607,25.7515,25.7416,25.838,23.4284
CON8-2,Det,4,7,35.3142,32.2341,33.6841,32.5032,34.6193,32.3266,32.6005,33.6884,35.3142,32.2676,32.5128,32.2756,32.2756,32.1113,32.2459,32.0577,32.0713,26.9041
CON8-2,Det,5,5,9.4505,7.677,9.3675,7.677,7.2466,7.5687,7.3252,7.7997,8.5925,7.33,7.5159,7.2787,7.2787,6.9829,7.2436,7.1757,7.0628,5.4072
CON8-2,Det,6,6,16.3662,11.8632,12.5439,11.9582,14.4082,12.8712,14.4688,12.0612,11.4679,11.9019,11.8718,11.8521,8.9646,8.5503,11.7919,11.8542,8.622,8.6234
CON8-2,Det,7,5,28.4711,21.2331,21.6852,21.2369,24.4755,27.1863,28.4711,21.6852,28.4711,21.4428,21.2369,21.2369,21.2369,21.2369,21.5975,21.4555,21.5929,14.8193
CON8-2,Det,8,4,27.8401,27.9216,27.9014,27.8724,27.8716,27.8401,27.8401,27.9014,26.9965,27.9265,27.8724,27.8724,26.9912,27.0819,27.9113,27.7793,27.0176,25.931
CON8-2,SAA,0,3,1.309,1.0707,1.0707,1.0707,1.0322,1.0172,1.0749,1.0707,0.4583,1.1179,1.0707,1.0693,0.4684,0.4684,1.309,1.0524,0.4627,0.735
CON8-2,SAA,1,5,3.2944,2.6167,2.6163,2.6167,2.8445,3.0523,3.0062,2.679,1.6817,2.7044,2.6167,2.6225,1.3466,1.3466,2.8548,2.597,1.3315,2.0881
CON8-2,SAA,2,3,4.3092,4.0183,4.0088,4.0183,4.0411,3.9392,3.9498,4.0088,2.6552,3.9719,3.9513,3.951,2.6329,2.6371,3.9493,3.9714,2.7414,2.4194
CON8-2,SAA,3,4,2.841,2.3291,2.4855,2.3291,2.3759,2.4267,2.3297,2.2956,1.3857,2.3465,2.3291,2.311,1.0365,1.0365,2.4748,2.238,1.0767,1.6133
CON8-2,SAA,4,3,0.3658,0.4807,0.4807,0.4807,0.438,0.4699,0.4699,0.4807,0.3505,0.3658,0.4807,0.3722,0.3035,0.315,0.3658,0.3901,0.3004,0.2054
CON8-2,SAA,5,3,0.8023,0.9232,0.8994,0.9232,0.7171,0.8023,0.8023,0.8654,0.5021,0.8023,0.9232,0.8342,0.3781,0.3709,0.8023,0.683,0.3979,0.4559
CON8-2,SAA,6,3,0.5771,0.5195,0.5709,0.5195,0.5411,0.5771,0.5771,0.5709,0.3021,0.5771,0.5038,0.5195,0.3021,0.3015,0.5771,0.4549,0.2804,0.3227
CON8-2,SAA,7,4,0.0555,0.0346,0.0346,0.0346,0.0646,0.0555,0.0555,0.0346,0.0148,0.0555,0.0346,0.0346,0.0112,0.0112,0.0555,0.0555,0.0555,0.0331
CON8-2,SAA,8,2,0.0,0.0,0.0,0.0,0.0,0.0,0.0,0.0,0.0,0.0,0.0,0.0,0.0,0.0,0.0,0.0,0.0,0.0
CON8-2,SAA,9,3,1.2751,1.2976,1.2874,1.2976,1.2386,1.2677,1.2677,1.2874,0.8831,1.2894,1.2976,1.2967,0.8237,0.8102,1.2751,1.2277,0.7445,0.7282
CON8-2,SAA,10,7,0.808,0.838,0.9475,0.838,0.808,0.808,0.808,0.8898,0.7523,0.808,0.8488,0.7929,0.4206,0.4206,0.808,0.699,0.433,0.4546
CON8-2,SAA,11,4,1.2829,1.2617,1.5516,1.2617,1.2254,1.3402,1.1747,1.5516,1.0826,1.2829,1.2412,1.2797,0.8648,0.8365,1.2829,1.2231,0.7518,0.7634
CON8-2,SAA,12,3,3.2245,2.6756,2.6604,2.6756,2.6937,2.6698,2.6698,2.6604,1.3321,2.7296,2.6756,2.638,1.5418,1.2696,2.692,2.653,1.3432,1.8004
CON8-2,SAA,13,3,1.9482,1.5713,1.4512,1.5713,1.6088,1.5659,1.5532,1.5776,0.7103,1.5253,1.5776,1.5776,0.6891,0.7408,1.619,1.482,0.6714,1.1239
CON8-2,WDRO,0,2,0.5005,0.4883,0.4883,0.4883,0.4883,0.4883,0.4883,0.4883,0.4295,0.5005,0.4883,0.4883,0.4458,0.4458,0.5005,0.5397,0.4335,0.3039
CON8-2,WDRO,1,6,0.2345,0.1766,0.2287,0.1766,0.2107,0.2107,0.2107,0.2287,0.1471,0.2345,0.1726,0.1705,0.0773,0.0773,0.2345,0.2289,0.1015,0.1317
CON8-2,WDRO,2,5,0.4972,0.4958,0.4913,0.4958,0.481,0.4699,0.4636,0.4883,0.2167,0.4972,0.4535,0.4705,0.2014,0.2014,0.4972,0.4378,0.1902,0.2903
CON8-2,WDRO,3,2,0.5966,0.5966,0.5966,0.5966,0.5966,0.5966,0.5966,0.5966,0.3239,0.5966,0.5966,0.5966,0.3247,0.3765,0.5966,0.5726,0.3157,0.339
CON8-2,WDRO,4,4,0.4188,0.3049,0.3049,0.3049,0.3715,0.309,0.3192,0.3049,0.1868,0.4188,0.3192,0.3192,0.2269,0.1497,0.4188,0.3488,0.1423,0.2505
CON8-2,WDRO,5,3,0.0265,0.046,0.0152,0.046,0.0152,0.0265,0.0265,0.0152,0.0174,0.0265,0.0306,0.0152,0.0035,0.0035,0.0265,0.0265,0.0265,0.0152
CON8-2,WDRO,6,3,0.2637,0.3186,0.3186,0.3186,0.2638,0.2637,0.2637,0.3186,0.1659,0.2637,0.3186,0.3186,0.1409,0.1397,0.2637,0.2638,0.1343,0.1508
CON8-2,WDRO,7,3,0.2473,0.2977,0.2977,0.3129,0.2411,0.3146,0.2473,0.2977,0.1963,0.2473,0.3129,0.2977,0.1644,0.1644,0.2473,0.3301,0.2546,0.1385
CON8-2,WDRO,8,2,0.1275,0.1202,0.1311,0.1202,0.1275,0.1311,0.1311,0.1311,0.1353,0.1275,0.1093,0.1311,0.109,0.109,0.1275,0.1275,0.0949,0.0728
CON8-2,WDRO,9,4,0.1574,0.1129,0.1502,0.1129,0.135,0.135,0.135,0.1502,0.0517,0.1574,0.1129,0.1163,0.0526,0.0526,0.1574,0.1574,0.0383,0.089
CON8-2,WDRO,10,2,0.0,0.0,0.0,0.0,0.0,0.0,0.0,0.0,0.0,0.0,0.0,0.0,0.0,0.0,0.0,0.0,0.0,0.0
CON8-2,WDRO,11,3,0.0534,0.0534,0.0534,0.0534,0.0534,0.0534,0.0534,0.0534,0.0534,0.0534,0.0534,0.0534,0.0534,0.0534,0.0534,0.0534,0.0447,0.0299
CON8-2,WDRO,12,3,0.2613,0.3246,0.3246,0.3246,0.35,0.2759,0.2759,0.3246,0.2023,0.2613,0.3053,0.3053,0.2072,0.2153,0.2613,0.2613,0.2261,0.1467
CON8-2,WDRO,13,3,0.1944,0.1979,0.1979,0.1979,0.1979,0.1944,0.1944,0.1979,0.1783,0.1944,0.1979,0.1979,0.1748,0.1748,0.1944,0.1944,0.1869,0.1079
CON8-2,WDRO,14,2,0.3227,0.3685,0.3638,0.3685,0.3575,0.3117,0.3117,0.3591,0.1952,0.3227,0.3685,0.3591,0.2229,0.2229,0.3227,0.3227,0.2125,0.1897
CON8-2,WDRO,15,3,0.5357,0.6137,0.5963,0.6137,0.6137,0.5357,0.5357,0.5963,0.3568,0.5357,0.6137,0.5963,0.391,0.391,0.5357,0.566,0.2954,0.3332
CON8-2,Gounaris,0,3,1.1428,1.0421,1.0838,1.0421,1.0436,1.1428,1.1428,1.0838,0.4375,1.0787,1.0421,1.0304,0.4208,0.4208,1.1428,0.9954,0.4699,0.6434
CON8-2,Gounaris,1,5,0.1043,0.1238,0.1238,0.1238,0.1043,0.1043,0.1043,0.1238,0.2251,0.1043,0.1238,0.1238,0.0448,0.0448,0.1043,0.1043,0.0718,0.0616
CON8-2,Gounaris,2,3,4.3092,4.0183,4.0088,4.0183,4.0411,3.9392,3.9498,4.0088,2.6552,3.9719,3.9513,3.951,2.6329,2.6371,3.9493,3.9714,2.7414,2.4194
CON8-2,Gounaris,3,4,3.8442,2.9328,3.092,2.9328,3.0478,2.9749,2.9324,3.077,1.3895,2.9318,2.932,2.9323,1.3507,1.3507,2.8682,2.8237,1.2784,2.1526
CON8-2,Gounaris,4,3,0.3658,0.4807,0.4807,0.4807,0.438,0.4699,0.4699,0.4807,0.3505,0.3658,0.4807,0.3722,0.3035,0.315,0.3658,0.3901,0.3004,0.2054
CON8-2,Gounaris,5,4,0.0,0.0,0.0,0.0,0.0,0.0,0.0,0.0,0.0,0.0,0.0,0.0,0.0042,0.0042,0.0,0.0,0.0,0.0
CON8-2,Gounaris,6,2,0.0276,0.0276,0.0276,0.0276,0.0276,0.0276,0.0276,0.0276,0.0276,0.0276,0.0276,0.0276,0.0276,0.0276,0.0276,0.0276,0.0276,0.0154
CON8-2,Gounaris,7,4,2.6934,2.3478,2.3757,2.3478,2.5142,2.3875,2.4301,2.3233,1.7978,2.4334,2.3317,2.3418,1.9412,1.7534,2.6934,2.3083,1.6001,1.5249
CON8-2,Gounaris,8,3,3.8286,3.3175,3.4919,3.3175,3.3676,3.393,3.393,3.3165,2.0351,3.3999,3.3165,3.3165,2.1452,2.0912,3.2954,3.2796,2.0596,2.2699
CON8-2,Gounaris,9,3,0.1509,0.1241,0.1241,0.1241,0.1568,0.1509,0.1509,0.1241,0.0512,0.1509,0.1241,0.1193,0.0512,0.0512,0.1509,0.1509,0.0331,0.0878
CON8-2,Gounaris,10,2,0.1335,0.2038,0.2038,0.2038,0.1222,0.1335,0.1335,0.2038,0.0893,0.1335,0.2038,0.2038,0.0814,0.0814,0.1335,0.1335,0.0893,0.0997
CON8-2,Gounaris,11,8,2.25,2.0501,2.4015,2.0501,2.2254,2.0636,2.25,2.1208,1.7114,1.9576,1.9891,1.867,0.9863,0.9863,2.0496,1.91,0.9541,1.2669
CON8-2,Gounaris,12,3,3.2245,2.6756,2.6604,2.6756,2.6937,2.6698,2.6698,2.6604,1.3321,2.7296,2.6756,2.638,1.5418,1.2696,2.692,2.653,1.3432,1.8004
CON8-2,Gounaris,13,3,3.0034,2.6188,2.6309,2.6188,2.9501,2.6317,2.6464,2.6309,2.5665,2.6956,2.6309,2.6637,1.4857,1.592,2.7098,2.6263,1.412,1.6678
CON8-2,Cui,0,3,0.2158,0.2598,0.2598,0.2598,0.2073,0.204,0.204,0.2598,0.1394,0.2158,0.2598,0.2598,0.1417,0.1417,0.2158,0.214,0.132,0.1212
CON8-2,Cui,1,7,2.6461,2.0761,2.2364,2.0761,2.2413,2.3173,2.2792,2.144,1.3846,2.1963,1.9086,1.8591,0.9001,0.9001,2.0224,1.7925,0.9857,1.483
CON8-2,Cui,2,3,4.3092,4.0183,4.0088,4.0183,4.0411,3.9392,3.9498,4.0088,2.6552,3.9719,3.9513,3.951,2.6329,2.6371,3.9493,3.9714,2.7414,2.4194
CON8-2,Cui,3,4,1.9246,1.4422,1.7022,1.4422,1.7044,1.6736,1.6696,1.4422,1.0684,1.7332,1.4277,1.4567,0.738,0.8233,1.9246,1.4252,0.7324,1.1608
CON8-2,Cui,4,3,3.5062,3.4267,3.4243,3.4267,3.5062,3.4137,3.5062,3.4243,3.2416,3.4243,3.4267,3.4243,3.4243,3.1741,3.5241,3.4063,3.1989,1.9019
CON8-2,Cui,5,6,3.323,2.6013,2.886,2.6013,3.0906,2.547,2.4274,2.6543,1.8109,2.6911,2.6013,2.4313,1.2443,1.2528,2.5887,2.4113,1.1176,1.8478
CON8-2,Cui,6,3,3.0415,2.6149,2.6519,2.6149,2.6754,3.0415,3.0415,2.6519,1.3814,2.6084,2.6519,2.6519,1.2828,1.2828,2.6575,2.6018,1.269,1.8537
CON8-2,Cui,7,4,3.8499,3.5284,3.6583,3.4931,3.7132,3.5477,3.5477,3.4812,2.4361,3.5371,3.5284,3.4948,2.142,2.142,3.6081,3.4347,2.2172,2.7827
CON8-2,Cui,8,4,3.0865,2.8135,2.8257,2.8135,2.8164,2.9496,2.9496,2.8257,2.1872,3.0058,2.8257,2.8106,2.2201,2.1128,3.0865,2.6323,2.0387,1.6788
CON8-2,Cui,9,4,2.0145,1.8471,1.8471,1.8471,1.7573,2.0145,2.0145,1.8307,1.029,1.8514,1.8471,1.8134,1.101,1.0985,1.8034,1.7541,1.072,1.1167
CON8-2,Cui,10,2,0.1788,0.1573,0.1573,0.1573,0.1573,0.1788,0.1788,0.1573,0.1297,0.1788,0.1573,0.1573,0.1026,0.1026,0.1788,0.1788,0.1075,0.125
CON8-2,Cui,11,4,1.9322,1.5356,1.5619,1.5356,1.5263,1.5851,1.5851,1.5619,0.9112,1.634,1.555,1.5106,0.793,0.8135,1.7686,1.4763,0.7208,1.0772
CON8-2,Cui,12,3,3.2245,2.6756,2.6604,2.6756,2.6937,2.6698,2.6698,2.6604,1.3321,2.7296,2.6756,2.638,1.5418,1.2696,2.692,2.653,1.3432,1.8004
CON8-2,MDRO,0,4,0.3714,0.3938,0.4439,0.3938,0.4263,0.449,0.4363,0.4439,0.2137,0.3714,0.3938,0.4362,0.2082,0.2269,0.3714,0.3753,0.1823,0.2108
CON8-2,MDRO,1,2,0.3315,0.3568,0.3315,0.3568,0.3568,0.3399,0.3399,0.3315,0.3065,0.3315,0.3568,0.3315,0.3242,0.3242,0.3315,0.3315,0.3481,0.2201
CON8-2,MDRO,2,3,0.5357,0.6137,0.5963,0.6137,0.6137,0.5357,0.5357,0.5963,0.3568,0.5357,0.6137,0.5963,0.391,0.391,0.5357,0.566,0.2954,0.3332
CON8-2,MDRO,3,6,0.2345,0.1766,0.2287,0.1766,0.2107,0.2107,0.2107,0.2287,0.1471,0.2345,0.1726,0.1705,0.0773,0.0773,0.2345,0.2289,0.1015,0.1317
CON8-2,MDRO,4,5,0.7964,0.6045,0.628,0.6045,0.6415,0.6573,0.6415,0.6422,0.6635,0.7964,0.6045,0.6004,0.2847,0.2847,0.7964,0.5595,0.2801,0.4452
CON8-2,MDRO,5,4,0.4188,0.3049,0.3049,0.3049,0.3715,0.309,0.3192,0.3049,0.1868,0.4188,0.3192,0.3192,0.2269,0.1497,0.4188,0.3488,0.1423,0.2505
CON8-2,MDRO,6,2,0.0267,0.0267,0.0267,0.0267,0.0267,0.0267,0.0267,0.0267,0.0267,0.0267,0.0267,0.0267,0.0267,0.0267,0.0267,0.0267,0.0267,0.0149
CON8-2,MDRO,7,3,0.2637,0.3186,0.3186,0.3186,0.2638,0.2637,0.2637,0.3186,0.1659,0.2637,0.3186,0.3186,0.1409,0.1397,0.2637,0.2638,0.1343,0.1508
CON8-2,MDRO,8,2,0.027,0.027,0.027,0.027,0.027,0.027,0.027,0.027,0.027,0.027,0.027,0.027,0.027,0.027,0.027,0.027,0.028,0.0152
CON8-2,MDRO,9,3,0.0,0.0,0.0,0.0,0.0,0.0,0.0,0.0,0.0,0.0,0.0,0.0,0.0,0.0,0.0,0.0,0.0,0.0
CON8-2,MDRO,10,4,0.1574,0.1129,0.1502,0.1129,0.135,0.135,0.135,0.1502,0.0517,0.1574,0.1129,0.1163,0.0526,0.0526,0.1574,0.1574,0.0383,0.089
CON8-2,MDRO,11,3,0.0269,0.1401,0.1237,0.1401,0.0152,0.0269,0.0269,0.1237,0.0112,0.0269,0.1397,0.0455,0.0112,0.0112,0.0269,0.0269,0.0269,0.0152
CON8-2,MDRO,12,2,0.5005,0.4883,0.4883,0.4883,0.4883,0.4883,0.4883,0.4883,0.4295,0.5005,0.4883,0.4883,0.4458,0.4458,0.5005,0.5397,0.4335,0.3039
CON8-2,MDRO,13,2,0.0268,0.0268,0.0268,0.0268,0.0268,0.0268,0.0268,0.0268,0.0268,0.0268,0.0268,0.0268,0.0268,0.0268,0.0268,0.0268,0.0268,0.0153
CON8-2,MDRO,14,2,0.3658,0.3909,0.3909,0.3909,0.3303,0.3151,0.3151,0.3909,0.3137,0.3658,0.3909,0.3909,0.3164,0.3164,0.3658,0.3658,0.3137,0.2122
CON8-2,MDRO,15,3,0.0821,0.1136,0.1136,0.1136,0.0821,0.0821,0.0821,0.1136,0.0821,0.0821,0.1136,0.1136,0.0801,0.0801,0.0821,0.0821,0.0969,0.0465
CON8-3,Det,0,5,26.5186,18.5426,19.0953,18.5426,20.6802,21.6519,18.4537,18.8547,23.3339,18.4034,18.502,18.5076,16.9928,16.7431,18.4398,18.4567,16.7292,14.226
CON8-3,Det,1,2,3.9399,3.3205,3.3174,3.3205,3.3237,3.4261,3.4261,3.3174,1.3791,3.58,3.3205,3.3174,1.3636,1.3636,3.3814,3.344,1.4043,2.3058
CON8-3,Det,2,4,28.7805,26.3779,26.2668,26.2513,27.0958,26.4953,26.3481,26.2513,24.4607,26.2772,26.2513,26.1202,22.8195,22.8314,26.3529,26.3147,22.885,22.325
CON8-3,Det,3,5,33.7295,24.9775,27.514,25.0209,26.1537,31.0907,30.5059,25.2749,33.7295,24.9027,25.0434,25.057,25.057,25.057,25.2297,25.1042,25.3986,18.5502
CON8-3,Det,4,2,0.1301,0.1301,0.1301,0.1301,0.1301,0.1301,0.1301,0.1301,0.0599,0.1301,0.1301,0.1301,0.1301,0.1301,0.1301,0.1301,0.0677,0.0742
CON8-3,Det,5,3,25.9194,24.1468,24.1468,24.1468,25.093,24.6684,24.2615,24.1419,21.8519,24.1617,24.1344,24.1264,20.489,20.513,24.3705,24.2558,20.5437,20.9679
CON8-3,Det,6,9,48.8321,48.1041,48.2996,48.1463,48.8321,48.3939,48.189,48.1274,48.8321,48.3987,48.2443,48.3391,48.1404,48.1404,48.3361,48.1245,48.0494,47.0774
CON8-3,Det,7,6,28.7713,20.7267,24.1587,21.4297,25.0453,21.6682,20.9668,21.7884,28.385,20.3574,20.6259,20.2265,20.2265,20.0684,20.2174,20.3838,20.2966,15.6723
CON8-3,Det,8,6,28.9607,21.869,23.382,21.7677,26.5641,23.0516,21.5559,23.2789,24.3579,21.123,21.8259,20.9713,20.9713,18.6609,20.9949,20.8593,18.6532,15.6293
CON8-3,Det,9,8,37.4709,28.0861,32.6659,27.8791,31.5155,28.5868,29.9335,28.6743,37.4709,27.1323,28.4307,27.8118,27.8118,27.7439,27.4902,27.0457,27.1993,20.3458
CON8-3,SAA,0,4,1.479,1.1788,1.1786,1.1788,1.3689,1.2281,1.0872,1.1786,1.0692,1.2458,1.1786,1.0636,0.5297,0.5297,1.3014,1.0719,0.4807,0.817
CON8-3,SAA,1,5,4.0275,3.3666,3.8006,3.3666,3.9765,3.5187,3.4401,3.3592,3.6297,3.3869,3.349,3.2717,2.6899,2.4984,3.2768,3.2285,2.4181,2.2353
CON8-3,SAA,2,2,0.696,0.6666,0.6666,0.6666,0.6752,0.696,0.696,0.6666,0.5047,0.696,0.6666,0.6666,0.4401,0.4401,0.696,0.7218,0.534,0.4039
CON8-3,SAA,3,1,0.0,0.0,0.0,0.0,0.0,0.0,0.0,0.0,0.0,0.0,0.0,0.0,0.0,0.0,0.0,0.0,0.0,0.0
CON8-3,SAA,4,7,1.6994,1.2218,1.3966,1.2218,1.2875,1.2805,1.1574,1.3016,0.8488,1.5042,1.1796,1.1798,0.5993,0.6423,1.6994,1.2029,0.5441,0.9998
CON8-3,SAA,5,4,1.5172,1.3216,1.4876,1.3216,1.3103,1.3782,1.5172,1.3324,0.7436,1.4706,1.3324,1.4292,0.8001,0.8001,1.5172,1.3025,0.6344,0.897
CON8-3,SAA,6,3,1.8577,1.5695,1.7123,1.5695,1.5597,1.5965,1.5433,1.7123,0.6619,1.5975,1.5806,1.7094,0.7533,0.7533,1.6461,1.5473,0.6528,1.0598
CON8-3,SAA,7,4,1.6149,1.4319,1.4885,1.4319,1.3818,1.4105,1.4105,1.4847,0.8331,1.4025,1.4193,1.3583,0.8547,0.8058,1.3278,1.3704,0.7438,0.9307
CON8-3,SAA,8,3,2.418,2.331,2.3599,2.331,2.418,2.4036,2.4036,2.3599,2.2592,2.418,2.3599,2.3599,1.8189,1.8189,2.418,2.174,1.6485,1.3568
CON8-3,SAA,9,5,0.4171,0.4036,0.4475,0.4163,0.372,0.4171,0.4171,0.4448,0.2861,0.4171,0.4163,0.4133,0.2115,0.2011,0.4171,0.415,0.2066,0.2305
CON8-3,SAA,10,2,2.512,2.1705,2.1666,2.1705,2.0757,2.0757,2.0757,2.1666,0.6208,2.2421,2.1705,2.1666,0.5778,0.5778,2.0757,2.0945,0.6941,1.4499
CON8-3,SAA,11,4,1.9257,1.86,1.9841,1.86,1.9257,1.8559,1.8559,1.9405,1.5802,1.8922,1.86,1.857,1.229,1.2625,1.9257,1.8363,1.2383,1.1115
CON8-3,SAA,12,2,2.4189,2.2337,2.1858,2.2337,2.1884,2.1558,2.1558,2.1858,0.9746,2.1169,2.2337,2.1858,0.9609,0.9609,2.3498,2.1884,0.9175,1.4638
CON8-3,SAA,13,2,3.5827,3.1937,3.1937,3.1937,3.2694,3.2624,3.2624,3.1937,1.7899,3.2175,3.1937,3.1937,1.8072,1.7818,3.2146,3.1927,1.8334,2.1148
CON8-3,SAA,14,2,1.2459,1.2107,1.2107,1.2107,1.2424,1.2459,1.2459,1.2107,0.433,1.2459,1.2107,1.2107,0.4437,0.5229,1.2459,1.2107,0.4619,0.7289
CON8-3,WDRO,0,5,0.379,0.3283,0.3283,0.3283,0.3337,0.3203,0.3217,0.3283,0.1899,0.379,0.3283,0.3283,0.1996,0.1996,0.379,0.3169,0.1191,0.2167
CON8-3,WDRO,1,2,0.4358,0.4243,0.4318,0.4243,0.4358,0.4247,0.4247,0.4026,0.2538,0.4358,0.4464,0.4026,0.2666,0.2666,0.4358,0.4172,0.2205,0.248
CON8-3,WDRO,2,2,0.0,0.0,0.0,0.0,0.0,0.0,0.0,0.0,0.0,0.0,0.0,0.0,0.0,0.0,0.0,0.0,0.0,0.0
CON8-3,WDRO,3,3,0.1708,0.1708,0.1708,0.1708,0.1708,0.1708,0.1708,0.1708,0.1708,0.1708,0.1708,0.1708,0.1708,0.1708,0.1708,0.1708,0.1648,0.1
CON8-3,WDRO,4,6,0.2257,0.2108,0.2108,0.2108,0.2257,0.2257,0.2108,0.2108,0.2015,0.2257,0.2108,0.2108,0.1782,0.1782,0.2257,0.203,0.1297,0.1384
CON8-3,WDRO,5,2,0.6721,0.6167,0.6124,0.6167,0.6706,0.5843,0.5843,0.6124,0.2833,0.6721,0.6167,0.6124,0.2807,0.2807,0.6721,0.6231,0.2438,0.4042
CON8-3,WDRO,6,3,0.7025,0.6399,0.6459,0.6672,0.7025,0.7025,0.7025,0.6459,0.7025,0.7025,0.6822,0.6459,0.6073,0.6073,0.7025,0.6668,0.4873,0.3958
CON8-3,WDRO,7,1,0.0,0.0,0.0,0.0,0.0,0.0,0.0,0.0,0.0,0.0,0.0,0.0,0.0,0.0,0.0,0.0,0.0,0.0
CON8-3,WDRO,8,3,0.0832,0.0832,0.0832,0.0832,0.0832,0.0832,0.0832,0.0832,0.0832,0.0832,0.0832,0.0832,0.0832,0.0832,0.0832,0.0832,0.0518,0.0466
CON8-3,WDRO,9,2,0.4341,0.4341,0.4341,0.4341,0.4341,0.4341,0.4341,0.4341,0.4341,0.4341,0.4341,0.4341,0.3008,0.3008,0.4341,0.4341,0.24,0.2525
CON8-3,WDRO,10,2,0.2413,0.2408,0.2408,0.2408,0.2413,0.2413,0.2413,0.2408,0.1879,0.2413,0.2408,0.2408,0.1602,0.1602,0.2413,0.2413,0.174,0.1372
CON8-3,WDRO,11,4,0.6933,0.643,0.7575,0.643,0.6328,0.6933,0.6933,0.7082,0.3643,0.6933,0.643,0.643,0.4373,0.354,0.6933,0.669,0.3688,0.4154
CON8-3,WDRO,12,3,0.7465,0.658,0.6947,0.658,0.7212,0.65,0.65,0.658,0.4361,0.7465,0.658,0.658,0.4244,0.4244,0.7465,0.65,0.4422,0.4306
CON8-3,WDRO,13,4,0.6156,0.5917,0.5917,0.5917,0.6081,0.6156,0.6156,0.5917,0.4175,0.6156,0.5917,0.5917,0.455,0.455,0.6156,0.5455,0.4408,0.3679
CON8-3,WDRO,14,1,0.0,0.0,0.0,0.0,0.0,0.0,0.0,0.0,0.0,0.0,0.0,0.0,0.0,0.0,0.0,0.0,0.0,0.0
CON8-3,WDRO,15,3,0.0,0.0,0.0,0.0,0.0,0.0,0.0,0.0,0.0,0.0,0.0,0.0,0.0,0.0,0.0,0.0,0.0,0.0
CON8-3,WDRO,16,3,0.316,0.4002,0.4002,0.4002,0.316,0.316,0.316,0.4002,0.3273,0.316,0.4002,0.4002,0.4002,0.3273,0.316,0.316,0.2951,0.1877
CON8-3,WDRO,17,1,0.0,0.0,0.0,0.0,0.0,0.0,0.0,0.0,0.0,0.0,0.0,0.0,0.0,0.0,0.0,0.0,0.0,0.0
CON8-3,Gounaris,0,4,4.0684,3.1402,3.2085,3.1402,3.1434,3.2349,3.1292,3.1683,1.9078,3.2809,3.1402,3.1399,1.8572,1.612,3.1803,3.079,1.6115,2.2634
CON8-3,Gounaris,1,7,1.6994,1.2218,1.3966,1.2218,1.2875,1.2805,1.1574,1.3016,0.8488,1.5042,1.1796,1.1798,0.5993,0.6423,1.6994,1.2029,0.5441,0.9998
CON8-3,Gounaris,2,6,5.2565,4.1305,4.5611,4.1305,5.0736,4.3031,4.5681,4.576,4.5329,4.2467,4.0995,3.9859,3.5999,3.0204,4.1898,4.0562,2.8924,2.8822
CON8-3,Gounaris,3,2,3.584,3.2264,3.2264,3.2264,3.1927,3.2088,3.2088,3.2264,1.8759,3.2304,3.2264,3.2264,2.0427,2.0427,3.2239,3.1681,1.9066,2.0926
CON8-3,Gounaris,4,2,4.8149,4.2251,4.2251,4.2251,4.1804,4.2251,4.2251,4.2363,2.0905,4.3056,4.2363,4.2363,2.0784,2.0784,4.1469,4.2402,2.0738,2.9274
CON8-3,Gounaris,5,4,2.2975,2.2378,2.1602,2.2378,2.0338,2.2975,2.2975,2.1967,1.1678,1.9488,2.2493,2.1868,1.1767,1.1174,1.9872,1.9004,1.1318,1.2882
CON8-3,Gounaris,6,4,2.9584,2.5254,2.5296,2.5254,2.8042,2.7677,2.9584,2.5399,2.1462,2.5289,2.5259,2.5289,2.0193,2.0193,2.7893,2.6147,1.8187,1.7163
CON8-3,Gounaris,7,2,3.3404,2.8741,2.8741,2.8741,2.9095,2.9624,2.9624,2.8741,1.3441,2.9504,2.8741,2.8741,1.3103,1.3103,2.9205,2.9254,1.3066,1.977
CON8-3,Gounaris,8,3,1.7065,1.5482,1.574,1.5482,1.5268,1.5396,1.5396,1.5433,1.0238,1.7065,1.5482,1.5408,1.2193,1.1695,1.7065,1.4992,1.0029,1.0133
CON8-3,Gounaris,9,6,3.5151,2.7495,2.9995,2.7495,3.2715,2.6468,2.7664,2.8261,2.5438,2.6543,2.7602,2.668,1.4261,1.2889,2.8609,2.6162,1.2455,2.0045
CON8-3,Gounaris,10,3,3.8397,3.3567,3.3567,3.3567,3.1897,3.2551,3.2551,3.3684,1.8744,3.3818,3.3567,3.3684,1.6196,1.5919,3.3871,3.0909,1.563,2.1577
CON8-3,Gounaris,11,2,0.0,0.0,0.0,0.0,0.0,0.0,0.0,0.0,0.0,0.0,0.0,0.0,0.0,0.0,0.0,0.0,0.0,0.0
CON8-3,Gounaris,12,2,3.9399,3.3205,3.3174,3.3205,3.3237,3.4261,3.4261,3.3174,1.3791,3.58,3.3205,3.3174,1.3636,1.3636,3.3814,3.344,1.4043,2.3058
CON8-3,Gounaris,13,3,3.5724,3.2513,3.2513,3.2513,3.2533,3.2279,3.2279,3.2426,1.794,3.2903,3.2426,3.2405,1.7415,1.7303,3.2859,3.2151,1.7984,2.0552
CON8-3,Cui,0,4,3.0907,2.8809,2.76,2.8809,2.7802,2.9484,2.9484,2.8809,1.591,2.8101,2.8809,2.8847,1.6584,1.6611,3.0907,2.7406,1.6795,1.776
CON8-3,Cui,1,2,6.011,5.2816,5.2934,5.2816,5.2713,5.4379,5.4379,5.3053,2.6762,5.3375,5.2934,5.3053,2.6912,2.6912,5.5574,5.3715,2.7276,3.6388
CON8-3,Cui,2,2,3.5827,3.1937,3.1937,3.1937,3.2694,3.2624,3.2624,3.1937,1.7899,3.2175,3.1937,3.1937,1.8072,1.7818,3.2146,3.1927,1.8334,2.1148
CON8-3,Cui,3,8,3.5732,2.4497,3.251,2.4497,2.7054,2.7053,2.3076,2.7843,1.6067,2.4294,2.4255,2.3608,1.1625,1.2025,2.5137,2.3071,1.1094,2.0136
CON8-3,Cui,4,5,0.3131,0.3131,0.3131,0.3131,0.3131,0.3131,0.3131,0.3131,0.208,0.3131,0.3131,0.3131,0.1923,0.1923,0.3131,0.3434,0.2627,0.1818
CON8-3,Cui,5,3,4.0874,3.6039,3.7163,3.6039,3.7191,3.4674,3.669,3.7161,1.791,3.6257,3.6039,3.6037,1.7886,1.7951,3.6044,3.4459,1.8306,2.2995
CON8-3,Cui,6,5,3.0503,2.5261,2.6346,2.4766,2.5387,2.6577,2.5893,2.4766,1.7817,2.6167,2.5269,2.5263,1.6182,1.6411,2.649,2.4464,1.5515,1.678
CON8-3,Cui,7,2,3.7994,3.4985,3.4837,3.4985,3.446,3.4837,3.4837,3.4688,1.4934,3.4227,3.4985,3.4688,1.4218,1.4218,3.4562,3.4562,1.4469,2.3265
CON8-3,Cui,8,3,4.0147,3.342,3.2973,3.342,3.3593,3.4854,3.4854,3.2973,1.209,3.393,3.342,3.3358,1.1041,1.1041,3.5109,3.21,1.115,2.3621
CON8-3,Cui,9,2,1.4161,1.2519,1.2519,1.2519,1.2847,1.2847,1.2847,1.2519,0.3921,1.246,1.2519,1.2519,0.4086,0.4086,1.4161,1.2049,0.4107,0.814
CON8-3,Cui,10,3,6.2657,5.1369,5.1197,5.1369,6.2657,5.3022,6.2657,5.1197,5.321,5.1579,5.1197,5.1197,3.4105,3.4172,5.2983,5.1483,3.3375,3.6083
CON8-3,Cui,11,3,5.551,4.9502,4.9432,4.9502,5.551,5.1843,5.551,4.9533,4.8971,5.0696,4.9533,4.9533,3.6594,3.6594,4.862,4.8414,3.7394,3.0955
CON8-3,Cui,12,5,1.2367,1.0565,1.5387,1.0565,1.0346,0.9889,0.9946,1.3442,0.4852,0.9889,1.0198,0.9971,0.4173,0.4173,1.1987,0.9925,0.4138,0.6935
CON8-3,Cui,13,3,0.2942,0.2942,0.2942,0.2942,0.2942,0.2942,0.2942,0.2942,0.2516,0.2942,0.2942,0.2942,0.3049,0.3016,0.2942,0.2942,0.2679,0.1678
CON8-3,MDRO,0,4,0.5406,0.4132,0.4132,0.4132,0.4306,0.4055,0.4181,0.4132,0.1465,0.5406,0.427,0.4296,0.1698,0.1698,0.5406,0.4837,0.1527,0.3092
CON8-3,MDRO,1,2,0.0,0.0,0.0,0.0,0.0,0.0,0.0,0.0,0.0,0.0,0.0,0.0,0.0,0.0,0.0,0.0,0.0,0.0
CON8-3,MDRO,2,6,0.2257,0.2108,0.2108,0.2108,0.2257,0.2257,0.2108,0.2108,0.2015,0.2257,0.2108,0.2108,0.1782,0.1782,0.2257,0.203,0.1297,0.1384
CON8-3,MDRO,3,2,0.4424,0.5562,0.5182,0.5562,0.4424,0.4424,0.4424,0.5182,0.4034,0.4424,0.5562,0.5182,0.3643,0.3643,0.4424,0.5562,0.4027,0.2654
CON8-3,MDRO,4,3,0.7025,0.6399,0.6459,0.6672,0.7025,0.7025,0.7025,0.6459,0.7025,0.7025,0.6822,0.6459,0.6073,0.6073,0.7025,0.6668,0.4873,0.3958
CON8-3,MDRO,5,3,0.4169,0.3382,0.3382,0.3382,0.3388,0.3649,0.3398,0.3382,0.1774,0.4169,0.3382,0.3053,0.1901,0.1901,0.4169,0.3388,0.1457,0.2384
CON8-3,MDRO,6,4,0.8931,0.7627,0.7788,0.7627,0.8336,0.8455,0.8455,0.7781,0.5068,0.8931,0.7781,0.7544,0.3471,0.3719,0.8931,0.7309,0.3742,0.5046
CON8-3,MDRO,7,2,0.0,0.0,0.0,0.0,0.0,0.0,0.0,0.0,0.0,0.0,0.0,0.0,0.0,0.0,0.0,0.0,0.0,0.0
CON8-3,MDRO,8,4,0.0,0.0,0.0,0.0,0.0,0.0,0.0,0.0,0.0,0.0,0.0,0.0,0.0,0.0,0.0,0.0,0.0306,0.0
CON8-3,MDRO,9,2,0.4283,0.4923,0.4923,0.4923,0.4283,0.4283,0.4283,0.4923,0.2779,0.4283,0.4923,0.4923,0.2656,0.2656,0.4283,0.4283,0.2549,0.2527
CON8-3,MDRO,10,5,0.5576,0.5703,0.6491,0.5703,0.5449,0.5085,0.5576,0.5613,0.405,0.5576,0.5017,0.5353,0.3683,0.3639,0.5576,0.4967,0.3554,0.3255
CON8-3,MDRO,11,1,0.0,0.0,0.0,0.0,0.0,0.0,0.0,0.0,0.0,0.0,0.0,0.0,0.0,0.0,0.0,0.0,0.0,0.0
CON8-3,MDRO,12,2,0.4358,0.4243,0.4318,0.4243,0.4358,0.4247,0.4247,0.4026,0.2538,0.4358,0.4464,0.4026,0.2666,0.2666,0.4358,0.4172,0.2205,0.248
CON8-3,MDRO,13,2,0.2298,0.2298,0.2298,0.2298,0.2298,0.2298,0.2298,0.2298,0.1607,0.2298,0.2298,0.2298,0.1357,0.1357,0.2298,0.2298,0.1403,0.1348
CON8-3,MDRO,14,3,0.3092,0.2819,0.2819,0.2819,0.2819,0.3092,0.3092,0.2819,0.1629,0.3092,0.2819,0.2819,0.1544,0.1544,0.3092,0.297,0.1373,0.1818
CON8-3,MDRO,15,1,0.0,0.0,0.0,0.0,0.0,0.0,0.0,0.0,0.0,0.0,0.0,0.0,0.0,0.0,0.0,0.0,0.0,0.0
CON8-3,MDRO,16,3,0.7465,0.658,0.6947,0.658,0.7212,0.65,0.65,0.658,0.4361,0.7465,0.658,0.658,0.4244,0.4244,0.7465,0.65,0.4422,0.4306
CON8-3,MDRO,17,1,0.0,0.0,0.0,0.0,0.0,0.0,0.0,0.0,0.0,0.0,0.0,0.0,0.0,0.0,0.0,0.0,0.0,0.0
CON8-4,Det,0,6,34.1865,28.7968,28.5411,28.7323,31.4639,28.4644,33.6042,28.6798,34.0565,28.6446,28.7323,28.674,28.674,28.5858,28.7904,27.8317,27.6999,20.9472
CON8-4,Det,1,5,32.3914,24.9942,26.7909,24.8522,27.147,28.8124,24.1591,24.9613,32.3914,24.2913,24.8522,24.2287,24.2287,24.1772,24.7641,24.182,24.1848,19.0431
CON8-4,Det,2,9,54.7477,41.858,42.1342,41.8313,45.0972,41.6615,42.4442,41.8817,54.6173,41.674,41.7596,41.5715,41.126,41.206,41.8066,41.3393,41.1319,32.429
CON8-4,Det,3,4,31.8878,26.3731,26.4793,26.2829,29.6662,27.4271,26.2045,26.4878,31.8878,26.2993,26.2829,26.3344,26.3344,26.3344,26.4798,26.3291,26.0684,21.3188
CON8-4,Det,4,5,21.9223,15.2407,15.9967,15.2407,17.2262,17.603,15.4282,15.8881,16.7603,15.4855,15.3213,15.258,13.5631,12.4212,15.7227,15.3386,12.4221,11.9512
CON8-4,Det,5,4,20.4579,15.8883,16.2917,15.8883,18.7301,16.3215,16.106,16.0958,20.1541,15.6388,15.8883,15.5959,15.5959,15.3671,15.7872,15.6849,15.2085,11.4597
CON8-4,Det,6,4,10.7322,8.9375,8.791,8.9375,10.0233,8.9946,10.0104,8.9214,8.0471,8.8726,8.9381,8.9393,6.0082,6.2638,9.0458,8.8426,5.6712,5.9424
CON8-4,Det,7,8,37.5387,29.1596,29.7841,29.1609,30.4197,33.6512,37.3328,29.6868,37.5387,28.3015,29.3929,28.2014,28.2014,28.2014,28.8767,28.2666,28.493,21.0399
CON8-4,Det,8,5,19.9832,15.8996,16.1213,15.8846,18.5215,15.8094,15.9624,15.8704,18.2011,15.5422,15.9003,15.5293,15.1498,14.0944,15.7235,15.4209,13.9486,11.4042
CON8-4,SAA,0,3,0.4361,0.373,0.373,0.373,0.3541,0.4361,0.4361,0.373,0.1746,0.4361,0.373,0.373,0.1399,0.1399,0.4361,0.3393,0.1399,0.2516
CON8-4,SAA,1,3,3.0089,2.3257,2.5699,2.3257,2.4644,2.4408,2.3034,2.5662,1.0763,2.4413,2.4018,2.5307,1.1861,1.1861,2.593,2.3156,1.0283,1.7827
CON8-4,SAA,2,6,1.1333,1.03,1.0051,1.03,1.019,1.1213,1.1213,0.9994,0.6762,0.9349,0.9878,1.018,0.4398,0.4398,1.1333,0.9427,0.4829,0.6291
CON8-4,SAA,3,3,0.237,0.2041,0.1893,0.2041,0.1893,0.2041,0.2041,0.1893,0.0694,0.237,0.2041,0.1893,0.0661,0.0661,0.237,0.2041,0.1193,0.1334
CON8-4,SAA,4,8,2.2784,2.1696,2.8798,2.1696,2.1736,1.7654,1.9043,2.1875,1.458,1.7698,1.8409,1.799,1.1109,0.9061,1.9113,1.7875,0.9024,1.3351
CON8-4,SAA,5,3,0.5881,0.5504,0.5465,0.5504,0.5539,0.5425,0.5425,0.5465,0.3416,0.5881,0.5465,0.5464,0.2053,0.2053,0.5881,0.5275,0.1816,0.337
CON8-4,SAA,6,2,2.9494,2.75,2.8801,2.75,2.7661,2.7701,2.7701,2.75,1.4306,2.7395,2.75,2.75,1.4095,1.4521,2.6483,2.721,1.3277,1.7053
CON8-4,SAA,7,4,2.3457,1.9866,1.9866,1.9734,2.048,2.1339,2.1339,1.9866,1.3281,2.0405,1.9707,1.9901,1.2377,1.2377,2.1679,1.9878,1.1944,1.3632
CON8-4,SAA,8,5,3.087,2.5947,3.1454,2.5947,2.4348,2.6589,2.6398,3.1265,1.5453,2.9023,2.5704,2.5384,1.5186,1.4877,2.6598,2.4067,1.3264,1.7487
CON8-4,SAA,9,3,2.6687,2.4419,2.696,2.4419,2.4674,2.6209,2.6209,2.6652,1.7653,2.5838,2.4262,2.5975,1.7528,1.7528,2.8355,2.4978,1.729,2.0007
CON8-4,SAA,10,2,1.1749,1.1007,1.0958,1.1007,1.1007,1.1749,1.1749,1.0958,0.6796,1.173,1.1007,1.0958,0.6796,0.6796,1.1749,1.0443,0.7064,0.8048
CON8-4,SAA,11,3,2.9974,2.6868,2.878,2.6868,2.6666,2.9243,2.8763,2.6868,1.8307,2.6728,2.6868,2.6868,2.0298,1.7893,2.5931,2.6766,1.6721,1.6954
CON8-4,SAA,12,3,3.2605,2.6146,3.1338,2.6146,2.7034,2.6509,2.6509,2.8076,1.2607,2.8642,2.6146,2.6587,1.3323,1.2548,2.6779,2.6046,1.2584,1.8533
CON8-4,SAA,13,2,0.4571,0.501,0.4856,0.501,0.4312,0.4571,0.4571,0.4856,0.3262,0.4571,0.501,0.4856,0.3176,0.3176,0.4571,0.4312,0.3233,0.2755
CON8-4,WDRO,0,3,0.1602,0.1618,0.1618,0.1618,0.1618,0.1602,0.1602,0.1618,0.0589,0.1602,0.1618,0.1618,0.1121,0.0589,0.1602,0.1602,0.0589,0.0901
CON8-4,WDRO,1,2,0.2105,0.2105,0.2105,0.2105,0.2105,0.2105,0.2105,0.2105,0.2105,0.2105,0.2105,0.2105,0.2105,0.2105,0.2105,0.2105,0.1098,0.1203
CON8-4,WDRO,2,6,0.2043,0.184,0.184,0.184,0.1958,0.1924,0.1958,0.1908,0.1109,0.2043,0.1924,0.1924,0.1295,0.1295,0.2043,0.2043,0.096,0.1216
CON8-4,WDRO,3,2,0.6919,0.6719,0.6652,0.6719,0.6874,0.6763,0.6763,0.6763,0.6288,0.6919,0.6719,0.6763,0.6115,0.6091,0.6919,0.6919,0.5174,0.4256
CON8-4,WDRO,4,3,0.2771,0.241,0.241,0.241,0.241,0.2771,0.2771,0.241,0.1312,0.2771,0.241,0.241,0.1823,0.1823,0.2771,0.2771,0.1352,0.1566
CON8-4,WDRO,5,3,0.4186,0.4066,0.4066,0.4066,0.4066,0.4186,0.4186,0.4066,0.3951,0.4186,0.4066,0.4066,0.3951,0.3951,0.4186,0.4141,0.324,0.2379
CON8-4,WDRO,6,2,0.158,0.1288,0.1247,0.1288,0.1358,0.1247,0.1247,0.1247,0.0424,0.158,0.1288,0.1247,0.0475,0.0475,0.158,0.158,0.045,0.0914
CON8-4,WDRO,7,3,0.0268,0.0268,0.0268,0.0268,0.0268,0.0268,0.0268,0.0268,0.0268,0.0268,0.0268,0.0268,0.0268,0.0268,0.0268,0.0268,0.0268,0.0151
CON8-4,WDRO,8,4,0.0526,0.0618,0.042,0.073,0.0414,0.0526,0.0414,0.042,0.0296,0.0526,0.073,0.0526,0.0572,0.0572,0.0526,0.0526,0.052,0.0301
CON8-4,WDRO,9,4,0.3047,0.2849,0.2913,0.2958,0.3047,0.3047,0.3047,0.2913,0.3047,0.3047,0.2913,0.2913,0.2913,0.2913,0.3047,0.3047,0.2751,0.176
CON8-4,WDRO,10,4,0.1205,0.1205,0.1205,0.1205,0.1205,0.1205,0.1205,0.1205,0.1205,0.1205,0.1205,0.1205,0.1205,0.1205,0.1205,0.1205,0.091,0.0688
CON8-4,WDRO,11,2,0.401,0.3902,0.3902,0.3902,0.3902,0.3902,0.3902,0.3902,0.2268,0.401,0.3902,0.3902,0.2391,0.2391,0.401,0.4006,0.2702,0.2395
CON8-4,WDRO,12,4,0.2355,0.2171,0.2171,0.2171,0.1986,0.2355,0.2355,0.2161,0.1381,0.2355,0.2161,0.2161,0.1509,0.1509,0.2355,0.2355,0.1381,0.1371
CON8-4,WDRO,13,2,0.5272,0.5272,0.5272,0.5272,0.5272,0.5272,0.5272,0.5272,0.5272,0.5272,0.5272,0.5272,0.483,0.483,0.5272,0.5272,0.479,0.2978
CON8-4,WDRO,14,1,0.0,0.0,0.0,0.0,0.0,0.0,0.0,0.0,0.0,0.0,0.0,0.0,0.0,0.0,0.0,0.0,0.0,0.0
CON8-4,WDRO,15,2,0.1581,0.1688,0.1503,0.1688,0.1503,0.1581,0.1581,0.1353,0.0917,0.1581,0.1389,0.1353,0.0739,0.0739,0.1581,0.1581,0.0781,0.0898
CON8-4,WDRO,16,3,0.2138,0.2259,0.2259,0.2259,0.2172,0.2138,0.2138,0.2259,0.1783,0.2138,0.2259,0.2259,0.1546,0.1783,0.2138,0.2138,0.142,0.1203
CON8-4,Gounaris,0,3,2.1039,1.7602,1.919,1.7602,1.8553,1.7816,1.7816,1.8881,0.8686,1.7454,1.7602,1.7699,0.72,0.72,1.7955,1.7482,0.7388,1.1784
CON8-4,Gounaris,1,3,3.0089,2.3257,2.5699,2.3257,2.4644,2.4408,2.3034,2.5662,1.0763,2.4413,2.4018,2.5307,1.1861,1.1861,2.593,2.3156,1.0283,1.7827
CON8-4,Gounaris,2,6,2.7555,2.2987,2.4594,2.2987,2.5398,2.4992,2.3744,2.4573,1.6498,2.2327,2.2976,2.0307,1.1028,1.1672,2.1966,2.0286,1.0521,1.5177
CON8-4,Gounaris,3,4,3.3683,3.1999,3.263,3.1999,3.3606,3.34,3.3683,3.1999,2.973,3.1314,3.1999,3.2152,2.6632,2.4084,3.2064,3.0514,2.4571,1.8698
CON8-4,Gounaris,4,3,1.6318,1.5087,1.493,1.5087,1.4091,1.3961,1.3961,1.493,0.6638,1.4156,1.5087,1.4765,0.6883,0.6358,1.4865,1.4091,0.6247,0.9151
CON8-4,Gounaris,5,3,0.237,0.2041,0.1893,0.2041,0.1893,0.2041,0.2041,0.1893,0.0694,0.237,0.2041,0.1893,0.0661,0.0661,0.237,0.2041,0.1193,0.1334
CON8-4,Gounaris,6,8,2.2784,2.1696,2.8798,2.1696,2.1736,1.7654,1.9043,2.1875,1.458,1.7698,1.8409,1.799,1.1109,0.9061,1.9113,1.7875,0.9024,1.3351
CON8-4,Gounaris,7,2,0.4571,0.501,0.4856,0.501,0.4312,0.4571,0.4571,0.4856,0.3262,0.4571,0.501,0.4856,0.3176,0.3176,0.4571,0.4312,0.3233,0.2755
CON8-4,Gounaris,8,2,2.9776,2.657,2.657,2.657,2.6189,2.6265,2.6265,2.657,1.2682,2.6487,2.657,2.657,1.2806,1.2806,2.6109,2.6146,1.2625,1.7693
CON8-4,Gounaris,9,4,2.3457,1.9866,1.9866,1.9734,2.048,2.1339,2.1339,1.9866,1.3281,2.0405,1.9707,1.9901,1.2377,1.2377,2.1679,1.9878,1.1944,1.3632
CON8-4,Gounaris,10,4,0.1205,0.1205,0.1205,0.1205,0.1205,0.1205,0.1205,0.1205,0.1205,0.1205,0.1205,0.1205,0.1205,0.1205,0.1205,0.1205,0.091,0.0688
CON8-4,Gounaris,11,3,2.6362,2.3497,2.3494,2.3497,2.3649,2.4743,2.4743,2.3491,2.0051,2.4101,2.3497,2.3664,2.0018,1.912,2.3978,2.3716,1.7897,1.489
CON8-4,Gounaris,12,2,0.8072,0.7883,0.7883,0.7883,0.8072,0.8072,0.8072,0.7883,0.5471,0.8072,0.7883,0.7883,0.5808,0.6053,0.8072,0.8072,0.5419,0.4732
CON8-4,Gounaris,13,3,3.0448,2.4617,2.4914,2.4617,2.5626,2.6956,2.664,2.4617,1.2166,2.6698,2.4617,2.4427,1.0969,1.0648,2.4808,2.3808,0.9615,1.7549
CON8-4,Cui,0,3,3.8652,3.4114,3.4114,3.4114,3.9355,3.4463,3.8652,3.4114,3.7068,3.2521,3.4114,3.4114,2.5087,2.3105,3.2809,3.2684,2.2869,2.1232
CON8-4,Cui,1,3,3.7901,3.4011,3.4238,3.4011,3.702,3.6093,3.5717,3.408,2.9376,3.6665,3.4011,3.4077,3.1321,2.947,3.8023,3.4372,2.6827,2.131
CON8-4,Cui,2,6,2.4225,1.9708,2.3248,1.9708,1.9361,2.3434,2.3698,2.1303,0.9152,2.0003,1.9708,1.9595,0.669,0.7069,2.081,1.9335,0.7168,1.3848
CON8-4,Cui,3,5,2.4644,2.2987,2.5874,2.3516,2.4644,2.4644,2.4644,2.4679,1.8463,2.5069,2.2979,2.4018,1.6499,1.5637,2.5025,2.2597,1.4709,1.4684
CON8-4,Cui,4,3,5.6757,4.938,5.2426,4.938,5.0034,5.5142,5.5142,4.8877,3.5058,4.82,4.8976,4.9028,3.2251,3.1725,4.9621,4.8587,3.2312,3.333
CON8-4,Cui,5,3,4.6019,3.6345,3.642,3.6345,3.7996,3.8471,3.8471,3.642,2.219,3.6823,3.623,3.6649,1.909,1.7665,3.6631,3.7251,1.7922,2.6846
CON8-4,Cui,6,8,2.2784,2.1696,2.8798,2.1696,2.1736,1.7654,1.9043,2.1875,1.458,1.7698,1.8409,1.799,1.1109,0.9061,1.9113,1.7875,0.9024,1.3351
CON8-4,Cui,7,2,2.9776,2.657,2.657,2.657,2.6189,2.6265,2.6265,2.657,1.2682,2.6487,2.657,2.657,1.2806,1.2806,2.6109,2.6146,1.2625,1.7693
CON8-4,Cui,8,5,3.3667,3.0202,3.0316,3.0202,2.6681,2.8431,2.8948,3.0265,1.9809,2.8295,2.9026,2.6777,1.4994,1.4494,2.8011,2.7053,1.3517,1.9117
CON8-4,Cui,9,3,2.4571,1.9811,2.0953,1.9811,2.0321,2.2014,2.4571,2.0953,0.9496,2.0039,1.9811,1.9914,0.9471,0.9447,2.1452,2.0273,0.9508,1.4191
CON8-4,Cui,10,3,3.3152,2.866,2.9606,2.866,2.9161,2.8499,2.8547,2.9596,2.1754,2.9148,2.865,2.8563,2.2977,2.0795,2.857,2.8715,2.1201,1.8639
CON8-4,Cui,11,3,3.285,2.6942,2.8021,2.6942,2.7361,2.7812,3.0121,2.7989,1.3235,2.9424,2.6942,2.6937,1.1988,1.2131,2.8944,2.6953,1.1676,1.8717
CON8-4,Cui,12,3,3.0151,2.6838,2.637,2.6838,2.7052,2.6084,2.61,2.6608,1.9926,2.7036,2.6838,2.6679,1.3478,1.3478,2.5277,2.6239,1.4069,1.7062
CON8-4,MDRO,0,3,0.4361,0.373,0.373,0.373,0.3541,0.4361,0.4361,0.373,0.1746,0.4361,0.373,0.373,0.1399,0.1399,0.4361,0.3393,0.1399,0.2516
CON8-4,MDRO,1,7,0.6824,0.6897,0.8125,0.6897,0.626,0.6289,0.6289,0.6979,0.3675,0.6824,0.6407,0.6275,0.3674,0.3674,0.6824,0.6108,0.3479,0.4046
CON8-4,MDRO,2,2,0.5477,0.5477,0.5477,0.5477,0.5477,0.5477,0.5477,0.5477,0.5507,0.5477,0.5477,0.5477,0.6219,0.5614,0.5477,0.5477,0.5507,0.3152
CON8-4,MDRO,3,3,0.6764,0.7478,0.7478,0.7478,0.7094,0.6764,0.6764,0.7478,0.4536,0.6764,0.7478,0.744,0.4364,0.4364,0.6764,0.7487,0.3761,0.3906
CON8-4,MDRO,4,4,0.6229,0.6392,0.6392,0.6392,0.6236,0.6119,0.6119,0.6392,0.5096,0.6229,0.6392,0.576,0.4684,0.4684,0.6229,0.6045,0.3152,0.3446
CON8-4,MDRO,5,4,0.7654,0.7654,0.816,0.816,0.7827,0.7654,0.7654,0.7994,0.7147,0.7654,0.816,0.7994,0.6332,0.6603,0.7654,0.7611,0.607,0.4413
CON8-4,MDRO,6,4,0.1205,0.1205,0.1205,0.1205,0.1205,0.1205,0.1205,0.1205,0.1205,0.1205,0.1205,0.1205,0.1205,0.1205,0.1205,0.1205,0.091,0.0688
CON8-4,MDRO,7,2,0.0,0.0,0.0,0.0,0.0,0.0,0.0,0.0,0.0,0.0,0.0,0.0,0.0,0.0,0.0,0.0,0.0,0.0
CON8-4,MDRO,8,4,0.2355,0.2171,0.2171,0.2171,0.1986,0.2355,0.2355,0.2161,0.1381,0.2355,0.2161,0.2161,0.1509,0.1509,0.2355,0.2355,0.1381,0.1371
CON8-4,MDRO,9,3,0.1606,0.1958,0.196,0.196,0.1606,0.1606,0.1606,0.196,0.0815,0.1606,0.196,0.196,0.0433,0.0433,0.1606,0.1606,0.0815,0.0902
CON8-4,MDRO,10,2,0.8958,0.8069,0.7643,0.8069,0.745,0.7733,0.7733,0.7491,0.319,0.8958,0.8069,0.7491,0.3452,0.3452,0.8958,0.7733,0.4047,0.5171
CON8-4,MDRO,11,4,0.4544,0.4723,0.4723,0.4723,0.4115,0.4544,0.4544,0.4723,0.2505,0.4544,0.4723,0.4181,0.2636,0.2636,0.4544,0.4296,0.2196,0.2609
CON8-4,MDRO,12,2,0.5272,0.5272,0.5272,0.5272,0.5272,0.5272,0.5272,0.5272,0.5272,0.5272,0.5272,0.5272,0.483,0.483,0.5272,0.5272,0.479,0.2978
CON8-4,MDRO,13,2,0.1064,0.1064,0.1064,0.1064,0.1064,0.1064,0.1064,0.1064,0.1064,0.1064,0.1064,0.1064,0.1064,0.1064,0.1064,0.1064,0.1159,0.0605
CON8-4,MDRO,14,2,0.7801,0.7535,0.7535,0.7535,0.7801,0.7801,0.7801,0.7535,0.482,0.7801,0.7535,0.7535,0.3956,0.3956,0.7801,0.764,0.3334,0.4757
CON8-4,MDRO,15,2,0.3245,0.3292,0.3133,0.3292,0.3133,0.3245,0.3245,0.3133,0.2119,0.3245,0.3292,0.3133,0.2071,0.2242,0.3245,0.3245,0.2219,0.1902
CON8-5,Det,0,6,29.7738,21.3866,22.0902,21.1428,25.2148,21.5374,21.1641,21.367,27.652,21.2561,21.1694,21.0886,20.4319,20.0465,20.9952,20.7354,20.0899,15.8275
CON8-5,Det,1,4,19.5306,15.2979,15.8183,15.6889,19.5417,15.4957,14.9988,15.8021,19.4274,15.414,15.3575,14.9034,15.1529,15.1529,15.256,14.9,14.9269,11.1395
CON8-5,Det,2,5,24.5596,24.1565,24.3548,24.047,24.5354,24.5596,24.5596,23.9664,23.9171,24.1786,24.1362,24.0647,23.5288,23.529,24.0448,24.01,23.6121,22.8151
CON8-5,Det,3,7,28.9066,20.8303,24.2211,21.095,25.5785,25.6421,21.7088,23.7112,28.9066,20.797,21.077,20.8634,20.8498,20.8498,21.0041,20.5599,20.7203,15.254
CON8-5,Det,4,6,22.7101,17.8868,18.5328,17.8717,20.6119,19.8025,18.4617,18.5462,22.7101,17.9578,17.8548,17.8059,17.8059,17.8059,18.3017,17.7446,17.673,13.6589
CON8-5,Det,5,6,31.7843,31.8628,32.4507,32.2858,31.9077,31.8791,31.6747,32.2858,31.7843,32.1654,32.1018,32.1544,32.1544,32.1544,32.4124,31.2068,31.4062,27.0481
CON8-5,Det,6,3,2.0749,1.7434,1.7389,1.7434,1.7664,2.0749,2.0749,1.7389,1.1794,1.926,1.7434,1.7548,1.0721,1.071,1.8686,1.7533,1.0455,1.1931
CON8-5,Det,7,9,48.0172,35.5391,36.6192,35.8055,39.0832,42.7706,48.0172,35.8295,48.0172,35.9307,35.8295,35.7766,35.7766,35.7475,35.5983,35.6152,35.7078,25.2533
CON8-5,Det,8,4,19.9634,15.5297,15.6946,15.5299,15.9892,18.1337,15.5414,15.5173,14.8569,15.6213,15.5173,15.4897,11.6532,11.5978,15.6422,15.5937,11.5557,11.8354
CON8-5,SAA,0,5,3.7727,3.3101,3.3892,3.3101,3.4971,3.1873,3.1148,3.3909,2.7082,3.1822,3.3283,3.2629,2.0909,2.0787,3.2946,3.1369,2.2116,2.0595
CON8-5,SAA,1,4,1.0504,0.9813,1.0069,0.9813,1.0219,1.0504,1.0504,1.0183,0.6578,1.0504,1.0002,1.0798,0.7157,0.6959,1.0504,0.9938,0.6488,0.6012
CON8-5,SAA,2,4,1.5899,1.428,1.4708,1.428,1.5694,1.5899,1.5899,1.4598,0.9433,1.4831,1.4289,1.4294,0.6872,0.6872,1.5899,1.4135,0.723,0.9501
CON8-5,SAA,3,2,0.9488,0.8598,0.8598,0.8598,0.8439,0.9488,0.9488,0.8598,0.6276,1.014,0.8598,0.8598,0.4914,0.4914,0.9488,0.8588,0.5116,0.5371
CON8-5,SAA,4,2,0.713,0.6175,0.6175,0.6175,0.6023,0.713,0.713,0.6175,0.3759,0.713,0.6175,0.6175,0.3868,0.3868,0.713,0.6023,0.3759,0.4229
CON8-5,SAA,5,4,0.981,0.8548,0.9297,0.8548,0.8061,0.981,0.981,0.7933,0.3857,0.8421,0.8548,0.7795,0.3564,0.3555,0.981,0.8356,0.3802,0.5915
CON8-5,SAA,6,3,0.5128,0.5128,0.5128,0.5128,0.5128,0.5128,0.5128,0.5128,0.2225,0.5128,0.5128,0.5128,0.2472,0.2473,0.5128,0.4837,0.2704,0.2873
CON8-5,SAA,7,4,1.2947,1.2181,1.0995,1.2181,1.1953,1.2947,1.2947,1.1108,1.0675,1.2947,1.2181,1.2413,0.8803,0.9094,1.2947,1.1211,0.69,0.7484
CON8-5,SAA,8,5,0.1616,0.1616,0.1616,0.1616,0.1616,0.1616,0.1616,0.1616,0.1616,0.1616,0.1616,0.1616,0.1534,0.1534,0.1616,0.1616,0.1392,0.0921
CON8-5,SAA,9,5,0.6605,0.7687,0.9786,0.7687,0.5358,0.6605,0.6605,0.945,0.4645,0.9112,0.6723,0.6734,0.3914,0.3862,0.6605,0.5723,0.3862,0.364
CON8-5,SAA,10,2,0.051,0.0719,0.0399,0.0719,0.0399,0.0399,0.0399,0.0399,0.0105,0.051,0.0687,0.0399,0.0131,0.0131,0.051,0.051,0.0158,0.0288
CON8-5,SAA,11,3,0.6874,0.807,0.807,0.807,0.6678,0.6156,0.6156,0.807,0.313,0.8356,0.807,0.6495,0.4037,0.4155,0.6874,0.6025,0.2808,0.4044
CON8-5,SAA,12,3,1.8672,1.7554,1.8185,1.7554,1.8672,1.7343,1.7343,1.7554,1.8672,1.8672,1.7554,1.7717,1.7717,1.8203,1.8672,1.7306,1.7366,1.0575
CON8-5,SAA,13,4,2.364,2.1324,2.1324,2.1324,2.177,2.2561,2.2561,2.0987,1.7016,2.3517,2.1324,2.1486,1.5182,1.5756,2.364,2.1229,1.4797,1.3801
CON8-5,WDRO,0,3,0.7341,0.7105,0.8075,0.7105,0.7107,0.7107,0.7107,0.8075,0.6351,0.7341,0.6949,0.6949,0.6303,0.5851,0.7341,0.6908,0.551,0.4183
CON8-5,WDRO,1,7,0.6855,0.7842,0.8632,0.7842,0.6482,0.5578,0.5706,0.7842,0.3857,0.6855,0.5357,0.5076,0.2181,0.2181,0.6855,0.5795,0.2172,0.4021
CON8-5,WDRO,2,4,0.5786,0.5533,0.5515,0.5533,0.5619,0.5786,0.5786,0.5515,0.4326,0.5786,0.5533,0.5515,0.4824,0.4339,0.5786,0.5459,0.4583,0.3343
CON8-5,WDRO,3,3,0.0,0.0,0.0,0.0,0.0,0.0,0.0,0.0,0.0,0.0,0.0,0.0,0.0,0.0,0.0,0.0,0.0,0.0
CON8-5,WDRO,4,4,0.367,0.3559,0.3659,0.3659,0.3603,0.3576,0.367,0.3303,0.2873,0.367,0.3659,0.3303,0.226,0.226,0.367,0.3659,0.226,0.2131
CON8-5,WDRO,5,3,0.0,0.0,0.0,0.0,0.0,0.0,0.0,0.0,0.0,0.0,0.0,0.0,0.0,0.0,0.0,0.0,0.0,0.0
CON8-5,WDRO,6,2,0.4732,0.414,0.3989,0.414,0.4061,0.462,0.462,0.3989,0.211,0.4732,0.414,0.3989,0.2059,0.2059,0.4732,0.4061,0.2244,0.2721
CON8-5,WDRO,7,3,0.5636,0.5165,0.5165,0.5165,0.5401,0.5636,0.5636,0.5165,0.2483,0.5636,0.5165,0.5165,0.2316,0.2316,0.5636,0.4758,0.2375,0.3159
CON8-5,WDRO,8,2,0.0,0.0,0.0,0.0,0.0,0.0,0.0,0.0,0.0,0.0,0.0,0.0,0.0,0.0,0.0,0.0,0.0,0.0
CON8-5,WDRO,9,3,0.0,0.0149,0.0149,0.0149,0.0,0.0,0.0,0.0149,0.0087,0.0,0.0149,0.0149,0.0175,0.0175,0.0,0.0,0.0291,0.0
CON8-5,WDRO,10,2,0.4675,0.487,0.487,0.487,0.4675,0.4675,0.4675,0.487,0.2289,0.4675,0.487,0.487,0.2514,0.2514,0.4675,0.4675,0.2391,0.2731
CON8-5,WDRO,11,3,0.2402,0.2224,0.2224,0.2224,0.2359,0.2402,0.2402,0.2224,0.1463,0.2402,0.2224,0.2224,0.1463,0.1463,0.2402,0.2402,0.1588,0.1324
CON8-5,WDRO,12,2,0.316,0.3519,0.3173,0.3519,0.3671,0.316,0.316,0.3173,0.2091,0.316,0.3519,0.3173,0.2034,0.2034,0.316,0.3132,0.2062,0.1828
CON8-5,WDRO,13,5,0.2819,0.2099,0.2099,0.2099,0.2151,0.2819,0.2819,0.2099,0.1413,0.2819,0.2099,0.2099,0.0805,0.0805,0.2819,0.2819,0.0852,0.1705
CON8-5,WDRO,14,3,0.3274,0.3049,0.3049,0.3049,0.3042,0.2998,0.2998,0.3049,0.1165,0.3274,0.3049,0.3042,0.1085,0.1085,0.3274,0.3245,0.1105,0.2078
CON8-5,WDRO,15,1,0.302,0.302,0.302,0.302,0.302,0.302,0.302,0.302,0.302,0.302,0.302,0.302,0.302,0.302,0.302,0.302,0.302,0.302
CON8-5,Gounaris,0,3,0.2337,0.2337,0.2337,0.2337,0.2337,0.2337,0.2337,0.2337,0.1232,0.2337,0.2337,0.2337,0.103,0.103,0.2337,0.2337,0.103,0.1322
CON8-5,Gounaris,1,4,2.364,2.1324,2.1324,2.1324,2.177,2.2561,2.2561,2.0987,1.7016,2.3517,2.1324,2.1486,1.5182,1.5756,2.364,2.1229,1.4797,1.3801
CON8-5,Gounaris,2,4,1.3277,1.0627,1.5243,1.0627,1.0791,1.3277,1.3277,1.3873,0.8068,1.1224,1.0608,1.1243,0.6481,0.6481,1.2909,1.0678,0.5609,0.837
CON8-5,Gounaris,3,4,2.6562,2.2836,2.4752,2.2836,2.3337,2.3329,2.3234,2.3639,1.1433,2.4922,2.2728,2.3008,1.0649,1.0392,2.3859,2.2916,0.9308,1.5523
CON8-5,Gounaris,4,3,0.4329,0.4028,0.3686,0.4028,0.3915,0.4329,0.4329,0.38,0.1994,0.4329,0.4028,0.4029,0.2452,0.2452,0.4329,0.4329,0.2092,0.2492
CON8-5,Gounaris,5,7,0.692,0.6104,0.6767,0.6104,0.692,0.692,0.692,0.6123,0.6539,0.692,0.6192,0.5883,0.293,0.2465,0.692,0.5659,0.1945,0.395
CON8-5,Gounaris,6,5,0.6605,0.7687,0.9786,0.7687,0.5358,0.6605,0.6605,0.945,0.4645,0.9112,0.6723,0.6734,0.3914,0.3862,0.6605,0.5723,0.3862,0.364
CON8-5,Gounaris,7,3,3.3725,2.7689,3.2996,2.7689,2.9598,3.1899,3.0514,2.7689,1.4677,3.0373,2.7689,2.7865,1.6435,1.3518,2.8798,2.799,1.3033,1.9122
CON8-5,Gounaris,8,2,4.4482,4.3026,4.3026,4.3026,4.2417,4.3026,4.3026,4.3026,4.4886,4.287,4.3026,4.3026,4.3026,4.3885,4.3026,4.256,4.2523,2.6109
CON8-5,Gounaris,9,5,2.5277,2.1889,2.2851,2.1889,2.26,2.231,2.2172,2.2165,1.7484,2.1226,2.1456,1.9841,1.1539,1.0757,2.2398,1.9629,1.0228,1.4363
CON8-5,Gounaris,10,4,3.3741,2.8432,3.9437,2.8432,3.0348,3.014,2.921,2.8267,1.5543,2.9633,2.8267,2.8248,1.5205,1.5269,3.1563,2.8288,1.2032,2.0985
CON8-5,Gounaris,11,3,3.4129,2.7709,2.7752,2.7709,3.0313,2.9197,2.8662,2.7752,1.1123,2.9185,2.7709,2.8179,1.2071,1.2187,2.8491,2.7939,1.1682,1.9558
CON8-5,Gounaris,12,3,3.8601,3.3245,3.3288,3.3245,3.5894,3.1218,3.2623,3.3131,2.8014,3.2737,3.3245,3.3197,2.7741,2.5812,3.1316,3.1781,2.615,2.1674
CON8-5,Cui,0,3,0.241,0.2811,0.2657,0.2811,0.2504,0.241,0.241,0.2657,0.086,0.241,0.2346,0.264,0.083,0.083,0.241,0.2119,0.0897,0.1463
CON8-5,Cui,1,7,2.4516,1.8399,2.4367,1.8399,2.2763,2.1628,2.4516,2.1181,1.4733,2.0432,1.8404,1.9472,0.9897,0.9655,2.0855,1.7992,1.0182,1.383
CON8-5,Cui,2,3,4.2275,3.5624,3.5373,3.5624,3.5657,3.4792,3.5922,3.5485,1.3695,3.5148,3.5624,3.4503,1.2682,1.202,3.4938,3.4081,1.1451,2.4119
CON8-5,Cui,3,6,3.3828,2.8124,4.2114,2.8124,2.8353,3.3828,3.3828,3.5466,2.0763,2.8655,2.8076,2.7814,1.5087,1.5003,2.9592,2.7339,1.548,1.9981
CON8-5,Cui,4,3,3.1723,2.5983,2.7348,2.5983,2.6769,2.5477,2.5477,2.5983,2.6407,2.8024,2.5983,2.5057,2.554,2.298,2.6201,2.5036,2.3008,1.7372
CON8-5,Cui,5,2,0.0,0.0,0.0,0.0,0.0,0.0,0.0,0.0,0.0,0.0,0.0,0.0,0.0,0.0,0.0,0.0,0.0117,0.0
CON8-5,Cui,6,3,5.0856,5.0451,5.0451,5.0451,5.0856,5.0666,5.0856,5.0451,5.06,4.8681,5.0451,5.0451,4.958,4.784,4.8221,4.8221,4.9167,2.771
CON8-5,Cui,7,3,2.0749,1.7434,1.7389,1.7434,1.7664,2.0749,2.0749,1.7389,1.1794,1.926,1.7434,1.7548,1.0721,1.071,1.8686,1.7533,1.0455,1.1931
CON8-5,Cui,8,2,4.9599,4.8271,4.8271,4.8271,4.7769,4.9599,4.9599,4.8271,3.5028,4.7658,4.8271,4.8271,3.4538,3.4538,4.8078,4.7138,3.4396,3.9813
CON8-5,Cui,9,4,1.1882,1.1904,1.4263,1.1904,1.1943,1.1296,1.1483,1.403,0.8947,1.4386,1.2071,1.1792,0.7584,0.8751,1.1882,1.0985,0.7455,0.6939
CON8-5,Cui,10,5,1.0972,0.8947,1.0595,0.8947,1.1005,1.0972,1.0972,0.9791,1.1071,1.0972,0.8561,0.858,0.6537,0.6487,1.0972,0.9094,0.5687,0.6263
CON8-5,Cui,11,3,3.0218,2.427,2.4401,2.427,2.6916,2.8513,2.8269,2.4116,1.3714,2.5306,2.4264,2.4479,1.168,1.2366,2.4005,2.5185,1.0398,1.7084
CON8-5,Cui,12,6,2.4438,1.9867,2.2541,1.9748,2.1709,2.2328,2.2328,2.1078,1.7888,1.9892,2.0532,1.9088,1.648,1.522,2.0888,1.8435,1.4689,1.3254
CON8-5,MDRO,0,3,0.6296,0.5715,0.5411,0.5715,0.5111,0.52,0.52,0.5115,0.1913,0.6296,0.5559,0.5115,0.198,0.198,0.6296,0.483,0.1778,0.3704
CON8-5,MDRO,1,6,1.0399,0.8996,1.1491,0.8996,0.8983,0.8312,0.8526,1.1618,0.4408,1.0399,0.836,0.8868,0.3673,0.3673,1.0399,0.7785,0.3456,0.6024
CON8-5,MDRO,2,3,0.6735,0.6016,0.6146,0.6016,0.6041,0.6344,0.6344,0.6146,0.5231,0.6735,0.6016,0.6146,0.5087,0.5087,0.6735,0.6086,0.5188,0.384
CON8-5,MDRO,3,2,0.0515,0.0515,0.0515,0.0515,0.0515,0.0515,0.0515,0.0515,0.0515,0.0515,0.0515,0.0515,0.0515,0.0515,0.0515,0.0515,0.0427,0.0298
CON8-5,MDRO,4,3,0.3234,0.3234,0.3234,0.3234,0.3234,0.3234,0.3234,0.3234,0.3234,0.3234,0.3234,0.3234,0.3234,0.3234,0.3234,0.3234,0.2024,0.177
CON8-5,MDRO,5,4,0.1194,0.3118,0.1868,0.3118,0.1194,0.1194,0.1194,0.1473,0.1018,0.1194,0.1194,0.1241,0.061,0.061,0.1194,0.1194,0.1194,0.069
CON8-5,MDRO,6,3,0.2337,0.2337,0.2337,0.2337,0.2337,0.2337,0.2337,0.2337,0.1232,0.2337,0.2337,0.2337,0.103,0.103,0.2337,0.2337,0.103,0.1322
CON8-5,MDRO,7,2,0.0,0.0,0.0,0.0,0.0,0.0,0.0,0.0,0.0,0.0,0.0,0.0,0.0,0.0,0.0,0.0,0.0,0.0
CON8-5,MDRO,8,5,0.4546,0.423,0.4217,0.423,0.4546,0.4546,0.4546,0.4332,0.4119,0.4546,0.4217,0.4253,0.3095,0.3006,0.4546,0.4049,0.2919,0.253
CON8-5,MDRO,9,5,0.2953,0.2453,0.3278,0.2453,0.2953,0.2953,0.2953,0.3278,0.2486,0.2953,0.2636,0.2423,0.1668,0.1668,0.2953,0.2953,0.1296,0.1743
CON8-5,MDRO,10,3,0.136,0.1663,0.1663,0.1663,0.136,0.136,0.136,0.1663,0.136,0.136,0.1663,0.1663,0.1548,0.1776,0.136,0.136,0.1427,0.076
CON8-5,MDRO,11,3,0.113,0.113,0.113,0.113,0.113,0.113,0.113,0.113,0.0286,0.113,0.113,0.113,0.0473,0.0473,0.113,0.113,0.0317,0.0677
CON8-5,MDRO,12,2,0.0789,0.0789,0.0789,0.0789,0.0789,0.0789,0.0789,0.0789,0.0742,0.0789,0.0789,0.0789,0.055,0.055,0.0789,0.0789,0.0486,0.0446
CON8-5,MDRO,13,2,0.2108,0.2108,0.2108,0.2108,0.2108,0.2108,0.2108,0.2108,0.138,0.2108,0.2108,0.2108,0.1295,0.1295,0.2108,0.2108,0.1239,0.1226
CON8-5,MDRO,14,3,0.3061,0.2709,0.28,0.2709,0.2608,0.2789,0.2789,0.2709,0.1549,0.3061,0.2709,0.2585,0.1024,0.1024,0.3061,0.3061,0.0921,0.1974
CON8-5,MDRO,15,1,0.302,0.302,0.302,0.302,0.302,0.302,0.302,0.302,0.302,0.302,0.302,0.302,0.302,0.302,0.302,0.302,0.302,0.302
CON8-6,Det,0,6,12.428,11.1481,13.0584,11.0797,11.8692,12.1739,12.428,11.1341,11.4416,11.1947,11.0922,11.2562,11.2562,10.6962,11.2285,11.0488,10.5302,6.9581
CON8-6,Det,1,7,32.4993,30.3152,30.7624,30.5966,30.2421,32.4082,32.2569,30.5378,32.4993,30.1689,30.7019,30.1407,30.1407,30.1407,30.3333,30.2017,30.2246,25.2196
CON8-6,Det,2,5,28.1277,22.692,22.7073,22.7073,28.0963,22.8283,24.2547,22.7073,26.946,22.5724,22.7073,22.7073,22.2104,22.2784,22.6887,22.3382,22.0588,14.6665
CON8-6,Det,3,4,17.1962,14.6953,14.9116,14.7407,17.0831,14.5469,17.1962,14.6126,17.0607,14.4959,14.6783,14.5044,14.3114,14.2489,14.4753,14.5692,14.2282,10.8172
CON8-6,Det,4,6,34.5139,26.4717,25.5929,26.2924,30.0171,25.89,25.9503,25.6042,34.2362,25.5012,26.2323,26.1976,26.1976,26.2277,25.9316,25.4975,25.4188,19.7411
CON8-6,Det,5,4,23.192,23.3411,22.8601,22.8601,23.2109,22.8547,23.192,22.8601,23.192,22.8519,22.8601,22.8601,22.8601,22.8601,22.9579,22.8598,22.926,20.968
CON8-6,Det,6,2,2.1065,1.8006,1.8006,1.8006,1.8006,1.8303,1.8303,1.8006,0.8315,1.8149,1.8006,1.8006,0.8014,0.8014,1.8205,1.7819,0.8006,1.2371
CON8-6,Det,7,8,47.287,46.2126,47.1746,46.2365,47.3074,46.3755,46.1804,46.6932,47.287,46.2784,46.2365,46.2592,46.2592,46.2592,46.2773,46.2083,46.2519,44.2584
CON8-6,Det,8,8,20.246,15.333,18.8342,15.4061,18.3996,17.2526,16.0304,17.8578,20.246,14.6024,15.5936,14.6416,14.6416,14.6416,14.5978,14.6347,14.7812,10.9853
CON8-6,SAA,0,5,1.099,1.1099,1.1958,1.1099,1.1449,1.099,1.099,1.1951,0.7662,1.2057,1.1095,1.1069,0.6082,0.6481,1.099,1.0159,0.6594,0.6409
CON8-6,SAA,1,3,2.778,2.4607,2.6922,2.4607,2.5516,2.4393,2.4108,2.4932,1.8252,2.4779,2.4595,2.4636,1.6862,1.8296,2.4436,2.4432,1.5772,1.7781
CON8-6,SAA,2,1,0.0259,0.0259,0.0259,0.0259,0.0259,0.0259,0.0259,0.0259,0.0259,0.0259,0.0259,0.0259,0.0259,0.0259,0.0259,0.0259,0.0259,0.0259
CON8-6,SAA,3,2,0.263,0.263,0.263,0.263,0.263,0.263,0.263,0.263,0.1191,0.263,0.263,0.263,0.1222,0.1222,0.263,0.2108,0.1438,0.1508
CON8-6,SAA,4,4,2.2097,1.6363,1.5994,1.6363,1.5724,1.877,1.6638,1.682,0.599,1.5658,1.6483,1.6318,0.5923,0.5923,1.6377,1.5504,0.5698,1.2481
CON8-6,SAA,5,5,0.1703,0.1214,0.106,0.1214,0.1573,0.1703,0.1703,0.106,0.0821,0.1703,0.1214,0.106,0.106,0.0718,0.1703,0.1232,0.0504,0.0924
CON8-6,SAA,6,4,2.5325,2.0443,2.3858,2.0443,2.3337,2.3043,2.1233,2.3858,1.5199,2.1117,2.0443,2.0641,1.1977,1.2304,2.2618,2.0429,1.1956,1.429
CON8-6,SAA,7,5,1.1626,1.1534,1.174,1.0407,1.0566,1.0624,1.0624,1.1529,0.8369,1.1626,1.0407,1.0924,0.6929,0.76,1.1626,0.9646,0.6966,0.6639
CON8-6,SAA,8,7,0.0,0.0,0.0,0.0,0.0,0.0,0.0,0.0,0.0,0.0,0.0,0.0,0.0,0.0,0.0,0.0,0.013,0.0
CON8-6,SAA,9,2,0.0,0.0,0.0,0.0,0.0,0.0,0.0,0.0,0.0,0.0,0.0,0.0,0.0,0.0,0.0,0.0,0.0095,0.0
CON8-6,SAA,10,4,0.8687,0.7516,0.6706,0.7516,0.8605,0.8443,0.8687,0.6706,0.4636,0.8687,0.7516,0.7516,0.4085,0.4085,0.8687,0.6964,0.2883,0.4784
CON8-6,SAA,11,2,2.1176,1.8776,1.8632,1.8776,1.9199,2.1176,2.1176,1.8743,0.9631,1.8743,1.8776,1.8743,0.9613,0.9613,2.1176,1.8788,0.9598,1.1961
CON8-6,SAA,12,2,2.4829,2.4253,2.4033,2.4253,2.4424,2.516,2.516,2.4033,1.771,2.4603,2.4374,2.4033,1.6448,1.6448,2.4829,2.4401,1.6467,1.4513
CON8-6,SAA,13,4,1.603,1.4508,1.5048,1.4508,1.3814,1.3648,1.3432,1.4859,0.8452,1.4853,1.4508,1.3648,0.832,0.832,1.5607,1.4677,0.7629,0.9022
CON8-6,WDRO,0,6,0.3898,0.3679,0.3775,0.3679,0.3783,0.3448,0.3448,0.3604,0.3738,0.3898,0.3332,0.3537,0.159,0.159,0.3898,0.3448,0.1824,0.2318
CON8-6,WDRO,1,6,0.0,0.0,0.0,0.0,0.0,0.0,0.0,0.0,0.0,0.0,0.0,0.0,0.0,0.0,0.0,0.0,0.0,0.0
CON8-6,WDRO,2,2,0.2611,0.2542,0.2501,0.2542,0.2611,0.2611,0.2611,0.2611,0.1702,0.2611,0.2542,0.2611,0.167,0.167,0.2611,0.2431,0.1483,0.1509
CON8-6,WDRO,3,2,0.1335,0.1335,0.1335,0.1335,0.1335,0.1335,0.1335,0.1335,0.1335,0.1335,0.1335,0.1335,0.1184,0.1184,0.1335,0.1335,0.066,0.0795
CON8-6,WDRO,4,5,0.0303,0.035,0.035,0.035,0.0175,0.0303,0.0303,0.035,0.0148,0.0303,0.017,0.034,0.0799,0.0751,0.0303,0.0303,0.0705,0.017
CON8-6,WDRO,5,3,0.1868,0.1711,0.1709,0.1711,0.1868,0.1558,0.1558,0.1709,0.1308,0.1868,0.1711,0.1709,0.084,0.084,0.1868,0.1673,0.0987,0.1051
CON8-6,WDRO,6,3,0.0,0.0,0.0,0.0,0.0,0.0,0.0,0.0,0.0,0.0,0.0,0.0,0.0,0.0,0.0,0.0,0.0,0.0
CON8-6,WDRO,7,2,0.0,0.0,0.0,0.0,0.0,0.0,0.0,0.0,0.0,0.0,0.0,0.0,0.0,0.0,0.0,0.0,0.0,0.0
CON8-6,WDRO,8,2,0.6718,0.6476,0.6476,0.6476,0.6476,0.6718,0.6718,0.6476,0.6718,0.6718,0.6476,0.6476,0.6476,0.5826,0.6718,0.6718,0.5929,0.3936
CON8-6,WDRO,9,1,0.0,0.0,0.0,0.0,0.0,0.0,0.0,0.0,0.0,0.0,0.0,0.0,0.0,0.0,0.0,0.0,0.0,0.0
CON8-6,WDRO,10,2,0.0,0.0,0.0,0.0,0.0,0.0,0.0,0.0,0.0,0.0,0.0,0.0,0.0,0.0,0.0,0.0,0.0121,0.0
CON8-6,WDRO,11,3,0.2589,0.2577,0.2577,0.2577,0.2589,0.2589,0.2589,0.269,0.2589,0.2589,0.2577,0.269,0.1997,0.1997,0.2589,0.2589,0.1997,0.1463
CON8-6,WDRO,12,5,0.0898,0.0898,0.0898,0.0898,0.0898,0.0898,0.0898,0.0898,0.0898,0.0898,0.0898,0.0898,0.0898,0.0898,0.0898,0.0898,0.1071,0.0548
CON8-6,WDRO,13,3,0.4866,0.4866,0.5607,0.4866,0.4866,0.4866,0.4866,0.5372,0.3845,0.4866,0.4866,0.4866,0.3845,0.3845,0.4866,0.5725,0.365,0.2904
CON8-6,WDRO,14,2,0.0603,0.0603,0.0603,0.0603,0.0603,0.0603,0.0603,0.0603,0.0412,0.0603,0.0603,0.0603,0.0662,0.0662,0.0603,0.0603,0.0603,0.0345
CON8-6,WDRO,15,2,0.0529,0.0529,0.0529,0.0529,0.0529,0.0529,0.0529,0.0529,0.0529,0.0529,0.0529,0.0529,0.0529,0.0529,0.0529,0.0529,0.0529,0.0302
CON8-6,WDRO,16,1,0.0,0.0,0.0,0.0,0.0,0.0,0.0,0.0,0.0,0.0,0.0,0.0,0.0,0.0,0.0,0.0,0.0,0.0
CON8-6,Gounaris,0,4,1.3324,1.2529,1.2529,1.2529,1.3324,1.2734,1.2267,1.2529,1.3324,1.3324,1.2411,1.2529,1.2529,1.2957,1.3324,1.2441,1.2761,0.7425
CON8-6,Gounaris,1,6,3.8521,3.0253,3.2482,3.0253,3.8619,3.2092,3.1562,3.0902,2.2259,2.9548,2.9165,2.9097,1.5992,1.6729,3.0081,2.9124,1.5533,2.2367
CON8-6,Gounaris,2,4,0.2454,0.2711,0.2523,0.2711,0.2335,0.2454,0.2454,0.2523,0.1248,0.2454,0.2523,0.2523,0.1137,0.1137,0.2454,0.3019,0.1369,0.1383
CON8-6,Gounaris,3,5,1.4718,1.3182,1.3267,1.3267,1.3781,1.4718,1.4718,1.309,1.0872,1.4718,1.3267,1.4091,1.2362,1.3263,1.4718,1.3172,1.0041,0.8166
CON8-6,Gounaris,4,2,0.235,0.2259,0.2259,0.2259,0.2259,0.235,0.235,0.2259,0.1096,0.235,0.2259,0.2259,0.1125,0.1125,0.235,0.2369,0.1153,0.1367
CON8-6,Gounaris,5,4,0.3173,0.3061,0.3061,0.3061,0.3173,0.3173,0.3173,0.3061,0.3173,0.3173,0.3061,0.306,0.306,0.306,0.3173,0.3173,0.2457,0.1815
CON8-6,Gounaris,6,5,3.865,3.1225,3.7085,3.1225,3.1182,3.1313,3.0604,3.3495,1.3632,3.1287,3.1225,3.0282,1.3332,1.3268,3.0182,2.9831,1.2418,2.2703
CON8-6,Gounaris,7,4,3.9421,3.4327,3.8641,3.4327,3.2745,3.2,3.1384,3.8408,2.0455,3.2017,3.4481,3.178,1.9053,1.8455,3.2156,3.3009,1.7687,2.2573
CON8-6,Gounaris,8,2,0.0262,0.0262,0.0262,0.0262,0.0262,0.0262,0.0262,0.0262,0.0293,0.0262,0.0262,0.0262,0.0323,0.0323,0.0262,0.0262,0.0354,0.0148
CON8-6,Gounaris,9,2,2.1065,1.8006,1.8006,1.8006,1.8006,1.8303,1.8303,1.8006,0.8315,1.8149,1.8006,1.8006,0.8014,0.8014,1.8205,1.7819,0.8006,1.2371
CON8-6,Gounaris,10,4,3.7946,3.4444,3.7375,3.4444,3.8911,3.427,3.374,3.563,3.7861,3.5475,3.4242,3.4014,2.5107,2.5218,3.4005,3.3776,2.4098,2.404
CON8-6,Gounaris,11,5,4.7905,4.5262,4.9204,4.5262,4.4185,4.4294,4.4294,4.5262,4.34,4.4516,4.5044,4.3789,4.1293,4.0775,4.4516,4.3738,4.1451,2.8415
CON8-6,Gounaris,12,3,3.0356,2.6258,2.6417,2.6258,2.613,2.6072,2.623,2.6245,1.5009,2.6308,2.6258,2.5744,1.3937,1.4065,2.5933,2.6251,1.3687,1.7748
CON8-6,Cui,0,5,3.2403,2.6718,2.7921,2.6718,2.7166,3.2403,3.2403,2.7921,1.6253,2.7118,2.7963,2.6399,1.6842,1.6919,2.7289,2.6302,1.3217,1.8078
CON8-6,Cui,1,5,2.8015,2.4022,2.3764,2.4022,2.6758,2.8015,2.8015,2.3911,2.4336,2.6012,2.4022,2.4087,1.8078,1.892,2.487,2.4418,1.8531,1.5727
CON8-6,Cui,2,3,2.778,2.4607,2.6922,2.4607,2.5516,2.4393,2.4108,2.4932,1.8252,2.4779,2.4595,2.4636,1.6862,1.8296,2.4436,2.4432,1.5772,1.7781
CON8-6,Cui,3,7,1.8917,1.7186,2.0515,1.7186,1.8917,1.8917,1.8917,1.7606,1.8841,1.6302,1.6759,1.6182,1.6182,1.6044,1.7322,1.6117,1.6412,1.0514
CON8-6,Cui,4,3,0.3738,0.366,0.3623,0.366,0.3727,0.3725,0.3727,0.3623,0.2025,0.3738,0.3776,0.3623,0.2335,0.2335,0.3738,0.3725,0.2458,0.2111
CON8-6,Cui,5,3,2.9791,2.7242,2.7242,2.7242,2.7157,2.6589,2.6589,2.673,1.7725,2.7171,2.7242,2.6231,1.6177,1.6322,2.6788,2.685,1.4788,1.7148
CON8-6,Cui,6,2,4.5303,4.0018,4.0018,4.0018,4.0389,4.0389,4.0389,4.0018,1.9876,4.1728,4.0018,4.0018,1.9926,1.9926,4.061,3.9431,2.0564,2.9936
CON8-6,Cui,7,4,2.2097,1.6363,1.5994,1.6363,1.5724,1.877,1.6638,1.682,0.599,1.5658,1.6483,1.6318,0.5923,0.5923,1.6377,1.5504,0.5698,1.2481
CON8-6,Cui,8,5,0.8624,1.0722,1.3303,1.0722,0.8767,0.8624,0.8624,1.0722,0.7838,1.1285,1.0722,1.054,0.6909,0.5547,0.8624,0.8245,0.5699,0.4747
CON8-6,Cui,9,1,0.0,0.0,0.0,0.0,0.0,0.0,0.0,0.0,0.0,0.0,0.0,0.0,0.0,0.0,0.0,0.0,0.0,0.0
CON8-6,Cui,10,4,3.7327,3.738,3.6744,3.7952,3.7327,3.7742,3.7327,3.738,3.4964,3.6555,3.7952,3.6973,3.6973,3.353,3.635,3.6867,3.1753,2.1467
CON8-6,Cui,11,3,1.541,1.402,1.355,1.402,1.3851,1.4493,1.4498,1.355,1.0789,1.5135,1.4014,1.3554,1.1058,1.1065,1.541,1.389,0.8977,0.8639
CON8-6,Cui,12,5,2.3478,2.0704,2.067,2.0704,1.8756,2.3478,2.3478,2.028,1.4228,1.8243,2.0699,1.7985,1.2486,1.2246,1.8805,1.8734,1.0786,1.334
CON8-6,MDRO,0,5,0.0936,0.0795,0.0795,0.0795,0.0936,0.0936,0.0936,0.0795,0.0936,0.0936,0.0795,0.0795,0.076,0.076,0.0936,0.0965,0.077,0.0512
CON8-6,MDRO,1,3,0.1363,0.1363,0.1363,0.1363,0.1363,0.1363,0.1363,0.1363,0.1201,0.1363,0.1363,0.1363,0.1313,0.1313,0.1363,0.1363,0.1313,0.0768
CON8-6,MDRO,2,2,0.0,0.0,0.0,0.0,0.0,0.0,0.0,0.0,0.0,0.0,0.0,0.0,0.0,0.0,0.0,0.0,0.0,0.0
CON8-6,MDRO,3,6,0.0,0.0,0.0,0.0,0.0,0.0,0.0,0.0,0.0,0.0,0.0,0.0,0.0,0.0,0.0,0.0,0.0,0.0
CON8-6,MDRO,4,2,0.1315,0.1997,0.1366,0.1997,0.1314,0.1315,0.1315,0.1366,0.0473,0.1315,0.1681,0.1366,0.0526,0.0526,0.1315,0.1315,0.05,0.0788
CON8-6,MDRO,5,3,0.2403,0.2053,0.2053,0.2053,0.2169,0.2169,0.2169,0.2053,0.1479,0.2403,0.2169,0.2053,0.1414,0.1414,0.2403,0.1936,0.1356,0.1353
CON8-6,MDRO,6,6,0.1925,0.1925,0.2917,0.1925,0.183,0.1925,0.1925,0.2917,0.1345,0.1925,0.1925,0.1925,0.2683,0.2264,0.1925,0.1925,0.2031,0.1081
CON8-6,MDRO,7,3,0.2652,0.3123,0.2976,0.3123,0.2941,0.2652,0.2652,0.2976,0.2743,0.2652,0.3123,0.297,0.2495,0.2495,0.2652,0.3016,0.2242,0.2216
CON8-6,MDRO,8,2,0.0852,0.0852,0.0852,0.0852,0.0852,0.0852,0.0852,0.0852,0.0852,0.0852,0.0852,0.0852,0.0852,0.0852,0.0852,0.0852,0.0783,0.0734
CON8-6,MDRO,9,3,0.1868,0.1711,0.1709,0.1711,0.1868,0.1558,0.1558,0.1709,0.1308,0.1868,0.1711,0.1709,0.084,0.084,0.1868,0.1673,0.0987,0.1051
CON8-6,MDRO,10,3,0.0,0.0,0.0,0.0,0.0,0.0,0.0,0.0,0.0,0.0,0.0,0.0,0.0,0.0,0.0,0.0,0.0,0.0
CON8-6,MDRO,11,2,0.0,0.0,0.0,0.0,0.0,0.0,0.0,0.0,0.0,0.0,0.0,0.0,0.0,0.0,0.0,0.0,0.0,0.0
CON8-6,MDRO,12,2,0.4812,0.4601,0.4601,0.4601,0.4601,0.4601,0.4601,0.4601,0.233,0.4812,0.4601,0.4601,0.1891,0.1891,0.4812,0.4432,0.1637,0.2807
CON8-6,MDRO,13,2,0.3797,0.4267,0.4092,0.4267,0.3797,0.3797,0.3797,0.4092,0.3878,0.3797,0.4092,0.4092,0.4092,0.3958,0.3797,0.3797,0.4253,0.228
CON8-6,MDRO,14,4,0.2796,0.2083,0.2083,0.2083,0.1968,0.2388,0.2796,0.2066,0.106,0.2796,0.1968,0.1968,0.1012,0.1012,0.2796,0.2083,0.1042,0.1613
CON8-6,MDRO,15,1,0.0,0.0,0.0,0.0,0.0,0.0,0.0,0.0,0.0,0.0,0.0,0.0,0.0,0.0,0.0,0.0,0.0,0.0
CON8-6,MDRO,16,1,0.0,0.0,0.0,0.0,0.0,0.0,0.0,0.0,0.0,0.0,0.0,0.0,0.0,0.0,0.0,0.0,0.0,0.0
CON8-7,Det,0,4,4.2821,3.6361,3.9495,3.6361,3.6362,3.8263,3.6725,3.9176,1.7948,3.6535,3.6361,3.7464,1.9115,1.7728,3.6188,3.6426,1.8246,2.4004
CON8-7,Det,1,6,20.3375,19.1348,20.4636,19.2661,20.2713,19.3976,19.1939,19.3877,20.01,19.1087,19.0936,19.2003,18.5434,18.5316,19.1133,19.1251,18.553,17.5068
CON8-7,Det,2,6,23.6599,23.4225,24.366,23.5015,24.1601,23.4558,23.4558,23.5015,23.6599,23.3855,23.5015,23.5015,23.5015,23.5015,23.471,23.3297,23.3252,22.3162
CON8-7,Det,3,4,16.9205,15.6769,15.4921,15.1561,16.9931,15.6179,16.9205,15.4178,14.1297,15.3528,15.1561,15.1422,13.0351,13.0396,15.3063,15.0914,13.0167,13.0485
CON8-7,Det,4,7,39.9201,31.0355,31.89,30.8501,32.9929,33.6746,39.9201,31.2201,39.9201,30.5834,30.7837,30.6995,30.6995,30.6995,30.5808,30.6267,30.7827,22.6869
CON8-7,Det,5,6,29.6094,21.6651,21.6317,21.8768,23.0019,24.309,24.0061,21.4682,29.6094,21.6089,21.8768,21.6795,21.6795,21.6354,21.4954,21.4342,21.3556,15.8069
CON8-7,Det,6,5,27.6495,21.1973,21.2488,21.2943,24.38,21.442,21.1409,21.2603,26.8336,21.1982,21.2603,21.1609,20.826,20.464,21.512,21.1508,20.6122,14.7121
CON8-7,Det,7,8,37.0008,30.001,29.9789,29.5386,36.8689,33.6831,37.0008,29.2339,32.0208,29.2873,29.5194,29.6177,26.4015,26.4213,29.6352,29.0279,26.2974,18.8535
CON8-7,Det,8,4,29.8744,25.9122,26.8531,25.8768,25.918,27.9912,25.8136,26.4117,29.8744,26.1019,25.8304,25.883,25.883,25.883,25.9716,25.7484,25.8248,22.1168
CON8-7,SAA,0,7,1.7652,1.4785,1.8036,1.4785,1.7371,1.448,1.4497,1.7594,1.9389,1.4559,1.4691,1.4619,1.1927,1.1173,1.5257,1.432,0.9361,0.9945
CON8-7,SAA,1,4,0.2774,0.2718,0.2718,0.2718,0.2774,0.2774,0.2774,0.2718,0.1839,0.2774,0.2718,0.2718,0.1922,0.1922,0.2774,0.2774,0.1696,0.1503
CON8-7,SAA,2,1,0.0,0.0,0.0,0.0,0.0,0.0,0.0,0.0,0.0,0.0,0.0,0.0,0.0,0.0,0.0,0.0,0.0,0.0
CON8-7,SAA,3,4,0.8454,0.6274,0.6326,0.6274,0.6464,0.6385,0.7193,0.6419,0.2527,0.6734,0.6462,0.6464,0.318,0.318,0.8113,0.5941,0.2652,0.4817
CON8-7,SAA,4,2,2.9896,2.9161,2.8832,2.9161,2.827,2.827,2.827,2.8832,2.1818,3.0498,2.9161,2.8832,2.1995,2.1577,3.0334,2.8576,2.254,1.743
CON8-7,SAA,5,5,1.9584,1.9745,2.3167,1.9745,1.7862,1.8086,1.8095,1.9897,1.7801,1.816,1.9897,1.8992,1.7425,1.7071,1.8721,1.8016,1.405,1.1289
CON8-7,SAA,6,4,0.8368,0.9322,1.1216,0.9322,0.8008,0.8305,0.836,1.1216,0.5907,0.9021,0.8537,0.8305,0.4629,0.4499,1.0734,0.7644,0.5143,0.4991
CON8-7,SAA,7,4,0.3736,0.331,0.3171,0.3171,0.331,0.3736,0.3736,0.3171,0.2526,0.3736,0.3171,0.3171,0.2015,0.2015,0.3736,0.3957,0.1911,0.2224
CON8-7,SAA,8,4,2.5153,1.9317,2.2663,1.9317,2.1166,2.1697,2.2621,2.1309,0.8639,1.9791,1.9317,1.9483,0.8413,0.8339,2.0723,2.0532,0.8966,1.5312
CON8-7,SAA,9,4,0.9777,0.7915,0.8508,0.7915,0.7645,0.8146,0.8146,0.849,0.3396,1.027,0.7909,0.7237,0.4113,0.3827,1.4065,0.7176,0.3751,0.5607
CON8-7,SAA,10,2,0.2379,0.2614,0.2614,0.2614,0.2503,0.2379,0.2379,0.2614,0.2292,0.2379,0.2614,0.2614,0.3391,0.2274,0.2379,0.2379,0.244,0.1376
CON8-7,SAA,11,4,2.9512,2.612,2.6685,2.612,2.8406,2.8844,2.8346,2.6839,2.1287,2.6572,2.6186,2.6192,1.4083,1.5417,2.6375,2.5848,1.3351,1.6719
CON8-7,SAA,12,3,0.0765,0.06,0.0757,0.06,0.06,0.0765,0.0765,0.0757,0.0132,0.0765,0.06,0.06,0.017,0.017,0.0765,0.0765,0.0341,0.045
CON8-7,SAA,13,2,0.3882,0.3697,0.3697,0.3697,0.3697,0.3882,0.3882,0.3697,0.3199,0.3882,0.3697,0.3697,0.3199,0.3199,0.3882,0.3882,0.2603,0.3204
CON8-7,WDRO,0,6,0.5899,0.4345,0.4611,0.4345,0.5773,0.5048,0.5899,0.4361,0.1755,0.5899,0.4092,0.4071,0.2633,0.2073,0.5899,0.3756,0.1872,0.3279
CON8-7,WDRO,1,3,0.0,0.0,0.0,0.0,0.0,0.0,0.0,0.0,0.0,0.0,0.0,0.0,0.0,0.0,0.0,0.0,0.0,0.0
CON8-7,WDRO,2,3,0.2309,0.2415,0.221,0.2415,0.221,0.22,0.22,0.221,0.2093,0.2309,0.22,0.22,0.1878,0.1878,0.2309,0.2531,0.2011,0.2092
CON8-7,WDRO,3,4,0.0271,0.0167,0.0167,0.0167,0.0167,0.0271,0.0271,0.0167,0.0039,0.0271,0.0167,0.0167,0.0039,0.0039,0.0271,0.0271,0.0271,0.0167
CON8-7,WDRO,4,2,0.183,0.183,0.183,0.183,0.183,0.183,0.183,0.183,0.169,0.183,0.183,0.183,0.1611,0.1611,0.183,0.183,0.186,0.1059
CON8-7,WDRO,5,3,0.0,0.0,0.0,0.0,0.0,0.0,0.0,0.0,0.0,0.0,0.0,0.0,0.0,0.0,0.0,0.0,0.0,0.0
CON8-7,WDRO,6,4,0.3857,0.3845,0.4588,0.3845,0.3593,0.3857,0.3857,0.4405,0.3857,0.3857,0.3808,0.3634,0.3634,0.3634,0.3857,0.3857,0.3273,0.2139
CON8-7,WDRO,7,2,0.0,0.0,0.0,0.0,0.0,0.0,0.0,0.0,0.0,0.0,0.0,0.0,0.0,0.0,0.0,0.0,0.0,0.0
CON8-7,WDRO,8,4,0.0,0.0,0.0,0.0,0.0,0.0,0.0,0.0,0.0,0.0,0.0,0.0,0.0,0.0,0.0,0.0,0.0,0.0
CON8-7,WDRO,9,3,0.0,0.0,0.0,0.0,0.0,0.0,0.0,0.0,0.0,0.0,0.0,0.0,0.0,0.0,0.0,0.0,0.0,0.0
CON8-7,WDRO,10,3,0.0798,0.0868,0.0868,0.0868,0.0698,0.0798,0.0798,0.0868,0.0372,0.0798,0.0868,0.0698,0.0372,0.0372,0.0798,0.0798,0.0388,0.0498
CON8-7,WDRO,11,2,0.6871,0.6784,0.6784,0.6784,0.6498,0.6871,0.6871,0.6784,0.4303,0.6871,0.6784,0.6784,0.4371,0.4371,0.6871,0.6674,0.4684,0.401
CON8-7,WDRO,12,4,0.3874,0.3679,0.3679,0.3679,0.4031,0.3874,0.3874,0.3679,0.2252,0.3874,0.3679,0.3503,0.2374,0.2374,0.3874,0.3503,0.2068,0.2192
CON8-7,WDRO,13,2,0.7021,0.5789,0.5901,0.5789,0.6535,0.6088,0.6088,0.5901,0.276,0.6416,0.5789,0.5901,0.3349,0.3349,0.7021,0.5826,0.3301,0.4003
CON8-7,WDRO,14,2,0.03,0.1219,0.0851,0.1219,0.0851,0.03,0.03,0.0851,0.111,0.03,0.0851,0.0851,0.0969,0.0969,0.03,0.03,0.0476,0.0184
CON8-7,WDRO,15,2,0.0,0.0,0.0,0.0,0.0,0.0,0.0,0.0,0.0,0.0,0.0,0.0,0.0,0.0,0.0,0.0,0.0,0.0
CON8-7,WDRO,16,1,0.0,0.0,0.0,0.0,0.0,0.0,0.0,0.0,0.0,0.0,0.0,0.0,0.0,0.0,0.0,0.0,0.0,0.0
CON8-7,Gounaris,0,7,1.7652,1.4785,1.8036,1.4785,1.7371,1.448,1.4497,1.7594,1.9389,1.4559,1.4691,1.4619,1.1927,1.1173,1.5257,1.432,0.9361,0.9945
CON8-7,Gounaris,1,4,0.5179,0.5201,0.5355,0.5345,0.5179,0.4893,0.5179,0.5355,0.2347,0.5179,0.5057,0.4498,0.2544,0.2544,0.5179,0.4691,0.2659,0.3033
CON8-7,Gounaris,2,4,2.8602,2.4698,2.3046,2.4698,2.2746,2.3468,2.3115,2.3175,1.3426,2.4163,2.4704,2.3785,1.2779,1.266,2.3468,2.3193,1.1608,1.6056
CON8-7,Gounaris,3,4,0.2774,0.2718,0.2718,0.2718,0.2774,0.2774,0.2774,0.2718,0.1839,0.2774,0.2718,0.2718,0.1922,0.1922,0.2774,0.2774,0.1696,0.1503
CON8-7,Gounaris,4,4,0.8454,0.6274,0.6326,0.6274,0.6464,0.6385,0.7193,0.6419,0.2527,0.6734,0.6462,0.6464,0.318,0.318,0.8113,0.5941,0.2652,0.4817
CON8-7,Gounaris,5,2,0.0816,0.0816,0.0816,0.0816,0.0816,0.0816,0.0816,0.0816,0.0966,0.0816,0.0816,0.0816,0.0813,0.0813,0.0816,0.0816,0.1008,0.0459
CON8-7,Gounaris,6,6,2.7892,2.7081,3.186,2.7081,2.6292,2.6123,2.6285,3.1169,2.5735,2.8224,2.6943,2.5435,2.4528,2.3808,2.5537,2.5432,2.3784,1.5468
CON8-7,Gounaris,7,4,0.8501,0.6721,0.6559,0.6721,0.6857,0.7559,0.7559,0.6559,0.2713,0.8501,0.6559,0.6242,0.2671,0.2671,0.8501,0.628,0.2547,0.4817
CON8-7,Gounaris,8,3,0.7469,0.6609,0.6609,0.6609,0.6403,0.7469,0.7469,0.6609,0.3283,0.7295,0.6609,0.6596,0.3083,0.3083,0.7469,0.598,0.3093,0.4226
CON8-7,Gounaris,9,4,0.3299,0.4726,0.5445,0.4726,0.2866,0.2813,0.2813,0.5085,0.1846,0.3932,0.4726,0.3047,0.2077,0.2025,0.3299,0.2927,0.2269,0.1962
CON8-7,Gounaris,10,2,0.0,0.0,0.0,0.0,0.0,0.0,0.0,0.0,0.0,0.0,0.0,0.0,0.0,0.0,0.0,0.0,0.0,0.0
CON8-7,Gounaris,11,2,2.0421,1.9211,1.9211,1.9211,1.9627,1.9495,1.9495,1.9211,0.9679,1.9054,1.9211,1.9211,0.9223,0.9223,1.925,1.94,0.8977,1.1951
CON8-7,Gounaris,12,1,0.0846,0.0846,0.0846,0.0846,0.0846,0.0846,0.0846,0.0846,0.0846,0.0846,0.0846,0.0846,0.0846,0.0846,0.0846,0.0846,0.0846,0.0846
CON8-7,Gounaris,13,3,2.3332,2.207,2.207,2.207,2.1767,2.2762,2.2512,2.2066,1.1805,2.2033,2.207,2.223,0.9332,0.9332,2.1947,2.1592,1.0242,1.3389
CON8-7,Cui,0,7,2.0946,1.8665,2.042,1.7971,1.8875,1.8025,2.0946,2.0463,1.3534,1.7121,1.9132,1.7281,1.08,1.0579,1.9415,1.6209,0.8592,1.1503
CON8-7,Cui,1,4,0.96,0.8408,0.8408,0.8408,0.7855,0.9333,0.96,0.8408,0.4622,0.96,0.8408,0.8392,0.4174,0.396,0.96,0.7903,0.3807,0.5493
CON8-7,Cui,2,5,1.9129,1.6943,1.8701,1.6943,1.6987,1.7065,1.7065,1.8341,1.1173,1.68,1.7042,1.7096,1.1239,0.9799,1.7678,1.6904,0.9805,1.14
CON8-7,Cui,3,4,3.4049,2.6282,2.5072,2.6282,3.0949,2.765,3.0697,2.4941,3.0133,2.681,2.6282,2.517,2.6888,2.2002,2.6108,2.4674,2.2756,1.9368
CON8-7,Cui,4,2,3.1556,3.0549,3.0662,3.0549,3.0775,3.1556,3.1556,3.0775,2.4017,3.0738,3.0549,3.0775,2.3318,2.3318,3.1556,3.102,2.2819,2.4326
CON8-7,Cui,5,6,2.7892,2.7081,3.186,2.7081,2.6292,2.6123,2.6285,3.1169,2.5735,2.8224,2.6943,2.5435,2.4528,2.3808,2.5537,2.5432,2.3784,1.5468
CON8-7,Cui,6,3,3.9256,3.2977,3.2977,3.2977,3.3141,3.1112,3.0983,3.3096,1.4994,3.0141,3.303,3.1492,1.5787,1.3838,3.0789,3.0824,1.5418,2.2226
CON8-7,Cui,7,5,3.0037,2.4665,2.8728,2.4665,2.4983,2.5423,2.5315,2.5107,1.8249,2.4792,2.4462,2.432,1.4242,1.344,2.4826,2.4082,1.3429,1.9373
CON8-7,Cui,8,3,0.5573,0.3796,0.3796,0.3796,0.4855,0.3913,0.3913,0.3796,0.2585,0.5573,0.3796,0.3796,0.1172,0.1172,0.5573,0.3474,0.142,0.3077
CON8-7,Cui,9,4,2.8602,2.4698,2.3046,2.4698,2.2746,2.3468,2.3115,2.3175,1.3426,2.4163,2.4704,2.3785,1.2779,1.266,2.3468,2.3193,1.1608,1.6056
CON8-7,Cui,10,4,3.1291,2.8623,2.8929,2.8623,2.931,2.9465,2.9465,2.8912,2.0637,2.8177,2.8623,2.8777,2.1773,2.0687,3.0455,2.6359,1.8777,1.7231
CON8-7,Cui,11,1,0.0,0.0,0.0,0.0,0.0,0.0,0.0,0.0,0.0,0.0,0.0,0.0,0.0,0.0,0.0,0.0,0.0,0.0
CON8-7,Cui,12,2,0.1895,0.1402,0.1402,0.1402,0.1402,0.1402,0.1402,0.1402,0.0518,0.1895,0.1402,0.1402,0.0396,0.0396,0.1895,0.1895,0.0548,0.109
CON8-7,MDRO,0,5,0.4541,0.322,0.3439,0.322,0.3862,0.4155,0.4541,0.3236,0.228,0.4541,0.3307,0.3134,0.1558,0.1558,0.4541,0.3554,0.168,0.2523
CON8-7,MDRO,1,4,0.0,0.0,0.0,0.0,0.0,0.0,0.0,0.0,0.0,0.0,0.0,0.0,0.0,0.0,0.0,0.0,0.0,0.0
CON8-7,MDRO,2,3,0.2256,0.2256,0.2256,0.2256,0.2256,0.2256,0.2256,0.2256,0.2256,0.2256,0.2256,0.2256,0.2256,0.2256,0.2256,0.2256,0.2515,0.1324
CON8-7,MDRO,3,4,0.0325,0.0378,0.0189,0.0378,0.0325,0.0325,0.0325,0.0189,0.0147,0.0325,0.0325,0.0183,0.0073,0.0073,0.0325,0.0325,0.0325,0.0183
CON8-7,MDRO,4,3,0.0798,0.0868,0.0868,0.0868,0.0698,0.0798,0.0798,0.0868,0.0372,0.0798,0.0868,0.0698,0.0372,0.0372,0.0798,0.0798,0.0388,0.0498
CON8-7,MDRO,5,4,0.0271,0.0644,0.0644,0.0644,0.0271,0.0271,0.0432,0.0644,0.0251,0.0271,0.0644,0.0644,0.0209,0.0209,0.0271,0.0271,0.0209,0.0153
CON8-7,MDRO,6,3,0.0,0.0,0.0,0.0,0.0,0.0,0.0,0.0,0.0,0.0,0.0,0.0,0.0,0.0,0.0,0.0,0.0,0.0
CON8-7,MDRO,7,4,0.6314,0.6567,0.6559,0.6567,0.5814,0.646,0.5329,0.655,0.2994,0.6314,0.618,0.6346,0.3034,0.3034,0.6314,0.5336,0.271,0.3944
CON8-7,MDRO,8,4,0.0,0.0,0.0,0.0,0.0,0.0,0.0,0.0,0.0,0.0,0.0,0.0,0.0,0.0,0.0,0.0,0.0,0.0
CON8-7,MDRO,9,3,0.083,0.0765,0.0765,0.0765,0.0715,0.083,0.083,0.0765,0.1349,0.083,0.0765,0.0765,0.1184,0.1184,0.083,0.083,0.0801,0.0485
CON8-7,MDRO,10,2,0.3466,0.3222,0.3222,0.3222,0.3222,0.3466,0.3466,0.3222,0.1579,0.3466,0.3222,0.3222,0.1223,0.1223,0.3466,0.3182,0.1968,0.2138
CON8-7,MDRO,11,2,0.2704,0.1956,0.1956,0.1956,0.2704,0.2704,0.2704,0.1956,0.0936,0.2704,0.1956,0.1956,0.0604,0.0604,0.2704,0.2157,0.0604,0.1572
CON8-7,MDRO,12,2,0.1088,0.1007,0.0853,0.1007,0.1088,0.1088,0.1088,0.0853,0.066,0.1088,0.0853,0.0853,0.0699,0.0699,0.1088,0.1088,0.0737,0.0618
CON8-7,MDRO,13,2,0.0266,0.0266,0.0266,0.0266,0.0266,0.0266,0.0266,0.0266,0.0266,0.0266,0.0266,0.0266,0.0266,0.0266,0.0266,0.0266,0.0266,0.0156
CON8-7,MDRO,14,2,0.0,0.0,0.0,0.0,0.0,0.0,0.0,0.0,0.0,0.0,0.0,0.0,0.0,0.0,0.0,0.0,0.0,0.0
CON8-7,MDRO,15,2,0.575,0.6485,0.629,0.6485,0.5423,0.575,0.575,0.629,0.2515,0.575,0.6485,0.629,0.2744,0.2744,0.575,0.54,0.2892,0.3348
CON8-7,MDRO,16,1,0.0,0.0,0.0,0.0,0.0,0.0,0.0,0.0,0.0,0.0,0.0,0.0,0.0,0.0,0.0,0.0,0.0,0.0
CON8-8,Det,0,5,14.8833,11.2918,12.1333,11.2918,11.498,12.445,11.5798,11.4131,14.9959,11.1121,11.3823,11.0454,11.0454,11.0454,11.0017,10.9656,11.2291,8.4811
CON8-8,Det,1,7,40.1225,39.7691,40.0041,39.6508,40.343,40.1225,40.1225,40.013,40.1487,39.6822,39.6508,39.801,39.801,39.7704,40.024,39.6163,39.5786,37.5105
CON8-8,Det,2,4,31.9744,31.1319,31.2885,31.1591,31.9174,31.5943,31.2989,31.2974,31.9166,31.1571,31.2022,31.1557,31.1557,31.0106,31.151,31.0369,31.1544,28.8682
CON8-8,Det,3,5,29.8515,23.0907,22.9707,22.4015,24.0859,26.0664,22.5699,22.9707,30.2056,22.5747,22.4015,22.4934,22.4093,22.4076,22.4773,22.4767,22.4743,17.6508
CON8-8,Det,4,9,52.3745,50.3513,50.4632,50.5496,50.9305,50.1128,52.3745,50.4693,49.6435,50.0532,50.5496,50.4893,50.0186,48.7345,50.5209,50.0745,48.6435,44.4553
CON8-8,Det,5,4,6.763,5.7114,5.5618,5.7653,6.763,5.6137,6.763,5.5618,6.7764,5.4745,5.7565,5.503,5.503,5.4616,5.4845,5.3016,5.3329,3.6927
CON8-8,Det,6,5,21.6206,16.0075,16.0406,16.0075,20.4363,16.2665,16.4784,16.0075,19.5343,15.9678,16.0075,15.9251,15.9251,14.7112,15.8743,15.9525,14.8073,11.9204
CON8-8,Det,7,6,37.0149,28.2699,28.6515,28.6142,34.7891,28.2908,28.3666,28.6062,36.3721,28.3474,28.6062,28.6267,27.9674,27.9653,28.724,28.5504,28.2219,20.9064
CON8-8,Det,8,5,30.4775,27.9854,28.7121,28.1402,28.5453,27.8905,28.271,28.3633,29.1571,27.6336,28.1402,27.5185,27.5185,26.6992,27.7292,27.5558,26.8168,25.0775
CON8-8,SAA,0,2,3.4306,3.3451,3.4177,3.3451,3.3023,3.3128,3.3128,3.3451,2.6837,3.3509,3.3451,3.3451,2.6726,2.6769,3.3171,3.3587,2.6872,1.9482
CON8-8,SAA,1,4,3.0789,2.6818,2.9634,2.6818,2.6848,2.8898,2.8945,2.9233,1.5702,2.5865,2.6818,2.6567,1.473,1.451,2.6208,2.6413,1.1598,1.7457
CON8-8,SAA,2,6,2.6245,2.0697,2.9507,2.0697,2.0381,2.37,2.1994,2.1811,1.0375,2.0978,2.0544,2.0691,1.0579,1.0571,2.1317,1.979,0.9048,1.568
CON8-8,SAA,3,4,0.4532,0.4072,0.4532,0.4072,0.4292,0.4532,0.4532,0.4072,0.2826,0.4532,0.4232,0.3873,0.351,0.3381,0.4532,0.3737,0.1848,0.2616
CON8-8,SAA,4,3,0.0854,0.0854,0.0854,0.0854,0.0854,0.0854,0.0854,0.0854,0.0608,0.0854,0.0854,0.0854,0.0719,0.0719,0.0854,0.0854,0.0597,0.061
CON8-8,SAA,5,3,2.2602,1.9332,1.8983,1.9332,1.8916,1.9401,1.9401,1.8974,0.8911,1.9087,1.9332,1.7846,0.8126,0.8514,1.8972,1.7823,0.7329,1.2792
CON8-8,SAA,6,3,0.0,0.0463,0.0,0.0463,0.0,0.0,0.0,0.0,0.0,0.0,0.0,0.0,0.0,0.0,0.0,0.0,0.0,0.0
CON8-8,SAA,7,2,2.9648,2.6472,2.6295,2.6472,2.639,2.6673,2.6673,2.6431,1.5563,2.6808,2.6295,2.6431,1.5563,1.5563,2.6796,2.6931,1.6851,1.6919
CON8-8,SAA,8,4,2.7818,2.2979,2.4118,2.2979,2.3645,2.7818,2.7818,2.3929,1.3933,2.1953,2.2979,2.2202,1.3731,1.4162,2.2589,2.1236,1.3984,1.5681
CON8-8,SAA,9,5,2.1909,2.122,2.1212,2.122,1.9885,2.1396,2.1909,2.1055,0.9199,1.9793,2.1212,2.005,1.0158,1.0161,2.0241,1.9616,0.8802,1.3035
CON8-8,SAA,10,3,0.8531,0.7247,0.9807,0.7247,0.8181,0.7247,0.7247,0.7628,0.6236,0.8531,0.7247,0.7396,0.5427,0.5427,0.8531,0.7396,0.5636,0.4794
CON8-8,SAA,11,6,0.7782,0.5696,0.6235,0.5696,0.5511,0.6495,0.6495,0.6037,0.1728,0.684,0.5696,0.5282,0.2013,0.2013,0.7782,0.5654,0.1882,0.438
CON8-8,SAA,12,2,0.9292,0.8834,0.8834,0.8834,0.8993,0.8881,0.8881,0.8834,0.5877,0.9703,0.8834,0.8834,0.5774,0.5774,0.9292,0.877,0.41,0.528
CON8-8,SAA,13,3,1.0662,1.0963,1.0963,1.0963,0.9697,1.0552,1.0552,1.0963,0.7053,1.085,1.0963,1.0963,0.6738,0.7148,1.0662,0.9845,0.6559,0.6096
CON8-8,WDRO,0,4,0.2962,0.3397,0.3212,0.3397,0.2839,0.2962,0.2962,0.3212,0.2622,0.2962,0.338,0.316,0.2208,0.2208,0.2962,0.3557,0.2063,0.1668
CON8-8,WDRO,1,3,0.0791,0.1523,0.1369,0.1523,0.1359,0.0791,0.0791,0.1369,0.0301,0.0791,0.1523,0.1359,0.0301,0.0301,0.0791,0.0791,0.0334,0.0453
CON8-8,WDRO,2,2,0.3857,0.3963,0.3963,0.3963,0.3963,0.3857,0.3857,0.3963,0.207,0.3857,0.3963,0.3963,0.2145,0.2145,0.3857,0.3963,0.207,0.2302
CON8-8,WDRO,3,6,0.4361,0.4218,0.6899,0.4218,0.349,0.3982,0.3982,0.4218,0.1416,0.4361,0.3467,0.3446,0.1773,0.1733,0.4361,0.3423,0.119,0.2685
CON8-8,WDRO,4,2,0.1212,0.1212,0.1212,0.1212,0.1212,0.1212,0.1212,0.1212,0.1212,0.1212,0.1212,0.1212,0.1212,0.1212,0.1212,0.1212,0.1212,0.0719
CON8-8,WDRO,5,2,0.0512,0.1164,0.0873,0.1164,0.0948,0.0512,0.0512,0.0983,0.035,0.0512,0.1164,0.0983,0.0215,0.0215,0.0512,0.0512,0.0215,0.0291
CON8-8,WDRO,6,4,0.0,0.0,0.0,0.0,0.0,0.0,0.0,0.0,0.0103,0.0,0.0,0.0,0.0069,0.0069,0.0,0.0,0.0,0.0
CON8-8,WDRO,7,4,0.0895,0.2111,0.2111,0.2111,0.0895,0.0895,0.0895,0.2111,0.0895,0.0895,0.2111,0.2111,0.0656,0.0656,0.0895,0.0895,0.0353,0.0505
CON8-8,WDRO,8,4,0.3579,0.2846,0.4553,0.2846,0.2898,0.2898,0.2898,0.2667,0.1458,0.3579,0.2898,0.2898,0.1458,0.1458,0.3579,0.2667,0.112,0.2262
CON8-8,WDRO,9,4,0.0,0.0,0.0,0.0,0.0,0.0,0.0,0.0,0.0069,0.0,0.0,0.0,0.0103,0.0103,0.0,0.0,0.0,0.0
CON8-8,WDRO,10,2,0.1871,0.1773,0.1598,0.1773,0.1986,0.1948,0.1948,0.1598,0.1156,0.1871,0.1598,0.1598,0.1156,0.1156,0.1871,0.1871,0.1335,0.1051
CON8-8,WDRO,11,3,0.1342,0.215,0.215,0.215,0.1342,0.1342,0.1342,0.215,0.1892,0.1342,0.215,0.184,0.1587,0.1587,0.1342,0.1342,0.0843,0.0756
CON8-8,WDRO,12,3,0.0,0.0,0.0,0.0,0.0,0.0,0.0,0.0,0.0264,0.0,0.0,0.0,0.016,0.016,0.0,0.0,0.0,0.0
CON8-8,WDRO,13,2,0.0267,0.0267,0.0267,0.0267,0.0267,0.0267,0.0267,0.0267,0.0267,0.0267,0.0267,0.0267,0.0267,0.0267,0.0267,0.0267,0.0244,0.015
CON8-8,WDRO,14,2,0.1032,0.1032,0.1032,0.1032,0.1032,0.1032,0.1032,0.1032,0.1032,0.1032,0.1032,0.1032,0.1032,0.1032,0.1032,0.1032,0.0889,0.059
CON8-8,WDRO,15,1,0.0,0.0,0.0,0.0,0.0,0.0,0.0,0.0,0.0,0.0,0.0,0.0,0.0,0.0,0.0,0.0,0.0,0.0
CON8-8,WDRO,16,2,0.234,0.234,0.3362,0.234,0.234,0.234,0.234,0.234,0.1932,0.234,0.234,0.234,0.1788,0.1788,0.234,0.234,0.1876,0.1351
CON8-8,Gounaris,0,3,3.7527,3.2285,3.2865,3.2285,3.1153,3.1602,3.1602,3.2771,1.4619,3.2847,3.2147,3.1643,1.4802,1.476,3.1836,3.2431,1.409,2.365
CON8-8,Gounaris,1,2,3.2196,3.0237,3.0502,3.0237,2.9348,3.2196,3.2196,3.0502,2.3086,2.953,3.0237,3.0502,2.3151,2.3151,3.0203,2.9299,2.2265,2.2256
CON8-8,Gounaris,2,3,1.3776,1.2227,1.3977,1.2227,1.2251,1.3002,1.3107,1.3977,0.5721,1.2133,1.2227,1.2227,0.5415,0.5415,1.2251,1.2056,0.5048,0.7884
CON8-8,Gounaris,3,3,3.747,3.2992,3.2992,3.2992,3.2363,3.288,3.2762,3.2688,1.6919,3.2325,3.2992,3.2312,1.7504,1.8004,3.2828,3.1634,1.7083,2.1172
CON8-8,Gounaris,4,5,0.4627,0.4356,0.5252,0.4356,0.5185,0.4627,0.4627,0.5252,0.3991,0.5856,0.4356,0.4941,0.2196,0.2196,0.4627,0.5101,0.2001,0.2557
CON8-8,Gounaris,5,6,1.0723,0.9294,1.1959,0.9294,0.9757,0.8168,0.8263,0.9566,0.4886,0.9039,0.839,0.7853,0.2757,0.2757,1.0723,0.7734,0.2942,0.6424
CON8-8,Gounaris,6,5,0.0266,0.0609,0.0456,0.0609,0.0149,0.0266,0.0266,0.0456,0.0266,0.0266,0.0609,0.0149,0.0139,0.0139,0.0266,0.0266,0.0279,0.0149
CON8-8,Gounaris,7,3,4.0603,3.8255,3.8255,3.8255,3.8528,3.825,3.7888,3.839,3.0405,3.7916,3.8255,3.839,2.7949,2.8589,3.7486,3.6034,2.8886,2.2432
CON8-8,Gounaris,8,4,0.498,0.478,0.537,0.478,0.4243,0.498,0.498,0.5475,0.3198,0.498,0.478,0.478,0.2486,0.2486,0.498,0.4617,0.2537,0.2768
CON8-8,Gounaris,9,2,0.13,0.1339,0.1339,0.1339,0.13,0.13,0.13,0.1339,0.1502,0.13,0.1339,0.1339,0.1502,0.1502,0.13,0.13,0.1363,0.0747
CON8-8,Gounaris,10,3,0.1342,0.215,0.215,0.215,0.1342,0.1342,0.1342,0.215,0.1892,0.1342,0.215,0.184,0.1587,0.1587,0.1342,0.1342,0.0843,0.0756
CON8-8,Gounaris,11,3,0.8531,0.7247,0.9807,0.7247,0.8181,0.7247,0.7247,0.7628,0.6236,0.8531,0.7247,0.7396,0.5427,0.5427,0.8531,0.7396,0.5636,0.4794
CON8-8,Gounaris,12,6,4.5296,3.5627,3.9471,3.5627,4.5007,4.0178,3.6025,3.8878,2.9174,3.9368,3.4748,3.5349,2.3901,2.1984,3.8092,3.4475,2.0159,2.4647
CON8-8,Gounaris,13,2,0.9292,0.8834,0.8834,0.8834,0.8993,0.8881,0.8881,0.8834,0.5877,0.9703,0.8834,0.8834,0.5774,0.5774,0.9292,0.877,0.41,0.528
CON8-8,Cui,0,2,0.9236,1.0048,0.9903,1.0048,1.0013,0.7763,0.7763,1.0013,0.4109,0.7984,1.0048,1.0013,0.4135,0.4135,1.0194,0.839,0.4055,0.5487
CON8-8,Cui,1,2,3.4306,3.3451,3.4177,3.3451,3.3023,3.3128,3.3128,3.3451,2.6837,3.3509,3.3451,3.3451,2.6726,2.6769,3.3171,3.3587,2.6872,1.9482
CON8-8,Cui,2,3,1.3776,1.2227,1.3977,1.2227,1.2251,1.3002,1.3107,1.3977,0.5721,1.2133,1.2227,1.2227,0.5415,0.5415,1.2251,1.2056,0.5048,0.7884
CON8-8,Cui,3,4,3.2528,2.6906,3.0825,2.6906,2.7155,2.8477,2.8477,2.6906,1.7454,2.7507,2.6906,2.6895,1.3185,1.3279,2.7258,2.6813,1.3246,1.8248
CON8-8,Cui,4,4,3.4696,2.9407,2.9407,2.9407,3.4696,2.9663,3.4696,2.9407,3.4751,2.9957,2.9407,2.8229,2.8229,2.7684,2.9957,2.7405,2.6281,1.8896
CON8-8,Cui,5,3,2.8864,2.6019,2.9003,2.6019,2.646,2.5786,2.5786,2.7796,1.9094,2.7,2.6019,2.5862,1.8488,1.8217,2.6118,2.6232,1.8234,1.6504
CON8-8,Cui,6,7,3.6535,2.8843,4.0141,2.8843,3.1011,2.8657,2.6047,2.9738,1.5228,2.7888,2.6459,2.6096,1.2018,1.1781,2.7128,2.548,1.1323,2.159
CON8-8,Cui,7,3,3.5056,3.0187,3.4977,3.0187,3.0214,3.0075,3.0488,3.1865,1.3258,2.9887,2.9958,3.0108,1.4713,1.2728,3.0001,3.0739,1.3004,2.0148
CON8-8,Cui,8,5,3.1157,2.7923,2.974,2.7923,3.1315,3.1157,3.1157,2.974,2.321,2.7729,2.7923,2.9129,2.269,2.1178,2.9373,2.7372,1.9066,1.7428
CON8-8,Cui,9,6,1.4694,1.027,1.1709,1.0272,1.3664,1.2578,1.4694,1.1709,0.8234,1.2763,1.0272,1.0269,0.6598,0.6786,1.2709,1.0762,0.6498,0.7878
CON8-8,Cui,10,2,2.8817,2.68,2.6931,2.68,2.7165,2.7034,2.7034,2.6931,1.5875,2.8798,2.68,2.6931,1.6751,1.6751,2.6875,2.6827,1.6156,1.6515
CON8-8,Cui,11,4,2.7818,2.2979,2.4118,2.2979,2.3645,2.7818,2.7818,2.3929,1.3933,2.1953,2.2979,2.2202,1.3731,1.4162,2.2589,2.1236,1.3984,1.5681
CON8-8,Cui,12,5,2.1909,2.122,2.1212,2.122,1.9885,2.1396,2.1909,2.1055,0.9199,1.9793,2.1212,2.005,1.0158,1.0161,2.0241,1.9616,0.8802,1.3035
CON8-8,MDRO,0,2,0.3767,0.365,0.3767,0.365,0.3767,0.3767,0.3767,0.3767,0.213,0.3767,0.365,0.3767,0.2092,0.2092,0.3767,0.3767,0.2159,0.2132
CON8-8,MDRO,1,1,0.0,0.0,0.0,0.0,0.0,0.0,0.0,0.0,0.0,0.0,0.0,0.0,0.0,0.0,0.0,0.0,0.0,0.0
CON8-8,MDRO,2,2,0.7554,0.7949,0.7949,0.7949,0.7554,0.8523,0.8523,0.7758,0.8017,0.7554,0.7949,0.7758,0.7513,0.7945,0.7554,0.7554,0.6799,0.4593
CON8-8,MDRO,3,5,0.0938,0.0714,0.0714,0.0714,0.0938,0.0938,0.0938,0.0714,0.0336,0.0938,0.0714,0.0714,0.0195,0.0195,0.0938,0.0938,0.0394,0.0548
CON8-8,MDRO,4,2,0.0522,0.0887,0.0887,0.0887,0.1183,0.0522,0.0522,0.0887,0.0242,0.0522,0.0887,0.0887,0.0323,0.0323,0.0522,0.0522,0.0161,0.0296
CON8-8,MDRO,5,3,0.0,0.0,0.0,0.0,0.0,0.0,0.0,0.0,0.0,0.0,0.0,0.0,0.0,0.0,0.0,0.0,0.0,0.0
CON8-8,MDRO,6,5,0.1802,0.242,0.2252,0.242,0.1802,0.1802,0.1802,0.2252,0.1802,0.1802,0.242,0.22,0.1423,0.1464,0.1802,0.1802,0.124,0.1006
CON8-8,MDRO,7,3,0.2829,0.2362,0.2257,0.2362,0.2618,0.2257,0.2257,0.2257,0.1246,0.2829,0.2362,0.2257,0.1246,0.1246,0.2829,0.2362,0.1246,0.1712
CON8-8,MDRO,8,4,0.0,0.0,0.0,0.0,0.0,0.0,0.0,0.0,0.0,0.0,0.0,0.0,0.0,0.0,0.0,0.0,0.0,0.0
CON8-8,MDRO,9,3,0.0,0.071,0.071,0.071,0.0533,0.0,0.0,0.071,0.0219,0.0,0.071,0.071,0.0292,0.0292,0.0,0.0,0.0,0.0
CON8-8,MDRO,10,2,0.1858,0.1587,0.1587,0.1587,0.1723,0.1858,0.1858,0.1587,0.1598,0.1858,0.1587,0.1587,0.2264,0.2264,0.1858,0.1935,0.1505,0.1045
CON8-8,MDRO,11,3,0.0,0.0463,0.0,0.0463,0.0,0.0,0.0,0.0,0.0,0.0,0.0,0.0,0.0,0.0,0.0,0.0,0.0,0.0
CON8-8,MDRO,12,3,0.2391,0.2079,0.2194,0.2079,0.216,0.2391,0.2391,0.2194,0.0998,0.2391,0.2079,0.2194,0.1692,0.1198,0.2391,0.2032,0.113,0.1351
CON8-8,MDRO,13,3,0.8192,0.6831,0.8215,0.6831,0.6611,0.7044,0.7108,0.8043,0.3042,0.7434,0.6658,0.6704,0.2686,0.2686,0.8192,0.6781,0.2655,0.4716
CON8-8,MDRO,14,5,1.1072,1.0857,1.2309,1.0857,1.0039,1.1072,1.1072,1.0702,0.604,1.0072,1.05,1.0005,0.592,0.5845,1.1072,1.0094,0.526,0.6487
CON8-8,MDRO,15,3,0.2911,0.2749,0.2749,0.2749,0.2749,0.2911,0.2911,0.2749,0.1448,0.2911,0.2749,0.2749,0.1381,0.1516,0.2911,0.2749,0.1273,0.1643
CON8-8,MDRO,16,1,0.0,0.0,0.0,0.0,0.0,0.0,0.0,0.0,0.0,0.0,0.0,0.0,0.0,0.0,0.0,0.0,0.0,0.0
CON8-9,Det,0,8,25.1591,19.9207,20.1871,19.9778,21.9783,20.4872,24.7983,19.9533,25.1591,19.7074,19.9418,19.9392,19.9392,19.9297,20.147,19.8988,19.8544,13.9723
CON8-9,Det,1,6,12.9548,9.597,10.3356,9.597,11.131,10.0385,9.5347,10.242,10.9636,9.6363,9.5812,9.4773,9.4773,8.3378,9.3794,9.3855,8.1682,7.5105
CON8-9,Det,2,5,29.7683,29.0118,28.9546,28.9546,29.4458,29.1435,29.7683,28.937,29.7683,28.9747,28.937,28.937,28.937,28.8432,29.0714,28.8439,28.8924,24.6857
CON8-9,Det,3,8,33.1175,27.6944,31.8277,28.0989,30.4877,29.9192,27.9646,28.7063,33.1175,27.5766,27.7389,27.5936,27.5936,27.534,27.4534,27.7031,27.8014,23.2631
CON8-9,Det,4,4,22.1643,16.257,16.2743,16.2469,17.8096,17.6294,16.1483,16.31,20.1679,16.3273,16.2405,16.2666,16.2666,14.8686,16.4963,16.0841,14.9295,12.6152
CON8-9,Det,5,5,28.2742,21.3458,25.0943,21.3335,21.0827,23.3904,20.7713,23.8527,27.0442,20.8617,21.3331,21.0937,21.0937,20.8359,20.9463,20.8259,20.7309,16.0545
CON8-9,Det,6,4,33.5662,27.0981,27.0968,26.6434,31.0232,26.6877,28.4397,26.6421,33.5662,26.6388,26.6267,26.6373,26.6373,26.6471,26.6158,26.4776,26.6528,18.2719
CON8-9,Det,7,5,13.8589,12.8026,13.6302,12.6503,13.4219,12.4909,12.6953,12.9535,13.8589,12.7452,12.6503,12.6508,12.6508,12.6508,12.6225,12.5414,12.4873,10.5478
CON8-9,Det,8,5,25.8454,17.9717,17.9594,17.9717,20.0347,18.7667,17.9334,17.9449,17.5303,18.2022,17.9325,18.1453,13.4255,12.8432,18.2268,18.0733,13.5034,15.0674
CON8-9,SAA,0,3,1.062,1.0532,1.1767,1.0532,1.0235,1.0062,1.0062,1.1767,0.6824,1.062,0.971,1.0062,0.5884,0.5884,1.062,0.971,0.6241,0.6024
CON8-9,SAA,1,2,1.2905,1.3031,1.3031,1.3031,1.2791,1.2791,1.2791,1.3031,1.0517,1.2905,1.3031,1.3031,1.089,1.123,1.2905,1.2905,1.0892,0.7577
CON8-9,SAA,2,5,1.4651,1.3534,1.3545,1.3545,1.4502,1.4187,1.4651,1.3125,0.795,1.4651,1.3545,1.3029,0.8651,0.8356,1.4651,1.2735,0.7089,0.8686
CON8-9,SAA,3,3,1.85,1.6573,1.5607,1.6573,1.5604,1.5537,1.6461,1.6573,0.7603,1.6641,1.6573,1.6099,0.7262,0.7254,1.5537,1.5128,0.6662,1.0677
CON8-9,SAA,4,5,1.4702,1.2899,1.3542,1.2899,1.2535,1.3276,1.3276,1.344,0.802,1.2547,1.2958,1.3276,0.6544,0.6544,1.3441,1.2958,0.662,0.8418
CON8-9,SAA,5,4,2.568,2.6386,2.6181,2.6386,2.5811,2.568,2.568,2.5958,2.568,2.568,2.5728,2.6016,2.6016,2.6529,2.568,2.5811,2.6156,1.6153
CON8-9,SAA,6,4,3.2365,2.7643,2.7776,2.7954,3.2986,2.7585,3.2365,2.7776,3.2365,2.7093,2.7954,2.7582,1.6799,1.6414,2.7385,2.6965,1.6833,1.8027
CON8-9,SAA,7,3,3.5945,3.0508,3.0685,3.0508,3.0283,3.0534,3.0885,3.0685,1.6864,3.0798,3.0508,3.0389,1.4352,1.4352,3.1028,3.0373,1.3657,2.0109
CON8-9,SAA,8,3,0.2935,0.2935,0.2935,0.2935,0.2935,0.2935,0.2935,0.2935,0.247,0.2935,0.2935,0.2935,0.1973,0.1928,0.2935,0.2935,0.1996,0.17
CON8-9,SAA,9,5,2.4506,1.7506,1.753,1.8143,2.3846,1.9702,2.3913,1.7674,1.6044,1.9245,1.8057,1.7877,1.5536,1.289,2.4506,1.8201,1.2562,1.3279
CON8-9,SAA,10,3,0.0287,0.0287,0.0287,0.0287,0.0287,0.0287,0.0287,0.0287,0.0287,0.0287,0.0287,0.0287,0.0287,0.0287,0.0287,0.0287,0.0481,0.0156
CON8-9,SAA,11,3,0.0527,0.0527,0.0527,0.0527,0.0527,0.0527,0.0527,0.0527,0.0527,0.0527,0.0527,0.0527,0.0527,0.0527,0.0527,0.0527,0.0441,0.0301
CON8-9,SAA,12,4,1.9791,1.6546,1.7174,1.6546,1.7062,1.6107,1.5695,1.7019,1.0338,1.6345,1.6546,1.6571,0.6649,0.7022,1.7006,1.5345,0.6984,1.1116
CON8-9,SAA,13,3,3.4468,2.9517,2.951,2.9517,2.8777,2.9608,3.1367,2.951,1.3087,2.9858,2.951,2.9492,1.5366,1.2711,2.8558,2.8638,1.2958,1.9576
CON8-9,WDRO,0,3,0.0527,0.0896,0.03,0.0896,0.0527,0.0527,0.0527,0.03,0.0326,0.0527,0.0592,0.0416,0.0353,0.0353,0.0527,0.0527,0.0435,0.0296
CON8-9,WDRO,1,5,0.2414,0.269,0.269,0.269,0.2086,0.2414,0.2414,0.2499,0.1128,0.2414,0.2217,0.1821,0.1041,0.1041,0.2414,0.2414,0.1299,0.1436
CON8-9,WDRO,2,5,0.286,0.286,0.286,0.286,0.286,0.286,0.286,0.286,0.286,0.286,0.286,0.286,0.286,0.286,0.286,0.286,0.1249,0.1572
CON8-9,WDRO,3,1,0.0,0.0,0.0,0.0,0.0,0.0,0.0,0.0,0.0,0.0,0.0,0.0,0.0,0.0,0.0,0.0,0.0,0.0
CON8-9,WDRO,4,2,0.0,0.0,0.0,0.0,0.0,0.0,0.0,0.0,0.0,0.0,0.0,0.0,0.0,0.0,0.0,0.0,0.0,0.0
CON8-9,WDRO,5,4,0.1082,0.1313,0.1139,0.1313,0.1082,0.1082,0.1082,0.1139,0.0501,0.1082,0.1313,0.1139,0.0501,0.0501,0.1082,0.1082,0.0423,0.0695
CON8-9,WDRO,6,3,0.2736,0.2143,0.2089,0.2143,0.252,0.252,0.252,0.2197,0.1101,0.2736,0.2143,0.2197,0.095,0.095,0.2736,0.2847,0.1094,0.1633
CON8-9,WDRO,7,3,0.0255,0.0255,0.0255,0.0255,0.0255,0.0255,0.0255,0.0255,0.0062,0.0255,0.0255,0.0255,0.0053,0.0053,0.0255,0.0255,0.0255,0.0144
CON8-9,WDRO,8,2,0.0,0.0,0.0,0.0,0.0,0.0,0.0,0.0,0.0,0.0,0.0,0.0,0.0,0.0,0.0,0.0,0.0,0.0
CON8-9,WDRO,9,5,0.1918,0.1918,0.1918,0.1918,0.1918,0.1918,0.1918,0.1918,0.1918,0.1918,0.1918,0.1918,0.17,0.17,0.1918,0.1918,0.1533,0.1082
CON8-9,WDRO,10,1,1.0077,1.0077,1.0077,1.0077,1.0077,1.0077,1.0077,1.0077,1.0077,1.0077,1.0077,1.0077,1.0077,1.0077,1.0077,1.0077,1.0077,1.0077
CON8-9,WDRO,11,4,0.3143,0.3395,0.3165,0.3395,0.2724,0.2499,0.3143,0.2863,0.1785,0.3143,0.2613,0.3053,0.1556,0.1556,0.3143,0.2611,0.1177,0.1778
CON8-9,WDRO,12,2,0.4318,0.5058,0.4905,0.5058,0.5058,0.4377,0.4377,0.5023,0.3337,0.4318,0.5058,0.5023,0.3506,0.3506,0.4318,0.4377,0.3136,0.2441
CON8-9,WDRO,13,2,0.0279,0.0279,0.0279,0.0279,0.0279,0.0279,0.0279,0.0279,0.0279,0.0279,0.0279,0.0279,0.0279,0.0279,0.0279,0.0279,0.0279,0.0175
CON8-9,WDRO,14,4,0.3489,0.26,0.3558,0.26,0.2554,0.2554,0.3372,0.3399,0.1387,0.3489,0.26,0.3224,0.1387,0.1387,0.3489,0.2772,0.1423,0.1962
CON8-9,WDRO,15,2,0.6457,0.7071,0.6733,0.7071,0.6223,0.6223,0.6223,0.6733,0.4758,0.6457,0.6616,0.6733,0.4729,0.4729,0.6457,0.6457,0.3665,0.3642
CON8-9,WDRO,16,2,0.2238,0.2238,0.2238,0.2238,0.2238,0.2238,0.2238,0.2238,0.2238,0.2238,0.2238,0.2238,0.2238,0.2238,0.2238,0.2238,0.1722,0.134
CON8-9,Gounaris,0,3,1.062,1.0532,1.1767,1.0532,1.0235,1.0062,1.0062,1.1767,0.6824,1.062,0.971,1.0062,0.5884,0.5884,1.062,0.971,0.6241,0.6024
CON8-9,Gounaris,1,2,1.2905,1.3031,1.3031,1.3031,1.2791,1.2791,1.2791,1.3031,1.0517,1.2905,1.3031,1.3031,1.089,1.123,1.2905,1.2905,1.0892,0.7577
CON8-9,Gounaris,2,2,0.0,0.0,0.0,0.0,0.0,0.0,0.0,0.0,0.0,0.0,0.0,0.0,0.0,0.0,0.0,0.0,0.0,0.0
CON8-9,Gounaris,3,4,2.3945,2.2066,2.2815,2.2066,2.2173,2.2181,2.2181,2.2777,1.7881,2.1741,2.2066,2.2066,1.639,1.6267,2.2033,2.1741,1.5948,1.5407
CON8-9,Gounaris,4,3,1.9958,1.7156,1.7008,1.7156,1.7782,1.9586,1.9958,1.6859,0.9928,1.7906,1.7008,1.6737,0.9427,0.966,1.7177,1.69,0.8916,1.1184
CON8-9,Gounaris,5,5,5.5912,5.4894,5.3134,5.4894,5.5082,5.5912,5.5912,5.4894,5.4394,5.3111,5.4894,5.4877,5.4877,5.193,5.5912,5.1905,5.3583,3.5168
CON8-9,Gounaris,6,3,2.1016,1.7826,1.7987,1.7826,1.9665,1.7888,1.7624,1.8107,1.1014,1.8957,1.7826,1.7888,1.0213,1.0251,2.1016,1.8045,1.1057,1.1976
CON8-9,Gounaris,7,4,2.9932,2.4657,2.4042,2.4657,2.4911,2.4952,2.3203,2.4039,1.3539,2.3677,2.4657,2.3084,1.0181,1.0137,2.3768,2.2742,0.9895,1.6684
CON8-9,Gounaris,8,6,2.4581,2.0666,2.1821,2.0666,2.1438,2.2411,2.3195,2.0666,1.0787,1.9976,2.0666,2.0321,1.1576,1.1294,2.2254,1.8367,0.9366,1.3544
CON8-9,Gounaris,9,5,2.4506,1.7506,1.753,1.8143,2.3846,1.9702,2.3913,1.7674,1.6044,1.9245,1.8057,1.7877,1.5536,1.289,2.4506,1.8201,1.2562,1.3279
CON8-9,Gounaris,10,3,0.308,0.3516,0.4454,0.3516,0.3049,0.2867,0.2867,0.4454,0.1085,0.308,0.3516,0.3197,0.1566,0.1566,0.308,0.2629,0.1418,0.1783
CON8-9,Gounaris,11,3,0.0276,0.0276,0.0276,0.0276,0.0276,0.0276,0.0276,0.0276,0.0276,0.0276,0.0276,0.0276,0.0276,0.0276,0.0276,0.0276,0.0343,0.0155
CON8-9,Gounaris,12,3,1.4336,1.1097,1.1097,1.1097,1.2693,1.1523,1.162,1.1097,0.7495,1.2937,1.1097,1.1097,0.4326,0.4326,1.4336,1.1132,0.3665,0.8021
CON8-9,Gounaris,13,4,1.6049,1.434,1.4141,1.434,1.4711,1.5072,1.5072,1.439,1.2034,1.6049,1.434,1.434,0.8568,0.8568,1.6049,1.434,0.7754,0.9418
CON8-9,Cui,0,4,2.5295,2.2253,2.2246,2.2253,2.4664,1.968,2.0479,2.2246,2.1799,2.0194,2.2253,2.2035,1.391,1.391,2.0975,1.9383,1.2733,1.4067
CON8-9,Cui,1,2,1.2667,1.0794,1.0794,1.0794,1.1147,1.0855,1.0855,1.0794,0.6374,1.2102,1.0794,1.0794,0.6321,0.6321,1.2667,1.0691,0.6363,0.9256
CON8-9,Cui,2,3,1.5382,1.3456,1.4142,1.3456,1.4587,1.4928,1.4928,1.3456,1.2353,1.4707,1.3456,1.3456,0.6233,0.6233,1.5382,1.4044,0.6548,0.9082
CON8-9,Cui,3,6,2.2932,1.8145,2.0801,1.8145,2.153,1.933,1.9091,1.9516,1.4845,2.0053,1.8435,1.7842,0.9349,0.9135,1.9898,1.7322,0.9033,1.2983
CON8-9,Cui,4,3,4.341,3.6514,3.6623,3.6514,3.7955,3.7664,3.8156,3.6623,2.1239,3.6641,3.6623,3.6823,1.7364,1.838,3.822,3.6195,1.7621,2.4505
CON8-9,Cui,5,5,1.5072,1.4643,1.5544,1.4643,1.3315,1.4195,1.3795,1.5307,0.9525,1.3407,1.3776,1.3909,0.7166,0.6887,1.4295,1.2529,0.7056,0.8624
CON8-9,Cui,6,7,3.3236,2.7,2.6873,2.6873,3.2326,2.6134,3.0279,2.683,2.6673,2.7466,2.5607,2.5002,2.0757,1.9037,2.7881,2.4008,1.8386,1.8079
CON8-9,Cui,7,5,2.9705,2.7474,2.7903,2.7907,2.8422,2.9705,2.9705,2.8039,2.3425,2.7927,2.7907,2.7907,2.6499,2.1836,2.9084,2.6632,2.1321,1.6048
CON8-9,Cui,8,3,2.976,2.7126,2.7126,2.7126,2.8149,2.879,2.879,2.7126,2.0815,2.804,2.7126,2.7198,2.0225,2.0762,2.8476,2.6286,2.0217,1.7532
CON8-9,Cui,9,3,4.1499,3.4386,3.5999,3.4386,3.7427,3.6535,4.1499,3.5468,1.9051,3.4969,3.4498,3.5468,1.661,1.6715,3.5312,3.4212,1.7129,2.3372
CON8-9,Cui,10,3,1.4059,1.1459,1.1569,1.1459,1.3044,1.1401,1.2481,1.1567,0.4924,1.1696,1.1459,1.1461,0.4617,0.4617,1.4059,1.1762,0.4693,0.7973
CON8-9,Cui,11,3,2.4039,1.9876,1.9874,1.9876,2.0014,1.9982,2.0752,1.9874,0.9046,2.1217,1.9874,1.9982,1.0586,0.8467,1.9982,1.9876,0.9601,1.3439
CON8-9,Cui,12,3,5.6145,5.576,5.4139,5.576,5.6145,5.576,5.6145,5.576,5.6145,5.6145,5.576,5.576,5.576,5.6515,5.6145,5.4455,5.4861,3.4475
CON8-9,MDRO,0,3,0.6248,0.6903,0.6748,0.6903,0.6111,0.6111,0.6062,0.674,0.3492,0.6248,0.6173,0.6089,0.3515,0.3485,0.6248,0.5882,0.3363,0.3494
CON8-9,MDRO,1,3,0.0527,0.0527,0.0527,0.0527,0.0527,0.0527,0.0527,0.0527,0.0527,0.0527,0.0527,0.0527,0.0527,0.0527,0.0527,0.0527,0.0441,0.0301
CON8-9,MDRO,2,5,0.2414,0.269,0.269,0.269,0.2086,0.2414,0.2414,0.2499,0.1128,0.2414,0.2217,0.1821,0.1041,0.1041,0.2414,0.2414,0.1299,0.1436
CON8-9,MDRO,3,5,1.058,0.9057,0.9057,0.9057,1.0241,1.0275,1.058,0.8855,0.8009,1.058,0.9033,0.876,0.565,0.565,1.058,0.8563,0.5221,0.5811
CON8-9,MDRO,4,2,0.6386,0.5229,0.5576,0.5229,0.5576,0.5576,0.5576,0.5576,0.2079,0.6386,0.5576,0.5576,0.2079,0.2079,0.6386,0.5576,0.2139,0.3608
CON8-9,MDRO,5,3,0.0812,0.0812,0.0812,0.0812,0.0812,0.0812,0.0812,0.0812,0.0812,0.0812,0.0812,0.0812,0.0812,0.0812,0.0812,0.0812,0.0463,0.0464
CON8-9,MDRO,6,4,0.3357,0.4138,0.3612,0.4138,0.3521,0.302,0.302,0.3588,0.3028,0.3357,0.302,0.3187,0.2753,0.2934,0.3357,0.3357,0.2934,0.201
CON8-9,MDRO,7,2,0.3569,0.3569,0.3569,0.3569,0.3569,0.3569,0.3569,0.3569,0.3569,0.3569,0.3569,0.3569,0.3569,0.3569,0.3569,0.3569,0.3569,0.2015
CON8-9,MDRO,8,4,0.1139,0.1712,0.1037,0.1712,0.099,0.1139,0.1139,0.1037,0.0546,0.1139,0.0983,0.1147,0.063,0.063,0.1139,0.1139,0.0781,0.0668
CON8-9,MDRO,9,3,0.2657,0.1896,0.244,0.1896,0.2657,0.2657,0.2657,0.244,0.1492,0.2657,0.2222,0.244,0.1259,0.1259,0.2657,0.2657,0.0793,0.157
CON8-9,MDRO,10,3,0.2736,0.2143,0.2089,0.2143,0.252,0.252,0.252,0.2197,0.1101,0.2736,0.2143,0.2197,0.095,0.095,0.2736,0.2847,0.1094,0.1633
CON8-9,MDRO,11,3,0.4592,0.5009,0.4654,0.5009,0.4175,0.4278,0.4278,0.4707,0.246,0.4592,0.4175,0.4175,0.2201,0.2201,0.4592,0.4072,0.1833,0.2737
CON8-9,MDRO,12,4,0.6385,0.646,0.646,0.646,0.646,0.6385,0.6385,0.646,0.6246,0.6385,0.646,0.646,0.3611,0.3611,0.6385,0.5409,0.3043,0.3764
CON8-9,MDRO,13,3,0.5673,0.5895,0.5747,0.5895,0.5054,0.55,0.5562,0.5596,0.2204,0.5673,0.5895,0.5569,0.1926,0.1926,0.5673,0.5414,0.1989,0.3275
CON8-9,MDRO,14,2,0.0,0.0,0.0,0.0,0.0,0.0,0.0,0.0,0.0,0.0,0.0,0.0,0.0,0.0,0.0,0.0,0.0,0.0
CON8-9,MDRO,15,1,1.0077,1.0077,1.0077,1.0077,1.0077,1.0077,1.0077,1.0077,1.0077,1.0077,1.0077,1.0077,1.0077,1.0077,1.0077,1.0077,1.0077,1.0077
SCA3-0,Det,0,12,15.9136,10.4333,14.5716,10.4574,13.7586,10.9903,10.869,12.5675,10.6344,9.9211,10.1651,9.5397,7.6569,7.0324,9.6345,9.4788,7.0084,8.1126
SCA3-0,Det,1,17,32.6734,20.3393,27.9297,20.378,21.9135,22.1552,19.7046,24.8432,31.7201,18.5685,20.2924,18.5892,17.424,17.4464,18.5448,18.4495,17.2407,15.6571
SCA3-0,Det,2,10,0.3628,0.3575,0.5048,0.3575,0.3628,0.2906,0.2911,0.3556,0.3628,0.3628,0.2938,0.2906,0.1768,0.1768,0.3628,0.2545,0.1072,0.2063
SCA3-0,Det,3,11,13.4766,9.407,12.2381,9.407,10.7196,10.6982,10.6742,10.1096,11.0487,8.8297,9.4114,8.711,8.711,7.4702,8.9454,8.4716,7.2426,7.1761
SCA3-0,SAA,0,13,3.979,2.7939,3.971,2.8115,3.6859,2.7836,3.979,3.4739,2.6102,3.035,2.7813,2.7793,1.718,1.718,2.9198,2.6497,1.7302,2.0371
SCA3-0,SAA,1,10,0.3628,0.3575,0.5048,0.3575,0.3628,0.2906,0.2911,0.3556,0.3628,0.3628,0.2938,0.2906,0.1768,0.1768,0.3628,0.2545,0.1072,0.2063
SCA3-0,SAA,2,9,3.2842,2.4468,3.0799,2.49,3.0618,2.487,3.275,2.8995,2.2963,2.4299,2.4984,2.2776,1.2466,1.2586,2.4566,2.2475,1.3099,1.7277
SCA3-0,SAA,3,11,3.4263,2.2851,3.4792,2.2851,2.8373,2.9364,2.7751,2.958,1.5762,2.1282,2.164,2.0971,1.2759,1.2924,2.4259,2.0345,1.2058,1.8191
SCA3-0,SAA,4,7,1.364,1.2395,1.6694,1.2395,1.1402,1.0175,1.1078,1.2805,0.6079,1.2325,1.2274,1.0155,0.3702,0.3702,1.3085,0.9963,0.313,0.8061
SCA3-0,WDRO,0,6,0.2515,0.2665,0.2665,0.2665,0.1808,0.2515,0.2515,0.2665,0.1196,0.2515,0.2234,0.2072,0.1127,0.1127,0.2515,0.2839,0.1452,0.1471
SCA3-0,WDRO,1,11,0.4582,0.4474,0.4271,0.4474,0.4448,0.3681,0.3803,0.4097,0.4122,0.4582,0.3162,0.3068,0.1983,0.1983,0.4582,0.3206,0.2184,0.2422
SCA3-0,WDRO,2,7,0.0582,0.0582,0.0582,0.0582,0.1046,0.0582,0.0582,0.0582,0.0399,0.0582,0.0582,0.0582,0.0487,0.0487,0.0582,0.0582,0.0502,0.0345
SCA3-0,WDRO,3,10,0.3628,0.3575,0.5048,0.3575,0.3628,0.2906,0.2911,0.3556,0.3628,0.3628,0.2938,0.2906,0.1768,0.1768,0.3628,0.2545,0.1072,0.2063
SCA3-0,WDRO,4,10,0.3504,0.3075,0.2915,0.3075,0.3504,0.3377,0.3504,0.2695,0.2218,0.3504,0.3504,0.3122,0.2122,0.2122,0.3504,0.2475,0.1314,0.1909
SCA3-0,WDRO,5,6,0.0616,0.1029,0.0475,0.0984,0.0499,0.0616,0.0616,0.0475,0.0383,0.0616,0.0616,0.0616,0.0397,0.0397,0.0616,0.0616,0.0616,0.0337
SCA3-0,Gounaris,0,13,3.7114,2.9173,4.769,2.9173,2.9708,3.0875,3.0537,3.1704,1.9635,2.9085,2.7599,2.8299,1.4332,1.4141,2.9905,2.7036,1.2873,2.13
SCA3-0,Gounaris,1,9,2.8386,2.083,3.5665,1.9759,2.6463,2.0984,2.5524,2.5278,1.9054,2.0743,1.8563,1.8302,1.2506,1.053,2.2626,1.8405,0.9904,1.5443
SCA3-0,Gounaris,2,11,0.5919,0.53,0.5096,0.53,0.5944,0.5292,0.5342,0.4999,0.5203,0.5919,0.5292,0.5192,0.2345,0.2345,0.5919,0.4395,0.2549,0.325
SCA3-0,Gounaris,3,10,2.7705,1.9652,3.1891,1.9652,2.1011,2.4274,1.9202,2.4858,1.269,1.8446,1.6977,1.7273,1.1215,1.1215,1.9949,1.7227,0.956,1.4998
SCA3-0,Gounaris,4,7,0.6251,0.5315,0.5315,0.5315,0.5517,0.5517,0.516,0.5076,0.1648,0.6251,0.5316,0.5106,0.2083,0.2083,0.6251,0.4634,0.1593,0.3738
SCA3-0,Cui,0,13,1.3402,1.0428,1.3201,1.0428,1.2672,1.1921,1.3402,1.1821,0.9261,0.9674,1.034,1.0325,0.5479,0.5479,1.3402,0.997,0.5143,0.704
SCA3-0,Cui,1,9,3.2842,2.4468,3.0799,2.49,3.0618,2.487,3.275,2.8995,2.2963,2.4299,2.4984,2.2776,1.2466,1.2586,2.4566,2.2475,1.3099,1.7277
SCA3-0,Cui,2,11,1.3402,1.2288,1.6964,1.1987,1.3402,1.0817,1.1137,1.3264,1.0172,1.1259,1.0231,1.035,0.5352,0.5352,1.4389,0.9886,0.5034,0.7281
SCA3-0,Cui,3,10,1.4488,1.0156,1.149,1.0156,1.3308,1.2158,1.2174,1.1337,0.736,1.1681,0.997,0.9625,0.4834,0.4834,1.4488,0.941,0.4467,0.7741
SCA3-0,Cui,4,7,3.1617,2.3834,4.0064,2.3834,2.4192,2.2956,2.3233,2.8221,0.9917,2.4885,2.2938,2.1874,0.9224,0.9224,2.2988,2.2404,0.8061,1.8383
SCA3-0,MDRO,0,6,0.2487,0.3027,0.3027,0.3027,0.2258,0.2258,0.2258,0.2926,0.0973,0.2487,0.2592,0.2792,0.0973,0.0973,0.2487,0.263,0.0914,0.1458
SCA3-0,MDRO,1,11,0.4029,0.4127,0.3878,0.4127,0.4065,0.4029,0.4029,0.3747,0.4219,0.4029,0.3637,0.3637,0.177,0.177,0.4029,0.3316,0.2063,0.2333
SCA3-0,MDRO,2,7,0.0582,0.0582,0.0582,0.0582,0.1046,0.0582,0.0582,0.0582,0.0399,0.0582,0.0582,0.0582,0.0487,0.0487,0.0582,0.0582,0.0502,0.0345
SCA3-0,MDRO,3,10,0.3628,0.3575,0.5048,0.3575,0.3628,0.2906,0.2911,0.3556,0.3628,0.3628,0.2938,0.2906,0.1768,0.1768,0.3628,0.2545,0.1072,0.2063
SCA3-0,MDRO,4,10,0.3504,0.3075,0.2915,0.3075,0.3504,0.3377,0.3504,0.2695,0.2218,0.3504,0.3504,0.3122,0.2122,0.2122,0.3504,0.2475,0.1314,0.1909
SCA3-0,MDRO,5,6,0.0616,0.1029,0.0475,0.0984,0.0499,0.0616,0.0616,0.0475,0.0383,0.0616,0.0616,0.0616,0.0397,0.0397,0.0616,0.0616,0.0616,0.0337
SCA3-1,Det,0,16,13.6538,8.2725,9.203,8.1872,10.6193,8.8516,13.6538,9.1594,7.7932,8.2753,8.1918,7.7287,6.1832,6.0417,8.1887,7.648,5.5819,6.3717
SCA3-1,Det,1,15,43.2513,28.0164,32.5998,28.0143,29.1392,32.0756,38.0027,31.101,43.2513,27.3141,27.7774,27.089,27.0566,27.0612,27.2195,27.2251,27.1311,21.5253
SCA3-1,Det,2,15,63.6533,52.5819,53.1088,53.8408,54.3165,54.5758,61.5814,52.8931,63.5867,52.8488,52.751,52.7211,52.6769,52.4752,52.8476,52.2946,52.545,43.5758
SCA3-1,Det,3,4,0.0,0.0,0.0,0.0,0.0,0.0,0.0,0.0,0.0,0.0,0.0,0.0,0.0,0.0,0.0,0.0,0.0,0.0
SCA3-1,SAA,0,14,2.2118,1.5164,2.0725,1.5164,1.8935,2.2118,2.2118,1.9594,0.9549,1.99,1.3664,1.4282,0.8494,0.8494,2.2118,1.3234,0.7482,1.1435
SCA3-1,SAA,1,12,3.2787,2.9839,3.5078,2.9538,2.8091,2.6034,2.7774,3.0415,1.6007,2.6212,2.5239,2.3831,1.1455,1.1455,2.9162,2.2601,1.0741,1.7858
SCA3-1,SAA,2,7,0.6618,0.5339,0.5496,0.5339,0.6718,0.5706,0.6618,0.5496,0.5436,0.6618,0.5723,0.5488,0.3194,0.3194,0.6618,0.5312,0.2342,0.3619
SCA3-1,SAA,3,9,4.2312,2.8909,3.7823,2.8909,3.3576,3.2197,2.9777,3.2353,1.755,3.1515,2.9423,3.0166,1.244,1.2415,3.0319,2.8768,1.1819,2.4419
SCA3-1,SAA,4,8,2.0783,1.7029,2.8298,1.7029,1.8155,1.6381,1.8474,1.9785,1.5436,1.6135,1.7061,1.5348,0.7793,0.7793,1.7555,1.4652,0.7823,1.1444
SCA3-1,WDRO,0,10,0.2236,0.2524,0.2767,0.2932,0.1676,0.2236,0.2236,0.2566,0.0791,0.2236,0.1951,0.1941,0.1905,0.1905,0.2236,0.2747,0.1159,0.1237
SCA3-1,WDRO,1,10,0.3887,0.3147,0.4055,0.3147,0.3887,0.319,0.319,0.3147,0.1271,0.3887,0.2656,0.319,0.1477,0.1477,0.3887,0.3204,0.117,0.2128
SCA3-1,WDRO,2,7,0.0,0.0,0.0,0.0,0.0,0.0,0.0,0.0,0.0,0.0,0.0,0.0,0.0,0.0,0.0,0.0,0.0,0.0
SCA3-1,WDRO,3,6,0.4324,0.35,0.35,0.35,0.3383,0.3943,0.4324,0.2976,0.2032,0.4324,0.2683,0.2908,0.145,0.145,0.4324,0.3323,0.162,0.2393
SCA3-1,WDRO,4,12,0.0296,0.0296,0.0296,0.0296,0.0296,0.0296,0.0296,0.0296,0.0296,0.0296,0.0296,0.0296,0.0296,0.0296,0.0296,0.0296,0.0557,0.0162
SCA3-1,WDRO,5,5,0.5144,0.3727,0.3727,0.3727,0.4056,0.4579,0.4466,0.384,0.1979,0.5144,0.3727,0.4282,0.2867,0.2867,0.5144,0.3389,0.1382,0.2968
SCA3-1,Gounaris,0,14,2.2118,1.5164,2.0725,1.5164,1.8935,2.2118,2.2118,1.9594,0.9549,1.99,1.3664,1.4282,0.8494,0.8494,2.2118,1.3234,0.7482,1.1435
SCA3-1,Gounaris,1,12,2.7116,2.2063,2.9376,2.2063,2.2677,1.9946,1.9846,2.3062,1.4157,2.1254,2.0873,2.0598,1.0457,1.0457,2.2793,1.944,0.8987,1.485
SCA3-1,Gounaris,2,7,0.8898,0.7264,0.8349,0.7381,0.8463,0.7829,0.8898,0.7762,0.7625,0.8898,0.7381,0.7967,0.4,0.4,0.8898,0.7298,0.4314,0.4873
SCA3-1,Gounaris,3,9,3.1168,2.4264,2.9654,2.4264,2.7945,2.5021,2.5471,2.6611,1.5937,2.5584,2.4402,2.4354,1.0377,1.0377,2.6509,2.2674,1.0467,1.8012
SCA3-1,Gounaris,4,8,2.5727,2.4854,3.0134,2.4854,2.346,1.9944,2.4112,2.6237,1.9896,2.0697,2.4884,1.9861,1.0933,1.1753,2.3975,1.9012,1.164,1.4158
SCA3-1,Cui,0,15,3.3619,2.1777,3.1336,2.1777,2.6299,3.3385,3.3619,2.7963,1.4877,2.4579,1.9277,2.0214,1.3096,1.3096,2.6458,1.9266,1.1342,1.6982
SCA3-1,Cui,1,12,2.7116,2.2063,2.9376,2.2063,2.2677,1.9946,1.9846,2.3062,1.4157,2.1254,2.0873,2.0598,1.0457,1.0457,2.2793,1.944,0.8987,1.485
SCA3-1,Cui,2,7,2.1716,1.5514,1.8171,1.5514,2.1716,1.635,1.8388,1.6811,1.1906,1.6952,1.5586,1.5467,0.7371,0.7371,1.7333,1.533,0.6515,1.212
SCA3-1,Cui,3,8,0.9658,0.8351,0.9274,0.8351,0.8561,0.7762,0.7762,0.834,0.4507,0.9658,0.7243,0.7529,0.4778,0.4778,0.9658,0.7666,0.445,0.5565
SCA3-1,Cui,4,8,2.5727,2.4854,3.0134,2.4854,2.346,1.9944,2.4112,2.6237,1.9896,2.0697,2.4884,1.9861,1.0933,1.1753,2.3975,1.9012,1.164,1.4158
SCA3-1,MDRO,0,5,0.1399,0.1399,0.1399,0.1399,0.1399,0.1399,0.1399,0.1399,0.1399,0.1399,0.1399,0.1399,0.1399,0.1399,0.1399,0.1546,0.1186,0.0822
SCA3-1,MDRO,1,10,0.6054,0.5013,0.4752,0.5013,0.4141,0.5931,0.534,0.4745,0.2289,0.6054,0.4699,0.3995,0.2076,0.2076,0.6054,0.387,0.1917,0.336
SCA3-1,MDRO,2,9,0.0,0.0,0.0,0.0,0.0,0.0,0.0,0.0,0.0,0.0,0.0,0.0,0.0,0.0,0.0,0.0,0.0,0.0
SCA3-1,MDRO,3,10,0.4841,0.3775,0.3752,0.3775,0.3811,0.4059,0.3341,0.3752,0.1032,0.4841,0.3317,0.3205,0.1026,0.1026,0.4841,0.3113,0.1085,0.2743
SCA3-1,MDRO,4,9,0.0864,0.0864,0.0864,0.0864,0.0864,0.0864,0.0864,0.0864,0.0864,0.0864,0.0864,0.0864,0.0864,0.0864,0.0864,0.0864,0.0865,0.0487
SCA3-1,MDRO,5,7,0.728,0.6371,1.0951,0.6371,0.6868,0.7026,0.6977,0.6869,0.6173,0.728,0.5995,0.6658,0.5232,0.5232,0.728,0.5995,0.3395,0.4018
SCA3-2,Det,0,14,34.9942,22.1019,30.0245,21.5902,24.3574,25.1623,20.9441,27.0595,29.3967,20.5656,21.7898,20.4491,18.4995,18.1459,20.3926,20.1456,18.0763,17.2652
SCA3-2,Det,1,12,2.3602,1.841,2.7683,1.841,2.0636,1.8563,2.3602,2.0391,1.0143,1.7967,1.7106,1.6843,0.8742,0.8742,1.7118,1.615,0.7588,1.2936
SCA3-2,Det,2,13,32.0798,19.7753,25.3445,19.4771,22.2045,22.2301,19.5858,24.331,27.567,19.0431,20.197,18.7302,18.7302,16.5395,18.8466,18.7222,16.1789,15.9608
SCA3-2,Det,3,11,6.7522,4.4999,6.254,4.4999,5.7745,4.5002,4.1124,5.4672,3.3987,4.4092,4.4456,4.0735,2.7822,2.6335,4.2038,4.0048,2.419,3.5483
SCA3-2,SAA,0,11,1.9667,1.5567,2.7231,1.5567,1.3421,1.7209,1.5018,2.2445,0.7051,1.4749,1.4143,1.4225,0.6785,0.6785,1.9499,1.2777,0.6314,1.0692
SCA3-2,SAA,1,11,3.9231,2.6265,4.6598,2.6265,3.4709,2.9813,2.5926,3.8295,2.1005,2.6946,2.5357,2.5985,1.5096,1.4756,2.9019,2.5483,1.4179,2.1109
SCA3-2,SAA,2,10,2.9873,2.227,3.8869,2.227,2.2167,2.2833,2.1593,2.7289,1.239,2.0447,2.2216,2.0027,0.9041,0.9024,2.1891,2.03,0.9404,1.672
SCA3-2,SAA,3,9,2.6949,1.9923,3.2568,1.9923,2.3789,1.9935,1.8641,2.3772,1.3916,1.9003,1.9362,2.052,0.8446,0.8446,2.3046,1.8683,0.8606,1.5239
SCA3-2,SAA,4,9,3.8383,2.6802,3.3413,2.6802,3.492,2.7897,3.2092,3.3117,2.0293,2.8642,2.5991,2.771,1.6236,1.6236,2.9477,2.61,1.4539,2.0806
SCA3-2,WDRO,0,7,0.2277,0.1937,0.1698,0.1937,0.1807,0.2277,0.2277,0.1812,0.1366,0.2277,0.1937,0.1937,0.135,0.135,0.2277,0.1723,0.0697,0.1267
SCA3-2,WDRO,1,7,0.0313,0.0313,0.0313,0.0313,0.0313,0.0313,0.0313,0.0313,0.0313,0.0313,0.0313,0.0313,0.0313,0.0313,0.0313,0.0313,0.0313,0.0172
SCA3-2,WDRO,2,7,0.395,0.3024,0.3024,0.3024,0.3397,0.3716,0.3558,0.3327,0.1983,0.395,0.3207,0.3087,0.2221,0.2221,0.395,0.3216,0.1672,0.2341
SCA3-2,WDRO,3,9,0.0588,0.0588,0.0588,0.0588,0.0588,0.0588,0.0588,0.0588,0.0588,0.0588,0.0588,0.0588,0.0588,0.0588,0.0588,0.0588,0.0588,0.0326
SCA3-2,WDRO,4,5,0.0,0.0,0.0,0.0,0.0,0.0,0.0,0.0,0.0,0.0,0.0,0.0,0.0,0.0,0.0,0.0,0.0,0.0
SCA3-2,WDRO,5,9,0.4987,0.4072,0.65,0.4072,0.4987,0.3958,0.4005,0.4072,0.2459,0.4987,0.4045,0.402,0.1619,0.1619,0.4987,0.3958,0.1619,0.2894
SCA3-2,WDRO,6,6,0.0,0.0,0.0,0.0,0.0,0.0,0.0,0.0,0.0,0.0,0.0,0.0,0.0,0.0,0.0,0.0,0.0,0.0
SCA3-2,Gounaris,0,11,1.9667,1.5567,2.7231,1.5567,1.3421,1.7209,1.5018,2.2445,0.7051,1.4749,1.4143,1.4225,0.6785,0.6785,1.9499,1.2777,0.6314,1.0692
SCA3-2,Gounaris,1,11,3.7675,2.6291,4.1123,2.6291,3.3358,2.5237,2.6052,3.3315,1.9175,2.7434,2.5852,2.5596,1.1885,1.1697,2.6865,2.4061,1.1708,2.0863
SCA3-2,Gounaris,2,10,4.417,3.3446,5.0072,3.3446,3.1118,3.3218,2.8636,3.6522,1.8106,3.0205,3.2727,2.9996,1.5507,1.4648,2.8768,2.8852,1.4145,2.4562
SCA3-2,Gounaris,3,9,2.6949,1.9923,3.2568,1.9923,2.3789,1.9935,1.8641,2.3772,1.3916,1.9003,1.9362,2.052,0.8446,0.8446,2.3046,1.8683,0.8606,1.5239
SCA3-2,Gounaris,4,9,2.4646,1.6853,2.3599,1.7297,2.2301,1.7268,1.9751,1.7271,1.3365,1.7593,1.6696,1.7337,0.9369,0.9369,2.1272,1.6643,0.8917,1.3255
SCA3-2,Cui,0,8,3.4328,2.8059,3.2908,2.8059,2.6102,2.6126,2.6429,2.8161,1.3501,2.8257,2.7649,2.559,1.0916,1.0916,2.6504,2.523,1.1112,1.9686
SCA3-2,Cui,1,10,2.9905,2.1051,3.5144,2.1051,2.6191,2.087,1.7961,2.3285,1.6219,2.0825,1.9729,1.9534,1.0563,0.9749,2.3338,1.8047,0.9563,1.6329
SCA3-2,Cui,2,11,3.7743,2.9532,3.888,2.9532,3.8179,2.8627,3.7405,3.3347,2.0625,2.5619,2.7069,2.4542,1.4761,1.4802,2.6305,2.4431,1.4221,2.0294
SCA3-2,Cui,3,9,2.6949,1.9923,3.2568,1.9923,2.3789,1.9935,1.8641,2.3772,1.3916,1.9003,1.9362,2.052,0.8446,0.8446,2.3046,1.8683,0.8606,1.5239
SCA3-2,Cui,4,12,2.3602,1.841,2.7683,1.841,2.0636,1.8563,2.3602,2.0391,1.0143,1.7967,1.7106,1.6843,0.8742,0.8742,1.7118,1.615,0.7588,1.2936
SCA3-2,MDRO,0,9,0.6803,0.4815,0.6223,0.4815,0.426,0.4433,0.4363,0.5788,0.1893,0.6803,0.4504,0.5027,0.2109,0.2109,0.6803,0.4312,0.2442,0.3796
SCA3-2,MDRO,1,7,0.0313,0.0313,0.0313,0.0313,0.0313,0.0313,0.0313,0.0313,0.0313,0.0313,0.0313,0.0313,0.0313,0.0313,0.0313,0.0313,0.0313,0.0172
SCA3-2,MDRO,2,9,0.6764,0.6341,1.0277,0.6341,0.5765,0.4837,0.4435,0.7043,0.3105,0.6764,0.4791,0.4525,0.2107,0.2107,0.6764,0.4755,0.1833,0.3746
SCA3-2,MDRO,3,9,0.0588,0.0588,0.0588,0.0588,0.0588,0.0588,0.0588,0.0588,0.0588,0.0588,0.0588,0.0588,0.0588,0.0588,0.0588,0.0588,0.0634,0.0326
SCA3-2,MDRO,4,7,0.692,0.6008,0.6214,0.6008,0.5246,0.5162,0.5048,0.5987,0.264,0.692,0.556,0.5275,0.2899,0.2899,0.692,0.5236,0.2594,0.3981
SCA3-2,MDRO,5,9,0.7862,0.6261,1.1488,0.6261,0.7862,0.7025,0.6556,0.647,0.779,0.7979,0.6676,0.6676,0.4851,0.4851,0.7862,0.6694,0.3379,0.4415
SCA3-3,Det,0,13,31.1684,19.8478,26.0582,19.838,22.3292,21.624,22.0747,21.6116,26.9909,19.543,19.7902,19.4382,19.4382,17.1104,19.3558,19.4898,17.2361,15.6448
SCA3-3,Det,1,19,42.5176,25.9362,35.2529,25.5629,27.3764,32.6475,42.5176,30.941,41.8337,24.8166,25.251,24.8043,24.8043,24.3757,24.9587,24.9136,24.5535,19.3102
SCA3-3,Det,2,12,43.2381,28.511,28.538,28.7175,34.3135,28.9629,37.4593,28.4584,39.3107,28.4302,28.3898,28.0005,27.2185,27.1862,28.7259,28.1814,27.2129,20.9833
SCA3-3,Det,3,6,0.0,0.0,0.0,0.0,0.0,0.0,0.0,0.0,0.0,0.0,0.0,0.0,0.0,0.0,0.0,0.0,0.0,0.0
SCA3-3,SAA,0,10,2.0796,1.7503,2.3583,1.7503,1.8476,1.5126,1.4637,1.931,1.237,1.5315,1.5528,1.5765,0.7283,0.7283,1.6816,1.475,0.7457,1.1761
SCA3-3,SAA,1,8,1.6879,1.394,1.8731,1.394,1.4404,1.3059,1.2982,1.7153,0.6907,1.3233,1.4621,1.3375,0.6009,0.6009,1.4277,1.291,0.6148,0.9513
SCA3-3,SAA,2,11,2.8799,2.0537,3.5144,2.0537,1.9457,2.4276,2.0954,2.8106,1.0332,1.9895,2.1096,1.9499,0.9691,0.9695,2.2147,1.8563,0.8838,1.5938
SCA3-3,SAA,3,9,2.5951,2.0607,2.4937,2.0607,1.9021,2.1962,2.0081,2.1798,0.9566,1.9918,2.0274,1.8943,0.7246,0.7218,2.0533,1.8991,0.7555,1.4685
SCA3-3,SAA,4,12,0.5701,0.4718,0.8041,0.4718,0.4914,0.4914,0.4676,0.5156,0.3007,0.6137,0.447,0.4677,0.2789,0.2789,0.5701,0.4539,0.1749,0.3229
SCA3-3,WDRO,0,6,0.0,0.0,0.0,0.0,0.0,0.0,0.0,0.0,0.0,0.0,0.0,0.0,0.0,0.0,0.0,0.0,0.0,0.0
SCA3-3,WDRO,1,7,0.525,0.5149,0.5232,0.5149,0.4283,0.4514,0.4319,0.5038,0.2673,0.525,0.4686,0.4514,0.3299,0.3299,0.525,0.4712,0.2562,0.2998
SCA3-3,WDRO,2,8,0.2537,0.2901,0.3423,0.2901,0.2229,0.1983,0.1738,0.2901,0.1411,0.2537,0.1728,0.1738,0.0733,0.0733,0.2537,0.1904,0.0791,0.1448
SCA3-3,WDRO,3,10,0.2367,0.2468,0.4866,0.2468,0.1901,0.2288,0.1769,0.2934,0.0838,0.2367,0.1657,0.1646,0.0789,0.0789,0.2367,0.202,0.0998,0.1345
SCA3-3,WDRO,4,8,0.3148,0.2719,0.3632,0.2719,0.1831,0.1925,0.1805,0.3046,0.0446,0.3148,0.2049,0.1827,0.043,0.043,0.3148,0.2126,0.0703,0.1805
SCA3-3,WDRO,5,11,0.055,0.0601,0.0983,0.0601,0.0449,0.0441,0.0441,0.0601,0.0447,0.055,0.0591,0.0563,0.0207,0.0207,0.055,0.0499,0.0166,0.0332
SCA3-3,Gounaris,0,10,2.0796,1.7503,2.3583,1.7503,1.8476,1.5126,1.4637,1.931,1.237,1.5315,1.5528,1.5765,0.7283,0.7283,1.6816,1.475,0.7457,1.1761
SCA3-3,Gounaris,1,8,2.3019,1.853,2.1961,1.853,1.7276,1.7409,1.7688,1.9782,1.0199,1.7761,1.8849,1.6986,0.9301,0.9132,1.7649,1.7124,0.8504,1.2904
SCA3-3,Gounaris,2,11,2.8799,2.0537,3.5144,2.0537,1.9457,2.4276,2.0954,2.8106,1.0332,1.9895,2.1096,1.9499,0.9691,0.9695,2.2147,1.8563,0.8838,1.5938
SCA3-3,Gounaris,3,7,0.6939,0.5918,0.7678,0.5918,0.5821,0.7294,0.5784,0.7067,0.2695,0.71,0.5918,0.6388,0.2334,0.2334,0.6939,0.5266,0.2904,0.3929
SCA3-3,Gounaris,4,14,1.7707,1.4184,2.5195,1.4184,1.6569,1.1013,1.202,1.8285,0.9934,1.2819,1.166,1.1518,0.4844,0.4844,1.3715,1.1387,0.4886,0.9591
SCA3-3,Cui,0,10,2.0796,1.7503,2.3583,1.7503,1.8476,1.5126,1.4637,1.931,1.237,1.5315,1.5528,1.5765,0.7283,0.7283,1.6816,1.475,0.7457,1.1761
SCA3-3,Cui,1,8,1.6879,1.394,1.8731,1.394,1.4404,1.3059,1.2982,1.7153,0.6907,1.3233,1.4621,1.3375,0.6009,0.6009,1.4277,1.291,0.6148,0.9513
SCA3-3,Cui,2,11,2.8799,2.0537,3.5144,2.0537,1.9457,2.4276,2.0954,2.8106,1.0332,1.9895,2.1096,1.9499,0.9691,0.9695,2.2147,1.8563,0.8838,1.5938
SCA3-3,Cui,3,9,2.5951,2.0607,2.4937,2.0607,1.9021,2.1962,2.0081,2.1798,0.9566,1.9918,2.0274,1.8943,0.7246,0.7218,2.0533,1.8991,0.7555,1.4685
SCA3-3,Cui,4,12,0.5701,0.4718,0.8041,0.4718,0.4914,0.4914,0.4676,0.5156,0.3007,0.6137,0.447,0.4677,0.2789,0.2789,0.5701,0.4539,0.1749,0.3229
SCA3-3,MDRO,0,8,0.2537,0.2901,0.3423,0.2901,0.2229,0.1983,0.1738,0.2901,0.1411,0.2537,0.1728,0.1738,0.0733,0.0733,0.2537,0.1904,0.0791,0.1448
SCA3-3,MDRO,1,7,0.525,0.5149,0.5232,0.5149,0.4283,0.4514,0.4319,0.5038,0.2673,0.525,0.4686,0.4514,0.3299,0.3299,0.525,0.4712,0.2562,0.2998
SCA3-3,MDRO,2,10,0.2367,0.2468,0.4866,0.2468,0.1901,0.2288,0.1769,0.2934,0.0838,0.2367,0.1657,0.1646,0.0789,0.0789,0.2367,0.202,0.0998,0.1345
SCA3-3,MDRO,3,8,0.4356,0.3759,0.4409,0.3759,0.3393,0.3344,0.3477,0.3574,0.1121,0.4356,0.355,0.3115,0.1161,0.1161,0.4356,0.3063,0.1226,0.2551
SCA3-3,MDRO,4,11,0.146,0.1179,0.1918,0.1179,0.1089,0.146,0.146,0.1175,0.0728,0.146,0.1145,0.1123,0.0805,0.0805,0.146,0.1228,0.1039,0.0847
SCA3-3,MDRO,5,6,0.0,0.0,0.0,0.0,0.0,0.0,0.0,0.0,0.0,0.0,0.0,0.0,0.0,0.0,0.0,0.0,0.0,0.0
SCA3-5,Det,0,17,38.3196,25.2715,32.6519,24.2318,25.0031,29.2154,23.6459,29.5463,38.3581,22.3475,24.1189,21.8297,21.2933,21.1214,22.2933,21.787,21.1361,18.6094
SCA3-5,Det,1,16,52.392,40.4024,46.8115,40.625,41.3025,42.5798,50.7796,41.5762,52.392,39.8146,40.3707,39.8373,39.8373,39.8373,40.1091,39.6993,39.9698,32.3381
SCA3-5,Det,2,13,47.5416,29.8052,32.4,29.669,33.1301,32.8941,30.0371,30.9828,44.8637,29.4446,29.7475,29.1161,29.1161,28.5557,29.6601,29.4455,28.7743,22.9697
SCA3-5,Det,3,4,0.0,0.0,0.0,0.0,0.0,0.0,0.0,0.0,0.0,0.0,0.0,0.0,0.0,0.0,0.0,0.0,0.0,0.0
SCA3-5,SAA,0,12,4.0581,3.0971,4.8074,3.0971,2.9852,3.1799,3.0684,3.5726,1.5529,3.0819,2.8835,2.8769,1.3862,1.3862,3.0779,2.8776,1.3573,2.2648
SCA3-5,SAA,1,9,1.8887,1.6083,2.0094,1.6083,1.7446,1.501,1.8414,1.643,1.0834,1.5555,1.6054,1.5479,0.5243,0.5243,1.5531,1.4184,0.5741,1.1233
SCA3-5,SAA,2,8,0.4954,0.3521,0.4946,0.3521,0.4101,0.3515,0.3566,0.4761,0.1882,0.4954,0.3521,0.3475,0.2277,0.2277,0.4954,0.3562,0.1775,0.2739
SCA3-5,SAA,3,13,3.4081,2.28,3.2336,2.28,3.0912,2.5676,2.134,2.6414,1.8805,2.2652,2.2017,2.2552,1.4948,1.4311,2.2989,2.1557,1.4154,1.7459
SCA3-5,SAA,4,8,2.3035,1.5051,1.9606,1.5051,2.2103,2.2442,2.2456,1.7283,1.628,1.6082,1.5297,1.5275,0.9741,0.9741,1.7746,1.5469,0.9446,1.2453
SCA3-5,WDRO,0,9,0.5987,0.5072,0.7193,0.5072,0.4857,0.5293,0.5207,0.578,0.2303,0.5987,0.4423,0.4372,0.1761,0.1761,0.5987,0.4387,0.2031,0.343
SCA3-5,WDRO,1,6,0.0528,0.0524,0.0524,0.0524,0.0416,0.0416,0.0416,0.0314,0.0067,0.0528,0.0416,0.0304,0.0067,0.0067,0.0528,0.0528,0.0201,0.0304
SCA3-5,WDRO,2,11,0.2376,0.2776,0.4791,0.2776,0.2233,0.2308,0.2312,0.2776,0.1339,0.2376,0.2033,0.2204,0.1135,0.1135,0.2376,0.2308,0.1054,0.1371
SCA3-5,WDRO,3,8,0.4531,0.3107,0.3364,0.3107,0.454,0.3989,0.3641,0.3107,0.2757,0.4531,0.3153,0.3989,0.3101,0.3101,0.4531,0.3028,0.1433,0.242
SCA3-5,WDRO,4,6,0.0,0.0,0.0,0.0,0.0,0.0,0.0,0.0,0.0,0.0,0.0,0.0,0.0,0.0,0.0,0.0,0.0,0.0
SCA3-5,WDRO,5,10,0.7331,0.5064,0.7706,0.5064,0.6511,0.6945,0.6945,0.7205,0.5743,0.7331,0.5062,0.4917,0.2712,0.2712,0.7331,0.5012,0.3101,0.415
SCA3-5,Gounaris,0,12,2.2779,1.7926,3.1304,1.7926,1.6391,1.7796,1.6394,2.3452,0.9392,1.6956,1.6391,1.6385,0.7969,0.7969,1.7598,1.6287,0.7927,1.2917
SCA3-5,Gounaris,1,9,1.8821,1.4716,1.8573,1.4716,1.7541,1.485,1.3447,1.4699,0.9372,1.3178,1.4428,1.2808,0.616,0.6184,1.4787,1.2151,0.6212,1.0407
SCA3-5,Gounaris,2,8,1.2729,0.9067,0.9903,0.9067,1.1084,1.0061,1.2729,0.9993,0.5095,1.0605,0.9067,0.9098,0.5679,0.5679,1.2729,0.8507,0.2838,0.7108
SCA3-5,Gounaris,3,12,4.6219,3.1762,4.0353,3.1767,3.9083,3.4128,3.1626,3.7905,2.2559,3.1352,3.1727,2.9062,1.6224,1.6279,3.1041,2.8849,1.5594,2.4248
SCA3-5,Gounaris,4,9,2.1452,1.3659,2.1582,1.3659,1.6908,1.6002,1.527,1.9881,1.2174,1.4111,1.3341,1.4035,0.8281,0.8283,1.9233,1.2967,0.7629,1.1681
SCA3-5,Cui,0,9,2.1031,1.5714,1.7789,1.5714,1.9253,1.7102,1.6317,1.578,1.5081,1.6163,1.5987,1.446,0.723,0.7962,1.6128,1.4761,0.6996,1.1401
SCA3-5,Cui,1,9,1.5895,1.2515,2.1818,1.2515,1.5487,1.1445,1.1306,1.4686,1.4536,1.1756,1.1817,1.1215,0.5687,0.559,1.3275,1.0977,0.5559,0.8598
SCA3-5,Cui,2,9,2.8957,1.9886,2.7861,1.9886,2.4027,2.3631,2.5499,2.5486,1.637,2.087,1.9865,2.1011,1.2341,1.2453,2.2205,2.0434,1.131,1.5442
SCA3-5,Cui,3,9,2.9723,2.1478,2.4313,2.1478,2.5347,2.6723,2.4216,2.2196,1.7586,2.1918,1.9444,1.9398,1.2003,1.2026,2.1135,1.9488,1.101,1.5809
SCA3-5,Cui,4,14,1.9662,1.3305,1.9915,1.3305,1.7398,1.5343,1.6682,1.8788,1.1033,1.438,1.322,1.2891,0.7321,0.7824,1.6653,1.1847,0.7259,1.0232
SCA3-5,MDRO,0,9,0.5987,0.5072,0.7193,0.5072,0.4857,0.5293,0.5207,0.578,0.2303,0.5987,0.4423,0.4372,0.1761,0.1761,0.5987,0.4387,0.2031,0.343
SCA3-5,MDRO,1,9,0.7108,0.611,0.783,0.6237,0.616,0.7108,0.6979,0.6104,0.437,0.7108,0.5899,0.5852,0.4112,0.4112,0.7108,0.512,0.2311,0.3825
SCA3-5,MDRO,2,13,0.2255,0.2362,0.261,0.2362,0.1983,0.2255,0.2255,0.2353,0.1096,0.2255,0.1536,0.188,0.1315,0.1315,0.2255,0.2255,0.1123,0.1252
SCA3-5,MDRO,3,6,0.0,0.0,0.0,0.0,0.0,0.0,0.0,0.0,0.0,0.0,0.0,0.0,0.0,0.0,0.0,0.0,0.0,0.0
SCA3-5,MDRO,4,6,0.4753,0.4423,0.4423,0.4423,0.4461,0.3749,0.3762,0.4423,0.2296,0.4753,0.3786,0.4288,0.2502,0.2502,0.4753,0.3712,0.2518,0.2672
SCA3-5,MDRO,5,7,0.4804,0.3663,0.4444,0.3663,0.3446,0.334,0.3319,0.4556,0.1822,0.4804,0.3327,0.3324,0.1388,0.1388,0.4804,0.3488,0.1043,0.2748
SCA3-4,Det,0,4,0.0,0.0,0.0,0.0,0.0,0.0,0.0,0.0,0.0,0.0,0.0,0.0,0.0,0.0,0.0,0.0,0.0,0.0
SCA3-4,Det,1,16,47.3512,39.0699,40.7287,38.9909,40.5863,40.9925,45.9608,39.7162,47.3512,38.2363,38.1166,38.1237,38.1237,38.1237,38.1439,38.1965,38.2006,31.2738
SCA3-4,Det,2,15,38.5056,24.601,30.4794,24.6215,27.172,24.9994,25.6726,27.8612,37.0605,23.6004,23.7722,23.6378,23.6378,22.8067,23.5977,23.1389,22.6301,18.519
SCA3-4,Det,3,15,21.5508,13.6653,19.5781,13.5318,14.4743,15.6492,15.6851,16.2376,15.1539,13.1383,14.5836,12.9877,11.7138,10.1448,12.9853,12.731,9.8026,10.6428
SCA3-4,SAA,0,10,0.1712,0.1712,0.1712,0.1712,0.1712,0.1712,0.1712,0.1712,0.1712,0.1712,0.1712,0.1712,0.1712,0.1712,0.1712,0.1344,0.0579,0.0939
SCA3-4,SAA,1,7,1.7474,1.3228,1.7439,1.3228,1.4828,1.3251,1.2192,1.6789,0.8548,1.4182,1.3025,1.2344,0.5269,0.5273,1.4554,1.247,0.4747,0.986
SCA3-4,SAA,2,8,3.3417,2.431,3.0901,2.431,2.4069,2.7278,2.2427,2.8467,1.3116,2.4976,2.3972,2.3458,1.1057,1.1057,2.4298,2.3089,1.0088,1.8455
SCA3-4,SAA,3,12,2.6361,1.9908,3.3313,1.9908,1.7161,2.0309,1.8336,2.1922,0.9894,1.8817,1.7583,1.7556,0.879,0.879,2.0073,1.717,0.8139,1.4462
SCA3-4,SAA,4,13,3.3173,2.5613,3.7808,2.5803,2.9283,2.6257,3.1023,3.0588,2.4307,2.5799,2.5387,2.3687,1.3804,1.3804,2.8306,2.2553,1.3876,1.737
SCA3-4,WDRO,0,9,0.0,0.0,0.0,0.0,0.0,0.0,0.0,0.0,0.0,0.0,0.0,0.0,0.0,0.0,0.0,0.0,0.0,0.0
SCA3-4,WDRO,1,4,0.0,0.0,0.0,0.0,0.0,0.0,0.0,0.0,0.0,0.0,0.0,0.0,0.0,0.0,0.0,0.0,0.0,0.0
SCA3-4,WDRO,2,10,0.2941,0.3404,0.3498,0.3404,0.1933,0.2052,0.2057,0.2959,0.0735,0.2941,0.2029,0.2121,0.0769,0.0769,0.2941,0.2121,0.0924,0.1679
SCA3-4,WDRO,3,5,0.0,0.0,0.0,0.0,0.0,0.0,0.0,0.0,0.0,0.0,0.0,0.0,0.0,0.0,0.0,0.0,0.0,0.0
SCA3-4,WDRO,4,6,0.3212,0.2394,0.2373,0.2394,0.2354,0.3212,0.2697,0.2164,0.1325,0.3212,0.222,0.2376,0.1565,0.1565,0.3212,0.2257,0.1071,0.1855
SCA3-4,WDRO,5,4,0.0,0.0,0.0,0.0,0.0,0.0,0.0,0.0,0.0,0.0,0.0,0.0,0.0,0.0,0.0,0.0,0.0,0.0
SCA3-4,WDRO,6,12,0.1313,0.1313,0.1313,0.1313,0.1313,0.1313,0.1313,0.1313,0.1313,0.1313,0.1313,0.1313,0.1313,0.1313,0.1313,0.0999,0.0581,0.0819
SCA3-4,Gounaris,0,9,0.7185,0.5536,0.5977,0.5536,0.5745,0.6011,0.6359,0.5611,0.3026,0.7185,0.5543,0.5525,0.3397,0.3397,0.7185,0.5051,0.2031,0.4047
SCA3-4,Gounaris,1,13,3.2889,2.4222,4.4025,2.4222,2.7562,2.4712,2.4362,2.9618,1.6129,2.5084,2.1904,2.2595,1.2558,1.2558,2.4589,2.1617,1.0922,1.7855
SCA3-4,Gounaris,2,8,1.8126,1.4224,1.6573,1.4224,1.5215,1.3789,1.6132,1.6565,0.7732,1.3018,1.3246,1.2996,0.5857,0.5857,1.5043,1.2334,0.5767,1.0
SCA3-4,Gounaris,3,7,3.1496,2.3378,2.8832,2.3378,2.4356,2.8499,2.7641,2.9121,1.3402,2.3842,2.3371,2.2337,0.9954,0.9954,2.2627,2.2447,1.05,1.7782
SCA3-4,Gounaris,4,13,1.1809,1.0268,1.7288,1.0268,0.782,0.9773,1.0368,1.143,0.5351,0.9653,0.7695,0.9002,0.6539,0.6539,1.1313,0.7142,0.3608,0.6273
SCA3-4,Cui,0,11,2.1874,1.7604,2.6756,1.7491,2.164,1.9202,2.1874,2.1206,1.4418,1.6088,1.6699,1.6303,0.7995,0.7995,1.7484,1.5619,0.9134,1.2291
SCA3-4,Cui,1,10,0.3021,0.2811,0.3487,0.2811,0.2632,0.232,0.2881,0.2292,0.2075,0.3021,0.2128,0.1816,0.1007,0.1007,0.3021,0.1791,0.0804,0.1651
SCA3-4,Cui,2,6,0.0269,0.0167,0.0167,0.0167,0.0162,0.0269,0.0269,0.0167,0.0035,0.0269,0.0269,0.0162,0.0035,0.0035,0.0269,0.0269,0.0177,0.0162
SCA3-4,Cui,3,5,0.0,0.0,0.0,0.0,0.0,0.0,0.0,0.0,0.0,0.0,0.0,0.0,0.0,0.0,0.0,0.0,0.0,0.0
SCA3-4,Cui,4,6,0.3212,0.2394,0.2373,0.2394,0.2354,0.3212,0.2697,0.2164,0.1325,0.3212,0.222,0.2376,0.1565,0.1565,0.3212,0.2257,0.1071,0.1855
SCA3-4,Cui,5,12,2.3637,1.7027,2.5962,1.6431,2.1946,1.7883,2.3637,2.5256,1.6711,1.8104,2.0986,1.8489,1.19,1.19,1.9913,1.5535,1.0325,1.1959
SCA3-4,MDRO,0,8,0.0,0.0,0.0,0.0,0.0,0.0,0.0,0.0,0.0,0.0,0.0,0.0,0.0,0.0,0.0,0.0,0.0,0.0
SCA3-4,MDRO,1,7,0.1408,0.1408,0.1408,0.1408,0.1408,0.1408,0.1408,0.1408,0.052,0.1408,0.1408,0.1408,0.0331,0.0331,0.1408,0.1171,0.0284,0.0836
SCA3-4,MDRO,2,10,0.2941,0.3404,0.3498,0.3404,0.1933,0.2052,0.2057,0.2959,0.0735,0.2941,0.2029,0.2121,0.0769,0.0769,0.2941,0.2121,0.0924,0.1679
SCA3-4,MDRO,3,7,0.3243,0.2808,0.2748,0.2808,0.3022,0.2322,0.2088,0.2687,0.1963,0.3243,0.2484,0.2484,0.1499,0.1499,0.3243,0.1935,0.0903,0.1799
SCA3-4,MDRO,4,10,0.3471,0.3471,0.2994,0.3471,0.3471,0.3471,0.3471,0.3471,0.2295,0.3471,0.3471,0.3471,0.1297,0.1297,0.3471,0.2693,0.0967,0.2016
SCA3-4,MDRO,5,8,0.5856,0.4559,0.6859,0.4559,0.461,0.461,0.4132,0.5898,0.2281,0.5856,0.4533,0.4533,0.2281,0.2281,0.5856,0.399,0.1366,0.3406
SCA3-6,Det,0,13,4.2161,3.1818,4.8884,3.1818,3.7928,3.8267,4.2161,3.9054,2.3828,3.1151,2.9998,2.8106,1.8532,1.9249,3.101,2.7982,1.6836,2.1918
SCA3-6,Det,1,11,28.3837,19.2436,21.5043,19.2819,22.8641,20.7318,27.5265,20.1742,23.5166,18.7645,19.2344,18.8327,18.8327,16.7114,18.9473,18.3882,15.8708,14.3647
SCA3-6,Det,2,10,0.1177,0.1762,0.318,0.1762,0.0766,0.1177,0.1177,0.1762,0.0481,0.1177,0.0781,0.0931,0.073,0.073,0.1177,0.1,0.0595,0.0637
SCA3-6,Det,3,16,36.2916,22.1253,25.844,21.0689,25.427,22.1725,26.2101,22.8394,29.6766,20.8492,21.2811,20.7103,20.7103,18.9752,21.0884,20.6213,19.1137,17.0269
SCA3-6,SAA,0,11,3.5683,2.6732,4.046,2.6732,2.66,2.8647,2.6815,3.8569,1.3684,2.4977,2.5421,2.476,1.3487,1.3319,2.4202,2.3942,1.233,1.941
SCA3-6,SAA,1,9,1.1546,1.1093,1.6441,1.1093,1.0674,0.9431,1.1265,1.4863,0.7091,1.0634,0.9985,0.9173,0.4326,0.4326,1.0149,0.8368,0.3885,0.6374
SCA3-6,SAA,2,12,1.071,0.9057,1.7841,0.9057,1.1474,0.8525,1.071,1.4662,0.602,0.9558,0.8898,0.8017,0.3985,0.3985,1.1465,0.7698,0.392,0.586
SCA3-6,SAA,3,9,0.1602,0.1362,0.5236,0.1362,0.1721,0.1602,0.1602,0.3478,0.1018,0.1602,0.1358,0.1322,0.0584,0.0584,0.1602,0.145,0.0837,0.0914
SCA3-6,SAA,4,9,0.348,0.4309,0.6566,0.4309,0.2644,0.306,0.3092,0.5054,0.1348,0.5672,0.2667,0.2649,0.1061,0.1061,0.348,0.2937,0.1689,0.1972
SCA3-6,WDRO,0,8,0.0279,0.0352,0.0349,0.0352,0.0316,0.0279,0.0279,0.0341,0.0088,0.0279,0.0279,0.0316,0.0088,0.0088,0.0279,0.0279,0.0132,0.0158
SCA3-6,WDRO,1,11,0.1054,0.1703,0.2223,0.1703,0.1054,0.1054,0.1054,0.168,0.0824,0.1054,0.1054,0.1054,0.0824,0.0824,0.1054,0.086,0.0397,0.0597
SCA3-6,WDRO,2,9,0.1602,0.1362,0.5236,0.1362,0.1721,0.1602,0.1602,0.3478,0.1018,0.1602,0.1358,0.1322,0.0584,0.0584,0.1602,0.145,0.0837,0.0914
SCA3-6,WDRO,3,7,0.0,0.0,0.0,0.0,0.0,0.0,0.0,0.0,0.0,0.0,0.0,0.0,0.0,0.0,0.0,0.0,0.0,0.0
SCA3-6,WDRO,4,7,0.175,0.1685,0.6215,0.1685,0.1627,0.1627,0.1489,0.233,0.0999,0.175,0.1489,0.1243,0.0792,0.0792,0.175,0.1011,0.0345,0.0997
SCA3-6,WDRO,5,8,0.0,0.0355,0.0752,0.0355,0.0,0.0,0.0,0.0752,0.0,0.0,0.0355,0.0355,0.0122,0.0122,0.0,0.0,0.0226,0.0
SCA3-6,Gounaris,0,13,2.3099,1.7414,4.4619,1.7414,1.9982,1.7703,1.5575,2.1342,1.0759,1.5422,1.5866,1.4509,0.752,0.7584,1.6617,1.4186,0.7636,1.2442
SCA3-6,Gounaris,1,9,1.1546,1.1093,1.6441,1.1093,1.0674,0.9431,1.1265,1.4863,0.7091,1.0634,0.9985,0.9173,0.4326,0.4326,1.0149,0.8368,0.3885,0.6374
SCA3-6,Gounaris,2,11,1.8412,1.3909,2.1668,1.4366,1.821,1.5895,1.525,1.8205,1.2325,1.5099,1.4258,1.3574,0.7582,0.7605,1.4347,1.2882,0.7791,1.0176
SCA3-6,Gounaris,3,9,0.1467,0.1662,0.4326,0.1662,0.1553,0.1467,0.1467,0.3879,0.1121,0.1467,0.1614,0.1423,0.0692,0.0692,0.1467,0.1542,0.0537,0.0814
SCA3-6,Gounaris,4,8,0.319,0.3312,0.4982,0.3312,0.2486,0.2807,0.2807,0.3701,0.0961,0.319,0.3312,0.2259,0.0951,0.0951,0.319,0.2853,0.1348,0.1876
SCA3-6,Cui,0,9,1.3156,1.2151,1.7265,1.2151,1.2462,1.1506,1.0562,1.2755,0.8054,1.1632,1.0666,1.0218,0.513,0.513,1.2574,1.0367,0.5119,0.751
SCA3-6,Cui,1,10,0.9169,0.7092,1.4231,0.7092,1.2332,0.6819,0.6608,1.0317,0.4421,0.7313,0.6746,0.6291,0.2667,0.2667,0.9113,0.6713,0.2751,0.5085
SCA3-6,Cui,2,13,1.9632,1.7124,2.7938,1.6261,1.8872,1.5326,1.5195,1.8359,1.3183,1.5306,1.4659,1.3606,0.72,0.7175,1.6516,1.3005,0.6558,1.0876
SCA3-6,Cui,3,9,1.1546,1.1093,1.6441,1.1093,1.0674,0.9431,1.1265,1.4863,0.7091,1.0634,0.9985,0.9173,0.4326,0.4326,1.0149,0.8368,0.3885,0.6374
SCA3-6,Cui,4,9,0.1602,0.1362,0.5236,0.1362,0.1721,0.1602,0.1602,0.3478,0.1018,0.1602,0.1358,0.1322,0.0584,0.0584,0.1602,0.145,0.0837,0.0914
SCA3-6,MDRO,0,7,0.0588,0.0588,0.0588,0.0588,0.0588,0.0588,0.0588,0.0588,0.0588,0.0588,0.0588,0.0588,0.0588,0.0588,0.0588,0.0588,0.022,0.0347
SCA3-6,MDRO,1,6,0.0,0.0,0.0,0.0,0.0,0.0,0.0,0.0,0.0,0.0,0.0,0.0,0.0,0.0,0.0,0.0,0.0,0.0
SCA3-6,MDRO,2,9,0.1602,0.1362,0.5236,0.1362,0.1721,0.1602,0.1602,0.3478,0.1018,0.1602,0.1358,0.1322,0.0584,0.0584,0.1602,0.145,0.0837,0.0914
SCA3-6,MDRO,3,8,0.1207,0.1728,0.3329,0.1728,0.1286,0.1233,0.1207,0.2316,0.0981,0.1207,0.1786,0.161,0.0992,0.0992,0.1207,0.1917,0.0703,0.0682
SCA3-6,MDRO,4,11,0.4218,0.5521,0.7731,0.5521,0.3422,0.3456,0.3456,0.607,0.1749,0.631,0.4476,0.3309,0.1164,0.1164,0.4218,0.3315,0.174,0.2454
SCA3-6,MDRO,5,9,0.3791,0.3364,0.9122,0.3364,0.3653,0.3327,0.3487,0.3754,0.152,0.3399,0.2894,0.2656,0.1154,0.1154,0.3791,0.2709,0.1345,0.2176
SCA3-7,Det,0,5,0.0,0.0,0.0,0.0,0.0,0.0,0.0,0.0,0.0,0.0,0.0,0.0,0.0,0.0,0.0,0.0,0.0,0.0
SCA3-7,Det,1,14,26.123,16.5069,23.5709,16.5069,19.8101,18.692,16.1041,20.4219,17.3432,16.0944,16.4088,15.9379,13.6082,11.9965,16.2159,15.75,11.7134,13.4424
SCA3-7,Det,2,16,58.9359,52.9836,54.9181,52.7574,53.445,56.5557,52.9976,52.8105,58.9359,52.5549,52.5843,52.3514,52.3514,52.3514,52.4881,52.2647,52.3548,46.4488
SCA3-7,Det,3,15,52.1302,32.1536,33.8991,31.8053,39.5236,37.0901,32.1732,33.5424,51.291,31.2608,31.3579,31.4665,31.1543,31.1498,31.8286,31.2557,31.1699,23.4316
SCA3-7,SAA,0,9,2.8067,2.018,2.7504,2.018,2.5903,2.264,2.8067,2.6658,1.4775,2.1812,2.0745,2.0358,1.4818,1.4696,2.2804,2.0413,1.1532,1.4978
SCA3-7,SAA,1,7,2.536,2.2012,2.9889,2.1136,2.4493,2.082,1.9832,2.4367,1.0205,2.0249,2.0469,1.967,0.7051,0.7051,2.0332,1.9243,0.6626,1.444
SCA3-7,SAA,2,11,2.2791,2.0009,3.0809,2.0009,1.8402,1.6541,2.2791,2.6318,1.1534,1.7584,1.967,1.7152,0.9114,0.9337,1.9274,1.5463,0.7918,1.2464
SCA3-7,SAA,3,12,2.1208,1.4874,1.9974,1.4874,2.0941,1.4783,1.4601,1.607,1.4735,1.5334,1.4937,1.4242,0.8584,0.8824,1.7543,1.4225,0.7546,1.1347
SCA3-7,SAA,4,11,3.3657,2.3606,3.7576,2.3606,2.6153,2.6202,2.5262,2.8509,1.5253,2.1557,2.3837,2.1553,1.2021,1.1952,2.4126,2.1307,1.1001,1.8255
SCA3-7,WDRO,0,8,0.6308,0.6341,0.6911,0.6341,0.5459,0.5534,0.5273,0.6302,0.1718,0.6308,0.5403,0.5381,0.1757,0.1757,0.6308,0.4801,0.1388,0.3906
SCA3-7,WDRO,1,8,0.4064,0.3697,0.5295,0.3697,0.2997,0.2944,0.2975,0.4054,0.1779,0.4064,0.2982,0.3118,0.1717,0.1717,0.4064,0.2962,0.1593,0.2227
SCA3-7,WDRO,2,9,0.6063,0.4771,0.6645,0.4771,0.7855,0.3769,0.5301,0.5668,0.4442,0.6063,0.412,0.4479,0.2956,0.2956,0.6063,0.4081,0.198,0.3423
SCA3-7,WDRO,3,10,0.4172,0.3332,0.3685,0.3332,0.3469,0.3837,0.3837,0.3358,0.2141,0.4172,0.3595,0.3291,0.2184,0.2184,0.4172,0.3441,0.1563,0.2454
SCA3-7,WDRO,4,9,0.4287,0.426,0.8699,0.426,0.3915,0.3353,0.3981,0.4757,0.4458,0.4287,0.3553,0.3484,0.1888,0.1888,0.4287,0.3845,0.2268,0.2401
SCA3-7,WDRO,5,6,0.0,0.0,0.0,0.0,0.0,0.0,0.0,0.0,0.0,0.0,0.0,0.0,0.0,0.0,0.0,0.0,0.0,0.0
SCA3-7,Gounaris,0,9,2.6862,1.9603,2.3212,1.9603,2.4391,1.8833,1.973,2.0694,2.0427,1.8975,1.9603,1.838,1.1448,1.2232,2.2188,1.8279,1.1057,1.4737
SCA3-7,Gounaris,1,11,2.2461,1.8714,2.5393,1.8714,1.9711,1.6638,1.5444,1.8764,1.4587,1.6235,1.7803,1.5451,0.9713,0.9736,1.8281,1.5,0.7487,1.2295
SCA3-7,Gounaris,2,8,2.4509,2.0746,2.6779,2.0746,1.897,1.9952,1.7799,2.356,0.9712,1.9497,1.8936,1.9992,0.6737,0.6737,2.0535,1.8151,0.6659,1.3883
SCA3-7,Gounaris,3,10,2.8926,2.0816,3.7818,2.0816,2.306,2.3122,2.1686,2.9091,1.2759,2.0869,2.0502,1.934,1.2009,1.2008,2.2544,1.8001,0.997,1.5664
SCA3-7,Gounaris,4,12,2.2198,1.7832,2.8587,1.7832,1.6906,1.8798,1.8116,2.2426,0.7896,1.6857,1.7338,1.6624,0.7156,0.7156,1.8497,1.5909,0.6551,1.2787
SCA3-7,Cui,0,9,2.8067,2.018,2.7504,2.018,2.5903,2.264,2.8067,2.6658,1.4775,2.1812,2.0745,2.0358,1.4818,1.4696,2.2804,2.0413,1.1532,1.4978
SCA3-7,Cui,1,11,2.2791,2.0009,3.0809,2.0009,1.8402,1.6541,2.2791,2.6318,1.1534,1.7584,1.967,1.7152,0.9114,0.9337,1.9274,1.5463,0.7918,1.2464
SCA3-7,Cui,2,11,2.526,1.8171,2.7412,1.8009,2.5336,1.6813,1.8442,2.3798,1.8267,1.7266,1.8009,1.7524,0.9659,0.9664,2.0017,1.6736,0.9946,1.3501
SCA3-7,Cui,3,11,2.9112,1.955,2.9644,1.955,2.2585,2.236,2.3966,2.3185,1.2998,1.8677,1.8362,1.8588,1.1804,1.0404,2.1056,1.8603,0.9318,1.5783
SCA3-7,Cui,4,8,3.0318,2.5093,3.1806,2.5093,2.5359,2.2827,2.3958,2.5695,1.2606,2.2581,2.2829,2.0917,0.7545,0.7545,2.4675,2.0325,0.7242,1.6947
SCA3-7,MDRO,0,6,0.0,0.0,0.0,0.0,0.0,0.0,0.0,0.0,0.0,0.0,0.0,0.0,0.0,0.0,0.0,0.0,0.0,0.0
SCA3-7,MDRO,1,11,0.5006,0.4472,0.798,0.4472,0.3927,0.3708,0.3952,0.7041,0.2277,0.628,0.3254,0.3228,0.1735,0.1735,0.5006,0.3881,0.1713,0.277
SCA3-7,MDRO,2,10,0.4477,0.4151,0.5497,0.4151,0.3468,0.3633,0.3633,0.4437,0.2183,0.4477,0.3803,0.3803,0.1717,0.1717,0.4477,0.3402,0.1541,0.2626
SCA3-7,MDRO,3,8,0.3869,0.3295,0.3295,0.3295,0.3496,0.269,0.3106,0.31,0.1874,0.3869,0.3295,0.2746,0.179,0.179,0.3869,0.3132,0.1883,0.2232
SCA3-7,MDRO,4,7,0.8279,0.6848,0.8298,0.6848,0.7144,0.7408,0.7262,0.7292,0.3252,0.8279,0.7178,0.7408,0.385,0.385,0.8279,0.6776,0.2623,0.4823
SCA3-7,MDRO,5,8,0.2687,0.2719,0.2628,0.2719,0.1987,0.2063,0.2258,0.2719,0.0841,0.2687,0.2231,0.202,0.0757,0.0757,0.2687,0.2037,0.0823,0.1649
SCA3-8,Det,0,11,2.1754,1.5518,1.9778,1.5518,1.5539,1.9804,2.1754,1.7632,1.0484,1.7932,1.7913,1.5692,0.9307,0.9503,1.9652,1.4484,0.7465,1.1659
SCA3-8,Det,1,17,52.8406,41.5627,46.2487,41.1851,44.0231,46.4092,42.745,43.3198,52.8406,41.065,41.2554,40.5836,40.5836,40.4621,40.8009,40.5193,40.6864,33.4242
SCA3-8,Det,2,15,33.4382,22.3307,33.1308,21.4325,21.3231,22.5513,20.0612,28.4601,32.5415,19.7079,20.9553,19.9234,18.4978,18.5383,20.217,19.3875,18.2367,16.3518
SCA3-8,Det,3,7,0.0,0.0,0.0,0.0,0.0,0.0,0.0,0.0,0.0,0.0,0.0,0.0,0.0,0.0,0.0,0.0,0.0,0.0
SCA3-8,SAA,0,14,2.8615,2.4462,2.7838,2.4536,2.5503,2.2077,2.7819,2.6621,1.5312,2.1753,2.0701,2.0023,1.1842,1.3665,2.4489,1.9932,1.1191,1.5642
SCA3-8,SAA,1,11,0.2657,0.2111,0.2322,0.2111,0.1781,0.2657,0.2657,0.2228,0.0749,0.2657,0.2108,0.2238,0.1345,0.1345,0.2657,0.2657,0.0954,0.1512
SCA3-8,SAA,2,8,1.6022,1.2488,1.227,1.2488,1.5759,1.2748,1.2672,1.1903,1.1091,1.2639,1.2473,1.175,0.7025,0.7025,1.3816,1.2268,0.4126,0.8911
SCA3-8,SAA,3,9,0.491,0.3983,0.4343,0.3983,0.4222,0.4517,0.4218,0.3934,0.3731,0.491,0.3979,0.4386,0.2231,0.2231,0.491,0.3901,0.1909,0.2779
SCA3-8,SAA,4,8,1.7731,1.5249,2.1437,1.5249,1.4697,1.6741,1.6572,1.5756,0.8268,1.348,1.38,1.1489,0.6443,0.6443,1.5854,1.1717,0.6381,0.9795
SCA3-8,WDRO,0,11,0.0,0.0,0.0,0.0,0.0,0.0,0.0,0.0,0.0,0.0,0.0,0.0,0.0,0.0,0.0,0.0,0.0,0.0
SCA3-8,WDRO,1,7,0.3262,0.2153,0.2162,0.2153,0.2425,0.276,0.2408,0.2153,0.1119,0.3262,0.2149,0.2348,0.1065,0.1065,0.3262,0.2942,0.0964,0.1831
SCA3-8,WDRO,2,9,0.491,0.3983,0.4343,0.3983,0.4222,0.4517,0.4218,0.3934,0.3731,0.491,0.3979,0.4386,0.2231,0.2231,0.491,0.3901,0.1909,0.2779
SCA3-8,WDRO,3,10,0.0,0.0,0.0,0.0,0.0,0.0,0.0,0.0,0.0,0.0,0.0,0.0,0.0,0.0,0.0,0.0,0.0,0.0
SCA3-8,WDRO,4,7,0.3423,0.3502,0.3502,0.3502,0.2973,0.2772,0.2772,0.3312,0.1754,0.3423,0.2717,0.2772,0.1691,0.1691,0.3423,0.2772,0.1492,0.1924
SCA3-8,WDRO,5,6,0.1189,0.1047,0.1047,0.1047,0.0802,0.1189,0.1189,0.1047,0.033,0.1189,0.0799,0.0836,0.0466,0.0466,0.1189,0.1189,0.0408,0.0669
SCA3-8,Gounaris,0,14,2.8615,2.4462,2.7838,2.4536,2.5503,2.2077,2.7819,2.6621,1.5312,2.1753,2.0701,2.0023,1.1842,1.3665,2.4489,1.9932,1.1191,1.5642
SCA3-8,Gounaris,1,11,0.2657,0.2111,0.2322,0.2111,0.1781,0.2657,0.2657,0.2228,0.0749,0.2657,0.2108,0.2238,0.1345,0.1345,0.2657,0.2657,0.0954,0.1512
SCA3-8,Gounaris,2,8,1.6022,1.2488,1.227,1.2488,1.5759,1.2748,1.2672,1.1903,1.1091,1.2639,1.2473,1.175,0.7025,0.7025,1.3816,1.2268,0.4126,0.8911
SCA3-8,Gounaris,3,9,0.491,0.3983,0.4343,0.3983,0.4222,0.4517,0.4218,0.3934,0.3731,0.491,0.3979,0.4386,0.2231,0.2231,0.491,0.3901,0.1909,0.2779
SCA3-8,Gounaris,4,8,1.7731,1.5249,2.1437,1.5249,1.4697,1.6741,1.6572,1.5756,0.8268,1.348,1.38,1.1489,0.6443,0.6443,1.5854,1.1717,0.6381,0.9795
SCA3-8,Cui,0,13,1.5377,1.5595,1.7601,1.5595,1.1833,1.2282,1.1491,1.5688,0.6935,1.3537,1.2639,1.1412,0.6885,0.6885,1.5377,1.116,0.5531,0.8444
SCA3-8,Cui,1,11,0.2657,0.2111,0.2322,0.2111,0.1781,0.2657,0.2657,0.2228,0.0749,0.2657,0.2108,0.2238,0.1345,0.1345,0.2657,0.2657,0.0954,0.1512
SCA3-8,Cui,2,9,0.491,0.3983,0.4343,0.3983,0.4222,0.4517,0.4218,0.3934,0.3731,0.491,0.3979,0.4386,0.2231,0.2231,0.491,0.3901,0.1909,0.2779
SCA3-8,Cui,3,8,1.2808,1.0089,1.2763,1.0089,0.9715,1.1174,1.0424,1.1128,0.5313,1.1189,1.0089,0.8852,0.3506,0.3506,1.2808,0.8654,0.3431,0.7124
SCA3-8,Cui,4,9,3.6765,2.5939,3.5507,2.5939,2.8373,3.176,3.475,2.9538,1.903,2.6754,2.6021,2.5596,1.4312,1.4264,2.8808,2.4015,1.5015,1.9753
SCA3-8,MDRO,0,7,0.3423,0.3502,0.3502,0.3502,0.2973,0.2772,0.2772,0.3312,0.1754,0.3423,0.2717,0.2772,0.1691,0.1691,0.3423,0.2772,0.1492,0.1924
SCA3-8,MDRO,1,11,0.0,0.0,0.0,0.0,0.0,0.0,0.0,0.0,0.0,0.0,0.0,0.0,0.0,0.0,0.0,0.0,0.0,0.0
SCA3-8,MDRO,2,9,0.491,0.3983,0.4343,0.3983,0.4222,0.4517,0.4218,0.3934,0.3731,0.491,0.3979,0.4386,0.2231,0.2231,0.491,0.3901,0.1909,0.2779
SCA3-8,MDRO,3,10,0.0,0.0,0.0,0.0,0.0,0.0,0.0,0.0,0.0,0.0,0.0,0.0,0.0,0.0,0.0,0.0,0.0,0.0
SCA3-8,MDRO,4,7,0.3699,0.2684,0.2742,0.2684,0.3398,0.3699,0.3699,0.2711,0.1637,0.3699,0.2785,0.2817,0.1213,0.1213,0.3699,0.2917,0.1365,0.2175
SCA3-8,MDRO,5,6,0.1134,0.0858,0.0693,0.0858,0.0777,0.1134,0.1134,0.0693,0.0429,0.1134,0.0913,0.0913,0.0479,0.0479,0.1134,0.1134,0.0691,0.0667
SCA3-9,Det,0,15,38.4256,24.3751,29.3699,23.8921,29.7707,24.4448,24.0438,26.9415,31.9013,22.918,23.7049,22.8163,22.8163,20.7946,22.8049,22.8287,20.7274,18.5363
SCA3-9,Det,1,16,45.2957,35.5015,37.5089,35.5317,37.7998,35.2587,39.2002,37.2819,45.2957,35.2391,35.5084,35.0476,35.0476,34.9882,35.8542,35.1123,34.9956,27.4444
SCA3-9,Det,2,13,17.1233,11.2221,16.7287,10.9426,13.259,12.4757,11.7341,13.7459,12.3007,10.5269,10.9298,10.382,9.8976,8.4572,10.5732,10.1272,8.3538,8.6031
SCA3-9,Det,3,6,0.0271,0.0271,0.0271,0.0271,0.0271,0.0271,0.0271,0.0271,0.0271,0.0271,0.0271,0.0271,0.0271,0.0271,0.0271,0.0271,0.0271,0.0161
SCA3-9,SAA,0,9,2.5007,2.0602,2.7421,2.0602,2.0129,2.3134,2.3134,2.111,1.2288,1.9637,2.0414,1.9546,0.9021,0.9271,2.4054,1.8677,0.8564,1.4368
SCA3-9,SAA,1,10,1.3406,1.0098,1.0776,1.0098,0.9999,1.0954,0.9571,1.0167,0.5236,1.1223,1.0239,0.9629,0.4939,0.5227,1.3406,0.9039,0.4541,0.7337
SCA3-9,SAA,2,9,4.1205,3.2318,4.0295,3.2318,3.9751,3.209,3.0319,3.5733,2.5852,3.038,3.284,2.9287,1.4945,1.5003,3.0965,2.8447,1.5705,2.31
SCA3-9,SAA,3,10,2.6445,2.0549,2.4573,2.0344,2.0686,2.2928,2.6445,2.2798,1.2524,1.9945,2.0126,2.0183,1.1086,1.1374,2.1288,1.8444,0.8864,1.4522
SCA3-9,SAA,4,12,2.4784,2.1465,3.3309,2.1465,2.0583,1.8501,1.8001,2.3136,1.0612,1.8855,1.8385,1.7573,0.5939,0.5994,2.0517,1.7899,0.651,1.4227
SCA3-9,WDRO,0,6,0.307,0.3895,0.8466,0.3895,0.2507,0.2254,0.292,0.4282,0.1574,0.4817,0.2871,0.2411,0.1102,0.1102,0.307,0.2241,0.1197,0.1734
SCA3-9,WDRO,1,8,0.0293,0.0293,0.0293,0.0293,0.0293,0.0293,0.0293,0.0293,0.0293,0.0293,0.0293,0.0293,0.0293,0.0293,0.0293,0.0293,0.0293,0.0168
SCA3-9,WDRO,2,9,0.2743,0.284,0.2862,0.284,0.2865,0.193,0.2605,0.2843,0.2819,0.2743,0.3066,0.3005,0.1782,0.1782,0.2743,0.2599,0.1545,0.1441
SCA3-9,WDRO,3,8,0.4774,0.6995,0.8068,0.6995,0.4516,0.4697,0.4102,0.7836,0.3713,0.4774,0.5311,0.5121,0.2412,0.2412,0.4774,0.4081,0.2176,0.2656
SCA3-9,WDRO,4,10,0.5685,0.5885,0.75,0.5885,0.4832,0.4394,0.4928,0.6008,0.273,0.6729,0.543,0.4613,0.1698,0.1698,0.5685,0.4452,0.1482,0.3333
SCA3-9,WDRO,5,9,0.5366,0.427,0.4716,0.427,0.4796,0.4734,0.5366,0.4253,0.3667,0.5366,0.3586,0.3449,0.1975,0.1975,0.5366,0.4018,0.197,0.2892
SCA3-9,Gounaris,0,8,2.9318,2.1677,2.8424,2.1677,2.1562,2.2658,2.0226,2.4481,1.3206,2.1113,2.1884,2.0556,0.9619,0.8357,2.0861,1.9735,0.8258,1.6453
SCA3-9,Gounaris,1,12,0.9268,0.8159,1.0913,0.8173,0.8835,0.8718,0.9268,0.7902,0.6894,0.8729,0.676,0.7038,0.5118,0.4975,0.9268,0.63,0.4791,0.4828
SCA3-9,Gounaris,2,9,2.7712,2.2848,3.0088,2.2848,2.1077,2.072,2.1509,2.5701,1.2304,2.1769,2.112,2.1474,1.1731,1.1731,2.2647,2.0543,1.1971,1.5207
SCA3-9,Gounaris,3,10,4.4043,3.0823,3.9843,3.0004,3.7117,3.1101,3.4645,3.738,2.1786,3.0567,2.9498,2.9138,1.8201,1.8248,2.9166,2.7246,1.5064,2.4001
SCA3-9,Gounaris,4,11,2.7778,2.3719,3.6034,2.3719,2.2881,1.9254,2.0581,2.6025,1.1056,2.0421,2.1991,1.9713,0.7437,0.7437,2.0804,1.8834,0.7192,1.606
SCA3-9,Cui,0,10,3.0928,2.4598,2.9893,2.3361,2.7998,2.8761,3.0928,2.6813,1.6154,2.4919,2.3378,2.2745,1.1677,1.185,2.5803,2.2572,1.1753,1.7294
SCA3-9,Cui,1,10,3.8518,2.6009,3.408,2.6123,3.1281,2.9384,3.3188,3.248,1.8333,2.611,2.5869,2.6065,1.5875,1.582,2.7799,2.4769,1.3745,2.0553
SCA3-9,Cui,2,9,2.7712,2.2848,3.0088,2.2848,2.1077,2.072,2.1509,2.5701,1.2304,2.1769,2.112,2.1474,1.1731,1.1731,2.2647,2.0543,1.1971,1.5207
SCA3-9,Cui,3,10,1.3406,1.0098,1.0776,1.0098,0.9999,1.0954,0.9571,1.0167,0.5236,1.1223,1.0239,0.9629,0.4939,0.5227,1.3406,0.9039,0.4541,0.7337
SCA3-9,Cui,4,11,2.7778,2.3719,3.6034,2.3719,2.2881,1.9254,2.0581,2.6025,1.1056,2.0421,2.1991,1.9713,0.7437,0.7437,2.0804,1.8834,0.7192,1.606
SCA3-9,MDRO,0,7,0.1246,0.1246,0.1246,0.1246,0.1246,0.1246,0.1246,0.1246,0.1246,0.1246,0.1246,0.1246,0.1246,0.1246,0.1246,0.1246,0.1246,0.0692
SCA3-9,MDRO,1,9,0.3345,0.3209,0.4232,0.3209,0.2188,0.2444,0.2461,0.3463,0.0998,0.4401,0.2661,0.2461,0.1333,0.1333,0.3345,0.2651,0.1098,0.1926
SCA3-9,MDRO,2,8,0.0995,0.1517,0.1966,0.1517,0.0892,0.0884,0.0892,0.1316,0.0787,0.0995,0.0884,0.0884,0.0627,0.0627,0.0995,0.0995,0.0673,0.0533
SCA3-9,MDRO,3,8,0.6345,0.6206,0.862,0.6206,0.5792,0.6306,0.6039,0.7043,0.3434,0.7651,0.6216,0.6172,0.3259,0.3259,0.6345,0.6062,0.2976,0.3635
SCA3-9,MDRO,4,8,0.2434,0.3885,0.5196,0.3885,0.255,0.253,0.1949,0.4639,0.1459,0.2434,0.2067,0.1923,0.0587,0.0587,0.2434,0.2072,0.0526,0.1426
SCA3-9,MDRO,5,10,0.9495,0.8946,1.0783,0.8946,0.7488,0.7516,0.7345,0.9171,0.4763,0.8578,0.7306,0.7509,0.5524,0.5524,0.9495,0.8091,0.4503,0.5225
SCA8-0,Det,0,8,29.7423,22.9386,23.6614,23.0493,26.3757,28.2659,29.526,23.4902,29.7423,23.0686,23.0374,23.2531,23.2531,23.2531,23.4345,23.2248,23.2712,14.9856
SCA8-0,Det,1,3,31.2723,30.4136,30.4136,30.4136,31.125,30.4072,30.5696,30.4386,28.7547,30.6073,30.4261,30.4386,28.5845,28.6448,30.4774,30.4903,28.5098,27.8591
SCA8-0,Det,2,5,27.5027,21.5721,23.1253,21.5829,23.0818,22.2635,22.1504,23.1185,27.5027,22.0171,21.582,21.6741,21.6741,21.6741,21.6718,21.3538,21.5048,17.867
SCA8-0,Det,3,9,34.5879,23.2922,26.0163,23.3237,28.8974,28.0434,23.1989,26.0152,32.531,22.9177,23.3832,23.1824,22.3468,22.3482,23.4775,22.9657,22.4082,17.0715
SCA8-0,Det,4,5,25.9759,19.9135,21.8028,19.7181,24.4666,19.517,19.9367,20.6271,23.4489,19.7629,19.7309,19.3283,19.3283,17.942,19.3825,19.3293,18.0777,14.2706
SCA8-0,Det,5,3,31.8459,32.0967,31.8791,31.8791,31.9577,31.8459,31.8459,31.8791,31.5949,31.9743,31.8791,31.8791,31.4095,31.2635,32.3089,31.8459,31.3521,30.1454
SCA8-0,Det,6,7,36.7822,33.0194,34.0463,33.0441,35.2084,33.4983,33.9962,33.1039,36.7549,32.6692,32.7245,32.5541,32.5541,32.4824,32.8164,32.622,32.7644,28.1925
SCA8-0,Det,7,5,12.1432,9.9407,11.4582,9.9407,9.5731,11.3955,11.3955,9.9411,12.1741,9.8124,10.0027,9.8409,9.8409,9.697,9.6836,9.5983,9.7412,6.9903
SCA8-0,Det,8,5,38.3505,37.5345,37.4848,37.4894,38.4315,37.586,37.7603,37.5065,37.1868,37.4611,37.5065,37.5382,36.4974,36.6245,37.4177,37.577,36.5286,33.8887
SCA8-0,SAA,0,6,1.185,1.0787,1.2125,1.0787,1.0301,1.1043,1.1043,1.124,0.3267,1.074,1.0097,0.9736,0.4375,0.4268,1.185,0.9636,0.346,0.7443
SCA8-0,SAA,1,7,1.6629,1.3064,1.4124,1.3064,1.4906,1.5098,1.6629,1.3902,1.0035,1.6629,1.3064,1.3018,0.8534,0.8777,1.6629,1.2688,0.8156,0.8759
SCA8-0,SAA,2,3,1.1724,1.1724,0.9841,1.1724,1.1724,1.1724,1.1724,1.1724,0.6967,1.1724,1.1724,1.1724,0.5969,0.5969,1.1724,1.0573,0.5509,0.7071
SCA8-0,SAA,3,6,2.0768,1.7172,2.1478,1.7172,1.9424,1.7582,1.7622,2.1478,1.6457,1.8277,1.7219,1.7378,1.2723,1.2697,2.1253,1.6877,1.1329,1.1315
SCA8-0,SAA,4,3,2.3467,2.0318,2.1837,2.0318,2.0289,2.0665,2.0682,2.1276,1.2568,2.1154,2.0318,2.0318,1.4557,1.182,2.3281,1.9971,1.2519,1.2916
SCA8-0,SAA,5,4,0.0603,0.1686,0.1686,0.1686,0.07,0.0603,0.0603,0.1686,0.0599,0.0603,0.1456,0.0885,0.0438,0.0438,0.0603,0.0603,0.0535,0.0365
SCA8-0,SAA,6,4,3.188,2.7331,2.8203,2.722,3.1708,2.6702,2.6703,2.8203,3.188,2.6948,2.722,2.6473,2.2146,2.1313,2.6055,2.6948,2.2218,1.7967
SCA8-0,SAA,7,2,1.288,1.3583,1.3395,1.3583,1.355,1.288,1.288,1.3395,1.1721,1.288,1.3583,1.3395,1.1251,1.1251,1.288,1.288,1.0823,1.116
SCA8-0,SAA,8,4,2.3922,2.2846,2.4043,2.2846,2.2383,2.2434,2.3406,2.3498,1.1889,2.3806,2.2846,2.2419,1.1272,1.1781,2.2854,2.2461,1.0894,1.4369
SCA8-0,SAA,9,2,0.0888,0.05,0.05,0.05,0.0758,0.0888,0.0888,0.05,0.0157,0.0888,0.05,0.05,0.0157,0.0157,0.0888,0.0888,0.0209,0.05
SCA8-0,SAA,10,2,2.9533,2.8299,2.8299,2.8299,2.8032,2.8032,2.8032,2.8299,2.577,2.9533,2.8299,2.8299,2.5817,2.7193,2.9533,2.8149,2.5868,1.6571
SCA8-0,SAA,11,3,3.5064,2.9541,3.1455,2.9541,3.1455,2.7747,2.7555,2.8554,1.4697,2.845,2.8895,2.8191,1.4499,1.4499,2.7044,2.7757,1.4649,2.2452
SCA8-0,SAA,12,2,0.8936,0.9079,0.9079,0.9079,0.9079,0.9079,0.9079,0.9079,0.8367,0.8936,0.9079,0.9079,0.7395,0.874,0.8936,0.9238,0.7804,0.5254
SCA8-0,SAA,13,2,3.6978,3.3048,3.3048,3.3048,3.339,3.3615,3.3615,3.3173,1.906,3.3127,3.3048,3.3173,2.1339,2.1339,3.3289,3.3073,1.9797,2.1351
SCA8-0,WDRO,0,3,0.0295,0.046,0.046,0.046,0.046,0.0295,0.0295,0.046,0.0353,0.0295,0.0295,0.046,0.0353,0.0353,0.0295,0.0295,0.0295,0.0166
SCA8-0,WDRO,1,3,0.5621,0.5134,0.5134,0.5134,0.5487,0.5333,0.5492,0.5134,0.4318,0.5621,0.5248,0.5114,0.4317,0.4554,0.5621,0.4847,0.4258,0.3081
SCA8-0,WDRO,2,4,0.8458,0.7478,0.7478,0.7478,0.7918,0.7918,0.7918,0.7613,0.7028,0.8458,0.7478,0.7613,0.625,0.6941,0.8458,0.7514,0.6356,0.4705
SCA8-0,WDRO,3,7,0.1994,0.1627,0.1622,0.1622,0.1994,0.1994,0.1994,0.1415,0.1252,0.1994,0.1994,0.1668,0.1309,0.1309,0.1994,0.1994,0.1142,0.1085
SCA8-0,WDRO,4,3,0.3958,0.2816,0.2663,0.2816,0.3374,0.2892,0.3717,0.2663,0.3243,0.3958,0.2904,0.2904,0.1551,0.1551,0.3958,0.2892,0.1407,0.2411
SCA8-0,WDRO,5,3,0.3081,0.3657,0.3473,0.3906,0.3081,0.3224,0.3461,0.3473,0.3081,0.3081,0.3906,0.3473,0.351,0.351,0.3081,0.3081,0.2905,0.1743
SCA8-0,WDRO,6,3,0.0,0.0,0.0,0.0,0.0,0.0,0.0,0.0,0.0,0.0,0.0,0.0,0.0,0.0,0.0,0.0,0.0,0.0
SCA8-0,WDRO,7,3,0.1508,0.2573,0.2073,0.2573,0.1508,0.1508,0.1508,0.2073,0.1508,0.1508,0.2406,0.2073,0.2073,0.2073,0.1508,0.1508,0.1508,0.0834
SCA8-0,WDRO,8,2,0.0595,0.0595,0.0595,0.0595,0.0595,0.0595,0.0595,0.0595,0.0595,0.0595,0.0595,0.0595,0.0595,0.0595,0.0595,0.0595,0.0973,0.0354
SCA8-0,WDRO,9,2,0.2425,0.3022,0.3022,0.3022,0.2425,0.2605,0.2605,0.3022,0.3193,0.2425,0.3022,0.3022,0.2404,0.2527,0.2425,0.2425,0.2573,0.144
SCA8-0,WDRO,10,3,0.1158,0.1274,0.1274,0.1274,0.1158,0.1158,0.1158,0.1274,0.0923,0.1158,0.1274,0.1158,0.0849,0.0849,0.1158,0.0908,0.0741,0.0658
SCA8-0,WDRO,11,3,0.3589,0.3728,0.3728,0.3728,0.3462,0.3589,0.3589,0.3728,0.2604,0.3589,0.3902,0.365,0.2621,0.2621,0.3589,0.3384,0.2428,0.2074
SCA8-0,WDRO,12,1,0.0,0.0,0.0,0.0,0.0,0.0,0.0,0.0,0.0,0.0,0.0,0.0,0.0,0.0,0.0,0.0,0.0,0.0
SCA8-0,WDRO,13,2,0.45,0.4984,0.4984,0.4984,0.4377,0.4377,0.4377,0.4984,0.4246,0.45,0.4984,0.4984,0.4984,0.4984,0.45,0.45,0.429,0.252
SCA8-0,WDRO,14,4,0.0,0.0,0.0,0.0,0.0,0.0,0.0,0.0,0.0,0.0,0.0,0.0,0.0,0.0,0.0,0.0,0.0,0.0
SCA8-0,WDRO,15,2,0.2708,0.2708,0.2708,0.2708,0.2708,0.2708,0.2708,0.2708,0.2876,0.2708,0.2708,0.2708,0.2876,0.2876,0.2708,0.2708,0.2305,0.1717
SCA8-0,WDRO,16,2,0.1435,0.1489,0.1605,0.1489,0.1435,0.1435,0.1435,0.1605,0.0786,0.1435,0.1489,0.1605,0.0968,0.0968,0.1435,0.1435,0.0608,0.0852
SCA8-0,Gounaris,0,2,3.9067,3.637,3.637,3.637,3.637,3.7166,3.7166,3.637,2.4951,3.5664,3.637,3.637,2.3967,2.3967,3.4695,3.5145,2.1985,2.367
SCA8-0,Gounaris,1,6,2.6313,2.4778,2.8599,2.4778,2.4752,2.4532,2.445,2.4497,1.9446,2.4055,2.4823,2.3949,1.3109,1.3269,2.4496,2.3362,1.2294,1.6353
SCA8-0,Gounaris,2,5,4.1677,3.455,3.4709,3.455,4.1611,3.4532,3.3749,3.4709,3.9656,3.5271,3.455,3.4397,2.4373,2.3664,3.3372,3.4037,2.2722,2.2413
SCA8-0,Gounaris,3,3,2.6927,2.3007,2.3111,2.3007,2.6428,2.4085,2.3589,2.3176,2.4336,2.4709,2.3173,2.3176,1.5477,1.5477,2.6927,2.2717,1.569,1.4502
SCA8-0,Gounaris,4,4,0.0624,0.1013,0.1013,0.1013,0.0838,0.0624,0.0624,0.1013,0.036,0.0624,0.1013,0.1013,0.036,0.036,0.0624,0.0624,0.0432,0.0351
SCA8-0,Gounaris,5,4,3.188,2.7331,2.8203,2.722,3.1708,2.6702,2.6703,2.8203,3.188,2.6948,2.722,2.6473,2.2146,2.1313,2.6055,2.6948,2.2218,1.7967
SCA8-0,Gounaris,6,4,0.0,0.0664,0.033,0.0664,0.0326,0.0,0.0,0.033,0.0098,0.0,0.0326,0.0326,0.0146,0.0146,0.0,0.0,0.0,0.0
SCA8-0,Gounaris,7,3,0.8739,0.8382,0.8056,0.8382,0.8083,0.8733,0.8733,0.8002,0.6315,0.8739,0.8219,0.8082,0.5029,0.5331,0.8739,0.8192,0.4989,0.5218
SCA8-0,Gounaris,8,3,2.0721,2.0868,2.0814,2.0868,2.0607,2.0439,2.0439,2.076,1.9294,2.2122,2.098,2.0518,1.7591,1.862,2.0721,2.048,1.6651,1.2385
SCA8-0,Gounaris,9,2,2.9533,2.8299,2.8299,2.8299,2.8032,2.8032,2.8032,2.8299,2.577,2.9533,2.8299,2.8299,2.5817,2.7193,2.9533,2.8149,2.5868,1.6571
SCA8-0,Gounaris,10,5,2.0325,1.7052,1.7603,1.7052,1.6862,1.6612,1.625,1.7559,1.0269,1.5909,1.6915,1.7067,0.8176,0.8295,1.5666,1.5622,0.8881,1.1441
SCA8-0,Gounaris,11,2,0.8936,0.9079,0.9079,0.9079,0.9079,0.9079,0.9079,0.9079,0.8367,0.8936,0.9079,0.9079,0.7395,0.874,0.8936,0.9238,0.7804,0.5254
SCA8-0,Gounaris,12,3,1.1216,1.2277,1.2277,1.2277,1.2258,1.1356,1.1504,1.2268,1.0265,1.1216,1.2277,1.2268,1.2268,1.1832,1.1216,1.0834,0.9995,0.644
SCA8-0,Gounaris,13,4,0.4893,0.6894,0.6718,0.6894,0.5531,0.4893,0.4893,0.6171,0.4915,0.4893,0.6356,0.5985,0.5985,0.4551,0.4893,0.5006,0.4183,0.2765
SCA8-0,Cui,0,5,0.0,0.0,0.0,0.0,0.0,0.0,0.0,0.0,0.0,0.0,0.0,0.0,0.0,0.0,0.0,0.0,0.0,0.0
SCA8-0,Cui,1,2,5.3653,4.7009,4.6839,4.7009,4.6917,4.6859,4.6859,4.6839,3.3716,4.8284,4.7009,4.6839,3.3958,3.4702,4.7145,4.6932,3.3988,3.0153
SCA8-0,Cui,2,3,3.3192,2.9177,2.9295,2.9177,2.9339,2.9339,2.9339,2.9177,1.3457,3.0316,2.9177,2.9177,1.4531,1.3654,2.8199,2.7841,1.3071,1.9923
SCA8-0,Cui,3,8,3.1516,2.2514,2.5795,2.2514,2.8885,2.5738,3.1516,2.3833,1.9366,2.4573,2.2506,2.249,1.7061,1.6159,2.6539,2.0997,1.3145,1.6765
SCA8-0,Cui,4,4,3.2854,2.6436,2.6946,2.6436,2.6864,2.6205,2.6486,2.6946,1.8003,2.7332,2.6436,2.6604,1.9143,1.7912,2.6205,2.6244,1.8027,1.8055
SCA8-0,Cui,5,3,2.3467,2.0318,2.1837,2.0318,2.0289,2.0665,2.0682,2.1276,1.2568,2.1154,2.0318,2.0318,1.4557,1.182,2.3281,1.9971,1.2519,1.2916
SCA8-0,Cui,6,5,3.2547,2.993,2.993,2.993,3.1986,3.1485,3.2547,2.9733,2.0859,3.1493,2.9733,2.9775,1.9734,1.8461,3.2547,2.6646,1.8414,1.869
SCA8-0,Cui,7,4,3.188,2.7331,2.8203,2.722,3.1708,2.6702,2.6703,2.8203,3.188,2.6948,2.722,2.6473,2.2146,2.1313,2.6055,2.6948,2.2218,1.7967
SCA8-0,Cui,8,6,2.668,2.1358,2.1784,2.1966,2.67,2.2722,2.668,2.1214,1.5422,2.0835,2.2174,2.0417,1.2319,1.2,2.1921,2.0191,1.0256,1.4748
SCA8-0,Cui,9,2,4.8426,4.4938,4.4938,4.4938,4.4061,4.8426,4.8426,4.4938,2.6085,4.3677,4.4938,4.4938,2.591,2.5945,4.4061,4.4006,2.6144,3.3398
SCA8-0,Cui,10,2,2.9533,2.8299,2.8299,2.8299,2.8032,2.8032,2.8032,2.8299,2.577,2.9533,2.8299,2.8299,2.5817,2.7193,2.9533,2.8149,2.5868,1.6571
SCA8-0,Cui,11,4,4.2067,4.1574,4.1996,4.1859,4.1821,4.2067,4.2067,4.1996,3.6939,4.2615,4.1709,4.1996,3.639,3.6244,4.2067,4.2343,3.5753,3.1529
SCA8-0,Cui,12,1,0.0,0.0,0.0,0.0,0.0,0.0,0.0,0.0,0.0,0.0,0.0,0.0,0.0,0.0,0.0,0.0,0.0,0.0
SCA8-0,Cui,13,1,0.0257,0.0257,0.0257,0.0257,0.0257,0.0257,0.0257,0.0257,0.0257,0.0257,0.0257,0.0257,0.0257,0.0257,0.0257,0.0257,0.0257,0.0257
SCA8-0,MDRO,0,5,0.0,0.0,0.0,0.0,0.0,0.0,0.0,0.0,0.0,0.0,0.0,0.0,0.0,0.0,0.0,0.0,0.0,0.0
SCA8-0,MDRO,1,3,0.5387,0.535,0.5104,0.535,0.4375,0.4213,0.4716,0.5104,0.3138,0.5387,0.535,0.5104,0.37,0.3102,0.5387,0.448,0.3425,0.2987
SCA8-0,MDRO,2,5,0.3846,0.3359,0.3359,0.3359,0.3591,0.3271,0.3493,0.3173,0.2501,0.3846,0.3357,0.2943,0.2125,0.2523,0.3846,0.3481,0.1983,0.2167
SCA8-0,MDRO,3,2,0.6769,0.6635,0.674,0.6635,0.6559,0.689,0.689,0.6679,0.6607,0.6769,0.674,0.6679,0.6144,0.5761,0.6769,0.674,0.5801,0.4138
SCA8-0,MDRO,4,3,0.7092,0.5885,0.5885,0.5885,0.6366,0.6353,0.6215,0.5885,0.3959,0.7092,0.613,0.613,0.3955,0.3955,0.7092,0.5756,0.2816,0.3981
SCA8-0,MDRO,5,2,0.0,0.0,0.0,0.0,0.0,0.0,0.0,0.0,0.0,0.0,0.0,0.0,0.0,0.0,0.0,0.0,0.0,0.0
SCA8-0,MDRO,6,3,0.3433,0.3605,0.3183,0.3605,0.3183,0.3183,0.3183,0.3183,0.3028,0.3433,0.3598,0.3183,0.3294,0.2822,0.3433,0.3433,0.2841,0.1903
SCA8-0,MDRO,7,3,0.0278,0.0278,0.0278,0.0278,0.0278,0.0278,0.0278,0.0278,0.0278,0.0278,0.0278,0.0278,0.0278,0.0278,0.0278,0.0278,0.0278,0.0158
SCA8-0,MDRO,8,3,0.0544,0.106,0.0888,0.106,0.0704,0.0704,0.0716,0.0888,0.0683,0.0544,0.0544,0.0704,0.0657,0.0657,0.0544,0.0544,0.0657,0.032
SCA8-0,MDRO,9,3,0.1508,0.2573,0.2073,0.2573,0.1508,0.1508,0.1508,0.2073,0.1508,0.1508,0.2406,0.2073,0.2073,0.2073,0.1508,0.1508,0.1508,0.0834
SCA8-0,MDRO,10,6,1.0321,1.0106,1.0486,1.0106,0.9139,0.9274,0.9274,1.0295,0.8223,1.0321,1.0239,0.8738,0.6275,0.6574,1.0321,0.9156,0.6167,0.5703
SCA8-0,MDRO,11,2,0.0621,0.0621,0.0621,0.0621,0.0621,0.0621,0.0621,0.0621,0.0648,0.0621,0.0621,0.0621,0.0486,0.0486,0.0621,0.0621,0.0648,0.0367
SCA8-0,MDRO,12,4,0.6771,0.5514,0.6469,0.5514,0.629,0.5968,0.5968,0.6591,0.2738,0.6771,0.524,0.6317,0.351,0.3032,0.6771,0.5921,0.246,0.3948
SCA8-0,MDRO,13,2,0.2425,0.3022,0.3022,0.3022,0.2425,0.2605,0.2605,0.3022,0.3193,0.2425,0.3022,0.3022,0.2404,0.2527,0.2425,0.2425,0.2573,0.144
SCA8-0,MDRO,14,2,0.2571,0.4037,0.2952,0.4037,0.2952,0.2571,0.2571,0.2952,0.2528,0.2571,0.3572,0.2952,0.2486,0.2486,0.2571,0.2571,0.2233,0.2332
SCA8-0,MDRO,15,1,0.0,0.0,0.0,0.0,0.0,0.0,0.0,0.0,0.0,0.0,0.0,0.0,0.0,0.0,0.0,0.0,0.0,0.0
SCA8-0,MDRO,16,1,0.0257,0.0257,0.0257,0.0257,0.0257,0.0257,0.0257,0.0257,0.0257,0.0257,0.0257,0.0257,0.0257,0.0257,0.0257,0.0257,0.0257,0.0257
SCA8-1,Det,0,6,24.4943,18.336,21.979,18.2418,20.6612,21.862,18.2046,19.1208,24.4943,17.8371,18.2699,17.9659,17.9659,17.9798,18.189,17.9202,17.7675,13.9306
SCA8-1,Det,1,6,35.0763,33.9301,34.3698,33.9712,34.5826,35.0669,35.0348,34.062,35.0763,34.278,33.9712,33.9476,33.9476,33.8994,34.3623,34.0998,33.9007,29.572
SCA8-1,Det,2,10,17.6598,14.0131,14.5497,13.9217,15.54,16.2192,17.6598,14.3263,13.6043,13.8485,13.9551,13.7426,11.3412,11.1989,13.9396,13.7627,11.3341,9.9703
SCA8-1,Det,3,5,33.9705,25.5848,26.8823,25.5848,27.9471,30.6676,26.0388,25.4332,33.4752,25.4441,25.5578,25.4186,24.9776,24.6544,25.5374,25.6387,24.6054,18.7732
SCA8-1,Det,4,6,34.8892,29.8915,29.7963,29.8146,32.6922,29.9455,34.4715,29.8146,34.0063,29.8904,29.8146,29.8146,29.6833,29.6833,29.7953,30.0406,29.8823,23.5898
SCA8-1,Det,5,3,19.0798,15.4173,15.4173,15.4173,18.3623,15.347,15.2843,15.4017,15.4708,15.5269,15.4173,15.4017,12.3277,12.0386,15.605,15.3286,12.0743,11.0525
SCA8-1,Det,6,5,32.7319,26.5071,28.2256,26.4727,27.5259,30.5031,30.5833,26.8596,32.7596,26.7486,26.7871,26.4774,26.4774,26.4774,26.643,26.3806,26.5504,18.336
SCA8-1,Det,7,4,26.0529,19.511,19.8363,19.4977,23.6698,20.4664,19.7728,19.7325,25.8374,19.5887,19.498,19.7249,19.7249,19.6639,19.7938,19.5007,19.4468,14.4334
SCA8-1,Det,8,5,39.2186,38.1936,39.2191,38.2274,39.5453,38.2867,38.2136,38.9315,38.5939,38.259,38.203,38.2163,38.2163,38.106,38.2066,38.2504,37.8799,35.6789
SCA8-1,SAA,0,3,2.0132,1.9186,1.9458,1.9186,2.06,1.9709,1.9709,1.9458,1.6725,1.8164,1.9186,1.8832,1.8097,1.58,1.9525,1.7958,1.6803,1.1606
SCA8-1,SAA,1,5,1.6945,1.4523,1.8223,1.4523,1.4322,1.6945,1.6945,1.5955,1.1915,1.5319,1.4523,1.4129,1.2369,1.2227,1.6625,1.4258,1.1947,0.9388
SCA8-1,SAA,2,4,3.261,2.5925,2.5345,2.5925,2.3983,3.261,3.261,2.516,1.3976,2.7406,2.5925,2.4453,1.3753,1.3882,2.6282,2.4835,1.3568,1.8709
SCA8-1,SAA,3,6,0.2575,0.2893,0.2893,0.2893,0.1785,0.2575,0.2575,0.2859,0.0767,0.2575,0.1952,0.1952,0.0767,0.0767,0.2575,0.2575,0.1052,0.1499
SCA8-1,SAA,4,7,1.5054,1.1147,1.1199,1.086,1.3434,1.2615,1.5054,1.0878,0.9956,1.3965,1.2666,1.1305,0.6893,0.6893,1.5054,1.0143,0.7375,0.7956
SCA8-1,SAA,5,2,2.0396,1.9415,1.9415,1.9415,1.9415,1.8763,1.8763,1.9415,1.2058,1.8763,1.9415,1.9415,1.2143,1.2143,1.991,1.892,1.1919,1.4961
SCA8-1,SAA,6,2,3.1421,3.0299,3.0422,3.0299,3.0827,3.1212,3.1212,3.0422,1.6382,3.0226,3.0299,3.0422,1.624,1.624,3.0189,3.0269,1.7168,1.8182
SCA8-1,SAA,7,5,3.066,2.5567,2.4498,2.5567,2.4495,2.3739,2.6664,2.4326,1.3767,2.5083,2.5592,2.3842,1.2742,1.1556,2.4764,2.4165,1.2639,1.7531
SCA8-1,SAA,8,2,1.9164,1.7137,1.7009,1.7137,1.6904,1.6926,1.6926,1.7242,0.8127,1.718,1.7137,1.7242,0.7654,0.7654,1.7348,1.7159,0.783,1.2519
SCA8-1,SAA,9,2,1.2834,1.2834,1.2834,1.2834,1.2834,1.2834,1.2834,1.2834,1.2834,1.2834,1.2834,1.2834,1.2834,1.2834,1.2834,1.2834,1.2396,1.2058
SCA8-1,SAA,10,2,0.1573,0.1573,0.1573,0.1573,0.1573,0.1573,0.1573,0.1573,0.1392,0.1573,0.1573,0.1573,0.0885,0.0885,0.1573,0.1573,0.0795,0.0928
SCA8-1,SAA,11,4,0.703,0.6881,0.9067,0.6881,0.6747,0.703,0.703,0.8701,0.3973,0.703,0.6881,0.6881,0.4435,0.4371,0.703,0.7016,0.508,0.392
SCA8-1,SAA,12,3,3.5657,3.3405,3.3012,3.3405,3.3093,3.2692,3.2869,3.2341,2.8831,3.5033,3.362,3.2474,2.7307,2.8356,3.5657,3.2472,2.5282,2.1517
SCA8-1,SAA,13,3,1.8655,1.7931,1.8013,1.7931,1.799,1.8655,1.8655,1.7931,1.3068,1.8655,1.7931,1.7931,1.4499,1.3646,1.8655,1.7322,1.2956,1.1165
SCA8-1,WDRO,0,5,0.0314,0.0314,0.0314,0.0314,0.0314,0.0314,0.0314,0.0314,0.0314,0.0314,0.0314,0.0314,0.0314,0.0314,0.0314,0.0314,0.0314,0.0175
SCA8-1,WDRO,1,2,0.3066,0.3066,0.3066,0.3066,0.3066,0.3066,0.3066,0.3066,0.3066,0.3066,0.3066,0.3066,0.3066,0.3066,0.3066,0.3066,0.1211,0.2037
SCA8-1,WDRO,2,6,0.1508,0.1508,0.1508,0.1508,0.1508,0.1508,0.1508,0.1508,0.1508,0.1508,0.1508,0.1508,0.1508,0.1508,0.1508,0.1508,0.094,0.0855
SCA8-1,WDRO,3,3,0.0624,0.0787,0.0787,0.0787,0.0624,0.0624,0.0624,0.0787,0.0666,0.0624,0.0787,0.0787,0.0666,0.0666,0.0624,0.0624,0.0918,0.0484
SCA8-1,WDRO,4,4,0.1819,0.1927,0.1482,0.1927,0.1705,0.1705,0.1705,0.1595,0.1583,0.1819,0.1738,0.1592,0.0987,0.0987,0.1819,0.1819,0.0921,0.1086
SCA8-1,WDRO,5,3,0.1582,0.1582,0.1582,0.1582,0.1582,0.1582,0.1582,0.1582,0.1043,0.1582,0.1582,0.1582,0.1214,0.1214,0.1582,0.1582,0.1043,0.0894
SCA8-1,WDRO,6,2,0.5803,0.5995,0.5995,0.5995,0.5803,0.5803,0.5803,0.5995,0.43,0.5803,0.5995,0.5995,0.4122,0.4895,0.5803,0.5803,0.4029,0.3287
SCA8-1,WDRO,7,3,0.1187,0.1187,0.1187,0.1187,0.1187,0.1187,0.1187,0.1187,0.0926,0.1187,0.1187,0.1187,0.1502,0.1502,0.1187,0.1187,0.0926,0.0664
SCA8-1,WDRO,8,2,0.0,0.0,0.0,0.0,0.0,0.0,0.0,0.0,0.0,0.0,0.0,0.0,0.0,0.0,0.0,0.0,0.0,0.0
SCA8-1,WDRO,9,4,0.4242,0.4479,0.4911,0.4479,0.4479,0.4242,0.4242,0.5029,0.4139,0.4242,0.4661,0.4843,0.3561,0.3828,0.4242,0.477,0.333,0.2504
SCA8-1,WDRO,10,3,0.612,0.5361,0.5361,0.5361,0.4854,0.612,0.612,0.5343,0.3022,0.612,0.5333,0.4781,0.276,0.276,0.612,0.5057,0.3155,0.3633
SCA8-1,WDRO,11,1,0.056,0.056,0.056,0.056,0.056,0.056,0.056,0.056,0.056,0.056,0.056,0.056,0.056,0.056,0.056,0.056,0.056,0.056
SCA8-1,WDRO,12,2,0.3964,0.384,0.384,0.384,0.384,0.384,0.384,0.384,0.242,0.3964,0.384,0.384,0.2533,0.2533,0.3964,0.3269,0.242,0.3099
SCA8-1,WDRO,13,2,0.502,0.4372,0.4502,0.4372,0.4631,0.4631,0.4631,0.4502,0.2801,0.502,0.4502,0.4502,0.3089,0.3089,0.502,0.4502,0.2335,0.2818
SCA8-1,WDRO,14,2,0.8054,0.8054,0.8054,0.8054,0.8054,0.8054,0.8054,0.8054,0.6271,0.8054,0.8054,0.8054,0.5095,0.5095,0.8054,0.8054,0.5095,0.4817
SCA8-1,WDRO,15,4,0.2734,0.2734,0.2734,0.2734,0.2734,0.2734,0.2734,0.2734,0.0998,0.2734,0.2734,0.2734,0.1492,0.1492,0.2734,0.2734,0.1223,0.1567
SCA8-1,WDRO,16,2,0.0306,0.0306,0.0306,0.0306,0.0306,0.0306,0.0306,0.0306,0.0306,0.0306,0.0306,0.0306,0.0306,0.0306,0.0306,0.0306,0.0306,0.0183
SCA8-1,Gounaris,0,6,0.2575,0.2893,0.2893,0.2893,0.1785,0.2575,0.2575,0.2859,0.0767,0.2575,0.1952,0.1952,0.0767,0.0767,0.2575,0.2575,0.1052,0.1499
SCA8-1,Gounaris,1,5,3.4982,3.0089,3.1317,3.1317,3.5889,3.4851,3.4982,3.1317,3.4092,3.0591,3.1317,3.1412,2.5105,2.5405,2.9679,2.9823,2.3416,1.8747
SCA8-1,Gounaris,2,3,2.0132,1.9186,1.9458,1.9186,2.06,1.9709,1.9709,1.9458,1.6725,1.8164,1.9186,1.8832,1.8097,1.58,1.9525,1.7958,1.6803,1.1606
SCA8-1,Gounaris,3,7,1.5054,1.1147,1.1199,1.086,1.3434,1.2615,1.5054,1.0878,0.9956,1.3965,1.2666,1.1305,0.6893,0.6893,1.5054,1.0143,0.7375,0.7956
SCA8-1,Gounaris,4,4,2.5555,2.3537,2.3783,2.3537,2.4436,2.2897,2.3469,2.3774,2.2972,2.3564,2.3521,2.3441,2.0108,2.0108,2.3835,2.432,2.0353,1.4699
SCA8-1,Gounaris,5,2,3.0907,2.632,2.632,2.632,2.6311,2.6671,2.6671,2.644,1.3245,2.7722,2.632,2.644,1.3942,1.3942,2.6824,2.6551,1.4117,1.8196
SCA8-1,Gounaris,6,4,1.6404,1.5657,1.617,1.5657,1.3879,1.456,1.456,1.617,0.8762,1.361,1.4606,1.4131,0.8333,0.8344,1.5412,1.3683,0.8378,0.918
SCA8-1,Gounaris,7,2,0.1644,0.1671,0.1671,0.1671,0.105,0.1288,0.1288,0.1671,0.1101,0.1644,0.1671,0.1671,0.0742,0.0742,0.1644,0.1644,0.0993,0.0932
SCA8-1,Gounaris,8,3,1.8655,1.7931,1.8013,1.7931,1.799,1.8655,1.8655,1.7931,1.3068,1.8655,1.7931,1.7931,1.4499,1.3646,1.8655,1.7322,1.2956,1.1165
SCA8-1,Gounaris,9,2,2.0396,1.9415,1.9415,1.9415,1.9415,1.8763,1.8763,1.9415,1.2058,1.8763,1.9415,1.9415,1.2143,1.2143,1.991,1.892,1.1919,1.4961
SCA8-1,Gounaris,10,4,0.5638,0.6408,0.7317,0.6408,0.496,0.5638,0.5638,0.7317,0.3762,0.5638,0.4985,0.4985,0.3788,0.4335,0.5638,0.5117,0.2791,0.3102
SCA8-1,Gounaris,11,2,0.6563,0.6186,0.6186,0.6186,0.6061,0.6312,0.6312,0.6186,0.6489,0.6563,0.6186,0.6186,0.6186,0.6368,0.6563,0.6563,0.6639,0.3802
SCA8-1,Gounaris,12,3,3.7622,3.4211,3.4105,3.4211,3.614,3.3797,3.3948,3.4444,3.074,3.4272,3.4211,3.4202,3.3085,3.0508,3.5098,3.407,3.0789,2.1291
SCA8-1,Gounaris,13,3,1.3101,1.0509,1.1627,1.0509,1.1847,1.0663,1.1363,1.163,0.6491,1.1314,1.163,1.1613,0.6058,0.6058,1.2049,1.064,0.6149,0.7473
SCA8-1,Cui,0,5,3.8653,2.8944,3.5863,2.8944,3.1204,3.4921,3.3723,3.1815,2.3852,2.9597,2.893,2.9254,1.9196,1.8671,3.0032,2.8692,1.9415,2.1627
SCA8-1,Cui,1,2,0.6563,0.6186,0.6186,0.6186,0.6061,0.6312,0.6312,0.6186,0.6489,0.6563,0.6186,0.6186,0.6186,0.6368,0.6563,0.6563,0.6639,0.3802
SCA8-1,Cui,2,3,3.1757,2.9275,2.9288,2.9275,2.8963,2.9578,2.9578,2.8394,2.0765,2.8006,2.9086,2.8077,1.6795,1.6795,2.8338,2.8403,1.6404,2.0688
SCA8-1,Cui,3,8,2.438,1.9186,2.695,1.9186,2.153,2.2939,2.438,2.3366,1.5862,1.9825,1.9186,1.6442,1.1205,1.0794,2.177,1.6207,1.0791,1.302
SCA8-1,Cui,4,7,1.7375,1.5448,1.9776,1.5448,1.628,1.4238,1.6719,1.6885,1.0636,1.4198,1.5324,1.4328,0.9713,0.8298,1.4743,1.401,0.7642,1.0135
SCA8-1,Cui,5,2,4.8552,4.8552,4.8934,4.8934,4.8934,4.8552,4.8552,4.8934,4.432,4.8552,4.8934,4.8934,4.5222,4.5222,4.8552,4.9697,4.4002,4.0474
SCA8-1,Cui,6,2,3.0907,2.632,2.632,2.632,2.6311,2.6671,2.6671,2.644,1.3245,2.7722,2.632,2.644,1.3942,1.3942,2.6824,2.6551,1.4117,1.8196
SCA8-1,Cui,7,5,2.8681,2.3439,2.5585,2.3439,2.4746,2.4746,2.4746,2.536,1.4406,2.5913,2.3423,2.3086,1.3674,1.3674,2.5188,2.3613,1.3623,1.6277
SCA8-1,Cui,8,3,3.133,2.7527,2.8235,2.7527,2.8102,2.7199,2.7199,2.8375,1.4957,2.8407,2.7247,2.6827,1.4672,1.6324,2.6993,2.7017,1.5613,1.8386
SCA8-1,Cui,9,5,3.0037,2.6214,2.7205,2.6214,2.8403,3.0037,3.0037,2.7205,2.6079,2.9349,2.6214,2.6204,2.2689,1.9841,2.7398,2.5807,1.8097,1.6536
SCA8-1,Cui,10,3,2.8197,2.2514,2.2514,2.2514,2.317,2.3911,2.3911,2.2514,1.7521,2.5236,2.2514,2.218,1.4422,1.4422,2.3881,2.35,1.5123,1.7091
SCA8-1,Cui,11,3,3.6512,3.128,3.1397,3.128,3.003,3.0307,2.9905,3.1397,1.3903,3.1218,3.1397,3.0342,1.3926,1.3499,3.0439,2.9459,1.4206,2.0628
SCA8-1,Cui,12,2,4.2735,3.8814,3.8459,3.8814,3.7391,3.7391,3.7391,3.8302,2.1523,4.0897,3.8814,3.8302,2.2494,2.2494,4.0583,3.7186,2.1408,2.8011
SCA8-1,MDRO,0,5,0.0314,0.0314,0.0314,0.0314,0.0314,0.0314,0.0314,0.0314,0.0314,0.0314,0.0314,0.0314,0.0314,0.0314,0.0314,0.0314,0.0314,0.0175
SCA8-1,MDRO,1,4,0.2707,0.2271,0.2936,0.2271,0.2707,0.2707,0.2707,0.2936,0.2707,0.2707,0.2271,0.2117,0.1241,0.1241,0.2707,0.2513,0.1564,0.1469
SCA8-1,MDRO,2,6,0.1508,0.1508,0.1508,0.1508,0.1508,0.1508,0.1508,0.1508,0.1508,0.1508,0.1508,0.1508,0.1508,0.1508,0.1508,0.1508,0.094,0.0855
SCA8-1,MDRO,3,3,0.0566,0.06,0.0724,0.06,0.0566,0.0566,0.0566,0.0724,0.0427,0.0566,0.06,0.0724,0.0427,0.0427,0.0566,0.0566,0.0566,0.0317
SCA8-1,MDRO,4,3,1.0684,0.8844,0.8844,0.8844,1.0568,1.0867,1.0867,0.9,1.0272,1.0684,0.8844,0.9,0.817,0.817,1.0684,0.9,0.8087,0.5854
SCA8-1,MDRO,5,3,0.2657,0.2484,0.2484,0.2484,0.2305,0.254,0.254,0.2483,0.1997,0.2657,0.2484,0.2305,0.1907,0.1907,0.2657,0.2657,0.1426,0.1599
SCA8-1,MDRO,6,1,0.062,0.062,0.062,0.062,0.062,0.062,0.062,0.062,0.062,0.062,0.062,0.062,0.062,0.062,0.062,0.062,0.062,0.062
SCA8-1,MDRO,7,2,0.0306,0.0306,0.0306,0.0306,0.0306,0.0306,0.0306,0.0306,0.0306,0.0306,0.0306,0.0306,0.0306,0.0306,0.0306,0.0306,0.0306,0.0183
SCA8-1,MDRO,8,2,0.5803,0.5995,0.5995,0.5995,0.5803,0.5803,0.5803,0.5995,0.43,0.5803,0.5995,0.5995,0.4122,0.4895,0.5803,0.5803,0.4029,0.3287
SCA8-1,MDRO,9,2,0.0535,0.0535,0.0535,0.0535,0.0535,0.0535,0.0535,0.0535,0.0535,0.0535,0.0535,0.0535,0.0535,0.0535,0.0535,0.0535,0.0535,0.0302
SCA8-1,MDRO,10,2,0.3796,0.3796,0.3796,0.3796,0.3796,0.3796,0.3796,0.3796,0.1648,0.3796,0.3796,0.3796,0.1648,0.1648,0.3796,0.3738,0.2117,0.244
SCA8-1,MDRO,11,4,0.4131,0.4089,0.4645,0.4089,0.3826,0.3884,0.3884,0.4645,0.2889,0.4131,0.3786,0.3786,0.3107,0.3107,0.4131,0.4036,0.3108,0.2313
SCA8-1,MDRO,12,5,0.6031,0.6289,0.5997,0.6289,0.5686,0.5553,0.5607,0.5622,0.3974,0.6031,0.5241,0.5311,0.2664,0.2664,0.6031,0.5336,0.2738,0.383
SCA8-1,MDRO,13,1,0.056,0.056,0.056,0.056,0.056,0.056,0.056,0.056,0.056,0.056,0.056,0.056,0.056,0.056,0.056,0.056,0.056,0.056
SCA8-1,MDRO,14,2,0.0298,0.0298,0.0298,0.0298,0.0298,0.0298,0.0298,0.0298,0.0298,0.0298,0.0298,0.0298,0.0298,0.0298,0.0298,0.0298,0.0298,0.0175
SCA8-1,MDRO,15,3,0.5612,0.475,0.475,0.475,0.4738,0.4863,0.4863,0.474,0.1996,0.5612,0.475,0.4614,0.1756,0.1756,0.5612,0.4489,0.1756,0.3215
SCA8-1,MDRO,16,2,0.218,0.218,0.218,0.218,0.218,0.218,0.218,0.218,0.113,0.218,0.218,0.218,0.1361,0.1361,0.218,0.218,0.1174,0.1541
SCA8-2,Det,0,7,24.4246,19.6612,21.2609,19.6086,19.7687,23.163,21.2041,20.6749,24.4246,19.4662,19.5914,19.3186,19.3186,19.3186,19.3149,19.2513,19.3033,14.9574
SCA8-2,Det,1,6,31.4124,23.1034,24.0218,23.2017,28.6067,24.2048,23.4257,24.0052,30.9319,23.1103,23.2101,23.1931,22.8934,22.8934,23.181,23.0982,23.087,16.3114
SCA8-2,Det,2,5,33.1837,24.9737,25.4971,25.1336,28.3147,24.4787,24.7704,25.4301,30.6031,24.0873,25.1336,24.1544,22.5663,22.5735,24.6959,23.8768,22.7724,18.5352
SCA8-2,Det,3,6,14.8139,11.9867,12.1347,11.8569,13.0891,13.5994,14.7553,12.1464,14.3971,11.8605,11.8555,11.8414,11.8414,11.6446,11.7921,11.9243,11.5718,8.318
SCA8-2,Det,4,5,6.67,4.7614,5.2526,4.7614,6.0515,5.1132,4.8456,5.2518,3.6683,4.791,4.7606,4.7183,3.0668,2.7539,4.7573,4.6571,2.4715,3.6718
SCA8-2,Det,5,3,25.6431,20.8265,21.6069,20.8267,20.8573,22.4317,20.7138,21.6069,17.5747,20.8905,20.8387,20.7957,15.9436,16.1101,21.0224,20.8531,16.1967,17.4005
SCA8-2,Det,6,5,26.357,19.6159,20.3886,19.6516,24.3915,20.3429,19.1435,19.5143,22.7132,19.0306,19.2938,19.0583,18.0309,15.774,19.1975,19.001,15.6899,14.3761
SCA8-2,Det,7,5,12.8941,10.6453,12.322,10.4365,12.33,12.8941,12.8941,11.7555,10.6111,11.1798,10.6374,11.0302,10.466,9.3521,11.1148,10.568,9.2967,7.0333
SCA8-2,Det,8,5,38.3184,31.4163,31.5565,31.1477,32.1459,37.3735,37.693,31.5198,38.3184,31.3495,31.2052,31.4918,31.4918,31.5424,31.439,31.0994,31.3934,21.0384
SCA8-2,Det,9,3,3.2849,3.1922,3.2192,3.1922,3.1806,3.1503,3.1505,3.2192,3.0661,3.165,3.1922,3.1818,3.1818,2.9024,3.1126,3.1185,2.9668,1.8902
SCA8-2,SAA,0,3,0.7115,0.6021,0.6021,0.6021,0.6099,0.7115,0.7115,0.6021,0.3828,0.7115,0.6021,0.6021,0.3477,0.3477,0.7115,0.6241,0.2742,0.4156
SCA8-2,SAA,1,3,2.7374,2.4144,2.2641,2.4144,2.1797,2.446,2.446,2.2769,1.3661,2.2817,2.4144,2.2685,1.4087,1.4087,2.1213,2.1929,1.3861,1.5454
SCA8-2,SAA,2,4,2.1272,1.8764,1.8764,1.8764,1.8517,2.1272,2.1272,1.8755,1.5033,2.1272,1.8755,1.8485,1.2257,1.2257,2.1272,1.8517,1.2113,1.1728
SCA8-2,SAA,3,3,1.2026,1.0981,1.1105,1.0981,1.2733,1.0417,1.007,1.122,1.0214,1.0839,1.0981,1.1105,0.7317,0.7317,1.2026,1.0509,0.5386,0.7279
SCA8-2,SAA,4,3,2.9274,2.5586,2.5586,2.5586,2.8885,2.5939,2.5974,2.572,2.7928,2.5974,2.5586,2.572,1.735,1.735,2.5736,2.5805,1.7992,1.8217
SCA8-2,SAA,5,5,1.996,1.7362,1.8862,1.7362,1.9027,1.6876,1.7009,1.6972,1.3607,1.6927,1.7164,1.6364,1.0153,1.0085,1.8758,1.7163,1.0181,1.1524
SCA8-2,SAA,6,3,1.9492,1.7727,1.9693,1.7727,1.6783,1.8031,1.7272,1.9485,0.9371,1.7064,1.7727,1.8068,0.9371,0.9371,1.8282,1.7272,0.9439,1.1131
SCA8-2,SAA,7,3,1.5014,1.3707,1.3384,1.3707,1.2893,1.2655,1.2655,1.2564,0.7389,1.2893,1.3705,1.2716,0.7513,0.7513,1.5014,1.2589,0.7479,0.902
SCA8-2,SAA,8,3,0.9097,0.8646,0.8357,0.8851,0.8988,0.7921,0.9097,0.8357,0.9144,0.9097,0.8851,0.8357,0.656,0.656,0.9097,0.8056,0.5943,0.5086
SCA8-2,SAA,9,5,0.918,0.7851,0.875,0.7851,0.7541,0.918,0.918,0.7789,0.5588,0.918,0.7433,0.7525,0.4557,0.4557,0.918,0.7139,0.3804,0.508
SCA8-2,SAA,10,5,3.9544,2.9095,2.939,2.9236,3.7798,3.1103,3.907,2.9433,2.7141,3.08,2.9236,2.8751,1.5184,1.5184,3.0074,2.768,1.547,2.191
SCA8-2,SAA,11,4,0.5325,0.394,0.394,0.394,0.4565,0.5325,0.5325,0.3914,0.2345,0.5325,0.472,0.4428,0.2856,0.3035,0.5325,0.4369,0.2249,0.3061
SCA8-2,SAA,12,3,0.4503,0.5104,0.5104,0.5104,0.4584,0.4503,0.4503,0.5104,0.2754,0.4503,0.5104,0.5104,0.2881,0.2881,0.4503,0.4875,0.2484,0.2842
SCA8-2,SAA,13,2,1.9673,1.9295,1.9295,1.9295,1.9051,2.0164,2.0164,1.9295,2.0285,2.0466,1.9295,1.9295,2.1364,2.0383,1.9673,1.9975,2.0421,1.1637
SCA8-2,SAA,14,1,0.0821,0.0821,0.0821,0.0821,0.0821,0.0821,0.0821,0.0821,0.0821,0.0821,0.0821,0.0821,0.0821,0.0821,0.0821,0.0821,0.0821,0.0821
SCA8-2,WDRO,0,4,0.1411,0.1028,0.1028,0.1028,0.085,0.1411,0.1411,0.0858,0.0367,0.1411,0.1074,0.085,0.0336,0.0336,0.1411,0.1411,0.0336,0.085
SCA8-2,WDRO,1,3,0.0313,0.0313,0.0313,0.0313,0.0313,0.0313,0.0313,0.0313,0.0313,0.0313,0.0313,0.0313,0.0313,0.0313,0.0313,0.0313,0.0313,0.0172
SCA8-2,WDRO,2,5,0.8682,0.7196,0.7306,0.7196,0.8208,0.7201,0.7417,0.7144,0.6766,0.8682,0.7193,0.712,0.4626,0.4626,0.8682,0.718,0.4567,0.4793
SCA8-2,WDRO,3,3,0.0915,0.1524,0.1654,0.1524,0.0915,0.0915,0.0915,0.1654,0.063,0.0915,0.1524,0.1654,0.0525,0.0525,0.0915,0.0915,0.0686,0.0508
SCA8-2,WDRO,4,4,0.1193,0.1461,0.1461,0.1461,0.1117,0.1193,0.1193,0.1243,0.0659,0.1193,0.144,0.1339,0.0421,0.0421,0.1193,0.1193,0.0479,0.0694
SCA8-2,WDRO,5,3,0.6808,0.6629,0.7264,0.6629,0.7085,0.674,0.674,0.6897,0.5818,0.6808,0.6629,0.6943,0.6056,0.6056,0.6808,0.7085,0.6004,0.3961
SCA8-2,WDRO,6,3,0.5656,0.4702,0.4926,0.4702,0.5267,0.5137,0.5656,0.4926,0.3001,0.5656,0.4702,0.5544,0.3829,0.3829,0.5656,0.4702,0.2667,0.3792
SCA8-2,WDRO,7,3,0.1242,0.1294,0.1294,0.1294,0.1125,0.1242,0.1242,0.1294,0.1007,0.1242,0.1294,0.1294,0.1059,0.1059,0.1242,0.1242,0.0964,0.0701
SCA8-2,WDRO,8,3,0.5793,0.5306,0.4697,0.5306,0.5793,0.5793,0.5793,0.4697,0.2361,0.5793,0.5306,0.5306,0.2265,0.2265,0.5793,0.5133,0.223,0.3377
SCA8-2,WDRO,9,3,0.293,0.2691,0.2814,0.2691,0.2941,0.2777,0.2795,0.2795,0.1881,0.293,0.2691,0.2777,0.2024,0.2024,0.293,0.2941,0.1971,0.1639
SCA8-2,WDRO,10,2,0.1825,0.271,0.2356,0.271,0.2356,0.1825,0.1825,0.2356,0.2066,0.1825,0.2533,0.2356,0.2356,0.2018,0.1825,0.1825,0.1698,0.1062
SCA8-2,WDRO,11,2,0.4946,0.4946,0.4946,0.4946,0.4946,0.4946,0.4946,0.4946,0.4712,0.4946,0.4946,0.4946,0.5182,0.5182,0.4946,0.4946,0.4915,0.2785
SCA8-2,WDRO,12,1,0.0821,0.0821,0.0821,0.0821,0.0821,0.0821,0.0821,0.0821,0.0821,0.0821,0.0821,0.0821,0.0821,0.0821,0.0821,0.0821,0.0821,0.0821
SCA8-2,WDRO,13,3,0.8534,0.7616,0.7616,0.7616,0.7485,0.7485,0.7485,0.7616,0.4571,0.8534,0.7616,0.7616,0.6884,0.6553,0.8534,0.6435,0.3693,0.486
SCA8-2,WDRO,14,3,0.4115,0.4115,0.4115,0.4115,0.4115,0.4115,0.4115,0.4115,0.3006,0.4115,0.4115,0.4115,0.3006,0.3006,0.4115,0.4115,0.274,0.2558
SCA8-2,WDRO,15,2,0.7202,0.6096,0.5844,0.6096,0.6096,0.7202,0.7202,0.5844,0.2728,0.7202,0.6096,0.5844,0.2996,0.2996,0.7202,0.5532,0.2329,0.4409
SCA8-2,WDRO,16,3,0.7452,0.8176,0.83,0.8176,0.7452,0.7452,0.7452,0.83,0.7279,0.7452,0.83,0.8323,0.9516,0.7443,0.7452,0.7452,0.7268,0.4356
SCA8-2,Gounaris,0,3,2.7374,2.4144,2.2641,2.4144,2.1797,2.446,2.446,2.2769,1.3661,2.2817,2.4144,2.2685,1.4087,1.4087,2.1213,2.1929,1.3861,1.5454
SCA8-2,Gounaris,1,5,3.3807,2.7483,2.8399,2.7483,2.7473,3.1247,3.014,2.8519,1.7882,2.7566,2.5692,2.7312,1.584,1.5772,2.9842,2.4919,1.4678,1.8497
SCA8-2,Gounaris,2,4,2.1272,1.8764,1.8764,1.8764,1.8517,2.1272,2.1272,1.8755,1.5033,2.1272,1.8755,1.8485,1.2257,1.2257,2.1272,1.8517,1.2113,1.1728
SCA8-2,Gounaris,3,3,5.2303,4.5421,4.8274,4.5421,4.5652,4.675,4.675,4.8274,3.5064,4.7569,4.5578,4.5151,3.8274,3.5489,4.79,4.4203,3.3177,2.9727
SCA8-2,Gounaris,4,3,2.5059,2.4177,2.4142,2.4177,2.5059,2.4631,2.5059,2.4142,2.4912,2.4647,2.4142,2.4142,1.8093,2.0013,2.7611,2.4418,1.9688,1.3975
SCA8-2,Gounaris,5,4,4.4598,3.935,4.0825,3.935,3.6125,3.7082,3.6933,4.0686,3.1545,3.7458,3.9734,3.6542,2.8708,2.4915,3.6283,3.6437,2.427,2.5615
SCA8-2,Gounaris,6,5,2.6317,1.9422,2.0043,1.9422,2.2851,2.3359,2.3949,2.0043,1.5292,2.0124,1.9396,1.9226,1.1638,1.1638,2.1835,1.9757,1.0982,1.5239
SCA8-2,Gounaris,7,5,0.918,0.7851,0.875,0.7851,0.7541,0.918,0.918,0.7789,0.5588,0.918,0.7433,0.7525,0.4557,0.4557,0.918,0.7139,0.3804,0.508
SCA8-2,Gounaris,8,3,3.1119,2.8731,2.8731,2.8731,3.1119,2.9673,2.8849,2.8731,3.1119,2.8731,2.8731,2.8731,2.8731,2.8866,2.9414,2.8849,2.8607,1.7968
SCA8-2,Gounaris,9,3,2.9274,2.5586,2.5586,2.5586,2.8885,2.5939,2.5974,2.572,2.7928,2.5974,2.5586,2.572,1.735,1.735,2.5736,2.5805,1.7992,1.8217
SCA8-2,Gounaris,10,2,0.6844,0.6844,0.6844,0.6844,0.6844,0.6844,0.6844,0.6844,0.6457,0.6844,0.6844,0.6844,0.6457,0.6457,0.6844,0.6844,0.6527,0.3912
SCA8-2,Gounaris,11,3,0.4503,0.5104,0.5104,0.5104,0.4584,0.4503,0.4503,0.5104,0.2754,0.4503,0.5104,0.5104,0.2881,0.2881,0.4503,0.4875,0.2484,0.2842
SCA8-2,Gounaris,12,2,1.8329,1.5875,1.5815,1.5875,1.5877,1.5815,1.5815,1.5815,1.0267,1.7144,1.5693,1.5815,1.021,1.021,1.8329,1.5995,0.9926,1.1105
SCA8-2,Gounaris,13,5,3.9278,2.9051,3.6026,2.8924,3.8969,3.0633,3.0089,3.1492,3.1512,2.9637,2.8924,3.0233,2.1005,1.6593,3.0419,2.9666,1.6497,2.1363
SCA8-2,Cui,0,6,3.4986,2.5719,3.1401,2.5719,2.6532,3.3214,3.3214,2.6373,1.743,2.607,2.57,2.5345,1.4318,1.4861,2.7502,2.3742,1.4216,1.9309
SCA8-2,Cui,1,3,0.2438,0.2415,0.2415,0.2415,0.2157,0.2532,0.2532,0.2415,0.1225,0.2438,0.2415,0.2415,0.0693,0.0693,0.2438,0.2438,0.1082,0.1501
SCA8-2,Cui,2,3,1.8222,1.5589,1.6675,1.5589,1.5915,1.5561,1.5561,1.5532,0.8968,1.5081,1.5679,1.5324,0.8798,0.8798,1.5774,1.5027,0.8438,1.0893
SCA8-2,Cui,3,4,2.1272,1.8764,1.8764,1.8764,1.8517,2.1272,2.1272,1.8755,1.5033,2.1272,1.8755,1.8485,1.2257,1.2257,2.1272,1.8517,1.2113,1.1728
SCA8-2,Cui,4,3,2.9274,2.5586,2.5586,2.5586,2.8885,2.5939,2.5974,2.572,2.7928,2.5974,2.5586,2.572,1.735,1.735,2.5736,2.5805,1.7992,1.8217
SCA8-2,Cui,5,3,4.0732,3.4773,3.4781,3.4773,3.408,3.444,3.444,3.4671,2.0385,3.3696,3.4524,3.4447,2.0577,2.0557,3.622,3.4027,2.1302,2.4015
SCA8-2,Cui,6,4,1.206,1.0807,1.0851,1.0807,1.0372,1.0071,1.0122,1.0851,0.7122,1.206,1.0807,1.032,0.6032,0.6032,1.206,1.0112,0.6327,0.6868
SCA8-2,Cui,7,3,0.5371,0.5043,0.4877,0.5043,0.5371,0.5371,0.5371,0.4877,0.3987,0.5371,0.5043,0.4877,0.4398,0.3987,0.5371,0.5209,0.5059,0.2992
SCA8-2,Cui,8,5,1.8311,1.6258,1.6258,1.6258,1.7233,1.8311,1.8311,1.6258,1.0871,1.8311,1.6258,1.6062,0.9529,0.9417,1.8311,1.5347,0.9872,1.0361
SCA8-2,Cui,9,3,6.0094,6.0094,5.9974,5.9974,6.0094,6.0094,6.0094,5.9974,5.7773,6.0094,5.9974,5.9974,5.7811,5.7811,6.0094,6.0094,5.8099,5.6959
SCA8-2,Cui,10,2,4.2773,3.6192,3.6588,3.6192,3.6192,3.6985,3.6985,3.6853,2.4974,3.8654,3.6588,3.6853,2.5614,2.5614,3.6623,3.6422,2.4607,2.7443
SCA8-2,Cui,11,3,4.6251,4.0553,4.2723,4.0553,3.9751,3.9688,4.0147,4.2222,2.6091,4.3194,4.0553,4.0038,2.3086,2.3317,3.9688,4.0052,2.2505,2.6104
SCA8-2,Cui,12,5,3.2869,2.4692,2.6959,2.6972,3.1485,2.5597,3.1514,2.6786,2.3382,2.7735,2.6641,2.6622,1.8225,1.6195,2.6494,2.4525,1.6305,1.7608
SCA8-2,Cui,13,3,4.379,3.9643,3.9643,3.9643,3.8341,4.015,3.9835,3.9459,3.0828,3.9613,3.964,3.9459,2.5002,2.4876,3.905,3.8987,2.6307,2.6505
SCA8-2,MDRO,0,3,0.0849,0.1118,0.0951,0.1118,0.0849,0.0849,0.0849,0.0951,0.078,0.0849,0.0951,0.0951,0.0477,0.0477,0.0849,0.0849,0.0439,0.0474
SCA8-2,MDRO,1,4,0.1669,0.138,0.1834,0.138,0.138,0.1669,0.1669,0.1979,0.0911,0.1669,0.138,0.138,0.0911,0.0911,0.1669,0.1669,0.1505,0.0929
SCA8-2,MDRO,2,3,0.822,0.746,0.7594,0.746,0.7727,0.7727,0.7727,0.7594,0.4756,0.822,0.7594,0.7594,0.4158,0.4158,0.822,0.7502,0.3918,0.4635
SCA8-2,MDRO,3,2,0.492,0.3662,0.3489,0.3662,0.3489,0.3489,0.3489,0.3489,0.172,0.492,0.3489,0.3489,0.1541,0.1541,0.492,0.389,0.1669,0.2916
SCA8-2,MDRO,4,3,0.0934,0.2232,0.2232,0.2232,0.0934,0.0934,0.0934,0.2232,0.064,0.0934,0.2232,0.2232,0.2232,0.0498,0.0934,0.0934,0.0427,0.0509
SCA8-2,MDRO,5,4,1.5509,1.4237,1.4237,1.4237,1.4838,1.5029,1.4838,1.4237,1.1915,1.5509,1.4586,1.4443,1.0641,1.0641,1.5509,1.4515,1.0822,0.8877
SCA8-2,MDRO,6,3,0.9268,0.7396,0.785,0.7396,0.8378,0.9268,0.9268,0.785,0.6559,0.9268,0.7396,0.7396,0.6152,0.6152,0.9268,0.7671,0.5544,0.5181
SCA8-2,MDRO,7,4,0.1092,0.2447,0.1749,0.2447,0.099,0.1092,0.1092,0.1564,0.0353,0.1092,0.2098,0.1373,0.0313,0.0313,0.1092,0.1092,0.0313,0.0687
SCA8-2,MDRO,8,2,0.2071,0.1604,0.1817,0.1604,0.1944,0.1944,0.1944,0.1944,0.1182,0.2071,0.1691,0.1944,0.1418,0.1418,0.2071,0.2071,0.0709,0.1311
SCA8-2,MDRO,9,4,0.372,0.3451,0.3583,0.3451,0.3676,0.372,0.372,0.3583,0.3293,0.372,0.3451,0.3471,0.2602,0.2602,0.372,0.372,0.159,0.2112
SCA8-2,MDRO,10,3,0.4118,0.3861,0.3747,0.3861,0.399,0.3862,0.3875,0.3747,0.3444,0.4118,0.3759,0.3734,0.3436,0.3436,0.4118,0.4118,0.2566,0.2325
SCA8-2,MDRO,11,2,0.5927,0.5771,0.5771,0.5771,0.5817,0.5927,0.5927,0.5771,0.5311,0.5927,0.5771,0.5771,0.5311,0.5311,0.5927,0.5817,0.4398,0.343
SCA8-2,MDRO,12,3,0.4213,0.4213,0.4213,0.4213,0.4213,0.4213,0.4213,0.4213,0.4213,0.4213,0.4213,0.4213,0.2297,0.2297,0.4213,0.423,0.2175,0.2524
SCA8-2,MDRO,13,3,0.0313,0.0313,0.0313,0.0313,0.0313,0.0313,0.0313,0.0313,0.0313,0.0313,0.0313,0.0313,0.0313,0.0313,0.0313,0.0313,0.0313,0.0172
SCA8-2,MDRO,14,3,0.7452,0.7609,0.7609,0.7609,0.7452,0.7452,0.7452,0.7416,0.7452,0.7452,0.7609,0.7416,0.7416,0.7901,0.7452,0.7452,0.7271,0.4356
SCA8-2,MDRO,15,3,0.8534,0.7616,0.7616,0.7616,0.7485,0.7485,0.7485,0.7616,0.4571,0.8534,0.7616,0.7616,0.6884,0.6553,0.8534,0.6435,0.3693,0.486
SCA8-2,MDRO,16,1,0.0821,0.0821,0.0821,0.0821,0.0821,0.0821,0.0821,0.0821,0.0821,0.0821,0.0821,0.0821,0.0821,0.0821,0.0821,0.0821,0.0821,0.0821
SCA8-3,Det,0,9,39.2239,29.7054,31.076,29.6852,36.867,34.7777,37.4003,30.8407,39.2239,29.5771,29.6652,29.584,29.584,29.584,29.6551,29.2898,29.5305,22.6083
SCA8-3,Det,1,3,21.571,20.2258,20.2258,20.2258,20.1786,21.0764,20.1312,20.0324,17.7769,19.8971,20.2258,20.0324,16.4573,16.4185,20.1705,19.9926,16.3574,16.8491
SCA8-3,Det,2,7,24.6268,17.3628,19.8756,17.3628,17.2494,20.7399,17.3537,18.7366,24.6268,16.8921,17.3062,16.835,16.835,16.835,17.0612,16.8232,16.8176,14.0831
SCA8-3,Det,3,6,28.4748,22.7804,24.121,22.995,26.5151,23.1393,27.186,22.995,28.4748,22.8965,22.995,22.7094,22.7094,22.7094,23.0637,22.6797,22.7178,16.1273
SCA8-3,Det,4,3,16.7993,13.2173,13.2158,13.2173,15.9735,13.1968,13.2268,13.2371,13.988,13.1462,13.2173,13.1839,10.8124,10.7294,13.1303,13.1968,10.7815,9.7078
SCA8-3,Det,5,7,30.4821,26.3258,28.7357,26.3081,27.1442,29.0987,26.8906,26.4066,30.5275,26.0971,26.2891,25.9816,25.9816,25.9816,25.9482,25.724,25.9226,21.269
SCA8-3,Det,6,4,36.9382,36.1778,36.164,36.2296,36.3434,36.2098,36.1715,36.2477,36.4198,36.0388,36.3469,36.1904,35.9025,36.0128,36.1099,36.0249,36.0946,32.693
SCA8-3,Det,7,6,28.2217,23.1108,24.7795,23.1605,23.9059,27.0105,25.2477,24.1622,28.2217,23.0425,23.2254,23.1097,23.1097,23.1097,23.411,22.7218,22.8302,15.7639
SCA8-3,Det,8,5,21.4196,15.9289,17.8993,15.9502,17.1316,18.1316,15.7938,17.0575,14.9285,15.5843,15.9062,15.5432,13.2212,11.6752,15.5952,15.5244,11.6992,11.8445
SCA8-3,SAA,0,6,2.9255,2.1687,2.1972,2.1687,2.1984,2.3903,2.144,2.175,1.1545,2.179,2.0657,2.0223,0.9378,0.9855,2.2486,2.0531,0.9176,1.6565
SCA8-3,SAA,1,3,1.2858,1.2836,1.2122,1.2836,1.293,1.2858,1.2858,1.2122,1.0621,1.2858,1.2836,1.2122,0.8251,0.8251,1.2858,1.2961,0.8355,0.79
SCA8-3,SAA,2,4,0.8385,0.7267,0.7701,0.7267,0.7584,0.8105,0.8105,0.7333,0.5132,0.8385,0.7267,0.7305,0.4911,0.4973,0.8385,0.6969,0.4161,0.4853
SCA8-3,SAA,3,5,0.5221,0.6333,0.6333,0.6333,0.4922,0.5221,0.5221,0.6333,0.3693,0.7015,0.5239,0.5423,0.3755,0.3998,0.5221,0.4895,0.4041,0.2854
SCA8-3,SAA,4,3,1.5657,1.5577,1.5577,1.5577,1.5746,1.5739,1.5746,1.557,1.1094,1.5169,1.5577,1.5536,1.0494,1.0747,1.5522,1.4963,0.9606,0.9354
SCA8-3,SAA,5,4,2.6263,2.1574,2.1772,2.1772,2.5706,2.6263,2.6263,2.1772,2.0435,2.3577,2.1772,2.1772,1.5775,1.6009,2.6263,2.2223,1.3796,1.497
SCA8-3,SAA,6,3,1.6316,1.5539,1.5539,1.5539,1.5724,1.6194,1.6194,1.5539,1.3804,1.6316,1.5539,1.5526,1.4171,1.4326,1.6316,1.5385,1.3678,0.947
SCA8-3,SAA,7,5,1.6497,1.1041,1.3944,1.1041,1.574,1.3566,1.2729,1.3944,1.2689,1.1414,1.1029,1.1448,0.6858,0.7082,1.2792,1.1051,0.7192,0.8811
SCA8-3,SAA,8,5,0.9161,0.7983,0.9012,0.7983,0.9348,0.9161,0.9161,0.9012,0.9301,1.0445,0.7983,0.8954,0.7758,0.7574,0.9161,0.7559,0.6778,0.4982
SCA8-3,SAA,9,2,1.6529,1.6168,1.6168,1.6168,1.6168,1.5881,1.5881,1.6168,0.9632,1.653,1.6168,1.6168,0.9817,0.9817,2.0715,1.5881,0.9675,1.075
SCA8-3,SAA,10,2,2.6664,2.5087,2.5324,2.5087,2.5259,2.6664,2.6664,2.5324,1.3849,2.5228,2.5087,2.5324,1.3823,1.3823,2.4836,2.5324,1.4744,1.745
SCA8-3,SAA,11,2,1.2286,1.2046,1.2046,1.2046,1.1717,1.2327,1.2327,1.2046,1.041,1.2286,1.2046,1.2046,1.0881,1.0881,1.2286,1.1799,1.0279,0.7035
SCA8-3,SAA,12,4,2.7182,2.55,2.6537,2.55,2.3982,2.405,2.3927,2.5983,1.1355,2.4792,2.55,2.4026,1.0278,1.0116,2.4197,2.4408,1.1287,1.6506
SCA8-3,SAA,13,2,2.9905,2.7275,2.7275,2.7275,2.7931,2.6942,2.6942,2.7275,1.5537,2.9612,2.7275,2.7275,1.4313,1.4313,2.6191,2.6285,1.4958,1.7737
SCA8-3,WDRO,0,6,0.8435,0.6234,0.6234,0.6234,0.8198,0.7145,0.7565,0.6369,0.6872,0.8435,0.6315,0.6304,0.4387,0.4387,0.8435,0.6626,0.3064,0.4705
SCA8-3,WDRO,1,3,0.3574,0.2831,0.3467,0.2831,0.3574,0.3574,0.3574,0.3467,0.2411,0.3574,0.336,0.3467,0.2643,0.2643,0.3574,0.3574,0.1543,0.2187
SCA8-3,WDRO,2,3,0.2848,0.3149,0.3149,0.3149,0.2848,0.2848,0.2848,0.2944,0.288,0.2848,0.2944,0.2944,0.2706,0.2706,0.2848,0.2848,0.2681,0.1852
SCA8-3,WDRO,3,2,0.1406,0.1619,0.1454,0.1619,0.1406,0.1406,0.1406,0.1454,0.1207,0.1406,0.1454,0.1454,0.1247,0.1247,0.1406,0.1406,0.1406,0.0824
SCA8-3,WDRO,4,3,0.1853,0.4127,0.3751,0.4127,0.3917,0.1853,0.1853,0.3571,0.1416,0.1853,0.2782,0.3375,0.2104,0.2104,0.1853,0.1853,0.1682,0.1082
SCA8-3,WDRO,5,4,0.0324,0.0728,0.0526,0.0728,0.0324,0.0324,0.0324,0.0526,0.0324,0.0324,0.0324,0.0324,0.0324,0.0324,0.0324,0.0324,0.0324,0.0177
SCA8-3,WDRO,6,4,0.6799,0.5084,0.546,0.546,0.6799,0.6799,0.6799,0.5226,0.5717,0.6799,0.5226,0.5206,0.3917,0.3194,0.6799,0.5199,0.2457,0.3789
SCA8-3,WDRO,7,4,0.0584,0.0647,0.0475,0.0647,0.0457,0.0584,0.0584,0.0475,0.0396,0.0584,0.0457,0.0457,0.0396,0.0396,0.0584,0.0584,0.0584,0.033
SCA8-3,WDRO,8,2,0.6181,0.5224,0.5224,0.5224,0.5604,0.5434,0.5434,0.5224,0.2237,0.6181,0.5224,0.5224,0.2209,0.2209,0.6181,0.5327,0.2374,0.3726
SCA8-3,WDRO,9,3,0.7148,0.51,0.5098,0.51,0.53,0.567,0.5341,0.5098,0.2792,0.7148,0.51,0.5095,0.2642,0.2642,0.7148,0.5342,0.2921,0.3975
SCA8-3,WDRO,10,2,0.1688,0.2268,0.1793,0.2268,0.1442,0.1688,0.1688,0.1793,0.1254,0.1688,0.2109,0.1793,0.1402,0.1402,0.1688,0.1688,0.1187,0.0949
SCA8-3,WDRO,11,4,0.2368,0.283,0.283,0.283,0.2368,0.2368,0.2368,0.283,0.2368,0.2368,0.2243,0.261,0.1681,0.1725,0.2368,0.2368,0.1474,0.1287
SCA8-3,WDRO,12,1,0.0857,0.0857,0.0857,0.0857,0.0857,0.0857,0.0857,0.0857,0.0857,0.0857,0.0857,0.0857,0.0857,0.0857,0.0857,0.0857,0.0857,0.0857
SCA8-3,WDRO,13,4,0.5646,0.4845,0.8065,0.4845,0.5397,0.5537,0.5602,0.5666,0.2369,0.5646,0.4834,0.5149,0.2424,0.2424,0.5646,0.5203,0.2276,0.3173
SCA8-3,WDRO,14,2,0.6993,0.6819,0.6935,0.6819,0.6877,0.7052,0.7052,0.6877,0.6993,0.6993,0.6819,0.6877,0.6877,0.6877,0.6993,0.6993,0.659,0.4203
SCA8-3,WDRO,15,1,0.0,0.0,0.0,0.0,0.0,0.0,0.0,0.0,0.0,0.0,0.0,0.0,0.0,0.0,0.0,0.0,0.0,0.0
SCA8-3,WDRO,16,2,0.1827,0.1827,0.1887,0.1827,0.1827,0.1827,0.1827,0.1827,0.106,0.1827,0.1827,0.1827,0.1245,0.1245,0.1827,0.1827,0.1245,0.118
SCA8-3,Gounaris,0,2,2.6664,2.5087,2.5324,2.5087,2.5259,2.6664,2.6664,2.5324,1.3849,2.5228,2.5087,2.5324,1.3823,1.3823,2.4836,2.5324,1.4744,1.745
SCA8-3,Gounaris,1,2,1.2286,1.2046,1.2046,1.2046,1.1717,1.2327,1.2327,1.2046,1.041,1.2286,1.2046,1.2046,1.0881,1.0881,1.2286,1.1799,1.0279,0.7035
SCA8-3,Gounaris,2,4,3.162,2.8485,3.0202,2.8485,2.6761,2.6877,2.7202,2.8485,2.3116,2.7959,2.8485,2.6953,1.6589,1.8243,2.7768,2.659,1.8427,1.9384
SCA8-3,Gounaris,3,3,0.8687,0.7631,0.7134,0.7631,0.8277,0.8687,0.8687,0.7134,0.4216,0.8687,0.7631,0.7495,0.4271,0.4391,0.8687,0.7086,0.4109,0.4846
SCA8-3,Gounaris,4,2,1.6529,1.6168,1.6168,1.6168,1.6168,1.5881,1.5881,1.6168,0.9632,1.653,1.6168,1.6168,0.9817,0.9817,2.0715,1.5881,0.9675,1.075
SCA8-3,Gounaris,5,4,4.7683,3.9136,4.5048,3.9136,3.9592,4.2534,4.1755,4.0789,2.4096,4.0576,3.9136,3.7713,2.5291,2.3178,3.9309,3.7901,2.313,2.8293
SCA8-3,Gounaris,6,5,0.5221,0.6333,0.6333,0.6333,0.4922,0.5221,0.5221,0.6333,0.3693,0.7015,0.5239,0.5423,0.3755,0.3998,0.5221,0.4895,0.4041,0.2854
SCA8-3,Gounaris,7,4,1.4716,1.2683,1.3769,1.2683,1.2303,1.2739,1.2602,1.3593,0.9523,1.2841,1.2683,1.2589,0.6987,0.7345,1.2513,1.2394,0.7131,0.8809
SCA8-3,Gounaris,8,5,0.7955,0.6856,0.7141,0.6856,0.6508,0.6762,0.65,0.7134,0.3546,0.7955,0.635,0.6777,0.3316,0.3254,0.7955,0.6228,0.3268,0.4516
SCA8-3,Gounaris,9,6,2.7085,1.9257,2.5059,1.9257,2.3687,2.0237,1.9212,2.0816,1.7647,2.0019,1.7875,1.789,1.2291,1.2232,1.9168,1.7131,1.0743,1.4501
SCA8-3,Gounaris,10,4,0.2368,0.283,0.283,0.283,0.2368,0.2368,0.2368,0.283,0.2368,0.2368,0.2243,0.261,0.1681,0.1725,0.2368,0.2368,0.1474,0.1287
SCA8-3,Gounaris,11,2,1.2094,1.1589,1.1511,1.1589,1.1511,1.1589,1.1589,1.1589,0.4817,1.1846,1.1589,1.1589,0.4327,0.4327,1.2094,1.1544,0.5654,0.7121
SCA8-3,Gounaris,12,3,3.1759,3.0805,3.3478,3.0805,3.0958,2.9793,2.9793,3.0792,2.8301,3.067,3.0805,3.0501,2.5845,2.611,3.1144,2.915,2.4839,1.9088
SCA8-3,Gounaris,13,4,2.2509,2.3983,2.5072,2.3983,2.035,2.0712,1.9647,2.491,1.2964,2.0201,2.1052,2.3235,1.2414,1.2476,2.4219,1.9067,1.2605,1.261
SCA8-3,Cui,0,5,1.5308,1.1936,1.3196,1.2487,1.5291,1.5031,1.5308,1.3019,1.2722,1.2342,1.2457,1.1019,0.6212,0.7404,1.5308,1.1444,0.6536,0.8681
SCA8-3,Cui,1,3,1.2475,1.075,1.0693,1.0884,1.2092,1.0895,1.1885,1.0693,1.1244,1.2988,1.0884,1.0693,0.8078,0.8078,1.2475,1.0833,0.7773,0.7366
SCA8-3,Cui,2,2,2.6664,2.5087,2.5324,2.5087,2.5259,2.6664,2.6664,2.5324,1.3849,2.5228,2.5087,2.5324,1.3823,1.3823,2.4836,2.5324,1.4744,1.745
SCA8-3,Cui,3,2,1.2286,1.2046,1.2046,1.2046,1.1717,1.2327,1.2327,1.2046,1.041,1.2286,1.2046,1.2046,1.0881,1.0881,1.2286,1.1799,1.0279,0.7035
SCA8-3,Cui,4,3,2.5384,2.2117,2.1927,2.2117,2.2836,2.2421,2.2421,2.2126,1.6024,2.236,2.2117,2.21,1.1971,1.2474,2.3029,2.2135,1.286,1.5514
SCA8-3,Cui,5,4,4.9397,4.5135,4.5426,4.5254,4.9397,4.9397,4.9397,4.5254,3.639,4.5686,4.5497,4.5319,3.7172,3.7172,4.6029,4.5147,3.6024,3.8311
SCA8-3,Cui,6,6,1.3705,1.3112,1.2793,1.3112,1.1609,1.2151,1.1528,1.2901,0.7808,1.2434,1.3112,1.2779,0.728,0.673,1.3705,1.0114,0.7064,0.7762
SCA8-3,Cui,7,3,3.7016,3.3051,3.8089,3.3051,3.5366,3.3181,3.3181,3.4113,2.7695,3.3006,3.2885,3.2953,2.697,2.697,3.449,3.2452,2.6513,2.9667
SCA8-3,Cui,8,5,3.1754,3.2073,3.7664,3.2073,3.0711,3.1754,3.1754,3.1887,2.3093,3.0117,3.1887,2.9937,2.1955,2.104,3.0427,3.0037,2.2314,1.8198
SCA8-3,Cui,9,3,3.6917,2.8217,2.9595,2.8217,2.9966,3.0932,3.0772,2.8217,1.6251,2.9779,2.8217,2.9214,1.6302,1.6121,2.946,2.8831,1.553,2.2098
SCA8-3,Cui,10,4,2.3064,1.8902,1.9086,1.8902,2.2383,1.8448,1.7652,1.9208,1.5328,1.9773,1.8743,1.859,1.0966,1.1241,1.828,1.7607,1.0447,1.2697
SCA8-3,Cui,11,6,2.7085,1.9257,2.5059,1.9257,2.3687,2.0237,1.9212,2.0816,1.7647,2.0019,1.7875,1.789,1.2291,1.2232,1.9168,1.7131,1.0743,1.4501
SCA8-3,Cui,12,1,0.0,0.0,0.0,0.0,0.0,0.0,0.0,0.0,0.0,0.0,0.0,0.0,0.0,0.0,0.0,0.0,0.0,0.0
SCA8-3,Cui,13,3,3.0348,2.4727,2.3909,2.4727,2.391,2.4666,2.3891,2.4033,1.2271,2.6173,2.4727,2.3406,1.1678,1.2038,2.434,2.3594,1.1932,1.7076
SCA8-3,MDRO,0,4,0.4258,0.6349,0.7825,0.6349,0.4423,0.4497,0.4497,0.6349,0.1305,0.4258,0.6349,0.4529,0.1208,0.1185,0.4258,0.3438,0.1582,0.2704
SCA8-3,MDRO,1,3,0.3574,0.2831,0.3467,0.2831,0.3574,0.3574,0.3574,0.3467,0.2411,0.3574,0.336,0.3467,0.2643,0.2643,0.3574,0.3574,0.1543,0.2187
SCA8-3,MDRO,2,2,0.1406,0.1619,0.1454,0.1619,0.1406,0.1406,0.1406,0.1454,0.1207,0.1406,0.1454,0.1454,0.1247,0.1247,0.1406,0.1406,0.1406,0.0824
SCA8-3,MDRO,3,4,0.0324,0.0728,0.0526,0.0728,0.0324,0.0324,0.0324,0.0526,0.0324,0.0324,0.0324,0.0324,0.0324,0.0324,0.0324,0.0324,0.0324,0.0177
SCA8-3,MDRO,4,6,0.8879,0.7374,0.8521,0.7374,0.7835,0.725,0.7252,0.8034,0.5163,0.8879,0.7121,0.6606,0.4512,0.3748,0.8879,0.7184,0.3567,0.4942
SCA8-3,MDRO,5,4,1.2606,1.1991,1.1991,1.1991,1.1675,1.1866,1.1866,1.1971,0.6336,1.2485,1.1917,1.1948,0.5291,0.5595,1.2606,1.1771,0.5706,0.7685
SCA8-3,MDRO,6,3,0.1178,0.1552,0.1666,0.1552,0.0936,0.1178,0.1178,0.1666,0.069,0.1178,0.0936,0.0936,0.069,0.069,0.1178,0.1178,0.1178,0.0695
SCA8-3,MDRO,7,3,0.7148,0.51,0.5098,0.51,0.53,0.567,0.5341,0.5098,0.2792,0.7148,0.51,0.5095,0.2642,0.2642,0.7148,0.5342,0.2921,0.3975
SCA8-3,MDRO,8,2,0.1673,0.1587,0.1431,0.1587,0.1431,0.1552,0.1552,0.1431,0.1206,0.1673,0.1587,0.1431,0.1249,0.1249,0.1673,0.1673,0.0825,0.107
SCA8-3,MDRO,9,4,0.2368,0.283,0.283,0.283,0.2368,0.2368,0.2368,0.283,0.2368,0.2368,0.2243,0.261,0.1681,0.1725,0.2368,0.2368,0.1474,0.1287
SCA8-3,MDRO,10,4,0.5646,0.4845,0.8065,0.4845,0.5397,0.5537,0.5602,0.5666,0.2369,0.5646,0.4834,0.5149,0.2424,0.2424,0.5646,0.5203,0.2276,0.3173
SCA8-3,MDRO,11,1,0.0,0.0,0.0,0.0,0.0,0.0,0.0,0.0,0.0,0.0,0.0,0.0,0.0,0.0,0.0,0.0,0.0,0.0
SCA8-3,MDRO,12,2,0.5913,0.6445,0.6445,0.6445,0.572,0.5816,0.5816,0.6272,0.3171,0.5913,0.6445,0.6272,0.3141,0.3141,0.5913,0.5948,0.3277,0.3792
SCA8-3,MDRO,13,2,0.1429,0.1596,0.1596,0.1596,0.1429,0.1429,0.1429,0.1596,0.1429,0.1429,0.1596,0.1596,0.1596,0.1596,0.1429,0.1429,0.1429,0.0838
SCA8-3,MDRO,14,3,0.1899,0.2351,0.1563,0.2351,0.1899,0.1899,0.1899,0.1563,0.1486,0.1899,0.1899,0.1772,0.174,0.1431,0.1899,0.1899,0.1899,0.1139
SCA8-3,MDRO,15,2,0.8089,0.7838,0.7838,0.7838,0.7867,0.8176,0.8176,0.7838,0.5198,0.8089,0.7838,0.7838,0.5198,0.5198,0.8089,0.72,0.4487,0.4643
SCA8-3,MDRO,16,1,0.0291,0.0291,0.0291,0.0291,0.0291,0.0291,0.0291,0.0291,0.0291,0.0291,0.0291,0.0291,0.0291,0.0291,0.0291,0.0291,0.0291,0.0291
SCA8-4,Det,0,7,42.9417,33.4992,33.5109,33.5132,37.0102,33.5924,33.5106,33.4886,42.9417,33.6533,33.5132,33.5017,33.5017,33.5017,33.8196,33.5345,33.5444,25.0504
SCA8-4,Det,1,7,17.5831,12.637,15.1701,12.637,12.7274,15.0572,12.2542,13.5341,15.4015,12.144,12.5881,12.1968,12.1968,10.9292,12.3892,11.888,10.9776,9.7793
SCA8-4,Det,2,3,20.7922,17.4201,17.4371,17.4371,19.4163,17.4046,17.3763,17.4371,16.3647,17.5421,17.4371,17.4371,14.7419,14.5007,17.4445,17.4454,14.598,13.3062
SCA8-4,Det,3,5,29.4653,20.4181,21.9204,20.4367,23.6956,22.6959,20.3775,21.4093,26.4635,20.6876,20.4367,20.3542,20.8949,18.628,20.5762,20.4055,18.4993,15.9466
SCA8-4,Det,4,5,22.0624,21.4944,21.2687,21.3248,22.0642,21.3,22.0624,21.2687,18.5005,21.2049,21.3248,21.2687,18.372,18.3727,21.1899,21.273,18.4887,18.0497
SCA8-4,Det,5,7,36.3083,30.7833,33.2875,30.7493,34.2516,33.4647,31.3789,32.1953,36.3083,30.4383,30.3722,30.76,30.76,30.76,30.7915,30.3336,30.382,25.6231
SCA8-4,Det,6,4,27.3492,26.7287,27.086,26.6458,26.5989,26.7787,27.0163,26.6625,27.3492,26.552,26.6625,26.6625,26.6625,26.6625,26.887,26.3501,26.433,22.4954
SCA8-4,Det,7,5,32.5845,23.7894,25.3877,23.7742,27.6813,24.6756,23.647,24.3628,31.0165,23.61,23.7894,23.8182,23.8803,23.4104,24.1721,23.5313,23.5373,18.0259
SCA8-4,Det,8,7,33.4405,24.8306,26.5243,24.4089,28.6186,29.0146,26.5533,26.023,33.4405,24.6437,24.8209,24.7598,24.7598,24.7443,25.3501,24.5985,24.6582,17.4924
SCA8-4,SAA,0,2,0.2252,0.2445,0.2445,0.2445,0.2252,0.2252,0.2252,0.2445,0.3059,0.2252,0.2445,0.2445,0.2492,0.2825,0.2252,0.2252,0.202,0.1265
SCA8-4,SAA,1,4,3.2115,2.4369,2.3695,2.4369,2.945,3.0622,2.5743,2.3844,2.3123,2.5046,2.4369,2.4327,1.1925,1.1925,2.5096,2.4775,1.2097,1.7673
SCA8-4,SAA,2,3,1.5777,1.4642,1.7219,1.4642,1.4121,1.4335,1.4335,1.7046,0.9048,1.6856,1.4642,1.4147,0.7989,0.8443,1.5404,1.3798,0.7335,0.8854
SCA8-4,SAA,3,2,0.0,0.0,0.0,0.0,0.0,0.0,0.0,0.0,0.0065,0.0,0.0,0.0,0.0,0.0,0.0,0.0,0.0,0.0
SCA8-4,SAA,4,3,2.7188,2.3238,2.3802,2.3238,2.2875,2.4466,2.4261,2.3797,1.3072,2.346,2.2411,2.3323,1.233,1.2322,2.3069,2.2756,1.2571,1.5942
SCA8-4,SAA,5,2,2.4842,2.3198,2.3198,2.3198,2.265,2.315,2.315,2.3198,1.4088,2.315,2.3198,2.3198,1.4088,1.501,2.4842,2.2986,1.3876,1.4084
SCA8-4,SAA,6,3,0.3718,0.3647,0.3586,0.3525,0.3718,0.3718,0.3718,0.3586,0.3718,0.3718,0.3338,0.3586,0.1952,0.1952,0.3718,0.3718,0.21,0.2109
SCA8-4,SAA,7,3,0.5208,0.5543,0.7257,0.5543,0.5276,0.5329,0.5329,0.541,0.4731,0.5208,0.541,0.541,0.5384,0.4515,0.5208,0.5329,0.4145,0.2946
SCA8-4,SAA,8,4,1.0013,0.8969,0.8867,0.8969,1.0013,1.0013,1.0013,0.8867,0.9562,1.0013,0.8969,0.881,0.6591,0.6631,1.0013,0.8819,0.6028,0.5415
SCA8-4,SAA,9,5,0.1521,0.2327,0.1959,0.2327,0.1689,0.1521,0.1521,0.1959,0.1026,0.1521,0.1461,0.1632,0.0763,0.0868,0.1521,0.1521,0.0828,0.0853
SCA8-4,SAA,10,5,0.2377,0.2344,0.2344,0.2344,0.2377,0.2377,0.2377,0.2344,0.3884,0.2377,0.1957,0.2145,0.1506,0.1506,0.2377,0.2145,0.1506,0.1314
SCA8-4,SAA,11,2,2.7187,2.5345,2.5615,2.5345,2.5589,2.5776,2.5776,2.5615,1.7356,2.478,2.5345,2.5615,1.6634,1.6634,2.5641,2.5345,1.6212,1.5322
SCA8-4,SAA,12,6,0.0298,0.0179,0.0179,0.0179,0.017,0.0298,0.0298,0.0179,0.0127,0.0298,0.0179,0.0177,0.021,0.0156,0.0298,0.0298,0.0526,0.017
SCA8-4,SAA,13,3,1.2543,1.0793,1.0793,1.0793,1.1348,1.1202,1.1202,1.0764,0.8583,1.1585,1.0793,1.0764,0.8702,0.8897,1.5745,1.0764,0.8835,0.6849
SCA8-4,SAA,14,3,2.9194,2.5429,2.9609,2.5429,2.4457,2.5928,2.5786,2.5429,1.3299,2.682,2.5429,2.4598,1.3526,1.365,2.6884,2.4504,1.414,1.6908
SCA8-4,WDRO,0,3,0.3461,0.3749,0.4661,0.3749,0.4372,0.3403,0.3403,0.4661,0.1732,0.3461,0.3749,0.392,0.1686,0.1686,0.3461,0.3517,0.1608,0.2061
SCA8-4,WDRO,1,5,0.2089,0.2104,0.4738,0.2104,0.2104,0.2089,0.2089,0.4738,0.1323,0.2089,0.2104,0.2088,0.1706,0.1706,0.2089,0.2122,0.1315,0.1147
SCA8-4,WDRO,2,5,0.2377,0.2344,0.2344,0.2344,0.2377,0.2377,0.2377,0.2344,0.3884,0.2377,0.1957,0.2145,0.1506,0.1506,0.2377,0.2145,0.1506,0.1314
SCA8-4,WDRO,3,4,0.1413,0.1626,0.1626,0.1626,0.1413,0.1413,0.1413,0.1626,0.1019,0.1413,0.1626,0.1456,0.1562,0.1446,0.1413,0.1413,0.1203,0.0815
SCA8-4,WDRO,4,2,0.0,0.0169,0.0,0.0169,0.0,0.0,0.0,0.0,0.0,0.0,0.0,0.0,0.0058,0.0058,0.0,0.0,0.0,0.0
SCA8-4,WDRO,5,3,0.3898,0.3173,0.3201,0.3173,0.3163,0.3764,0.3764,0.3201,0.2032,0.3898,0.3173,0.3163,0.2211,0.2211,0.3898,0.3144,0.199,0.2422
SCA8-4,WDRO,6,4,0.2952,0.2269,0.2616,0.2269,0.2952,0.2952,0.2952,0.2616,0.1725,0.2952,0.2265,0.2257,0.1289,0.1289,0.2952,0.2386,0.1437,0.1661
SCA8-4,WDRO,7,4,0.0,0.0177,0.0,0.0,0.0,0.0,0.0,0.0,0.0,0.0,0.0,0.0,0.0,0.0,0.0,0.0,0.0,0.0
SCA8-4,WDRO,8,2,0.5165,0.4522,0.4644,0.4522,0.4678,0.5043,0.5043,0.4644,0.238,0.5165,0.4522,0.4644,0.2512,0.2876,0.5165,0.4644,0.2755,0.2975
SCA8-4,WDRO,9,2,0.0,0.0151,0.0,0.0151,0.0,0.0,0.0,0.0,0.013,0.0,0.0151,0.0,0.0065,0.0065,0.0,0.0,0.0,0.0
SCA8-4,WDRO,10,4,0.4759,0.5762,0.5762,0.5762,0.4992,0.464,0.464,0.5583,0.3422,0.4759,0.5762,0.5581,0.3167,0.3167,0.4759,0.4759,0.3119,0.2841
SCA8-4,WDRO,11,2,0.6432,0.617,0.617,0.617,0.6286,0.6432,0.6432,0.617,0.4985,0.6432,0.617,0.617,0.4985,0.5083,0.6432,0.5937,0.4925,0.3513
SCA8-4,WDRO,12,2,0.6066,0.5713,0.583,0.5713,0.6066,0.5948,0.5948,0.583,0.4313,0.6066,0.583,0.583,0.3842,0.3842,0.6066,0.5648,0.3837,0.3591
SCA8-4,WDRO,13,2,0.0295,0.0466,0.0466,0.0466,0.0295,0.0295,0.0295,0.0466,0.0295,0.0295,0.0466,0.0466,0.0466,0.0349,0.0295,0.0295,0.0295,0.0172
SCA8-4,WDRO,14,2,0.2252,0.2445,0.2445,0.2445,0.2252,0.2252,0.2252,0.2445,0.3059,0.2252,0.2445,0.2445,0.2492,0.2825,0.2252,0.2252,0.202,0.1265
SCA8-4,WDRO,15,2,0.0298,0.0298,0.0298,0.0298,0.0168,0.0298,0.0298,0.0298,0.0053,0.0298,0.0298,0.0298,0.0053,0.0053,0.0298,0.0298,0.0298,0.0168
SCA8-4,WDRO,16,2,0.2796,0.2796,0.2796,0.2796,0.2796,0.2796,0.2796,0.2796,0.1618,0.2796,0.2796,0.2796,0.1618,0.1618,0.2796,0.2979,0.1762,0.1673
SCA8-4,Gounaris,0,3,1.6539,1.5593,1.5593,1.5593,1.5782,1.5528,1.5594,1.5593,1.1792,1.6016,1.5593,1.5593,0.8896,0.8896,1.6539,1.4732,0.8634,0.9193
SCA8-4,Gounaris,1,6,1.8445,1.6199,1.7522,1.6199,1.6114,1.7185,1.6337,1.6361,0.8927,1.6576,1.6358,1.6102,0.5621,0.6186,1.7189,1.5932,0.5733,1.1776
SCA8-4,Gounaris,2,3,1.1302,1.0177,1.0177,1.0177,1.0848,1.0848,1.0848,1.0164,0.6457,1.1302,1.0063,1.0164,0.6003,0.6003,1.1302,1.0335,0.6157,0.6765
SCA8-4,Gounaris,3,1,0.0,0.0,0.0,0.0,0.0,0.0,0.0,0.0,0.0,0.0,0.0,0.0,0.0,0.0,0.0,0.0,0.0,0.0
SCA8-4,Gounaris,4,3,4.287,3.5679,3.5141,3.5679,3.485,3.5086,3.5086,3.5258,1.5416,3.3803,3.5679,3.3928,1.6305,1.6305,3.4469,3.4058,1.5292,2.4426
SCA8-4,Gounaris,5,5,3.2495,2.9503,3.3098,2.9503,2.7597,2.9192,2.9063,3.222,2.3954,2.808,2.8991,2.935,2.935,2.2359,2.8229,2.7975,2.109,1.8384
SCA8-4,Gounaris,6,4,1.0013,0.8969,0.8867,0.8969,1.0013,1.0013,1.0013,0.8867,0.9562,1.0013,0.8969,0.881,0.6591,0.6631,1.0013,0.8819,0.6028,0.5415
SCA8-4,Gounaris,7,4,3.029,2.5384,2.7058,2.5384,2.543,2.5534,2.4761,2.7058,1.4566,2.6353,2.5034,2.4689,1.3906,1.3863,2.7146,2.4425,1.4068,1.7316
SCA8-4,Gounaris,8,4,1.4764,1.2815,1.2974,1.2815,1.2603,1.1964,1.2244,1.2826,0.7019,1.2203,1.2742,1.1992,0.6679,0.6977,1.4764,1.2651,0.5778,0.8572
SCA8-4,Gounaris,9,4,3.9286,3.5284,3.5284,3.5284,3.5317,3.3772,3.3772,3.5516,3.4593,3.5666,3.5284,3.404,3.0522,2.964,3.4176,3.3958,3.0394,2.2608
SCA8-4,Gounaris,10,4,3.5056,3.0938,3.2816,3.0938,2.9511,3.0503,3.0503,3.2581,2.1613,3.1087,3.0998,2.8929,2.321,2.1886,2.8929,2.9328,2.2347,1.9143
SCA8-4,Gounaris,11,2,2.7187,2.5345,2.5615,2.5345,2.5589,2.5776,2.5776,2.5615,1.7356,2.478,2.5345,2.5615,1.6634,1.6634,2.5641,2.5345,1.6212,1.5322
SCA8-4,Gounaris,12,3,3.6026,3.4197,3.4197,3.4197,3.5023,3.629,3.6026,3.4325,2.3284,3.3795,3.4197,3.4481,2.2644,2.3569,3.4145,3.4125,2.2947,2.0409
SCA8-4,Gounaris,13,4,2.4774,2.3535,2.5956,2.3535,2.2722,2.3262,2.3262,2.3703,2.4774,2.3114,2.3535,2.3249,2.3249,2.3296,2.2799,2.2515,2.2372,1.4715
SCA8-4,Cui,0,3,3.0469,2.6049,2.5792,2.6049,2.7908,2.7043,2.6518,2.6067,1.6776,2.5291,2.6161,2.5096,1.0949,1.0949,2.6637,2.589,1.1687,1.7764
SCA8-4,Cui,1,3,1.6474,1.3136,1.3136,1.3136,1.4118,1.5161,1.5161,1.3136,0.9135,1.4455,1.3136,1.3136,0.6822,0.7206,1.6474,1.3595,0.76,0.9213
SCA8-4,Cui,2,5,0.2089,0.2104,0.4738,0.2104,0.2104,0.2089,0.2089,0.4738,0.1323,0.2089,0.2104,0.2088,0.1706,0.1706,0.2089,0.2122,0.1315,0.1147
SCA8-4,Cui,3,4,2.6084,2.1413,2.3386,2.1413,2.1368,2.0898,2.0898,2.331,1.3806,2.2023,2.1285,2.0929,1.2507,1.2362,2.3679,2.089,1.2307,1.464
SCA8-4,Cui,4,3,3.2938,3.481,3.4519,3.481,3.2109,3.1673,3.1673,3.4268,1.9894,3.1229,3.4143,3.1526,2.1336,1.8835,3.224,3.1899,1.8531,1.9949
SCA8-4,Cui,5,3,2.7188,2.3238,2.3802,2.3238,2.2875,2.4466,2.4261,2.3797,1.3072,2.346,2.2411,2.3323,1.233,1.2322,2.3069,2.2756,1.2571,1.5942
SCA8-4,Cui,6,2,2.4842,2.3198,2.3198,2.3198,2.265,2.315,2.315,2.3198,1.4088,2.315,2.3198,2.3198,1.4088,1.501,2.4842,2.2986,1.3876,1.4084
SCA8-4,Cui,7,3,1.0058,0.9939,0.9244,0.9244,1.0058,1.0058,1.0058,0.9244,1.0591,1.0716,0.9244,0.9244,0.7099,0.7099,1.0058,0.9176,0.6297,0.5567
SCA8-4,Cui,8,3,0.5208,0.5543,0.7257,0.5543,0.5276,0.5329,0.5329,0.541,0.4731,0.5208,0.541,0.541,0.5384,0.4515,0.5208,0.5329,0.4145,0.2946
SCA8-4,Cui,9,4,0.2693,0.2701,0.2701,0.2701,0.2686,0.2693,0.2693,0.2699,0.1254,0.2693,0.2329,0.2547,0.0801,0.0801,0.2693,0.2547,0.0915,0.1627
SCA8-4,Cui,10,6,2.8118,2.3478,3.065,2.3478,2.2958,2.3505,2.3505,2.5797,2.1267,2.5689,2.2674,2.2613,1.3424,1.3719,2.3195,2.2196,1.2871,1.6658
SCA8-4,Cui,11,6,2.7436,2.5538,2.7167,2.5538,2.7159,2.4694,2.7436,2.6535,2.2703,2.477,2.5524,2.3183,1.9488,1.8945,2.4498,2.2907,1.9262,1.5032
SCA8-4,Cui,12,2,2.6784,2.3825,2.3958,2.3825,2.419,2.4326,2.4326,2.3958,1.5878,2.4494,2.3825,2.3958,1.6075,1.6075,2.422,2.3925,1.6013,1.4985
SCA8-4,Cui,13,3,1.3053,1.1287,1.1287,1.1287,1.3053,1.3053,1.3053,1.1287,1.3845,1.212,1.1287,1.1287,0.8911,0.8911,1.4199,1.2203,0.8735,0.7157
SCA8-4,MDRO,0,4,0.2934,0.297,0.3188,0.297,0.2934,0.2934,0.2934,0.3188,0.2461,0.2934,0.2934,0.2806,0.2806,0.3459,0.2934,0.2842,0.1972,0.1642
SCA8-4,MDRO,1,3,0.8648,0.8335,0.8335,0.8335,0.8031,0.8278,0.8278,0.8459,0.4467,0.8648,0.8278,0.8206,0.486,0.4989,0.8648,0.8186,0.4254,0.5071
SCA8-4,MDRO,2,5,0.2089,0.2104,0.4738,0.2104,0.2104,0.2089,0.2089,0.4738,0.1323,0.2089,0.2104,0.2088,0.1706,0.1706,0.2089,0.2122,0.1315,0.1147
SCA8-4,MDRO,3,3,0.0,0.0,0.0,0.0,0.0,0.0,0.0,0.0,0.0,0.0,0.0,0.0,0.0,0.0,0.0,0.0,0.0144,0.0
SCA8-4,MDRO,4,2,0.4044,0.3921,0.3921,0.3921,0.3921,0.3921,0.3921,0.3921,0.4044,0.4044,0.3921,0.3921,0.3921,0.3921,0.4044,0.4044,0.3736,0.2327
SCA8-4,MDRO,5,2,0.6432,0.785,0.785,0.785,0.7667,0.6154,0.6154,0.785,0.6329,0.6432,0.785,0.785,0.584,0.584,0.6432,0.6154,0.598,0.3669
SCA8-4,MDRO,6,3,0.5437,0.3693,0.3949,0.3693,0.3846,0.3982,0.3982,0.3897,0.1832,0.6526,0.3693,0.3879,0.2068,0.2068,0.5437,0.4114,0.1817,0.3156
SCA8-4,MDRO,7,2,0.5165,0.4522,0.4644,0.4522,0.4678,0.5043,0.5043,0.4644,0.238,0.5165,0.4522,0.4644,0.2512,0.2876,0.5165,0.4644,0.2755,0.2975
SCA8-4,MDRO,8,3,0.0302,0.1044,0.0872,0.1044,0.0692,0.0302,0.0302,0.0872,0.0285,0.0302,0.1044,0.0872,0.0345,0.0345,0.0302,0.0302,0.0456,0.0173
SCA8-4,MDRO,9,5,0.404,0.4603,0.4401,0.4603,0.4389,0.399,0.4018,0.4496,0.3236,0.404,0.4603,0.4038,0.1697,0.1564,0.404,0.3889,0.1408,0.2441
SCA8-4,MDRO,10,5,0.2344,0.2886,0.2309,0.2886,0.2092,0.2344,0.2344,0.2309,0.1485,0.2344,0.2344,0.2688,0.2039,0.2186,0.2344,0.2344,0.2029,0.1287
SCA8-4,MDRO,11,2,0.3018,0.3895,0.3895,0.3895,0.371,0.3525,0.3525,0.3895,0.3225,0.3018,0.3895,0.3895,0.3225,0.4031,0.3018,0.3018,0.2769,0.1851
SCA8-4,MDRO,12,5,0.9221,0.8685,0.9136,0.8685,0.9099,0.8977,0.8977,0.8689,0.6716,0.9221,0.8501,0.8675,0.4999,0.4702,0.9221,0.8964,0.5545,0.5505
SCA8-4,MDRO,13,2,0.3941,0.5825,0.5491,0.5825,0.4047,0.4108,0.4108,0.5491,0.4417,0.3941,0.5825,0.5491,0.5491,0.4704,0.3941,0.3941,0.4131,0.2341
SCA8-4,MDRO,14,2,0.1978,0.1856,0.1856,0.1856,0.1978,0.1978,0.1978,0.1856,0.1136,0.1978,0.1856,0.1856,0.1136,0.1136,0.1978,0.1978,0.1101,0.1122
SCA8-4,MDRO,15,2,0.7955,0.77,0.77,0.77,0.77,0.7955,0.7955,0.77,0.5391,0.7955,0.77,0.77,0.4186,0.4186,0.7955,0.77,0.489,0.47
SCA8-5,Det,0,7,30.7012,23.7253,25.8432,23.7253,23.5783,27.1648,24.5902,24.6386,30.7012,23.1455,23.5926,23.0451,23.0451,23.0451,23.3089,23.129,23.0886,17.213
SCA8-5,Det,1,7,37.1784,28.9938,29.8119,28.8734,33.7889,28.5195,29.0897,28.9462,37.1784,28.3752,28.9462,28.3044,28.3044,28.3044,28.4736,28.1624,28.2283,21.304
SCA8-5,Det,2,5,35.2844,28.3812,28.644,28.2942,28.0304,35.0824,33.6889,28.3002,35.2844,28.1958,28.4314,28.4341,28.4341,28.4341,28.1169,28.2712,28.2826,19.5373
SCA8-5,Det,3,9,29.5736,22.6256,24.6363,22.7503,26.3262,25.9993,26.9238,23.373,28.7465,23.0113,22.7498,22.7615,22.7615,22.314,22.9351,22.6547,22.3514,15.2807
SCA8-5,Det,4,5,19.9554,15.3815,17.027,15.5608,16.206,18.7858,15.6258,16.645,16.4966,15.2677,15.5608,15.2744,15.2744,12.903,15.3265,15.1094,12.8219,11.2019
SCA8-5,Det,5,3,23.3367,18.2999,20.361,18.2999,18.2235,19.8296,18.3929,18.3036,20.7545,18.1343,18.3221,18.2665,18.2665,18.0345,18.2531,18.2516,18.2429,14.5176
SCA8-5,Det,6,5,28.6146,21.422,22.4121,21.4379,23.4578,24.4983,20.8096,21.199,28.6146,20.9198,21.4537,20.7517,20.6611,20.6611,20.7514,20.8406,20.8688,16.3629
SCA8-5,Det,7,5,32.0207,26.6973,28.0836,26.6426,28.4032,31.0887,30.5113,27.5576,32.0207,26.3638,26.6426,26.2375,26.2375,26.2375,26.264,26.2755,26.2649,18.7714
SCA8-5,Det,8,4,4.2862,3.314,3.5749,3.314,3.2436,3.4818,3.265,3.3603,2.2256,3.357,3.3647,3.2255,1.4812,1.4701,3.2574,3.1777,1.4746,2.4451
SCA8-5,SAA,0,5,1.581,1.62,1.6412,1.62,1.5308,1.5308,1.5308,1.6412,1.0768,1.581,1.5273,1.5245,1.1215,1.0768,1.581,1.5225,1.0828,0.8829
SCA8-5,SAA,1,5,3.5191,2.8133,2.8133,2.8133,3.5191,3.0607,3.0085,2.8133,2.8908,2.9227,2.8133,2.7934,1.6968,1.4612,2.7063,2.62,1.5001,1.9121
SCA8-5,SAA,2,3,1.1068,1.0185,1.0738,1.0185,1.0555,1.1068,1.1068,1.0555,0.6333,1.0482,1.0185,1.0307,0.4511,0.4511,1.1068,1.0174,0.3786,0.6776
SCA8-5,SAA,3,3,1.5139,1.4109,1.3945,1.4109,1.3463,1.4778,1.4778,1.3945,0.8284,1.3533,1.4109,1.3927,0.8134,0.8134,1.5353,1.3598,0.8787,0.873
SCA8-5,SAA,4,2,0.0264,0.0264,0.0264,0.0264,0.0264,0.0264,0.0264,0.0264,0.0073,0.0264,0.0264,0.0264,0.0073,0.0073,0.0264,0.0264,0.0264,0.0154
SCA8-5,SAA,5,5,2.0002,1.6782,2.04,1.6782,1.8952,1.8495,1.8495,1.8658,1.1974,1.7727,1.6782,1.732,1.0333,1.0451,1.9717,1.6532,0.9856,1.2066
SCA8-5,SAA,6,7,0.6859,0.5451,1.0733,0.5451,0.6551,0.604,0.5709,0.7092,0.584,0.8373,0.5584,0.5676,0.3089,0.3089,0.6859,0.5931,0.3214,0.3666
SCA8-5,SAA,7,3,1.3302,1.3469,1.3403,1.3469,1.2994,1.2929,1.2929,1.3447,1.3492,1.3302,1.3469,1.3194,1.3194,1.2695,1.3302,1.3092,1.3116,0.7365
SCA8-5,SAA,8,2,0.8944,0.8394,0.8849,0.8394,0.8482,0.8944,0.8944,0.8394,0.4871,0.8944,0.8394,0.8394,0.4378,0.4378,0.8944,0.8048,0.4842,0.5801
SCA8-5,SAA,9,3,3.701,3.1619,3.3114,3.1619,3.1985,3.6561,3.6561,3.3114,2.1382,3.2301,3.1619,3.2336,2.1715,2.1715,3.3131,3.1666,2.1788,2.5138
SCA8-5,SAA,10,3,0.8911,0.8684,0.8512,0.8684,0.8911,0.8911,0.8911,0.8512,0.8911,0.8911,0.8684,0.8512,0.8512,0.8628,0.8911,0.8843,0.7725,0.5143
SCA8-5,SAA,11,5,2.2938,2.1262,2.2763,2.1262,2.1395,2.1464,2.1464,2.1649,1.8145,2.2938,2.1262,2.0834,1.5039,1.4973,2.2938,2.0752,1.5168,1.3172
SCA8-5,SAA,12,2,2.769,2.7013,2.6685,2.7013,2.6969,2.7058,2.7058,2.7013,2.0681,2.6685,2.7013,2.7013,2.131,2.1365,2.769,2.6467,2.1742,1.7123
SCA8-5,SAA,13,2,2.391,2.4572,2.4572,2.4572,2.4042,2.465,2.465,2.4692,1.7175,2.4529,2.4572,2.4692,1.7175,1.7175,2.5304,2.4042,1.5911,1.498
SCA8-5,WDRO,0,2,0.09,0.09,0.09,0.09,0.09,0.09,0.09,0.09,0.09,0.09,0.09,0.09,0.09,0.09,0.09,0.1139,0.0604,0.0503
SCA8-5,WDRO,1,4,0.0,0.0,0.0,0.0,0.0,0.0,0.0,0.0,0.0,0.0,0.0,0.0,0.0,0.0,0.0,0.0,0.0,0.0
SCA8-5,WDRO,2,5,0.0927,0.1031,0.1253,0.1031,0.0927,0.0927,0.0927,0.1041,0.0733,0.0927,0.0927,0.0986,0.0539,0.0539,0.0927,0.0927,0.0978,0.0553
SCA8-5,WDRO,3,3,0.4703,0.4037,0.3838,0.4037,0.4128,0.4242,0.4242,0.3965,0.218,0.4703,0.4058,0.3965,0.2127,0.2127,0.4703,0.4058,0.2093,0.3029
SCA8-5,WDRO,4,4,0.0605,0.0605,0.0605,0.0605,0.0605,0.0605,0.0605,0.0605,0.0605,0.0605,0.0605,0.0605,0.0605,0.0605,0.0605,0.0605,0.0484,0.0343
SCA8-5,WDRO,5,6,0.351,0.2753,0.3367,0.2753,0.3377,0.2797,0.2797,0.2989,0.3171,0.351,0.2838,0.2683,0.1723,0.1723,0.351,0.2721,0.1738,0.1914
SCA8-5,WDRO,6,2,0.3953,0.3425,0.3267,0.3425,0.3267,0.3953,0.3953,0.3267,0.2313,0.3953,0.3425,0.3267,0.2501,0.2501,0.3953,0.3267,0.2267,0.2626
SCA8-5,WDRO,7,2,0.2769,0.3524,0.3181,0.3524,0.2769,0.2769,0.2769,0.3181,0.3005,0.2769,0.3352,0.3181,0.3345,0.3345,0.2769,0.2769,0.2905,0.1541
SCA8-5,WDRO,8,4,0.1894,0.1811,0.1811,0.1811,0.1894,0.1894,0.1894,0.1811,0.1894,0.1894,0.1811,0.1811,0.1921,0.1921,0.1894,0.1894,0.1785,0.1048
SCA8-5,WDRO,9,2,0.7129,0.6869,0.6869,0.6869,0.6999,0.6999,0.6999,0.6869,0.6951,0.7129,0.6869,0.6869,0.6951,0.6951,0.7129,0.7074,0.7138,0.4012
SCA8-5,WDRO,10,2,0.2525,0.2525,0.2525,0.2525,0.2525,0.2525,0.2525,0.2525,0.2347,0.2525,0.2525,0.2525,0.2474,0.2474,0.2525,0.2525,0.2525,0.2388
SCA8-5,WDRO,11,2,0.0,0.0501,0.0167,0.0501,0.0,0.0,0.0,0.0167,0.004,0.0,0.0167,0.0167,0.004,0.004,0.0,0.0,0.004,0.0
SCA8-5,WDRO,12,3,0.0526,0.1006,0.0671,0.1006,0.0333,0.0333,0.0333,0.0504,0.0131,0.0526,0.0671,0.0502,0.0131,0.0131,0.0526,0.0526,0.023,0.0333
SCA8-5,WDRO,13,2,0.4799,0.5148,0.5079,0.5148,0.5148,0.5079,0.5079,0.5079,0.3726,0.4799,0.5245,0.5079,0.3726,0.3726,0.4799,0.4939,0.2328,0.315
SCA8-5,WDRO,14,2,0.0271,0.0271,0.0271,0.0271,0.0271,0.0271,0.0271,0.0271,0.0271,0.0271,0.0271,0.0271,0.0271,0.0271,0.0271,0.0271,0.0271,0.0155
SCA8-5,WDRO,15,3,0.1939,0.2437,0.2384,0.2437,0.1939,0.1939,0.1939,0.2384,0.2567,0.1939,0.2119,0.1976,0.2838,0.2583,0.1939,0.1939,0.2127,0.1081
SCA8-5,WDRO,16,2,0.0854,0.0977,0.0804,0.0977,0.115,0.0854,0.0854,0.0804,0.0412,0.0854,0.0804,0.0804,0.0412,0.0412,0.0854,0.0854,0.0356,0.0519
SCA8-5,Gounaris,0,3,2.5643,2.2014,2.1656,2.2014,2.2253,2.4498,2.5671,2.1656,1.322,2.2222,2.2014,2.1456,1.3778,1.3778,2.1081,2.1516,1.1983,1.5471
SCA8-5,Gounaris,1,5,3.5191,2.8133,2.8133,2.8133,3.5191,3.0607,3.0085,2.8133,2.8908,2.9227,2.8133,2.7934,1.6968,1.4612,2.7063,2.62,1.5001,1.9121
SCA8-5,Gounaris,2,3,3.3588,3.2254,3.3124,3.2254,3.2075,3.3324,3.3175,3.2122,2.6285,3.1957,3.2122,3.1878,2.3037,2.3014,3.2095,3.1319,2.4341,1.9446
SCA8-5,Gounaris,3,3,0.6734,0.5483,0.5483,0.5483,0.5813,0.6734,0.6734,0.5467,0.3342,0.6734,0.5483,0.5452,0.2632,0.2632,0.6734,0.5587,0.2805,0.3951
SCA8-5,Gounaris,4,3,3.9044,3.279,3.446,3.279,3.161,3.3151,3.125,3.4125,1.4256,3.1386,3.279,3.1252,1.4427,1.3018,3.3802,3.1619,1.2075,2.2401
SCA8-5,Gounaris,5,5,0.4068,0.5446,0.5276,0.5446,0.3592,0.4068,0.4068,0.5276,0.3123,0.4068,0.3459,0.3475,0.3223,0.3042,0.4068,0.3592,0.3088,0.2388
SCA8-5,Gounaris,6,7,2.1004,1.6003,1.8741,1.6003,1.988,1.6866,1.6185,1.7866,1.5191,1.8535,1.587,1.6103,0.9761,0.955,1.9621,1.5552,0.9705,1.1398
SCA8-5,Gounaris,7,2,0.2525,0.2525,0.2525,0.2525,0.2525,0.2525,0.2525,0.2525,0.2347,0.2525,0.2525,0.2525,0.2474,0.2474,0.2525,0.2525,0.2525,0.2388
SCA8-5,Gounaris,8,4,0.1894,0.1811,0.1811,0.1811,0.1894,0.1894,0.1894,0.1811,0.1894,0.1894,0.1811,0.1811,0.1921,0.1921,0.1894,0.1894,0.1785,0.1048
SCA8-5,Gounaris,9,3,4.9471,4.1549,4.1549,4.1549,4.1658,4.3272,4.3272,4.168,3.3417,4.179,4.1534,4.1936,3.7649,3.3837,4.1936,4.0961,3.3431,2.7181
SCA8-5,Gounaris,10,4,0.3702,0.3626,0.3544,0.3626,0.3354,0.3702,0.3702,0.3544,0.1987,0.3702,0.348,0.3354,0.1826,0.1826,0.3702,0.3385,0.196,0.2056
SCA8-5,Gounaris,11,4,2.4109,2.3213,2.3353,2.3213,2.2769,2.5131,2.4247,2.3274,1.8305,2.5317,2.2741,2.3213,1.9244,1.9155,2.5086,2.2691,1.9041,1.3442
SCA8-5,Gounaris,12,2,1.4916,1.4916,1.4916,1.4916,1.4916,1.4916,1.4916,1.4916,1.0915,1.4916,1.4916,1.4916,1.1751,1.1751,1.4916,1.4916,1.1598,1.2344
SCA8-5,Gounaris,13,2,2.2132,2.1874,2.1537,2.1874,2.1656,2.1755,2.1755,2.1537,1.8235,2.2132,2.1874,2.1537,1.7779,1.7779,2.2132,2.1625,1.691,1.297
SCA8-5,Cui,0,3,0.9005,0.879,0.879,0.879,0.8599,0.79,0.8068,0.879,0.4385,0.9396,0.879,0.879,0.459,0.459,1.0412,0.8643,0.4762,0.559
SCA8-5,Cui,1,4,1.0513,0.856,0.9117,0.856,1.0513,0.8992,0.8992,0.9117,1.0513,0.9849,0.856,0.87,0.6298,0.6298,1.0513,0.89,0.6513,0.5752
SCA8-5,Cui,2,3,0.7298,0.605,0.5944,0.605,0.5838,0.7298,0.7298,0.5944,0.321,0.7298,0.605,0.5722,0.3174,0.3174,0.7298,0.5819,0.3333,0.4145
SCA8-5,Cui,3,4,2.1109,1.7881,1.8668,1.7881,2.2818,2.0547,2.0547,1.8668,1.6898,1.8502,1.7881,1.7958,1.2189,1.2443,1.9682,1.7833,1.288,1.2455
SCA8-5,Cui,4,3,2.3294,2.123,2.182,2.175,2.1358,2.3294,2.3294,2.1291,1.1562,2.204,2.1291,2.1291,1.1914,1.1914,2.2636,2.2273,1.1672,1.4724
SCA8-5,Cui,5,5,0.4068,0.5446,0.5276,0.5446,0.3592,0.4068,0.4068,0.5276,0.3123,0.4068,0.3459,0.3475,0.3223,0.3042,0.4068,0.3592,0.3088,0.2388
SCA8-5,Cui,6,7,0.6859,0.5451,1.0733,0.5451,0.6551,0.604,0.5709,0.7092,0.584,0.8373,0.5584,0.5676,0.3089,0.3089,0.6859,0.5931,0.3214,0.3666
SCA8-5,Cui,7,3,0.661,0.6804,0.646,0.6804,0.6037,0.5865,0.5865,0.646,0.4713,0.661,0.6632,0.646,0.5191,0.5827,0.661,0.5865,0.4713,0.3635
SCA8-5,Cui,8,3,0.0888,0.1104,0.1104,0.1104,0.0888,0.0888,0.0888,0.1104,0.1456,0.0888,0.1104,0.1104,0.1168,0.1168,0.0888,0.0888,0.0888,0.05
SCA8-5,Cui,9,2,0.8048,0.8257,0.8386,0.8257,0.8386,0.782,0.782,0.8386,0.7953,0.8048,0.8386,0.8386,0.8952,0.8661,0.8048,0.7751,0.8198,0.4442
SCA8-5,Cui,10,2,6.2324,5.6196,5.6196,5.6196,5.6566,5.5461,5.5461,5.6013,4.0397,5.5725,5.6196,5.6013,4.0589,4.0589,5.5543,5.6089,4.0676,3.7093
SCA8-5,Cui,11,5,2.9743,2.7485,3.1544,2.7485,2.6746,2.6881,2.7149,3.162,1.7908,2.575,2.6346,2.5487,1.5354,1.4772,2.693,2.3757,1.3909,1.6498
SCA8-5,Cui,12,4,3.1019,2.9886,2.9886,2.9886,3.1019,2.9736,3.1019,2.9886,3.0865,2.9497,2.9886,2.9825,2.9825,2.9326,2.9564,2.9752,2.937,1.7234
SCA8-5,Cui,13,2,4.9941,4.4327,4.4327,4.4327,4.7136,4.7494,4.7494,4.4447,3.1316,4.5883,4.4327,4.4447,2.9694,2.9592,4.4924,4.3904,3.0174,3.002
SCA8-5,MDRO,0,2,0.0912,0.1153,0.0813,0.1153,0.0813,0.0912,0.0912,0.0813,0.0487,0.0912,0.0983,0.0813,0.0608,0.0608,0.0912,0.0912,0.0669,0.0509
SCA8-5,MDRO,1,3,0.2818,0.3128,0.317,0.317,0.2818,0.2818,0.2818,0.317,0.2818,0.2818,0.317,0.317,0.2352,0.2352,0.2818,0.2818,0.1632,0.1662
SCA8-5,MDRO,2,2,0.2769,0.3524,0.3181,0.3524,0.2769,0.2769,0.2769,0.3181,0.3005,0.2769,0.3352,0.3181,0.3345,0.3345,0.2769,0.2769,0.2905,0.1541
SCA8-5,MDRO,3,5,0.2447,0.243,0.243,0.243,0.2315,0.2447,0.2447,0.243,0.1827,0.2447,0.2678,0.2225,0.176,0.176,0.2447,0.2441,0.2049,0.1391
SCA8-5,MDRO,4,5,0.0927,0.1031,0.1253,0.1031,0.0927,0.0927,0.0927,0.1041,0.0733,0.0927,0.0927,0.0986,0.0539,0.0539,0.0927,0.0927,0.0978,0.0553
SCA8-5,MDRO,5,6,0.351,0.2753,0.3367,0.2753,0.3377,0.2797,0.2797,0.2989,0.3171,0.351,0.2838,0.2683,0.1723,0.1723,0.351,0.2721,0.1738,0.1914
SCA8-5,MDRO,6,3,0.0279,0.0279,0.0279,0.0279,0.0279,0.0279,0.0279,0.0279,0.0085,0.0279,0.0279,0.0279,0.0279,0.0279,0.0279,0.0279,0.0212,0.0163
SCA8-5,MDRO,7,2,0.5347,0.5347,0.5347,0.5347,0.5347,0.5347,0.5347,0.5347,0.4681,0.5347,0.5347,0.5347,0.4334,0.4474,0.5347,0.5347,0.4379,0.3512
SCA8-5,MDRO,8,2,0.4024,0.4024,0.4024,0.4024,0.4024,0.4024,0.4024,0.4024,0.4024,0.4024,0.4024,0.4024,0.3858,0.3268,0.4024,0.4024,0.295,0.2272
SCA8-5,MDRO,9,5,0.5203,0.3889,0.4252,0.3889,0.4014,0.4224,0.4032,0.4252,0.2684,0.5203,0.4048,0.41,0.2124,0.2124,0.5203,0.4118,0.2018,0.2938
SCA8-5,MDRO,10,3,0.661,0.6804,0.646,0.6804,0.6037,0.5865,0.5865,0.646,0.4713,0.661,0.6632,0.646,0.5191,0.5827,0.661,0.5865,0.4713,0.3635
SCA8-5,MDRO,11,2,0.4271,0.3922,0.3922,0.3922,0.4036,0.4271,0.4271,0.3922,0.277,0.4271,0.3922,0.3922,0.2534,0.2534,0.4271,0.3697,0.2192,0.2548
SCA8-5,MDRO,12,2,0.3564,0.3604,0.3604,0.3604,0.3604,0.3486,0.3486,0.3604,0.1866,0.3564,0.3604,0.3604,0.2106,0.2106,0.3564,0.3564,0.2019,0.2038
SCA8-5,MDRO,13,3,0.2684,0.2748,0.2557,0.2748,0.2684,0.2684,0.2684,0.2684,0.1138,0.2684,0.2557,0.2684,0.0741,0.0731,0.2684,0.2344,0.113,0.171
SCA8-5,MDRO,14,2,0.4321,0.341,0.3347,0.341,0.3713,0.4321,0.4321,0.3347,0.2227,0.4321,0.3226,0.3347,0.2009,0.2009,0.4321,0.3713,0.2273,0.2739
SCA8-5,MDRO,15,3,0.4959,0.501,0.4997,0.4997,0.4959,0.4959,0.4959,0.4997,0.4174,0.4959,0.4997,0.4997,0.4225,0.4225,0.4959,0.4859,0.4072,0.2885
SCA8-6,Det,0,7,39.17,29.3576,30.0728,29.2259,34.5732,29.2048,29.9996,28.9772,37.799,28.9698,29.2259,29.2895,28.7395,28.8382,30.2737,29.1,28.9008,20.5268
SCA8-6,Det,1,5,40.5676,39.6649,39.7026,39.6267,40.4668,39.8317,39.6633,39.5939,40.5676,39.6456,39.6267,39.6339,39.6339,39.6339,39.6633,39.5981,39.6315,37.2285
SCA8-6,Det,2,6,35.7765,28.8232,31.0701,28.8232,30.4399,29.7961,28.9686,30.118,35.7765,28.6772,28.7682,28.7395,28.7395,28.7395,29.0111,28.474,28.4522,22.4679
SCA8-6,Det,3,2,0.3235,0.3153,0.3078,0.3153,0.3157,0.3235,0.3235,0.3078,0.1799,0.3235,0.3268,0.3078,0.1511,0.1511,0.3235,0.3305,0.1396,0.1964
SCA8-6,Det,4,6,22.3261,16.0455,17.0552,16.0853,18.5903,16.4324,15.418,16.3211,19.5876,15.6717,15.9848,15.5273,15.5273,14.1645,15.453,15.4746,14.4578,12.1237
SCA8-6,Det,5,4,21.3915,17.6518,18.2754,17.6094,20.0893,19.1162,19.4571,18.289,21.3915,17.9329,17.6094,17.6263,17.6466,17.6466,17.6069,17.7277,17.6628,13.3807
SCA8-6,Det,6,10,36.0307,24.6369,26.8476,24.9874,30.5933,31.1875,24.5713,25.8977,36.0307,24.3375,24.9101,24.2499,24.2499,24.2094,24.359,23.9771,24.1,17.9458
SCA8-6,Det,7,4,28.9416,23.7827,23.8013,23.5805,28.5879,23.6581,28.9416,23.5805,28.9416,23.6581,23.5805,23.5805,23.5691,23.5805,23.9617,23.7203,23.6598,16.7504
SCA8-6,Det,8,6,41.5244,37.0174,38.2409,36.9923,37.7209,40.5905,41.5244,37.8215,41.5244,37.4408,36.9853,37.2782,37.2782,37.2782,37.4257,37.2551,37.2099,28.5282
SCA8-6,SAA,0,3,3.5454,3.1958,3.266,3.1958,3.0904,3.1198,3.1198,3.1958,2.2009,3.1514,3.1958,3.174,2.3459,2.1955,3.0775,3.0004,2.1011,2.0798
SCA8-6,SAA,1,4,1.9976,1.657,1.6658,1.6658,1.9976,1.7171,1.7171,1.6658,1.8304,1.807,1.6658,1.6658,1.27,1.2359,1.9976,1.6973,1.247,1.1283
SCA8-6,SAA,2,5,2.03,1.7813,2.1703,1.7813,2.0493,1.6517,2.03,2.108,1.5395,1.6168,1.6517,1.9379,1.1517,1.0632,1.7638,1.6433,1.0111,1.1597
SCA8-6,SAA,3,3,2.1456,1.999,1.9498,1.999,2.0248,2.0493,2.0502,1.999,1.5657,1.9498,2.0631,2.0081,1.5587,1.5865,2.1456,1.8895,1.5159,1.1832
SCA8-6,SAA,4,3,2.979,2.6478,2.8435,2.6478,2.6916,2.6626,2.6626,2.8435,2.2161,2.6248,2.6478,2.6446,2.0534,2.0083,2.751,2.6298,1.9062,1.6926
SCA8-6,SAA,5,3,3.7375,3.0843,3.1033,3.0843,3.3002,3.3169,3.2006,3.0679,2.599,3.092,3.0843,3.1112,1.7664,1.7664,3.3561,3.082,1.7423,2.1482
SCA8-6,SAA,6,3,0.7909,0.7987,0.7663,0.7987,0.7292,0.737,0.737,0.7663,0.5694,0.7909,0.713,0.713,0.5585,0.5585,0.7909,0.7286,0.4582,0.4674
SCA8-6,SAA,7,4,0.1757,0.2369,0.2322,0.2369,0.1803,0.1757,0.1757,0.2309,0.138,0.1757,0.2369,0.1967,0.138,0.138,0.1757,0.1757,0.1282,0.0983
SCA8-6,SAA,8,2,0.0,0.0,0.0,0.0,0.0,0.0,0.0,0.0,0.0,0.0,0.0,0.0,0.0,0.0,0.0,0.0,0.0,0.0
SCA8-6,SAA,9,6,1.9313,1.5891,1.6937,1.5891,1.6175,1.8013,1.6088,1.6757,0.9378,1.5785,1.5891,1.568,0.8798,0.9778,1.9313,1.5948,0.9048,1.0865
SCA8-6,SAA,10,4,2.2631,2.1741,2.1741,2.1741,2.2631,2.1801,2.1525,2.1733,2.2631,2.2631,2.1741,2.1531,2.1531,1.8982,2.2631,2.0884,1.7105,1.2954
SCA8-6,SAA,11,4,2.0028,1.975,1.975,1.975,2.0028,2.0028,2.0028,1.975,2.0028,2.0028,1.975,1.9743,1.9743,1.9743,2.0028,1.9169,1.9268,1.0854
SCA8-6,SAA,12,3,0.2689,0.2633,0.2633,0.2633,0.2689,0.2689,0.2689,0.2633,0.1599,0.2689,0.2633,0.2633,0.1346,0.1346,0.2689,0.2689,0.1661,0.1554
SCA8-6,SAA,13,3,0.0563,0.0484,0.0472,0.0484,0.0439,0.0563,0.0563,0.0472,0.0139,0.0563,0.0484,0.0472,0.0139,0.0139,0.0563,0.0563,0.0563,0.0315
SCA8-6,WDRO,0,4,0.6021,0.4551,0.4551,0.4551,0.5,0.6021,0.6021,0.4551,0.3775,0.6021,0.4551,0.4551,0.3207,0.3207,0.6021,0.4887,0.3597,0.3523
SCA8-6,WDRO,1,3,0.0997,0.0997,0.0997,0.0997,0.0997,0.0997,0.0997,0.0997,0.1313,0.0997,0.0997,0.0997,0.0868,0.0868,0.0997,0.0997,0.0997,0.0583
SCA8-6,WDRO,2,2,0.0299,0.0299,0.0299,0.0299,0.0299,0.0299,0.0299,0.0299,0.0299,0.0299,0.0299,0.0299,0.0299,0.0299,0.0299,0.0299,0.0299,0.0166
SCA8-6,WDRO,3,3,0.3419,0.2662,0.2662,0.2662,0.2867,0.3419,0.3419,0.2662,0.1408,0.3419,0.2662,0.2911,0.0825,0.0825,0.3419,0.2881,0.1223,0.197
SCA8-6,WDRO,4,3,0.5623,0.5618,0.5618,0.5618,0.5283,0.5623,0.5623,0.5283,0.4406,0.5623,0.5618,0.5283,0.4682,0.4406,0.5623,0.5623,0.4406,0.337
SCA8-6,WDRO,5,4,0.7241,0.7239,0.7239,0.7239,0.7139,0.7241,0.7241,0.7239,0.6701,0.7241,0.7239,0.7333,0.6173,0.6173,0.7241,0.7022,0.6214,0.3987
SCA8-6,WDRO,6,2,0.0279,0.0279,0.0279,0.0279,0.0279,0.0279,0.0279,0.0279,0.0279,0.0279,0.0279,0.0279,0.0279,0.0279,0.0279,0.0279,0.0279,0.0164
SCA8-6,WDRO,7,2,0.0627,0.0627,0.0627,0.0627,0.0627,0.0627,0.0627,0.0627,0.0627,0.0627,0.0627,0.0627,0.1325,0.1325,0.0627,0.0627,0.0627,0.0356
SCA8-6,WDRO,8,2,0.0,0.0,0.0,0.0,0.0,0.0,0.0,0.0,0.0,0.0,0.0,0.0,0.0,0.0,0.0,0.0,0.0,0.0
SCA8-6,WDRO,9,5,0.76,0.6229,0.6908,0.6938,0.7183,0.7249,0.7249,0.6908,0.494,0.76,0.6783,0.6863,0.2986,0.2986,0.76,0.6424,0.3135,0.4273
SCA8-6,WDRO,10,2,0.0578,0.0972,0.046,0.0972,0.0578,0.0578,0.0578,0.046,0.0379,0.0578,0.0631,0.046,0.0379,0.0379,0.0578,0.0578,0.0578,0.0342
SCA8-6,WDRO,11,2,0.3863,0.3863,0.3863,0.3863,0.3863,0.3863,0.3863,0.3863,0.1782,0.3863,0.3863,0.3863,0.1856,0.1856,0.3863,0.3863,0.1893,0.2294
SCA8-6,WDRO,12,6,0.2727,0.4825,0.6168,0.4825,0.2925,0.3754,0.3613,0.6158,0.1674,0.2727,0.2978,0.3479,0.2098,0.1562,0.2727,0.2856,0.2027,0.1505
SCA8-6,WDRO,13,3,0.8417,0.7538,0.8397,0.7538,0.7392,0.8417,0.8417,0.7538,0.4793,0.8417,0.7538,0.7538,0.5836,0.4698,0.8417,0.7318,0.4887,0.4984
SCA8-6,WDRO,14,1,0.0,0.0,0.0,0.0,0.0,0.0,0.0,0.0,0.0,0.0,0.0,0.0,0.0,0.0,0.0,0.0,0.0,0.0
SCA8-6,WDRO,15,2,0.2712,0.2712,0.2712,0.2712,0.2712,0.2712,0.2712,0.2712,0.2712,0.2712,0.2712,0.2712,0.2712,0.2712,0.2712,0.2712,0.2498,0.1578
SCA8-6,WDRO,16,4,0.0946,0.1172,0.1172,0.1172,0.0946,0.0946,0.0946,0.1172,0.0938,0.0946,0.1172,0.1172,0.0824,0.0824,0.0946,0.0946,0.0946,0.0536
SCA8-6,Gounaris,0,4,1.9264,1.7234,1.7218,1.7234,1.7543,1.9264,1.9264,1.747,1.3095,1.8283,1.7478,1.731,1.2403,1.298,1.9264,1.773,1.2173,1.0703
SCA8-6,Gounaris,1,4,4.1499,3.3543,3.5372,3.3543,3.506,3.5411,3.3979,3.459,2.2083,3.3149,3.3543,3.3543,2.0556,1.9949,3.6129,3.3042,2.0901,2.4642
SCA8-6,Gounaris,2,4,4.0635,3.1495,3.256,3.1495,3.6761,3.2852,3.2052,3.2123,2.4033,3.3142,3.1444,3.1413,1.7215,1.6769,3.1938,3.0422,1.6227,2.2597
SCA8-6,Gounaris,3,3,4.8343,3.935,4.0261,3.935,4.0645,4.0432,4.0003,4.0261,2.7824,4.3427,3.935,3.952,3.0221,2.7775,4.0645,3.9507,2.7858,2.7409
SCA8-6,Gounaris,4,6,4.0189,3.0127,3.1803,3.0127,3.7127,3.1559,3.0988,3.121,2.7071,3.203,3.0127,2.9638,1.4991,1.4791,3.1753,2.9374,1.567,2.2632
SCA8-6,Gounaris,5,3,0.0946,0.0946,0.0946,0.0946,0.0946,0.0946,0.0946,0.0946,0.0946,0.0946,0.0946,0.0946,0.1003,0.1003,0.0946,0.0946,0.0946,0.0523
SCA8-6,Gounaris,6,4,1.9976,1.657,1.6658,1.6658,1.9976,1.7171,1.7171,1.6658,1.8304,1.807,1.6658,1.6658,1.27,1.2359,1.9976,1.6973,1.247,1.1283
SCA8-6,Gounaris,7,4,2.7853,2.5511,2.8402,2.5511,2.7225,2.6117,2.5477,2.8164,2.2538,2.5307,2.5511,2.5368,1.9723,1.968,2.5589,2.5048,1.8979,1.6117
SCA8-6,Gounaris,8,5,1.7166,1.4162,1.4162,1.4162,1.6213,1.557,1.675,1.4162,1.5037,1.7166,1.4162,1.4708,1.4708,1.3979,1.7166,1.3796,1.2885,0.9297
SCA8-6,Gounaris,9,3,1.0791,0.9643,0.9643,0.9643,0.8843,0.8843,0.8843,0.9643,0.7342,1.0791,0.9622,0.9622,0.7018,0.6897,1.0791,0.9334,0.6485,0.6139
SCA8-6,Gounaris,10,2,0.3163,0.2598,0.2711,0.2598,0.2598,0.3163,0.3163,0.2711,0.1502,0.3163,0.2711,0.2711,0.1853,0.1853,0.3163,0.2974,0.163,0.1806
SCA8-6,Gounaris,11,4,4.265,3.7928,4.0049,3.7928,4.3959,4.2384,4.265,3.799,3.5996,4.043,3.7928,3.805,3.1669,3.0076,3.9886,3.8557,2.879,2.4363
SCA8-6,Gounaris,12,4,4.1446,3.608,3.6971,3.608,3.6583,3.5171,3.5251,3.5911,3.0708,3.5931,3.608,3.5642,2.897,2.8306,3.548,3.4902,2.9166,2.2846
SCA8-6,Cui,0,4,1.42,1.3785,1.3785,1.3454,1.42,1.42,1.42,1.3597,1.0338,1.42,1.3454,1.3604,0.9836,1.0,1.42,1.2982,0.896,0.8081
SCA8-6,Cui,1,4,1.9976,1.657,1.6658,1.6658,1.9976,1.7171,1.7171,1.6658,1.8304,1.807,1.6658,1.6658,1.27,1.2359,1.9976,1.6973,1.247,1.1283
SCA8-6,Cui,2,3,0.4341,0.3703,0.3703,0.3703,0.4341,0.3703,0.4341,0.3703,0.2715,0.4341,0.3703,0.3703,0.2409,0.2409,0.4341,0.3703,0.1834,0.2759
SCA8-6,Cui,3,3,3.5039,2.7993,2.7948,2.7993,2.8531,3.0036,3.0036,2.8338,1.7556,3.0419,2.7839,2.8359,1.4288,1.4288,2.9655,2.7938,1.4537,2.115
SCA8-6,Cui,4,4,2.7001,2.4093,2.4491,2.4093,2.4005,2.4271,2.4322,2.4491,1.8074,2.389,2.4093,2.3816,1.753,1.7525,2.3982,2.3922,1.772,1.4894
SCA8-6,Cui,5,3,4.8343,3.935,4.0261,3.935,4.0645,4.0432,4.0003,4.0261,2.7824,4.3427,3.935,3.952,3.0221,2.7775,4.0645,3.9507,2.7858,2.7409
SCA8-6,Cui,6,6,3.9165,3.2946,3.5465,3.2946,3.8782,3.198,3.2614,3.5691,3.575,3.0752,3.2946,3.2476,1.9604,1.9904,3.2843,2.9187,1.9807,2.1645
SCA8-6,Cui,7,4,2.7327,2.4328,2.492,2.492,2.6027,2.7327,2.7327,2.492,2.1504,2.6968,2.492,2.492,2.0013,2.1923,2.7327,2.5123,1.9764,1.5424
SCA8-6,Cui,8,3,1.8327,1.5853,1.5853,1.5853,1.7226,1.7389,1.7389,1.5853,1.2809,1.8493,1.5853,1.5853,0.9678,0.9678,1.8327,1.569,0.9468,1.04
SCA8-6,Cui,9,3,3.5156,3.1472,3.467,3.1472,3.271,3.3802,3.505,3.1417,2.4685,3.3873,3.1472,3.1129,2.5063,2.3978,3.3504,3.1546,2.4316,2.0589
SCA8-6,Cui,10,3,0.7587,0.6779,0.6779,0.6779,0.7723,0.6568,0.7587,0.6779,0.6743,0.7587,0.6779,0.6779,0.5226,0.5226,0.7587,0.6949,0.435,0.4312
SCA8-6,Cui,11,5,2.6406,2.3741,2.4152,2.3741,2.5355,2.5753,2.5753,2.4152,2.0489,2.4116,2.3884,2.3955,1.9,1.7472,2.398,2.3934,1.497,1.4733
SCA8-6,Cui,12,5,2.1073,2.0344,2.0472,2.0472,2.1073,2.1073,2.1073,2.0472,2.1032,2.1073,2.0472,2.0472,2.0472,2.0518,2.1073,1.9311,1.8955,1.1194
SCA8-6,MDRO,0,3,0.3681,0.3869,0.3869,0.3869,0.3681,0.3681,0.3681,0.3869,0.3606,0.3681,0.3869,0.3869,0.3625,0.3625,0.3681,0.3681,0.2797,0.2227
SCA8-6,MDRO,1,5,0.3667,0.3682,0.3625,0.3682,0.343,0.3549,0.3549,0.3439,0.2846,0.3667,0.3207,0.3378,0.2804,0.2804,0.3667,0.3482,0.2552,0.2051
SCA8-6,MDRO,2,2,0.0288,0.0288,0.0288,0.0288,0.0288,0.0288,0.0288,0.0288,0.0288,0.0288,0.0288,0.0288,0.0288,0.0288,0.0288,0.0288,0.0288,0.0163
SCA8-6,MDRO,3,3,0.5942,0.5315,0.5315,0.5315,0.5315,0.5942,0.5942,0.5315,0.4801,0.5942,0.5315,0.5315,0.2895,0.4998,0.5942,0.5235,0.27,0.3431
SCA8-6,MDRO,4,4,0.1291,0.2725,0.1279,0.2377,0.1291,0.118,0.1291,0.1201,0.1291,0.1291,0.2152,0.1201,0.1124,0.1124,0.1291,0.1291,0.1146,0.0721
SCA8-6,MDRO,5,4,0.0318,0.0318,0.0318,0.0318,0.0318,0.0318,0.0318,0.0318,0.0318,0.0318,0.0318,0.0318,0.0318,0.0318,0.0318,0.0318,0.0318,0.0181
SCA8-6,MDRO,6,5,0.6395,0.5786,0.5612,0.5786,0.5559,0.5856,0.5856,0.5609,0.2644,0.6395,0.5444,0.5856,0.3277,0.3277,0.6395,0.5208,0.3058,0.3521
SCA8-6,MDRO,7,3,0.71,0.5861,0.5993,0.5861,0.6756,0.71,0.71,0.5993,0.5692,0.71,0.5861,0.5982,0.3784,0.3784,0.71,0.5984,0.3437,0.4069
SCA8-6,MDRO,8,4,0.2411,0.1946,0.1946,0.1946,0.1919,0.2411,0.2411,0.1946,0.1192,0.2411,0.2177,0.2177,0.1606,0.1606,0.2411,0.2411,0.1786,0.1391
SCA8-6,MDRO,9,2,0.2799,0.2799,0.2799,0.2799,0.2799,0.2799,0.2799,0.2799,0.2799,0.2799,0.2799,0.2799,0.2799,0.2799,0.2799,0.2799,0.2799,0.163
SCA8-6,MDRO,10,2,0.7518,0.67,0.9565,0.67,0.8845,0.7518,0.7518,0.67,0.5748,1.1364,0.67,0.67,0.5641,0.5641,0.7518,0.67,0.6017,0.4218
SCA8-6,MDRO,11,3,0.5623,0.5618,0.5618,0.5618,0.5283,0.5623,0.5623,0.5283,0.4406,0.5623,0.5618,0.5283,0.4682,0.4406,0.5623,0.5623,0.4406,0.337
SCA8-6,MDRO,12,2,0.0542,0.0542,0.0542,0.0542,0.0542,0.0542,0.0542,0.0542,0.0542,0.0542,0.0542,0.0542,0.0542,0.0542,0.0542,0.0542,0.0326,0.0316
SCA8-6,MDRO,13,2,0.8378,0.8378,0.8378,0.8378,0.8378,0.8378,0.8378,0.8378,0.6848,0.8378,0.8378,0.8378,0.5514,0.5514,0.8378,0.85,0.5916,0.5034
SCA8-6,MDRO,14,3,1.2543,1.1508,1.163,1.1508,1.1816,1.1952,1.1952,1.163,1.2543,1.2543,1.1724,1.1724,1.1724,1.0797,1.2543,1.1859,0.9241,0.7127
SCA8-6,MDRO,15,3,0.0537,0.0537,0.0537,0.0537,0.0537,0.0537,0.0537,0.0537,0.0537,0.0537,0.0537,0.0537,0.0537,0.0537,0.0537,0.0537,0.0501,0.0311
SCA8-7,Det,0,5,21.0848,15.6353,16.8584,15.6225,17.1785,17.4554,16.4437,16.5208,19.1342,15.6021,15.62,15.7161,15.7161,14.0874,15.7942,15.3183,14.0584,11.4438
SCA8-7,Det,1,3,2.2163,1.8737,1.8688,1.8737,2.0345,1.8927,1.8463,1.8688,1.5788,2.0315,1.8737,1.8688,0.8709,0.8709,2.0707,1.8455,0.819,1.2596
SCA8-7,Det,2,4,16.7018,13.4539,15.1854,13.4539,14.2331,15.4893,14.0875,14.561,10.4588,13.2875,13.4692,13.4602,12.4998,10.3211,13.9718,13.2348,10.229,9.3705
SCA8-7,Det,3,5,32.7407,24.4167,25.3374,24.3994,28.4303,24.9808,24.1267,25.2471,31.4228,24.1642,24.4883,23.737,23.0573,23.0573,23.9316,23.76,23.1019,17.8384
SCA8-7,Det,4,4,30.5248,24.3222,25.2527,24.2708,26.8335,25.5619,25.4153,24.4485,30.5248,24.4994,24.2708,24.2697,24.2697,24.2766,24.267,24.3251,24.2952,19.2354
SCA8-7,Det,5,7,21.643,18.3194,18.9297,18.4401,20.5664,20.9875,21.643,18.6186,21.7318,18.1034,18.3339,18.2427,18.2427,18.2242,18.526,18.0273,17.9242,11.079
SCA8-7,Det,6,7,24.443,19.3555,20.7329,19.4252,23.1142,19.1891,19.8374,19.9531,21.9808,18.8344,18.9517,18.5962,18.5962,17.6531,18.7566,18.6017,17.4038,13.0962
SCA8-7,Det,7,3,13.2973,11.2384,11.2631,11.2384,13.2042,11.3998,11.0594,11.2384,11.6995,11.1065,11.2443,11.2384,9.8203,9.5361,11.2582,11.1686,9.609,7.8321
SCA8-7,Det,8,7,34.5299,25.2642,26.7679,25.5021,30.4436,25.9439,27.5464,26.7659,34.5299,24.4912,25.3062,24.6139,24.6139,24.3206,24.7659,24.4159,24.1008,17.7947
SCA8-7,Det,9,5,32.4541,23.9387,26.0005,23.9387,27.8206,23.3709,23.134,24.3563,30.43,23.2461,23.9218,23.2275,23.2275,22.5887,23.2866,22.9761,22.3935,17.4331
SCA8-7,SAA,0,5,2.564,2.168,2.5605,2.168,2.2263,2.4048,2.5482,2.4684,1.4474,2.2775,2.1669,2.0707,1.3809,1.3729,2.3706,2.0425,1.3588,1.4266
SCA8-7,SAA,1,3,2.9331,2.2943,2.2872,2.2943,2.3536,2.4042,2.2937,2.2872,1.4505,2.3088,2.2937,2.2548,1.3421,1.3548,2.2808,2.2672,1.2991,1.614
SCA8-7,SAA,2,3,1.2506,1.2911,1.3022,1.2911,1.2838,1.2535,1.2506,1.3022,0.6948,1.2506,1.2911,1.3022,0.6038,0.6199,1.2506,1.2798,0.6236,0.7137
SCA8-7,SAA,3,3,0.5888,0.7223,0.7175,0.7223,0.7067,0.5888,0.5888,0.7316,0.5888,0.5888,0.7223,0.7453,0.7453,0.7453,0.5888,0.5888,0.5888,0.335
SCA8-7,SAA,4,3,1.635,1.4475,1.491,1.4475,1.4813,1.588,1.5768,1.4475,0.9918,1.635,1.4475,1.4431,0.9311,0.9317,1.635,1.4774,0.9709,0.9235
SCA8-7,SAA,5,6,2.2247,1.8115,2.0515,1.8115,1.6805,1.9012,1.9012,1.8929,1.1662,1.7982,1.7576,1.6911,0.9408,0.9408,1.8817,1.7646,0.8807,1.232
SCA8-7,SAA,6,4,3.8456,3.0606,3.2289,3.0606,3.3137,3.5986,3.4491,3.1715,2.3439,3.1648,3.0606,3.0535,1.7272,1.772,3.1205,3.065,1.6006,2.1241
SCA8-7,SAA,7,3,1.1655,1.2284,1.3842,1.2284,1.1655,1.1655,1.1655,1.3678,0.8477,1.1655,1.2284,1.2745,1.1925,0.886,1.1655,1.2225,0.8526,0.6588
SCA8-7,SAA,8,3,0.4899,0.4449,0.4613,0.4449,0.438,0.4899,0.4899,0.4449,0.259,0.4899,0.4449,0.4449,0.2023,0.2023,0.4899,0.4162,0.1634,0.2905
SCA8-7,SAA,9,4,1.809,1.3971,1.6244,1.3971,1.5593,1.4018,1.3721,1.6222,1.2451,1.5535,1.4507,1.3993,0.71,0.71,1.7662,1.3515,0.6542,0.9993
SCA8-7,SAA,10,3,1.4468,1.1873,1.17,1.1873,1.3247,1.1942,1.1533,1.17,0.5517,1.2769,1.1867,1.1677,0.6126,0.6126,1.2922,1.1034,0.6209,0.8809
SCA8-7,SAA,11,4,0.665,0.6527,0.7058,0.6527,0.682,0.6315,0.5975,0.7058,0.6457,0.7756,0.6527,0.6276,0.4563,0.4755,0.665,0.6302,0.4705,0.3614
SCA8-7,SAA,12,3,3.3758,3.0941,3.0864,3.0941,3.1295,3.1353,3.1083,3.0864,2.7446,3.1243,3.0579,3.0579,2.56,2.56,3.269,2.9367,2.4963,1.8721
SCA8-7,SAA,13,2,0.5379,0.4814,0.4814,0.4814,0.4814,0.5379,0.5379,0.4814,0.3252,0.8365,0.4814,0.4814,0.3126,0.3126,0.5379,0.4967,0.3073,0.3331
SCA8-7,SAA,14,1,0.0615,0.0615,0.0615,0.0615,0.0615,0.0615,0.0615,0.0615,0.0615,0.0615,0.0615,0.0615,0.0615,0.0615,0.0615,0.0615,0.0615,0.0615
SCA8-7,WDRO,0,3,0.5625,0.4909,0.4909,0.4909,0.5625,0.5049,0.5625,0.4909,0.2919,0.5625,0.4909,0.4909,0.272,0.272,0.5625,0.5126,0.2662,0.3097
SCA8-7,WDRO,1,2,0.6995,0.6995,0.6995,0.6995,0.6995,0.6995,0.6995,0.6995,0.4207,0.6995,0.6995,0.6995,0.399,0.416,0.6995,0.6207,0.4241,0.4055
SCA8-7,WDRO,2,2,0.1646,0.1646,0.1646,0.1646,0.1646,0.1646,0.1646,0.1646,0.1646,0.1646,0.1646,0.1646,0.1646,0.1646,0.1646,0.1646,0.1646,0.0966
SCA8-7,WDRO,3,3,0.1837,0.1921,0.1921,0.1921,0.1837,0.1837,0.1837,0.1921,0.1837,0.1837,0.1921,0.1696,0.1476,0.1476,0.1837,0.1837,0.1133,0.1019
SCA8-7,WDRO,4,3,0.0895,0.0895,0.0895,0.0895,0.0895,0.0895,0.0895,0.0895,0.0719,0.0895,0.0895,0.0895,0.0544,0.0544,0.0895,0.0895,0.0487,0.0499
SCA8-7,WDRO,5,4,0.2777,0.2524,0.2284,0.2524,0.2777,0.2777,0.2777,0.2284,0.1857,0.2777,0.2524,0.2267,0.183,0.183,0.2777,0.2132,0.1496,0.1572
SCA8-7,WDRO,6,5,0.3485,0.3927,0.3927,0.3927,0.3531,0.3485,0.3485,0.4064,0.3611,0.3485,0.3736,0.3573,0.1853,0.1853,0.3485,0.3485,0.3313,0.185
SCA8-7,WDRO,7,3,0.4964,0.4885,0.4885,0.4885,0.4836,0.4964,0.4964,0.4885,0.3148,0.4964,0.4885,0.4874,0.3163,0.3163,0.4964,0.4607,0.2908,0.2804
SCA8-7,WDRO,8,2,0.0638,0.1213,0.1174,0.1213,0.0638,0.0638,0.0638,0.1174,0.0774,0.0638,0.1174,0.1174,0.0843,0.0843,0.0638,0.0638,0.0638,0.0358
SCA8-7,WDRO,9,4,0.374,0.3251,0.3251,0.3251,0.2955,0.2955,0.2805,0.3251,0.2109,0.374,0.2805,0.2955,0.1866,0.1866,0.374,0.2955,0.173,0.2058
SCA8-7,WDRO,10,4,0.1549,0.1182,0.1182,0.1182,0.1281,0.1549,0.1549,0.1182,0.077,0.1549,0.1182,0.1182,0.0791,0.0791,0.1549,0.1549,0.057,0.0868
SCA8-7,WDRO,11,3,0.0526,0.0486,0.0486,0.0486,0.0572,0.0572,0.0572,0.0486,0.0322,0.0526,0.0572,0.0572,0.0322,0.0322,0.0526,0.0526,0.0441,0.0317
SCA8-7,WDRO,12,2,0.1587,0.1587,0.1587,0.1587,0.1587,0.1587,0.1587,0.1587,0.1587,0.1587,0.1587,0.1587,0.1587,0.1587,0.1587,0.1587,0.1587,0.1587
SCA8-7,WDRO,13,3,0.3142,0.3466,0.3229,0.3466,0.3002,0.3031,0.3031,0.3062,0.1868,0.3142,0.3031,0.3112,0.1868,0.1868,0.3142,0.2891,0.1438,0.1814
SCA8-7,WDRO,14,2,0.2914,0.2914,0.2914,0.2914,0.2914,0.2914,0.2914,0.2914,0.3356,0.2914,0.2914,0.2914,0.4145,0.4145,0.2914,0.2914,0.3949,0.1647
SCA8-7,WDRO,15,3,0.5888,0.7223,0.7175,0.7223,0.7067,0.5888,0.5888,0.7316,0.5888,0.5888,0.7223,0.7453,0.7453,0.7453,0.5888,0.5888,0.5888,0.335
SCA8-7,WDRO,16,2,0.5879,0.5707,0.5707,0.5707,0.581,0.5775,0.5775,0.5707,0.278,0.5879,0.5707,0.5707,0.2474,0.2474,0.5879,0.5637,0.2474,0.3805
SCA8-7,Gounaris,0,5,2.564,2.168,2.5605,2.168,2.2263,2.4048,2.5482,2.4684,1.4474,2.2775,2.1669,2.0707,1.3809,1.3729,2.3706,2.0425,1.3588,1.4266
SCA8-7,Gounaris,1,3,2.9331,2.2943,2.2872,2.2943,2.3536,2.4042,2.2937,2.2872,1.4505,2.3088,2.2937,2.2548,1.3421,1.3548,2.2808,2.2672,1.2991,1.614
SCA8-7,Gounaris,2,3,3.4661,2.9445,3.0684,2.9445,3.1148,2.8796,3.1451,2.9445,1.5645,2.757,2.8633,2.8082,1.1978,1.1978,2.8407,2.8455,1.2152,2.0248
SCA8-7,Gounaris,3,4,4.0404,3.5254,3.4272,3.5254,3.5343,3.4247,3.4331,3.4272,2.8786,3.6826,3.5441,3.4993,3.1617,2.857,3.4698,3.4257,2.6769,2.2877
SCA8-7,Gounaris,4,3,1.5947,1.4842,1.4094,1.4842,1.4748,1.5947,1.5947,1.4842,0.8658,1.5947,1.4842,1.4842,0.827,0.827,1.5947,1.4077,0.7628,0.9864
SCA8-7,Gounaris,5,3,3.4153,3.0492,3.1384,3.0492,3.0818,3.0996,2.9796,3.1674,2.2943,3.0996,3.0492,3.0072,2.3303,2.2604,3.0689,3.0396,2.313,1.9056
SCA8-7,Gounaris,6,4,4.1072,3.5414,3.6537,3.5414,3.5089,3.9256,4.1072,3.5309,2.1001,3.5327,3.5168,3.5096,2.1015,2.1523,3.516,3.489,2.0228,2.3521
SCA8-7,Gounaris,7,3,1.1655,1.2284,1.3842,1.2284,1.1655,1.1655,1.1655,1.3678,0.8477,1.1655,1.2284,1.2745,1.1925,0.886,1.1655,1.2225,0.8526,0.6588
SCA8-7,Gounaris,8,5,3.4907,2.5782,2.7722,2.5782,3.0178,2.5944,2.6294,2.6867,2.0204,2.6519,2.5281,2.478,1.3844,1.39,2.5171,2.4646,1.4206,1.9522
SCA8-7,Gounaris,9,3,2.8758,2.6063,2.8043,2.6063,2.4246,2.4639,2.4856,2.8035,1.62,2.546,2.6055,2.5124,1.1944,1.1691,2.5496,2.4008,1.2604,1.6468
SCA8-7,Gounaris,10,5,0.6219,0.5956,0.645,0.5956,0.6009,0.6219,0.6219,0.6566,0.4514,0.6219,0.5956,0.6141,0.3897,0.3897,0.6219,0.5846,0.3931,0.359
SCA8-7,Gounaris,11,5,3.1928,2.6289,2.5833,2.6289,3.2721,2.4625,2.6729,2.5813,2.4286,2.7705,2.5813,2.4277,1.6325,1.7212,2.5818,2.4179,1.4856,1.7362
SCA8-7,Gounaris,12,2,1.4256,1.3217,1.3217,1.3217,1.3567,1.4256,1.4256,1.3217,0.791,1.4256,1.3217,1.3217,0.8997,1.0287,1.4256,1.3151,0.9137,0.8359
SCA8-7,Gounaris,13,2,4.1499,4.0145,4.0145,4.0145,3.9762,3.9662,3.9662,4.028,3.8926,3.9921,4.0145,4.028,4.028,3.9381,4.0107,4.0145,3.9083,2.3315
SCA8-7,Cui,0,5,2.564,2.168,2.5605,2.168,2.2263,2.4048,2.5482,2.4684,1.4474,2.2775,2.1669,2.0707,1.3809,1.3729,2.3706,2.0425,1.3588,1.4266
SCA8-7,Cui,1,3,2.9331,2.2943,2.2872,2.2943,2.3536,2.4042,2.2937,2.2872,1.4505,2.3088,2.2937,2.2548,1.3421,1.3548,2.2808,2.2672,1.2991,1.614
SCA8-7,Cui,2,4,4.0404,3.5254,3.4272,3.5254,3.5343,3.4247,3.4331,3.4272,2.8786,3.6826,3.5441,3.4993,3.1617,2.857,3.4698,3.4257,2.6769,2.2877
SCA8-7,Cui,3,3,1.5947,1.4842,1.4094,1.4842,1.4748,1.5947,1.5947,1.4842,0.8658,1.5947,1.4842,1.4842,0.827,0.827,1.5947,1.4077,0.7628,0.9864
SCA8-7,Cui,4,3,3.4153,3.0492,3.1384,3.0492,3.0818,3.0996,2.9796,3.1674,2.2943,3.0996,3.0492,3.0072,2.3303,2.2604,3.0689,3.0396,2.313,1.9056
SCA8-7,Cui,5,6,2.2247,1.8115,2.0515,1.8115,1.6805,1.9012,1.9012,1.8929,1.1662,1.7982,1.7576,1.6911,0.9408,0.9408,1.8817,1.7646,0.8807,1.232
SCA8-7,Cui,6,3,1.9953,1.6209,1.6209,1.6209,1.6639,1.9953,1.9953,1.6041,1.0421,1.664,1.6209,1.6041,0.7816,0.7807,1.5934,1.4925,0.79,1.14
SCA8-7,Cui,7,3,1.164,0.936,0.936,0.936,1.111,1.0553,1.0422,0.9609,0.9264,0.9736,0.936,0.9609,0.4519,0.4519,1.164,0.9983,0.4273,0.6866
SCA8-7,Cui,8,5,3.1719,2.2652,3.0985,2.2652,2.7847,2.4153,2.2815,2.4181,2.1039,2.3297,2.2637,2.1853,1.2634,1.2663,2.2768,2.218,1.2421,1.7192
SCA8-7,Cui,9,3,3.5194,3.2096,3.2478,3.2096,3.3077,3.1795,3.2021,3.2585,2.4105,3.2083,3.2001,3.2113,1.6021,1.6021,3.4024,3.1797,1.5601,2.2338
SCA8-7,Cui,10,3,2.989,2.8777,2.8777,2.8777,2.9682,2.989,2.989,2.9042,1.6719,2.989,2.8909,2.9042,1.8129,1.8129,2.989,2.8866,1.7668,2.0304
SCA8-7,Cui,11,4,1.8067,1.5797,1.6872,1.5797,1.8127,1.4533,1.5329,1.5784,1.5461,1.4533,1.5784,1.4861,0.9498,0.9342,1.6464,1.4431,1.045,0.981
SCA8-7,Cui,12,2,4.1499,4.0145,4.0145,4.0145,3.9762,3.9662,3.9662,4.028,3.8926,3.9921,4.0145,4.028,4.028,3.9381,4.0107,4.0145,3.9083,2.3315
SCA8-7,Cui,13,3,2.2163,1.8737,1.8688,1.8737,2.0345,1.8927,1.8463,1.8688,1.5788,2.0315,1.8737,1.8688,0.8709,0.8709,2.0707,1.8455,0.819,1.2596
SCA8-7,MDRO,0,3,0.2187,0.1538,0.1678,0.1538,0.1907,0.2047,0.206,0.1678,0.1174,0.2187,0.1538,0.1652,0.1145,0.1145,0.2187,0.2187,0.1181,0.1205
SCA8-7,MDRO,1,3,0.502,0.4805,0.4909,0.4805,0.4189,0.422,0.4967,0.504,0.2802,0.502,0.459,0.4694,0.2246,0.2246,0.502,0.433,0.2385,0.2775
SCA8-7,MDRO,2,2,0.2914,0.2914,0.2914,0.2914,0.2914,0.2914,0.2914,0.2914,0.3356,0.2914,0.2914,0.2914,0.4145,0.4145,0.2914,0.2914,0.3949,0.1647
SCA8-7,MDRO,3,3,0.4023,0.4522,0.4522,0.4522,0.4073,0.3893,0.3893,0.4343,0.3899,0.4023,0.4522,0.4343,0.2728,0.2728,0.4023,0.3789,0.1797,0.2334
SCA8-7,MDRO,4,2,0.1685,0.1685,0.1685,0.1685,0.1685,0.1685,0.1685,0.1685,0.1806,0.1685,0.1685,0.1685,0.1806,0.1806,0.1685,0.1685,0.1806,0.1685
SCA8-7,MDRO,5,3,0.5888,0.7223,0.7175,0.7223,0.7067,0.5888,0.5888,0.7316,0.5888,0.5888,0.7223,0.7453,0.7453,0.7453,0.5888,0.5888,0.5888,0.335
SCA8-7,MDRO,6,3,0.3784,0.3601,0.3084,0.3807,0.2853,0.3784,0.3784,0.3084,0.1123,0.3784,0.3807,0.3084,0.0993,0.0993,0.3784,0.275,0.1221,0.2305
SCA8-7,MDRO,7,3,0.4614,0.4921,0.4412,0.4921,0.4412,0.4614,0.4614,0.4412,0.3438,0.4614,0.4921,0.4412,0.2688,0.2688,0.4614,0.436,0.2039,0.2717
SCA8-7,MDRO,8,5,0.0,0.0,0.0,0.0,0.0,0.0,0.0,0.0,0.0,0.0,0.0,0.0,0.0,0.0,0.0,0.0,0.0,0.0
SCA8-7,MDRO,9,2,0.3838,0.4792,0.4792,0.4792,0.394,0.398,0.398,0.4792,0.3317,0.3838,0.4792,0.4792,0.4792,0.4064,0.3838,0.394,0.3153,0.2274
SCA8-7,MDRO,10,2,0.1537,0.19,0.19,0.19,0.1537,0.1537,0.1537,0.19,0.1537,0.1537,0.19,0.19,0.19,0.19,0.1537,0.1537,0.1537,0.0907
SCA8-7,MDRO,11,4,0.374,0.3251,0.3251,0.3251,0.2955,0.2955,0.2805,0.3251,0.2109,0.374,0.2805,0.2955,0.1866,0.1866,0.374,0.2955,0.173,0.2058
SCA8-7,MDRO,12,4,0.9927,0.9638,0.9596,0.9638,0.9927,0.9802,0.9802,0.9721,0.6398,0.9927,0.9638,0.9721,0.6151,0.6151,0.9927,0.8886,0.6207,0.5676
SCA8-7,MDRO,13,4,0.1437,0.107,0.1131,0.107,0.1207,0.1437,0.1437,0.1131,0.0657,0.1437,0.107,0.1066,0.0374,0.0374,0.1437,0.1246,0.0749,0.0836
SCA8-7,MDRO,14,2,0.3627,0.3518,0.3518,0.3518,0.3518,0.3518,0.3518,0.3518,0.2349,0.3627,0.3518,0.3518,0.2876,0.2507,0.3627,0.3627,0.2507,0.2096
SCA8-7,MDRO,15,2,0.0764,0.0764,0.0764,0.0764,0.0764,0.0764,0.0764,0.0764,0.0764,0.0764,0.0764,0.0764,0.0764,0.0764,0.0764,0.0764,0.0561,0.044
SCA8-7,MDRO,16,3,0.6157,0.6371,0.6371,0.6371,0.5414,0.6157,0.6481,0.6186,0.3442,0.6157,0.6371,0.6186,0.2732,0.2732,0.6157,0.5478,0.2791,0.3618
SCA8-8,Det,0,8,26.1997,23.4662,23.9113,23.3465,24.6334,24.7529,26.1997,23.8599,26.2367,23.5013,23.39,23.3001,23.3001,23.3001,23.4505,23.2967,23.2492,17.5722
SCA8-8,Det,1,5,34.1141,25.1512,25.6868,25.2625,28.451,25.8578,25.0745,25.7137,33.1187,25.6236,25.2625,25.6952,24.8026,24.8247,25.622,25.0751,24.8812,18.4357
SCA8-8,Det,2,4,25.3243,21.4616,21.5798,21.4556,21.4404,24.2791,23.8491,21.3555,25.0026,21.4579,21.4556,21.4268,21.4268,21.5417,21.4146,21.4201,21.7178,15.2551
SCA8-8,Det,3,5,17.7863,14.3477,15.0693,14.352,17.2587,14.9381,15.955,14.6807,14.6138,14.4745,14.352,14.3431,14.3431,12.5634,14.5874,14.3246,12.417,9.5544
SCA8-8,Det,4,7,7.2887,5.6597,5.6539,5.5748,6.9224,5.4764,7.2887,5.6429,5.1121,5.4704,5.6078,5.4266,4.4427,4.3826,5.5028,5.4201,4.2968,4.063
SCA8-8,Det,5,4,21.6501,21.1685,21.1714,21.1525,21.5587,21.0909,21.0909,21.1525,21.2183,21.1681,21.1525,21.1361,20.6968,20.8248,21.2331,20.998,20.8522,19.0814
SCA8-8,Det,6,7,47.7716,44.803,44.265,44.3547,44.2335,45.1562,45.1447,44.3688,45.9107,44.3436,44.5161,44.6715,44.6503,44.6663,44.2664,44.2537,44.3985,40.332
SCA8-8,Det,7,6,35.688,26.258,29.0184,26.6517,28.7225,31.8996,26.2644,27.1275,35.688,26.2425,26.2821,26.2218,26.135,26.135,26.4947,26.0183,26.1092,20.8224
SCA8-8,Det,8,4,5.8612,5.1605,5.2108,5.1605,5.3587,5.5439,5.5439,5.1605,4.8423,5.2318,5.1605,5.1605,4.7742,4.4608,5.3725,5.2192,4.4859,3.4609
SCA8-8,SAA,0,8,2.0178,1.6643,1.8313,1.6768,1.875,1.8099,2.0178,1.823,1.5095,1.7774,1.6487,1.6429,1.2847,1.2276,2.0178,1.6771,1.2755,1.0525
SCA8-8,SAA,1,3,0.6999,0.6424,0.625,0.6424,0.6242,0.6999,0.6999,0.625,0.4364,0.6999,0.6424,0.625,0.4852,0.4964,0.6999,0.6625,0.3657,0.401
SCA8-8,SAA,2,4,0.632,0.559,0.559,0.559,0.4898,0.5202,0.5202,0.559,0.2287,0.632,0.559,0.5132,0.2494,0.2494,0.632,0.5292,0.2251,0.3567
SCA8-8,SAA,3,4,0.7104,0.6988,0.7088,0.6988,0.6873,0.7104,0.7104,0.6988,0.4703,0.7104,0.6988,0.6745,0.4566,0.4572,0.7104,0.6667,0.3913,0.4419
SCA8-8,SAA,4,4,1.3987,1.3358,1.5014,1.3358,1.2847,1.2746,1.2757,1.3141,0.8871,1.3178,1.3358,1.3001,0.9573,0.9573,1.3987,1.2822,0.7889,0.8161
SCA8-8,SAA,5,2,2.5647,2.329,2.329,2.329,2.3412,2.3858,2.3858,2.329,1.5465,2.3371,2.329,2.329,1.3401,1.5547,2.3128,2.3412,1.3165,1.4791
SCA8-8,SAA,6,6,0.0,0.0,0.0,0.0,0.0,0.0,0.0,0.0,0.0,0.0,0.0,0.0,0.0,0.0,0.0,0.0,0.0,0.0
SCA8-8,SAA,7,3,0.0275,0.0781,0.0614,0.0781,0.0442,0.0275,0.0275,0.0445,0.0166,0.0275,0.0614,0.0445,0.0327,0.0327,0.0275,0.0275,0.0498,0.0167
SCA8-8,SAA,8,4,0.9746,1.1772,1.3072,1.1772,1.0594,0.9484,0.9746,1.3072,0.878,1.2259,1.1772,1.1575,0.7508,0.8087,0.9746,0.8714,0.7493,0.5343
SCA8-8,SAA,9,2,1.8476,1.8476,1.8476,1.8476,1.8476,1.8476,1.8476,1.8476,1.8476,1.8476,1.8476,1.8476,1.8476,1.8476,1.8476,1.7572,1.6783,1.0729
SCA8-8,SAA,10,3,0.3016,0.3016,0.3016,0.3016,0.3016,0.3016,0.3016,0.3016,0.3016,0.3016,0.3016,0.3016,0.3016,0.3016,0.3016,0.3227,0.1739,0.1708
SCA8-8,SAA,11,2,1.8237,1.7282,1.7282,1.7282,1.7282,1.8237,1.8237,1.7282,1.2901,1.8898,1.7282,1.7282,1.2605,1.3688,1.8237,1.7204,1.2557,1.1133
SCA8-8,SAA,12,2,0.4496,0.5092,0.493,0.5092,0.493,0.4496,0.4496,0.493,0.3022,0.4496,0.5092,0.493,0.2661,0.2661,0.4496,0.5156,0.2685,0.2595
SCA8-8,SAA,13,3,0.4381,0.4072,0.4072,0.4072,0.4381,0.4381,0.4381,0.4072,0.4694,0.4381,0.4072,0.4072,0.3473,0.4233,0.4381,0.4264,0.3529,0.241
SCA8-8,WDRO,0,7,0.2041,0.3539,0.3338,0.3539,0.1804,0.2041,0.2041,0.3138,0.1024,0.2041,0.2895,0.1635,0.1094,0.1094,0.2041,0.2041,0.1574,0.108
SCA8-8,WDRO,1,2,0.0302,0.0302,0.0302,0.0302,0.0302,0.0302,0.0302,0.0302,0.0302,0.0302,0.0302,0.0302,0.0302,0.0302,0.0302,0.0302,0.0572,0.0168
SCA8-8,WDRO,2,2,0.111,0.111,0.111,0.111,0.111,0.111,0.111,0.111,0.111,0.111,0.111,0.111,0.111,0.111,0.111,0.111,0.111,0.0628
SCA8-8,WDRO,3,3,0.0,0.0,0.0,0.0,0.0,0.0,0.0,0.0,0.0,0.0,0.0,0.0,0.0,0.0,0.0,0.0,0.0,0.0
SCA8-8,WDRO,4,2,0.0569,0.0569,0.0569,0.0569,0.0569,0.0569,0.0569,0.0569,0.0569,0.0569,0.0569,0.0569,0.0569,0.0569,0.0569,0.0569,0.0592,0.0328
SCA8-8,WDRO,5,2,0.0583,0.0583,0.0583,0.0583,0.0583,0.0583,0.0583,0.0583,0.0515,0.0583,0.0583,0.0583,0.0583,0.0583,0.0583,0.0583,0.0583,0.0471
SCA8-8,WDRO,6,1,0.0,0.0,0.0,0.0,0.0,0.0,0.0,0.0,0.0,0.0,0.0,0.0,0.0,0.0,0.0,0.0,0.0,0.0
SCA8-8,WDRO,7,2,0.2044,0.2612,0.2612,0.2612,0.2044,0.2044,0.2044,0.2612,0.1985,0.2044,0.2612,0.2612,0.1828,0.1828,0.2044,0.2044,0.1903,0.1152
SCA8-8,WDRO,8,4,0.3598,0.3799,0.4193,0.3799,0.3761,0.3758,0.3758,0.4183,0.3227,0.3598,0.3774,0.4117,0.3299,0.3299,0.3598,0.322,0.3069,0.1975
SCA8-8,WDRO,9,2,0.0,0.0,0.0,0.0,0.0,0.0,0.0,0.0,0.0,0.0,0.0,0.0,0.0,0.0,0.0,0.0,0.0,0.0
SCA8-8,WDRO,10,2,0.1276,0.154,0.136,0.154,0.1457,0.1276,0.1276,0.136,0.0911,0.1276,0.136,0.136,0.0779,0.0779,0.1276,0.1276,0.1032,0.0721
SCA8-8,WDRO,11,3,0.0,0.0,0.0,0.0,0.0,0.0,0.0,0.0,0.018,0.0,0.0,0.0,0.0581,0.0581,0.0,0.0,0.0599,0.0
SCA8-8,WDRO,12,2,0.5851,0.6697,0.6817,0.6697,0.5851,0.5851,0.5851,0.6817,0.4854,0.5851,0.6697,0.6817,0.4582,0.4582,0.5851,0.5851,0.4655,0.3564
SCA8-8,WDRO,13,5,0.4016,0.4248,0.7033,0.4248,0.372,0.3318,0.3318,0.4248,0.2154,0.4016,0.4248,0.3353,0.1844,0.1844,0.4016,0.3858,0.193,0.2437
SCA8-8,WDRO,14,3,0.1068,0.12,0.12,0.12,0.12,0.1068,0.1068,0.12,0.0785,0.1068,0.12,0.12,0.072,0.072,0.1068,0.1068,0.0229,0.0686
SCA8-8,WDRO,15,2,0.0,0.0173,0.0,0.0173,0.0,0.0,0.0,0.0,0.0,0.0,0.0,0.0,0.0,0.0,0.0,0.0,0.0,0.0
SCA8-8,WDRO,16,6,0.0,0.0,0.0,0.0,0.0,0.0,0.0,0.0,0.0,0.0,0.0,0.0,0.0,0.0,0.0,0.0,0.0,0.0
SCA8-8,Gounaris,0,8,2.0178,1.6643,1.8313,1.6768,1.875,1.8099,2.0178,1.823,1.5095,1.7774,1.6487,1.6429,1.2847,1.2276,2.0178,1.6771,1.2755,1.0525
SCA8-8,Gounaris,1,2,1.8237,1.7282,1.7282,1.7282,1.7282,1.8237,1.8237,1.7282,1.2901,1.8898,1.7282,1.7282,1.2605,1.3688,1.8237,1.7204,1.2557,1.1133
SCA8-8,Gounaris,2,2,0.4562,0.4044,0.4044,0.4044,0.4044,0.4562,0.4562,0.4044,0.261,0.4562,0.4044,0.4044,0.4582,0.351,0.4562,0.4286,0.2567,0.2627
SCA8-8,Gounaris,3,2,2.5647,2.329,2.329,2.329,2.3412,2.3858,2.3858,2.329,1.5465,2.3371,2.329,2.329,1.3401,1.5547,2.3128,2.3412,1.3165,1.4791
SCA8-8,Gounaris,4,3,0.6999,0.6424,0.625,0.6424,0.6242,0.6999,0.6999,0.625,0.4364,0.6999,0.6424,0.625,0.4852,0.4964,0.6999,0.6625,0.3657,0.401
SCA8-8,Gounaris,5,4,0.632,0.559,0.559,0.559,0.4898,0.5202,0.5202,0.559,0.2287,0.632,0.559,0.5132,0.2494,0.2494,0.632,0.5292,0.2251,0.3567
SCA8-8,Gounaris,6,4,1.3987,1.3358,1.5014,1.3358,1.2847,1.2746,1.2757,1.3141,0.8871,1.3178,1.3358,1.3001,0.9573,0.9573,1.3987,1.2822,0.7889,0.8161
SCA8-8,Gounaris,7,3,0.4768,0.548,0.548,0.548,0.4331,0.4768,0.4768,0.548,0.4063,0.4768,0.548,0.5479,0.3916,0.3916,0.4768,0.4714,0.3598,0.3233
SCA8-8,Gounaris,8,3,0.0275,0.0781,0.0614,0.0781,0.0442,0.0275,0.0275,0.0445,0.0166,0.0275,0.0614,0.0445,0.0327,0.0327,0.0275,0.0275,0.0498,0.0167
SCA8-8,Gounaris,9,4,0.7104,0.6988,0.7088,0.6988,0.6873,0.7104,0.7104,0.6988,0.4703,0.7104,0.6988,0.6745,0.4566,0.4572,0.7104,0.6667,0.3913,0.4419
SCA8-8,Gounaris,10,4,0.9746,1.1772,1.3072,1.1772,1.0594,0.9484,0.9746,1.3072,0.878,1.2259,1.1772,1.1575,0.7508,0.8087,0.9746,0.8714,0.7493,0.5343
SCA8-8,Gounaris,11,2,1.8476,1.8476,1.8476,1.8476,1.8476,1.8476,1.8476,1.8476,1.8476,1.8476,1.8476,1.8476,1.8476,1.8476,1.8476,1.7572,1.6783,1.0729
SCA8-8,Gounaris,12,3,0.3016,0.3016,0.3016,0.3016,0.3016,0.3016,0.3016,0.3016,0.3016,0.3016,0.3016,0.3016,0.3016,0.3016,0.3016,0.3227,0.1739,0.1708
SCA8-8,Gounaris,13,6,0.0,0.0,0.0,0.0,0.0,0.0,0.0,0.0,0.0,0.0,0.0,0.0,0.0,0.0,0.0,0.0,0.0,0.0
SCA8-8,Cui,0,8,1.748,1.6122,1.8457,1.6122,1.4562,1.4996,1.6549,1.6058,1.0547,1.4918,1.6009,1.4835,0.7689,0.7679,1.5705,1.3729,0.7356,0.9627
SCA8-8,Cui,1,3,0.7016,0.5727,0.5727,0.5727,0.6758,0.7016,0.7016,0.5727,0.444,0.7016,0.5727,0.5727,0.2983,0.2915,0.7016,0.5472,0.2654,0.4005
SCA8-8,Cui,2,2,0.4562,0.4044,0.4044,0.4044,0.4044,0.4562,0.4562,0.4044,0.261,0.4562,0.4044,0.4044,0.4582,0.351,0.4562,0.4286,0.2567,0.2627
SCA8-8,Cui,3,3,2.0823,1.8086,1.8086,1.8086,1.8448,2.0823,2.0823,1.8086,1.0171,1.9292,1.8086,1.8086,0.998,0.998,1.9897,1.8498,0.959,1.2678
SCA8-8,Cui,4,2,2.6599,2.4005,2.3797,2.4005,2.4132,2.4005,2.4005,2.3797,1.2006,2.4132,2.3838,2.3797,1.2373,1.2373,2.2958,2.3629,1.206,1.5317
SCA8-8,Cui,5,2,1.8237,1.7282,1.7282,1.7282,1.7282,1.8237,1.8237,1.7282,1.2901,1.8898,1.7282,1.7282,1.2605,1.3688,1.8237,1.7204,1.2557,1.1133
SCA8-8,Cui,6,3,2.2171,2.1872,2.2005,2.1872,2.2809,2.2171,2.2171,2.183,1.6065,2.1872,2.1872,2.183,1.6581,1.6938,2.3418,2.0067,1.603,1.3379
SCA8-8,Cui,7,4,1.3987,1.3358,1.5014,1.3358,1.2847,1.2746,1.2757,1.3141,0.8871,1.3178,1.3358,1.3001,0.9573,0.9573,1.3987,1.2822,0.7889,0.8161
SCA8-8,Cui,8,4,1.5821,1.272,1.2847,1.272,1.3327,1.3867,1.3867,1.2652,0.6687,1.3275,1.2714,1.2725,0.6829,0.7066,1.5449,1.2942,0.6621,0.9362
SCA8-8,Cui,9,8,2.0634,1.7903,2.1398,1.7903,1.7377,1.793,1.7405,1.9836,1.1014,1.8601,1.7827,1.7475,0.7012,0.7173,1.7921,1.693,0.6044,1.2313
SCA8-8,Cui,10,5,2.596,2.22,2.345,2.2314,2.596,2.596,2.596,2.3589,2.596,2.3673,2.2314,2.2048,1.519,1.654,2.3301,2.1896,1.3832,1.4679
SCA8-8,Cui,11,4,0.9746,1.1772,1.3072,1.1772,1.0594,0.9484,0.9746,1.3072,0.878,1.2259,1.1772,1.1575,0.7508,0.8087,0.9746,0.8714,0.7493,0.5343
SCA8-8,Cui,12,2,1.8476,1.8476,1.8476,1.8476,1.8476,1.8476,1.8476,1.8476,1.8476,1.8476,1.8476,1.8476,1.8476,1.8476,1.8476,1.7572,1.6783,1.0729
SCA8-8,MDRO,0,7,0.2041,0.3539,0.3338,0.3539,0.1804,0.2041,0.2041,0.3138,0.1024,0.2041,0.2895,0.1635,0.1094,0.1094,0.2041,0.2041,0.1574,0.108
SCA8-8,MDRO,1,3,0.0,0.0955,0.0,0.0955,0.0,0.0,0.0,0.0,0.0061,0.0,0.0,0.0,0.0,0.0,0.0,0.0,0.0553,0.0
SCA8-8,MDRO,2,3,0.7532,0.7565,0.7361,0.7565,0.6907,0.7532,0.7532,0.7361,0.6035,0.7532,0.7565,0.7131,0.6008,0.5396,0.7532,0.7266,0.5335,0.4308
SCA8-8,MDRO,3,4,0.3598,0.3799,0.4193,0.3799,0.3761,0.3758,0.3758,0.4183,0.3227,0.3598,0.3774,0.4117,0.3299,0.3299,0.3598,0.322,0.3069,0.1975
SCA8-8,MDRO,4,3,0.0932,0.0932,0.0932,0.0932,0.0932,0.0932,0.0932,0.0932,0.0932,0.0932,0.0932,0.0932,0.0932,0.0932,0.0932,0.0932,0.0932,0.058
SCA8-8,MDRO,5,2,0.111,0.111,0.111,0.111,0.111,0.111,0.111,0.111,0.111,0.111,0.111,0.111,0.111,0.111,0.111,0.111,0.111,0.0628
SCA8-8,MDRO,6,4,0.2099,0.1803,0.1799,0.1803,0.1708,0.2099,0.2099,0.1897,0.0948,0.2099,0.1799,0.1897,0.1897,0.1396,0.2099,0.1909,0.0584,0.1317
SCA8-8,MDRO,7,3,0.0,0.0,0.0,0.0,0.0,0.0,0.0,0.0,0.0,0.0,0.0,0.0,0.0,0.0,0.0,0.0,0.0175,0.0
SCA8-8,MDRO,8,2,0.1216,0.1216,0.1216,0.1216,0.1216,0.1216,0.1216,0.1216,0.1216,0.1216,0.1216,0.1216,0.1216,0.1216,0.1216,0.1216,0.1134,0.0693
SCA8-8,MDRO,9,2,0.0,0.0,0.0,0.0,0.0,0.0,0.0,0.0,0.0,0.0,0.0,0.0,0.0,0.0,0.0,0.0,0.0,0.0
SCA8-8,MDRO,10,7,0.0916,0.2409,0.2409,0.2409,0.0741,0.0549,0.0577,0.2409,0.0383,0.0916,0.0867,0.0867,0.0519,0.0519,0.0916,0.0916,0.0519,0.0532
SCA8-8,MDRO,11,2,0.5278,0.5057,0.4889,0.5057,0.4651,0.4751,0.4751,0.472,0.2683,0.5278,0.5057,0.472,0.2914,0.2914,0.5278,0.472,0.2619,0.3788
SCA8-8,MDRO,12,2,0.0307,0.0307,0.0307,0.0307,0.0307,0.0307,0.0307,0.0307,0.0307,0.0307,0.0307,0.0307,0.0307,0.0307,0.0307,0.0307,0.0307,0.017
SCA8-8,MDRO,13,2,0.0891,0.1173,0.1084,0.1173,0.098,0.0891,0.0891,0.1084,0.0821,0.0891,0.098,0.1084,0.0639,0.0639,0.0891,0.0891,0.0548,0.0579
SCA8-8,MDRO,14,2,0.4965,0.4752,0.4752,0.4752,0.4752,0.4965,0.4965,0.4859,0.3444,0.4965,0.4752,0.4859,0.3322,0.3322,0.4965,0.4513,0.3262,0.3157
SCA8-8,MDRO,15,2,0.0541,0.0541,0.0541,0.0541,0.0541,0.0541,0.0541,0.0541,0.0115,0.0541,0.0541,0.0541,0.0309,0.0309,0.0541,0.0541,0.0423,0.0314
SCA8-9,Det,0,5,34.6481,28.7936,29.5916,28.2516,29.3948,31.1675,28.4263,28.7277,34.679,28.0507,28.2477,28.0734,27.8814,28.3535,28.3037,27.7924,27.8186,24.266
SCA8-9,Det,1,4,38.5674,38.3446,38.3208,38.3208,38.5331,38.3272,38.3272,38.3208,38.5674,38.2895,38.3208,38.3446,38.3446,38.3446,38.466,38.2455,38.3864,36.6401
SCA8-9,Det,2,6,29.2909,20.6369,22.89,20.2794,20.7519,24.5065,20.187,22.2558,29.2909,19.68,20.3557,19.5379,19.6006,19.4941,19.7368,19.4916,19.481,16.2725
SCA8-9,Det,3,5,17.3336,15.9751,16.475,15.9314,16.1081,16.9325,16.9325,16.0321,17.3336,15.7466,15.9494,15.954,15.954,15.954,16.1039,15.8669,15.76,13.0116
SCA8-9,Det,4,8,35.7491,24.0805,26.338,23.8608,27.4037,25.8077,24.15,25.1699,36.0276,23.7538,23.8622,23.9429,23.4615,23.4615,23.8102,23.5493,23.23,18.8672
SCA8-9,Det,5,8,40.7726,33.9791,34.7958,33.8761,35.8263,35.2528,35.2803,34.7762,40.7726,33.8811,33.8761,33.8525,33.8525,33.8525,34.2552,33.3266,33.3402,27.7827
SCA8-9,Det,6,5,24.9814,22.2566,22.883,22.2566,22.8239,22.0798,22.0933,22.5859,20.0785,21.6969,22.5828,21.7318,17.4832,17.4167,22.0097,21.7734,17.6594,18.6442
SCA8-9,Det,7,5,18.1561,15.0967,16.4713,15.0925,18.1422,14.7956,15.1115,16.3047,17.0205,14.7974,15.0742,14.8358,14.8358,13.8562,14.8262,14.8128,14.1073,10.2585
SCA8-9,Det,8,4,28.9862,26.4173,26.821,26.5206,27.0432,27.0114,26.39,26.6554,26.3697,26.0828,26.4166,26.029,26.029,25.8646,26.1474,25.8543,25.992,22.716
SCA8-9,SAA,0,5,1.8322,1.7176,1.7777,1.7176,1.7928,1.7658,1.8322,1.7777,1.5348,1.9258,1.7317,1.7665,1.2198,1.2198,1.8322,1.6629,1.1685,0.9895
SCA8-9,SAA,1,3,2.6401,2.6344,2.6344,2.6344,2.6401,2.6344,2.6169,2.6344,2.6401,2.6042,2.6344,2.6344,2.6344,2.3105,2.6401,2.5338,2.2132,1.4873
SCA8-9,SAA,2,4,1.8245,1.5878,1.8233,1.5878,1.644,1.6434,1.5165,1.5696,1.0851,1.6351,1.5696,1.5082,1.0295,0.9475,1.6768,1.5098,0.8089,1.1265
SCA8-9,SAA,3,3,2.1581,2.1571,2.1571,2.1571,2.088,2.0581,2.0581,2.1571,1.4853,2.036,2.1571,2.2721,1.4609,1.4609,2.1139,2.0621,1.5699,1.2321
SCA8-9,SAA,4,2,0.4332,0.4373,0.4162,0.4373,0.4001,0.4322,0.4322,0.4162,0.4343,0.4332,0.4212,0.4162,0.4162,0.4359,0.4332,0.4001,0.4379,0.2569
SCA8-9,SAA,5,4,2.2593,1.7464,1.7021,1.7464,1.8997,1.8454,1.6319,1.7131,1.1988,1.8253,1.7503,1.7365,1.0879,1.0879,1.8806,1.652,0.949,1.2774
SCA8-9,SAA,6,4,2.3604,1.9934,2.2156,1.9934,2.0076,2.3046,2.2898,2.1958,1.3055,2.0312,1.9937,1.9857,1.4015,1.3418,2.1431,1.9993,1.221,1.3411
SCA8-9,SAA,7,3,2.2177,2.3137,2.6037,2.3137,2.1477,2.1596,2.1596,2.5882,2.2611,2.2888,2.3006,2.582,2.3846,2.3044,2.4648,2.2701,2.1767,1.2473
SCA8-9,SAA,8,4,0.9142,0.8364,0.8364,0.8364,0.8785,0.7525,0.9142,0.8364,0.8843,0.8683,0.8364,0.8318,0.4926,0.4926,0.9142,0.746,0.5192,0.5085
SCA8-9,SAA,9,4,1.2675,1.2544,1.2064,1.2544,1.2675,1.2675,1.2675,1.2544,1.1627,1.2675,1.2544,1.256,0.9221,0.9163,1.2675,1.1594,0.933,0.7732
SCA8-9,SAA,10,3,2.1157,2.0234,2.0225,2.0234,2.0327,2.0094,2.0094,2.0043,2.0914,2.1157,2.0043,1.9993,1.9993,1.9993,2.1157,2.0155,2.0262,1.1677
SCA8-9,SAA,11,5,1.0413,0.8572,1.0409,0.8572,1.1372,1.0677,1.0413,1.0228,1.0716,1.1237,0.8572,0.8497,0.541,0.5569,1.0413,0.7698,0.5634,0.5571
SCA8-9,SAA,12,2,1.7276,1.677,1.677,1.677,1.6623,1.7276,1.7276,1.677,0.949,1.7647,1.677,1.677,1.0184,1.0184,1.7732,1.6234,0.8442,1.172
SCA8-9,SAA,13,4,0.814,0.7652,0.808,0.7652,0.7586,0.814,0.814,0.8188,0.5042,0.814,0.7654,0.7238,0.475,0.475,0.814,0.75,0.3916,0.5158
SCA8-9,WDRO,0,4,0.3943,0.3107,0.3107,0.3107,0.3099,0.3943,0.3943,0.3107,0.2149,0.3943,0.3107,0.3107,0.2318,0.2318,0.3943,0.3107,0.2318,0.2629
SCA8-9,WDRO,1,3,0.3092,0.2827,0.3092,0.3092,0.3092,0.3092,0.3092,0.3092,0.1027,0.3092,0.3092,0.3092,0.1281,0.1281,0.3092,0.2604,0.1326,0.1757
SCA8-9,WDRO,2,4,0.0296,0.054,0.054,0.054,0.0296,0.0296,0.0296,0.0667,0.0295,0.0296,0.0296,0.0296,0.0118,0.0118,0.0296,0.0296,0.0353,0.0169
SCA8-9,WDRO,3,2,0.0288,0.0288,0.0288,0.0288,0.0288,0.0288,0.0288,0.0288,0.0288,0.0288,0.0288,0.0288,0.0288,0.0288,0.0288,0.0288,0.0288,0.0173
SCA8-9,WDRO,4,3,0.3917,0.3262,0.3262,0.3262,0.3048,0.2896,0.3407,0.3262,0.2443,0.3917,0.3262,0.3262,0.2333,0.2333,0.3917,0.3262,0.2317,0.2151
SCA8-9,WDRO,5,3,0.0,0.0,0.0,0.0,0.0,0.0,0.0,0.0,0.0,0.0,0.0,0.0,0.0,0.0,0.0,0.0,0.0,0.0
SCA8-9,WDRO,6,4,0.3632,0.4536,0.4536,0.4536,0.3632,0.3632,0.3632,0.4471,0.2927,0.3632,0.39,0.39,0.251,0.2359,0.3632,0.3383,0.2378,0.2137
SCA8-9,WDRO,7,2,0.0272,0.05,0.05,0.05,0.05,0.05,0.05,0.05,0.0105,0.0272,0.05,0.05,0.0105,0.0105,0.0272,0.0272,0.0105,0.0167
SCA8-9,WDRO,8,3,0.5798,0.5084,0.5084,0.5084,0.5446,0.5798,0.5798,0.5211,0.4499,0.5798,0.5418,0.5165,0.4442,0.4442,0.5798,0.5038,0.454,0.4911
SCA8-9,WDRO,9,4,0.0291,0.0291,0.0291,0.0291,0.0291,0.0291,0.0291,0.0291,0.0291,0.0291,0.0291,0.0291,0.0291,0.0291,0.0291,0.0291,0.0337,0.0188
SCA8-9,WDRO,10,2,0.0783,0.086,0.0711,0.086,0.0672,0.0672,0.0672,0.0711,0.0219,0.0783,0.0711,0.0711,0.0219,0.0219,0.0783,0.0783,0.0282,0.0449
SCA8-9,WDRO,11,3,0.3804,0.4064,0.4064,0.4064,0.3851,0.3804,0.3804,0.4064,0.2726,0.3804,0.4064,0.4064,0.2843,0.2843,0.3804,0.3777,0.2816,0.2135
SCA8-9,WDRO,12,3,0.4495,0.5697,0.5697,0.5697,0.4495,0.4495,0.4495,0.5826,0.4925,0.4495,0.5697,0.5826,0.5826,0.5048,0.4495,0.4495,0.5048,0.2565
SCA8-9,WDRO,13,2,0.1056,0.1747,0.1747,0.1747,0.1315,0.1056,0.1056,0.1747,0.1169,0.1056,0.1747,0.1747,0.147,0.147,0.1056,0.1056,0.0949,0.0696
SCA8-9,WDRO,14,3,0.4603,0.5244,0.5244,0.5244,0.4603,0.4603,0.4603,0.5244,0.3193,0.4603,0.5244,0.5244,0.3305,0.3305,0.4603,0.4418,0.3239,0.2669
SCA8-9,WDRO,15,1,0.0,0.0,0.0,0.0,0.0,0.0,0.0,0.0,0.0,0.0,0.0,0.0,0.0,0.0,0.0,0.0,0.0,0.0
SCA8-9,WDRO,16,4,0.4635,0.436,0.434,0.436,0.4696,0.4236,0.4635,0.434,0.4587,0.4635,0.436,0.4297,0.4202,0.4202,0.4635,0.4667,0.4541,0.2535
SCA8-9,Gounaris,0,5,1.8322,1.7176,1.7777,1.7176,1.7928,1.7658,1.8322,1.7777,1.5348,1.9258,1.7317,1.7665,1.2198,1.2198,1.8322,1.6629,1.1685,0.9895
SCA8-9,Gounaris,1,3,2.6401,2.6344,2.6344,2.6344,2.6401,2.6344,2.6169,2.6344,2.6401,2.6042,2.6344,2.6344,2.6344,2.3105,2.6401,2.5338,2.2132,1.4873
SCA8-9,Gounaris,2,4,3.6663,3.3694,3.599,3.3694,3.4582,3.2958,3.2878,3.5985,2.2039,3.2393,3.3343,3.3781,1.8715,1.9164,3.2859,3.2218,1.84,2.1756
SCA8-9,Gounaris,3,5,1.9293,1.437,1.4518,1.437,1.7076,1.601,1.8663,1.4341,0.9936,1.5103,1.437,1.4125,0.78,0.8072,1.7078,1.4495,0.8047,1.0688
SCA8-9,Gounaris,4,4,3.1243,2.4597,2.5043,2.4597,2.6477,2.6985,2.3849,2.5196,1.9226,2.4089,2.4597,2.4391,1.6308,1.5383,2.706,2.4287,1.3226,1.7373
SCA8-9,Gounaris,5,4,0.3065,0.2718,0.2718,0.2718,0.2586,0.3065,0.3065,0.2536,0.1419,0.3065,0.2783,0.2324,0.1359,0.1359,0.3065,0.2586,0.1904,0.1756
SCA8-9,Gounaris,6,2,0.9362,1.0698,1.0197,1.0698,0.9696,0.9362,0.9362,1.0197,0.9819,0.9362,1.0531,1.0197,0.9761,0.9761,0.9362,0.9362,0.9761,0.8974
SCA8-9,Gounaris,7,5,3.6169,3.2091,3.5698,3.2091,2.9001,2.9398,2.9337,3.1539,2.7217,3.1541,3.1026,2.9066,2.141,2.1968,2.9119,2.9065,2.1262,2.0031
SCA8-9,Gounaris,8,4,1.2675,1.2544,1.2064,1.2544,1.2675,1.2675,1.2675,1.2544,1.1627,1.2675,1.2544,1.256,0.9221,0.9163,1.2675,1.1594,0.933,0.7732
SCA8-9,Gounaris,9,2,0.4332,0.4373,0.4162,0.4373,0.4001,0.4322,0.4322,0.4162,0.4343,0.4332,0.4212,0.4162,0.4162,0.4359,0.4332,0.4001,0.4379,0.2569
SCA8-9,Gounaris,10,6,1.7138,1.4413,1.4938,1.4413,1.3724,1.3321,1.4544,1.4129,0.7537,1.4279,1.4095,1.2381,0.4982,0.4863,1.435,1.2631,0.4985,1.0146
SCA8-9,Gounaris,11,2,3.6522,3.4369,3.4369,3.4369,3.4369,3.3602,3.3602,3.4369,2.3116,3.4382,3.4369,3.4369,2.2881,2.3335,3.4488,3.4276,2.4434,2.237
SCA8-9,Gounaris,12,2,0.9459,0.89,0.89,0.89,0.9012,0.9347,0.9347,0.89,0.5387,0.9459,0.89,0.89,0.6432,0.619,0.9459,0.89,0.5577,0.5548
SCA8-9,Gounaris,13,2,1.2635,1.2378,1.2378,1.2378,1.2635,1.1899,1.1899,1.2378,1.1568,1.2635,1.2378,1.2378,1.1568,1.0725,1.2635,1.2378,1.0997,0.7097
SCA8-9,Cui,0,4,0.8329,0.7165,1.0293,0.7165,0.7788,0.8329,0.8329,1.0293,0.6617,0.892,0.8331,0.8152,0.5143,0.5271,0.8329,0.7451,0.486,0.4598
SCA8-9,Cui,1,4,1.3103,1.0792,1.0792,1.0792,1.0305,1.0709,1.0629,1.0611,0.6356,1.0553,1.0611,1.0431,0.5784,0.5784,1.1618,0.9834,0.5591,0.7359
SCA8-9,Cui,2,3,2.1581,2.1571,2.1571,2.1571,2.088,2.0581,2.0581,2.1571,1.4853,2.036,2.1571,2.2721,1.4609,1.4609,2.1139,2.0621,1.5699,1.2321
SCA8-9,Cui,3,3,3.2025,3.0249,3.1008,3.0249,3.2262,3.2025,3.2025,3.0686,2.401,2.9218,3.0249,3.0138,2.1633,2.2593,3.1307,3.0132,2.2178,1.9711
SCA8-9,Cui,4,4,3.1243,2.4597,2.5043,2.4597,2.6477,2.6985,2.3849,2.5196,1.9226,2.4089,2.4597,2.4391,1.6308,1.5383,2.706,2.4287,1.3226,1.7373
SCA8-9,Cui,5,4,2.3604,1.9934,2.2156,1.9934,2.0076,2.3046,2.2898,2.1958,1.3055,2.0312,1.9937,1.9857,1.4015,1.3418,2.1431,1.9993,1.221,1.3411
SCA8-9,Cui,6,7,0.2883,0.1903,0.2908,0.1903,0.1948,0.2549,0.2574,0.1931,0.1274,0.2883,0.1884,0.2045,0.1348,0.1348,0.2883,0.1863,0.1104,0.1622
SCA8-9,Cui,7,3,1.4579,1.382,1.5173,1.3764,1.4579,1.4579,1.4579,1.3764,1.2222,1.4579,1.3764,1.3764,0.9931,0.9892,1.4579,1.4788,1.0093,0.8191
SCA8-9,Cui,8,4,1.2675,1.2544,1.2064,1.2544,1.2675,1.2675,1.2675,1.2544,1.1627,1.2675,1.2544,1.256,0.9221,0.9163,1.2675,1.1594,0.933,0.7732
SCA8-9,Cui,9,3,2.1157,2.0234,2.0225,2.0234,2.0327,2.0094,2.0094,2.0043,2.0914,2.1157,2.0043,1.9993,1.9993,1.9993,2.1157,2.0155,2.0262,1.1677
SCA8-9,Cui,10,2,0.8181,0.7188,0.703,0.7188,0.7347,0.7506,0.7506,0.703,0.4817,0.7915,0.7188,0.703,0.4852,0.4852,0.8181,0.7051,0.4567,0.4904
SCA8-9,Cui,11,4,1.3652,1.1436,1.1436,1.1436,1.3093,1.3162,1.3652,1.1436,0.7225,1.3652,1.1436,1.1373,0.7223,0.7223,1.3652,1.1297,0.7227,0.7882
SCA8-9,Cui,12,2,1.8905,1.6663,1.6663,1.6663,1.6798,1.6933,1.6933,1.6663,1.083,1.6385,1.6663,1.6663,1.0757,1.0757,1.8905,1.6663,1.0769,1.2553
SCA8-9,Cui,13,3,2.6401,2.6344,2.6344,2.6344,2.6401,2.6344,2.6169,2.6344,2.6401,2.6042,2.6344,2.6344,2.6344,2.3105,2.6401,2.5338,2.2132,1.4873
SCA8-9,MDRO,0,4,0.3647,0.4381,0.4381,0.4381,0.3511,0.3647,0.3647,0.4376,0.3974,0.3647,0.3511,0.4015,0.417,0.417,0.3647,0.3647,0.3974,0.2014
SCA8-9,MDRO,1,4,0.4635,0.436,0.434,0.436,0.4696,0.4236,0.4635,0.434,0.4587,0.4635,0.436,0.4297,0.4202,0.4202,0.4635,0.4667,0.4541,0.2535
SCA8-9,MDRO,2,3,0.2991,0.3038,0.3038,0.3038,0.2878,0.2878,0.2878,0.3038,0.26,0.2991,0.3038,0.3038,0.228,0.228,0.2991,0.3038,0.1472,0.1755
SCA8-9,MDRO,3,4,0.4775,0.416,0.4662,0.416,0.4093,0.4477,0.4695,0.416,0.3158,0.4775,0.4093,0.3951,0.3112,0.3112,0.4775,0.4126,0.2798,0.2632
SCA8-9,MDRO,4,4,0.0,0.0,0.0,0.0,0.0,0.0,0.0,0.0,0.0,0.0,0.0,0.0,0.0,0.0,0.0,0.0,0.0,0.0
SCA8-9,MDRO,5,3,0.1259,0.1603,0.1603,0.1603,0.1046,0.1259,0.1259,0.1231,0.0651,0.1259,0.1603,0.1206,0.0657,0.0657,0.1259,0.118,0.0716,0.0692
SCA8-9,MDRO,6,2,0.8092,0.8092,0.8092,0.8092,0.8092,0.8092,0.8092,0.8092,0.8092,0.8092,0.8092,0.8092,0.7663,0.8092,0.8092,0.8092,0.8206,0.4551
SCA8-9,MDRO,7,2,0.0271,0.0271,0.0271,0.0271,0.0271,0.0271,0.0271,0.0271,0.0271,0.0271,0.0271,0.0271,0.0271,0.0271,0.0271,0.0271,0.0271,0.0157
SCA8-9,MDRO,8,2,0.0,0.0,0.0,0.0,0.0,0.0,0.0,0.0,0.0,0.0,0.0,0.0,0.0,0.0,0.0,0.0,0.0,0.0
SCA8-9,MDRO,9,3,0.3804,0.4064,0.4064,0.4064,0.3851,0.3804,0.3804,0.4064,0.2726,0.3804,0.4064,0.4064,0.2843,0.2843,0.3804,0.3777,0.2816,0.2135
SCA8-9,MDRO,10,3,0.6407,0.721,0.7185,0.721,0.6477,0.6465,0.6684,0.7147,0.3523,0.6407,0.6465,0.7097,0.3334,0.3334,0.6407,0.6084,0.3188,0.3807
SCA8-9,MDRO,11,3,0.2926,0.246,0.246,0.246,0.2926,0.2926,0.2926,0.246,0.2059,0.2926,0.246,0.246,0.2243,0.2243,0.2926,0.3303,0.2153,0.1705
SCA8-9,MDRO,12,2,0.6758,0.834,0.7367,0.834,0.6758,0.7854,0.7854,0.7367,0.6337,0.6758,0.8016,0.7367,0.6561,0.6388,0.6758,0.6758,0.6758,0.373
SCA8-9,MDRO,13,2,0.0811,0.0811,0.0811,0.0811,0.0811,0.0811,0.0811,0.0811,0.0811,0.0811,0.0811,0.0811,0.0646,0.0646,0.0811,0.0811,0.0552,0.0463
SCA8-9,MDRO,14,3,0.0327,0.0181,0.0327,0.0181,0.0327,0.0327,0.0327,0.0327,0.0083,0.0327,0.0327,0.0327,0.0083,0.0083,0.0327,0.0327,0.0327,0.0181
SCA8-9,MDRO,15,3,0.0306,0.0176,0.0176,0.0176,0.0306,0.0306,0.0306,0.0176,0.0124,0.0306,0.0176,0.0176,0.0062,0.0062,0.0306,0.0306,0.0248,0.0176
SCA8-9,MDRO,16,3,0.5757,0.5757,0.5757,0.5757,0.5757,0.5757,0.5757,0.5757,0.5757,0.5757,0.5757,0.5757,0.5757,0.5757,0.5757,0.5757,0.58,0.332
